Ticker,sector,industry,size,vol,beta,total_score,families_known,score_norm,bulls,bears,flags,veto,detail
A,Healthcare,Diagnostics & Research,large,mid,mid,0.0,0,0.0,0,0,,False,
AA,Basic Materials,Aluminum,large,mid,high,0.0,0,0.0,0,0,,False,
AAA,Financial,Exchange Traded Fund,unknown,low,low,0.0,0,0.0,0,0,,False,
AAAA,Financial,Exchange Traded Fund,unknown,low,mid,0.0,0,0.0,0,0,,False,
AAAC,Financial,Exchange Traded Fund,unknown,low,unknown,0.0,0,0.0,0,0,,False,
AAAD,Financial,Exchange Traded Fund,unknown,low,unknown,0.0,0,0.0,0,0,,False,
AAAP,Financial,Exchange Traded Fund,unknown,low,unknown,0.0,0,0.0,0,0,,False,
AAAU,Financial,Exchange Traded Fund,unknown,low,low,0.0,0,0.0,0,0,,False,
AAC-U,Financial,Shell Companies,small,low,unknown,0.0,0,0.0,0,0,,False,
AACB,Financial,Shell Companies,micro,low,low,0.0,0,0.0,0,0,,False,
AACG,Consumer Defensive,Education & Training Services,micro,high,mid,0.0,1,0.0,0,0,,False,
AACI,Financial,Shell Companies,small,low,unknown,0.0,0,0.0,0,0,,False,
AACO,Financial,Shell Companies,small,low,unknown,0.0,0,0.0,0,0,,False,
AACP,Financial,Shell Companies,micro,low,unknown,0.0,0,0.0,0,0,,False,
AADR,Financial,Exchange Traded Fund,unknown,low,mid,0.0,0,0.0,0,0,,False,
AADX,Industrials,Aerospace & Defense,mid,high,unknown,0.0,0,0.0,0,0,,False,
AAEQ,Financial,Exchange Traded Fund,unknown,low,unknown,0.0,0,0.0,0,0,,False,
AAL,Industrials,Airlines,mid,mid,high,0.0,0,0.0,0,0,,False,
AALG,Financial,Exchange Traded Fund,unknown,high,high,0.0,0,0.0,0,0,,False,
AAME,Financial,Insurance - Life,micro,high,low,0.0,0,0.0,0,0,,False,
AAMI,Financial,Asset Management,mid,mid,high,0.0,0,0.0,0,0,,False,
AAOG,Financial,Exchange Traded Fund,unknown,high,unknown,0.0,0,0.0,0,0,,False,
AAOI,Technology,Communication Equipment,large,high,high,0.0,0,0.0,0,0,,False,
AAON,Industrials,Building Products & Equipment,mid,high,high,0.0,0,0.0,0,0,,False,
AAOX,Financial,Exchange Traded Fund,unknown,high,unknown,0.0,0,0.0,0,0,,False,
AAOZ,Financial,Exchange Traded Fund,unknown,high,unknown,0.0,0,0.0,0,0,,False,
AAP,Consumer Cyclical,Auto Parts,mid,mid,mid,0.0,0,0.0,0,0,,False,
AAPB,Financial,Exchange Traded Fund,unknown,high,high,0.0,0,0.0,0,0,,False,
AAPD,Financial,Exchange Traded Fund,unknown,mid,low,0.0,0,0.0,0,0,,False,
AAPE,Financial,Exchange Traded Fund,unknown,mid,unknown,0.0,0,0.0,0,0,,False,
AAPG,Healthcare,Biotechnology,small,mid,low,0.0,1,0.0,0,0,,False,
AAPL,Technology,Consumer Electronics,mega,mid,mid,0.0,0,0.0,0,0,,False,
AAPR,Financial,Exchange Traded Fund,unknown,low,low,0.0,0,0.0,0,0,,False,
AAPU,Financial,Exchange Traded Fund,unknown,high,high,0.0,0,0.0,0,0,,False,
AAPW,Financial,Exchange Traded Fund,unknown,mid,mid,0.0,0,0.0,0,0,,False,
AAPX,Financial,Exchange Traded Fund,unknown,high,high,0.0,0,0.0,0,0,,False,
AAPY,Financial,Exchange Traded Fund,unknown,mid,low,0.0,0,0.0,0,0,,False,
AARD,Healthcare,Biotechnology,micro,high,high,0.0,0,0.0,0,0,,False,
AAT,Real Estate,REIT - Diversified,small,mid,mid,0.0,0,0.0,0,0,,False,
AAUA,Financial,Exchange Traded Fund,unknown,low,unknown,0.0,0,0.0,0,0,,False,
AAUB,Financial,Exchange Traded Fund,unknown,low,unknown,0.0,0,0.0,0,0,,False,
AAUC,Basic Materials,Gold,mid,high,low,0.0,0,0.0,0,0,,False,
AAUS,Financial,Exchange Traded Fund,unknown,low,mid,0.0,0,0.0,0,0,,False,
AAVM,Financial,Exchange Traded Fund,unknown,low,low,0.0,0,0.0,0,0,,False,
AAXJ,Financial,Exchange Traded Fund,unknown,mid,low,0.0,0,0.0,0,0,,False,
AB,Financial,Asset Management,mid,low,low,0.0,0,0.0,0,0,,False,
ABAT,Industrials,Waste Management,small,high,mid,0.0,0,0.0,0,0,,False,
ABBV,Healthcare,Drug Manufacturers - General,mega,mid,low,0.0,0,0.0,0,0,,False,
ABCB,Financial,Banks - Regional,mid,low,mid,0.0,0,0.0,0,0,,False,
ABCL,Healthcare,Biotechnology,mid,high,high,0.0,0,0.0,0,0,,False,
ABCS,Financial,Exchange Traded Fund,unknown,low,low,0.0,0,0.0,0,0,,False,
ABEO,Healthcare,Biotechnology,small,mid,high,0.0,0,0.0,0,0,,False,
ABEQ,Financial,Exchange Traded Fund,unknown,low,low,0.0,0,0.0,0,0,,False,
ABEV,Consumer Defensive,Beverages - Brewers,large,mid,low,0.0,0,0.0,0,0,,False,
ABFL,Financial,Exchange Traded Fund,unknown,low,mid,0.0,0,0.0,0,0,,False,
ABG,Consumer Cyclical,Auto & Truck Dealerships,mid,mid,low,0.0,0,0.0,0,0,,False,
ABI,Financial,Exchange Traded Fund,unknown,low,low,0.0,0,0.0,0,0,,False,
ABIG,Financial,Exchange Traded Fund,unknown,low,mid,0.0,0,0.0,0,0,,False,
ABLD,Financial,Exchange Traded Fund,unknown,low,mid,0.0,0,0.0,0,0,,False,
ABLG,Financial,Exchange Traded Fund,unknown,low,mid,0.0,0,0.0,0,0,,False,
ABLS,Financial,Exchange Traded Fund,unknown,low,low,0.0,0,0.0,0,0,,False,
ABLV,Consumer Cyclical,Specialty Retail,micro,high,high,0.0,1,0.0,0,0,,False,
ABM,Industrials,Specialty Business Services,mid,mid,low,0.0,0,0.0,0,0,,False,
ABNB,Consumer Cyclical,Travel Services,large,mid,mid,0.0,0,0.0,0,0,,False,
ABOS,Healthcare,Biotechnology,micro,high,low,0.0,0,0.0,0,0,,False,
ABOT,Financial,Exchange Traded Fund,unknown,low,mid,0.0,0,0.0,0,0,,False,
ABR,Real Estate,REIT - Mortgage,small,mid,mid,0.0,0,0.0,0,0,,False,
ABSI,Healthcare,Biotechnology,small,high,high,0.0,0,0.0,0,0,,False,
ABT,Healthcare,Medical Devices,large,mid,low,0.0,0,0.0,0,0,,False,
ABTC,Financial,Capital Markets,small,high,high,0.0,0,0.0,0,0,,False,
ABTS,Financial,Capital Markets,micro,high,high,0.0,0,0.0,0,0,,False,
ABUF,Financial,Exchange Traded Fund,unknown,low,unknown,0.0,0,0.0,0,0,,False,
ABUS,Healthcare,Biotechnology,small,mid,low,0.0,0,0.0,0,0,,False,
ABVC,Healthcare,Biotechnology,micro,high,low,0.0,0,0.0,0,0,,False,
ABVX,Healthcare,Biotechnology,large,mid,mid,0.0,0,0.0,0,0,,False,
ABX,Financial,Insurance - Life,small,high,low,0.0,0,0.0,0,0,,False,
ABXB,Financial,Exchange Traded Fund,unknown,low,low,0.0,0,0.0,0,0,,False,
ACA,Industrials,Engineering & Construction,mid,low,mid,0.0,0,0.0,0,0,,False,
ACAA,Financial,Shell Companies,small,low,unknown,0.0,0,0.0,0,0,,False,
ACAD,Healthcare,Biotechnology,mid,mid,mid,0.0,0,0.0,0,0,,False,
ACB,Healthcare,Drug Manufacturers - Specialty & Generic,micro,mid,low,0.0,0,0.0,0,0,,False,
ACCL,Industrials,Consulting Services,micro,high,unknown,0.0,0,0.0,0,0,,False,
ACCO,Industrials,Business Equipment & Supplies,small,mid,mid,0.0,0,0.0,0,0,,False,
ACCS,Communication Services,Advertising Agencies,micro,high,low,0.0,0,0.0,0,0,,False,
ACDC,Energy,Oil & Gas Equipment & Services,small,high,high,0.0,0,0.0,0,0,,False,
ACEI,Financial,Exchange Traded Fund,unknown,low,unknown,0.0,0,0.0,0,0,,False,
ACEL,Consumer Cyclical,Gambling,small,mid,mid,0.0,0,0.0,0,0,,False,
ACEP,Financial,Exchange Traded Fund,unknown,low,unknown,0.0,0,0.0,0,0,,False,
ACES,Financial,Exchange Traded Fund,unknown,mid,high,0.0,0,0.0,0,0,,False,
ACET,Healthcare,Biotechnology,micro,high,high,0.0,0,0.0,0,0,,False,
ACFN,Technology,Scientific & Technical Instruments,micro,high,low,0.0,0,0.0,0,0,,False,
ACGC,Financial,Shell Companies,micro,low,unknown,0.0,0,0.0,0,0,,False,
ACGL,Financial,Insurance - Diversified,large,mid,low,0.0,0,0.0,0,0,,False,
ACGO,Financial,Exchange Traded Fund,unknown,low,unknown,0.0,0,0.0,0,0,,False,
ACGR,Financial,Exchange Traded Fund,unknown,low,mid,0.0,0,0.0,0,0,,False,
ACH,Healthcare,Medical Distribution,micro,high,high,0.0,0,0.0,0,0,,False,
ACHC,Healthcare,Medical Care Facilities,mid,high,low,0.0,0,0.0,0,0,,False,
ACHR,Industrials,Aerospace & Defense,mid,high,high,0.0,0,0.0,0,0,,False,
ACHV,Healthcare,Biotechnology,small,high,high,0.0,0,0.0,0,0,,False,
ACHX,Financial,Exchange Traded Fund,unknown,high,unknown,0.0,0,0.0,0,0,,False,
ACI,Consumer Defensive,Grocery Stores,mid,mid,low,0.0,0,0.0,0,0,,False,
ACIC,Financial,Insurance - Property & Casualty,small,mid,low,0.0,0,0.0,0,0,,False,
ACII,Financial,Exchange Traded Fund,unknown,low,unknown,0.0,0,0.0,0,0,,False,
ACIO,Financial,Exchange Traded Fund,unknown,low,low,0.0,0,0.0,0,0,,False,
ACIU,Healthcare,Biotechnology,micro,high,high,0.0,0,0.0,0,0,,False,
ACIW,Technology,Software - Infrastructure,mid,mid,mid,0.0,0,0.0,0,0,,False,
ACKY,Financial,Exchange Traded Fund,unknown,low,unknown,0.0,0,0.0,0,0,,False,
ACLC,Financial,Exchange Traded Fund,unknown,low,mid,0.0,0,0.0,0,0,,False,
ACLO,Financial,Exchange Traded Fund,unknown,low,low,0.0,0,0.0,0,0,,False,
ACLS,Technology,Semiconductor Equipment & Materials,mid,high,high,0.0,0,0.0,0,0,,False,
ACLZ,Financial,Exchange Traded Fund,unknown,high,unknown,0.0,0,0.0,0,0,,False,
ACM,Industrials,Engineering & Construction,mid,mid,mid,0.0,0,0.0,0,0,,False,
ACMM,Financial,Exchange Traded Fund,unknown,high,unknown,0.0,0,0.0,0,0,,False,
ACMR,Technology,Semiconductor Equipment & Materials,mid,high,high,0.0,0,0.0,0,0,,False,
ACN,Technology,Information Technology Services,large,mid,mid,0.0,0,0.0,0,0,,False,
ACNB,Financial,Banks - Regional,small,mid,mid,0.0,0,0.0,0,0,,False,
ACNT,Basic Materials,Chemicals,micro,mid,low,0.0,0,0.0,0,0,,False,
ACOG,Healthcare,Biotechnology,micro,high,high,0.0,0,0.0,0,0,,False,
ACOM,Financial,Exchange Traded Fund,unknown,low,unknown,0.0,0,0.0,0,0,,False,
ACON,Healthcare,Health Information Services,micro,high,mid,0.0,0,0.0,0,0,,False,
ACP,Financial,Closed-End Fund - Debt,small,low,low,0.0,0,0.0,0,0,,False,
ACR,Real Estate,REIT - Mortgage,micro,high,mid,0.0,0,0.0,0,0,,False,
ACRE,Real Estate,REIT - Mortgage,micro,mid,mid,0.0,0,0.0,0,0,,False,
ACRS,Healthcare,Biotechnology,small,high,mid,0.0,0,0.0,0,0,,False,
ACRV,Healthcare,Biotechnology,micro,high,high,0.0,0,0.0,0,0,,False,
ACSG,Financial,Exchange Traded Fund,unknown,low,unknown,0.0,0,0.0,0,0,,False,
ACSI,Financial,Exchange Traded Fund,unknown,low,mid,0.0,0,0.0,0,0,,False,
ACSV,Financial,Exchange Traded Fund,unknown,low,unknown,0.0,0,0.0,0,0,,False,
ACT,Financial,Insurance - Specialty,mid,mid,low,0.0,0,0.0,0,0,,False,
ACTG,Industrials,Business Equipment & Supplies,small,mid,low,0.0,0,0.0,0,0,,False,
ACTU,Healthcare,Biotechnology,micro,high,low,0.0,0,0.0,0,0,,False,
ACU,Consumer Defensive,Household & Personal Products,micro,mid,low,0.0,0,0.0,0,0,,False,
ACV,Financial,Closed-End Fund - Equity,micro,mid,high,0.0,0,0.0,0,0,,False,
ACVA,Consumer Cyclical,Auto & Truck Dealerships,small,high,high,0.0,0,0.0,0,0,,False,
ACVF,Financial,Exchange Traded Fund,unknown,low,mid,0.0,0,0.0,0,0,,False,
ACVT,Financial,Exchange Traded Fund,unknown,low,low,0.0,0,0.0,0,0,,False,
ACVU,Financial,Exchange Traded Fund,unknown,low,low,0.0,0,0.0,0,0,,False,
ACWI,Financial,Exchange Traded Fund,unknown,low,mid,0.0,0,0.0,0,0,,False,
ACWV,Financial,Exchange Traded Fund,unknown,low,low,0.0,0,0.0,0,0,,False,
ACWX,Financial,Exchange Traded Fund,unknown,low,low,0.0,0,0.0,0,0,,False,
ACXP,Healthcare,Biotechnology,micro,high,low,0.0,0,0.0,0,0,,False,
ACYN,Financial,Exchange Traded Fund,unknown,low,unknown,0.0,0,0.0,0,0,,False,
ACYQ,Financial,Exchange Traded Fund,unknown,low,unknown,0.0,0,0.0,0,0,,False,
ACYS,Financial,Exchange Traded Fund,unknown,low,unknown,0.0,0,0.0,0,0,,False,
AD,Communication Services,Telecom Services,mid,mid,low,0.0,0,0.0,0,0,,False,
ADAC,Financial,Shell Companies,micro,low,unknown,0.0,0,0.0,0,0,,False,
ADAG,Healthcare,Biotechnology,micro,high,low,0.0,1,0.0,0,0,,False,
ADAM,Real Estate,REIT - Mortgage,small,mid,mid,0.0,0,0.0,0,0,,False,
ADBE,Technology,Software - Application,large,mid,high,0.0,0,0.0,0,0,,False,
ADBG,Financial,Exchange Traded Fund,unknown,high,high,0.0,0,0.0,0,0,,False,
ADBU,Financial,Exchange Traded Fund,unknown,high,unknown,0.0,0,0.0,0,0,,False,
ADC,Real Estate,REIT - Retail,mid,low,low,0.0,0,0.0,0,0,,False,
ADCT,Healthcare,Drug Manufacturers - Specialty & Generic,micro,high,high,0.0,0,0.0,0,0,,False,
ADDS,Financial,Exchange Traded Fund,unknown,mid,unknown,0.0,0,0.0,0,0,,False,
ADEA,Technology,Software - Application,mid,high,high,0.0,0,0.0,0,0,,False,
ADGM,Healthcare,Medical Devices,micro,high,low,0.0,0,0.0,0,0,,False,
ADI,Technology,Semiconductors,large,mid,mid,0.0,0,0.0,0,0,,False,
ADIG,Technology,Computer Hardware,small,high,unknown,0.0,0,0.0,0,0,,False,
ADIL,Healthcare,Biotechnology,micro,high,high,0.0,0,0.0,0,0,,False,
ADIU,Financial,Exchange Traded Fund,unknown,high,unknown,0.0,0,0.0,0,0,,False,
ADIV,Financial,Exchange Traded Fund,unknown,low,low,0.0,0,0.0,0,0,,False,
ADM,Consumer Defensive,Farm Products,large,mid,low,0.0,0,0.0,0,0,,False,
ADMA,Healthcare,Biotechnology,mid,mid,low,0.0,0,0.0,0,0,,False,
ADME,Financial,Exchange Traded Fund,unknown,low,mid,0.0,0,0.0,0,0,,False,
ADNT,Consumer Cyclical,Auto Parts,small,high,high,0.0,0,0.0,0,0,,False,
ADP,Technology,Software - Application,large,mid,mid,0.0,0,0.0,0,0,,False,
ADPT,Healthcare,Diagnostics & Research,mid,high,high,0.0,0,0.0,0,0,,False,
ADPV,Financial,Exchange Traded Fund,unknown,low,mid,0.0,0,0.0,0,0,,False,
ADSE,Industrials,Electrical Equipment & Parts,small,mid,low,0.0,0,0.0,0,0,,False,
ADSK,Technology,Software - Application,large,mid,high,0.0,0,0.0,0,0,,False,
ADT,Industrials,Security & Protection Services,mid,mid,mid,0.0,0,0.0,0,0,,False,
ADTN,Technology,Communication Equipment,small,high,high,0.0,0,0.0,0,0,,False,
ADUR,Industrials,Pollution & Treatment Controls,small,high,high,0.0,0,0.0,0,0,,False,
ADUS,Healthcare,Medical Care Facilities,mid,mid,mid,0.0,0,0.0,0,0,,False,
ADV,Communication Services,Advertising Agencies,small,high,high,0.0,0,0.0,0,0,,False,
ADVB,Healthcare,Diagnostics & Research,micro,high,low,0.0,0,0.0,0,0,,False,
ADVE,Financial,Exchange Traded Fund,unknown,low,low,0.0,0,0.0,0,0,,False,
ADX,Financial,Closed-End Fund - Equity,mid,low,mid,0.0,0,0.0,0,0,,False,
ADXN,Healthcare,Biotechnology,micro,high,high,0.0,0,0.0,0,0,,False,
AEAQ,Financial,Shell Companies,small,low,unknown,0.0,0,0.0,0,0,,False,
AEBI,Industrials,Farm & Heavy Construction Machinery,small,mid,high,0.0,0,0.0,0,0,,False,
AEC,Energy,Uranium,micro,high,high,0.0,0,0.0,0,0,,False,
AEE,Utilities,Utilities - Regulated Electric,large,mid,low,0.0,0,0.0,0,0,,False,
AEF,Financial,Closed-End Fund - Equity,small,mid,mid,0.0,0,0.0,0,0,,False,
AEG,Financial,Insurance - Diversified,large,low,mid,0.0,0,0.0,0,0,,False,
AEHG,Financial,Exchange Traded Fund,unknown,high,unknown,0.0,0,0.0,0,0,,False,
AEHL,Industrials,Building Products & Equipment,micro,high,mid,0.0,1,0.0,0,0,,False,
AEHR,Technology,Semiconductor Equipment & Materials,mid,high,high,0.0,0,0.0,0,0,,False,
AEI,Real Estate,Real Estate - Development,micro,high,mid,0.0,0,0.0,0,0,,False,
AEIS,Industrials,Electrical Equipment & Parts,large,high,high,0.0,0,0.0,0,0,,False,
AEM,Basic Materials,Gold,large,mid,low,0.0,0,0.0,0,0,,False,
AEMD,Healthcare,Medical Devices,micro,high,high,0.0,0,0.0,0,0,,False,
AENT,Communication Services,Entertainment,micro,high,low,0.0,0,0.0,0,0,,False,
AEO,Consumer Cyclical,Apparel Retail,mid,mid,high,0.0,0,0.0,0,0,,False,
AEON,Healthcare,Biotechnology,micro,high,low,0.0,0,0.0,0,0,,False,
AEP,Utilities,Utilities - Regulated Electric,large,mid,low,0.0,0,0.0,0,0,,False,
AER,Industrials,Rental & Leasing Services,large,mid,mid,0.0,0,0.0,0,0,,False,
AERO,Industrials,Airlines,mid,mid,unknown,0.0,0,0.0,0,0,,False,
AERT,Industrials,Consulting Services,micro,high,low,0.0,0,0.0,0,0,,False,
AES,Utilities,Utilities - Diversified,large,low,mid,0.0,0,0.0,0,0,,False,
AESI,Energy,Oil & Gas Equipment & Services,small,high,mid,0.0,0,0.0,0,0,,False,
AESP,Financial,Shell Companies,micro,low,unknown,0.0,0,0.0,0,0,,False,
AESR,Financial,Exchange Traded Fund,unknown,low,mid,0.0,0,0.0,0,0,,False,
AETH,Financial,Exchange Traded Fund,unknown,low,high,0.0,0,0.0,0,0,,False,
AEVA,Technology,Software - Infrastructure,small,high,high,0.0,0,0.0,0,0,,False,
AEXA,Financial,Shell Companies,small,mid,unknown,0.0,0,0.0,0,0,,False,
AEYE,Technology,Software - Application,micro,high,mid,0.0,0,0.0,0,0,,False,
AFB,Financial,Closed-End Fund - Debt,small,low,low,0.0,0,0.0,0,0,,False,
AFBI,Financial,Banks - Regional,micro,low,low,0.0,0,0.0,0,0,,False,
AFCG,Financial,Asset Management,micro,mid,mid,0.0,0,0.0,0,0,,False,
AFG,Financial,Insurance - Property & Casualty,large,low,low,0.0,0,0.0,0,0,,False,
AFGR,Financial,Exchange Traded Fund,unknown,low,mid,0.0,0,0.0,0,0,,False,
AFIF,Financial,Exchange Traded Fund,unknown,low,low,0.0,0,0.0,0,0,,False,
AFIX,Financial,Exchange Traded Fund,unknown,low,low,0.0,0,0.0,0,0,,False,
AFJK,Financial,Shell Companies,micro,high,mid,0.0,0,0.0,0,0,,False,
AFK,Financial,Exchange Traded Fund,unknown,mid,low,0.0,0,0.0,0,0,,False,
AFL,Financial,Insurance - Life,large,low,low,0.0,0,0.0,0,0,,False,
AFLG,Financial,Exchange Traded Fund,unknown,low,mid,0.0,0,0.0,0,0,,False,
AFMC,Financial,Exchange Traded Fund,unknown,low,mid,0.0,0,0.0,0,0,,False,
AFOS,Financial,Exchange Traded Fund,unknown,low,high,0.0,0,0.0,0,0,,False,
AFRI,Consumer Defensive,Farm Products,micro,mid,low,0.0,0,0.0,0,0,,False,
AFRM,Financial,Credit Services,large,mid,high,0.0,0,0.0,0,0,,False,
AFRU,Financial,Exchange Traded Fund,unknown,high,unknown,0.0,0,0.0,0,0,,False,
AFSC,Financial,Exchange Traded Fund,unknown,low,mid,0.0,0,0.0,0,0,,False,
AFSM,Financial,Exchange Traded Fund,unknown,low,mid,0.0,0,0.0,0,0,,False,
AFYA,Consumer Defensive,Education & Training Services,small,mid,low,0.0,0,0.0,0,0,,False,
AG,Basic Materials,Silver,mid,high,mid,0.0,0,0.0,0,0,,False,
AGBK,Financial,Banks - Regional,small,high,unknown,0.0,0,0.0,0,0,,False,
AGCC,Consumer Defensive,Beverages - Wineries & Distilleries,small,high,unknown,0.0,0,0.0,0,0,,False,
AGCO,Industrials,Farm & Heavy Construction Machinery,mid,mid,mid,0.0,0,0.0,0,0,,False,
AGD,Financial,Closed-End Fund - Foreign,small,low,mid,0.0,0,0.0,0,0,,False,
AGEM,Financial,Exchange Traded Fund,unknown,mid,mid,0.0,0,0.0,0,0,,False,
AGEN,Healthcare,Biotechnology,small,high,high,0.0,0,0.0,0,0,,False,
AGG,Financial,Exchange Traded Fund,unknown,low,low,0.0,0,0.0,0,0,,False,
AGGA,Financial,Exchange Traded Fund,unknown,low,low,0.0,0,0.0,0,0,,False,
AGGH,Financial,Exchange Traded Fund,unknown,low,low,0.0,0,0.0,0,0,,False,
AGGS,Financial,Exchange Traded Fund,unknown,low,low,0.0,0,0.0,0,0,,False,
AGGY,Financial,Exchange Traded Fund,unknown,low,low,0.0,0,0.0,0,0,,False,
AGI,Basic Materials,Gold,large,mid,low,0.0,0,0.0,0,0,,False,
AGIG,Utilities,Utilities - Renewable,micro,high,mid,0.0,0,0.0,0,0,,False,
AGIO,Healthcare,Biotechnology,mid,high,low,0.0,0,0.0,0,0,,False,
AGIQ,Financial,Exchange Traded Fund,unknown,low,unknown,0.0,0,0.0,0,0,,False,
AGIX,Financial,Exchange Traded Fund,unknown,mid,high,0.0,0,0.0,0,0,,False,
AGL,Healthcare,Medical Care Facilities,small,high,high,0.0,0,0.0,0,0,,False,
AGM,Financial,Credit Services,mid,mid,mid,0.0,0,0.0,0,0,,False,
AGMB,Healthcare,Biotechnology,small,high,unknown,0.0,0,0.0,0,0,,False,
AGMH,Technology,Computer Hardware,micro,high,high,0.0,0,0.0,0,0,,False,
AGMI,Financial,Exchange Traded Fund,unknown,mid,low,0.0,0,0.0,0,0,,False,
AGNC,Real Estate,REIT - Mortgage,large,mid,high,0.0,0,0.0,0,0,,False,
AGNG,Financial,Exchange Traded Fund,unknown,low,low,0.0,0,0.0,0,0,,False,
AGNT,Real Estate,Real Estate Services,small,high,high,0.0,0,0.0,0,0,,False,
AGO,Financial,Insurance - Specialty,mid,mid,low,0.0,0,0.0,0,0,,False,
AGOX,Financial,Exchange Traded Fund,unknown,mid,mid,0.0,0,0.0,0,0,,False,
AGPU,Technology,Software - Infrastructure,micro,high,high,0.0,0,0.0,0,0,,False,
AGQ,Financial,Exchange Traded Fund,unknown,high,mid,0.0,0,0.0,0,0,,False,
AGQI,Financial,Exchange Traded Fund,unknown,low,low,0.0,0,0.0,0,0,,False,
AGRH,Financial,Exchange Traded Fund,unknown,low,low,0.0,0,0.0,0,0,,False,
AGRO,Consumer Defensive,Farm Products,small,mid,low,0.0,0,0.0,0,0,,False,
AGRW,Financial,Exchange Traded Fund,unknown,low,high,0.0,0,0.0,0,0,,False,
AGRZ,Consumer Defensive,Farm Products,micro,high,unknown,0.0,0,0.0,0,0,,False,
AGX,Industrials,Engineering & Construction,mid,high,low,0.0,0,0.0,0,0,,False,
AGYS,Technology,Software - Application,mid,mid,low,0.0,0,0.0,0,0,,False,
AGZ,Financial,Exchange Traded Fund,unknown,low,low,0.0,0,0.0,0,0,,False,
AGZD,Financial,Exchange Traded Fund,unknown,low,low,0.0,0,0.0,0,0,,False,
AHCO,Healthcare,Medical Devices,small,high,high,0.0,0,0.0,0,0,,False,
AHD,Financial,Exchange Traded Fund,unknown,low,unknown,0.0,0,0.0,0,0,,False,
AHG,Healthcare,Medical Distribution,small,high,low,0.0,1,0.0,0,0,,False,
AHLT,Financial,Exchange Traded Fund,unknown,low,low,0.0,0,0.0,0,0,,False,
AHMA,Consumer Cyclical,Travel Services,micro,high,unknown,0.0,0,0.0,0,0,,False,
AHR,Real Estate,REIT - Healthcare Facilities,large,mid,low,0.0,0,0.0,0,0,,False,
AHRT,Real Estate,REIT - Diversified,small,mid,mid,0.0,0,0.0,0,0,,False,
AHT,Real Estate,REIT - Hotel & Motel,micro,mid,high,0.0,0,0.0,0,0,,False,
AHYB,Financial,Exchange Traded Fund,unknown,low,low,0.0,0,0.0,0,0,,False,
AI,Technology,Software - Infrastructure,small,mid,high,0.0,0,0.0,0,0,,False,
AIA,Financial,Exchange Traded Fund,unknown,mid,mid,0.0,0,0.0,0,0,,False,
AIAI,Industrials,Conglomerates,small,high,unknown,0.0,0,0.0,0,0,,False,
AIB,Technology,Software - Infrastructure,micro,high,unknown,0.0,0,0.0,0,0,,False,
AIBD,Financial,Exchange Traded Fund,unknown,high,low,0.0,0,0.0,0,0,,False,
AIBU,Financial,Exchange Traded Fund,unknown,mid,high,0.0,0,0.0,0,0,,False,
AIBZ,Technology,Software - Infrastructure,small,high,unknown,0.0,0,0.0,0,0,,False,
AIDX,Healthcare,Medical Devices,micro,high,unknown,0.0,0,0.0,0,0,,False,
AIEQ,Financial,Exchange Traded Fund,unknown,low,mid,0.0,0,0.0,0,0,,False,
AIFA,Technology,Software - Infrastructure,micro,high,high,0.0,0,0.0,0,0,,False,
AIFC,Technology,Software - Infrastructure,micro,high,high,0.0,0,0.0,0,0,,False,
AIFD,Financial,Exchange Traded Fund,unknown,mid,high,0.0,0,0.0,0,0,,False,
AIFF,Technology,Software - Application,micro,high,low,0.0,0,0.0,0,0,,False,
AIFU,Financial,Insurance Brokers,micro,high,mid,0.0,1,0.0,0,0,,False,
AIG,Financial,Insurance - Diversified,large,mid,low,0.0,0,0.0,0,0,,False,
AIHS,Industrials,Rental & Leasing Services,micro,high,mid,0.0,1,0.0,0,0,,False,
AIHY,Financial,Exchange Traded Fund,unknown,mid,unknown,0.0,0,0.0,0,0,,False,
AII,Financial,Insurance - Property & Casualty,small,mid,low,0.0,0,0.0,0,0,,False,
AIIA,Financial,Shell Companies,micro,low,unknown,0.0,0,0.0,0,0,,False,
AIIO,Consumer Cyclical,Auto Manufacturers,micro,high,high,0.0,0,0.0,0,0,,False,
AIIR,Consumer Defensive,Tobacco,small,high,low,0.0,0,0.0,0,0,,False,
AIM,Healthcare,Biotechnology,micro,high,mid,0.0,0,0.0,0,0,,False,
AIMD,Technology,Scientific & Technical Instruments,micro,high,high,0.0,0,0.0,0,0,,False,
AIMS,Financial,Exchange Traded Fund,unknown,low,unknown,0.0,0,0.0,0,0,,False,
AIN,Consumer Cyclical,Textile Manufacturing,small,mid,mid,0.0,0,0.0,0,0,,False,
AINP,Financial,Exchange Traded Fund,unknown,low,low,0.0,0,0.0,0,0,,False,
AINT,Financial,Exchange Traded Fund,unknown,low,unknown,0.0,0,0.0,0,0,,False,
AIO,Financial,Closed-End Fund - Equity,small,mid,mid,0.0,0,0.0,0,0,,False,
AIOO,Financial,Exchange Traded Fund,unknown,low,low,0.0,0,0.0,0,0,,False,
AIOS,Technology,Information Technology Services,micro,high,high,0.0,1,0.0,0,0,,False,
AIOT,Technology,Software - Infrastructure,small,high,high,0.0,0,0.0,0,0,,False,
AIP,Technology,Semiconductors,small,high,high,0.0,0,0.0,0,0,,False,
AIPI,Financial,Exchange Traded Fund,unknown,low,mid,0.0,0,0.0,0,0,,False,
AIPO,Financial,Exchange Traded Fund,unknown,mid,high,0.0,0,0.0,0,0,,False,
AIQ,Financial,Exchange Traded Fund,unknown,mid,high,0.0,0,0.0,0,0,,False,
AIQD,Financial,Exchange Traded Fund,unknown,high,unknown,0.0,0,0.0,0,0,,False,
AIQU,Financial,Exchange Traded Fund,unknown,high,unknown,0.0,0,0.0,0,0,,False,
AIR,Industrials,Aerospace & Defense,mid,mid,mid,0.0,0,0.0,0,0,,False,
AIRE,Real Estate,Real Estate Services,micro,high,low,0.0,0,0.0,0,0,,False,
AIRG,Technology,Communication Equipment,micro,high,mid,0.0,0,0.0,0,0,,False,
AIRI,Industrials,Aerospace & Defense,micro,mid,low,0.0,0,0.0,0,0,,False,
AIRJ,Industrials,Building Products & Equipment,small,high,mid,0.0,0,0.0,0,0,,False,
AIRO,Industrials,Aerospace & Defense,micro,high,high,0.0,0,0.0,0,0,,False,
AIRR,Financial,Exchange Traded Fund,unknown,mid,mid,0.0,0,0.0,0,0,,False,
AIRS,Healthcare,Medical Care Facilities,micro,high,high,0.0,0,0.0,0,0,,False,
AIRT,Industrials,Conglomerates,micro,high,low,0.0,0,0.0,0,0,,False,
AIS,Financial,Exchange Traded Fund,unknown,high,high,0.0,0,0.0,0,0,,False,
AISP,Technology,Software - Infrastructure,micro,high,low,0.0,0,0.0,0,0,,False,
AIT,Industrials,Industrial Distribution,large,mid,mid,0.0,0,0.0,0,0,,False,
AIUP,Financial,Exchange Traded Fund,unknown,low,unknown,0.0,0,0.0,0,0,,False,
AIV,Real Estate,REIT - Residential,small,mid,mid,0.0,0,0.0,0,0,,False,
AIVC,Financial,Exchange Traded Fund,unknown,mid,high,0.0,0,0.0,0,0,,False,
AIVI,Financial,Exchange Traded Fund,unknown,low,low,0.0,0,0.0,0,0,,False,
AIVL,Financial,Exchange Traded Fund,unknown,low,mid,0.0,0,0.0,0,0,,False,
AIX,Financial,Exchange Traded Fund,unknown,low,unknown,0.0,0,0.0,0,0,,False,
AIXC,Technology,Software - Infrastructure,micro,high,low,0.0,0,0.0,0,0,,False,
AIXI,Technology,Software - Application,micro,high,high,0.0,1,0.0,0,0,,False,
AIYY,Financial,Exchange Traded Fund,unknown,mid,high,0.0,0,0.0,0,0,,False,
AIZ,Financial,Insurance - Property & Casualty,large,mid,low,0.0,0,0.0,0,0,,False,
AJAN,Financial,Exchange Traded Fund,unknown,low,low,0.0,0,0.0,0,0,,False,
AJG,Financial,Insurance Brokers,large,mid,low,0.0,0,0.0,0,0,,False,
AJUL,Financial,Exchange Traded Fund,unknown,low,low,0.0,0,0.0,0,0,,False,
AKA,Consumer Cyclical,Apparel Retail,micro,mid,high,0.0,0,0.0,0,0,,False,
AKAF,Financial,Exchange Traded Fund,unknown,low,low,0.0,0,0.0,0,0,,False,
AKAL,Financial,Exchange Traded Fund,unknown,high,unknown,0.0,0,0.0,0,0,,False,
AKAM,Technology,Software - Infrastructure,large,high,low,0.0,0,0.0,0,0,,False,
AKAN,Healthcare,Drug Manufacturers - Specialty & Generic,micro,high,high,0.0,0,0.0,0,0,,False,
AKBA,Healthcare,Drug Manufacturers - Specialty & Generic,micro,high,low,0.0,0,0.0,0,0,,False,
AKO-A,Consumer Defensive,Beverages - Non-Alcoholic,small,mid,low,0.0,0,0.0,0,0,,False,
AKO-B,Consumer Defensive,Beverages - Non-Alcoholic,mid,mid,low,0.0,0,0.0,0,0,,False,
AKR,Real Estate,REIT - Retail,mid,mid,mid,0.0,0,0.0,0,0,,False,
AKRE,Financial,Exchange Traded Fund,unknown,mid,unknown,0.0,0,0.0,0,0,,False,
AKTS,Healthcare,Biotechnology,small,high,unknown,0.0,0,0.0,0,0,,False,
AKTX,Healthcare,Biotechnology,micro,high,high,0.0,0,0.0,0,0,,False,
ALA,Financial,Exchange Traded Fund,unknown,high,unknown,0.0,0,0.0,0,0,,False,
ALAB,Technology,Semiconductors,large,high,high,0.0,0,0.0,0,0,,False,
ALAI,Financial,Exchange Traded Fund,unknown,mid,high,0.0,0,0.0,0,0,,False,
ALAR,Technology,Software - Infrastructure,micro,high,high,0.0,0,0.0,0,0,,False,
ALB,Basic Materials,Specialty Chemicals,large,mid,high,0.0,0,0.0,0,0,,False,
ALBG,Financial,Exchange Traded Fund,unknown,high,unknown,0.0,0,0.0,0,0,,False,
ALC,Healthcare,Medical Instruments & Supplies,large,mid,mid,0.0,0,0.0,0,0,,False,
ALCO,Consumer Defensive,Farm Products,small,mid,mid,0.0,0,0.0,0,0,,False,
ALDB,Financial,Exchange Traded Fund,unknown,low,unknown,0.0,0,0.0,0,0,,False,
ALDF,Financial,Shell Companies,small,low,low,0.0,0,0.0,0,0,,False,
ALDX,Healthcare,Biotechnology,micro,high,mid,0.0,0,0.0,0,0,,False,
ALEC,Healthcare,Biotechnology,micro,high,low,0.0,0,0.0,0,0,,False,
ALF,Financial,Shell Companies,small,low,low,0.0,0,0.0,0,0,,False,
ALG,Industrials,Farm & Heavy Construction Machinery,mid,mid,mid,0.0,0,0.0,0,0,,False,
ALGM,Technology,Semiconductors,mid,high,high,0.0,0,0.0,0,0,,False,
ALGN,Healthcare,Medical Instruments & Supplies,large,mid,high,0.0,0,0.0,0,0,,False,
ALGS,Healthcare,Biotechnology,micro,high,high,0.0,0,0.0,0,0,,False,
ALGT,Industrials,Airlines,mid,high,high,0.0,0,0.0,0,0,,False,
ALH,Consumer Cyclical,"Furnishings, Fixtures & Appliances",mid,mid,unknown,0.0,0,0.0,0,0,,False,
ALHC,Healthcare,Healthcare Plans,mid,high,mid,0.0,0,0.0,0,0,,False,
ALIL,Financial,Exchange Traded Fund,unknown,low,low,0.0,0,0.0,0,0,,False,
ALIS,Financial,Shell Companies,micro,low,unknown,0.0,0,0.0,0,0,,False,
ALIT,Technology,Software - Application,small,high,high,0.0,0,0.0,0,0,,False,
ALK,Industrials,Airlines,mid,mid,high,0.0,0,0.0,0,0,,False,
ALKS,Healthcare,Drug Manufacturers - Specialty & Generic,mid,mid,low,0.0,0,0.0,0,0,,False,
ALKT,Technology,Software - Application,mid,mid,low,0.0,0,0.0,0,0,,False,
ALL,Financial,Insurance - Property & Casualty,large,mid,low,0.0,0,0.0,0,0,,False,
ALLE,Industrials,Security & Protection Services,large,mid,mid,0.0,0,0.0,0,0,,False,
ALLO,Healthcare,Biotechnology,small,high,low,0.0,0,0.0,0,0,,False,
ALLR,Healthcare,Biotechnology,micro,high,low,0.0,0,0.0,0,0,,False,
ALLT,Technology,Software - Infrastructure,small,high,high,0.0,0,0.0,0,0,,False,
ALLW,Financial,Exchange Traded Fund,unknown,low,low,0.0,0,0.0,0,0,,False,
ALLY,Financial,Credit Services,large,mid,mid,0.0,0,0.0,0,0,,False,
ALM,Basic Materials,Other Industrial Metals & Mining,mid,high,high,0.0,0,0.0,0,0,,False,
ALMR,Healthcare,Medical Devices,mid,high,unknown,0.0,0,0.0,0,0,,False,
ALMS,Healthcare,Biotechnology,mid,high,low,0.0,0,0.0,0,0,,False,
ALMU,Technology,Semiconductors,small,high,low,0.0,0,0.0,0,0,,False,
ALNT,Technology,Electronic Components,small,high,high,0.0,0,0.0,0,0,,False,
ALNY,Healthcare,Biotechnology,large,high,low,0.0,0,0.0,0,0,,False,
ALOT,Technology,Computer Hardware,micro,low,mid,0.0,0,0.0,0,0,,False,
ALOV,Financial,Shell Companies,small,low,unknown,0.0,0,0.0,0,0,,False,
ALOY,Basic Materials,Other Industrial Metals & Mining,small,high,low,0.0,0,0.0,0,0,,False,
ALP,Financial,Asset Management,micro,high,low,0.0,0,0.0,0,0,,False,
ALPS,Healthcare,Biotechnology,micro,high,unknown,0.0,0,0.0,0,0,,False,
ALPX,Financial,Shell Companies,micro,low,unknown,0.0,0,0.0,0,0,,False,
ALRG,Financial,Exchange Traded Fund,unknown,low,mid,0.0,0,0.0,0,0,,False,
ALRM,Technology,Software - Application,mid,mid,low,0.0,0,0.0,0,0,,False,
ALRS,Financial,Banks - Regional,small,mid,low,0.0,0,0.0,0,0,,False,
ALSN,Consumer Cyclical,Auto Parts,large,mid,mid,0.0,0,0.0,0,0,,False,
ALT,Healthcare,Biotechnology,small,high,low,0.0,0,0.0,0,0,,False,
ALTG,Industrials,Rental & Leasing Services,micro,high,high,0.0,0,0.0,0,0,,False,
ALTI,Financial,Asset Management,small,high,low,0.0,0,0.0,0,0,,False,
ALTL,Financial,Exchange Traded Fund,unknown,low,mid,0.0,0,0.0,0,0,,False,
ALTO,Basic Materials,Specialty Chemicals,small,high,low,0.0,0,0.0,0,0,,False,
ALTY,Financial,Exchange Traded Fund,unknown,low,low,0.0,0,0.0,0,0,,False,
ALUB,Financial,Shell Companies,small,low,unknown,0.0,0,0.0,0,0,,False,
ALV,Consumer Cyclical,Auto Parts,mid,mid,high,0.0,0,0.0,0,0,,False,
ALVO,Healthcare,Drug Manufacturers - Specialty & Generic,small,high,low,0.0,0,0.0,0,0,,False,
ALX,Real Estate,REIT - Retail,small,mid,low,0.0,0,0.0,0,0,,False,
ALXO,Healthcare,Biotechnology,micro,high,low,0.0,0,0.0,0,0,,False,
ALZN,Healthcare,Biotechnology,micro,high,low,0.0,0,0.0,0,0,,False,
AM,Energy,Oil & Gas Midstream,large,mid,low,0.0,0,0.0,0,0,,False,
AMA,Financial,Exchange Traded Fund,unknown,high,unknown,0.0,0,0.0,0,0,,False,
AMAA,Financial,Exchange Traded Fund,unknown,mid,unknown,0.0,0,0.0,0,0,,False,
AMACU,Financial,Shell Companies,micro,low,unknown,0.0,0,0.0,0,0,,False,
AMAL,Financial,Banks - Regional,small,mid,low,0.0,0,0.0,0,0,,False,
AMAN,Financial,Shell Companies,micro,low,unknown,0.0,0,0.0,0,0,,False,
AMAT,Technology,Semiconductor Equipment & Materials,mega,high,high,0.0,0,0.0,0,0,,False,
AMAU,Financial,Exchange Traded Fund,unknown,high,unknown,0.0,0,0.0,0,0,,False,
AMAX,Financial,Exchange Traded Fund,unknown,low,low,0.0,0,0.0,0,0,,False,
AMBA,Technology,Semiconductor Equipment & Materials,mid,high,high,0.0,0,0.0,0,0,,False,
AMBO,Consumer Defensive,Education & Training Services,micro,high,mid,0.0,0,0.0,0,0,,False,
AMBP,Consumer Cyclical,Packaging & Containers,mid,mid,low,0.0,0,0.0,0,0,,False,
AMBQ,Technology,Semiconductors,small,high,high,0.0,0,0.0,0,0,,False,
AMBR,Financial,Asset Management,micro,high,low,0.0,0,0.0,0,0,,False,
AMC,Communication Services,Entertainment,mid,high,high,0.0,0,0.0,0,0,,False,
AMCI,Technology,Computer Hardware,micro,high,low,0.0,0,0.0,0,0,,False,
AMCR,Consumer Cyclical,Packaging & Containers,large,mid,low,0.0,0,0.0,0,0,,False,
AMCX,Communication Services,Entertainment,small,high,high,0.0,0,0.0,0,0,,False,
AMD,Technology,Semiconductors,mega,high,high,0.0,0,0.0,0,0,,False,
AMDC,Financial,Exchange Traded Fund,unknown,high,unknown,0.0,0,0.0,0,0,,False,
AMDD,Financial,Exchange Traded Fund,unknown,high,low,0.0,0,0.0,0,0,,False,
AMDG,Financial,Exchange Traded Fund,unknown,high,high,0.0,0,0.0,0,0,,False,
AMDL,Financial,Exchange Traded Fund,unknown,high,high,0.0,0,0.0,0,0,,False,
AMDW,Financial,Exchange Traded Fund,unknown,high,high,0.0,0,0.0,0,0,,False,
AMDY,Financial,Exchange Traded Fund,unknown,high,high,0.0,0,0.0,0,0,,False,
AME,Industrials,Specialty Industrial Machinery,large,mid,mid,0.0,0,0.0,0,0,,False,
AMEI,Financial,Exchange Traded Fund,unknown,low,unknown,0.0,0,0.0,0,0,,False,
AMEM,Financial,Exchange Traded Fund,unknown,high,unknown,0.0,0,0.0,0,0,,False,
AMG,Financial,Asset Management,mid,mid,mid,0.0,0,0.0,0,0,,False,
AMGN,Healthcare,Drug Manufacturers - General,mega,mid,low,0.0,0,0.0,0,0,,False,
AMGR,Financial,Exchange Traded Fund,unknown,low,unknown,0.0,0,0.0,0,0,,False,
AMH,Real Estate,REIT - Residential,large,low,mid,0.0,0,0.0,0,0,,False,
AMHI,Financial,Exchange Traded Fund,unknown,low,unknown,0.0,0,0.0,0,0,,False,
AMID,Financial,Exchange Traded Fund,unknown,low,mid,0.0,0,0.0,0,0,,False,
AMIX,Healthcare,Medical Devices,micro,high,low,0.0,0,0.0,0,0,,False,
AMJB,Financial,Exchange Traded Fund,unknown,low,low,0.0,0,0.0,0,0,,False,
AMKL,Financial,Exchange Traded Fund,unknown,high,unknown,0.0,0,0.0,0,0,,False,
AMKR,Technology,Semiconductor Equipment & Materials,large,high,high,0.0,0,0.0,0,0,,False,
AMKX,Financial,Exchange Traded Fund,unknown,high,unknown,0.0,0,0.0,0,0,,False,
AMLP,Financial,Exchange Traded Fund,unknown,low,low,0.0,0,0.0,0,0,,False,
AMLX,Healthcare,Drug Manufacturers - Specialty & Generic,mid,high,low,0.0,0,0.0,0,0,,False,
AMMO,Financial,Exchange Traded Fund,unknown,low,unknown,0.0,0,0.0,0,0,,False,
AMN,Healthcare,Medical Care Facilities,small,high,low,0.0,0,0.0,0,0,,False,
AMOD,Technology,Software - Application,micro,high,low,0.0,0,0.0,0,0,,False,
AMOM,Financial,Exchange Traded Fund,unknown,mid,mid,0.0,0,0.0,0,0,,False,
AMP,Financial,Asset Management,large,mid,mid,0.0,0,0.0,0,0,,False,
AMPG,Technology,Communication Equipment,micro,high,low,0.0,0,0.0,0,0,,False,
AMPH,Healthcare,Drug Manufacturers - Specialty & Generic,small,mid,mid,0.0,0,0.0,0,0,,False,
AMPL,Technology,Software - Application,small,high,high,0.0,0,0.0,0,0,,False,
AMPU,Financial,Exchange Traded Fund,unknown,high,unknown,0.0,0,0.0,0,0,,False,
AMPX,Industrials,Electrical Equipment & Parts,small,high,high,0.0,0,0.0,0,0,,False,
AMPY,Energy,Oil & Gas E&P,micro,mid,low,0.0,0,0.0,0,0,,False,
AMR,Basic Materials,Coking Coal,mid,mid,low,0.0,0,0.0,0,0,,False,
AMRC,Industrials,Engineering & Construction,small,high,high,0.0,0,0.0,0,0,,False,
AMRN,Healthcare,Drug Manufacturers - General,micro,mid,low,0.0,0,0.0,0,0,,False,
AMRX,Healthcare,Drug Manufacturers - Specialty & Generic,mid,mid,mid,0.0,0,0.0,0,0,,False,
AMRZ,Basic Materials,Building Materials,large,mid,low,0.0,0,0.0,0,0,,False,
AMS,Healthcare,Medical Care Facilities,micro,mid,low,0.0,0,0.0,0,0,,False,
AMSC,Industrials,Specialty Industrial Machinery,small,high,high,0.0,0,0.0,0,0,,False,
AMSF,Financial,Insurance - Specialty,small,mid,low,0.0,0,0.0,0,0,,False,
AMSS,Consumer Defensive,Beverages - Wineries & Distilleries,micro,high,unknown,0.0,0,0.0,0,0,,False,
AMST,Technology,Software - Application,micro,high,mid,0.0,0,0.0,0,0,,False,
AMT,Real Estate,REIT - Specialty,large,mid,mid,0.0,0,0.0,0,0,,False,
AMTB,Financial,Banks - Regional,small,mid,mid,0.0,0,0.0,0,0,,False,
AMTD,Financial,Asset Management,micro,high,low,0.0,0,0.0,0,0,,False,
AMTM,Industrials,Specialty Business Services,mid,mid,low,0.0,0,0.0,0,0,,False,
AMTX,Basic Materials,Specialty Chemicals,micro,high,high,0.0,0,0.0,0,0,,False,
AMUB,Financial,Exchange Traded Fund,unknown,low,low,0.0,0,0.0,0,0,,False,
AMUN,Financial,Exchange Traded Fund,unknown,low,unknown,0.0,0,0.0,0,0,,False,
AMUU,Financial,Exchange Traded Fund,unknown,high,high,0.0,0,0.0,0,0,,False,
AMWL,Healthcare,Health Information Services,micro,high,high,0.0,0,0.0,0,0,,False,
AMX,Communication Services,Telecom Services,large,mid,low,0.0,0,0.0,0,0,,False,
AMYY,Financial,Exchange Traded Fund,unknown,low,unknown,0.0,0,0.0,0,0,,False,
AMZA,Financial,Exchange Traded Fund,unknown,low,low,0.0,0,0.0,0,0,,False,
AMZD,Financial,Exchange Traded Fund,unknown,mid,low,0.0,0,0.0,0,0,,False,
AMZE,Technology,Software - Application,micro,high,high,0.0,0,0.0,0,0,,False,
AMZG,Financial,Exchange Traded Fund,unknown,high,unknown,0.0,0,0.0,0,0,,False,
AMZN,Consumer Cyclical,Internet Retail,mega,mid,high,0.0,0,0.0,0,0,,False,
AMZO,Financial,Exchange Traded Fund,unknown,high,unknown,0.0,0,0.0,0,0,,False,
AMZP,Financial,Exchange Traded Fund,unknown,mid,high,0.0,0,0.0,0,0,,False,
AMZU,Financial,Exchange Traded Fund,unknown,high,high,0.0,0,0.0,0,0,,False,
AMZW,Financial,Exchange Traded Fund,unknown,mid,high,0.0,0,0.0,0,0,,False,
AMZY,Financial,Exchange Traded Fund,unknown,mid,mid,0.0,0,0.0,0,0,,False,
AMZZ,Financial,Exchange Traded Fund,unknown,high,high,0.0,0,0.0,0,0,,False,
AN,Consumer Cyclical,Auto & Truck Dealerships,mid,mid,low,0.0,0,0.0,0,0,,False,
ANAB,Healthcare,Biotechnology,small,high,mid,0.0,0,0.0,0,0,,False,
ANDE,Consumer Defensive,Food Distribution,mid,mid,low,0.0,0,0.0,0,0,,False,
ANDG,Consumer Cyclical,Personal Services,mid,mid,unknown,0.0,0,0.0,0,0,,False,
ANEL,Financial,Exchange Traded Fund,unknown,high,unknown,0.0,0,0.0,0,0,,False,
ANET,Technology,Computer Hardware,mega,high,high,0.0,0,0.0,0,0,,False,
ANEW,Financial,Exchange Traded Fund,unknown,low,mid,0.0,0,0.0,0,0,,False,
ANF,Consumer Cyclical,Apparel Retail,mid,mid,mid,0.0,0,0.0,0,0,,False,
ANGH,Communication Services,Entertainment,micro,high,mid,0.0,0,0.0,0,0,,False,
ANGI,Communication Services,Internet Content & Information,micro,high,high,0.0,0,0.0,0,0,,False,
ANGL,Financial,Exchange Traded Fund,unknown,low,low,0.0,0,0.0,0,0,,False,
ANGO,Healthcare,Medical Instruments & Supplies,small,mid,low,0.0,0,0.0,0,0,,False,
ANGU,Financial,Exchange Traded Fund,unknown,low,unknown,0.0,0,0.0,0,0,,False,
ANGX,Communication Services,Entertainment,small,high,low,0.0,0,0.0,0,0,,False,
ANIK,Healthcare,Drug Manufacturers - Specialty & Generic,micro,high,low,0.0,0,0.0,0,0,,False,
ANIP,Healthcare,Drug Manufacturers - Specialty & Generic,small,mid,low,0.0,0,0.0,0,0,,False,
ANIX,Healthcare,Biotechnology,micro,high,low,0.0,0,0.0,0,0,,False,
ANL,Healthcare,Biotechnology,small,high,mid,0.0,1,0.0,0,0,,False,
ANNA,Energy,Oil & Gas E&P,micro,high,low,0.0,0,0.0,0,0,,False,
ANNX,Healthcare,Biotechnology,small,high,mid,0.0,0,0.0,0,0,,False,
ANPA,Industrials,Specialty Business Services,micro,high,low,0.0,0,0.0,0,0,,False,
ANRO,Healthcare,Biotechnology,small,high,mid,0.0,0,0.0,0,0,,False,
ANSC,Financial,Shell Companies,small,low,low,0.0,0,0.0,0,0,,False,
ANTA,Financial,Credit Services,micro,high,high,0.0,0,0.0,0,0,,False,
ANTX,Healthcare,Biotechnology,micro,high,low,0.0,0,0.0,0,0,,False,
ANV,Financial,Exchange Traded Fund,unknown,low,unknown,0.0,0,0.0,0,0,,False,
ANVS,Healthcare,Biotechnology,micro,high,mid,0.0,0,0.0,0,0,,False,
ANY,Financial,Capital Markets,micro,high,high,0.0,0,0.0,0,0,,False,
AOA,Financial,Exchange Traded Fund,unknown,low,low,0.0,0,0.0,0,0,,False,
AOCT,Financial,Exchange Traded Fund,unknown,low,low,0.0,0,0.0,0,0,,False,
AOD,Financial,Closed-End Fund - Foreign,small,low,mid,0.0,0,0.0,0,0,,False,
AOHY,Financial,Exchange Traded Fund,unknown,low,low,0.0,0,0.0,0,0,,False,
AOK,Financial,Exchange Traded Fund,unknown,low,low,0.0,0,0.0,0,0,,False,
AOM,Financial,Exchange Traded Fund,unknown,low,low,0.0,0,0.0,0,0,,False,
AOMR,Real Estate,REIT - Mortgage,micro,mid,mid,0.0,0,0.0,0,0,,False,
AON,Financial,Insurance Brokers,large,mid,low,0.0,0,0.0,0,0,,False,
AOR,Financial,Exchange Traded Fund,unknown,low,low,0.0,0,0.0,0,0,,False,
AORT,Healthcare,Medical Devices,small,mid,mid,0.0,0,0.0,0,0,,False,
AOS,Industrials,Specialty Industrial Machinery,mid,mid,mid,0.0,0,0.0,0,0,,False,
AOSL,Technology,Semiconductors,small,high,high,0.0,0,0.0,0,0,,False,
AOTG,Financial,Exchange Traded Fund,unknown,mid,high,0.0,0,0.0,0,0,,False,
AOTS,Financial,Exchange Traded Fund,unknown,low,unknown,0.0,0,0.0,0,0,,False,
AOUT,Consumer Cyclical,Leisure,micro,mid,low,0.0,0,0.0,0,0,,False,
AP,Industrials,Metal Fabrication,micro,high,high,0.0,0,0.0,0,0,,False,
APA,Energy,Oil & Gas E&P,large,mid,low,0.0,0,0.0,0,0,,False,
APAC,Financial,Shell Companies,micro,low,unknown,0.0,0,0.0,0,0,,False,
APAM,Financial,Asset Management,mid,mid,high,0.0,0,0.0,0,0,,False,
APC,Energy,Oil & Gas Refining & Marketing,small,mid,unknown,0.0,0,0.0,0,0,,False,
APCB,Financial,Exchange Traded Fund,unknown,low,low,0.0,0,0.0,0,0,,False,
APD,Basic Materials,Specialty Chemicals,large,mid,low,0.0,0,0.0,0,0,,False,
APDB,Financial,Exchange Traded Fund,unknown,low,unknown,0.0,0,0.0,0,0,,False,
APEI,Consumer Defensive,Education & Training Services,small,high,high,0.0,0,0.0,0,0,,False,
APG,Industrials,Engineering & Construction,large,mid,high,0.0,0,0.0,0,0,,False,
APGE,Healthcare,Biotechnology,large,low,low,0.0,0,0.0,0,0,,False,
APH,Technology,Electronic Components,mega,mid,mid,0.0,0,0.0,0,0,,False,
APHG,Financial,Exchange Traded Fund,unknown,high,unknown,0.0,0,0.0,0,0,,False,
APHU,Financial,Exchange Traded Fund,unknown,high,unknown,0.0,0,0.0,0,0,,False,
API,Technology,Software - Application,small,mid,mid,0.0,1,0.0,0,0,,False,
APIE,Financial,Exchange Traded Fund,unknown,low,low,0.0,0,0.0,0,0,,False,
APLD,Technology,Information Technology Services,mid,high,high,0.0,0,0.0,0,0,,False,
APLE,Real Estate,REIT - Hotel & Motel,mid,mid,mid,0.0,0,0.0,0,0,,False,
APLM,Healthcare,Biotechnology,micro,high,high,0.0,0,0.0,0,0,,False,
APLU,Financial,Exchange Traded Fund,unknown,low,low,0.0,0,0.0,0,0,,False,
APLX,Financial,Exchange Traded Fund,unknown,high,unknown,0.0,0,0.0,0,0,,False,
APLY,Financial,Exchange Traded Fund,unknown,mid,low,0.0,0,0.0,0,0,,False,
APLZ,Financial,Exchange Traded Fund,unknown,high,unknown,0.0,0,0.0,0,0,,False,
APMC,Financial,Shell Companies,micro,low,unknown,0.0,0,0.0,0,0,,False,
APMD,Healthcare,Biotechnology,small,high,unknown,0.0,0,0.0,0,0,,False,
APMI,Financial,Exchange Traded Fund,unknown,high,unknown,0.0,0,0.0,0,0,,False,
APMU,Financial,Exchange Traded Fund,unknown,low,low,0.0,0,0.0,0,0,,False,
APNAU,Financial,Shell Companies,unknown,unknown,unknown,0.0,0,0.0,0,0,,False,
APO,Financial,Asset Management,large,mid,high,0.0,0,0.0,0,0,,False,
APOC,Financial,Exchange Traded Fund,unknown,low,low,0.0,0,0.0,0,0,,False,
APOG,Industrials,Building Products & Equipment,small,mid,mid,0.0,0,0.0,0,0,,False,
APP,Communication Services,Advertising Agencies,large,high,high,0.0,0,0.0,0,0,,False,
APPC,Financial,Exchange Traded Fund,unknown,high,unknown,0.0,0,0.0,0,0,,False,
APPF,Technology,Software - Application,mid,mid,mid,0.0,0,0.0,0,0,,False,
APPN,Technology,Software - Infrastructure,mid,high,mid,0.0,0,0.0,0,0,,False,
APPS,Technology,Software - Application,small,high,high,0.0,0,0.0,0,0,,False,
APPX,Financial,Exchange Traded Fund,unknown,high,high,0.0,0,0.0,0,0,,False,
APRB,Financial,Exchange Traded Fund,unknown,low,unknown,0.0,0,0.0,0,0,,False,
APRE,Healthcare,Biotechnology,micro,high,high,0.0,0,0.0,0,0,,False,
APRH,Financial,Exchange Traded Fund,unknown,low,low,0.0,0,0.0,0,0,,False,
APRJ,Financial,Exchange Traded Fund,unknown,low,low,0.0,0,0.0,0,0,,False,
APRP,Financial,Exchange Traded Fund,unknown,low,low,0.0,0,0.0,0,0,,False,
APRT,Financial,Exchange Traded Fund,unknown,low,low,0.0,0,0.0,0,0,,False,
APRW,Financial,Exchange Traded Fund,unknown,low,low,0.0,0,0.0,0,0,,False,
APRZ,Financial,Exchange Traded Fund,unknown,low,low,0.0,0,0.0,0,0,,False,
APT,Industrials,Building Products & Equipment,micro,mid,mid,0.0,0,0.0,0,0,,False,
APTV,Consumer Cyclical,Auto Parts,large,mid,high,0.0,0,0.0,0,0,,False,
APUE,Financial,Exchange Traded Fund,unknown,low,mid,0.0,0,0.0,0,0,,False,
APUR,Financial,Shell Companies,micro,low,unknown,0.0,0,0.0,0,0,,False,
APUS,Healthcare,Drug Manufacturers - Specialty & Generic,micro,high,low,0.0,0,0.0,0,0,,False,
APVO,Healthcare,Biotechnology,micro,high,high,0.0,0,0.0,0,0,,False,
APWC,Industrials,Electrical Equipment & Parts,micro,high,low,0.0,0,0.0,0,0,,False,
APXM,Financial,Exchange Traded Fund,unknown,low,low,0.0,0,0.0,0,0,,False,
APXT,Financial,Shell Companies,small,low,unknown,0.0,0,0.0,0,0,,False,
APYX,Healthcare,Medical Devices,micro,high,high,0.0,0,0.0,0,0,,False,
AQB,Consumer Defensive,Farm Products,micro,high,high,0.0,0,0.0,0,0,,False,
AQEC,Financial,Exchange Traded Fund,unknown,low,unknown,0.0,0,0.0,0,0,,False,
AQLG,Financial,Exchange Traded Fund,unknown,low,unknown,0.0,0,0.0,0,0,,False,
AQLT,Financial,Exchange Traded Fund,unknown,low,mid,0.0,0,0.0,0,0,,False,
AQMS,Industrials,Waste Management,micro,high,low,0.0,0,0.0,0,0,,False,
AQN,Utilities,Utilities - Diversified,mid,mid,low,0.0,0,0.0,0,0,,False,
AQST,Healthcare,Drug Manufacturers - Specialty & Generic,small,high,high,0.0,0,0.0,0,0,,False,
AQWA,Financial,Exchange Traded Fund,unknown,low,mid,0.0,0,0.0,0,0,,False,
AR,Energy,Oil & Gas E&P,large,mid,low,0.0,0,0.0,0,0,,False,
ARAI,Technology,Scientific & Technical Instruments,micro,high,high,0.0,0,0.0,0,0,,False,
ARAY,Healthcare,Medical Devices,micro,high,high,0.0,0,0.0,0,0,,False,
ARB,Financial,Exchange Traded Fund,unknown,low,low,0.0,0,0.0,0,0,,False,
ARBB,Technology,Information Technology Services,micro,high,mid,0.0,0,0.0,0,0,,False,
ARBE,Technology,Scientific & Technical Instruments,micro,high,mid,0.0,0,0.0,0,0,,False,
ARBK,Financial,Capital Markets,micro,high,high,0.0,0,0.0,0,0,,False,
ARCB,Industrials,Trucking,mid,high,high,0.0,0,0.0,0,0,,False,
ARCC,Financial,Asset Management,large,low,low,0.0,0,0.0,0,0,,False,
ARCI,Financial,Shell Companies,small,low,unknown,0.0,0,0.0,0,0,,False,
ARCL,Financial,Shell Companies,micro,low,unknown,0.0,0,0.0,0,0,,False,
ARCM,Financial,Exchange Traded Fund,unknown,low,low,0.0,0,0.0,0,0,,False,
ARCO,Consumer Cyclical,Restaurants,small,mid,low,0.0,0,0.0,0,0,,False,
ARCP,Financial,Exchange Traded Fund,unknown,low,unknown,0.0,0,0.0,0,0,,False,
ARCT,Healthcare,Biotechnology,micro,high,high,0.0,0,0.0,0,0,,False,
ARCX,Financial,Exchange Traded Fund,unknown,high,high,0.0,0,0.0,0,0,,False,
ARDC,Financial,Closed-End Fund - Debt,micro,low,low,0.0,0,0.0,0,0,,False,
ARDT,Healthcare,Medical Care Facilities,small,mid,low,0.0,0,0.0,0,0,,False,
ARDX,Healthcare,Biotechnology,small,high,low,0.0,0,0.0,0,0,,False,
ARE,Real Estate,REIT - Office,mid,mid,mid,0.0,0,0.0,0,0,,False,
AREC,Industrials,Waste Management,micro,high,mid,0.0,0,0.0,0,0,,False,
AREN,Communication Services,Internet Content & Information,micro,high,mid,0.0,0,0.0,0,0,,False,
ARES,Financial,Asset Management,large,mid,high,0.0,0,0.0,0,0,,False,
ARGT,Financial,Exchange Traded Fund,unknown,mid,mid,0.0,0,0.0,0,0,,False,
ARGX,Healthcare,Biotechnology,large,mid,low,0.0,0,0.0,0,0,,False,
ARHS,Consumer Cyclical,Specialty Retail,small,high,high,0.0,0,0.0,0,0,,False,
ARI,Real Estate,REIT - Mortgage,small,mid,high,0.0,0,0.0,0,0,,False,
ARIA,Financial,Exchange Traded Fund,unknown,low,unknown,0.0,0,0.0,0,0,,False,
ARIS,Basic Materials,Gold,mid,mid,low,0.0,0,0.0,0,0,,False,
ARKB,Financial,Exchange Traded Fund,unknown,mid,high,0.0,0,0.0,0,0,,False,
ARKD,Financial,Exchange Traded Fund,unknown,low,unknown,0.0,0,0.0,0,0,,False,
ARKE,Financial,Exchange Traded Fund,unknown,low,unknown,0.0,0,0.0,0,0,,False,
ARKF,Financial,Exchange Traded Fund,unknown,mid,high,0.0,0,0.0,0,0,,False,
ARKG,Financial,Exchange Traded Fund,unknown,mid,high,0.0,0,0.0,0,0,,False,
ARKI,Financial,Exchange Traded Fund,unknown,low,unknown,0.0,0,0.0,0,0,,False,
ARKK,Financial,Exchange Traded Fund,unknown,mid,high,0.0,0,0.0,0,0,,False,
ARKO,Consumer Cyclical,Specialty Retail,small,high,mid,0.0,0,0.0,0,0,,False,
ARKQ,Financial,Exchange Traded Fund,unknown,mid,high,0.0,0,0.0,0,0,,False,
ARKR,Consumer Cyclical,Restaurants,micro,mid,low,0.0,0,0.0,0,0,,False,
ARKT,Financial,Exchange Traded Fund,unknown,low,unknown,0.0,0,0.0,0,0,,False,
ARKW,Financial,Exchange Traded Fund,unknown,mid,high,0.0,0,0.0,0,0,,False,
ARKX,Financial,Exchange Traded Fund,unknown,mid,high,0.0,0,0.0,0,0,,False,
ARL,Real Estate,Real Estate Services,micro,high,low,0.0,0,0.0,0,0,,False,
ARLI,Financial,Exchange Traded Fund,unknown,low,unknown,0.0,0,0.0,0,0,,False,
ARLO,Industrials,Building Products & Equipment,small,high,high,0.0,0,0.0,0,0,,False,
ARLP,Energy,Thermal Coal,mid,mid,low,0.0,0,0.0,0,0,,False,
ARLU,Financial,Exchange Traded Fund,unknown,low,mid,0.0,0,0.0,0,0,,False,
ARM,Technology,Semiconductors,mega,high,high,0.0,0,0.0,0,0,,False,
ARMA,Financial,Exchange Traded Fund,unknown,high,unknown,0.0,0,0.0,0,0,,False,
ARMG,Financial,Exchange Traded Fund,unknown,high,high,0.0,0,0.0,0,0,,False,
ARMH,Financial,Exchange Traded Fund,unknown,high,high,0.0,0,0.0,0,0,,False,
ARMK,Industrials,Specialty Business Services,large,mid,mid,0.0,0,0.0,0,0,,False,
ARMP,Healthcare,Biotechnology,micro,high,high,0.0,0,0.0,0,0,,False,
ARMS,Financial,Exchange Traded Fund,unknown,low,unknown,0.0,0,0.0,0,0,,False,
ARMW,Financial,Exchange Traded Fund,unknown,high,unknown,0.0,0,0.0,0,0,,False,
ARMY,Financial,Exchange Traded Fund,unknown,low,unknown,0.0,0,0.0,0,0,,False,
AROC,Energy,Oil & Gas Equipment & Services,mid,mid,mid,0.0,0,0.0,0,0,,False,
AROW,Financial,Banks - Regional,small,mid,low,0.0,0,0.0,0,0,,False,
ARP,Financial,Exchange Traded Fund,unknown,low,low,0.0,0,0.0,0,0,,False,
ARQ,Industrials,Pollution & Treatment Controls,micro,high,high,0.0,0,0.0,0,0,,False,
ARQQ,Technology,Software - Infrastructure,small,high,high,0.0,0,0.0,0,0,,False,
ARQT,Healthcare,Biotechnology,mid,mid,high,0.0,0,0.0,0,0,,False,
ARR,Real Estate,REIT - Mortgage,mid,low,high,0.0,0,0.0,0,0,,False,
ARRY,Technology,Solar,small,high,high,0.0,0,0.0,0,0,,False,
ARTC,Financial,Shell Companies,small,low,unknown,0.0,0,0.0,0,0,,False,
ARTL,Healthcare,Biotechnology,micro,high,low,0.0,0,0.0,0,0,,False,
ARTNA,Utilities,Utilities - Regulated Water,small,mid,low,0.0,0,0.0,0,0,,False,
ARTV,Healthcare,Biotechnology,small,high,high,0.0,0,0.0,0,0,,False,
ARTW,Industrials,Farm & Heavy Construction Machinery,micro,high,mid,0.0,0,0.0,0,0,,False,
ARTY,Financial,Exchange Traded Fund,unknown,mid,high,0.0,0,0.0,0,0,,False,
ARVN,Healthcare,Biotechnology,small,mid,high,0.0,0,0.0,0,0,,False,
ARVR,Financial,Exchange Traded Fund,unknown,low,mid,0.0,0,0.0,0,0,,False,
ARW,Technology,Electronics & Computer Distribution,large,mid,mid,0.0,0,0.0,0,0,,False,
ARWG,Financial,Exchange Traded Fund,unknown,low,unknown,0.0,0,0.0,0,0,,False,
ARWR,Healthcare,Biotechnology,large,mid,mid,0.0,0,0.0,0,0,,False,
ARX,Financial,Insurance Brokers,mid,high,low,0.0,0,0.0,0,0,,False,
ARXS,Industrials,Aerospace & Defense,large,high,unknown,0.0,0,0.0,0,0,,False,
AS,Consumer Cyclical,Leisure,large,mid,high,0.0,0,0.0,0,0,,False,
ASA,Financial,Closed-End Fund - Equity,small,mid,low,0.0,0,0.0,0,0,,False,
ASAN,Technology,Software - Application,mid,high,mid,0.0,0,0.0,0,0,,False,
ASB,Financial,Banks - Regional,mid,low,low,0.0,0,0.0,0,0,,False,
ASBP,Healthcare,Biotechnology,micro,high,low,0.0,0,0.0,0,0,,False,
ASC,Industrials,Marine Shipping,small,mid,low,0.0,0,0.0,0,0,,False,
ASCE,Financial,Exchange Traded Fund,unknown,low,low,0.0,0,0.0,0,0,,False,
ASCI,Financial,Exchange Traded Fund,unknown,low,unknown,0.0,0,0.0,0,0,,False,
ASD,Financial,Exchange Traded Fund,unknown,low,unknown,0.0,0,0.0,0,0,,False,
ASEA,Financial,Exchange Traded Fund,unknown,low,low,0.0,0,0.0,0,0,,False,
ASEC,Financial,Exchange Traded Fund,unknown,low,unknown,0.0,0,0.0,0,0,,False,
ASG,Financial,Closed-End Fund - Equity,small,low,mid,0.0,0,0.0,0,0,,False,
ASGI,Financial,Closed-End Fund - Equity,small,low,mid,0.0,0,0.0,0,0,,False,
ASGM,Financial,Exchange Traded Fund,unknown,low,mid,0.0,0,0.0,0,0,,False,
ASH,Basic Materials,Specialty Chemicals,mid,mid,low,0.0,0,0.0,0,0,,False,
ASHR,Financial,Exchange Traded Fund,unknown,low,low,0.0,0,0.0,0,0,,False,
ASHS,Financial,Exchange Traded Fund,unknown,low,low,0.0,0,0.0,0,0,,False,
ASIA,Financial,Exchange Traded Fund,unknown,low,mid,0.0,0,0.0,0,0,,False,
ASIC,Financial,Insurance - Property & Casualty,small,mid,low,0.0,0,0.0,0,0,,False,
ASIX,Basic Materials,Chemicals,small,high,mid,0.0,0,0.0,0,0,,False,
ASLE,Industrials,Airports & Air Services,micro,mid,low,0.0,0,0.0,0,0,,False,
ASLV,Financial,Exchange Traded Fund,unknown,low,low,0.0,0,0.0,0,0,,False,
ASM,Basic Materials,Other Precious Metals & Mining,small,high,high,0.0,0,0.0,0,0,,False,
ASMB,Healthcare,Biotechnology,small,mid,mid,0.0,0,0.0,0,0,,False,
ASMF,Financial,Exchange Traded Fund,unknown,low,low,0.0,0,0.0,0,0,,False,
ASMG,Financial,Exchange Traded Fund,unknown,high,high,0.0,0,0.0,0,0,,False,
ASMH,Financial,Exchange Traded Fund,unknown,mid,mid,0.0,0,0.0,0,0,,False,
ASML,Technology,Semiconductor Equipment & Materials,mega,mid,high,0.0,0,0.0,0,0,,False,
ASMU,Financial,Exchange Traded Fund,unknown,high,unknown,0.0,0,0.0,0,0,,False,
ASMZ,Financial,Exchange Traded Fund,unknown,mid,unknown,0.0,0,0.0,0,0,,False,
ASND,Healthcare,Biotechnology,large,mid,low,0.0,0,0.0,0,0,,False,
ASO,Consumer Cyclical,Specialty Retail,mid,mid,mid,0.0,0,0.0,0,0,,False,
ASPC,Financial,Shell Companies,micro,low,low,0.0,0,0.0,0,0,,False,
ASPI,Basic Materials,Chemicals,small,high,high,0.0,0,0.0,0,0,,False,
ASPN,Basic Materials,Specialty Chemicals,small,high,high,0.0,0,0.0,0,0,,False,
ASPS,Real Estate,Real Estate Services,micro,high,low,0.0,0,0.0,0,0,,False,
ASR,Industrials,Airports & Air Services,mid,mid,low,0.0,0,0.0,0,0,,False,
ASRV,Financial,Banks - Regional,micro,mid,low,0.0,0,0.0,0,0,,False,
ASST,Financial,Asset Management,small,high,high,0.0,0,0.0,0,0,,False,
ASTC,Technology,Scientific & Technical Instruments,micro,high,high,0.0,0,0.0,0,0,,False,
ASTE,Industrials,Farm & Heavy Construction Machinery,small,high,high,0.0,0,0.0,0,0,,False,
ASTG,Financial,Exchange Traded Fund,unknown,high,unknown,0.0,0,0.0,0,0,,False,
ASTH,Healthcare,Medical Care Facilities,small,high,mid,0.0,0,0.0,0,0,,False,
ASTI,Technology,Solar,micro,high,high,0.0,0,0.0,0,0,,False,
ASTL,Basic Materials,Steel,small,high,high,0.0,0,0.0,0,0,,False,
ASTN,Financial,Exchange Traded Fund,unknown,high,unknown,0.0,0,0.0,0,0,,False,
ASTS,Technology,Communication Equipment,large,high,high,0.0,0,0.0,0,0,,False,
ASTT,Financial,Exchange Traded Fund,unknown,high,unknown,0.0,0,0.0,0,0,,False,
ASTX,Financial,Exchange Traded Fund,unknown,high,high,0.0,0,0.0,0,0,,False,
ASTY,Financial,Exchange Traded Fund,unknown,high,unknown,0.0,0,0.0,0,0,,False,
ASUP,Financial,Exchange Traded Fund,unknown,high,unknown,0.0,0,0.0,0,0,,False,
ASUR,Technology,Software - Application,micro,high,low,0.0,0,0.0,0,0,,False,
ASX,Technology,Semiconductors,large,high,high,0.0,0,0.0,0,0,,False,
ASYS,Technology,Semiconductor Equipment & Materials,micro,high,high,0.0,0,0.0,0,0,,False,
ATAI,Healthcare,Biotechnology,mid,mid,high,0.0,0,0.0,0,0,,False,
ATAT,Consumer Cyclical,Lodging,mid,mid,low,0.0,1,0.0,0,0,,False,
ATC,Financial,Exchange Traded Fund,unknown,mid,unknown,0.0,0,0.0,0,0,,False,
ATCH,Financial,Capital Markets,micro,high,mid,0.0,0,0.0,0,0,,False,
ATCL,Financial,Exchange Traded Fund,unknown,low,unknown,0.0,0,0.0,0,0,,False,
ATCX,Basic Materials,Other Precious Metals & Mining,micro,high,high,0.0,0,0.0,0,0,,False,
ATEC,Healthcare,Medical Devices,small,high,mid,0.0,0,0.0,0,0,,False,
ATEN,Technology,Software - Infrastructure,small,high,mid,0.0,0,0.0,0,0,,False,
ATER,Consumer Cyclical,"Furnishings, Fixtures & Appliances",micro,high,mid,0.0,0,0.0,0,0,,False,
ATEX,Communication Services,Telecom Services,small,high,mid,0.0,0,0.0,0,0,,False,
ATFV,Financial,Exchange Traded Fund,unknown,mid,high,0.0,0,0.0,0,0,,False,
ATGL,Technology,Software - Infrastructure,micro,high,high,0.0,0,0.0,0,0,,False,
ATHE,Healthcare,Biotechnology,micro,high,low,0.0,0,0.0,0,0,,False,
ATHM,Communication Services,Internet Content & Information,mid,mid,low,0.0,1,0.0,0,0,,False,
ATHR,Technology,Software - Application,micro,high,high,0.0,0,0.0,0,0,,False,
ATI,Industrials,Metal Fabrication,large,mid,mid,0.0,0,0.0,0,0,,False,
ATII,Financial,Shell Companies,small,low,low,0.0,0,0.0,0,0,,False,
ATKR,Industrials,Electrical Equipment & Parts,mid,mid,high,0.0,0,0.0,0,0,,False,
ATLC,Financial,Credit Services,small,high,high,0.0,0,0.0,0,0,,False,
ATLO,Financial,Banks - Regional,micro,mid,low,0.0,0,0.0,0,0,,False,
ATLX,Basic Materials,Other Industrial Metals & Mining,micro,high,low,0.0,0,0.0,0,0,,False,
ATMP,Financial,Exchange Traded Fund,unknown,low,low,0.0,0,0.0,0,0,,False,
ATMU,Consumer Cyclical,Auto Parts,mid,mid,mid,0.0,0,0.0,0,0,,False,
ATNI,Communication Services,Telecom Services,small,mid,low,0.0,0,0.0,0,0,,False,
ATNM,Healthcare,Biotechnology,micro,mid,low,0.0,0,0.0,0,0,,False,
ATO,Utilities,Utilities - Regulated Gas,large,low,low,0.0,0,0.0,0,0,,False,
ATOM,Technology,Semiconductor Equipment & Materials,micro,high,high,0.0,0,0.0,0,0,,False,
ATOS,Healthcare,Biotechnology,micro,high,mid,0.0,0,0.0,0,0,,False,
ATPC,Consumer Defensive,Packaged Foods,micro,high,mid,0.0,0,0.0,0,0,,False,
ATR,Healthcare,Medical Instruments & Supplies,mid,mid,low,0.0,0,0.0,0,0,,False,
ATRA,Healthcare,Biotechnology,micro,high,low,0.0,0,0.0,0,0,,False,
ATRC,Healthcare,Medical Instruments & Supplies,mid,mid,mid,0.0,0,0.0,0,0,,False,
ATRO,Industrials,Aerospace & Defense,mid,high,mid,0.0,0,0.0,0,0,,False,
ATS,Industrials,Specialty Industrial Machinery,small,high,mid,0.0,0,0.0,0,0,,False,
ATTO,Healthcare,Biotechnology,small,high,unknown,0.0,0,0.0,0,0,,False,
ATTR,Financial,Exchange Traded Fund,unknown,low,unknown,0.0,0,0.0,0,0,,False,
ATXG,Industrials,Integrated Freight & Logistics,micro,high,high,0.0,1,0.0,0,0,,False,
ATYR,Healthcare,Biotechnology,micro,high,low,0.0,0,0.0,0,0,,False,
AU,Basic Materials,Gold,large,mid,low,0.0,0,0.0,0,0,,False,
AUAU,Financial,Exchange Traded Fund,unknown,mid,unknown,0.0,0,0.0,0,0,,False,
AUB,Financial,Banks - Regional,mid,mid,low,0.0,0,0.0,0,0,,False,
AUBN,Financial,Banks - Regional,micro,mid,low,0.0,0,0.0,0,0,,False,
AUC,Financial,Capital Markets,micro,high,low,0.0,0,0.0,0,0,,False,
AUDC,Technology,Communication Equipment,micro,mid,mid,0.0,0,0.0,0,0,,False,
AUGC,Financial,Exchange Traded Fund,unknown,low,unknown,0.0,0,0.0,0,0,,False,
AUGM,Financial,Exchange Traded Fund,unknown,low,low,0.0,0,0.0,0,0,,False,
AUGO,Basic Materials,Gold,mid,high,low,0.0,0,0.0,0,0,,False,
AUGP,Financial,Exchange Traded Fund,unknown,low,low,0.0,0,0.0,0,0,,False,
AUGT,Financial,Exchange Traded Fund,unknown,low,low,0.0,0,0.0,0,0,,False,
AUGU,Financial,Exchange Traded Fund,unknown,low,low,0.0,0,0.0,0,0,,False,
AUGW,Financial,Exchange Traded Fund,unknown,low,low,0.0,0,0.0,0,0,,False,
AUGZ,Financial,Exchange Traded Fund,unknown,low,low,0.0,0,0.0,0,0,,False,
AUID,Technology,Software - Infrastructure,micro,high,high,0.0,0,0.0,0,0,,False,
AUMI,Financial,Exchange Traded Fund,unknown,mid,low,0.0,0,0.0,0,0,,False,
AUNA,Healthcare,Medical Care Facilities,small,mid,low,0.0,0,0.0,0,0,,False,
AUPH,Healthcare,Biotechnology,mid,mid,high,0.0,0,0.0,0,0,,False,
AUR,Consumer Cyclical,Auto Parts,large,high,high,0.0,0,0.0,0,0,,False,
AURA,Healthcare,Biotechnology,small,high,low,0.0,0,0.0,0,0,,False,
AURE,Financial,Capital Markets,micro,high,high,0.0,0,0.0,0,0,,False,
AUSF,Financial,Exchange Traded Fund,unknown,low,low,0.0,0,0.0,0,0,,False,
AUSM,Financial,Exchange Traded Fund,unknown,low,low,0.0,0,0.0,0,0,,False,
AUST,Basic Materials,Gold,micro,high,mid,0.0,0,0.0,0,0,,False,
AUTL,Healthcare,Biotechnology,small,high,high,0.0,0,0.0,0,0,,False,
AUUD,Technology,Software - Application,micro,high,low,0.0,0,0.0,0,0,,False,
AV,Financial,Exchange Traded Fund,unknown,low,unknown,0.0,0,0.0,0,0,,False,
AVA,Utilities,Utilities - Diversified,mid,mid,low,0.0,0,0.0,0,0,,False,
AVAH,Healthcare,Medical Care Facilities,small,mid,high,0.0,0,0.0,0,0,,False,
AVAL,Financial,Banks - Regional,mid,mid,low,0.0,0,0.0,0,0,,False,
AVAT,Financial,Asset Management,micro,high,high,0.0,0,0.0,0,0,,False,
AVAV,Industrials,Aerospace & Defense,mid,high,high,0.0,0,0.0,0,0,,False,
AVAZ,Financial,Exchange Traded Fund,unknown,high,unknown,0.0,0,0.0,0,0,,False,
AVB,Real Estate,REIT - Residential,large,low,low,0.0,0,0.0,0,0,,False,
AVBC,Financial,Banks - Regional,small,mid,low,0.0,0,0.0,0,0,,False,
AVBH,Financial,Banks - Regional,small,mid,low,0.0,0,0.0,0,0,,False,
AVBP,Healthcare,Biotechnology,small,high,high,0.0,0,0.0,0,0,,False,
AVD,Basic Materials,Agricultural Inputs,micro,high,high,0.0,0,0.0,0,0,,False,
AVDE,Financial,Exchange Traded Fund,unknown,low,low,0.0,0,0.0,0,0,,False,
AVDS,Financial,Exchange Traded Fund,unknown,low,low,0.0,0,0.0,0,0,,False,
AVDV,Financial,Exchange Traded Fund,unknown,low,low,0.0,0,0.0,0,0,,False,
AVEE,Financial,Exchange Traded Fund,unknown,low,low,0.0,0,0.0,0,0,,False,
AVEM,Financial,Exchange Traded Fund,unknown,low,low,0.0,0,0.0,0,0,,False,
AVES,Financial,Exchange Traded Fund,unknown,low,low,0.0,0,0.0,0,0,,False,
AVEX,Industrials,Aerospace & Defense,mid,high,unknown,0.0,0,0.0,0,0,,False,
AVGB,Financial,Exchange Traded Fund,unknown,low,low,0.0,0,0.0,0,0,,False,
AVGC,Financial,Exchange Traded Fund,unknown,mid,unknown,0.0,0,0.0,0,0,,False,
AVGE,Financial,Exchange Traded Fund,unknown,low,mid,0.0,0,0.0,0,0,,False,
AVGG,Financial,Exchange Traded Fund,unknown,high,high,0.0,0,0.0,0,0,,False,
AVGO,Technology,Semiconductors,mega,mid,high,0.0,0,0.0,0,0,,False,
AVGU,Financial,Exchange Traded Fund,unknown,high,high,0.0,0,0.0,0,0,,False,
AVGV,Financial,Exchange Traded Fund,unknown,low,low,0.0,0,0.0,0,0,,False,
AVGW,Financial,Exchange Traded Fund,unknown,mid,high,0.0,0,0.0,0,0,,False,
AVGX,Financial,Exchange Traded Fund,unknown,high,high,0.0,0,0.0,0,0,,False,
AVIE,Financial,Exchange Traded Fund,unknown,low,low,0.0,0,0.0,0,0,,False,
AVIG,Financial,Exchange Traded Fund,unknown,low,low,0.0,0,0.0,0,0,,False,
AVIR,Healthcare,Biotechnology,small,mid,low,0.0,0,0.0,0,0,,False,
AVIV,Financial,Exchange Traded Fund,unknown,low,low,0.0,0,0.0,0,0,,False,
AVK,Financial,Closed-End Fund - Debt,small,low,high,0.0,0,0.0,0,0,,False,
AVL,Financial,Exchange Traded Fund,unknown,high,high,0.0,0,0.0,0,0,,False,
AVLC,Financial,Exchange Traded Fund,unknown,low,mid,0.0,0,0.0,0,0,,False,
AVLN,Healthcare,Biotechnology,small,high,unknown,0.0,0,0.0,0,0,,False,
AVLV,Financial,Exchange Traded Fund,unknown,low,mid,0.0,0,0.0,0,0,,False,
AVMA,Financial,Exchange Traded Fund,unknown,low,low,0.0,0,0.0,0,0,,False,
AVMC,Financial,Exchange Traded Fund,unknown,low,mid,0.0,0,0.0,0,0,,False,
AVMU,Financial,Exchange Traded Fund,unknown,low,low,0.0,0,0.0,0,0,,False,
AVMV,Financial,Exchange Traded Fund,unknown,low,mid,0.0,0,0.0,0,0,,False,
AVNM,Financial,Exchange Traded Fund,unknown,low,low,0.0,0,0.0,0,0,,False,
AVNT,Basic Materials,Specialty Chemicals,mid,mid,high,0.0,0,0.0,0,0,,False,
AVNV,Financial,Exchange Traded Fund,unknown,low,low,0.0,0,0.0,0,0,,False,
AVNW,Technology,Communication Equipment,micro,high,low,0.0,0,0.0,0,0,,False,
AVO,Consumer Defensive,Food Distribution,small,mid,low,0.0,0,0.0,0,0,,False,
AVOS,Financial,Exchange Traded Fund,unknown,low,unknown,0.0,0,0.0,0,0,,False,
AVPT,Technology,Software - Infrastructure,mid,mid,mid,0.0,0,0.0,0,0,,False,
AVR,Healthcare,Medical Instruments & Supplies,small,high,high,0.0,0,0.0,0,0,,False,
AVRE,Financial,Exchange Traded Fund,unknown,low,mid,0.0,0,0.0,0,0,,False,
AVRY,Financial,Exchange Traded Fund,unknown,low,unknown,0.0,0,0.0,0,0,,False,
AVS,Financial,Exchange Traded Fund,unknown,mid,low,0.0,0,0.0,0,0,,False,
AVSC,Financial,Exchange Traded Fund,unknown,low,mid,0.0,0,0.0,0,0,,False,
AVSD,Financial,Exchange Traded Fund,unknown,low,mid,0.0,0,0.0,0,0,,False,
AVSE,Financial,Exchange Traded Fund,unknown,low,mid,0.0,0,0.0,0,0,,False,
AVSF,Financial,Exchange Traded Fund,unknown,low,low,0.0,0,0.0,0,0,,False,
AVSU,Financial,Exchange Traded Fund,unknown,low,mid,0.0,0,0.0,0,0,,False,
AVT,Technology,Electronics & Computer Distribution,mid,mid,mid,0.0,0,0.0,0,0,,False,
AVTM,Financial,Exchange Traded Fund,unknown,low,unknown,0.0,0,0.0,0,0,,False,
AVTR,Healthcare,Medical Instruments & Supplies,mid,mid,mid,0.0,0,0.0,0,0,,False,
AVTX,Healthcare,Biotechnology,small,high,mid,0.0,0,0.0,0,0,,False,
AVUQ,Financial,Exchange Traded Fund,unknown,low,mid,0.0,0,0.0,0,0,,False,
AVUS,Financial,Exchange Traded Fund,unknown,low,mid,0.0,0,0.0,0,0,,False,
AVUV,Financial,Exchange Traded Fund,unknown,low,mid,0.0,0,0.0,0,0,,False,
AVX,Technology,Software - Infrastructure,micro,high,low,0.0,0,0.0,0,0,,False,
AVXC,Financial,Exchange Traded Fund,unknown,mid,mid,0.0,0,0.0,0,0,,False,
AVXL,Healthcare,Biotechnology,small,mid,mid,0.0,0,0.0,0,0,,False,
AVXX,Financial,Exchange Traded Fund,unknown,high,unknown,0.0,0,0.0,0,0,,False,
AVY,Consumer Cyclical,Packaging & Containers,large,mid,mid,0.0,0,0.0,0,0,,False,
AWAY,Financial,Exchange Traded Fund,unknown,low,mid,0.0,0,0.0,0,0,,False,
AWF,Financial,Closed-End Fund - Debt,small,low,low,0.0,0,0.0,0,0,,False,
AWI,Industrials,Building Products & Equipment,mid,mid,mid,0.0,0,0.0,0,0,,False,
AWK,Utilities,Utilities - Regulated Water,large,mid,low,0.0,0,0.0,0,0,,False,
AWP,Financial,Closed-End Fund - Foreign,small,low,mid,0.0,0,0.0,0,0,,False,
AWR,Utilities,Utilities - Regulated Water,mid,mid,low,0.0,0,0.0,0,0,,False,
AWRE,Technology,Software - Application,micro,high,mid,0.0,0,0.0,0,0,,False,
AWX,Industrials,Waste Management,micro,mid,low,0.0,0,0.0,0,0,,False,
AX,Financial,Banks - Regional,mid,mid,mid,0.0,0,0.0,0,0,,False,
AXG,Financial,Capital Markets,small,mid,low,0.0,0,0.0,0,0,,False,
AXGN,Healthcare,Medical Devices,mid,mid,mid,0.0,0,0.0,0,0,,False,
AXIA,Utilities,Utilities - Renewable,large,mid,low,0.0,0,0.0,0,0,,False,
AXIL,Technology,Consumer Electronics,micro,high,low,0.0,0,0.0,0,0,,False,
AXIN,Financial,Shell Companies,micro,low,low,0.0,0,0.0,0,0,,False,
AXON,Industrials,Aerospace & Defense,large,high,high,0.0,0,0.0,0,0,,False,
AXP,Financial,Credit Services,mega,mid,mid,0.0,0,0.0,0,0,,False,
AXR,Real Estate,Real Estate - Development,micro,mid,mid,0.0,0,0.0,0,0,,False,
AXS,Financial,Insurance - Specialty,mid,mid,low,0.0,0,0.0,0,0,,False,
AXSM,Healthcare,Biotechnology,large,mid,low,0.0,0,0.0,0,0,,False,
AXTA,Basic Materials,Specialty Chemicals,mid,mid,mid,0.0,0,0.0,0,0,,False,
AXTC,Financial,Exchange Traded Fund,unknown,high,unknown,0.0,0,0.0,0,0,,False,
AXTI,Technology,Semiconductor Equipment & Materials,mid,high,high,0.0,0,0.0,0,0,,False,
AXTL,Financial,Exchange Traded Fund,unknown,high,unknown,0.0,0,0.0,0,0,,False,
AXTU,Financial,Exchange Traded Fund,unknown,high,unknown,0.0,0,0.0,0,0,,False,
AXTX,Financial,Exchange Traded Fund,unknown,high,unknown,0.0,0,0.0,0,0,,False,
AYA,Basic Materials,Silver,mid,high,mid,0.0,0,0.0,0,0,,False,
AYI,Industrials,Electrical Equipment & Parts,large,mid,high,0.0,0,0.0,0,0,,False,
AYTU,Healthcare,Drug Manufacturers - Specialty & Generic,micro,mid,low,0.0,0,0.0,0,0,,False,
AZ,Technology,Software - Application,micro,high,high,0.0,0,0.0,0,0,,False,
AZI,Consumer Cyclical,Auto & Truck Dealerships,micro,high,low,0.0,1,0.0,0,0,,False,
AZIO,Technology,Software - Infrastructure,micro,high,mid,0.0,0,0.0,0,0,,False,
AZN,Healthcare,Drug Manufacturers - General,mega,mid,low,0.0,0,0.0,0,0,,False,
AZO,Consumer Cyclical,Auto Parts,large,mid,low,0.0,0,0.0,0,0,,False,
AZTA,Healthcare,Medical Instruments & Supplies,small,mid,high,0.0,0,0.0,0,0,,False,
AZTD,Financial,Exchange Traded Fund,unknown,low,mid,0.0,0,0.0,0,0,,False,
AZTR,Healthcare,Biotechnology,micro,high,low,0.0,0,0.0,0,0,,False,
AZUL,Industrials,Airlines,small,high,unknown,0.0,0,0.0,0,0,,False,
AZYY,Financial,Exchange Traded Fund,unknown,low,unknown,0.0,0,0.0,0,0,,False,
AZZ,Industrials,Specialty Business Services,mid,mid,mid,0.0,0,0.0,0,0,,False,
B,Basic Materials,Gold,large,mid,low,0.0,0,0.0,0,0,,False,
BA,Industrials,Aerospace & Defense,large,mid,mid,0.0,0,0.0,0,0,,False,
BAB,Financial,Exchange Traded Fund,unknown,low,low,0.0,0,0.0,0,0,,False,
BABA,Consumer Cyclical,Internet Retail,mega,mid,low,0.0,1,0.0,0,0,,False,
BABC,Financial,Exchange Traded Fund,unknown,mid,unknown,0.0,0,0.0,0,0,,False,
BABO,Financial,Exchange Traded Fund,unknown,mid,low,0.0,0,0.0,0,0,,False,
BABU,Financial,Exchange Traded Fund,unknown,high,unknown,0.0,0,0.0,0,0,,False,
BABW,Financial,Exchange Traded Fund,unknown,mid,unknown,0.0,0,0.0,0,0,,False,
BABX,Financial,Exchange Traded Fund,unknown,high,high,0.0,0,0.0,0,0,,False,
BAC,Financial,Banks - Diversified,mega,low,mid,0.0,0,0.0,0,0,,False,
BACC,Financial,Shell Companies,micro,low,low,0.0,0,0.0,0,0,,False,
BAER,Industrials,Security & Protection Services,micro,high,low,0.0,0,0.0,0,0,,False,
BAFE,Financial,Exchange Traded Fund,unknown,low,mid,0.0,0,0.0,0,0,,False,
BAFN,Financial,Banks - Regional,micro,high,low,0.0,0,0.0,0,0,,False,
BAGX,Financial,Exchange Traded Fund,unknown,low,unknown,0.0,0,0.0,0,0,,False,
BAGY,Financial,Exchange Traded Fund,unknown,low,high,0.0,0,0.0,0,0,,False,
BAH,Industrials,Consulting Services,mid,mid,low,0.0,0,0.0,0,0,,False,
BAI,Financial,Exchange Traded Fund,unknown,mid,high,0.0,0,0.0,0,0,,False,
BAIG,Financial,Exchange Traded Fund,unknown,high,high,0.0,0,0.0,0,0,,False,
BAIV,Financial,Exchange Traded Fund,unknown,low,unknown,0.0,0,0.0,0,0,,False,
BAK,Basic Materials,Chemicals,small,high,high,0.0,0,0.0,0,0,,False,
BALI,Financial,Exchange Traded Fund,unknown,low,low,0.0,0,0.0,0,0,,False,
BALL,Consumer Cyclical,Packaging & Containers,large,mid,mid,0.0,0,0.0,0,0,,False,
BALQ,Financial,Exchange Traded Fund,unknown,low,unknown,0.0,0,0.0,0,0,,False,
BALT,Financial,Exchange Traded Fund,unknown,low,low,0.0,0,0.0,0,0,,False,
BALY,Consumer Cyclical,Resorts & Casinos,small,high,high,0.0,0,0.0,0,0,,False,
BAM,Financial,Asset Management,large,mid,mid,0.0,0,0.0,0,0,,False,
BAMA,Financial,Exchange Traded Fund,unknown,low,low,0.0,0,0.0,0,0,,False,
BAMB,Financial,Exchange Traded Fund,unknown,low,low,0.0,0,0.0,0,0,,False,
BAMD,Financial,Exchange Traded Fund,unknown,low,low,0.0,0,0.0,0,0,,False,
BAMG,Financial,Exchange Traded Fund,unknown,low,mid,0.0,0,0.0,0,0,,False,
BAMO,Financial,Exchange Traded Fund,unknown,low,low,0.0,0,0.0,0,0,,False,
BAMU,Financial,Exchange Traded Fund,unknown,low,low,0.0,0,0.0,0,0,,False,
BAMV,Financial,Exchange Traded Fund,unknown,low,low,0.0,0,0.0,0,0,,False,
BAMY,Financial,Exchange Traded Fund,unknown,low,low,0.0,0,0.0,0,0,,False,
BANC,Financial,Banks - Regional,mid,mid,low,0.0,0,0.0,0,0,,False,
BAND,Technology,Software - Infrastructure,small,high,high,0.0,0,0.0,0,0,,False,
BANF,Financial,Banks - Regional,mid,mid,low,0.0,0,0.0,0,0,,False,
BANL,Energy,Oil & Gas Midstream,micro,high,low,0.0,0,0.0,0,0,,False,
BANR,Financial,Banks - Regional,mid,low,mid,0.0,0,0.0,0,0,,False,
BANX,Financial,Closed-End Fund - Debt,micro,low,low,0.0,0,0.0,0,0,,False,
BAOS,Communication Services,Advertising Agencies,micro,high,high,0.0,1,0.0,0,0,,False,
BAP,Financial,Banks - Regional,large,mid,mid,0.0,0,0.0,0,0,,False,
BAPR,Financial,Exchange Traded Fund,unknown,low,low,0.0,0,0.0,0,0,,False,
BAR,Financial,Exchange Traded Fund,unknown,low,low,0.0,0,0.0,0,0,,False,
BARK,Consumer Cyclical,Specialty Retail,micro,high,high,0.0,0,0.0,0,0,,False,
BASG,Financial,Exchange Traded Fund,unknown,low,mid,0.0,0,0.0,0,0,,False,
BASV,Financial,Exchange Traded Fund,unknown,low,low,0.0,0,0.0,0,0,,False,
BATL,Energy,Oil & Gas E&P,micro,high,low,0.0,0,0.0,0,0,,False,
BATRA,Communication Services,Entertainment,mid,mid,mid,0.0,0,0.0,0,0,,False,
BATRK,Communication Services,Entertainment,mid,mid,mid,0.0,0,0.0,0,0,,False,
BATT,Financial,Exchange Traded Fund,unknown,mid,mid,0.0,0,0.0,0,0,,False,
BAUG,Financial,Exchange Traded Fund,unknown,low,low,0.0,0,0.0,0,0,,False,
BAVA,Financial,Exchange Traded Fund,unknown,mid,unknown,0.0,0,0.0,0,0,,False,
BAX,Healthcare,Medical Instruments & Supplies,large,mid,low,0.0,0,0.0,0,0,,False,
BAY,Financial,Exchange Traded Fund,unknown,low,unknown,0.0,0,0.0,0,0,,False,
BB,Technology,Software - Infrastructure,mid,high,high,0.0,0,0.0,0,0,,False,
BBAG,Financial,Exchange Traded Fund,unknown,low,low,0.0,0,0.0,0,0,,False,
BBAI,Technology,Information Technology Services,small,high,high,0.0,0,0.0,0,0,,False,
BBAR,Financial,Banks - Regional,mid,high,mid,0.0,0,0.0,0,0,,False,
BBAX,Financial,Exchange Traded Fund,unknown,low,mid,0.0,0,0.0,0,0,,False,
BBB,Financial,Exchange Traded Fund,unknown,low,mid,0.0,0,0.0,0,0,,False,
BBBI,Financial,Exchange Traded Fund,unknown,low,low,0.0,0,0.0,0,0,,False,
BBBL,Financial,Exchange Traded Fund,unknown,low,low,0.0,0,0.0,0,0,,False,
BBBS,Financial,Exchange Traded Fund,unknown,low,low,0.0,0,0.0,0,0,,False,
BBBY,Consumer Cyclical,Internet Retail,small,high,high,0.0,0,0.0,0,0,,False,
BBC,Financial,Exchange Traded Fund,unknown,mid,mid,0.0,0,0.0,0,0,,False,
BBCA,Financial,Exchange Traded Fund,unknown,low,mid,0.0,0,0.0,0,0,,False,
BBCB,Financial,Exchange Traded Fund,unknown,low,low,0.0,0,0.0,0,0,,False,
BBCP,Industrials,Engineering & Construction,small,mid,mid,0.0,0,0.0,0,0,,False,
BBCQ,Financial,Shell Companies,small,low,unknown,0.0,0,0.0,0,0,,False,
BBD,Financial,Banks - Regional,large,mid,low,0.0,0,0.0,0,0,,False,
BBDC,Financial,Asset Management,small,mid,low,0.0,0,0.0,0,0,,False,
BBEM,Financial,Exchange Traded Fund,unknown,low,low,0.0,0,0.0,0,0,,False,
BBEU,Financial,Exchange Traded Fund,unknown,low,mid,0.0,0,0.0,0,0,,False,
BBGI,Communication Services,Broadcasting,micro,high,high,0.0,0,0.0,0,0,,False,
BBH,Financial,Exchange Traded Fund,unknown,low,low,0.0,0,0.0,0,0,,False,
BBHL,Financial,Exchange Traded Fund,unknown,low,unknown,0.0,0,0.0,0,0,,False,
BBHM,Financial,Exchange Traded Fund,unknown,low,unknown,0.0,0,0.0,0,0,,False,
BBHY,Financial,Exchange Traded Fund,unknown,low,low,0.0,0,0.0,0,0,,False,
BBIB,Financial,Exchange Traded Fund,unknown,low,low,0.0,0,0.0,0,0,,False,
BBIN,Financial,Exchange Traded Fund,unknown,low,low,0.0,0,0.0,0,0,,False,
BBIO,Healthcare,Biotechnology,large,mid,mid,0.0,0,0.0,0,0,,False,
BBJP,Financial,Exchange Traded Fund,unknown,low,low,0.0,0,0.0,0,0,,False,
BBLB,Financial,Exchange Traded Fund,unknown,low,low,0.0,0,0.0,0,0,,False,
BBLG,Healthcare,Biotechnology,micro,high,mid,0.0,0,0.0,0,0,,False,
BBLU,Financial,Exchange Traded Fund,unknown,low,mid,0.0,0,0.0,0,0,,False,
BBMC,Financial,Exchange Traded Fund,unknown,low,mid,0.0,0,0.0,0,0,,False,
BBN,Financial,Closed-End Fund - Debt,small,low,low,0.0,0,0.0,0,0,,False,
BBNX,Healthcare,Medical Devices,small,high,high,0.0,0,0.0,0,0,,False,
BBOT,Healthcare,Biotechnology,small,high,low,0.0,0,0.0,0,0,,False,
BBP,Financial,Exchange Traded Fund,unknown,low,low,0.0,0,0.0,0,0,,False,
BBRE,Financial,Exchange Traded Fund,unknown,low,mid,0.0,0,0.0,0,0,,False,
BBSB,Financial,Exchange Traded Fund,unknown,low,low,0.0,0,0.0,0,0,,False,
BBSC,Financial,Exchange Traded Fund,unknown,low,mid,0.0,0,0.0,0,0,,False,
BBSI,Industrials,Staffing & Employment Services,small,high,mid,0.0,0,0.0,0,0,,False,
BBT,Financial,Banks - Regional,mid,mid,low,0.0,0,0.0,0,0,,False,
BBUC,Industrials,Conglomerates,mid,mid,high,0.0,0,0.0,0,0,,False,
BBUL,Financial,Exchange Traded Fund,unknown,high,unknown,0.0,0,0.0,0,0,,False,
BBUS,Financial,Exchange Traded Fund,unknown,low,mid,0.0,0,0.0,0,0,,False,
BBVA,Financial,Banks - Diversified,large,low,mid,0.0,0,0.0,0,0,,False,
BBW,Consumer Cyclical,Specialty Retail,small,mid,mid,0.0,0,0.0,0,0,,False,
BBWI,Consumer Cyclical,Specialty Retail,mid,mid,high,0.0,0,0.0,0,0,,False,
BBY,Consumer Cyclical,Specialty Retail,large,mid,high,0.0,0,0.0,0,0,,False,
BBYY,Financial,Exchange Traded Fund,unknown,low,unknown,0.0,0,0.0,0,0,,False,
BC,Consumer Cyclical,Recreational Vehicles,mid,mid,high,0.0,0,0.0,0,0,,False,
BCAB,Healthcare,Biotechnology,micro,high,low,0.0,0,0.0,0,0,,False,
BCACU,Financial,Shell Companies,unknown,unknown,unknown,0.0,0,0.0,0,0,,False,
BCAL,Financial,Banks - Regional,small,mid,low,0.0,0,0.0,0,0,,False,
BCAR,Financial,Shell Companies,micro,high,mid,0.0,0,0.0,0,0,,False,
BCAT,Financial,Closed-End Fund - Equity,small,low,low,0.0,0,0.0,0,0,,False,
BCAX,Healthcare,Biotechnology,small,high,low,0.0,0,0.0,0,0,,False,
BCBP,Financial,Banks - Regional,micro,mid,low,0.0,0,0.0,0,0,,False,
BCC,Basic Materials,Lumber & Wood Production,mid,mid,mid,0.0,0,0.0,0,0,,False,
BCCC,Financial,Exchange Traded Fund,unknown,low,mid,0.0,0,0.0,0,0,,False,
BCCQ,Financial,Shell Companies,small,low,unknown,0.0,0,0.0,0,0,,False,
BCD,Financial,Exchange Traded Fund,unknown,low,low,0.0,0,0.0,0,0,,False,
BCDA,Healthcare,Biotechnology,micro,high,low,0.0,0,0.0,0,0,,False,
BCDF,Financial,Exchange Traded Fund,unknown,low,low,0.0,0,0.0,0,0,,False,
BCE,Communication Services,Telecom Services,large,mid,low,0.0,0,0.0,0,0,,False,
BCEM,Financial,Exchange Traded Fund,unknown,low,unknown,0.0,0,0.0,0,0,,False,
BCFN,Financial,Exchange Traded Fund,unknown,low,unknown,0.0,0,0.0,0,0,,False,
BCG,Financial,Asset Management,micro,high,mid,0.0,0,0.0,0,0,,False,
BCGD,Financial,Exchange Traded Fund,unknown,low,unknown,0.0,0,0.0,0,0,,False,
BCGS,Financial,Exchange Traded Fund,unknown,low,unknown,0.0,0,0.0,0,0,,False,
BCH,Financial,Banks - Regional,large,mid,low,0.0,0,0.0,0,0,,False,
BCHI,Financial,Exchange Traded Fund,unknown,low,mid,0.0,0,0.0,0,0,,False,
BCHP,Financial,Exchange Traded Fund,unknown,low,mid,0.0,0,0.0,0,0,,False,
BCHT,Industrials,Pollution & Treatment Controls,micro,high,high,0.0,0,0.0,0,0,,False,
BCI,Financial,Exchange Traded Fund,unknown,low,low,0.0,0,0.0,0,0,,False,
BCIC,Financial,Asset Management,micro,mid,low,0.0,0,0.0,0,0,,False,
BCIL,Financial,Exchange Traded Fund,unknown,low,low,0.0,0,0.0,0,0,,False,
BCKT,Financial,Exchange Traded Fund,unknown,low,unknown,0.0,0,0.0,0,0,,False,
BCLO,Financial,Exchange Traded Fund,unknown,low,low,0.0,0,0.0,0,0,,False,
BCML,Financial,Banks - Regional,small,mid,low,0.0,0,0.0,0,0,,False,
BCO,Industrials,Security & Protection Services,mid,mid,mid,0.0,0,0.0,0,0,,False,
BCOR,Financial,Exchange Traded Fund,unknown,mid,high,0.0,0,0.0,0,0,,False,
BCPC,Basic Materials,Specialty Chemicals,mid,mid,mid,0.0,0,0.0,0,0,,False,
BCPL,Financial,Exchange Traded Fund,unknown,low,unknown,0.0,0,0.0,0,0,,False,
BCRX,Healthcare,Drug Manufacturers - Specialty & Generic,mid,mid,low,0.0,0,0.0,0,0,,False,
BCS,Financial,Banks - Diversified,large,mid,mid,0.0,0,0.0,0,0,,False,
BCSF,Financial,Asset Management,small,mid,low,0.0,0,0.0,0,0,,False,
BCSM,Financial,Exchange Traded Fund,unknown,low,unknown,0.0,0,0.0,0,0,,False,
BCSS,Financial,Shell Companies,small,low,unknown,0.0,0,0.0,0,0,,False,
BCTK,Financial,Exchange Traded Fund,unknown,mid,unknown,0.0,0,0.0,0,0,,False,
BCTX,Healthcare,Biotechnology,micro,high,mid,0.0,0,0.0,0,0,,False,
BCUS,Financial,Exchange Traded Fund,unknown,low,mid,0.0,0,0.0,0,0,,False,
BCV,Financial,Closed-End Fund - Debt,micro,mid,mid,0.0,0,0.0,0,0,,False,
BCX,Financial,Closed-End Fund - Equity,small,low,low,0.0,0,0.0,0,0,,False,
BCYC,Healthcare,Biotechnology,micro,mid,high,0.0,0,0.0,0,0,,False,
BD,Financial,Exchange Traded Fund,unknown,low,unknown,0.0,0,0.0,0,0,,False,
BDBT,Financial,Exchange Traded Fund,unknown,low,low,0.0,0,0.0,0,0,,False,
BDC,Technology,Communication Equipment,mid,mid,mid,0.0,0,0.0,0,0,,False,
BDCI,Financial,Shell Companies,small,low,unknown,0.0,0,0.0,0,0,,False,
BDCX,Financial,Exchange Traded Fund,unknown,mid,mid,0.0,0,0.0,0,0,,False,
BDCZ,Financial,Exchange Traded Fund,unknown,mid,low,0.0,0,0.0,0,0,,False,
BDEC,Financial,Exchange Traded Fund,unknown,low,low,0.0,0,0.0,0,0,,False,
BDGS,Financial,Exchange Traded Fund,unknown,low,low,0.0,0,0.0,0,0,,False,
BDIV,Financial,Exchange Traded Fund,unknown,low,low,0.0,0,0.0,0,0,,False,
BDJ,Financial,Closed-End Fund - Equity,small,low,mid,0.0,0,0.0,0,0,,False,
BDL,Consumer Cyclical,Restaurants,micro,high,low,0.0,0,0.0,0,0,,False,
BDMD,Healthcare,Medical Devices,micro,high,low,0.0,1,0.0,0,0,,False,
BDN,Real Estate,REIT - Office,small,mid,mid,0.0,0,0.0,0,0,,False,
BDRX,Healthcare,Biotechnology,micro,high,mid,0.0,0,0.0,0,0,,False,
BDRY,Financial,Exchange Traded Fund,unknown,mid,mid,0.0,0,0.0,0,0,,False,
BDSX,Healthcare,Diagnostics & Research,micro,high,low,0.0,0,0.0,0,0,,False,
BDTX,Healthcare,Biotechnology,micro,high,high,0.0,0,0.0,0,0,,False,
BDVG,Financial,Exchange Traded Fund,unknown,low,low,0.0,0,0.0,0,0,,False,
BDVL,Financial,Exchange Traded Fund,unknown,low,unknown,0.0,0,0.0,0,0,,False,
BDX,Healthcare,Medical Instruments & Supplies,large,mid,low,0.0,0,0.0,0,0,,False,
BDYN,Financial,Exchange Traded Fund,unknown,low,unknown,0.0,0,0.0,0,0,,False,
BE,Industrials,Electrical Equipment & Parts,large,high,high,0.0,0,0.0,0,0,,False,
BEAG,Financial,Shell Companies,small,low,low,0.0,0,0.0,0,0,,False,
BEAM,Healthcare,Biotechnology,mid,high,high,0.0,0,0.0,0,0,,False,
BEAT,Healthcare,Health Information Services,micro,high,low,0.0,0,0.0,0,0,,False,
BEBE,Financial,Shell Companies,micro,low,unknown,0.0,0,0.0,0,0,,False,
BEC,Financial,Exchange Traded Fund,unknown,high,unknown,0.0,0,0.0,0,0,,False,
BEDY,Financial,Exchange Traded Fund,unknown,low,unknown,0.0,0,0.0,0,0,,False,
BEDZ,Financial,Exchange Traded Fund,unknown,low,mid,0.0,0,0.0,0,0,,False,
BEEM,Technology,Solar,micro,high,high,0.0,0,0.0,0,0,,False,
BEEP,Industrials,Infrastructure Operations,micro,high,low,0.0,0,0.0,0,0,,False,
BEEX,Financial,Exchange Traded Fund,unknown,low,mid,0.0,0,0.0,0,0,,False,
BEEZ,Financial,Exchange Traded Fund,unknown,low,low,0.0,0,0.0,0,0,,False,
BEG,Financial,Exchange Traded Fund,unknown,high,unknown,0.0,0,0.0,0,0,,False,
BEGS,Financial,Exchange Traded Fund,unknown,mid,high,0.0,0,0.0,0,0,,False,
BEKE,Real Estate,Real Estate Services,large,mid,low,0.0,1,0.0,0,0,,False,
BELFA,Technology,Electronic Components,mid,high,high,0.0,0,0.0,0,0,,False,
BELFB,Technology,Electronic Components,mid,high,high,0.0,0,0.0,0,0,,False,
BELT,Financial,Exchange Traded Fund,unknown,low,high,0.0,0,0.0,0,0,,False,
BEMB,Financial,Exchange Traded Fund,unknown,low,low,0.0,0,0.0,0,0,,False,
BEN,Financial,Asset Management,large,mid,high,0.0,0,0.0,0,0,,False,
BENF,Financial,Asset Management,micro,high,low,0.0,0,0.0,0,0,,False,
BENJ,Financial,Exchange Traded Fund,unknown,low,low,0.0,0,0.0,0,0,,False,
BEP,Utilities,Utilities - Renewable,large,mid,mid,0.0,0,0.0,0,0,,False,
BEPC,Utilities,Utilities - Renewable,mid,mid,mid,0.0,0,0.0,0,0,,False,
BERZ,Financial,Exchange Traded Fund,unknown,high,low,0.0,0,0.0,0,0,,False,
BESF,Financial,Exchange Traded Fund,unknown,low,low,0.0,0,0.0,0,0,,False,
BESO,Financial,Exchange Traded Fund,unknown,mid,unknown,0.0,0,0.0,0,0,,False,
BESS,Utilities,Utilities - Renewable,micro,high,low,0.0,0,0.0,0,0,,False,
BETA,Industrials,Aerospace & Defense,mid,high,unknown,0.0,0,0.0,0,0,,False,
BETE,Financial,Exchange Traded Fund,unknown,mid,high,0.0,0,0.0,0,0,,False,
BETH,Financial,Exchange Traded Fund,unknown,low,high,0.0,0,0.0,0,0,,False,
BETR,Financial,Mortgage Finance,micro,high,high,0.0,0,0.0,0,0,,False,
BETZ,Financial,Exchange Traded Fund,unknown,low,mid,0.0,0,0.0,0,0,,False,
BEX,Financial,Exchange Traded Fund,unknown,high,unknown,0.0,0,0.0,0,0,,False,
BEZ,Financial,Exchange Traded Fund,unknown,high,unknown,0.0,0,0.0,0,0,,False,
BF-A,Consumer Defensive,Beverages - Wineries & Distilleries,large,mid,low,0.0,0,0.0,0,0,,False,
BF-B,Consumer Defensive,Beverages - Wineries & Distilleries,large,mid,low,0.0,0,0.0,0,0,,False,
BFAM,Consumer Cyclical,Personal Services,mid,mid,mid,0.0,0,0.0,0,0,,False,
BFAP,Financial,Exchange Traded Fund,unknown,low,mid,0.0,0,0.0,0,0,,False,
BFC,Financial,Banks - Regional,small,mid,low,0.0,0,0.0,0,0,,False,
BFEB,Financial,Exchange Traded Fund,unknown,low,low,0.0,0,0.0,0,0,,False,
BFEW,Financial,Exchange Traded Fund,unknown,low,unknown,0.0,0,0.0,0,0,,False,
BFH,Financial,Credit Services,mid,mid,mid,0.0,0,0.0,0,0,,False,
BFIX,Financial,Exchange Traded Fund,unknown,low,low,0.0,0,0.0,0,0,,False,
BFJA,Financial,Exchange Traded Fund,unknown,low,unknown,0.0,0,0.0,0,0,,False,
BFJL,Financial,Exchange Traded Fund,unknown,low,low,0.0,0,0.0,0,0,,False,
BFLB,Financial,Exchange Traded Fund,unknown,low,unknown,0.0,0,0.0,0,0,,False,
BFLX,Financial,Exchange Traded Fund,unknown,low,unknown,0.0,0,0.0,0,0,,False,
BFLY,Healthcare,Medical Devices,mid,high,high,0.0,0,0.0,0,0,,False,
BFOC,Financial,Exchange Traded Fund,unknown,low,unknown,0.0,0,0.0,0,0,,False,
BFOR,Financial,Exchange Traded Fund,unknown,low,mid,0.0,0,0.0,0,0,,False,
BFRG,Healthcare,Health Information Services,micro,high,low,0.0,0,0.0,0,0,,False,
BFRI,Healthcare,Drug Manufacturers - Specialty & Generic,micro,high,mid,0.0,0,0.0,0,0,,False,
BFRZ,Financial,Exchange Traded Fund,unknown,low,low,0.0,0,0.0,0,0,,False,
BFS,Real Estate,REIT - Retail,small,mid,mid,0.0,0,0.0,0,0,,False,
BFST,Financial,Banks - Regional,small,low,low,0.0,0,0.0,0,0,,False,
BFXU,Financial,Exchange Traded Fund,unknown,low,unknown,0.0,0,0.0,0,0,,False,
BG,Consumer Defensive,Farm Products,large,mid,low,0.0,0,0.0,0,0,,False,
BGB,Financial,Closed-End Fund - Debt,small,low,low,0.0,0,0.0,0,0,,False,
BGC,Financial,Capital Markets,mid,mid,mid,0.0,0,0.0,0,0,,False,
BGCG,Financial,Exchange Traded Fund,unknown,low,unknown,0.0,0,0.0,0,0,,False,
BGDE,Financial,Capital Markets,micro,high,high,0.0,0,0.0,0,0,,False,
BGDV,Financial,Exchange Traded Fund,unknown,low,low,0.0,0,0.0,0,0,,False,
BGEG,Financial,Exchange Traded Fund,unknown,low,unknown,0.0,0,0.0,0,0,,False,
BGFI,Financial,Exchange Traded Fund,unknown,low,unknown,0.0,0,0.0,0,0,,False,
BGGG,Financial,Exchange Traded Fund,unknown,low,unknown,0.0,0,0.0,0,0,,False,
BGH,Financial,Closed-End Fund - Debt,micro,low,low,0.0,0,0.0,0,0,,False,
BGI,Consumer Cyclical,Luxury Goods,micro,high,low,0.0,0,0.0,0,0,,False,
BGIA,Financial,Exchange Traded Fund,unknown,low,unknown,0.0,0,0.0,0,0,,False,
BGIG,Financial,Exchange Traded Fund,unknown,low,low,0.0,0,0.0,0,0,,False,
BGIN,Technology,Computer Hardware,micro,high,unknown,0.0,0,0.0,0,0,,False,
BGL,Basic Materials,Gold,micro,high,high,0.0,0,0.0,0,0,,False,
BGLC,Basic Materials,Specialty Chemicals,micro,high,high,0.0,0,0.0,0,0,,False,
BGLD,Financial,Exchange Traded Fund,unknown,low,low,0.0,0,0.0,0,0,,False,
BGM,Healthcare,Drug Manufacturers - Specialty & Generic,micro,high,high,0.0,1,0.0,0,0,,False,
BGMS,Industrials,Building Products & Equipment,micro,high,low,0.0,0,0.0,0,0,,False,
BGR,Financial,Closed-End Fund - Equity,small,low,low,0.0,0,0.0,0,0,,False,
BGRN,Financial,Exchange Traded Fund,unknown,low,low,0.0,0,0.0,0,0,,False,
BGRO,Financial,Exchange Traded Fund,unknown,low,high,0.0,0,0.0,0,0,,False,
BGS,Consumer Defensive,Packaged Foods,micro,mid,low,0.0,0,0.0,0,0,,False,
BGSF,Industrials,Staffing & Employment Services,micro,mid,low,0.0,0,0.0,0,0,,False,
BGSI,Consumer Cyclical,Auto & Truck Dealerships,mid,mid,low,0.0,0,0.0,0,0,,False,
BGT,Financial,Closed-End Fund - Debt,small,low,low,0.0,0,0.0,0,0,,False,
BGUS,Financial,Exchange Traded Fund,unknown,low,unknown,0.0,0,0.0,0,0,,False,
BGX,Financial,Closed-End Fund - Debt,micro,low,low,0.0,0,0.0,0,0,,False,
BGY,Financial,Closed-End Fund - Foreign,small,low,low,0.0,0,0.0,0,0,,False,
BH,Consumer Cyclical,Restaurants,small,high,low,0.0,0,0.0,0,0,,False,
BHAV,Financial,Shell Companies,micro,low,unknown,0.0,0,0.0,0,0,,False,
BHB,Financial,Banks - Regional,small,mid,low,0.0,0,0.0,0,0,,False,
BHC,Healthcare,Drug Manufacturers - Specialty & Generic,mid,high,low,0.0,0,0.0,0,0,,False,
BHDG,Financial,Exchange Traded Fund,unknown,low,unknown,0.0,0,0.0,0,0,,False,
BHE,Technology,Electronic Components,mid,high,mid,0.0,0,0.0,0,0,,False,
BHF,Financial,Insurance - Life,mid,mid,mid,0.0,0,0.0,0,0,,False,
BHK,Financial,Closed-End Fund - Debt,small,low,low,0.0,0,0.0,0,0,,False,
BHM,Real Estate,REIT - Residential,micro,mid,low,0.0,0,0.0,0,0,,False,
BHP,Basic Materials,Other Industrial Metals & Mining,mega,mid,mid,0.0,0,0.0,0,0,,False,
BHR,Real Estate,REIT - Hotel & Motel,micro,mid,low,0.0,0,0.0,0,0,,False,
BHRB,Financial,Banks - Regional,small,mid,low,0.0,0,0.0,0,0,,False,
BHST,Consumer Defensive,Packaged Foods,micro,high,high,0.0,0,0.0,0,0,,False,
BHV,Financial,Closed-End Fund - Debt,micro,mid,mid,0.0,0,0.0,0,0,,False,
BHVN,Healthcare,Biotechnology,mid,high,high,0.0,0,0.0,0,0,,False,
BHYB,Financial,Exchange Traded Fund,unknown,low,low,0.0,0,0.0,0,0,,False,
BHYP,Financial,Exchange Traded Fund,unknown,high,unknown,0.0,0,0.0,0,0,,False,
BIAF,Healthcare,Diagnostics & Research,micro,high,low,0.0,0,0.0,0,0,,False,
BIB,Financial,Exchange Traded Fund,unknown,mid,mid,0.0,0,0.0,0,0,,False,
BIBL,Financial,Exchange Traded Fund,unknown,low,mid,0.0,0,0.0,0,0,,False,
BID,Financial,Shell Companies,micro,low,unknown,0.0,0,0.0,0,0,,False,
BIDD,Financial,Exchange Traded Fund,unknown,low,low,0.0,0,0.0,0,0,,False,
BIDG,Financial,Exchange Traded Fund,unknown,high,unknown,0.0,0,0.0,0,0,,False,
BIDU,Communication Services,Internet Content & Information,large,mid,low,0.0,1,0.0,0,0,,False,
BIGY,Financial,Exchange Traded Fund,unknown,low,mid,0.0,0,0.0,0,0,,False,
BIIB,Healthcare,Drug Manufacturers - General,large,mid,low,0.0,0,0.0,0,0,,False,
BIII,Financial,Shell Companies,micro,low,unknown,0.0,0,0.0,0,0,,False,
BIL,Financial,Exchange Traded Fund,unknown,low,low,0.0,0,0.0,0,0,,False,
BILD,Financial,Exchange Traded Fund,unknown,low,low,0.0,0,0.0,0,0,,False,
BILI,Communication Services,Internet Content & Information,mid,mid,low,0.0,1,0.0,0,0,,False,
BILL,Technology,Software - Application,mid,mid,mid,0.0,0,0.0,0,0,,False,
BILS,Financial,Exchange Traded Fund,unknown,low,low,0.0,0,0.0,0,0,,False,
BILT,Financial,Exchange Traded Fund,unknown,low,low,0.0,0,0.0,0,0,,False,
BILZ,Financial,Exchange Traded Fund,unknown,low,low,0.0,0,0.0,0,0,,False,
BINC,Financial,Exchange Traded Fund,unknown,low,low,0.0,0,0.0,0,0,,False,
BINT,Financial,Exchange Traded Fund,unknown,low,mid,0.0,0,0.0,0,0,,False,
BINV,Financial,Exchange Traded Fund,unknown,low,low,0.0,0,0.0,0,0,,False,
BIO,Healthcare,Medical Devices,mid,mid,mid,0.0,0,0.0,0,0,,False,
BIOA,Healthcare,Drug Manufacturers - Specialty & Generic,small,high,mid,0.0,0,0.0,0,0,,False,
BIOT,Consumer Defensive,Household & Personal Products,micro,high,unknown,0.0,0,0.0,0,0,,False,
BIOX,Basic Materials,Agricultural Inputs,micro,high,low,0.0,0,0.0,0,0,,False,
BIOY,Financial,Exchange Traded Fund,unknown,low,unknown,0.0,0,0.0,0,0,,False,
BIP,Utilities,Utilities - Diversified,large,mid,mid,0.0,0,0.0,0,0,,False,
BIPC,Utilities,Utilities - Regulated Gas,mid,mid,mid,0.0,0,0.0,0,0,,False,
BIRD,Technology,Software - Infrastructure,micro,high,high,0.0,0,0.0,0,0,,False,
BIRK,Consumer Cyclical,Footwear & Accessories,mid,high,mid,0.0,0,0.0,0,0,,False,
BIS,Financial,Exchange Traded Fund,unknown,mid,low,0.0,0,0.0,0,0,,False,
BIT,Financial,Closed-End Fund - Debt,small,low,low,0.0,0,0.0,0,0,,False,
BITA,Financial,Exchange Traded Fund,unknown,low,unknown,0.0,0,0.0,0,0,,False,
BITB,Financial,Exchange Traded Fund,unknown,mid,high,0.0,0,0.0,0,0,,False,
BITC,Financial,Exchange Traded Fund,unknown,low,high,0.0,0,0.0,0,0,,False,
BITI,Financial,Exchange Traded Fund,unknown,mid,low,0.0,0,0.0,0,0,,False,
BITO,Financial,Exchange Traded Fund,unknown,mid,high,0.0,0,0.0,0,0,,False,
BITQ,Financial,Exchange Traded Fund,unknown,mid,high,0.0,0,0.0,0,0,,False,
BITS,Financial,Exchange Traded Fund,unknown,mid,high,0.0,0,0.0,0,0,,False,
BITU,Financial,Exchange Traded Fund,unknown,mid,high,0.0,0,0.0,0,0,,False,
BITW,Financial,Exchange Traded Fund,unknown,mid,high,0.0,0,0.0,0,0,,False,
BITX,Financial,Exchange Traded Fund,unknown,mid,high,0.0,0,0.0,0,0,,False,
BITY,Financial,Exchange Traded Fund,unknown,low,high,0.0,0,0.0,0,0,,False,
BIV,Financial,Exchange Traded Fund,unknown,low,low,0.0,0,0.0,0,0,,False,
BIVI,Healthcare,Biotechnology,micro,high,low,0.0,0,0.0,0,0,,False,
BIXI,Financial,Shell Companies,small,low,unknown,0.0,0,0.0,0,0,,False,
BIYA,Technology,Software - Application,micro,high,high,0.0,1,0.0,0,0,,False,
BIZD,Financial,Exchange Traded Fund,unknown,low,low,0.0,0,0.0,0,0,,False,
BJ,Consumer Defensive,Discount Stores,large,mid,low,0.0,0,0.0,0,0,,False,
BJAN,Financial,Exchange Traded Fund,unknown,low,low,0.0,0,0.0,0,0,,False,
BJDX,Healthcare,Medical Devices,micro,high,mid,0.0,0,0.0,0,0,,False,
BJRI,Consumer Cyclical,Restaurants,small,mid,high,0.0,0,0.0,0,0,,False,
BJUL,Financial,Exchange Traded Fund,unknown,low,low,0.0,0,0.0,0,0,,False,
BJUN,Financial,Exchange Traded Fund,unknown,low,low,0.0,0,0.0,0,0,,False,
BKAG,Financial,Exchange Traded Fund,unknown,low,low,0.0,0,0.0,0,0,,False,
BKCG,Financial,Exchange Traded Fund,unknown,low,mid,0.0,0,0.0,0,0,,False,
BKCH,Financial,Exchange Traded Fund,unknown,high,high,0.0,0,0.0,0,0,,False,
BKCI,Financial,Exchange Traded Fund,unknown,low,mid,0.0,0,0.0,0,0,,False,
BKD,Healthcare,Medical Care Facilities,mid,high,low,0.0,0,0.0,0,0,,False,
BKDV,Financial,Exchange Traded Fund,unknown,low,low,0.0,0,0.0,0,0,,False,
BKE,Consumer Cyclical,Apparel Retail,mid,mid,mid,0.0,0,0.0,0,0,,False,
BKEM,Financial,Exchange Traded Fund,unknown,mid,low,0.0,0,0.0,0,0,,False,
BKF,Financial,Exchange Traded Fund,unknown,low,low,0.0,0,0.0,0,0,,False,
BKFI,Financial,Exchange Traded Fund,unknown,low,unknown,0.0,0,0.0,0,0,,False,
BKGI,Financial,Exchange Traded Fund,unknown,low,low,0.0,0,0.0,0,0,,False,
BKH,Utilities,Utilities - Regulated Gas,mid,mid,low,0.0,0,0.0,0,0,,False,
BKHA,Financial,Shell Companies,micro,mid,low,0.0,0,0.0,0,0,,False,
BKHY,Financial,Exchange Traded Fund,unknown,low,low,0.0,0,0.0,0,0,,False,
BKIE,Financial,Exchange Traded Fund,unknown,low,low,0.0,0,0.0,0,0,,False,
BKKT,Technology,Software - Infrastructure,small,high,high,0.0,0,0.0,0,0,,False,
BKLC,Financial,Exchange Traded Fund,unknown,low,mid,0.0,0,0.0,0,0,,False,
BKLG,Financial,Exchange Traded Fund,unknown,low,unknown,0.0,0,0.0,0,0,,False,
BKLN,Financial,Exchange Traded Fund,unknown,low,low,0.0,0,0.0,0,0,,False,
BKMC,Financial,Exchange Traded Fund,unknown,low,mid,0.0,0,0.0,0,0,,False,
BKMI,Financial,Exchange Traded Fund,unknown,low,unknown,0.0,0,0.0,0,0,,False,
BKMS,Financial,Exchange Traded Fund,unknown,low,unknown,0.0,0,0.0,0,0,,False,
BKNG,Consumer Cyclical,Travel Services,large,mid,mid,0.0,0,0.0,0,0,,False,
BKR,Energy,Oil & Gas Equipment & Services,large,mid,mid,0.0,0,0.0,0,0,,False,
BKSE,Financial,Exchange Traded Fund,unknown,low,mid,0.0,0,0.0,0,0,,False,
BKSY,Industrials,Specialty Business Services,small,high,high,0.0,0,0.0,0,0,,False,
BKT,Financial,Closed-End Fund - Debt,small,low,low,0.0,0,0.0,0,0,,False,
BKTI,Technology,Communication Equipment,micro,mid,low,0.0,0,0.0,0,0,,False,
BKU,Financial,Banks - Regional,mid,mid,mid,0.0,0,0.0,0,0,,False,
BKUI,Financial,Exchange Traded Fund,unknown,low,low,0.0,0,0.0,0,0,,False,
BKV,Energy,Oil & Gas E&P,mid,mid,mid,0.0,0,0.0,0,0,,False,
BKYI,Industrials,Security & Protection Services,micro,high,low,0.0,0,0.0,0,0,,False,
BL,Technology,Software - Application,small,high,low,0.0,0,0.0,0,0,,False,
BLBD,Industrials,Farm & Heavy Construction Machinery,mid,high,high,0.0,0,0.0,0,0,,False,
BLCK,Financial,Exchange Traded Fund,unknown,mid,unknown,0.0,0,0.0,0,0,,False,
BLCO,Healthcare,Medical Instruments & Supplies,mid,mid,low,0.0,0,0.0,0,0,,False,
BLCR,Financial,Exchange Traded Fund,unknown,low,mid,0.0,0,0.0,0,0,,False,
BLCV,Financial,Exchange Traded Fund,unknown,low,low,0.0,0,0.0,0,0,,False,
BLDG,Financial,Exchange Traded Fund,unknown,low,low,0.0,0,0.0,0,0,,False,
BLDP,Industrials,Electrical Equipment & Parts,small,high,high,0.0,0,0.0,0,0,,False,
BLDR,Industrials,Building Products & Equipment,mid,high,high,0.0,0,0.0,0,0,,False,
BLDX,Financial,Exchange Traded Fund,unknown,low,unknown,0.0,0,0.0,0,0,,False,
BLES,Financial,Exchange Traded Fund,unknown,low,mid,0.0,0,0.0,0,0,,False,
BLFS,Healthcare,Medical Instruments & Supplies,small,mid,high,0.0,0,0.0,0,0,,False,
BLGR,Financial,Exchange Traded Fund,unknown,low,high,0.0,0,0.0,0,0,,False,
BLIN,Technology,Software - Infrastructure,micro,high,mid,0.0,0,0.0,0,0,,False,
BLIV,Technology,Software - Application,micro,high,low,0.0,0,0.0,0,0,,False,
BLK,Financial,Asset Management,large,mid,high,0.0,0,0.0,0,0,,False,
BLKB,Technology,Software - Application,mid,high,mid,0.0,0,0.0,0,0,,False,
BLLN,Healthcare,Diagnostics & Research,mid,high,unknown,0.0,0,0.0,0,0,,False,
BLMN,Consumer Cyclical,Restaurants,small,high,mid,0.0,0,0.0,0,0,,False,
BLND,Technology,Software - Application,small,high,mid,0.0,0,0.0,0,0,,False,
BLNE,Financial,Mortgage Finance,micro,high,high,0.0,0,0.0,0,0,,False,
BLNK,Industrials,Engineering & Construction,micro,high,high,0.0,0,0.0,0,0,,False,
BLOK,Financial,Exchange Traded Fund,unknown,mid,high,0.0,0,0.0,0,0,,False,
BLOX,Financial,Exchange Traded Fund,unknown,high,high,0.0,0,0.0,0,0,,False,
BLRK,Financial,Shell Companies,micro,low,unknown,0.0,0,0.0,0,0,,False,
BLRX,Healthcare,Biotechnology,micro,high,high,0.0,0,0.0,0,0,,False,
BLSG,Financial,Exchange Traded Fund,unknown,high,unknown,0.0,0,0.0,0,0,,False,
BLSH,Technology,Software - Infrastructure,mid,high,low,0.0,0,0.0,0,0,,False,
BLSM,Healthcare,Biotechnology,small,high,unknown,0.0,0,0.0,0,0,,False,
BLST,Financial,Exchange Traded Fund,unknown,low,low,0.0,0,0.0,0,0,,False,
BLTD,Financial,Exchange Traded Fund,unknown,low,low,0.0,0,0.0,0,0,,False,
BLTE,Healthcare,Biotechnology,mid,mid,low,0.0,0,0.0,0,0,,False,
BLUC,Financial,Exchange Traded Fund,unknown,low,mid,0.0,0,0.0,0,0,,False,
BLUI,Financial,Exchange Traded Fund,unknown,low,low,0.0,0,0.0,0,0,,False,
BLUW,Financial,Shell Companies,small,low,low,0.0,0,0.0,0,0,,False,
BLUX,Financial,Exchange Traded Fund,unknown,low,mid,0.0,0,0.0,0,0,,False,
BLV,Financial,Exchange Traded Fund,unknown,low,low,0.0,0,0.0,0,0,,False,
BLW,Financial,Closed-End Fund - Debt,small,low,low,0.0,0,0.0,0,0,,False,
BLX,Financial,Banks - Regional,small,mid,low,0.0,0,0.0,0,0,,False,
BLZE,Technology,Software - Infrastructure,small,high,high,0.0,0,0.0,0,0,,False,
BLZR,Financial,Shell Companies,small,low,unknown,0.0,0,0.0,0,0,,False,
BMA,Financial,Banks - Regional,mid,high,high,0.0,0,0.0,0,0,,False,
BMAR,Financial,Exchange Traded Fund,unknown,low,low,0.0,0,0.0,0,0,,False,
BMAY,Financial,Exchange Traded Fund,unknown,low,low,0.0,0,0.0,0,0,,False,
BMBL,Communication Services,Internet Content & Information,small,high,high,0.0,0,0.0,0,0,,False,
BME,Financial,Closed-End Fund - Equity,small,low,low,0.0,0,0.0,0,0,,False,
BMEA,Healthcare,Biotechnology,micro,high,low,0.0,0,0.0,0,0,,False,
BMED,Financial,Exchange Traded Fund,unknown,low,low,0.0,0,0.0,0,0,,False,
BMEZ,Financial,Closed-End Fund - Equity,small,low,mid,0.0,0,0.0,0,0,,False,
BMGL,Healthcare,Medical Care Facilities,micro,high,low,0.0,0,0.0,0,0,,False,
BMHL,Financial,Capital Markets,micro,mid,low,0.0,0,0.0,0,0,,False,
BMI,Technology,Scientific & Technical Instruments,mid,mid,low,0.0,0,0.0,0,0,,False,
BMM,Basic Materials,Other Industrial Metals & Mining,small,high,low,0.0,0,0.0,0,0,,False,
BMN,Financial,Closed-End Fund - Debt,micro,low,low,0.0,0,0.0,0,0,,False,
BMNG,Financial,Exchange Traded Fund,unknown,high,unknown,0.0,0,0.0,0,0,,False,
BMNR,Financial,Capital Markets,large,high,high,0.0,0,0.0,0,0,,False,
BMNU,Financial,Exchange Traded Fund,unknown,high,unknown,0.0,0,0.0,0,0,,False,
BMNZ,Financial,Exchange Traded Fund,unknown,high,unknown,0.0,0,0.0,0,0,,False,
BMO,Financial,Banks - Diversified,large,low,mid,0.0,0,0.0,0,0,,False,
BMOP,Financial,Exchange Traded Fund,unknown,low,unknown,0.0,0,0.0,0,0,,False,
BMR,Technology,Software - Application,micro,high,high,0.0,0,0.0,0,0,,False,
BMRA,Healthcare,Medical Devices,micro,mid,low,0.0,0,0.0,0,0,,False,
BMRC,Financial,Banks - Regional,small,mid,low,0.0,0,0.0,0,0,,False,
BMRN,Healthcare,Biotechnology,large,mid,low,0.0,0,0.0,0,0,,False,
BMSI,Financial,Exchange Traded Fund,unknown,low,unknown,0.0,0,0.0,0,0,,False,
BMVP,Financial,Exchange Traded Fund,unknown,low,mid,0.0,0,0.0,0,0,,False,
BMY,Healthcare,Drug Manufacturers - General,large,mid,low,0.0,0,0.0,0,0,,False,
BN,Financial,Asset Management,large,mid,high,0.0,0,0.0,0,0,,False,
BNAI,Technology,Software - Infrastructure,micro,high,low,0.0,0,0.0,0,0,,False,
BNAV,Financial,Exchange Traded Fund,unknown,low,unknown,0.0,0,0.0,0,0,,False,
BNC,Industrials,Farm & Heavy Construction Machinery,micro,high,low,0.0,0,0.0,0,0,,False,
BND,Financial,Exchange Traded Fund,unknown,low,low,0.0,0,0.0,0,0,,False,
BNDC,Financial,Exchange Traded Fund,unknown,low,low,0.0,0,0.0,0,0,,False,
BNDD,Financial,Exchange Traded Fund,unknown,low,low,0.0,0,0.0,0,0,,False,
BNDI,Financial,Exchange Traded Fund,unknown,low,low,0.0,0,0.0,0,0,,False,
BNDP,Financial,Exchange Traded Fund,unknown,low,unknown,0.0,0,0.0,0,0,,False,
BNDS,Financial,Exchange Traded Fund,unknown,low,low,0.0,0,0.0,0,0,,False,
BNDW,Financial,Exchange Traded Fund,unknown,low,low,0.0,0,0.0,0,0,,False,
BNDX,Financial,Exchange Traded Fund,unknown,low,low,0.0,0,0.0,0,0,,False,
BNDY,Financial,Exchange Traded Fund,unknown,low,low,0.0,0,0.0,0,0,,False,
BNED,Consumer Cyclical,Specialty Retail,small,mid,high,0.0,0,0.0,0,0,,False,
BNGE,Financial,Exchange Traded Fund,unknown,low,mid,0.0,0,0.0,0,0,,False,
BNGO,Healthcare,Medical Instruments & Supplies,micro,mid,high,0.0,0,0.0,0,0,,False,
BNKD,Financial,Exchange Traded Fund,unknown,mid,low,0.0,0,0.0,0,0,,False,
BNKK,Consumer Defensive,Beverages - Non-Alcoholic,micro,high,high,0.0,0,0.0,0,0,,False,
BNKU,Financial,Exchange Traded Fund,unknown,mid,high,0.0,0,0.0,0,0,,False,
BNL,Real Estate,REIT - Diversified,mid,mid,mid,0.0,0,0.0,0,0,,False,
BNMC,Financial,Exchange Traded Fund,unknown,high,unknown,0.0,0,0.0,0,0,,False,
BNO,Financial,Exchange Traded Fund,unknown,mid,low,0.0,0,0.0,0,0,,False,
BNOV,Financial,Exchange Traded Fund,unknown,low,low,0.0,0,0.0,0,0,,False,
BNR,Healthcare,Diagnostics & Research,micro,high,high,0.0,1,0.0,0,0,,False,
BNRG,Utilities,Utilities - Renewable,micro,high,low,0.0,0,0.0,0,0,,False,
BNS,Financial,Banks - Diversified,large,low,mid,0.0,0,0.0,0,0,,False,
BNT,Financial,Insurance - Diversified,large,mid,high,0.0,0,0.0,0,0,,False,
BNTC,Healthcare,Biotechnology,small,high,low,0.0,0,0.0,0,0,,False,
BNTX,Healthcare,Biotechnology,large,mid,mid,0.0,0,0.0,0,0,,False,
BNY,Financial,Banks - Diversified,large,low,mid,0.0,0,0.0,0,0,,False,
BOAT,Financial,Exchange Traded Fund,unknown,low,low,0.0,0,0.0,0,0,,False,
BOBP,Financial,Exchange Traded Fund,unknown,low,high,0.0,0,0.0,0,0,,False,
BOBS,Consumer Cyclical,Specialty Retail,mid,high,unknown,0.0,0,0.0,0,0,,False,
BOC,Industrials,Conglomerates,small,mid,low,0.0,0,0.0,0,0,,False,
BOCT,Financial,Exchange Traded Fund,unknown,low,low,0.0,0,0.0,0,0,,False,
BODI,Communication Services,Internet Content & Information,micro,high,mid,0.0,0,0.0,0,0,,False,
BOE,Financial,Closed-End Fund - Foreign,small,low,mid,0.0,0,0.0,0,0,,False,
BOEG,Financial,Exchange Traded Fund,unknown,high,high,0.0,0,0.0,0,0,,False,
BOEU,Financial,Exchange Traded Fund,unknown,high,high,0.0,0,0.0,0,0,,False,
BOF,Consumer Defensive,Packaged Foods,micro,high,low,0.0,0,0.0,0,0,,False,
BOH,Financial,Banks - Regional,mid,low,low,0.0,0,0.0,0,0,,False,
BOIL,Financial,Exchange Traded Fund,unknown,high,low,0.0,0,0.0,0,0,,False,
BOKF,Financial,Banks - Regional,mid,low,low,0.0,0,0.0,0,0,,False,
BOLD,Healthcare,Biotechnology,micro,mid,low,0.0,0,0.0,0,0,,False,
BOLT,Healthcare,Biotechnology,micro,high,mid,0.0,0,0.0,0,0,,False,
BON,Basic Materials,Specialty Chemicals,micro,high,low,0.0,1,0.0,0,0,,False,
BOND,Financial,Exchange Traded Fund,unknown,low,low,0.0,0,0.0,0,0,,False,
BOOM,Industrials,Conglomerates,micro,high,high,0.0,0,0.0,0,0,,False,
BOOT,Consumer Cyclical,Apparel Retail,mid,mid,high,0.0,0,0.0,0,0,,False,
BORR,Energy,Oil & Gas Drilling,small,high,mid,0.0,0,0.0,0,0,,False,
BOSC,Technology,Communication Equipment,micro,mid,mid,0.0,0,0.0,0,0,,False,
BOT,Financial,Closed-End Fund - Equity,small,high,unknown,0.0,0,0.0,0,0,,False,
BOTJ,Financial,Banks - Regional,micro,mid,low,0.0,0,0.0,0,0,,False,
BOTT,Financial,Exchange Traded Fund,unknown,mid,high,0.0,0,0.0,0,0,,False,
BOTZ,Financial,Exchange Traded Fund,unknown,low,high,0.0,0,0.0,0,0,,False,
BOUT,Financial,Exchange Traded Fund,unknown,low,mid,0.0,0,0.0,0,0,,False,
BOW,Financial,Insurance - Property & Casualty,small,mid,low,0.0,0,0.0,0,0,,False,
BOX,Technology,Software - Infrastructure,mid,mid,low,0.0,0,0.0,0,0,,False,
BOXA,Financial,Exchange Traded Fund,unknown,low,low,0.0,0,0.0,0,0,,False,
BOXL,Technology,Consumer Electronics,micro,high,low,0.0,0,0.0,0,0,,False,
BOXX,Financial,Exchange Traded Fund,unknown,low,low,0.0,0,0.0,0,0,,False,
BP,Energy,Oil & Gas Integrated,large,mid,low,0.0,0,0.0,0,0,,False,
BPAC,Financial,Shell Companies,micro,low,unknown,0.0,0,0.0,0,0,,False,
BPAY,Financial,Exchange Traded Fund,unknown,low,mid,0.0,0,0.0,0,0,,False,
BPH,Financial,Exchange Traded Fund,unknown,low,low,0.0,0,0.0,0,0,,False,
BPI,Financial,Exchange Traded Fund,unknown,low,high,0.0,0,0.0,0,0,,False,
BPOP,Financial,Banks - Regional,large,low,low,0.0,0,0.0,0,0,,False,
BPRE,Financial,Asset Management,unknown,mid,unknown,0.0,0,0.0,0,0,,False,
BPRN,Financial,Banks - Regional,micro,mid,low,0.0,0,0.0,0,0,,False,
BPRO,Financial,Exchange Traded Fund,unknown,low,unknown,0.0,0,0.0,0,0,,False,
BQ,Consumer Cyclical,Specialty Retail,micro,high,high,0.0,1,0.0,0,0,,False,
BR,Technology,Information Technology Services,large,mid,mid,0.0,0,0.0,0,0,,False,
BRAG,Consumer Cyclical,Gambling,micro,high,mid,0.0,0,0.0,0,0,,False,
BRAI,Technology,Computer Hardware,small,high,unknown,0.0,0,0.0,0,0,,False,
BRAZ,Financial,Exchange Traded Fund,unknown,low,low,0.0,0,0.0,0,0,,False,
BRBI,Financial,Capital Markets,unknown,mid,unknown,0.0,0,0.0,0,0,,False,
BRBR,Consumer Defensive,Packaged Foods,small,high,low,0.0,0,0.0,0,0,,False,
BRBS,Financial,Banks - Regional,small,low,low,0.0,0,0.0,0,0,,False,
BRC,Industrials,Security & Protection Services,mid,mid,low,0.0,0,0.0,0,0,,False,
BRCB,Consumer Cyclical,Restaurants,small,high,unknown,0.0,0,0.0,0,0,,False,
BRCC,Consumer Defensive,Packaged Foods,micro,high,mid,0.0,0,0.0,0,0,,False,
BRCE,Financial,Exchange Traded Fund,unknown,low,unknown,0.0,0,0.0,0,0,,False,
BREE,Financial,Exchange Traded Fund,unknown,low,unknown,0.0,0,0.0,0,0,,False,
BREM,Financial,Exchange Traded Fund,unknown,low,unknown,0.0,0,0.0,0,0,,False,
BRES,Financial,Exchange Traded Fund,unknown,low,unknown,0.0,0,0.0,0,0,,False,
BREW,Financial,Exchange Traded Fund,unknown,low,unknown,0.0,0,0.0,0,0,,False,
BREZ,Financial,Shell Companies,micro,low,unknown,0.0,0,0.0,0,0,,False,
BRF,Financial,Exchange Traded Fund,unknown,low,low,0.0,0,0.0,0,0,,False,
BRFH,Consumer Defensive,Beverages - Non-Alcoholic,micro,high,low,0.0,0,0.0,0,0,,False,
BRHY,Financial,Exchange Traded Fund,unknown,low,low,0.0,0,0.0,0,0,,False,
BRIA,Consumer Cyclical,Apparel Retail,micro,high,mid,0.0,0,0.0,0,0,,False,
BRID,Consumer Defensive,Packaged Foods,micro,mid,low,0.0,0,0.0,0,0,,False,
BRIE,Financial,Exchange Traded Fund,unknown,low,unknown,0.0,0,0.0,0,0,,False,
BRIF,Financial,Exchange Traded Fund,unknown,low,mid,0.0,0,0.0,0,0,,False,
BRK-A,Financial,Insurance - Diversified,mega,low,low,0.0,0,0.0,0,0,,False,
BRK-B,Financial,Insurance - Diversified,mega,low,low,0.0,0,0.0,0,0,,False,
BRKC,Financial,Exchange Traded Fund,unknown,low,low,0.0,0,0.0,0,0,,False,
BRKH,Financial,Shell Companies,micro,low,unknown,0.0,0,0.0,0,0,,False,
BRKL,Financial,Exchange Traded Fund,unknown,mid,unknown,0.0,0,0.0,0,0,,False,
BRKR,Healthcare,Medical Devices,mid,high,mid,0.0,0,0.0,0,0,,False,
BRKU,Financial,Exchange Traded Fund,unknown,mid,low,0.0,0,0.0,0,0,,False,
BRKW,Financial,Exchange Traded Fund,unknown,low,low,0.0,0,0.0,0,0,,False,
BRLN,Financial,Exchange Traded Fund,unknown,low,low,0.0,0,0.0,0,0,,False,
BRLS,Consumer Defensive,Packaged Foods,micro,high,low,0.0,0,0.0,0,0,,False,
BRLT,Consumer Cyclical,Luxury Goods,micro,high,high,0.0,0,0.0,0,0,,False,
BRN,Energy,Oil & Gas E&P,micro,high,low,0.0,0,0.0,0,0,,False,
BRNS,Healthcare,Biotechnology,micro,high,low,0.0,0,0.0,0,0,,False,
BRNY,Financial,Exchange Traded Fund,unknown,low,mid,0.0,0,0.0,0,0,,False,
BRO,Financial,Insurance Brokers,large,mid,low,0.0,0,0.0,0,0,,False,
BROL,Financial,Exchange Traded Fund,unknown,low,unknown,0.0,0,0.0,0,0,,False,
BROS,Consumer Cyclical,Restaurants,mid,high,high,0.0,0,0.0,0,0,,False,
BRR,Financial,Capital Markets,micro,high,high,0.0,0,0.0,0,0,,False,
BRRR,Financial,Exchange Traded Fund,unknown,mid,high,0.0,0,0.0,0,0,,False,
BRSL,Consumer Cyclical,Gambling,mid,mid,mid,0.0,0,0.0,0,0,,False,
BRSM,Financial,Exchange Traded Fund,unknown,low,unknown,0.0,0,0.0,0,0,,False,
BRSP,Real Estate,REIT - Mortgage,small,mid,high,0.0,0,0.0,0,0,,False,
BRSV,Financial,Exchange Traded Fund,unknown,low,unknown,0.0,0,0.0,0,0,,False,
BRT,Real Estate,REIT - Residential,micro,mid,mid,0.0,0,0.0,0,0,,False,
BRTMU,Financial,Shell Companies,small,low,unknown,0.0,0,0.0,0,0,,False,
BRTR,Financial,Exchange Traded Fund,unknown,low,low,0.0,0,0.0,0,0,,False,
BRTX,Healthcare,Biotechnology,micro,high,low,0.0,0,0.0,0,0,,False,
BRUN,Technology,Software - Infrastructure,small,high,high,0.0,0,0.0,0,0,,False,
BRVE,Healthcare,Biotechnology,small,high,unknown,0.0,0,0.0,0,0,,False,
BRW,Financial,Closed-End Fund - Equity,small,low,low,0.0,0,0.0,0,0,,False,
BRX,Real Estate,REIT - Retail,mid,low,mid,0.0,0,0.0,0,0,,False,
BRZE,Technology,Software - Application,mid,high,mid,0.0,0,0.0,0,0,,False,
BRZU,Financial,Exchange Traded Fund,unknown,mid,mid,0.0,0,0.0,0,0,,False,
BRZX,Financial,Exchange Traded Fund,unknown,mid,unknown,0.0,0,0.0,0,0,,False,
BSAA,Financial,Shell Companies,micro,high,low,0.0,0,0.0,0,0,,False,
BSAC,Financial,Banks - Regional,large,mid,low,0.0,0,0.0,0,0,,False,
BSBK,Financial,Banks - Regional,micro,low,low,0.0,0,0.0,0,0,,False,
BSBR,Financial,Banks - Regional,large,mid,low,0.0,0,0.0,0,0,,False,
BSCA,Financial,Exchange Traded Fund,unknown,low,unknown,0.0,0,0.0,0,0,,False,
BSCQ,Financial,Exchange Traded Fund,unknown,low,low,0.0,0,0.0,0,0,,False,
BSCR,Financial,Exchange Traded Fund,unknown,low,low,0.0,0,0.0,0,0,,False,
BSCS,Financial,Exchange Traded Fund,unknown,low,low,0.0,0,0.0,0,0,,False,
BSCT,Financial,Exchange Traded Fund,unknown,low,low,0.0,0,0.0,0,0,,False,
BSCU,Financial,Exchange Traded Fund,unknown,low,low,0.0,0,0.0,0,0,,False,
BSCV,Financial,Exchange Traded Fund,unknown,low,low,0.0,0,0.0,0,0,,False,
BSCW,Financial,Exchange Traded Fund,unknown,low,low,0.0,0,0.0,0,0,,False,
BSCX,Financial,Exchange Traded Fund,unknown,low,low,0.0,0,0.0,0,0,,False,
BSCY,Financial,Exchange Traded Fund,unknown,low,low,0.0,0,0.0,0,0,,False,
BSCZ,Financial,Exchange Traded Fund,unknown,low,low,0.0,0,0.0,0,0,,False,
BSEM,Healthcare,Biotechnology,micro,high,low,0.0,0,0.0,0,0,,False,
BSEP,Financial,Exchange Traded Fund,unknown,low,low,0.0,0,0.0,0,0,,False,
BSET,Consumer Cyclical,"Furnishings, Fixtures & Appliances",micro,mid,low,0.0,0,0.0,0,0,,False,
BSGR,Financial,Exchange Traded Fund,unknown,low,unknown,0.0,0,0.0,0,0,,False,
BSGT,Financial,Exchange Traded Fund,unknown,low,unknown,0.0,0,0.0,0,0,,False,
BSIN,Energy,Oil & Gas E&P,micro,high,mid,0.0,0,0.0,0,0,,False,
BSJQ,Financial,Exchange Traded Fund,unknown,low,low,0.0,0,0.0,0,0,,False,
BSJR,Financial,Exchange Traded Fund,unknown,low,low,0.0,0,0.0,0,0,,False,
BSJS,Financial,Exchange Traded Fund,unknown,low,low,0.0,0,0.0,0,0,,False,
BSJT,Financial,Exchange Traded Fund,unknown,low,low,0.0,0,0.0,0,0,,False,
BSJU,Financial,Exchange Traded Fund,unknown,low,low,0.0,0,0.0,0,0,,False,
BSJV,Financial,Exchange Traded Fund,unknown,low,low,0.0,0,0.0,0,0,,False,
BSJW,Financial,Exchange Traded Fund,unknown,low,low,0.0,0,0.0,0,0,,False,
BSJX,Financial,Exchange Traded Fund,unknown,low,low,0.0,0,0.0,0,0,,False,
BSJY,Financial,Exchange Traded Fund,unknown,low,unknown,0.0,0,0.0,0,0,,False,
BSL,Financial,Closed-End Fund - Debt,micro,low,low,0.0,0,0.0,0,0,,False,
BSM,Energy,Oil & Gas E&P,mid,mid,low,0.0,0,0.0,0,0,,False,
BSMC,Financial,Exchange Traded Fund,unknown,low,low,0.0,0,0.0,0,0,,False,
BSMQ,Financial,Exchange Traded Fund,unknown,low,low,0.0,0,0.0,0,0,,False,
BSMR,Financial,Exchange Traded Fund,unknown,low,low,0.0,0,0.0,0,0,,False,
BSMS,Financial,Exchange Traded Fund,unknown,low,low,0.0,0,0.0,0,0,,False,
BSMT,Financial,Exchange Traded Fund,unknown,low,low,0.0,0,0.0,0,0,,False,
BSMU,Financial,Exchange Traded Fund,unknown,low,low,0.0,0,0.0,0,0,,False,
BSMV,Financial,Exchange Traded Fund,unknown,low,low,0.0,0,0.0,0,0,,False,
BSMW,Financial,Exchange Traded Fund,unknown,low,low,0.0,0,0.0,0,0,,False,
BSMY,Financial,Exchange Traded Fund,unknown,low,low,0.0,0,0.0,0,0,,False,
BSMZ,Financial,Exchange Traded Fund,unknown,low,unknown,0.0,0,0.0,0,0,,False,
BSOL,Financial,Exchange Traded Fund,unknown,mid,unknown,0.0,0,0.0,0,0,,False,
BSP,Technology,Software - Application,large,high,unknown,0.0,0,0.0,0,0,,False,
BSR,Financial,Exchange Traded Fund,unknown,low,low,0.0,0,0.0,0,0,,False,
BSRR,Financial,Banks - Regional,small,mid,low,0.0,0,0.0,0,0,,False,
BSSX,Financial,Exchange Traded Fund,unknown,low,low,0.0,0,0.0,0,0,,False,
BST,Financial,Closed-End Fund - Equity,small,mid,high,0.0,0,0.0,0,0,,False,
BSTP,Financial,Exchange Traded Fund,unknown,low,low,0.0,0,0.0,0,0,,False,
BSTS,Financial,Exchange Traded Fund,unknown,low,unknown,0.0,0,0.0,0,0,,False,
BSTU,Financial,Exchange Traded Fund,unknown,low,unknown,0.0,0,0.0,0,0,,False,
BSTV,Financial,Exchange Traded Fund,unknown,low,unknown,0.0,0,0.0,0,0,,False,
BSTZ,Financial,Closed-End Fund - Equity,mid,mid,high,0.0,0,0.0,0,0,,False,
BSV,Financial,Exchange Traded Fund,unknown,low,low,0.0,0,0.0,0,0,,False,
BSVN,Financial,Banks - Regional,small,mid,mid,0.0,0,0.0,0,0,,False,
BSVO,Financial,Exchange Traded Fund,unknown,low,mid,0.0,0,0.0,0,0,,False,
BSX,Healthcare,Medical Devices,large,mid,low,0.0,0,0.0,0,0,,False,
BSY,Technology,Software - Application,large,mid,mid,0.0,0,0.0,0,0,,False,
BTAI,Healthcare,Drug Manufacturers - Specialty & Generic,micro,high,low,0.0,0,0.0,0,0,,False,
BTAL,Financial,Exchange Traded Fund,unknown,mid,low,0.0,0,0.0,0,0,,False,
BTBD,Consumer Cyclical,Restaurants,micro,high,low,0.0,0,0.0,0,0,,False,
BTBT,Financial,Capital Markets,small,high,high,0.0,0,0.0,0,0,,False,
BTC,Financial,Exchange Traded Fund,unknown,mid,high,0.0,0,0.0,0,0,,False,
BTCC,Financial,Exchange Traded Fund,unknown,low,mid,0.0,0,0.0,0,0,,False,
BTCI,Financial,Exchange Traded Fund,unknown,low,high,0.0,0,0.0,0,0,,False,
BTCK,Financial,Exchange Traded Fund,unknown,mid,unknown,0.0,0,0.0,0,0,,False,
BTCL,Financial,Exchange Traded Fund,unknown,mid,high,0.0,0,0.0,0,0,,False,
BTCO,Financial,Exchange Traded Fund,unknown,mid,high,0.0,0,0.0,0,0,,False,
BTCS,Financial,Capital Markets,micro,high,high,0.0,0,0.0,0,0,,False,
BTCT,Technology,Computer Hardware,micro,high,high,0.0,0,0.0,0,0,,False,
BTCU,Financial,Exchange Traded Fund,unknown,mid,unknown,0.0,0,0.0,0,0,,False,
BTCW,Financial,Exchange Traded Fund,unknown,mid,high,0.0,0,0.0,0,0,,False,
BTCZ,Financial,Exchange Traded Fund,unknown,mid,low,0.0,0,0.0,0,0,,False,
BTDL,Financial,Exchange Traded Fund,unknown,high,unknown,0.0,0,0.0,0,0,,False,
BTDR,Technology,Software - Application,mid,high,high,0.0,0,0.0,0,0,,False,
BTE,Energy,Oil & Gas E&P,mid,mid,low,0.0,0,0.0,0,0,,False,
BTF,Financial,Exchange Traded Fund,unknown,mid,high,0.0,0,0.0,0,0,,False,
BTG,Basic Materials,Gold,mid,mid,low,0.0,0,0.0,0,0,,False,
BTGD,Financial,Exchange Traded Fund,unknown,mid,high,0.0,0,0.0,0,0,,False,
BTGO,Financial,Capital Markets,small,high,unknown,0.0,0,0.0,0,0,,False,
BTI,Consumer Defensive,Tobacco,large,mid,low,0.0,0,0.0,0,0,,False,
BTMD,Healthcare,Medical Care Facilities,micro,high,high,0.0,0,0.0,0,0,,False,
BTO,Financial,Closed-End Fund - Equity,small,low,mid,0.0,0,0.0,0,0,,False,
BTOC,Industrials,Integrated Freight & Logistics,micro,high,high,0.0,0,0.0,0,0,,False,
BTOG,Financial,Financial Data & Stock Exchanges,micro,high,high,0.0,0,0.0,0,0,,False,
BTOT,Financial,Exchange Traded Fund,unknown,low,unknown,0.0,0,0.0,0,0,,False,
BTQ,Technology,Software - Infrastructure,small,high,low,0.0,0,0.0,0,0,,False,
BTR,Financial,Exchange Traded Fund,unknown,low,low,0.0,0,0.0,0,0,,False,
BTRN,Financial,Exchange Traded Fund,unknown,low,mid,0.0,0,0.0,0,0,,False,
BTSG,Healthcare,Health Information Services,large,high,high,0.0,0,0.0,0,0,,False,
BTT,Financial,Closed-End Fund - Debt,small,low,low,0.0,0,0.0,0,0,,False,
BTTC,Technology,Software - Application,micro,high,mid,0.0,0,0.0,0,0,,False,
BTU,Energy,Thermal Coal,mid,mid,low,0.0,0,0.0,0,0,,False,
BTX,Financial,Asset Management,unknown,mid,high,0.0,0,0.0,0,0,,False,
BTZ,Financial,Closed-End Fund - Debt,small,low,low,0.0,0,0.0,0,0,,False,
BUCK,Financial,Exchange Traded Fund,unknown,low,low,0.0,0,0.0,0,0,,False,
BUD,Consumer Defensive,Beverages - Brewers,large,mid,low,0.0,0,0.0,0,0,,False,
BUDA,Consumer Defensive,Beverages - Non-Alcoholic,micro,high,unknown,0.0,0,0.0,0,0,,False,
BUFB,Financial,Exchange Traded Fund,unknown,low,low,0.0,0,0.0,0,0,,False,
BUFC,Financial,Exchange Traded Fund,unknown,low,low,0.0,0,0.0,0,0,,False,
BUFD,Financial,Exchange Traded Fund,unknown,low,low,0.0,0,0.0,0,0,,False,
BUFE,Financial,Exchange Traded Fund,unknown,low,unknown,0.0,0,0.0,0,0,,False,
BUFF,Financial,Exchange Traded Fund,unknown,low,low,0.0,0,0.0,0,0,,False,
BUFG,Financial,Exchange Traded Fund,unknown,low,low,0.0,0,0.0,0,0,,False,
BUFH,Financial,Exchange Traded Fund,unknown,low,low,0.0,0,0.0,0,0,,False,
BUFI,Financial,Exchange Traded Fund,unknown,low,low,0.0,0,0.0,0,0,,False,
BUFM,Financial,Exchange Traded Fund,unknown,low,low,0.0,0,0.0,0,0,,False,
BUFP,Financial,Exchange Traded Fund,unknown,low,low,0.0,0,0.0,0,0,,False,
BUFQ,Financial,Exchange Traded Fund,unknown,low,low,0.0,0,0.0,0,0,,False,
BUFR,Financial,Exchange Traded Fund,unknown,low,low,0.0,0,0.0,0,0,,False,
BUFS,Financial,Exchange Traded Fund,unknown,low,low,0.0,0,0.0,0,0,,False,
BUFT,Financial,Exchange Traded Fund,unknown,low,low,0.0,0,0.0,0,0,,False,
BUFX,Financial,Exchange Traded Fund,unknown,low,low,0.0,0,0.0,0,0,,False,
BUFY,Financial,Exchange Traded Fund,unknown,low,low,0.0,0,0.0,0,0,,False,
BUFZ,Financial,Exchange Traded Fund,unknown,low,low,0.0,0,0.0,0,0,,False,
BUG,Financial,Exchange Traded Fund,unknown,mid,mid,0.0,0,0.0,0,0,,False,
BUI,Financial,Closed-End Fund - Equity,small,low,low,0.0,0,0.0,0,0,,False,
BUL,Financial,Exchange Traded Fund,unknown,low,mid,0.0,0,0.0,0,0,,False,
BULD,Financial,Exchange Traded Fund,unknown,low,high,0.0,0,0.0,0,0,,False,
BULG,Financial,Exchange Traded Fund,unknown,high,high,0.0,0,0.0,0,0,,False,
BULL,Technology,Software - Application,mid,mid,low,0.0,0,0.0,0,0,,False,
BULZ,Financial,Exchange Traded Fund,unknown,high,high,0.0,0,0.0,0,0,,False,
BUR,Financial,Asset Management,small,mid,mid,0.0,0,0.0,0,0,,False,
BURL,Consumer Cyclical,Apparel Retail,large,mid,high,0.0,0,0.0,0,0,,False,
BUSA,Financial,Exchange Traded Fund,unknown,low,low,0.0,0,0.0,0,0,,False,
BUSE,Financial,Banks - Regional,mid,low,low,0.0,0,0.0,0,0,,False,
BUSM,Financial,Exchange Traded Fund,unknown,low,unknown,0.0,0,0.0,0,0,,False,
BUUU,Industrials,Specialty Business Services,small,high,low,0.0,0,0.0,0,0,,False,
BUXX,Financial,Exchange Traded Fund,unknown,low,low,0.0,0,0.0,0,0,,False,
BUYB,Financial,Exchange Traded Fund,unknown,low,unknown,0.0,0,0.0,0,0,,False,
BUYO,Financial,Exchange Traded Fund,unknown,low,mid,0.0,0,0.0,0,0,,False,
BUYW,Financial,Exchange Traded Fund,unknown,low,low,0.0,0,0.0,0,0,,False,
BUYZ,Financial,Exchange Traded Fund,unknown,low,high,0.0,0,0.0,0,0,,False,
BUZZ,Financial,Exchange Traded Fund,unknown,mid,high,0.0,0,0.0,0,0,,False,
BV,Industrials,Specialty Business Services,small,high,mid,0.0,0,0.0,0,0,,False,
BVAL,Financial,Exchange Traded Fund,unknown,low,low,0.0,0,0.0,0,0,,False,
BVC,Technology,Software - Application,micro,high,low,0.0,0,0.0,0,0,,False,
BVFL,Financial,Banks - Regional,micro,mid,low,0.0,0,0.0,0,0,,False,
BVN,Basic Materials,Other Precious Metals & Mining,mid,mid,low,0.0,0,0.0,0,0,,False,
BVS,Healthcare,Medical Devices,small,high,low,0.0,0,0.0,0,0,,False,
BW,Industrials,Specialty Industrial Machinery,small,high,mid,0.0,0,0.0,0,0,,False,
BWA,Consumer Cyclical,Auto Parts,large,mid,mid,0.0,0,0.0,0,0,,False,
BWAY,Healthcare,Medical Devices,small,high,mid,0.0,0,0.0,0,0,,False,
BWB,Financial,Banks - Regional,small,mid,low,0.0,0,0.0,0,0,,False,
BWEN,Industrials,Specialty Industrial Machinery,micro,high,high,0.0,0,0.0,0,0,,False,
BWET,Financial,Exchange Traded Fund,unknown,high,low,0.0,0,0.0,0,0,,False,
BWFG,Financial,Banks - Regional,small,mid,low,0.0,0,0.0,0,0,,False,
BWG,Financial,Closed-End Fund - Debt,micro,low,low,0.0,0,0.0,0,0,,False,
BWIN,Financial,Insurance Brokers,mid,mid,mid,0.0,0,0.0,0,0,,False,
BWIV,Financial,Shell Companies,micro,low,unknown,0.0,0,0.0,0,0,,False,
BWLP,Energy,Oil & Gas Midstream,mid,mid,mid,0.0,0,0.0,0,0,,False,
BWMN,Industrials,Engineering & Construction,small,mid,high,0.0,0,0.0,0,0,,False,
BWMX,Consumer Cyclical,Specialty Retail,small,mid,mid,0.0,0,0.0,0,0,,False,
BWOW,Financial,Exchange Traded Fund,unknown,low,unknown,0.0,0,0.0,0,0,,False,
BWQG,Financial,Exchange Traded Fund,unknown,low,unknown,0.0,0,0.0,0,0,,False,
BWTG,Financial,Exchange Traded Fund,unknown,low,mid,0.0,0,0.0,0,0,,False,
BWX,Financial,Exchange Traded Fund,unknown,low,low,0.0,0,0.0,0,0,,False,
BWXT,Industrials,Aerospace & Defense,large,mid,low,0.0,0,0.0,0,0,,False,
BWZ,Financial,Exchange Traded Fund,unknown,low,low,0.0,0,0.0,0,0,,False,
BX,Financial,Asset Management,large,mid,high,0.0,0,0.0,0,0,,False,
BXBL,Consumer Cyclical,Residential Construction,micro,high,low,0.0,0,0.0,0,0,,False,
BXC,Industrials,Industrial Distribution,small,high,high,0.0,0,0.0,0,0,,False,
BXDC,Real Estate,REIT - Specialty,mid,mid,unknown,0.0,0,0.0,0,0,,False,
BXMT,Real Estate,REIT - Mortgage,mid,mid,mid,0.0,0,0.0,0,0,,False,
BXP,Real Estate,REIT - Office,large,mid,mid,0.0,0,0.0,0,0,,False,
BXSL,Financial,Asset Management,mid,mid,low,0.0,0,0.0,0,0,,False,
BY,Financial,Banks - Regional,small,low,low,0.0,0,0.0,0,0,,False,
BYAH,Consumer Defensive,Household & Personal Products,micro,high,low,0.0,1,0.0,0,0,,False,
BYD,Consumer Cyclical,Resorts & Casinos,mid,mid,mid,0.0,0,0.0,0,0,,False,
BYFC,Financial,Banks - Regional,micro,mid,low,0.0,0,0.0,0,0,,False,
BYLD,Financial,Exchange Traded Fund,unknown,low,low,0.0,0,0.0,0,0,,False,
BYND,Consumer Defensive,Packaged Foods,micro,high,high,0.0,0,0.0,0,0,,False,
BYRE,Financial,Exchange Traded Fund,unknown,low,low,0.0,0,0.0,0,0,,False,
BYRN,Industrials,Aerospace & Defense,micro,high,high,0.0,0,0.0,0,0,,False,
BYSI,Healthcare,Biotechnology,micro,high,low,0.0,0,0.0,0,0,,False,
BZ,Communication Services,Internet Content & Information,mid,mid,low,0.0,1,0.0,0,0,,False,
BZAI,Technology,Software - Application,micro,high,low,0.0,0,0.0,0,0,,False,
BZFD,Communication Services,Internet Content & Information,micro,high,high,0.0,0,0.0,0,0,,False,
BZH,Consumer Cyclical,Residential Construction,small,mid,high,0.0,0,0.0,0,0,,False,
BZQ,Financial,Exchange Traded Fund,unknown,mid,low,0.0,0,0.0,0,0,,False,
BZUN,Consumer Cyclical,Internet Retail,micro,mid,low,0.0,1,0.0,0,0,,False,
BZZ,Financial,Exchange Traded Fund,unknown,mid,unknown,0.0,0,0.0,0,0,,False,
C,Financial,Banks - Diversified,mega,mid,mid,0.0,0,0.0,0,0,,False,
CAAA,Financial,Exchange Traded Fund,unknown,low,low,0.0,0,0.0,0,0,,False,
CAAP,Industrials,Airports & Air Services,mid,mid,low,0.0,0,0.0,0,0,,False,
CAAS,Consumer Cyclical,Auto Parts,micro,mid,mid,0.0,1,0.0,0,0,,False,
CABA,Healthcare,Biotechnology,small,high,high,0.0,0,0.0,0,0,,False,
CABO,Communication Services,Telecom Services,micro,high,low,0.0,0,0.0,0,0,,False,
CABR,Healthcare,Drug Manufacturers - Specialty & Generic,unknown,high,low,0.0,0,0.0,0,0,,False,
CABZ,Financial,Exchange Traded Fund,unknown,mid,unknown,0.0,0,0.0,0,0,,False,
CAC,Financial,Banks - Regional,small,mid,low,0.0,0,0.0,0,0,,False,
CACC,Financial,Credit Services,mid,mid,high,0.0,0,0.0,0,0,,False,
CACI,Technology,Information Technology Services,large,mid,low,0.0,0,0.0,0,0,,False,
CADL,Healthcare,Biotechnology,small,mid,low,0.0,0,0.0,0,0,,False,
CAE,Industrials,Aerospace & Defense,mid,mid,mid,0.0,0,0.0,0,0,,False,
CAES,Financial,Shell Companies,small,low,unknown,0.0,0,0.0,0,0,,False,
CAF,Financial,Closed-End Fund - Foreign,micro,mid,low,0.0,0,0.0,0,0,,False,
CAFG,Financial,Exchange Traded Fund,unknown,low,mid,0.0,0,0.0,0,0,,False,
CAFX,Financial,Exchange Traded Fund,unknown,low,low,0.0,0,0.0,0,0,,False,
CAG,Consumer Defensive,Packaged Foods,mid,mid,low,0.0,0,0.0,0,0,,False,
CAGE,Financial,Exchange Traded Fund,unknown,low,unknown,0.0,0,0.0,0,0,,False,
CAH,Healthcare,Medical Distribution,large,mid,low,0.0,0,0.0,0,0,,False,
CAI,Healthcare,Biotechnology,mid,high,mid,0.0,0,0.0,0,0,,False,
CAIE,Financial,Exchange Traded Fund,unknown,low,mid,0.0,0,0.0,0,0,,False,
CAII,Financial,Shell Companies,small,low,unknown,0.0,0,0.0,0,0,,False,
CAIQ,Financial,Exchange Traded Fund,unknown,low,unknown,0.0,0,0.0,0,0,,False,
CAKE,Consumer Cyclical,Restaurants,mid,mid,mid,0.0,0,0.0,0,0,,False,
CAL,Consumer Cyclical,Apparel Retail,small,high,low,0.0,0,0.0,0,0,,False,
CALC,Healthcare,Biotechnology,micro,high,mid,0.0,0,0.0,0,0,,False,
CALF,Financial,Exchange Traded Fund,unknown,low,mid,0.0,0,0.0,0,0,,False,
CALI,Financial,Exchange Traded Fund,unknown,low,low,0.0,0,0.0,0,0,,False,
CALM,Consumer Defensive,Farm Products,mid,mid,low,0.0,0,0.0,0,0,,False,
CALX,Technology,Software - Infrastructure,mid,mid,mid,0.0,0,0.0,0,0,,False,
CALY,Consumer Cyclical,Leisure,mid,mid,mid,0.0,0,0.0,0,0,,False,
CAM,Financial,Exchange Traded Fund,unknown,low,unknown,0.0,0,0.0,0,0,,False,
CAMC,Financial,Exchange Traded Fund,unknown,high,unknown,0.0,0,0.0,0,0,,False,
CAML,Financial,Exchange Traded Fund,unknown,low,mid,0.0,0,0.0,0,0,,False,
CAMP,Healthcare,Biotechnology,micro,high,low,0.0,0,0.0,0,0,,False,
CAMT,Technology,Semiconductor Equipment & Materials,mid,high,high,0.0,0,0.0,0,0,,False,
CAMX,Financial,Exchange Traded Fund,unknown,low,mid,0.0,0,0.0,0,0,,False,
CAN,Technology,Computer Hardware,micro,high,high,0.0,0,0.0,0,0,,False,
CANC,Financial,Exchange Traded Fund,unknown,mid,low,0.0,0,0.0,0,0,,False,
CANE,Financial,Exchange Traded Fund,unknown,low,low,0.0,0,0.0,0,0,,False,
CANF,Healthcare,Biotechnology,micro,high,mid,0.0,0,0.0,0,0,,False,
CANG,Financial,Capital Markets,micro,high,mid,0.0,1,0.0,0,0,,False,
CANQ,Financial,Exchange Traded Fund,unknown,low,mid,0.0,0,0.0,0,0,,False,
CAOS,Financial,Exchange Traded Fund,unknown,low,low,0.0,0,0.0,0,0,,False,
CAPE,Financial,Exchange Traded Fund,unknown,low,mid,0.0,0,0.0,0,0,,False,
CAPL,Energy,Oil & Gas Refining & Marketing,small,mid,low,0.0,0,0.0,0,0,,False,
CAPN,Financial,Shell Companies,micro,low,low,0.0,0,0.0,0,0,,False,
CAPR,Healthcare,Biotechnology,micro,high,low,0.0,0,0.0,0,0,,False,
CAPS,Basic Materials,Building Materials,micro,high,low,0.0,0,0.0,0,0,,False,
CAQ,Financial,Shell Companies,micro,low,unknown,0.0,0,0.0,0,0,,False,
CAR,Industrials,Rental & Leasing Services,mid,high,high,0.0,0,0.0,0,0,,False,
CARD,Financial,Exchange Traded Fund,unknown,high,low,0.0,0,0.0,0,0,,False,
CARE,Financial,Banks - Regional,small,mid,low,0.0,0,0.0,0,0,,False,
CARG,Consumer Cyclical,Auto & Truck Dealerships,mid,mid,mid,0.0,0,0.0,0,0,,False,
CARK,Financial,Exchange Traded Fund,unknown,low,mid,0.0,0,0.0,0,0,,False,
CARL,Healthcare,Health Information Services,small,high,high,0.0,0,0.0,0,0,,False,
CARR,Industrials,Building Products & Equipment,large,mid,high,0.0,0,0.0,0,0,,False,
CARS,Communication Services,Internet Content & Information,small,high,high,0.0,0,0.0,0,0,,False,
CART,Consumer Cyclical,Internet Retail,large,mid,mid,0.0,0,0.0,0,0,,False,
CARU,Financial,Exchange Traded Fund,unknown,mid,high,0.0,0,0.0,0,0,,False,
CARX,Financial,Exchange Traded Fund,unknown,mid,unknown,0.0,0,0.0,0,0,,False,
CARY,Financial,Exchange Traded Fund,unknown,low,low,0.0,0,0.0,0,0,,False,
CARZ,Financial,Exchange Traded Fund,unknown,mid,high,0.0,0,0.0,0,0,,False,
CAS,Financial,Exchange Traded Fund,unknown,low,mid,0.0,0,0.0,0,0,,False,
CASH,Financial,Banks - Regional,small,mid,low,0.0,0,0.0,0,0,,False,
CASS,Industrials,Specialty Business Services,small,mid,low,0.0,0,0.0,0,0,,False,
CAST,Communication Services,Broadcasting,micro,high,unknown,0.0,0,0.0,0,0,,False,
CASY,Consumer Cyclical,Specialty Retail,large,mid,low,0.0,0,0.0,0,0,,False,
CAT,Industrials,Farm & Heavy Construction Machinery,mega,mid,high,0.0,0,0.0,0,0,,False,
CATF,Financial,Exchange Traded Fund,unknown,low,low,0.0,0,0.0,0,0,,False,
CATG,Financial,Exchange Traded Fund,unknown,high,unknown,0.0,0,0.0,0,0,,False,
CATH,Financial,Exchange Traded Fund,unknown,low,mid,0.0,0,0.0,0,0,,False,
CATLU,Financial,Shell Companies,micro,low,unknown,0.0,0,0.0,0,0,,False,
CATO,Consumer Cyclical,Apparel Retail,micro,high,low,0.0,0,0.0,0,0,,False,
CATX,Healthcare,Medical Devices,small,high,high,0.0,0,0.0,0,0,,False,
CATY,Financial,Banks - Regional,mid,low,mid,0.0,0,0.0,0,0,,False,
CAUG,Financial,Exchange Traded Fund,unknown,low,unknown,0.0,0,0.0,0,0,,False,
CAVA,Consumer Cyclical,Restaurants,mid,high,high,0.0,0,0.0,0,0,,False,
CB,Financial,Insurance - Property & Casualty,large,mid,low,0.0,0,0.0,0,0,,False,
CBAN,Financial,Banks - Regional,small,mid,low,0.0,0,0.0,0,0,,False,
CBAT,Industrials,Electrical Equipment & Parts,micro,high,high,0.0,1,0.0,0,0,,False,
CBC,Financial,Banks - Regional,mid,mid,low,0.0,0,0.0,0,0,,False,
CBFV,Financial,Banks - Regional,micro,mid,low,0.0,0,0.0,0,0,,False,
CBIL,Financial,Exchange Traded Fund,unknown,low,unknown,0.0,0,0.0,0,0,,False,
CBIO,Healthcare,Biotechnology,small,high,mid,0.0,0,0.0,0,0,,False,
CBK,Financial,Banks - Regional,small,mid,unknown,0.0,0,0.0,0,0,,False,
CBL,Real Estate,REIT - Retail,small,mid,high,0.0,0,0.0,0,0,,False,
CBLL,Healthcare,Medical Devices,small,mid,mid,0.0,0,0.0,0,0,,False,
CBLS,Financial,Exchange Traded Fund,unknown,low,low,0.0,0,0.0,0,0,,False,
CBNA,Financial,Banks - Regional,small,mid,low,0.0,0,0.0,0,0,,False,
CBNK,Financial,Banks - Regional,small,mid,low,0.0,0,0.0,0,0,,False,
CBOA,Financial,Exchange Traded Fund,unknown,low,low,0.0,0,0.0,0,0,,False,
CBOE,Financial,Financial Data & Stock Exchanges,large,mid,low,0.0,0,0.0,0,0,,False,
CBOJ,Financial,Exchange Traded Fund,unknown,low,low,0.0,0,0.0,0,0,,False,
CBOL,Financial,Exchange Traded Fund,unknown,low,unknown,0.0,0,0.0,0,0,,False,
CBON,Financial,Exchange Traded Fund,unknown,low,low,0.0,0,0.0,0,0,,False,
CBOO,Financial,Exchange Traded Fund,unknown,low,unknown,0.0,0,0.0,0,0,,False,
CBOT,Financial,Exchange Traded Fund,unknown,low,unknown,0.0,0,0.0,0,0,,False,
CBOX,Financial,Exchange Traded Fund,unknown,low,unknown,0.0,0,0.0,0,0,,False,
CBOY,Financial,Exchange Traded Fund,unknown,low,low,0.0,0,0.0,0,0,,False,
CBRE,Real Estate,Real Estate Services,large,mid,mid,0.0,0,0.0,0,0,,False,
CBRG,Financial,Exchange Traded Fund,unknown,high,unknown,0.0,0,0.0,0,0,,False,
CBRL,Consumer Cyclical,Restaurants,small,mid,mid,0.0,0,0.0,0,0,,False,
CBRS,Technology,Semiconductors,large,high,unknown,0.0,0,0.0,0,0,,False,
CBRX,Financial,Exchange Traded Fund,unknown,high,unknown,0.0,0,0.0,0,0,,False,
CBRZ,Financial,Exchange Traded Fund,unknown,high,unknown,0.0,0,0.0,0,0,,False,
CBSE,Financial,Exchange Traded Fund,unknown,low,mid,0.0,0,0.0,0,0,,False,
CBSH,Financial,Banks - Regional,mid,low,low,0.0,0,0.0,0,0,,False,
CBT,Basic Materials,Specialty Chemicals,mid,mid,mid,0.0,0,0.0,0,0,,False,
CBTA,Financial,Exchange Traded Fund,unknown,low,mid,0.0,0,0.0,0,0,,False,
CBTJ,Financial,Exchange Traded Fund,unknown,low,low,0.0,0,0.0,0,0,,False,
CBTL,Financial,Exchange Traded Fund,unknown,low,unknown,0.0,0,0.0,0,0,,False,
CBTO,Financial,Exchange Traded Fund,unknown,low,unknown,0.0,0,0.0,0,0,,False,
CBTY,Financial,Exchange Traded Fund,unknown,low,low,0.0,0,0.0,0,0,,False,
CBU,Financial,Banks - Regional,mid,mid,low,0.0,0,0.0,0,0,,False,
CBUS,Healthcare,Biotechnology,micro,high,high,0.0,0,0.0,0,0,,False,
CBXA,Financial,Exchange Traded Fund,unknown,low,low,0.0,0,0.0,0,0,,False,
CBXJ,Financial,Exchange Traded Fund,unknown,low,low,0.0,0,0.0,0,0,,False,
CBXL,Financial,Exchange Traded Fund,unknown,low,unknown,0.0,0,0.0,0,0,,False,
CBXO,Financial,Exchange Traded Fund,unknown,low,unknown,0.0,0,0.0,0,0,,False,
CBXY,Financial,Exchange Traded Fund,unknown,low,low,0.0,0,0.0,0,0,,False,
CBZ,Industrials,Specialty Business Services,mid,mid,mid,0.0,0,0.0,0,0,,False,
CC,Basic Materials,Specialty Chemicals,mid,high,high,0.0,0,0.0,0,0,,False,
CCAP,Financial,Asset Management,small,mid,low,0.0,0,0.0,0,0,,False,
CCAQ,Financial,Shell Companies,micro,low,low,0.0,0,0.0,0,0,,False,
CCB,Financial,Banks - Regional,small,high,mid,0.0,0,0.0,0,0,,False,
CCBG,Financial,Banks - Regional,small,mid,low,0.0,0,0.0,0,0,,False,
CCC,Technology,Software - Application,mid,mid,low,0.0,0,0.0,0,0,,False,
CCCC,Healthcare,Biotechnology,small,high,high,0.0,0,0.0,0,0,,False,
CCCT,Financial,Shell Companies,small,low,unknown,0.0,0,0.0,0,0,,False,
CCD,Financial,Closed-End Fund - Equity,small,mid,mid,0.0,0,0.0,0,0,,False,
CCEC,Industrials,Marine Shipping,small,mid,low,0.0,0,0.0,0,0,,False,
CCEF,Financial,Exchange Traded Fund,unknown,low,low,0.0,0,0.0,0,0,,False,
CCEL,Healthcare,Medical Care Facilities,micro,high,low,0.0,0,0.0,0,0,,False,
CCEP,Consumer Defensive,Beverages - Non-Alcoholic,large,mid,low,0.0,0,0.0,0,0,,False,
CCFE,Financial,Exchange Traded Fund,unknown,low,mid,0.0,0,0.0,0,0,,False,
CCG,Communication Services,Internet Content & Information,micro,high,low,0.0,1,0.0,0,0,,False,
CCHH,Consumer Cyclical,Restaurants,micro,high,unknown,0.0,0,0.0,0,0,,False,
CCI,Real Estate,REIT - Specialty,large,mid,mid,0.0,0,0.0,0,0,,False,
CCIF,Financial,Closed-End Fund - Debt,micro,mid,low,0.0,0,0.0,0,0,,False,
CCII,Financial,Shell Companies,small,low,low,0.0,0,0.0,0,0,,False,
CCJ,Energy,Uranium,large,mid,mid,0.0,0,0.0,0,0,,False,
CCK,Consumer Cyclical,Packaging & Containers,large,mid,low,0.0,0,0.0,0,0,,False,
CCL,Consumer Cyclical,Travel Services,large,mid,high,0.0,0,0.0,0,0,,False,
CCLD,Healthcare,Health Information Services,micro,high,high,0.0,0,0.0,0,0,,False,
CCM,Healthcare,Medical Care Facilities,micro,high,low,0.0,1,0.0,0,0,,False,
CCNE,Financial,Banks - Regional,small,mid,low,0.0,0,0.0,0,0,,False,
CCNR,Financial,Exchange Traded Fund,unknown,low,low,0.0,0,0.0,0,0,,False,
CCO,Communication Services,Advertising Agencies,small,low,high,0.0,0,0.0,0,0,,False,
CCOI,Communication Services,Telecom Services,small,high,low,0.0,0,0.0,0,0,,False,
CCOM,Financial,Exchange Traded Fund,unknown,low,unknown,0.0,0,0.0,0,0,,False,
CCOR,Financial,Exchange Traded Fund,unknown,low,low,0.0,0,0.0,0,0,,False,
CCPX,Financial,Exchange Traded Fund,unknown,low,unknown,0.0,0,0.0,0,0,,False,
CCRP,Financial,Exchange Traded Fund,unknown,low,unknown,0.0,0,0.0,0,0,,False,
CCS,Real Estate,Real Estate - Development,mid,mid,high,0.0,0,0.0,0,0,,False,
CCSB,Financial,Exchange Traded Fund,unknown,low,low,0.0,0,0.0,0,0,,False,
CCSI,Technology,Software - Infrastructure,small,mid,high,0.0,0,0.0,0,0,,False,
CCSO,Financial,Exchange Traded Fund,unknown,low,high,0.0,0,0.0,0,0,,False,
CCTG,Industrials,Electrical Equipment & Parts,micro,high,mid,0.0,0,0.0,0,0,,False,
CCU,Consumer Defensive,Beverages - Brewers,mid,mid,low,0.0,0,0.0,0,0,,False,
CCUP,Financial,Exchange Traded Fund,unknown,high,low,0.0,0,0.0,0,0,,False,
CCXI,Financial,Shell Companies,small,high,unknown,0.0,0,0.0,0,0,,False,
CD,Financial,Capital Markets,small,high,high,0.0,0,0.0,0,0,,False,
CDC,Financial,Exchange Traded Fund,unknown,low,low,0.0,0,0.0,0,0,,False,
CDE,Basic Materials,Gold,large,high,high,0.0,0,0.0,0,0,,False,
CDEI,Financial,Exchange Traded Fund,unknown,low,mid,0.0,0,0.0,0,0,,False,
CDIG,Financial,Exchange Traded Fund,unknown,low,unknown,0.0,0,0.0,0,0,,False,
CDIO,Healthcare,Biotechnology,micro,high,high,0.0,0,0.0,0,0,,False,
CDL,Financial,Exchange Traded Fund,unknown,low,low,0.0,0,0.0,0,0,,False,
CDLR,Industrials,Engineering & Construction,mid,mid,low,0.0,0,0.0,0,0,,False,
CDLX,Communication Services,Advertising Agencies,micro,high,low,0.0,0,0.0,0,0,,False,
CDNA,Healthcare,Diagnostics & Research,mid,mid,high,0.0,0,0.0,0,0,,False,
CDNG,Financial,Exchange Traded Fund,unknown,high,unknown,0.0,0,0.0,0,0,,False,
CDNL,Industrials,Engineering & Construction,small,high,unknown,0.0,0,0.0,0,0,,False,
CDNS,Technology,Software - Application,large,mid,mid,0.0,0,0.0,0,0,,False,
CDP,Real Estate,REIT - Office,mid,low,low,0.0,0,0.0,0,0,,False,
CDPI,Financial,Exchange Traded Fund,unknown,low,unknown,0.0,0,0.0,0,0,,False,
CDRE,Industrials,Aerospace & Defense,small,high,high,0.0,0,0.0,0,0,,False,
CDRO,Consumer Cyclical,Gambling,small,mid,low,0.0,0,0.0,0,0,,False,
CDT,Healthcare,Biotechnology,micro,high,high,0.0,0,0.0,0,0,,False,
CDTG,Industrials,Waste Management,micro,high,low,0.0,1,0.0,0,0,,False,
CDW,Technology,Information Technology Services,large,high,mid,0.0,0,0.0,0,0,,False,
CDX,Financial,Exchange Traded Fund,unknown,low,low,0.0,0,0.0,0,0,,False,
CDXS,Healthcare,Biotechnology,micro,high,high,0.0,0,0.0,0,0,,False,
CDZI,Utilities,Utilities - Regulated Water,micro,high,high,0.0,0,0.0,0,0,,False,
CE,Basic Materials,Chemicals,mid,mid,low,0.0,0,0.0,0,0,,False,
CECO,Industrials,Pollution & Treatment Controls,mid,high,high,0.0,0,0.0,0,0,,False,
CEE,Financial,Closed-End Fund - Foreign,micro,mid,mid,0.0,0,0.0,0,0,,False,
CEF,Financial,Asset Management,mid,mid,low,0.0,0,0.0,0,0,,False,
CEFA,Financial,Exchange Traded Fund,unknown,low,low,0.0,0,0.0,0,0,,False,
CEFD,Financial,Exchange Traded Fund,unknown,low,mid,0.0,0,0.0,0,0,,False,
CEFS,Financial,Exchange Traded Fund,unknown,low,low,0.0,0,0.0,0,0,,False,
CEFZ,Financial,Exchange Traded Fund,unknown,low,low,0.0,0,0.0,0,0,,False,
CEG,Utilities,Utilities - Independent Power Producers,large,mid,mid,0.0,0,0.0,0,0,,False,
CEGX,Financial,Exchange Traded Fund,unknown,high,high,0.0,0,0.0,0,0,,False,
CELC,Healthcare,Biotechnology,mid,high,low,0.0,0,0.0,0,0,,False,
CELH,Consumer Defensive,Beverages - Non-Alcoholic,mid,high,mid,0.0,0,0.0,0,0,,False,
CELU,Healthcare,Biotechnology,micro,high,low,0.0,0,0.0,0,0,,False,
CELZ,Healthcare,Biotechnology,micro,high,high,0.0,0,0.0,0,0,,False,
CEMB,Financial,Exchange Traded Fund,unknown,low,low,0.0,0,0.0,0,0,,False,
CENN,Consumer Cyclical,Auto Manufacturers,micro,high,high,0.0,0,0.0,0,0,,False,
CENT,Consumer Defensive,Packaged Foods,mid,mid,low,0.0,0,0.0,0,0,,False,
CENTA,Consumer Defensive,Packaged Foods,mid,mid,low,0.0,0,0.0,0,0,,False,
CENX,Basic Materials,Aluminum,mid,high,high,0.0,0,0.0,0,0,,False,
CEPF,Financial,Shell Companies,small,low,low,0.0,0,0.0,0,0,,False,
CEPI,Financial,Exchange Traded Fund,unknown,mid,high,0.0,0,0.0,0,0,,False,
CEPL,Industrials,Specialty Industrial Machinery,micro,high,high,0.0,0,0.0,0,0,,False,
CEPO,Financial,Shell Companies,micro,low,low,0.0,0,0.0,0,0,,False,
CEPS,Financial,Shell Companies,micro,low,unknown,0.0,0,0.0,0,0,,False,
CEPU,Utilities,Utilities - Regulated Electric,small,mid,mid,0.0,0,0.0,0,0,,False,
CEPV,Financial,Shell Companies,small,low,unknown,0.0,0,0.0,0,0,,False,
CERS,Healthcare,Medical Devices,small,high,high,0.0,0,0.0,0,0,,False,
CERT,Healthcare,Health Information Services,small,mid,high,0.0,0,0.0,0,0,,False,
CERY,Financial,Exchange Traded Fund,unknown,low,low,0.0,0,0.0,0,0,,False,
CET,Financial,Closed-End Fund - Equity,small,low,low,0.0,0,0.0,0,0,,False,
CETX,Technology,Software - Infrastructure,micro,high,high,0.0,0,0.0,0,0,,False,
CETY,Industrials,Specialty Industrial Machinery,micro,high,low,0.0,0,0.0,0,0,,False,
CEV,Financial,Closed-End Fund - Debt,micro,low,low,0.0,0,0.0,0,0,,False,
CEVA,Technology,Semiconductors,small,high,high,0.0,0,0.0,0,0,,False,
CEW,Financial,Exchange Traded Fund,unknown,low,low,0.0,0,0.0,0,0,,False,
CF,Basic Materials,Agricultural Inputs,large,mid,low,0.0,0,0.0,0,0,,False,
CFA,Financial,Exchange Traded Fund,unknown,low,mid,0.0,0,0.0,0,0,,False,
CFBK,Financial,Banks - Regional,micro,mid,low,0.0,0,0.0,0,0,,False,
CFFI,Financial,Banks - Regional,micro,mid,low,0.0,0,0.0,0,0,,False,
CFFN,Financial,Banks - Regional,small,mid,low,0.0,0,0.0,0,0,,False,
CFG,Financial,Banks - Regional,large,mid,mid,0.0,0,0.0,0,0,,False,
CFIT,Financial,Exchange Traded Fund,unknown,low,low,0.0,0,0.0,0,0,,False,
CFND,Financial,Asset Management,unknown,mid,low,0.0,0,0.0,0,0,,False,
CFO,Financial,Exchange Traded Fund,unknown,low,low,0.0,0,0.0,0,0,,False,
CFR,Financial,Banks - Regional,large,low,low,0.0,0,0.0,0,0,,False,
CG,Financial,Asset Management,large,mid,high,0.0,0,0.0,0,0,,False,
CGAU,Basic Materials,Gold,mid,mid,mid,0.0,0,0.0,0,0,,False,
CGBD,Financial,Asset Management,small,mid,low,0.0,0,0.0,0,0,,False,
CGBL,Financial,Exchange Traded Fund,unknown,low,low,0.0,0,0.0,0,0,,False,
CGC,Healthcare,Drug Manufacturers - Specialty & Generic,small,mid,mid,0.0,0,0.0,0,0,,False,
CGCB,Financial,Exchange Traded Fund,unknown,low,low,0.0,0,0.0,0,0,,False,
CGCFU,Financial,Shell Companies,micro,low,unknown,0.0,0,0.0,0,0,,False,
CGCP,Financial,Exchange Traded Fund,unknown,low,low,0.0,0,0.0,0,0,,False,
CGCV,Financial,Exchange Traded Fund,unknown,low,low,0.0,0,0.0,0,0,,False,
CGDG,Financial,Exchange Traded Fund,unknown,low,low,0.0,0,0.0,0,0,,False,
CGDV,Financial,Exchange Traded Fund,unknown,low,mid,0.0,0,0.0,0,0,,False,
CGEM,Healthcare,Biotechnology,small,high,low,0.0,0,0.0,0,0,,False,
CGEN,Healthcare,Biotechnology,micro,mid,high,0.0,0,0.0,0,0,,False,
CGGE,Financial,Exchange Traded Fund,unknown,low,mid,0.0,0,0.0,0,0,,False,
CGGG,Financial,Exchange Traded Fund,unknown,low,high,0.0,0,0.0,0,0,,False,
CGGO,Financial,Exchange Traded Fund,unknown,low,mid,0.0,0,0.0,0,0,,False,
CGGR,Financial,Exchange Traded Fund,unknown,low,mid,0.0,0,0.0,0,0,,False,
CGHM,Financial,Exchange Traded Fund,unknown,low,low,0.0,0,0.0,0,0,,False,
CGHY,Financial,Exchange Traded Fund,unknown,low,low,0.0,0,0.0,0,0,,False,
CGIB,Financial,Exchange Traded Fund,unknown,low,low,0.0,0,0.0,0,0,,False,
CGIC,Financial,Exchange Traded Fund,unknown,low,low,0.0,0,0.0,0,0,,False,
CGIE,Financial,Exchange Traded Fund,unknown,low,low,0.0,0,0.0,0,0,,False,
CGMM,Financial,Exchange Traded Fund,unknown,low,mid,0.0,0,0.0,0,0,,False,
CGMS,Financial,Exchange Traded Fund,unknown,low,low,0.0,0,0.0,0,0,,False,
CGMU,Financial,Exchange Traded Fund,unknown,low,low,0.0,0,0.0,0,0,,False,
CGNG,Financial,Exchange Traded Fund,unknown,low,mid,0.0,0,0.0,0,0,,False,
CGNT,Technology,Software - Infrastructure,small,mid,high,0.0,0,0.0,0,0,,False,
CGNX,Technology,Scientific & Technical Instruments,large,high,high,0.0,0,0.0,0,0,,False,
CGO,Financial,Closed-End Fund - Equity,micro,mid,mid,0.0,0,0.0,0,0,,False,
CGON,Healthcare,Biotechnology,mid,mid,low,0.0,0,0.0,0,0,,False,
CGOV,Financial,Exchange Traded Fund,unknown,low,unknown,0.0,0,0.0,0,0,,False,
CGRO,Financial,Exchange Traded Fund,unknown,low,low,0.0,0,0.0,0,0,,False,
CGSD,Financial,Exchange Traded Fund,unknown,low,low,0.0,0,0.0,0,0,,False,
CGSM,Financial,Exchange Traded Fund,unknown,low,low,0.0,0,0.0,0,0,,False,
CGTL,Consumer Cyclical,Specialty Retail,micro,high,low,0.0,0,0.0,0,0,,False,
CGTX,Healthcare,Biotechnology,micro,high,high,0.0,0,0.0,0,0,,False,
CGUI,Financial,Exchange Traded Fund,unknown,low,low,0.0,0,0.0,0,0,,False,
CGUS,Financial,Exchange Traded Fund,unknown,low,mid,0.0,0,0.0,0,0,,False,
CGV,Financial,Exchange Traded Fund,unknown,low,low,0.0,0,0.0,0,0,,False,
CGVV,Financial,Exchange Traded Fund,unknown,low,mid,0.0,0,0.0,0,0,,False,
CGW,Financial,Exchange Traded Fund,unknown,low,mid,0.0,0,0.0,0,0,,False,
CGXU,Financial,Exchange Traded Fund,unknown,low,mid,0.0,0,0.0,0,0,,False,
CHA,Consumer Cyclical,Restaurants,small,mid,high,0.0,1,0.0,0,0,,False,
CHAI,Communication Services,Internet Content & Information,micro,high,high,0.0,0,0.0,0,0,,False,
CHAR,Financial,Shell Companies,micro,low,low,0.0,0,0.0,0,0,,False,
CHAT,Financial,Exchange Traded Fund,unknown,mid,high,0.0,0,0.0,0,0,,False,
CHAU,Financial,Exchange Traded Fund,unknown,mid,low,0.0,0,0.0,0,0,,False,
CHCI,Real Estate,Real Estate Services,micro,mid,low,0.0,0,0.0,0,0,,False,
CHCO,Financial,Banks - Regional,mid,low,low,0.0,0,0.0,0,0,,False,
CHCT,Real Estate,REIT - Healthcare Facilities,small,mid,low,0.0,0,0.0,0,0,,False,
CHD,Consumer Defensive,Household & Personal Products,large,mid,low,0.0,0,0.0,0,0,,False,
CHDG,Financial,Exchange Traded Fund,unknown,low,unknown,0.0,0,0.0,0,0,,False,
CHDN,Consumer Cyclical,Gambling,mid,mid,low,0.0,0,0.0,0,0,,False,
CHE,Healthcare,Medical Care Facilities,mid,mid,low,0.0,0,0.0,0,0,,False,
CHEC,Financial,Shell Companies,micro,low,unknown,0.0,0,0.0,0,0,,False,
CHEF,Consumer Defensive,Food Distribution,mid,mid,high,0.0,0,0.0,0,0,,False,
CHGA,Real Estate,Real Estate Services,micro,high,low,0.0,0,0.0,0,0,,False,
CHGG,Consumer Defensive,Education & Training Services,micro,high,high,0.0,0,0.0,0,0,,False,
CHGX,Financial,Exchange Traded Fund,unknown,low,mid,0.0,0,0.0,0,0,,False,
CHH,Consumer Cyclical,Lodging,mid,mid,low,0.0,0,0.0,0,0,,False,
CHI,Financial,Closed-End Fund - Debt,small,low,mid,0.0,0,0.0,0,0,,False,
CHIQ,Financial,Exchange Traded Fund,unknown,low,low,0.0,0,0.0,0,0,,False,
CHKP,Technology,Software - Infrastructure,large,mid,low,0.0,0,0.0,0,0,,False,
CHMG,Financial,Banks - Regional,small,mid,low,0.0,0,0.0,0,0,,False,
CHMI,Real Estate,REIT - Mortgage,micro,mid,mid,0.0,0,0.0,0,0,,False,
CHNL,Financial,Exchange Traded Fund,unknown,mid,unknown,0.0,0,0.0,0,0,,False,
CHNR,Basic Materials,Other Industrial Metals & Mining,micro,high,low,0.0,0,0.0,0,0,,False,
CHNU,Financial,Exchange Traded Fund,unknown,high,unknown,0.0,0,0.0,0,0,,False,
CHOW,Technology,Software - Infrastructure,micro,high,unknown,0.0,0,0.0,0,0,,False,
CHPG,Financial,Shell Companies,micro,low,low,0.0,0,0.0,0,0,,False,
CHPS,Financial,Exchange Traded Fund,unknown,mid,high,0.0,0,0.0,0,0,,False,
CHPT,Consumer Cyclical,Specialty Retail,micro,high,high,0.0,0,0.0,0,0,,False,
CHPX,Financial,Exchange Traded Fund,unknown,mid,unknown,0.0,0,0.0,0,0,,False,
CHPY,Financial,Exchange Traded Fund,unknown,mid,high,0.0,0,0.0,0,0,,False,
CHR,Communication Services,Advertising Agencies,micro,high,mid,0.0,1,0.0,0,0,,False,
CHRD,Energy,Oil & Gas E&P,mid,mid,low,0.0,0,0.0,0,0,,False,
CHRI,Financial,Exchange Traded Fund,unknown,low,unknown,0.0,0,0.0,0,0,,False,
CHRN,Technology,Information Technology Services,mid,high,mid,0.0,0,0.0,0,0,,False,
CHRS,Healthcare,Biotechnology,micro,high,mid,0.0,0,0.0,0,0,,False,
CHRW,Industrials,Integrated Freight & Logistics,large,mid,mid,0.0,0,0.0,0,0,,False,
CHSN,Consumer Cyclical,Restaurants,micro,high,low,0.0,1,0.0,0,0,,False,
CHT,Communication Services,Telecom Services,large,low,low,0.0,0,0.0,0,0,,False,
CHTR,Communication Services,Telecom Services,large,mid,low,0.0,0,0.0,0,0,,False,
CHW,Financial,Closed-End Fund - Equity,small,low,mid,0.0,0,0.0,0,0,,False,
CHWY,Consumer Cyclical,Internet Retail,mid,mid,high,0.0,0,0.0,0,0,,False,
CHY,Financial,Closed-End Fund - Debt,small,low,mid,0.0,0,0.0,0,0,,False,
CHYG,Financial,Exchange Traded Fund,unknown,low,unknown,0.0,0,0.0,0,0,,False,
CHYM,Technology,Software - Application,large,high,low,0.0,0,0.0,0,0,,False,
CI,Healthcare,Healthcare Plans,large,mid,low,0.0,0,0.0,0,0,,False,
CIA,Financial,Insurance - Life,micro,high,low,0.0,0,0.0,0,0,,False,
CIB,Financial,Banks - Regional,large,mid,low,0.0,0,0.0,0,0,,False,
CIBR,Financial,Exchange Traded Fund,unknown,mid,mid,0.0,0,0.0,0,0,,False,
CIEG,Financial,Exchange Traded Fund,unknown,high,unknown,0.0,0,0.0,0,0,,False,
CIEI,Financial,Exchange Traded Fund,unknown,low,unknown,0.0,0,0.0,0,0,,False,
CIEN,Technology,Communication Equipment,large,high,high,0.0,0,0.0,0,0,,False,
CIEX,Financial,Exchange Traded Fund,unknown,high,unknown,0.0,0,0.0,0,0,,False,
CIFC,Financial,Exchange Traded Fund,unknown,high,unknown,0.0,0,0.0,0,0,,False,
CIFG,Financial,Exchange Traded Fund,unknown,high,unknown,0.0,0,0.0,0,0,,False,
CIFR,Technology,Information Technology Services,mid,high,high,0.0,0,0.0,0,0,,False,
CIFU,Financial,Exchange Traded Fund,unknown,high,unknown,0.0,0,0.0,0,0,,False,
CIG,Utilities,Utilities - Regulated Electric,mid,mid,low,0.0,0,0.0,0,0,,False,
CIGI,Real Estate,Real Estate Services,mid,mid,mid,0.0,0,0.0,0,0,,False,
CIGL,Industrials,Security & Protection Services,micro,high,high,0.0,0,0.0,0,0,,False,
CII,Financial,Closed-End Fund - Equity,small,low,mid,0.0,0,0.0,0,0,,False,
CIIT,Industrials,Integrated Freight & Logistics,micro,high,mid,0.0,0,0.0,0,0,,False,
CIK,Financial,Closed-End Fund - Debt,micro,low,low,0.0,0,0.0,0,0,,False,
CIM,Real Estate,REIT - Mortgage,small,mid,high,0.0,0,0.0,0,0,,False,
CINF,Financial,Insurance - Property & Casualty,large,mid,low,0.0,0,0.0,0,0,,False,
CING,Healthcare,Biotechnology,micro,high,low,0.0,0,0.0,0,0,,False,
CINT,Technology,Software - Infrastructure,small,mid,mid,0.0,0,0.0,0,0,,False,
CION,Financial,Asset Management,small,mid,mid,0.0,0,0.0,0,0,,False,
CIR,Financial,Exchange Traded Fund,unknown,high,unknown,0.0,0,0.0,0,0,,False,
CIRC,Industrials,Staffing & Employment Services,micro,high,mid,0.0,0,0.0,0,0,,False,
CISO,Technology,Software - Infrastructure,micro,high,high,0.0,0,0.0,0,0,,False,
CISS,Industrials,Marine Shipping,micro,high,high,0.0,0,0.0,0,0,,False,
CITR,Basic Materials,Specialty Chemicals,micro,high,high,0.0,0,0.0,0,0,,False,
CIVB,Financial,Banks - Regional,small,mid,low,0.0,0,0.0,0,0,,False,
CIVG,Financial,Exchange Traded Fund,unknown,low,unknown,0.0,0,0.0,0,0,,False,
CIX,Industrials,Security & Protection Services,small,mid,mid,0.0,0,0.0,0,0,,False,
CJMB,Industrials,Integrated Freight & Logistics,unknown,high,low,0.0,0,0.0,0,0,,False,
CJUL,Financial,Exchange Traded Fund,unknown,low,unknown,0.0,0,0.0,0,0,,False,
CJUN,Financial,Exchange Traded Fund,unknown,low,unknown,0.0,0,0.0,0,0,,False,
CKX,Energy,Oil & Gas E&P,micro,high,low,0.0,0,0.0,0,0,,False,
CL,Consumer Defensive,Household & Personal Products,large,mid,low,0.0,0,0.0,0,0,,False,
CLAR,Consumer Cyclical,Leisure,micro,mid,mid,0.0,0,0.0,0,0,,False,
CLB,Energy,Oil & Gas Equipment & Services,small,mid,mid,0.0,0,0.0,0,0,,False,
CLBK,Financial,Banks - Regional,mid,mid,low,0.0,0,0.0,0,0,,False,
CLBR,Financial,Shell Companies,small,low,unknown,0.0,0,0.0,0,0,,False,
CLBT,Technology,Software - Infrastructure,mid,mid,mid,0.0,0,0.0,0,0,,False,
CLCG,Financial,Exchange Traded Fund,unknown,low,high,0.0,0,0.0,0,0,,False,
CLCV,Financial,Exchange Traded Fund,unknown,low,low,0.0,0,0.0,0,0,,False,
CLDI,Healthcare,Biotechnology,micro,high,high,0.0,0,0.0,0,0,,False,
CLDT,Real Estate,REIT - Hotel & Motel,small,mid,mid,0.0,0,0.0,0,0,,False,
CLDX,Healthcare,Biotechnology,mid,mid,mid,0.0,0,0.0,0,0,,False,
CLF,Basic Materials,Steel,mid,high,high,0.0,0,0.0,0,0,,False,
CLFD,Technology,Communication Equipment,small,high,high,0.0,0,0.0,0,0,,False,
CLGN,Healthcare,Biotechnology,micro,high,low,0.0,0,0.0,0,0,,False,
CLH,Industrials,Waste Management,large,mid,mid,0.0,0,0.0,0,0,,False,
CLIK,Consumer Cyclical,Personal Services,micro,high,high,0.0,0,0.0,0,0,,False,
CLIP,Financial,Exchange Traded Fund,unknown,low,low,0.0,0,0.0,0,0,,False,
CLIR,Industrials,Pollution & Treatment Controls,micro,high,high,0.0,0,0.0,0,0,,False,
CLIX,Financial,Exchange Traded Fund,unknown,low,mid,0.0,0,0.0,0,0,,False,
CLLS,Healthcare,Biotechnology,micro,high,high,0.0,0,0.0,0,0,,False,
CLM,Financial,Closed-End Fund - Equity,mid,low,mid,0.0,0,0.0,0,0,,False,
CLMB,Technology,Electronics & Computer Distribution,small,mid,mid,0.0,0,0.0,0,0,,False,
CLMT,Basic Materials,Specialty Chemicals,mid,mid,low,0.0,0,0.0,0,0,,False,
CLNE,Energy,Oil & Gas Refining & Marketing,small,high,high,0.0,0,0.0,0,0,,False,
CLNK,Financial,Exchange Traded Fund,unknown,mid,unknown,0.0,0,0.0,0,0,,False,
CLNN,Healthcare,Biotechnology,micro,high,mid,0.0,0,0.0,0,0,,False,
CLOA,Financial,Exchange Traded Fund,unknown,low,low,0.0,0,0.0,0,0,,False,
CLOB,Financial,Exchange Traded Fund,unknown,low,low,0.0,0,0.0,0,0,,False,
CLOC,Financial,Exchange Traded Fund,unknown,low,unknown,0.0,0,0.0,0,0,,False,
CLOD,Financial,Exchange Traded Fund,unknown,low,mid,0.0,0,0.0,0,0,,False,
CLOI,Financial,Exchange Traded Fund,unknown,low,low,0.0,0,0.0,0,0,,False,
CLOO,Financial,Exchange Traded Fund,unknown,low,unknown,0.0,0,0.0,0,0,,False,
CLOU,Financial,Exchange Traded Fund,unknown,mid,mid,0.0,0,0.0,0,0,,False,
CLOV,Healthcare,Healthcare Plans,mid,high,high,0.0,0,0.0,0,0,,False,
CLOX,Financial,Exchange Traded Fund,unknown,low,low,0.0,0,0.0,0,0,,False,
CLOZ,Financial,Exchange Traded Fund,unknown,low,low,0.0,0,0.0,0,0,,False,
CLPR,Real Estate,REIT - Residential,micro,mid,mid,0.0,0,0.0,0,0,,False,
CLPS,Technology,Information Technology Services,micro,high,low,0.0,0,0.0,0,0,,False,
CLPT,Healthcare,Medical Devices,small,high,mid,0.0,0,0.0,0,0,,False,
CLRB,Healthcare,Biotechnology,micro,high,low,0.0,0,0.0,0,0,,False,
CLRO,Technology,Communication Equipment,micro,high,low,0.0,0,0.0,0,0,,False,
CLRS,Financial,Capital Markets,unknown,unknown,unknown,0.0,0,0.0,0,0,,False,
CLS,Technology,Electronic Components,large,high,high,0.0,0,0.0,0,0,,False,
CLSE,Financial,Exchange Traded Fund,unknown,low,low,0.0,0,0.0,0,0,,False,
CLSK,Financial,Capital Markets,mid,high,high,0.0,0,0.0,0,0,,False,
CLSM,Financial,Exchange Traded Fund,unknown,low,low,0.0,0,0.0,0,0,,False,
CLST,Financial,Banks - Regional,micro,mid,low,0.0,0,0.0,0,0,,False,
CLSX,Financial,Exchange Traded Fund,unknown,high,unknown,0.0,0,0.0,0,0,,False,
CLUB,Financial,Exchange Traded Fund,unknown,low,unknown,0.0,0,0.0,0,0,,False,
CLVT,Technology,Information Technology Services,small,high,high,0.0,0,0.0,0,0,,False,
CLW,Basic Materials,Paper & Paper Products,small,mid,low,0.0,0,0.0,0,0,,False,
CLWT,Industrials,Pollution & Treatment Controls,micro,high,mid,0.0,0,0.0,0,0,,False,
CLX,Consumer Defensive,Household & Personal Products,large,mid,low,0.0,0,0.0,0,0,,False,
CLYM,Healthcare,Biotechnology,small,high,low,0.0,0,0.0,0,0,,False,
CM,Financial,Banks - Diversified,large,low,mid,0.0,0,0.0,0,0,,False,
CMAG,Financial,Exchange Traded Fund,unknown,low,unknown,0.0,0,0.0,0,0,,False,
CMAY,Financial,Exchange Traded Fund,unknown,low,unknown,0.0,0,0.0,0,0,,False,
CMBO,Financial,Exchange Traded Fund,unknown,low,unknown,0.0,0,0.0,0,0,,False,
CMBS,Financial,Exchange Traded Fund,unknown,low,low,0.0,0,0.0,0,0,,False,
CMBT,Energy,Oil & Gas Midstream,mid,mid,low,0.0,0,0.0,0,0,,False,
CMC,Industrials,Metal Fabrication,mid,mid,high,0.0,0,0.0,0,0,,False,
CMCI,Financial,Exchange Traded Fund,unknown,low,low,0.0,0,0.0,0,0,,False,
CMCL,Basic Materials,Gold,small,mid,low,0.0,0,0.0,0,0,,False,
CMCM,Communication Services,Internet Content & Information,micro,high,high,0.0,1,0.0,0,0,,False,
CMCO,Industrials,Farm & Heavy Construction Machinery,small,high,high,0.0,0,0.0,0,0,,False,
CMCSA,Communication Services,Telecom Services,large,mid,low,0.0,0,0.0,0,0,,False,
CMCT,Real Estate,REIT - Office,micro,high,mid,0.0,0,0.0,0,0,,False,
CMDB,Industrials,Marine Shipping,small,high,low,0.0,0,0.0,0,0,,False,
CMDT,Financial,Exchange Traded Fund,unknown,low,low,0.0,0,0.0,0,0,,False,
CMDY,Financial,Exchange Traded Fund,unknown,low,low,0.0,0,0.0,0,0,,False,
CME,Financial,Financial Data & Stock Exchanges,large,mid,low,0.0,0,0.0,0,0,,False,
CMF,Financial,Exchange Traded Fund,unknown,low,low,0.0,0,0.0,0,0,,False,
CMG,Consumer Cyclical,Restaurants,large,mid,mid,0.0,0,0.0,0,0,,False,
CMI,Industrials,Specialty Industrial Machinery,large,mid,mid,0.0,0,0.0,0,0,,False,
CMII,Financial,Shell Companies,small,low,unknown,0.0,0,0.0,0,0,,False,
CMMB,Healthcare,Biotechnology,micro,high,low,0.0,0,0.0,0,0,,False,
CMND,Healthcare,Biotechnology,micro,high,low,0.0,0,0.0,0,0,,False,
CMP,Basic Materials,Other Industrial Metals & Mining,small,high,mid,0.0,0,0.0,0,0,,False,
CMPR,Industrials,Specialty Business Services,mid,mid,high,0.0,0,0.0,0,0,,False,
CMPS,Healthcare,Medical Care Facilities,small,high,high,0.0,0,0.0,0,0,,False,
CMPX,Healthcare,Biotechnology,small,high,mid,0.0,0,0.0,0,0,,False,
CMRC,Technology,Software - Application,micro,high,mid,0.0,0,0.0,0,0,,False,
CMRE,Industrials,Marine Shipping,small,mid,mid,0.0,0,0.0,0,0,,False,
CMS,Utilities,Utilities - Regulated Electric,large,mid,low,0.0,0,0.0,0,0,,False,
CMT,Basic Materials,Specialty Chemicals,micro,high,low,0.0,0,0.0,0,0,,False,
CMTG,Real Estate,REIT - Mortgage,micro,high,mid,0.0,0,0.0,0,0,,False,
CMTL,Technology,Communication Equipment,micro,high,high,0.0,0,0.0,0,0,,False,
CMTV,Financial,Banks - Regional,micro,mid,low,0.0,0,0.0,0,0,,False,
CNA,Financial,Insurance - Property & Casualty,large,mid,low,0.0,0,0.0,0,0,,False,
CNAV,Financial,Exchange Traded Fund,unknown,mid,high,0.0,0,0.0,0,0,,False,
CNBS,Financial,Exchange Traded Fund,unknown,mid,mid,0.0,0,0.0,0,0,,False,
CNC,Healthcare,Healthcare Plans,large,mid,mid,0.0,0,0.0,0,0,,False,
CNCK,Financial,Capital Markets,micro,high,low,0.0,0,0.0,0,0,,False,
CNDT,Technology,Information Technology Services,micro,high,high,0.0,0,0.0,0,0,,False,
CNEQ,Financial,Exchange Traded Fund,unknown,mid,high,0.0,0,0.0,0,0,,False,
CNET,Communication Services,Advertising Agencies,micro,high,mid,0.0,1,0.0,0,0,,False,
CNEY,Basic Materials,Specialty Chemicals,micro,high,high,0.0,1,0.0,0,0,,False,
CNF,Financial,Mortgage Finance,micro,high,low,0.0,1,0.0,0,0,,False,
CNH,Industrials,Farm & Heavy Construction Machinery,large,mid,mid,0.0,0,0.0,0,0,,False,
CNI,Industrials,Railroads,large,low,mid,0.0,0,0.0,0,0,,False,
CNK,Communication Services,Entertainment,mid,mid,mid,0.0,0,0.0,0,0,,False,
CNL,Basic Materials,Gold,small,high,low,0.0,0,0.0,0,0,,False,
CNM,Industrials,Industrial Distribution,mid,mid,mid,0.0,0,0.0,0,0,,False,
CNMD,Healthcare,Medical Devices,small,mid,mid,0.0,0,0.0,0,0,,False,
CNNE,Consumer Cyclical,Restaurants,small,mid,mid,0.0,0,0.0,0,0,,False,
CNO,Financial,Insurance - Life,mid,mid,mid,0.0,0,0.0,0,0,,False,
CNOB,Financial,Banks - Regional,small,mid,mid,0.0,0,0.0,0,0,,False,
CNP,Utilities,Utilities - Regulated Electric,large,mid,low,0.0,0,0.0,0,0,,False,
CNQ,Energy,Oil & Gas E&P,large,mid,low,0.0,0,0.0,0,0,,False,
CNQQ,Financial,Exchange Traded Fund,unknown,low,unknown,0.0,0,0.0,0,0,,False,
CNR,Energy,Thermal Coal,mid,mid,low,0.0,0,0.0,0,0,,False,
CNRG,Financial,Exchange Traded Fund,unknown,mid,high,0.0,0,0.0,0,0,,False,
CNS,Financial,Asset Management,mid,mid,mid,0.0,0,0.0,0,0,,False,
CNSP,Healthcare,Biotechnology,micro,high,mid,0.0,0,0.0,0,0,,False,
CNSY,Healthcare,Biotechnology,micro,high,high,0.0,0,0.0,0,0,,False,
CNTB,Healthcare,Biotechnology,micro,high,low,0.0,0,0.0,0,0,,False,
CNTN,Healthcare,Biotechnology,micro,high,high,0.0,0,0.0,0,0,,False,
CNTX,Healthcare,Biotechnology,micro,high,high,0.0,0,0.0,0,0,,False,
CNTY,Consumer Cyclical,Resorts & Casinos,micro,mid,high,0.0,0,0.0,0,0,,False,
CNVS,Communication Services,Entertainment,micro,high,high,0.0,0,0.0,0,0,,False,
CNX,Energy,Oil & Gas E&P,mid,mid,low,0.0,0,0.0,0,0,,False,
CNXC,Technology,Information Technology Services,small,high,low,0.0,0,0.0,0,0,,False,
CNXN,Technology,Electronics & Computer Distribution,mid,mid,mid,0.0,0,0.0,0,0,,False,
CNXT,Financial,Exchange Traded Fund,unknown,mid,low,0.0,0,0.0,0,0,,False,
CNXU,Healthcare,Biotechnology,micro,high,unknown,0.0,0,0.0,0,0,,False,
CNYA,Financial,Exchange Traded Fund,unknown,low,low,0.0,0,0.0,0,0,,False,
COAG,Healthcare,Biotechnology,mid,high,unknown,0.0,0,0.0,0,0,,False,
COAL,Financial,Exchange Traded Fund,unknown,mid,low,0.0,0,0.0,0,0,,False,
COCH,Healthcare,Medical Devices,micro,high,high,0.0,0,0.0,0,0,,False,
COCO,Consumer Defensive,Beverages - Non-Alcoholic,mid,mid,low,0.0,0,0.0,0,0,,False,
COCP,Healthcare,Biotechnology,micro,high,high,0.0,0,0.0,0,0,,False,
CODA,Industrials,Aerospace & Defense,micro,mid,low,0.0,0,0.0,0,0,,False,
CODI,Industrials,Conglomerates,small,mid,mid,0.0,0,0.0,0,0,,False,
CODX,Healthcare,Medical Devices,micro,high,high,0.0,0,0.0,0,0,,False,
COE,Consumer Defensive,Education & Training Services,micro,high,mid,0.0,0,0.0,0,0,,False,
COF,Financial,Credit Services,large,mid,mid,0.0,0,0.0,0,0,,False,
COFS,Financial,Banks - Regional,small,mid,low,0.0,0,0.0,0,0,,False,
COGT,Healthcare,Biotechnology,mid,high,low,0.0,0,0.0,0,0,,False,
COHC,Financial,Exchange Traded Fund,unknown,high,unknown,0.0,0,0.0,0,0,,False,
COHH,Financial,Exchange Traded Fund,unknown,high,unknown,0.0,0,0.0,0,0,,False,
COHN,Financial,Capital Markets,micro,high,mid,0.0,0,0.0,0,0,,False,
COHR,Technology,Scientific & Technical Instruments,large,high,high,0.0,0,0.0,0,0,,False,
COHU,Technology,Semiconductor Equipment & Materials,mid,high,high,0.0,0,0.0,0,0,,False,
COHX,Financial,Exchange Traded Fund,unknown,high,unknown,0.0,0,0.0,0,0,,False,
COIA,Financial,Exchange Traded Fund,unknown,high,unknown,0.0,0,0.0,0,0,,False,
COIG,Financial,Exchange Traded Fund,unknown,high,high,0.0,0,0.0,0,0,,False,
COIN,Financial,Financial Data & Stock Exchanges,large,high,high,0.0,0,0.0,0,0,,False,
COIW,Financial,Exchange Traded Fund,unknown,high,high,0.0,0,0.0,0,0,,False,
COIX,Financial,Exchange Traded Fund,unknown,high,unknown,0.0,0,0.0,0,0,,False,
COKE,Consumer Defensive,Beverages - Non-Alcoholic,large,mid,low,0.0,0,0.0,0,0,,False,
COLA,Financial,Shell Companies,micro,low,low,0.0,0,0.0,0,0,,False,
COLB,Financial,Banks - Regional,mid,mid,low,0.0,0,0.0,0,0,,False,
COLD,Real Estate,REIT - Industrial,mid,mid,mid,0.0,0,0.0,0,0,,False,
COLL,Healthcare,Drug Manufacturers - Specialty & Generic,small,high,low,0.0,0,0.0,0,0,,False,
COLM,Consumer Cyclical,Apparel Manufacturing,mid,mid,mid,0.0,0,0.0,0,0,,False,
COLO,Financial,Exchange Traded Fund,unknown,low,low,0.0,0,0.0,0,0,,False,
COM,Financial,Exchange Traded Fund,unknown,low,low,0.0,0,0.0,0,0,,False,
COMB,Financial,Exchange Traded Fund,unknown,low,low,0.0,0,0.0,0,0,,False,
COMD,Financial,Exchange Traded Fund,unknown,low,unknown,0.0,0,0.0,0,0,,False,
COMP,Real Estate,Real Estate Services,mid,mid,high,0.0,0,0.0,0,0,,False,
COMT,Financial,Exchange Traded Fund,unknown,low,low,0.0,0,0.0,0,0,,False,
CON,Healthcare,Medical Care Facilities,mid,mid,low,0.0,0,0.0,0,0,,False,
CONI,Financial,Exchange Traded Fund,unknown,high,low,0.0,0,0.0,0,0,,False,
CONL,Financial,Exchange Traded Fund,unknown,high,high,0.0,0,0.0,0,0,,False,
CONX,Financial,Exchange Traded Fund,unknown,high,unknown,0.0,0,0.0,0,0,,False,
CONY,Financial,Exchange Traded Fund,unknown,mid,high,0.0,0,0.0,0,0,,False,
COO,Healthcare,Medical Instruments & Supplies,large,mid,mid,0.0,0,0.0,0,0,,False,
COOK,Consumer Cyclical,"Furnishings, Fixtures & Appliances",micro,high,high,0.0,0,0.0,0,0,,False,
COOT,Consumer Defensive,Packaged Foods,micro,high,low,0.0,0,0.0,0,0,,False,
COP,Energy,Oil & Gas E&P,large,mid,low,0.0,0,0.0,0,0,,False,
COPA,Financial,Exchange Traded Fund,unknown,mid,high,0.0,0,0.0,0,0,,False,
COPJ,Financial,Exchange Traded Fund,unknown,mid,mid,0.0,0,0.0,0,0,,False,
COPL,Financial,Shell Companies,micro,low,low,0.0,0,0.0,0,0,,False,
COPP,Financial,Exchange Traded Fund,unknown,mid,mid,0.0,0,0.0,0,0,,False,
COPR,Basic Materials,Copper,micro,high,low,0.0,0,0.0,0,0,,False,
COPX,Financial,Exchange Traded Fund,unknown,mid,mid,0.0,0,0.0,0,0,,False,
COPY,Financial,Exchange Traded Fund,unknown,low,low,0.0,0,0.0,0,0,,False,
COPZ,Financial,Exchange Traded Fund,unknown,high,unknown,0.0,0,0.0,0,0,,False,
COR,Healthcare,Medical Distribution,large,mid,low,0.0,0,0.0,0,0,,False,
CORB,Financial,Exchange Traded Fund,unknown,low,unknown,0.0,0,0.0,0,0,,False,
CORD,Financial,Exchange Traded Fund,unknown,high,unknown,0.0,0,0.0,0,0,,False,
CORN,Financial,Exchange Traded Fund,unknown,low,low,0.0,0,0.0,0,0,,False,
CORO,Financial,Exchange Traded Fund,unknown,low,low,0.0,0,0.0,0,0,,False,
CORP,Financial,Exchange Traded Fund,unknown,low,low,0.0,0,0.0,0,0,,False,
CORT,Healthcare,Biotechnology,large,mid,low,0.0,0,0.0,0,0,,False,
CORZ,Technology,Software - Infrastructure,mid,high,high,0.0,0,0.0,0,0,,False,
COSM,Healthcare,Medical Distribution,micro,high,high,0.0,0,0.0,0,0,,False,
COSO,Financial,Banks - Regional,small,mid,low,0.0,0,0.0,0,0,,False,
COST,Consumer Defensive,Discount Stores,mega,low,mid,0.0,0,0.0,0,0,,False,
COSW,Financial,Exchange Traded Fund,unknown,low,unknown,0.0,0,0.0,0,0,,False,
COTG,Financial,Exchange Traded Fund,unknown,mid,unknown,0.0,0,0.0,0,0,,False,
COTY,Consumer Defensive,Household & Personal Products,mid,high,mid,0.0,0,0.0,0,0,,False,
COUR,Consumer Defensive,Education & Training Services,small,high,mid,0.0,0,0.0,0,0,,False,
COWG,Financial,Exchange Traded Fund,unknown,low,mid,0.0,0,0.0,0,0,,False,
COWS,Financial,Exchange Traded Fund,unknown,low,mid,0.0,0,0.0,0,0,,False,
COWZ,Financial,Exchange Traded Fund,unknown,low,mid,0.0,0,0.0,0,0,,False,
COYA,Healthcare,Biotechnology,micro,high,low,0.0,0,0.0,0,0,,False,
COYY,Financial,Exchange Traded Fund,unknown,low,low,0.0,0,0.0,0,0,,False,
COZX,Financial,Exchange Traded Fund,unknown,high,unknown,0.0,0,0.0,0,0,,False,
CP,Industrials,Railroads,large,mid,mid,0.0,0,0.0,0,0,,False,
CPA,Industrials,Airlines,mid,mid,mid,0.0,0,0.0,0,0,,False,
CPAC,Basic Materials,Building Materials,small,mid,low,0.0,0,0.0,0,0,,False,
CPAG,Financial,Exchange Traded Fund,unknown,low,low,0.0,0,0.0,0,0,,False,
CPAI,Financial,Exchange Traded Fund,unknown,low,mid,0.0,0,0.0,0,0,,False,
CPAY,Technology,Software - Infrastructure,large,mid,mid,0.0,0,0.0,0,0,,False,
CPB,Consumer Defensive,Packaged Foods,mid,mid,low,0.0,0,0.0,0,0,,False,
CPBI,Financial,Banks - Regional,micro,low,low,0.0,0,0.0,0,0,,False,
CPER,Financial,Exchange Traded Fund,unknown,low,low,0.0,0,0.0,0,0,,False,
CPF,Financial,Banks - Regional,small,mid,mid,0.0,0,0.0,0,0,,False,
CPHC,Consumer Cyclical,Resorts & Casinos,micro,mid,low,0.0,0,0.0,0,0,,False,
CPHI,Healthcare,Drug Manufacturers - Specialty & Generic,micro,high,mid,0.0,1,0.0,0,0,,False,
CPHY,Financial,Exchange Traded Fund,unknown,low,low,0.0,0,0.0,0,0,,False,
CPII,Financial,Exchange Traded Fund,unknown,low,low,0.0,0,0.0,0,0,,False,
CPIX,Healthcare,Drug Manufacturers - Specialty & Generic,micro,high,low,0.0,0,0.0,0,0,,False,
CPK,Utilities,Utilities - Regulated Gas,mid,mid,low,0.0,0,0.0,0,0,,False,
CPLB,Financial,Exchange Traded Fund,unknown,low,low,0.0,0,0.0,0,0,,False,
CPLS,Financial,Exchange Traded Fund,unknown,low,low,0.0,0,0.0,0,0,,False,
CPNG,Consumer Cyclical,Internet Retail,large,mid,mid,0.0,0,0.0,0,0,,False,
CPNJ,Financial,Exchange Traded Fund,unknown,low,low,0.0,0,0.0,0,0,,False,
CPNM,Financial,Exchange Traded Fund,unknown,low,low,0.0,0,0.0,0,0,,False,
CPNQ,Financial,Exchange Traded Fund,unknown,low,low,0.0,0,0.0,0,0,,False,
CPNS,Financial,Exchange Traded Fund,unknown,low,low,0.0,0,0.0,0,0,,False,
CPNX,Financial,Exchange Traded Fund,unknown,high,unknown,0.0,0,0.0,0,0,,False,
CPOP,Communication Services,Entertainment,micro,high,high,0.0,1,0.0,0,0,,False,
CPRA,Financial,Exchange Traded Fund,unknown,low,low,0.0,0,0.0,0,0,,False,
CPRI,Consumer Cyclical,Luxury Goods,small,mid,high,0.0,0,0.0,0,0,,False,
CPRJ,Financial,Exchange Traded Fund,unknown,low,low,0.0,0,0.0,0,0,,False,
CPRO,Financial,Exchange Traded Fund,unknown,low,low,0.0,0,0.0,0,0,,False,
CPRT,Industrials,Specialty Business Services,large,mid,mid,0.0,0,0.0,0,0,,False,
CPRY,Financial,Exchange Traded Fund,unknown,low,low,0.0,0,0.0,0,0,,False,
CPS,Consumer Cyclical,Auto Parts,small,high,high,0.0,0,0.0,0,0,,False,
CPSA,Financial,Exchange Traded Fund,unknown,low,low,0.0,0,0.0,0,0,,False,
CPSD,Financial,Exchange Traded Fund,unknown,low,low,0.0,0,0.0,0,0,,False,
CPSF,Financial,Exchange Traded Fund,unknown,low,low,0.0,0,0.0,0,0,,False,
CPSH,Technology,Electronic Components,micro,high,high,0.0,0,0.0,0,0,,False,
CPSJ,Financial,Exchange Traded Fund,unknown,low,low,0.0,0,0.0,0,0,,False,
CPSL,Financial,Exchange Traded Fund,unknown,low,low,0.0,0,0.0,0,0,,False,
CPSM,Financial,Exchange Traded Fund,unknown,low,low,0.0,0,0.0,0,0,,False,
CPSN,Financial,Exchange Traded Fund,unknown,low,low,0.0,0,0.0,0,0,,False,
CPSO,Financial,Exchange Traded Fund,unknown,low,low,0.0,0,0.0,0,0,,False,
CPSP,Financial,Exchange Traded Fund,unknown,low,low,0.0,0,0.0,0,0,,False,
CPSR,Financial,Exchange Traded Fund,unknown,low,low,0.0,0,0.0,0,0,,False,
CPSS,Financial,Credit Services,micro,mid,mid,0.0,0,0.0,0,0,,False,
CPST,Financial,Exchange Traded Fund,unknown,low,low,0.0,0,0.0,0,0,,False,
CPSU,Financial,Exchange Traded Fund,unknown,low,low,0.0,0,0.0,0,0,,False,
CPSY,Financial,Exchange Traded Fund,unknown,low,low,0.0,0,0.0,0,0,,False,
CPT,Real Estate,REIT - Residential,large,low,low,0.0,0,0.0,0,0,,False,
CPTL,Financial,Exchange Traded Fund,unknown,low,mid,0.0,0,0.0,0,0,,False,
CPXR,Financial,Exchange Traded Fund,unknown,mid,low,0.0,0,0.0,0,0,,False,
CPZ,Financial,Closed-End Fund - Equity,micro,low,low,0.0,0,0.0,0,0,,False,
CQP,Energy,Oil & Gas Midstream,large,mid,low,0.0,0,0.0,0,0,,False,
CQQQ,Financial,Exchange Traded Fund,unknown,mid,low,0.0,0,0.0,0,0,,False,
CQTM,Financial,Exchange Traded Fund,unknown,mid,unknown,0.0,0,0.0,0,0,,False,
CR,Industrials,Specialty Industrial Machinery,large,mid,mid,0.0,0,0.0,0,0,,False,
CRAC,Financial,Shell Companies,micro,low,unknown,0.0,0,0.0,0,0,,False,
CRAI,Industrials,Consulting Services,small,mid,low,0.0,0,0.0,0,0,,False,
CRAK,Financial,Exchange Traded Fund,unknown,low,low,0.0,0,0.0,0,0,,False,
CRAN,Financial,Shell Companies,small,low,unknown,0.0,0,0.0,0,0,,False,
CRAQ,Financial,Shell Companies,small,low,low,0.0,0,0.0,0,0,,False,
CRBG,Financial,Asset Management,large,mid,mid,0.0,0,0.0,0,0,,False,
CRBN,Financial,Exchange Traded Fund,unknown,low,mid,0.0,0,0.0,0,0,,False,
CRBP,Healthcare,Biotechnology,micro,high,high,0.0,0,0.0,0,0,,False,
CRBU,Healthcare,Biotechnology,micro,high,high,0.0,0,0.0,0,0,,False,
CRC,Energy,Oil & Gas E&P,mid,mid,mid,0.0,0,0.0,0,0,,False,
CRCA,Financial,Exchange Traded Fund,unknown,high,mid,0.0,0,0.0,0,0,,False,
CRCD,Financial,Exchange Traded Fund,unknown,high,unknown,0.0,0,0.0,0,0,,False,
CRCG,Financial,Exchange Traded Fund,unknown,high,low,0.0,0,0.0,0,0,,False,
CRCL,Financial,Capital Markets,large,high,low,0.0,0,0.0,0,0,,False,
CRCO,Financial,Exchange Traded Fund,unknown,high,unknown,0.0,0,0.0,0,0,,False,
CRCT,Technology,Computer Hardware,small,mid,low,0.0,0,0.0,0,0,,False,
CRD,Financial,Exchange Traded Fund,unknown,high,unknown,0.0,0,0.0,0,0,,False,
CRD-A,Financial,Insurance Brokers,small,mid,mid,0.0,0,0.0,0,0,,False,
CRD-B,Financial,Insurance Brokers,small,mid,low,0.0,0,0.0,0,0,,False,
CRDD,Financial,Exchange Traded Fund,unknown,mid,unknown,0.0,0,0.0,0,0,,False,
CRDF,Healthcare,Biotechnology,micro,high,high,0.0,0,0.0,0,0,,False,
CRDL,Healthcare,Drug Manufacturers - Specialty & Generic,micro,high,low,0.0,0,0.0,0,0,,False,
CRDO,Technology,Semiconductors,large,high,high,0.0,0,0.0,0,0,,False,
CRDT,Financial,Exchange Traded Fund,unknown,low,low,0.0,0,0.0,0,0,,False,
CRDU,Financial,Exchange Traded Fund,unknown,high,unknown,0.0,0,0.0,0,0,,False,
CRDX,Financial,Exchange Traded Fund,unknown,high,unknown,0.0,0,0.0,0,0,,False,
CRE,Industrials,Specialty Business Services,micro,high,low,0.0,0,0.0,0,0,,False,
CRESY,Industrials,Conglomerates,small,mid,low,0.0,0,0.0,0,0,,False,
CREX,Technology,Software - Application,micro,high,high,0.0,0,0.0,0,0,,False,
CRF,Financial,Closed-End Fund - Equity,small,low,mid,0.0,0,0.0,0,0,,False,
CRGO,Industrials,Integrated Freight & Logistics,micro,high,mid,0.0,0,0.0,0,0,,False,
CRGY,Energy,Oil & Gas E&P,mid,mid,mid,0.0,0,0.0,0,0,,False,
CRH,Basic Materials,Building Materials,large,mid,mid,0.0,0,0.0,0,0,,False,
CRI,Consumer Cyclical,Apparel Retail,small,mid,mid,0.0,0,0.0,0,0,,False,
CRIB,Financial,Exchange Traded Fund,unknown,low,unknown,0.0,0,0.0,0,0,,False,
CRIS,Healthcare,Biotechnology,micro,high,high,0.0,0,0.0,0,0,,False,
CRK,Energy,Oil & Gas E&P,mid,mid,low,0.0,0,0.0,0,0,,False,
CRL,Healthcare,Diagnostics & Research,large,mid,high,0.0,0,0.0,0,0,,False,
CRM,Technology,Software - Application,large,mid,mid,0.0,0,0.0,0,0,,False,
CRMD,Healthcare,Biotechnology,small,mid,high,0.0,0,0.0,0,0,,False,
CRMG,Financial,Exchange Traded Fund,unknown,high,low,0.0,0,0.0,0,0,,False,
CRML,Basic Materials,Other Industrial Metals & Mining,small,high,high,0.0,0,0.0,0,0,,False,
CRMT,Consumer Cyclical,Auto & Truck Dealerships,micro,high,high,0.0,0,0.0,0,0,,False,
CRMU,Financial,Exchange Traded Fund,unknown,high,unknown,0.0,0,0.0,0,0,,False,
CRMX,Financial,Exchange Traded Fund,unknown,high,unknown,0.0,0,0.0,0,0,,False,
CRNC,Technology,Software - Application,small,high,high,0.0,0,0.0,0,0,,False,
CRNT,Technology,Communication Equipment,micro,high,high,0.0,0,0.0,0,0,,False,
CRNX,Healthcare,Biotechnology,mid,low,low,0.0,0,0.0,0,0,,False,
CRON,Healthcare,Drug Manufacturers - Specialty & Generic,small,mid,mid,0.0,0,0.0,0,0,,False,
CROX,Consumer Cyclical,Footwear & Accessories,mid,mid,high,0.0,0,0.0,0,0,,False,
CRPT,Financial,Exchange Traded Fund,unknown,mid,high,0.0,0,0.0,0,0,,False,
CRS,Industrials,Metal Fabrication,large,high,mid,0.0,0,0.0,0,0,,False,
CRSH,Financial,Exchange Traded Fund,unknown,mid,low,0.0,0,0.0,0,0,,False,
CRSP,Healthcare,Biotechnology,mid,mid,high,0.0,0,0.0,0,0,,False,
CRSR,Technology,Computer Hardware,small,high,high,0.0,0,0.0,0,0,,False,
CRT,Energy,Oil & Gas E&P,micro,mid,low,0.0,0,0.0,0,0,,False,
CRTC,Financial,Exchange Traded Fund,unknown,low,mid,0.0,0,0.0,0,0,,False,
CRTO,Communication Services,Advertising Agencies,small,high,low,0.0,0,0.0,0,0,,False,
CRUC,Financial,Exchange Traded Fund,unknown,mid,unknown,0.0,0,0.0,0,0,,False,
CRUS,Technology,Semiconductors,mid,mid,mid,0.0,0,0.0,0,0,,False,
CRUX,Financial,Exchange Traded Fund,unknown,low,unknown,0.0,0,0.0,0,0,,False,
CRVL,Financial,Insurance Brokers,mid,mid,mid,0.0,0,0.0,0,0,,False,
CRVO,Healthcare,Biotechnology,micro,high,low,0.0,0,0.0,0,0,,False,
CRVS,Healthcare,Biotechnology,small,high,mid,0.0,0,0.0,0,0,,False,
CRWC,Financial,Exchange Traded Fund,unknown,mid,unknown,0.0,0,0.0,0,0,,False,
CRWD,Technology,Software - Infrastructure,mega,mid,mid,0.0,0,0.0,0,0,,False,
CRWG,Financial,Exchange Traded Fund,unknown,high,high,0.0,0,0.0,0,0,,False,
CRWL,Financial,Exchange Traded Fund,unknown,high,high,0.0,0,0.0,0,0,,False,
CRWS,Consumer Cyclical,"Furnishings, Fixtures & Appliances",micro,mid,low,0.0,0,0.0,0,0,,False,
CRWU,Financial,Exchange Traded Fund,unknown,high,high,0.0,0,0.0,0,0,,False,
CRWV,Technology,Software - Infrastructure,large,high,high,0.0,0,0.0,0,0,,False,
CRWX,Financial,Exchange Traded Fund,unknown,high,unknown,0.0,0,0.0,0,0,,False,
CRXP,Financial,Exchange Traded Fund,unknown,low,unknown,0.0,0,0.0,0,0,,False,
CRY,Financial,Exchange Traded Fund,unknown,mid,unknown,0.0,0,0.0,0,0,,False,
CSAI,Technology,Software - Infrastructure,micro,high,mid,0.0,0,0.0,0,0,,False,
CSAN,Energy,Oil & Gas Refining & Marketing,mid,high,low,0.0,0,0.0,0,0,,False,
CSB,Financial,Exchange Traded Fund,unknown,low,mid,0.0,0,0.0,0,0,,False,
CSBR,Healthcare,Biotechnology,micro,high,low,0.0,0,0.0,0,0,,False,
CSCL,Financial,Exchange Traded Fund,unknown,mid,high,0.0,0,0.0,0,0,,False,
CSCO,Technology,Communication Equipment,mega,mid,mid,0.0,0,0.0,0,0,,False,
CSCS,Financial,Exchange Traded Fund,unknown,mid,low,0.0,0,0.0,0,0,,False,
CSD,Financial,Exchange Traded Fund,unknown,low,mid,0.0,0,0.0,0,0,,False,
CSEN,Financial,Exchange Traded Fund,unknown,low,unknown,0.0,0,0.0,0,0,,False,
CSEX,Financial,Exchange Traded Fund,unknown,high,unknown,0.0,0,0.0,0,0,,False,
CSGP,Real Estate,Real Estate Services,large,mid,low,0.0,0,0.0,0,0,,False,
CSHI,Financial,Exchange Traded Fund,unknown,low,low,0.0,0,0.0,0,0,,False,
CSHP,Financial,Exchange Traded Fund,unknown,low,low,0.0,0,0.0,0,0,,False,
CSHR,Financial,Capital Markets,small,high,low,0.0,0,0.0,0,0,,False,
CSIO,Financial,Exchange Traded Fund,unknown,low,unknown,0.0,0,0.0,0,0,,False,
CSIQ,Technology,Solar,small,high,high,0.0,0,0.0,0,0,,False,
CSL,Industrials,Building Products & Equipment,large,mid,mid,0.0,0,0.0,0,0,,False,
CSM,Financial,Exchange Traded Fund,unknown,low,mid,0.0,0,0.0,0,0,,False,
CSMD,Financial,Exchange Traded Fund,unknown,low,mid,0.0,0,0.0,0,0,,False,
CSNR,Financial,Exchange Traded Fund,unknown,low,low,0.0,0,0.0,0,0,,False,
CSPF,Financial,Exchange Traded Fund,unknown,low,low,0.0,0,0.0,0,0,,False,
CSPI,Technology,Information Technology Services,micro,high,mid,0.0,0,0.0,0,0,,False,
CSQ,Financial,Closed-End Fund - Debt,mid,low,high,0.0,0,0.0,0,0,,False,
CSQR,Technology,Information Technology Services,mid,high,unknown,0.0,0,0.0,0,0,,False,
CSR,Real Estate,REIT - Residential,small,mid,mid,0.0,0,0.0,0,0,,False,
CSRA,Financial,Exchange Traded Fund,unknown,low,unknown,0.0,0,0.0,0,0,,False,
CSRE,Financial,Exchange Traded Fund,unknown,low,low,0.0,0,0.0,0,0,,False,
CSSD,Financial,Exchange Traded Fund,unknown,low,unknown,0.0,0,0.0,0,0,,False,
CSTE,Industrials,Building Products & Equipment,micro,high,low,0.0,0,0.0,0,0,,False,
CSTK,Financial,Exchange Traded Fund,unknown,low,low,0.0,0,0.0,0,0,,False,
CSTL,Healthcare,Diagnostics & Research,small,mid,mid,0.0,0,0.0,0,0,,False,
CSTM,Basic Materials,Aluminum,mid,mid,high,0.0,0,0.0,0,0,,False,
CSV,Consumer Cyclical,Personal Services,small,mid,low,0.0,0,0.0,0,0,,False,
CSW,Industrials,Specialty Industrial Machinery,mid,mid,mid,0.0,0,0.0,0,0,,False,
CSWC,Financial,Asset Management,small,low,low,0.0,0,0.0,0,0,,False,
CSX,Industrials,Railroads,large,mid,mid,0.0,0,0.0,0,0,,False,
CTA,Financial,Exchange Traded Fund,unknown,mid,low,0.0,0,0.0,0,0,,False,
CTAA,Financial,Shell Companies,micro,low,unknown,0.0,0,0.0,0,0,,False,
CTAP,Financial,Exchange Traded Fund,unknown,mid,unknown,0.0,0,0.0,0,0,,False,
CTAS,Industrials,Specialty Business Services,large,mid,mid,0.0,0,0.0,0,0,,False,
CTAU,Financial,Exchange Traded Fund,unknown,low,unknown,0.0,0,0.0,0,0,,False,
CTBI,Financial,Banks - Regional,small,low,low,0.0,0,0.0,0,0,,False,
CTEC,Financial,Exchange Traded Fund,unknown,mid,high,0.0,0,0.0,0,0,,False,
CTEF,Financial,Exchange Traded Fund,unknown,low,mid,0.0,0,0.0,0,0,,False,
CTEV,Healthcare,Health Information Services,small,high,mid,0.0,0,0.0,0,0,,False,
CTEX,Financial,Exchange Traded Fund,unknown,mid,high,0.0,0,0.0,0,0,,False,
CTGO,Basic Materials,Gold,small,mid,low,0.0,0,0.0,0,0,,False,
CTIF,Financial,Exchange Traded Fund,unknown,low,low,0.0,0,0.0,0,0,,False,
CTJL,Financial,Exchange Traded Fund,unknown,low,unknown,0.0,0,0.0,0,0,,False,
CTJN,Financial,Exchange Traded Fund,unknown,low,unknown,0.0,0,0.0,0,0,,False,
CTKB,Healthcare,Medical Devices,small,mid,mid,0.0,0,0.0,0,0,,False,
CTM,Technology,Information Technology Services,micro,high,low,0.0,0,0.0,0,0,,False,
CTMA,Financial,Exchange Traded Fund,unknown,low,unknown,0.0,0,0.0,0,0,,False,
CTMX,Healthcare,Biotechnology,small,mid,high,0.0,0,0.0,0,0,,False,
CTNM,Healthcare,Biotechnology,small,high,low,0.0,0,0.0,0,0,,False,
CTNT,Industrials,Integrated Freight & Logistics,micro,high,low,0.0,0,0.0,0,0,,False,
CTO,Real Estate,REIT - Diversified,small,mid,low,0.0,0,0.0,0,0,,False,
CTOR,Healthcare,Drug Manufacturers - Specialty & Generic,micro,high,high,0.0,0,0.0,0,0,,False,
CTOS,Industrials,Rental & Leasing Services,mid,high,high,0.0,0,0.0,0,0,,False,
CTRE,Real Estate,REIT - Healthcare Facilities,mid,mid,low,0.0,0,0.0,0,0,,False,
CTRI,Utilities,Utilities - Regulated Gas,mid,high,mid,0.0,0,0.0,0,0,,False,
CTRM,Industrials,Marine Shipping,micro,high,high,0.0,0,0.0,0,0,,False,
CTRN,Consumer Cyclical,Apparel Retail,small,mid,high,0.0,0,0.0,0,0,,False,
CTS,Technology,Electronic Components,small,mid,mid,0.0,0,0.0,0,0,,False,
CTSH,Technology,Information Technology Services,large,mid,mid,0.0,0,0.0,0,0,,False,
CTSO,Healthcare,Medical Devices,micro,high,high,0.0,0,0.0,0,0,,False,
CTVA,Basic Materials,Agricultural Inputs,large,mid,low,0.0,0,0.0,0,0,,False,
CTW,Communication Services,Electronic Gaming & Multimedia,micro,high,low,0.0,0,0.0,0,0,,False,
CTWO,Financial,Exchange Traded Fund,unknown,low,mid,0.0,0,0.0,0,0,,False,
CTXR,Healthcare,Biotechnology,micro,high,mid,0.0,0,0.0,0,0,,False,
CUB,Financial,Shell Companies,micro,low,low,0.0,0,0.0,0,0,,False,
CUBE,Real Estate,REIT - Industrial,mid,mid,mid,0.0,0,0.0,0,0,,False,
CUBI,Financial,Banks - Regional,mid,mid,high,0.0,0,0.0,0,0,,False,
CUE,Healthcare,Biotechnology,micro,high,high,0.0,0,0.0,0,0,,False,
CULP,Consumer Cyclical,Textile Manufacturing,micro,mid,mid,0.0,0,0.0,0,0,,False,
CUPR,Healthcare,Medical Instruments & Supplies,micro,high,low,0.0,0,0.0,0,0,,False,
CURB,Real Estate,REIT - Retail,mid,mid,low,0.0,0,0.0,0,0,,False,
CURE,Financial,Exchange Traded Fund,unknown,mid,high,0.0,0,0.0,0,0,,False,
CURI,Communication Services,Broadcasting,micro,mid,high,0.0,0,0.0,0,0,,False,
CURR,Technology,Software - Application,small,high,low,0.0,0,0.0,0,0,,False,
CURV,Consumer Cyclical,Apparel Retail,micro,high,mid,0.0,0,0.0,0,0,,False,
CURX,Healthcare,Biotechnology,micro,high,low,0.0,0,0.0,0,0,,False,
CUST,Financial,Exchange Traded Fund,unknown,low,unknown,0.0,0,0.0,0,0,,False,
CUT,Financial,Exchange Traded Fund,unknown,low,low,0.0,0,0.0,0,0,,False,
CUVL,Healthcare,Biotechnology,small,high,mid,0.0,0,0.0,0,0,,False,
CUZ,Real Estate,REIT - Office,mid,mid,mid,0.0,0,0.0,0,0,,False,
CV,Healthcare,Medical Devices,small,high,low,0.0,0,0.0,0,0,,False,
CVAR,Financial,Exchange Traded Fund,unknown,low,low,0.0,0,0.0,0,0,,False,
CVBF,Financial,Banks - Regional,mid,low,low,0.0,0,0.0,0,0,,False,
CVCO,Consumer Cyclical,Residential Construction,mid,mid,mid,0.0,0,0.0,0,0,,False,
CVE,Energy,Oil & Gas Integrated,large,mid,low,0.0,0,0.0,0,0,,False,
CVEO,Consumer Cyclical,Lodging,small,mid,low,0.0,0,0.0,0,0,,False,
CVGD,Financial,Exchange Traded Fund,unknown,low,unknown,0.0,0,0.0,0,0,,False,
CVGI,Consumer Cyclical,Auto Parts,micro,high,high,0.0,0,0.0,0,0,,False,
CVI,Energy,Oil & Gas Refining & Marketing,mid,high,mid,0.0,0,0.0,0,0,,False,
CVIE,Financial,Exchange Traded Fund,unknown,low,mid,0.0,0,0.0,0,0,,False,
CVKD,Healthcare,Biotechnology,micro,high,high,0.0,0,0.0,0,0,,False,
CVLC,Financial,Exchange Traded Fund,unknown,low,mid,0.0,0,0.0,0,0,,False,
CVLG,Industrials,Trucking,small,high,mid,0.0,0,0.0,0,0,,False,
CVLT,Technology,Software - Application,mid,mid,mid,0.0,0,0.0,0,0,,False,
CVM,Healthcare,Biotechnology,micro,high,low,0.0,0,0.0,0,0,,False,
CVMC,Financial,Exchange Traded Fund,unknown,low,mid,0.0,0,0.0,0,0,,False,
CVNA,Consumer Cyclical,Auto & Truck Dealerships,large,high,high,0.0,0,0.0,0,0,,False,
CVNY,Financial,Exchange Traded Fund,unknown,mid,high,0.0,0,0.0,0,0,,False,
CVR,Industrials,Tools & Accessories,micro,mid,low,0.0,0,0.0,0,0,,False,
CVRD,Financial,Exchange Traded Fund,unknown,low,low,0.0,0,0.0,0,0,,False,
CVRT,Financial,Exchange Traded Fund,unknown,low,mid,0.0,0,0.0,0,0,,False,
CVRX,Healthcare,Medical Devices,micro,high,low,0.0,0,0.0,0,0,,False,
CVS,Healthcare,Healthcare Plans,large,mid,low,0.0,0,0.0,0,0,,False,
CVSA,Consumer Defensive,Education & Training Services,mid,high,low,0.0,0,0.0,0,0,,False,
CVSB,Financial,Exchange Traded Fund,unknown,low,low,0.0,0,0.0,0,0,,False,
CVSM,Financial,Exchange Traded Fund,unknown,low,unknown,0.0,0,0.0,0,0,,False,
CVU,Industrials,Aerospace & Defense,micro,high,mid,0.0,0,0.0,0,0,,False,
CVV,Industrials,Specialty Industrial Machinery,micro,high,mid,0.0,0,0.0,0,0,,False,
CVX,Energy,Oil & Gas Integrated,mega,mid,low,0.0,0,0.0,0,0,,False,
CVY,Financial,Exchange Traded Fund,unknown,low,mid,0.0,0,0.0,0,0,,False,
CW,Industrials,Aerospace & Defense,large,mid,mid,0.0,0,0.0,0,0,,False,
CWB,Financial,Exchange Traded Fund,unknown,low,low,0.0,0,0.0,0,0,,False,
CWBC,Financial,Banks - Regional,small,mid,mid,0.0,0,0.0,0,0,,False,
CWCO,Utilities,Utilities - Regulated Water,small,mid,low,0.0,0,0.0,0,0,,False,
CWD,Financial,Asset Management,micro,high,low,0.0,0,0.0,0,0,,False,
CWEB,Financial,Exchange Traded Fund,unknown,mid,mid,0.0,0,0.0,0,0,,False,
CWEN,Utilities,Utilities - Renewable,mid,mid,mid,0.0,0,0.0,0,0,,False,
CWH,Consumer Cyclical,Auto & Truck Dealerships,small,high,high,0.0,0,0.0,0,0,,False,
CWI,Financial,Exchange Traded Fund,unknown,low,low,0.0,0,0.0,0,0,,False,
CWK,Real Estate,Real Estate Services,mid,mid,high,0.0,0,0.0,0,0,,False,
CWS,Financial,Exchange Traded Fund,unknown,low,mid,0.0,0,0.0,0,0,,False,
CWST,Industrials,Waste Management,mid,mid,low,0.0,0,0.0,0,0,,False,
CWT,Utilities,Utilities - Regulated Water,mid,mid,low,0.0,0,0.0,0,0,,False,
CWVX,Financial,Exchange Traded Fund,unknown,high,high,0.0,0,0.0,0,0,,False,
CWY,Financial,Exchange Traded Fund,unknown,low,unknown,0.0,0,0.0,0,0,,False,
CX,Basic Materials,Building Materials,large,mid,high,0.0,0,0.0,0,0,,False,
CXAI,Technology,Software - Application,micro,high,mid,0.0,0,0.0,0,0,,False,
CXDO,Communication Services,Telecom Services,micro,high,mid,0.0,0,0.0,0,0,,False,
CXII,Financial,Shell Companies,small,low,unknown,0.0,0,0.0,0,0,,False,
CXM,Technology,Software - Application,small,mid,low,0.0,0,0.0,0,0,,False,
CXRN,Financial,Exchange Traded Fund,unknown,mid,low,0.0,0,0.0,0,0,,False,
CXSE,Financial,Exchange Traded Fund,unknown,low,low,0.0,0,0.0,0,0,,False,
CXT,Industrials,Specialty Industrial Machinery,mid,mid,mid,0.0,0,0.0,0,0,,False,
CXW,Industrials,Security & Protection Services,mid,mid,low,0.0,0,0.0,0,0,,False,
CYAB,Technology,Software - Infrastructure,micro,high,low,0.0,0,0.0,0,0,,False,
CYCN,Healthcare,Biotechnology,micro,high,high,0.0,0,0.0,0,0,,False,
CYCU,Technology,Information Technology Services,micro,high,mid,0.0,0,0.0,0,0,,False,
CYD,Consumer Cyclical,Auto Manufacturers,small,high,high,0.0,0,0.0,0,0,,False,
CYH,Healthcare,Medical Care Facilities,small,high,high,0.0,0,0.0,0,0,,False,
CYN,Technology,Software - Application,micro,high,low,0.0,0,0.0,0,0,,False,
CYPH,Healthcare,Biotechnology,micro,high,low,0.0,0,0.0,0,0,,False,
CYRX,Industrials,Integrated Freight & Logistics,small,mid,high,0.0,0,0.0,0,0,,False,
CYTK,Healthcare,Biotechnology,large,mid,low,0.0,0,0.0,0,0,,False,
CZA,Financial,Exchange Traded Fund,unknown,low,mid,0.0,0,0.0,0,0,,False,
CZFS,Financial,Banks - Regional,small,mid,low,0.0,0,0.0,0,0,,False,
CZNC,Financial,Banks - Regional,small,mid,low,0.0,0,0.0,0,0,,False,
CZR,Consumer Cyclical,Resorts & Casinos,mid,low,high,0.0,0,0.0,0,0,,False,
CZWI,Financial,Banks - Regional,micro,mid,low,0.0,0,0.0,0,0,,False,
D,Utilities,Utilities - Regulated Electric,large,low,low,0.0,0,0.0,0,0,,False,
DAAQ,Financial,Shell Companies,micro,high,low,0.0,0,0.0,0,0,,False,
DABS,Financial,Exchange Traded Fund,unknown,low,low,0.0,0,0.0,0,0,,False,
DAC,Industrials,Marine Shipping,mid,mid,mid,0.0,0,0.0,0,0,,False,
DADS,Financial,Exchange Traded Fund,unknown,low,mid,0.0,0,0.0,0,0,,False,
DAIC,Technology,Information Technology Services,micro,high,high,0.0,0,0.0,0,0,,False,
DAIO,Technology,Electronic Components,micro,high,high,0.0,0,0.0,0,0,,False,
DAK,Financial,Exchange Traded Fund,unknown,low,mid,0.0,0,0.0,0,0,,False,
DAKT,Technology,Electronic Components,small,mid,high,0.0,0,0.0,0,0,,False,
DAL,Industrials,Airlines,large,mid,high,0.0,0,0.0,0,0,,False,
DALI,Financial,Exchange Traded Fund,unknown,low,low,0.0,0,0.0,0,0,,False,
DAMD,Financial,Exchange Traded Fund,unknown,high,unknown,0.0,0,0.0,0,0,,False,
DAN,Consumer Cyclical,Auto Parts,mid,mid,high,0.0,0,0.0,0,0,,False,
DANA,Financial,Exchange Traded Fund,unknown,low,unknown,0.0,0,0.0,0,0,,False,
DAO,Consumer Defensive,Education & Training Services,small,high,low,0.0,1,0.0,0,0,,False,
DAPP,Financial,Exchange Traded Fund,unknown,high,high,0.0,0,0.0,0,0,,False,
DAPR,Financial,Exchange Traded Fund,unknown,low,low,0.0,0,0.0,0,0,,False,
DAR,Consumer Defensive,Packaged Foods,large,mid,mid,0.0,0,0.0,0,0,,False,
DARE,Healthcare,Biotechnology,micro,high,mid,0.0,0,0.0,0,0,,False,
DARP,Financial,Exchange Traded Fund,unknown,mid,mid,0.0,0,0.0,0,0,,False,
DASH,Consumer Cyclical,Internet Retail,large,mid,high,0.0,0,0.0,0,0,,False,
DAT,Financial,Exchange Traded Fund,unknown,mid,mid,0.0,0,0.0,0,0,,False,
DAUG,Financial,Exchange Traded Fund,unknown,low,low,0.0,0,0.0,0,0,,False,
DAVA,Technology,Software - Infrastructure,micro,high,mid,0.0,0,0.0,0,0,,False,
DAVE,Technology,Software - Application,mid,high,high,0.0,0,0.0,0,0,,False,
DAX,Financial,Exchange Traded Fund,unknown,low,mid,0.0,0,0.0,0,0,,False,
DB,Financial,Banks - Regional,large,low,mid,0.0,0,0.0,0,0,,False,
DBA,Financial,Exchange Traded Fund,unknown,low,low,0.0,0,0.0,0,0,,False,
DBAW,Financial,Exchange Traded Fund,unknown,low,low,0.0,0,0.0,0,0,,False,
DBB,Financial,Exchange Traded Fund,unknown,low,low,0.0,0,0.0,0,0,,False,
DBC,Financial,Exchange Traded Fund,unknown,low,low,0.0,0,0.0,0,0,,False,
DBCA,Financial,Shell Companies,small,low,unknown,0.0,0,0.0,0,0,,False,
DBD,Technology,Software - Application,mid,mid,mid,0.0,0,0.0,0,0,,False,
DBE,Financial,Exchange Traded Fund,unknown,mid,low,0.0,0,0.0,0,0,,False,
DBEF,Financial,Exchange Traded Fund,unknown,low,low,0.0,0,0.0,0,0,,False,
DBEM,Financial,Exchange Traded Fund,unknown,mid,low,0.0,0,0.0,0,0,,False,
DBEU,Financial,Exchange Traded Fund,unknown,low,low,0.0,0,0.0,0,0,,False,
DBEZ,Financial,Exchange Traded Fund,unknown,low,low,0.0,0,0.0,0,0,,False,
DBGI,Consumer Cyclical,Apparel Retail,micro,high,low,0.0,0,0.0,0,0,,False,
DBI,Consumer Cyclical,Footwear & Accessories,small,high,mid,0.0,0,0.0,0,0,,False,
DBJP,Financial,Exchange Traded Fund,unknown,low,low,0.0,0,0.0,0,0,,False,
DBL,Financial,Closed-End Fund - Debt,micro,low,low,0.0,0,0.0,0,0,,False,
DBMF,Financial,Exchange Traded Fund,unknown,low,low,0.0,0,0.0,0,0,,False,
DBND,Financial,Exchange Traded Fund,unknown,low,low,0.0,0,0.0,0,0,,False,
DBO,Financial,Exchange Traded Fund,unknown,mid,low,0.0,0,0.0,0,0,,False,
DBP,Financial,Exchange Traded Fund,unknown,low,low,0.0,0,0.0,0,0,,False,
DBRG,Financial,Asset Management,mid,low,high,0.0,0,0.0,0,0,,False,
DBVT,Healthcare,Biotechnology,small,high,low,0.0,0,0.0,0,0,,False,
DBX,Technology,Software - Infrastructure,mid,mid,low,0.0,0,0.0,0,0,,False,
DC,Basic Materials,Gold,small,mid,mid,0.0,0,0.0,0,0,,False,
DCBO,Technology,Software - Application,small,mid,mid,0.0,0,0.0,0,0,,False,
DCGO,Healthcare,Medical Care Facilities,micro,high,mid,0.0,0,0.0,0,0,,False,
DCH,Consumer Cyclical,Auto Parts,small,high,high,0.0,0,0.0,0,0,,False,
DCI,Industrials,Specialty Industrial Machinery,large,mid,mid,0.0,0,0.0,0,0,,False,
DCMT,Financial,Exchange Traded Fund,unknown,low,low,0.0,0,0.0,0,0,,False,
DCO,Industrials,Aerospace & Defense,mid,mid,mid,0.0,0,0.0,0,0,,False,
DCOM,Financial,Banks - Regional,small,mid,mid,0.0,0,0.0,0,0,,False,
DCOR,Financial,Exchange Traded Fund,unknown,low,mid,0.0,0,0.0,0,0,,False,
DCOY,Healthcare,Biotechnology,micro,high,low,0.0,0,0.0,0,0,,False,
DCRE,Financial,Exchange Traded Fund,unknown,low,low,0.0,0,0.0,0,0,,False,
DCTH,Healthcare,Medical Devices,small,mid,low,0.0,0,0.0,0,0,,False,
DCX,Consumer Cyclical,Auto Manufacturers,micro,high,low,0.0,0,0.0,0,0,,False,
DD,Basic Materials,Specialty Chemicals,large,mid,mid,0.0,0,0.0,0,0,,False,
DDC,Consumer Defensive,Packaged Foods,micro,high,high,0.0,0,0.0,0,0,,False,
DDD,Technology,Computer Hardware,small,high,high,0.0,0,0.0,0,0,,False,
DDDD,Financial,Exchange Traded Fund,unknown,low,unknown,0.0,0,0.0,0,0,,False,
DDEC,Financial,Exchange Traded Fund,unknown,low,low,0.0,0,0.0,0,0,,False,
DDFA,Financial,Exchange Traded Fund,unknown,low,unknown,0.0,0,0.0,0,0,,False,
DDFD,Financial,Exchange Traded Fund,unknown,low,unknown,0.0,0,0.0,0,0,,False,
DDFF,Financial,Exchange Traded Fund,unknown,low,unknown,0.0,0,0.0,0,0,,False,
DDFG,Financial,Exchange Traded Fund,unknown,low,unknown,0.0,0,0.0,0,0,,False,
DDFJ,Financial,Exchange Traded Fund,unknown,low,unknown,0.0,0,0.0,0,0,,False,
DDFL,Financial,Exchange Traded Fund,unknown,low,low,0.0,0,0.0,0,0,,False,
DDFM,Financial,Exchange Traded Fund,unknown,low,unknown,0.0,0,0.0,0,0,,False,
DDFN,Financial,Exchange Traded Fund,unknown,low,unknown,0.0,0,0.0,0,0,,False,
DDFO,Financial,Exchange Traded Fund,unknown,low,unknown,0.0,0,0.0,0,0,,False,
DDFS,Financial,Exchange Traded Fund,unknown,low,unknown,0.0,0,0.0,0,0,,False,
DDFY,Financial,Exchange Traded Fund,unknown,low,unknown,0.0,0,0.0,0,0,,False,
DDFZ,Financial,Exchange Traded Fund,unknown,low,unknown,0.0,0,0.0,0,0,,False,
DDI,Communication Services,Electronic Gaming & Multimedia,small,low,mid,0.0,0,0.0,0,0,,False,
DDIV,Financial,Exchange Traded Fund,unknown,low,mid,0.0,0,0.0,0,0,,False,
DDL,Consumer Defensive,Grocery Stores,small,mid,low,0.0,1,0.0,0,0,,False,
DDLS,Financial,Exchange Traded Fund,unknown,low,low,0.0,0,0.0,0,0,,False,
DDM,Financial,Exchange Traded Fund,unknown,mid,high,0.0,0,0.0,0,0,,False,
DDNQ,Financial,Exchange Traded Fund,unknown,low,unknown,0.0,0,0.0,0,0,,False,
DDOG,Technology,Software - Application,large,high,high,0.0,0,0.0,0,0,,False,
DDS,Consumer Cyclical,Department Stores,mid,mid,mid,0.0,0,0.0,0,0,,False,
DDSQ,Financial,Exchange Traded Fund,unknown,low,unknown,0.0,0,0.0,0,0,,False,
DDTA,Financial,Exchange Traded Fund,unknown,low,unknown,0.0,0,0.0,0,0,,False,
DDTD,Financial,Exchange Traded Fund,unknown,low,unknown,0.0,0,0.0,0,0,,False,
DDTF,Financial,Exchange Traded Fund,unknown,low,unknown,0.0,0,0.0,0,0,,False,
DDTG,Financial,Exchange Traded Fund,unknown,low,unknown,0.0,0,0.0,0,0,,False,
DDTJ,Financial,Exchange Traded Fund,unknown,low,unknown,0.0,0,0.0,0,0,,False,
DDTL,Financial,Exchange Traded Fund,unknown,low,low,0.0,0,0.0,0,0,,False,
DDTM,Financial,Exchange Traded Fund,unknown,low,unknown,0.0,0,0.0,0,0,,False,
DDTN,Financial,Exchange Traded Fund,unknown,low,unknown,0.0,0,0.0,0,0,,False,
DDTO,Financial,Exchange Traded Fund,unknown,low,unknown,0.0,0,0.0,0,0,,False,
DDTS,Financial,Exchange Traded Fund,unknown,low,unknown,0.0,0,0.0,0,0,,False,
DDTY,Financial,Exchange Traded Fund,unknown,low,unknown,0.0,0,0.0,0,0,,False,
DDTZ,Financial,Exchange Traded Fund,unknown,low,unknown,0.0,0,0.0,0,0,,False,
DDV,Financial,Exchange Traded Fund,unknown,low,unknown,0.0,0,0.0,0,0,,False,
DDWM,Financial,Exchange Traded Fund,unknown,low,low,0.0,0,0.0,0,0,,False,
DDX,Financial,Exchange Traded Fund,unknown,low,low,0.0,0,0.0,0,0,,False,
DDXX,Financial,Exchange Traded Fund,unknown,low,unknown,0.0,0,0.0,0,0,,False,
DE,Industrials,Farm & Heavy Construction Machinery,large,mid,mid,0.0,0,0.0,0,0,,False,
DEA,Real Estate,REIT - Office,small,mid,mid,0.0,0,0.0,0,0,,False,
DEC,Energy,Oil & Gas Integrated,small,mid,low,0.0,0,0.0,0,0,,False,
DECK,Consumer Cyclical,Footwear & Accessories,large,mid,mid,0.0,0,0.0,0,0,,False,
DECM,Financial,Exchange Traded Fund,unknown,low,low,0.0,0,0.0,0,0,,False,
DECO,Financial,Exchange Traded Fund,unknown,mid,high,0.0,0,0.0,0,0,,False,
DECP,Financial,Exchange Traded Fund,unknown,low,low,0.0,0,0.0,0,0,,False,
DECT,Financial,Exchange Traded Fund,unknown,low,low,0.0,0,0.0,0,0,,False,
DECU,Financial,Exchange Traded Fund,unknown,low,low,0.0,0,0.0,0,0,,False,
DECW,Financial,Exchange Traded Fund,unknown,low,low,0.0,0,0.0,0,0,,False,
DECZ,Financial,Exchange Traded Fund,unknown,low,low,0.0,0,0.0,0,0,,False,
DEED,Financial,Exchange Traded Fund,unknown,low,low,0.0,0,0.0,0,0,,False,
DEEF,Financial,Exchange Traded Fund,unknown,low,low,0.0,0,0.0,0,0,,False,
DEEP,Financial,Exchange Traded Fund,unknown,low,mid,0.0,0,0.0,0,0,,False,
DEFI,Financial,Exchange Traded Fund,unknown,low,high,0.0,0,0.0,0,0,,False,
DEFR,Financial,Exchange Traded Fund,unknown,low,low,0.0,0,0.0,0,0,,False,
DEFT,Financial,Capital Markets,micro,high,high,0.0,0,0.0,0,0,,False,
DEHP,Financial,Exchange Traded Fund,unknown,mid,mid,0.0,0,0.0,0,0,,False,
DEI,Real Estate,REIT - Office,small,mid,mid,0.0,0,0.0,0,0,,False,
DELL,Technology,Computer Hardware,mega,high,high,0.0,0,0.0,0,0,,False,
DEM,Financial,Exchange Traded Fund,unknown,low,low,0.0,0,0.0,0,0,,False,
DEMZ,Financial,Exchange Traded Fund,unknown,low,mid,0.0,0,0.0,0,0,,False,
DEO,Consumer Defensive,Beverages - Wineries & Distilleries,large,mid,low,0.0,0,0.0,0,0,,False,
DERM,Healthcare,Drug Manufacturers - Specialty & Generic,micro,high,mid,0.0,0,0.0,0,0,,False,
DES,Financial,Exchange Traded Fund,unknown,low,mid,0.0,0,0.0,0,0,,False,
DESK,Financial,Exchange Traded Fund,unknown,low,mid,0.0,0,0.0,0,0,,False,
DETX,Industrials,Security & Protection Services,micro,high,low,0.0,0,0.0,0,0,,False,
DEUS,Financial,Exchange Traded Fund,unknown,low,mid,0.0,0,0.0,0,0,,False,
DEW,Financial,Exchange Traded Fund,unknown,low,low,0.0,0,0.0,0,0,,False,
DEXC,Financial,Exchange Traded Fund,unknown,mid,mid,0.0,0,0.0,0,0,,False,
DFAC,Financial,Exchange Traded Fund,unknown,low,mid,0.0,0,0.0,0,0,,False,
DFAE,Financial,Exchange Traded Fund,unknown,mid,low,0.0,0,0.0,0,0,,False,
DFAI,Financial,Exchange Traded Fund,unknown,low,low,0.0,0,0.0,0,0,,False,
DFAL,Financial,Exchange Traded Fund,unknown,low,unknown,0.0,0,0.0,0,0,,False,
DFAR,Financial,Exchange Traded Fund,unknown,low,mid,0.0,0,0.0,0,0,,False,
DFAS,Financial,Exchange Traded Fund,unknown,low,mid,0.0,0,0.0,0,0,,False,
DFAT,Financial,Exchange Traded Fund,unknown,low,mid,0.0,0,0.0,0,0,,False,
DFAU,Financial,Exchange Traded Fund,unknown,low,mid,0.0,0,0.0,0,0,,False,
DFAW,Financial,Exchange Traded Fund,unknown,low,mid,0.0,0,0.0,0,0,,False,
DFAX,Financial,Exchange Traded Fund,unknown,low,low,0.0,0,0.0,0,0,,False,
DFCA,Financial,Exchange Traded Fund,unknown,low,low,0.0,0,0.0,0,0,,False,
DFCF,Financial,Exchange Traded Fund,unknown,low,low,0.0,0,0.0,0,0,,False,
DFDV,Financial,Asset Management,micro,high,low,0.0,0,0.0,0,0,,False,
DFE,Financial,Exchange Traded Fund,unknown,low,mid,0.0,0,0.0,0,0,,False,
DFEB,Financial,Exchange Traded Fund,unknown,low,low,0.0,0,0.0,0,0,,False,
DFEM,Financial,Exchange Traded Fund,unknown,low,mid,0.0,0,0.0,0,0,,False,
DFEN,Financial,Exchange Traded Fund,unknown,high,high,0.0,0,0.0,0,0,,False,
DFEV,Financial,Exchange Traded Fund,unknown,low,low,0.0,0,0.0,0,0,,False,
DFGP,Financial,Exchange Traded Fund,unknown,low,low,0.0,0,0.0,0,0,,False,
DFGR,Financial,Exchange Traded Fund,unknown,low,mid,0.0,0,0.0,0,0,,False,
DFGX,Financial,Exchange Traded Fund,unknown,low,low,0.0,0,0.0,0,0,,False,
DFH,Consumer Cyclical,Residential Construction,small,high,high,0.0,0,0.0,0,0,,False,
DFIC,Financial,Exchange Traded Fund,unknown,low,low,0.0,0,0.0,0,0,,False,
DFII,Financial,Exchange Traded Fund,unknown,low,high,0.0,0,0.0,0,0,,False,
DFIN,Technology,Software - Application,small,mid,low,0.0,0,0.0,0,0,,False,
DFIP,Financial,Exchange Traded Fund,unknown,low,low,0.0,0,0.0,0,0,,False,
DFIS,Financial,Exchange Traded Fund,unknown,low,mid,0.0,0,0.0,0,0,,False,
DFIV,Financial,Exchange Traded Fund,unknown,low,low,0.0,0,0.0,0,0,,False,
DFJ,Financial,Exchange Traded Fund,unknown,low,low,0.0,0,0.0,0,0,,False,
DFLI,Industrials,Electrical Equipment & Parts,micro,high,low,0.0,0,0.0,0,0,,False,
DFLV,Financial,Exchange Traded Fund,unknown,low,low,0.0,0,0.0,0,0,,False,
DFMC,Financial,Exchange Traded Fund,unknown,low,unknown,0.0,0,0.0,0,0,,False,
DFNL,Financial,Exchange Traded Fund,unknown,low,mid,0.0,0,0.0,0,0,,False,
DFNM,Financial,Exchange Traded Fund,unknown,low,low,0.0,0,0.0,0,0,,False,
DFNS,Industrials,Aerospace & Defense,micro,high,low,0.0,0,0.0,0,0,,False,
DFP,Financial,Closed-End Fund - Debt,small,low,low,0.0,0,0.0,0,0,,False,
DFSB,Financial,Exchange Traded Fund,unknown,low,low,0.0,0,0.0,0,0,,False,
DFSC,Industrials,Aerospace & Defense,micro,high,high,0.0,0,0.0,0,0,,False,
DFSD,Financial,Exchange Traded Fund,unknown,low,low,0.0,0,0.0,0,0,,False,
DFSE,Financial,Exchange Traded Fund,unknown,low,mid,0.0,0,0.0,0,0,,False,
DFSI,Financial,Exchange Traded Fund,unknown,low,low,0.0,0,0.0,0,0,,False,
DFSU,Financial,Exchange Traded Fund,unknown,low,mid,0.0,0,0.0,0,0,,False,
DFSV,Financial,Exchange Traded Fund,unknown,low,mid,0.0,0,0.0,0,0,,False,
DFTT,Financial,Exchange Traded Fund,unknown,low,unknown,0.0,0,0.0,0,0,,False,
DFTX,Healthcare,Biotechnology,mid,high,high,0.0,0,0.0,0,0,,False,
DFUS,Financial,Exchange Traded Fund,unknown,low,mid,0.0,0,0.0,0,0,,False,
DFUV,Financial,Exchange Traded Fund,unknown,low,mid,0.0,0,0.0,0,0,,False,
DFVE,Financial,Exchange Traded Fund,unknown,low,low,0.0,0,0.0,0,0,,False,
DFVX,Financial,Exchange Traded Fund,unknown,low,mid,0.0,0,0.0,0,0,,False,
DG,Consumer Defensive,Discount Stores,large,mid,low,0.0,0,0.0,0,0,,False,
DGAC,Financial,Shell Companies,micro,low,unknown,0.0,0,0.0,0,0,,False,
DGAP,Financial,Exchange Traded Fund,unknown,low,unknown,0.0,0,0.0,0,0,,False,
DGCB,Financial,Exchange Traded Fund,unknown,low,low,0.0,0,0.0,0,0,,False,
DGICA,Financial,Insurance - Property & Casualty,small,mid,low,0.0,0,0.0,0,0,,False,
DGII,Technology,Communication Equipment,mid,mid,mid,0.0,0,0.0,0,0,,False,
DGIN,Financial,Exchange Traded Fund,unknown,low,low,0.0,0,0.0,0,0,,False,
DGJA,Financial,Exchange Traded Fund,unknown,low,unknown,0.0,0,0.0,0,0,,False,
DGJL,Financial,Exchange Traded Fund,unknown,low,unknown,0.0,0,0.0,0,0,,False,
DGLO,Financial,Exchange Traded Fund,unknown,low,low,0.0,0,0.0,0,0,,False,
DGNX,Industrials,Consulting Services,micro,high,low,0.0,0,0.0,0,0,,False,
DGOC,Financial,Exchange Traded Fund,unknown,low,unknown,0.0,0,0.0,0,0,,False,
DGP,Financial,Exchange Traded Fund,unknown,mid,low,0.0,0,0.0,0,0,,False,
DGRE,Financial,Exchange Traded Fund,unknown,mid,low,0.0,0,0.0,0,0,,False,
DGRO,Financial,Exchange Traded Fund,unknown,low,low,0.0,0,0.0,0,0,,False,
DGRS,Financial,Exchange Traded Fund,unknown,low,mid,0.0,0,0.0,0,0,,False,
DGRW,Financial,Exchange Traded Fund,unknown,low,mid,0.0,0,0.0,0,0,,False,
DGS,Financial,Exchange Traded Fund,unknown,low,low,0.0,0,0.0,0,0,,False,
DGT,Financial,Exchange Traded Fund,unknown,low,mid,0.0,0,0.0,0,0,,False,
DGX,Healthcare,Diagnostics & Research,large,mid,low,0.0,0,0.0,0,0,,False,
DGXX,Utilities,Utilities - Independent Power Producers,small,high,high,0.0,0,0.0,0,0,,False,
DGZ,Financial,Exchange Traded Fund,unknown,high,low,0.0,0,0.0,0,0,,False,
DH,Healthcare,Health Information Services,micro,high,high,0.0,0,0.0,0,0,,False,
DHC,Real Estate,REIT - Healthcare Facilities,mid,mid,high,0.0,0,0.0,0,0,,False,
DHDG,Financial,Exchange Traded Fund,unknown,low,low,0.0,0,0.0,0,0,,False,
DHF,Financial,Closed-End Fund - Debt,micro,low,low,0.0,0,0.0,0,0,,False,
DHI,Consumer Cyclical,Residential Construction,large,mid,high,0.0,0,0.0,0,0,,False,
DHLX,Financial,Exchange Traded Fund,unknown,low,unknown,0.0,0,0.0,0,0,,False,
DHR,Healthcare,Diagnostics & Research,large,mid,low,0.0,0,0.0,0,0,,False,
DHS,Financial,Exchange Traded Fund,unknown,low,low,0.0,0,0.0,0,0,,False,
DHSB,Financial,Exchange Traded Fund,unknown,low,low,0.0,0,0.0,0,0,,False,
DHT,Energy,Oil & Gas Midstream,mid,mid,low,0.0,0,0.0,0,0,,False,
DHX,Technology,Software - Application,micro,high,mid,0.0,0,0.0,0,0,,False,
DHY,Financial,Closed-End Fund - Debt,micro,low,low,0.0,0,0.0,0,0,,False,
DIA,Financial,Exchange Traded Fund,unknown,low,mid,0.0,0,0.0,0,0,,False,
DIAL,Financial,Exchange Traded Fund,unknown,low,low,0.0,0,0.0,0,0,,False,
DIBS,Communication Services,Internet Content & Information,micro,high,mid,0.0,0,0.0,0,0,,False,
DIEM,Financial,Exchange Traded Fund,unknown,low,low,0.0,0,0.0,0,0,,False,
DIG,Financial,Exchange Traded Fund,unknown,mid,mid,0.0,0,0.0,0,0,,False,
DIHP,Financial,Exchange Traded Fund,unknown,low,mid,0.0,0,0.0,0,0,,False,
DIM,Financial,Exchange Traded Fund,unknown,low,low,0.0,0,0.0,0,0,,False,
DIME,Financial,Exchange Traded Fund,unknown,mid,unknown,0.0,0,0.0,0,0,,False,
DIN,Consumer Cyclical,Restaurants,small,mid,mid,0.0,0,0.0,0,0,,False,
DINE,Financial,Exchange Traded Fund,unknown,low,unknown,0.0,0,0.0,0,0,,False,
DINO,Energy,Oil & Gas Refining & Marketing,large,mid,low,0.0,0,0.0,0,0,,False,
DINT,Financial,Exchange Traded Fund,unknown,low,low,0.0,0,0.0,0,0,,False,
DIOD,Technology,Semiconductors,mid,high,high,0.0,0,0.0,0,0,,False,
DIPR,Financial,Exchange Traded Fund,unknown,mid,unknown,0.0,0,0.0,0,0,,False,
DIPS,Financial,Exchange Traded Fund,unknown,mid,low,0.0,0,0.0,0,0,,False,
DIS,Communication Services,Entertainment,large,mid,high,0.0,0,0.0,0,0,,False,
DISK,Financial,Exchange Traded Fund,unknown,high,unknown,0.0,0,0.0,0,0,,False,
DISV,Financial,Exchange Traded Fund,unknown,low,low,0.0,0,0.0,0,0,,False,
DIT,Consumer Defensive,Food Distribution,micro,high,low,0.0,0,0.0,0,0,,False,
DIV,Financial,Exchange Traded Fund,unknown,low,low,0.0,0,0.0,0,0,,False,
DIVB,Financial,Exchange Traded Fund,unknown,low,mid,0.0,0,0.0,0,0,,False,
DIVD,Financial,Exchange Traded Fund,unknown,low,low,0.0,0,0.0,0,0,,False,
DIVE,Financial,Exchange Traded Fund,unknown,low,unknown,0.0,0,0.0,0,0,,False,
DIVG,Financial,Exchange Traded Fund,unknown,low,low,0.0,0,0.0,0,0,,False,
DIVI,Financial,Exchange Traded Fund,unknown,low,low,0.0,0,0.0,0,0,,False,
DIVL,Financial,Exchange Traded Fund,unknown,low,low,0.0,0,0.0,0,0,,False,
DIVN,Financial,Exchange Traded Fund,unknown,low,low,0.0,0,0.0,0,0,,False,
DIVO,Financial,Exchange Traded Fund,unknown,low,low,0.0,0,0.0,0,0,,False,
DIVP,Financial,Exchange Traded Fund,unknown,low,low,0.0,0,0.0,0,0,,False,
DIVS,Financial,Exchange Traded Fund,unknown,low,low,0.0,0,0.0,0,0,,False,
DIVY,Financial,Exchange Traded Fund,unknown,low,low,0.0,0,0.0,0,0,,False,
DIVZ,Financial,Exchange Traded Fund,unknown,low,low,0.0,0,0.0,0,0,,False,
DJAN,Financial,Exchange Traded Fund,unknown,low,low,0.0,0,0.0,0,0,,False,
DJCO,Technology,Software - Application,small,mid,mid,0.0,0,0.0,0,0,,False,
DJD,Financial,Exchange Traded Fund,unknown,low,low,0.0,0,0.0,0,0,,False,
DJIA,Financial,Exchange Traded Fund,unknown,low,low,0.0,0,0.0,0,0,,False,
DJP,Financial,Exchange Traded Fund,unknown,low,low,0.0,0,0.0,0,0,,False,
DJT,Communication Services,Internet Content & Information,mid,high,high,0.0,0,0.0,0,0,,False,
DJTU,Financial,Exchange Traded Fund,unknown,high,low,0.0,0,0.0,0,0,,False,
DJUL,Financial,Exchange Traded Fund,unknown,low,low,0.0,0,0.0,0,0,,False,
DJUN,Financial,Exchange Traded Fund,unknown,low,low,0.0,0,0.0,0,0,,False,
DK,Energy,Oil & Gas Refining & Marketing,mid,mid,low,0.0,0,0.0,0,0,,False,
DKI,Communication Services,Electronic Gaming & Multimedia,micro,high,high,0.0,0,0.0,0,0,,False,
DKL,Energy,Oil & Gas Refining & Marketing,mid,mid,low,0.0,0,0.0,0,0,,False,
DKNG,Consumer Cyclical,Gambling,large,mid,high,0.0,0,0.0,0,0,,False,
DKNX,Financial,Exchange Traded Fund,unknown,high,high,0.0,0,0.0,0,0,,False,
DKS,Consumer Cyclical,Specialty Retail,large,mid,mid,0.0,0,0.0,0,0,,False,
DLAG,Financial,Exchange Traded Fund,unknown,low,unknown,0.0,0,0.0,0,0,,False,
DLB,Industrials,Specialty Business Services,mid,mid,mid,0.0,0,0.0,0,0,,False,
DLCU,Financial,Exchange Traded Fund,unknown,low,unknown,0.0,0,0.0,0,0,,False,
DLFE,Financial,Exchange Traded Fund,unknown,low,unknown,0.0,0,0.0,0,0,,False,
DLHC,Industrials,Specialty Business Services,micro,mid,high,0.0,0,0.0,0,0,,False,
DLLL,Financial,Exchange Traded Fund,unknown,high,high,0.0,0,0.0,0,0,,False,
DLMY,Financial,Exchange Traded Fund,unknown,low,unknown,0.0,0,0.0,0,0,,False,
DLN,Financial,Exchange Traded Fund,unknown,low,low,0.0,0,0.0,0,0,,False,
DLNG,Energy,Oil & Gas Midstream,micro,high,low,0.0,0,0.0,0,0,,False,
DLNV,Financial,Exchange Traded Fund,unknown,low,unknown,0.0,0,0.0,0,0,,False,
DLO,Technology,Software - Infrastructure,mid,mid,mid,0.0,0,0.0,0,0,,False,
DLPN,Communication Services,Advertising Agencies,micro,high,high,0.0,0,0.0,0,0,,False,
DLR,Real Estate,REIT - Specialty,large,mid,mid,0.0,0,0.0,0,0,,False,
DLS,Financial,Exchange Traded Fund,unknown,low,low,0.0,0,0.0,0,0,,False,
DLTH,Consumer Cyclical,Apparel Retail,micro,high,high,0.0,0,0.0,0,0,,False,
DLTR,Consumer Defensive,Discount Stores,large,mid,low,0.0,0,0.0,0,0,,False,
DLUX,Financial,Exchange Traded Fund,unknown,low,unknown,0.0,0,0.0,0,0,,False,
DLX,Industrials,Conglomerates,small,mid,mid,0.0,0,0.0,0,0,,False,
DLXY,Energy,Oil & Gas Refining & Marketing,micro,high,high,0.0,0,0.0,0,0,,False,
DLY,Financial,Closed-End Fund - Debt,small,low,low,0.0,0,0.0,0,0,,False,
DMA,Financial,Closed-End Fund - Equity,micro,mid,low,0.0,0,0.0,0,0,,False,
DMAA,Financial,Shell Companies,micro,low,low,0.0,0,0.0,0,0,,False,
DMAC,Healthcare,Biotechnology,small,high,mid,0.0,0,0.0,0,0,,False,
DMAR,Financial,Exchange Traded Fund,unknown,low,low,0.0,0,0.0,0,0,,False,
DMAX,Financial,Exchange Traded Fund,unknown,low,low,0.0,0,0.0,0,0,,False,
DMAY,Financial,Exchange Traded Fund,unknown,low,low,0.0,0,0.0,0,0,,False,
DMB,Financial,Closed-End Fund - Debt,micro,low,low,0.0,0,0.0,0,0,,False,
DMBS,Financial,Exchange Traded Fund,unknown,low,low,0.0,0,0.0,0,0,,False,
DMC,Consumer Defensive,Farm Products,small,mid,low,0.0,0,0.0,0,0,,False,
DMII,Financial,Shell Companies,small,low,unknown,0.0,0,0.0,0,0,,False,
DMLP,Energy,Oil & Gas E&P,small,mid,low,0.0,0,0.0,0,0,,False,
DMO,Financial,Closed-End Fund - Debt,micro,low,low,0.0,0,0.0,0,0,,False,
DMRA,Healthcare,Biotechnology,small,high,high,0.0,0,0.0,0,0,,False,
DMRC,Technology,Software - Application,micro,high,high,0.0,0,0.0,0,0,,False,
DMX,Financial,Exchange Traded Fund,unknown,low,low,0.0,0,0.0,0,0,,False,
DMXF,Financial,Exchange Traded Fund,unknown,low,mid,0.0,0,0.0,0,0,,False,
DNA,Healthcare,Biotechnology,small,high,high,0.0,0,0.0,0,0,,False,
DNL,Financial,Exchange Traded Fund,unknown,low,mid,0.0,0,0.0,0,0,,False,
DNLI,Healthcare,Biotechnology,mid,mid,mid,0.0,0,0.0,0,0,,False,
DNMX,Financial,Shell Companies,micro,low,unknown,0.0,0,0.0,0,0,,False,
DNN,Energy,Uranium,mid,mid,mid,0.0,0,0.0,0,0,,False,
DNOV,Financial,Exchange Traded Fund,unknown,low,low,0.0,0,0.0,0,0,,False,
DNOW,Industrials,Industrial Distribution,mid,mid,mid,0.0,0,0.0,0,0,,False,
DNP,Financial,Closed-End Fund - Equity,mid,low,low,0.0,0,0.0,0,0,,False,
DNTH,Healthcare,Biotechnology,mid,high,mid,0.0,0,0.0,0,0,,False,
DNUT,Consumer Defensive,Grocery Stores,small,mid,mid,0.0,0,0.0,0,0,,False,
DOC,Real Estate,REIT - Healthcare Facilities,large,mid,mid,0.0,0,0.0,0,0,,False,
DOCK,Financial,Exchange Traded Fund,unknown,low,unknown,0.0,0,0.0,0,0,,False,
DOCN,Technology,Software - Infrastructure,large,high,high,0.0,0,0.0,0,0,,False,
DOCS,Healthcare,Health Information Services,mid,high,mid,0.0,0,0.0,0,0,,False,
DOCT,Financial,Exchange Traded Fund,unknown,low,low,0.0,0,0.0,0,0,,False,
DOCU,Technology,Software - Application,large,mid,mid,0.0,0,0.0,0,0,,False,
DOG,Financial,Exchange Traded Fund,unknown,low,low,0.0,0,0.0,0,0,,False,
DOGG,Financial,Exchange Traded Fund,unknown,low,low,0.0,0,0.0,0,0,,False,
DOGZ,Consumer Cyclical,Leisure,micro,high,high,0.0,1,0.0,0,0,,False,
DOJE,Financial,Exchange Traded Fund,unknown,mid,unknown,0.0,0,0.0,0,0,,False,
DOL,Financial,Exchange Traded Fund,unknown,low,low,0.0,0,0.0,0,0,,False,
DOLE,Consumer Defensive,Farm Products,small,mid,low,0.0,0,0.0,0,0,,False,
DOMH,Financial,Capital Markets,micro,high,mid,0.0,0,0.0,0,0,,False,
DOMO,Technology,Software - Application,micro,high,high,0.0,0,0.0,0,0,,False,
DON,Financial,Exchange Traded Fund,unknown,low,mid,0.0,0,0.0,0,0,,False,
DOO,Consumer Cyclical,Recreational Vehicles,mid,mid,mid,0.0,0,0.0,0,0,,False,
DORM,Consumer Cyclical,Auto Parts,mid,mid,mid,0.0,0,0.0,0,0,,False,
DOUG,Real Estate,Real Estate Services,micro,mid,high,0.0,0,0.0,0,0,,False,
DOV,Industrials,Specialty Industrial Machinery,large,mid,mid,0.0,0,0.0,0,0,,False,
DOW,Basic Materials,Chemicals,large,mid,low,0.0,0,0.0,0,0,,False,
DOX,Technology,Software - Infrastructure,mid,mid,low,0.0,0,0.0,0,0,,False,
DOYU,Communication Services,Internet Content & Information,micro,mid,mid,0.0,1,0.0,0,0,,False,
DPC,Industrials,Aerospace & Defense,mid,high,unknown,0.0,0,0.0,0,0,,False,
DPG,Financial,Closed-End Fund - Equity,small,low,low,0.0,0,0.0,0,0,,False,
DPRE,Financial,Exchange Traded Fund,unknown,low,unknown,0.0,0,0.0,0,0,,False,
DPRO,Technology,Computer Hardware,micro,high,high,0.0,0,0.0,0,0,,False,
DPST,Financial,Exchange Traded Fund,unknown,mid,high,0.0,0,0.0,0,0,,False,
DPU,Financial,Capital Markets,micro,high,high,0.0,1,0.0,0,0,,False,
DPZ,Consumer Cyclical,Restaurants,large,mid,mid,0.0,0,0.0,0,0,,False,
DQ,Technology,Solar,small,mid,low,0.0,1,0.0,0,0,,False,
DQJN,Financial,Exchange Traded Fund,unknown,low,unknown,0.0,0,0.0,0,0,,False,
DRAI,Financial,Exchange Traded Fund,unknown,low,mid,0.0,0,0.0,0,0,,False,
DRAL,Financial,Exchange Traded Fund,unknown,high,unknown,0.0,0,0.0,0,0,,False,
DRAM,Financial,Exchange Traded Fund,unknown,high,unknown,0.0,0,0.0,0,0,,False,
DRAY,Financial,Exchange Traded Fund,unknown,mid,high,0.0,0,0.0,0,0,,False,
DRCT,Communication Services,Advertising Agencies,micro,high,high,0.0,0,0.0,0,0,,False,
DRD,Basic Materials,Gold,mid,mid,low,0.0,0,0.0,0,0,,False,
DRDB,Financial,Shell Companies,small,low,low,0.0,0,0.0,0,0,,False,
DRES,Financial,Exchange Traded Fund,unknown,low,unknown,0.0,0,0.0,0,0,,False,
DRGN,Financial,Exchange Traded Fund,unknown,mid,high,0.0,0,0.0,0,0,,False,
DRH,Real Estate,REIT - Hotel & Motel,mid,mid,mid,0.0,0,0.0,0,0,,False,
DRI,Consumer Cyclical,Restaurants,large,mid,low,0.0,0,0.0,0,0,,False,
DRIO,Healthcare,Health Information Services,micro,high,mid,0.0,0,0.0,0,0,,False,
DRIP,Financial,Exchange Traded Fund,unknown,high,low,0.0,0,0.0,0,0,,False,
DRIV,Financial,Exchange Traded Fund,unknown,mid,high,0.0,0,0.0,0,0,,False,
DRKY,Financial,Exchange Traded Fund,unknown,low,unknown,0.0,0,0.0,0,0,,False,
DRLL,Financial,Exchange Traded Fund,unknown,mid,low,0.0,0,0.0,0,0,,False,
DRMA,Healthcare,Biotechnology,micro,high,low,0.0,0,0.0,0,0,,False,
DRMP,Financial,Exchange Traded Fund,unknown,high,unknown,0.0,0,0.0,0,0,,False,
DRMY,Financial,Exchange Traded Fund,unknown,high,unknown,0.0,0,0.0,0,0,,False,
DRN,Financial,Exchange Traded Fund,unknown,mid,high,0.0,0,0.0,0,0,,False,
DRNL,Financial,Exchange Traded Fund,unknown,high,unknown,0.0,0,0.0,0,0,,False,
DRNZ,Financial,Exchange Traded Fund,unknown,mid,unknown,0.0,0,0.0,0,0,,False,
DRS,Industrials,Aerospace & Defense,large,mid,low,0.0,0,0.0,0,0,,False,
DRSK,Financial,Exchange Traded Fund,unknown,low,low,0.0,0,0.0,0,0,,False,
DRTS,Healthcare,Biotechnology,small,high,mid,0.0,0,0.0,0,0,,False,
DRUG,Healthcare,Biotechnology,small,high,low,0.0,0,0.0,0,0,,False,
DRUP,Financial,Exchange Traded Fund,unknown,low,mid,0.0,0,0.0,0,0,,False,
DRV,Financial,Exchange Traded Fund,unknown,mid,low,0.0,0,0.0,0,0,,False,
DRVN,Consumer Cyclical,Auto & Truck Dealerships,mid,high,mid,0.0,0,0.0,0,0,,False,
DRVR,Financial,Exchange Traded Fund,unknown,low,unknown,0.0,0,0.0,0,0,,False,
DSAC,Financial,Shell Companies,small,low,unknown,0.0,0,0.0,0,0,,False,
DSC,Consumer Cyclical,Auto & Truck Dealerships,micro,high,unknown,0.0,1,0.0,0,0,,False,
DSCO,Financial,Exchange Traded Fund,unknown,low,unknown,0.0,0,0.0,0,0,,False,
DSEP,Financial,Exchange Traded Fund,unknown,low,low,0.0,0,0.0,0,0,,False,
DSGN,Healthcare,Biotechnology,small,high,high,0.0,0,0.0,0,0,,False,
DSGR,Industrials,Industrial Distribution,small,low,low,0.0,0,0.0,0,0,,False,
DSGX,Technology,Software - Application,mid,mid,low,0.0,0,0.0,0,0,,False,
DSI,Financial,Exchange Traded Fund,unknown,low,mid,0.0,0,0.0,0,0,,False,
DSL,Financial,Closed-End Fund - Debt,small,low,low,0.0,0,0.0,0,0,,False,
DSM,Financial,Closed-End Fund - Debt,micro,low,low,0.0,0,0.0,0,0,,False,
DSMC,Financial,Exchange Traded Fund,unknown,low,mid,0.0,0,0.0,0,0,,False,
DSP,Technology,Software - Application,small,high,mid,0.0,0,0.0,0,0,,False,
DSPY,Financial,Exchange Traded Fund,unknown,low,mid,0.0,0,0.0,0,0,,False,
DSS,Consumer Cyclical,Packaging & Containers,micro,high,mid,0.0,0,0.0,0,0,,False,
DSTL,Financial,Exchange Traded Fund,unknown,low,mid,0.0,0,0.0,0,0,,False,
DSTX,Financial,Exchange Traded Fund,unknown,low,low,0.0,0,0.0,0,0,,False,
DSU,Financial,Closed-End Fund - Debt,small,low,low,0.0,0,0.0,0,0,,False,
DSWL,Technology,Electronic Components,micro,mid,low,0.0,1,0.0,0,0,,False,
DSX,Industrials,Marine Shipping,micro,mid,low,0.0,0,0.0,0,0,,False,
DSY,Consumer Defensive,Household & Personal Products,micro,high,low,0.0,1,0.0,0,0,,False,
DT,Technology,Software - Application,large,mid,low,0.0,0,0.0,0,0,,False,
DTAN,Financial,Exchange Traded Fund,unknown,low,low,0.0,0,0.0,0,0,,False,
DTCR,Financial,Exchange Traded Fund,unknown,mid,mid,0.0,0,0.0,0,0,,False,
DTCX,Financial,Financial Data & Stock Exchanges,micro,high,low,0.0,0,0.0,0,0,,False,
DTD,Financial,Exchange Traded Fund,unknown,low,low,0.0,0,0.0,0,0,,False,
DTE,Utilities,Utilities - Regulated Electric,large,mid,low,0.0,0,0.0,0,0,,False,
DTEC,Financial,Exchange Traded Fund,unknown,low,mid,0.0,0,0.0,0,0,,False,
DTF,Financial,Closed-End Fund - Debt,micro,low,low,0.0,0,0.0,0,0,,False,
DTH,Financial,Exchange Traded Fund,unknown,low,low,0.0,0,0.0,0,0,,False,
DTI,Energy,Oil & Gas Equipment & Services,micro,mid,low,0.0,0,0.0,0,0,,False,
DTIL,Healthcare,Biotechnology,micro,high,mid,0.0,0,0.0,0,0,,False,
DTM,Energy,Oil & Gas Midstream,large,mid,low,0.0,0,0.0,0,0,,False,
DTRE,Financial,Exchange Traded Fund,unknown,low,mid,0.0,0,0.0,0,0,,False,
DTSQ,Financial,Shell Companies,micro,low,low,0.0,0,0.0,0,0,,False,
DTSS,Technology,Software - Infrastructure,micro,high,mid,0.0,1,0.0,0,0,,False,
DTST,Technology,Information Technology Services,micro,high,mid,0.0,0,0.0,0,0,,False,
DUBS,Financial,Exchange Traded Fund,unknown,low,mid,0.0,0,0.0,0,0,,False,
DUG,Financial,Exchange Traded Fund,unknown,mid,low,0.0,0,0.0,0,0,,False,
DUHP,Financial,Exchange Traded Fund,unknown,low,mid,0.0,0,0.0,0,0,,False,
DUK,Utilities,Utilities - Regulated Electric,large,mid,low,0.0,0,0.0,0,0,,False,
DUKH,Financial,Exchange Traded Fund,unknown,low,low,0.0,0,0.0,0,0,,False,
DUKQ,Financial,Exchange Traded Fund,unknown,low,mid,0.0,0,0.0,0,0,,False,
DUKR,Industrials,Aerospace & Defense,micro,high,high,0.0,0,0.0,0,0,,False,
DUKX,Financial,Exchange Traded Fund,unknown,low,low,0.0,0,0.0,0,0,,False,
DUKZ,Financial,Exchange Traded Fund,unknown,low,low,0.0,0,0.0,0,0,,False,
DULL,Financial,Exchange Traded Fund,unknown,high,low,0.0,0,0.0,0,0,,False,
DUNK,Financial,Exchange Traded Fund,unknown,low,unknown,0.0,0,0.0,0,0,,False,
DUO,Real Estate,Real Estate Services,micro,high,high,0.0,1,0.0,0,0,,False,
DUOG,Financial,Exchange Traded Fund,unknown,high,unknown,0.0,0,0.0,0,0,,False,
DUOL,Technology,Software - Application,mid,high,mid,0.0,0,0.0,0,0,,False,
DUOT,Technology,Software - Application,micro,high,high,0.0,0,0.0,0,0,,False,
DURA,Financial,Exchange Traded Fund,unknown,low,low,0.0,0,0.0,0,0,,False,
DUSA,Financial,Exchange Traded Fund,unknown,low,mid,0.0,0,0.0,0,0,,False,
DUSB,Financial,Exchange Traded Fund,unknown,low,low,0.0,0,0.0,0,0,,False,
DUSG,Financial,Exchange Traded Fund,unknown,low,unknown,0.0,0,0.0,0,0,,False,
DUSL,Financial,Exchange Traded Fund,unknown,mid,high,0.0,0,0.0,0,0,,False,
DUST,Financial,Exchange Traded Fund,unknown,high,low,0.0,0,0.0,0,0,,False,
DUTY,Financial,Exchange Traded Fund,unknown,low,unknown,0.0,0,0.0,0,0,,False,
DV,Communication Services,Advertising Agencies,mid,mid,mid,0.0,0,0.0,0,0,,False,
DVA,Healthcare,Medical Care Facilities,large,mid,mid,0.0,0,0.0,0,0,,False,
DVAL,Financial,Exchange Traded Fund,unknown,low,low,0.0,0,0.0,0,0,,False,
DVDN,Financial,Exchange Traded Fund,unknown,low,low,0.0,0,0.0,0,0,,False,
DVGR,Financial,Exchange Traded Fund,unknown,low,unknown,0.0,0,0.0,0,0,,False,
DVIN,Financial,Exchange Traded Fund,unknown,low,mid,0.0,0,0.0,0,0,,False,
DVLT,Technology,Software - Infrastructure,micro,high,low,0.0,0,0.0,0,0,,False,
DVLU,Financial,Exchange Traded Fund,unknown,low,mid,0.0,0,0.0,0,0,,False,
DVN,Energy,Oil & Gas E&P,large,mid,low,0.0,0,0.0,0,0,,False,
DVND,Financial,Exchange Traded Fund,unknown,low,mid,0.0,0,0.0,0,0,,False,
DVOL,Financial,Exchange Traded Fund,unknown,low,low,0.0,0,0.0,0,0,,False,
DVQQ,Financial,Exchange Traded Fund,unknown,low,high,0.0,0,0.0,0,0,,False,
DVRE,Financial,Exchange Traded Fund,unknown,low,low,0.0,0,0.0,0,0,,False,
DVSP,Financial,Exchange Traded Fund,unknown,low,high,0.0,0,0.0,0,0,,False,
DVUT,Financial,Exchange Traded Fund,unknown,low,low,0.0,0,0.0,0,0,,False,
DVVY,Financial,Exchange Traded Fund,unknown,low,unknown,0.0,0,0.0,0,0,,False,
DVXB,Financial,Exchange Traded Fund,unknown,low,unknown,0.0,0,0.0,0,0,,False,
DVXC,Financial,Exchange Traded Fund,unknown,low,mid,0.0,0,0.0,0,0,,False,
DVXE,Financial,Exchange Traded Fund,unknown,low,low,0.0,0,0.0,0,0,,False,
DVXF,Financial,Exchange Traded Fund,unknown,low,low,0.0,0,0.0,0,0,,False,
DVXK,Financial,Exchange Traded Fund,unknown,low,high,0.0,0,0.0,0,0,,False,
DVXP,Financial,Exchange Traded Fund,unknown,low,low,0.0,0,0.0,0,0,,False,
DVXV,Financial,Exchange Traded Fund,unknown,low,low,0.0,0,0.0,0,0,,False,
DVXY,Financial,Exchange Traded Fund,unknown,low,mid,0.0,0,0.0,0,0,,False,
DVY,Financial,Exchange Traded Fund,unknown,low,low,0.0,0,0.0,0,0,,False,
DVYA,Financial,Exchange Traded Fund,unknown,low,low,0.0,0,0.0,0,0,,False,
DVYE,Financial,Exchange Traded Fund,unknown,low,low,0.0,0,0.0,0,0,,False,
DWAS,Financial,Exchange Traded Fund,unknown,mid,mid,0.0,0,0.0,0,0,,False,
DWAW,Financial,Exchange Traded Fund,unknown,low,mid,0.0,0,0.0,0,0,,False,
DWLD,Financial,Exchange Traded Fund,unknown,low,low,0.0,0,0.0,0,0,,False,
DWM,Financial,Exchange Traded Fund,unknown,low,low,0.0,0,0.0,0,0,,False,
DWMF,Financial,Exchange Traded Fund,unknown,low,low,0.0,0,0.0,0,0,,False,
DWSH,Financial,Exchange Traded Fund,unknown,mid,low,0.0,0,0.0,0,0,,False,
DWSN,Energy,Oil & Gas Equipment & Services,micro,high,low,0.0,0,0.0,0,0,,False,
DWTX,Healthcare,Biotechnology,micro,high,high,0.0,0,0.0,0,0,,False,
DWUS,Financial,Exchange Traded Fund,unknown,low,mid,0.0,0,0.0,0,0,,False,
DWWN,Financial,Exchange Traded Fund,unknown,low,unknown,0.0,0,0.0,0,0,,False,
DWX,Financial,Exchange Traded Fund,unknown,low,low,0.0,0,0.0,0,0,,False,
DX,Real Estate,REIT - Mortgage,mid,low,mid,0.0,0,0.0,0,0,,False,
DXC,Technology,Information Technology Services,small,high,low,0.0,0,0.0,0,0,,False,
DXCM,Healthcare,Medical Devices,large,mid,high,0.0,0,0.0,0,0,,False,
DXD,Financial,Exchange Traded Fund,unknown,mid,low,0.0,0,0.0,0,0,,False,
DXF,Financial,Credit Services,micro,high,high,0.0,1,0.0,0,0,,False,
DXIV,Financial,Exchange Traded Fund,unknown,low,low,0.0,0,0.0,0,0,,False,
DXJ,Financial,Exchange Traded Fund,unknown,low,low,0.0,0,0.0,0,0,,False,
DXLG,Consumer Cyclical,Apparel Retail,micro,high,mid,0.0,0,0.0,0,0,,False,
DXPE,Industrials,Industrial Distribution,mid,mid,mid,0.0,0,0.0,0,0,,False,
DXR,Healthcare,Medical Instruments & Supplies,micro,mid,low,0.0,0,0.0,0,0,,False,
DXST,Industrials,Waste Management,micro,high,low,0.0,1,0.0,0,0,,False,
DXUV,Financial,Exchange Traded Fund,unknown,low,mid,0.0,0,0.0,0,0,,False,
DXYZ,Financial,Asset Management,small,high,high,0.0,0,0.0,0,0,,False,
DY,Industrials,Engineering & Construction,large,high,high,0.0,0,0.0,0,0,,False,
DYAI,Healthcare,Biotechnology,micro,high,mid,0.0,0,0.0,0,0,,False,
DYFI,Financial,Exchange Traded Fund,unknown,low,low,0.0,0,0.0,0,0,,False,
DYLD,Financial,Exchange Traded Fund,unknown,low,low,0.0,0,0.0,0,0,,False,
DYLG,Financial,Exchange Traded Fund,unknown,low,low,0.0,0,0.0,0,0,,False,
DYN,Healthcare,Biotechnology,mid,mid,mid,0.0,0,0.0,0,0,,False,
DYNB,Financial,Exchange Traded Fund,unknown,low,unknown,0.0,0,0.0,0,0,,False,
DYNC,Financial,Shell Companies,micro,low,low,0.0,0,0.0,0,0,,False,
DYNF,Financial,Exchange Traded Fund,unknown,low,mid,0.0,0,0.0,0,0,,False,
DYOR,Financial,Shell Companies,micro,low,unknown,0.0,0,0.0,0,0,,False,
DYTA,Financial,Exchange Traded Fund,unknown,low,low,0.0,0,0.0,0,0,,False,
DZZ,Financial,Exchange Traded Fund,unknown,high,low,0.0,0,0.0,0,0,,False,
E,Energy,Oil & Gas Integrated,large,mid,low,0.0,0,0.0,0,0,,False,
EA,Communication Services,Electronic Gaming & Multimedia,large,low,low,0.0,0,0.0,0,0,,False,
EAD,Financial,Closed-End Fund - Debt,small,low,low,0.0,0,0.0,0,0,,False,
EAF,Industrials,Electrical Equipment & Parts,micro,high,high,0.0,0,0.0,0,0,,False,
EAFG,Financial,Exchange Traded Fund,unknown,low,mid,0.0,0,0.0,0,0,,False,
EAGG,Financial,Exchange Traded Fund,unknown,low,low,0.0,0,0.0,0,0,,False,
EAGL,Financial,Exchange Traded Fund,unknown,low,low,0.0,0,0.0,0,0,,False,
EALT,Financial,Exchange Traded Fund,unknown,low,low,0.0,0,0.0,0,0,,False,
EAOA,Financial,Exchange Traded Fund,unknown,low,mid,0.0,0,0.0,0,0,,False,
EAOK,Financial,Exchange Traded Fund,unknown,low,low,0.0,0,0.0,0,0,,False,
EAOM,Financial,Exchange Traded Fund,unknown,low,low,0.0,0,0.0,0,0,,False,
EAOR,Financial,Exchange Traded Fund,unknown,low,low,0.0,0,0.0,0,0,,False,
EAPR,Financial,Exchange Traded Fund,unknown,low,low,0.0,0,0.0,0,0,,False,
EARN,Financial,Asset Management,micro,low,mid,0.0,0,0.0,0,0,,False,
EART,Financial,Exchange Traded Fund,unknown,mid,mid,0.0,0,0.0,0,0,,False,
EASG,Financial,Exchange Traded Fund,unknown,low,mid,0.0,0,0.0,0,0,,False,
EASY,Financial,Exchange Traded Fund,unknown,low,unknown,0.0,0,0.0,0,0,,False,
EAT,Consumer Cyclical,Restaurants,large,mid,mid,0.0,0,0.0,0,0,,False,
EBAY,Consumer Cyclical,Internet Retail,large,mid,high,0.0,0,0.0,0,0,,False,
EBC,Financial,Banks - Regional,mid,low,low,0.0,0,0.0,0,0,,False,
EBF,Industrials,Business Equipment & Supplies,small,low,low,0.0,0,0.0,0,0,,False,
EBI,Financial,Exchange Traded Fund,unknown,low,low,0.0,0,0.0,0,0,,False,
EBIT,Financial,Exchange Traded Fund,unknown,low,mid,0.0,0,0.0,0,0,,False,
EBIZ,Financial,Exchange Traded Fund,unknown,low,mid,0.0,0,0.0,0,0,,False,
EBMT,Financial,Banks - Regional,micro,mid,low,0.0,0,0.0,0,0,,False,
EBND,Financial,Exchange Traded Fund,unknown,low,low,0.0,0,0.0,0,0,,False,
EBON,Technology,Computer Hardware,micro,high,high,0.0,1,0.0,0,0,,False,
EBS,Healthcare,Drug Manufacturers - Specialty & Generic,micro,high,high,0.0,0,0.0,0,0,,False,
EBUF,Financial,Exchange Traded Fund,unknown,low,low,0.0,0,0.0,0,0,,False,
EC,Energy,Oil & Gas Integrated,large,mid,low,0.0,0,0.0,0,0,,False,
ECAT,Financial,Closed-End Fund - Equity,small,low,mid,0.0,0,0.0,0,0,,False,
ECBK,Financial,Banks - Regional,micro,mid,low,0.0,0,0.0,0,0,,False,
ECC,Financial,Closed-End Fund - Debt,small,mid,low,0.0,0,0.0,0,0,,False,
ECF,Financial,Closed-End Fund - Equity,micro,low,mid,0.0,0,0.0,0,0,,False,
ECG,Industrials,Engineering & Construction,mid,high,high,0.0,0,0.0,0,0,,False,
ECH,Financial,Exchange Traded Fund,unknown,low,low,0.0,0,0.0,0,0,,False,
ECHO,Communication Services,Telecom Services,large,high,mid,0.0,0,0.0,0,0,,False,
ECHX,Financial,Exchange Traded Fund,unknown,high,unknown,0.0,0,0.0,0,0,,False,
ECL,Basic Materials,Specialty Chemicals,large,mid,mid,0.0,0,0.0,0,0,,False,
ECML,Financial,Exchange Traded Fund,unknown,low,mid,0.0,0,0.0,0,0,,False,
ECNS,Financial,Exchange Traded Fund,unknown,low,low,0.0,0,0.0,0,0,,False,
ECO,Industrials,Marine Shipping,mid,mid,low,0.0,0,0.0,0,0,,False,
ECON,Financial,Exchange Traded Fund,unknown,low,low,0.0,0,0.0,0,0,,False,
ECOR,Healthcare,Medical Devices,micro,high,mid,0.0,0,0.0,0,0,,False,
ECOW,Financial,Exchange Traded Fund,unknown,low,low,0.0,0,0.0,0,0,,False,
ECPG,Financial,Credit Services,mid,mid,mid,0.0,0,0.0,0,0,,False,
ECVT,Basic Materials,Specialty Chemicals,small,mid,mid,0.0,0,0.0,0,0,,False,
ECX,Consumer Cyclical,Auto Parts,small,high,mid,0.0,0,0.0,0,0,,False,
ED,Utilities,Utilities - Regulated Electric,large,mid,low,0.0,0,0.0,0,0,,False,
EDBL,Consumer Defensive,Farm Products,micro,high,high,0.0,0,0.0,0,0,,False,
EDC,Financial,Exchange Traded Fund,unknown,high,high,0.0,0,0.0,0,0,,False,
EDD,Financial,Closed-End Fund - Debt,small,low,low,0.0,0,0.0,0,0,,False,
EDEN,Financial,Exchange Traded Fund,unknown,low,mid,0.0,0,0.0,0,0,,False,
EDF,Financial,Closed-End Fund - Foreign,micro,low,mid,0.0,0,0.0,0,0,,False,
EDGE,Financial,Exchange Traded Fund,unknown,low,mid,0.0,0,0.0,0,0,,False,
EDGF,Financial,Exchange Traded Fund,unknown,low,low,0.0,0,0.0,0,0,,False,
EDGH,Financial,Exchange Traded Fund,unknown,low,low,0.0,0,0.0,0,0,,False,
EDGI,Financial,Exchange Traded Fund,unknown,low,low,0.0,0,0.0,0,0,,False,
EDGQ,Financial,Exchange Traded Fund,unknown,low,unknown,0.0,0,0.0,0,0,,False,
EDGU,Financial,Exchange Traded Fund,unknown,low,mid,0.0,0,0.0,0,0,,False,
EDGX,Financial,Exchange Traded Fund,unknown,low,unknown,0.0,0,0.0,0,0,,False,
EDHL,Communication Services,Advertising Agencies,unknown,high,low,0.0,0,0.0,0,0,,False,
EDIT,Healthcare,Biotechnology,small,high,high,0.0,0,0.0,0,0,,False,
EDIV,Financial,Exchange Traded Fund,unknown,low,low,0.0,0,0.0,0,0,,False,
EDN,Utilities,Utilities - Regulated Electric,small,high,high,0.0,0,0.0,0,0,,False,
EDOG,Financial,Exchange Traded Fund,unknown,low,low,0.0,0,0.0,0,0,,False,
EDOW,Financial,Exchange Traded Fund,unknown,low,mid,0.0,0,0.0,0,0,,False,
EDRY,Industrials,Marine Shipping,micro,high,low,0.0,0,0.0,0,0,,False,
EDSA,Healthcare,Biotechnology,micro,high,mid,0.0,0,0.0,0,0,,False,
EDTK,Consumer Defensive,Education & Training Services,micro,high,low,0.0,1,0.0,0,0,,False,
EDU,Consumer Defensive,Education & Training Services,mid,mid,low,0.0,1,0.0,0,0,,False,
EDUC,Communication Services,Publishing,micro,mid,mid,0.0,0,0.0,0,0,,False,
EDV,Financial,Exchange Traded Fund,unknown,low,low,0.0,0,0.0,0,0,,False,
EDZ,Financial,Exchange Traded Fund,unknown,high,low,0.0,0,0.0,0,0,,False,
EE,Energy,Oil & Gas Midstream,mid,mid,mid,0.0,0,0.0,0,0,,False,
EEA,Financial,Closed-End Fund - Foreign,micro,low,mid,0.0,0,0.0,0,0,,False,
EEE,Financial,Exchange Traded Fund,unknown,low,unknown,0.0,0,0.0,0,0,,False,
EEFT,Technology,Software - Infrastructure,mid,mid,mid,0.0,0,0.0,0,0,,False,
EEIQ,Consumer Defensive,Education & Training Services,micro,high,low,0.0,0,0.0,0,0,,False,
EELV,Financial,Exchange Traded Fund,unknown,low,low,0.0,0,0.0,0,0,,False,
EEM,Financial,Exchange Traded Fund,unknown,mid,low,0.0,0,0.0,0,0,,False,
EEMA,Financial,Exchange Traded Fund,unknown,low,low,0.0,0,0.0,0,0,,False,
EEMO,Financial,Exchange Traded Fund,unknown,mid,mid,0.0,0,0.0,0,0,,False,
EEMS,Financial,Exchange Traded Fund,unknown,low,low,0.0,0,0.0,0,0,,False,
EEMV,Financial,Exchange Traded Fund,unknown,low,low,0.0,0,0.0,0,0,,False,
EEMX,Financial,Exchange Traded Fund,unknown,low,low,0.0,0,0.0,0,0,,False,
EES,Financial,Exchange Traded Fund,unknown,low,mid,0.0,0,0.0,0,0,,False,
EET,Financial,Exchange Traded Fund,unknown,mid,high,0.0,0,0.0,0,0,,False,
EETH,Financial,Exchange Traded Fund,unknown,mid,high,0.0,0,0.0,0,0,,False,
EEV,Financial,Exchange Traded Fund,unknown,mid,low,0.0,0,0.0,0,0,,False,
EFA,Financial,Exchange Traded Fund,unknown,low,low,0.0,0,0.0,0,0,,False,
EFAA,Financial,Exchange Traded Fund,unknown,low,low,0.0,0,0.0,0,0,,False,
EFAD,Financial,Exchange Traded Fund,unknown,low,low,0.0,0,0.0,0,0,,False,
EFAS,Financial,Exchange Traded Fund,unknown,low,low,0.0,0,0.0,0,0,,False,
EFAV,Financial,Exchange Traded Fund,unknown,low,low,0.0,0,0.0,0,0,,False,
EFAX,Financial,Exchange Traded Fund,unknown,low,mid,0.0,0,0.0,0,0,,False,
EFC,Real Estate,REIT - Mortgage,small,low,mid,0.0,0,0.0,0,0,,False,
EFFE,Financial,Exchange Traded Fund,unknown,low,mid,0.0,0,0.0,0,0,,False,
EFFI,Financial,Exchange Traded Fund,unknown,low,low,0.0,0,0.0,0,0,,False,
EFG,Financial,Exchange Traded Fund,unknown,low,mid,0.0,0,0.0,0,0,,False,
EFIV,Financial,Exchange Traded Fund,unknown,low,mid,0.0,0,0.0,0,0,,False,
EFNL,Financial,Exchange Traded Fund,unknown,low,low,0.0,0,0.0,0,0,,False,
EFO,Financial,Exchange Traded Fund,unknown,low,high,0.0,0,0.0,0,0,,False,
EFOI,Consumer Cyclical,"Furnishings, Fixtures & Appliances",micro,high,high,0.0,0,0.0,0,0,,False,
EFOR,Technology,Information Technology Services,small,high,low,0.0,0,0.0,0,0,,False,
EFR,Financial,Closed-End Fund - Debt,small,low,low,0.0,0,0.0,0,0,,False,
EFRA,Financial,Exchange Traded Fund,unknown,low,low,0.0,0,0.0,0,0,,False,
EFSC,Financial,Banks - Regional,mid,low,mid,0.0,0,0.0,0,0,,False,
EFSI,Financial,Banks - Regional,micro,mid,low,0.0,0,0.0,0,0,,False,
EFT,Financial,Closed-End Fund - Debt,micro,low,low,0.0,0,0.0,0,0,,False,
EFU,Financial,Exchange Traded Fund,unknown,low,low,0.0,0,0.0,0,0,,False,
EFV,Financial,Exchange Traded Fund,unknown,low,low,0.0,0,0.0,0,0,,False,
EFX,Industrials,Consulting Services,large,mid,high,0.0,0,0.0,0,0,,False,
EFXT,Energy,Oil & Gas Equipment & Services,mid,mid,high,0.0,0,0.0,0,0,,False,
EFZ,Financial,Exchange Traded Fund,unknown,low,low,0.0,0,0.0,0,0,,False,
EG,Financial,Insurance - Reinsurance,large,mid,low,0.0,0,0.0,0,0,,False,
EGAN,Technology,Software - Application,micro,mid,mid,0.0,0,0.0,0,0,,False,
EGBN,Financial,Banks - Regional,small,mid,mid,0.0,0,0.0,0,0,,False,
EGG,Industrials,Consulting Services,micro,high,mid,0.0,0,0.0,0,0,,False,
EGGQ,Financial,Exchange Traded Fund,unknown,high,high,0.0,0,0.0,0,0,,False,
EGGS,Financial,Exchange Traded Fund,unknown,mid,mid,0.0,0,0.0,0,0,,False,
EGGY,Financial,Exchange Traded Fund,unknown,high,high,0.0,0,0.0,0,0,,False,
EGHA,Financial,Shell Companies,micro,low,low,0.0,0,0.0,0,0,,False,
EGHT,Technology,Software - Application,micro,high,high,0.0,0,0.0,0,0,,False,
EGLE,Financial,Exchange Traded Fund,unknown,low,mid,0.0,0,0.0,0,0,,False,
EGO,Basic Materials,Gold,large,mid,low,0.0,0,0.0,0,0,,False,
EGP,Real Estate,REIT - Industrial,large,mid,mid,0.0,0,0.0,0,0,,False,
EGUS,Financial,Exchange Traded Fund,unknown,low,mid,0.0,0,0.0,0,0,,False,
EGY,Energy,Oil & Gas E&P,small,mid,low,0.0,0,0.0,0,0,,False,
EH,Industrials,Aerospace & Defense,small,high,mid,0.0,1,0.0,0,0,,False,
EHC,Healthcare,Medical Care Facilities,large,mid,low,0.0,0,0.0,0,0,,False,
EHCC,Financial,Exchange Traded Fund,unknown,low,unknown,0.0,0,0.0,0,0,,False,
EHGO,Industrials,Business Equipment & Supplies,micro,high,low,0.0,1,0.0,0,0,,False,
EHI,Financial,Closed-End Fund - Debt,micro,low,low,0.0,0,0.0,0,0,,False,
EHLD,Industrials,Marine Shipping,micro,mid,mid,0.0,0,0.0,0,0,,False,
EHLS,Financial,Exchange Traded Fund,unknown,low,mid,0.0,0,0.0,0,0,,False,
EHTH,Financial,Insurance Brokers,micro,high,high,0.0,0,0.0,0,0,,False,
EHY,Financial,Exchange Traded Fund,unknown,mid,unknown,0.0,0,0.0,0,0,,False,
EIC,Financial,Closed-End Fund - Debt,micro,low,low,0.0,0,0.0,0,0,,False,
EIDO,Financial,Exchange Traded Fund,unknown,low,low,0.0,0,0.0,0,0,,False,
EIG,Financial,Insurance - Specialty,small,mid,low,0.0,0,0.0,0,0,,False,
EIKN,Healthcare,Biotechnology,small,high,unknown,0.0,0,0.0,0,0,,False,
EIM,Financial,Closed-End Fund - Debt,small,low,low,0.0,0,0.0,0,0,,False,
EINC,Financial,Exchange Traded Fund,unknown,low,low,0.0,0,0.0,0,0,,False,
EIPI,Financial,Exchange Traded Fund,unknown,low,low,0.0,0,0.0,0,0,,False,
EIPX,Financial,Exchange Traded Fund,unknown,low,low,0.0,0,0.0,0,0,,False,
EIRL,Financial,Exchange Traded Fund,unknown,low,mid,0.0,0,0.0,0,0,,False,
EIS,Financial,Exchange Traded Fund,unknown,low,mid,0.0,0,0.0,0,0,,False,
EIX,Utilities,Utilities - Regulated Electric,large,mid,low,0.0,0,0.0,0,0,,False,
EJAN,Financial,Exchange Traded Fund,unknown,low,low,0.0,0,0.0,0,0,,False,
EJH,Consumer Cyclical,Personal Services,micro,high,high,0.0,1,0.0,0,0,,False,
EJUL,Financial,Exchange Traded Fund,unknown,low,low,0.0,0,0.0,0,0,,False,
EKG,Financial,Exchange Traded Fund,unknown,low,mid,0.0,0,0.0,0,0,,False,
EL,Consumer Defensive,Household & Personal Products,large,mid,mid,0.0,0,0.0,0,0,,False,
ELA,Consumer Cyclical,Luxury Goods,small,high,low,0.0,0,0.0,0,0,,False,
ELAB,Healthcare,Biotechnology,micro,high,low,0.0,0,0.0,0,0,,False,
ELAN,Healthcare,Drug Manufacturers - Specialty & Generic,large,high,high,0.0,0,0.0,0,0,,False,
ELBM,Basic Materials,Other Industrial Metals & Mining,micro,high,high,0.0,0,0.0,0,0,,False,
ELCV,Financial,Exchange Traded Fund,unknown,low,low,0.0,0,0.0,0,0,,False,
ELD,Financial,Exchange Traded Fund,unknown,low,low,0.0,0,0.0,0,0,,False,
ELDN,Healthcare,Biotechnology,micro,high,mid,0.0,0,0.0,0,0,,False,
ELE,Basic Materials,Other Precious Metals & Mining,small,mid,low,0.0,0,0.0,0,0,,False,
ELF,Consumer Defensive,Household & Personal Products,mid,high,high,0.0,0,0.0,0,0,,False,
ELFY,Financial,Exchange Traded Fund,unknown,low,mid,0.0,0,0.0,0,0,,False,
ELIL,Financial,Exchange Traded Fund,unknown,high,low,0.0,0,0.0,0,0,,False,
ELLO,Utilities,Utilities - Renewable,micro,mid,mid,0.0,0,0.0,0,0,,False,
ELM,Financial,Exchange Traded Fund,unknown,low,low,0.0,0,0.0,0,0,,False,
ELMD,Healthcare,Medical Devices,small,mid,low,0.0,0,0.0,0,0,,False,
ELME,Real Estate,REIT - Residential,micro,mid,mid,0.0,0,0.0,0,0,,False,
ELMT,Industrials,Aerospace & Defense,small,high,unknown,0.0,0,0.0,0,0,,False,
ELOG,Industrials,Integrated Freight & Logistics,micro,high,mid,0.0,1,0.0,0,0,,False,
ELOL,Financial,Exchange Traded Fund,unknown,high,unknown,0.0,0,0.0,0,0,,False,
ELOX,Healthcare,Biotechnology,micro,high,low,0.0,0,0.0,0,0,,False,
ELPC,Utilities,Utilities - Diversified,mid,mid,low,0.0,0,0.0,0,0,,False,
ELPW,Industrials,Electrical Equipment & Parts,micro,high,low,0.0,1,0.0,0,0,,False,
ELS,Real Estate,REIT - Residential,large,mid,low,0.0,0,0.0,0,0,,False,
ELSE,Technology,Scientific & Technical Instruments,micro,low,low,0.0,0,0.0,0,0,,False,
ELTK,Technology,Electronic Components,micro,high,low,0.0,0,0.0,0,0,,False,
ELTX,Healthcare,Biotechnology,micro,high,high,0.0,0,0.0,0,0,,False,
ELUT,Healthcare,Medical Devices,micro,high,mid,0.0,0,0.0,0,0,,False,
ELV,Healthcare,Healthcare Plans,large,mid,low,0.0,0,0.0,0,0,,False,
ELVA,Industrials,Electrical Equipment & Parts,small,high,mid,0.0,0,0.0,0,0,,False,
ELVN,Healthcare,Biotechnology,mid,mid,low,0.0,0,0.0,0,0,,False,
ELVR,Basic Materials,Other Industrial Metals & Mining,small,mid,unknown,0.0,0,0.0,0,0,,False,
ELWT,Communication Services,Telecom Services,micro,high,unknown,0.0,0,0.0,0,0,,False,
EMA,Utilities,Utilities - Regulated Electric,large,low,low,0.0,0,0.0,0,0,,False,
EMAT,Basic Materials,Other Industrial Metals & Mining,small,high,low,0.0,0,0.0,0,0,,False,
EMAU,Financial,Exchange Traded Fund,unknown,low,unknown,0.0,0,0.0,0,0,,False,
EMB,Financial,Exchange Traded Fund,unknown,low,low,0.0,0,0.0,0,0,,False,
EMBC,Healthcare,Medical Instruments & Supplies,micro,high,mid,0.0,0,0.0,0,0,,False,
EMBD,Financial,Exchange Traded Fund,unknown,low,low,0.0,0,0.0,0,0,,False,
EMBJ,Industrials,Aerospace & Defense,large,mid,high,0.0,0,0.0,0,0,,False,
EMBX,Financial,Exchange Traded Fund,unknown,low,unknown,0.0,0,0.0,0,0,,False,
EMC,Financial,Exchange Traded Fund,unknown,low,mid,0.0,0,0.0,0,0,,False,
EMCB,Financial,Exchange Traded Fund,unknown,low,low,0.0,0,0.0,0,0,,False,
EMCR,Financial,Exchange Traded Fund,unknown,low,low,0.0,0,0.0,0,0,,False,
EMCS,Financial,Exchange Traded Fund,unknown,low,low,0.0,0,0.0,0,0,,False,
EMD,Financial,Closed-End Fund - Debt,small,low,mid,0.0,0,0.0,0,0,,False,
EMDM,Financial,Exchange Traded Fund,unknown,mid,mid,0.0,0,0.0,0,0,,False,
EMDV,Financial,Exchange Traded Fund,unknown,low,low,0.0,0,0.0,0,0,,False,
EME,Industrials,Engineering & Construction,large,mid,mid,0.0,0,0.0,0,0,,False,
EMEM,Financial,Exchange Traded Fund,unknown,mid,unknown,0.0,0,0.0,0,0,,False,
EMEQ,Financial,Exchange Traded Fund,unknown,mid,high,0.0,0,0.0,0,0,,False,
EMES,Financial,Exchange Traded Fund,unknown,low,high,0.0,0,0.0,0,0,,False,
EMET,Financial,Exchange Traded Fund,unknown,mid,mid,0.0,0,0.0,0,0,,False,
EMF,Financial,Closed-End Fund - Foreign,small,mid,mid,0.0,0,0.0,0,0,,False,
EMFI,Financial,Exchange Traded Fund,unknown,low,unknown,0.0,0,0.0,0,0,,False,
EMGF,Financial,Exchange Traded Fund,unknown,mid,low,0.0,0,0.0,0,0,,False,
EMHC,Financial,Exchange Traded Fund,unknown,low,low,0.0,0,0.0,0,0,,False,
EMHY,Financial,Exchange Traded Fund,unknown,low,low,0.0,0,0.0,0,0,,False,
EMIF,Financial,Exchange Traded Fund,unknown,low,low,0.0,0,0.0,0,0,,False,
EMIS,Financial,Shell Companies,micro,low,unknown,0.0,0,0.0,0,0,,False,
EMJL,Financial,Exchange Traded Fund,unknown,low,unknown,0.0,0,0.0,0,0,,False,
EMJN,Financial,Exchange Traded Fund,unknown,low,unknown,0.0,0,0.0,0,0,,False,
EMKT,Financial,Exchange Traded Fund,unknown,low,unknown,0.0,0,0.0,0,0,,False,
EML,Industrials,Tools & Accessories,micro,mid,mid,0.0,0,0.0,0,0,,False,
EMLC,Financial,Exchange Traded Fund,unknown,low,low,0.0,0,0.0,0,0,,False,
EMLP,Financial,Exchange Traded Fund,unknown,low,low,0.0,0,0.0,0,0,,False,
EMM,Financial,Exchange Traded Fund,unknown,low,mid,0.0,0,0.0,0,0,,False,
EMMF,Financial,Exchange Traded Fund,unknown,low,low,0.0,0,0.0,0,0,,False,
EMMY,Financial,Exchange Traded Fund,unknown,low,unknown,0.0,0,0.0,0,0,,False,
EMN,Basic Materials,Specialty Chemicals,mid,mid,mid,0.0,0,0.0,0,0,,False,
EMNT,Financial,Exchange Traded Fund,unknown,low,low,0.0,0,0.0,0,0,,False,
EMO,Financial,Closed-End Fund - Equity,small,mid,mid,0.0,0,0.0,0,0,,False,
EMOP,Financial,Exchange Traded Fund,unknown,low,mid,0.0,0,0.0,0,0,,False,
EMOT,Financial,Exchange Traded Fund,unknown,low,mid,0.0,0,0.0,0,0,,False,
EMPB,Financial,Exchange Traded Fund,unknown,low,low,0.0,0,0.0,0,0,,False,
EMPD,Consumer Cyclical,Auto Manufacturers,micro,high,low,0.0,0,0.0,0,0,,False,
EMQQ,Financial,Exchange Traded Fund,unknown,low,low,0.0,0,0.0,0,0,,False,
EMR,Industrials,Specialty Industrial Machinery,large,mid,mid,0.0,0,0.0,0,0,,False,
EMSC,Financial,Exchange Traded Fund,unknown,mid,unknown,0.0,0,0.0,0,0,,False,
EMSF,Financial,Exchange Traded Fund,unknown,mid,mid,0.0,0,0.0,0,0,,False,
EMTY,Financial,Exchange Traded Fund,unknown,low,low,0.0,0,0.0,0,0,,False,
EMXC,Financial,Exchange Traded Fund,unknown,mid,mid,0.0,0,0.0,0,0,,False,
EMXF,Financial,Exchange Traded Fund,unknown,low,low,0.0,0,0.0,0,0,,False,
EMXX,Financial,Exchange Traded Fund,unknown,low,unknown,0.0,0,0.0,0,0,,False,
ENB,Energy,Oil & Gas Midstream,large,low,low,0.0,0,0.0,0,0,,False,
ENDW,Financial,Exchange Traded Fund,unknown,low,low,0.0,0,0.0,0,0,,False,
ENFR,Financial,Exchange Traded Fund,unknown,low,low,0.0,0,0.0,0,0,,False,
ENGN,Healthcare,Biotechnology,micro,high,low,0.0,0,0.0,0,0,,False,
ENGS,Industrials,Waste Management,micro,high,low,0.0,0,0.0,0,0,,False,
ENHA,Consumer Defensive,Packaged Foods,small,high,low,0.0,0,0.0,0,0,,False,
ENHI,Financial,Exchange Traded Fund,unknown,low,unknown,0.0,0,0.0,0,0,,False,
ENHU,Financial,Exchange Traded Fund,unknown,low,unknown,0.0,0,0.0,0,0,,False,
ENIC,Utilities,Utilities - Regulated Electric,mid,mid,mid,0.0,0,0.0,0,0,,False,
ENLT,Utilities,Utilities - Renewable,large,high,high,0.0,0,0.0,0,0,,False,
ENLV,Healthcare,Biotechnology,micro,high,high,0.0,0,0.0,0,0,,False,
ENOR,Financial,Exchange Traded Fund,unknown,low,low,0.0,0,0.0,0,0,,False,
ENOV,Healthcare,Medical Devices,small,high,mid,0.0,0,0.0,0,0,,False,
ENPH,Technology,Solar,mid,high,high,0.0,0,0.0,0,0,,False,
ENR,Industrials,Electrical Equipment & Parts,small,mid,low,0.0,0,0.0,0,0,,False,
ENRD,Technology,Software - Application,micro,high,low,0.0,0,0.0,0,0,,False,
ENS,Industrials,Electrical Equipment & Parts,mid,mid,mid,0.0,0,0.0,0,0,,False,
ENSC,Healthcare,Biotechnology,micro,high,mid,0.0,0,0.0,0,0,,False,
ENSG,Healthcare,Medical Care Facilities,large,mid,low,0.0,0,0.0,0,0,,False,
ENTA,Healthcare,Biotechnology,small,mid,mid,0.0,0,0.0,0,0,,False,
ENTG,Technology,Semiconductor Equipment & Materials,large,high,high,0.0,0,0.0,0,0,,False,
ENTL,Financial,Exchange Traded Fund,unknown,high,unknown,0.0,0,0.0,0,0,,False,
ENTX,Healthcare,Biotechnology,small,high,high,0.0,0,0.0,0,0,,False,
ENVA,Financial,Credit Services,mid,mid,mid,0.0,0,0.0,0,0,,False,
ENVB,Healthcare,Biotechnology,micro,high,mid,0.0,0,0.0,0,0,,False,
ENVX,Industrials,Electrical Equipment & Parts,small,high,high,0.0,0,0.0,0,0,,False,
ENZL,Financial,Exchange Traded Fund,unknown,low,mid,0.0,0,0.0,0,0,,False,
EO,Financial,Exchange Traded Fund,unknown,high,unknown,0.0,0,0.0,0,0,,False,
EOCT,Financial,Exchange Traded Fund,unknown,low,low,0.0,0,0.0,0,0,,False,
EOD,Financial,Closed-End Fund - Equity,micro,low,mid,0.0,0,0.0,0,0,,False,
EOG,Energy,Oil & Gas E&P,large,mid,low,0.0,0,0.0,0,0,,False,
EOI,Financial,Closed-End Fund - Equity,small,low,mid,0.0,0,0.0,0,0,,False,
EOLS,Healthcare,Drug Manufacturers - Specialty & Generic,small,high,high,0.0,0,0.0,0,0,,False,
EONR,Energy,Oil & Gas E&P,micro,high,low,0.0,0,0.0,0,0,,False,
EOS,Financial,Closed-End Fund - Equity,small,low,mid,0.0,0,0.0,0,0,,False,
EOSE,Industrials,Electrical Equipment & Parts,small,high,high,0.0,0,0.0,0,0,,False,
EOSU,Financial,Exchange Traded Fund,unknown,high,unknown,0.0,0,0.0,0,0,,False,
EOT,Financial,Closed-End Fund - Debt,micro,low,low,0.0,0,0.0,0,0,,False,
EP,Energy,Oil & Gas E&P,micro,high,low,0.0,0,0.0,0,0,,False,
EPAC,Industrials,Specialty Industrial Machinery,small,mid,mid,0.0,0,0.0,0,0,,False,
EPAI,Financial,Exchange Traded Fund,unknown,mid,unknown,0.0,0,0.0,0,0,,False,
EPAM,Technology,Information Technology Services,mid,high,high,0.0,0,0.0,0,0,,False,
EPC,Consumer Defensive,Household & Personal Products,small,mid,low,0.0,0,0.0,0,0,,False,
EPD,Energy,Oil & Gas Midstream,large,low,low,0.0,0,0.0,0,0,,False,
EPEM,Financial,Exchange Traded Fund,unknown,low,high,0.0,0,0.0,0,0,,False,
EPHE,Financial,Exchange Traded Fund,unknown,low,low,0.0,0,0.0,0,0,,False,
EPI,Financial,Exchange Traded Fund,unknown,low,low,0.0,0,0.0,0,0,,False,
EPIN,Financial,Exchange Traded Fund,unknown,low,mid,0.0,0,0.0,0,0,,False,
EPM,Energy,Oil & Gas E&P,micro,mid,low,0.0,0,0.0,0,0,,False,
EPMB,Financial,Exchange Traded Fund,unknown,low,low,0.0,0,0.0,0,0,,False,
EPMV,Financial,Exchange Traded Fund,unknown,low,low,0.0,0,0.0,0,0,,False,
EPOL,Financial,Exchange Traded Fund,unknown,low,mid,0.0,0,0.0,0,0,,False,
EPOW,Industrials,Electrical Equipment & Parts,micro,high,low,0.0,1,0.0,0,0,,False,
EPP,Financial,Exchange Traded Fund,unknown,low,low,0.0,0,0.0,0,0,,False,
EPR,Real Estate,REIT - Specialty,mid,mid,mid,0.0,0,0.0,0,0,,False,
EPRF,Financial,Exchange Traded Fund,unknown,low,low,0.0,0,0.0,0,0,,False,
EPRT,Real Estate,REIT - Retail,mid,low,mid,0.0,0,0.0,0,0,,False,
EPRX,Healthcare,Biotechnology,small,high,high,0.0,0,0.0,0,0,,False,
EPS,Financial,Exchange Traded Fund,unknown,low,mid,0.0,0,0.0,0,0,,False,
EPSB,Financial,Exchange Traded Fund,unknown,low,low,0.0,0,0.0,0,0,,False,
EPSM,Consumer Defensive,Beverages - Wineries & Distilleries,micro,high,high,0.0,1,0.0,0,0,,False,
EPSN,Energy,Oil & Gas E&P,micro,mid,low,0.0,0,0.0,0,0,,False,
EPSV,Financial,Exchange Traded Fund,unknown,low,low,0.0,0,0.0,0,0,,False,
EPU,Financial,Exchange Traded Fund,unknown,mid,mid,0.0,0,0.0,0,0,,False,
EPV,Financial,Exchange Traded Fund,unknown,mid,low,0.0,0,0.0,0,0,,False,
EQ,Healthcare,Biotechnology,micro,high,high,0.0,0,0.0,0,0,,False,
EQAL,Financial,Exchange Traded Fund,unknown,low,mid,0.0,0,0.0,0,0,,False,
EQBK,Financial,Banks - Regional,small,mid,low,0.0,0,0.0,0,0,,False,
EQH,Financial,Asset Management,large,mid,mid,0.0,0,0.0,0,0,,False,
EQIN,Financial,Exchange Traded Fund,unknown,low,low,0.0,0,0.0,0,0,,False,
EQIX,Real Estate,REIT - Specialty,large,mid,mid,0.0,0,0.0,0,0,,False,
EQL,Financial,Exchange Traded Fund,unknown,low,mid,0.0,0,0.0,0,0,,False,
EQLT,Financial,Exchange Traded Fund,unknown,low,mid,0.0,0,0.0,0,0,,False,
EQNR,Energy,Oil & Gas Integrated,large,mid,low,0.0,0,0.0,0,0,,False,
EQPT,Industrials,Rental & Leasing Services,mid,high,unknown,0.0,0,0.0,0,0,,False,
EQQQ,Financial,Exchange Traded Fund,unknown,mid,unknown,0.0,0,0.0,0,0,,False,
EQR,Real Estate,REIT - Residential,large,mid,low,0.0,0,0.0,0,0,,False,
EQRR,Financial,Exchange Traded Fund,unknown,low,mid,0.0,0,0.0,0,0,,False,
EQS,Financial,Asset Management,micro,high,low,0.0,0,0.0,0,0,,False,
EQT,Energy,Oil & Gas E&P,large,mid,low,0.0,0,0.0,0,0,,False,
EQTY,Financial,Exchange Traded Fund,unknown,low,mid,0.0,0,0.0,0,0,,False,
EQWL,Financial,Exchange Traded Fund,unknown,low,mid,0.0,0,0.0,0,0,,False,
EQX,Basic Materials,Gold,large,high,high,0.0,0,0.0,0,0,,False,
ERAS,Healthcare,Biotechnology,mid,high,low,0.0,0,0.0,0,0,,False,
ERC,Financial,Closed-End Fund - Debt,micro,low,low,0.0,0,0.0,0,0,,False,
ERET,Financial,Exchange Traded Fund,unknown,low,low,0.0,0,0.0,0,0,,False,
ERH,Financial,Closed-End Fund - Equity,micro,low,low,0.0,0,0.0,0,0,,False,
ERIC,Technology,Communication Equipment,large,mid,mid,0.0,0,0.0,0,0,,False,
ERIE,Financial,Insurance Brokers,large,mid,low,0.0,0,0.0,0,0,,False,
ERII,Industrials,Pollution & Treatment Controls,small,mid,mid,0.0,0,0.0,0,0,,False,
ERNA,Healthcare,Biotechnology,micro,high,high,0.0,0,0.0,0,0,,False,
ERO,Basic Materials,Copper,mid,mid,mid,0.0,0,0.0,0,0,,False,
EROC,Industrials,Specialty Industrial Machinery,mid,high,unknown,0.0,0,0.0,0,0,,False,
EROK,Energy,Oil & Gas Equipment & Services,mid,high,unknown,0.0,0,0.0,0,0,,False,
ERTH,Financial,Exchange Traded Fund,unknown,low,mid,0.0,0,0.0,0,0,,False,
ERX,Financial,Exchange Traded Fund,unknown,mid,mid,0.0,0,0.0,0,0,,False,
ERY,Financial,Exchange Traded Fund,unknown,high,low,0.0,0,0.0,0,0,,False,
ES,Utilities,Utilities - Regulated Electric,large,mid,low,0.0,0,0.0,0,0,,False,
ESAB,Industrials,Metal Fabrication,mid,high,mid,0.0,0,0.0,0,0,,False,
ESBA,Real Estate,REIT - Office,small,high,high,0.0,0,0.0,0,0,,False,
ESBG,Financial,Exchange Traded Fund,unknown,low,unknown,0.0,0,0.0,0,0,,False,
ESCA,Consumer Cyclical,Leisure,micro,mid,low,0.0,0,0.0,0,0,,False,
ESE,Technology,Scientific & Technical Instruments,mid,mid,mid,0.0,0,0.0,0,0,,False,
ESEA,Industrials,Marine Shipping,small,mid,low,0.0,0,0.0,0,0,,False,
ESG,Financial,Exchange Traded Fund,unknown,low,mid,0.0,0,0.0,0,0,,False,
ESGD,Financial,Exchange Traded Fund,unknown,low,low,0.0,0,0.0,0,0,,False,
ESGE,Financial,Exchange Traded Fund,unknown,mid,low,0.0,0,0.0,0,0,,False,
ESGG,Financial,Exchange Traded Fund,unknown,low,mid,0.0,0,0.0,0,0,,False,
ESGU,Financial,Exchange Traded Fund,unknown,low,mid,0.0,0,0.0,0,0,,False,
ESGV,Financial,Exchange Traded Fund,unknown,low,mid,0.0,0,0.0,0,0,,False,
ESI,Basic Materials,Specialty Chemicals,mid,mid,mid,0.0,0,0.0,0,0,,False,
ESIM,Financial,Exchange Traded Fund,unknown,low,unknown,0.0,0,0.0,0,0,,False,
ESLA,Healthcare,Biotechnology,micro,high,mid,0.0,0,0.0,0,0,,False,
ESLG,Financial,Exchange Traded Fund,unknown,low,unknown,0.0,0,0.0,0,0,,False,
ESLT,Industrials,Aerospace & Defense,large,mid,low,0.0,0,0.0,0,0,,False,
ESLV,Financial,Exchange Traded Fund,unknown,low,unknown,0.0,0,0.0,0,0,,False,
ESML,Financial,Exchange Traded Fund,unknown,low,mid,0.0,0,0.0,0,0,,False,
ESMV,Financial,Exchange Traded Fund,unknown,low,low,0.0,0,0.0,0,0,,False,
ESN,Financial,Exchange Traded Fund,unknown,low,low,0.0,0,0.0,0,0,,False,
ESNT,Financial,Insurance - Specialty,mid,mid,low,0.0,0,0.0,0,0,,False,
ESOA,Industrials,Engineering & Construction,micro,high,high,0.0,0,0.0,0,0,,False,
ESP,Industrials,Electrical Equipment & Parts,micro,mid,low,0.0,0,0.0,0,0,,False,
ESPO,Financial,Exchange Traded Fund,unknown,low,mid,0.0,0,0.0,0,0,,False,
ESQ,Financial,Banks - Regional,small,mid,low,0.0,0,0.0,0,0,,False,
ESRT,Real Estate,REIT - Diversified,small,mid,high,0.0,0,0.0,0,0,,False,
ESS,Real Estate,REIT - Residential,large,low,low,0.0,0,0.0,0,0,,False,
ESSC,Financial,Exchange Traded Fund,unknown,low,unknown,0.0,0,0.0,0,0,,False,
ESTA,Healthcare,Medical Devices,mid,high,mid,0.0,0,0.0,0,0,,False,
ESTC,Technology,Software - Application,mid,mid,mid,0.0,0,0.0,0,0,,False,
ESUM,Financial,Exchange Traded Fund,unknown,low,mid,0.0,0,0.0,0,0,,False,
ET,Energy,Oil & Gas Midstream,large,low,low,0.0,0,0.0,0,0,,False,
ETB,Financial,Closed-End Fund - Equity,small,low,mid,0.0,0,0.0,0,0,,False,
ETCO,Financial,Exchange Traded Fund,unknown,low,unknown,0.0,0,0.0,0,0,,False,
ETD,Consumer Cyclical,"Furnishings, Fixtures & Appliances",small,mid,mid,0.0,0,0.0,0,0,,False,
ETEC,Financial,Exchange Traded Fund,unknown,low,mid,0.0,0,0.0,0,0,,False,
ETFT,Financial,Exchange Traded Fund,unknown,low,unknown,0.0,0,0.0,0,0,,False,
ETG,Financial,Closed-End Fund - Equity,small,low,mid,0.0,0,0.0,0,0,,False,
ETH,Financial,Exchange Traded Fund,unknown,mid,high,0.0,0,0.0,0,0,,False,
ETHA,Financial,Exchange Traded Fund,unknown,mid,high,0.0,0,0.0,0,0,,False,
ETHB,Financial,Exchange Traded Fund,unknown,mid,unknown,0.0,0,0.0,0,0,,False,
ETHD,Financial,Exchange Traded Fund,unknown,high,low,0.0,0,0.0,0,0,,False,
ETHE,Financial,Exchange Traded Fund,unknown,mid,high,0.0,0,0.0,0,0,,False,
ETHO,Financial,Exchange Traded Fund,unknown,low,mid,0.0,0,0.0,0,0,,False,
ETHT,Financial,Exchange Traded Fund,unknown,high,high,0.0,0,0.0,0,0,,False,
ETHU,Financial,Exchange Traded Fund,unknown,high,high,0.0,0,0.0,0,0,,False,
ETHV,Financial,Exchange Traded Fund,unknown,mid,high,0.0,0,0.0,0,0,,False,
ETHW,Financial,Exchange Traded Fund,unknown,mid,high,0.0,0,0.0,0,0,,False,
ETJ,Financial,Closed-End Fund - Equity,small,low,low,0.0,0,0.0,0,0,,False,
ETN,Industrials,Specialty Industrial Machinery,large,mid,mid,0.0,0,0.0,0,0,,False,
ETNG,Financial,Exchange Traded Fund,unknown,high,unknown,0.0,0,0.0,0,0,,False,
ETO,Financial,Closed-End Fund - Equity,small,low,high,0.0,0,0.0,0,0,,False,
ETON,Healthcare,Drug Manufacturers - Specialty & Generic,small,high,mid,0.0,0,0.0,0,0,,False,
ETOR,Financial,Capital Markets,mid,high,high,0.0,0,0.0,0,0,,False,
ETR,Utilities,Utilities - Regulated Electric,large,mid,low,0.0,0,0.0,0,0,,False,
ETS,Industrials,Trucking,unknown,high,low,0.0,0,0.0,0,0,,False,
ETSS,Financial,Shell Companies,micro,low,unknown,0.0,0,0.0,0,0,,False,
ETSY,Consumer Cyclical,Internet Retail,mid,mid,high,0.0,0,0.0,0,0,,False,
ETTY,Financial,Exchange Traded Fund,unknown,mid,unknown,0.0,0,0.0,0,0,,False,
ETU,Financial,Exchange Traded Fund,unknown,high,high,0.0,0,0.0,0,0,,False,
ETV,Financial,Closed-End Fund - Equity,small,low,mid,0.0,0,0.0,0,0,,False,
ETW,Financial,Closed-End Fund - Foreign,small,low,mid,0.0,0,0.0,0,0,,False,
ETX,Financial,Closed-End Fund - Debt,micro,low,low,0.0,0,0.0,0,0,,False,
ETY,Financial,Closed-End Fund - Equity,mid,low,mid,0.0,0,0.0,0,0,,False,
EU,Energy,Uranium,micro,high,high,0.0,0,0.0,0,0,,False,
EUAD,Financial,Exchange Traded Fund,unknown,low,low,0.0,0,0.0,0,0,,False,
EUDA,Real Estate,Real Estate Services,micro,high,low,0.0,0,0.0,0,0,,False,
EUDG,Financial,Exchange Traded Fund,unknown,low,mid,0.0,0,0.0,0,0,,False,
EUDV,Financial,Exchange Traded Fund,unknown,low,mid,0.0,0,0.0,0,0,,False,
EUFN,Financial,Exchange Traded Fund,unknown,low,low,0.0,0,0.0,0,0,,False,
EUHY,Financial,Exchange Traded Fund,unknown,low,low,0.0,0,0.0,0,0,,False,
EUIG,Financial,Exchange Traded Fund,unknown,low,unknown,0.0,0,0.0,0,0,,False,
EUM,Financial,Exchange Traded Fund,unknown,mid,low,0.0,0,0.0,0,0,,False,
EUO,Financial,Exchange Traded Fund,unknown,low,low,0.0,0,0.0,0,0,,False,
EURK,Financial,Shell Companies,micro,mid,low,0.0,0,0.0,0,0,,False,
EURL,Financial,Exchange Traded Fund,unknown,mid,high,0.0,0,0.0,0,0,,False,
EUSA,Financial,Exchange Traded Fund,unknown,low,mid,0.0,0,0.0,0,0,,False,
EUSB,Financial,Exchange Traded Fund,unknown,low,low,0.0,0,0.0,0,0,,False,
EUV,Financial,Exchange Traded Fund,unknown,high,unknown,0.0,0,0.0,0,0,,False,
EUVX,Financial,Exchange Traded Fund,unknown,high,unknown,0.0,0,0.0,0,0,,False,
EVAC,Financial,Shell Companies,small,low,low,0.0,0,0.0,0,0,,False,
EVAX,Healthcare,Biotechnology,micro,high,low,0.0,0,0.0,0,0,,False,
EVC,Communication Services,Advertising Agencies,small,high,high,0.0,0,0.0,0,0,,False,
EVCM,Technology,Software - Application,small,high,mid,0.0,0,0.0,0,0,,False,
EVER,Communication Services,Internet Content & Information,small,high,low,0.0,0,0.0,0,0,,False,
EVEX,Industrials,Aerospace & Defense,small,high,mid,0.0,0,0.0,0,0,,False,
EVF,Financial,Closed-End Fund - Debt,micro,low,low,0.0,0,0.0,0,0,,False,
EVG,Financial,Closed-End Fund - Debt,micro,low,low,0.0,0,0.0,0,0,,False,
EVGN,Healthcare,Biotechnology,micro,high,high,0.0,0,0.0,0,0,,False,
EVGO,Consumer Cyclical,Specialty Retail,small,high,high,0.0,0,0.0,0,0,,False,
EVH,Healthcare,Health Information Services,small,high,mid,0.0,0,0.0,0,0,,False,
EVHY,Financial,Exchange Traded Fund,unknown,low,low,0.0,0,0.0,0,0,,False,
EVI,Industrials,Industrial Distribution,micro,high,low,0.0,0,0.0,0,0,,False,
EVIM,Financial,Exchange Traded Fund,unknown,low,low,0.0,0,0.0,0,0,,False,
EVLN,Financial,Exchange Traded Fund,unknown,low,low,0.0,0,0.0,0,0,,False,
EVLU,Financial,Exchange Traded Fund,unknown,low,mid,0.0,0,0.0,0,0,,False,
EVLV,Industrials,Security & Protection Services,small,mid,high,0.0,0,0.0,0,0,,False,
EVMN,Healthcare,Biotechnology,small,high,unknown,0.0,0,0.0,0,0,,False,
EVMO,Financial,Exchange Traded Fund,unknown,low,low,0.0,0,0.0,0,0,,False,
EVMT,Financial,Exchange Traded Fund,unknown,low,low,0.0,0,0.0,0,0,,False,
EVMU,Financial,Exchange Traded Fund,unknown,mid,unknown,0.0,0,0.0,0,0,,False,
EVN,Financial,Closed-End Fund - Debt,small,low,low,0.0,0,0.0,0,0,,False,
EVNT,Financial,Exchange Traded Fund,unknown,low,low,0.0,0,0.0,0,0,,False,
EVO,Healthcare,Drug Manufacturers - Specialty & Generic,small,mid,high,0.0,0,0.0,0,0,,False,
EVOX,Financial,Shell Companies,small,low,unknown,0.0,0,0.0,0,0,,False,
EVPF,Financial,Exchange Traded Fund,unknown,low,unknown,0.0,0,0.0,0,0,,False,
EVR,Financial,Capital Markets,large,mid,high,0.0,0,0.0,0,0,,False,
EVRG,Utilities,Utilities - Regulated Electric,large,low,low,0.0,0,0.0,0,0,,False,
EVSB,Financial,Exchange Traded Fund,unknown,low,low,0.0,0,0.0,0,0,,False,
EVSD,Financial,Exchange Traded Fund,unknown,low,low,0.0,0,0.0,0,0,,False,
EVSM,Financial,Exchange Traded Fund,unknown,low,low,0.0,0,0.0,0,0,,False,
EVT,Financial,Closed-End Fund - Equity,mid,low,mid,0.0,0,0.0,0,0,,False,
EVTC,Technology,Software - Infrastructure,small,mid,low,0.0,0,0.0,0,0,,False,
EVTL,Industrials,Aerospace & Defense,micro,high,high,0.0,0,0.0,0,0,,False,
EVTR,Financial,Exchange Traded Fund,unknown,low,low,0.0,0,0.0,0,0,,False,
EVUS,Financial,Exchange Traded Fund,unknown,low,mid,0.0,0,0.0,0,0,,False,
EVV,Financial,Closed-End Fund - Debt,small,low,low,0.0,0,0.0,0,0,,False,
EVX,Financial,Exchange Traded Fund,unknown,low,mid,0.0,0,0.0,0,0,,False,
EVYM,Financial,Exchange Traded Fund,unknown,low,low,0.0,0,0.0,0,0,,False,
EW,Healthcare,Medical Devices,large,mid,mid,0.0,0,0.0,0,0,,False,
EWA,Financial,Exchange Traded Fund,unknown,low,mid,0.0,0,0.0,0,0,,False,
EWAVU,Financial,Shell Companies,micro,low,unknown,0.0,0,0.0,0,0,,False,
EWBC,Financial,Banks - Regional,large,low,mid,0.0,0,0.0,0,0,,False,
EWC,Financial,Exchange Traded Fund,unknown,low,mid,0.0,0,0.0,0,0,,False,
EWD,Financial,Exchange Traded Fund,unknown,low,mid,0.0,0,0.0,0,0,,False,
EWG,Financial,Exchange Traded Fund,unknown,low,mid,0.0,0,0.0,0,0,,False,
EWH,Financial,Exchange Traded Fund,unknown,low,low,0.0,0,0.0,0,0,,False,
EWI,Financial,Exchange Traded Fund,unknown,low,mid,0.0,0,0.0,0,0,,False,
EWJ,Financial,Exchange Traded Fund,unknown,low,low,0.0,0,0.0,0,0,,False,
EWJV,Financial,Exchange Traded Fund,unknown,low,low,0.0,0,0.0,0,0,,False,
EWK,Financial,Exchange Traded Fund,unknown,low,low,0.0,0,0.0,0,0,,False,
EWL,Financial,Exchange Traded Fund,unknown,low,low,0.0,0,0.0,0,0,,False,
EWM,Financial,Exchange Traded Fund,unknown,low,low,0.0,0,0.0,0,0,,False,
EWN,Financial,Exchange Traded Fund,unknown,low,mid,0.0,0,0.0,0,0,,False,
EWO,Financial,Exchange Traded Fund,unknown,low,mid,0.0,0,0.0,0,0,,False,
EWP,Financial,Exchange Traded Fund,unknown,low,low,0.0,0,0.0,0,0,,False,
EWQ,Financial,Exchange Traded Fund,unknown,low,mid,0.0,0,0.0,0,0,,False,
EWS,Financial,Exchange Traded Fund,unknown,low,low,0.0,0,0.0,0,0,,False,
EWT,Financial,Exchange Traded Fund,unknown,mid,mid,0.0,0,0.0,0,0,,False,
EWTX,Healthcare,Biotechnology,mid,high,low,0.0,0,0.0,0,0,,False,
EWU,Financial,Exchange Traded Fund,unknown,low,low,0.0,0,0.0,0,0,,False,
EWUS,Financial,Exchange Traded Fund,unknown,low,mid,0.0,0,0.0,0,0,,False,
EWV,Financial,Exchange Traded Fund,unknown,mid,low,0.0,0,0.0,0,0,,False,
EWW,Financial,Exchange Traded Fund,unknown,low,low,0.0,0,0.0,0,0,,False,
EWX,Financial,Exchange Traded Fund,unknown,low,low,0.0,0,0.0,0,0,,False,
EWY,Financial,Exchange Traded Fund,unknown,high,high,0.0,0,0.0,0,0,,False,
EWZ,Financial,Exchange Traded Fund,unknown,low,low,0.0,0,0.0,0,0,,False,
EWZS,Financial,Exchange Traded Fund,unknown,mid,low,0.0,0,0.0,0,0,,False,
EXC,Utilities,Utilities - Regulated Electric,large,mid,low,0.0,0,0.0,0,0,,False,
EXE,Energy,Oil & Gas E&P,large,mid,low,0.0,0,0.0,0,0,,False,
EXEL,Healthcare,Biotechnology,large,mid,low,0.0,0,0.0,0,0,,False,
EXFY,Technology,Software - Application,micro,high,high,0.0,0,0.0,0,0,,False,
EXG,Financial,Closed-End Fund - Foreign,mid,low,mid,0.0,0,0.0,0,0,,False,
EXI,Financial,Exchange Traded Fund,unknown,low,mid,0.0,0,0.0,0,0,,False,
EXK,Basic Materials,Silver,mid,high,high,0.0,0,0.0,0,0,,False,
EXLS,Technology,Information Technology Services,mid,mid,mid,0.0,0,0.0,0,0,,False,
EXOD,Technology,Software - Infrastructure,micro,high,high,0.0,0,0.0,0,0,,False,
EXOZ,Healthcare,Biotechnology,micro,high,high,0.0,0,0.0,0,0,,False,
EXP,Basic Materials,Building Materials,mid,mid,high,0.0,0,0.0,0,0,,False,
EXPD,Industrials,Integrated Freight & Logistics,large,mid,mid,0.0,0,0.0,0,0,,False,
EXPE,Consumer Cyclical,Travel Services,large,mid,mid,0.0,0,0.0,0,0,,False,
EXPN,Financial,Exchange Traded Fund,unknown,unknown,unknown,0.0,0,0.0,0,0,,False,
EXPO,Industrials,Engineering & Construction,mid,mid,low,0.0,0,0.0,0,0,,False,
EXR,Real Estate,REIT - Industrial,large,mid,mid,0.0,0,0.0,0,0,,False,
EXTR,Technology,Communication Equipment,mid,high,high,0.0,0,0.0,0,0,,False,
EXUS,Financial,Exchange Traded Fund,unknown,low,mid,0.0,0,0.0,0,0,,False,
EXYN,Technology,Software - Infrastructure,micro,high,unknown,0.0,0,0.0,0,0,,False,
EYE,Consumer Cyclical,Specialty Retail,small,high,mid,0.0,0,0.0,0,0,,False,
EYEG,Financial,Exchange Traded Fund,unknown,low,low,0.0,0,0.0,0,0,,False,
EYES,Financial,Exchange Traded Fund,unknown,low,unknown,0.0,0,0.0,0,0,,False,
EYLD,Financial,Exchange Traded Fund,unknown,low,low,0.0,0,0.0,0,0,,False,
EYPT,Healthcare,Biotechnology,small,high,high,0.0,0,0.0,0,0,,False,
EZA,Financial,Exchange Traded Fund,unknown,mid,low,0.0,0,0.0,0,0,,False,
EZBC,Financial,Exchange Traded Fund,unknown,mid,high,0.0,0,0.0,0,0,,False,
EZET,Financial,Exchange Traded Fund,unknown,mid,high,0.0,0,0.0,0,0,,False,
EZGO,Consumer Cyclical,Recreational Vehicles,micro,high,high,0.0,1,0.0,0,0,,False,
EZJ,Financial,Exchange Traded Fund,unknown,mid,high,0.0,0,0.0,0,0,,False,
EZM,Financial,Exchange Traded Fund,unknown,low,mid,0.0,0,0.0,0,0,,False,
EZMO,Financial,Exchange Traded Fund,unknown,low,unknown,0.0,0,0.0,0,0,,False,
EZPW,Financial,Credit Services,small,high,low,0.0,0,0.0,0,0,,False,
EZPZ,Financial,Exchange Traded Fund,unknown,low,mid,0.0,0,0.0,0,0,,False,
EZRA,Financial,Insurance Brokers,micro,high,low,0.0,0,0.0,0,0,,False,
EZRO,Financial,Exchange Traded Fund,unknown,low,unknown,0.0,0,0.0,0,0,,False,
EZU,Financial,Exchange Traded Fund,unknown,low,mid,0.0,0,0.0,0,0,,False,
F,Consumer Cyclical,Auto Manufacturers,large,mid,high,0.0,0,0.0,0,0,,False,
FA,Industrials,Specialty Business Services,mid,high,mid,0.0,0,0.0,0,0,,False,
FAAA,Financial,Exchange Traded Fund,unknown,low,unknown,0.0,0,0.0,0,0,,False,
FAAR,Financial,Exchange Traded Fund,unknown,low,low,0.0,0,0.0,0,0,,False,
FAB,Financial,Exchange Traded Fund,unknown,low,mid,0.0,0,0.0,0,0,,False,
FABC,Technology,Semiconductors,micro,high,high,0.0,0,0.0,0,0,,False,
FAC,Industrials,Electrical Equipment & Parts,small,high,high,0.0,0,0.0,0,0,,False,
FACT,Financial,Shell Companies,micro,low,low,0.0,0,0.0,0,0,,False,
FAD,Financial,Exchange Traded Fund,unknown,low,mid,0.0,0,0.0,0,0,,False,
FAF,Financial,Insurance - Specialty,mid,mid,mid,0.0,0,0.0,0,0,,False,
FAI,Financial,Exchange Traded Fund,unknown,mid,high,0.0,0,0.0,0,0,,False,
FALN,Financial,Exchange Traded Fund,unknown,low,low,0.0,0,0.0,0,0,,False,
FAMI,Consumer Defensive,Packaged Foods,micro,high,high,0.0,1,0.0,0,0,,False,
FAN,Financial,Exchange Traded Fund,unknown,low,mid,0.0,0,0.0,0,0,,False,
FANG,Energy,Oil & Gas E&P,large,mid,low,0.0,0,0.0,0,0,,False,
FAPR,Financial,Exchange Traded Fund,unknown,low,low,0.0,0,0.0,0,0,,False,
FARX,Financial,Exchange Traded Fund,unknown,low,low,0.0,0,0.0,0,0,,False,
FAS,Financial,Exchange Traded Fund,unknown,mid,high,0.0,0,0.0,0,0,,False,
FAST,Industrials,Industrial Distribution,large,mid,low,0.0,0,0.0,0,0,,False,
FATE,Healthcare,Biotechnology,small,high,high,0.0,0,0.0,0,0,,False,
FATN,Technology,Software - Infrastructure,micro,high,high,0.0,0,0.0,0,0,,False,
FAUG,Financial,Exchange Traded Fund,unknown,low,low,0.0,0,0.0,0,0,,False,
FAX,Financial,Closed-End Fund - Debt,small,low,low,0.0,0,0.0,0,0,,False,
FAZ,Financial,Exchange Traded Fund,unknown,mid,low,0.0,0,0.0,0,0,,False,
FB,Financial,Exchange Traded Fund,unknown,low,low,0.0,0,0.0,0,0,,False,
FBCG,Financial,Exchange Traded Fund,unknown,low,high,0.0,0,0.0,0,0,,False,
FBCV,Financial,Exchange Traded Fund,unknown,low,low,0.0,0,0.0,0,0,,False,
FBDC,Financial,Exchange Traded Fund,unknown,low,low,0.0,0,0.0,0,0,,False,
FBGL,Industrials,Engineering & Construction,micro,high,low,0.0,0,0.0,0,0,,False,
FBIN,Industrials,Building Products & Equipment,mid,mid,high,0.0,0,0.0,0,0,,False,
FBIO,Healthcare,Biotechnology,micro,high,mid,0.0,0,0.0,0,0,,False,
FBIZ,Financial,Banks - Regional,small,mid,low,0.0,0,0.0,0,0,,False,
FBK,Financial,Banks - Regional,mid,low,mid,0.0,0,0.0,0,0,,False,
FBL,Financial,Exchange Traded Fund,unknown,high,high,0.0,0,0.0,0,0,,False,
FBLA,Financial,Banks - Regional,micro,mid,low,0.0,0,0.0,0,0,,False,
FBLG,Healthcare,Biotechnology,micro,high,high,0.0,0,0.0,0,0,,False,
FBNC,Financial,Banks - Regional,mid,mid,mid,0.0,0,0.0,0,0,,False,
FBND,Financial,Exchange Traded Fund,unknown,low,low,0.0,0,0.0,0,0,,False,
FBOT,Financial,Exchange Traded Fund,unknown,low,high,0.0,0,0.0,0,0,,False,
FBP,Financial,Banks - Regional,mid,low,mid,0.0,0,0.0,0,0,,False,
FBRT,Real Estate,REIT - Mortgage,small,mid,mid,0.0,0,0.0,0,0,,False,
FBRX,Healthcare,Biotechnology,small,mid,high,0.0,0,0.0,0,0,,False,
FBT,Financial,Exchange Traded Fund,unknown,low,low,0.0,0,0.0,0,0,,False,
FBTC,Financial,Exchange Traded Fund,unknown,mid,high,0.0,0,0.0,0,0,,False,
FBUF,Financial,Exchange Traded Fund,unknown,low,low,0.0,0,0.0,0,0,,False,
FBX,Financial,Exchange Traded Fund,unknown,high,unknown,0.0,0,0.0,0,0,,False,
FBY,Financial,Exchange Traded Fund,unknown,mid,mid,0.0,0,0.0,0,0,,False,
FBYD,Industrials,Conglomerates,small,high,low,0.0,0,0.0,0,0,,False,
FBYY,Financial,Exchange Traded Fund,unknown,low,unknown,0.0,0,0.0,0,0,,False,
FC,Consumer Defensive,Education & Training Services,micro,high,low,0.0,0,0.0,0,0,,False,
FCA,Financial,Exchange Traded Fund,unknown,low,low,0.0,0,0.0,0,0,,False,
FCAL,Financial,Exchange Traded Fund,unknown,low,low,0.0,0,0.0,0,0,,False,
FCAP,Financial,Banks - Regional,micro,mid,low,0.0,0,0.0,0,0,,False,
FCBC,Financial,Banks - Regional,small,mid,low,0.0,0,0.0,0,0,,False,
FCBD,Financial,Exchange Traded Fund,unknown,low,low,0.0,0,0.0,0,0,,False,
FCBM,Financial,Banks - Regional,small,mid,unknown,0.0,0,0.0,0,0,,False,
FCCO,Financial,Banks - Regional,small,mid,low,0.0,0,0.0,0,0,,False,
FCEF,Financial,Exchange Traded Fund,unknown,low,low,0.0,0,0.0,0,0,,False,
FCEL,Industrials,Electrical Equipment & Parts,small,high,high,0.0,0,0.0,0,0,,False,
FCF,Financial,Banks - Regional,mid,low,low,0.0,0,0.0,0,0,,False,
FCFS,Financial,Credit Services,mid,mid,low,0.0,0,0.0,0,0,,False,
FCFY,Financial,Exchange Traded Fund,unknown,low,mid,0.0,0,0.0,0,0,,False,
FCG,Financial,Exchange Traded Fund,unknown,mid,low,0.0,0,0.0,0,0,,False,
FCHL,Consumer Defensive,Education & Training Services,micro,high,unknown,0.0,0,0.0,0,0,,False,
FCLD,Financial,Exchange Traded Fund,unknown,mid,mid,0.0,0,0.0,0,0,,False,
FCLO,Financial,Exchange Traded Fund,unknown,low,unknown,0.0,0,0.0,0,0,,False,
FCN,Industrials,Consulting Services,mid,mid,low,0.0,0,0.0,0,0,,False,
FCNCA,Financial,Banks - Regional,large,mid,low,0.0,0,0.0,0,0,,False,
FCOM,Financial,Exchange Traded Fund,unknown,low,mid,0.0,0,0.0,0,0,,False,
FCOR,Financial,Exchange Traded Fund,unknown,low,low,0.0,0,0.0,0,0,,False,
FCPI,Financial,Exchange Traded Fund,unknown,low,mid,0.0,0,0.0,0,0,,False,
FCPT,Real Estate,REIT - Retail,mid,mid,mid,0.0,0,0.0,0,0,,False,
FCRS,Financial,Shell Companies,small,low,unknown,0.0,0,0.0,0,0,,False,
FCSH,Financial,Exchange Traded Fund,unknown,low,low,0.0,0,0.0,0,0,,False,
FCT,Financial,Closed-End Fund - Debt,micro,low,low,0.0,0,0.0,0,0,,False,
FCTE,Financial,Exchange Traded Fund,unknown,low,low,0.0,0,0.0,0,0,,False,
FCTR,Financial,Exchange Traded Fund,unknown,low,mid,0.0,0,0.0,0,0,,False,
FCUS,Financial,Exchange Traded Fund,unknown,mid,high,0.0,0,0.0,0,0,,False,
FCUV,Technology,Scientific & Technical Instruments,micro,high,low,0.0,0,0.0,0,0,,False,
FCVT,Financial,Exchange Traded Fund,unknown,low,low,0.0,0,0.0,0,0,,False,
FCX,Basic Materials,Copper,large,mid,high,0.0,0,0.0,0,0,,False,
FCXG,Financial,Exchange Traded Fund,unknown,high,unknown,0.0,0,0.0,0,0,,False,
FDAT,Financial,Exchange Traded Fund,unknown,low,low,0.0,0,0.0,0,0,,False,
FDBC,Financial,Banks - Regional,small,mid,mid,0.0,0,0.0,0,0,,False,
FDCF,Financial,Exchange Traded Fund,unknown,low,mid,0.0,0,0.0,0,0,,False,
FDD,Financial,Exchange Traded Fund,unknown,low,low,0.0,0,0.0,0,0,,False,
FDEC,Financial,Exchange Traded Fund,unknown,low,low,0.0,0,0.0,0,0,,False,
FDEM,Financial,Exchange Traded Fund,unknown,low,low,0.0,0,0.0,0,0,,False,
FDEV,Financial,Exchange Traded Fund,unknown,low,low,0.0,0,0.0,0,0,,False,
FDFF,Financial,Exchange Traded Fund,unknown,low,mid,0.0,0,0.0,0,0,,False,
FDG,Financial,Exchange Traded Fund,unknown,low,mid,0.0,0,0.0,0,0,,False,
FDHY,Financial,Exchange Traded Fund,unknown,low,low,0.0,0,0.0,0,0,,False,
FDIF,Financial,Exchange Traded Fund,unknown,low,mid,0.0,0,0.0,0,0,,False,
FDIG,Financial,Exchange Traded Fund,unknown,mid,high,0.0,0,0.0,0,0,,False,
FDIQ,Financial,Exchange Traded Fund,unknown,low,low,0.0,0,0.0,0,0,,False,
FDIS,Financial,Exchange Traded Fund,unknown,low,mid,0.0,0,0.0,0,0,,False,
FDIV,Financial,Exchange Traded Fund,unknown,low,low,0.0,0,0.0,0,0,,False,
FDL,Financial,Exchange Traded Fund,unknown,low,low,0.0,0,0.0,0,0,,False,
FDLO,Financial,Exchange Traded Fund,unknown,low,low,0.0,0,0.0,0,0,,False,
FDLS,Financial,Exchange Traded Fund,unknown,low,mid,0.0,0,0.0,0,0,,False,
FDM,Financial,Exchange Traded Fund,unknown,low,mid,0.0,0,0.0,0,0,,False,
FDMM,Financial,Shell Companies,small,low,unknown,0.0,0,0.0,0,0,,False,
FDMO,Financial,Exchange Traded Fund,unknown,low,mid,0.0,0,0.0,0,0,,False,
FDMT,Healthcare,Biotechnology,small,high,high,0.0,0,0.0,0,0,,False,
FDN,Financial,Exchange Traded Fund,unknown,low,mid,0.0,0,0.0,0,0,,False,
FDND,Financial,Exchange Traded Fund,unknown,low,mid,0.0,0,0.0,0,0,,False,
FDNI,Financial,Exchange Traded Fund,unknown,mid,mid,0.0,0,0.0,0,0,,False,
FDRR,Financial,Exchange Traded Fund,unknown,low,mid,0.0,0,0.0,0,0,,False,
FDRS,Financial,Exchange Traded Fund,unknown,low,unknown,0.0,0,0.0,0,0,,False,
FDRV,Financial,Exchange Traded Fund,unknown,low,high,0.0,0,0.0,0,0,,False,
FDRX,Financial,Exchange Traded Fund,unknown,mid,unknown,0.0,0,0.0,0,0,,False,
FDS,Financial,Financial Data & Stock Exchanges,mid,mid,low,0.0,0,0.0,0,0,,False,
FDSB,Financial,Banks - Regional,micro,low,low,0.0,0,0.0,0,0,,False,
FDT,Financial,Exchange Traded Fund,unknown,low,mid,0.0,0,0.0,0,0,,False,
FDTS,Financial,Exchange Traded Fund,unknown,low,mid,0.0,0,0.0,0,0,,False,
FDTX,Financial,Exchange Traded Fund,unknown,mid,high,0.0,0,0.0,0,0,,False,
FDUS,Financial,Asset Management,small,mid,low,0.0,0,0.0,0,0,,False,
FDV,Financial,Exchange Traded Fund,unknown,low,low,0.0,0,0.0,0,0,,False,
FDVV,Financial,Exchange Traded Fund,unknown,low,mid,0.0,0,0.0,0,0,,False,
FDX,Industrials,Integrated Freight & Logistics,large,mid,high,0.0,0,0.0,0,0,,False,
FDXF,Industrials,Integrated Freight & Logistics,large,high,unknown,0.0,0,0.0,0,0,,False,
FE,Utilities,Utilities - Regulated Electric,large,low,low,0.0,0,0.0,0,0,,False,
FEAC,Financial,Exchange Traded Fund,unknown,low,mid,0.0,0,0.0,0,0,,False,
FEAM,Basic Materials,Specialty Chemicals,micro,high,high,0.0,0,0.0,0,0,,False,
FEBM,Financial,Exchange Traded Fund,unknown,low,low,0.0,0,0.0,0,0,,False,
FEBO,Technology,Consumer Electronics,micro,high,low,0.0,0,0.0,0,0,,False,
FEBP,Financial,Exchange Traded Fund,unknown,low,low,0.0,0,0.0,0,0,,False,
FEBT,Financial,Exchange Traded Fund,unknown,low,low,0.0,0,0.0,0,0,,False,
FEBU,Financial,Exchange Traded Fund,unknown,low,low,0.0,0,0.0,0,0,,False,
FEBW,Financial,Exchange Traded Fund,unknown,low,low,0.0,0,0.0,0,0,,False,
FEBZ,Financial,Exchange Traded Fund,unknown,low,low,0.0,0,0.0,0,0,,False,
FECM,Financial,Exchange Traded Fund,unknown,low,unknown,0.0,0,0.0,0,0,,False,
FEDM,Financial,Exchange Traded Fund,unknown,low,mid,0.0,0,0.0,0,0,,False,
FEDU,Consumer Defensive,Education & Training Services,micro,high,low,0.0,1,0.0,0,0,,False,
FEED,Healthcare,Medical Devices,micro,high,high,0.0,0,0.0,0,0,,False,
FEGE,Financial,Exchange Traded Fund,unknown,low,low,0.0,0,0.0,0,0,,False,
FEIG,Financial,Exchange Traded Fund,unknown,low,low,0.0,0,0.0,0,0,,False,
FEIM,Technology,Communication Equipment,small,high,low,0.0,0,0.0,0,0,,False,
FELC,Financial,Exchange Traded Fund,unknown,low,mid,0.0,0,0.0,0,0,,False,
FELE,Industrials,Specialty Industrial Machinery,mid,mid,mid,0.0,0,0.0,0,0,,False,
FELG,Financial,Exchange Traded Fund,unknown,low,mid,0.0,0,0.0,0,0,,False,
FELV,Financial,Exchange Traded Fund,unknown,low,low,0.0,0,0.0,0,0,,False,
FEM,Financial,Exchange Traded Fund,unknown,low,low,0.0,0,0.0,0,0,,False,
FEMB,Financial,Exchange Traded Fund,unknown,low,low,0.0,0,0.0,0,0,,False,
FEMD,Financial,Exchange Traded Fund,unknown,low,unknown,0.0,0,0.0,0,0,,False,
FEMG,Financial,Exchange Traded Fund,unknown,low,unknown,0.0,0,0.0,0,0,,False,
FEMR,Financial,Exchange Traded Fund,unknown,low,mid,0.0,0,0.0,0,0,,False,
FEMS,Financial,Exchange Traded Fund,unknown,low,low,0.0,0,0.0,0,0,,False,
FEMV,Financial,Exchange Traded Fund,unknown,low,unknown,0.0,0,0.0,0,0,,False,
FEMY,Healthcare,Medical Instruments & Supplies,micro,high,low,0.0,0,0.0,0,0,,False,
FENC,Healthcare,Biotechnology,small,high,mid,0.0,0,0.0,0,0,,False,
FENG,Communication Services,Internet Content & Information,micro,mid,low,0.0,1,0.0,0,0,,False,
FENI,Financial,Exchange Traded Fund,unknown,low,low,0.0,0,0.0,0,0,,False,
FENY,Financial,Exchange Traded Fund,unknown,mid,low,0.0,0,0.0,0,0,,False,
FEOE,Financial,Exchange Traded Fund,unknown,low,low,0.0,0,0.0,0,0,,False,
FEP,Financial,Exchange Traded Fund,unknown,low,mid,0.0,0,0.0,0,0,,False,
FEPI,Financial,Exchange Traded Fund,unknown,low,mid,0.0,0,0.0,0,0,,False,
FER,Industrials,Engineering & Construction,large,low,low,0.0,0,0.0,0,0,,False,
FERA,Financial,Shell Companies,small,low,low,0.0,0,0.0,0,0,,False,
FERG,Industrials,Industrial Distribution,large,mid,mid,0.0,0,0.0,0,0,,False,
FESC,Financial,Exchange Traded Fund,unknown,low,unknown,0.0,0,0.0,0,0,,False,
FESM,Financial,Exchange Traded Fund,unknown,low,high,0.0,0,0.0,0,0,,False,
FET,Energy,Oil & Gas Equipment & Services,small,mid,low,0.0,0,0.0,0,0,,False,
FETH,Financial,Exchange Traded Fund,unknown,mid,high,0.0,0,0.0,0,0,,False,
FEUS,Financial,Exchange Traded Fund,unknown,low,mid,0.0,0,0.0,0,0,,False,
FEUZ,Financial,Exchange Traded Fund,unknown,low,mid,0.0,0,0.0,0,0,,False,
FEX,Financial,Exchange Traded Fund,unknown,low,mid,0.0,0,0.0,0,0,,False,
FEZ,Financial,Exchange Traded Fund,unknown,low,mid,0.0,0,0.0,0,0,,False,
FF,Basic Materials,Specialty Chemicals,micro,high,mid,0.0,0,0.0,0,0,,False,
FFA,Financial,Closed-End Fund - Equity,small,low,mid,0.0,0,0.0,0,0,,False,
FFAI,Consumer Cyclical,Auto Manufacturers,micro,high,high,0.0,0,0.0,0,0,,False,
FFBC,Financial,Banks - Regional,mid,low,mid,0.0,0,0.0,0,0,,False,
FFC,Financial,Closed-End Fund - Debt,small,low,low,0.0,0,0.0,0,0,,False,
FFDI,Financial,Exchange Traded Fund,unknown,low,low,0.0,0,0.0,0,0,,False,
FFEB,Financial,Exchange Traded Fund,unknown,low,low,0.0,0,0.0,0,0,,False,
FFEM,Financial,Exchange Traded Fund,unknown,mid,mid,0.0,0,0.0,0,0,,False,
FFF,Financial,Exchange Traded Fund,unknown,low,unknown,0.0,0,0.0,0,0,,False,
FFGX,Financial,Exchange Traded Fund,unknown,low,low,0.0,0,0.0,0,0,,False,
FFIN,Financial,Banks - Regional,mid,low,mid,0.0,0,0.0,0,0,,False,
FFIU,Financial,Exchange Traded Fund,unknown,low,low,0.0,0,0.0,0,0,,False,
FFIV,Technology,Software - Infrastructure,large,mid,mid,0.0,0,0.0,0,0,,False,
FFLC,Financial,Exchange Traded Fund,unknown,low,mid,0.0,0,0.0,0,0,,False,
FFLG,Financial,Exchange Traded Fund,unknown,low,high,0.0,0,0.0,0,0,,False,
FFLS,Financial,Exchange Traded Fund,unknown,low,low,0.0,0,0.0,0,0,,False,
FFLV,Financial,Exchange Traded Fund,unknown,low,low,0.0,0,0.0,0,0,,False,
FFLX,Financial,Exchange Traded Fund,unknown,low,unknown,0.0,0,0.0,0,0,,False,
FFND,Financial,Exchange Traded Fund,unknown,low,mid,0.0,0,0.0,0,0,,False,
FFOG,Financial,Exchange Traded Fund,unknown,mid,high,0.0,0,0.0,0,0,,False,
FFOX,Financial,Exchange Traded Fund,unknown,low,low,0.0,0,0.0,0,0,,False,
FFSM,Financial,Exchange Traded Fund,unknown,low,mid,0.0,0,0.0,0,0,,False,
FFTY,Financial,Exchange Traded Fund,unknown,mid,high,0.0,0,0.0,0,0,,False,
FFUT,Financial,Exchange Traded Fund,unknown,low,low,0.0,0,0.0,0,0,,False,
FG,Financial,Insurance - Life,mid,mid,mid,0.0,0,0.0,0,0,,False,
FGBI,Financial,Banks - Regional,micro,mid,low,0.0,0,0.0,0,0,,False,
FGD,Financial,Exchange Traded Fund,unknown,low,low,0.0,0,0.0,0,0,,False,
FGDL,Financial,Exchange Traded Fund,unknown,low,low,0.0,0,0.0,0,0,,False,
FGI,Consumer Cyclical,"Furnishings, Fixtures & Appliances",micro,high,high,0.0,0,0.0,0,0,,False,
FGII,Financial,Shell Companies,small,low,unknown,0.0,0,0.0,0,0,,False,
FGL,Industrials,Engineering & Construction,micro,high,mid,0.0,0,0.0,0,0,,False,
FGM,Financial,Exchange Traded Fund,unknown,low,mid,0.0,0,0.0,0,0,,False,
FGNX,Financial,Asset Management,micro,high,mid,0.0,0,0.0,0,0,,False,
FGRU,Financial,Exchange Traded Fund,unknown,high,unknown,0.0,0,0.0,0,0,,False,
FGSI,Financial,Exchange Traded Fund,unknown,low,low,0.0,0,0.0,0,0,,False,
FGSM,Financial,Exchange Traded Fund,unknown,low,low,0.0,0,0.0,0,0,,False,
FHB,Financial,Banks - Regional,mid,mid,low,0.0,0,0.0,0,0,,False,
FHDG,Financial,Exchange Traded Fund,unknown,low,low,0.0,0,0.0,0,0,,False,
FHEQ,Financial,Exchange Traded Fund,unknown,low,low,0.0,0,0.0,0,0,,False,
FHI,Financial,Asset Management,mid,mid,low,0.0,0,0.0,0,0,,False,
FHIL,Financial,Exchange Traded Fund,unknown,low,unknown,0.0,0,0.0,0,0,,False,
FHLC,Financial,Exchange Traded Fund,unknown,low,low,0.0,0,0.0,0,0,,False,
FHN,Financial,Banks - Regional,large,low,low,0.0,0,0.0,0,0,,False,
FHTX,Healthcare,Biotechnology,small,high,high,0.0,0,0.0,0,0,,False,
FHYS,Financial,Exchange Traded Fund,unknown,low,low,0.0,0,0.0,0,0,,False,
FIAT,Financial,Exchange Traded Fund,unknown,mid,low,0.0,0,0.0,0,0,,False,
FIAX,Financial,Exchange Traded Fund,unknown,low,low,0.0,0,0.0,0,0,,False,
FIBK,Financial,Banks - Regional,mid,mid,low,0.0,0,0.0,0,0,,False,
FICO,Technology,Software - Application,large,high,high,0.0,0,0.0,0,0,,False,
FICS,Financial,Exchange Traded Fund,unknown,low,low,0.0,0,0.0,0,0,,False,
FID,Financial,Exchange Traded Fund,unknown,low,low,0.0,0,0.0,0,0,,False,
FIDI,Financial,Exchange Traded Fund,unknown,low,low,0.0,0,0.0,0,0,,False,
FIDU,Financial,Exchange Traded Fund,unknown,low,mid,0.0,0,0.0,0,0,,False,
FIEE,Technology,Communication Equipment,micro,high,high,0.0,0,0.0,0,0,,False,
FIG,Technology,Software - Application,large,high,mid,0.0,0,0.0,0,0,,False,
FIGB,Financial,Exchange Traded Fund,unknown,low,low,0.0,0,0.0,0,0,,False,
FIGG,Financial,Exchange Traded Fund,unknown,high,unknown,0.0,0,0.0,0,0,,False,
FIGR,Financial,Capital Markets,mid,high,unknown,0.0,0,0.0,0,0,,False,
FIGS,Consumer Cyclical,Apparel Manufacturing,mid,high,mid,0.0,0,0.0,0,0,,False,
FIGX,Financial,Shell Companies,micro,low,low,0.0,0,0.0,0,0,,False,
FIIG,Financial,Exchange Traded Fund,unknown,low,low,0.0,0,0.0,0,0,,False,
FIMU,Financial,Exchange Traded Fund,unknown,low,unknown,0.0,0,0.0,0,0,,False,
FINA,Financial,Exchange Traded Fund,unknown,low,unknown,0.0,0,0.0,0,0,,False,
FINS,Financial,Asset Management,unknown,low,low,0.0,0,0.0,0,0,,False,
FINT,Financial,Exchange Traded Fund,unknown,low,low,0.0,0,0.0,0,0,,False,
FINV,Financial,Credit Services,small,mid,low,0.0,1,0.0,0,0,,False,
FINW,Financial,Banks - Regional,micro,mid,low,0.0,0,0.0,0,0,,False,
FINX,Financial,Exchange Traded Fund,unknown,mid,high,0.0,0,0.0,0,0,,False,
FINY,Financial,Exchange Traded Fund,unknown,low,unknown,0.0,0,0.0,0,0,,False,
FIP,Industrials,Conglomerates,small,high,high,0.0,0,0.0,0,0,,False,
FIRY,Communication Services,Electronic Gaming & Multimedia,micro,high,high,0.0,0,0.0,0,0,,False,
FIS,Technology,Information Technology Services,large,mid,mid,0.0,0,0.0,0,0,,False,
FISI,Financial,Banks - Regional,small,mid,low,0.0,0,0.0,0,0,,False,
FISN,Industrials,Specialty Industrial Machinery,small,high,unknown,0.0,0,0.0,0,0,,False,
FISR,Financial,Exchange Traded Fund,unknown,low,low,0.0,0,0.0,0,0,,False,
FISV,Technology,Information Technology Services,large,mid,low,0.0,0,0.0,0,0,,False,
FITB,Financial,Banks - Regional,large,low,mid,0.0,0,0.0,0,0,,False,
FITE,Financial,Exchange Traded Fund,unknown,mid,mid,0.0,0,0.0,0,0,,False,
FITZ,Financial,Exchange Traded Fund,unknown,low,unknown,0.0,0,0.0,0,0,,False,
FIVA,Financial,Exchange Traded Fund,unknown,low,low,0.0,0,0.0,0,0,,False,
FIVE,Consumer Cyclical,Specialty Retail,large,mid,mid,0.0,0,0.0,0,0,,False,
FIVN,Technology,Software - Infrastructure,mid,high,high,0.0,0,0.0,0,0,,False,
FIW,Financial,Exchange Traded Fund,unknown,low,mid,0.0,0,0.0,0,0,,False,
FIX,Industrials,Engineering & Construction,large,high,high,0.0,0,0.0,0,0,,False,
FIXD,Financial,Exchange Traded Fund,unknown,low,low,0.0,0,0.0,0,0,,False,
FIXP,Financial,Exchange Traded Fund,unknown,low,low,0.0,0,0.0,0,0,,False,
FIXT,Financial,Exchange Traded Fund,unknown,low,low,0.0,0,0.0,0,0,,False,
FIYY,Financial,Exchange Traded Fund,unknown,low,unknown,0.0,0,0.0,0,0,,False,
FIZY,Financial,Exchange Traded Fund,unknown,low,unknown,0.0,0,0.0,0,0,,False,
FIZZ,Consumer Defensive,Beverages - Non-Alcoholic,mid,mid,low,0.0,0,0.0,0,0,,False,
FJAN,Financial,Exchange Traded Fund,unknown,low,low,0.0,0,0.0,0,0,,False,
FJDIU,Financial,Shell Companies,micro,low,unknown,0.0,0,0.0,0,0,,False,
FJET,Industrials,Aerospace & Defense,micro,high,unknown,0.0,0,0.0,0,0,,False,
FJP,Financial,Exchange Traded Fund,unknown,low,low,0.0,0,0.0,0,0,,False,
FJUL,Financial,Exchange Traded Fund,unknown,low,low,0.0,0,0.0,0,0,,False,
FJUN,Financial,Exchange Traded Fund,unknown,low,low,0.0,0,0.0,0,0,,False,
FKU,Financial,Exchange Traded Fund,unknown,low,mid,0.0,0,0.0,0,0,,False,
FKWL,Technology,Communication Equipment,micro,mid,low,0.0,0,0.0,0,0,,False,
FLAG,Financial,Exchange Traded Fund,unknown,low,low,0.0,0,0.0,0,0,,False,
FLAO,Financial,Exchange Traded Fund,unknown,low,low,0.0,0,0.0,0,0,,False,
FLAU,Financial,Exchange Traded Fund,unknown,low,mid,0.0,0,0.0,0,0,,False,
FLAX,Financial,Exchange Traded Fund,unknown,low,low,0.0,0,0.0,0,0,,False,
FLBL,Financial,Exchange Traded Fund,unknown,low,low,0.0,0,0.0,0,0,,False,
FLBR,Financial,Exchange Traded Fund,unknown,low,low,0.0,0,0.0,0,0,,False,
FLC,Financial,Closed-End Fund - Debt,micro,low,low,0.0,0,0.0,0,0,,False,
FLCA,Financial,Exchange Traded Fund,unknown,low,mid,0.0,0,0.0,0,0,,False,
FLCB,Financial,Exchange Traded Fund,unknown,low,low,0.0,0,0.0,0,0,,False,
FLCC,Financial,Exchange Traded Fund,unknown,low,mid,0.0,0,0.0,0,0,,False,
FLCE,Financial,Exchange Traded Fund,unknown,low,mid,0.0,0,0.0,0,0,,False,
FLCG,Financial,Exchange Traded Fund,unknown,low,mid,0.0,0,0.0,0,0,,False,
FLCH,Financial,Exchange Traded Fund,unknown,low,low,0.0,0,0.0,0,0,,False,
FLCO,Financial,Exchange Traded Fund,unknown,low,low,0.0,0,0.0,0,0,,False,
FLCV,Financial,Exchange Traded Fund,unknown,low,low,0.0,0,0.0,0,0,,False,
FLD,Financial,Capital Markets,micro,high,low,0.0,0,0.0,0,0,,False,
FLDB,Financial,Exchange Traded Fund,unknown,low,low,0.0,0,0.0,0,0,,False,
FLDR,Financial,Exchange Traded Fund,unknown,low,low,0.0,0,0.0,0,0,,False,
FLDZ,Financial,Exchange Traded Fund,unknown,low,low,0.0,0,0.0,0,0,,False,
FLEE,Financial,Exchange Traded Fund,unknown,low,mid,0.0,0,0.0,0,0,,False,
FLEU,Financial,Exchange Traded Fund,unknown,low,low,0.0,0,0.0,0,0,,False,
FLEX,Technology,Electronic Components,large,high,high,0.0,0,0.0,0,0,,False,
FLG,Financial,Banks - Regional,mid,mid,mid,0.0,0,0.0,0,0,,False,
FLGB,Financial,Exchange Traded Fund,unknown,low,low,0.0,0,0.0,0,0,,False,
FLGR,Financial,Exchange Traded Fund,unknown,low,mid,0.0,0,0.0,0,0,,False,
FLGT,Healthcare,Diagnostics & Research,small,mid,mid,0.0,0,0.0,0,0,,False,
FLGV,Financial,Exchange Traded Fund,unknown,low,low,0.0,0,0.0,0,0,,False,
FLHY,Financial,Exchange Traded Fund,unknown,low,low,0.0,0,0.0,0,0,,False,
FLIA,Financial,Exchange Traded Fund,unknown,low,low,0.0,0,0.0,0,0,,False,
FLIN,Financial,Exchange Traded Fund,unknown,low,low,0.0,0,0.0,0,0,,False,
FLJH,Financial,Exchange Traded Fund,unknown,low,low,0.0,0,0.0,0,0,,False,
FLJJ,Financial,Exchange Traded Fund,unknown,low,low,0.0,0,0.0,0,0,,False,
FLJP,Financial,Exchange Traded Fund,unknown,low,low,0.0,0,0.0,0,0,,False,
FLKR,Financial,Exchange Traded Fund,unknown,mid,high,0.0,0,0.0,0,0,,False,
FLL,Consumer Cyclical,Resorts & Casinos,micro,high,mid,0.0,0,0.0,0,0,,False,
FLLA,Financial,Exchange Traded Fund,unknown,low,low,0.0,0,0.0,0,0,,False,
FLMB,Financial,Exchange Traded Fund,unknown,low,low,0.0,0,0.0,0,0,,False,
FLMI,Financial,Exchange Traded Fund,unknown,low,low,0.0,0,0.0,0,0,,False,
FLMX,Financial,Exchange Traded Fund,unknown,low,low,0.0,0,0.0,0,0,,False,
FLN,Financial,Exchange Traded Fund,unknown,low,low,0.0,0,0.0,0,0,,False,
FLNA,Healthcare,Biotechnology,micro,high,low,0.0,0,0.0,0,0,,False,
FLNC,Utilities,Utilities - Renewable,mid,high,high,0.0,0,0.0,0,0,,False,
FLNG,Energy,Oil & Gas Midstream,small,mid,low,0.0,0,0.0,0,0,,False,
FLNT,Communication Services,Advertising Agencies,micro,high,low,0.0,0,0.0,0,0,,False,
FLO,Consumer Defensive,Packaged Foods,small,mid,low,0.0,0,0.0,0,0,,False,
FLOC,Energy,Oil & Gas Equipment & Services,mid,mid,mid,0.0,0,0.0,0,0,,False,
FLOT,Financial,Exchange Traded Fund,unknown,low,low,0.0,0,0.0,0,0,,False,
FLOW,Financial,Exchange Traded Fund,unknown,low,low,0.0,0,0.0,0,0,,False,
FLQL,Financial,Exchange Traded Fund,unknown,low,mid,0.0,0,0.0,0,0,,False,
FLQM,Financial,Exchange Traded Fund,unknown,low,mid,0.0,0,0.0,0,0,,False,
FLQS,Financial,Exchange Traded Fund,unknown,low,mid,0.0,0,0.0,0,0,,False,
FLR,Industrials,Engineering & Construction,mid,high,mid,0.0,0,0.0,0,0,,False,
FLRG,Financial,Exchange Traded Fund,unknown,low,mid,0.0,0,0.0,0,0,,False,
FLRN,Financial,Exchange Traded Fund,unknown,low,low,0.0,0,0.0,0,0,,False,
FLRT,Financial,Exchange Traded Fund,unknown,low,low,0.0,0,0.0,0,0,,False,
FLS,Industrials,Specialty Industrial Machinery,large,mid,mid,0.0,0,0.0,0,0,,False,
FLSA,Financial,Exchange Traded Fund,unknown,low,low,0.0,0,0.0,0,0,,False,
FLSP,Financial,Exchange Traded Fund,unknown,low,low,0.0,0,0.0,0,0,,False,
FLSW,Financial,Exchange Traded Fund,unknown,low,low,0.0,0,0.0,0,0,,False,
FLTB,Financial,Exchange Traded Fund,unknown,low,low,0.0,0,0.0,0,0,,False,
FLTR,Financial,Exchange Traded Fund,unknown,low,low,0.0,0,0.0,0,0,,False,
FLTW,Financial,Exchange Traded Fund,unknown,mid,mid,0.0,0,0.0,0,0,,False,
FLUD,Financial,Exchange Traded Fund,unknown,low,low,0.0,0,0.0,0,0,,False,
FLUT,Consumer Cyclical,Gambling,large,high,mid,0.0,0,0.0,0,0,,False,
FLUX,Industrials,Electrical Equipment & Parts,micro,high,high,0.0,0,0.0,0,0,,False,
FLV,Financial,Exchange Traded Fund,unknown,low,low,0.0,0,0.0,0,0,,False,
FLWS,Consumer Cyclical,Specialty Retail,micro,mid,high,0.0,0,0.0,0,0,,False,
FLX,Industrials,Integrated Freight & Logistics,micro,high,low,0.0,1,0.0,0,0,,False,
FLXI,Financial,Exchange Traded Fund,unknown,low,unknown,0.0,0,0.0,0,0,,False,
FLXN,Financial,Exchange Traded Fund,unknown,low,low,0.0,0,0.0,0,0,,False,
FLXR,Financial,Exchange Traded Fund,unknown,low,low,0.0,0,0.0,0,0,,False,
FLXS,Consumer Cyclical,"Furnishings, Fixtures & Appliances",small,mid,low,0.0,0,0.0,0,0,,False,
FLY,Industrials,Aerospace & Defense,mid,high,mid,0.0,0,0.0,0,0,,False,
FLYD,Financial,Exchange Traded Fund,unknown,high,low,0.0,0,0.0,0,0,,False,
FLYE,Consumer Cyclical,Auto Manufacturers,micro,high,low,0.0,0,0.0,0,0,,False,
FLYT,Financial,Exchange Traded Fund,unknown,high,unknown,0.0,0,0.0,0,0,,False,
FLYU,Financial,Exchange Traded Fund,unknown,mid,high,0.0,0,0.0,0,0,,False,
FLYW,Technology,Software - Infrastructure,mid,mid,high,0.0,0,0.0,0,0,,False,
FLYX,Industrials,Airlines,micro,high,low,0.0,0,0.0,0,0,,False,
FLZH,Communication Services,Broadcasting,micro,high,low,0.0,0,0.0,0,0,,False,
FMAC,Financial,Shell Companies,micro,low,unknown,0.0,0,0.0,0,0,,False,
FMAG,Financial,Exchange Traded Fund,unknown,low,mid,0.0,0,0.0,0,0,,False,
FMAO,Financial,Banks - Regional,small,mid,mid,0.0,0,0.0,0,0,,False,
FMAR,Financial,Exchange Traded Fund,unknown,low,low,0.0,0,0.0,0,0,,False,
FMAT,Financial,Exchange Traded Fund,unknown,low,mid,0.0,0,0.0,0,0,,False,
FMAY,Financial,Exchange Traded Fund,unknown,low,low,0.0,0,0.0,0,0,,False,
FMB,Financial,Exchange Traded Fund,unknown,low,low,0.0,0,0.0,0,0,,False,
FMBH,Financial,Banks - Regional,small,mid,low,0.0,0,0.0,0,0,,False,
FMC,Basic Materials,Agricultural Inputs,small,high,low,0.0,0,0.0,0,0,,False,
FMCE,Financial,Exchange Traded Fund,unknown,low,low,0.0,0,0.0,0,0,,False,
FMCX,Financial,Exchange Traded Fund,unknown,low,mid,0.0,0,0.0,0,0,,False,
FMDE,Financial,Exchange Traded Fund,unknown,low,mid,0.0,0,0.0,0,0,,False,
FMED,Financial,Exchange Traded Fund,unknown,low,low,0.0,0,0.0,0,0,,False,
FMET,Financial,Exchange Traded Fund,unknown,low,mid,0.0,0,0.0,0,0,,False,
FMF,Financial,Exchange Traded Fund,unknown,low,low,0.0,0,0.0,0,0,,False,
FMFC,Consumer Cyclical,Footwear & Accessories,micro,high,low,0.0,0,0.0,0,0,,False,
FMHI,Financial,Exchange Traded Fund,unknown,low,low,0.0,0,0.0,0,0,,False,
FMKT,Financial,Exchange Traded Fund,unknown,low,mid,0.0,0,0.0,0,0,,False,
FMN,Financial,Closed-End Fund - Debt,micro,low,low,0.0,0,0.0,0,0,,False,
FMNB,Financial,Banks - Regional,small,low,low,0.0,0,0.0,0,0,,False,
FMNY,Financial,Exchange Traded Fund,unknown,low,low,0.0,0,0.0,0,0,,False,
FMQQ,Financial,Exchange Traded Fund,unknown,low,mid,0.0,0,0.0,0,0,,False,
FMS,Healthcare,Medical Care Facilities,large,mid,low,0.0,0,0.0,0,0,,False,
FMST,Basic Materials,Other Industrial Metals & Mining,micro,high,high,0.0,0,0.0,0,0,,False,
FMTL,Financial,Exchange Traded Fund,unknown,mid,unknown,0.0,0,0.0,0,0,,False,
FMTM,Financial,Exchange Traded Fund,unknown,mid,mid,0.0,0,0.0,0,0,,False,
FMUB,Financial,Exchange Traded Fund,unknown,low,low,0.0,0,0.0,0,0,,False,
FMUN,Financial,Exchange Traded Fund,unknown,low,low,0.0,0,0.0,0,0,,False,
FMX,Consumer Defensive,Beverages - Brewers,large,mid,low,0.0,0,0.0,0,0,,False,
FMY,Financial,Closed-End Fund - Debt,micro,low,low,0.0,0,0.0,0,0,,False,
FN,Technology,Electronic Components,large,high,mid,0.0,0,0.0,0,0,,False,
FNB,Financial,Banks - Regional,mid,low,mid,0.0,0,0.0,0,0,,False,
FNCL,Financial,Exchange Traded Fund,unknown,low,mid,0.0,0,0.0,0,0,,False,
FND,Consumer Cyclical,Home Improvement Retail,mid,mid,high,0.0,0,0.0,0,0,,False,
FNDA,Financial,Exchange Traded Fund,unknown,low,mid,0.0,0,0.0,0,0,,False,
FNDB,Financial,Exchange Traded Fund,unknown,low,mid,0.0,0,0.0,0,0,,False,
FNDC,Financial,Exchange Traded Fund,unknown,low,low,0.0,0,0.0,0,0,,False,
FNDE,Financial,Exchange Traded Fund,unknown,low,low,0.0,0,0.0,0,0,,False,
FNDF,Financial,Exchange Traded Fund,unknown,low,low,0.0,0,0.0,0,0,,False,
FNDX,Financial,Exchange Traded Fund,unknown,low,mid,0.0,0,0.0,0,0,,False,
FNF,Financial,Insurance - Specialty,large,mid,mid,0.0,0,0.0,0,0,,False,
FNG,Financial,Exchange Traded Fund,unknown,high,unknown,0.0,0,0.0,0,0,,False,
FNGD,Financial,Exchange Traded Fund,unknown,high,low,0.0,0,0.0,0,0,,False,
FNGG,Financial,Exchange Traded Fund,unknown,mid,high,0.0,0,0.0,0,0,,False,
FNGO,Financial,Exchange Traded Fund,unknown,mid,high,0.0,0,0.0,0,0,,False,
FNGR,Communication Services,Telecom Services,micro,high,low,0.0,0,0.0,0,0,,False,
FNGS,Financial,Exchange Traded Fund,unknown,low,high,0.0,0,0.0,0,0,,False,
FNGU,Financial,Exchange Traded Fund,unknown,high,high,0.0,0,0.0,0,0,,False,
FNK,Financial,Exchange Traded Fund,unknown,low,mid,0.0,0,0.0,0,0,,False,
FNKO,Consumer Cyclical,Leisure,small,high,mid,0.0,0,0.0,0,0,,False,
FNLC,Financial,Banks - Regional,small,mid,low,0.0,0,0.0,0,0,,False,
FNOV,Financial,Exchange Traded Fund,unknown,low,low,0.0,0,0.0,0,0,,False,
FNRN,Financial,Banks - Regional,micro,mid,low,0.0,0,0.0,0,0,,False,
FNUC,Basic Materials,Other Industrial Metals & Mining,micro,high,low,0.0,0,0.0,0,0,,False,
FNV,Basic Materials,Gold,large,mid,low,0.0,0,0.0,0,0,,False,
FNWB,Financial,Banks - Regional,micro,mid,low,0.0,0,0.0,0,0,,False,
FNWD,Financial,Banks - Regional,micro,mid,low,0.0,0,0.0,0,0,,False,
FNX,Financial,Exchange Traded Fund,unknown,low,mid,0.0,0,0.0,0,0,,False,
FNY,Financial,Exchange Traded Fund,unknown,low,mid,0.0,0,0.0,0,0,,False,
FOA,Financial,Credit Services,small,high,high,0.0,0,0.0,0,0,,False,
FOCL,Healthcare,Medical Distribution,micro,high,low,0.0,0,0.0,0,0,,False,
FOCT,Financial,Exchange Traded Fund,unknown,low,low,0.0,0,0.0,0,0,,False,
FOF,Financial,Closed-End Fund - Equity,small,low,mid,0.0,0,0.0,0,0,,False,
FOFO,Industrials,Consulting Services,micro,high,unknown,0.0,0,0.0,0,0,,False,
FOIL,Basic Materials,Copper,small,high,unknown,0.0,1,0.0,0,0,,False,
FOMG,Financial,Exchange Traded Fund,unknown,high,unknown,0.0,0,0.0,0,0,,False,
FOPC,Financial,Exchange Traded Fund,unknown,low,low,0.0,0,0.0,0,0,,False,
FOR,Real Estate,Real Estate - Development,small,mid,high,0.0,0,0.0,0,0,,False,
FORH,Financial,Exchange Traded Fund,unknown,low,low,0.0,0,0.0,0,0,,False,
FORM,Technology,Semiconductor Equipment & Materials,large,high,mid,0.0,0,0.0,0,0,,False,
FORR,Industrials,Consulting Services,micro,high,mid,0.0,0,0.0,0,0,,False,
FORTY,Technology,Information Technology Services,small,mid,mid,0.0,0,0.0,0,0,,False,
FOSL,Consumer Cyclical,Footwear & Accessories,small,high,high,0.0,0,0.0,0,0,,False,
FOTO,Financial,Exchange Traded Fund,unknown,high,unknown,0.0,0,0.0,0,0,,False,
FOUR,Technology,Software - Infrastructure,mid,high,high,0.0,0,0.0,0,0,,False,
FOWF,Financial,Exchange Traded Fund,unknown,low,low,0.0,0,0.0,0,0,,False,
FOX,Communication Services,Entertainment,large,mid,low,0.0,0,0.0,0,0,,False,
FOXA,Communication Services,Entertainment,large,mid,low,0.0,0,0.0,0,0,,False,
FOXF,Consumer Cyclical,Auto Parts,small,mid,high,0.0,0,0.0,0,0,,False,
FOXX,Technology,Consumer Electronics,micro,high,low,0.0,0,0.0,0,0,,False,
FOXY,Financial,Exchange Traded Fund,unknown,low,low,0.0,0,0.0,0,0,,False,
FPA,Financial,Exchange Traded Fund,unknown,mid,mid,0.0,0,0.0,0,0,,False,
FPAA,Financial,Exchange Traded Fund,unknown,low,unknown,0.0,0,0.0,0,0,,False,
FPAG,Financial,Exchange Traded Fund,unknown,low,mid,0.0,0,0.0,0,0,,False,
FPAS,Financial,Exchange Traded Fund,unknown,low,low,0.0,0,0.0,0,0,,False,
FPE,Financial,Exchange Traded Fund,unknown,low,low,0.0,0,0.0,0,0,,False,
FPEI,Financial,Exchange Traded Fund,unknown,low,low,0.0,0,0.0,0,0,,False,
FPF,Financial,Closed-End Fund - Debt,small,low,mid,0.0,0,0.0,0,0,,False,
FPFD,Financial,Exchange Traded Fund,unknown,low,low,0.0,0,0.0,0,0,,False,
FPH,Real Estate,Real Estate - Development,small,mid,high,0.0,0,0.0,0,0,,False,
FPI,Real Estate,REIT - Specialty,small,low,low,0.0,0,0.0,0,0,,False,
FPRO,Financial,Exchange Traded Fund,unknown,low,mid,0.0,0,0.0,0,0,,False,
FPS,Industrials,Electrical Equipment & Parts,large,high,unknown,0.0,0,0.0,0,0,,False,
FPSX,Financial,Exchange Traded Fund,unknown,high,unknown,0.0,0,0.0,0,0,,False,
FPWR,Financial,Exchange Traded Fund,unknown,low,low,0.0,0,0.0,0,0,,False,
FPX,Financial,Exchange Traded Fund,unknown,mid,mid,0.0,0,0.0,0,0,,False,
FPXE,Financial,Exchange Traded Fund,unknown,low,mid,0.0,0,0.0,0,0,,False,
FPXI,Financial,Exchange Traded Fund,unknown,mid,mid,0.0,0,0.0,0,0,,False,
FQAL,Financial,Exchange Traded Fund,unknown,low,mid,0.0,0,0.0,0,0,,False,
FR,Real Estate,REIT - Industrial,mid,mid,mid,0.0,0,0.0,0,0,,False,
FRA,Financial,Closed-End Fund - Debt,small,low,low,0.0,0,0.0,0,0,,False,
FRAF,Financial,Banks - Regional,micro,mid,low,0.0,0,0.0,0,0,,False,
FRBA,Financial,Banks - Regional,small,mid,low,0.0,0,0.0,0,0,,False,
FRBT,Financial,Banks - Diversified,small,high,unknown,0.0,0,0.0,0,0,,False,
FRD,Basic Materials,Steel,small,high,high,0.0,0,0.0,0,0,,False,
FRDM,Financial,Exchange Traded Fund,unknown,mid,mid,0.0,0,0.0,0,0,,False,
FREI,Financial,Exchange Traded Fund,unknown,low,unknown,0.0,0,0.0,0,0,,False,
FREL,Financial,Exchange Traded Fund,unknown,low,mid,0.0,0,0.0,0,0,,False,
FRGN,Financial,Exchange Traded Fund,unknown,low,unknown,0.0,0,0.0,0,0,,False,
FRGT,Technology,Software - Application,micro,high,mid,0.0,0,0.0,0,0,,False,
FRHC,Financial,Financial Conglomerates,mid,mid,low,0.0,0,0.0,0,0,,False,
FRI,Financial,Exchange Traded Fund,unknown,low,mid,0.0,0,0.0,0,0,,False,
FRIZ,Financial,Exchange Traded Fund,unknown,low,low,0.0,0,0.0,0,0,,False,
FRME,Financial,Banks - Regional,mid,mid,mid,0.0,0,0.0,0,0,,False,
FRMI,Real Estate,REIT - Specialty,mid,high,unknown,0.0,0,0.0,0,0,,False,
FRMM,Technology,Software - Application,micro,high,high,0.0,0,0.0,0,0,,False,
FRNM,Healthcare,Diagnostics & Research,small,high,low,0.0,0,0.0,0,0,,False,
FRNW,Financial,Exchange Traded Fund,unknown,mid,mid,0.0,0,0.0,0,0,,False,
FRO,Energy,Oil & Gas Midstream,mid,mid,low,0.0,0,0.0,0,0,,False,
FROG,Technology,Software - Application,large,high,mid,0.0,0,0.0,0,0,,False,
FRPH,Real Estate,Real Estate Services,small,mid,low,0.0,0,0.0,0,0,,False,
FRPT,Consumer Defensive,Packaged Foods,mid,mid,high,0.0,0,0.0,0,0,,False,
FRSH,Technology,Software - Application,mid,mid,mid,0.0,0,0.0,0,0,,False,
FRST,Financial,Banks - Regional,small,mid,low,0.0,0,0.0,0,0,,False,
FRSX,Consumer Cyclical,Auto Parts,micro,high,low,0.0,0,0.0,0,0,,False,
FRT,Real Estate,REIT - Retail,large,low,mid,0.0,0,0.0,0,0,,False,
FRTT,Consumer Cyclical,Internet Retail,unknown,high,unknown,0.0,0,0.0,0,0,,False,
FRTY,Financial,Exchange Traded Fund,unknown,mid,mid,0.0,0,0.0,0,0,,False,
FRVO,Utilities,Utilities - Renewable,mid,high,unknown,0.0,0,0.0,0,0,,False,
FRWD,Financial,Exchange Traded Fund,unknown,mid,unknown,0.0,0,0.0,0,0,,False,
FSBC,Financial,Banks - Regional,small,mid,low,0.0,0,0.0,0,0,,False,
FSBW,Financial,Banks - Regional,small,mid,low,0.0,0,0.0,0,0,,False,
FSCC,Financial,Exchange Traded Fund,unknown,low,mid,0.0,0,0.0,0,0,,False,
FSCO,Financial,Closed-End Fund - Debt,small,low,low,0.0,0,0.0,0,0,,False,
FSCS,Financial,Exchange Traded Fund,unknown,low,mid,0.0,0,0.0,0,0,,False,
FSEA,Financial,Banks - Regional,micro,low,low,0.0,0,0.0,0,0,,False,
FSEC,Financial,Exchange Traded Fund,unknown,low,low,0.0,0,0.0,0,0,,False,
FSEG,Financial,Exchange Traded Fund,unknown,low,unknown,0.0,0,0.0,0,0,,False,
FSEP,Financial,Exchange Traded Fund,unknown,low,low,0.0,0,0.0,0,0,,False,
FSEV,Financial,Exchange Traded Fund,unknown,low,unknown,0.0,0,0.0,0,0,,False,
FSGS,Financial,Exchange Traded Fund,unknown,low,mid,0.0,0,0.0,0,0,,False,
FSHP,Financial,Shell Companies,micro,low,low,0.0,0,0.0,0,0,,False,
FSI,Basic Materials,Specialty Chemicals,micro,mid,high,0.0,0,0.0,0,0,,False,
FSIG,Financial,Exchange Traded Fund,unknown,low,low,0.0,0,0.0,0,0,,False,
FSK,Financial,Asset Management,mid,mid,mid,0.0,0,0.0,0,0,,False,
FSLR,Technology,Solar,large,high,high,0.0,0,0.0,0,0,,False,
FSLY,Technology,Software - Application,mid,high,low,0.0,0,0.0,0,0,,False,
FSM,Basic Materials,Gold,mid,mid,mid,0.0,0,0.0,0,0,,False,
FSMB,Financial,Exchange Traded Fund,unknown,low,low,0.0,0,0.0,0,0,,False,
FSMD,Financial,Exchange Traded Fund,unknown,low,mid,0.0,0,0.0,0,0,,False,
FSML,Financial,Exchange Traded Fund,unknown,low,unknown,0.0,0,0.0,0,0,,False,
FSOL,Financial,Exchange Traded Fund,unknown,mid,unknown,0.0,0,0.0,0,0,,False,
FSP,Real Estate,REIT - Office,micro,high,mid,0.0,0,0.0,0,0,,False,
FSPC,Financial,Exchange Traded Fund,unknown,low,unknown,0.0,0,0.0,0,0,,False,
FSS,Industrials,Farm & Heavy Construction Machinery,mid,mid,mid,0.0,0,0.0,0,0,,False,
FSSL,Financial,Closed-End Fund - Debt,small,low,unknown,0.0,0,0.0,0,0,,False,
FSTA,Financial,Exchange Traded Fund,unknown,low,low,0.0,0,0.0,0,0,,False,
FSTB,Financial,Exchange Traded Fund,unknown,low,unknown,0.0,0,0.0,0,0,,False,
FSTR,Industrials,Railroads,small,mid,mid,0.0,0,0.0,0,0,,False,
FSUN,Financial,Banks - Regional,small,mid,low,0.0,0,0.0,0,0,,False,
FSV,Real Estate,Real Estate Services,mid,mid,mid,0.0,0,0.0,0,0,,False,
FSYD,Financial,Exchange Traded Fund,unknown,low,low,0.0,0,0.0,0,0,,False,
FSZ,Financial,Exchange Traded Fund,unknown,low,low,0.0,0,0.0,0,0,,False,
FT,Financial,Closed-End Fund - Debt,micro,low,low,0.0,0,0.0,0,0,,False,
FTA,Financial,Exchange Traded Fund,unknown,low,mid,0.0,0,0.0,0,0,,False,
FTAG,Financial,Exchange Traded Fund,unknown,low,low,0.0,0,0.0,0,0,,False,
FTAI,Industrials,Aerospace & Defense,large,high,high,0.0,0,0.0,0,0,,False,
FTBD,Financial,Exchange Traded Fund,unknown,low,low,0.0,0,0.0,0,0,,False,
FTBI,Financial,Exchange Traded Fund,unknown,low,low,0.0,0,0.0,0,0,,False,
FTC,Financial,Exchange Traded Fund,unknown,low,mid,0.0,0,0.0,0,0,,False,
FTCA,Financial,Exchange Traded Fund,unknown,low,unknown,0.0,0,0.0,0,0,,False,
FTCB,Financial,Exchange Traded Fund,unknown,low,low,0.0,0,0.0,0,0,,False,
FTCE,Financial,Exchange Traded Fund,unknown,low,mid,0.0,0,0.0,0,0,,False,
FTCI,Technology,Solar,micro,high,high,0.0,0,0.0,0,0,,False,
FTCS,Financial,Exchange Traded Fund,unknown,low,low,0.0,0,0.0,0,0,,False,
FTDR,Consumer Cyclical,Personal Services,mid,mid,high,0.0,0,0.0,0,0,,False,
FTDS,Financial,Exchange Traded Fund,unknown,low,mid,0.0,0,0.0,0,0,,False,
FTEC,Financial,Exchange Traded Fund,unknown,mid,high,0.0,0,0.0,0,0,,False,
FTEK,Industrials,Pollution & Treatment Controls,micro,high,mid,0.0,0,0.0,0,0,,False,
FTF,Financial,Closed-End Fund - Debt,micro,low,low,0.0,0,0.0,0,0,,False,
FTFT,Technology,Software - Application,micro,high,high,0.0,0,0.0,0,0,,False,
FTGC,Financial,Exchange Traded Fund,unknown,low,low,0.0,0,0.0,0,0,,False,
FTGS,Financial,Exchange Traded Fund,unknown,low,mid,0.0,0,0.0,0,0,,False,
FTH,Healthcare,Biotechnology,small,high,low,0.0,0,0.0,0,0,,False,
FTHA,Financial,Shell Companies,micro,low,unknown,0.0,0,0.0,0,0,,False,
FTHF,Financial,Exchange Traded Fund,unknown,mid,mid,0.0,0,0.0,0,0,,False,
FTHI,Financial,Exchange Traded Fund,unknown,low,low,0.0,0,0.0,0,0,,False,
FTHM,Real Estate,Real Estate Services,micro,high,high,0.0,0,0.0,0,0,,False,
FTHY,Financial,Closed-End Fund - Debt,small,low,low,0.0,0,0.0,0,0,,False,
FTI,Energy,Oil & Gas Equipment & Services,large,mid,low,0.0,0,0.0,0,0,,False,
FTIF,Financial,Exchange Traded Fund,unknown,low,low,0.0,0,0.0,0,0,,False,
FTK,Energy,Oil & Gas Equipment & Services,small,high,high,0.0,0,0.0,0,0,,False,
FTKI,Financial,Exchange Traded Fund,unknown,low,low,0.0,0,0.0,0,0,,False,
FTLF,Consumer Defensive,Packaged Foods,micro,mid,low,0.0,0,0.0,0,0,,False,
FTLS,Financial,Exchange Traded Fund,unknown,low,low,0.0,0,0.0,0,0,,False,
FTMA,Financial,Exchange Traded Fund,unknown,low,unknown,0.0,0,0.0,0,0,,False,
FTMH,Financial,Exchange Traded Fund,unknown,low,unknown,0.0,0,0.0,0,0,,False,
FTMN,Financial,Exchange Traded Fund,unknown,low,unknown,0.0,0,0.0,0,0,,False,
FTMS,Financial,Exchange Traded Fund,unknown,low,unknown,0.0,0,0.0,0,0,,False,
FTMU,Financial,Exchange Traded Fund,unknown,low,unknown,0.0,0,0.0,0,0,,False,
FTNJ,Financial,Exchange Traded Fund,unknown,low,unknown,0.0,0,0.0,0,0,,False,
FTNT,Technology,Software - Infrastructure,large,mid,mid,0.0,0,0.0,0,0,,False,
FTNY,Financial,Exchange Traded Fund,unknown,low,unknown,0.0,0,0.0,0,0,,False,
FTOH,Financial,Exchange Traded Fund,unknown,low,unknown,0.0,0,0.0,0,0,,False,
FTPA,Financial,Exchange Traded Fund,unknown,low,unknown,0.0,0,0.0,0,0,,False,
FTQI,Financial,Exchange Traded Fund,unknown,low,low,0.0,0,0.0,0,0,,False,
FTRA,Financial,Shell Companies,micro,low,unknown,0.0,0,0.0,0,0,,False,
FTRB,Financial,Exchange Traded Fund,unknown,low,low,0.0,0,0.0,0,0,,False,
FTRE,Healthcare,Biotechnology,small,high,high,0.0,0,0.0,0,0,,False,
FTRI,Financial,Exchange Traded Fund,unknown,low,low,0.0,0,0.0,0,0,,False,
FTRK,Communication Services,Entertainment,micro,high,low,0.0,0,0.0,0,0,,False,
FTS,Utilities,Utilities - Regulated Electric,large,low,low,0.0,0,0.0,0,0,,False,
FTSD,Financial,Exchange Traded Fund,unknown,low,low,0.0,0,0.0,0,0,,False,
FTSL,Financial,Exchange Traded Fund,unknown,low,low,0.0,0,0.0,0,0,,False,
FTSM,Financial,Exchange Traded Fund,unknown,low,low,0.0,0,0.0,0,0,,False,
FTV,Technology,Scientific & Technical Instruments,large,mid,mid,0.0,0,0.0,0,0,,False,
FTW,Energy,Oil & Gas E&P,small,mid,low,0.0,0,0.0,0,0,,False,
FTWO,Financial,Exchange Traded Fund,unknown,low,low,0.0,0,0.0,0,0,,False,
FTXG,Financial,Exchange Traded Fund,unknown,low,low,0.0,0,0.0,0,0,,False,
FTXH,Financial,Exchange Traded Fund,unknown,low,low,0.0,0,0.0,0,0,,False,
FTXL,Financial,Exchange Traded Fund,unknown,high,high,0.0,0,0.0,0,0,,False,
FTXN,Financial,Exchange Traded Fund,unknown,mid,low,0.0,0,0.0,0,0,,False,
FTXO,Financial,Exchange Traded Fund,unknown,low,mid,0.0,0,0.0,0,0,,False,
FTXR,Financial,Exchange Traded Fund,unknown,low,high,0.0,0,0.0,0,0,,False,
FUBO,Communication Services,Broadcasting,small,high,high,0.0,0,0.0,0,0,,False,
FUFU,Financial,Capital Markets,micro,high,low,0.0,0,0.0,0,0,,False,
FUL,Basic Materials,Specialty Chemicals,mid,mid,mid,0.0,0,0.0,0,0,,False,
FULC,Healthcare,Biotechnology,micro,mid,high,0.0,0,0.0,0,0,,False,
FULT,Financial,Banks - Regional,mid,low,mid,0.0,0,0.0,0,0,,False,
FUMB,Financial,Exchange Traded Fund,unknown,low,low,0.0,0,0.0,0,0,,False,
FUN,Consumer Cyclical,Leisure,small,high,low,0.0,0,0.0,0,0,,False,
FUNC,Financial,Banks - Regional,micro,mid,low,0.0,0,0.0,0,0,,False,
FUND,Financial,Closed-End Fund - Equity,small,low,mid,0.0,0,0.0,0,0,,False,
FURY,Basic Materials,Gold,micro,mid,low,0.0,0,0.0,0,0,,False,
FUSB,Financial,Banks - Regional,micro,low,low,0.0,0,0.0,0,0,,False,
FUSD,Financial,Exchange Traded Fund,unknown,low,unknown,0.0,0,0.0,0,0,,False,
FUSE,Technology,Software - Application,micro,high,unknown,0.0,0,0.0,0,0,,False,
FUSI,Financial,Exchange Traded Fund,unknown,low,low,0.0,0,0.0,0,0,,False,
FUTG,Financial,Exchange Traded Fund,unknown,high,unknown,0.0,0,0.0,0,0,,False,
FUTU,Financial,Capital Markets,large,mid,low,0.0,0,0.0,0,0,,False,
FUTY,Financial,Exchange Traded Fund,unknown,low,low,0.0,0,0.0,0,0,,False,
FV,Financial,Exchange Traded Fund,unknown,low,mid,0.0,0,0.0,0,0,,False,
FVAL,Financial,Exchange Traded Fund,unknown,low,mid,0.0,0,0.0,0,0,,False,
FVAV,Financial,Shell Companies,small,low,unknown,0.0,0,0.0,0,0,,False,
FVC,Financial,Exchange Traded Fund,unknown,low,low,0.0,0,0.0,0,0,,False,
FVCB,Financial,Banks - Regional,small,mid,low,0.0,0,0.0,0,0,,False,
FVD,Financial,Exchange Traded Fund,unknown,low,low,0.0,0,0.0,0,0,,False,
FVN,Financial,Shell Companies,micro,high,low,0.0,1,0.0,0,0,,False,
FVR,Real Estate,REIT - Diversified,small,mid,mid,0.0,0,0.0,0,0,,False,
FVRR,Communication Services,Internet Content & Information,small,high,high,0.0,0,0.0,0,0,,False,
FWAC,Financial,Shell Companies,micro,low,unknown,0.0,0,0.0,0,0,,False,
FWD,Financial,Exchange Traded Fund,unknown,mid,high,0.0,0,0.0,0,0,,False,
FWDI,Consumer Cyclical,Footwear & Accessories,small,high,mid,0.0,0,0.0,0,0,,False,
FWONA,Communication Services,Entertainment,large,mid,low,0.0,0,0.0,0,0,,False,
FWONK,Communication Services,Entertainment,large,mid,low,0.0,0,0.0,0,0,,False,
FWRD,Industrials,Integrated Freight & Logistics,small,high,high,0.0,0,0.0,0,0,,False,
FWRG,Consumer Cyclical,Restaurants,small,high,mid,0.0,0,0.0,0,0,,False,
FXA,Financial,Exchange Traded Fund,unknown,low,low,0.0,0,0.0,0,0,,False,
FXAC,Financial,Shell Companies,micro,low,unknown,0.0,0,0.0,0,0,,False,
FXB,Financial,Exchange Traded Fund,unknown,low,low,0.0,0,0.0,0,0,,False,
FXC,Financial,Exchange Traded Fund,unknown,low,low,0.0,0,0.0,0,0,,False,
FXD,Financial,Exchange Traded Fund,unknown,low,mid,0.0,0,0.0,0,0,,False,
FXE,Financial,Exchange Traded Fund,unknown,low,low,0.0,0,0.0,0,0,,False,
FXED,Financial,Exchange Traded Fund,unknown,low,low,0.0,0,0.0,0,0,,False,
FXF,Financial,Exchange Traded Fund,unknown,low,low,0.0,0,0.0,0,0,,False,
FXG,Financial,Exchange Traded Fund,unknown,low,low,0.0,0,0.0,0,0,,False,
FXH,Financial,Exchange Traded Fund,unknown,low,low,0.0,0,0.0,0,0,,False,
FXHO,Technology,Consumer Electronics,small,high,low,0.0,1,0.0,0,0,,False,
FXI,Financial,Exchange Traded Fund,unknown,low,low,0.0,0,0.0,0,0,,False,
FXL,Financial,Exchange Traded Fund,unknown,mid,mid,0.0,0,0.0,0,0,,False,
FXN,Financial,Exchange Traded Fund,unknown,mid,low,0.0,0,0.0,0,0,,False,
FXNC,Financial,Banks - Regional,micro,mid,low,0.0,0,0.0,0,0,,False,
FXO,Financial,Exchange Traded Fund,unknown,low,mid,0.0,0,0.0,0,0,,False,
FXP,Financial,Exchange Traded Fund,unknown,mid,low,0.0,0,0.0,0,0,,False,
FXR,Financial,Exchange Traded Fund,unknown,low,mid,0.0,0,0.0,0,0,,False,
FXU,Financial,Exchange Traded Fund,unknown,low,low,0.0,0,0.0,0,0,,False,
FXY,Financial,Exchange Traded Fund,unknown,low,low,0.0,0,0.0,0,0,,False,
FXZ,Financial,Exchange Traded Fund,unknown,low,mid,0.0,0,0.0,0,0,,False,
FYC,Financial,Exchange Traded Fund,unknown,low,mid,0.0,0,0.0,0,0,,False,
FYEE,Financial,Exchange Traded Fund,unknown,low,mid,0.0,0,0.0,0,0,,False,
FYLD,Financial,Exchange Traded Fund,unknown,low,low,0.0,0,0.0,0,0,,False,
FYT,Financial,Exchange Traded Fund,unknown,low,mid,0.0,0,0.0,0,0,,False,
FYX,Financial,Exchange Traded Fund,unknown,low,mid,0.0,0,0.0,0,0,,False,
G,Technology,Information Technology Services,mid,mid,low,0.0,0,0.0,0,0,,False,
GAA,Financial,Exchange Traded Fund,unknown,low,low,0.0,0,0.0,0,0,,False,
GAB,Financial,Closed-End Fund - Equity,small,low,low,0.0,0,0.0,0,0,,False,
GABC,Financial,Banks - Regional,small,low,low,0.0,0,0.0,0,0,,False,
GABF,Financial,Exchange Traded Fund,unknown,low,mid,0.0,0,0.0,0,0,,False,
GAEM,Financial,Exchange Traded Fund,unknown,low,low,0.0,0,0.0,0,0,,False,
GAIA,Communication Services,Entertainment,micro,high,mid,0.0,0,0.0,0,0,,False,
GAIN,Financial,Asset Management,small,mid,low,0.0,0,0.0,0,0,,False,
GAIQ,Financial,Exchange Traded Fund,unknown,low,unknown,0.0,0,0.0,0,0,,False,
GAL,Financial,Exchange Traded Fund,unknown,low,low,0.0,0,0.0,0,0,,False,
GALT,Healthcare,Biotechnology,small,high,low,0.0,0,0.0,0,0,,False,
GALX,Financial,Exchange Traded Fund,unknown,mid,unknown,0.0,0,0.0,0,0,,False,
GAM,Financial,Closed-End Fund - Equity,small,low,mid,0.0,0,0.0,0,0,,False,
GAME,Communication Services,Electronic Gaming & Multimedia,micro,high,high,0.0,0,0.0,0,0,,False,
GAMR,Financial,Exchange Traded Fund,unknown,low,mid,0.0,0,0.0,0,0,,False,
GANX,Healthcare,Biotechnology,micro,high,low,0.0,0,0.0,0,0,,False,
GAP,Consumer Cyclical,Apparel Retail,mid,mid,high,0.0,0,0.0,0,0,,False,
GAPR,Financial,Exchange Traded Fund,unknown,low,low,0.0,0,0.0,0,0,,False,
GARA,Financial,Exchange Traded Fund,unknown,low,unknown,0.0,0,0.0,0,0,,False,
GARP,Financial,Exchange Traded Fund,unknown,low,mid,0.0,0,0.0,0,0,,False,
GARY,Financial,Exchange Traded Fund,unknown,low,unknown,0.0,0,0.0,0,0,,False,
GASS,Industrials,Marine Shipping,small,mid,low,0.0,0,0.0,0,0,,False,
GASZ,Financial,Exchange Traded Fund,unknown,low,unknown,0.0,0,0.0,0,0,,False,
GATX,Industrials,Rental & Leasing Services,mid,mid,mid,0.0,0,0.0,0,0,,False,
GAU,Basic Materials,Gold,small,mid,mid,0.0,0,0.0,0,0,,False,
GAUG,Financial,Exchange Traded Fund,unknown,low,low,0.0,0,0.0,0,0,,False,
GAUZ,Technology,Electronic Components,micro,high,low,0.0,0,0.0,0,0,,False,
GAVA,Financial,Exchange Traded Fund,unknown,mid,unknown,0.0,0,0.0,0,0,,False,
GBAB,Financial,Closed-End Fund - Debt,small,low,low,0.0,0,0.0,0,0,,False,
GBCI,Financial,Banks - Regional,mid,mid,low,0.0,0,0.0,0,0,,False,
GBDC,Financial,Asset Management,mid,low,low,0.0,0,0.0,0,0,,False,
GBF,Financial,Exchange Traded Fund,unknown,low,low,0.0,0,0.0,0,0,,False,
GBFH,Financial,Banks - Regional,small,high,low,0.0,0,0.0,0,0,,False,
GBHI,Financial,Exchange Traded Fund,unknown,low,unknown,0.0,0,0.0,0,0,,False,
GBIL,Financial,Exchange Traded Fund,unknown,low,low,0.0,0,0.0,0,0,,False,
GBLI,Financial,Insurance - Property & Casualty,small,mid,low,0.0,0,0.0,0,0,,False,
GBND,Financial,Exchange Traded Fund,unknown,low,low,0.0,0,0.0,0,0,,False,
GBR,Real Estate,Real Estate Services,micro,high,mid,0.0,0,0.0,0,0,,False,
GBTC,Financial,Exchange Traded Fund,unknown,mid,high,0.0,0,0.0,0,0,,False,
GBTG,Consumer Cyclical,Travel Services,mid,low,mid,0.0,0,0.0,0,0,,False,
GBUG,Financial,Exchange Traded Fund,unknown,mid,low,0.0,0,0.0,0,0,,False,
GBX,Industrials,Railroads,small,mid,high,0.0,0,0.0,0,0,,False,
GCAD,Financial,Exchange Traded Fund,unknown,mid,mid,0.0,0,0.0,0,0,,False,
GCAL,Financial,Exchange Traded Fund,unknown,low,low,0.0,0,0.0,0,0,,False,
GCBC,Financial,Banks - Regional,small,mid,low,0.0,0,0.0,0,0,,False,
GCC,Financial,Exchange Traded Fund,unknown,low,low,0.0,0,0.0,0,0,,False,
GCDT,Industrials,Specialty Industrial Machinery,unknown,high,unknown,0.0,0,0.0,0,0,,False,
GCGR,Financial,Shell Companies,small,low,unknown,0.0,0,0.0,0,0,,False,
GCL,Communication Services,Electronic Gaming & Multimedia,micro,high,low,0.0,0,0.0,0,0,,False,
GCMG,Financial,Asset Management,mid,mid,mid,0.0,0,0.0,0,0,,False,
GCO,Consumer Cyclical,Apparel Retail,small,mid,high,0.0,0,0.0,0,0,,False,
GCOR,Financial,Exchange Traded Fund,unknown,low,low,0.0,0,0.0,0,0,,False,
GCOW,Financial,Exchange Traded Fund,unknown,low,low,0.0,0,0.0,0,0,,False,
GCPB,Financial,Exchange Traded Fund,unknown,low,unknown,0.0,0,0.0,0,0,,False,
GCSH,Financial,Exchange Traded Fund,unknown,low,unknown,0.0,0,0.0,0,0,,False,
GCT,Technology,Software - Infrastructure,small,mid,high,0.0,0,0.0,0,0,,False,
GCTK,Healthcare,Medical Devices,micro,high,low,0.0,0,0.0,0,0,,False,
GCTS,Technology,Semiconductors,micro,high,high,0.0,0,0.0,0,0,,False,
GCV,Financial,Closed-End Fund - Equity,micro,low,mid,0.0,0,0.0,0,0,,False,
GD,Industrials,Aerospace & Defense,large,mid,low,0.0,0,0.0,0,0,,False,
GDC,Communication Services,Electronic Gaming & Multimedia,micro,high,high,0.0,0,0.0,0,0,,False,
GDDY,Technology,Software - Infrastructure,large,high,mid,0.0,0,0.0,0,0,,False,
GDE,Financial,Exchange Traded Fund,unknown,mid,mid,0.0,0,0.0,0,0,,False,
GDEC,Financial,Exchange Traded Fund,unknown,low,low,0.0,0,0.0,0,0,,False,
GDEV,Communication Services,Electronic Gaming & Multimedia,micro,high,high,0.0,0,0.0,0,0,,False,
GDHG,Consumer Cyclical,Leisure,micro,high,low,0.0,1,0.0,0,0,,False,
GDIV,Financial,Exchange Traded Fund,unknown,low,mid,0.0,0,0.0,0,0,,False,
GDL,Financial,Closed-End Fund - Equity,micro,low,low,0.0,0,0.0,0,0,,False,
GDLC,Financial,Exchange Traded Fund,unknown,mid,high,0.0,0,0.0,0,0,,False,
GDMA,Financial,Exchange Traded Fund,unknown,low,low,0.0,0,0.0,0,0,,False,
GDMN,Financial,Exchange Traded Fund,unknown,mid,low,0.0,0,0.0,0,0,,False,
GDO,Financial,Closed-End Fund - Debt,micro,low,low,0.0,0,0.0,0,0,,False,
GDOC,Financial,Exchange Traded Fund,unknown,low,low,0.0,0,0.0,0,0,,False,
GDOG,Financial,Exchange Traded Fund,unknown,mid,unknown,0.0,0,0.0,0,0,,False,
GDOT,Financial,Credit Services,small,mid,mid,0.0,0,0.0,0,0,,False,
GDRX,Healthcare,Health Information Services,small,high,high,0.0,0,0.0,0,0,,False,
GDS,Technology,Information Technology Services,mid,mid,low,0.0,1,0.0,0,0,,False,
GDT,Financial,Exchange Traded Fund,unknown,low,unknown,0.0,0,0.0,0,0,,False,
GDTC,Healthcare,Biotechnology,micro,high,low,0.0,0,0.0,0,0,,False,
GDV,Financial,Closed-End Fund - Equity,mid,low,mid,0.0,0,0.0,0,0,,False,
GDX,Financial,Exchange Traded Fund,unknown,mid,low,0.0,0,0.0,0,0,,False,
GDXD,Financial,Exchange Traded Fund,unknown,high,low,0.0,0,0.0,0,0,,False,
GDXJ,Financial,Exchange Traded Fund,unknown,mid,mid,0.0,0,0.0,0,0,,False,
GDXU,Financial,Exchange Traded Fund,unknown,high,high,0.0,0,0.0,0,0,,False,
GDXW,Financial,Exchange Traded Fund,unknown,mid,unknown,0.0,0,0.0,0,0,,False,
GDXY,Financial,Exchange Traded Fund,unknown,mid,low,0.0,0,0.0,0,0,,False,
GDYN,Technology,Information Technology Services,small,high,mid,0.0,0,0.0,0,0,,False,
GE,Industrials,Aerospace & Defense,mega,mid,high,0.0,0,0.0,0,0,,False,
GECC,Financial,Asset Management,micro,mid,mid,0.0,0,0.0,0,0,,False,
GEF,Consumer Cyclical,Packaging & Containers,mid,mid,low,0.0,0,0.0,0,0,,False,
GEG,Financial,Asset Management,micro,mid,low,0.0,0,0.0,0,0,,False,
GEHC,Healthcare,Medical Devices,large,mid,mid,0.0,0,0.0,0,0,,False,
GEL,Energy,Oil & Gas Midstream,small,mid,low,0.0,0,0.0,0,0,,False,
GELS,Healthcare,Drug Manufacturers - Specialty & Generic,micro,high,low,0.0,0,0.0,0,0,,False,
GEM,Financial,Exchange Traded Fund,unknown,low,low,0.0,0,0.0,0,0,,False,
GEMD,Financial,Exchange Traded Fund,unknown,low,low,0.0,0,0.0,0,0,,False,
GEME,Financial,Exchange Traded Fund,unknown,low,mid,0.0,0,0.0,0,0,,False,
GEMG,Financial,Exchange Traded Fund,unknown,high,unknown,0.0,0,0.0,0,0,,False,
GEMI,Financial,Capital Markets,small,high,unknown,0.0,0,0.0,0,0,,False,
GEN,Technology,Software - Infrastructure,large,mid,mid,0.0,0,0.0,0,0,,False,
GENB,Healthcare,Biotechnology,small,high,unknown,0.0,0,0.0,0,0,,False,
GENC,Industrials,Farm & Heavy Construction Machinery,micro,mid,low,0.0,0,0.0,0,0,,False,
GEND,Financial,Exchange Traded Fund,unknown,low,low,0.0,0,0.0,0,0,,False,
GENI,Communication Services,Internet Content & Information,mid,high,high,0.0,0,0.0,0,0,,False,
GENK,Consumer Cyclical,Restaurants,micro,high,mid,0.0,0,0.0,0,0,,False,
GENM,Financial,Exchange Traded Fund,unknown,low,low,0.0,0,0.0,0,0,,False,
GENT,Financial,Exchange Traded Fund,unknown,low,low,0.0,0,0.0,0,0,,False,
GENW,Financial,Exchange Traded Fund,unknown,low,low,0.0,0,0.0,0,0,,False,
GENZ,Financial,Exchange Traded Fund,unknown,low,mid,0.0,0,0.0,0,0,,False,
GEO,Industrials,Security & Protection Services,mid,mid,low,0.0,0,0.0,0,0,,False,
GEOS,Energy,Oil & Gas Equipment & Services,micro,high,low,0.0,0,0.0,0,0,,False,
GEQ,Financial,Exchange Traded Fund,unknown,low,unknown,0.0,0,0.0,0,0,,False,
GERN,Healthcare,Biotechnology,small,high,low,0.0,0,0.0,0,0,,False,
GETY,Communication Services,Internet Content & Information,micro,high,high,0.0,0,0.0,0,0,,False,
GEV,Industrials,Specialty Industrial Machinery,mega,high,mid,0.0,0,0.0,0,0,,False,
GEVC,Financial,Exchange Traded Fund,unknown,mid,unknown,0.0,0,0.0,0,0,,False,
GEVG,Financial,Exchange Traded Fund,unknown,high,unknown,0.0,0,0.0,0,0,,False,
GEVO,Basic Materials,Specialty Chemicals,small,high,mid,0.0,0,0.0,0,0,,False,
GEVX,Financial,Exchange Traded Fund,unknown,high,mid,0.0,0,0.0,0,0,,False,
GEW,Financial,Exchange Traded Fund,unknown,low,unknown,0.0,0,0.0,0,0,,False,
GF,Financial,Closed-End Fund - Foreign,micro,mid,mid,0.0,0,0.0,0,0,,False,
GFAI,Industrials,Security & Protection Services,micro,high,high,0.0,0,0.0,0,0,,False,
GFEB,Financial,Exchange Traded Fund,unknown,low,low,0.0,0,0.0,0,0,,False,
GFF,Industrials,Building Products & Equipment,mid,mid,high,0.0,0,0.0,0,0,,False,
GFGF,Financial,Exchange Traded Fund,unknown,low,mid,0.0,0,0.0,0,0,,False,
GFI,Basic Materials,Gold,large,mid,low,0.0,0,0.0,0,0,,False,
GFL,Industrials,Waste Management,large,mid,low,0.0,0,0.0,0,0,,False,
GFLW,Financial,Exchange Traded Fund,unknown,low,mid,0.0,0,0.0,0,0,,False,
GFR,Energy,Oil & Gas E&P,small,mid,low,0.0,0,0.0,0,0,,False,
GFS,Technology,Semiconductors,large,high,high,0.0,0,0.0,0,0,,False,
GFSG,Financial,Exchange Traded Fund,unknown,high,unknown,0.0,0,0.0,0,0,,False,
GFUZ,Industrials,Specialty Industrial Machinery,small,high,unknown,0.0,0,0.0,0,0,,False,
GGAL,Financial,Banks - Regional,mid,mid,mid,0.0,0,0.0,0,0,,False,
GGB,Basic Materials,Steel,mid,mid,high,0.0,0,0.0,0,0,,False,
GGG,Industrials,Specialty Industrial Machinery,large,low,mid,0.0,0,0.0,0,0,,False,
GGLL,Financial,Exchange Traded Fund,unknown,high,high,0.0,0,0.0,0,0,,False,
GGLS,Financial,Exchange Traded Fund,unknown,mid,low,0.0,0,0.0,0,0,,False,
GGM,Financial,Exchange Traded Fund,unknown,low,low,0.0,0,0.0,0,0,,False,
GGME,Financial,Exchange Traded Fund,unknown,low,mid,0.0,0,0.0,0,0,,False,
GGN,Financial,Closed-End Fund - Equity,small,low,low,0.0,0,0.0,0,0,,False,
GGOV,Financial,Exchange Traded Fund,unknown,low,low,0.0,0,0.0,0,0,,False,
GGR,Consumer Cyclical,Auto Manufacturers,micro,high,mid,0.0,0,0.0,0,0,,False,
GGRP,Technology,Software - Infrastructure,micro,high,high,0.0,0,0.0,0,0,,False,
GGRW,Financial,Exchange Traded Fund,unknown,low,mid,0.0,0,0.0,0,0,,False,
GGT,Financial,Closed-End Fund - Equity,micro,low,mid,0.0,0,0.0,0,0,,False,
GGTL,Financial,Exchange Traded Fund,unknown,low,mid,0.0,0,0.0,0,0,,False,
GGUS,Financial,Exchange Traded Fund,unknown,low,mid,0.0,0,0.0,0,0,,False,
GGZ,Financial,Closed-End Fund - Equity,micro,low,mid,0.0,0,0.0,0,0,,False,
GH,Healthcare,Diagnostics & Research,large,mid,high,0.0,0,0.0,0,0,,False,
GHC,Industrials,Conglomerates,mid,mid,low,0.0,0,0.0,0,0,,False,
GHG,Consumer Cyclical,Lodging,micro,mid,low,0.0,1,0.0,0,0,,False,
GHI,Financial,Mortgage Finance,micro,mid,low,0.0,0,0.0,0,0,,False,
GHM,Industrials,Specialty Industrial Machinery,small,high,mid,0.0,0,0.0,0,0,,False,
GHRS,Healthcare,Biotechnology,mid,high,mid,0.0,0,0.0,0,0,,False,
GHTA,Financial,Exchange Traded Fund,unknown,low,low,0.0,0,0.0,0,0,,False,
GHXIU,Financial,Shell Companies,small,low,unknown,0.0,0,0.0,0,0,,False,
GHY,Financial,Closed-End Fund - Debt,small,low,low,0.0,0,0.0,0,0,,False,
GHYB,Financial,Exchange Traded Fund,unknown,low,low,0.0,0,0.0,0,0,,False,
GHYG,Financial,Exchange Traded Fund,unknown,low,low,0.0,0,0.0,0,0,,False,
GIAX,Financial,Exchange Traded Fund,unknown,mid,high,0.0,0,0.0,0,0,,False,
GIB,Technology,Information Technology Services,large,mid,low,0.0,0,0.0,0,0,,False,
GIBO,Communication Services,Internet Content & Information,micro,high,low,0.0,0,0.0,0,0,,False,
GIC,Industrials,Industrial Distribution,small,mid,low,0.0,0,0.0,0,0,,False,
GIEQ,Financial,Exchange Traded Fund,unknown,low,unknown,0.0,0,0.0,0,0,,False,
GIFT,Communication Services,Internet Content & Information,micro,high,low,0.0,0,0.0,0,0,,False,
GIGB,Financial,Exchange Traded Fund,unknown,low,low,0.0,0,0.0,0,0,,False,
GIGL,Financial,Exchange Traded Fund,unknown,low,low,0.0,0,0.0,0,0,,False,
GIGM,Communication Services,Electronic Gaming & Multimedia,micro,mid,low,0.0,0,0.0,0,0,,False,
GII,Financial,Exchange Traded Fund,unknown,low,low,0.0,0,0.0,0,0,,False,
GIII,Consumer Cyclical,Apparel Manufacturing,small,mid,mid,0.0,0,0.0,0,0,,False,
GIL,Consumer Cyclical,Apparel Manufacturing,large,mid,mid,0.0,0,0.0,0,0,,False,
GILD,Healthcare,Drug Manufacturers - General,large,mid,low,0.0,0,0.0,0,0,,False,
GILT,Technology,Communication Equipment,small,high,mid,0.0,0,0.0,0,0,,False,
GINC,Financial,Exchange Traded Fund,unknown,low,unknown,0.0,0,0.0,0,0,,False,
GIND,Financial,Exchange Traded Fund,unknown,low,mid,0.0,0,0.0,0,0,,False,
GINN,Financial,Exchange Traded Fund,unknown,low,mid,0.0,0,0.0,0,0,,False,
GINX,Financial,Exchange Traded Fund,unknown,low,low,0.0,0,0.0,0,0,,False,
GIPR,Real Estate,REIT - Diversified,micro,high,low,0.0,0,0.0,0,0,,False,
GIS,Consumer Defensive,Packaged Foods,large,mid,low,0.0,0,0.0,0,0,,False,
GISC,Financial,Exchange Traded Fund,unknown,low,unknown,0.0,0,0.0,0,0,,False,
GITS,Communication Services,Internet Content & Information,micro,high,low,0.0,0,0.0,0,0,,False,
GIW,Financial,Shell Companies,small,low,unknown,0.0,0,0.0,0,0,,False,
GIX,Financial,Shell Companies,small,low,unknown,0.0,0,0.0,0,0,,False,
GJAN,Financial,Exchange Traded Fund,unknown,low,low,0.0,0,0.0,0,0,,False,
GJUL,Financial,Exchange Traded Fund,unknown,low,low,0.0,0,0.0,0,0,,False,
GJUN,Financial,Exchange Traded Fund,unknown,low,low,0.0,0,0.0,0,0,,False,
GK,Financial,Exchange Traded Fund,unknown,low,high,0.0,0,0.0,0,0,,False,
GKAT,Financial,Exchange Traded Fund,unknown,low,low,0.0,0,0.0,0,0,,False,
GKOS,Healthcare,Medical Devices,large,mid,low,0.0,0,0.0,0,0,,False,
GL,Financial,Insurance - Life,large,mid,low,0.0,0,0.0,0,0,,False,
GLAD,Financial,Asset Management,small,mid,mid,0.0,0,0.0,0,0,,False,
GLAM,Financial,Exchange Traded Fund,unknown,low,unknown,0.0,0,0.0,0,0,,False,
GLAS,Healthcare,Drug Manufacturers - Specialty & Generic,small,high,low,0.0,0,0.0,0,0,,False,
GLBE,Consumer Cyclical,Internet Retail,mid,mid,mid,0.0,0,0.0,0,0,,False,
GLBL,Financial,Exchange Traded Fund,unknown,low,mid,0.0,0,0.0,0,0,,False,
GLBS,Industrials,Marine Shipping,micro,high,low,0.0,0,0.0,0,0,,False,
GLCR,Financial,Exchange Traded Fund,unknown,low,low,0.0,0,0.0,0,0,,False,
GLD,Financial,Exchange Traded Fund,unknown,low,low,0.0,0,0.0,0,0,,False,
GLDB,Financial,Exchange Traded Fund,unknown,low,unknown,0.0,0,0.0,0,0,,False,
GLDG,Basic Materials,Gold,micro,mid,mid,0.0,0,0.0,0,0,,False,
GLDI,Financial,Exchange Traded Fund,unknown,low,low,0.0,0,0.0,0,0,,False,
GLDM,Financial,Exchange Traded Fund,unknown,low,low,0.0,0,0.0,0,0,,False,
GLDN,Financial,Exchange Traded Fund,unknown,mid,unknown,0.0,0,0.0,0,0,,False,
GLDW,Financial,Exchange Traded Fund,unknown,mid,unknown,0.0,0,0.0,0,0,,False,
GLE,Technology,Information Technology Services,micro,high,mid,0.0,0,0.0,0,0,,False,
GLED,Financial,Shell Companies,micro,low,unknown,0.0,0,0.0,0,0,,False,
GLGG,Financial,Exchange Traded Fund,unknown,high,high,0.0,0,0.0,0,0,,False,
GLIBA,Communication Services,Telecom Services,small,mid,low,0.0,0,0.0,0,0,,False,
GLIBK,Communication Services,Telecom Services,small,mid,low,0.0,0,0.0,0,0,,False,
GLIN,Financial,Exchange Traded Fund,unknown,low,low,0.0,0,0.0,0,0,,False,
GLIX,Financial,Exchange Traded Fund,unknown,low,unknown,0.0,0,0.0,0,0,,False,
GLL,Financial,Exchange Traded Fund,unknown,mid,low,0.0,0,0.0,0,0,,False,
GLMD,Healthcare,Biotechnology,micro,high,low,0.0,0,0.0,0,0,,False,
GLND,Energy,Oil & Gas E&P,micro,high,low,0.0,0,0.0,0,0,,False,
GLNG,Energy,Oil & Gas Midstream,mid,mid,low,0.0,0,0.0,0,0,,False,
GLNK,Financial,Exchange Traded Fund,unknown,mid,high,0.0,0,0.0,0,0,,False,
GLO,Financial,Closed-End Fund - Equity,micro,low,mid,0.0,0,0.0,0,0,,False,
GLOB,Technology,Information Technology Services,small,high,mid,0.0,0,0.0,0,0,,False,
GLOF,Financial,Exchange Traded Fund,unknown,low,mid,0.0,0,0.0,0,0,,False,
GLOO,Technology,Software - Application,small,high,unknown,0.0,0,0.0,0,0,,False,
GLOW,Financial,Exchange Traded Fund,unknown,low,mid,0.0,0,0.0,0,0,,False,
GLP,Energy,Oil & Gas Midstream,small,mid,mid,0.0,0,0.0,0,0,,False,
GLPI,Real Estate,REIT - Specialty,large,mid,low,0.0,0,0.0,0,0,,False,
GLQ,Financial,Closed-End Fund - Equity,micro,low,mid,0.0,0,0.0,0,0,,False,
GLRE,Financial,Insurance - Reinsurance,small,mid,low,0.0,0,0.0,0,0,,False,
GLRY,Financial,Exchange Traded Fund,unknown,low,mid,0.0,0,0.0,0,0,,False,
GLSI,Healthcare,Biotechnology,micro,high,high,0.0,0,0.0,0,0,,False,
GLTR,Financial,Exchange Traded Fund,unknown,mid,low,0.0,0,0.0,0,0,,False,
GLU,Financial,Closed-End Fund - Equity,micro,low,low,0.0,0,0.0,0,0,,False,
GLUE,Healthcare,Biotechnology,small,high,high,0.0,0,0.0,0,0,,False,
GLV,Financial,Closed-End Fund - Equity,micro,low,low,0.0,0,0.0,0,0,,False,
GLW,Technology,Electronic Components,large,high,mid,0.0,0,0.0,0,0,,False,
GLWG,Financial,Exchange Traded Fund,unknown,high,unknown,0.0,0,0.0,0,0,,False,
GLX,Financial,Exchange Traded Fund,unknown,high,unknown,0.0,0,0.0,0,0,,False,
GLXG,Industrials,Staffing & Employment Services,micro,high,low,0.0,0,0.0,0,0,,False,
GLXU,Financial,Exchange Traded Fund,unknown,high,high,0.0,0,0.0,0,0,,False,
GLXY,Financial,Capital Markets,mid,high,high,0.0,0,0.0,0,0,,False,
GM,Consumer Cyclical,Auto Manufacturers,large,mid,high,0.0,0,0.0,0,0,,False,
GMAB,Healthcare,Biotechnology,large,mid,mid,0.0,0,0.0,0,0,,False,
GMAR,Financial,Exchange Traded Fund,unknown,low,low,0.0,0,0.0,0,0,,False,
GMAY,Financial,Exchange Traded Fund,unknown,low,low,0.0,0,0.0,0,0,,False,
GME,Consumer Cyclical,Specialty Retail,mid,mid,high,0.0,0,0.0,0,0,,False,
GMEC,Financial,Exchange Traded Fund,unknown,mid,unknown,0.0,0,0.0,0,0,,False,
GMED,Healthcare,Medical Devices,large,mid,mid,0.0,0,0.0,0,0,,False,
GMEU,Financial,Exchange Traded Fund,unknown,high,low,0.0,0,0.0,0,0,,False,
GMEX,Technology,Consumer Electronics,micro,high,high,0.0,0,0.0,0,0,,False,
GMEY,Financial,Exchange Traded Fund,unknown,low,unknown,0.0,0,0.0,0,0,,False,
GMF,Financial,Exchange Traded Fund,unknown,low,low,0.0,0,0.0,0,0,,False,
GMHS,Communication Services,Electronic Gaming & Multimedia,micro,high,low,0.0,1,0.0,0,0,,False,
GMM,Technology,Information Technology Services,micro,high,low,0.0,1,0.0,0,0,,False,
GMMA,Financial,Exchange Traded Fund,unknown,low,low,0.0,0,0.0,0,0,,False,
GMMF,Financial,Exchange Traded Fund,unknown,low,low,0.0,0,0.0,0,0,,False,
GMNY,Financial,Exchange Traded Fund,unknown,low,low,0.0,0,0.0,0,0,,False,
GMOC,Financial,Exchange Traded Fund,unknown,low,unknown,0.0,0,0.0,0,0,,False,
GMOD,Financial,Exchange Traded Fund,unknown,low,unknown,0.0,0,0.0,0,0,,False,
GMOI,Financial,Exchange Traded Fund,unknown,low,low,0.0,0,0.0,0,0,,False,
GMOM,Financial,Exchange Traded Fund,unknown,low,low,0.0,0,0.0,0,0,,False,
GMOV,Financial,Exchange Traded Fund,unknown,low,low,0.0,0,0.0,0,0,,False,
GMRS,Healthcare,Medical Care Facilities,small,high,unknown,0.0,0,0.0,0,0,,False,
GMTL,Basic Materials,Other Precious Metals & Mining,small,high,unknown,0.0,0,0.0,0,0,,False,
GMUB,Financial,Exchange Traded Fund,unknown,low,low,0.0,0,0.0,0,0,,False,
GNE,Utilities,Utilities - Regulated Electric,small,mid,low,0.0,0,0.0,0,0,,False,
GNK,Industrials,Marine Shipping,small,mid,mid,0.0,0,0.0,0,0,,False,
GNL,Real Estate,REIT - Diversified,mid,mid,mid,0.0,0,0.0,0,0,,False,
GNLN,Consumer Defensive,Tobacco,micro,high,high,0.0,0,0.0,0,0,,False,
GNLX,Healthcare,Biotechnology,micro,high,low,0.0,0,0.0,0,0,,False,
GNMA,Financial,Exchange Traded Fund,unknown,low,low,0.0,0,0.0,0,0,,False,
GNMX,Financial,Exchange Traded Fund,unknown,low,unknown,0.0,0,0.0,0,0,,False,
GNOM,Financial,Exchange Traded Fund,unknown,mid,mid,0.0,0,0.0,0,0,,False,
GNOV,Financial,Exchange Traded Fund,unknown,low,low,0.0,0,0.0,0,0,,False,
GNPX,Healthcare,Biotechnology,micro,high,low,0.0,0,0.0,0,0,,False,
GNR,Financial,Exchange Traded Fund,unknown,low,low,0.0,0,0.0,0,0,,False,
GNRC,Industrials,Specialty Industrial Machinery,large,high,high,0.0,0,0.0,0,0,,False,
GNS,Consumer Defensive,Education & Training Services,micro,high,high,0.0,0,0.0,0,0,,False,
GNSS,Technology,Scientific & Technical Instruments,micro,high,low,0.0,0,0.0,0,0,,False,
GNT,Financial,Closed-End Fund - Equity,micro,low,low,0.0,0,0.0,0,0,,False,
GNTA,Healthcare,Biotechnology,micro,high,low,0.0,0,0.0,0,0,,False,
GNTX,Consumer Cyclical,Auto Parts,mid,mid,mid,0.0,0,0.0,0,0,,False,
GNW,Financial,Insurance - Life,mid,mid,mid,0.0,0,0.0,0,0,,False,
GO,Consumer Defensive,Grocery Stores,small,mid,low,0.0,0,0.0,0,0,,False,
GOAI,Technology,Software - Infrastructure,micro,high,high,0.0,0,0.0,0,0,,False,
GOAU,Financial,Exchange Traded Fund,unknown,mid,low,0.0,0,0.0,0,0,,False,
GOCT,Financial,Exchange Traded Fund,unknown,low,low,0.0,0,0.0,0,0,,False,
GOEX,Financial,Exchange Traded Fund,unknown,mid,mid,0.0,0,0.0,0,0,,False,
GOF,Financial,Closed-End Fund - Debt,mid,low,low,0.0,0,0.0,0,0,,False,
GOGL,Financial,Exchange Traded Fund,unknown,high,unknown,0.0,0,0.0,0,0,,False,
GOGO,Communication Services,Telecom Services,small,high,mid,0.0,0,0.0,0,0,,False,
GOIB,Financial,Exchange Traded Fund,unknown,mid,unknown,0.0,0,0.0,0,0,,False,
GOLD,Financial,Capital Markets,small,mid,low,0.0,0,0.0,0,0,,False,
GOLF,Consumer Cyclical,Leisure,mid,high,mid,0.0,0,0.0,0,0,,False,
GOLI,Financial,Exchange Traded Fund,unknown,low,low,0.0,0,0.0,0,0,,False,
GOLS,Financial,Exchange Traded Fund,unknown,low,unknown,0.0,0,0.0,0,0,,False,
GOLY,Financial,Exchange Traded Fund,unknown,mid,low,0.0,0,0.0,0,0,,False,
GOOD,Real Estate,REIT - Diversified,small,mid,mid,0.0,0,0.0,0,0,,False,
GOOG,Communication Services,Internet Content & Information,mega,mid,mid,0.0,0,0.0,0,0,,False,
GOOGL,Communication Services,Internet Content & Information,mega,mid,mid,0.0,0,0.0,0,0,,False,
GOOL,Financial,Exchange Traded Fund,unknown,high,unknown,0.0,0,0.0,0,0,,False,
GOOP,Financial,Exchange Traded Fund,unknown,mid,mid,0.0,0,0.0,0,0,,False,
GOOS,Consumer Cyclical,Apparel Manufacturing,small,mid,high,0.0,0,0.0,0,0,,False,
GOOW,Financial,Exchange Traded Fund,unknown,mid,high,0.0,0,0.0,0,0,,False,
GOOX,Financial,Exchange Traded Fund,unknown,high,high,0.0,0,0.0,0,0,,False,
GOOY,Financial,Exchange Traded Fund,unknown,mid,low,0.0,0,0.0,0,0,,False,
GOP,Financial,Exchange Traded Fund,unknown,low,mid,0.0,0,0.0,0,0,,False,
GORO,Basic Materials,Other Precious Metals & Mining,small,high,mid,0.0,0,0.0,0,0,,False,
GOSS,Healthcare,Biotechnology,micro,high,high,0.0,0,0.0,0,0,,False,
GOTU,Consumer Defensive,Education & Training Services,micro,mid,low,0.0,1,0.0,0,0,,False,
GOU,Financial,Exchange Traded Fund,unknown,high,unknown,0.0,0,0.0,0,0,,False,
GOVI,Financial,Exchange Traded Fund,unknown,low,low,0.0,0,0.0,0,0,,False,
GOVM,Financial,Exchange Traded Fund,unknown,low,unknown,0.0,0,0.0,0,0,,False,
GOVT,Financial,Exchange Traded Fund,unknown,low,low,0.0,0,0.0,0,0,,False,
GOVX,Healthcare,Biotechnology,micro,high,high,0.0,0,0.0,0,0,,False,
GOVZ,Financial,Exchange Traded Fund,unknown,low,low,0.0,0,0.0,0,0,,False,
GP,Industrials,Farm & Heavy Construction Machinery,micro,high,high,0.0,0,0.0,0,0,,False,
GPAC,Financial,Shell Companies,micro,low,unknown,0.0,0,0.0,0,0,,False,
GPAT,Financial,Shell Companies,small,low,low,0.0,0,0.0,0,0,,False,
GPC,Consumer Cyclical,Auto Parts,large,mid,low,0.0,0,0.0,0,0,,False,
GPCR,Healthcare,Biotechnology,mid,mid,low,0.0,0,0.0,0,0,,False,
GPGI,Industrials,Metal Fabrication,mid,high,mid,0.0,0,0.0,0,0,,False,
GPI,Consumer Cyclical,Auto & Truck Dealerships,mid,high,mid,0.0,0,0.0,0,0,,False,
GPIQ,Financial,Exchange Traded Fund,unknown,low,mid,0.0,0,0.0,0,0,,False,
GPIX,Financial,Exchange Traded Fund,unknown,low,mid,0.0,0,0.0,0,0,,False,
GPK,Consumer Cyclical,Packaging & Containers,mid,mid,low,0.0,0,0.0,0,0,,False,
GPMT,Real Estate,REIT - Mortgage,micro,high,high,0.0,0,0.0,0,0,,False,
GPN,Technology,Software - Infrastructure,large,mid,low,0.0,0,0.0,0,0,,False,
GPOR,Energy,Oil & Gas E&P,mid,mid,low,0.0,0,0.0,0,0,,False,
GPRE,Basic Materials,Chemicals,small,high,mid,0.0,0,0.0,0,0,,False,
GPRF,Financial,Exchange Traded Fund,unknown,low,low,0.0,0,0.0,0,0,,False,
GPRK,Energy,Oil & Gas E&P,small,mid,low,0.0,0,0.0,0,0,,False,
GPRO,Technology,Consumer Electronics,micro,high,high,0.0,0,0.0,0,0,,False,
GPT,Financial,Exchange Traded Fund,unknown,low,mid,0.0,0,0.0,0,0,,False,
GPTY,Financial,Exchange Traded Fund,unknown,mid,high,0.0,0,0.0,0,0,,False,
GPUS,Industrials,Conglomerates,micro,high,high,0.0,0,0.0,0,0,,False,
GPZ,Financial,Exchange Traded Fund,unknown,mid,mid,0.0,0,0.0,0,0,,False,
GQGU,Financial,Exchange Traded Fund,unknown,low,low,0.0,0,0.0,0,0,,False,
GQI,Financial,Exchange Traded Fund,unknown,low,low,0.0,0,0.0,0,0,,False,
GQQQ,Financial,Exchange Traded Fund,unknown,low,mid,0.0,0,0.0,0,0,,False,
GQRE,Financial,Exchange Traded Fund,unknown,low,mid,0.0,0,0.0,0,0,,False,
GRAB,Technology,Software - Application,large,mid,mid,0.0,0,0.0,0,0,,False,
GRAG,Financial,Exchange Traded Fund,unknown,high,unknown,0.0,0,0.0,0,0,,False,
GRAL,Healthcare,Diagnostics & Research,mid,high,high,0.0,0,0.0,0,0,,False,
GRAN,Financial,Capital Markets,micro,high,low,0.0,0,0.0,0,0,,False,
GRBK,Consumer Cyclical,Residential Construction,mid,mid,high,0.0,0,0.0,0,0,,False,
GRC,Industrials,Specialty Industrial Machinery,mid,mid,mid,0.0,0,0.0,0,0,,False,
GRCE,Healthcare,Biotechnology,micro,high,low,0.0,0,0.0,0,0,,False,
GRDN,Healthcare,Medical Care Facilities,mid,high,low,0.0,0,0.0,0,0,,False,
GRDX,Healthcare,Biotechnology,micro,high,high,0.0,0,0.0,0,0,,False,
GREK,Financial,Exchange Traded Fund,unknown,low,low,0.0,0,0.0,0,0,,False,
GRF,Financial,Closed-End Fund - Equity,micro,mid,low,0.0,0,0.0,0,0,,False,
GRFS,Healthcare,Drug Manufacturers - General,mid,mid,low,0.0,0,0.0,0,0,,False,
GRI,Healthcare,Biotechnology,micro,high,low,0.0,0,0.0,0,0,,False,
GRID,Financial,Exchange Traded Fund,unknown,mid,mid,0.0,0,0.0,0,0,,False,
GRIN,Financial,Exchange Traded Fund,unknown,low,mid,0.0,0,0.0,0,0,,False,
GRML,Basic Materials,Other Precious Metals & Mining,micro,high,high,0.0,0,0.0,0,0,,False,
GRMN,Technology,Scientific & Technical Instruments,large,mid,mid,0.0,0,0.0,0,0,,False,
GRN,Financial,Exchange Traded Fund,unknown,low,low,0.0,0,0.0,0,0,,False,
GRNB,Financial,Exchange Traded Fund,unknown,low,low,0.0,0,0.0,0,0,,False,
GRND,Technology,Software - Application,mid,high,low,0.0,0,0.0,0,0,,False,
GRNI,Financial,Exchange Traded Fund,unknown,low,unknown,0.0,0,0.0,0,0,,False,
GRNJ,Financial,Exchange Traded Fund,unknown,mid,unknown,0.0,0,0.0,0,0,,False,
GRNQ,Industrials,Consulting Services,micro,high,mid,0.0,0,0.0,0,0,,False,
GRNT,Energy,Oil & Gas E&P,small,mid,low,0.0,0,0.0,0,0,,False,
GRNY,Financial,Exchange Traded Fund,unknown,low,mid,0.0,0,0.0,0,0,,False,
GRO,Basic Materials,Other Industrial Metals & Mining,micro,high,low,0.0,0,0.0,0,0,,False,
GROV,Consumer Defensive,Household & Personal Products,micro,high,mid,0.0,0,0.0,0,0,,False,
GROW,Financial,Asset Management,micro,mid,low,0.0,0,0.0,0,0,,False,
GROY,Basic Materials,Gold,small,mid,mid,0.0,0,0.0,0,0,,False,
GROZ,Financial,Exchange Traded Fund,unknown,low,mid,0.0,0,0.0,0,0,,False,
GRPM,Financial,Exchange Traded Fund,unknown,low,mid,0.0,0,0.0,0,0,,False,
GRPN,Communication Services,Internet Content & Information,small,high,low,0.0,0,0.0,0,0,,False,
GRPZ,Financial,Exchange Traded Fund,unknown,low,mid,0.0,0,0.0,0,0,,False,
GRRR,Technology,Software - Infrastructure,small,high,low,0.0,0,0.0,0,0,,False,
GRSD,Consumer Cyclical,Gambling,micro,high,low,0.0,0,0.0,0,0,,False,
GRVY,Communication Services,Electronic Gaming & Multimedia,small,mid,mid,0.0,0,0.0,0,0,,False,
GRW,Financial,Exchange Traded Fund,unknown,low,mid,0.0,0,0.0,0,0,,False,
GRWG,Consumer Cyclical,Specialty Retail,micro,high,high,0.0,0,0.0,0,0,,False,
GRX,Financial,Closed-End Fund - Equity,micro,low,mid,0.0,0,0.0,0,0,,False,
GS,Financial,Capital Markets,mega,mid,mid,0.0,0,0.0,0,0,,False,
GSAT,Communication Services,Telecom Services,large,low,high,0.0,0,0.0,0,0,,False,
GSBC,Financial,Banks - Regional,small,mid,low,0.0,0,0.0,0,0,,False,
GSBD,Financial,Asset Management,small,mid,low,0.0,0,0.0,0,0,,False,
GSC,Financial,Exchange Traded Fund,unknown,low,mid,0.0,0,0.0,0,0,,False,
GSEE,Financial,Exchange Traded Fund,unknown,low,low,0.0,0,0.0,0,0,,False,
GSEP,Financial,Exchange Traded Fund,unknown,low,low,0.0,0,0.0,0,0,,False,
GSEU,Financial,Exchange Traded Fund,unknown,low,mid,0.0,0,0.0,0,0,,False,
GSEW,Financial,Exchange Traded Fund,unknown,low,mid,0.0,0,0.0,0,0,,False,
GSG,Financial,Exchange Traded Fund,unknown,low,low,0.0,0,0.0,0,0,,False,
GSGO,Financial,Exchange Traded Fund,unknown,low,unknown,0.0,0,0.0,0,0,,False,
GSHD,Financial,Insurance Brokers,mid,high,high,0.0,0,0.0,0,0,,False,
GSHR,Financial,Shell Companies,micro,low,low,0.0,0,0.0,0,0,,False,
GSIB,Financial,Exchange Traded Fund,unknown,low,low,0.0,0,0.0,0,0,,False,
GSID,Financial,Exchange Traded Fund,unknown,low,low,0.0,0,0.0,0,0,,False,
GSIE,Financial,Exchange Traded Fund,unknown,low,low,0.0,0,0.0,0,0,,False,
GSIT,Technology,Semiconductors,micro,high,high,0.0,0,0.0,0,0,,False,
GSIW,Financial,Capital Markets,micro,high,high,0.0,0,0.0,0,0,,False,
GSJY,Financial,Exchange Traded Fund,unknown,low,low,0.0,0,0.0,0,0,,False,
GSK,Healthcare,Drug Manufacturers - General,large,mid,low,0.0,0,0.0,0,0,,False,
GSKH,Financial,Exchange Traded Fund,unknown,low,low,0.0,0,0.0,0,0,,False,
GSL,Industrials,Marine Shipping,small,mid,mid,0.0,0,0.0,0,0,,False,
GSLC,Financial,Exchange Traded Fund,unknown,low,mid,0.0,0,0.0,0,0,,False,
GSM,Basic Materials,Other Industrial Metals & Mining,small,mid,mid,0.0,0,0.0,0,0,,False,
GSOL,Financial,Exchange Traded Fund,unknown,mid,high,0.0,0,0.0,0,0,,False,
GSPY,Financial,Exchange Traded Fund,unknown,low,mid,0.0,0,0.0,0,0,,False,
GSRF,Financial,Shell Companies,micro,low,unknown,0.0,0,0.0,0,0,,False,
GSRV,Financial,Shell Companies,small,low,unknown,0.0,0,0.0,0,0,,False,
GSSC,Financial,Exchange Traded Fund,unknown,low,mid,0.0,0,0.0,0,0,,False,
GSST,Financial,Exchange Traded Fund,unknown,low,low,0.0,0,0.0,0,0,,False,
GSUI,Financial,Exchange Traded Fund,unknown,mid,unknown,0.0,0,0.0,0,0,,False,
GSUN,Consumer Defensive,Education & Training Services,micro,high,high,0.0,1,0.0,0,0,,False,
GSUS,Financial,Exchange Traded Fund,unknown,low,mid,0.0,0,0.0,0,0,,False,
GSWO,Financial,Exchange Traded Fund,unknown,low,low,0.0,0,0.0,0,0,,False,
GSY,Financial,Exchange Traded Fund,unknown,low,low,0.0,0,0.0,0,0,,False,
GT,Consumer Cyclical,Auto Parts,small,high,mid,0.0,0,0.0,0,0,,False,
GTBP,Healthcare,Biotechnology,micro,high,mid,0.0,0,0.0,0,0,,False,
GTE,Energy,Oil & Gas E&P,small,high,low,0.0,0,0.0,0,0,,False,
GTEC,Consumer Cyclical,Auto Parts,micro,high,low,0.0,0,0.0,0,0,,False,
GTEK,Financial,Exchange Traded Fund,unknown,mid,high,0.0,0,0.0,0,0,,False,
GTEN,Financial,Shell Companies,small,low,low,0.0,0,0.0,0,0,,False,
GTERA,Financial,Shell Companies,micro,low,low,0.0,0,0.0,0,0,,False,
GTES,Industrials,Specialty Industrial Machinery,mid,mid,mid,0.0,0,0.0,0,0,,False,
GTIM,Consumer Cyclical,Restaurants,micro,mid,low,0.0,0,0.0,0,0,,False,
GTIP,Financial,Exchange Traded Fund,unknown,low,low,0.0,0,0.0,0,0,,False,
GTLB,Technology,Software - Infrastructure,mid,high,mid,0.0,0,0.0,0,0,,False,
GTM,Technology,Software - Application,small,high,mid,0.0,0,0.0,0,0,,False,
GTN,Communication Services,Broadcasting,small,high,mid,0.0,0,0.0,0,0,,False,
GTND,Financial,Exchange Traded Fund,unknown,low,unknown,0.0,0,0.0,0,0,,False,
GTO,Financial,Exchange Traded Fund,unknown,low,low,0.0,0,0.0,0,0,,False,
GTOC,Financial,Exchange Traded Fund,unknown,low,low,0.0,0,0.0,0,0,,False,
GTOH,Financial,Exchange Traded Fund,unknown,low,low,0.0,0,0.0,0,0,,False,
GTOP,Financial,Exchange Traded Fund,unknown,low,unknown,0.0,0,0.0,0,0,,False,
GTOQ,Financial,Exchange Traded Fund,unknown,low,low,0.0,0,0.0,0,0,,False,
GTOS,Financial,Exchange Traded Fund,unknown,low,low,0.0,0,0.0,0,0,,False,
GTPE,Financial,Exchange Traded Fund,unknown,low,unknown,0.0,0,0.0,0,0,,False,
GTR,Financial,Exchange Traded Fund,unknown,low,low,0.0,0,0.0,0,0,,False,
GTX,Consumer Cyclical,Auto Parts,mid,mid,mid,0.0,0,0.0,0,0,,False,
GTY,Real Estate,REIT - Retail,mid,mid,low,0.0,0,0.0,0,0,,False,
GUAC,Financial,Shell Companies,small,low,unknown,0.0,0,0.0,0,0,,False,
GUG,Financial,Asset Management,unknown,low,low,0.0,0,0.0,0,0,,False,
GUMI,Financial,Exchange Traded Fund,unknown,low,low,0.0,0,0.0,0,0,,False,
GUNR,Financial,Exchange Traded Fund,unknown,low,low,0.0,0,0.0,0,0,,False,
GURE,Basic Materials,Chemicals,micro,high,low,0.0,1,0.0,0,0,,False,
GURU,Financial,Exchange Traded Fund,unknown,low,mid,0.0,0,0.0,0,0,,False,
GUSA,Financial,Exchange Traded Fund,unknown,low,mid,0.0,0,0.0,0,0,,False,
GUSE,Financial,Exchange Traded Fund,unknown,low,unknown,0.0,0,0.0,0,0,,False,
GUSH,Financial,Exchange Traded Fund,unknown,high,mid,0.0,0,0.0,0,0,,False,
GUT,Financial,Closed-End Fund - Equity,small,low,low,0.0,0,0.0,0,0,,False,
GUTS,Healthcare,Biotechnology,micro,high,high,0.0,0,0.0,0,0,,False,
GV,Consumer Defensive,Education & Training Services,micro,high,mid,0.0,0,0.0,0,0,,False,
GVA,Industrials,Engineering & Construction,mid,mid,high,0.0,0,0.0,0,0,,False,
GVAL,Financial,Exchange Traded Fund,unknown,low,low,0.0,0,0.0,0,0,,False,
GVH,Industrials,Integrated Freight & Logistics,micro,high,high,0.0,0,0.0,0,0,,False,
GVI,Financial,Exchange Traded Fund,unknown,low,low,0.0,0,0.0,0,0,,False,
GVIP,Financial,Exchange Traded Fund,unknown,mid,mid,0.0,0,0.0,0,0,,False,
GVLE,Financial,Exchange Traded Fund,unknown,low,unknown,0.0,0,0.0,0,0,,False,
GVLU,Financial,Exchange Traded Fund,unknown,low,mid,0.0,0,0.0,0,0,,False,
GVUS,Financial,Exchange Traded Fund,unknown,low,low,0.0,0,0.0,0,0,,False,
GWAV,Industrials,Waste Management,micro,high,low,0.0,0,0.0,0,0,,False,
GWH,Industrials,Electrical Equipment & Parts,micro,high,high,0.0,0,0.0,0,0,,False,
GWRE,Technology,Software - Application,large,mid,mid,0.0,0,0.0,0,0,,False,
GWRS,Utilities,Utilities - Regulated Water,micro,mid,mid,0.0,0,0.0,0,0,,False,
GWW,Industrials,Industrial Distribution,large,mid,mid,0.0,0,0.0,0,0,,False,
GWX,Financial,Exchange Traded Fund,unknown,low,mid,0.0,0,0.0,0,0,,False,
GXAI,Communication Services,Electronic Gaming & Multimedia,micro,high,mid,0.0,0,0.0,0,0,,False,
GXC,Financial,Exchange Traded Fund,unknown,low,low,0.0,0,0.0,0,0,,False,
GXDW,Financial,Exchange Traded Fund,unknown,mid,high,0.0,0,0.0,0,0,,False,
GXIG,Financial,Exchange Traded Fund,unknown,low,low,0.0,0,0.0,0,0,,False,
GXLC,Financial,Exchange Traded Fund,unknown,low,unknown,0.0,0,0.0,0,0,,False,
GXO,Industrials,Integrated Freight & Logistics,mid,mid,high,0.0,0,0.0,0,0,,False,
GXPC,Financial,Exchange Traded Fund,unknown,mid,high,0.0,0,0.0,0,0,,False,
GXPD,Financial,Exchange Traded Fund,unknown,low,mid,0.0,0,0.0,0,0,,False,
GXPE,Financial,Exchange Traded Fund,unknown,low,low,0.0,0,0.0,0,0,,False,
GXPS,Financial,Exchange Traded Fund,unknown,low,low,0.0,0,0.0,0,0,,False,
GXPT,Financial,Exchange Traded Fund,unknown,mid,high,0.0,0,0.0,0,0,,False,
GXRP,Financial,Exchange Traded Fund,unknown,mid,unknown,0.0,0,0.0,0,0,,False,
GXUS,Financial,Exchange Traded Fund,unknown,low,low,0.0,0,0.0,0,0,,False,
GYGY,Technology,Software - Infrastructure,micro,high,unknown,0.0,0,0.0,0,0,,False,
GYLD,Financial,Exchange Traded Fund,unknown,low,low,0.0,0,0.0,0,0,,False,
GYRE,Healthcare,Biotechnology,small,mid,high,0.0,0,0.0,0,0,,False,
GYRO,Real Estate,Real Estate Services,micro,mid,low,0.0,0,0.0,0,0,,False,
H,Consumer Cyclical,Lodging,large,mid,high,0.0,0,0.0,0,0,,False,
HACK,Financial,Exchange Traded Fund,unknown,mid,mid,0.0,0,0.0,0,0,,False,
HACQ,Financial,Shell Companies,small,low,unknown,0.0,0,0.0,0,0,,False,
HAE,Healthcare,Medical Devices,mid,mid,low,0.0,0,0.0,0,0,,False,
HAFC,Financial,Banks - Regional,small,low,low,0.0,0,0.0,0,0,,False,
HAFN,Industrials,Marine Shipping,mid,mid,low,0.0,0,0.0,0,0,,False,
HAIL,Financial,Exchange Traded Fund,unknown,mid,high,0.0,0,0.0,0,0,,False,
HAIN,Consumer Defensive,Packaged Foods,micro,high,low,0.0,0,0.0,0,0,,False,
HAKY,Financial,Exchange Traded Fund,unknown,mid,unknown,0.0,0,0.0,0,0,,False,
HAL,Energy,Oil & Gas Equipment & Services,large,mid,low,0.0,0,0.0,0,0,,False,
HALO,Healthcare,Biotechnology,large,mid,mid,0.0,0,0.0,0,0,,False,
HALX,Financial,Exchange Traded Fund,unknown,low,unknown,0.0,0,0.0,0,0,,False,
HAO,Communication Services,Advertising Agencies,micro,high,low,0.0,1,0.0,0,0,,False,
HAP,Financial,Exchange Traded Fund,unknown,low,low,0.0,0,0.0,0,0,,False,
HAPI,Financial,Exchange Traded Fund,unknown,low,mid,0.0,0,0.0,0,0,,False,
HAPN,Financial,Banks - Regional,mid,mid,high,0.0,0,0.0,0,0,,False,
HAPS,Financial,Exchange Traded Fund,unknown,low,mid,0.0,0,0.0,0,0,,False,
HARD,Financial,Exchange Traded Fund,unknown,mid,low,0.0,0,0.0,0,0,,False,
HAS,Consumer Cyclical,Leisure,large,mid,low,0.0,0,0.0,0,0,,False,
HASI,Financial,Asset Management,mid,mid,high,0.0,0,0.0,0,0,,False,
HAUG,Financial,Exchange Traded Fund,unknown,low,unknown,0.0,0,0.0,0,0,,False,
HAUS,Financial,Exchange Traded Fund,unknown,low,low,0.0,0,0.0,0,0,,False,
HAUZ,Financial,Exchange Traded Fund,unknown,low,low,0.0,0,0.0,0,0,,False,
HAVA,Financial,Shell Companies,micro,low,unknown,0.0,0,0.0,0,0,,False,
HAWK,Industrials,Aerospace & Defense,mid,high,unknown,0.0,0,0.0,0,0,,False,
HAWX,Financial,Exchange Traded Fund,unknown,low,low,0.0,0,0.0,0,0,,False,
HAYW,Industrials,Electrical Equipment & Parts,mid,mid,mid,0.0,0,0.0,0,0,,False,
HBAN,Financial,Banks - Regional,large,mid,mid,0.0,0,0.0,0,0,,False,
HBB,Consumer Cyclical,"Furnishings, Fixtures & Appliances",small,high,low,0.0,0,0.0,0,0,,False,
HBCP,Financial,Banks - Regional,small,mid,low,0.0,0,0.0,0,0,,False,
HBDC,Financial,Exchange Traded Fund,unknown,low,low,0.0,0,0.0,0,0,,False,
HBIO,Healthcare,Medical Instruments & Supplies,micro,mid,high,0.0,0,0.0,0,0,,False,
HBM,Basic Materials,Copper,large,mid,high,0.0,0,0.0,0,0,,False,
HBMX,Financial,Exchange Traded Fund,unknown,high,unknown,0.0,0,0.0,0,0,,False,
HBNB,Real Estate,Real Estate Services,small,mid,low,0.0,0,0.0,0,0,,False,
HBNC,Financial,Banks - Regional,small,mid,mid,0.0,0,0.0,0,0,,False,
HBR,Financial,Exchange Traded Fund,unknown,mid,unknown,0.0,0,0.0,0,0,,False,
HBT,Financial,Banks - Regional,small,mid,low,0.0,0,0.0,0,0,,False,
HBTA,Financial,Exchange Traded Fund,unknown,low,high,0.0,0,0.0,0,0,,False,
HBTC,Financial,Exchange Traded Fund,unknown,low,low,0.0,0,0.0,0,0,,False,
HCA,Healthcare,Medical Care Facilities,large,mid,mid,0.0,0,0.0,0,0,,False,
HCAC,Financial,Shell Companies,micro,low,unknown,0.0,0,0.0,0,0,,False,
HCAI,Industrials,Farm & Heavy Construction Machinery,micro,high,high,0.0,1,0.0,0,0,,False,
HCAT,Healthcare,Health Information Services,micro,high,high,0.0,0,0.0,0,0,,False,
HCC,Basic Materials,Coking Coal,mid,mid,low,0.0,0,0.0,0,0,,False,
HCI,Financial,Insurance - Property & Casualty,mid,mid,mid,0.0,0,0.0,0,0,,False,
HCIC,Financial,Shell Companies,small,low,unknown,0.0,0,0.0,0,0,,False,
HCKT,Technology,Information Technology Services,micro,high,mid,0.0,0,0.0,0,0,,False,
HCM,Healthcare,Drug Manufacturers - Specialty & Generic,mid,mid,low,0.0,0,0.0,0,0,,False,
HCMA,Financial,Shell Companies,small,low,unknown,0.0,0,0.0,0,0,,False,
HCMT,Financial,Exchange Traded Fund,unknown,mid,high,0.0,0,0.0,0,0,,False,
HCOW,Financial,Exchange Traded Fund,unknown,low,low,0.0,0,0.0,0,0,,False,
HCRB,Financial,Exchange Traded Fund,unknown,low,low,0.0,0,0.0,0,0,,False,
HCSG,Healthcare,Medical Care Facilities,small,mid,mid,0.0,0,0.0,0,0,,False,
HCTI,Healthcare,Health Information Services,micro,high,mid,0.0,0,0.0,0,0,,False,
HCWB,Healthcare,Biotechnology,micro,high,high,0.0,0,0.0,0,0,,False,
HCWC,Consumer Defensive,Grocery Stores,micro,high,high,0.0,0,0.0,0,0,,False,
HD,Consumer Cyclical,Home Improvement Retail,mega,mid,mid,0.0,0,0.0,0,0,,False,
HDB,Financial,Banks - Regional,large,mid,low,0.0,0,0.0,0,0,,False,
HDEF,Financial,Exchange Traded Fund,unknown,low,low,0.0,0,0.0,0,0,,False,
HDG,Financial,Exchange Traded Fund,unknown,low,low,0.0,0,0.0,0,0,,False,
HDGE,Financial,Exchange Traded Fund,unknown,low,low,0.0,0,0.0,0,0,,False,
HDL,Consumer Cyclical,Restaurants,small,mid,low,0.0,0,0.0,0,0,,False,
HDLB,Financial,Exchange Traded Fund,unknown,mid,mid,0.0,0,0.0,0,0,,False,
HDMV,Financial,Exchange Traded Fund,unknown,low,low,0.0,0,0.0,0,0,,False,
HDRN,Industrials,Specialty Industrial Machinery,micro,high,low,0.0,0,0.0,0,0,,False,
HDSN,Basic Materials,Specialty Chemicals,micro,mid,low,0.0,0,0.0,0,0,,False,
HDUS,Financial,Exchange Traded Fund,unknown,low,mid,0.0,0,0.0,0,0,,False,
HDV,Financial,Exchange Traded Fund,unknown,low,low,0.0,0,0.0,0,0,,False,
HE,Utilities,Utilities - Regulated Electric,mid,mid,low,0.0,0,0.0,0,0,,False,
HEAL,Financial,Exchange Traded Fund,unknown,low,mid,0.0,0,0.0,0,0,,False,
HECA,Financial,Exchange Traded Fund,unknown,low,low,0.0,0,0.0,0,0,,False,
HECO,Financial,Exchange Traded Fund,unknown,mid,high,0.0,0,0.0,0,0,,False,
HEDG,Financial,Exchange Traded Fund,unknown,low,unknown,0.0,0,0.0,0,0,,False,
HEDJ,Financial,Exchange Traded Fund,unknown,low,low,0.0,0,0.0,0,0,,False,
HEEM,Financial,Exchange Traded Fund,unknown,mid,low,0.0,0,0.0,0,0,,False,
HEFA,Financial,Exchange Traded Fund,unknown,low,low,0.0,0,0.0,0,0,,False,
HEFT,Financial,Exchange Traded Fund,unknown,low,unknown,0.0,0,0.0,0,0,,False,
HEGD,Financial,Exchange Traded Fund,unknown,low,low,0.0,0,0.0,0,0,,False,
HEI,Industrials,Aerospace & Defense,large,mid,mid,0.0,0,0.0,0,0,,False,
HEI-A,Industrials,Aerospace & Defense,large,mid,mid,0.0,0,0.0,0,0,,False,
HELE,Consumer Defensive,Household & Personal Products,small,high,high,0.0,0,0.0,0,0,,False,
HELO,Financial,Exchange Traded Fund,unknown,low,low,0.0,0,0.0,0,0,,False,
HELP,Healthcare,Biotechnology,small,high,low,0.0,0,0.0,0,0,,False,
HELS,Financial,Exchange Traded Fund,unknown,low,unknown,0.0,0,0.0,0,0,,False,
HELX,Financial,Exchange Traded Fund,unknown,low,mid,0.0,0,0.0,0,0,,False,
HEMI,Financial,Exchange Traded Fund,unknown,low,unknown,0.0,0,0.0,0,0,,False,
HEPS,Consumer Cyclical,Internet Retail,small,mid,high,0.0,0,0.0,0,0,,False,
HEQ,Financial,Closed-End Fund - Equity,micro,low,low,0.0,0,0.0,0,0,,False,
HEQQ,Financial,Exchange Traded Fund,unknown,low,low,0.0,0,0.0,0,0,,False,
HEQT,Financial,Exchange Traded Fund,unknown,low,low,0.0,0,0.0,0,0,,False,
HERD,Financial,Exchange Traded Fund,unknown,low,mid,0.0,0,0.0,0,0,,False,
HERE,Consumer Cyclical,Leisure,micro,high,low,0.0,1,0.0,0,0,,False,
HERO,Financial,Exchange Traded Fund,unknown,mid,mid,0.0,0,0.0,0,0,,False,
HERZ,Financial,Asset Management,micro,mid,low,0.0,0,0.0,0,0,,False,
HESM,Energy,Oil & Gas Midstream,mid,low,low,0.0,0,0.0,0,0,,False,
HEWJ,Financial,Exchange Traded Fund,unknown,low,low,0.0,0,0.0,0,0,,False,
HEZU,Financial,Exchange Traded Fund,unknown,low,low,0.0,0,0.0,0,0,,False,
HF,Financial,Exchange Traded Fund,unknown,low,low,0.0,0,0.0,0,0,,False,
HFBL,Financial,Banks - Regional,micro,mid,low,0.0,0,0.0,0,0,,False,
HFEQ,Financial,Exchange Traded Fund,unknown,low,mid,0.0,0,0.0,0,0,,False,
HFFG,Consumer Defensive,Food Distribution,micro,high,low,0.0,0,0.0,0,0,,False,
HFGM,Financial,Exchange Traded Fund,unknown,low,low,0.0,0,0.0,0,0,,False,
HFGO,Financial,Exchange Traded Fund,unknown,mid,high,0.0,0,0.0,0,0,,False,
HFMF,Financial,Exchange Traded Fund,unknown,low,low,0.0,0,0.0,0,0,,False,
HFND,Financial,Exchange Traded Fund,unknown,low,low,0.0,0,0.0,0,0,,False,
HFRO,Financial,Closed-End Fund - Debt,small,mid,low,0.0,0,0.0,0,0,,False,
HFSI,Financial,Exchange Traded Fund,unknown,low,low,0.0,0,0.0,0,0,,False,
HFSP,Financial,Exchange Traded Fund,unknown,low,low,0.0,0,0.0,0,0,,False,
HFWA,Financial,Banks - Regional,small,mid,low,0.0,0,0.0,0,0,,False,
HFXI,Financial,Exchange Traded Fund,unknown,low,low,0.0,0,0.0,0,0,,False,
HG,Financial,Insurance - Reinsurance,mid,mid,low,0.0,0,0.0,0,0,,False,
HGBL,Financial,Capital Markets,micro,mid,low,0.0,0,0.0,0,0,,False,
HGER,Financial,Exchange Traded Fund,unknown,low,low,0.0,0,0.0,0,0,,False,
HGLB,Financial,Closed-End Fund - Foreign,micro,low,low,0.0,0,0.0,0,0,,False,
HGRO,Financial,Exchange Traded Fund,unknown,low,low,0.0,0,0.0,0,0,,False,
HGTY,Financial,Insurance - Property & Casualty,mid,mid,mid,0.0,0,0.0,0,0,,False,
HGV,Consumer Cyclical,Resorts & Casinos,mid,mid,high,0.0,0,0.0,0,0,,False,
HHH,Real Estate,Real Estate - Diversified,mid,mid,mid,0.0,0,0.0,0,0,,False,
HHS,Industrials,Conglomerates,micro,high,low,0.0,0,0.0,0,0,,False,
HIBL,Financial,Exchange Traded Fund,unknown,high,high,0.0,0,0.0,0,0,,False,
HIBS,Financial,Exchange Traded Fund,unknown,high,low,0.0,0,0.0,0,0,,False,
HIDE,Financial,Exchange Traded Fund,unknown,low,low,0.0,0,0.0,0,0,,False,
HIDV,Financial,Exchange Traded Fund,unknown,low,mid,0.0,0,0.0,0,0,,False,
HIFS,Financial,Banks - Regional,small,mid,mid,0.0,0,0.0,0,0,,False,
HIG,Financial,Insurance - Diversified,large,mid,low,0.0,0,0.0,0,0,,False,
HIGH,Financial,Exchange Traded Fund,unknown,low,low,0.0,0,0.0,0,0,,False,
HIHO,Industrials,Metal Fabrication,micro,high,low,0.0,0,0.0,0,0,,False,
HII,Industrials,Aerospace & Defense,large,mid,low,0.0,0,0.0,0,0,,False,
HIMC,Financial,Exchange Traded Fund,unknown,high,unknown,0.0,0,0.0,0,0,,False,
HIMS,Healthcare,Drug Manufacturers - Specialty & Generic,mid,high,high,0.0,0,0.0,0,0,,False,
HIMU,Financial,Exchange Traded Fund,unknown,low,low,0.0,0,0.0,0,0,,False,
HIMX,Technology,Semiconductors,mid,high,high,0.0,0,0.0,0,0,,False,
HIMZ,Financial,Exchange Traded Fund,unknown,high,high,0.0,0,0.0,0,0,,False,
HIND,Healthcare,Biotechnology,micro,mid,high,0.0,0,0.0,0,0,,False,
HIO,Financial,Closed-End Fund - Debt,small,low,low,0.0,0,0.0,0,0,,False,
HIPO,Financial,Insurance - Property & Casualty,small,mid,high,0.0,0,0.0,0,0,,False,
HIPS,Financial,Exchange Traded Fund,unknown,low,low,0.0,0,0.0,0,0,,False,
HIS,Financial,Exchange Traded Fund,unknown,low,unknown,0.0,0,0.0,0,0,,False,
HISF,Financial,Exchange Traded Fund,unknown,low,low,0.0,0,0.0,0,0,,False,
HIT,Technology,Software - Application,micro,high,high,0.0,0,0.0,0,0,,False,
HITI,Healthcare,Pharmaceutical Retailers,micro,mid,low,0.0,0,0.0,0,0,,False,
HIVE,Financial,Capital Markets,small,high,high,0.0,0,0.0,0,0,,False,
HIW,Real Estate,REIT - Office,mid,mid,mid,0.0,0,0.0,0,0,,False,
HIX,Financial,Closed-End Fund - Debt,small,low,mid,0.0,0,0.0,0,0,,False,
HIYY,Financial,Exchange Traded Fund,unknown,high,unknown,0.0,0,0.0,0,0,,False,
HJLY,Financial,Exchange Traded Fund,unknown,low,unknown,0.0,0,0.0,0,0,,False,
HJUN,Financial,Exchange Traded Fund,unknown,low,unknown,0.0,0,0.0,0,0,,False,
HKD,Technology,Software - Application,small,mid,high,0.0,0,0.0,0,0,,False,
HKIT,Technology,Information Technology Services,micro,high,high,0.0,1,0.0,0,0,,False,
HKPD,Healthcare,Medical Distribution,unknown,high,high,0.0,0,0.0,0,0,,False,
HL,Basic Materials,Other Precious Metals & Mining,large,mid,high,0.0,0,0.0,0,0,,False,
HLAL,Financial,Exchange Traded Fund,unknown,low,mid,0.0,0,0.0,0,0,,False,
HLF,Consumer Defensive,Packaged Foods,small,mid,mid,0.0,0,0.0,0,0,,False,
HLI,Financial,Capital Markets,mid,mid,mid,0.0,0,0.0,0,0,,False,
HLIO,Industrials,Specialty Industrial Machinery,mid,mid,mid,0.0,0,0.0,0,0,,False,
HLIT,Technology,Communication Equipment,small,high,high,0.0,0,0.0,0,0,,False,
HLLY,Consumer Cyclical,Auto Parts,small,high,high,0.0,0,0.0,0,0,,False,
HLMN,Industrials,Tools & Accessories,small,mid,high,0.0,0,0.0,0,0,,False,
HLN,Healthcare,Drug Manufacturers - Specialty & Generic,large,mid,low,0.0,0,0.0,0,0,,False,
HLNE,Financial,Asset Management,mid,mid,mid,0.0,0,0.0,0,0,,False,
HLP,Basic Materials,Steel,micro,high,low,0.0,1,0.0,0,0,,False,
HLT,Consumer Cyclical,Lodging,large,mid,mid,0.0,0,0.0,0,0,,False,
HLTH,Financial,Exchange Traded Fund,unknown,low,unknown,0.0,0,0.0,0,0,,False,
HLX,Energy,Oil & Gas Equipment & Services,small,mid,mid,0.0,0,0.0,0,0,,False,
HLXC,Financial,Shell Companies,micro,low,unknown,0.0,0,0.0,0,0,,False,
HMAY,Financial,Exchange Traded Fund,unknown,low,unknown,0.0,0,0.0,0,0,,False,
HMC,Consumer Cyclical,Auto Manufacturers,large,mid,low,0.0,0,0.0,0,0,,False,
HMH,Energy,Oil & Gas Equipment & Services,small,high,unknown,0.0,0,0.0,0,0,,False,
HMN,Financial,Insurance - Property & Casualty,mid,mid,low,0.0,0,0.0,0,0,,False,
HMOP,Financial,Exchange Traded Fund,unknown,low,low,0.0,0,0.0,0,0,,False,
HMR,Industrials,Marine Shipping,micro,high,low,0.0,0,0.0,0,0,,False,
HMY,Basic Materials,Gold,large,mid,mid,0.0,0,0.0,0,0,,False,
HMYY,Financial,Exchange Traded Fund,unknown,low,unknown,0.0,0,0.0,0,0,,False,
HNDL,Financial,Exchange Traded Fund,unknown,low,low,0.0,0,0.0,0,0,,False,
HNGE,Healthcare,Health Information Services,mid,high,high,0.0,0,0.0,0,0,,False,
HNI,Consumer Cyclical,"Furnishings, Fixtures & Appliances",mid,mid,mid,0.0,0,0.0,0,0,,False,
HNNA,Financial,Asset Management,micro,low,low,0.0,0,0.0,0,0,,False,
HNRG,Utilities,Utilities - Independent Power Producers,small,high,low,0.0,0,0.0,0,0,,False,
HNST,Consumer Defensive,Household & Personal Products,small,high,high,0.0,0,0.0,0,0,,False,
HNVR,Financial,Banks - Regional,micro,mid,low,0.0,0,0.0,0,0,,False,
HODL,Financial,Exchange Traded Fund,unknown,mid,high,0.0,0,0.0,0,0,,False,
HODO,Technology,Software - Application,micro,high,high,0.0,0,0.0,0,0,,False,
HODU,Financial,Exchange Traded Fund,unknown,high,unknown,0.0,0,0.0,0,0,,False,
HOFT,Consumer Cyclical,"Furnishings, Fixtures & Appliances",micro,high,mid,0.0,0,0.0,0,0,,False,
HOG,Consumer Cyclical,Recreational Vehicles,mid,mid,high,0.0,0,0.0,0,0,,False,
HOLA,Financial,Exchange Traded Fund,unknown,low,low,0.0,0,0.0,0,0,,False,
HOLD,Financial,Exchange Traded Fund,unknown,low,mid,0.0,0,0.0,0,0,,False,
HOLO,Technology,Software - Application,micro,high,high,0.0,1,0.0,0,0,,False,
HOMB,Financial,Banks - Regional,mid,low,low,0.0,0,0.0,0,0,,False,
HOMZ,Financial,Exchange Traded Fund,unknown,low,mid,0.0,0,0.0,0,0,,False,
HON,Industrials,Conglomerates,large,mid,mid,0.0,0,0.0,0,0,,False,
HONA,Industrials,Aerospace & Defense,large,high,unknown,0.0,0,0.0,0,0,,False,
HONG,Financial,Exchange Traded Fund,unknown,mid,unknown,0.0,0,0.0,0,0,,False,
HOOC,Financial,Exchange Traded Fund,unknown,high,unknown,0.0,0,0.0,0,0,,False,
HOOD,Financial,Capital Markets,large,high,high,0.0,0,0.0,0,0,,False,
HOOG,Financial,Exchange Traded Fund,unknown,high,high,0.0,0,0.0,0,0,,False,
HOOW,Financial,Exchange Traded Fund,unknown,high,high,0.0,0,0.0,0,0,,False,
HOOX,Financial,Exchange Traded Fund,unknown,high,high,0.0,0,0.0,0,0,,False,
HOOY,Financial,Exchange Traded Fund,unknown,mid,high,0.0,0,0.0,0,0,,False,
HOOZ,Financial,Exchange Traded Fund,unknown,high,unknown,0.0,0,0.0,0,0,,False,
HOPE,Financial,Banks - Regional,small,low,mid,0.0,0,0.0,0,0,,False,
HOUR,Consumer Cyclical,Internet Retail,micro,high,high,0.0,0,0.0,0,0,,False,
HOV,Consumer Cyclical,Residential Construction,small,mid,high,0.0,0,0.0,0,0,,False,
HOVR,Industrials,Aerospace & Defense,micro,high,high,0.0,0,0.0,0,0,,False,
HOWL,Healthcare,Biotechnology,micro,high,low,0.0,0,0.0,0,0,,False,
HOYY,Financial,Exchange Traded Fund,unknown,low,unknown,0.0,0,0.0,0,0,,False,
HP,Energy,Oil & Gas Drilling,mid,mid,low,0.0,0,0.0,0,0,,False,
HPAI,Technology,Software - Infrastructure,micro,high,low,0.0,0,0.0,0,0,,False,
HPE,Technology,Communication Equipment,large,high,high,0.0,0,0.0,0,0,,False,
HPEL,Financial,Exchange Traded Fund,unknown,high,unknown,0.0,0,0.0,0,0,,False,
HPF,Financial,Closed-End Fund - Debt,small,low,low,0.0,0,0.0,0,0,,False,
HPI,Financial,Closed-End Fund - Debt,small,low,low,0.0,0,0.0,0,0,,False,
HPK,Energy,Oil & Gas E&P,small,high,low,0.0,0,0.0,0,0,,False,
HPP,Real Estate,REIT - Office,small,high,high,0.0,0,0.0,0,0,,False,
HPQ,Technology,Computer Hardware,large,mid,mid,0.0,0,0.0,0,0,,False,
HPS,Financial,Closed-End Fund - Debt,small,low,low,0.0,0,0.0,0,0,,False,
HQ,Technology,Software - Infrastructure,small,high,low,0.0,0,0.0,0,0,,False,
HQGO,Financial,Exchange Traded Fund,unknown,low,mid,0.0,0,0.0,0,0,,False,
HQH,Financial,Closed-End Fund - Equity,small,low,low,0.0,0,0.0,0,0,,False,
HQI,Industrials,Staffing & Employment Services,micro,high,mid,0.0,0,0.0,0,0,,False,
HQL,Financial,Closed-End Fund - Equity,small,mid,low,0.0,0,0.0,0,0,,False,
HQY,Healthcare,Health Information Services,mid,mid,low,0.0,0,0.0,0,0,,False,
HR,Real Estate,REIT - Healthcare Facilities,mid,mid,mid,0.0,0,0.0,0,0,,False,
HRB,Consumer Cyclical,Personal Services,mid,mid,low,0.0,0,0.0,0,0,,False,
HRI,Industrials,Rental & Leasing Services,mid,mid,high,0.0,0,0.0,0,0,,False,
HRL,Consumer Defensive,Packaged Foods,large,mid,low,0.0,0,0.0,0,0,,False,
HRMY,Healthcare,Biotechnology,mid,mid,mid,0.0,0,0.0,0,0,,False,
HROW,Healthcare,Drug Manufacturers - Specialty & Generic,small,high,low,0.0,0,0.0,0,0,,False,
HRSK,Financial,Exchange Traded Fund,unknown,low,unknown,0.0,0,0.0,0,0,,False,
HRTG,Financial,Insurance - Property & Casualty,small,mid,mid,0.0,0,0.0,0,0,,False,
HRTS,Financial,Exchange Traded Fund,unknown,low,low,0.0,0,0.0,0,0,,False,
HRTX,Healthcare,Biotechnology,micro,high,high,0.0,0,0.0,0,0,,False,
HRZN,Financial,Asset Management,small,mid,mid,0.0,0,0.0,0,0,,False,
HSAI,Consumer Cyclical,Auto Parts,large,mid,high,0.0,1,0.0,0,0,,False,
HSBC,Financial,Banks - Diversified,mega,low,low,0.0,0,0.0,0,0,,False,
HSBH,Financial,Exchange Traded Fund,unknown,low,low,0.0,0,0.0,0,0,,False,
HSCS,Healthcare,Medical Devices,micro,high,high,0.0,0,0.0,0,0,,False,
HSCZ,Financial,Exchange Traded Fund,unknown,low,low,0.0,0,0.0,0,0,,False,
HSDT,Financial,Asset Management,micro,high,mid,0.0,0,0.0,0,0,,False,
HSHP,Industrials,Marine Shipping,small,mid,high,0.0,0,0.0,0,0,,False,
HSIC,Healthcare,Medical Distribution,large,mid,mid,0.0,0,0.0,0,0,,False,
HSLV,Basic Materials,Silver,small,high,low,0.0,0,0.0,0,0,,False,
HSMV,Financial,Exchange Traded Fund,unknown,low,low,0.0,0,0.0,0,0,,False,
HST,Real Estate,REIT - Hotel & Motel,large,mid,mid,0.0,0,0.0,0,0,,False,
HSTM,Healthcare,Health Information Services,small,mid,low,0.0,0,0.0,0,0,,False,
HSY,Consumer Defensive,Confectioners,large,mid,low,0.0,0,0.0,0,0,,False,
HTAB,Financial,Exchange Traded Fund,unknown,low,low,0.0,0,0.0,0,0,,False,
HTAX,Financial,Exchange Traded Fund,unknown,low,low,0.0,0,0.0,0,0,,False,
HTB,Financial,Banks - Regional,small,mid,low,0.0,0,0.0,0,0,,False,
HTCO,Industrials,Marine Shipping,micro,high,low,0.0,0,0.0,0,0,,False,
HTCR,Technology,Software - Application,micro,high,high,0.0,0,0.0,0,0,,False,
HTD,Financial,Closed-End Fund - Debt,small,low,low,0.0,0,0.0,0,0,,False,
HTEC,Financial,Exchange Traded Fund,unknown,low,mid,0.0,0,0.0,0,0,,False,
HTFL,Healthcare,Health Information Services,mid,high,high,0.0,0,0.0,0,0,,False,
HTGC,Financial,Asset Management,mid,mid,low,0.0,0,0.0,0,0,,False,
HTH,Financial,Financial Conglomerates,mid,mid,mid,0.0,0,0.0,0,0,,False,
HTHT,Consumer Cyclical,Lodging,large,mid,low,0.0,1,0.0,0,0,,False,
HTLD,Industrials,Trucking,small,mid,high,0.0,0,0.0,0,0,,False,
HTLM,Consumer Cyclical,Specialty Retail,micro,high,low,0.0,0,0.0,0,0,,False,
HTO,Utilities,Utilities - Regulated Water,mid,mid,low,0.0,0,0.0,0,0,,False,
HTOO,Utilities,Utilities - Renewable,micro,mid,high,0.0,0,0.0,0,0,,False,
HTRB,Financial,Exchange Traded Fund,unknown,low,low,0.0,0,0.0,0,0,,False,
HTT,Financial,Credit Services,micro,mid,mid,0.0,1,0.0,0,0,,False,
HTUS,Financial,Exchange Traded Fund,unknown,low,mid,0.0,0,0.0,0,0,,False,
HTZ,Industrials,Rental & Leasing Services,small,high,high,0.0,0,0.0,0,0,,False,
HUBB,Industrials,Electrical Equipment & Parts,large,mid,mid,0.0,0,0.0,0,0,,False,
HUBC,Technology,Software - Infrastructure,micro,high,low,0.0,0,0.0,0,0,,False,
HUBG,Industrials,Integrated Freight & Logistics,mid,high,mid,0.0,0,0.0,0,0,,False,
HUBS,Technology,Software - Application,large,high,mid,0.0,0,0.0,0,0,,False,
HUDI,Basic Materials,Steel,micro,high,high,0.0,1,0.0,0,0,,False,
HUHU,Industrials,Specialty Industrial Machinery,micro,high,low,0.0,1,0.0,0,0,,False,
HUIZ,Financial,Insurance Brokers,micro,high,mid,0.0,1,0.0,0,0,,False,
HULL,Financial,Exchange Traded Fund,unknown,low,unknown,0.0,0,0.0,0,0,,False,
HUM,Healthcare,Healthcare Plans,large,mid,low,0.0,0,0.0,0,0,,False,
HUMA,Healthcare,Biotechnology,micro,high,high,0.0,0,0.0,0,0,,False,
HUMN,Financial,Exchange Traded Fund,unknown,mid,high,0.0,0,0.0,0,0,,False,
HUN,Basic Materials,Chemicals,small,high,low,0.0,0,0.0,0,0,,False,
HURA,Healthcare,Biotechnology,micro,high,low,0.0,0,0.0,0,0,,False,
HURC,Industrials,Specialty Industrial Machinery,micro,mid,low,0.0,0,0.0,0,0,,False,
HURN,Industrials,Consulting Services,mid,high,low,0.0,0,0.0,0,0,,False,
HUSV,Financial,Exchange Traded Fund,unknown,low,low,0.0,0,0.0,0,0,,False,
HUT,Financial,Capital Markets,large,high,high,0.0,0,0.0,0,0,,False,
HUTG,Financial,Exchange Traded Fund,unknown,high,unknown,0.0,0,0.0,0,0,,False,
HUYA,Communication Services,Entertainment,micro,mid,mid,0.0,1,0.0,0,0,,False,
HVAC,Financial,Exchange Traded Fund,unknown,mid,high,0.0,0,0.0,0,0,,False,
HVII,Financial,Shell Companies,micro,low,low,0.0,0,0.0,0,0,,False,
HVMC,Financial,Shell Companies,small,low,unknown,0.0,0,0.0,0,0,,False,
HVT,Consumer Cyclical,Home Improvement Retail,small,mid,mid,0.0,0,0.0,0,0,,False,
HWBK,Financial,Banks - Regional,micro,mid,low,0.0,0,0.0,0,0,,False,
HWC,Financial,Banks - Regional,mid,mid,mid,0.0,0,0.0,0,0,,False,
HWH,Consumer Cyclical,Restaurants,micro,high,low,0.0,0,0.0,0,0,,False,
HWIV,Financial,Exchange Traded Fund,unknown,low,unknown,0.0,0,0.0,0,0,,False,
HWKN,Basic Materials,Specialty Chemicals,mid,mid,low,0.0,0,0.0,0,0,,False,
HWM,Industrials,Aerospace & Defense,large,mid,mid,0.0,0,0.0,0,0,,False,
HWO,Financial,Exchange Traded Fund,unknown,low,unknown,0.0,0,0.0,0,0,,False,
HWSM,Financial,Exchange Traded Fund,unknown,low,low,0.0,0,0.0,0,0,,False,
HXHX,Industrials,Integrated Freight & Logistics,micro,high,high,0.0,1,0.0,0,0,,False,
HXL,Industrials,Aerospace & Defense,mid,mid,mid,0.0,0,0.0,0,0,,False,
HY,Industrials,Farm & Heavy Construction Machinery,small,high,high,0.0,0,0.0,0,0,,False,
HYBB,Financial,Exchange Traded Fund,unknown,low,low,0.0,0,0.0,0,0,,False,
HYBI,Financial,Exchange Traded Fund,unknown,low,low,0.0,0,0.0,0,0,,False,
HYBL,Financial,Exchange Traded Fund,unknown,low,low,0.0,0,0.0,0,0,,False,
HYBX,Financial,Exchange Traded Fund,unknown,low,low,0.0,0,0.0,0,0,,False,
HYD,Financial,Exchange Traded Fund,unknown,low,low,0.0,0,0.0,0,0,,False,
HYDB,Financial,Exchange Traded Fund,unknown,low,low,0.0,0,0.0,0,0,,False,
HYDR,Financial,Exchange Traded Fund,unknown,mid,high,0.0,0,0.0,0,0,,False,
HYDW,Financial,Exchange Traded Fund,unknown,low,low,0.0,0,0.0,0,0,,False,
HYEM,Financial,Exchange Traded Fund,unknown,low,low,0.0,0,0.0,0,0,,False,
HYFI,Financial,Exchange Traded Fund,unknown,low,low,0.0,0,0.0,0,0,,False,
HYFM,Industrials,Farm & Heavy Construction Machinery,micro,high,high,0.0,0,0.0,0,0,,False,
HYFT,Healthcare,Biotechnology,micro,high,mid,0.0,0,0.0,0,0,,False,
HYG,Financial,Exchange Traded Fund,unknown,low,low,0.0,0,0.0,0,0,,False,
HYGD,Financial,Exchange Traded Fund,unknown,low,unknown,0.0,0,0.0,0,0,,False,
HYGH,Financial,Exchange Traded Fund,unknown,low,low,0.0,0,0.0,0,0,,False,
HYGM,Financial,Exchange Traded Fund,unknown,low,unknown,0.0,0,0.0,0,0,,False,
HYGU,Financial,Exchange Traded Fund,unknown,high,unknown,0.0,0,0.0,0,0,,False,
HYGV,Financial,Exchange Traded Fund,unknown,low,low,0.0,0,0.0,0,0,,False,
HYGW,Financial,Exchange Traded Fund,unknown,low,low,0.0,0,0.0,0,0,,False,
HYHG,Financial,Exchange Traded Fund,unknown,low,low,0.0,0,0.0,0,0,,False,
HYI,Financial,Closed-End Fund - Debt,micro,low,low,0.0,0,0.0,0,0,,False,
HYIN,Financial,Exchange Traded Fund,unknown,low,mid,0.0,0,0.0,0,0,,False,
HYLB,Financial,Exchange Traded Fund,unknown,low,low,0.0,0,0.0,0,0,,False,
HYLN,Industrials,Electrical Equipment & Parts,small,high,high,0.0,0,0.0,0,0,,False,
HYLS,Financial,Exchange Traded Fund,unknown,low,low,0.0,0,0.0,0,0,,False,
HYMB,Financial,Exchange Traded Fund,unknown,low,low,0.0,0,0.0,0,0,,False,
HYMC,Basic Materials,Gold,mid,high,high,0.0,0,0.0,0,0,,False,
HYNE,Financial,Banks - Regional,micro,low,unknown,0.0,0,0.0,0,0,,False,
HYNX,Financial,Exchange Traded Fund,unknown,high,unknown,0.0,0,0.0,0,0,,False,
HYP,Financial,Exchange Traded Fund,unknown,mid,unknown,0.0,0,0.0,0,0,,False,
HYPD,Healthcare,Biotechnology,micro,high,high,0.0,0,0.0,0,0,,False,
HYPG,Financial,Exchange Traded Fund,unknown,high,unknown,0.0,0,0.0,0,0,,False,
HYPR,Healthcare,Medical Devices,micro,high,high,0.0,0,0.0,0,0,,False,
HYS,Financial,Exchange Traded Fund,unknown,low,low,0.0,0,0.0,0,0,,False,
HYSA,Financial,Exchange Traded Fund,unknown,low,low,0.0,0,0.0,0,0,,False,
HYSD,Financial,Exchange Traded Fund,unknown,low,low,0.0,0,0.0,0,0,,False,
HYT,Financial,Closed-End Fund - Debt,small,low,low,0.0,0,0.0,0,0,,False,
HYTI,Financial,Exchange Traded Fund,unknown,low,low,0.0,0,0.0,0,0,,False,
HYTR,Financial,Exchange Traded Fund,unknown,low,low,0.0,0,0.0,0,0,,False,
HYUP,Financial,Exchange Traded Fund,unknown,low,low,0.0,0,0.0,0,0,,False,
HYXF,Financial,Exchange Traded Fund,unknown,low,low,0.0,0,0.0,0,0,,False,
HYZD,Financial,Exchange Traded Fund,unknown,low,low,0.0,0,0.0,0,0,,False,
HZO,Consumer Cyclical,Specialty Retail,small,mid,high,0.0,0,0.0,0,0,,False,
IACO,Financial,Shell Companies,small,low,unknown,0.0,0,0.0,0,0,,False,
IACQ,Financial,Shell Companies,small,low,unknown,0.0,0,0.0,0,0,,False,
IAE,Financial,Closed-End Fund - Foreign,micro,mid,low,0.0,0,0.0,0,0,,False,
IAF,Financial,Closed-End Fund - Equity,micro,low,mid,0.0,0,0.0,0,0,,False,
IAG,Basic Materials,Gold,large,mid,high,0.0,0,0.0,0,0,,False,
IAGG,Financial,Exchange Traded Fund,unknown,low,low,0.0,0,0.0,0,0,,False,
IAI,Financial,Exchange Traded Fund,unknown,low,mid,0.0,0,0.0,0,0,,False,
IAK,Financial,Exchange Traded Fund,unknown,low,low,0.0,0,0.0,0,0,,False,
IALT,Financial,Exchange Traded Fund,unknown,low,unknown,0.0,0,0.0,0,0,,False,
IAPR,Financial,Exchange Traded Fund,unknown,low,low,0.0,0,0.0,0,0,,False,
IART,Healthcare,Medical Devices,small,high,mid,0.0,0,0.0,0,0,,False,
IAT,Financial,Exchange Traded Fund,unknown,low,mid,0.0,0,0.0,0,0,,False,
IAU,Financial,Exchange Traded Fund,unknown,low,low,0.0,0,0.0,0,0,,False,
IAUG,Financial,Exchange Traded Fund,unknown,low,low,0.0,0,0.0,0,0,,False,
IAUI,Financial,Exchange Traded Fund,unknown,low,low,0.0,0,0.0,0,0,,False,
IAUM,Financial,Exchange Traded Fund,unknown,low,low,0.0,0,0.0,0,0,,False,
IAUX,Basic Materials,Gold,small,mid,mid,0.0,0,0.0,0,0,,False,
IBAC,Financial,Shell Companies,micro,low,low,0.0,0,0.0,0,0,,False,
IBAT,Financial,Exchange Traded Fund,unknown,mid,high,0.0,0,0.0,0,0,,False,
IBB,Financial,Exchange Traded Fund,unknown,low,low,0.0,0,0.0,0,0,,False,
IBBQ,Financial,Exchange Traded Fund,unknown,low,low,0.0,0,0.0,0,0,,False,
IBCA,Financial,Exchange Traded Fund,unknown,low,low,0.0,0,0.0,0,0,,False,
IBCB,Financial,Exchange Traded Fund,unknown,low,unknown,0.0,0,0.0,0,0,,False,
IBCP,Financial,Banks - Regional,small,low,low,0.0,0,0.0,0,0,,False,
IBD,Financial,Exchange Traded Fund,unknown,low,low,0.0,0,0.0,0,0,,False,
IBDR,Financial,Exchange Traded Fund,unknown,low,low,0.0,0,0.0,0,0,,False,
IBDS,Financial,Exchange Traded Fund,unknown,low,low,0.0,0,0.0,0,0,,False,
IBDT,Financial,Exchange Traded Fund,unknown,low,low,0.0,0,0.0,0,0,,False,
IBDU,Financial,Exchange Traded Fund,unknown,low,low,0.0,0,0.0,0,0,,False,
IBDV,Financial,Exchange Traded Fund,unknown,low,low,0.0,0,0.0,0,0,,False,
IBDW,Financial,Exchange Traded Fund,unknown,low,low,0.0,0,0.0,0,0,,False,
IBDX,Financial,Exchange Traded Fund,unknown,low,low,0.0,0,0.0,0,0,,False,
IBDY,Financial,Exchange Traded Fund,unknown,low,low,0.0,0,0.0,0,0,,False,
IBDZ,Financial,Exchange Traded Fund,unknown,low,low,0.0,0,0.0,0,0,,False,
IBEX,Technology,Information Technology Services,small,mid,low,0.0,0,0.0,0,0,,False,
IBFR,Financial,Exchange Traded Fund,unknown,low,unknown,0.0,0,0.0,0,0,,False,
IBG,Consumer Defensive,Beverages - Wineries & Distilleries,micro,high,high,0.0,0,0.0,0,0,,False,
IBGA,Financial,Exchange Traded Fund,unknown,low,low,0.0,0,0.0,0,0,,False,
IBGB,Financial,Exchange Traded Fund,unknown,low,low,0.0,0,0.0,0,0,,False,
IBGC,Financial,Exchange Traded Fund,unknown,low,unknown,0.0,0,0.0,0,0,,False,
IBGK,Financial,Exchange Traded Fund,unknown,low,low,0.0,0,0.0,0,0,,False,
IBGL,Financial,Exchange Traded Fund,unknown,low,low,0.0,0,0.0,0,0,,False,
IBGM,Financial,Exchange Traded Fund,unknown,low,unknown,0.0,0,0.0,0,0,,False,
IBHF,Financial,Exchange Traded Fund,unknown,low,low,0.0,0,0.0,0,0,,False,
IBHG,Financial,Exchange Traded Fund,unknown,low,low,0.0,0,0.0,0,0,,False,
IBHH,Financial,Exchange Traded Fund,unknown,low,low,0.0,0,0.0,0,0,,False,
IBHI,Financial,Exchange Traded Fund,unknown,low,low,0.0,0,0.0,0,0,,False,
IBHJ,Financial,Exchange Traded Fund,unknown,low,low,0.0,0,0.0,0,0,,False,
IBHK,Financial,Exchange Traded Fund,unknown,low,low,0.0,0,0.0,0,0,,False,
IBHL,Financial,Exchange Traded Fund,unknown,low,low,0.0,0,0.0,0,0,,False,
IBHM,Financial,Exchange Traded Fund,unknown,low,unknown,0.0,0,0.0,0,0,,False,
IBIC,Financial,Exchange Traded Fund,unknown,low,low,0.0,0,0.0,0,0,,False,
IBID,Financial,Exchange Traded Fund,unknown,low,low,0.0,0,0.0,0,0,,False,
IBIE,Financial,Exchange Traded Fund,unknown,low,low,0.0,0,0.0,0,0,,False,
IBIF,Financial,Exchange Traded Fund,unknown,low,low,0.0,0,0.0,0,0,,False,
IBIG,Financial,Exchange Traded Fund,unknown,low,low,0.0,0,0.0,0,0,,False,
IBIH,Financial,Exchange Traded Fund,unknown,low,low,0.0,0,0.0,0,0,,False,
IBII,Financial,Exchange Traded Fund,unknown,low,low,0.0,0,0.0,0,0,,False,
IBIJ,Financial,Exchange Traded Fund,unknown,low,low,0.0,0,0.0,0,0,,False,
IBIK,Financial,Exchange Traded Fund,unknown,low,low,0.0,0,0.0,0,0,,False,
IBIL,Financial,Exchange Traded Fund,unknown,low,low,0.0,0,0.0,0,0,,False,
IBIM,Financial,Exchange Traded Fund,unknown,low,unknown,0.0,0,0.0,0,0,,False,
IBIO,Healthcare,Biotechnology,micro,high,high,0.0,0,0.0,0,0,,False,
IBIT,Financial,Exchange Traded Fund,unknown,mid,high,0.0,0,0.0,0,0,,False,
IBKR,Financial,Capital Markets,large,mid,high,0.0,0,0.0,0,0,,False,
IBLC,Financial,Exchange Traded Fund,unknown,mid,high,0.0,0,0.0,0,0,,False,
IBM,Technology,Information Technology Services,mega,mid,low,0.0,0,0.0,0,0,,False,
IBMO,Financial,Exchange Traded Fund,unknown,low,low,0.0,0,0.0,0,0,,False,
IBMP,Financial,Exchange Traded Fund,unknown,low,low,0.0,0,0.0,0,0,,False,
IBMQ,Financial,Exchange Traded Fund,unknown,low,low,0.0,0,0.0,0,0,,False,
IBMR,Financial,Exchange Traded Fund,unknown,low,low,0.0,0,0.0,0,0,,False,
IBMS,Financial,Exchange Traded Fund,unknown,low,low,0.0,0,0.0,0,0,,False,
IBMT,Financial,Exchange Traded Fund,unknown,low,low,0.0,0,0.0,0,0,,False,
IBMU,Financial,Exchange Traded Fund,unknown,low,unknown,0.0,0,0.0,0,0,,False,
IBMV,Financial,Exchange Traded Fund,unknown,low,unknown,0.0,0,0.0,0,0,,False,
IBMW,Financial,Exchange Traded Fund,unknown,low,unknown,0.0,0,0.0,0,0,,False,
IBMX,Financial,Exchange Traded Fund,unknown,low,unknown,0.0,0,0.0,0,0,,False,
IBN,Financial,Banks - Regional,large,low,low,0.0,0,0.0,0,0,,False,
IBND,Financial,Exchange Traded Fund,unknown,low,low,0.0,0,0.0,0,0,,False,
IBO,Healthcare,Biotechnology,micro,high,high,0.0,0,0.0,0,0,,False,
IBOC,Financial,Banks - Regional,mid,mid,low,0.0,0,0.0,0,0,,False,
IBOT,Financial,Exchange Traded Fund,unknown,low,high,0.0,0,0.0,0,0,,False,
IBP,Consumer Cyclical,Residential Construction,mid,mid,high,0.0,0,0.0,0,0,,False,
IBRN,Financial,Exchange Traded Fund,unknown,low,low,0.0,0,0.0,0,0,,False,
IBRX,Healthcare,Biotechnology,mid,high,low,0.0,0,0.0,0,0,,False,
IBTA,Technology,Software - Application,small,high,low,0.0,0,0.0,0,0,,False,
IBTG,Financial,Exchange Traded Fund,unknown,low,low,0.0,0,0.0,0,0,,False,
IBTH,Financial,Exchange Traded Fund,unknown,low,low,0.0,0,0.0,0,0,,False,
IBTI,Financial,Exchange Traded Fund,unknown,low,low,0.0,0,0.0,0,0,,False,
IBTJ,Financial,Exchange Traded Fund,unknown,low,low,0.0,0,0.0,0,0,,False,
IBTK,Financial,Exchange Traded Fund,unknown,low,low,0.0,0,0.0,0,0,,False,
IBTL,Financial,Exchange Traded Fund,unknown,low,low,0.0,0,0.0,0,0,,False,
IBTM,Financial,Exchange Traded Fund,unknown,low,low,0.0,0,0.0,0,0,,False,
IBTO,Financial,Exchange Traded Fund,unknown,low,low,0.0,0,0.0,0,0,,False,
IBTP,Financial,Exchange Traded Fund,unknown,low,low,0.0,0,0.0,0,0,,False,
IBTQ,Financial,Exchange Traded Fund,unknown,low,low,0.0,0,0.0,0,0,,False,
IBTR,Financial,Exchange Traded Fund,unknown,low,unknown,0.0,0,0.0,0,0,,False,
IBUF,Financial,Exchange Traded Fund,unknown,low,low,0.0,0,0.0,0,0,,False,
IBUY,Financial,Exchange Traded Fund,unknown,low,high,0.0,0,0.0,0,0,,False,
IBX,Financial,Exchange Traded Fund,unknown,high,unknown,0.0,0,0.0,0,0,,False,
ICAP,Financial,Exchange Traded Fund,unknown,low,mid,0.0,0,0.0,0,0,,False,
ICCC,Healthcare,Biotechnology,micro,mid,low,0.0,0,0.0,0,0,,False,
ICCM,Healthcare,Medical Devices,micro,high,low,0.0,0,0.0,0,0,,False,
ICE,Financial,Financial Data & Stock Exchanges,large,mid,mid,0.0,0,0.0,0,0,,False,
ICF,Financial,Exchange Traded Fund,unknown,low,mid,0.0,0,0.0,0,0,,False,
ICFI,Industrials,Consulting Services,small,mid,low,0.0,0,0.0,0,0,,False,
ICG,Technology,Semiconductors,micro,high,mid,0.0,1,0.0,0,0,,False,
ICHR,Technology,Semiconductor Equipment & Materials,mid,high,high,0.0,0,0.0,0,0,,False,
ICL,Basic Materials,Agricultural Inputs,mid,mid,mid,0.0,0,0.0,0,0,,False,
ICLN,Financial,Exchange Traded Fund,unknown,mid,mid,0.0,0,0.0,0,0,,False,
ICLO,Financial,Exchange Traded Fund,unknown,low,low,0.0,0,0.0,0,0,,False,
ICLR,Healthcare,Diagnostics & Research,large,mid,mid,0.0,0,0.0,0,0,,False,
ICMB,Financial,Asset Management,micro,high,low,0.0,0,0.0,0,0,,False,
ICOI,Financial,Exchange Traded Fund,unknown,mid,high,0.0,0,0.0,0,0,,False,
ICON,Industrials,Marine Shipping,unknown,high,high,0.0,0,0.0,0,0,,False,
ICOP,Financial,Exchange Traded Fund,unknown,mid,mid,0.0,0,0.0,0,0,,False,
ICOW,Financial,Exchange Traded Fund,unknown,low,low,0.0,0,0.0,0,0,,False,
ICPI,Financial,Exchange Traded Fund,unknown,low,unknown,0.0,0,0.0,0,0,,False,
ICPY,Financial,Exchange Traded Fund,unknown,mid,unknown,0.0,0,0.0,0,0,,False,
ICRC,Financial,Exchange Traded Fund,unknown,mid,unknown,0.0,0,0.0,0,0,,False,
ICSH,Financial,Exchange Traded Fund,unknown,low,low,0.0,0,0.0,0,0,,False,
ICU,Healthcare,Biotechnology,micro,high,low,0.0,0,0.0,0,0,,False,
ICUI,Healthcare,Medical Instruments & Supplies,mid,mid,low,0.0,0,0.0,0,0,,False,
ICVT,Financial,Exchange Traded Fund,unknown,low,low,0.0,0,0.0,0,0,,False,
IDA,Utilities,Utilities - Regulated Electric,mid,mid,low,0.0,0,0.0,0,0,,False,
IDAC,Financial,Shell Companies,micro,low,unknown,0.0,0,0.0,0,0,,False,
IDAI,Technology,Software - Application,micro,high,low,0.0,0,0.0,0,0,,False,
IDAU,Financial,Exchange Traded Fund,unknown,low,unknown,0.0,0,0.0,0,0,,False,
IDCC,Technology,Software - Application,mid,mid,high,0.0,0,0.0,0,0,,False,
IDE,Financial,Closed-End Fund - Equity,micro,low,mid,0.0,0,0.0,0,0,,False,
IDEC,Financial,Exchange Traded Fund,unknown,low,low,0.0,0,0.0,0,0,,False,
IDEF,Financial,Exchange Traded Fund,unknown,low,mid,0.0,0,0.0,0,0,,False,
IDEQ,Financial,Exchange Traded Fund,unknown,low,low,0.0,0,0.0,0,0,,False,
IDEV,Financial,Exchange Traded Fund,unknown,low,mid,0.0,0,0.0,0,0,,False,
IDGT,Financial,Exchange Traded Fund,unknown,mid,mid,0.0,0,0.0,0,0,,False,
IDHQ,Financial,Exchange Traded Fund,unknown,low,mid,0.0,0,0.0,0,0,,False,
IDIAU,Financial,Shell Companies,unknown,unknown,unknown,0.0,0,0.0,0,0,,False,
IDJL,Financial,Exchange Traded Fund,unknown,low,unknown,0.0,0,0.0,0,0,,False,
IDJN,Financial,Exchange Traded Fund,unknown,low,unknown,0.0,0,0.0,0,0,,False,
IDLV,Financial,Exchange Traded Fund,unknown,low,low,0.0,0,0.0,0,0,,False,
IDMO,Financial,Exchange Traded Fund,unknown,low,mid,0.0,0,0.0,0,0,,False,
IDMY,Financial,Exchange Traded Fund,unknown,low,unknown,0.0,0,0.0,0,0,,False,
IDN,Technology,Software - Application,micro,mid,mid,0.0,0,0.0,0,0,,False,
IDNA,Financial,Exchange Traded Fund,unknown,low,mid,0.0,0,0.0,0,0,,False,
IDOG,Financial,Exchange Traded Fund,unknown,low,low,0.0,0,0.0,0,0,,False,
IDR,Basic Materials,Gold,small,high,mid,0.0,0,0.0,0,0,,False,
IDRV,Financial,Exchange Traded Fund,unknown,low,mid,0.0,0,0.0,0,0,,False,
IDT,Communication Services,Telecom Services,small,mid,low,0.0,0,0.0,0,0,,False,
IDU,Financial,Exchange Traded Fund,unknown,low,low,0.0,0,0.0,0,0,,False,
IDUB,Financial,Exchange Traded Fund,unknown,low,low,0.0,0,0.0,0,0,,False,
IDV,Financial,Exchange Traded Fund,unknown,low,low,0.0,0,0.0,0,0,,False,
IDVO,Financial,Exchange Traded Fund,unknown,low,low,0.0,0,0.0,0,0,,False,
IDVY,Financial,Exchange Traded Fund,unknown,low,unknown,0.0,0,0.0,0,0,,False,
IDVZ,Financial,Exchange Traded Fund,unknown,low,low,0.0,0,0.0,0,0,,False,
IDX,Financial,Exchange Traded Fund,unknown,low,low,0.0,0,0.0,0,0,,False,
IDXX,Healthcare,Diagnostics & Research,large,mid,high,0.0,0,0.0,0,0,,False,
IDYA,Healthcare,Biotechnology,mid,mid,low,0.0,0,0.0,0,0,,False,
IDYN,Financial,Exchange Traded Fund,unknown,low,low,0.0,0,0.0,0,0,,False,
IE,Basic Materials,Copper,small,high,mid,0.0,0,0.0,0,0,,False,
IEAG,Financial,Shell Companies,small,low,unknown,0.0,0,0.0,0,0,,False,
IEDI,Financial,Exchange Traded Fund,unknown,low,mid,0.0,0,0.0,0,0,,False,
IEF,Financial,Exchange Traded Fund,unknown,low,low,0.0,0,0.0,0,0,,False,
IEFA,Financial,Exchange Traded Fund,unknown,low,low,0.0,0,0.0,0,0,,False,
IEI,Financial,Exchange Traded Fund,unknown,low,low,0.0,0,0.0,0,0,,False,
IEMG,Financial,Exchange Traded Fund,unknown,low,low,0.0,0,0.0,0,0,,False,
IEO,Financial,Exchange Traded Fund,unknown,mid,low,0.0,0,0.0,0,0,,False,
IEP,Energy,Oil & Gas Refining & Marketing,mid,mid,low,0.0,0,0.0,0,0,,False,
IESC,Industrials,Engineering & Construction,large,high,high,0.0,0,0.0,0,0,,False,
IETC,Financial,Exchange Traded Fund,unknown,mid,mid,0.0,0,0.0,0,0,,False,
IETH,Financial,Exchange Traded Fund,unknown,low,unknown,0.0,0,0.0,0,0,,False,
IEUR,Financial,Exchange Traded Fund,unknown,low,mid,0.0,0,0.0,0,0,,False,
IEUS,Financial,Exchange Traded Fund,unknown,low,mid,0.0,0,0.0,0,0,,False,
IEV,Financial,Exchange Traded Fund,unknown,low,mid,0.0,0,0.0,0,0,,False,
IEX,Industrials,Specialty Industrial Machinery,large,mid,mid,0.0,0,0.0,0,0,,False,
IEZ,Financial,Exchange Traded Fund,unknown,mid,mid,0.0,0,0.0,0,0,,False,
IFBD,Technology,Software - Application,micro,high,high,0.0,0,0.0,0,0,,False,
IFEB,Financial,Exchange Traded Fund,unknown,low,low,0.0,0,0.0,0,0,,False,
IFED,Financial,Exchange Traded Fund,unknown,mid,mid,0.0,0,0.0,0,0,,False,
IFF,Basic Materials,Specialty Chemicals,large,mid,mid,0.0,0,0.0,0,0,,False,
IFGL,Financial,Exchange Traded Fund,unknown,low,mid,0.0,0,0.0,0,0,,False,
IFLN,Financial,Exchange Traded Fund,unknown,low,low,0.0,0,0.0,0,0,,False,
IFLO,Financial,Exchange Traded Fund,unknown,low,low,0.0,0,0.0,0,0,,False,
IFLR,Financial,Exchange Traded Fund,unknown,low,unknown,0.0,0,0.0,0,0,,False,
IFN,Financial,Closed-End Fund - Equity,small,low,low,0.0,0,0.0,0,0,,False,
IFRA,Financial,Exchange Traded Fund,unknown,low,mid,0.0,0,0.0,0,0,,False,
IFRX,Healthcare,Biotechnology,micro,high,high,0.0,0,0.0,0,0,,False,
IFS,Financial,Banks - Regional,mid,mid,mid,0.0,0,0.0,0,0,,False,
IFV,Financial,Exchange Traded Fund,unknown,low,low,0.0,0,0.0,0,0,,False,
IG,Financial,Exchange Traded Fund,unknown,low,low,0.0,0,0.0,0,0,,False,
IGA,Financial,Closed-End Fund - Foreign,micro,low,low,0.0,0,0.0,0,0,,False,
IGAC,Financial,Shell Companies,micro,low,unknown,0.0,0,0.0,0,0,,False,
IGBH,Financial,Exchange Traded Fund,unknown,low,low,0.0,0,0.0,0,0,,False,
IGC,Healthcare,Biotechnology,micro,mid,low,0.0,0,0.0,0,0,,False,
IGCB,Financial,Exchange Traded Fund,unknown,low,low,0.0,0,0.0,0,0,,False,
IGD,Financial,Closed-End Fund - Foreign,small,low,low,0.0,0,0.0,0,0,,False,
IGE,Financial,Exchange Traded Fund,unknown,low,low,0.0,0,0.0,0,0,,False,
IGEB,Financial,Exchange Traded Fund,unknown,low,low,0.0,0,0.0,0,0,,False,
IGF,Financial,Exchange Traded Fund,unknown,low,low,0.0,0,0.0,0,0,,False,
IGGY,Financial,Exchange Traded Fund,unknown,low,unknown,0.0,0,0.0,0,0,,False,
IGHG,Financial,Exchange Traded Fund,unknown,low,low,0.0,0,0.0,0,0,,False,
IGI,Financial,Closed-End Fund - Debt,micro,low,low,0.0,0,0.0,0,0,,False,
IGIB,Financial,Exchange Traded Fund,unknown,low,low,0.0,0,0.0,0,0,,False,
IGIC,Financial,Insurance - Diversified,small,mid,low,0.0,0,0.0,0,0,,False,
IGLB,Financial,Exchange Traded Fund,unknown,low,low,0.0,0,0.0,0,0,,False,
IGLD,Financial,Exchange Traded Fund,unknown,low,low,0.0,0,0.0,0,0,,False,
IGM,Financial,Exchange Traded Fund,unknown,mid,high,0.0,0,0.0,0,0,,False,
IGME,Financial,Exchange Traded Fund,unknown,low,low,0.0,0,0.0,0,0,,False,
IGOV,Financial,Exchange Traded Fund,unknown,low,low,0.0,0,0.0,0,0,,False,
IGPT,Financial,Exchange Traded Fund,unknown,mid,high,0.0,0,0.0,0,0,,False,
IGR,Financial,Closed-End Fund - Foreign,small,low,high,0.0,0,0.0,0,0,,False,
IGRO,Financial,Exchange Traded Fund,unknown,low,low,0.0,0,0.0,0,0,,False,
IGSB,Financial,Exchange Traded Fund,unknown,low,low,0.0,0,0.0,0,0,,False,
IGV,Financial,Exchange Traded Fund,unknown,mid,mid,0.0,0,0.0,0,0,,False,
IH,Consumer Defensive,Education & Training Services,micro,mid,low,0.0,1,0.0,0,0,,False,
IHAK,Financial,Exchange Traded Fund,unknown,mid,mid,0.0,0,0.0,0,0,,False,
IHD,Financial,Closed-End Fund - Foreign,micro,low,low,0.0,0,0.0,0,0,,False,
IHDG,Financial,Exchange Traded Fund,unknown,low,low,0.0,0,0.0,0,0,,False,
IHE,Financial,Exchange Traded Fund,unknown,low,low,0.0,0,0.0,0,0,,False,
IHF,Financial,Exchange Traded Fund,unknown,low,low,0.0,0,0.0,0,0,,False,
IHG,Consumer Cyclical,Lodging,large,mid,mid,0.0,0,0.0,0,0,,False,
IHI,Financial,Exchange Traded Fund,unknown,mid,mid,0.0,0,0.0,0,0,,False,
IHRT,Communication Services,Broadcasting,small,high,high,0.0,0,0.0,0,0,,False,
IHS,Real Estate,Real Estate Services,mid,low,low,0.0,0,0.0,0,0,,False,
IHT,Real Estate,REIT - Hotel & Motel,micro,high,low,0.0,0,0.0,0,0,,False,
IHY,Financial,Exchange Traded Fund,unknown,low,low,0.0,0,0.0,0,0,,False,
IIF,Financial,Closed-End Fund - Foreign,micro,low,low,0.0,0,0.0,0,0,,False,
IIGD,Financial,Exchange Traded Fund,unknown,low,low,0.0,0,0.0,0,0,,False,
III,Technology,Information Technology Services,micro,mid,mid,0.0,0,0.0,0,0,,False,
IIIN,Industrials,Metal Fabrication,small,mid,low,0.0,0,0.0,0,0,,False,
IIIV,Technology,Software - Infrastructure,small,high,mid,0.0,0,0.0,0,0,,False,
IIM,Financial,Closed-End Fund - Debt,small,low,low,0.0,0,0.0,0,0,,False,
IINC,Financial,Exchange Traded Fund,unknown,low,unknown,0.0,0,0.0,0,0,,False,
IIPR,Real Estate,REIT - Industrial,small,mid,high,0.0,0,0.0,0,0,,False,
IJAN,Financial,Exchange Traded Fund,unknown,low,low,0.0,0,0.0,0,0,,False,
IJH,Financial,Exchange Traded Fund,unknown,low,mid,0.0,0,0.0,0,0,,False,
IJJ,Financial,Exchange Traded Fund,unknown,low,mid,0.0,0,0.0,0,0,,False,
IJK,Financial,Exchange Traded Fund,unknown,low,mid,0.0,0,0.0,0,0,,False,
IJR,Financial,Exchange Traded Fund,unknown,low,mid,0.0,0,0.0,0,0,,False,
IJS,Financial,Exchange Traded Fund,unknown,low,mid,0.0,0,0.0,0,0,,False,
IJT,Financial,Exchange Traded Fund,unknown,low,mid,0.0,0,0.0,0,0,,False,
IJUL,Financial,Exchange Traded Fund,unknown,low,low,0.0,0,0.0,0,0,,False,
IJUN,Financial,Exchange Traded Fund,unknown,low,low,0.0,0,0.0,0,0,,False,
IKT,Healthcare,Biotechnology,small,high,mid,0.0,0,0.0,0,0,,False,
ILAG,Industrials,Building Products & Equipment,micro,high,high,0.0,0,0.0,0,0,,False,
ILCB,Financial,Exchange Traded Fund,unknown,low,mid,0.0,0,0.0,0,0,,False,
ILCG,Financial,Exchange Traded Fund,unknown,low,mid,0.0,0,0.0,0,0,,False,
ILCV,Financial,Exchange Traded Fund,unknown,low,mid,0.0,0,0.0,0,0,,False,
ILDR,Financial,Exchange Traded Fund,unknown,mid,mid,0.0,0,0.0,0,0,,False,
ILF,Financial,Exchange Traded Fund,unknown,low,low,0.0,0,0.0,0,0,,False,
ILIT,Financial,Exchange Traded Fund,unknown,mid,high,0.0,0,0.0,0,0,,False,
ILLR,Technology,Software - Application,micro,high,low,0.0,0,0.0,0,0,,False,
ILLU,Financial,Shell Companies,small,low,unknown,0.0,0,0.0,0,0,,False,
ILMN,Healthcare,Diagnostics & Research,large,mid,high,0.0,0,0.0,0,0,,False,
ILOW,Financial,Exchange Traded Fund,unknown,low,low,0.0,0,0.0,0,0,,False,
ILPT,Real Estate,REIT - Industrial,small,mid,high,0.0,0,0.0,0,0,,False,
ILS,Financial,Exchange Traded Fund,unknown,low,low,0.0,0,0.0,0,0,,False,
ILTB,Financial,Exchange Traded Fund,unknown,low,low,0.0,0,0.0,0,0,,False,
IMA,Healthcare,Biotechnology,micro,high,low,0.0,0,0.0,0,0,,False,
IMAR,Financial,Exchange Traded Fund,unknown,low,low,0.0,0,0.0,0,0,,False,
IMAX,Communication Services,Entertainment,mid,mid,low,0.0,0,0.0,0,0,,False,
IMAY,Financial,Exchange Traded Fund,unknown,low,low,0.0,0,0.0,0,0,,False,
IMC,Basic Materials,Other Industrial Metals & Mining,unknown,high,unknown,0.0,0,0.0,0,0,,False,
IMCB,Financial,Exchange Traded Fund,unknown,low,mid,0.0,0,0.0,0,0,,False,
IMCC,Healthcare,Drug Manufacturers - Specialty & Generic,micro,high,high,0.0,0,0.0,0,0,,False,
IMCG,Financial,Exchange Traded Fund,unknown,low,mid,0.0,0,0.0,0,0,,False,
IMCR,Healthcare,Biotechnology,small,mid,low,0.0,0,0.0,0,0,,False,
IMCV,Financial,Exchange Traded Fund,unknown,low,mid,0.0,0,0.0,0,0,,False,
IMDX,Healthcare,Diagnostics & Research,micro,high,high,0.0,0,0.0,0,0,,False,
IMF,Financial,Exchange Traded Fund,unknown,low,low,0.0,0,0.0,0,0,,False,
IMFL,Financial,Exchange Traded Fund,unknown,low,low,0.0,0,0.0,0,0,,False,
IMKTA,Consumer Defensive,Grocery Stores,small,mid,low,0.0,0,0.0,0,0,,False,
IMMP,Healthcare,Biotechnology,micro,high,high,0.0,0,0.0,0,0,,False,
IMMR,Technology,Software - Application,micro,mid,mid,0.0,0,0.0,0,0,,False,
IMMX,Healthcare,Biotechnology,small,high,low,0.0,0,0.0,0,0,,False,
IMNM,Healthcare,Biotechnology,mid,mid,high,0.0,0,0.0,0,0,,False,
IMNN,Healthcare,Biotechnology,micro,high,high,0.0,0,0.0,0,0,,False,
IMO,Energy,Oil & Gas Integrated,large,mid,low,0.0,0,0.0,0,0,,False,
IMOM,Financial,Exchange Traded Fund,unknown,low,mid,0.0,0,0.0,0,0,,False,
IMOS,Technology,Semiconductors,small,high,high,0.0,0,0.0,0,0,,False,
IMPP,Energy,Oil & Gas Midstream,micro,mid,mid,0.0,0,0.0,0,0,,False,
IMRA,Financial,Exchange Traded Fund,unknown,mid,high,0.0,0,0.0,0,0,,False,
IMRN,Healthcare,Biotechnology,micro,high,mid,0.0,0,0.0,0,0,,False,
IMRX,Healthcare,Biotechnology,small,high,low,0.0,0,0.0,0,0,,False,
IMSR,Utilities,Utilities - Regulated Electric,small,high,high,0.0,0,0.0,0,0,,False,
IMST,Financial,Exchange Traded Fund,unknown,mid,high,0.0,0,0.0,0,0,,False,
IMTB,Financial,Exchange Traded Fund,unknown,low,low,0.0,0,0.0,0,0,,False,
IMTE,Technology,Electronic Components,micro,high,mid,0.0,0,0.0,0,0,,False,
IMTG,Financial,Exchange Traded Fund,unknown,low,unknown,0.0,0,0.0,0,0,,False,
IMTM,Financial,Exchange Traded Fund,unknown,low,mid,0.0,0,0.0,0,0,,False,
IMTX,Healthcare,Biotechnology,small,high,high,0.0,0,0.0,0,0,,False,
IMUX,Healthcare,Biotechnology,micro,high,high,0.0,0,0.0,0,0,,False,
IMVP,Financial,Exchange Traded Fund,unknown,low,low,0.0,0,0.0,0,0,,False,
IMVT,Healthcare,Biotechnology,mid,mid,mid,0.0,0,0.0,0,0,,False,
IMXI,Technology,Software - Infrastructure,small,mid,low,0.0,0,0.0,0,0,,False,
INAB,Healthcare,Biotechnology,micro,high,low,0.0,0,0.0,0,0,,False,
INAC,Financial,Shell Companies,micro,low,low,0.0,0,0.0,0,0,,False,
INBK,Financial,Banks - Regional,micro,mid,mid,0.0,0,0.0,0,0,,False,
INBS,Healthcare,Medical Devices,micro,high,high,0.0,0,0.0,0,0,,False,
INBX,Healthcare,Biotechnology,small,high,high,0.0,0,0.0,0,0,,False,
INCE,Financial,Exchange Traded Fund,unknown,low,low,0.0,0,0.0,0,0,,False,
INCM,Financial,Exchange Traded Fund,unknown,low,low,0.0,0,0.0,0,0,,False,
INCO,Financial,Exchange Traded Fund,unknown,low,low,0.0,0,0.0,0,0,,False,
INCR,Healthcare,Drug Manufacturers - Specialty & Generic,micro,high,mid,0.0,0,0.0,0,0,,False,
INCY,Healthcare,Biotechnology,large,mid,low,0.0,0,0.0,0,0,,False,
IND,Financial,Exchange Traded Fund,unknown,low,unknown,0.0,0,0.0,0,0,,False,
INDA,Financial,Exchange Traded Fund,unknown,low,low,0.0,0,0.0,0,0,,False,
INDB,Financial,Banks - Regional,mid,low,low,0.0,0,0.0,0,0,,False,
INDE,Financial,Exchange Traded Fund,unknown,low,low,0.0,0,0.0,0,0,,False,
INDH,Financial,Exchange Traded Fund,unknown,low,low,0.0,0,0.0,0,0,,False,
INDI,Technology,Semiconductors,small,high,high,0.0,0,0.0,0,0,,False,
INDL,Financial,Exchange Traded Fund,unknown,low,mid,0.0,0,0.0,0,0,,False,
INDO,Energy,Oil & Gas E&P,micro,mid,low,0.0,0,0.0,0,0,,False,
INDP,Healthcare,Biotechnology,micro,high,mid,0.0,0,0.0,0,0,,False,
INDQ,Financial,Exchange Traded Fund,unknown,low,unknown,0.0,0,0.0,0,0,,False,
INDS,Financial,Exchange Traded Fund,unknown,low,mid,0.0,0,0.0,0,0,,False,
INDV,Healthcare,Drug Manufacturers - Specialty & Generic,mid,mid,mid,0.0,0,0.0,0,0,,False,
INDY,Financial,Exchange Traded Fund,unknown,low,low,0.0,0,0.0,0,0,,False,
INDZ,Financial,Exchange Traded Fund,unknown,low,unknown,0.0,0,0.0,0,0,,False,
INEO,Consumer Cyclical,Auto Parts,micro,high,mid,0.0,0,0.0,0,0,,False,
INEQ,Financial,Exchange Traded Fund,unknown,low,low,0.0,0,0.0,0,0,,False,
INFH,Financial,Exchange Traded Fund,unknown,high,unknown,0.0,0,0.0,0,0,,False,
INFL,Financial,Exchange Traded Fund,unknown,low,low,0.0,0,0.0,0,0,,False,
INFO,Financial,Exchange Traded Fund,unknown,low,mid,0.0,0,0.0,0,0,,False,
INFQ,Technology,Software - Infrastructure,mid,high,high,0.0,0,0.0,0,0,,False,
INFU,Healthcare,Medical Devices,micro,high,high,0.0,0,0.0,0,0,,False,
INFY,Technology,Information Technology Services,large,mid,mid,0.0,0,0.0,0,0,,False,
ING,Financial,Banks - Diversified,large,low,mid,0.0,0,0.0,0,0,,False,
INGM,Technology,Information Technology Services,mid,mid,high,0.0,0,0.0,0,0,,False,
INGN,Healthcare,Medical Devices,micro,high,high,0.0,0,0.0,0,0,,False,
INGR,Consumer Defensive,Packaged Foods,mid,mid,low,0.0,0,0.0,0,0,,False,
INHD,Basic Materials,Steel,micro,high,low,0.0,0,0.0,0,0,,False,
INIO,Industrials,Specialty Industrial Machinery,large,high,unknown,0.0,0,0.0,0,0,,False,
INKM,Financial,Exchange Traded Fund,unknown,low,low,0.0,0,0.0,0,0,,False,
INKT,Healthcare,Biotechnology,micro,high,low,0.0,0,0.0,0,0,,False,
INLF,Industrials,Specialty Industrial Machinery,micro,high,high,0.0,1,0.0,0,0,,False,
INLX,Technology,Software - Application,micro,high,low,0.0,0,0.0,0,0,,False,
INM,Healthcare,Drug Manufacturers - Specialty & Generic,micro,high,mid,0.0,0,0.0,0,0,,False,
INMB,Healthcare,Biotechnology,micro,high,mid,0.0,0,0.0,0,0,,False,
INMD,Healthcare,Medical Devices,small,low,high,0.0,0,0.0,0,0,,False,
INMU,Financial,Exchange Traded Fund,unknown,low,low,0.0,0,0.0,0,0,,False,
INN,Real Estate,REIT - Hotel & Motel,small,mid,mid,0.0,0,0.0,0,0,,False,
INNV,Healthcare,Medical Care Facilities,small,high,low,0.0,0,0.0,0,0,,False,
INO,Healthcare,Biotechnology,micro,high,high,0.0,0,0.0,0,0,,False,
INOD,Technology,Information Technology Services,mid,high,high,0.0,0,0.0,0,0,,False,
INOV,Financial,Exchange Traded Fund,unknown,low,low,0.0,0,0.0,0,0,,False,
INQQ,Financial,Exchange Traded Fund,unknown,low,low,0.0,0,0.0,0,0,,False,
INR,Energy,Oil & Gas E&P,small,mid,low,0.0,0,0.0,0,0,,False,
INRO,Financial,Exchange Traded Fund,unknown,low,mid,0.0,0,0.0,0,0,,False,
INSE,Consumer Cyclical,Gambling,micro,high,mid,0.0,0,0.0,0,0,,False,
INSG,Technology,Communication Equipment,micro,high,high,0.0,0,0.0,0,0,,False,
INSM,Healthcare,Biotechnology,large,mid,mid,0.0,0,0.0,0,0,,False,
INSP,Healthcare,Medical Devices,small,mid,low,0.0,0,0.0,0,0,,False,
INSW,Energy,Oil & Gas Midstream,mid,mid,low,0.0,0,0.0,0,0,,False,
INT,Financial,Exchange Traded Fund,unknown,high,unknown,0.0,0,0.0,0,0,,False,
INTA,Technology,Software - Application,mid,mid,low,0.0,0,0.0,0,0,,False,
INTC,Technology,Semiconductors,mega,high,high,0.0,0,0.0,0,0,,False,
INTF,Financial,Exchange Traded Fund,unknown,low,low,0.0,0,0.0,0,0,,False,
INTG,Consumer Cyclical,Lodging,micro,high,low,0.0,0,0.0,0,0,,False,
INTJ,Industrials,Consulting Services,micro,high,high,0.0,0,0.0,0,0,,False,
INTL,Financial,Exchange Traded Fund,unknown,low,low,0.0,0,0.0,0,0,,False,
INTM,Financial,Exchange Traded Fund,unknown,low,low,0.0,0,0.0,0,0,,False,
INTR,Financial,Banks - Regional,mid,high,mid,0.0,0,0.0,0,0,,False,
INTS,Healthcare,Biotechnology,micro,high,high,0.0,0,0.0,0,0,,False,
INTT,Technology,Semiconductor Equipment & Materials,micro,high,high,0.0,0,0.0,0,0,,False,
INTU,Technology,Software - Application,large,mid,mid,0.0,0,0.0,0,0,,False,
INTW,Financial,Exchange Traded Fund,unknown,high,high,0.0,0,0.0,0,0,,False,
INTZ,Technology,Software - Infrastructure,micro,high,low,0.0,0,0.0,0,0,,False,
INUV,Technology,Software - Application,micro,high,mid,0.0,0,0.0,0,0,,False,
INV,Financial,Asset Management,micro,high,low,0.0,0,0.0,0,0,,False,
INVA,Healthcare,Biotechnology,small,mid,low,0.0,0,0.0,0,0,,False,
INVE,Industrials,Building Products & Equipment,micro,high,mid,0.0,0,0.0,0,0,,False,
INVG,Financial,Exchange Traded Fund,unknown,low,low,0.0,0,0.0,0,0,,False,
INVH,Real Estate,REIT - Residential,large,low,mid,0.0,0,0.0,0,0,,False,
INVN,Financial,Exchange Traded Fund,unknown,low,mid,0.0,0,0.0,0,0,,False,
INVX,Energy,Oil & Gas Equipment & Services,mid,mid,mid,0.0,0,0.0,0,0,,False,
INVZ,Consumer Cyclical,Auto Parts,micro,high,high,0.0,0,0.0,0,0,,False,
INYY,Financial,Exchange Traded Fund,unknown,high,unknown,0.0,0,0.0,0,0,,False,
IOCT,Financial,Exchange Traded Fund,unknown,low,low,0.0,0,0.0,0,0,,False,
ION,Financial,Exchange Traded Fund,unknown,mid,mid,0.0,0,0.0,0,0,,False,
IONC,Financial,Exchange Traded Fund,unknown,high,unknown,0.0,0,0.0,0,0,,False,
IOND,Financial,Capital Markets,mid,high,unknown,0.0,0,0.0,0,0,,False,
IONL,Financial,Exchange Traded Fund,unknown,high,high,0.0,0,0.0,0,0,,False,
IONQ,Technology,Computer Hardware,large,high,high,0.0,0,0.0,0,0,,False,
IONR,Basic Materials,Other Industrial Metals & Mining,micro,high,low,0.0,0,0.0,0,0,,False,
IONS,Healthcare,Biotechnology,mid,mid,low,0.0,0,0.0,0,0,,False,
IONX,Financial,Exchange Traded Fund,unknown,high,high,0.0,0,0.0,0,0,,False,
IONZ,Financial,Exchange Traded Fund,unknown,high,low,0.0,0,0.0,0,0,,False,
IOO,Financial,Exchange Traded Fund,unknown,low,mid,0.0,0,0.0,0,0,,False,
IOPP,Financial,Exchange Traded Fund,unknown,low,low,0.0,0,0.0,0,0,,False,
IOR,Financial,Mortgage Finance,micro,mid,low,0.0,0,0.0,0,0,,False,
IOSP,Basic Materials,Specialty Chemicals,mid,mid,mid,0.0,0,0.0,0,0,,False,
IOSX,Financial,Exchange Traded Fund,unknown,mid,unknown,0.0,0,0.0,0,0,,False,
IOT,Technology,Software - Infrastructure,large,high,high,0.0,0,0.0,0,0,,False,
IOTR,Communication Services,Telecom Services,micro,high,high,0.0,0,0.0,0,0,,False,
IOVA,Healthcare,Biotechnology,mid,high,mid,0.0,0,0.0,0,0,,False,
IOYY,Financial,Exchange Traded Fund,unknown,low,unknown,0.0,0,0.0,0,0,,False,
IP,Consumer Cyclical,Packaging & Containers,large,mid,mid,0.0,0,0.0,0,0,,False,
IPAC,Financial,Exchange Traded Fund,unknown,low,low,0.0,0,0.0,0,0,,False,
IPAR,Consumer Defensive,Household & Personal Products,mid,mid,mid,0.0,0,0.0,0,0,,False,
IPAV,Financial,Exchange Traded Fund,unknown,low,low,0.0,0,0.0,0,0,,False,
IPAY,Financial,Exchange Traded Fund,unknown,low,mid,0.0,0,0.0,0,0,,False,
IPCX,Financial,Shell Companies,micro,high,low,0.0,0,0.0,0,0,,False,
IPDN,Industrials,Staffing & Employment Services,micro,high,high,0.0,0,0.0,0,0,,False,
IPEX,Financial,Shell Companies,micro,low,low,0.0,0,0.0,0,0,,False,
IPFX,Financial,Shell Companies,small,low,unknown,0.0,0,0.0,0,0,,False,
IPGP,Technology,Semiconductor Equipment & Materials,mid,high,mid,0.0,0,0.0,0,0,,False,
IPHA,Healthcare,Biotechnology,micro,high,low,0.0,0,0.0,0,0,,False,
IPI,Basic Materials,Agricultural Inputs,small,mid,mid,0.0,0,0.0,0,0,,False,
IPKW,Financial,Exchange Traded Fund,unknown,low,low,0.0,0,0.0,0,0,,False,
IPM,Technology,Software - Application,micro,mid,low,0.0,0,0.0,0,0,,False,
IPO,Financial,Exchange Traded Fund,unknown,mid,high,0.0,0,0.0,0,0,,False,
IPOS,Financial,Exchange Traded Fund,unknown,mid,low,0.0,0,0.0,0,0,,False,
IPSC,Healthcare,Biotechnology,small,high,high,0.0,0,0.0,0,0,,False,
IPST,Financial,Capital Markets,micro,high,high,0.0,0,0.0,0,0,,False,
IPVV,Financial,Shell Companies,micro,low,unknown,0.0,0,0.0,0,0,,False,
IPW,Consumer Cyclical,Internet Retail,micro,high,high,0.0,0,0.0,0,0,,False,
IPWR,Technology,Semiconductors,micro,high,high,0.0,0,0.0,0,0,,False,
IPX,Basic Materials,Other Industrial Metals & Mining,small,high,high,0.0,0,0.0,0,0,,False,
IQ,Communication Services,Entertainment,small,mid,low,0.0,1,0.0,0,0,,False,
IQDF,Financial,Exchange Traded Fund,unknown,low,low,0.0,0,0.0,0,0,,False,
IQDG,Financial,Exchange Traded Fund,unknown,low,mid,0.0,0,0.0,0,0,,False,
IQDY,Financial,Exchange Traded Fund,unknown,low,mid,0.0,0,0.0,0,0,,False,
IQHI,Financial,Exchange Traded Fund,unknown,low,low,0.0,0,0.0,0,0,,False,
IQI,Financial,Closed-End Fund - Debt,small,low,low,0.0,0,0.0,0,0,,False,
IQLT,Financial,Exchange Traded Fund,unknown,low,mid,0.0,0,0.0,0,0,,False,
IQM,Financial,Exchange Traded Fund,unknown,mid,high,0.0,0,0.0,0,0,,False,
IQMM,Financial,Exchange Traded Fund,unknown,low,unknown,0.0,0,0.0,0,0,,False,
IQMX,Technology,Computer Hardware,small,high,low,0.0,0,0.0,0,0,,False,
IQQ,Financial,Exchange Traded Fund,unknown,low,unknown,0.0,0,0.0,0,0,,False,
IQQQ,Financial,Exchange Traded Fund,unknown,low,mid,0.0,0,0.0,0,0,,False,
IQRA,Financial,Exchange Traded Fund,unknown,low,low,0.0,0,0.0,0,0,,False,
IQSI,Financial,Exchange Traded Fund,unknown,low,mid,0.0,0,0.0,0,0,,False,
IQSM,Financial,Exchange Traded Fund,unknown,low,mid,0.0,0,0.0,0,0,,False,
IQST,Communication Services,Telecom Services,micro,high,high,0.0,0,0.0,0,0,,False,
IQSU,Financial,Exchange Traded Fund,unknown,low,mid,0.0,0,0.0,0,0,,False,
IQSZ,Financial,Exchange Traded Fund,unknown,low,mid,0.0,0,0.0,0,0,,False,
IQV,Healthcare,Diagnostics & Research,large,mid,mid,0.0,0,0.0,0,0,,False,
IR,Industrials,Specialty Industrial Machinery,large,mid,mid,0.0,0,0.0,0,0,,False,
IRAB,Financial,Shell Companies,micro,low,unknown,0.0,0,0.0,0,0,,False,
IRD,Healthcare,Biotechnology,small,high,low,0.0,0,0.0,0,0,,False,
IRDM,Communication Services,Telecom Services,mid,mid,mid,0.0,0,0.0,0,0,,False,
IRE,Financial,Exchange Traded Fund,unknown,high,unknown,0.0,0,0.0,0,0,,False,
IREC,Financial,Exchange Traded Fund,unknown,high,unknown,0.0,0,0.0,0,0,,False,
IREG,Financial,Exchange Traded Fund,unknown,high,unknown,0.0,0,0.0,0,0,,False,
IREN,Financial,Capital Markets,large,high,high,0.0,0,0.0,0,0,,False,
IREX,Financial,Exchange Traded Fund,unknown,high,unknown,0.0,0,0.0,0,0,,False,
IREZ,Financial,Exchange Traded Fund,unknown,high,unknown,0.0,0,0.0,0,0,,False,
IRHO,Financial,Shell Companies,micro,low,unknown,0.0,0,0.0,0,0,,False,
IRIX,Healthcare,Medical Devices,micro,high,low,0.0,0,0.0,0,0,,False,
IRM,Real Estate,REIT - Specialty,large,mid,mid,0.0,0,0.0,0,0,,False,
IRMD,Healthcare,Medical Devices,small,mid,mid,0.0,0,0.0,0,0,,False,
IROC,Financial,Exchange Traded Fund,unknown,low,low,0.0,0,0.0,0,0,,False,
IRON,Healthcare,Biotechnology,mid,mid,mid,0.0,0,0.0,0,0,,False,
IRS,Real Estate,Real Estate Services,small,mid,high,0.0,0,0.0,0,0,,False,
IRT,Real Estate,REIT - Residential,mid,mid,mid,0.0,0,0.0,0,0,,False,
IRTC,Healthcare,Medical Devices,mid,mid,high,0.0,0,0.0,0,0,,False,
IRTR,Financial,Exchange Traded Fund,unknown,low,low,0.0,0,0.0,0,0,,False,
IRVH,Financial,Exchange Traded Fund,unknown,low,low,0.0,0,0.0,0,0,,False,
IRWD,Healthcare,Drug Manufacturers - Specialty & Generic,small,high,low,0.0,0,0.0,0,0,,False,
ISBA,Financial,Banks - Regional,small,mid,low,0.0,0,0.0,0,0,,False,
ISBG,Financial,Exchange Traded Fund,unknown,mid,unknown,0.0,0,0.0,0,0,,False,
ISCB,Financial,Exchange Traded Fund,unknown,low,mid,0.0,0,0.0,0,0,,False,
ISCF,Financial,Exchange Traded Fund,unknown,low,mid,0.0,0,0.0,0,0,,False,
ISCG,Financial,Exchange Traded Fund,unknown,low,mid,0.0,0,0.0,0,0,,False,
ISCV,Financial,Exchange Traded Fund,unknown,low,mid,0.0,0,0.0,0,0,,False,
ISD,Financial,Closed-End Fund - Debt,small,low,low,0.0,0,0.0,0,0,,False,
ISEP,Financial,Exchange Traded Fund,unknown,low,low,0.0,0,0.0,0,0,,False,
ISHG,Financial,Exchange Traded Fund,unknown,low,low,0.0,0,0.0,0,0,,False,
ISHP,Financial,Exchange Traded Fund,unknown,low,mid,0.0,0,0.0,0,0,,False,
ISMD,Financial,Exchange Traded Fund,unknown,low,mid,0.0,0,0.0,0,0,,False,
ISMF,Financial,Exchange Traded Fund,unknown,low,low,0.0,0,0.0,0,0,,False,
ISNR,Financial,Shell Companies,micro,low,unknown,0.0,0,0.0,0,0,,False,
ISOU,Energy,Uranium,small,high,low,0.0,0,0.0,0,0,,False,
ISPC,Healthcare,Diagnostics & Research,micro,high,high,0.0,0,0.0,0,0,,False,
ISPR,Consumer Defensive,Tobacco,micro,high,high,0.0,0,0.0,0,0,,False,
ISPY,Financial,Exchange Traded Fund,unknown,low,mid,0.0,0,0.0,0,0,,False,
ISRA,Financial,Exchange Traded Fund,unknown,low,mid,0.0,0,0.0,0,0,,False,
ISRG,Healthcare,Medical Instruments & Supplies,large,mid,high,0.0,0,0.0,0,0,,False,
ISSB,Financial,Exchange Traded Fund,unknown,mid,unknown,0.0,0,0.0,0,0,,False,
ISSC,Industrials,Aerospace & Defense,small,mid,low,0.0,0,0.0,0,0,,False,
ISTB,Financial,Exchange Traded Fund,unknown,low,low,0.0,0,0.0,0,0,,False,
ISTM,Financial,Exchange Traded Fund,unknown,low,low,0.0,0,0.0,0,0,,False,
ISTR,Financial,Banks - Regional,small,mid,low,0.0,0,0.0,0,0,,False,
ISUL,Financial,Exchange Traded Fund,unknown,high,unknown,0.0,0,0.0,0,0,,False,
ISVL,Financial,Exchange Traded Fund,unknown,low,mid,0.0,0,0.0,0,0,,False,
ISWN,Financial,Exchange Traded Fund,unknown,low,low,0.0,0,0.0,0,0,,False,
IT,Technology,Information Technology Services,large,high,mid,0.0,0,0.0,0,0,,False,
ITA,Financial,Exchange Traded Fund,unknown,low,low,0.0,0,0.0,0,0,,False,
ITAN,Financial,Exchange Traded Fund,unknown,low,mid,0.0,0,0.0,0,0,,False,
ITB,Financial,Exchange Traded Fund,unknown,mid,mid,0.0,0,0.0,0,0,,False,
ITDB,Financial,Exchange Traded Fund,unknown,low,low,0.0,0,0.0,0,0,,False,
ITDC,Financial,Exchange Traded Fund,unknown,low,low,0.0,0,0.0,0,0,,False,
ITDD,Financial,Exchange Traded Fund,unknown,low,low,0.0,0,0.0,0,0,,False,
ITDE,Financial,Exchange Traded Fund,unknown,low,mid,0.0,0,0.0,0,0,,False,
ITDF,Financial,Exchange Traded Fund,unknown,low,mid,0.0,0,0.0,0,0,,False,
ITDG,Financial,Exchange Traded Fund,unknown,low,mid,0.0,0,0.0,0,0,,False,
ITDH,Financial,Exchange Traded Fund,unknown,low,mid,0.0,0,0.0,0,0,,False,
ITDI,Financial,Exchange Traded Fund,unknown,low,mid,0.0,0,0.0,0,0,,False,
ITDJ,Financial,Exchange Traded Fund,unknown,low,mid,0.0,0,0.0,0,0,,False,
ITEQ,Financial,Exchange Traded Fund,unknown,low,mid,0.0,0,0.0,0,0,,False,
ITG,Industrials,Engineering & Construction,small,high,unknown,0.0,0,0.0,0,0,,False,
ITGR,Healthcare,Medical Devices,mid,mid,low,0.0,0,0.0,0,0,,False,
ITHA,Financial,Shell Companies,small,low,unknown,0.0,0,0.0,0,0,,False,
ITIC,Financial,Insurance - Specialty,small,mid,low,0.0,0,0.0,0,0,,False,
ITM,Financial,Exchange Traded Fund,unknown,low,low,0.0,0,0.0,0,0,,False,
ITOC,Healthcare,Medical Devices,micro,high,high,0.0,1,0.0,0,0,,False,
ITOT,Financial,Exchange Traded Fund,unknown,low,mid,0.0,0,0.0,0,0,,False,
ITP,Basic Materials,Paper & Paper Products,micro,high,low,0.0,1,0.0,0,0,,False,
ITRG,Basic Materials,Other Precious Metals & Mining,small,high,mid,0.0,0,0.0,0,0,,False,
ITRI,Technology,Scientific & Technical Instruments,mid,mid,high,0.0,0,0.0,0,0,,False,
ITRN,Technology,Scientific & Technical Instruments,small,mid,low,0.0,0,0.0,0,0,,False,
ITT,Industrials,Specialty Industrial Machinery,large,mid,mid,0.0,0,0.0,0,0,,False,
ITUB,Financial,Banks - Regional,large,mid,low,0.0,0,0.0,0,0,,False,
ITW,Industrials,Specialty Industrial Machinery,large,mid,mid,0.0,0,0.0,0,0,,False,
ITWO,Financial,Exchange Traded Fund,unknown,low,mid,0.0,0,0.0,0,0,,False,
IUS,Financial,Exchange Traded Fund,unknown,low,mid,0.0,0,0.0,0,0,,False,
IUSB,Financial,Exchange Traded Fund,unknown,low,low,0.0,0,0.0,0,0,,False,
IUSG,Financial,Exchange Traded Fund,unknown,low,mid,0.0,0,0.0,0,0,,False,
IUSV,Financial,Exchange Traded Fund,unknown,low,mid,0.0,0,0.0,0,0,,False,
IVA,Healthcare,Biotechnology,small,high,low,0.0,0,0.0,0,0,,False,
IVAL,Financial,Exchange Traded Fund,unknown,low,low,0.0,0,0.0,0,0,,False,
IVDA,Industrials,Security & Protection Services,micro,high,mid,0.0,0,0.0,0,0,,False,
IVE,Financial,Exchange Traded Fund,unknown,low,mid,0.0,0,0.0,0,0,,False,
IVEP,Financial,Exchange Traded Fund,unknown,mid,unknown,0.0,0,0.0,0,0,,False,
IVES,Financial,Exchange Traded Fund,unknown,mid,high,0.0,0,0.0,0,0,,False,
IVF,Healthcare,Medical Devices,micro,high,high,0.0,0,0.0,0,0,,False,
IVLU,Financial,Exchange Traded Fund,unknown,low,low,0.0,0,0.0,0,0,,False,
IVOG,Financial,Exchange Traded Fund,unknown,low,mid,0.0,0,0.0,0,0,,False,
IVOL,Financial,Exchange Traded Fund,unknown,low,low,0.0,0,0.0,0,0,,False,
IVOO,Financial,Exchange Traded Fund,unknown,low,mid,0.0,0,0.0,0,0,,False,
IVOV,Financial,Exchange Traded Fund,unknown,low,mid,0.0,0,0.0,0,0,,False,
IVR,Real Estate,REIT - Mortgage,small,mid,high,0.0,0,0.0,0,0,,False,
IVRS,Financial,Exchange Traded Fund,unknown,low,mid,0.0,0,0.0,0,0,,False,
IVSI,Financial,Exchange Traded Fund,unknown,low,unknown,0.0,0,0.0,0,0,,False,
IVSS,Financial,Exchange Traded Fund,unknown,low,unknown,0.0,0,0.0,0,0,,False,
IVSX,Financial,Exchange Traded Fund,unknown,low,unknown,0.0,0,0.0,0,0,,False,
IVT,Real Estate,REIT - Retail,mid,mid,low,0.0,0,0.0,0,0,,False,
IVV,Financial,Exchange Traded Fund,unknown,low,mid,0.0,0,0.0,0,0,,False,
IVVB,Financial,Exchange Traded Fund,unknown,low,low,0.0,0,0.0,0,0,,False,
IVVD,Healthcare,Biotechnology,micro,high,low,0.0,0,0.0,0,0,,False,
IVVM,Financial,Exchange Traded Fund,unknown,low,low,0.0,0,0.0,0,0,,False,
IVVW,Financial,Exchange Traded Fund,unknown,low,low,0.0,0,0.0,0,0,,False,
IVW,Financial,Exchange Traded Fund,unknown,low,mid,0.0,0,0.0,0,0,,False,
IVZ,Financial,Asset Management,large,mid,high,0.0,0,0.0,0,0,,False,
IWB,Financial,Exchange Traded Fund,unknown,low,mid,0.0,0,0.0,0,0,,False,
IWC,Financial,Exchange Traded Fund,unknown,low,mid,0.0,0,0.0,0,0,,False,
IWD,Financial,Exchange Traded Fund,unknown,low,mid,0.0,0,0.0,0,0,,False,
IWDL,Financial,Exchange Traded Fund,unknown,low,high,0.0,0,0.0,0,0,,False,
IWF,Financial,Exchange Traded Fund,unknown,low,mid,0.0,0,0.0,0,0,,False,
IWFG,Financial,Exchange Traded Fund,unknown,low,mid,0.0,0,0.0,0,0,,False,
IWFL,Financial,Exchange Traded Fund,unknown,mid,high,0.0,0,0.0,0,0,,False,
IWL,Financial,Exchange Traded Fund,unknown,low,mid,0.0,0,0.0,0,0,,False,
IWLG,Financial,Exchange Traded Fund,unknown,low,mid,0.0,0,0.0,0,0,,False,
IWM,Financial,Exchange Traded Fund,unknown,low,mid,0.0,0,0.0,0,0,,False,
IWMI,Financial,Exchange Traded Fund,unknown,low,mid,0.0,0,0.0,0,0,,False,
IWML,Financial,Exchange Traded Fund,unknown,mid,high,0.0,0,0.0,0,0,,False,
IWMW,Financial,Exchange Traded Fund,unknown,low,low,0.0,0,0.0,0,0,,False,
IWMY,Financial,Exchange Traded Fund,unknown,low,mid,0.0,0,0.0,0,0,,False,
IWN,Financial,Exchange Traded Fund,unknown,low,mid,0.0,0,0.0,0,0,,False,
IWO,Financial,Exchange Traded Fund,unknown,low,mid,0.0,0,0.0,0,0,,False,
IWP,Financial,Exchange Traded Fund,unknown,low,mid,0.0,0,0.0,0,0,,False,
IWR,Financial,Exchange Traded Fund,unknown,low,mid,0.0,0,0.0,0,0,,False,
IWS,Financial,Exchange Traded Fund,unknown,low,mid,0.0,0,0.0,0,0,,False,
IWV,Financial,Exchange Traded Fund,unknown,low,mid,0.0,0,0.0,0,0,,False,
IWX,Financial,Exchange Traded Fund,unknown,low,low,0.0,0,0.0,0,0,,False,
IWY,Financial,Exchange Traded Fund,unknown,low,mid,0.0,0,0.0,0,0,,False,
IX,Financial,Financial Conglomerates,large,mid,mid,0.0,0,0.0,0,0,,False,
IXC,Financial,Exchange Traded Fund,unknown,low,low,0.0,0,0.0,0,0,,False,
IXG,Financial,Exchange Traded Fund,unknown,low,mid,0.0,0,0.0,0,0,,False,
IXHL,Healthcare,Drug Manufacturers - Specialty & Generic,micro,high,high,0.0,0,0.0,0,0,,False,
IXJ,Financial,Exchange Traded Fund,unknown,low,low,0.0,0,0.0,0,0,,False,
IXN,Financial,Exchange Traded Fund,unknown,mid,high,0.0,0,0.0,0,0,,False,
IXP,Financial,Exchange Traded Fund,unknown,low,mid,0.0,0,0.0,0,0,,False,
IXUS,Financial,Exchange Traded Fund,unknown,low,low,0.0,0,0.0,0,0,,False,
IYC,Financial,Exchange Traded Fund,unknown,low,mid,0.0,0,0.0,0,0,,False,
IYE,Financial,Exchange Traded Fund,unknown,mid,low,0.0,0,0.0,0,0,,False,
IYF,Financial,Exchange Traded Fund,unknown,low,mid,0.0,0,0.0,0,0,,False,
IYG,Financial,Exchange Traded Fund,unknown,low,mid,0.0,0,0.0,0,0,,False,
IYH,Financial,Exchange Traded Fund,unknown,low,low,0.0,0,0.0,0,0,,False,
IYJ,Financial,Exchange Traded Fund,unknown,low,mid,0.0,0,0.0,0,0,,False,
IYK,Financial,Exchange Traded Fund,unknown,low,low,0.0,0,0.0,0,0,,False,
IYLD,Financial,Exchange Traded Fund,unknown,low,low,0.0,0,0.0,0,0,,False,
IYM,Financial,Exchange Traded Fund,unknown,low,mid,0.0,0,0.0,0,0,,False,
IYR,Financial,Exchange Traded Fund,unknown,low,mid,0.0,0,0.0,0,0,,False,
IYRI,Financial,Exchange Traded Fund,unknown,low,low,0.0,0,0.0,0,0,,False,
IYT,Financial,Exchange Traded Fund,unknown,low,mid,0.0,0,0.0,0,0,,False,
IYW,Financial,Exchange Traded Fund,unknown,mid,high,0.0,0,0.0,0,0,,False,
IYY,Financial,Exchange Traded Fund,unknown,low,mid,0.0,0,0.0,0,0,,False,
IYZ,Financial,Exchange Traded Fund,unknown,low,mid,0.0,0,0.0,0,0,,False,
IZEA,Communication Services,Internet Content & Information,micro,high,mid,0.0,0,0.0,0,0,,False,
IZM,Technology,Electronics & Computer Distribution,micro,high,low,0.0,1,0.0,0,0,,False,
IZRL,Financial,Exchange Traded Fund,unknown,low,mid,0.0,0,0.0,0,0,,False,
J,Industrials,Engineering & Construction,large,mid,low,0.0,0,0.0,0,0,,False,
JA,Financial,Exchange Traded Fund,unknown,low,unknown,0.0,0,0.0,0,0,,False,
JAAA,Financial,Exchange Traded Fund,unknown,low,low,0.0,0,0.0,0,0,,False,
JAB,Financial,Shell Companies,micro,low,unknown,0.0,0,0.0,0,0,,False,
JABS,Financial,Exchange Traded Fund,unknown,low,low,0.0,0,0.0,0,0,,False,
JACK,Consumer Cyclical,Restaurants,small,high,high,0.0,0,0.0,0,0,,False,
JACS,Financial,Shell Companies,small,low,low,0.0,0,0.0,0,0,,False,
JADB,Financial,Exchange Traded Fund,unknown,low,unknown,0.0,0,0.0,0,0,,False,
JADE,Financial,Exchange Traded Fund,unknown,low,mid,0.0,0,0.0,0,0,,False,
JAGU,Energy,Uranium,micro,high,unknown,0.0,0,0.0,0,0,,False,
JAGX,Healthcare,Biotechnology,micro,high,low,0.0,0,0.0,0,0,,False,
JAJL,Financial,Exchange Traded Fund,unknown,low,low,0.0,0,0.0,0,0,,False,
JAKK,Consumer Cyclical,Leisure,micro,mid,high,0.0,0,0.0,0,0,,False,
JAN,Real Estate,REIT - Residential,mid,mid,unknown,0.0,0,0.0,0,0,,False,
JANB,Financial,Exchange Traded Fund,unknown,low,unknown,0.0,0,0.0,0,0,,False,
JANH,Financial,Exchange Traded Fund,unknown,low,low,0.0,0,0.0,0,0,,False,
JANI,Financial,Exchange Traded Fund,unknown,low,unknown,0.0,0,0.0,0,0,,False,
JANJ,Financial,Exchange Traded Fund,unknown,low,low,0.0,0,0.0,0,0,,False,
JANM,Financial,Exchange Traded Fund,unknown,low,low,0.0,0,0.0,0,0,,False,
JANP,Financial,Exchange Traded Fund,unknown,low,low,0.0,0,0.0,0,0,,False,
JANT,Financial,Exchange Traded Fund,unknown,low,low,0.0,0,0.0,0,0,,False,
JANU,Financial,Exchange Traded Fund,unknown,low,low,0.0,0,0.0,0,0,,False,
JANW,Financial,Exchange Traded Fund,unknown,low,low,0.0,0,0.0,0,0,,False,
JANX,Healthcare,Biotechnology,small,mid,high,0.0,0,0.0,0,0,,False,
JANZ,Financial,Exchange Traded Fund,unknown,low,low,0.0,0,0.0,0,0,,False,
JAPN,Financial,Exchange Traded Fund,unknown,low,low,0.0,0,0.0,0,0,,False,
JATT,Financial,Shell Companies,micro,high,unknown,0.0,0,0.0,0,0,,False,
JAVA,Financial,Exchange Traded Fund,unknown,low,low,0.0,0,0.0,0,0,,False,
JAZZ,Healthcare,Biotechnology,large,mid,low,0.0,0,0.0,0,0,,False,
JBBB,Financial,Exchange Traded Fund,unknown,low,low,0.0,0,0.0,0,0,,False,
JBDI,Consumer Cyclical,Specialty Retail,unknown,high,low,0.0,0,0.0,0,0,,False,
JBGS,Real Estate,REIT - Diversified,small,high,mid,0.0,0,0.0,0,0,,False,
JBHT,Industrials,Integrated Freight & Logistics,large,mid,mid,0.0,0,0.0,0,0,,False,
JBI,Industrials,Building Products & Equipment,small,mid,high,0.0,0,0.0,0,0,,False,
JBIO,Healthcare,Biotechnology,small,high,high,0.0,0,0.0,0,0,,False,
JBL,Technology,Electronic Components,large,mid,high,0.0,0,0.0,0,0,,False,
JBLG,Financial,Exchange Traded Fund,unknown,high,unknown,0.0,0,0.0,0,0,,False,
JBLU,Industrials,Airlines,mid,high,high,0.0,0,0.0,0,0,,False,
JBND,Financial,Exchange Traded Fund,unknown,low,low,0.0,0,0.0,0,0,,False,
JBS,Consumer Defensive,Packaged Foods,large,mid,low,0.0,0,0.0,0,0,,False,
JBSS,Consumer Defensive,Packaged Foods,small,mid,low,0.0,0,0.0,0,0,,False,
JBTM,Industrials,Specialty Industrial Machinery,mid,mid,mid,0.0,0,0.0,0,0,,False,
JCAL,Financial,Exchange Traded Fund,unknown,low,unknown,0.0,0,0.0,0,0,,False,
JCAP,Financial,Credit Services,small,mid,low,0.0,0,0.0,0,0,,False,
JCE,Financial,Closed-End Fund - Equity,micro,low,mid,0.0,0,0.0,0,0,,False,
JCHI,Financial,Exchange Traded Fund,unknown,low,low,0.0,0,0.0,0,0,,False,
JCI,Industrials,Building Products & Equipment,large,mid,high,0.0,0,0.0,0,0,,False,
JCPB,Financial,Exchange Traded Fund,unknown,low,low,0.0,0,0.0,0,0,,False,
JCPI,Financial,Exchange Traded Fund,unknown,low,low,0.0,0,0.0,0,0,,False,
JCSE,Industrials,Specialty Industrial Machinery,micro,high,low,0.0,0,0.0,0,0,,False,
JCTC,Basic Materials,Lumber & Wood Production,micro,high,low,0.0,0,0.0,0,0,,False,
JD,Consumer Cyclical,Internet Retail,large,mid,low,0.0,1,0.0,0,0,,False,
JDIV,Financial,Exchange Traded Fund,unknown,low,low,0.0,0,0.0,0,0,,False,
JDOC,Financial,Exchange Traded Fund,unknown,low,low,0.0,0,0.0,0,0,,False,
JDST,Financial,Exchange Traded Fund,unknown,high,low,0.0,0,0.0,0,0,,False,
JDVI,Financial,Exchange Traded Fund,unknown,low,low,0.0,0,0.0,0,0,,False,
JDVL,Financial,Exchange Traded Fund,unknown,low,low,0.0,0,0.0,0,0,,False,
JDZG,Consumer Defensive,Education & Training Services,micro,high,high,0.0,1,0.0,0,0,,False,
JEDI,Financial,Exchange Traded Fund,unknown,mid,unknown,0.0,0,0.0,0,0,,False,
JEF,Financial,Capital Markets,large,mid,high,0.0,0,0.0,0,0,,False,
JELD,Industrials,Building Products & Equipment,micro,high,high,0.0,0,0.0,0,0,,False,
JELH,Financial,Exchange Traded Fund,unknown,low,unknown,0.0,0,0.0,0,0,,False,
JELM,Financial,Exchange Traded Fund,unknown,low,unknown,0.0,0,0.0,0,0,,False,
JEM,Consumer Cyclical,Apparel Retail,unknown,high,low,0.0,0,0.0,0,0,,False,
JEMA,Financial,Exchange Traded Fund,unknown,low,low,0.0,0,0.0,0,0,,False,
JEMB,Financial,Exchange Traded Fund,unknown,low,low,0.0,0,0.0,0,0,,False,
JENA,Financial,Shell Companies,small,low,low,0.0,0,0.0,0,0,,False,
JEPI,Financial,Exchange Traded Fund,unknown,low,low,0.0,0,0.0,0,0,,False,
JEPQ,Financial,Exchange Traded Fund,unknown,low,mid,0.0,0,0.0,0,0,,False,
JETD,Financial,Exchange Traded Fund,unknown,high,low,0.0,0,0.0,0,0,,False,
JETS,Financial,Exchange Traded Fund,unknown,mid,mid,0.0,0,0.0,0,0,,False,
JETU,Financial,Exchange Traded Fund,unknown,mid,high,0.0,0,0.0,0,0,,False,
JF,Financial,Credit Services,micro,high,mid,0.0,1,0.0,0,0,,False,
JFB,Real Estate,Real Estate - Development,micro,high,high,0.0,0,0.0,0,0,,False,
JFIN,Financial,Credit Services,micro,high,mid,0.0,1,0.0,0,0,,False,
JFLI,Financial,Exchange Traded Fund,unknown,low,low,0.0,0,0.0,0,0,,False,
JFLX,Financial,Exchange Traded Fund,unknown,low,unknown,0.0,0,0.0,0,0,,False,
JFR,Financial,Closed-End Fund - Debt,small,low,low,0.0,0,0.0,0,0,,False,
JFU,Technology,Information Technology Services,micro,high,mid,0.0,1,0.0,0,0,,False,
JG,Technology,Software - Application,micro,high,low,0.0,1,0.0,0,0,,False,
JGH,Financial,Closed-End Fund - Debt,small,low,low,0.0,0,0.0,0,0,,False,
JGLO,Financial,Exchange Traded Fund,unknown,low,mid,0.0,0,0.0,0,0,,False,
JGRO,Financial,Exchange Traded Fund,unknown,low,mid,0.0,0,0.0,0,0,,False,
JGRW,Financial,Exchange Traded Fund,unknown,low,mid,0.0,0,0.0,0,0,,False,
JHAC,Financial,Exchange Traded Fund,unknown,low,mid,0.0,0,0.0,0,0,,False,
JHAI,Financial,Exchange Traded Fund,unknown,mid,high,0.0,0,0.0,0,0,,False,
JHCB,Financial,Exchange Traded Fund,unknown,low,low,0.0,0,0.0,0,0,,False,
JHCP,Financial,Exchange Traded Fund,unknown,low,low,0.0,0,0.0,0,0,,False,
JHCR,Financial,Exchange Traded Fund,unknown,low,low,0.0,0,0.0,0,0,,False,
JHDG,Financial,Exchange Traded Fund,unknown,low,unknown,0.0,0,0.0,0,0,,False,
JHDV,Financial,Exchange Traded Fund,unknown,low,mid,0.0,0,0.0,0,0,,False,
JHEM,Financial,Exchange Traded Fund,unknown,low,low,0.0,0,0.0,0,0,,False,
JHHY,Financial,Exchange Traded Fund,unknown,low,low,0.0,0,0.0,0,0,,False,
JHI,Financial,Closed-End Fund - Debt,micro,low,low,0.0,0,0.0,0,0,,False,
JHID,Financial,Exchange Traded Fund,unknown,low,low,0.0,0,0.0,0,0,,False,
JHLN,Financial,Exchange Traded Fund,unknown,low,low,0.0,0,0.0,0,0,,False,
JHMB,Financial,Exchange Traded Fund,unknown,low,low,0.0,0,0.0,0,0,,False,
JHMD,Financial,Exchange Traded Fund,unknown,low,low,0.0,0,0.0,0,0,,False,
JHML,Financial,Exchange Traded Fund,unknown,low,mid,0.0,0,0.0,0,0,,False,
JHMM,Financial,Exchange Traded Fund,unknown,low,mid,0.0,0,0.0,0,0,,False,
JHMU,Financial,Exchange Traded Fund,unknown,low,low,0.0,0,0.0,0,0,,False,
JHPI,Financial,Exchange Traded Fund,unknown,low,low,0.0,0,0.0,0,0,,False,
JHS,Financial,Closed-End Fund - Debt,micro,low,low,0.0,0,0.0,0,0,,False,
JHSC,Financial,Exchange Traded Fund,unknown,low,mid,0.0,0,0.0,0,0,,False,
JHX,Basic Materials,Building Materials,large,mid,high,0.0,0,0.0,0,0,,False,
JIDE,Financial,Exchange Traded Fund,unknown,low,unknown,0.0,0,0.0,0,0,,False,
JIG,Financial,Exchange Traded Fund,unknown,low,mid,0.0,0,0.0,0,0,,False,
JIII,Financial,Exchange Traded Fund,unknown,low,low,0.0,0,0.0,0,0,,False,
JILL,Consumer Cyclical,Apparel Retail,micro,mid,mid,0.0,0,0.0,0,0,,False,
JIRE,Financial,Exchange Traded Fund,unknown,low,mid,0.0,0,0.0,0,0,,False,
JIVE,Financial,Exchange Traded Fund,unknown,low,low,0.0,0,0.0,0,0,,False,
JJSF,Consumer Defensive,Packaged Foods,small,mid,low,0.0,0,0.0,0,0,,False,
JKHY,Technology,Information Technology Services,large,mid,low,0.0,0,0.0,0,0,,False,
JKS,Technology,Solar,small,high,low,0.0,1,0.0,0,0,,False,
JL,Consumer Cyclical,Apparel Manufacturing,micro,high,low,0.0,0,0.0,0,0,,False,
JLCO,Financial,Exchange Traded Fund,unknown,low,unknown,0.0,0,0.0,0,0,,False,
JLHL,Industrials,Building Products & Equipment,micro,high,high,0.0,1,0.0,0,0,,False,
JLL,Real Estate,Real Estate Services,large,mid,mid,0.0,0,0.0,0,0,,False,
JLQD,Financial,Exchange Traded Fund,unknown,low,low,0.0,0,0.0,0,0,,False,
JLS,Financial,Closed-End Fund - Debt,micro,low,low,0.0,0,0.0,0,0,,False,
JLVP,Financial,Exchange Traded Fund,unknown,low,unknown,0.0,0,0.0,0,0,,False,
JMBS,Financial,Exchange Traded Fund,unknown,low,low,0.0,0,0.0,0,0,,False,
JMEE,Financial,Exchange Traded Fund,unknown,low,mid,0.0,0,0.0,0,0,,False,
JMHI,Financial,Exchange Traded Fund,unknown,low,low,0.0,0,0.0,0,0,,False,
JMIA,Consumer Cyclical,Internet Retail,small,high,high,0.0,0,0.0,0,0,,False,
JMID,Financial,Exchange Traded Fund,unknown,low,mid,0.0,0,0.0,0,0,,False,
JMKE,Consumer Cyclical,Restaurants,mid,high,unknown,0.0,0,0.0,0,0,,False,
JMM,Financial,Closed-End Fund - Debt,micro,low,low,0.0,0,0.0,0,0,,False,
JMMF,Financial,Exchange Traded Fund,unknown,low,unknown,0.0,0,0.0,0,0,,False,
JMOM,Financial,Exchange Traded Fund,unknown,low,mid,0.0,0,0.0,0,0,,False,
JMSB,Financial,Banks - Regional,small,mid,low,0.0,0,0.0,0,0,,False,
JMSI,Financial,Exchange Traded Fund,unknown,low,low,0.0,0,0.0,0,0,,False,
JMST,Financial,Exchange Traded Fund,unknown,low,low,0.0,0,0.0,0,0,,False,
JMTG,Financial,Exchange Traded Fund,unknown,low,low,0.0,0,0.0,0,0,,False,
JMUB,Financial,Exchange Traded Fund,unknown,low,low,0.0,0,0.0,0,0,,False,
JNEU,Financial,Exchange Traded Fund,unknown,low,mid,0.0,0,0.0,0,0,,False,
JNJ,Healthcare,Drug Manufacturers - General,mega,mid,low,0.0,0,0.0,0,0,,False,
JNK,Financial,Exchange Traded Fund,unknown,low,low,0.0,0,0.0,0,0,,False,
JNUG,Financial,Exchange Traded Fund,unknown,high,high,0.0,0,0.0,0,0,,False,
JOB,Industrials,Staffing & Employment Services,micro,high,low,0.0,0,0.0,0,0,,False,
JOBC,Financial,Exchange Traded Fund,unknown,high,unknown,0.0,0,0.0,0,0,,False,
JOBX,Financial,Exchange Traded Fund,unknown,high,unknown,0.0,0,0.0,0,0,,False,
JOBY,Industrials,Airports & Air Services,mid,high,high,0.0,0,0.0,0,0,,False,
JOE,Real Estate,Real Estate - Diversified,mid,mid,high,0.0,0,0.0,0,0,,False,
JOET,Financial,Exchange Traded Fund,unknown,low,mid,0.0,0,0.0,0,0,,False,
JOF,Financial,Closed-End Fund - Foreign,small,low,low,0.0,0,0.0,0,0,,False,
JOJO,Financial,Exchange Traded Fund,unknown,low,low,0.0,0,0.0,0,0,,False,
JONEU,Financial,Shell Companies,micro,low,unknown,0.0,0,0.0,0,0,,False,
JOUL,Financial,Exchange Traded Fund,unknown,mid,unknown,0.0,0,0.0,0,0,,False,
JOUT,Consumer Cyclical,Leisure,small,mid,mid,0.0,0,0.0,0,0,,False,
JOYT,Financial,Exchange Traded Fund,unknown,low,low,0.0,0,0.0,0,0,,False,
JOYY,Communication Services,Internet Content & Information,mid,mid,low,0.0,0,0.0,0,0,,False,
JPAN,Financial,Exchange Traded Fund,unknown,low,mid,0.0,0,0.0,0,0,,False,
JPC,Financial,Closed-End Fund - Debt,mid,low,low,0.0,0,0.0,0,0,,False,
JPEF,Financial,Exchange Traded Fund,unknown,low,mid,0.0,0,0.0,0,0,,False,
JPEM,Financial,Exchange Traded Fund,unknown,low,low,0.0,0,0.0,0,0,,False,
JPFP,Financial,Exchange Traded Fund,unknown,low,unknown,0.0,0,0.0,0,0,,False,
JPHY,Financial,Exchange Traded Fund,unknown,low,low,0.0,0,0.0,0,0,,False,
JPIB,Financial,Exchange Traded Fund,unknown,low,low,0.0,0,0.0,0,0,,False,
JPIE,Financial,Exchange Traded Fund,unknown,low,low,0.0,0,0.0,0,0,,False,
JPIN,Financial,Exchange Traded Fund,unknown,low,low,0.0,0,0.0,0,0,,False,
JPLD,Financial,Exchange Traded Fund,unknown,low,low,0.0,0,0.0,0,0,,False,
JPM,Financial,Banks - Diversified,mega,low,mid,0.0,0,0.0,0,0,,False,
JPMB,Financial,Exchange Traded Fund,unknown,low,low,0.0,0,0.0,0,0,,False,
JPME,Financial,Exchange Traded Fund,unknown,low,mid,0.0,0,0.0,0,0,,False,
JPO,Financial,Exchange Traded Fund,unknown,low,low,0.0,0,0.0,0,0,,False,
JPRE,Financial,Exchange Traded Fund,unknown,low,mid,0.0,0,0.0,0,0,,False,
JPRF,Financial,Exchange Traded Fund,unknown,low,unknown,0.0,0,0.0,0,0,,False,
JPSE,Financial,Exchange Traded Fund,unknown,low,mid,0.0,0,0.0,0,0,,False,
JPST,Financial,Exchange Traded Fund,unknown,low,low,0.0,0,0.0,0,0,,False,
JPSV,Financial,Exchange Traded Fund,unknown,low,mid,0.0,0,0.0,0,0,,False,
JPUS,Financial,Exchange Traded Fund,unknown,low,mid,0.0,0,0.0,0,0,,False,
JPXN,Financial,Exchange Traded Fund,unknown,low,low,0.0,0,0.0,0,0,,False,
JPY,Financial,Exchange Traded Fund,unknown,low,low,0.0,0,0.0,0,0,,False,
JQC,Financial,Closed-End Fund - Debt,small,low,low,0.0,0,0.0,0,0,,False,
JQUA,Financial,Exchange Traded Fund,unknown,low,mid,0.0,0,0.0,0,0,,False,
JRE,Financial,Exchange Traded Fund,unknown,low,mid,0.0,0,0.0,0,0,,False,
JRI,Financial,Closed-End Fund - Equity,small,low,mid,0.0,0,0.0,0,0,,False,
JRS,Financial,Closed-End Fund - Debt,micro,low,mid,0.0,0,0.0,0,0,,False,
JRSH,Consumer Cyclical,Apparel Manufacturing,micro,high,mid,0.0,0,0.0,0,0,,False,
JRVR,Financial,Insurance - Specialty,micro,mid,low,0.0,0,0.0,0,0,,False,
JSCP,Financial,Exchange Traded Fund,unknown,low,low,0.0,0,0.0,0,0,,False,
JSI,Financial,Exchange Traded Fund,unknown,low,low,0.0,0,0.0,0,0,,False,
JSMD,Financial,Exchange Traded Fund,unknown,low,mid,0.0,0,0.0,0,0,,False,
JSML,Financial,Exchange Traded Fund,unknown,low,mid,0.0,0,0.0,0,0,,False,
JSPR,Healthcare,Biotechnology,micro,high,high,0.0,0,0.0,0,0,,False,
JSTC,Financial,Exchange Traded Fund,unknown,low,mid,0.0,0,0.0,0,0,,False,
JTAI,Technology,Software - Application,micro,high,low,0.0,0,0.0,0,0,,False,
JTEK,Financial,Exchange Traded Fund,unknown,mid,high,0.0,0,0.0,0,0,,False,
JTNY,Financial,Exchange Traded Fund,unknown,low,unknown,0.0,0,0.0,0,0,,False,
JUCY,Financial,Exchange Traded Fund,unknown,low,low,0.0,0,0.0,0,0,,False,
JUDB,Financial,Exchange Traded Fund,unknown,low,unknown,0.0,0,0.0,0,0,,False,
JUDO,Financial,Exchange Traded Fund,unknown,low,unknown,0.0,0,0.0,0,0,,False,
JULB,Financial,Exchange Traded Fund,unknown,low,unknown,0.0,0,0.0,0,0,,False,
JULC,Financial,Exchange Traded Fund,unknown,low,unknown,0.0,0,0.0,0,0,,False,
JULH,Financial,Exchange Traded Fund,unknown,low,low,0.0,0,0.0,0,0,,False,
JULI,Financial,Exchange Traded Fund,unknown,low,unknown,0.0,0,0.0,0,0,,False,
JULJ,Financial,Exchange Traded Fund,unknown,low,low,0.0,0,0.0,0,0,,False,
JULM,Financial,Exchange Traded Fund,unknown,low,low,0.0,0,0.0,0,0,,False,
JULP,Financial,Exchange Traded Fund,unknown,low,low,0.0,0,0.0,0,0,,False,
JULT,Financial,Exchange Traded Fund,unknown,low,low,0.0,0,0.0,0,0,,False,
JULU,Financial,Exchange Traded Fund,unknown,low,mid,0.0,0,0.0,0,0,,False,
JULW,Financial,Exchange Traded Fund,unknown,low,low,0.0,0,0.0,0,0,,False,
JULZ,Financial,Exchange Traded Fund,unknown,low,low,0.0,0,0.0,0,0,,False,
JUNC,Financial,Exchange Traded Fund,unknown,low,unknown,0.0,0,0.0,0,0,,False,
JUNM,Financial,Exchange Traded Fund,unknown,low,low,0.0,0,0.0,0,0,,False,
JUNP,Financial,Exchange Traded Fund,unknown,low,low,0.0,0,0.0,0,0,,False,
JUNS,Healthcare,Biotechnology,micro,high,high,0.0,0,0.0,0,0,,False,
JUNT,Financial,Exchange Traded Fund,unknown,low,low,0.0,0,0.0,0,0,,False,
JUNW,Financial,Exchange Traded Fund,unknown,low,low,0.0,0,0.0,0,0,,False,
JUNZ,Financial,Exchange Traded Fund,unknown,low,low,0.0,0,0.0,0,0,,False,
JUSA,Financial,Exchange Traded Fund,unknown,low,mid,0.0,0,0.0,0,0,,False,
JUST,Financial,Exchange Traded Fund,unknown,low,mid,0.0,0,0.0,0,0,,False,
JVA,Consumer Defensive,Packaged Foods,micro,mid,high,0.0,0,0.0,0,0,,False,
JVAL,Financial,Exchange Traded Fund,unknown,low,mid,0.0,0,0.0,0,0,,False,
JWEL,Consumer Cyclical,Internet Retail,micro,high,mid,0.0,1,0.0,0,0,,False,
JXG,Consumer Cyclical,Apparel Manufacturing,micro,high,mid,0.0,1,0.0,0,0,,False,
JXI,Financial,Exchange Traded Fund,unknown,low,low,0.0,0,0.0,0,0,,False,
JXN,Financial,Insurance - Life,mid,mid,high,0.0,0,0.0,0,0,,False,
JXX,Financial,Exchange Traded Fund,unknown,low,high,0.0,0,0.0,0,0,,False,
JYD,Industrials,Integrated Freight & Logistics,micro,high,low,0.0,1,0.0,0,0,,False,
JYNT,Healthcare,Medical Care Facilities,micro,mid,mid,0.0,0,0.0,0,0,,False,
JZ,Technology,Information Technology Services,micro,high,high,0.0,1,0.0,0,0,,False,
JZXN,Consumer Cyclical,Auto & Truck Dealerships,micro,high,high,0.0,1,0.0,0,0,,False,
KAI,Industrials,Specialty Industrial Machinery,mid,mid,mid,0.0,0,0.0,0,0,,False,
KALA,Healthcare,Biotechnology,micro,high,low,0.0,0,0.0,0,0,,False,
KALU,Basic Materials,Aluminum,mid,mid,high,0.0,0,0.0,0,0,,False,
KAMO,Financial,Exchange Traded Fund,unknown,low,unknown,0.0,0,0.0,0,0,,False,
KAPA,Healthcare,Biotechnology,micro,high,high,0.0,0,0.0,0,0,,False,
KAPR,Financial,Exchange Traded Fund,unknown,low,low,0.0,0,0.0,0,0,,False,
KARD,Healthcare,Biotechnology,mid,high,unknown,0.0,0,0.0,0,0,,False,
KARO,Technology,Software - Application,small,mid,mid,0.0,0,0.0,0,0,,False,
KARS,Financial,Exchange Traded Fund,unknown,mid,mid,0.0,0,0.0,0,0,,False,
KAT,Financial,Exchange Traded Fund,unknown,low,low,0.0,0,0.0,0,0,,False,
KAUG,Financial,Exchange Traded Fund,unknown,low,low,0.0,0,0.0,0,0,,False,
KAZR,Industrials,Engineering & Construction,micro,high,high,0.0,0,0.0,0,0,,False,
KB,Financial,Banks - Regional,large,mid,mid,0.0,0,0.0,0,0,,False,
KBA,Financial,Exchange Traded Fund,unknown,low,low,0.0,0,0.0,0,0,,False,
KBAB,Financial,Exchange Traded Fund,unknown,high,high,0.0,0,0.0,0,0,,False,
KBDC,Financial,Asset Management,small,mid,low,0.0,0,0.0,0,0,,False,
KBDU,Financial,Exchange Traded Fund,unknown,mid,unknown,0.0,0,0.0,0,0,,False,
KBE,Financial,Exchange Traded Fund,unknown,low,mid,0.0,0,0.0,0,0,,False,
KBFR,Financial,Exchange Traded Fund,unknown,low,unknown,0.0,0,0.0,0,0,,False,
KBH,Consumer Cyclical,Residential Construction,mid,mid,high,0.0,0,0.0,0,0,,False,
KBON,Financial,Shell Companies,small,low,unknown,0.0,0,0.0,0,0,,False,
KBR,Industrials,Engineering & Construction,mid,mid,low,0.0,0,0.0,0,0,,False,
KBSX,Consumer Cyclical,Leisure,micro,high,low,0.0,0,0.0,0,0,,False,
KBUF,Financial,Exchange Traded Fund,unknown,low,low,0.0,0,0.0,0,0,,False,
KBWB,Financial,Exchange Traded Fund,unknown,low,mid,0.0,0,0.0,0,0,,False,
KBWD,Financial,Exchange Traded Fund,unknown,low,mid,0.0,0,0.0,0,0,,False,
KBWP,Financial,Exchange Traded Fund,unknown,low,low,0.0,0,0.0,0,0,,False,
KBWY,Financial,Exchange Traded Fund,unknown,low,mid,0.0,0,0.0,0,0,,False,
KC,Technology,Software - Application,mid,mid,high,0.0,1,0.0,0,0,,False,
KCA-U,Financial,Shell Companies,micro,low,unknown,0.0,0,0.0,0,0,,False,
KCAC-U,Financial,Shell Companies,micro,low,unknown,0.0,0,0.0,0,0,,False,
KCAI,Financial,Exchange Traded Fund,unknown,low,low,0.0,0,0.0,0,0,,False,
KCCA,Financial,Exchange Traded Fund,unknown,low,low,0.0,0,0.0,0,0,,False,
KCE,Financial,Exchange Traded Fund,unknown,low,mid,0.0,0,0.0,0,0,,False,
KCHV,Financial,Shell Companies,small,low,low,0.0,0,0.0,0,0,,False,
KCOP,Financial,Exchange Traded Fund,unknown,mid,unknown,0.0,0,0.0,0,0,,False,
KCSH,Financial,Exchange Traded Fund,unknown,low,low,0.0,0,0.0,0,0,,False,
KD,Technology,Information Technology Services,mid,high,high,0.0,0,0.0,0,0,,False,
KDEC,Financial,Exchange Traded Fund,unknown,low,low,0.0,0,0.0,0,0,,False,
KDEF,Financial,Exchange Traded Fund,unknown,mid,high,0.0,0,0.0,0,0,,False,
KDK,Technology,Software - Infrastructure,small,high,low,0.0,0,0.0,0,0,,False,
KDP,Consumer Defensive,Beverages - Non-Alcoholic,large,mid,low,0.0,0,0.0,0,0,,False,
KDRN,Financial,Exchange Traded Fund,unknown,low,low,0.0,0,0.0,0,0,,False,
KDVD,Financial,Exchange Traded Fund,unknown,low,unknown,0.0,0,0.0,0,0,,False,
KE,Industrials,Electrical Equipment & Parts,small,mid,mid,0.0,0,0.0,0,0,,False,
KEAT,Financial,Exchange Traded Fund,unknown,low,low,0.0,0,0.0,0,0,,False,
KEEL,Technology,Information Technology Services,mid,high,high,0.0,0,0.0,0,0,,False,
KEEX,Financial,Exchange Traded Fund,unknown,high,unknown,0.0,0,0.0,0,0,,False,
KELYA,Industrials,Staffing & Employment Services,small,mid,mid,0.0,0,0.0,0,0,,False,
KEMQ,Financial,Exchange Traded Fund,unknown,low,mid,0.0,0,0.0,0,0,,False,
KEMX,Financial,Exchange Traded Fund,unknown,mid,mid,0.0,0,0.0,0,0,,False,
KEN,Utilities,Utilities - Independent Power Producers,mid,mid,mid,0.0,0,0.0,0,0,,False,
KEO,Financial,Exchange Traded Fund,unknown,low,unknown,0.0,0,0.0,0,0,,False,
KEP,Utilities,Utilities - Regulated Electric,large,mid,mid,0.0,0,0.0,0,0,,False,
KEQU,Consumer Cyclical,"Furnishings, Fixtures & Appliances",micro,mid,low,0.0,0,0.0,0,0,,False,
KEX,Industrials,Marine Shipping,mid,mid,mid,0.0,0,0.0,0,0,,False,
KEY,Financial,Banks - Regional,large,low,mid,0.0,0,0.0,0,0,,False,
KEYG,Financial,Exchange Traded Fund,unknown,mid,unknown,0.0,0,0.0,0,0,,False,
KEYS,Technology,Scientific & Technical Instruments,large,mid,mid,0.0,0,0.0,0,0,,False,
KEYX,Financial,Exchange Traded Fund,unknown,mid,unknown,0.0,0,0.0,0,0,,False,
KEYY,Financial,Shell Companies,small,low,unknown,0.0,0,0.0,0,0,,False,
KF,Financial,Closed-End Fund - Foreign,micro,high,high,0.0,0,0.0,0,0,,False,
KFEB,Financial,Exchange Traded Fund,unknown,low,low,0.0,0,0.0,0,0,,False,
KFFB,Financial,Banks - Regional,micro,mid,low,0.0,0,0.0,0,0,,False,
KFII,Financial,Shell Companies,small,low,low,0.0,0,0.0,0,0,,False,
KFRC,Industrials,Staffing & Employment Services,small,mid,mid,0.0,0,0.0,0,0,,False,
KFY,Industrials,Staffing & Employment Services,mid,mid,mid,0.0,0,0.0,0,0,,False,
KG,Financial,Insurance - Reinsurance,micro,high,low,0.0,0,0.0,0,0,,False,
KGC,Basic Materials,Gold,large,mid,mid,0.0,0,0.0,0,0,,False,
KGEI,Energy,Oil & Gas E&P,micro,mid,mid,0.0,0,0.0,0,0,,False,
KGLD,Financial,Exchange Traded Fund,unknown,low,low,0.0,0,0.0,0,0,,False,
KGRN,Financial,Exchange Traded Fund,unknown,mid,low,0.0,0,0.0,0,0,,False,
KGS,Energy,Oil & Gas Equipment & Services,mid,high,mid,0.0,0,0.0,0,0,,False,
KHC,Consumer Defensive,Packaged Foods,large,mid,low,0.0,0,0.0,0,0,,False,
KHPI,Financial,Exchange Traded Fund,unknown,low,low,0.0,0,0.0,0,0,,False,
KHYB,Financial,Exchange Traded Fund,unknown,low,low,0.0,0,0.0,0,0,,False,
KIDS,Healthcare,Medical Devices,small,mid,mid,0.0,0,0.0,0,0,,False,
KIDZ,Consumer Defensive,Education & Training Services,micro,high,low,0.0,0,0.0,0,0,,False,
KIE,Financial,Exchange Traded Fund,unknown,low,low,0.0,0,0.0,0,0,,False,
KIM,Real Estate,REIT - Retail,large,low,mid,0.0,0,0.0,0,0,,False,
KINS,Financial,Insurance - Property & Casualty,micro,mid,low,0.0,0,0.0,0,0,,False,
KIO,Financial,Closed-End Fund - Debt,small,low,low,0.0,0,0.0,0,0,,False,
KIQQ,Financial,Exchange Traded Fund,unknown,low,unknown,0.0,0,0.0,0,0,,False,
KITT,Industrials,Aerospace & Defense,micro,high,low,0.0,0,0.0,0,0,,False,
KJAN,Financial,Exchange Traded Fund,unknown,low,low,0.0,0,0.0,0,0,,False,
KJD,Financial,Exchange Traded Fund,unknown,mid,unknown,0.0,0,0.0,0,0,,False,
KJUL,Financial,Exchange Traded Fund,unknown,low,low,0.0,0,0.0,0,0,,False,
KJUN,Financial,Exchange Traded Fund,unknown,low,low,0.0,0,0.0,0,0,,False,
KKR,Financial,Asset Management,large,mid,high,0.0,0,0.0,0,0,,False,
KLAC,Technology,Semiconductor Equipment & Materials,mega,high,high,0.0,0,0.0,0,0,,False,
KLAG,Financial,Exchange Traded Fund,unknown,high,unknown,0.0,0,0.0,0,0,,False,
KLAR,Financial,Credit Services,mid,mid,unknown,0.0,0,0.0,0,0,,False,
KLC,Consumer Defensive,Education & Training Services,small,high,high,0.0,0,0.0,0,0,,False,
KLIC,Technology,Semiconductor Equipment & Materials,mid,high,high,0.0,0,0.0,0,0,,False,
KLIP,Financial,Exchange Traded Fund,unknown,low,low,0.0,0,0.0,0,0,,False,
KLMN,Financial,Exchange Traded Fund,unknown,low,mid,0.0,0,0.0,0,0,,False,
KLMT,Financial,Exchange Traded Fund,unknown,low,mid,0.0,0,0.0,0,0,,False,
KLRA,Healthcare,Biotechnology,mid,high,unknown,0.0,0,0.0,0,0,,False,
KLRS,Healthcare,Biotechnology,micro,high,low,0.0,0,0.0,0,0,,False,
KLTR,Technology,Software - Application,micro,high,mid,0.0,0,0.0,0,0,,False,
KLXE,Energy,Oil & Gas Equipment & Services,micro,high,low,0.0,0,0.0,0,0,,False,
KMAR,Financial,Exchange Traded Fund,unknown,low,low,0.0,0,0.0,0,0,,False,
KMAY,Financial,Exchange Traded Fund,unknown,low,low,0.0,0,0.0,0,0,,False,
KMB,Consumer Defensive,Household & Personal Products,large,mid,low,0.0,0,0.0,0,0,,False,
KMCA,Financial,Exchange Traded Fund,unknown,mid,unknown,0.0,0,0.0,0,0,,False,
KMDA,Healthcare,Drug Manufacturers - Specialty & Generic,small,mid,mid,0.0,0,0.0,0,0,,False,
KMEM,Financial,Exchange Traded Fund,unknown,high,unknown,0.0,0,0.0,0,0,,False,
KMI,Energy,Oil & Gas Midstream,large,mid,low,0.0,0,0.0,0,0,,False,
KMID,Financial,Exchange Traded Fund,unknown,low,low,0.0,0,0.0,0,0,,False,
KMLI,Financial,Exchange Traded Fund,unknown,high,mid,0.0,0,0.0,0,0,,False,
KMLM,Financial,Exchange Traded Fund,unknown,low,low,0.0,0,0.0,0,0,,False,
KMPR,Financial,Insurance - Property & Casualty,small,mid,mid,0.0,0,0.0,0,0,,False,
KMRK,Consumer Cyclical,Leisure,micro,high,high,0.0,0,0.0,0,0,,False,
KMT,Industrials,Tools & Accessories,mid,high,high,0.0,0,0.0,0,0,,False,
KMTS,Healthcare,Medical Instruments & Supplies,small,high,low,0.0,0,0.0,0,0,,False,
KMX,Consumer Cyclical,Auto & Truck Dealerships,mid,mid,mid,0.0,0,0.0,0,0,,False,
KN,Technology,Electronic Components,mid,mid,high,0.0,0,0.0,0,0,,False,
KNCT,Financial,Exchange Traded Fund,unknown,mid,mid,0.0,0,0.0,0,0,,False,
KNDI,Consumer Cyclical,Recreational Vehicles,micro,high,low,0.0,1,0.0,0,0,,False,
KNF,Basic Materials,Building Materials,mid,high,low,0.0,0,0.0,0,0,,False,
KNG,Financial,Exchange Traded Fund,unknown,low,low,0.0,0,0.0,0,0,,False,
KNGZ,Financial,Exchange Traded Fund,unknown,low,mid,0.0,0,0.0,0,0,,False,
KNO,Financial,Exchange Traded Fund,unknown,low,mid,0.0,0,0.0,0,0,,False,
KNOP,Energy,Oil & Gas Midstream,small,mid,low,0.0,0,0.0,0,0,,False,
KNOV,Financial,Exchange Traded Fund,unknown,low,low,0.0,0,0.0,0,0,,False,
KNOW,Financial,Exchange Traded Fund,unknown,low,low,0.0,0,0.0,0,0,,False,
KNRG,Financial,Exchange Traded Fund,unknown,low,low,0.0,0,0.0,0,0,,False,
KNRX,Technology,Software - Application,unknown,high,unknown,0.0,0,0.0,0,0,,False,
KNSA,Healthcare,Drug Manufacturers - Specialty & Generic,mid,mid,low,0.0,0,0.0,0,0,,False,
KNSL,Financial,Insurance - Property & Casualty,mid,mid,mid,0.0,0,0.0,0,0,,False,
KNTK,Energy,Oil & Gas Midstream,mid,mid,low,0.0,0,0.0,0,0,,False,
KNX,Industrials,Trucking,large,mid,mid,0.0,0,0.0,0,0,,False,
KO,Consumer Defensive,Beverages - Non-Alcoholic,mega,low,low,0.0,0,0.0,0,0,,False,
KOCT,Financial,Exchange Traded Fund,unknown,low,low,0.0,0,0.0,0,0,,False,
KOD,Healthcare,Biotechnology,mid,high,high,0.0,0,0.0,0,0,,False,
KODK,Industrials,Specialty Business Services,small,mid,high,0.0,0,0.0,0,0,,False,
KOF,Consumer Defensive,Beverages - Non-Alcoholic,mid,mid,low,0.0,0,0.0,0,0,,False,
KOID,Financial,Exchange Traded Fund,unknown,mid,high,0.0,0,0.0,0,0,,False,
KOKU,Financial,Exchange Traded Fund,unknown,low,mid,0.0,0,0.0,0,0,,False,
KOLD,Financial,Exchange Traded Fund,unknown,high,low,0.0,0,0.0,0,0,,False,
KOMP,Financial,Exchange Traded Fund,unknown,mid,high,0.0,0,0.0,0,0,,False,
KONG,Financial,Exchange Traded Fund,unknown,low,low,0.0,0,0.0,0,0,,False,
KOOL,Financial,Exchange Traded Fund,unknown,low,mid,0.0,0,0.0,0,0,,False,
KOP,Basic Materials,Specialty Chemicals,small,high,mid,0.0,0,0.0,0,0,,False,
KOPN,Technology,Electronic Components,small,high,high,0.0,0,0.0,0,0,,False,
KORP,Financial,Exchange Traded Fund,unknown,low,low,0.0,0,0.0,0,0,,False,
KORU,Financial,Exchange Traded Fund,unknown,high,high,0.0,0,0.0,0,0,,False,
KOS,Energy,Oil & Gas E&P,small,high,low,0.0,0,0.0,0,0,,False,
KOSS,Technology,Consumer Electronics,micro,mid,high,0.0,0,0.0,0,0,,False,
KOYN,Financial,Shell Companies,small,low,unknown,0.0,0,0.0,0,0,,False,
KPDD,Financial,Exchange Traded Fund,unknown,mid,low,0.0,0,0.0,0,0,,False,
KPET,Financial,Shell Companies,micro,low,unknown,0.0,0,0.0,0,0,,False,
KPHO,Financial,Exchange Traded Fund,unknown,low,unknown,0.0,0,0.0,0,0,,False,
KPLT,Technology,Software - Infrastructure,micro,high,high,0.0,0,0.0,0,0,,False,
KPRO,Financial,Exchange Traded Fund,unknown,low,low,0.0,0,0.0,0,0,,False,
KPRX,Healthcare,Biotechnology,micro,mid,low,0.0,0,0.0,0,0,,False,
KPTI,Healthcare,Biotechnology,micro,high,mid,0.0,0,0.0,0,0,,False,
KQQQ,Financial,Exchange Traded Fund,unknown,low,high,0.0,0,0.0,0,0,,False,
KR,Consumer Defensive,Grocery Stores,large,mid,low,0.0,0,0.0,0,0,,False,
KRAQ,Financial,Shell Companies,small,low,unknown,0.0,0,0.0,0,0,,False,
KRBN,Financial,Exchange Traded Fund,unknown,low,low,0.0,0,0.0,0,0,,False,
KRC,Real Estate,REIT - Office,mid,mid,mid,0.0,0,0.0,0,0,,False,
KRE,Financial,Exchange Traded Fund,unknown,low,mid,0.0,0,0.0,0,0,,False,
KREF,Real Estate,REIT - Mortgage,small,mid,mid,0.0,0,0.0,0,0,,False,
KRG,Real Estate,REIT - Retail,mid,mid,mid,0.0,0,0.0,0,0,,False,
KRKR,Communication Services,Advertising Agencies,micro,high,low,0.0,1,0.0,0,0,,False,
KRMD,Healthcare,Medical Instruments & Supplies,micro,high,low,0.0,0,0.0,0,0,,False,
KRMN,Industrials,Aerospace & Defense,mid,high,low,0.0,0,0.0,0,0,,False,
KRNT,Industrials,Specialty Industrial Machinery,small,mid,high,0.0,0,0.0,0,0,,False,
KRNY,Financial,Banks - Regional,small,mid,low,0.0,0,0.0,0,0,,False,
KRO,Basic Materials,Specialty Chemicals,small,high,mid,0.0,0,0.0,0,0,,False,
KROP,Financial,Exchange Traded Fund,unknown,low,mid,0.0,0,0.0,0,0,,False,
KROS,Healthcare,Biotechnology,micro,mid,mid,0.0,0,0.0,0,0,,False,
KRP,Energy,Oil & Gas E&P,small,mid,low,0.0,0,0.0,0,0,,False,
KRRO,Healthcare,Biotechnology,micro,high,high,0.0,0,0.0,0,0,,False,
KRSP,Financial,Shell Companies,small,low,unknown,0.0,0,0.0,0,0,,False,
KRT,Consumer Cyclical,Packaging & Containers,small,mid,mid,0.0,0,0.0,0,0,,False,
KRUS,Consumer Cyclical,Restaurants,small,mid,high,0.0,0,0.0,0,0,,False,
KRWX,Financial,Exchange Traded Fund,unknown,high,unknown,0.0,0,0.0,0,0,,False,
KRYP,Financial,Exchange Traded Fund,unknown,low,unknown,0.0,0,0.0,0,0,,False,
KRYS,Healthcare,Biotechnology,mid,mid,low,0.0,0,0.0,0,0,,False,
KSA,Financial,Exchange Traded Fund,unknown,low,low,0.0,0,0.0,0,0,,False,
KSCP,Industrials,Security & Protection Services,micro,high,high,0.0,0,0.0,0,0,,False,
KSEP,Financial,Exchange Traded Fund,unknown,low,low,0.0,0,0.0,0,0,,False,
KSLV,Financial,Exchange Traded Fund,unknown,mid,unknown,0.0,0,0.0,0,0,,False,
KSPI,Technology,Software - Infrastructure,large,mid,mid,0.0,0,0.0,0,0,,False,
KSPY,Financial,Exchange Traded Fund,unknown,low,low,0.0,0,0.0,0,0,,False,
KSS,Consumer Cyclical,Department Stores,mid,mid,high,0.0,0,0.0,0,0,,False,
KSTR,Financial,Exchange Traded Fund,unknown,mid,low,0.0,0,0.0,0,0,,False,
KT,Communication Services,Telecom Services,mid,mid,low,0.0,0,0.0,0,0,,False,
KTB,Consumer Cyclical,Apparel Manufacturing,mid,mid,mid,0.0,0,0.0,0,0,,False,
KTCC,Technology,Computer Hardware,micro,high,mid,0.0,0,0.0,0,0,,False,
KTEC,Financial,Exchange Traded Fund,unknown,low,low,0.0,0,0.0,0,0,,False,
KTF,Financial,Closed-End Fund - Debt,small,low,low,0.0,0,0.0,0,0,,False,
KTOS,Industrials,Aerospace & Defense,large,high,mid,0.0,0,0.0,0,0,,False,
KTTA,Healthcare,Biotechnology,micro,high,low,0.0,0,0.0,0,0,,False,
KTUP,Financial,Exchange Traded Fund,unknown,high,unknown,0.0,0,0.0,0,0,,False,
KTWO,Financial,Shell Companies,micro,low,unknown,0.0,0,0.0,0,0,,False,
KULR,Technology,Electronic Components,micro,high,high,0.0,0,0.0,0,0,,False,
KURA,Healthcare,Biotechnology,small,mid,low,0.0,0,0.0,0,0,,False,
KURE,Financial,Exchange Traded Fund,unknown,low,low,0.0,0,0.0,0,0,,False,
KUST,Communication Services,Entertainment,micro,high,high,0.0,0,0.0,0,0,,False,
KVAC,Financial,Shell Companies,micro,high,low,0.0,0,0.0,0,0,,False,
KVHI,Communication Services,Telecom Services,micro,high,low,0.0,0,0.0,0,0,,False,
KVLE,Financial,Exchange Traded Fund,unknown,low,mid,0.0,0,0.0,0,0,,False,
KVUE,Consumer Defensive,Household & Personal Products,large,mid,low,0.0,0,0.0,0,0,,False,
KVYO,Technology,Software - Application,mid,high,low,0.0,0,0.0,0,0,,False,
KWEB,Financial,Exchange Traded Fund,unknown,mid,low,0.0,0,0.0,0,0,,False,
KWH,Financial,Exchange Traded Fund,unknown,low,unknown,0.0,0,0.0,0,0,,False,
KWIN,Financial,Exchange Traded Fund,unknown,low,unknown,0.0,0,0.0,0,0,,False,
KWM,Communication Services,Entertainment,micro,high,low,0.0,0,0.0,0,0,,False,
KWR,Basic Materials,Specialty Chemicals,mid,mid,high,0.0,0,0.0,0,0,,False,
KWT,Financial,Exchange Traded Fund,unknown,low,low,0.0,0,0.0,0,0,,False,
KWY,Financial,Asset Management,micro,high,low,0.0,0,0.0,0,0,,False,
KXI,Financial,Exchange Traded Fund,unknown,low,low,0.0,0,0.0,0,0,,False,
KXIN,Consumer Cyclical,Auto & Truck Dealerships,micro,high,mid,0.0,1,0.0,0,0,,False,
KYC,Financial,Exchange Traded Fund,unknown,low,unknown,0.0,0,0.0,0,0,,False,
KYIV,Communication Services,Telecom Services,mid,mid,mid,0.0,0,0.0,0,0,,False,
KYLD,Financial,Exchange Traded Fund,unknown,mid,unknown,0.0,0,0.0,0,0,,False,
KYMR,Healthcare,Biotechnology,mid,mid,high,0.0,0,0.0,0,0,,False,
KYN,Financial,Closed-End Fund - Equity,mid,low,low,0.0,0,0.0,0,0,,False,
KYNB,Healthcare,Biotechnology,micro,mid,mid,0.0,0,0.0,0,0,,False,
KYTX,Healthcare,Biotechnology,small,high,high,0.0,0,0.0,0,0,,False,
KZIA,Healthcare,Biotechnology,micro,high,high,0.0,0,0.0,0,0,,False,
L,Financial,Insurance - Property & Casualty,large,low,low,0.0,0,0.0,0,0,,False,
LAB,Healthcare,Medical Devices,small,high,high,0.0,0,0.0,0,0,,False,
LABD,Financial,Exchange Traded Fund,unknown,high,low,0.0,0,0.0,0,0,,False,
LABT,Healthcare,Biotechnology,micro,high,unknown,0.0,0,0.0,0,0,,False,
LABU,Financial,Exchange Traded Fund,unknown,high,high,0.0,0,0.0,0,0,,False,
LABX,Financial,Exchange Traded Fund,unknown,high,high,0.0,0,0.0,0,0,,False,
LAC,Basic Materials,Other Industrial Metals & Mining,small,mid,high,0.0,0,0.0,0,0,,False,
LAD,Consumer Cyclical,Auto & Truck Dealerships,mid,mid,mid,0.0,0,0.0,0,0,,False,
LADM,Financial,Exchange Traded Fund,unknown,low,unknown,0.0,0,0.0,0,0,,False,
LADR,Real Estate,REIT - Mortgage,small,mid,mid,0.0,0,0.0,0,0,,False,
LAES,Technology,Semiconductors,small,high,low,0.0,0,0.0,0,0,,False,
LAFA,Financial,Shell Companies,micro,low,unknown,0.0,0,0.0,0,0,,False,
LAKE,Consumer Cyclical,Apparel Manufacturing,micro,mid,high,0.0,0,0.0,0,0,,False,
LALT,Financial,Exchange Traded Fund,unknown,low,low,0.0,0,0.0,0,0,,False,
LAMR,Real Estate,REIT - Specialty,large,mid,mid,0.0,0,0.0,0,0,,False,
LAND,Real Estate,REIT - Specialty,small,mid,mid,0.0,0,0.0,0,0,,False,
LANV,Consumer Cyclical,Luxury Goods,micro,high,low,0.0,1,0.0,0,0,,False,
LAPR,Financial,Exchange Traded Fund,unknown,low,low,0.0,0,0.0,0,0,,False,
LAR,Basic Materials,Other Industrial Metals & Mining,small,high,high,0.0,0,0.0,0,0,,False,
LARK,Financial,Banks - Regional,micro,low,low,0.0,0,0.0,0,0,,False,
LASC,Financial,Exchange Traded Fund,unknown,high,unknown,0.0,0,0.0,0,0,,False,
LASE,Industrials,Specialty Industrial Machinery,micro,high,high,0.0,0,0.0,0,0,,False,
LASR,Technology,Semiconductors,mid,high,high,0.0,0,0.0,0,0,,False,
LATA,Financial,Shell Companies,micro,low,unknown,0.0,0,0.0,0,0,,False,
LATR,Financial,Exchange Traded Fund,unknown,low,unknown,0.0,0,0.0,0,0,,False,
LAUR,Consumer Defensive,Education & Training Services,mid,mid,low,0.0,0,0.0,0,0,,False,
LAW,Technology,Software - Application,micro,high,high,0.0,0,0.0,0,0,,False,
LAZ,Financial,Capital Markets,mid,mid,high,0.0,0,0.0,0,0,,False,
LAZR,Financial,Exchange Traded Fund,unknown,high,unknown,0.0,0,0.0,0,0,,False,
LB,Energy,Oil & Gas Equipment & Services,mid,high,low,0.0,0,0.0,0,0,,False,
LBAY,Financial,Exchange Traded Fund,unknown,low,low,0.0,0,0.0,0,0,,False,
LBGJ,Industrials,Specialty Industrial Machinery,micro,high,high,0.0,1,0.0,0,0,,False,
LBO,Financial,Exchange Traded Fund,unknown,low,mid,0.0,0,0.0,0,0,,False,
LBRDA,Communication Services,Telecom Services,mid,mid,low,0.0,0,0.0,0,0,,False,
LBRDK,Communication Services,Telecom Services,mid,mid,low,0.0,0,0.0,0,0,,False,
LBRT,Energy,Oil & Gas Equipment & Services,mid,high,low,0.0,0,0.0,0,0,,False,
LBRX,Healthcare,Biotechnology,small,high,unknown,0.0,0,0.0,0,0,,False,
LBTYA,Communication Services,Telecom Services,mid,mid,mid,0.0,0,0.0,0,0,,False,
LBTYK,Communication Services,Telecom Services,mid,mid,mid,0.0,0,0.0,0,0,,False,
LCAP,Financial,Exchange Traded Fund,unknown,low,mid,0.0,0,0.0,0,0,,False,
LCCC,Financial,Shell Companies,micro,low,low,0.0,0,0.0,0,0,,False,
LCDS,Financial,Exchange Traded Fund,unknown,low,mid,0.0,0,0.0,0,0,,False,
LCF,Financial,Exchange Traded Fund,unknown,low,mid,0.0,0,0.0,0,0,,False,
LCFY,Communication Services,Internet Content & Information,micro,high,high,0.0,0,0.0,0,0,,False,
LCID,Consumer Cyclical,Auto Manufacturers,mid,high,mid,0.0,0,0.0,0,0,,False,
LCII,Consumer Cyclical,Recreational Vehicles,mid,mid,mid,0.0,0,0.0,0,0,,False,
LCLG,Financial,Exchange Traded Fund,unknown,low,mid,0.0,0,0.0,0,0,,False,
LCLN,Financial,Capital Markets,mid,high,unknown,0.0,0,0.0,0,0,,False,
LCNB,Financial,Banks - Regional,micro,mid,low,0.0,0,0.0,0,0,,False,
LCO,Financial,Exchange Traded Fund,unknown,low,unknown,0.0,0,0.0,0,0,,False,
LCOW,Financial,Exchange Traded Fund,unknown,low,mid,0.0,0,0.0,0,0,,False,
LCR,Financial,Exchange Traded Fund,unknown,low,low,0.0,0,0.0,0,0,,False,
LCTD,Financial,Exchange Traded Fund,unknown,low,mid,0.0,0,0.0,0,0,,False,
LCTO,Financial,Exchange Traded Fund,unknown,low,unknown,0.0,0,0.0,0,0,,False,
LCTU,Financial,Exchange Traded Fund,unknown,low,mid,0.0,0,0.0,0,0,,False,
LCTX,Healthcare,Biotechnology,micro,high,high,0.0,0,0.0,0,0,,False,
LCUT,Consumer Cyclical,"Furnishings, Fixtures & Appliances",micro,high,mid,0.0,0,0.0,0,0,,False,
LDDR,Financial,Exchange Traded Fund,unknown,low,low,0.0,0,0.0,0,0,,False,
LDEM,Financial,Exchange Traded Fund,unknown,low,low,0.0,0,0.0,0,0,,False,
LDI,Financial,Mortgage Finance,micro,high,high,0.0,0,0.0,0,0,,False,
LDOS,Technology,Information Technology Services,large,mid,low,0.0,0,0.0,0,0,,False,
LDP,Financial,Closed-End Fund - Debt,small,low,low,0.0,0,0.0,0,0,,False,
LDRC,Financial,Exchange Traded Fund,unknown,low,low,0.0,0,0.0,0,0,,False,
LDRH,Financial,Exchange Traded Fund,unknown,low,low,0.0,0,0.0,0,0,,False,
LDRI,Financial,Exchange Traded Fund,unknown,low,low,0.0,0,0.0,0,0,,False,
LDRT,Financial,Exchange Traded Fund,unknown,low,low,0.0,0,0.0,0,0,,False,
LDRX,Financial,Exchange Traded Fund,unknown,low,mid,0.0,0,0.0,0,0,,False,
LDSF,Financial,Exchange Traded Fund,unknown,low,low,0.0,0,0.0,0,0,,False,
LDUR,Financial,Exchange Traded Fund,unknown,low,low,0.0,0,0.0,0,0,,False,
LE,Consumer Cyclical,Apparel Retail,small,mid,high,0.0,0,0.0,0,0,,False,
LEA,Consumer Cyclical,Auto Parts,mid,mid,mid,0.0,0,0.0,0,0,,False,
LECO,Industrials,Tools & Accessories,large,mid,mid,0.0,0,0.0,0,0,,False,
LEDRU,Financial,Shell Companies,unknown,unknown,unknown,0.0,0,0.0,0,0,,False,
LEDS,Technology,Semiconductors,micro,high,high,0.0,0,0.0,0,0,,False,
LEE,Communication Services,Publishing,micro,high,low,0.0,0,0.0,0,0,,False,
LEG,Consumer Cyclical,"Furnishings, Fixtures & Appliances",small,mid,low,0.0,0,0.0,0,0,,False,
LEGH,Consumer Cyclical,Residential Construction,small,mid,low,0.0,0,0.0,0,0,,False,
LEGN,Healthcare,Biotechnology,mid,high,low,0.0,0,0.0,0,0,,False,
LEGO,Financial,Shell Companies,small,low,unknown,0.0,0,0.0,0,0,,False,
LEGR,Financial,Exchange Traded Fund,unknown,low,mid,0.0,0,0.0,0,0,,False,
LEMB,Financial,Exchange Traded Fund,unknown,low,low,0.0,0,0.0,0,0,,False,
LEN,Consumer Cyclical,Residential Construction,large,mid,high,0.0,0,0.0,0,0,,False,
LEND,Financial,Exchange Traded Fund,unknown,low,unknown,0.0,0,0.0,0,0,,False,
LENS,Financial,Exchange Traded Fund,unknown,low,low,0.0,0,0.0,0,0,,False,
LENZ,Healthcare,Biotechnology,micro,high,low,0.0,0,0.0,0,0,,False,
LEO,Financial,Closed-End Fund - Debt,small,low,low,0.0,0,0.0,0,0,,False,
LESL,Consumer Cyclical,Specialty Retail,micro,high,high,0.0,0,0.0,0,0,,False,
LEU,Energy,Uranium,mid,high,high,0.0,0,0.0,0,0,,False,
LEUX,Financial,Exchange Traded Fund,unknown,high,unknown,0.0,0,0.0,0,0,,False,
LEVI,Consumer Cyclical,Apparel Manufacturing,mid,mid,high,0.0,0,0.0,0,0,,False,
LEXI,Financial,Exchange Traded Fund,unknown,low,mid,0.0,0,0.0,0,0,,False,
LEXX,Healthcare,Biotechnology,micro,high,low,0.0,0,0.0,0,0,,False,
LFAC,Financial,Shell Companies,micro,low,unknown,0.0,0,0.0,0,0,,False,
LFAI,Financial,Exchange Traded Fund,unknown,low,low,0.0,0,0.0,0,0,,False,
LFAO,Financial,Exchange Traded Fund,unknown,low,low,0.0,0,0.0,0,0,,False,
LFAW,Financial,Exchange Traded Fund,unknown,low,low,0.0,0,0.0,0,0,,False,
LFBE,Financial,Exchange Traded Fund,unknown,low,low,0.0,0,0.0,0,0,,False,
LFCR,Healthcare,Drug Manufacturers - Specialty & Generic,micro,high,mid,0.0,0,0.0,0,0,,False,
LFDR,Financial,Exchange Traded Fund,unknown,low,low,0.0,0,0.0,0,0,,False,
LFEQ,Financial,Exchange Traded Fund,unknown,low,low,0.0,0,0.0,0,0,,False,
LFGY,Financial,Exchange Traded Fund,unknown,mid,high,0.0,0,0.0,0,0,,False,
LFMD,Healthcare,Health Information Services,micro,high,high,0.0,0,0.0,0,0,,False,
LFS,Communication Services,Entertainment,micro,high,unknown,0.0,0,0.0,0,0,,False,
LFSC,Financial,Exchange Traded Fund,unknown,low,mid,0.0,0,0.0,0,0,,False,
LFST,Healthcare,Medical Care Facilities,mid,mid,mid,0.0,0,0.0,0,0,,False,
LFT,Real Estate,REIT - Mortgage,micro,high,low,0.0,0,0.0,0,0,,False,
LFTO,Communication Services,Advertising Agencies,mid,high,unknown,0.0,0,0.0,0,0,,False,
LFUS,Technology,Electronic Components,large,mid,high,0.0,0,0.0,0,0,,False,
LFVN,Consumer Defensive,Packaged Foods,micro,high,low,0.0,0,0.0,0,0,,False,
LFWD,Healthcare,Medical Devices,micro,mid,low,0.0,0,0.0,0,0,,False,
LGCF,Financial,Exchange Traded Fund,unknown,low,low,0.0,0,0.0,0,0,,False,
LGCL,Technology,Software - Application,micro,high,high,0.0,1,0.0,0,0,,False,
LGCY,Consumer Defensive,Education & Training Services,micro,mid,mid,0.0,0,0.0,0,0,,False,
LGDS,Financial,Exchange Traded Fund,unknown,low,unknown,0.0,0,0.0,0,0,,False,
LGDX,Financial,Exchange Traded Fund,unknown,low,mid,0.0,0,0.0,0,0,,False,
LGH,Financial,Exchange Traded Fund,unknown,low,mid,0.0,0,0.0,0,0,,False,
LGHL,Financial,Capital Markets,micro,high,high,0.0,0,0.0,0,0,,False,
LGHT,Financial,Exchange Traded Fund,unknown,low,low,0.0,0,0.0,0,0,,False,
LGI,Financial,Closed-End Fund - Foreign,micro,low,mid,0.0,0,0.0,0,0,,False,
LGIH,Consumer Cyclical,Residential Construction,small,high,high,0.0,0,0.0,0,0,,False,
LGL,Technology,Scientific & Technical Instruments,micro,mid,low,0.0,0,0.0,0,0,,False,
LGLV,Financial,Exchange Traded Fund,unknown,low,low,0.0,0,0.0,0,0,,False,
LGN,Industrials,Engineering & Construction,mid,high,unknown,0.0,0,0.0,0,0,,False,
LGND,Healthcare,Biotechnology,mid,mid,mid,0.0,0,0.0,0,0,,False,
LGO,Basic Materials,Other Industrial Metals & Mining,micro,high,high,0.0,0,0.0,0,0,,False,
LGOV,Financial,Exchange Traded Fund,unknown,low,low,0.0,0,0.0,0,0,,False,
LGPS,Industrials,Conglomerates,micro,high,low,0.0,0,0.0,0,0,,False,
LGRO,Financial,Exchange Traded Fund,unknown,low,mid,0.0,0,0.0,0,0,,False,
LGVN,Healthcare,Biotechnology,micro,high,low,0.0,0,0.0,0,0,,False,
LH,Healthcare,Diagnostics & Research,large,mid,mid,0.0,0,0.0,0,0,,False,
LHAI,Real Estate,Real Estate Services,micro,high,low,0.0,0,0.0,0,0,,False,
LHSW,Technology,Software - Infrastructure,micro,high,high,0.0,1,0.0,0,0,,False,
LHX,Industrials,Aerospace & Defense,large,mid,low,0.0,0,0.0,0,0,,False,
LI,Consumer Cyclical,Auto Manufacturers,large,mid,low,0.0,1,0.0,0,0,,False,
LIAE,Financial,Exchange Traded Fund,unknown,low,unknown,0.0,0,0.0,0,0,,False,
LIAM,Financial,Exchange Traded Fund,unknown,low,low,0.0,0,0.0,0,0,,False,
LIAU,Financial,Exchange Traded Fund,unknown,low,low,0.0,0,0.0,0,0,,False,
LIBD,Financial,Exchange Traded Fund,unknown,low,low,0.0,0,0.0,0,0,,False,
LICN,Industrials,Specialty Business Services,micro,high,low,0.0,1,0.0,0,0,,False,
LIDR,Technology,Software - Infrastructure,micro,high,high,0.0,0,0.0,0,0,,False,
LIEN,Financial,Asset Management,micro,mid,low,0.0,0,0.0,0,0,,False,
LIF,Technology,Software - Application,mid,high,high,0.0,0,0.0,0,0,,False,
LIFE,Financial,Insurance Brokers,mid,high,unknown,0.0,0,0.0,0,0,,False,
LIFT,Financial,Exchange Traded Fund,unknown,low,unknown,0.0,0,0.0,0,0,,False,
LII,Industrials,Building Products & Equipment,large,mid,mid,0.0,0,0.0,0,0,,False,
LILA,Communication Services,Telecom Services,small,mid,low,0.0,0,0.0,0,0,,False,
LILAK,Communication Services,Telecom Services,small,mid,low,0.0,0,0.0,0,0,,False,
LIME,Industrials,Rental & Leasing Services,small,high,unknown,0.0,0,0.0,0,0,,False,
LIMI,Financial,Exchange Traded Fund,unknown,mid,high,0.0,0,0.0,0,0,,False,
LIMN,Healthcare,Biotechnology,micro,high,low,0.0,0,0.0,0,0,,False,
LIN,Basic Materials,Specialty Chemicals,mega,mid,low,0.0,0,0.0,0,0,,False,
LINC,Consumer Defensive,Education & Training Services,small,high,low,0.0,0,0.0,0,0,,False,
LIND,Consumer Cyclical,Travel Services,mid,mid,high,0.0,0,0.0,0,0,,False,
LINE,Real Estate,REIT - Industrial,mid,mid,mid,0.0,0,0.0,0,0,,False,
LINK,Technology,Electronic Components,micro,high,mid,0.0,0,0.0,0,0,,False,
LINT,Financial,Exchange Traded Fund,unknown,high,unknown,0.0,0,0.0,0,0,,False,
LION,Financial,Shell Companies,mid,high,low,0.0,0,0.0,0,0,,False,
LIQT,Industrials,Pollution & Treatment Controls,micro,high,mid,0.0,0,0.0,0,0,,False,
LIT,Financial,Exchange Traded Fund,unknown,mid,mid,0.0,0,0.0,0,0,,False,
LITB,Consumer Cyclical,Internet Retail,micro,high,low,0.0,0,0.0,0,0,,False,
LITC,Financial,Exchange Traded Fund,unknown,high,unknown,0.0,0,0.0,0,0,,False,
LITE,Technology,Communication Equipment,large,high,high,0.0,0,0.0,0,0,,False,
LITG,Financial,Exchange Traded Fund,unknown,high,unknown,0.0,0,0.0,0,0,,False,
LITL,Financial,Exchange Traded Fund,unknown,low,low,0.0,0,0.0,0,0,,False,
LITP,Financial,Exchange Traded Fund,unknown,mid,high,0.0,0,0.0,0,0,,False,
LITS,Healthcare,Biotechnology,micro,high,low,0.0,0,0.0,0,0,,False,
LITU,Financial,Exchange Traded Fund,unknown,high,unknown,0.0,0,0.0,0,0,,False,
LITX,Financial,Exchange Traded Fund,unknown,high,unknown,0.0,0,0.0,0,0,,False,
LITZ,Financial,Exchange Traded Fund,unknown,high,unknown,0.0,0,0.0,0,0,,False,
LIVE,Consumer Cyclical,Home Improvement Retail,micro,high,mid,0.0,0,0.0,0,0,,False,
LIVN,Healthcare,Medical Devices,mid,mid,mid,0.0,0,0.0,0,0,,False,
LJAN,Financial,Exchange Traded Fund,unknown,low,low,0.0,0,0.0,0,0,,False,
LJUL,Financial,Exchange Traded Fund,unknown,low,low,0.0,0,0.0,0,0,,False,
LKFN,Financial,Banks - Regional,small,mid,low,0.0,0,0.0,0,0,,False,
LKFT,Healthcare,Biotechnology,small,mid,low,0.0,0,0.0,0,0,,False,
LKOR,Financial,Exchange Traded Fund,unknown,low,low,0.0,0,0.0,0,0,,False,
LKQ,Consumer Cyclical,Auto Parts,mid,mid,mid,0.0,0,0.0,0,0,,False,
LKSP,Financial,Shell Companies,micro,low,unknown,0.0,0,0.0,0,0,,False,
LLDR,Financial,Exchange Traded Fund,unknown,low,low,0.0,0,0.0,0,0,,False,
LLY,Healthcare,Drug Manufacturers - General,mega,mid,low,0.0,0,0.0,0,0,,False,
LLYVA,Communication Services,Entertainment,mid,mid,mid,0.0,0,0.0,0,0,,False,
LLYVK,Communication Services,Entertainment,mid,mid,mid,0.0,0,0.0,0,0,,False,
LLYX,Financial,Exchange Traded Fund,unknown,high,low,0.0,0,0.0,0,0,,False,
LMAT,Healthcare,Medical Instruments & Supplies,small,high,low,0.0,0,0.0,0,0,,False,
LMB,Industrials,Building Products & Equipment,small,high,high,0.0,0,0.0,0,0,,False,
LMBS,Financial,Exchange Traded Fund,unknown,low,low,0.0,0,0.0,0,0,,False,
LMND,Financial,Insurance - Property & Casualty,mid,high,high,0.0,0,0.0,0,0,,False,
LMNR,Consumer Defensive,Farm Products,micro,mid,low,0.0,0,0.0,0,0,,False,
LMNX,Financial,Exchange Traded Fund,unknown,high,unknown,0.0,0,0.0,0,0,,False,
LMRI,Healthcare,Medical Devices,small,high,unknown,0.0,0,0.0,0,0,,False,
LMT,Industrials,Aerospace & Defense,large,mid,low,0.0,0,0.0,0,0,,False,
LMTL,Financial,Exchange Traded Fund,unknown,mid,low,0.0,0,0.0,0,0,,False,
LMUB,Financial,Exchange Traded Fund,unknown,low,low,0.0,0,0.0,0,0,,False,
LNAI,Healthcare,Biotechnology,micro,high,low,0.0,0,0.0,0,0,,False,
LNC,Financial,Insurance - Life,mid,mid,mid,0.0,0,0.0,0,0,,False,
LND,Consumer Defensive,Farm Products,small,mid,low,0.0,0,0.0,0,0,,False,
LNG,Energy,Oil & Gas Midstream,large,mid,low,0.0,0,0.0,0,0,,False,
LNGX,Financial,Exchange Traded Fund,unknown,mid,unknown,0.0,0,0.0,0,0,,False,
LNKS,Industrials,Electrical Equipment & Parts,micro,high,mid,0.0,0,0.0,0,0,,False,
LNN,Industrials,Farm & Heavy Construction Machinery,small,mid,low,0.0,0,0.0,0,0,,False,
LNOK,Financial,Exchange Traded Fund,unknown,high,unknown,0.0,0,0.0,0,0,,False,
LNSR,Healthcare,Medical Devices,micro,mid,mid,0.0,0,0.0,0,0,,False,
LNT,Utilities,Utilities - Regulated Electric,large,mid,low,0.0,0,0.0,0,0,,False,
LNTH,Healthcare,Drug Manufacturers - Specialty & Generic,mid,mid,low,0.0,0,0.0,0,0,,False,
LNZA,Industrials,Waste Management,micro,high,high,0.0,0,0.0,0,0,,False,
LOAN,Real Estate,REIT - Mortgage,micro,mid,low,0.0,0,0.0,0,0,,False,
LOAR,Industrials,Aerospace & Defense,mid,mid,low,0.0,0,0.0,0,0,,False,
LOB,Financial,Banks - Regional,small,mid,high,0.0,0,0.0,0,0,,False,
LOBO,Consumer Cyclical,Auto Manufacturers,micro,high,high,0.0,1,0.0,0,0,,False,
LOCL,Consumer Defensive,Farm Products,micro,high,high,0.0,0,0.0,0,0,,False,
LOCO,Consumer Cyclical,Restaurants,small,mid,low,0.0,0,0.0,0,0,,False,
LOCT,Financial,Exchange Traded Fund,unknown,low,low,0.0,0,0.0,0,0,,False,
LODE,Basic Materials,Other Precious Metals & Mining,micro,high,high,0.0,0,0.0,0,0,,False,
LODI,Financial,Exchange Traded Fund,unknown,low,low,0.0,0,0.0,0,0,,False,
LOEV,Financial,Exchange Traded Fund,unknown,low,unknown,0.0,0,0.0,0,0,,False,
LOFD,Financial,Exchange Traded Fund,unknown,high,unknown,0.0,0,0.0,0,0,,False,
LOFF,Financial,Exchange Traded Fund,unknown,high,unknown,0.0,0,0.0,0,0,,False,
LOGI,Technology,Computer Hardware,large,mid,mid,0.0,0,0.0,0,0,,False,
LOGO,Financial,Exchange Traded Fund,unknown,low,mid,0.0,0,0.0,0,0,,False,
LOHA,Financial,Exchange Traded Fund,unknown,low,unknown,0.0,0,0.0,0,0,,False,
LOMA,Basic Materials,Building Materials,small,high,low,0.0,0,0.0,0,0,,False,
LONA,Healthcare,Biotechnology,micro,high,high,0.0,0,0.0,0,0,,False,
LONZ,Financial,Exchange Traded Fund,unknown,low,low,0.0,0,0.0,0,0,,False,
LOOP,Basic Materials,Specialty Chemicals,micro,high,high,0.0,0,0.0,0,0,,False,
LOPE,Consumer Defensive,Education & Training Services,mid,mid,low,0.0,0,0.0,0,0,,False,
LOPP,Financial,Exchange Traded Fund,unknown,low,mid,0.0,0,0.0,0,0,,False,
LOT,Consumer Cyclical,Auto Manufacturers,small,high,low,0.0,1,0.0,0,0,,False,
LOTI,Financial,Exchange Traded Fund,unknown,low,unknown,0.0,0,0.0,0,0,,False,
LOUP,Financial,Exchange Traded Fund,unknown,mid,high,0.0,0,0.0,0,0,,False,
LOVE,Consumer Cyclical,"Furnishings, Fixtures & Appliances",micro,high,high,0.0,0,0.0,0,0,,False,
LOW,Consumer Cyclical,Home Improvement Retail,large,mid,mid,0.0,0,0.0,0,0,,False,
LOWV,Financial,Exchange Traded Fund,unknown,low,low,0.0,0,0.0,0,0,,False,
LPA,Real Estate,Real Estate - Development,micro,high,high,0.0,0,0.0,0,0,,False,
LPAA,Financial,Shell Companies,micro,low,low,0.0,0,0.0,0,0,,False,
LPBB,Financial,Shell Companies,small,low,low,0.0,0,0.0,0,0,,False,
LPCN,Healthcare,Biotechnology,micro,high,low,0.0,0,0.0,0,0,,False,
LPCV,Financial,Shell Companies,micro,low,unknown,0.0,0,0.0,0,0,,False,
LPG,Energy,Oil & Gas Midstream,small,mid,low,0.0,0,0.0,0,0,,False,
LPL,Technology,Consumer Electronics,mid,mid,high,0.0,0,0.0,0,0,,False,
LPLA,Financial,Capital Markets,large,mid,low,0.0,0,0.0,0,0,,False,
LPRE,Financial,Exchange Traded Fund,unknown,low,low,0.0,0,0.0,0,0,,False,
LPRO,Financial,Credit Services,small,low,high,0.0,0,0.0,0,0,,False,
LPSN,Technology,Software - Application,micro,high,high,0.0,0,0.0,0,0,,False,
LPTH,Technology,Electronic Components,small,high,high,0.0,0,0.0,0,0,,False,
LPX,Industrials,Building Products & Equipment,mid,mid,high,0.0,0,0.0,0,0,,False,
LQ,Financial,Exchange Traded Fund,unknown,low,unknown,0.0,0,0.0,0,0,,False,
LQAI,Financial,Exchange Traded Fund,unknown,low,mid,0.0,0,0.0,0,0,,False,
LQD,Financial,Exchange Traded Fund,unknown,low,low,0.0,0,0.0,0,0,,False,
LQDA,Healthcare,Drug Manufacturers - Specialty & Generic,mid,high,low,0.0,0,0.0,0,0,,False,
LQDB,Financial,Exchange Traded Fund,unknown,low,low,0.0,0,0.0,0,0,,False,
LQDD,Financial,Exchange Traded Fund,unknown,low,unknown,0.0,0,0.0,0,0,,False,
LQDH,Financial,Exchange Traded Fund,unknown,low,low,0.0,0,0.0,0,0,,False,
LQDI,Financial,Exchange Traded Fund,unknown,low,low,0.0,0,0.0,0,0,,False,
LQDM,Financial,Exchange Traded Fund,unknown,low,unknown,0.0,0,0.0,0,0,,False,
LQDT,Consumer Cyclical,Internet Retail,small,mid,mid,0.0,0,0.0,0,0,,False,
LQDU,Financial,Exchange Traded Fund,unknown,low,unknown,0.0,0,0.0,0,0,,False,
LQDW,Financial,Exchange Traded Fund,unknown,low,low,0.0,0,0.0,0,0,,False,
LQID,Financial,Exchange Traded Fund,unknown,low,unknown,0.0,0,0.0,0,0,,False,
LQTI,Financial,Exchange Traded Fund,unknown,low,low,0.0,0,0.0,0,0,,False,
LRCC,Financial,Exchange Traded Fund,unknown,high,unknown,0.0,0,0.0,0,0,,False,
LRCU,Financial,Exchange Traded Fund,unknown,high,high,0.0,0,0.0,0,0,,False,
LRCX,Technology,Semiconductor Equipment & Materials,mega,high,high,0.0,0,0.0,0,0,,False,
LRE,Real Estate,Real Estate - Development,micro,high,high,0.0,0,0.0,0,0,,False,
LRGC,Financial,Exchange Traded Fund,unknown,low,mid,0.0,0,0.0,0,0,,False,
LRGE,Financial,Exchange Traded Fund,unknown,low,mid,0.0,0,0.0,0,0,,False,
LRGF,Financial,Exchange Traded Fund,unknown,low,mid,0.0,0,0.0,0,0,,False,
LRGG,Financial,Exchange Traded Fund,unknown,low,mid,0.0,0,0.0,0,0,,False,
LRHC,Real Estate,Real Estate Services,micro,high,mid,0.0,0,0.0,0,0,,False,
LRMR,Healthcare,Biotechnology,small,high,low,0.0,0,0.0,0,0,,False,
LRN,Consumer Defensive,Education & Training Services,mid,high,low,0.0,0,0.0,0,0,,False,
LRND,Financial,Exchange Traded Fund,unknown,low,mid,0.0,0,0.0,0,0,,False,
LRNX,Financial,Exchange Traded Fund,unknown,high,unknown,0.0,0,0.0,0,0,,False,
LRNZ,Financial,Exchange Traded Fund,unknown,mid,high,0.0,0,0.0,0,0,,False,
LSAF,Financial,Exchange Traded Fund,unknown,low,mid,0.0,0,0.0,0,0,,False,
LSAK,Technology,Software - Infrastructure,small,mid,low,0.0,0,0.0,0,0,,False,
LSAT,Financial,Exchange Traded Fund,unknown,low,low,0.0,0,0.0,0,0,,False,
LSBK,Financial,Banks - Regional,micro,low,low,0.0,0,0.0,0,0,,False,
LSCC,Technology,Semiconductors,large,high,high,0.0,0,0.0,0,0,,False,
LSCP,Financial,Exchange Traded Fund,unknown,low,unknown,0.0,0,0.0,0,0,,False,
LSE,Energy,Oil & Gas Equipment & Services,micro,high,mid,0.0,1,0.0,0,0,,False,
LSEQ,Financial,Exchange Traded Fund,unknown,low,low,0.0,0,0.0,0,0,,False,
LSF,Consumer Defensive,Packaged Foods,micro,high,high,0.0,0,0.0,0,0,,False,
LSGR,Financial,Exchange Traded Fund,unknown,low,mid,0.0,0,0.0,0,0,,False,
LSPD,Technology,Software - Application,small,mid,high,0.0,0,0.0,0,0,,False,
LST,Financial,Exchange Traded Fund,unknown,low,mid,0.0,0,0.0,0,0,,False,
LSTA,Healthcare,Biotechnology,micro,high,mid,0.0,0,0.0,0,0,,False,
LSTB,Financial,Exchange Traded Fund,unknown,low,unknown,0.0,0,0.0,0,0,,False,
LSTR,Industrials,Integrated Freight & Logistics,mid,mid,mid,0.0,0,0.0,0,0,,False,
LSVD,Financial,Exchange Traded Fund,unknown,low,mid,0.0,0,0.0,0,0,,False,
LTAX,Financial,Exchange Traded Fund,unknown,low,unknown,0.0,0,0.0,0,0,,False,
LTBR,Industrials,Electrical Equipment & Parts,small,high,high,0.0,0,0.0,0,0,,False,
LTC,Real Estate,REIT - Healthcare Facilities,mid,mid,low,0.0,0,0.0,0,0,,False,
LTCC,Financial,Exchange Traded Fund,unknown,mid,unknown,0.0,0,0.0,0,0,,False,
LTGO,Healthcare,Biotechnology,small,high,unknown,0.0,0,0.0,0,0,,False,
LTGR,Financial,Shell Companies,micro,low,unknown,0.0,0,0.0,0,0,,False,
LTH,Consumer Cyclical,Leisure,mid,mid,high,0.0,0,0.0,0,0,,False,
LTL,Financial,Exchange Traded Fund,unknown,mid,high,0.0,0,0.0,0,0,,False,
LTM,Industrials,Airlines,large,mid,high,0.0,0,0.0,0,0,,False,
LTPZ,Financial,Exchange Traded Fund,unknown,low,low,0.0,0,0.0,0,0,,False,
LTRN,Healthcare,Biotechnology,micro,high,high,0.0,0,0.0,0,0,,False,
LTRX,Technology,Communication Equipment,micro,high,high,0.0,0,0.0,0,0,,False,
LTTI,Financial,Exchange Traded Fund,unknown,low,low,0.0,0,0.0,0,0,,False,
LU,Financial,Credit Services,small,high,mid,0.0,1,0.0,0,0,,False,
LUCD,Healthcare,Medical Devices,micro,high,mid,0.0,0,0.0,0,0,,False,
LUCK,Consumer Cyclical,Leisure,small,mid,low,0.0,0,0.0,0,0,,False,
LUCY,Healthcare,Medical Instruments & Supplies,micro,high,high,0.0,0,0.0,0,0,,False,
LUD,Basic Materials,Steel,micro,high,high,0.0,0,0.0,0,0,,False,
LULG,Financial,Exchange Traded Fund,unknown,high,unknown,0.0,0,0.0,0,0,,False,
LULU,Consumer Cyclical,Apparel Retail,large,mid,mid,0.0,0,0.0,0,0,,False,
LUMA,Financial,Exchange Traded Fund,unknown,high,unknown,0.0,0,0.0,0,0,,False,
LUMN,Communication Services,Telecom Services,mid,high,high,0.0,0,0.0,0,0,,False,
LUNG,Healthcare,Medical Devices,micro,high,low,0.0,0,0.0,0,0,,False,
LUNL,Financial,Exchange Traded Fund,unknown,high,unknown,0.0,0,0.0,0,0,,False,
LUNR,Industrials,Aerospace & Defense,mid,high,high,0.0,0,0.0,0,0,,False,
LUV,Industrials,Airlines,large,mid,mid,0.0,0,0.0,0,0,,False,
LUXE,Consumer Cyclical,Luxury Goods,small,high,mid,0.0,0,0.0,0,0,,False,
LVDS,Financial,Exchange Traded Fund,unknown,low,low,0.0,0,0.0,0,0,,False,
LVHD,Financial,Exchange Traded Fund,unknown,low,low,0.0,0,0.0,0,0,,False,
LVHI,Financial,Exchange Traded Fund,unknown,low,low,0.0,0,0.0,0,0,,False,
LVIG,Financial,Exchange Traded Fund,unknown,low,unknown,0.0,0,0.0,0,0,,False,
LVLN,Financial,Exchange Traded Fund,unknown,low,unknown,0.0,0,0.0,0,0,,False,
LVLU,Consumer Cyclical,Apparel Retail,micro,high,low,0.0,0,0.0,0,0,,False,
LVO,Communication Services,Internet Content & Information,micro,high,high,0.0,0,0.0,0,0,,False,
LVS,Consumer Cyclical,Resorts & Casinos,large,mid,mid,0.0,0,0.0,0,0,,False,
LVWR,Consumer Cyclical,Auto Manufacturers,micro,high,high,0.0,0,0.0,0,0,,False,
LW,Consumer Defensive,Packaged Foods,mid,mid,low,0.0,0,0.0,0,0,,False,
LWAC,Financial,Shell Companies,small,low,low,0.0,0,0.0,0,0,,False,
LWAY,Consumer Defensive,Packaged Foods,small,mid,low,0.0,0,0.0,0,0,,False,
LWLG,Basic Materials,Specialty Chemicals,small,high,high,0.0,0,0.0,0,0,,False,
LX,Financial,Credit Services,micro,mid,mid,0.0,1,0.0,0,0,,False,
LXEH,Consumer Defensive,Education & Training Services,micro,high,low,0.0,1,0.0,0,0,,False,
LXEO,Healthcare,Biotechnology,small,high,high,0.0,0,0.0,0,0,,False,
LXFR,Industrials,Specialty Industrial Machinery,small,low,mid,0.0,0,0.0,0,0,,False,
LXP,Real Estate,REIT - Industrial,mid,low,mid,0.0,0,0.0,0,0,,False,
LXRX,Healthcare,Biotechnology,small,high,mid,0.0,0,0.0,0,0,,False,
LXU,Basic Materials,Chemicals,small,mid,low,0.0,0,0.0,0,0,,False,
LYB,Basic Materials,Specialty Chemicals,large,mid,low,0.0,0,0.0,0,0,,False,
LYEL,Healthcare,Biotechnology,small,high,low,0.0,0,0.0,0,0,,False,
LYFT,Technology,Software - Application,mid,mid,high,0.0,0,0.0,0,0,,False,
LYG,Financial,Banks - Regional,large,mid,mid,0.0,0,0.0,0,0,,False,
LYLD,Financial,Exchange Traded Fund,unknown,low,low,0.0,0,0.0,0,0,,False,
LYTE,Financial,Exchange Traded Fund,unknown,high,unknown,0.0,0,0.0,0,0,,False,
LYTS,Technology,Electronic Components,small,mid,low,0.0,0,0.0,0,0,,False,
LYV,Communication Services,Entertainment,large,mid,mid,0.0,0,0.0,0,0,,False,
LZ,Industrials,Specialty Business Services,small,high,mid,0.0,0,0.0,0,0,,False,
LZB,Consumer Cyclical,"Furnishings, Fixtures & Appliances",small,mid,mid,0.0,0,0.0,0,0,,False,
LZM,Basic Materials,Other Industrial Metals & Mining,small,high,high,0.0,0,0.0,0,0,,False,
LZMH,Technology,Information Technology Services,micro,high,low,0.0,1,0.0,0,0,,False,
M,Consumer Cyclical,Department Stores,mid,mid,high,0.0,0,0.0,0,0,,False,
MA,Financial,Credit Services,mega,mid,low,0.0,0,0.0,0,0,,False,
MAA,Real Estate,REIT - Residential,large,low,low,0.0,0,0.0,0,0,,False,
MAAS,Financial,Asset Management,mid,high,low,0.0,1,0.0,0,0,,False,
MAAY,Financial,Exchange Traded Fund,unknown,low,unknown,0.0,0,0.0,0,0,,False,
MAC,Real Estate,REIT - Retail,mid,mid,high,0.0,0,0.0,0,0,,False,
MACI,Financial,Shell Companies,micro,low,low,0.0,0,0.0,0,0,,False,
MADE,Financial,Exchange Traded Fund,unknown,mid,mid,0.0,0,0.0,0,0,,False,
MAGA,Financial,Exchange Traded Fund,unknown,low,mid,0.0,0,0.0,0,0,,False,
MAGC,Financial,Exchange Traded Fund,unknown,low,low,0.0,0,0.0,0,0,,False,
MAGG,Financial,Exchange Traded Fund,unknown,low,low,0.0,0,0.0,0,0,,False,
MAGN,Consumer Defensive,Household & Personal Products,small,high,high,0.0,0,0.0,0,0,,False,
MAGS,Financial,Exchange Traded Fund,unknown,low,high,0.0,0,0.0,0,0,,False,
MAGX,Financial,Exchange Traded Fund,unknown,mid,high,0.0,0,0.0,0,0,,False,
MAGY,Financial,Exchange Traded Fund,unknown,low,mid,0.0,0,0.0,0,0,,False,
MAIA,Healthcare,Biotechnology,micro,high,low,0.0,0,0.0,0,0,,False,
MAIN,Financial,Asset Management,mid,mid,low,0.0,0,0.0,0,0,,False,
MAIR,Industrials,Building Products & Equipment,large,high,unknown,0.0,0,0.0,0,0,,False,
MAKO,Basic Materials,Gold,small,mid,mid,0.0,0,0.0,0,0,,False,
MAKX,Financial,Exchange Traded Fund,unknown,mid,high,0.0,0,0.0,0,0,,False,
MAMA,Consumer Defensive,Packaged Foods,small,mid,low,0.0,0,0.0,0,0,,False,
MAMB,Financial,Exchange Traded Fund,unknown,low,low,0.0,0,0.0,0,0,,False,
MAMO,Consumer Cyclical,Recreational Vehicles,micro,mid,low,0.0,0,0.0,0,0,,False,
MAN,Industrials,Staffing & Employment Services,mid,mid,low,0.0,0,0.0,0,0,,False,
MANE,Healthcare,Biotechnology,mid,high,unknown,0.0,0,0.0,0,0,,False,
MANH,Technology,Software - Application,large,mid,mid,0.0,0,0.0,0,0,,False,
MANI,Financial,Exchange Traded Fund,unknown,low,unknown,0.0,0,0.0,0,0,,False,
MANU,Communication Services,Entertainment,mid,mid,low,0.0,0,0.0,0,0,,False,
MAPP,Financial,Exchange Traded Fund,unknown,low,low,0.0,0,0.0,0,0,,False,
MAR,Consumer Cyclical,Lodging,large,mid,mid,0.0,0,0.0,0,0,,False,
MARA,Financial,Capital Markets,mid,high,high,0.0,0,0.0,0,0,,False,
MARM,Financial,Exchange Traded Fund,unknown,low,low,0.0,0,0.0,0,0,,False,
MARO,Financial,Exchange Traded Fund,unknown,high,high,0.0,0,0.0,0,0,,False,
MARPS,Energy,Oil & Gas Midstream,micro,mid,low,0.0,0,0.0,0,0,,False,
MARS,Financial,Exchange Traded Fund,unknown,mid,unknown,0.0,0,0.0,0,0,,False,
MART,Financial,Exchange Traded Fund,unknown,low,low,0.0,0,0.0,0,0,,False,
MARU,Financial,Exchange Traded Fund,unknown,low,low,0.0,0,0.0,0,0,,False,
MARW,Financial,Exchange Traded Fund,unknown,low,low,0.0,0,0.0,0,0,,False,
MARZ,Financial,Exchange Traded Fund,unknown,low,low,0.0,0,0.0,0,0,,False,
MAS,Industrials,Building Products & Equipment,large,mid,high,0.0,0,0.0,0,0,,False,
MASK,Technology,Software - Application,micro,high,high,0.0,1,0.0,0,0,,False,
MASS,Healthcare,Medical Devices,small,high,low,0.0,0,0.0,0,0,,False,
MAT,Consumer Cyclical,Leisure,mid,mid,low,0.0,0,0.0,0,0,,False,
MATE,Financial,Exchange Traded Fund,unknown,low,unknown,0.0,0,0.0,0,0,,False,
MATH,Financial,Capital Markets,micro,high,low,0.0,0,0.0,0,0,,False,
MATV,Basic Materials,Specialty Chemicals,small,high,mid,0.0,0,0.0,0,0,,False,
MATW,Industrials,Conglomerates,small,high,mid,0.0,0,0.0,0,0,,False,
MATX,Industrials,Marine Shipping,mid,mid,mid,0.0,0,0.0,0,0,,False,
MAUG,Financial,Exchange Traded Fund,unknown,low,unknown,0.0,0,0.0,0,0,,False,
MAVF,Financial,Exchange Traded Fund,unknown,low,mid,0.0,0,0.0,0,0,,False,
MAX,Communication Services,Internet Content & Information,small,high,mid,0.0,0,0.0,0,0,,False,
MAXI,Financial,Exchange Traded Fund,unknown,mid,high,0.0,0,0.0,0,0,,False,
MAXJ,Financial,Exchange Traded Fund,unknown,low,low,0.0,0,0.0,0,0,,False,
MAYC,Financial,Exchange Traded Fund,unknown,low,unknown,0.0,0,0.0,0,0,,False,
MAYM,Financial,Exchange Traded Fund,unknown,low,low,0.0,0,0.0,0,0,,False,
MAYP,Financial,Exchange Traded Fund,unknown,low,low,0.0,0,0.0,0,0,,False,
MAYS,Real Estate,Real Estate Services,micro,mid,low,0.0,0,0.0,0,0,,False,
MAYT,Financial,Exchange Traded Fund,unknown,low,low,0.0,0,0.0,0,0,,False,
MAYU,Financial,Exchange Traded Fund,unknown,low,mid,0.0,0,0.0,0,0,,False,
MAYW,Financial,Exchange Traded Fund,unknown,low,low,0.0,0,0.0,0,0,,False,
MAYZ,Financial,Exchange Traded Fund,unknown,low,mid,0.0,0,0.0,0,0,,False,
MAZE,Healthcare,Biotechnology,small,high,high,0.0,0,0.0,0,0,,False,
MB,Consumer Cyclical,Restaurants,micro,high,high,0.0,0,0.0,0,0,,False,
MBAI,Healthcare,Diagnostics & Research,micro,high,mid,0.0,0,0.0,0,0,,False,
MBB,Financial,Exchange Traded Fund,unknown,low,low,0.0,0,0.0,0,0,,False,
MBBA,Financial,Exchange Traded Fund,unknown,low,unknown,0.0,0,0.0,0,0,,False,
MBBB,Financial,Exchange Traded Fund,unknown,low,low,0.0,0,0.0,0,0,,False,
MBBC,Financial,Banks - Regional,micro,mid,low,0.0,0,0.0,0,0,,False,
MBC,Consumer Cyclical,"Furnishings, Fixtures & Appliances",small,high,high,0.0,0,0.0,0,0,,False,
MBCE,Financial,Exchange Traded Fund,unknown,mid,mid,0.0,0,0.0,0,0,,False,
MBGL,Technology,Software - Infrastructure,mid,high,unknown,0.0,0,0.0,0,0,,False,
MBI,Financial,Insurance - Specialty,micro,mid,high,0.0,0,0.0,0,0,,False,
MBIN,Financial,Banks - Regional,mid,mid,mid,0.0,0,0.0,0,0,,False,
MBIO,Healthcare,Biotechnology,micro,high,high,0.0,0,0.0,0,0,,False,
MBLY,Consumer Cyclical,Auto Parts,mid,high,mid,0.0,0,0.0,0,0,,False,
MBND,Financial,Exchange Traded Fund,unknown,low,low,0.0,0,0.0,0,0,,False,
MBOT,Healthcare,Medical Devices,micro,high,mid,0.0,0,0.0,0,0,,False,
MBOX,Financial,Exchange Traded Fund,unknown,low,mid,0.0,0,0.0,0,0,,False,
MBRX,Healthcare,Biotechnology,micro,high,high,0.0,0,0.0,0,0,,False,
MBS,Financial,Exchange Traded Fund,unknown,low,low,0.0,0,0.0,0,0,,False,
MBSD,Financial,Exchange Traded Fund,unknown,low,low,0.0,0,0.0,0,0,,False,
MBSF,Financial,Exchange Traded Fund,unknown,low,low,0.0,0,0.0,0,0,,False,
MBSX,Financial,Exchange Traded Fund,unknown,high,low,0.0,0,0.0,0,0,,False,
MBUU,Consumer Cyclical,Recreational Vehicles,small,mid,mid,0.0,0,0.0,0,0,,False,
MBVI,Financial,Shell Companies,small,low,unknown,0.0,0,0.0,0,0,,False,
MBWM,Financial,Banks - Regional,small,mid,mid,0.0,0,0.0,0,0,,False,
MBX,Healthcare,Biotechnology,mid,high,low,0.0,0,0.0,0,0,,False,
MC,Financial,Capital Markets,mid,mid,high,0.0,0,0.0,0,0,,False,
MCAH,Financial,Shell Companies,micro,low,unknown,0.0,0,0.0,0,0,,False,
MCB,Financial,Banks - Regional,small,mid,mid,0.0,0,0.0,0,0,,False,
MCBS,Financial,Banks - Regional,small,mid,low,0.0,0,0.0,0,0,,False,
MCD,Consumer Cyclical,Restaurants,large,mid,low,0.0,0,0.0,0,0,,False,
MCDS,Financial,Exchange Traded Fund,unknown,low,low,0.0,0,0.0,0,0,,False,
MCFT,Consumer Cyclical,Recreational Vehicles,small,mid,mid,0.0,0,0.0,0,0,,False,
MCGA,Financial,Shell Companies,micro,low,low,0.0,0,0.0,0,0,,False,
MCH,Financial,Exchange Traded Fund,unknown,low,low,0.0,0,0.0,0,0,,False,
MCHB,Financial,Banks - Regional,mid,mid,high,0.0,0,0.0,0,0,,False,
MCHG,Financial,Exchange Traded Fund,unknown,high,unknown,0.0,0,0.0,0,0,,False,
MCHI,Financial,Exchange Traded Fund,unknown,low,low,0.0,0,0.0,0,0,,False,
MCHP,Technology,Semiconductors,large,high,high,0.0,0,0.0,0,0,,False,
MCHS,Financial,Exchange Traded Fund,unknown,mid,mid,0.0,0,0.0,0,0,,False,
MCHU,Financial,Exchange Traded Fund,unknown,high,unknown,0.0,0,0.0,0,0,,False,
MCHX,Communication Services,Advertising Agencies,micro,high,high,0.0,0,0.0,0,0,,False,
MCI,Financial,Closed-End Fund - Debt,unknown,low,low,0.0,0,0.0,0,0,,False,
MCK,Healthcare,Medical Distribution,large,mid,low,0.0,0,0.0,0,0,,False,
MCN,Financial,Closed-End Fund - Equity,micro,low,low,0.0,0,0.0,0,0,,False,
MCO,Financial,Financial Data & Stock Exchanges,large,mid,high,0.0,0,0.0,0,0,,False,
MCOW,Financial,Exchange Traded Fund,unknown,low,mid,0.0,0,0.0,0,0,,False,
MCRB,Healthcare,Biotechnology,micro,high,low,0.0,0,0.0,0,0,,False,
MCRI,Consumer Cyclical,Resorts & Casinos,mid,mid,high,0.0,0,0.0,0,0,,False,
MCRP,Technology,Computer Hardware,micro,high,high,0.0,0,0.0,0,0,,False,
MCS,Communication Services,Entertainment,small,mid,low,0.0,0,0.0,0,0,,False,
MCVT,Financial,Exchange Traded Fund,unknown,low,unknown,0.0,0,0.0,0,0,,False,
MCY,Financial,Insurance - Property & Casualty,mid,mid,mid,0.0,0,0.0,0,0,,False,
MD,Healthcare,Medical Care Facilities,mid,mid,low,0.0,0,0.0,0,0,,False,
MDA,Industrials,Aerospace & Defense,mid,high,low,0.0,0,0.0,0,0,,False,
MDAA,Financial,Exchange Traded Fund,unknown,low,unknown,0.0,0,0.0,0,0,,False,
MDAI,Healthcare,Medical Devices,micro,high,mid,0.0,0,0.0,0,0,,False,
MDB,Technology,Software - Infrastructure,large,mid,high,0.0,0,0.0,0,0,,False,
MDBH,Financial,Capital Markets,micro,mid,mid,0.0,0,0.0,0,0,,False,
MDCR,Financial,Exchange Traded Fund,unknown,low,unknown,0.0,0,0.0,0,0,,False,
MDCX,Healthcare,Drug Manufacturers - General,micro,high,low,0.0,0,0.0,0,0,,False,
MDEV,Financial,Exchange Traded Fund,unknown,low,mid,0.0,0,0.0,0,0,,False,
MDGL,Healthcare,Biotechnology,large,mid,low,0.0,0,0.0,0,0,,False,
MDIA,Communication Services,Broadcasting,micro,high,low,0.0,0,0.0,0,0,,False,
MDIV,Financial,Exchange Traded Fund,unknown,low,low,0.0,0,0.0,0,0,,False,
MDLN,Healthcare,Medical Instruments & Supplies,large,high,unknown,0.0,0,0.0,0,0,,False,
MDLV,Financial,Exchange Traded Fund,unknown,low,low,0.0,0,0.0,0,0,,False,
MDLZ,Consumer Defensive,Confectioners,large,mid,low,0.0,0,0.0,0,0,,False,
MDPL,Financial,Exchange Traded Fund,unknown,low,low,0.0,0,0.0,0,0,,False,
MDRR,Real Estate,Real Estate Services,micro,mid,low,0.0,0,0.0,0,0,,False,
MDST,Financial,Exchange Traded Fund,unknown,low,low,0.0,0,0.0,0,0,,False,
MDT,Healthcare,Medical Devices,large,mid,low,0.0,0,0.0,0,0,,False,
MDU,Utilities,Utilities - Regulated Gas,mid,mid,low,0.0,0,0.0,0,0,,False,
MDV,Real Estate,REIT - Industrial,micro,mid,low,0.0,0,0.0,0,0,,False,
MDWD,Healthcare,Biotechnology,micro,mid,low,0.0,0,0.0,0,0,,False,
MDXG,Healthcare,Biotechnology,small,mid,high,0.0,0,0.0,0,0,,False,
MDXH,Healthcare,Diagnostics & Research,micro,high,low,0.0,0,0.0,0,0,,False,
MDY,Financial,Exchange Traded Fund,unknown,low,mid,0.0,0,0.0,0,0,,False,
MDYG,Financial,Exchange Traded Fund,unknown,low,mid,0.0,0,0.0,0,0,,False,
MDYV,Financial,Exchange Traded Fund,unknown,low,mid,0.0,0,0.0,0,0,,False,
MEAR,Financial,Exchange Traded Fund,unknown,low,low,0.0,0,0.0,0,0,,False,
MEC,Industrials,Metal Fabrication,small,high,mid,0.0,0,0.0,0,0,,False,
MED,Consumer Cyclical,Personal Services,micro,high,low,0.0,0,0.0,0,0,,False,
MEDI,Financial,Exchange Traded Fund,unknown,low,low,0.0,0,0.0,0,0,,False,
MEDP,Healthcare,Diagnostics & Research,large,mid,mid,0.0,0,0.0,0,0,,False,
MEDS,Healthcare,Medical Distribution,micro,high,low,0.0,0,0.0,0,0,,False,
MEDX,Financial,Exchange Traded Fund,unknown,low,low,0.0,0,0.0,0,0,,False,
MEGI,Financial,Closed-End Fund - Equity,small,low,mid,0.0,0,0.0,0,0,,False,
MEGL,Financial,Capital Markets,micro,high,high,0.0,0,0.0,0,0,,False,
MEI,Technology,Electronic Components,small,high,high,0.0,0,0.0,0,0,,False,
MEIB,Financial,Exchange Traded Fund,unknown,mid,unknown,0.0,0,0.0,0,0,,False,
MELI,Consumer Cyclical,Internet Retail,large,mid,high,0.0,0,0.0,0,0,,False,
MEM,Financial,Exchange Traded Fund,unknown,low,mid,0.0,0,0.0,0,0,,False,
MEMA,Financial,Exchange Traded Fund,unknown,low,unknown,0.0,0,0.0,0,0,,False,
MEME,Financial,Exchange Traded Fund,unknown,high,unknown,0.0,0,0.0,0,0,,False,
MEMS,Financial,Exchange Traded Fund,unknown,low,low,0.0,0,0.0,0,0,,False,
MEMX,Financial,Exchange Traded Fund,unknown,low,mid,0.0,0,0.0,0,0,,False,
MEMY,Financial,Exchange Traded Fund,unknown,mid,unknown,0.0,0,0.0,0,0,,False,
MENS,Healthcare,Biotechnology,micro,high,high,0.0,0,0.0,0,0,,False,
MEOH,Basic Materials,Chemicals,mid,mid,low,0.0,0,0.0,0,0,,False,
MERC,Basic Materials,Paper & Paper Products,micro,high,low,0.0,0,0.0,0,0,,False,
MESH,Financial,Shell Companies,small,low,unknown,0.0,0,0.0,0,0,,False,
MESO,Healthcare,Biotechnology,mid,mid,high,0.0,0,0.0,0,0,,False,
MET,Financial,Insurance - Life,large,low,low,0.0,0,0.0,0,0,,False,
META,Communication Services,Internet Content & Information,mega,mid,mid,0.0,0,0.0,0,0,,False,
METC,Basic Materials,Coking Coal,small,high,high,0.0,0,0.0,0,0,,False,
METD,Financial,Exchange Traded Fund,unknown,mid,low,0.0,0,0.0,0,0,,False,
METG,Financial,Exchange Traded Fund,unknown,high,unknown,0.0,0,0.0,0,0,,False,
METL,Financial,Exchange Traded Fund,unknown,mid,unknown,0.0,0,0.0,0,0,,False,
METU,Financial,Exchange Traded Fund,unknown,high,high,0.0,0,0.0,0,0,,False,
METV,Financial,Exchange Traded Fund,unknown,low,high,0.0,0,0.0,0,0,,False,
METW,Financial,Exchange Traded Fund,unknown,mid,high,0.0,0,0.0,0,0,,False,
MEVO,Financial,Shell Companies,small,low,unknown,0.0,0,0.0,0,0,,False,
MEXX,Financial,Exchange Traded Fund,unknown,mid,high,0.0,0,0.0,0,0,,False,
MF,Communication Services,Advertising Agencies,micro,high,low,0.0,1,0.0,0,0,,False,
MFA,Real Estate,REIT - Mortgage,small,mid,high,0.0,0,0.0,0,0,,False,
MFC,Financial,Insurance - Life,large,low,mid,0.0,0,0.0,0,0,,False,
MFDX,Financial,Exchange Traded Fund,unknown,low,low,0.0,0,0.0,0,0,,False,
MFEB,Financial,Exchange Traded Fund,unknown,low,unknown,0.0,0,0.0,0,0,,False,
MFEM,Financial,Exchange Traded Fund,unknown,low,low,0.0,0,0.0,0,0,,False,
MFG,Financial,Banks - Regional,large,mid,low,0.0,0,0.0,0,0,,False,
MFI,Technology,Software - Application,small,high,high,0.0,0,0.0,0,0,,False,
MFIC,Financial,Asset Management,small,mid,low,0.0,0,0.0,0,0,,False,
MFIG,Financial,Exchange Traded Fund,unknown,low,unknown,0.0,0,0.0,0,0,,False,
MFIN,Financial,Credit Services,micro,mid,low,0.0,0,0.0,0,0,,False,
MFLX,Financial,Exchange Traded Fund,unknown,low,low,0.0,0,0.0,0,0,,False,
MFM,Financial,Closed-End Fund - Debt,micro,low,low,0.0,0,0.0,0,0,,False,
MFMO,Financial,Exchange Traded Fund,unknown,mid,unknown,0.0,0,0.0,0,0,,False,
MFP,Industrials,Specialty Industrial Machinery,unknown,high,unknown,0.0,0,0.0,0,0,,False,
MFSB,Financial,Exchange Traded Fund,unknown,low,low,0.0,0,0.0,0,0,,False,
MFSG,Financial,Exchange Traded Fund,unknown,low,high,0.0,0,0.0,0,0,,False,
MFSI,Financial,Exchange Traded Fund,unknown,low,low,0.0,0,0.0,0,0,,False,
MFSM,Financial,Exchange Traded Fund,unknown,low,low,0.0,0,0.0,0,0,,False,
MFSV,Financial,Exchange Traded Fund,unknown,low,low,0.0,0,0.0,0,0,,False,
MFUL,Financial,Exchange Traded Fund,unknown,low,low,0.0,0,0.0,0,0,,False,
MFUS,Financial,Exchange Traded Fund,unknown,low,mid,0.0,0,0.0,0,0,,False,
MFUT,Financial,Exchange Traded Fund,unknown,low,low,0.0,0,0.0,0,0,,False,
MFVL,Financial,Exchange Traded Fund,unknown,low,unknown,0.0,0,0.0,0,0,,False,
MG,Industrials,Security & Protection Services,small,high,mid,0.0,0,0.0,0,0,,False,
MGA,Consumer Cyclical,Auto Parts,large,mid,high,0.0,0,0.0,0,0,,False,
MGC,Financial,Exchange Traded Fund,unknown,low,mid,0.0,0,0.0,0,0,,False,
MGEE,Utilities,Utilities - Regulated Electric,mid,mid,low,0.0,0,0.0,0,0,,False,
MGF,Financial,Closed-End Fund - Debt,micro,low,low,0.0,0,0.0,0,0,,False,
MGIH,Consumer Cyclical,Packaging & Containers,micro,high,mid,0.0,0,0.0,0,0,,False,
MGK,Financial,Exchange Traded Fund,unknown,low,mid,0.0,0,0.0,0,0,,False,
MGKX,Financial,Exchange Traded Fund,unknown,low,unknown,0.0,0,0.0,0,0,,False,
MGLD,Financial,Asset Management,micro,mid,low,0.0,0,0.0,0,0,,False,
MGM,Consumer Cyclical,Resorts & Casinos,large,mid,mid,0.0,0,0.0,0,0,,False,
MGMT,Financial,Exchange Traded Fund,unknown,low,mid,0.0,0,0.0,0,0,,False,
MGN,Industrials,Engineering & Construction,micro,high,unknown,0.0,0,0.0,0,0,,False,
MGNI,Communication Services,Advertising Agencies,mid,mid,high,0.0,0,0.0,0,0,,False,
MGNR,Financial,Exchange Traded Fund,unknown,low,low,0.0,0,0.0,0,0,,False,
MGNX,Healthcare,Biotechnology,micro,high,mid,0.0,0,0.0,0,0,,False,
MGOV,Financial,Exchange Traded Fund,unknown,low,low,0.0,0,0.0,0,0,,False,
MGPI,Consumer Defensive,Beverages - Wineries & Distilleries,small,mid,low,0.0,0,0.0,0,0,,False,
MGRC,Industrials,Rental & Leasing Services,mid,mid,low,0.0,0,0.0,0,0,,False,
MGRT,Technology,Information Technology Services,small,high,high,0.0,0,0.0,0,0,,False,
MGRX,Healthcare,Health Information Services,micro,high,high,0.0,0,0.0,0,0,,False,
MGTX,Healthcare,Biotechnology,small,mid,mid,0.0,0,0.0,0,0,,False,
MGV,Financial,Exchange Traded Fund,unknown,low,low,0.0,0,0.0,0,0,,False,
MGX,Healthcare,Biotechnology,micro,mid,low,0.0,0,0.0,0,0,,False,
MGY,Energy,Oil & Gas E&P,mid,mid,low,0.0,0,0.0,0,0,,False,
MGYR,Financial,Banks - Regional,micro,low,low,0.0,0,0.0,0,0,,False,
MH,Consumer Defensive,Education & Training Services,mid,high,low,0.0,0,0.0,0,0,,False,
MHD,Financial,Closed-End Fund - Debt,mid,low,low,0.0,0,0.0,0,0,,False,
MHF,Financial,Closed-End Fund - Debt,micro,low,low,0.0,0,0.0,0,0,,False,
MHH,Industrials,Staffing & Employment Services,micro,mid,mid,0.0,0,0.0,0,0,,False,
MHIG,Financial,Exchange Traded Fund,unknown,low,unknown,0.0,0,0.0,0,0,,False,
MHIP,Financial,Exchange Traded Fund,unknown,low,unknown,0.0,0,0.0,0,0,,False,
MHK,Consumer Cyclical,"Furnishings, Fixtures & Appliances",mid,mid,mid,0.0,0,0.0,0,0,,False,
MHM,Energy,Oil & Gas Equipment & Services,unknown,unknown,unknown,0.0,0,0.0,0,0,,False,
MHO,Consumer Cyclical,Residential Construction,mid,mid,high,0.0,0,0.0,0,0,,False,
MHX,Financial,Exchange Traded Fund,unknown,high,unknown,0.0,0,0.0,0,0,,False,
MHY,Financial,Exchange Traded Fund,unknown,low,unknown,0.0,0,0.0,0,0,,False,
MI,Consumer Cyclical,Internet Retail,micro,high,high,0.0,0,0.0,0,0,,False,
MIACU,Financial,Shell Companies,micro,low,unknown,0.0,0,0.0,0,0,,False,
MIAX,Financial,Capital Markets,mid,mid,high,0.0,0,0.0,0,0,,False,
MIC,Financial,Exchange Traded Fund,unknown,high,unknown,0.0,0,0.0,0,0,,False,
MICC,Consumer Defensive,Packaged Foods,large,mid,unknown,0.0,0,0.0,0,0,,False,
MID,Financial,Exchange Traded Fund,unknown,low,mid,0.0,0,0.0,0,0,,False,
MIDD,Industrials,Specialty Industrial Machinery,mid,mid,high,0.0,0,0.0,0,0,,False,
MIDE,Financial,Exchange Traded Fund,unknown,low,mid,0.0,0,0.0,0,0,,False,
MIDU,Financial,Exchange Traded Fund,unknown,mid,high,0.0,0,0.0,0,0,,False,
MIG,Financial,Exchange Traded Fund,unknown,low,low,0.0,0,0.0,0,0,,False,
MIGO,Financial,Exchange Traded Fund,unknown,low,unknown,0.0,0,0.0,0,0,,False,
MILK,Financial,Exchange Traded Fund,unknown,low,low,0.0,0,0.0,0,0,,False,
MILN,Financial,Exchange Traded Fund,unknown,low,mid,0.0,0,0.0,0,0,,False,
MIMI,Industrials,Engineering & Construction,micro,high,high,0.0,0,0.0,0,0,,False,
MIN,Financial,Closed-End Fund - Debt,micro,low,low,0.0,0,0.0,0,0,,False,
MIND,Technology,Scientific & Technical Instruments,micro,high,low,0.0,0,0.0,0,0,,False,
MINE,Basic Materials,Gold,micro,high,low,0.0,0,0.0,0,0,,False,
MINN,Financial,Exchange Traded Fund,unknown,low,low,0.0,0,0.0,0,0,,False,
MINO,Financial,Exchange Traded Fund,unknown,low,low,0.0,0,0.0,0,0,,False,
MINT,Financial,Exchange Traded Fund,unknown,low,low,0.0,0,0.0,0,0,,False,
MINV,Financial,Exchange Traded Fund,unknown,low,mid,0.0,0,0.0,0,0,,False,
MINY,Financial,Exchange Traded Fund,unknown,mid,unknown,0.0,0,0.0,0,0,,False,
MIR,Industrials,Specialty Industrial Machinery,mid,high,mid,0.0,0,0.0,0,0,,False,
MIRA,Healthcare,Drug Manufacturers - General,micro,high,high,0.0,0,0.0,0,0,,False,
MIRM,Healthcare,Biotechnology,mid,high,low,0.0,0,0.0,0,0,,False,
MISL,Financial,Exchange Traded Fund,unknown,mid,low,0.0,0,0.0,0,0,,False,
MIST,Healthcare,Biotechnology,micro,high,mid,0.0,0,0.0,0,0,,False,
MITK,Technology,Software - Application,small,high,mid,0.0,0,0.0,0,0,,False,
MITQ,Technology,Communication Equipment,micro,high,low,0.0,0,0.0,0,0,,False,
MITT,Real Estate,REIT - Mortgage,micro,mid,high,0.0,0,0.0,0,0,,False,
MIVL,Financial,Exchange Traded Fund,unknown,low,unknown,0.0,0,0.0,0,0,,False,
MIY,Financial,Closed-End Fund - Debt,small,low,low,0.0,0,0.0,0,0,,False,
MJ,Financial,Exchange Traded Fund,unknown,mid,mid,0.0,0,0.0,0,0,,False,
MJSC,Financial,Exchange Traded Fund,unknown,low,unknown,0.0,0,0.0,0,0,,False,
MJUN,Financial,Exchange Traded Fund,unknown,low,unknown,0.0,0,0.0,0,0,,False,
MKAM,Financial,Exchange Traded Fund,unknown,low,low,0.0,0,0.0,0,0,,False,
MKC,Consumer Defensive,Packaged Foods,large,mid,low,0.0,0,0.0,0,0,,False,
MKDW,Consumer Cyclical,Auto Parts,micro,mid,low,0.0,0,0.0,0,0,,False,
MKL,Financial,Insurance - Property & Casualty,large,mid,low,0.0,0,0.0,0,0,,False,
MKLY,Financial,Shell Companies,micro,low,unknown,0.0,0,0.0,0,0,,False,
MKOR,Financial,Exchange Traded Fund,unknown,mid,high,0.0,0,0.0,0,0,,False,
MKSI,Technology,Scientific & Technical Instruments,large,high,high,0.0,0,0.0,0,0,,False,
MKTN,Financial,Exchange Traded Fund,unknown,low,unknown,0.0,0,0.0,0,0,,False,
MKTW,Financial,Financial Data & Stock Exchanges,small,high,low,0.0,0,0.0,0,0,,False,
MKTX,Financial,Capital Markets,mid,mid,mid,0.0,0,0.0,0,0,,False,
MKZR,Real Estate,REIT - Diversified,micro,high,low,0.0,0,0.0,0,0,,False,
MLAA,Financial,Shell Companies,small,low,unknown,0.0,0,0.0,0,0,,False,
MLAB,Technology,Scientific & Technical Instruments,small,mid,mid,0.0,0,0.0,0,0,,False,
MLCI,Financial,Asset Management,micro,high,unknown,0.0,0,0.0,0,0,,False,
MLCO,Consumer Cyclical,Resorts & Casinos,mid,mid,low,0.0,0,0.0,0,0,,False,
MLDR,Financial,Exchange Traded Fund,unknown,low,low,0.0,0,0.0,0,0,,False,
MLEC,Healthcare,Biotechnology,micro,high,low,0.0,0,0.0,0,0,,False,
MLGO,Technology,Software - Infrastructure,micro,high,low,0.0,1,0.0,0,0,,False,
MLI,Industrials,Metal Fabrication,large,mid,mid,0.0,0,0.0,0,0,,False,
MLKN,Consumer Cyclical,"Furnishings, Fixtures & Appliances",small,mid,high,0.0,0,0.0,0,0,,False,
MLM,Basic Materials,Building Materials,large,mid,mid,0.0,0,0.0,0,0,,False,
MLN,Financial,Exchange Traded Fund,unknown,low,low,0.0,0,0.0,0,0,,False,
MLP,Real Estate,Real Estate Services,small,mid,low,0.0,0,0.0,0,0,,False,
MLPA,Financial,Exchange Traded Fund,unknown,low,low,0.0,0,0.0,0,0,,False,
MLPB,Financial,Exchange Traded Fund,unknown,low,low,0.0,0,0.0,0,0,,False,
MLPD,Financial,Exchange Traded Fund,unknown,low,low,0.0,0,0.0,0,0,,False,
MLPI,Financial,Exchange Traded Fund,unknown,low,unknown,0.0,0,0.0,0,0,,False,
MLPR,Financial,Exchange Traded Fund,unknown,low,low,0.0,0,0.0,0,0,,False,
MLPX,Financial,Exchange Traded Fund,unknown,low,low,0.0,0,0.0,0,0,,False,
MLR,Consumer Cyclical,Auto Parts,small,mid,mid,0.0,0,0.0,0,0,,False,
MLSS,Healthcare,Medical Instruments & Supplies,micro,high,mid,0.0,0,0.0,0,0,,False,
MLTX,Healthcare,Biotechnology,small,high,mid,0.0,0,0.0,0,0,,False,
MLYS,Healthcare,Biotechnology,mid,mid,low,0.0,0,0.0,0,0,,False,
MMA,Consumer Cyclical,Leisure,micro,high,high,0.0,0,0.0,0,0,,False,
MMAR,Financial,Exchange Traded Fund,unknown,low,unknown,0.0,0,0.0,0,0,,False,
MMAX,Financial,Exchange Traded Fund,unknown,low,low,0.0,0,0.0,0,0,,False,
MMAY,Financial,Exchange Traded Fund,unknown,low,unknown,0.0,0,0.0,0,0,,False,
MMCA,Financial,Exchange Traded Fund,unknown,low,low,0.0,0,0.0,0,0,,False,
MMD,Financial,Closed-End Fund - Debt,micro,low,low,0.0,0,0.0,0,0,,False,
MMED,Healthcare,Medical Instruments & Supplies,mid,mid,unknown,0.0,0,0.0,0,0,,False,
MMI,Real Estate,Real Estate Services,small,mid,mid,0.0,0,0.0,0,0,,False,
MMID,Financial,Exchange Traded Fund,unknown,low,unknown,0.0,0,0.0,0,0,,False,
MMIN,Financial,Exchange Traded Fund,unknown,low,low,0.0,0,0.0,0,0,,False,
MMIT,Financial,Exchange Traded Fund,unknown,low,low,0.0,0,0.0,0,0,,False,
MMK,Financial,Exchange Traded Fund,unknown,low,unknown,0.0,0,0.0,0,0,,False,
MMKT,Financial,Exchange Traded Fund,unknown,low,low,0.0,0,0.0,0,0,,False,
MMLP,Energy,Oil & Gas Midstream,micro,high,low,0.0,0,0.0,0,0,,False,
MMM,Industrials,Conglomerates,large,mid,mid,0.0,0,0.0,0,0,,False,
MMMA,Financial,Exchange Traded Fund,unknown,low,unknown,0.0,0,0.0,0,0,,False,
MMS,Industrials,Specialty Business Services,mid,mid,low,0.0,0,0.0,0,0,,False,
MMSC,Financial,Exchange Traded Fund,unknown,low,mid,0.0,0,0.0,0,0,,False,
MMSD,Financial,Exchange Traded Fund,unknown,low,low,0.0,0,0.0,0,0,,False,
MMSI,Healthcare,Medical Instruments & Supplies,mid,mid,low,0.0,0,0.0,0,0,,False,
MMT,Financial,Closed-End Fund - Debt,micro,low,low,0.0,0,0.0,0,0,,False,
MMTM,Financial,Exchange Traded Fund,unknown,low,mid,0.0,0,0.0,0,0,,False,
MMTX,Financial,Shell Companies,micro,low,unknown,0.0,0,0.0,0,0,,False,
MMU,Financial,Closed-End Fund - Debt,small,low,low,0.0,0,0.0,0,0,,False,
MMYT,Consumer Cyclical,Travel Services,mid,mid,mid,0.0,0,0.0,0,0,,False,
MNA,Financial,Exchange Traded Fund,unknown,low,low,0.0,0,0.0,0,0,,False,
MNBD,Financial,Exchange Traded Fund,unknown,low,low,0.0,0,0.0,0,0,,False,
MNDO,Technology,Software - Application,micro,mid,low,0.0,0,0.0,0,0,,False,
MNDR,Healthcare,Health Information Services,micro,high,low,0.0,0,0.0,0,0,,False,
MNDY,Technology,Software - Application,mid,high,mid,0.0,0,0.0,0,0,,False,
MNKD,Healthcare,Biotechnology,small,high,mid,0.0,0,0.0,0,0,,False,
MNOV,Healthcare,Biotechnology,micro,mid,low,0.0,0,0.0,0,0,,False,
MNPR,Healthcare,Biotechnology,small,high,high,0.0,0,0.0,0,0,,False,
MNR,Energy,Oil & Gas E&P,mid,mid,low,0.0,0,0.0,0,0,,False,
MNRO,Consumer Cyclical,Auto Parts,small,high,mid,0.0,0,0.0,0,0,,False,
MNRS,Financial,Exchange Traded Fund,unknown,high,high,0.0,0,0.0,0,0,,False,
MNSB,Financial,Banks - Regional,micro,mid,low,0.0,0,0.0,0,0,,False,
MNSO,Consumer Cyclical,Specialty Retail,mid,mid,low,0.0,1,0.0,0,0,,False,
MNST,Consumer Defensive,Beverages - Non-Alcoholic,large,mid,low,0.0,0,0.0,0,0,,False,
MNSX,Financial,Exchange Traded Fund,unknown,mid,unknown,0.0,0,0.0,0,0,,False,
MNTK,Basic Materials,Specialty Chemicals,micro,high,low,0.0,0,0.0,0,0,,False,
MNTN,Technology,Software - Application,small,high,mid,0.0,0,0.0,0,0,,False,
MNTS,Industrials,Aerospace & Defense,micro,high,high,0.0,0,0.0,0,0,,False,
MNVR,Financial,Exchange Traded Fund,unknown,low,unknown,0.0,0,0.0,0,0,,False,
MNVT,Financial,Exchange Traded Fund,unknown,mid,unknown,0.0,0,0.0,0,0,,False,
MNY,Communication Services,Internet Content & Information,micro,high,mid,0.0,0,0.0,0,0,,False,
MNZL,Financial,Exchange Traded Fund,unknown,low,unknown,0.0,0,0.0,0,0,,False,
MO,Consumer Defensive,Tobacco,large,mid,low,0.0,0,0.0,0,0,,False,
MOAT,Financial,Exchange Traded Fund,unknown,low,mid,0.0,0,0.0,0,0,,False,
MOB,Industrials,Aerospace & Defense,micro,high,high,0.0,0,0.0,0,0,,False,
MOBI,Healthcare,Medical Devices,small,high,unknown,0.0,0,0.0,0,0,,False,
MOBX,Technology,Semiconductors,micro,high,low,0.0,0,0.0,0,0,,False,
MOD,Consumer Cyclical,Auto Parts,large,high,high,0.0,0,0.0,0,0,,False,
MODD,Healthcare,Medical Devices,micro,high,low,0.0,0,0.0,0,0,,False,
MODL,Financial,Exchange Traded Fund,unknown,low,mid,0.0,0,0.0,0,0,,False,
MOG-A,Industrials,Aerospace & Defense,large,mid,mid,0.0,0,0.0,0,0,,False,
MOGU,Consumer Cyclical,Internet Retail,micro,high,low,0.0,1,0.0,0,0,,False,
MOH,Healthcare,Healthcare Plans,large,mid,low,0.0,0,0.0,0,0,,False,
MOLN,Healthcare,Biotechnology,micro,mid,mid,0.0,0,0.0,0,0,,False,
MOMO,Communication Services,Internet Content & Information,small,mid,low,0.0,1,0.0,0,0,,False,
MOO,Financial,Exchange Traded Fund,unknown,low,low,0.0,0,0.0,0,0,,False,
MOOD,Financial,Exchange Traded Fund,unknown,low,low,0.0,0,0.0,0,0,,False,
MORN,Financial,Financial Data & Stock Exchanges,mid,mid,mid,0.0,0,0.0,0,0,,False,
MORT,Financial,Exchange Traded Fund,unknown,low,mid,0.0,0,0.0,0,0,,False,
MOS,Basic Materials,Agricultural Inputs,mid,mid,mid,0.0,0,0.0,0,0,,False,
MOTG,Financial,Exchange Traded Fund,unknown,low,mid,0.0,0,0.0,0,0,,False,
MOTI,Financial,Exchange Traded Fund,unknown,low,low,0.0,0,0.0,0,0,,False,
MOTO,Financial,Exchange Traded Fund,unknown,low,high,0.0,0,0.0,0,0,,False,
MOV,Consumer Cyclical,Luxury Goods,small,mid,mid,0.0,0,0.0,0,0,,False,
MOVE,Technology,Software - Infrastructure,micro,high,mid,0.0,0,0.0,0,0,,False,
MP,Basic Materials,Other Industrial Metals & Mining,mid,high,high,0.0,0,0.0,0,0,,False,
MPA,Financial,Closed-End Fund - Debt,micro,low,low,0.0,0,0.0,0,0,,False,
MPAA,Consumer Cyclical,Auto Parts,micro,high,mid,0.0,0,0.0,0,0,,False,
MPB,Financial,Banks - Regional,small,mid,low,0.0,0,0.0,0,0,,False,
MPC,Energy,Oil & Gas Refining & Marketing,large,mid,low,0.0,0,0.0,0,0,,False,
MPDB,Financial,Exchange Traded Fund,unknown,low,unknown,0.0,0,0.0,0,0,,False,
MPDY,Financial,Exchange Traded Fund,unknown,low,unknown,0.0,0,0.0,0,0,,False,
MPG,Financial,Exchange Traded Fund,unknown,high,unknown,0.0,0,0.0,0,0,,False,
MPIA,Financial,Exchange Traded Fund,unknown,low,unknown,0.0,0,0.0,0,0,,False,
MPIM,Financial,Exchange Traded Fund,unknown,low,unknown,0.0,0,0.0,0,0,,False,
MPL,Financial,Exchange Traded Fund,unknown,high,unknown,0.0,0,0.0,0,0,,False,
MPLT,Healthcare,Biotechnology,small,high,unknown,0.0,0,0.0,0,0,,False,
MPLX,Energy,Oil & Gas Midstream,large,low,low,0.0,0,0.0,0,0,,False,
MPLY,Financial,Exchange Traded Fund,unknown,mid,high,0.0,0,0.0,0,0,,False,
MPRO,Financial,Exchange Traded Fund,unknown,low,low,0.0,0,0.0,0,0,,False,
MPT,Real Estate,REIT - Healthcare Facilities,mid,mid,high,0.0,0,0.0,0,0,,False,
MPTI,Technology,Electronic Components,small,high,low,0.0,0,0.0,0,0,,False,
MPU,Communication Services,Entertainment,micro,high,low,0.0,0,0.0,0,0,,False,
MPV,Financial,Closed-End Fund - Debt,micro,low,low,0.0,0,0.0,0,0,,False,
MPWC,Financial,Exchange Traded Fund,unknown,high,unknown,0.0,0,0.0,0,0,,False,
MPWR,Technology,Semiconductors,large,high,high,0.0,0,0.0,0,0,,False,
MPWX,Financial,Exchange Traded Fund,unknown,high,unknown,0.0,0,0.0,0,0,,False,
MQ,Technology,Software - Infrastructure,small,mid,mid,0.0,0,0.0,0,0,,False,
MQQQ,Financial,Exchange Traded Fund,unknown,mid,high,0.0,0,0.0,0,0,,False,
MQY,Financial,Closed-End Fund - Debt,small,low,low,0.0,0,0.0,0,0,,False,
MRA,Financial,Exchange Traded Fund,unknown,mid,unknown,0.0,0,0.0,0,0,,False,
MRAL,Financial,Exchange Traded Fund,unknown,high,high,0.0,0,0.0,0,0,,False,
MRAM,Technology,Semiconductors,small,high,high,0.0,0,0.0,0,0,,False,
MRAX,Financial,Exchange Traded Fund,unknown,high,unknown,0.0,0,0.0,0,0,,False,
MRBK,Financial,Banks - Regional,micro,mid,low,0.0,0,0.0,0,0,,False,
MRCOU,Financial,Shell Companies,micro,low,unknown,0.0,0,0.0,0,0,,False,
MRCP,Financial,Exchange Traded Fund,unknown,low,low,0.0,0,0.0,0,0,,False,
MRCY,Industrials,Aerospace & Defense,mid,high,mid,0.0,0,0.0,0,0,,False,
MRDN,Consumer Cyclical,Gambling,micro,high,low,0.0,0,0.0,0,0,,False,
MREO,Healthcare,Biotechnology,micro,high,low,0.0,0,0.0,0,0,,False,
MRGR,Financial,Exchange Traded Fund,unknown,low,low,0.0,0,0.0,0,0,,False,
MRK,Healthcare,Drug Manufacturers - General,mega,mid,low,0.0,0,0.0,0,0,,False,
MRKR,Healthcare,Biotechnology,micro,high,high,0.0,0,0.0,0,0,,False,
MRLN,Industrials,Aerospace & Defense,small,high,high,0.0,0,0.0,0,0,,False,
MRM,Consumer Cyclical,Personal Services,micro,high,mid,0.0,0,0.0,0,0,,False,
MRNA,Healthcare,Biotechnology,large,high,mid,0.0,0,0.0,0,0,,False,
MRNO,Real Estate,Real Estate - Development,micro,high,low,0.0,0,0.0,0,0,,False,
MRNX,Financial,Exchange Traded Fund,unknown,high,unknown,0.0,0,0.0,0,0,,False,
MRNY,Financial,Exchange Traded Fund,unknown,high,low,0.0,0,0.0,0,0,,False,
MRP,Real Estate,REIT - Residential,mid,mid,low,0.0,0,0.0,0,0,,False,
MRSH,Financial,Insurance Brokers,large,mid,low,0.0,0,0.0,0,0,,False,
MRSK,Financial,Exchange Traded Fund,unknown,low,low,0.0,0,0.0,0,0,,False,
MRT,Technology,Software - Application,micro,high,low,0.0,0,0.0,0,0,,False,
MRTN,Industrials,Trucking,small,mid,mid,0.0,0,0.0,0,0,,False,
MRVI,Healthcare,Biotechnology,small,high,low,0.0,0,0.0,0,0,,False,
MRVL,Technology,Semiconductors,large,high,high,0.0,0,0.0,0,0,,False,
MRVU,Financial,Exchange Traded Fund,unknown,high,unknown,0.0,0,0.0,0,0,,False,
MRVX,Financial,Exchange Traded Fund,unknown,high,unknown,0.0,0,0.0,0,0,,False,
MRX,Financial,Capital Markets,mid,mid,low,0.0,0,0.0,0,0,,False,
MS,Financial,Capital Markets,mega,mid,mid,0.0,0,0.0,0,0,,False,
MSA,Industrials,Security & Protection Services,mid,mid,mid,0.0,0,0.0,0,0,,False,
MSAI,Technology,Electronic Components,micro,high,low,0.0,0,0.0,0,0,,False,
MSB,Basic Materials,Steel,small,mid,low,0.0,0,0.0,0,0,,False,
MSBI,Financial,Banks - Regional,small,mid,low,0.0,0,0.0,0,0,,False,
MSBT,Financial,Exchange Traded Fund,unknown,mid,unknown,0.0,0,0.0,0,0,,False,
MSC,Consumer Cyclical,Resorts & Casinos,small,high,low,0.0,0,0.0,0,0,,False,
MSCI,Financial,Financial Data & Stock Exchanges,large,mid,mid,0.0,0,0.0,0,0,,False,
MSD,Financial,Closed-End Fund - Debt,micro,low,low,0.0,0,0.0,0,0,,False,
MSDL,Financial,Asset Management,small,mid,low,0.0,0,0.0,0,0,,False,
MSEP,Financial,Exchange Traded Fund,unknown,low,unknown,0.0,0,0.0,0,0,,False,
MSEX,Utilities,Utilities - Regulated Water,small,mid,low,0.0,0,0.0,0,0,,False,
MSFC,Financial,Exchange Traded Fund,unknown,mid,unknown,0.0,0,0.0,0,0,,False,
MSFD,Financial,Exchange Traded Fund,unknown,mid,low,0.0,0,0.0,0,0,,False,
MSFL,Financial,Exchange Traded Fund,unknown,high,high,0.0,0,0.0,0,0,,False,
MSFO,Financial,Exchange Traded Fund,unknown,mid,mid,0.0,0,0.0,0,0,,False,
MSFT,Technology,Software - Infrastructure,mega,mid,mid,0.0,0,0.0,0,0,,False,
MSFU,Financial,Exchange Traded Fund,unknown,high,high,0.0,0,0.0,0,0,,False,
MSFW,Financial,Exchange Traded Fund,unknown,mid,high,0.0,0,0.0,0,0,,False,
MSFX,Financial,Exchange Traded Fund,unknown,high,high,0.0,0,0.0,0,0,,False,
MSFY,Financial,Exchange Traded Fund,unknown,mid,mid,0.0,0,0.0,0,0,,False,
MSGE,Communication Services,Entertainment,mid,mid,low,0.0,0,0.0,0,0,,False,
MSGM,Communication Services,Electronic Gaming & Multimedia,micro,high,high,0.0,0,0.0,0,0,,False,
MSGS,Communication Services,Entertainment,mid,mid,low,0.0,0,0.0,0,0,,False,
MSGY,Industrials,Engineering & Construction,micro,high,high,0.0,0,0.0,0,0,,False,
MSI,Technology,Communication Equipment,large,mid,mid,0.0,0,0.0,0,0,,False,
MSIF,Financial,Asset Management,small,mid,low,0.0,0,0.0,0,0,,False,
MSIX,Financial,Exchange Traded Fund,unknown,mid,unknown,0.0,0,0.0,0,0,,False,
MSLC,Financial,Exchange Traded Fund,unknown,low,mid,0.0,0,0.0,0,0,,False,
MSLE,Healthcare,Biotechnology,micro,high,high,0.0,0,0.0,0,0,,False,
MSM,Industrials,Industrial Distribution,mid,mid,mid,0.0,0,0.0,0,0,,False,
MSMR,Financial,Exchange Traded Fund,unknown,low,low,0.0,0,0.0,0,0,,False,
MSN,Technology,Consumer Electronics,micro,high,low,0.0,0,0.0,0,0,,False,
MSOL,Financial,Exchange Traded Fund,unknown,mid,unknown,0.0,0,0.0,0,0,,False,
MSOS,Financial,Exchange Traded Fund,unknown,high,high,0.0,0,0.0,0,0,,False,
MSOX,Financial,Exchange Traded Fund,unknown,high,high,0.0,0,0.0,0,0,,False,
MSR,Financial,Exchange Traded Fund,unknown,mid,unknown,0.0,0,0.0,0,0,,False,
MSS,Consumer Defensive,Grocery Stores,micro,high,high,0.0,0,0.0,0,0,,False,
MSSE,Financial,Exchange Traded Fund,unknown,low,unknown,0.0,0,0.0,0,0,,False,
MSSM,Financial,Exchange Traded Fund,unknown,low,mid,0.0,0,0.0,0,0,,False,
MSSS,Financial,Exchange Traded Fund,unknown,low,mid,0.0,0,0.0,0,0,,False,
MSST,Financial,Exchange Traded Fund,unknown,mid,unknown,0.0,0,0.0,0,0,,False,
MST,Financial,Exchange Traded Fund,unknown,high,high,0.0,0,0.0,0,0,,False,
MSTB,Financial,Exchange Traded Fund,unknown,low,mid,0.0,0,0.0,0,0,,False,
MSTC,Financial,Exchange Traded Fund,unknown,high,unknown,0.0,0,0.0,0,0,,False,
MSTI,Financial,Exchange Traded Fund,unknown,low,low,0.0,0,0.0,0,0,,False,
MSTP,Financial,Exchange Traded Fund,unknown,high,high,0.0,0,0.0,0,0,,False,
MSTQ,Financial,Exchange Traded Fund,unknown,low,mid,0.0,0,0.0,0,0,,False,
MSTR,Technology,Software - Application,large,high,high,0.0,0,0.0,0,0,,False,
MSTU,Financial,Exchange Traded Fund,unknown,high,high,0.0,0,0.0,0,0,,False,
MSTW,Financial,Exchange Traded Fund,unknown,high,high,0.0,0,0.0,0,0,,False,
MSTX,Financial,Exchange Traded Fund,unknown,high,high,0.0,0,0.0,0,0,,False,
MSTY,Financial,Exchange Traded Fund,unknown,high,high,0.0,0,0.0,0,0,,False,
MSTZ,Financial,Exchange Traded Fund,unknown,high,low,0.0,0,0.0,0,0,,False,
MT,Basic Materials,Steel,large,mid,high,0.0,0,0.0,0,0,,False,
MTA,Basic Materials,Other Precious Metals & Mining,small,mid,high,0.0,0,0.0,0,0,,False,
MTAKU,Financial,Shell Companies,micro,low,unknown,0.0,0,0.0,0,0,,False,
MTAL,Financial,Shell Companies,small,low,unknown,0.0,0,0.0,0,0,,False,
MTB,Financial,Banks - Regional,large,low,low,0.0,0,0.0,0,0,,False,
MTBA,Financial,Exchange Traded Fund,unknown,low,low,0.0,0,0.0,0,0,,False,
MTC,Financial,Capital Markets,small,high,low,0.0,0,0.0,0,0,,False,
MTCH,Communication Services,Internet Content & Information,mid,mid,high,0.0,0,0.0,0,0,,False,
MTD,Healthcare,Diagnostics & Research,large,mid,mid,0.0,0,0.0,0,0,,False,
MTDR,Energy,Oil & Gas E&P,mid,mid,low,0.0,0,0.0,0,0,,False,
MTEK,Technology,Electronic Components,micro,high,low,0.0,0,0.0,0,0,,False,
MTEN,Industrials,Metal Fabrication,micro,high,low,0.0,1,0.0,0,0,,False,
MTEX,Consumer Defensive,Food Distribution,micro,high,low,0.0,0,0.0,0,0,,False,
MTG,Financial,Insurance - Specialty,mid,mid,low,0.0,0,0.0,0,0,,False,
MTGP,Financial,Exchange Traded Fund,unknown,low,low,0.0,0,0.0,0,0,,False,
MTH,Consumer Cyclical,Residential Construction,mid,mid,high,0.0,0,0.0,0,0,,False,
MTLS,Technology,Software - Application,small,mid,high,0.0,0,0.0,0,0,,False,
MTN,Consumer Cyclical,Resorts & Casinos,mid,mid,low,0.0,0,0.0,0,0,,False,
MTNB,Healthcare,Biotechnology,micro,high,high,0.0,0,0.0,0,0,,False,
MTNE,Financial,Shell Companies,micro,low,unknown,0.0,0,0.0,0,0,,False,
MTNE-U,Financial,Shell Companies,micro,low,unknown,0.0,0,0.0,0,0,,False,
MTR,Energy,Oil & Gas E&P,micro,mid,low,0.0,0,0.0,0,0,,False,
MTRA,Financial,Exchange Traded Fund,unknown,low,mid,0.0,0,0.0,0,0,,False,
MTRN,Basic Materials,Other Industrial Metals & Mining,mid,high,mid,0.0,0,0.0,0,0,,False,
MTRX,Industrials,Engineering & Construction,small,mid,mid,0.0,0,0.0,0,0,,False,
MTSG,Financial,Exchange Traded Fund,unknown,high,unknown,0.0,0,0.0,0,0,,False,
MTSI,Technology,Semiconductors,large,high,high,0.0,0,0.0,0,0,,False,
MTUL,Financial,Exchange Traded Fund,unknown,high,high,0.0,0,0.0,0,0,,False,
MTUM,Financial,Exchange Traded Fund,unknown,mid,mid,0.0,0,0.0,0,0,,False,
MTUS,Basic Materials,Steel,small,mid,high,0.0,0,0.0,0,0,,False,
MTVA,Healthcare,Biotechnology,micro,high,mid,0.0,0,0.0,0,0,,False,
MTW,Industrials,Farm & Heavy Construction Machinery,small,mid,high,0.0,0,0.0,0,0,,False,
MTX,Basic Materials,Specialty Chemicals,mid,mid,mid,0.0,0,0.0,0,0,,False,
MTYY,Financial,Exchange Traded Fund,unknown,low,unknown,0.0,0,0.0,0,0,,False,
MTZ,Industrials,Engineering & Construction,large,high,high,0.0,0,0.0,0,0,,False,
MU,Technology,Semiconductors,mega,high,high,0.0,0,0.0,0,0,,False,
MUA,Financial,Closed-End Fund - Debt,small,low,low,0.0,0,0.0,0,0,,False,
MUB,Financial,Exchange Traded Fund,unknown,low,low,0.0,0,0.0,0,0,,False,
MUC,Financial,Closed-End Fund - Debt,small,low,low,0.0,0,0.0,0,0,,False,
MUD,Financial,Exchange Traded Fund,unknown,high,low,0.0,0,0.0,0,0,,False,
MUFG,Financial,Banks - Diversified,mega,mid,low,0.0,0,0.0,0,0,,False,
MUIB,Financial,Exchange Traded Fund,unknown,mid,unknown,0.0,0,0.0,0,0,,False,
MUJ,Financial,Closed-End Fund - Debt,small,low,low,0.0,0,0.0,0,0,,False,
MULL,Financial,Exchange Traded Fund,unknown,high,high,0.0,0,0.0,0,0,,False,
MULT,Financial,Exchange Traded Fund,unknown,low,low,0.0,0,0.0,0,0,,False,
MUNA,Financial,Exchange Traded Fund,unknown,low,low,0.0,0,0.0,0,0,,False,
MUNB,Financial,Exchange Traded Fund,unknown,low,low,0.0,0,0.0,0,0,,False,
MUNC,Financial,Exchange Traded Fund,unknown,low,low,0.0,0,0.0,0,0,,False,
MUND,Financial,Exchange Traded Fund,unknown,low,low,0.0,0,0.0,0,0,,False,
MUNI,Financial,Exchange Traded Fund,unknown,low,low,0.0,0,0.0,0,0,,False,
MUNX,Financial,Exchange Traded Fund,unknown,low,unknown,0.0,0,0.0,0,0,,False,
MUNY,Financial,Exchange Traded Fund,unknown,low,low,0.0,0,0.0,0,0,,False,
MUR,Energy,Oil & Gas E&P,mid,mid,low,0.0,0,0.0,0,0,,False,
MUSA,Consumer Cyclical,Specialty Retail,large,mid,low,0.0,0,0.0,0,0,,False,
MUSE,Financial,Exchange Traded Fund,unknown,low,low,0.0,0,0.0,0,0,,False,
MUSI,Financial,Exchange Traded Fund,unknown,low,low,0.0,0,0.0,0,0,,False,
MUSQ,Financial,Exchange Traded Fund,unknown,low,mid,0.0,0,0.0,0,0,,False,
MUST,Financial,Exchange Traded Fund,unknown,low,low,0.0,0,0.0,0,0,,False,
MUU,Financial,Exchange Traded Fund,unknown,high,high,0.0,0,0.0,0,0,,False,
MUX,Basic Materials,Other Precious Metals & Mining,small,high,mid,0.0,0,0.0,0,0,,False,
MUYY,Financial,Exchange Traded Fund,unknown,low,unknown,0.0,0,0.0,0,0,,False,
MUZ,Financial,Exchange Traded Fund,unknown,high,unknown,0.0,0,0.0,0,0,,False,
MUZE,Financial,Shell Companies,micro,low,unknown,0.0,0,0.0,0,0,,False,
MVAL,Financial,Exchange Traded Fund,unknown,low,low,0.0,0,0.0,0,0,,False,
MVBF,Financial,Banks - Regional,small,mid,mid,0.0,0,0.0,0,0,,False,
MVFD,Financial,Exchange Traded Fund,unknown,low,low,0.0,0,0.0,0,0,,False,
MVFG,Financial,Exchange Traded Fund,unknown,low,low,0.0,0,0.0,0,0,,False,
MVIS,Technology,Scientific & Technical Instruments,micro,high,mid,0.0,0,0.0,0,0,,False,
MVLL,Financial,Exchange Traded Fund,unknown,high,high,0.0,0,0.0,0,0,,False,
MVPA,Financial,Exchange Traded Fund,unknown,low,mid,0.0,0,0.0,0,0,,False,
MVPL,Financial,Exchange Traded Fund,unknown,low,high,0.0,0,0.0,0,0,,False,
MVRL,Financial,Exchange Traded Fund,unknown,mid,high,0.0,0,0.0,0,0,,False,
MVST,Consumer Cyclical,Auto Parts,small,high,high,0.0,0,0.0,0,0,,False,
MVV,Financial,Exchange Traded Fund,unknown,low,high,0.0,0,0.0,0,0,,False,
MWA,Industrials,Specialty Industrial Machinery,mid,mid,mid,0.0,0,0.0,0,0,,False,
MWC,Consumer Cyclical,Auto Parts,micro,high,unknown,0.0,0,0.0,0,0,,False,
MWG,Industrials,Rental & Leasing Services,micro,mid,mid,0.0,0,0.0,0,0,,False,
MWH,Utilities,Utilities - Renewable,mid,high,unknown,0.0,0,0.0,0,0,,False,
MWHS,Financial,Exchange Traded Fund,unknown,high,unknown,0.0,0,0.0,0,0,,False,
MWYN,Consumer Cyclical,"Furnishings, Fixtures & Appliances",micro,high,high,0.0,0,0.0,0,0,,False,
MX,Technology,Semiconductors,micro,high,high,0.0,0,0.0,0,0,,False,
MXC,Energy,Oil & Gas E&P,micro,mid,low,0.0,0,0.0,0,0,,False,
MXCT,Healthcare,Medical Devices,micro,high,high,0.0,0,0.0,0,0,,False,
MXE,Financial,Closed-End Fund - Foreign,micro,mid,low,0.0,0,0.0,0,0,,False,
MXF,Financial,Closed-End Fund - Foreign,small,mid,low,0.0,0,0.0,0,0,,False,
MXI,Financial,Exchange Traded Fund,unknown,low,mid,0.0,0,0.0,0,0,,False,
MXL,Technology,Semiconductors,mid,high,high,0.0,0,0.0,0,0,,False,
MXLL,Financial,Exchange Traded Fund,unknown,high,unknown,0.0,0,0.0,0,0,,False,
MYCF,Financial,Exchange Traded Fund,unknown,low,low,0.0,0,0.0,0,0,,False,
MYCG,Financial,Exchange Traded Fund,unknown,low,low,0.0,0,0.0,0,0,,False,
MYCH,Financial,Exchange Traded Fund,unknown,low,low,0.0,0,0.0,0,0,,False,
MYCI,Financial,Exchange Traded Fund,unknown,low,low,0.0,0,0.0,0,0,,False,
MYCJ,Financial,Exchange Traded Fund,unknown,low,low,0.0,0,0.0,0,0,,False,
MYCK,Financial,Exchange Traded Fund,unknown,low,low,0.0,0,0.0,0,0,,False,
MYCL,Financial,Exchange Traded Fund,unknown,low,low,0.0,0,0.0,0,0,,False,
MYCM,Financial,Exchange Traded Fund,unknown,low,low,0.0,0,0.0,0,0,,False,
MYCN,Financial,Exchange Traded Fund,unknown,low,low,0.0,0,0.0,0,0,,False,
MYCO,Financial,Exchange Traded Fund,unknown,low,unknown,0.0,0,0.0,0,0,,False,
MYE,Consumer Cyclical,Packaging & Containers,small,mid,mid,0.0,0,0.0,0,0,,False,
MYFW,Financial,Banks - Regional,small,mid,low,0.0,0,0.0,0,0,,False,
MYGN,Healthcare,Diagnostics & Research,small,high,high,0.0,0,0.0,0,0,,False,
MYHA,Financial,Exchange Traded Fund,unknown,low,unknown,0.0,0,0.0,0,0,,False,
MYHB,Financial,Exchange Traded Fund,unknown,low,unknown,0.0,0,0.0,0,0,,False,
MYHC,Financial,Exchange Traded Fund,unknown,low,unknown,0.0,0,0.0,0,0,,False,
MYHD,Financial,Exchange Traded Fund,unknown,low,unknown,0.0,0,0.0,0,0,,False,
MYHE,Financial,Exchange Traded Fund,unknown,low,unknown,0.0,0,0.0,0,0,,False,
MYI,Financial,Closed-End Fund - Debt,small,low,low,0.0,0,0.0,0,0,,False,
MYLD,Financial,Exchange Traded Fund,unknown,low,mid,0.0,0,0.0,0,0,,False,
MYMF,Financial,Exchange Traded Fund,unknown,low,low,0.0,0,0.0,0,0,,False,
MYMG,Financial,Exchange Traded Fund,unknown,low,low,0.0,0,0.0,0,0,,False,
MYMH,Financial,Exchange Traded Fund,unknown,low,low,0.0,0,0.0,0,0,,False,
MYMI,Financial,Exchange Traded Fund,unknown,low,low,0.0,0,0.0,0,0,,False,
MYMJ,Financial,Exchange Traded Fund,unknown,low,low,0.0,0,0.0,0,0,,False,
MYMK,Financial,Exchange Traded Fund,unknown,low,unknown,0.0,0,0.0,0,0,,False,
MYN,Financial,Closed-End Fund - Debt,small,low,low,0.0,0,0.0,0,0,,False,
MYND,Consumer Defensive,Education & Training Services,micro,high,high,0.0,0,0.0,0,0,,False,
MYO,Healthcare,Medical Devices,micro,high,high,0.0,0,0.0,0,0,,False,
MYPS,Communication Services,Electronic Gaming & Multimedia,micro,high,mid,0.0,0,0.0,0,0,,False,
MYRG,Industrials,Engineering & Construction,mid,high,high,0.0,0,0.0,0,0,,False,
MYSE,Technology,Software - Application,micro,high,high,0.0,0,0.0,0,0,,False,
MYSZ,Consumer Cyclical,Apparel Retail,micro,high,low,0.0,0,0.0,0,0,,False,
MYX,Financial,Shell Companies,micro,low,unknown,0.0,0,0.0,0,0,,False,
MYY,Financial,Exchange Traded Fund,unknown,low,low,0.0,0,0.0,0,0,,False,
MZTI,Consumer Defensive,Packaged Foods,mid,mid,low,0.0,0,0.0,0,0,,False,
MZYX,Financial,Shell Companies,small,low,unknown,0.0,0,0.0,0,0,,False,
MZZ,Financial,Exchange Traded Fund,unknown,low,low,0.0,0,0.0,0,0,,False,
NAAS,Consumer Cyclical,Specialty Retail,micro,high,low,0.0,1,0.0,0,0,,False,
NABL,Technology,Information Technology Services,small,high,low,0.0,0,0.0,0,0,,False,
NAC,Financial,Closed-End Fund - Debt,small,low,low,0.0,0,0.0,0,0,,False,
NACP,Financial,Exchange Traded Fund,unknown,low,mid,0.0,0,0.0,0,0,,False,
NAD,Financial,Closed-End Fund - Debt,mid,low,low,0.0,0,0.0,0,0,,False,
NAGE,Healthcare,Biotechnology,micro,high,high,0.0,0,0.0,0,0,,False,
NAII,Consumer Defensive,Packaged Foods,micro,high,low,0.0,0,0.0,0,0,,False,
NAIL,Financial,Exchange Traded Fund,unknown,high,high,0.0,0,0.0,0,0,,False,
NAK,Basic Materials,Other Industrial Metals & Mining,small,high,low,0.0,0,0.0,0,0,,False,
NAKA,Financial,Capital Markets,micro,high,high,0.0,0,0.0,0,0,,False,
NAMI,Communication Services,Internet Content & Information,micro,high,low,0.0,1,0.0,0,0,,False,
NAMM,Basic Materials,Gold,micro,high,low,0.0,0,0.0,0,0,,False,
NAMS,Healthcare,Biotechnology,mid,high,low,0.0,0,0.0,0,0,,False,
NAN,Financial,Closed-End Fund - Debt,small,low,low,0.0,0,0.0,0,0,,False,
NANC,Financial,Exchange Traded Fund,unknown,low,mid,0.0,0,0.0,0,0,,False,
NANR,Financial,Exchange Traded Fund,unknown,low,low,0.0,0,0.0,0,0,,False,
NAPR,Financial,Exchange Traded Fund,unknown,low,low,0.0,0,0.0,0,0,,False,
NASA,Financial,Exchange Traded Fund,unknown,high,unknown,0.0,0,0.0,0,0,,False,
NAT,Energy,Oil & Gas Midstream,small,mid,low,0.0,0,0.0,0,0,,False,
NATH,Consumer Cyclical,Restaurants,small,low,low,0.0,0,0.0,0,0,,False,
NATL,Technology,Software - Application,mid,low,low,0.0,0,0.0,0,0,,False,
NATO,Financial,Exchange Traded Fund,unknown,low,low,0.0,0,0.0,0,0,,False,
NATR,Consumer Defensive,Packaged Foods,micro,high,mid,0.0,0,0.0,0,0,,False,
NAUG,Financial,Exchange Traded Fund,unknown,low,low,0.0,0,0.0,0,0,,False,
NAUT,Healthcare,Biotechnology,micro,high,mid,0.0,0,0.0,0,0,,False,
NAVI,Financial,Credit Services,small,mid,mid,0.0,0,0.0,0,0,,False,
NAVN,Technology,Software - Application,mid,high,unknown,0.0,0,0.0,0,0,,False,
NAZ,Financial,Closed-End Fund - Debt,micro,low,low,0.0,0,0.0,0,0,,False,
NB,Basic Materials,Other Industrial Metals & Mining,small,high,low,0.0,0,0.0,0,0,,False,
NBB,Financial,Closed-End Fund - Debt,small,low,low,0.0,0,0.0,0,0,,False,
NBBK,Financial,Banks - Regional,small,mid,low,0.0,0,0.0,0,0,,False,
NBCE,Financial,Exchange Traded Fund,unknown,low,low,0.0,0,0.0,0,0,,False,
NBCM,Financial,Exchange Traded Fund,unknown,low,low,0.0,0,0.0,0,0,,False,
NBCR,Financial,Exchange Traded Fund,unknown,low,mid,0.0,0,0.0,0,0,,False,
NBDS,Financial,Exchange Traded Fund,unknown,low,high,0.0,0,0.0,0,0,,False,
NBET,Financial,Exchange Traded Fund,unknown,low,low,0.0,0,0.0,0,0,,False,
NBFC,Financial,Exchange Traded Fund,unknown,low,low,0.0,0,0.0,0,0,,False,
NBFR,Financial,Exchange Traded Fund,unknown,low,unknown,0.0,0,0.0,0,0,,False,
NBGX,Financial,Exchange Traded Fund,unknown,low,mid,0.0,0,0.0,0,0,,False,
NBH,Financial,Closed-End Fund - Debt,small,low,low,0.0,0,0.0,0,0,,False,
NBHC,Financial,Banks - Regional,small,mid,low,0.0,0,0.0,0,0,,False,
NBIC,Financial,Exchange Traded Fund,unknown,high,unknown,0.0,0,0.0,0,0,,False,
NBIE,Financial,Exchange Traded Fund,unknown,low,unknown,0.0,0,0.0,0,0,,False,
NBIG,Financial,Exchange Traded Fund,unknown,high,unknown,0.0,0,0.0,0,0,,False,
NBIL,Financial,Exchange Traded Fund,unknown,high,unknown,0.0,0,0.0,0,0,,False,
NBIS,Technology,Software - Infrastructure,large,high,high,0.0,0,0.0,0,0,,False,
NBIX,Healthcare,Drug Manufacturers - Specialty & Generic,large,mid,low,0.0,0,0.0,0,0,,False,
NBIZ,Financial,Exchange Traded Fund,unknown,high,unknown,0.0,0,0.0,0,0,,False,
NBJP,Financial,Exchange Traded Fund,unknown,low,low,0.0,0,0.0,0,0,,False,
NBN,Financial,Banks - Regional,small,mid,low,0.0,0,0.0,0,0,,False,
NBOS,Financial,Exchange Traded Fund,unknown,low,low,0.0,0,0.0,0,0,,False,
NBP,Healthcare,Biotechnology,micro,high,high,0.0,0,0.0,0,0,,False,
NBR,Energy,Oil & Gas Drilling,small,mid,mid,0.0,0,0.0,0,0,,False,
NBRG,Financial,Shell Companies,micro,low,unknown,0.0,0,0.0,0,0,,False,
NBSD,Financial,Exchange Traded Fund,unknown,low,low,0.0,0,0.0,0,0,,False,
NBSM,Financial,Exchange Traded Fund,unknown,low,low,0.0,0,0.0,0,0,,False,
NBTB,Financial,Banks - Regional,mid,low,low,0.0,0,0.0,0,0,,False,
NBTR,Financial,Exchange Traded Fund,unknown,low,low,0.0,0,0.0,0,0,,False,
NBTX,Healthcare,Biotechnology,small,high,mid,0.0,0,0.0,0,0,,False,
NBXG,Financial,Closed-End Fund - Equity,small,mid,mid,0.0,0,0.0,0,0,,False,
NC,Energy,Thermal Coal,small,mid,low,0.0,0,0.0,0,0,,False,
NCA,Financial,Closed-End Fund - Debt,small,low,low,0.0,0,0.0,0,0,,False,
NCDL,Financial,Asset Management,small,mid,low,0.0,0,0.0,0,0,,False,
NCEL,Healthcare,Biotechnology,micro,high,mid,0.0,0,0.0,0,0,,False,
NCEW,Industrials,Integrated Freight & Logistics,micro,high,low,0.0,0,0.0,0,0,,False,
NCI,Consumer Cyclical,Apparel Manufacturing,micro,high,low,0.0,0,0.0,0,0,,False,
NCIQ,Financial,Exchange Traded Fund,unknown,mid,mid,0.0,0,0.0,0,0,,False,
NCLD,Financial,Exchange Traded Fund,unknown,high,unknown,0.0,0,0.0,0,0,,False,
NCLH,Consumer Cyclical,Travel Services,mid,mid,high,0.0,0,0.0,0,0,,False,
NCLO,Financial,Exchange Traded Fund,unknown,low,low,0.0,0,0.0,0,0,,False,
NCMI,Communication Services,Advertising Agencies,micro,high,high,0.0,0,0.0,0,0,,False,
NCNA,Healthcare,Biotechnology,micro,high,high,0.0,0,0.0,0,0,,False,
NCNO,Technology,Software - Application,mid,mid,low,0.0,0,0.0,0,0,,False,
NCO,Financial,Shell Companies,micro,low,unknown,0.0,0,0.0,0,0,,False,
NCPB,Financial,Exchange Traded Fund,unknown,low,low,0.0,0,0.0,0,0,,False,
NCPL,Financial,Capital Markets,micro,high,high,0.0,0,0.0,0,0,,False,
NCRA,Consumer Defensive,Packaged Foods,micro,high,mid,0.0,0,0.0,0,0,,False,
NCSM,Energy,Oil & Gas Equipment & Services,micro,mid,low,0.0,0,0.0,0,0,,False,
NCT,Industrials,Marine Shipping,micro,high,high,0.0,0,0.0,0,0,,False,
NCTY,Financial,Capital Markets,micro,high,high,0.0,1,0.0,0,0,,False,
NCV,Financial,Closed-End Fund - Debt,small,low,mid,0.0,0,0.0,0,0,,False,
NCZ,Financial,Closed-End Fund - Debt,small,low,mid,0.0,0,0.0,0,0,,False,
NDAA,Financial,Exchange Traded Fund,unknown,low,low,0.0,0,0.0,0,0,,False,
NDAQ,Financial,Financial Data & Stock Exchanges,large,mid,mid,0.0,0,0.0,0,0,,False,
NDEC,Financial,Exchange Traded Fund,unknown,low,low,0.0,0,0.0,0,0,,False,
NDIA,Financial,Exchange Traded Fund,unknown,low,low,0.0,0,0.0,0,0,,False,
NDIV,Financial,Exchange Traded Fund,unknown,low,low,0.0,0,0.0,0,0,,False,
NDLS,Consumer Cyclical,Restaurants,micro,high,high,0.0,0,0.0,0,0,,False,
NDMO,Financial,Asset Management,small,low,low,0.0,0,0.0,0,0,,False,
NDOW,Financial,Exchange Traded Fund,unknown,low,low,0.0,0,0.0,0,0,,False,
NDRA,Healthcare,Diagnostics & Research,micro,high,low,0.0,0,0.0,0,0,,False,
NDSN,Industrials,Specialty Industrial Machinery,large,low,mid,0.0,0,0.0,0,0,,False,
NE,Energy,Oil & Gas Drilling,mid,mid,mid,0.0,0,0.0,0,0,,False,
NEA,Financial,Closed-End Fund - Debt,mid,low,low,0.0,0,0.0,0,0,,False,
NEAR,Financial,Exchange Traded Fund,unknown,low,low,0.0,0,0.0,0,0,,False,
NEBX,Financial,Exchange Traded Fund,unknown,high,unknown,0.0,0,0.0,0,0,,False,
NECB,Financial,Banks - Regional,small,mid,low,0.0,0,0.0,0,0,,False,
NEE,Utilities,Utilities - Regulated Electric,large,mid,low,0.0,0,0.0,0,0,,False,
NEGG,Consumer Cyclical,Internet Retail,small,high,high,0.0,0,0.0,0,0,,False,
NEHI,Financial,Exchange Traded Fund,unknown,mid,unknown,0.0,0,0.0,0,0,,False,
NELS,Financial,Exchange Traded Fund,unknown,low,unknown,0.0,0,0.0,0,0,,False,
NEM,Basic Materials,Gold,large,mid,low,0.0,0,0.0,0,0,,False,
NEMD,Financial,Exchange Traded Fund,unknown,low,low,0.0,0,0.0,0,0,,False,
NEMG,Financial,Exchange Traded Fund,unknown,mid,unknown,0.0,0,0.0,0,0,,False,
NEN,Real Estate,Real Estate Services,micro,low,low,0.0,0,0.0,0,0,,False,
NEO,Healthcare,Diagnostics & Research,mid,mid,high,0.0,0,0.0,0,0,,False,
NEOG,Healthcare,Medical Devices,mid,mid,high,0.0,0,0.0,0,0,,False,
NEON,Technology,Electronic Components,micro,high,mid,0.0,0,0.0,0,0,,False,
NEOV,Industrials,Electrical Equipment & Parts,micro,high,low,0.0,0,0.0,0,0,,False,
NEPH,Healthcare,Medical Instruments & Supplies,micro,high,high,0.0,0,0.0,0,0,,False,
NERD,Financial,Exchange Traded Fund,unknown,low,mid,0.0,0,0.0,0,0,,False,
NERV,Healthcare,Biotechnology,micro,high,low,0.0,0,0.0,0,0,,False,
NESR,Energy,Oil & Gas Equipment & Services,mid,high,low,0.0,0,0.0,0,0,,False,
NET,Technology,Software - Infrastructure,large,high,high,0.0,0,0.0,0,0,,False,
NETG,Financial,Exchange Traded Fund,unknown,high,unknown,0.0,0,0.0,0,0,,False,
NETL,Financial,Exchange Traded Fund,unknown,low,mid,0.0,0,0.0,0,0,,False,
NEU,Basic Materials,Specialty Chemicals,mid,mid,low,0.0,0,0.0,0,0,,False,
NEUP,Healthcare,Biotechnology,micro,high,low,0.0,0,0.0,0,0,,False,
NEWP,Basic Materials,Silver,small,high,mid,0.0,0,0.0,0,0,,False,
NEWT,Financial,Banks - Regional,small,mid,high,0.0,0,0.0,0,0,,False,
NEWZ,Financial,Exchange Traded Fund,unknown,low,low,0.0,0,0.0,0,0,,False,
NEXA,Basic Materials,Other Industrial Metals & Mining,small,high,mid,0.0,0,0.0,0,0,,False,
NEXM,Basic Materials,Other Industrial Metals & Mining,micro,high,high,0.0,0,0.0,0,0,,False,
NEXN,Communication Services,Advertising Agencies,small,mid,high,0.0,0,0.0,0,0,,False,
NEXR,Consumer Cyclical,Internet Retail,micro,high,high,0.0,0,0.0,0,0,,False,
NEXT,Energy,Oil & Gas Equipment & Services,small,high,high,0.0,0,0.0,0,0,,False,
NFE,Energy,Oil & Gas Midstream,micro,high,high,0.0,0,0.0,0,0,,False,
NFEB,Financial,Exchange Traded Fund,unknown,low,low,0.0,0,0.0,0,0,,False,
NFG,Energy,Oil & Gas Integrated,mid,mid,low,0.0,0,0.0,0,0,,False,
NFGC,Basic Materials,Gold,small,high,high,0.0,0,0.0,0,0,,False,
NFJ,Financial,Closed-End Fund - Equity,small,low,mid,0.0,0,0.0,0,0,,False,
NFLP,Financial,Exchange Traded Fund,unknown,mid,low,0.0,0,0.0,0,0,,False,
NFLT,Financial,Exchange Traded Fund,unknown,low,low,0.0,0,0.0,0,0,,False,
NFLU,Financial,Exchange Traded Fund,unknown,high,low,0.0,0,0.0,0,0,,False,
NFLW,Financial,Exchange Traded Fund,unknown,mid,low,0.0,0,0.0,0,0,,False,
NFLX,Communication Services,Entertainment,mega,mid,high,0.0,0,0.0,0,0,,False,
NFLY,Financial,Exchange Traded Fund,unknown,mid,low,0.0,0,0.0,0,0,,False,
NFRA,Financial,Exchange Traded Fund,unknown,low,low,0.0,0,0.0,0,0,,False,
NFRX,Financial,Exchange Traded Fund,unknown,low,unknown,0.0,0,0.0,0,0,,False,
NFTY,Financial,Exchange Traded Fund,unknown,low,low,0.0,0,0.0,0,0,,False,
NFX,Financial,Exchange Traded Fund,unknown,mid,unknown,0.0,0,0.0,0,0,,False,
NFXL,Financial,Exchange Traded Fund,unknown,high,mid,0.0,0,0.0,0,0,,False,
NFXS,Financial,Exchange Traded Fund,unknown,mid,low,0.0,0,0.0,0,0,,False,
NG,Basic Materials,Gold,mid,high,mid,0.0,0,0.0,0,0,,False,
NGEN,Healthcare,Biotechnology,micro,high,low,0.0,0,0.0,0,0,,False,
NGG,Utilities,Utilities - Regulated Electric,large,low,low,0.0,0,0.0,0,0,,False,
NGHT,Financial,Exchange Traded Fund,unknown,mid,unknown,0.0,0,0.0,0,0,,False,
NGL,Energy,Oil & Gas Midstream,mid,mid,low,0.0,0,0.0,0,0,,False,
NGNE,Healthcare,Biotechnology,small,high,high,0.0,0,0.0,0,0,,False,
NGS,Energy,Oil & Gas Equipment & Services,small,mid,low,0.0,0,0.0,0,0,,False,
NGVC,Consumer Defensive,Grocery Stores,small,high,mid,0.0,0,0.0,0,0,,False,
NGVT,Basic Materials,Specialty Chemicals,mid,mid,mid,0.0,0,0.0,0,0,,False,
NHC,Healthcare,Medical Care Facilities,mid,mid,low,0.0,0,0.0,0,0,,False,
NHI,Real Estate,REIT - Healthcare Facilities,mid,mid,low,0.0,0,0.0,0,0,,False,
NHIC,Financial,Shell Companies,micro,low,low,0.0,0,0.0,0,0,,False,
NHIV,Financial,Shell Companies,micro,low,unknown,0.0,0,0.0,0,0,,False,
NHP,Real Estate,REIT - Healthcare Facilities,small,high,unknown,0.0,0,0.0,0,0,,False,
NHS,Financial,Closed-End Fund - Debt,micro,low,low,0.0,0,0.0,0,0,,False,
NHTC,Consumer Cyclical,Internet Retail,micro,high,mid,0.0,0,0.0,0,0,,False,
NHYB,Financial,Exchange Traded Fund,unknown,low,unknown,0.0,0,0.0,0,0,,False,
NHYM,Financial,Exchange Traded Fund,unknown,low,low,0.0,0,0.0,0,0,,False,
NI,Utilities,Utilities - Regulated Gas,large,mid,low,0.0,0,0.0,0,0,,False,
NIC,Financial,Banks - Regional,mid,mid,low,0.0,0,0.0,0,0,,False,
NICE,Technology,Software - Application,mid,mid,low,0.0,0,0.0,0,0,,False,
NICM,Basic Materials,Other Industrial Metals & Mining,unknown,high,unknown,0.0,0,0.0,0,0,,False,
NICO,Financial,Exchange Traded Fund,unknown,low,unknown,0.0,0,0.0,0,0,,False,
NIE,Financial,Closed-End Fund - Equity,small,low,mid,0.0,0,0.0,0,0,,False,
NIHI,Financial,Exchange Traded Fund,unknown,low,unknown,0.0,0,0.0,0,0,,False,
NIKI,Healthcare,Biotechnology,micro,high,low,0.0,0,0.0,0,0,,False,
NIKL,Financial,Exchange Traded Fund,unknown,mid,mid,0.0,0,0.0,0,0,,False,
NIM,Financial,Closed-End Fund - Debt,micro,low,low,0.0,0,0.0,0,0,,False,
NINE,Energy,Oil & Gas Equipment & Services,small,high,unknown,0.0,0,0.0,0,0,,False,
NIO,Consumer Cyclical,Auto Manufacturers,large,mid,mid,0.0,1,0.0,0,0,,False,
NIOG,Financial,Exchange Traded Fund,unknown,high,unknown,0.0,0,0.0,0,0,,False,
NIPG,Communication Services,Entertainment,micro,high,high,0.0,0,0.0,0,0,,False,
NIQ,Technology,Software - Application,mid,high,low,0.0,0,0.0,0,0,,False,
NISM,Financial,Exchange Traded Fund,unknown,low,unknown,0.0,0,0.0,0,0,,False,
NITE,Financial,Exchange Traded Fund,unknown,low,high,0.0,0,0.0,0,0,,False,
NIU,Consumer Cyclical,Auto Manufacturers,micro,high,low,0.0,1,0.0,0,0,,False,
NIVF,Healthcare,Medical Care Facilities,micro,high,low,0.0,0,0.0,0,0,,False,
NIXT,Financial,Exchange Traded Fund,unknown,low,mid,0.0,0,0.0,0,0,,False,
NIXX,Communication Services,Telecom Services,micro,high,low,0.0,0,0.0,0,0,,False,
NJAN,Financial,Exchange Traded Fund,unknown,low,low,0.0,0,0.0,0,0,,False,
NJNK,Financial,Exchange Traded Fund,unknown,low,low,0.0,0,0.0,0,0,,False,
NJR,Utilities,Utilities - Regulated Gas,mid,mid,low,0.0,0,0.0,0,0,,False,
NJUL,Financial,Exchange Traded Fund,unknown,low,low,0.0,0,0.0,0,0,,False,
NJUN,Financial,Exchange Traded Fund,unknown,low,low,0.0,0,0.0,0,0,,False,
NKE,Consumer Cyclical,Footwear & Accessories,large,mid,mid,0.0,0,0.0,0,0,,False,
NKLR,Utilities,Utilities - Regulated Electric,small,high,high,0.0,0,0.0,0,0,,False,
NKSH,Financial,Banks - Regional,micro,mid,low,0.0,0,0.0,0,0,,False,
NKTR,Healthcare,Biotechnology,mid,mid,low,0.0,0,0.0,0,0,,False,
NKTX,Healthcare,Biotechnology,micro,high,mid,0.0,0,0.0,0,0,,False,
NKX,Financial,Closed-End Fund - Debt,small,low,low,0.0,0,0.0,0,0,,False,
NL,Industrials,Security & Protection Services,small,mid,low,0.0,0,0.0,0,0,,False,
NLOP,Real Estate,REIT - Office,micro,mid,low,0.0,0,0.0,0,0,,False,
NLR,Financial,Exchange Traded Fund,unknown,mid,mid,0.0,0,0.0,0,0,,False,
NLSI,Financial,Exchange Traded Fund,unknown,low,unknown,0.0,0,0.0,0,0,,False,
NLY,Real Estate,REIT - Mortgage,large,low,mid,0.0,0,0.0,0,0,,False,
NMAD,Industrials,Electrical Equipment & Parts,micro,high,mid,0.0,0,0.0,0,0,,False,
NMAI,Financial,Asset Management,small,low,mid,0.0,0,0.0,0,0,,False,
NMAR,Financial,Exchange Traded Fund,unknown,low,low,0.0,0,0.0,0,0,,False,
NMAX,Communication Services,Broadcasting,small,mid,high,0.0,0,0.0,0,0,,False,
NMAY,Financial,Exchange Traded Fund,unknown,low,low,0.0,0,0.0,0,0,,False,
NMB,Financial,Exchange Traded Fund,unknown,low,low,0.0,0,0.0,0,0,,False,
NMBL,Financial,Exchange Traded Fund,unknown,low,unknown,0.0,0,0.0,0,0,,False,
NMCO,Financial,Closed-End Fund - Debt,small,low,mid,0.0,0,0.0,0,0,,False,
NMFC,Financial,Asset Management,small,mid,low,0.0,0,0.0,0,0,,False,
NMG,Basic Materials,Other Industrial Metals & Mining,small,high,mid,0.0,0,0.0,0,0,,False,
NMI,Financial,Closed-End Fund - Debt,micro,low,low,0.0,0,0.0,0,0,,False,
NMIH,Financial,Insurance - Specialty,mid,mid,low,0.0,0,0.0,0,0,,False,
NML,Financial,Closed-End Fund - Equity,small,mid,low,0.0,0,0.0,0,0,,False,
NMM,Industrials,Marine Shipping,mid,mid,mid,0.0,0,0.0,0,0,,False,
NMP,Financial,Shell Companies,micro,low,unknown,0.0,0,0.0,0,0,,False,
NMR,Financial,Capital Markets,large,mid,low,0.0,0,0.0,0,0,,False,
NMRA,Healthcare,Biotechnology,small,high,high,0.0,0,0.0,0,0,,False,
NMRK,Real Estate,Real Estate Services,mid,mid,high,0.0,0,0.0,0,0,,False,
NMS,Financial,Closed-End Fund - Debt,micro,low,low,0.0,0,0.0,0,0,,False,
NMT,Financial,Closed-End Fund - Debt,micro,low,low,0.0,0,0.0,0,0,,False,
NMTC,Healthcare,Medical Devices,micro,high,low,0.0,0,0.0,0,0,,False,
NMZ,Financial,Closed-End Fund - Debt,mid,low,low,0.0,0,0.0,0,0,,False,
NN,Technology,Software - Infrastructure,mid,high,mid,0.0,0,0.0,0,0,,False,
NNBR,Industrials,Conglomerates,small,high,high,0.0,0,0.0,0,0,,False,
NNDM,Technology,Computer Hardware,small,mid,mid,0.0,0,0.0,0,0,,False,
NNE,Industrials,Specialty Industrial Machinery,small,high,high,0.0,0,0.0,0,0,,False,
NNI,Financial,Credit Services,mid,mid,low,0.0,0,0.0,0,0,,False,
NNN,Real Estate,REIT - Retail,mid,low,low,0.0,0,0.0,0,0,,False,
NNNN,Healthcare,Medical Instruments & Supplies,small,high,high,0.0,0,0.0,0,0,,False,
NNOV,Financial,Exchange Traded Fund,unknown,low,low,0.0,0,0.0,0,0,,False,
NNOX,Healthcare,Medical Devices,micro,high,mid,0.0,0,0.0,0,0,,False,
NNVC,Healthcare,Biotechnology,micro,high,high,0.0,0,0.0,0,0,,False,
NNY,Financial,Closed-End Fund - Debt,micro,low,low,0.0,0,0.0,0,0,,False,
NOA,Energy,Oil & Gas Equipment & Services,small,mid,mid,0.0,0,0.0,0,0,,False,
NOAH,Financial,Asset Management,small,mid,mid,0.0,1,0.0,0,0,,False,
NOBL,Financial,Exchange Traded Fund,unknown,low,low,0.0,0,0.0,0,0,,False,
NOC,Industrials,Aerospace & Defense,large,mid,low,0.0,0,0.0,0,0,,False,
NOCT,Financial,Exchange Traded Fund,unknown,low,low,0.0,0,0.0,0,0,,False,
NODE,Financial,Exchange Traded Fund,unknown,mid,high,0.0,0,0.0,0,0,,False,
NODK,Financial,Insurance - Property & Casualty,small,mid,low,0.0,0,0.0,0,0,,False,
NOEM,Financial,Shell Companies,micro,mid,low,0.0,0,0.0,0,0,,False,
NOEQ,Financial,Exchange Traded Fund,unknown,low,unknown,0.0,0,0.0,0,0,,False,
NOG,Energy,Oil & Gas E&P,mid,mid,low,0.0,0,0.0,0,0,,False,
NOK,Technology,Communication Equipment,large,high,mid,0.0,0,0.0,0,0,,False,
NOMA,Consumer Cyclical,Leisure,micro,high,unknown,0.0,0,0.0,0,0,,False,
NOMD,Consumer Defensive,Packaged Foods,small,mid,low,0.0,0,0.0,0,0,,False,
NORW,Financial,Exchange Traded Fund,unknown,low,low,0.0,0,0.0,0,0,,False,
NOV,Energy,Oil & Gas Equipment & Services,mid,mid,mid,0.0,0,0.0,0,0,,False,
NOVM,Financial,Exchange Traded Fund,unknown,low,low,0.0,0,0.0,0,0,,False,
NOVP,Financial,Exchange Traded Fund,unknown,low,low,0.0,0,0.0,0,0,,False,
NOVT,Technology,Scientific & Technical Instruments,mid,mid,high,0.0,0,0.0,0,0,,False,
NOVZ,Financial,Exchange Traded Fund,unknown,low,low,0.0,0,0.0,0,0,,False,
NOW,Technology,Software - Application,large,high,mid,0.0,0,0.0,0,0,,False,
NOWL,Financial,Exchange Traded Fund,unknown,high,high,0.0,0,0.0,0,0,,False,
NOWX,Financial,Exchange Traded Fund,unknown,high,unknown,0.0,0,0.0,0,0,,False,
NP,Financial,Insurance Brokers,mid,high,unknown,0.0,0,0.0,0,0,,False,
NPAC,Financial,Shell Companies,small,low,low,0.0,0,0.0,0,0,,False,
NPB,Financial,Banks - Regional,small,mid,low,0.0,0,0.0,0,0,,False,
NPCE,Healthcare,Medical Devices,small,high,high,0.0,0,0.0,0,0,,False,
NPCT,Financial,Closed-End Fund - Debt,micro,low,low,0.0,0,0.0,0,0,,False,
NPFD,Financial,Closed-End Fund - Equity,small,low,low,0.0,0,0.0,0,0,,False,
NPFE,Financial,Exchange Traded Fund,unknown,low,unknown,0.0,0,0.0,0,0,,False,
NPFI,Financial,Exchange Traded Fund,unknown,low,low,0.0,0,0.0,0,0,,False,
NPK,Industrials,Aerospace & Defense,small,mid,low,0.0,0,0.0,0,0,,False,
NPKI,Industrials,Building Products & Equipment,small,mid,high,0.0,0,0.0,0,0,,False,
NPO,Industrials,Specialty Industrial Machinery,mid,mid,high,0.0,0,0.0,0,0,,False,
NPT,Consumer Cyclical,Specialty Retail,micro,high,unknown,0.0,1,0.0,0,0,,False,
NPV,Financial,Closed-End Fund - Debt,micro,low,low,0.0,0,0.0,0,0,,False,
NPWR,Industrials,Specialty Industrial Machinery,small,high,mid,0.0,0,0.0,0,0,,False,
NQLT,Financial,Exchange Traded Fund,unknown,low,unknown,0.0,0,0.0,0,0,,False,
NRC,Healthcare,Health Information Services,small,high,low,0.0,0,0.0,0,0,,False,
NRDS,Communication Services,Internet Content & Information,small,mid,mid,0.0,0,0.0,0,0,,False,
NRDY,Technology,Software - Application,micro,high,high,0.0,0,0.0,0,0,,False,
NREF,Real Estate,REIT - Mortgage,small,mid,mid,0.0,0,0.0,0,0,,False,
NRES,Financial,Exchange Traded Fund,unknown,low,low,0.0,0,0.0,0,0,,False,
NRG,Utilities,Utilities - Independent Power Producers,large,high,mid,0.0,0,0.0,0,0,,False,
NRGD,Financial,Exchange Traded Fund,unknown,high,mid,0.0,0,0.0,0,0,,False,
NRGU,Financial,Exchange Traded Fund,unknown,high,low,0.0,0,0.0,0,0,,False,
NRGV,Utilities,Utilities - Renewable,small,high,mid,0.0,0,0.0,0,0,,False,
NRIM,Financial,Banks - Regional,small,mid,mid,0.0,0,0.0,0,0,,False,
NRIX,Healthcare,Biotechnology,mid,mid,high,0.0,0,0.0,0,0,,False,
NRK,Financial,Closed-End Fund - Debt,small,low,low,0.0,0,0.0,0,0,,False,
NRO,Financial,Closed-End Fund - Equity,micro,low,mid,0.0,0,0.0,0,0,,False,
NRP,Energy,Thermal Coal,small,mid,low,0.0,0,0.0,0,0,,False,
NRSH,Financial,Exchange Traded Fund,unknown,low,high,0.0,0,0.0,0,0,,False,
NRSN,Healthcare,Biotechnology,micro,high,high,0.0,0,0.0,0,0,,False,
NRT,Energy,Oil & Gas E&P,micro,mid,low,0.0,0,0.0,0,0,,False,
NRXP,Healthcare,Biotechnology,micro,high,high,0.0,0,0.0,0,0,,False,
NRXS,Healthcare,Biotechnology,micro,high,high,0.0,0,0.0,0,0,,False,
NSC,Industrials,Railroads,large,low,mid,0.0,0,0.0,0,0,,False,
NSCI,Financial,Exchange Traded Fund,unknown,low,unknown,0.0,0,0.0,0,0,,False,
NSEP,Financial,Exchange Traded Fund,unknown,low,low,0.0,0,0.0,0,0,,False,
NSI,Financial,Exchange Traded Fund,unknown,low,low,0.0,0,0.0,0,0,,False,
NSIG,Financial,Exchange Traded Fund,unknown,low,unknown,0.0,0,0.0,0,0,,False,
NSIT,Technology,Electronics & Computer Distribution,mid,mid,mid,0.0,0,0.0,0,0,,False,
NSIV,Financial,Exchange Traded Fund,unknown,low,unknown,0.0,0,0.0,0,0,,False,
NSLR,Financial,Asset Management,micro,high,high,0.0,0,0.0,0,0,,False,
NSP,Industrials,Staffing & Employment Services,small,high,low,0.0,0,0.0,0,0,,False,
NSPR,Healthcare,Medical Devices,micro,high,mid,0.0,0,0.0,0,0,,False,
NSRX,Healthcare,Drug Manufacturers - General,micro,high,high,0.0,0,0.0,0,0,,False,
NSSC,Industrials,Security & Protection Services,small,mid,high,0.0,0,0.0,0,0,,False,
NSTS,Financial,Banks - Regional,micro,low,low,0.0,0,0.0,0,0,,False,
NSYS,Healthcare,Medical Devices,micro,high,low,0.0,0,0.0,0,0,,False,
NTAL,Financial,Exchange Traded Fund,unknown,high,unknown,0.0,0,0.0,0,0,,False,
NTAP,Technology,Software - Infrastructure,large,mid,high,0.0,0,0.0,0,0,,False,
NTB,Financial,Banks - Diversified,mid,low,low,0.0,0,0.0,0,0,,False,
NTCL,Technology,Software - Application,micro,high,low,0.0,0,0.0,0,0,,False,
NTCT,Technology,Software - Infrastructure,mid,mid,low,0.0,0,0.0,0,0,,False,
NTES,Communication Services,Electronic Gaming & Multimedia,large,mid,low,0.0,1,0.0,0,0,,False,
NTGR,Technology,Communication Equipment,small,mid,mid,0.0,0,0.0,0,0,,False,
NTHI,Healthcare,Biotechnology,micro,high,low,0.0,0,0.0,0,0,,False,
NTIC,Basic Materials,Specialty Chemicals,micro,mid,low,0.0,0,0.0,0,0,,False,
NTIP,Industrials,Specialty Business Services,micro,mid,low,0.0,0,0.0,0,0,,False,
NTLA,Healthcare,Biotechnology,small,high,high,0.0,0,0.0,0,0,,False,
NTNX,Technology,Software - Infrastructure,large,mid,low,0.0,0,0.0,0,0,,False,
NTR,Basic Materials,Agricultural Inputs,large,mid,low,0.0,0,0.0,0,0,,False,
NTRA,Healthcare,Diagnostics & Research,large,mid,high,0.0,0,0.0,0,0,,False,
NTRB,Healthcare,Biotechnology,micro,mid,high,0.0,0,0.0,0,0,,False,
NTRL,Financial,Exchange Traded Fund,unknown,low,low,0.0,0,0.0,0,0,,False,
NTRP,Consumer Cyclical,Travel Services,micro,high,mid,0.0,0,0.0,0,0,,False,
NTRS,Financial,Asset Management,large,mid,mid,0.0,0,0.0,0,0,,False,
NTSD,Financial,Exchange Traded Fund,unknown,low,unknown,0.0,0,0.0,0,0,,False,
NTSE,Financial,Exchange Traded Fund,unknown,low,mid,0.0,0,0.0,0,0,,False,
NTSI,Financial,Exchange Traded Fund,unknown,low,mid,0.0,0,0.0,0,0,,False,
NTSK,Technology,Software - Infrastructure,mid,high,unknown,0.0,0,0.0,0,0,,False,
NTST,Real Estate,REIT - Retail,mid,mid,mid,0.0,0,0.0,0,0,,False,
NTSX,Financial,Exchange Traded Fund,unknown,low,mid,0.0,0,0.0,0,0,,False,
NTWK,Technology,Software - Application,micro,mid,mid,0.0,0,0.0,0,0,,False,
NTWO,Financial,Shell Companies,micro,low,low,0.0,0,0.0,0,0,,False,
NTZ,Consumer Cyclical,"Furnishings, Fixtures & Appliances",micro,high,low,0.0,0,0.0,0,0,,False,
NU,Financial,Banks - Regional,large,mid,mid,0.0,0,0.0,0,0,,False,
NUAG,Financial,Exchange Traded Fund,unknown,low,low,0.0,0,0.0,0,0,,False,
NUAI,Technology,Software - Infrastructure,small,high,mid,0.0,0,0.0,0,0,,False,
NUBD,Financial,Exchange Traded Fund,unknown,low,low,0.0,0,0.0,0,0,,False,
NUCL,Energy,Uranium,micro,high,low,0.0,0,0.0,0,0,,False,
NUDM,Financial,Exchange Traded Fund,unknown,low,mid,0.0,0,0.0,0,0,,False,
NUDV,Financial,Exchange Traded Fund,unknown,low,mid,0.0,0,0.0,0,0,,False,
NUE,Basic Materials,Steel,large,mid,high,0.0,0,0.0,0,0,,False,
NUEM,Financial,Exchange Traded Fund,unknown,low,low,0.0,0,0.0,0,0,,False,
NUG,Financial,Exchange Traded Fund,unknown,high,unknown,0.0,0,0.0,0,0,,False,
NUGO,Financial,Exchange Traded Fund,unknown,low,mid,0.0,0,0.0,0,0,,False,
NUGT,Financial,Exchange Traded Fund,unknown,high,high,0.0,0,0.0,0,0,,False,
NUGY,Financial,Exchange Traded Fund,unknown,low,unknown,0.0,0,0.0,0,0,,False,
NUHY,Financial,Exchange Traded Fund,unknown,low,low,0.0,0,0.0,0,0,,False,
NUIF,Financial,Exchange Traded Fund,unknown,low,unknown,0.0,0,0.0,0,0,,False,
NUKX,Financial,Exchange Traded Fund,unknown,mid,unknown,0.0,0,0.0,0,0,,False,
NUKZ,Financial,Exchange Traded Fund,unknown,mid,high,0.0,0,0.0,0,0,,False,
NULC,Financial,Exchange Traded Fund,unknown,low,mid,0.0,0,0.0,0,0,,False,
NULG,Financial,Exchange Traded Fund,unknown,low,mid,0.0,0,0.0,0,0,,False,
NULV,Financial,Exchange Traded Fund,unknown,low,mid,0.0,0,0.0,0,0,,False,
NUMG,Financial,Exchange Traded Fund,unknown,low,mid,0.0,0,0.0,0,0,,False,
NUMI,Financial,Exchange Traded Fund,unknown,low,low,0.0,0,0.0,0,0,,False,
NUMV,Financial,Exchange Traded Fund,unknown,low,mid,0.0,0,0.0,0,0,,False,
NURE,Financial,Exchange Traded Fund,unknown,low,mid,0.0,0,0.0,0,0,,False,
NUS,Consumer Defensive,Household & Personal Products,micro,high,mid,0.0,0,0.0,0,0,,False,
NUSA,Financial,Exchange Traded Fund,unknown,low,low,0.0,0,0.0,0,0,,False,
NUSB,Financial,Exchange Traded Fund,unknown,low,low,0.0,0,0.0,0,0,,False,
NUSC,Financial,Exchange Traded Fund,unknown,low,mid,0.0,0,0.0,0,0,,False,
NUTX,Healthcare,Medical Care Facilities,small,high,low,0.0,0,0.0,0,0,,False,
NUV,Financial,Closed-End Fund - Debt,small,low,low,0.0,0,0.0,0,0,,False,
NUVB,Healthcare,Biotechnology,mid,high,high,0.0,0,0.0,0,0,,False,
NUW,Financial,Closed-End Fund - Debt,micro,low,low,0.0,0,0.0,0,0,,False,
NUWE,Healthcare,Medical Devices,micro,high,low,0.0,0,0.0,0,0,,False,
NVA,Basic Materials,Other Industrial Metals & Mining,micro,high,unknown,0.0,0,0.0,0,0,,False,
NVAX,Healthcare,Biotechnology,small,mid,high,0.0,0,0.0,0,0,,False,
NVBT,Financial,Exchange Traded Fund,unknown,low,low,0.0,0,0.0,0,0,,False,
NVBU,Financial,Exchange Traded Fund,unknown,low,low,0.0,0,0.0,0,0,,False,
NVBW,Financial,Exchange Traded Fund,unknown,low,low,0.0,0,0.0,0,0,,False,
NVC,Financial,Exchange Traded Fund,unknown,mid,unknown,0.0,0,0.0,0,0,,False,
NVCR,Healthcare,Medical Devices,mid,high,mid,0.0,0,0.0,0,0,,False,
NVCT,Healthcare,Biotechnology,small,high,low,0.0,0,0.0,0,0,,False,
NVD,Financial,Exchange Traded Fund,unknown,high,low,0.0,0,0.0,0,0,,False,
NVDA,Technology,Semiconductors,mega,mid,high,0.0,0,0.0,0,0,,False,
NVDB,Financial,Exchange Traded Fund,unknown,high,unknown,0.0,0,0.0,0,0,,False,
NVDD,Financial,Exchange Traded Fund,unknown,mid,low,0.0,0,0.0,0,0,,False,
NVDG,Financial,Exchange Traded Fund,unknown,high,high,0.0,0,0.0,0,0,,False,
NVDL,Financial,Exchange Traded Fund,unknown,high,high,0.0,0,0.0,0,0,,False,
NVDQ,Financial,Exchange Traded Fund,unknown,high,low,0.0,0,0.0,0,0,,False,
NVDS,Financial,Exchange Traded Fund,unknown,high,low,0.0,0,0.0,0,0,,False,
NVDU,Financial,Exchange Traded Fund,unknown,high,high,0.0,0,0.0,0,0,,False,
NVDW,Financial,Exchange Traded Fund,unknown,mid,high,0.0,0,0.0,0,0,,False,
NVDX,Financial,Exchange Traded Fund,unknown,high,high,0.0,0,0.0,0,0,,False,
NVDY,Financial,Exchange Traded Fund,unknown,mid,high,0.0,0,0.0,0,0,,False,
NVEC,Technology,Semiconductors,small,high,high,0.0,0,0.0,0,0,,False,
NVG,Financial,Closed-End Fund - Debt,mid,low,low,0.0,0,0.0,0,0,,False,
NVGS,Energy,Oil & Gas Midstream,small,mid,low,0.0,0,0.0,0,0,,False,
NVIB,Financial,Exchange Traded Fund,unknown,mid,unknown,0.0,0,0.0,0,0,,False,
NVII,Financial,Exchange Traded Fund,unknown,mid,high,0.0,0,0.0,0,0,,False,
NVIR,Financial,Exchange Traded Fund,unknown,low,low,0.0,0,0.0,0,0,,False,
NVIT,Financial,Exchange Traded Fund,unknown,low,unknown,0.0,0,0.0,0,0,,False,
NVMI,Technology,Semiconductor Equipment & Materials,large,high,high,0.0,0,0.0,0,0,,False,
NVNI,Technology,Software - Application,micro,high,low,0.0,0,0.0,0,0,,False,
NVNO,Healthcare,Medical Devices,micro,high,mid,0.0,0,0.0,0,0,,False,
NVO,Healthcare,Drug Manufacturers - General,large,mid,low,0.0,0,0.0,0,0,,False,
NVOC,Financial,Exchange Traded Fund,unknown,mid,unknown,0.0,0,0.0,0,0,,False,
NVOH,Financial,Exchange Traded Fund,unknown,mid,high,0.0,0,0.0,0,0,,False,
NVOX,Financial,Exchange Traded Fund,unknown,high,high,0.0,0,0.0,0,0,,False,
NVPS,Financial,Exchange Traded Fund,unknown,mid,unknown,0.0,0,0.0,0,0,,False,
NVR,Consumer Cyclical,Residential Construction,large,mid,mid,0.0,0,0.0,0,0,,False,
NVRI,Industrials,Waste Management,small,high,high,0.0,0,0.0,0,0,,False,
NVS,Healthcare,Drug Manufacturers - General,mega,low,low,0.0,0,0.0,0,0,,False,
NVST,Healthcare,Medical Instruments & Supplies,mid,mid,mid,0.0,0,0.0,0,0,,False,
NVT,Industrials,Electrical Equipment & Parts,large,high,high,0.0,0,0.0,0,0,,False,
NVTC,Financial,Exchange Traded Fund,unknown,high,unknown,0.0,0,0.0,0,0,,False,
NVTS,Technology,Semiconductors,mid,high,high,0.0,0,0.0,0,0,,False,
NVTX,Financial,Exchange Traded Fund,unknown,high,unknown,0.0,0,0.0,0,0,,False,
NVX,Industrials,Electrical Equipment & Parts,micro,high,high,0.0,0,0.0,0,0,,False,
NVYY,Financial,Exchange Traded Fund,unknown,low,mid,0.0,0,0.0,0,0,,False,
NWAX,Financial,Shell Companies,small,low,unknown,0.0,0,0.0,0,0,,False,
NWBI,Financial,Banks - Regional,mid,low,low,0.0,0,0.0,0,0,,False,
NWE,Utilities,Utilities - Regulated Electric,mid,mid,low,0.0,0,0.0,0,0,,False,
NWFL,Financial,Banks - Regional,small,mid,low,0.0,0,0.0,0,0,,False,
NWG,Financial,Banks - Regional,large,mid,mid,0.0,0,0.0,0,0,,False,
NWGL,Basic Materials,Lumber & Wood Production,micro,high,high,0.0,1,0.0,0,0,,False,
NWL,Consumer Defensive,Household & Personal Products,mid,high,mid,0.0,0,0.0,0,0,,False,
NWN,Utilities,Utilities - Regulated Gas,mid,mid,low,0.0,0,0.0,0,0,,False,
NWPX,Basic Materials,Steel,small,high,mid,0.0,0,0.0,0,0,,False,
NWS,Communication Services,Entertainment,large,mid,mid,0.0,0,0.0,0,0,,False,
NWSA,Communication Services,Entertainment,large,mid,mid,0.0,0,0.0,0,0,,False,
NWTG,Consumer Cyclical,Leisure,micro,high,high,0.0,0,0.0,0,0,,False,
NX,Industrials,Building Products & Equipment,small,mid,mid,0.0,0,0.0,0,0,,False,
NXB,Consumer Cyclical,Auto & Truck Dealerships,micro,high,unknown,0.0,0,0.0,0,0,,False,
NXDR,Communication Services,Internet Content & Information,small,high,high,0.0,0,0.0,0,0,,False,
NXDT,Real Estate,REIT - Diversified,micro,high,mid,0.0,0,0.0,0,0,,False,
NXE,Energy,Uranium,mid,mid,high,0.0,0,0.0,0,0,,False,
NXG,Financial,Closed-End Fund - Equity,small,mid,mid,0.0,0,0.0,0,0,,False,
NXGL,Healthcare,Medical Instruments & Supplies,micro,high,low,0.0,0,0.0,0,0,,False,
NXL,Healthcare,Medical Devices,micro,high,high,0.0,0,0.0,0,0,,False,
NXP,Financial,Closed-End Fund - Debt,small,low,low,0.0,0,0.0,0,0,,False,
NXPG,Financial,Exchange Traded Fund,unknown,high,unknown,0.0,0,0.0,0,0,,False,
NXPI,Technology,Semiconductors,large,high,high,0.0,0,0.0,0,0,,False,
NXPL,Technology,Software - Application,micro,high,high,0.0,0,0.0,0,0,,False,
NXPX,Financial,Exchange Traded Fund,unknown,high,unknown,0.0,0,0.0,0,0,,False,
NXRT,Real Estate,REIT - Residential,small,mid,mid,0.0,0,0.0,0,0,,False,
NXST,Communication Services,Broadcasting,mid,mid,mid,0.0,0,0.0,0,0,,False,
NXT,Technology,Solar,large,high,high,0.0,0,0.0,0,0,,False,
NXTC,Healthcare,Biotechnology,micro,high,high,0.0,0,0.0,0,0,,False,
NXTE,Financial,Exchange Traded Fund,unknown,mid,high,0.0,0,0.0,0,0,,False,
NXTG,Financial,Exchange Traded Fund,unknown,low,mid,0.0,0,0.0,0,0,,False,
NXTI,Financial,Exchange Traded Fund,unknown,low,mid,0.0,0,0.0,0,0,,False,
NXTS,Basic Materials,Agricultural Inputs,micro,high,high,0.0,0,0.0,0,0,,False,
NXTT,Technology,Software - Application,micro,high,high,0.0,1,0.0,0,0,,False,
NXUS,Financial,Exchange Traded Fund,unknown,low,unknown,0.0,0,0.0,0,0,,False,
NXXT,Utilities,Utilities - Renewable,micro,high,low,0.0,0,0.0,0,0,,False,
NYAX,Technology,Software - Infrastructure,small,high,low,0.0,0,0.0,0,0,,False,
NYC,Real Estate,Real Estate Services,micro,high,low,0.0,0,0.0,0,0,,False,
NYF,Financial,Exchange Traded Fund,unknown,low,low,0.0,0,0.0,0,0,,False,
NYM,Financial,Exchange Traded Fund,unknown,low,unknown,0.0,0,0.0,0,0,,False,
NYNY,Financial,Exchange Traded Fund,unknown,low,unknown,0.0,0,0.0,0,0,,False,
NYSX,Financial,Exchange Traded Fund,unknown,low,unknown,0.0,0,0.0,0,0,,False,
NYT,Communication Services,Publishing,large,mid,mid,0.0,0,0.0,0,0,,False,
NYXH,Healthcare,Medical Instruments & Supplies,micro,high,high,0.0,0,0.0,0,0,,False,
NYYY,Financial,Exchange Traded Fund,unknown,mid,unknown,0.0,0,0.0,0,0,,False,
NZAC,Financial,Exchange Traded Fund,unknown,low,mid,0.0,0,0.0,0,0,,False,
NZF,Financial,Closed-End Fund - Debt,mid,low,low,0.0,0,0.0,0,0,,False,
O,Real Estate,REIT - Retail,large,low,low,0.0,0,0.0,0,0,,False,
OABI,Healthcare,Biotechnology,small,high,low,0.0,0,0.0,0,0,,False,
OACC,Financial,Shell Companies,micro,low,low,0.0,0,0.0,0,0,,False,
OACP,Financial,Exchange Traded Fund,unknown,low,low,0.0,0,0.0,0,0,,False,
OAEM,Financial,Exchange Traded Fund,unknown,mid,mid,0.0,0,0.0,0,0,,False,
OAIM,Financial,Exchange Traded Fund,unknown,low,low,0.0,0,0.0,0,0,,False,
OAKG,Financial,Exchange Traded Fund,unknown,low,unknown,0.0,0,0.0,0,0,,False,
OAKI,Financial,Exchange Traded Fund,unknown,low,unknown,0.0,0,0.0,0,0,,False,
OAKM,Financial,Exchange Traded Fund,unknown,low,low,0.0,0,0.0,0,0,,False,
OALC,Financial,Exchange Traded Fund,unknown,low,mid,0.0,0,0.0,0,0,,False,
OARK,Financial,Exchange Traded Fund,unknown,mid,high,0.0,0,0.0,0,0,,False,
OASC,Financial,Exchange Traded Fund,unknown,low,mid,0.0,0,0.0,0,0,,False,
OBA,Financial,Shell Companies,small,low,low,0.0,0,0.0,0,0,,False,
OBAI,Technology,Software - Infrastructure,micro,high,unknown,0.0,0,0.0,0,0,,False,
OBDC,Financial,Asset Management,mid,mid,low,0.0,0,0.0,0,0,,False,
OBE,Energy,Oil & Gas E&P,small,high,low,0.0,0,0.0,0,0,,False,
OBIL,Financial,Exchange Traded Fund,unknown,low,low,0.0,0,0.0,0,0,,False,
OBIO,Healthcare,Biotechnology,micro,mid,low,0.0,0,0.0,0,0,,False,
OBK,Financial,Banks - Regional,small,low,low,0.0,0,0.0,0,0,,False,
OBND,Financial,Exchange Traded Fund,unknown,low,low,0.0,0,0.0,0,0,,False,
OBOR,Financial,Exchange Traded Fund,unknown,low,low,0.0,0,0.0,0,0,,False,
OBT,Financial,Banks - Regional,small,mid,low,0.0,0,0.0,0,0,,False,
OBTC,Financial,Exchange Traded Fund,unknown,mid,high,0.0,0,0.0,0,0,,False,
OBX,Healthcare,Biotechnology,small,high,high,0.0,0,0.0,0,0,,False,
OC,Industrials,Building Products & Equipment,large,mid,high,0.0,0,0.0,0,0,,False,
OCAC,Financial,Shell Companies,micro,low,unknown,0.0,0,0.0,0,0,,False,
OCC,Technology,Communication Equipment,micro,high,low,0.0,0,0.0,0,0,,False,
OCCI,Financial,Closed-End Fund - Debt,micro,mid,mid,0.0,0,0.0,0,0,,False,
OCDB,Financial,Exchange Traded Fund,unknown,low,unknown,0.0,0,0.0,0,0,,False,
OCFC,Financial,Banks - Regional,small,mid,mid,0.0,0,0.0,0,0,,False,
OCG,Consumer Cyclical,Internet Retail,micro,high,low,0.0,0,0.0,0,0,,False,
OCGN,Healthcare,Biotechnology,small,high,high,0.0,0,0.0,0,0,,False,
OCIO,Financial,Exchange Traded Fund,unknown,low,low,0.0,0,0.0,0,0,,False,
OCLTU,Financial,Shell Companies,micro,low,unknown,0.0,0,0.0,0,0,,False,
OCNL,Financial,Exchange Traded Fund,unknown,high,unknown,0.0,0,0.0,0,0,,False,
OCS,Healthcare,Biotechnology,small,high,low,0.0,0,0.0,0,0,,False,
OCSL,Financial,Asset Management,small,mid,low,0.0,0,0.0,0,0,,False,
OCTB,Financial,Exchange Traded Fund,unknown,low,unknown,0.0,0,0.0,0,0,,False,
OCTH,Financial,Exchange Traded Fund,unknown,low,low,0.0,0,0.0,0,0,,False,
OCTJ,Financial,Exchange Traded Fund,unknown,low,low,0.0,0,0.0,0,0,,False,
OCTM,Financial,Exchange Traded Fund,unknown,low,low,0.0,0,0.0,0,0,,False,
OCTP,Financial,Exchange Traded Fund,unknown,low,low,0.0,0,0.0,0,0,,False,
OCTT,Financial,Exchange Traded Fund,unknown,low,low,0.0,0,0.0,0,0,,False,
OCTU,Financial,Exchange Traded Fund,unknown,low,low,0.0,0,0.0,0,0,,False,
OCTV,Technology,Software - Application,mid,mid,unknown,0.0,0,0.0,0,0,,False,
OCTW,Financial,Exchange Traded Fund,unknown,low,low,0.0,0,0.0,0,0,,False,
OCTZ,Financial,Exchange Traded Fund,unknown,low,low,0.0,0,0.0,0,0,,False,
OCUL,Healthcare,Biotechnology,mid,mid,mid,0.0,0,0.0,0,0,,False,
ODC,Basic Materials,Specialty Chemicals,small,mid,low,0.0,0,0.0,0,0,,False,
ODD,Consumer Defensive,Household & Personal Products,small,high,high,0.0,0,0.0,0,0,,False,
ODDS,Financial,Exchange Traded Fund,unknown,low,mid,0.0,0,0.0,0,0,,False,
ODDZ,Financial,Exchange Traded Fund,unknown,low,unknown,0.0,0,0.0,0,0,,False,
ODFL,Industrials,Trucking,large,mid,mid,0.0,0,0.0,0,0,,False,
ODHY,Financial,Exchange Traded Fund,unknown,low,low,0.0,0,0.0,0,0,,False,
ODTE,Financial,Exchange Traded Fund,unknown,low,unknown,0.0,0,0.0,0,0,,False,
ODTX,Healthcare,Biotechnology,small,high,unknown,0.0,0,0.0,0,0,,False,
ODYS,Technology,Scientific & Technical Instruments,micro,high,low,0.0,0,0.0,0,0,,False,
OEC,Basic Materials,Specialty Chemicals,small,high,mid,0.0,0,0.0,0,0,,False,
OEF,Financial,Exchange Traded Fund,unknown,low,mid,0.0,0,0.0,0,0,,False,
OEFA,Financial,Exchange Traded Fund,unknown,low,mid,0.0,0,0.0,0,0,,False,
OEI,Financial,Exchange Traded Fund,unknown,low,unknown,0.0,0,0.0,0,0,,False,
OESX,Industrials,Electrical Equipment & Parts,micro,high,mid,0.0,0,0.0,0,0,,False,
OFAL,Industrials,Engineering & Construction,unknown,high,mid,0.0,0,0.0,0,0,,False,
OFG,Financial,Banks - Regional,mid,low,low,0.0,0,0.0,0,0,,False,
OFIX,Healthcare,Medical Devices,small,high,low,0.0,0,0.0,0,0,,False,
OFLX,Industrials,Specialty Industrial Machinery,small,mid,low,0.0,0,0.0,0,0,,False,
OFRM,Consumer Defensive,Packaged Foods,small,high,unknown,0.0,0,0.0,0,0,,False,
OFS,Financial,Asset Management,micro,high,mid,0.0,0,0.0,0,0,,False,
OGC,Basic Materials,Gold,mid,mid,low,0.0,0,0.0,0,0,,False,
OGE,Utilities,Utilities - Regulated Electric,mid,low,low,0.0,0,0.0,0,0,,False,
OGEN,Healthcare,Biotechnology,micro,high,mid,0.0,0,0.0,0,0,,False,
OGG,Basic Materials,Gold,small,high,low,0.0,0,0.0,0,0,,False,
OGI,Healthcare,Drug Manufacturers - Specialty & Generic,micro,high,high,0.0,0,0.0,0,0,,False,
OGIG,Financial,Exchange Traded Fund,unknown,mid,mid,0.0,0,0.0,0,0,,False,
OGN,Healthcare,Drug Manufacturers - General,mid,low,high,0.0,0,0.0,0,0,,False,
OGS,Utilities,Utilities - Regulated Gas,mid,mid,low,0.0,0,0.0,0,0,,False,
OGSP,Financial,Exchange Traded Fund,unknown,low,low,0.0,0,0.0,0,0,,False,
OHAC,Financial,Shell Companies,micro,low,unknown,0.0,0,0.0,0,0,,False,
OHI,Real Estate,REIT - Healthcare Facilities,large,mid,low,0.0,0,0.0,0,0,,False,
OI,Consumer Cyclical,Packaging & Containers,small,high,low,0.0,0,0.0,0,0,,False,
OIA,Financial,Closed-End Fund - Debt,micro,low,mid,0.0,0,0.0,0,0,,False,
OIH,Financial,Exchange Traded Fund,unknown,mid,mid,0.0,0,0.0,0,0,,False,
OII,Energy,Oil & Gas Equipment & Services,mid,mid,mid,0.0,0,0.0,0,0,,False,
OILD,Financial,Exchange Traded Fund,unknown,high,low,0.0,0,0.0,0,0,,False,
OILK,Financial,Exchange Traded Fund,unknown,mid,low,0.0,0,0.0,0,0,,False,
OILT,Financial,Exchange Traded Fund,unknown,mid,low,0.0,0,0.0,0,0,,False,
OILU,Financial,Exchange Traded Fund,unknown,high,mid,0.0,0,0.0,0,0,,False,
OIM,Financial,Shell Companies,small,low,unknown,0.0,0,0.0,0,0,,False,
OIO,Industrials,Waste Management,small,high,low,0.0,0,0.0,0,0,,False,
OIS,Energy,Oil & Gas Equipment & Services,small,mid,mid,0.0,0,0.0,0,0,,False,
OKE,Energy,Oil & Gas Midstream,large,mid,low,0.0,0,0.0,0,0,,False,
OKLC,Financial,Exchange Traded Fund,unknown,high,unknown,0.0,0,0.0,0,0,,False,
OKLL,Financial,Exchange Traded Fund,unknown,high,high,0.0,0,0.0,0,0,,False,
OKLO,Utilities,Utilities - Independent Power Producers,mid,high,mid,0.0,0,0.0,0,0,,False,
OKLS,Financial,Exchange Traded Fund,unknown,high,unknown,0.0,0,0.0,0,0,,False,
OKTA,Technology,Software - Infrastructure,large,mid,low,0.0,0,0.0,0,0,,False,
OKTG,Financial,Exchange Traded Fund,unknown,high,unknown,0.0,0,0.0,0,0,,False,
OKUR,Healthcare,Biotechnology,micro,high,low,0.0,0,0.0,0,0,,False,
OKYO,Healthcare,Biotechnology,micro,high,low,0.0,0,0.0,0,0,,False,
OLB,Technology,Software - Infrastructure,micro,high,high,0.0,0,0.0,0,0,,False,
OLED,Technology,Electronic Components,mid,mid,high,0.0,0,0.0,0,0,,False,
OLLI,Consumer Defensive,Discount Stores,mid,mid,low,0.0,0,0.0,0,0,,False,
OLMA,Healthcare,Biotechnology,small,high,high,0.0,0,0.0,0,0,,False,
OLN,Basic Materials,Chemicals,mid,high,mid,0.0,0,0.0,0,0,,False,
OLOX,Industrials,Metal Fabrication,micro,high,high,0.0,0,0.0,0,0,,False,
OLP,Real Estate,REIT - Diversified,small,mid,mid,0.0,0,0.0,0,0,,False,
OM,Healthcare,Medical Devices,micro,high,high,0.0,0,0.0,0,0,,False,
OMAB,Industrials,Airports & Air Services,mid,mid,low,0.0,0,0.0,0,0,,False,
OMAH,Financial,Exchange Traded Fund,unknown,low,low,0.0,0,0.0,0,0,,False,
OMC,Communication Services,Advertising Agencies,large,mid,low,0.0,0,0.0,0,0,,False,
OMCL,Healthcare,Health Information Services,small,high,mid,0.0,0,0.0,0,0,,False,
OMDA,Healthcare,Health Information Services,small,high,high,0.0,0,0.0,0,0,,False,
OMER,Healthcare,Biotechnology,small,high,high,0.0,0,0.0,0,0,,False,
OMEX,Basic Materials,Other Industrial Metals & Mining,micro,high,low,0.0,0,0.0,0,0,,False,
OMF,Financial,Credit Services,mid,mid,mid,0.0,0,0.0,0,0,,False,
OMFL,Financial,Exchange Traded Fund,unknown,low,mid,0.0,0,0.0,0,0,,False,
OMFS,Financial,Exchange Traded Fund,unknown,low,mid,0.0,0,0.0,0,0,,False,
OMH,Real Estate,Real Estate Services,micro,high,low,0.0,0,0.0,0,0,,False,
OMSE,Energy,Oil & Gas Equipment & Services,micro,mid,low,0.0,0,0.0,0,0,,False,
ON,Technology,Semiconductors,large,high,high,0.0,0,0.0,0,0,,False,
ONB,Financial,Banks - Regional,large,low,mid,0.0,0,0.0,0,0,,False,
ONC,Healthcare,Biotechnology,large,mid,low,0.0,0,0.0,0,0,,False,
ONCH,Financial,Shell Companies,micro,low,unknown,0.0,0,0.0,0,0,,False,
ONCO,Healthcare,Biotechnology,micro,high,high,0.0,0,0.0,0,0,,False,
ONCY,Healthcare,Biotechnology,micro,high,mid,0.0,0,0.0,0,0,,False,
OND,Financial,Exchange Traded Fund,unknown,low,mid,0.0,0,0.0,0,0,,False,
ONDC,Financial,Exchange Traded Fund,unknown,high,unknown,0.0,0,0.0,0,0,,False,
ONDG,Financial,Exchange Traded Fund,unknown,high,unknown,0.0,0,0.0,0,0,,False,
ONDL,Financial,Exchange Traded Fund,unknown,high,unknown,0.0,0,0.0,0,0,,False,
ONDS,Technology,Communication Equipment,mid,high,high,0.0,0,0.0,0,0,,False,
ONDU,Financial,Exchange Traded Fund,unknown,high,unknown,0.0,0,0.0,0,0,,False,
ONEG,Industrials,Engineering & Construction,micro,high,high,0.0,0,0.0,0,0,,False,
ONEH,Financial,Exchange Traded Fund,unknown,low,unknown,0.0,0,0.0,0,0,,False,
ONEO,Financial,Exchange Traded Fund,unknown,low,mid,0.0,0,0.0,0,0,,False,
ONEQ,Financial,Exchange Traded Fund,unknown,low,mid,0.0,0,0.0,0,0,,False,
ONEV,Financial,Exchange Traded Fund,unknown,low,mid,0.0,0,0.0,0,0,,False,
ONEW,Consumer Cyclical,Specialty Retail,micro,high,high,0.0,0,0.0,0,0,,False,
ONEY,Financial,Exchange Traded Fund,unknown,low,mid,0.0,0,0.0,0,0,,False,
ONEZ,Financial,Exchange Traded Fund,unknown,low,low,0.0,0,0.0,0,0,,False,
ONFO,Communication Services,Internet Content & Information,micro,high,high,0.0,0,0.0,0,0,,False,
ONG,Financial,Exchange Traded Fund,unknown,high,unknown,0.0,0,0.0,0,0,,False,
ONIT,Financial,Mortgage Finance,small,high,high,0.0,0,0.0,0,0,,False,
ONL,Real Estate,REIT - Office,micro,mid,high,0.0,0,0.0,0,0,,False,
ONLN,Financial,Exchange Traded Fund,unknown,low,high,0.0,0,0.0,0,0,,False,
ONMD,Healthcare,Health Information Services,micro,high,mid,0.0,0,0.0,0,0,,False,
ONOF,Financial,Exchange Traded Fund,unknown,low,low,0.0,0,0.0,0,0,,False,
ONON,Consumer Cyclical,Footwear & Accessories,large,high,high,0.0,0,0.0,0,0,,False,
ONT,Industrials,Waste Management,small,high,high,0.0,0,0.0,0,0,,False,
ONTO,Technology,Semiconductor Equipment & Materials,large,high,high,0.0,0,0.0,0,0,,False,
ONTX,Financial,Exchange Traded Fund,unknown,high,unknown,0.0,0,0.0,0,0,,False,
ONX,Financial,Exchange Traded Fund,unknown,high,unknown,0.0,0,0.0,0,0,,False,
OOMA,Technology,Software - Application,small,mid,mid,0.0,0,0.0,0,0,,False,
OOSP,Financial,Exchange Traded Fund,unknown,low,low,0.0,0,0.0,0,0,,False,
OPAD,Real Estate,Real Estate Services,micro,high,high,0.0,0,0.0,0,0,,False,
OPAL,Utilities,Utilities - Regulated Gas,small,high,low,0.0,0,0.0,0,0,,False,
OPBK,Financial,Banks - Regional,micro,mid,low,0.0,0,0.0,0,0,,False,
OPCH,Healthcare,Medical Care Facilities,mid,mid,low,0.0,0,0.0,0,0,,False,
OPEG,Financial,Exchange Traded Fund,unknown,high,unknown,0.0,0,0.0,0,0,,False,
OPEN,Real Estate,Real Estate Services,mid,high,high,0.0,0,0.0,0,0,,False,
OPER,Financial,Exchange Traded Fund,unknown,low,low,0.0,0,0.0,0,0,,False,
OPEX,Financial,Exchange Traded Fund,unknown,high,unknown,0.0,0,0.0,0,0,,False,
OPFI,Financial,Credit Services,small,high,high,0.0,0,0.0,0,0,,False,
OPHC,Financial,Banks - Regional,micro,high,low,0.0,0,0.0,0,0,,False,
OPI,Real Estate,REIT - Office,unknown,high,unknown,0.0,0,0.0,0,0,,False,
OPK,Healthcare,Diagnostics & Research,small,high,high,0.0,0,0.0,0,0,,False,
OPLN,Consumer Cyclical,Auto & Truck Dealerships,mid,mid,mid,0.0,0,0.0,0,0,,False,
OPP,Financial,Closed-End Fund - Debt,micro,low,low,0.0,0,0.0,0,0,,False,
OPPE,Financial,Exchange Traded Fund,unknown,low,low,0.0,0,0.0,0,0,,False,
OPPG,Financial,Exchange Traded Fund,unknown,low,mid,0.0,0,0.0,0,0,,False,
OPPJ,Financial,Exchange Traded Fund,unknown,low,low,0.0,0,0.0,0,0,,False,
OPRA,Communication Services,Internet Content & Information,small,mid,high,0.0,0,0.0,0,0,,False,
OPRT,Financial,Credit Services,small,high,mid,0.0,0,0.0,0,0,,False,
OPRX,Healthcare,Health Information Services,micro,mid,mid,0.0,0,0.0,0,0,,False,
OPTH,Healthcare,Drug Manufacturers - Specialty & Generic,micro,high,mid,0.0,0,0.0,0,0,,False,
OPTT,Industrials,Specialty Industrial Machinery,micro,high,high,0.0,0,0.0,0,0,,False,
OPTU,Communication Services,Telecom Services,small,high,mid,0.0,0,0.0,0,0,,False,
OPTX,Technology,Electronic Components,small,high,low,0.0,0,0.0,0,0,,False,
OPTZ,Financial,Exchange Traded Fund,unknown,low,high,0.0,0,0.0,0,0,,False,
OPXS,Industrials,Aerospace & Defense,micro,high,low,0.0,0,0.0,0,0,,False,
OPY,Financial,Capital Markets,small,mid,mid,0.0,0,0.0,0,0,,False,
OR,Basic Materials,Gold,mid,mid,low,0.0,0,0.0,0,0,,False,
ORA,Utilities,Utilities - Renewable,mid,mid,mid,0.0,0,0.0,0,0,,False,
ORAC,Financial,Exchange Traded Fund,unknown,high,unknown,0.0,0,0.0,0,0,,False,
ORBS,Consumer Cyclical,Packaging & Containers,small,high,high,0.0,0,0.0,0,0,,False,
ORBX,Financial,Exchange Traded Fund,unknown,mid,unknown,0.0,0,0.0,0,0,,False,
ORC,Real Estate,REIT - Mortgage,small,mid,high,0.0,0,0.0,0,0,,False,
ORCL,Technology,Software - Infrastructure,mega,mid,high,0.0,0,0.0,0,0,,False,
ORCS,Financial,Exchange Traded Fund,unknown,high,unknown,0.0,0,0.0,0,0,,False,
ORCU,Financial,Exchange Traded Fund,unknown,high,unknown,0.0,0,0.0,0,0,,False,
ORCX,Financial,Exchange Traded Fund,unknown,high,high,0.0,0,0.0,0,0,,False,
ORCZ,Financial,Exchange Traded Fund,unknown,high,unknown,0.0,0,0.0,0,0,,False,
ORGO,Healthcare,Drug Manufacturers - Specialty & Generic,micro,high,mid,0.0,0,0.0,0,0,,False,
ORI,Financial,Insurance - Property & Casualty,large,mid,low,0.0,0,0.0,0,0,,False,
ORIC,Healthcare,Biotechnology,small,high,mid,0.0,0,0.0,0,0,,False,
ORIO,Technology,Software - Infrastructure,micro,high,high,0.0,0,0.0,0,0,,False,
ORIQ,Financial,Shell Companies,micro,low,unknown,0.0,0,0.0,0,0,,False,
ORKA,Healthcare,Biotechnology,mid,high,low,0.0,0,0.0,0,0,,False,
ORKT,Technology,Software - Application,micro,high,high,0.0,0,0.0,0,0,,False,
ORLA,Basic Materials,Gold,mid,high,low,0.0,0,0.0,0,0,,False,
ORLY,Consumer Cyclical,Auto Parts,large,mid,low,0.0,0,0.0,0,0,,False,
ORMP,Healthcare,Biotechnology,micro,mid,mid,0.0,0,0.0,0,0,,False,
ORN,Industrials,Engineering & Construction,small,high,high,0.0,0,0.0,0,0,,False,
ORO,Financial,Exchange Traded Fund,unknown,low,unknown,0.0,0,0.0,0,0,,False,
ORR,Financial,Exchange Traded Fund,unknown,low,low,0.0,0,0.0,0,0,,False,
ORRF,Financial,Banks - Regional,small,mid,low,0.0,0,0.0,0,0,,False,
OSBC,Financial,Banks - Regional,small,low,low,0.0,0,0.0,0,0,,False,
OSCR,Healthcare,Healthcare Plans,mid,high,high,0.0,0,0.0,0,0,,False,
OSCV,Financial,Exchange Traded Fund,unknown,low,mid,0.0,0,0.0,0,0,,False,
OSCX,Financial,Exchange Traded Fund,unknown,high,unknown,0.0,0,0.0,0,0,,False,
OSEA,Financial,Exchange Traded Fund,unknown,low,mid,0.0,0,0.0,0,0,,False,
OSG,Financial,Insurance - Specialty,micro,high,mid,0.0,0,0.0,0,0,,False,
OSIS,Technology,Electronic Components,mid,mid,mid,0.0,0,0.0,0,0,,False,
OSK,Industrials,Farm & Heavy Construction Machinery,mid,mid,mid,0.0,0,0.0,0,0,,False,
OSPN,Technology,Software - Infrastructure,small,mid,high,0.0,0,0.0,0,0,,False,
OSPRU,Financial,Shell Companies,small,low,unknown,0.0,0,0.0,0,0,,False,
OSRH,Healthcare,Biotechnology,micro,high,low,0.0,0,0.0,0,0,,False,
OSS,Technology,Computer Hardware,small,high,high,0.0,0,0.0,0,0,,False,
OSSL,Financial,Exchange Traded Fund,unknown,high,unknown,0.0,0,0.0,0,0,,False,
OSTX,Healthcare,Biotechnology,micro,high,low,0.0,0,0.0,0,0,,False,
OSUR,Healthcare,Medical Instruments & Supplies,micro,mid,mid,0.0,0,0.0,0,0,,False,
OSW,Consumer Cyclical,Leisure,mid,mid,mid,0.0,0,0.0,0,0,,False,
OTAI,Financial,Shell Companies,micro,low,unknown,0.0,0,0.0,0,0,,False,
OTEX,Technology,Software - Application,mid,mid,mid,0.0,0,0.0,0,0,,False,
OTF,Financial,Asset Management,mid,mid,low,0.0,0,0.0,0,0,,False,
OTGA,Financial,Shell Companies,small,low,unknown,0.0,0,0.0,0,0,,False,
OTGL,Financial,Exchange Traded Fund,unknown,low,low,0.0,0,0.0,0,0,,False,
OTIS,Industrials,Specialty Industrial Machinery,large,mid,mid,0.0,0,0.0,0,0,,False,
OTLK,Healthcare,Biotechnology,micro,high,mid,0.0,0,0.0,0,0,,False,
OTLY,Consumer Defensive,Packaged Foods,small,high,high,0.0,0,0.0,0,0,,False,
OTTR,Industrials,Conglomerates,mid,mid,low,0.0,0,0.0,0,0,,False,
OUNZ,Financial,Exchange Traded Fund,unknown,low,low,0.0,0,0.0,0,0,,False,
OUSA,Financial,Exchange Traded Fund,unknown,low,low,0.0,0,0.0,0,0,,False,
OUSL,Financial,Exchange Traded Fund,unknown,high,unknown,0.0,0,0.0,0,0,,False,
OUSM,Financial,Exchange Traded Fund,unknown,low,mid,0.0,0,0.0,0,0,,False,
OUST,Technology,Electronic Components,mid,high,high,0.0,0,0.0,0,0,,False,
OUT,Real Estate,REIT - Specialty,mid,mid,high,0.0,0,0.0,0,0,,False,
OVB,Financial,Exchange Traded Fund,unknown,low,low,0.0,0,0.0,0,0,,False,
OVBC,Financial,Banks - Regional,micro,mid,low,0.0,0,0.0,0,0,,False,
OVF,Financial,Exchange Traded Fund,unknown,low,low,0.0,0,0.0,0,0,,False,
OVID,Healthcare,Biotechnology,small,high,low,0.0,0,0.0,0,0,,False,
OVL,Financial,Exchange Traded Fund,unknown,low,mid,0.0,0,0.0,0,0,,False,
OVLH,Financial,Exchange Traded Fund,unknown,low,low,0.0,0,0.0,0,0,,False,
OVLY,Financial,Banks - Regional,micro,mid,low,0.0,0,0.0,0,0,,False,
OVM,Financial,Exchange Traded Fund,unknown,low,low,0.0,0,0.0,0,0,,False,
OVS,Financial,Exchange Traded Fund,unknown,low,mid,0.0,0,0.0,0,0,,False,
OVT,Financial,Exchange Traded Fund,unknown,low,low,0.0,0,0.0,0,0,,False,
OVV,Energy,Oil & Gas E&P,large,mid,low,0.0,0,0.0,0,0,,False,
OWL,Financial,Asset Management,large,mid,mid,0.0,0,0.0,0,0,,False,
OWLS,Technology,Software - Infrastructure,small,mid,unknown,0.0,0,0.0,0,0,,False,
OWLT,Healthcare,Medical Devices,micro,high,high,0.0,0,0.0,0,0,,False,
OWN,Financial,Exchange Traded Fund,unknown,low,unknown,0.0,0,0.0,0,0,,False,
OWNB,Financial,Exchange Traded Fund,unknown,mid,high,0.0,0,0.0,0,0,,False,
OWNS,Financial,Exchange Traded Fund,unknown,low,low,0.0,0,0.0,0,0,,False,
OXBR,Financial,Insurance - Reinsurance,micro,high,high,0.0,0,0.0,0,0,,False,
OXLC,Financial,Closed-End Fund - Debt,small,mid,low,0.0,0,0.0,0,0,,False,
OXM,Consumer Cyclical,Apparel Manufacturing,small,high,mid,0.0,0,0.0,0,0,,False,
OXSQ,Financial,Asset Management,micro,mid,low,0.0,0,0.0,0,0,,False,
OXY,Energy,Oil & Gas E&P,large,mid,low,0.0,0,0.0,0,0,,False,
OYSE,Financial,Shell Companies,small,low,low,0.0,0,0.0,0,0,,False,
OZ,Real Estate,Real Estate - Development,micro,mid,low,0.0,0,0.0,0,0,,False,
OZEM,Financial,Exchange Traded Fund,unknown,low,low,0.0,0,0.0,0,0,,False,
OZK,Financial,Banks - Regional,mid,low,mid,0.0,0,0.0,0,0,,False,
P,Technology,Computer Hardware,large,high,high,0.0,0,0.0,0,0,,False,
PAA,Energy,Oil & Gas Midstream,large,mid,low,0.0,0,0.0,0,0,,False,
PAAA,Financial,Exchange Traded Fund,unknown,low,low,0.0,0,0.0,0,0,,False,
PAAC,Financial,Shell Companies,micro,low,unknown,0.0,0,0.0,0,0,,False,
PAAS,Basic Materials,Gold,large,mid,low,0.0,0,0.0,0,0,,False,
PAB,Financial,Exchange Traded Fund,unknown,low,low,0.0,0,0.0,0,0,,False,
PABD,Financial,Exchange Traded Fund,unknown,low,low,0.0,0,0.0,0,0,,False,
PABU,Financial,Exchange Traded Fund,unknown,low,mid,0.0,0,0.0,0,0,,False,
PAC,Industrials,Airports & Air Services,large,mid,mid,0.0,0,0.0,0,0,,False,
PACB,Healthcare,Medical Devices,small,high,high,0.0,0,0.0,0,0,,False,
PACH,Financial,Shell Companies,micro,low,low,0.0,0,0.0,0,0,,False,
PACK,Consumer Cyclical,Packaging & Containers,small,high,high,0.0,0,0.0,0,0,,False,
PACS,Healthcare,Medical Care Facilities,mid,high,low,0.0,0,0.0,0,0,,False,
PAG,Consumer Cyclical,Auto & Truck Dealerships,large,mid,mid,0.0,0,0.0,0,0,,False,
PAGP,Energy,Oil & Gas Midstream,large,low,low,0.0,0,0.0,0,0,,False,
PAGS,Technology,Software - Infrastructure,mid,mid,mid,0.0,0,0.0,0,0,,False,
PAHC,Healthcare,Drug Manufacturers - Specialty & Generic,small,mid,low,0.0,0,0.0,0,0,,False,
PAI,Financial,Closed-End Fund - Debt,micro,low,low,0.0,0,0.0,0,0,,False,
PAII,Financial,Shell Companies,micro,low,unknown,0.0,0,0.0,0,0,,False,
PAL,Industrials,Integrated Freight & Logistics,micro,high,mid,0.0,0,0.0,0,0,,False,
PALC,Financial,Exchange Traded Fund,unknown,low,mid,0.0,0,0.0,0,0,,False,
PALD,Financial,Exchange Traded Fund,unknown,mid,low,0.0,0,0.0,0,0,,False,
PALI,Healthcare,Biotechnology,small,high,high,0.0,0,0.0,0,0,,False,
PALL,Financial,Exchange Traded Fund,unknown,mid,low,0.0,0,0.0,0,0,,False,
PALO,Financial,Shell Companies,micro,low,unknown,0.0,0,0.0,0,0,,False,
PALU,Financial,Exchange Traded Fund,unknown,high,high,0.0,0,0.0,0,0,,False,
PAM,Industrials,Conglomerates,mid,mid,mid,0.0,0,0.0,0,0,,False,
PAMC,Financial,Exchange Traded Fund,unknown,low,mid,0.0,0,0.0,0,0,,False,
PAMT,Industrials,Trucking,micro,high,mid,0.0,0,0.0,0,0,,False,
PANG,Financial,Exchange Traded Fund,unknown,high,high,0.0,0,0.0,0,0,,False,
PANL,Industrials,Marine Shipping,small,mid,low,0.0,0,0.0,0,0,,False,
PANW,Technology,Software - Infrastructure,mega,mid,mid,0.0,0,0.0,0,0,,False,
PAPI,Financial,Exchange Traded Fund,unknown,low,low,0.0,0,0.0,0,0,,False,
PAPL,Financial,Mortgage Finance,micro,high,high,0.0,0,0.0,0,0,,False,
PAPR,Financial,Exchange Traded Fund,unknown,low,low,0.0,0,0.0,0,0,,False,
PAR,Technology,Software - Application,small,high,high,0.0,0,0.0,0,0,,False,
PARA,Technology,Software - Application,micro,high,low,0.0,0,0.0,0,0,,False,
PARK,Healthcare,Medical Care Facilities,micro,high,unknown,0.0,0,0.0,0,0,,False,
PARR,Energy,Oil & Gas Refining & Marketing,mid,high,low,0.0,0,0.0,0,0,,False,
PASG,Healthcare,Biotechnology,micro,high,high,0.0,0,0.0,0,0,,False,
PASW,Consumer Cyclical,Textile Manufacturing,unknown,high,high,0.0,0,0.0,0,0,,False,
PATH,Technology,Software - Infrastructure,mid,high,mid,0.0,0,0.0,0,0,,False,
PATK,Consumer Cyclical,Recreational Vehicles,mid,mid,mid,0.0,0,0.0,0,0,,False,
PATN,Financial,Exchange Traded Fund,unknown,mid,mid,0.0,0,0.0,0,0,,False,
PATX,Financial,Exchange Traded Fund,unknown,high,unknown,0.0,0,0.0,0,0,,False,
PAUG,Financial,Exchange Traded Fund,unknown,low,low,0.0,0,0.0,0,0,,False,
PAVE,Financial,Exchange Traded Fund,unknown,low,mid,0.0,0,0.0,0,0,,False,
PAVM,Healthcare,Medical Devices,micro,high,low,0.0,0,0.0,0,0,,False,
PAVS,Consumer Defensive,Packaged Foods,micro,high,low,0.0,0,0.0,0,0,,False,
PAWZ,Financial,Exchange Traded Fund,unknown,low,mid,0.0,0,0.0,0,0,,False,
PAX,Financial,Asset Management,small,mid,low,0.0,0,0.0,0,0,,False,
PAXS,Financial,Closed-End Fund - Debt,small,low,low,0.0,0,0.0,0,0,,False,
PAY,Technology,Software - Infrastructure,mid,high,high,0.0,0,0.0,0,0,,False,
PAYC,Technology,Software - Application,mid,mid,low,0.0,0,0.0,0,0,,False,
PAYH,Financial,Exchange Traded Fund,unknown,low,unknown,0.0,0,0.0,0,0,,False,
PAYM,Financial,Exchange Traded Fund,unknown,low,unknown,0.0,0,0.0,0,0,,False,
PAYO,Technology,Software - Infrastructure,mid,low,mid,0.0,0,0.0,0,0,,False,
PAYP,Technology,Software - Infrastructure,mid,high,unknown,0.0,0,0.0,0,0,,False,
PAYR,Financial,Exchange Traded Fund,unknown,low,unknown,0.0,0,0.0,0,0,,False,
PAYS,Technology,Software - Infrastructure,small,mid,mid,0.0,0,0.0,0,0,,False,
PAYX,Technology,Software - Application,large,mid,mid,0.0,0,0.0,0,0,,False,
PB,Financial,Banks - Regional,mid,low,low,0.0,0,0.0,0,0,,False,
PBA,Energy,Oil & Gas Midstream,large,low,low,0.0,0,0.0,0,0,,False,
PBAM,Financial,Banks - Regional,small,low,low,0.0,0,0.0,0,0,,False,
PBAP,Financial,Exchange Traded Fund,unknown,low,low,0.0,0,0.0,0,0,,False,
PBAU,Financial,Exchange Traded Fund,unknown,low,low,0.0,0,0.0,0,0,,False,
PBD,Financial,Exchange Traded Fund,unknown,mid,high,0.0,0,0.0,0,0,,False,
PBDC,Financial,Exchange Traded Fund,unknown,low,low,0.0,0,0.0,0,0,,False,
PBDE,Financial,Exchange Traded Fund,unknown,low,low,0.0,0,0.0,0,0,,False,
PBE,Financial,Exchange Traded Fund,unknown,low,low,0.0,0,0.0,0,0,,False,
PBEU,Financial,Exchange Traded Fund,unknown,low,unknown,0.0,0,0.0,0,0,,False,
PBF,Energy,Oil & Gas Refining & Marketing,mid,high,low,0.0,0,0.0,0,0,,False,
PBFB,Financial,Exchange Traded Fund,unknown,low,low,0.0,0,0.0,0,0,,False,
PBFR,Financial,Exchange Traded Fund,unknown,low,low,0.0,0,0.0,0,0,,False,
PBFS,Financial,Banks - Regional,small,mid,low,0.0,0,0.0,0,0,,False,
PBH,Healthcare,Drug Manufacturers - Specialty & Generic,mid,mid,low,0.0,0,0.0,0,0,,False,
PBHC,Financial,Banks - Regional,micro,mid,low,0.0,0,0.0,0,0,,False,
PBI,Industrials,Integrated Freight & Logistics,mid,mid,high,0.0,0,0.0,0,0,,False,
PBJ,Financial,Exchange Traded Fund,unknown,low,low,0.0,0,0.0,0,0,,False,
PBJA,Financial,Exchange Traded Fund,unknown,low,low,0.0,0,0.0,0,0,,False,
PBJL,Financial,Exchange Traded Fund,unknown,low,low,0.0,0,0.0,0,0,,False,
PBJN,Financial,Exchange Traded Fund,unknown,low,low,0.0,0,0.0,0,0,,False,
PBK,Utilities,Utilities - Renewable,micro,high,high,0.0,0,0.0,0,0,,False,
PBL,Financial,Exchange Traded Fund,unknown,low,low,0.0,0,0.0,0,0,,False,
PBLS,Healthcare,Biotechnology,mid,high,unknown,0.0,0,0.0,0,0,,False,
PBM,Healthcare,Biotechnology,micro,high,high,0.0,0,0.0,0,0,,False,
PBMR,Financial,Exchange Traded Fund,unknown,low,low,0.0,0,0.0,0,0,,False,
PBMY,Financial,Exchange Traded Fund,unknown,low,low,0.0,0,0.0,0,0,,False,
PBNV,Financial,Exchange Traded Fund,unknown,low,low,0.0,0,0.0,0,0,,False,
PBOC,Financial,Exchange Traded Fund,unknown,low,low,0.0,0,0.0,0,0,,False,
PBOG,Financial,Exchange Traded Fund,unknown,low,unknown,0.0,0,0.0,0,0,,False,
PBOT,Financial,Exchange Traded Fund,unknown,low,unknown,0.0,0,0.0,0,0,,False,
PBP,Financial,Exchange Traded Fund,unknown,low,low,0.0,0,0.0,0,0,,False,
PBPH,Financial,Exchange Traded Fund,unknown,low,unknown,0.0,0,0.0,0,0,,False,
PBQQ,Financial,Exchange Traded Fund,unknown,low,low,0.0,0,0.0,0,0,,False,
PBR,Energy,Oil & Gas Integrated,large,mid,low,0.0,0,0.0,0,0,,False,
PBR-A,Energy,Oil & Gas Integrated,large,mid,low,0.0,0,0.0,0,0,,False,
PBRG,Financial,Exchange Traded Fund,unknown,mid,unknown,0.0,0,0.0,0,0,,False,
PBSC,Financial,Exchange Traded Fund,unknown,low,unknown,0.0,0,0.0,0,0,,False,
PBSE,Financial,Exchange Traded Fund,unknown,low,low,0.0,0,0.0,0,0,,False,
PBT,Energy,Oil & Gas Midstream,small,high,low,0.0,0,0.0,0,0,,False,
PBTP,Financial,Exchange Traded Fund,unknown,low,low,0.0,0,0.0,0,0,,False,
PBUS,Financial,Exchange Traded Fund,unknown,low,mid,0.0,0,0.0,0,0,,False,
PBW,Financial,Exchange Traded Fund,unknown,mid,high,0.0,0,0.0,0,0,,False,
PBYI,Healthcare,Biotechnology,small,mid,mid,0.0,0,0.0,0,0,,False,
PCAP,Financial,Shell Companies,small,low,low,0.0,0,0.0,0,0,,False,
PCAR,Industrials,Farm & Heavy Construction Machinery,large,mid,mid,0.0,0,0.0,0,0,,False,
PCB,Financial,Banks - Regional,small,mid,low,0.0,0,0.0,0,0,,False,
PCCE,Financial,Exchange Traded Fund,unknown,low,low,0.0,0,0.0,0,0,,False,
PCEB,Financial,Exchange Traded Fund,unknown,low,unknown,0.0,0,0.0,0,0,,False,
PCEF,Financial,Exchange Traded Fund,unknown,low,low,0.0,0,0.0,0,0,,False,
PCF,Financial,Closed-End Fund - Debt,micro,low,low,0.0,0,0.0,0,0,,False,
PCFI,Financial,Exchange Traded Fund,unknown,low,low,0.0,0,0.0,0,0,,False,
PCG,Utilities,Utilities - Regulated Electric,large,mid,low,0.0,0,0.0,0,0,,False,
PCGG,Financial,Exchange Traded Fund,unknown,low,mid,0.0,0,0.0,0,0,,False,
PCHI,Financial,Exchange Traded Fund,unknown,low,low,0.0,0,0.0,0,0,,False,
PCI,Financial,Exchange Traded Fund,unknown,low,low,0.0,0,0.0,0,0,,False,
PCIG,Financial,Exchange Traded Fund,unknown,low,mid,0.0,0,0.0,0,0,,False,
PCL,Financial,Exchange Traded Fund,unknown,low,low,0.0,0,0.0,0,0,,False,
PCLA,Communication Services,Telecom Services,micro,high,high,0.0,0,0.0,0,0,,False,
PCLC,Financial,Exchange Traded Fund,unknown,low,unknown,0.0,0,0.0,0,0,,False,
PCLG,Financial,Exchange Traded Fund,unknown,low,unknown,0.0,0,0.0,0,0,,False,
PCLN,Financial,Exchange Traded Fund,unknown,low,unknown,0.0,0,0.0,0,0,,False,
PCLO,Financial,Exchange Traded Fund,unknown,low,low,0.0,0,0.0,0,0,,False,
PCM,Financial,Closed-End Fund - Debt,micro,low,low,0.0,0,0.0,0,0,,False,
PCMM,Financial,Exchange Traded Fund,unknown,low,low,0.0,0,0.0,0,0,,False,
PCN,Financial,Closed-End Fund - Debt,small,low,low,0.0,0,0.0,0,0,,False,
PCOR,Technology,Software - Application,mid,mid,low,0.0,0,0.0,0,0,,False,
PCPI,Financial,Exchange Traded Fund,unknown,low,unknown,0.0,0,0.0,0,0,,False,
PCPP,Financial,Exchange Traded Fund,unknown,low,unknown,0.0,0,0.0,0,0,,False,
PCQ,Financial,Closed-End Fund - Debt,micro,low,low,0.0,0,0.0,0,0,,False,
PCR,Financial,Exchange Traded Fund,unknown,low,unknown,0.0,0,0.0,0,0,,False,
PCRX,Healthcare,Drug Manufacturers - Specialty & Generic,small,mid,low,0.0,0,0.0,0,0,,False,
PCS,Financial,Exchange Traded Fund,unknown,low,low,0.0,0,0.0,0,0,,False,
PCSA,Healthcare,Biotechnology,micro,high,mid,0.0,0,0.0,0,0,,False,
PCSG,Financial,Exchange Traded Fund,unknown,low,unknown,0.0,0,0.0,0,0,,False,
PCT,Industrials,Pollution & Treatment Controls,small,high,high,0.0,0,0.0,0,0,,False,
PCTY,Technology,Software - Application,mid,mid,low,0.0,0,0.0,0,0,,False,
PCVX,Healthcare,Biotechnology,mid,mid,mid,0.0,0,0.0,0,0,,False,
PCY,Financial,Exchange Traded Fund,unknown,low,low,0.0,0,0.0,0,0,,False,
PCYO,Utilities,Utilities - Regulated Water,micro,mid,mid,0.0,0,0.0,0,0,,False,
PD,Technology,Software - Application,small,high,mid,0.0,0,0.0,0,0,,False,
PDBA,Financial,Exchange Traded Fund,unknown,low,low,0.0,0,0.0,0,0,,False,
PDBC,Financial,Exchange Traded Fund,unknown,low,low,0.0,0,0.0,0,0,,False,
PDC,Technology,Software - Application,micro,high,high,0.0,0,0.0,0,0,,False,
PDCC,Financial,Asset Management,micro,mid,low,0.0,0,0.0,0,0,,False,
PDD,Consumer Cyclical,Internet Retail,large,mid,low,0.0,1,0.0,0,0,,False,
PDDL,Financial,Exchange Traded Fund,unknown,mid,low,0.0,0,0.0,0,0,,False,
PDEC,Financial,Exchange Traded Fund,unknown,low,low,0.0,0,0.0,0,0,,False,
PDEX,Healthcare,Medical Instruments & Supplies,micro,high,low,0.0,0,0.0,0,0,,False,
PDFS,Technology,Software - Application,mid,high,high,0.0,0,0.0,0,0,,False,
PDI,Financial,Closed-End Fund - Debt,mid,low,low,0.0,0,0.0,0,0,,False,
PDLB,Financial,Banks - Regional,small,mid,low,0.0,0,0.0,0,0,,False,
PDM,Real Estate,REIT - Office,small,mid,high,0.0,0,0.0,0,0,,False,
PDN,Financial,Exchange Traded Fund,unknown,low,mid,0.0,0,0.0,0,0,,False,
PDO,Financial,Closed-End Fund - Debt,small,low,low,0.0,0,0.0,0,0,,False,
PDP,Financial,Exchange Traded Fund,unknown,mid,mid,0.0,0,0.0,0,0,,False,
PDS,Energy,Oil & Gas Drilling,small,mid,mid,0.0,0,0.0,0,0,,False,
PDSB,Healthcare,Biotechnology,micro,high,high,0.0,0,0.0,0,0,,False,
PDT,Financial,Closed-End Fund - Debt,small,low,low,0.0,0,0.0,0,0,,False,
PDX,Financial,Asset Management,unknown,low,low,0.0,0,0.0,0,0,,False,
PDYN,Technology,Software - Infrastructure,small,high,high,0.0,0,0.0,0,0,,False,
PEB,Real Estate,REIT - Hotel & Motel,mid,mid,high,0.0,0,0.0,0,0,,False,
PEBK,Financial,Banks - Regional,micro,mid,low,0.0,0,0.0,0,0,,False,
PEBO,Financial,Banks - Regional,small,low,low,0.0,0,0.0,0,0,,False,
PECE,Financial,Shell Companies,micro,low,unknown,0.0,0,0.0,0,0,,False,
PECO,Real Estate,REIT - Retail,mid,mid,low,0.0,0,0.0,0,0,,False,
PED,Energy,Oil & Gas E&P,micro,high,low,0.0,0,0.0,0,0,,False,
PEG,Utilities,Utilities - Regulated Electric,large,low,low,0.0,0,0.0,0,0,,False,
PEGA,Technology,Software - Application,mid,mid,mid,0.0,0,0.0,0,0,,False,
PEJ,Financial,Exchange Traded Fund,unknown,low,mid,0.0,0,0.0,0,0,,False,
PEMX,Financial,Exchange Traded Fund,unknown,low,mid,0.0,0,0.0,0,0,,False,
PEN,Healthcare,Medical Devices,large,low,low,0.0,0,0.0,0,0,,False,
PENG,Technology,Information Technology Services,mid,high,high,0.0,0,0.0,0,0,,False,
PENN,Consumer Cyclical,Resorts & Casinos,mid,mid,high,0.0,0,0.0,0,0,,False,
PENU,Financial,Exchange Traded Fund,unknown,high,unknown,0.0,0,0.0,0,0,,False,
PEO,Financial,Closed-End Fund - Equity,small,low,low,0.0,0,0.0,0,0,,False,
PEP,Consumer Defensive,Beverages - Non-Alcoholic,large,mid,low,0.0,0,0.0,0,0,,False,
PEPG,Healthcare,Biotechnology,micro,high,high,0.0,0,0.0,0,0,,False,
PEPS,Financial,Exchange Traded Fund,unknown,low,mid,0.0,0,0.0,0,0,,False,
PERF,Technology,Software - Application,micro,mid,low,0.0,0,0.0,0,0,,False,
PERI,Communication Services,Internet Content & Information,small,mid,mid,0.0,0,0.0,0,0,,False,
PESI,Industrials,Waste Management,small,high,low,0.0,0,0.0,0,0,,False,
PETS,Healthcare,Pharmaceutical Retailers,micro,mid,low,0.0,0,0.0,0,0,,False,
PETZ,Real Estate,Real Estate Services,micro,high,high,0.0,1,0.0,0,0,,False,
PEVC,Financial,Exchange Traded Fund,unknown,low,high,0.0,0,0.0,0,0,,False,
PEW,Industrials,Aerospace & Defense,micro,high,low,0.0,0,0.0,0,0,,False,
PEX,Financial,Exchange Traded Fund,unknown,low,mid,0.0,0,0.0,0,0,,False,
PEXL,Financial,Exchange Traded Fund,unknown,low,mid,0.0,0,0.0,0,0,,False,
PEY,Financial,Exchange Traded Fund,unknown,low,low,0.0,0,0.0,0,0,,False,
PEZ,Financial,Exchange Traded Fund,unknown,low,mid,0.0,0,0.0,0,0,,False,
PFAI,Consumer Defensive,Farm Products,micro,high,low,0.0,0,0.0,0,0,,False,
PFBC,Financial,Banks - Regional,small,mid,low,0.0,0,0.0,0,0,,False,
PFD,Financial,Closed-End Fund - Debt,micro,low,low,0.0,0,0.0,0,0,,False,
PFDE,Financial,Exchange Traded Fund,unknown,low,unknown,0.0,0,0.0,0,0,,False,
PFE,Healthcare,Drug Manufacturers - General,large,mid,low,0.0,0,0.0,0,0,,False,
PFEB,Financial,Exchange Traded Fund,unknown,low,low,0.0,0,0.0,0,0,,False,
PFF,Financial,Exchange Traded Fund,unknown,low,low,0.0,0,0.0,0,0,,False,
PFFA,Financial,Exchange Traded Fund,unknown,low,low,0.0,0,0.0,0,0,,False,
PFFD,Financial,Exchange Traded Fund,unknown,low,low,0.0,0,0.0,0,0,,False,
PFFL,Financial,Exchange Traded Fund,unknown,low,mid,0.0,0,0.0,0,0,,False,
PFFR,Financial,Exchange Traded Fund,unknown,low,low,0.0,0,0.0,0,0,,False,
PFFV,Financial,Exchange Traded Fund,unknown,low,low,0.0,0,0.0,0,0,,False,
PFG,Financial,Asset Management,large,mid,mid,0.0,0,0.0,0,0,,False,
PFGC,Consumer Defensive,Food Distribution,large,mid,mid,0.0,0,0.0,0,0,,False,
PFI,Financial,Exchange Traded Fund,unknown,low,mid,0.0,0,0.0,0,0,,False,
PFIG,Financial,Exchange Traded Fund,unknown,low,low,0.0,0,0.0,0,0,,False,
PFIS,Financial,Banks - Regional,small,mid,low,0.0,0,0.0,0,0,,False,
PFIX,Financial,Exchange Traded Fund,unknown,mid,low,0.0,0,0.0,0,0,,False,
PFL,Financial,Closed-End Fund - Debt,small,low,low,0.0,0,0.0,0,0,,False,
PFLD,Financial,Exchange Traded Fund,unknown,low,low,0.0,0,0.0,0,0,,False,
PFLT,Financial,Asset Management,small,mid,low,0.0,0,0.0,0,0,,False,
PFM,Financial,Exchange Traded Fund,unknown,low,low,0.0,0,0.0,0,0,,False,
PFN,Financial,Closed-End Fund - Debt,small,low,low,0.0,0,0.0,0,0,,False,
PFO,Financial,Closed-End Fund - Debt,micro,low,low,0.0,0,0.0,0,0,,False,
PFOE,Financial,Exchange Traded Fund,unknown,low,unknown,0.0,0,0.0,0,0,,False,
PFRL,Financial,Exchange Traded Fund,unknown,low,low,0.0,0,0.0,0,0,,False,
PFS,Financial,Banks - Regional,mid,low,low,0.0,0,0.0,0,0,,False,
PFSA,Healthcare,Medical Devices,micro,high,high,0.0,0,0.0,0,0,,False,
PFSI,Financial,Mortgage Finance,mid,mid,high,0.0,0,0.0,0,0,,False,
PFX,Financial,Asset Management,micro,mid,low,0.0,0,0.0,0,0,,False,
PFXF,Financial,Exchange Traded Fund,unknown,low,low,0.0,0,0.0,0,0,,False,
PG,Consumer Defensive,Household & Personal Products,mega,mid,low,0.0,0,0.0,0,0,,False,
PGAC,Financial,Shell Companies,micro,low,low,0.0,0,0.0,0,0,,False,
PGC,Financial,Banks - Regional,small,mid,low,0.0,0,0.0,0,0,,False,
PGEN,Healthcare,Biotechnology,mid,high,mid,0.0,0,0.0,0,0,,False,
PGF,Financial,Exchange Traded Fund,unknown,low,low,0.0,0,0.0,0,0,,False,
PGHY,Financial,Exchange Traded Fund,unknown,low,low,0.0,0,0.0,0,0,,False,
PGJ,Financial,Exchange Traded Fund,unknown,low,low,0.0,0,0.0,0,0,,False,
PGNY,Healthcare,Healthcare Plans,small,high,mid,0.0,0,0.0,0,0,,False,
PGP,Financial,Closed-End Fund - Foreign,micro,low,mid,0.0,0,0.0,0,0,,False,
PGR,Financial,Insurance - Property & Casualty,large,mid,low,0.0,0,0.0,0,0,,False,
PGRI,Financial,Exchange Traded Fund,unknown,low,unknown,0.0,0,0.0,0,0,,False,
PGRO,Financial,Exchange Traded Fund,unknown,low,mid,0.0,0,0.0,0,0,,False,
PGX,Financial,Exchange Traded Fund,unknown,low,low,0.0,0,0.0,0,0,,False,
PGY,Technology,Software - Infrastructure,small,high,high,0.0,0,0.0,0,0,,False,
PGZ,Financial,Closed-End Fund - Debt,micro,low,low,0.0,0,0.0,0,0,,False,
PH,Industrials,Specialty Industrial Machinery,large,mid,mid,0.0,0,0.0,0,0,,False,
PHAR,Healthcare,Biotechnology,small,high,low,0.0,0,0.0,0,0,,False,
PHAT,Healthcare,Biotechnology,small,high,low,0.0,0,0.0,0,0,,False,
PHAXU,Financial,Shell Companies,unknown,unknown,unknown,0.0,0,0.0,0,0,,False,
PHDG,Financial,Exchange Traded Fund,unknown,low,low,0.0,0,0.0,0,0,,False,
PHEQ,Financial,Exchange Traded Fund,unknown,low,low,0.0,0,0.0,0,0,,False,
PHG,Healthcare,Medical Devices,large,mid,low,0.0,0,0.0,0,0,,False,
PHGE,Industrials,Aerospace & Defense,micro,high,high,0.0,0,0.0,0,0,,False,
PHI,Communication Services,Telecom Services,mid,low,low,0.0,0,0.0,0,0,,False,
PHIN,Consumer Cyclical,Auto Parts,mid,mid,mid,0.0,0,0.0,0,0,,False,
PHIO,Healthcare,Biotechnology,micro,high,mid,0.0,0,0.0,0,0,,False,
PHK,Financial,Closed-End Fund - Debt,small,low,low,0.0,0,0.0,0,0,,False,
PHM,Consumer Cyclical,Residential Construction,large,mid,mid,0.0,0,0.0,0,0,,False,
PHO,Financial,Exchange Traded Fund,unknown,low,mid,0.0,0,0.0,0,0,,False,
PHOE,Industrials,Engineering & Construction,small,high,high,0.0,0,0.0,0,0,,False,
PHOS,Basic Materials,Other Industrial Metals & Mining,unknown,high,unknown,0.0,0,0.0,0,0,,False,
PHOX,Financial,Exchange Traded Fund,unknown,mid,unknown,0.0,0,0.0,0,0,,False,
PHR,Healthcare,Health Information Services,small,mid,mid,0.0,0,0.0,0,0,,False,
PHUN,Technology,Software - Application,micro,mid,high,0.0,0,0.0,0,0,,False,
PHVS,Healthcare,Biotechnology,mid,mid,low,0.0,0,0.0,0,0,,False,
PHYL,Financial,Exchange Traded Fund,unknown,low,low,0.0,0,0.0,0,0,,False,
PHYS,Financial,Asset Management,large,low,low,0.0,0,0.0,0,0,,False,
PI,Technology,Semiconductors,mid,high,high,0.0,0,0.0,0,0,,False,
PICB,Financial,Exchange Traded Fund,unknown,low,low,0.0,0,0.0,0,0,,False,
PICK,Financial,Exchange Traded Fund,unknown,mid,mid,0.0,0,0.0,0,0,,False,
PICS,Technology,Software - Infrastructure,small,high,unknown,0.0,0,0.0,0,0,,False,
PID,Financial,Exchange Traded Fund,unknown,low,low,0.0,0,0.0,0,0,,False,
PIE,Financial,Exchange Traded Fund,unknown,mid,mid,0.0,0,0.0,0,0,,False,
PIEL,Financial,Exchange Traded Fund,unknown,low,unknown,0.0,0,0.0,0,0,,False,
PIEQ,Financial,Exchange Traded Fund,unknown,low,low,0.0,0,0.0,0,0,,False,
PIFI,Financial,Exchange Traded Fund,unknown,low,low,0.0,0,0.0,0,0,,False,
PII,Consumer Cyclical,Recreational Vehicles,mid,mid,mid,0.0,0,0.0,0,0,,False,
PIII,Healthcare,Medical Care Facilities,micro,high,high,0.0,0,0.0,0,0,,False,
PILL,Financial,Exchange Traded Fund,unknown,high,high,0.0,0,0.0,0,0,,False,
PIM,Financial,Closed-End Fund - Debt,micro,low,low,0.0,0,0.0,0,0,,False,
PINC,Financial,Exchange Traded Fund,unknown,low,unknown,0.0,0,0.0,0,0,,False,
PINE,Real Estate,REIT - Retail,small,mid,low,0.0,0,0.0,0,0,,False,
PINK,Financial,Exchange Traded Fund,unknown,low,low,0.0,0,0.0,0,0,,False,
PINS,Communication Services,Internet Content & Information,large,mid,mid,0.0,0,0.0,0,0,,False,
PIO,Financial,Exchange Traded Fund,unknown,low,mid,0.0,0,0.0,0,0,,False,
PIPE,Financial,Exchange Traded Fund,unknown,low,low,0.0,0,0.0,0,0,,False,
PIPR,Financial,Capital Markets,mid,mid,high,0.0,0,0.0,0,0,,False,
PIT,Financial,Exchange Traded Fund,unknown,low,low,0.0,0,0.0,0,0,,False,
PIZ,Financial,Exchange Traded Fund,unknown,low,mid,0.0,0,0.0,0,0,,False,
PJAN,Financial,Exchange Traded Fund,unknown,low,low,0.0,0,0.0,0,0,,False,
PJFG,Financial,Exchange Traded Fund,unknown,low,mid,0.0,0,0.0,0,0,,False,
PJFM,Financial,Exchange Traded Fund,unknown,low,mid,0.0,0,0.0,0,0,,False,
PJFV,Financial,Exchange Traded Fund,unknown,low,low,0.0,0,0.0,0,0,,False,
PJIO,Financial,Exchange Traded Fund,unknown,low,mid,0.0,0,0.0,0,0,,False,
PJP,Financial,Exchange Traded Fund,unknown,low,low,0.0,0,0.0,0,0,,False,
PJT,Financial,Capital Markets,mid,mid,mid,0.0,0,0.0,0,0,,False,
PJUL,Financial,Exchange Traded Fund,unknown,low,low,0.0,0,0.0,0,0,,False,
PJUN,Financial,Exchange Traded Fund,unknown,low,low,0.0,0,0.0,0,0,,False,
PJUS,Financial,Exchange Traded Fund,unknown,low,unknown,0.0,0,0.0,0,0,,False,
PK,Real Estate,REIT - Hotel & Motel,mid,mid,high,0.0,0,0.0,0,0,,False,
PKB,Financial,Exchange Traded Fund,unknown,mid,mid,0.0,0,0.0,0,0,,False,
PKBK,Financial,Banks - Regional,small,mid,low,0.0,0,0.0,0,0,,False,
PKE,Industrials,Aerospace & Defense,small,mid,low,0.0,0,0.0,0,0,,False,
PKG,Consumer Cyclical,Packaging & Containers,large,mid,mid,0.0,0,0.0,0,0,,False,
PKOH,Industrials,Specialty Industrial Machinery,small,mid,mid,0.0,0,0.0,0,0,,False,
PKW,Financial,Exchange Traded Fund,unknown,low,mid,0.0,0,0.0,0,0,,False,
PKX,Basic Materials,Steel,large,mid,high,0.0,0,0.0,0,0,,False,
PL,Industrials,Aerospace & Defense,mid,high,high,0.0,0,0.0,0,0,,False,
PLA,Financial,Exchange Traded Fund,unknown,low,unknown,0.0,0,0.0,0,0,,False,
PLAB,Technology,Semiconductor Equipment & Materials,small,mid,high,0.0,0,0.0,0,0,,False,
PLAG,Industrials,Conglomerates,micro,high,high,0.0,0,0.0,0,0,,False,
PLAY,Communication Services,Entertainment,small,high,high,0.0,0,0.0,0,0,,False,
PLBC,Financial,Banks - Regional,small,mid,low,0.0,0,0.0,0,0,,False,
PLBL,Consumer Cyclical,Department Stores,mid,high,low,0.0,0,0.0,0,0,,False,
PLBY,Consumer Cyclical,Leisure,micro,high,high,0.0,0,0.0,0,0,,False,
PLCE,Consumer Cyclical,Apparel Manufacturing,micro,high,high,0.0,0,0.0,0,0,,False,
PLCI,Financial,Shell Companies,unknown,low,unknown,0.0,0,0.0,0,0,,False,
PLCIU,Financial,Shell Companies,micro,low,unknown,0.0,0,0.0,0,0,,False,
PLD,Real Estate,REIT - Industrial,large,mid,high,0.0,0,0.0,0,0,,False,
PLG,Basic Materials,Other Precious Metals & Mining,micro,high,mid,0.0,0,0.0,0,0,,False,
PLGI,Financial,Exchange Traded Fund,unknown,low,unknown,0.0,0,0.0,0,0,,False,
PLGO,Financial,Insurance - Diversified,mid,mid,low,0.0,0,0.0,0,0,,False,
PLIB,Financial,Exchange Traded Fund,unknown,mid,unknown,0.0,0,0.0,0,0,,False,
PLMK,Financial,Shell Companies,micro,low,low,0.0,0,0.0,0,0,,False,
PLMR,Financial,Insurance - Property & Casualty,mid,mid,low,0.0,0,0.0,0,0,,False,
PLNT,Consumer Cyclical,Leisure,mid,mid,mid,0.0,0,0.0,0,0,,False,
PLOW,Consumer Cyclical,Auto Parts,small,mid,mid,0.0,0,0.0,0,0,,False,
PLPC,Industrials,Electrical Equipment & Parts,mid,high,mid,0.0,0,0.0,0,0,,False,
PLRX,Healthcare,Biotechnology,micro,mid,mid,0.0,0,0.0,0,0,,False,
PLRZ,Healthcare,Biotechnology,micro,high,low,0.0,0,0.0,0,0,,False,
PLSE,Healthcare,Medical Instruments & Supplies,mid,high,high,0.0,0,0.0,0,0,,False,
PLSM,Healthcare,Medical Devices,micro,high,unknown,0.0,0,0.0,0,0,,False,
PLTA,Financial,Exchange Traded Fund,unknown,high,unknown,0.0,0,0.0,0,0,,False,
PLTD,Financial,Exchange Traded Fund,unknown,high,low,0.0,0,0.0,0,0,,False,
PLTG,Financial,Exchange Traded Fund,unknown,high,high,0.0,0,0.0,0,0,,False,
PLTK,Communication Services,Electronic Gaming & Multimedia,small,high,mid,0.0,0,0.0,0,0,,False,
PLTL,Financial,Exchange Traded Fund,unknown,high,unknown,0.0,0,0.0,0,0,,False,
PLTM,Financial,Exchange Traded Fund,unknown,mid,low,0.0,0,0.0,0,0,,False,
PLTR,Technology,Software - Infrastructure,mega,mid,high,0.0,0,0.0,0,0,,False,
PLTU,Financial,Exchange Traded Fund,unknown,high,high,0.0,0,0.0,0,0,,False,
PLTW,Financial,Exchange Traded Fund,unknown,high,low,0.0,0,0.0,0,0,,False,
PLTY,Financial,Exchange Traded Fund,unknown,mid,mid,0.0,0,0.0,0,0,,False,
PLTZ,Financial,Exchange Traded Fund,unknown,high,low,0.0,0,0.0,0,0,,False,
PLU,Financial,Exchange Traded Fund,unknown,high,unknown,0.0,0,0.0,0,0,,False,
PLUG,Industrials,Electrical Equipment & Parts,mid,high,high,0.0,0,0.0,0,0,,False,
PLUL,Financial,Exchange Traded Fund,unknown,high,unknown,0.0,0,0.0,0,0,,False,
PLUN,Financial,Shell Companies,micro,low,unknown,0.0,0,0.0,0,0,,False,
PLUR,Healthcare,Biotechnology,micro,high,low,0.0,0,0.0,0,0,,False,
PLUS,Technology,Software - Application,mid,mid,mid,0.0,0,0.0,0,0,,False,
PLUT,Financial,Capital Markets,micro,high,high,0.0,0,0.0,0,0,,False,
PLX,Healthcare,Biotechnology,micro,mid,low,0.0,0,0.0,0,0,,False,
PLXS,Technology,Electronic Components,mid,mid,mid,0.0,0,0.0,0,0,,False,
PLYX,Healthcare,Biotechnology,micro,high,unknown,0.0,0,0.0,0,0,,False,
PLYY,Financial,Exchange Traded Fund,unknown,low,unknown,0.0,0,0.0,0,0,,False,
PM,Consumer Defensive,Tobacco,mega,mid,low,0.0,0,0.0,0,0,,False,
PMA,Industrials,Engineering & Construction,micro,high,high,0.0,0,0.0,0,0,,False,
PMAP,Financial,Exchange Traded Fund,unknown,low,unknown,0.0,0,0.0,0,0,,False,
PMAR,Financial,Exchange Traded Fund,unknown,low,low,0.0,0,0.0,0,0,,False,
PMAU,Financial,Exchange Traded Fund,unknown,low,low,0.0,0,0.0,0,0,,False,
PMAX,Financial,Capital Markets,micro,high,high,0.0,0,0.0,0,0,,False,
PMAY,Financial,Exchange Traded Fund,unknown,low,low,0.0,0,0.0,0,0,,False,
PMBS,Financial,Exchange Traded Fund,unknown,low,low,0.0,0,0.0,0,0,,False,
PMCB,Healthcare,Biotechnology,micro,high,low,0.0,0,0.0,0,0,,False,
PMDE,Financial,Exchange Traded Fund,unknown,low,unknown,0.0,0,0.0,0,0,,False,
PMEC,Industrials,Specialty Business Services,micro,high,mid,0.0,0,0.0,0,0,,False,
PMFB,Financial,Exchange Traded Fund,unknown,low,unknown,0.0,0,0.0,0,0,,False,
PMI,Healthcare,Medical Devices,micro,high,low,0.0,0,0.0,0,0,,False,
PMIO,Financial,Exchange Traded Fund,unknown,low,low,0.0,0,0.0,0,0,,False,
PMJA,Financial,Exchange Traded Fund,unknown,low,unknown,0.0,0,0.0,0,0,,False,
PMJL,Financial,Exchange Traded Fund,unknown,low,low,0.0,0,0.0,0,0,,False,
PMJN,Financial,Exchange Traded Fund,unknown,low,low,0.0,0,0.0,0,0,,False,
PML,Financial,Closed-End Fund - Debt,small,low,low,0.0,0,0.0,0,0,,False,
PMM,Financial,Closed-End Fund - Debt,micro,low,low,0.0,0,0.0,0,0,,False,
PMMF,Financial,Exchange Traded Fund,unknown,low,low,0.0,0,0.0,0,0,,False,
PMMR,Financial,Exchange Traded Fund,unknown,low,low,0.0,0,0.0,0,0,,False,
PMMY,Financial,Exchange Traded Fund,unknown,low,unknown,0.0,0,0.0,0,0,,False,
PMN,Healthcare,Biotechnology,micro,high,low,0.0,0,0.0,0,0,,False,
PMNV,Financial,Exchange Traded Fund,unknown,low,unknown,0.0,0,0.0,0,0,,False,
PMO,Financial,Closed-End Fund - Debt,micro,low,low,0.0,0,0.0,0,0,,False,
PMOC,Financial,Exchange Traded Fund,unknown,low,unknown,0.0,0,0.0,0,0,,False,
PMSE,Financial,Exchange Traded Fund,unknown,low,unknown,0.0,0,0.0,0,0,,False,
PMT,Real Estate,REIT - Mortgage,small,mid,mid,0.0,0,0.0,0,0,,False,
PMTL,Financial,Exchange Traded Fund,unknown,mid,unknown,0.0,0,0.0,0,0,,False,
PMTR,Financial,Shell Companies,small,low,low,0.0,0,0.0,0,0,,False,
PMTS,Financial,Credit Services,small,high,mid,0.0,0,0.0,0,0,,False,
PMVP,Healthcare,Biotechnology,micro,high,high,0.0,0,0.0,0,0,,False,
PN,Technology,Solar,micro,high,low,0.0,1,0.0,0,0,,False,
PNAQ-U,Financial,Shell Companies,micro,low,unknown,0.0,0,0.0,0,0,,False,
PNBK,Financial,Banks - Regional,micro,high,low,0.0,0,0.0,0,0,,False,
PNC,Financial,Banks - Regional,large,low,mid,0.0,0,0.0,0,0,,False,
PNFP,Financial,Banks - Regional,large,mid,mid,0.0,0,0.0,0,0,,False,
PNI,Financial,Closed-End Fund - Debt,micro,low,low,0.0,0,0.0,0,0,,False,
PNNT,Financial,Asset Management,micro,mid,low,0.0,0,0.0,0,0,,False,
PNOV,Financial,Exchange Traded Fund,unknown,low,low,0.0,0,0.0,0,0,,False,
PNQI,Financial,Exchange Traded Fund,unknown,low,mid,0.0,0,0.0,0,0,,False,
PNR,Industrials,Specialty Industrial Machinery,large,mid,mid,0.0,0,0.0,0,0,,False,
PNRG,Energy,Oil & Gas E&P,small,mid,low,0.0,0,0.0,0,0,,False,
PNTG,Healthcare,Medical Care Facilities,small,mid,mid,0.0,0,0.0,0,0,,False,
PNW,Utilities,Utilities - Regulated Electric,large,mid,low,0.0,0,0.0,0,0,,False,
POAS,Healthcare,Medical Devices,micro,high,unknown,0.0,0,0.0,0,0,,False,
POCI,Healthcare,Medical Instruments & Supplies,micro,high,low,0.0,0,0.0,0,0,,False,
POCT,Financial,Exchange Traded Fund,unknown,low,low,0.0,0,0.0,0,0,,False,
PODC,Communication Services,Internet Content & Information,micro,high,high,0.0,0,0.0,0,0,,False,
PODD,Healthcare,Medical Devices,large,high,mid,0.0,0,0.0,0,0,,False,
POEL,Financial,Exchange Traded Fund,unknown,high,unknown,0.0,0,0.0,0,0,,False,
POET,Technology,Semiconductors,small,high,mid,0.0,0,0.0,0,0,,False,
POLA,Industrials,Electrical Equipment & Parts,micro,high,mid,0.0,0,0.0,0,0,,False,
POLE,Financial,Shell Companies,small,low,low,0.0,0,0.0,0,0,,False,
POM,Healthcare,Pharmaceutical Retailers,micro,high,unknown,0.0,1,0.0,0,0,,False,
PONO,Financial,Shell Companies,micro,low,unknown,0.0,0,0.0,0,0,,False,
PONX,Financial,Exchange Traded Fund,unknown,high,unknown,0.0,0,0.0,0,0,,False,
PONY,Technology,Information Technology Services,mid,mid,high,0.0,1,0.0,0,0,,False,
POOL,Industrials,Industrial Distribution,mid,mid,mid,0.0,0,0.0,0,0,,False,
POR,Utilities,Utilities - Regulated Electric,mid,mid,low,0.0,0,0.0,0,0,,False,
POST,Consumer Defensive,Packaged Foods,mid,mid,low,0.0,0,0.0,0,0,,False,
POW,Financial,Exchange Traded Fund,unknown,mid,unknown,0.0,0,0.0,0,0,,False,
POWA,Financial,Exchange Traded Fund,unknown,low,low,0.0,0,0.0,0,0,,False,
POWI,Technology,Semiconductors,mid,high,high,0.0,0,0.0,0,0,,False,
POWL,Industrials,Electrical Equipment & Parts,mid,high,mid,0.0,0,0.0,0,0,,False,
POWR,Financial,Exchange Traded Fund,unknown,low,low,0.0,0,0.0,0,0,,False,
POWW,Industrials,Aerospace & Defense,micro,high,mid,0.0,0,0.0,0,0,,False,
PPA,Financial,Exchange Traded Fund,unknown,low,low,0.0,0,0.0,0,0,,False,
PPBT,Healthcare,Biotechnology,micro,high,low,0.0,0,0.0,0,0,,False,
PPC,Consumer Defensive,Packaged Foods,mid,mid,low,0.0,0,0.0,0,0,,False,
PPCB,Healthcare,Biotechnology,micro,high,high,0.0,0,0.0,0,0,,False,
PPG,Basic Materials,Specialty Chemicals,large,mid,mid,0.0,0,0.0,0,0,,False,
PPH,Financial,Exchange Traded Fund,unknown,low,low,0.0,0,0.0,0,0,,False,
PPHC,Industrials,Consulting Services,small,high,unknown,0.0,0,0.0,0,0,,False,
PPI,Financial,Exchange Traded Fund,unknown,low,mid,0.0,0,0.0,0,0,,False,
PPIH,Industrials,Building Products & Equipment,micro,mid,low,0.0,0,0.0,0,0,,False,
PPL,Utilities,Utilities - Regulated Electric,large,low,low,0.0,0,0.0,0,0,,False,
PPLI,Communication Services,Internet Content & Information,mid,mid,mid,0.0,0,0.0,0,0,,False,
PPLT,Financial,Exchange Traded Fund,unknown,mid,low,0.0,0,0.0,0,0,,False,
PPSI,Industrials,Electrical Equipment & Parts,micro,high,high,0.0,0,0.0,0,0,,False,
PPT,Financial,Closed-End Fund - Debt,small,low,low,0.0,0,0.0,0,0,,False,
PPTA,Basic Materials,Other Precious Metals & Mining,mid,high,low,0.0,0,0.0,0,0,,False,
PPTY,Financial,Exchange Traded Fund,unknown,low,mid,0.0,0,0.0,0,0,,False,
PQAP,Financial,Exchange Traded Fund,unknown,low,low,0.0,0,0.0,0,0,,False,
PQDI,Financial,Exchange Traded Fund,unknown,low,low,0.0,0,0.0,0,0,,False,
PQJA,Financial,Exchange Traded Fund,unknown,low,mid,0.0,0,0.0,0,0,,False,
PQJL,Financial,Exchange Traded Fund,unknown,low,low,0.0,0,0.0,0,0,,False,
PQNT,Financial,Exchange Traded Fund,unknown,low,unknown,0.0,0,0.0,0,0,,False,
PQOC,Financial,Exchange Traded Fund,unknown,low,mid,0.0,0,0.0,0,0,,False,
PQUS,Financial,Exchange Traded Fund,unknown,low,unknown,0.0,0,0.0,0,0,,False,
PQV,Financial,Exchange Traded Fund,unknown,low,unknown,0.0,0,0.0,0,0,,False,
PQX,Financial,Exchange Traded Fund,unknown,low,unknown,0.0,0,0.0,0,0,,False,
PQXV,Financial,Exchange Traded Fund,unknown,low,unknown,0.0,0,0.0,0,0,,False,
PQXX,Financial,Exchange Traded Fund,unknown,low,unknown,0.0,0,0.0,0,0,,False,
PR,Energy,Oil & Gas E&P,large,mid,low,0.0,0,0.0,0,0,,False,
PRAA,Financial,Credit Services,small,high,mid,0.0,0,0.0,0,0,,False,
PRAB,Financial,Exchange Traded Fund,unknown,low,unknown,0.0,0,0.0,0,0,,False,
PRAE,Financial,Exchange Traded Fund,unknown,low,mid,0.0,0,0.0,0,0,,False,
PRAX,Healthcare,Biotechnology,large,high,high,0.0,0,0.0,0,0,,False,
PRAY,Financial,Exchange Traded Fund,unknown,low,mid,0.0,0,0.0,0,0,,False,
PRCH,Financial,Insurance - Property & Casualty,small,high,high,0.0,0,0.0,0,0,,False,
PRCS,Financial,Exchange Traded Fund,unknown,low,mid,0.0,0,0.0,0,0,,False,
PRCT,Healthcare,Medical Devices,small,high,mid,0.0,0,0.0,0,0,,False,
PRDO,Consumer Defensive,Education & Training Services,small,mid,low,0.0,0,0.0,0,0,,False,
PRE,Consumer Defensive,Packaged Foods,small,high,low,0.0,0,0.0,0,0,,False,
PREF,Financial,Exchange Traded Fund,unknown,low,low,0.0,0,0.0,0,0,,False,
PRF,Financial,Exchange Traded Fund,unknown,low,mid,0.0,0,0.0,0,0,,False,
PRFD,Financial,Exchange Traded Fund,unknown,low,low,0.0,0,0.0,0,0,,False,
PRFX,Healthcare,Drug Manufacturers - Specialty & Generic,micro,high,mid,0.0,0,0.0,0,0,,False,
PRFZ,Financial,Exchange Traded Fund,unknown,low,mid,0.0,0,0.0,0,0,,False,
PRG,Industrials,Rental & Leasing Services,small,mid,high,0.0,0,0.0,0,0,,False,
PRGO,Healthcare,Drug Manufacturers - Specialty & Generic,small,high,low,0.0,0,0.0,0,0,,False,
PRGS,Technology,Software - Infrastructure,small,mid,mid,0.0,0,0.0,0,0,,False,
PRHI,Financial,Insurance - Property & Casualty,micro,high,mid,0.0,0,0.0,0,0,,False,
PRI,Financial,Insurance - Life,mid,mid,mid,0.0,0,0.0,0,0,,False,
PRIM,Industrials,Engineering & Construction,mid,high,high,0.0,0,0.0,0,0,,False,
PRIV,Financial,Exchange Traded Fund,unknown,low,low,0.0,0,0.0,0,0,,False,
PRIZ,Financial,Exchange Traded Fund,unknown,low,unknown,0.0,0,0.0,0,0,,False,
PRK,Financial,Banks - Regional,mid,mid,low,0.0,0,0.0,0,0,,False,
PRKS,Consumer Cyclical,Leisure,mid,mid,mid,0.0,0,0.0,0,0,,False,
PRLB,Industrials,Metal Fabrication,mid,mid,high,0.0,0,0.0,0,0,,False,
PRLD,Healthcare,Biotechnology,small,high,mid,0.0,0,0.0,0,0,,False,
PRM,Basic Materials,Specialty Chemicals,mid,high,high,0.0,0,0.0,0,0,,False,
PRMB,Consumer Defensive,Beverages - Non-Alcoholic,mid,mid,low,0.0,0,0.0,0,0,,False,
PRME,Healthcare,Biotechnology,small,high,high,0.0,0,0.0,0,0,,False,
PRMR,Financial,Exchange Traded Fund,unknown,low,unknown,0.0,0,0.0,0,0,,False,
PRN,Financial,Exchange Traded Fund,unknown,mid,mid,0.0,0,0.0,0,0,,False,
PRNT,Financial,Exchange Traded Fund,unknown,low,high,0.0,0,0.0,0,0,,False,
PROF,Healthcare,Medical Devices,micro,high,low,0.0,0,0.0,0,0,,False,
PROK,Healthcare,Biotechnology,small,high,high,0.0,0,0.0,0,0,,False,
PROP,Energy,Oil & Gas E&P,micro,high,high,0.0,0,0.0,0,0,,False,
PROV,Financial,Banks - Regional,micro,low,low,0.0,0,0.0,0,0,,False,
PRPL,Consumer Cyclical,"Furnishings, Fixtures & Appliances",micro,high,high,0.0,0,0.0,0,0,,False,
PRPO,Healthcare,Diagnostics & Research,micro,high,high,0.0,0,0.0,0,0,,False,
PRQR,Healthcare,Biotechnology,micro,high,low,0.0,0,0.0,0,0,,False,
PRSD,Financial,Exchange Traded Fund,unknown,low,unknown,0.0,0,0.0,0,0,,False,
PRSO,Technology,Semiconductors,micro,high,mid,0.0,0,0.0,0,0,,False,
PRSU,Consumer Cyclical,Travel Services,small,mid,high,0.0,0,0.0,0,0,,False,
PRT,Energy,Oil & Gas E&P,micro,mid,low,0.0,0,0.0,0,0,,False,
PRTA,Healthcare,Biotechnology,small,mid,low,0.0,0,0.0,0,0,,False,
PRTH,Technology,Software - Infrastructure,small,high,high,0.0,0,0.0,0,0,,False,
PRTO,Financial,Exchange Traded Fund,unknown,low,unknown,0.0,0,0.0,0,0,,False,
PRTS,Consumer Cyclical,Auto Parts,micro,high,low,0.0,0,0.0,0,0,,False,
PRU,Financial,Insurance - Life,large,mid,mid,0.0,0,0.0,0,0,,False,
PRVA,Healthcare,Health Information Services,mid,mid,mid,0.0,0,0.0,0,0,,False,
PRVS,Financial,Exchange Traded Fund,unknown,low,mid,0.0,0,0.0,0,0,,False,
PRVT,Financial,Exchange Traded Fund,unknown,low,unknown,0.0,0,0.0,0,0,,False,
PRXG,Financial,Exchange Traded Fund,unknown,low,high,0.0,0,0.0,0,0,,False,
PRXI,Financial,Exchange Traded Fund,unknown,low,unknown,0.0,0,0.0,0,0,,False,
PRXV,Financial,Exchange Traded Fund,unknown,low,low,0.0,0,0.0,0,0,,False,
PRZO,Industrials,Aerospace & Defense,micro,high,mid,0.0,0,0.0,0,0,,False,
PS,Financial,Asset Management,large,high,unknown,0.0,0,0.0,0,0,,False,
PSA,Real Estate,REIT - Industrial,large,mid,mid,0.0,0,0.0,0,0,,False,
PSAI,Financial,Exchange Traded Fund,unknown,low,unknown,0.0,0,0.0,0,0,,False,
PSBD,Financial,Asset Management,small,mid,mid,0.0,0,0.0,0,0,,False,
PSC,Financial,Exchange Traded Fund,unknown,low,mid,0.0,0,0.0,0,0,,False,
PSCC,Financial,Exchange Traded Fund,unknown,low,low,0.0,0,0.0,0,0,,False,
PSCD,Financial,Exchange Traded Fund,unknown,low,mid,0.0,0,0.0,0,0,,False,
PSCE,Financial,Exchange Traded Fund,unknown,mid,low,0.0,0,0.0,0,0,,False,
PSCF,Financial,Exchange Traded Fund,unknown,low,mid,0.0,0,0.0,0,0,,False,
PSCH,Financial,Exchange Traded Fund,unknown,low,mid,0.0,0,0.0,0,0,,False,
PSCI,Financial,Exchange Traded Fund,unknown,low,mid,0.0,0,0.0,0,0,,False,
PSCJ,Financial,Exchange Traded Fund,unknown,low,low,0.0,0,0.0,0,0,,False,
PSCM,Financial,Exchange Traded Fund,unknown,low,mid,0.0,0,0.0,0,0,,False,
PSCQ,Financial,Exchange Traded Fund,unknown,low,low,0.0,0,0.0,0,0,,False,
PSCT,Financial,Exchange Traded Fund,unknown,mid,high,0.0,0,0.0,0,0,,False,
PSCU,Financial,Exchange Traded Fund,unknown,low,low,0.0,0,0.0,0,0,,False,
PSCW,Financial,Exchange Traded Fund,unknown,low,low,0.0,0,0.0,0,0,,False,
PSCX,Financial,Exchange Traded Fund,unknown,low,low,0.0,0,0.0,0,0,,False,
PSDM,Financial,Exchange Traded Fund,unknown,low,low,0.0,0,0.0,0,0,,False,
PSEC,Financial,Asset Management,small,mid,low,0.0,0,0.0,0,0,,False,
PSEP,Financial,Exchange Traded Fund,unknown,low,low,0.0,0,0.0,0,0,,False,
PSET,Financial,Exchange Traded Fund,unknown,low,mid,0.0,0,0.0,0,0,,False,
PSF,Financial,Closed-End Fund - Debt,micro,low,mid,0.0,0,0.0,0,0,,False,
PSFD,Financial,Exchange Traded Fund,unknown,low,low,0.0,0,0.0,0,0,,False,
PSFE,Technology,Software - Infrastructure,small,high,high,0.0,0,0.0,0,0,,False,
PSFF,Financial,Exchange Traded Fund,unknown,low,low,0.0,0,0.0,0,0,,False,
PSFJ,Financial,Exchange Traded Fund,unknown,low,low,0.0,0,0.0,0,0,,False,
PSFM,Financial,Exchange Traded Fund,unknown,low,low,0.0,0,0.0,0,0,,False,
PSFO,Financial,Exchange Traded Fund,unknown,low,low,0.0,0,0.0,0,0,,False,
PSH,Financial,Exchange Traded Fund,unknown,low,low,0.0,0,0.0,0,0,,False,
PSHG,Industrials,Marine Shipping,micro,mid,low,0.0,0,0.0,0,0,,False,
PSI,Financial,Exchange Traded Fund,unknown,high,high,0.0,0,0.0,0,0,,False,
PSIG,Industrials,Integrated Freight & Logistics,micro,high,low,0.0,0,0.0,0,0,,False,
PSIL,Financial,Exchange Traded Fund,unknown,mid,mid,0.0,0,0.0,0,0,,False,
PSIX,Industrials,Specialty Industrial Machinery,small,high,high,0.0,0,0.0,0,0,,False,
PSK,Financial,Exchange Traded Fund,unknown,low,low,0.0,0,0.0,0,0,,False,
PSKY,Communication Services,Entertainment,large,mid,high,0.0,0,0.0,0,0,,False,
PSL,Financial,Exchange Traded Fund,unknown,low,low,0.0,0,0.0,0,0,,False,
PSLV,Financial,Asset Management,large,mid,low,0.0,0,0.0,0,0,,False,
PSMD,Financial,Exchange Traded Fund,unknown,low,low,0.0,0,0.0,0,0,,False,
PSMJ,Financial,Exchange Traded Fund,unknown,low,low,0.0,0,0.0,0,0,,False,
PSMO,Financial,Exchange Traded Fund,unknown,low,low,0.0,0,0.0,0,0,,False,
PSMR,Financial,Exchange Traded Fund,unknown,low,low,0.0,0,0.0,0,0,,False,
PSMT,Consumer Defensive,Discount Stores,mid,mid,low,0.0,0,0.0,0,0,,False,
PSN,Technology,Information Technology Services,mid,high,low,0.0,0,0.0,0,0,,False,
PSNL,Healthcare,Diagnostics & Research,small,high,high,0.0,0,0.0,0,0,,False,
PSNY,Consumer Cyclical,Auto Manufacturers,small,high,high,0.0,0,0.0,0,0,,False,
PSO,Communication Services,Publishing,mid,mid,low,0.0,0,0.0,0,0,,False,
PSP,Financial,Exchange Traded Fund,unknown,low,mid,0.0,0,0.0,0,0,,False,
PSQ,Financial,Exchange Traded Fund,unknown,low,low,0.0,0,0.0,0,0,,False,
PSQA,Financial,Exchange Traded Fund,unknown,low,low,0.0,0,0.0,0,0,,False,
PSQH,Technology,Software - Application,micro,high,low,0.0,0,0.0,0,0,,False,
PSQO,Financial,Exchange Traded Fund,unknown,low,low,0.0,0,0.0,0,0,,False,
PSR,Financial,Exchange Traded Fund,unknown,low,mid,0.0,0,0.0,0,0,,False,
PST,Financial,Exchange Traded Fund,unknown,low,low,0.0,0,0.0,0,0,,False,
PSTL,Real Estate,REIT - Office,small,mid,low,0.0,0,0.0,0,0,,False,
PSTP,Financial,Exchange Traded Fund,unknown,low,low,0.0,0,0.0,0,0,,False,
PSTR,Financial,Exchange Traded Fund,unknown,low,low,0.0,0,0.0,0,0,,False,
PSUS,Financial,Closed-End Fund - Equity,mid,mid,unknown,0.0,0,0.0,0,0,,False,
PSWD,Financial,Exchange Traded Fund,unknown,low,mid,0.0,0,0.0,0,0,,False,
PSX,Energy,Oil & Gas Refining & Marketing,large,mid,low,0.0,0,0.0,0,0,,False,
PTA,Financial,Closed-End Fund - Debt,small,low,low,0.0,0,0.0,0,0,,False,
PTAC,Financial,Shell Companies,micro,low,unknown,0.0,0,0.0,0,0,,False,
PTBD,Financial,Exchange Traded Fund,unknown,low,low,0.0,0,0.0,0,0,,False,
PTC,Technology,Software - Application,large,mid,mid,0.0,0,0.0,0,0,,False,
PTCT,Healthcare,Biotechnology,mid,mid,low,0.0,0,0.0,0,0,,False,
PTEN,Energy,Oil & Gas Drilling,mid,mid,low,0.0,0,0.0,0,0,,False,
PTEU,Financial,Exchange Traded Fund,unknown,low,low,0.0,0,0.0,0,0,,False,
PTF,Financial,Exchange Traded Fund,unknown,high,high,0.0,0,0.0,0,0,,False,
PTGX,Healthcare,Biotechnology,mid,mid,high,0.0,0,0.0,0,0,,False,
PTH,Financial,Exchange Traded Fund,unknown,mid,mid,0.0,0,0.0,0,0,,False,
PTHS,Healthcare,Biotechnology,micro,high,high,0.0,0,0.0,0,0,,False,
PTIN,Financial,Exchange Traded Fund,unknown,low,low,0.0,0,0.0,0,0,,False,
PTIR,Financial,Exchange Traded Fund,unknown,high,high,0.0,0,0.0,0,0,,False,
PTL,Financial,Exchange Traded Fund,unknown,low,mid,0.0,0,0.0,0,0,,False,
PTLC,Financial,Exchange Traded Fund,unknown,low,low,0.0,0,0.0,0,0,,False,
PTLE,Consumer Cyclical,Specialty Retail,micro,high,low,0.0,0,0.0,0,0,,False,
PTLO,Consumer Cyclical,Restaurants,small,high,high,0.0,0,0.0,0,0,,False,
PTMC,Financial,Exchange Traded Fund,unknown,low,low,0.0,0,0.0,0,0,,False,
PTN,Healthcare,Biotechnology,micro,high,low,0.0,0,0.0,0,0,,False,
PTNQ,Financial,Exchange Traded Fund,unknown,low,low,0.0,0,0.0,0,0,,False,
PTNT,Financial,Exchange Traded Fund,unknown,low,unknown,0.0,0,0.0,0,0,,False,
PTON,Consumer Cyclical,Leisure,mid,high,high,0.0,0,0.0,0,0,,False,
PTOR,Financial,Shell Companies,small,low,unknown,0.0,0,0.0,0,0,,False,
PTRB,Financial,Exchange Traded Fund,unknown,low,low,0.0,0,0.0,0,0,,False,
PTRN,Technology,Software - Application,mid,high,unknown,0.0,0,0.0,0,0,,False,
PTY,Financial,Closed-End Fund - Debt,mid,low,mid,0.0,0,0.0,0,0,,False,
PUBM,Technology,Software - Application,small,high,high,0.0,0,0.0,0,0,,False,
PUI,Financial,Exchange Traded Fund,unknown,low,low,0.0,0,0.0,0,0,,False,
PUK,Financial,Insurance - Life,large,mid,low,0.0,0,0.0,0,0,,False,
PUL,Financial,Exchange Traded Fund,unknown,high,unknown,0.0,0,0.0,0,0,,False,
PULM,Healthcare,Biotechnology,micro,high,high,0.0,0,0.0,0,0,,False,
PULS,Financial,Exchange Traded Fund,unknown,low,low,0.0,0,0.0,0,0,,False,
PUMP,Energy,Oil & Gas Equipment & Services,small,high,low,0.0,0,0.0,0,0,,False,
PUR,Financial,Exchange Traded Fund,unknown,high,unknown,0.0,0,0.0,0,0,,False,
PURR,Financial,Capital Markets,small,high,unknown,0.0,0,0.0,0,0,,False,
PUSA,Consumer Cyclical,Leisure,micro,high,high,0.0,0,0.0,0,0,,False,
PUSH,Financial,Exchange Traded Fund,unknown,low,low,0.0,0,0.0,0,0,,False,
PVAL,Financial,Exchange Traded Fund,unknown,low,mid,0.0,0,0.0,0,0,,False,
PVEX,Financial,Exchange Traded Fund,unknown,low,mid,0.0,0,0.0,0,0,,False,
PVH,Consumer Cyclical,Apparel Manufacturing,mid,mid,high,0.0,0,0.0,0,0,,False,
PVI,Financial,Exchange Traded Fund,unknown,low,low,0.0,0,0.0,0,0,,False,
PVL,Energy,Oil & Gas E&P,micro,mid,low,0.0,0,0.0,0,0,,False,
PVLA,Healthcare,Biotechnology,mid,high,low,0.0,0,0.0,0,0,,False,
PW,Real Estate,REIT - Specialty,micro,high,high,0.0,0,0.0,0,0,,False,
PWB,Financial,Exchange Traded Fund,unknown,mid,mid,0.0,0,0.0,0,0,,False,
PWCM,Financial,Capital Markets,micro,high,high,0.0,0,0.0,0,0,,False,
PWER,Financial,Exchange Traded Fund,unknown,low,mid,0.0,0,0.0,0,0,,False,
PWP,Financial,Capital Markets,small,high,high,0.0,0,0.0,0,0,,False,
PWR,Industrials,Engineering & Construction,large,mid,mid,0.0,0,0.0,0,0,,False,
PWRD,Financial,Exchange Traded Fund,unknown,mid,mid,0.0,0,0.0,0,0,,False,
PWRL,Financial,Closed-End Fund - Equity,small,high,unknown,0.0,0,0.0,0,0,,False,
PWRZ,Financial,Exchange Traded Fund,unknown,low,low,0.0,0,0.0,0,0,,False,
PWS,Financial,Exchange Traded Fund,unknown,low,low,0.0,0,0.0,0,0,,False,
PWV,Financial,Exchange Traded Fund,unknown,low,low,0.0,0,0.0,0,0,,False,
PWZ,Financial,Exchange Traded Fund,unknown,low,low,0.0,0,0.0,0,0,,False,
PXE,Financial,Exchange Traded Fund,unknown,mid,low,0.0,0,0.0,0,0,,False,
PXED,Consumer Defensive,Education & Training Services,small,high,unknown,0.0,0,0.0,0,0,,False,
PXF,Financial,Exchange Traded Fund,unknown,low,low,0.0,0,0.0,0,0,,False,
PXH,Financial,Exchange Traded Fund,unknown,low,low,0.0,0,0.0,0,0,,False,
PXI,Financial,Exchange Traded Fund,unknown,low,low,0.0,0,0.0,0,0,,False,
PXJ,Financial,Exchange Traded Fund,unknown,mid,low,0.0,0,0.0,0,0,,False,
PXLW,Technology,Semiconductors,micro,high,high,0.0,0,0.0,0,0,,False,
PXS,Energy,Oil & Gas Midstream,micro,mid,low,0.0,0,0.0,0,0,,False,
PY,Financial,Exchange Traded Fund,unknown,low,mid,0.0,0,0.0,0,0,,False,
PYLD,Financial,Exchange Traded Fund,unknown,low,low,0.0,0,0.0,0,0,,False,
PYPD,Healthcare,Biotechnology,micro,high,high,0.0,0,0.0,0,0,,False,
PYPG,Financial,Exchange Traded Fund,unknown,mid,high,0.0,0,0.0,0,0,,False,
PYPL,Financial,Credit Services,large,mid,high,0.0,0,0.0,0,0,,False,
PYPU,Financial,Exchange Traded Fund,unknown,mid,unknown,0.0,0,0.0,0,0,,False,
PYPY,Financial,Exchange Traded Fund,unknown,low,low,0.0,0,0.0,0,0,,False,
PYXS,Healthcare,Biotechnology,micro,high,high,0.0,0,0.0,0,0,,False,
PYZ,Financial,Exchange Traded Fund,unknown,low,mid,0.0,0,0.0,0,0,,False,
PZA,Financial,Exchange Traded Fund,unknown,low,low,0.0,0,0.0,0,0,,False,
PZG,Basic Materials,Gold,micro,high,high,0.0,0,0.0,0,0,,False,
PZIV,Financial,Exchange Traded Fund,unknown,low,unknown,0.0,0,0.0,0,0,,False,
PZLV,Financial,Exchange Traded Fund,unknown,low,unknown,0.0,0,0.0,0,0,,False,
PZT,Financial,Exchange Traded Fund,unknown,low,low,0.0,0,0.0,0,0,,False,
PZZA,Consumer Cyclical,Restaurants,small,high,mid,0.0,0,0.0,0,0,,False,
Q,Technology,Semiconductor Equipment & Materials,large,high,unknown,0.0,0,0.0,0,0,,False,
QABA,Financial,Exchange Traded Fund,unknown,low,low,0.0,0,0.0,0,0,,False,
QADR,Financial,Shell Companies,micro,low,unknown,0.0,0,0.0,0,0,,False,
QAI,Financial,Exchange Traded Fund,unknown,low,low,0.0,0,0.0,0,0,,False,
QALT,Financial,Exchange Traded Fund,unknown,low,low,0.0,0,0.0,0,0,,False,
QARP,Financial,Exchange Traded Fund,unknown,low,mid,0.0,0,0.0,0,0,,False,
QAT,Financial,Exchange Traded Fund,unknown,low,low,0.0,0,0.0,0,0,,False,
QAU,Financial,Exchange Traded Fund,unknown,low,unknown,0.0,0,0.0,0,0,,False,
QB,Financial,Exchange Traded Fund,unknown,low,low,0.0,0,0.0,0,0,,False,
QBER,Financial,Exchange Traded Fund,unknown,low,low,0.0,0,0.0,0,0,,False,
QBF,Financial,Exchange Traded Fund,unknown,low,mid,0.0,0,0.0,0,0,,False,
QBIF,Financial,Exchange Traded Fund,unknown,low,unknown,0.0,0,0.0,0,0,,False,
QBIG,Financial,Exchange Traded Fund,unknown,low,high,0.0,0,0.0,0,0,,False,
QBIV,Financial,Exchange Traded Fund,unknown,low,unknown,0.0,0,0.0,0,0,,False,
QBKF,Financial,Exchange Traded Fund,unknown,low,unknown,0.0,0,0.0,0,0,,False,
QBKV,Financial,Exchange Traded Fund,unknown,low,unknown,0.0,0,0.0,0,0,,False,
QBQF,Financial,Exchange Traded Fund,unknown,low,unknown,0.0,0,0.0,0,0,,False,
QBQV,Financial,Exchange Traded Fund,unknown,low,unknown,0.0,0,0.0,0,0,,False,
QBSF,Financial,Exchange Traded Fund,unknown,low,low,0.0,0,0.0,0,0,,False,
QBSV,Financial,Exchange Traded Fund,unknown,low,unknown,0.0,0,0.0,0,0,,False,
QBTS,Technology,Computer Hardware,mid,high,high,0.0,0,0.0,0,0,,False,
QBTX,Financial,Exchange Traded Fund,unknown,high,high,0.0,0,0.0,0,0,,False,
QBTZ,Financial,Exchange Traded Fund,unknown,high,unknown,0.0,0,0.0,0,0,,False,
QBUF,Financial,Exchange Traded Fund,unknown,low,low,0.0,0,0.0,0,0,,False,
QBUL,Financial,Exchange Traded Fund,unknown,low,low,0.0,0,0.0,0,0,,False,
QBY,Financial,Exchange Traded Fund,unknown,low,unknown,0.0,0,0.0,0,0,,False,
QCAP,Financial,Exchange Traded Fund,unknown,low,low,0.0,0,0.0,0,0,,False,
QCJA,Financial,Exchange Traded Fund,unknown,low,low,0.0,0,0.0,0,0,,False,
QCJL,Financial,Exchange Traded Fund,unknown,low,low,0.0,0,0.0,0,0,,False,
QCLN,Financial,Exchange Traded Fund,unknown,mid,high,0.0,0,0.0,0,0,,False,
QCLR,Financial,Exchange Traded Fund,unknown,low,low,0.0,0,0.0,0,0,,False,
QCLS,Technology,Computer Hardware,micro,high,high,0.0,0,0.0,0,0,,False,
QCMD,Financial,Exchange Traded Fund,unknown,mid,low,0.0,0,0.0,0,0,,False,
QCML,Financial,Exchange Traded Fund,unknown,high,high,0.0,0,0.0,0,0,,False,
QCMU,Financial,Exchange Traded Fund,unknown,high,high,0.0,0,0.0,0,0,,False,
QCOC,Financial,Exchange Traded Fund,unknown,low,low,0.0,0,0.0,0,0,,False,
QCOM,Technology,Semiconductors,large,high,high,0.0,0,0.0,0,0,,False,
QCRH,Financial,Banks - Regional,small,mid,low,0.0,0,0.0,0,0,,False,
QDEC,Financial,Exchange Traded Fund,unknown,low,low,0.0,0,0.0,0,0,,False,
QDEF,Financial,Exchange Traded Fund,unknown,low,mid,0.0,0,0.0,0,0,,False,
QDEL,Healthcare,Medical Devices,small,high,low,0.0,0,0.0,0,0,,False,
QDF,Financial,Exchange Traded Fund,unknown,low,mid,0.0,0,0.0,0,0,,False,
QDIV,Financial,Exchange Traded Fund,unknown,low,low,0.0,0,0.0,0,0,,False,
QDPL,Financial,Exchange Traded Fund,unknown,low,mid,0.0,0,0.0,0,0,,False,
QDTE,Financial,Exchange Traded Fund,unknown,low,mid,0.0,0,0.0,0,0,,False,
QDTY,Financial,Exchange Traded Fund,unknown,low,high,0.0,0,0.0,0,0,,False,
QDVO,Financial,Exchange Traded Fund,unknown,low,mid,0.0,0,0.0,0,0,,False,
QEFA,Financial,Exchange Traded Fund,unknown,low,low,0.0,0,0.0,0,0,,False,
QEMM,Financial,Exchange Traded Fund,unknown,low,low,0.0,0,0.0,0,0,,False,
QETA,Financial,Shell Companies,micro,mid,low,0.0,0,0.0,0,0,,False,
QETH,Financial,Exchange Traded Fund,unknown,mid,high,0.0,0,0.0,0,0,,False,
QEW,Financial,Exchange Traded Fund,unknown,low,unknown,0.0,0,0.0,0,0,,False,
QFF,Financial,Exchange Traded Fund,unknown,low,unknown,0.0,0,0.0,0,0,,False,
QFHD,Financial,Exchange Traded Fund,unknown,low,unknown,0.0,0,0.0,0,0,,False,
QFIN,Financial,Credit Services,small,mid,low,0.0,1,0.0,0,0,,False,
QFLR,Financial,Exchange Traded Fund,unknown,low,low,0.0,0,0.0,0,0,,False,
QFRD,Financial,Exchange Traded Fund,unknown,low,unknown,0.0,0,0.0,0,0,,False,
QGEN,Healthcare,Diagnostics & Research,mid,mid,low,0.0,0,0.0,0,0,,False,
QGRD,Financial,Exchange Traded Fund,unknown,low,mid,0.0,0,0.0,0,0,,False,
QGRO,Financial,Exchange Traded Fund,unknown,low,mid,0.0,0,0.0,0,0,,False,
QGRW,Financial,Exchange Traded Fund,unknown,low,high,0.0,0,0.0,0,0,,False,
QH,Technology,Software - Application,large,high,mid,0.0,1,0.0,0,0,,False,
QHY,Financial,Exchange Traded Fund,unknown,low,low,0.0,0,0.0,0,0,,False,
QID,Financial,Exchange Traded Fund,unknown,mid,low,0.0,0,0.0,0,0,,False,
QIDX,Financial,Exchange Traded Fund,unknown,low,low,0.0,0,0.0,0,0,,False,
QIG,Financial,Exchange Traded Fund,unknown,low,low,0.0,0,0.0,0,0,,False,
QINT,Financial,Exchange Traded Fund,unknown,low,mid,0.0,0,0.0,0,0,,False,
QIS,Financial,Exchange Traded Fund,unknown,mid,low,0.0,0,0.0,0,0,,False,
QJL,Financial,Exchange Traded Fund,unknown,low,unknown,0.0,0,0.0,0,0,,False,
QJN,Financial,Exchange Traded Fund,unknown,low,unknown,0.0,0,0.0,0,0,,False,
QJUN,Financial,Exchange Traded Fund,unknown,low,low,0.0,0,0.0,0,0,,False,
QLC,Financial,Exchange Traded Fund,unknown,low,mid,0.0,0,0.0,0,0,,False,
QLD,Financial,Exchange Traded Fund,unknown,mid,high,0.0,0,0.0,0,0,,False,
QLDY,Financial,Exchange Traded Fund,unknown,mid,unknown,0.0,0,0.0,0,0,,False,
QLEP,Financial,Shell Companies,micro,low,unknown,0.0,0,0.0,0,0,,False,
QLTA,Financial,Exchange Traded Fund,unknown,low,low,0.0,0,0.0,0,0,,False,
QLTI,Financial,Exchange Traded Fund,unknown,low,low,0.0,0,0.0,0,0,,False,
QLTY,Financial,Exchange Traded Fund,unknown,low,mid,0.0,0,0.0,0,0,,False,
QLV,Financial,Exchange Traded Fund,unknown,low,low,0.0,0,0.0,0,0,,False,
QLVD,Financial,Exchange Traded Fund,unknown,low,low,0.0,0,0.0,0,0,,False,
QLVE,Financial,Exchange Traded Fund,unknown,low,low,0.0,0,0.0,0,0,,False,
QLYS,Technology,Software - Infrastructure,mid,high,low,0.0,0,0.0,0,0,,False,
QMAG,Financial,Exchange Traded Fund,unknown,low,low,0.0,0,0.0,0,0,,False,
QMAR,Financial,Exchange Traded Fund,unknown,low,low,0.0,0,0.0,0,0,,False,
QMCO,Technology,Computer Hardware,small,high,high,0.0,0,0.0,0,0,,False,
QMFE,Financial,Exchange Traded Fund,unknown,low,low,0.0,0,0.0,0,0,,False,
QMID,Financial,Exchange Traded Fund,unknown,low,mid,0.0,0,0.0,0,0,,False,
QMLS,Technology,Software - Infrastructure,micro,high,unknown,0.0,0,0.0,0,0,,False,
QMMY,Financial,Exchange Traded Fund,unknown,low,low,0.0,0,0.0,0,0,,False,
QMNV,Financial,Exchange Traded Fund,unknown,low,low,0.0,0,0.0,0,0,,False,
QMOM,Financial,Exchange Traded Fund,unknown,mid,mid,0.0,0,0.0,0,0,,False,
QMY,Financial,Exchange Traded Fund,unknown,low,unknown,0.0,0,0.0,0,0,,False,
QNC,Technology,Software - Infrastructure,small,high,low,0.0,0,0.0,0,0,,False,
QNCX,Healthcare,Biotechnology,micro,high,high,0.0,0,0.0,0,0,,False,
QNDX,Financial,Exchange Traded Fund,unknown,low,unknown,0.0,0,0.0,0,0,,False,
QNME,Industrials,Integrated Freight & Logistics,micro,high,high,0.0,0,0.0,0,0,,False,
QNRX,Healthcare,Biotechnology,micro,high,high,0.0,0,0.0,0,0,,False,
QNST,Communication Services,Advertising Agencies,small,high,low,0.0,0,0.0,0,0,,False,
QNT,Technology,Software - Application,large,high,unknown,0.0,0,0.0,0,0,,False,
QNTM,Healthcare,Biotechnology,micro,high,low,0.0,0,0.0,0,0,,False,
QNTU,Financial,Exchange Traded Fund,unknown,high,unknown,0.0,0,0.0,0,0,,False,
QNXT,Financial,Exchange Traded Fund,unknown,low,mid,0.0,0,0.0,0,0,,False,
QOWZ,Financial,Exchange Traded Fund,unknown,low,mid,0.0,0,0.0,0,0,,False,
QPUX,Financial,Exchange Traded Fund,unknown,high,high,0.0,0,0.0,0,0,,False,
QPX,Financial,Exchange Traded Fund,unknown,low,mid,0.0,0,0.0,0,0,,False,
QQA,Financial,Exchange Traded Fund,unknown,low,mid,0.0,0,0.0,0,0,,False,
QQAU,Financial,Exchange Traded Fund,unknown,low,unknown,0.0,0,0.0,0,0,,False,
QQDN,Financial,Exchange Traded Fund,unknown,mid,low,0.0,0,0.0,0,0,,False,
QQEW,Financial,Exchange Traded Fund,unknown,low,mid,0.0,0,0.0,0,0,,False,
QQH,Financial,Exchange Traded Fund,unknown,mid,mid,0.0,0,0.0,0,0,,False,
QQHG,Financial,Exchange Traded Fund,unknown,low,mid,0.0,0,0.0,0,0,,False,
QQJL,Financial,Exchange Traded Fund,unknown,low,unknown,0.0,0,0.0,0,0,,False,
QQJN,Financial,Exchange Traded Fund,unknown,low,unknown,0.0,0,0.0,0,0,,False,
QQLV,Financial,Exchange Traded Fund,unknown,low,low,0.0,0,0.0,0,0,,False,
QQMG,Financial,Exchange Traded Fund,unknown,low,mid,0.0,0,0.0,0,0,,False,
QQMY,Financial,Exchange Traded Fund,unknown,low,unknown,0.0,0,0.0,0,0,,False,
QQQ,Financial,Exchange Traded Fund,unknown,low,mid,0.0,0,0.0,0,0,,False,
QQQA,Financial,Exchange Traded Fund,unknown,mid,high,0.0,0,0.0,0,0,,False,
QQQD,Financial,Exchange Traded Fund,unknown,low,low,0.0,0,0.0,0,0,,False,
QQQE,Financial,Exchange Traded Fund,unknown,low,mid,0.0,0,0.0,0,0,,False,
QQQG,Financial,Exchange Traded Fund,unknown,mid,high,0.0,0,0.0,0,0,,False,
QQQH,Financial,Exchange Traded Fund,unknown,low,low,0.0,0,0.0,0,0,,False,
QQQI,Financial,Exchange Traded Fund,unknown,low,mid,0.0,0,0.0,0,0,,False,
QQQJ,Financial,Exchange Traded Fund,unknown,low,mid,0.0,0,0.0,0,0,,False,
QQQM,Financial,Exchange Traded Fund,unknown,low,mid,0.0,0,0.0,0,0,,False,
QQQP,Financial,Exchange Traded Fund,unknown,mid,high,0.0,0,0.0,0,0,,False,
QQQS,Financial,Exchange Traded Fund,unknown,low,high,0.0,0,0.0,0,0,,False,
QQQT,Financial,Exchange Traded Fund,unknown,low,high,0.0,0,0.0,0,0,,False,
QQQU,Financial,Exchange Traded Fund,unknown,mid,high,0.0,0,0.0,0,0,,False,
QQQX,Financial,Closed-End Fund - Equity,small,low,mid,0.0,0,0.0,0,0,,False,
QQQY,Financial,Exchange Traded Fund,unknown,low,mid,0.0,0,0.0,0,0,,False,
QQUP,Financial,Exchange Traded Fund,unknown,mid,high,0.0,0,0.0,0,0,,False,
QQWZ,Financial,Exchange Traded Fund,unknown,low,low,0.0,0,0.0,0,0,,False,
QQXL,Financial,Exchange Traded Fund,unknown,mid,high,0.0,0,0.0,0,0,,False,
QQXT,Financial,Exchange Traded Fund,unknown,low,mid,0.0,0,0.0,0,0,,False,
QRED,Financial,Shell Companies,micro,low,unknown,0.0,0,0.0,0,0,,False,
QRHC,Industrials,Waste Management,micro,high,low,0.0,0,0.0,0,0,,False,
QRMI,Financial,Exchange Traded Fund,unknown,low,low,0.0,0,0.0,0,0,,False,
QRVO,Technology,Semiconductors,mid,mid,high,0.0,0,0.0,0,0,,False,
QS,Consumer Cyclical,Auto Parts,mid,high,high,0.0,0,0.0,0,0,,False,
QSEA,Financial,Shell Companies,micro,low,low,0.0,0,0.0,0,0,,False,
QSI,Healthcare,Medical Devices,micro,high,high,0.0,0,0.0,0,0,,False,
QSIG,Financial,Exchange Traded Fund,unknown,low,low,0.0,0,0.0,0,0,,False,
QSIX,Financial,Exchange Traded Fund,unknown,low,mid,0.0,0,0.0,0,0,,False,
QSML,Financial,Exchange Traded Fund,unknown,low,mid,0.0,0,0.0,0,0,,False,
QSOL,Financial,Exchange Traded Fund,unknown,mid,unknown,0.0,0,0.0,0,0,,False,
QSPT,Financial,Exchange Traded Fund,unknown,low,low,0.0,0,0.0,0,0,,False,
QSR,Consumer Cyclical,Restaurants,large,mid,low,0.0,0,0.0,0,0,,False,
QSU,Financial,Exchange Traded Fund,unknown,high,unknown,0.0,0,0.0,0,0,,False,
QTAC,Financial,Exchange Traded Fund,unknown,mid,unknown,0.0,0,0.0,0,0,,False,
QTAP,Financial,Exchange Traded Fund,unknown,low,mid,0.0,0,0.0,0,0,,False,
QTEC,Financial,Exchange Traded Fund,unknown,mid,high,0.0,0,0.0,0,0,,False,
QTEX,Technology,Computer Hardware,micro,high,high,0.0,0,0.0,0,0,,False,
QTI,Healthcare,Medical Devices,micro,high,low,0.0,0,0.0,0,0,,False,
QTJA,Financial,Exchange Traded Fund,unknown,low,mid,0.0,0,0.0,0,0,,False,
QTJL,Financial,Exchange Traded Fund,unknown,low,mid,0.0,0,0.0,0,0,,False,
QTOC,Financial,Exchange Traded Fund,unknown,low,mid,0.0,0,0.0,0,0,,False,
QTOP,Financial,Exchange Traded Fund,unknown,mid,high,0.0,0,0.0,0,0,,False,
QTPI,Financial,Exchange Traded Fund,unknown,low,low,0.0,0,0.0,0,0,,False,
QTR,Financial,Exchange Traded Fund,unknown,low,mid,0.0,0,0.0,0,0,,False,
QTRX,Healthcare,Medical Devices,micro,high,mid,0.0,0,0.0,0,0,,False,
QTTB,Healthcare,Biotechnology,small,high,low,0.0,0,0.0,0,0,,False,
QTUM,Financial,Exchange Traded Fund,unknown,mid,high,0.0,0,0.0,0,0,,False,
QTUP,Financial,Exchange Traded Fund,unknown,high,unknown,0.0,0,0.0,0,0,,False,
QTWO,Technology,Software - Application,mid,mid,high,0.0,0,0.0,0,0,,False,
QUA,Financial,Exchange Traded Fund,unknown,high,unknown,0.0,0,0.0,0,0,,False,
QUAD,Industrials,Specialty Business Services,small,mid,mid,0.0,0,0.0,0,0,,False,
QUAL,Financial,Exchange Traded Fund,unknown,low,mid,0.0,0,0.0,0,0,,False,
QUBT,Technology,Computer Hardware,mid,high,high,0.0,0,0.0,0,0,,False,
QUBX,Financial,Exchange Traded Fund,unknown,high,high,0.0,0,0.0,0,0,,False,
QUCY,Healthcare,Diagnostics & Research,micro,high,high,0.0,0,0.0,0,0,,False,
QUIK,Technology,Semiconductors,micro,high,mid,0.0,0,0.0,0,0,,False,
QUIZ,Financial,Exchange Traded Fund,unknown,mid,low,0.0,0,0.0,0,0,,False,
QULL,Financial,Exchange Traded Fund,unknown,low,high,0.0,0,0.0,0,0,,False,
QUMS,Financial,Shell Companies,micro,low,unknown,0.0,0,0.0,0,0,,False,
QURE,Healthcare,Biotechnology,mid,high,mid,0.0,0,0.0,0,0,,False,
QUS,Financial,Exchange Traded Fund,unknown,low,mid,0.0,0,0.0,0,0,,False,
QUSA,Financial,Exchange Traded Fund,unknown,low,low,0.0,0,0.0,0,0,,False,
QVAL,Financial,Exchange Traded Fund,unknown,low,mid,0.0,0,0.0,0,0,,False,
QVC,Consumer Cyclical,Internet Retail,unknown,unknown,unknown,0.0,0,0.0,0,0,,False,
QVCG,Consumer Cyclical,Internet Retail,micro,high,unknown,0.0,0,0.0,0,0,,False,
QVML,Financial,Exchange Traded Fund,unknown,low,mid,0.0,0,0.0,0,0,,False,
QVMM,Financial,Exchange Traded Fund,unknown,low,mid,0.0,0,0.0,0,0,,False,
QVMS,Financial,Exchange Traded Fund,unknown,low,mid,0.0,0,0.0,0,0,,False,
QVMT,Financial,Exchange Traded Fund,unknown,low,mid,0.0,0,0.0,0,0,,False,
QVOL,Financial,Exchange Traded Fund,unknown,low,unknown,0.0,0,0.0,0,0,,False,
QVOY,Financial,Exchange Traded Fund,unknown,low,mid,0.0,0,0.0,0,0,,False,
QWLD,Financial,Exchange Traded Fund,unknown,low,low,0.0,0,0.0,0,0,,False,
QXL,Technology,Information Technology Services,micro,high,mid,0.0,0,0.0,0,0,,False,
QXO,Industrials,Industrial Distribution,large,high,high,0.0,0,0.0,0,0,,False,
QXQ,Financial,Exchange Traded Fund,unknown,low,high,0.0,0,0.0,0,0,,False,
QYLD,Financial,Exchange Traded Fund,unknown,low,low,0.0,0,0.0,0,0,,False,
QYLG,Financial,Exchange Traded Fund,unknown,low,mid,0.0,0,0.0,0,0,,False,
R,Industrials,Rental & Leasing Services,large,mid,mid,0.0,0,0.0,0,0,,False,
RA,Financial,Closed-End Fund - Debt,small,low,low,0.0,0,0.0,0,0,,False,
RAA,Financial,Exchange Traded Fund,unknown,low,low,0.0,0,0.0,0,0,,False,
RAAA,Financial,Exchange Traded Fund,unknown,low,low,0.0,0,0.0,0,0,,False,
RAAR,Financial,Exchange Traded Fund,unknown,low,unknown,0.0,0,0.0,0,0,,False,
RAAX,Financial,Exchange Traded Fund,unknown,low,low,0.0,0,0.0,0,0,,False,
RAC,Financial,Shell Companies,micro,low,low,0.0,0,0.0,0,0,,False,
RACC,Financial,Shell Companies,micro,high,unknown,0.0,0,0.0,0,0,,False,
RACD,Financial,Shell Companies,micro,mid,unknown,0.0,0,0.0,0,0,,False,
RACE,Consumer Cyclical,Auto Manufacturers,large,mid,mid,0.0,0,0.0,0,0,,False,
RACK,Financial,Exchange Traded Fund,unknown,mid,unknown,0.0,0,0.0,0,0,,False,
RADX,Healthcare,Biotechnology,micro,high,mid,0.0,0,0.0,0,0,,False,
RAFE,Financial,Exchange Traded Fund,unknown,low,mid,0.0,0,0.0,0,0,,False,
RAIL,Industrials,Railroads,micro,high,high,0.0,0,0.0,0,0,,False,
RAIN,Industrials,Pollution & Treatment Controls,micro,high,low,0.0,0,0.0,0,0,,False,
RAL,Technology,Electronic Components,mid,mid,high,0.0,0,0.0,0,0,,False,
RAM,Financial,Exchange Traded Fund,unknown,high,unknown,0.0,0,0.0,0,0,,False,
RAML,Financial,Exchange Traded Fund,unknown,high,unknown,0.0,0,0.0,0,0,,False,
RAMP,Technology,Software - Infrastructure,mid,low,mid,0.0,0,0.0,0,0,,False,
RAMZ,Financial,Exchange Traded Fund,unknown,high,unknown,0.0,0,0.0,0,0,,False,
RAND,Financial,Asset Management,micro,low,low,0.0,0,0.0,0,0,,False,
RANG,Financial,Shell Companies,micro,low,low,0.0,0,0.0,0,0,,False,
RANI,Healthcare,Biotechnology,micro,high,low,0.0,0,0.0,0,0,,False,
RANK,Financial,Exchange Traded Fund,unknown,mid,unknown,0.0,0,0.0,0,0,,False,
RAPP,Healthcare,Biotechnology,mid,high,mid,0.0,0,0.0,0,0,,False,
RARE,Healthcare,Biotechnology,mid,high,low,0.0,0,0.0,0,0,,False,
RAUS,Financial,Exchange Traded Fund,unknown,low,unknown,0.0,0,0.0,0,0,,False,
RAVE,Consumer Cyclical,Restaurants,micro,mid,low,0.0,0,0.0,0,0,,False,
RAVI,Financial,Exchange Traded Fund,unknown,low,low,0.0,0,0.0,0,0,,False,
RAY,Consumer Defensive,Household & Personal Products,micro,high,low,0.0,0,0.0,0,0,,False,
RAYA,Industrials,Electrical Equipment & Parts,micro,high,mid,0.0,1,0.0,0,0,,False,
RAYJ,Financial,Exchange Traded Fund,unknown,low,mid,0.0,0,0.0,0,0,,False,
RB,Financial,Exchange Traded Fund,unknown,low,low,0.0,0,0.0,0,0,,False,
RBA,Industrials,Specialty Business Services,large,mid,low,0.0,0,0.0,0,0,,False,
RBB,Financial,Banks - Regional,small,mid,mid,0.0,0,0.0,0,0,,False,
RBBN,Technology,Software - Application,small,high,high,0.0,0,0.0,0,0,,False,
RBC,Industrials,Tools & Accessories,large,mid,high,0.0,0,0.0,0,0,,False,
RBCAA,Financial,Banks - Regional,small,mid,low,0.0,0,0.0,0,0,,False,
RBIL,Financial,Exchange Traded Fund,unknown,low,low,0.0,0,0.0,0,0,,False,
RBKB,Financial,Banks - Regional,micro,mid,low,0.0,0,0.0,0,0,,False,
RBLD,Financial,Exchange Traded Fund,unknown,low,mid,0.0,0,0.0,0,0,,False,
RBLU,Financial,Exchange Traded Fund,unknown,high,high,0.0,0,0.0,0,0,,False,
RBLX,Communication Services,Electronic Gaming & Multimedia,large,high,high,0.0,0,0.0,0,0,,False,
RBLY,Financial,Exchange Traded Fund,unknown,high,low,0.0,0,0.0,0,0,,False,
RBNE,Energy,Oil & Gas Midstream,micro,high,high,0.0,0,0.0,0,0,,False,
RBRK,Technology,Software - Infrastructure,large,mid,high,0.0,0,0.0,0,0,,False,
RBUF,Financial,Exchange Traded Fund,unknown,low,low,0.0,0,0.0,0,0,,False,
RC,Real Estate,REIT - Mortgage,micro,high,high,0.0,0,0.0,0,0,,False,
RCAT,Industrials,Aerospace & Defense,small,high,high,0.0,0,0.0,0,0,,False,
RCAX,Financial,Exchange Traded Fund,unknown,high,unknown,0.0,0,0.0,0,0,,False,
RCBC,Financial,Banks - Regional,small,low,low,0.0,0,0.0,0,0,,False,
RCEL,Healthcare,Medical Devices,micro,high,high,0.0,0,0.0,0,0,,False,
RCG,Financial,Closed-End Fund - Equity,micro,mid,low,0.0,0,0.0,0,0,,False,
RCGE,Financial,Exchange Traded Fund,unknown,low,low,0.0,0,0.0,0,0,,False,
RCI,Communication Services,Telecom Services,large,mid,low,0.0,0,0.0,0,0,,False,
RCKT,Healthcare,Biotechnology,small,high,low,0.0,0,0.0,0,0,,False,
RCKY,Consumer Cyclical,Footwear & Accessories,small,mid,high,0.0,0,0.0,0,0,,False,
RCL,Consumer Cyclical,Travel Services,large,mid,high,0.0,0,0.0,0,0,,False,
RCLO,Financial,Exchange Traded Fund,unknown,low,unknown,0.0,0,0.0,0,0,,False,
RCLR,Financial,Exchange Traded Fund,unknown,low,unknown,0.0,0,0.0,0,0,,False,
RCMT,Industrials,Conglomerates,micro,mid,low,0.0,0,0.0,0,0,,False,
RCON,Energy,Oil & Gas Equipment & Services,micro,high,high,0.0,1,0.0,0,0,,False,
RCS,Financial,Closed-End Fund - Debt,micro,low,mid,0.0,0,0.0,0,0,,False,
RCT,Technology,Software - Application,micro,high,high,0.0,0,0.0,0,0,,False,
RCTR,Financial,Exchange Traded Fund,unknown,low,mid,0.0,0,0.0,0,0,,False,
RCUS,Healthcare,Biotechnology,mid,mid,mid,0.0,0,0.0,0,0,,False,
RDAC,Financial,Shell Companies,micro,high,high,0.0,1,0.0,0,0,,False,
RDAG,Financial,Shell Companies,small,low,low,0.0,0,0.0,0,0,,False,
RDCM,Communication Services,Telecom Services,micro,high,low,0.0,0,0.0,0,0,,False,
RDDC,Financial,Exchange Traded Fund,unknown,high,unknown,0.0,0,0.0,0,0,,False,
RDDT,Communication Services,Internet Content & Information,large,high,high,0.0,0,0.0,0,0,,False,
RDFI,Financial,Exchange Traded Fund,unknown,low,low,0.0,0,0.0,0,0,,False,
RDGT,Healthcare,Pharmaceutical Retailers,micro,high,low,0.0,1,0.0,0,0,,False,
RDHL,Healthcare,Drug Manufacturers - Specialty & Generic,micro,high,high,0.0,0,0.0,0,0,,False,
RDI,Communication Services,Entertainment,micro,high,low,0.0,0,0.0,0,0,,False,
RDIV,Financial,Exchange Traded Fund,unknown,low,low,0.0,0,0.0,0,0,,False,
RDN,Financial,Insurance - Specialty,mid,mid,low,0.0,0,0.0,0,0,,False,
RDNT,Healthcare,Diagnostics & Research,mid,mid,high,0.0,0,0.0,0,0,,False,
RDNW,Consumer Cyclical,Auto & Truck Dealerships,micro,high,mid,0.0,0,0.0,0,0,,False,
RDOG,Financial,Exchange Traded Fund,unknown,low,mid,0.0,0,0.0,0,0,,False,
RDTE,Financial,Exchange Traded Fund,unknown,low,mid,0.0,0,0.0,0,0,,False,
RDTL,Financial,Exchange Traded Fund,unknown,high,high,0.0,0,0.0,0,0,,False,
RDTY,Financial,Exchange Traded Fund,unknown,low,mid,0.0,0,0.0,0,0,,False,
RDVI,Financial,Exchange Traded Fund,unknown,low,mid,0.0,0,0.0,0,0,,False,
RDVT,Technology,Software - Application,small,mid,high,0.0,0,0.0,0,0,,False,
RDVY,Financial,Exchange Traded Fund,unknown,low,mid,0.0,0,0.0,0,0,,False,
RDW,Industrials,Aerospace & Defense,mid,high,high,0.0,0,0.0,0,0,,False,
RDWR,Technology,Software - Infrastructure,small,mid,mid,0.0,0,0.0,0,0,,False,
RDWU,Financial,Exchange Traded Fund,unknown,high,unknown,0.0,0,0.0,0,0,,False,
RDY,Healthcare,Drug Manufacturers - Specialty & Generic,large,mid,low,0.0,0,0.0,0,0,,False,
RDYY,Financial,Exchange Traded Fund,unknown,high,unknown,0.0,0,0.0,0,0,,False,
RDZN,Technology,Software - Application,micro,high,mid,0.0,0,0.0,0,0,,False,
REA,Basic Materials,Other Industrial Metals & Mining,micro,high,unknown,0.0,0,0.0,0,0,,False,
REAI,Financial,Exchange Traded Fund,unknown,low,mid,0.0,0,0.0,0,0,,False,
REAL,Consumer Cyclical,Luxury Goods,small,high,high,0.0,0,0.0,0,0,,False,
REAX,Real Estate,Real Estate Services,small,high,mid,0.0,0,0.0,0,0,,False,
REBN,Consumer Cyclical,Restaurants,micro,high,high,0.0,0,0.0,0,0,,False,
RECI,Financial,Exchange Traded Fund,unknown,low,unknown,0.0,0,0.0,0,0,,False,
RECS,Financial,Exchange Traded Fund,unknown,low,mid,0.0,0,0.0,0,0,,False,
RECT,Consumer Cyclical,Specialty Retail,micro,high,mid,0.0,0,0.0,0,0,,False,
REED,Consumer Defensive,Beverages - Non-Alcoholic,micro,high,low,0.0,0,0.0,0,0,,False,
REET,Financial,Exchange Traded Fund,unknown,low,mid,0.0,0,0.0,0,0,,False,
REF,Consumer Cyclical,Apparel Retail,small,high,unknown,0.0,0,0.0,0,0,,False,
REFA,Financial,Exchange Traded Fund,unknown,low,unknown,0.0,0,0.0,0,0,,False,
REFI,Real Estate,REIT - Mortgage,micro,mid,low,0.0,0,0.0,0,0,,False,
REFR,Technology,Electronic Components,micro,high,low,0.0,0,0.0,0,0,,False,
REG,Real Estate,REIT - Retail,large,low,mid,0.0,0,0.0,0,0,,False,
REGL,Financial,Exchange Traded Fund,unknown,low,low,0.0,0,0.0,0,0,,False,
REGN,Healthcare,Biotechnology,large,mid,low,0.0,0,0.0,0,0,,False,
REGS,Financial,Exchange Traded Fund,unknown,low,unknown,0.0,0,0.0,0,0,,False,
REI,Energy,Oil & Gas E&P,small,high,mid,0.0,0,0.0,0,0,,False,
REIT,Financial,Exchange Traded Fund,unknown,low,mid,0.0,0,0.0,0,0,,False,
REK,Financial,Exchange Traded Fund,unknown,low,low,0.0,0,0.0,0,0,,False,
REKR,Technology,Software - Infrastructure,micro,high,high,0.0,0,0.0,0,0,,False,
RELL,Technology,Electronic Components,micro,high,mid,0.0,0,0.0,0,0,,False,
RELX,Industrials,Specialty Business Services,large,mid,low,0.0,0,0.0,0,0,,False,
RELY,Technology,Software - Infrastructure,mid,mid,low,0.0,0,0.0,0,0,,False,
REM,Financial,Exchange Traded Fund,unknown,low,mid,0.0,0,0.0,0,0,,False,
REMC,Financial,Exchange Traded Fund,unknown,low,unknown,0.0,0,0.0,0,0,,False,
REMG,Financial,Exchange Traded Fund,unknown,low,high,0.0,0,0.0,0,0,,False,
REMX,Financial,Exchange Traded Fund,unknown,mid,high,0.0,0,0.0,0,0,,False,
RENT,Consumer Cyclical,Apparel Retail,micro,high,mid,0.0,0,0.0,0,0,,False,
RENX,Real Estate,Real Estate - Development,micro,high,high,0.0,0,0.0,0,0,,False,
REPL,Healthcare,Biotechnology,small,high,mid,0.0,0,0.0,0,0,,False,
REPX,Energy,Oil & Gas E&P,small,mid,mid,0.0,0,0.0,0,0,,False,
RERE,Consumer Cyclical,Internet Retail,small,mid,low,0.0,1,0.0,0,0,,False,
RES,Energy,Oil & Gas Equipment & Services,small,mid,low,0.0,0,0.0,0,0,,False,
RESM,Financial,Exchange Traded Fund,unknown,low,unknown,0.0,0,0.0,0,0,,False,
RETL,Financial,Exchange Traded Fund,unknown,high,high,0.0,0,0.0,0,0,,False,
RETO,Basic Materials,Building Materials,micro,high,mid,0.0,1,0.0,0,0,,False,
REVB,Healthcare,Biotechnology,micro,high,low,0.0,0,0.0,0,0,,False,
REVS,Financial,Exchange Traded Fund,unknown,low,mid,0.0,0,0.0,0,0,,False,
REW,Financial,Exchange Traded Fund,unknown,high,low,0.0,0,0.0,0,0,,False,
REX,Basic Materials,Chemicals,small,mid,low,0.0,0,0.0,0,0,,False,
REXC,Financial,Exchange Traded Fund,unknown,mid,unknown,0.0,0,0.0,0,0,,False,
REXR,Real Estate,REIT - Industrial,mid,mid,mid,0.0,0,0.0,0,0,,False,
REYN,Consumer Cyclical,Packaging & Containers,mid,mid,low,0.0,0,0.0,0,0,,False,
REZ,Financial,Exchange Traded Fund,unknown,low,mid,0.0,0,0.0,0,0,,False,
REZI,Industrials,Industrial Distribution,mid,high,high,0.0,0,0.0,0,0,,False,
REZI-WI,Industrials,Security & Protection Services,unknown,unknown,unknown,0.0,0,0.0,0,0,,False,
RF,Financial,Banks - Regional,large,low,mid,0.0,0,0.0,0,0,,False,
RFAI,Financial,Shell Companies,micro,low,low,0.0,0,0.0,0,0,,False,
RFAM,Financial,Shell Companies,micro,low,unknown,0.0,0,0.0,0,0,,False,
RFCI,Financial,Exchange Traded Fund,unknown,low,low,0.0,0,0.0,0,0,,False,
RFDA,Financial,Exchange Traded Fund,unknown,low,mid,0.0,0,0.0,0,0,,False,
RFDI,Financial,Exchange Traded Fund,unknown,low,mid,0.0,0,0.0,0,0,,False,
RFEM,Financial,Exchange Traded Fund,unknown,low,mid,0.0,0,0.0,0,0,,False,
RFFC,Financial,Exchange Traded Fund,unknown,low,mid,0.0,0,0.0,0,0,,False,
RFG,Financial,Exchange Traded Fund,unknown,low,mid,0.0,0,0.0,0,0,,False,
RFI,Financial,Closed-End Fund - Equity,small,low,mid,0.0,0,0.0,0,0,,False,
RFIL,Industrials,Electrical Equipment & Parts,micro,high,high,0.0,0,0.0,0,0,,False,
RFIX,Financial,Exchange Traded Fund,unknown,mid,low,0.0,0,0.0,0,0,,False,
RFL,Real Estate,Real Estate Services,micro,high,low,0.0,0,0.0,0,0,,False,
RFLR,Financial,Exchange Traded Fund,unknown,low,low,0.0,0,0.0,0,0,,False,
RFM,Financial,Asset Management,micro,low,low,0.0,0,0.0,0,0,,False,
RFMZ,Financial,Asset Management,small,low,low,0.0,0,0.0,0,0,,False,
RFV,Financial,Exchange Traded Fund,unknown,low,mid,0.0,0,0.0,0,0,,False,
RGA,Financial,Insurance - Reinsurance,large,mid,low,0.0,0,0.0,0,0,,False,
RGC,Healthcare,Drug Manufacturers - Specialty & Generic,mid,high,high,0.0,0,0.0,0,0,,False,
RGCO,Utilities,Utilities - Regulated Gas,micro,mid,low,0.0,0,0.0,0,0,,False,
RGEF,Financial,Exchange Traded Fund,unknown,low,mid,0.0,0,0.0,0,0,,False,
RGEN,Healthcare,Medical Instruments & Supplies,mid,mid,mid,0.0,0,0.0,0,0,,False,
RGLD,Basic Materials,Gold,large,mid,low,0.0,0,0.0,0,0,,False,
RGLO,Financial,Exchange Traded Fund,unknown,low,mid,0.0,0,0.0,0,0,,False,
RGNT,Healthcare,Medical Instruments & Supplies,micro,high,unknown,0.0,0,0.0,0,0,,False,
RGNX,Healthcare,Biotechnology,small,high,mid,0.0,0,0.0,0,0,,False,
RGP,Industrials,Consulting Services,micro,high,low,0.0,0,0.0,0,0,,False,
RGR,Industrials,Aerospace & Defense,small,mid,low,0.0,0,0.0,0,0,,False,
RGS,Consumer Cyclical,Personal Services,micro,mid,high,0.0,0,0.0,0,0,,False,
RGT,Financial,Closed-End Fund - Equity,micro,low,mid,0.0,0,0.0,0,0,,False,
RGTC,Financial,Exchange Traded Fund,unknown,high,unknown,0.0,0,0.0,0,0,,False,
RGTI,Technology,Computer Hardware,mid,high,high,0.0,0,0.0,0,0,,False,
RGTU,Financial,Exchange Traded Fund,unknown,high,high,0.0,0,0.0,0,0,,False,
RGTX,Financial,Exchange Traded Fund,unknown,high,high,0.0,0,0.0,0,0,,False,
RGTZ,Financial,Exchange Traded Fund,unknown,high,unknown,0.0,0,0.0,0,0,,False,
RGYY,Financial,Exchange Traded Fund,unknown,low,unknown,0.0,0,0.0,0,0,,False,
RH,Consumer Cyclical,Specialty Retail,mid,high,high,0.0,0,0.0,0,0,,False,
RHI,Industrials,Staffing & Employment Services,mid,high,low,0.0,0,0.0,0,0,,False,
RHLD,Industrials,Specialty Business Services,small,high,low,0.0,0,0.0,0,0,,False,
RHP,Real Estate,REIT - Hotel & Motel,mid,mid,mid,0.0,0,0.0,0,0,,False,
RHRX,Financial,Exchange Traded Fund,unknown,low,mid,0.0,0,0.0,0,0,,False,
RHTX,Financial,Exchange Traded Fund,unknown,low,mid,0.0,0,0.0,0,0,,False,
RIBB,Financial,Shell Companies,micro,low,low,0.0,0,0.0,0,0,,False,
RICK,Consumer Cyclical,Restaurants,micro,mid,low,0.0,0,0.0,0,0,,False,
RIET,Financial,Exchange Traded Fund,unknown,low,mid,0.0,0,0.0,0,0,,False,
RIFR,Financial,Exchange Traded Fund,unknown,low,low,0.0,0,0.0,0,0,,False,
RIG,Energy,Oil & Gas Drilling,mid,mid,high,0.0,0,0.0,0,0,,False,
RIGL,Healthcare,Biotechnology,small,mid,mid,0.0,0,0.0,0,0,,False,
RIGS,Financial,Exchange Traded Fund,unknown,low,low,0.0,0,0.0,0,0,,False,
RILA,Financial,Exchange Traded Fund,unknown,low,mid,0.0,0,0.0,0,0,,False,
RILY,Financial,Financial Conglomerates,small,high,mid,0.0,0,0.0,0,0,,False,
RIME,Technology,Consumer Electronics,micro,high,low,0.0,0,0.0,0,0,,False,
RINF,Financial,Exchange Traded Fund,unknown,low,low,0.0,0,0.0,0,0,,False,
RING,Financial,Exchange Traded Fund,unknown,mid,low,0.0,0,0.0,0,0,,False,
RINT,Financial,Exchange Traded Fund,unknown,low,low,0.0,0,0.0,0,0,,False,
RIO,Basic Materials,Other Industrial Metals & Mining,large,mid,low,0.0,0,0.0,0,0,,False,
RIOT,Financial,Capital Markets,mid,high,high,0.0,0,0.0,0,0,,False,
RIOX,Financial,Exchange Traded Fund,unknown,high,high,0.0,0,0.0,0,0,,False,
RISE,Financial,Exchange Traded Fund,unknown,low,unknown,0.0,0,0.0,0,0,,False,
RISN,Financial,Exchange Traded Fund,unknown,low,low,0.0,0,0.0,0,0,,False,
RISR,Financial,Exchange Traded Fund,unknown,low,low,0.0,0,0.0,0,0,,False,
RITA,Financial,Exchange Traded Fund,unknown,low,mid,0.0,0,0.0,0,0,,False,
RITM,Real Estate,REIT - Mortgage,mid,mid,mid,0.0,0,0.0,0,0,,False,
RITR,Industrials,Engineering & Construction,micro,high,high,0.0,0,0.0,0,0,,False,
RIV,Financial,Closed-End Fund - Equity,small,low,low,0.0,0,0.0,0,0,,False,
RIVC,Financial,Exchange Traded Fund,unknown,high,unknown,0.0,0,0.0,0,0,,False,
RIVN,Consumer Cyclical,Auto Manufacturers,large,high,high,0.0,0,0.0,0,0,,False,
RIZE,Financial,Exchange Traded Fund,unknown,low,unknown,0.0,0,0.0,0,0,,False,
RJCA,Financial,Exchange Traded Fund,unknown,low,unknown,0.0,0,0.0,0,0,,False,
RJDI,Financial,Exchange Traded Fund,unknown,low,unknown,0.0,0,0.0,0,0,,False,
RJET,Industrials,Airlines,small,high,high,0.0,0,0.0,0,0,,False,
RJF,Financial,Asset Management,large,mid,mid,0.0,0,0.0,0,0,,False,
RJMI,Financial,Exchange Traded Fund,unknown,low,unknown,0.0,0,0.0,0,0,,False,
RJVI,Financial,Exchange Traded Fund,unknown,low,unknown,0.0,0,0.0,0,0,,False,
RKDA,Consumer Defensive,Packaged Foods,micro,high,low,0.0,0,0.0,0,0,,False,
RKLB,Industrials,Aerospace & Defense,large,high,high,0.0,0,0.0,0,0,,False,
RKLX,Financial,Exchange Traded Fund,unknown,high,high,0.0,0,0.0,0,0,,False,
RKLZ,Financial,Exchange Traded Fund,unknown,high,unknown,0.0,0,0.0,0,0,,False,
RKNG,Financial,Exchange Traded Fund,unknown,mid,unknown,0.0,0,0.0,0,0,,False,
RKSG,Financial,Exchange Traded Fund,unknown,low,unknown,0.0,0,0.0,0,0,,False,
RKT,Financial,Mortgage Finance,large,high,high,0.0,0,0.0,0,0,,False,
RKTL,Financial,Exchange Traded Fund,unknown,high,unknown,0.0,0,0.0,0,0,,False,
RKTO,Technology,Software - Infrastructure,micro,high,mid,0.0,0,0.0,0,0,,False,
RKX,Financial,Exchange Traded Fund,unknown,high,unknown,0.0,0,0.0,0,0,,False,
RL,Consumer Cyclical,Apparel Manufacturing,large,mid,high,0.0,0,0.0,0,0,,False,
RLAY,Healthcare,Biotechnology,mid,high,high,0.0,0,0.0,0,0,,False,
RLGT,Industrials,Integrated Freight & Logistics,small,mid,mid,0.0,0,0.0,0,0,,False,
RLI,Financial,Insurance - Property & Casualty,mid,mid,low,0.0,0,0.0,0,0,,False,
RLJ,Real Estate,REIT - Hotel & Motel,small,mid,mid,0.0,0,0.0,0,0,,False,
RLMD,Healthcare,Biotechnology,small,high,low,0.0,0,0.0,0,0,,False,
RLTY,Financial,Closed-End Fund - Debt,micro,low,mid,0.0,0,0.0,0,0,,False,
RLX,Consumer Defensive,Tobacco,small,mid,mid,0.0,1,0.0,0,0,,False,
RLY,Financial,Exchange Traded Fund,unknown,low,low,0.0,0,0.0,0,0,,False,
RLYB,Healthcare,Biotechnology,micro,mid,low,0.0,0,0.0,0,0,,False,
RM,Financial,Credit Services,micro,high,mid,0.0,0,0.0,0,0,,False,
RMAX,Real Estate,Real Estate Services,small,high,high,0.0,0,0.0,0,0,,False,
RMBC,Financial,Exchange Traded Fund,unknown,high,unknown,0.0,0,0.0,0,0,,False,
RMBI,Financial,Banks - Regional,micro,mid,low,0.0,0,0.0,0,0,,False,
RMBS,Technology,Semiconductors,large,high,high,0.0,0,0.0,0,0,,False,
RMBX,Financial,Exchange Traded Fund,unknown,high,unknown,0.0,0,0.0,0,0,,False,
RMCA,Financial,Exchange Traded Fund,unknown,low,low,0.0,0,0.0,0,0,,False,
RMCF,Consumer Defensive,Confectioners,micro,high,low,0.0,0,0.0,0,0,,False,
RMCO,Financial,Asset Management,micro,high,low,0.0,0,0.0,0,0,,False,
RMD,Healthcare,Medical Instruments & Supplies,large,mid,low,0.0,0,0.0,0,0,,False,
RMHY,Financial,Exchange Traded Fund,unknown,low,unknown,0.0,0,0.0,0,0,,False,
RMI,Financial,Closed-End Fund - Debt,micro,low,low,0.0,0,0.0,0,0,,False,
RMIX,Basic Materials,Building Materials,small,high,low,0.0,0,0.0,0,0,,False,
RMM,Financial,Closed-End Fund - Debt,micro,low,low,0.0,0,0.0,0,0,,False,
RMME,Financial,Exchange Traded Fund,unknown,low,unknown,0.0,0,0.0,0,0,,False,
RMMZ,Financial,Asset Management,unknown,low,low,0.0,0,0.0,0,0,,False,
RMNI,Technology,Software - Application,small,mid,mid,0.0,0,0.0,0,0,,False,
RMNY,Financial,Exchange Traded Fund,unknown,low,low,0.0,0,0.0,0,0,,False,
RMOP,Financial,Exchange Traded Fund,unknown,low,low,0.0,0,0.0,0,0,,False,
RMR,Real Estate,Real Estate Services,small,mid,mid,0.0,0,0.0,0,0,,False,
RMRC,Financial,Exchange Traded Fund,unknown,low,unknown,0.0,0,0.0,0,0,,False,
RMSG,Technology,Software - Application,micro,high,high,0.0,0,0.0,0,0,,False,
RMT,Financial,Closed-End Fund - Equity,small,low,mid,0.0,0,0.0,0,0,,False,
RMTI,Healthcare,Drug Manufacturers - Specialty & Generic,micro,high,high,0.0,0,0.0,0,0,,False,
RNA,Healthcare,Biotechnology,micro,mid,unknown,0.0,0,0.0,0,0,,False,
RNAC,Healthcare,Biotechnology,micro,high,low,0.0,0,0.0,0,0,,False,
RNAZ,Healthcare,Biotechnology,micro,high,mid,0.0,0,0.0,0,0,,False,
RND,Financial,Exchange Traded Fund,unknown,low,mid,0.0,0,0.0,0,0,,False,
RNEM,Financial,Exchange Traded Fund,unknown,low,low,0.0,0,0.0,0,0,,False,
RNG,Technology,Software - Application,mid,mid,mid,0.0,0,0.0,0,0,,False,
RNGR,Energy,Oil & Gas Equipment & Services,small,mid,low,0.0,0,0.0,0,0,,False,
RNGT,Financial,Shell Companies,small,low,unknown,0.0,0,0.0,0,0,,False,
RNIN,Financial,Exchange Traded Fund,unknown,low,low,0.0,0,0.0,0,0,,False,
RNMN,Financial,Exchange Traded Fund,unknown,low,low,0.0,0,0.0,0,0,,False,
RNP,Financial,Closed-End Fund - Debt,small,low,mid,0.0,0,0.0,0,0,,False,
RNR,Financial,Insurance - Reinsurance,large,mid,low,0.0,0,0.0,0,0,,False,
RNRG,Financial,Exchange Traded Fund,unknown,low,mid,0.0,0,0.0,0,0,,False,
RNST,Financial,Banks - Regional,mid,mid,mid,0.0,0,0.0,0,0,,False,
RNTX,Healthcare,Biotechnology,micro,high,high,0.0,0,0.0,0,0,,False,
RNTY,Financial,Exchange Traded Fund,unknown,low,low,0.0,0,0.0,0,0,,False,
RNW,Utilities,Utilities - Renewable,mid,mid,mid,0.0,0,0.0,0,0,,False,
RNXT,Healthcare,Biotechnology,micro,high,mid,0.0,0,0.0,0,0,,False,
ROAD,Industrials,Engineering & Construction,mid,mid,mid,0.0,0,0.0,0,0,,False,
ROAM,Financial,Exchange Traded Fund,unknown,low,low,0.0,0,0.0,0,0,,False,
ROBN,Financial,Exchange Traded Fund,unknown,high,high,0.0,0,0.0,0,0,,False,
ROBO,Financial,Exchange Traded Fund,unknown,mid,high,0.0,0,0.0,0,0,,False,
ROBT,Financial,Exchange Traded Fund,unknown,low,mid,0.0,0,0.0,0,0,,False,
ROC,Technology,Software - Application,micro,high,unknown,0.0,0,0.0,0,0,,False,
ROCK,Industrials,Building Products & Equipment,small,high,mid,0.0,0,0.0,0,0,,False,
ROCQ,Financial,Exchange Traded Fund,unknown,low,unknown,0.0,0,0.0,0,0,,False,
ROCY,Financial,Exchange Traded Fund,unknown,low,unknown,0.0,0,0.0,0,0,,False,
RODM,Financial,Exchange Traded Fund,unknown,low,low,0.0,0,0.0,0,0,,False,
ROE,Financial,Exchange Traded Fund,unknown,low,mid,0.0,0,0.0,0,0,,False,
ROG,Technology,Electronic Components,mid,mid,low,0.0,0,0.0,0,0,,False,
ROIV,Healthcare,Biotechnology,large,mid,mid,0.0,0,0.0,0,0,,False,
ROK,Industrials,Specialty Industrial Machinery,large,mid,high,0.0,0,0.0,0,0,,False,
ROKT,Financial,Exchange Traded Fund,unknown,mid,mid,0.0,0,0.0,0,0,,False,
ROKU,Communication Services,Entertainment,large,low,high,0.0,0,0.0,0,0,,False,
ROL,Consumer Cyclical,Personal Services,large,mid,low,0.0,0,0.0,0,0,,False,
ROLR,Consumer Cyclical,Gambling,micro,high,high,0.0,0,0.0,0,0,,False,
ROM,Financial,Exchange Traded Fund,unknown,mid,high,0.0,0,0.0,0,0,,False,
ROMA,Industrials,Consulting Services,small,high,high,0.0,0,0.0,0,0,,False,
ROMO,Financial,Exchange Traded Fund,unknown,low,low,0.0,0,0.0,0,0,,False,
RONB,Financial,Exchange Traded Fund,unknown,mid,unknown,0.0,0,0.0,0,0,,False,
ROOT,Financial,Insurance - Property & Casualty,small,high,high,0.0,0,0.0,0,0,,False,
ROP,Technology,Software - Application,large,mid,low,0.0,0,0.0,0,0,,False,
ROPE,Financial,Exchange Traded Fund,unknown,low,low,0.0,0,0.0,0,0,,False,
ROSC,Financial,Exchange Traded Fund,unknown,low,mid,0.0,0,0.0,0,0,,False,
ROST,Consumer Cyclical,Apparel Retail,large,mid,mid,0.0,0,0.0,0,0,,False,
ROUS,Financial,Exchange Traded Fund,unknown,low,mid,0.0,0,0.0,0,0,,False,
RPAR,Financial,Exchange Traded Fund,unknown,low,low,0.0,0,0.0,0,0,,False,
RPAY,Technology,Software - Infrastructure,small,high,high,0.0,0,0.0,0,0,,False,
RPC,Financial,Asset Management,small,mid,low,0.0,0,0.0,0,0,,False,
RPD,Technology,Software - Infrastructure,small,high,mid,0.0,0,0.0,0,0,,False,
RPG,Financial,Exchange Traded Fund,unknown,mid,mid,0.0,0,0.0,0,0,,False,
RPGL,Technology,Software - Application,micro,high,unknown,0.0,0,0.0,0,0,,False,
RPID,Healthcare,Medical Devices,micro,high,high,0.0,0,0.0,0,0,,False,
RPM,Basic Materials,Specialty Chemicals,large,mid,mid,0.0,0,0.0,0,0,,False,
RPRX,Healthcare,Biotechnology,large,mid,low,0.0,0,0.0,0,0,,False,
RPT,Real Estate,REIT - Mortgage,micro,mid,mid,0.0,0,0.0,0,0,,False,
RPV,Financial,Exchange Traded Fund,unknown,low,mid,0.0,0,0.0,0,0,,False,
RQI,Financial,Closed-End Fund - Equity,small,low,high,0.0,0,0.0,0,0,,False,
RR,Industrials,Specialty Industrial Machinery,small,high,low,0.0,0,0.0,0,0,,False,
RRBI,Financial,Banks - Regional,small,mid,low,0.0,0,0.0,0,0,,False,
RRC,Energy,Oil & Gas E&P,mid,mid,low,0.0,0,0.0,0,0,,False,
RREV,Financial,Shell Companies,small,low,unknown,0.0,0,0.0,0,0,,False,
RRGB,Consumer Cyclical,Restaurants,micro,high,high,0.0,0,0.0,0,0,,False,
RRR,Consumer Cyclical,Resorts & Casinos,mid,mid,high,0.0,0,0.0,0,0,,False,
RRX,Industrials,Specialty Industrial Machinery,large,high,mid,0.0,0,0.0,0,0,,False,
RS,Basic Materials,Steel,large,mid,mid,0.0,0,0.0,0,0,,False,
RSBA,Financial,Exchange Traded Fund,unknown,low,low,0.0,0,0.0,0,0,,False,
RSBT,Financial,Exchange Traded Fund,unknown,low,low,0.0,0,0.0,0,0,,False,
RSBY,Financial,Exchange Traded Fund,unknown,low,low,0.0,0,0.0,0,0,,False,
RSDE,Financial,Exchange Traded Fund,unknown,low,low,0.0,0,0.0,0,0,,False,
RSEE,Financial,Exchange Traded Fund,unknown,low,low,0.0,0,0.0,0,0,,False,
RSF,Financial,Asset Management,micro,low,low,0.0,0,0.0,0,0,,False,
RSG,Industrials,Waste Management,large,mid,low,0.0,0,0.0,0,0,,False,
RSI,Consumer Cyclical,Gambling,mid,high,high,0.0,0,0.0,0,0,,False,
RSIT,Financial,Exchange Traded Fund,unknown,low,unknown,0.0,0,0.0,0,0,,False,
RSJN,Financial,Exchange Traded Fund,unknown,low,low,0.0,0,0.0,0,0,,False,
RSKD,Technology,Software - Application,small,mid,high,0.0,0,0.0,0,0,,False,
RSMC,Financial,Exchange Traded Fund,unknown,low,mid,0.0,0,0.0,0,0,,False,
RSMR,Financial,Exchange Traded Fund,unknown,low,low,0.0,0,0.0,0,0,,False,
RSMV,Financial,Exchange Traded Fund,unknown,low,low,0.0,0,0.0,0,0,,False,
RSP,Financial,Exchange Traded Fund,unknown,low,mid,0.0,0,0.0,0,0,,False,
RSPA,Financial,Exchange Traded Fund,unknown,low,low,0.0,0,0.0,0,0,,False,
RSPC,Financial,Exchange Traded Fund,unknown,low,mid,0.0,0,0.0,0,0,,False,
RSPD,Financial,Exchange Traded Fund,unknown,low,mid,0.0,0,0.0,0,0,,False,
RSPE,Financial,Exchange Traded Fund,unknown,low,mid,0.0,0,0.0,0,0,,False,
RSPF,Financial,Exchange Traded Fund,unknown,low,mid,0.0,0,0.0,0,0,,False,
RSPG,Financial,Exchange Traded Fund,unknown,mid,low,0.0,0,0.0,0,0,,False,
RSPH,Financial,Exchange Traded Fund,unknown,low,low,0.0,0,0.0,0,0,,False,
RSPM,Financial,Exchange Traded Fund,unknown,low,mid,0.0,0,0.0,0,0,,False,
RSPN,Financial,Exchange Traded Fund,unknown,low,mid,0.0,0,0.0,0,0,,False,
RSPR,Financial,Exchange Traded Fund,unknown,low,mid,0.0,0,0.0,0,0,,False,
RSPS,Financial,Exchange Traded Fund,unknown,low,low,0.0,0,0.0,0,0,,False,
RSPT,Financial,Exchange Traded Fund,unknown,mid,high,0.0,0,0.0,0,0,,False,
RSPU,Financial,Exchange Traded Fund,unknown,low,low,0.0,0,0.0,0,0,,False,
RSSB,Financial,Exchange Traded Fund,unknown,low,mid,0.0,0,0.0,0,0,,False,
RSSE,Financial,Exchange Traded Fund,unknown,low,low,0.0,0,0.0,0,0,,False,
RSSL,Financial,Exchange Traded Fund,unknown,low,mid,0.0,0,0.0,0,0,,False,
RSSS,Technology,Software - Application,micro,mid,low,0.0,0,0.0,0,0,,False,
RSST,Financial,Exchange Traded Fund,unknown,low,mid,0.0,0,0.0,0,0,,False,
RSSX,Financial,Exchange Traded Fund,unknown,mid,high,0.0,0,0.0,0,0,,False,
RSSY,Financial,Exchange Traded Fund,unknown,low,mid,0.0,0,0.0,0,0,,False,
RSVR,Communication Services,Entertainment,small,mid,low,0.0,0,0.0,0,0,,False,
RTAC,Financial,Shell Companies,small,low,low,0.0,0,0.0,0,0,,False,
RTAI,Financial,Exchange Traded Fund,unknown,low,low,0.0,0,0.0,0,0,,False,
RTB,Technology,Software - Application,micro,high,high,0.0,0,0.0,0,0,,False,
RTH,Financial,Exchange Traded Fund,unknown,low,mid,0.0,0,0.0,0,0,,False,
RTO,Industrials,Specialty Business Services,large,mid,mid,0.0,0,0.0,0,0,,False,
RTOO,Financial,Exchange Traded Fund,unknown,mid,unknown,0.0,0,0.0,0,0,,False,
RTRE,Financial,Exchange Traded Fund,unknown,low,low,0.0,0,0.0,0,0,,False,
RTX,Industrials,Aerospace & Defense,mega,mid,low,0.0,0,0.0,0,0,,False,
RTXG,Financial,Exchange Traded Fund,unknown,mid,low,0.0,0,0.0,0,0,,False,
RTYY,Financial,Exchange Traded Fund,unknown,mid,unknown,0.0,0,0.0,0,0,,False,
RUBI,Industrials,Marine Shipping,unknown,high,high,0.0,0,0.0,0,0,,False,
RULE,Financial,Exchange Traded Fund,unknown,mid,low,0.0,0,0.0,0,0,,False,
RUM,Communication Services,Internet Content & Information,mid,high,mid,0.0,0,0.0,0,0,,False,
RUN,Technology,Solar,mid,high,high,0.0,0,0.0,0,0,,False,
RUNN,Financial,Exchange Traded Fund,unknown,low,low,0.0,0,0.0,0,0,,False,
RUSC,Financial,Exchange Traded Fund,unknown,low,mid,0.0,0,0.0,0,0,,False,
RUSHA,Consumer Cyclical,Auto & Truck Dealerships,mid,mid,mid,0.0,0,0.0,0,0,,False,
RVER,Financial,Exchange Traded Fund,unknown,mid,high,0.0,0,0.0,0,0,,False,
RVI,Financial,Asset Management,small,high,unknown,0.0,0,0.0,0,0,,False,
RVLV,Consumer Cyclical,Internet Retail,small,mid,high,0.0,0,0.0,0,0,,False,
RVMD,Healthcare,Biotechnology,large,mid,high,0.0,0,0.0,0,0,,False,
RVNL,Financial,Exchange Traded Fund,unknown,high,low,0.0,0,0.0,0,0,,False,
RVNU,Financial,Exchange Traded Fund,unknown,low,low,0.0,0,0.0,0,0,,False,
RVP,Healthcare,Medical Instruments & Supplies,micro,mid,mid,0.0,0,0.0,0,0,,False,
RVSB,Financial,Banks - Regional,micro,mid,low,0.0,0,0.0,0,0,,False,
RVSN,Industrials,Railroads,micro,high,low,0.0,0,0.0,0,0,,False,
RVT,Financial,Closed-End Fund - Equity,mid,low,mid,0.0,0,0.0,0,0,,False,
RVTY,Healthcare,Diagnostics & Research,large,mid,mid,0.0,0,0.0,0,0,,False,
RW,Financial,Exchange Traded Fund,unknown,low,mid,0.0,0,0.0,0,0,,False,
RWAY,Financial,Asset Management,micro,mid,low,0.0,0,0.0,0,0,,False,
RWEM,Financial,Exchange Traded Fund,unknown,high,mid,0.0,0,0.0,0,0,,False,
RWIN,Financial,Exchange Traded Fund,unknown,low,unknown,0.0,0,0.0,0,0,,False,
RWJ,Financial,Exchange Traded Fund,unknown,low,mid,0.0,0,0.0,0,0,,False,
RWK,Financial,Exchange Traded Fund,unknown,low,mid,0.0,0,0.0,0,0,,False,
RWL,Financial,Exchange Traded Fund,unknown,low,mid,0.0,0,0.0,0,0,,False,
RWLC,Financial,Exchange Traded Fund,unknown,low,mid,0.0,0,0.0,0,0,,False,
RWM,Financial,Exchange Traded Fund,unknown,low,low,0.0,0,0.0,0,0,,False,
RWO,Financial,Exchange Traded Fund,unknown,low,mid,0.0,0,0.0,0,0,,False,
RWR,Financial,Exchange Traded Fund,unknown,low,mid,0.0,0,0.0,0,0,,False,
RWT,Real Estate,REIT - Mortgage,small,mid,high,0.0,0,0.0,0,0,,False,
RWX,Financial,Exchange Traded Fund,unknown,low,low,0.0,0,0.0,0,0,,False,
RXD,Financial,Exchange Traded Fund,unknown,mid,low,0.0,0,0.0,0,0,,False,
RXI,Financial,Exchange Traded Fund,unknown,low,mid,0.0,0,0.0,0,0,,False,
RXL,Financial,Exchange Traded Fund,unknown,mid,mid,0.0,0,0.0,0,0,,False,
RXO,Industrials,Trucking,mid,high,high,0.0,0,0.0,0,0,,False,
RXRX,Healthcare,Biotechnology,small,high,mid,0.0,0,0.0,0,0,,False,
RXST,Healthcare,Medical Devices,micro,high,mid,0.0,0,0.0,0,0,,False,
RXT,Technology,Software - Infrastructure,small,high,high,0.0,0,0.0,0,0,,False,
RY,Financial,Banks - Diversified,mega,low,low,0.0,0,0.0,0,0,,False,
RYAAY,Industrials,Airlines,large,mid,mid,0.0,0,0.0,0,0,,False,
RYAM,Basic Materials,Chemicals,small,high,high,0.0,0,0.0,0,0,,False,
RYAN,Financial,Insurance - Specialty,large,mid,low,0.0,0,0.0,0,0,,False,
RYDE,Technology,Software - Application,micro,high,high,0.0,0,0.0,0,0,,False,
RYET,Consumer Defensive,Education & Training Services,micro,high,mid,0.0,1,0.0,0,0,,False,
RYLD,Financial,Exchange Traded Fund,unknown,low,low,0.0,0,0.0,0,0,,False,
RYLG,Financial,Exchange Traded Fund,unknown,low,mid,0.0,0,0.0,0,0,,False,
RYM,Consumer Defensive,Tobacco,micro,high,high,0.0,0,0.0,0,0,,False,
RYN,Real Estate,REIT - Specialty,mid,mid,mid,0.0,0,0.0,0,0,,False,
RYOJ,Industrials,Consulting Services,micro,high,high,0.0,0,0.0,0,0,,False,
RYTM,Healthcare,Biotechnology,mid,mid,high,0.0,0,0.0,0,0,,False,
RYZ,Industrials,Metal Fabrication,small,mid,high,0.0,0,0.0,0,0,,False,
RZG,Financial,Exchange Traded Fund,unknown,low,mid,0.0,0,0.0,0,0,,False,
RZLT,Healthcare,Biotechnology,small,high,low,0.0,0,0.0,0,0,,False,
RZLV,Technology,Software - Infrastructure,small,high,low,0.0,0,0.0,0,0,,False,
RZV,Financial,Exchange Traded Fund,unknown,low,mid,0.0,0,0.0,0,0,,False,
S,Technology,Software - Infrastructure,mid,mid,low,0.0,0,0.0,0,0,,False,
SA,Basic Materials,Gold,mid,mid,mid,0.0,0,0.0,0,0,,False,
SAA,Financial,Exchange Traded Fund,unknown,low,high,0.0,0,0.0,0,0,,False,
SAAQ,Financial,Shell Companies,small,low,unknown,0.0,0,0.0,0,0,,False,
SABA,Financial,Asset Management,micro,low,low,0.0,0,0.0,0,0,,False,
SABR,Technology,Software - Infrastructure,small,high,mid,0.0,0,0.0,0,0,,False,
SABS,Healthcare,Biotechnology,small,mid,low,0.0,0,0.0,0,0,,False,
SAC,Financial,Shell Companies,small,low,unknown,0.0,0,0.0,0,0,,False,
SACH,Real Estate,REIT - Mortgage,micro,mid,mid,0.0,0,0.0,0,0,,False,
SAFE,Real Estate,REIT - Diversified,small,mid,high,0.0,0,0.0,0,0,,False,
SAFT,Financial,Insurance - Property & Casualty,small,low,low,0.0,0,0.0,0,0,,False,
SAFX,Utilities,Utilities - Renewable,micro,high,low,0.0,0,0.0,0,0,,False,
SAGP,Financial,Exchange Traded Fund,unknown,low,low,0.0,0,0.0,0,0,,False,
SAGT,Technology,Software - Application,micro,high,low,0.0,0,0.0,0,0,,False,
SAGU,Financial,Shell Companies,micro,low,unknown,0.0,0,0.0,0,0,,False,
SAH,Consumer Cyclical,Auto & Truck Dealerships,mid,high,mid,0.0,0,0.0,0,0,,False,
SAIA,Industrials,Trucking,mid,mid,high,0.0,0,0.0,0,0,,False,
SAIC,Technology,Information Technology Services,mid,mid,low,0.0,0,0.0,0,0,,False,
SAIH,Technology,Information Technology Services,micro,high,high,0.0,0,0.0,0,0,,False,
SAIL,Technology,Software - Infrastructure,large,mid,high,0.0,0,0.0,0,0,,False,
SAM,Consumer Defensive,Beverages - Brewers,small,mid,mid,0.0,0,0.0,0,0,,False,
SAMG,Financial,Asset Management,micro,mid,low,0.0,0,0.0,0,0,,False,
SAMM,Financial,Exchange Traded Fund,unknown,low,mid,0.0,0,0.0,0,0,,False,
SAMO-U,Financial,Shell Companies,micro,low,unknown,0.0,0,0.0,0,0,,False,
SAMT,Financial,Exchange Traded Fund,unknown,low,mid,0.0,0,0.0,0,0,,False,
SAN,Financial,Banks - Diversified,mega,mid,low,0.0,0,0.0,0,0,,False,
SANA,Healthcare,Biotechnology,small,high,high,0.0,0,0.0,0,0,,False,
SANG,Technology,Software - Infrastructure,micro,mid,high,0.0,0,0.0,0,0,,False,
SANM,Technology,Electronic Components,large,high,high,0.0,0,0.0,0,0,,False,
SAP,Technology,Software - Application,mega,mid,mid,0.0,0,0.0,0,0,,False,
SAPH,Financial,Exchange Traded Fund,unknown,mid,low,0.0,0,0.0,0,0,,False,
SAR,Financial,Asset Management,small,mid,low,0.0,0,0.0,0,0,,False,
SARK,Financial,Exchange Traded Fund,unknown,mid,low,0.0,0,0.0,0,0,,False,
SARO,Industrials,Aerospace & Defense,mid,mid,mid,0.0,0,0.0,0,0,,False,
SASS,Financial,Exchange Traded Fund,unknown,low,unknown,0.0,0,0.0,0,0,,False,
SATA,Financial,Asset Management,small,low,unknown,0.0,0,0.0,0,0,,False,
SATL,Industrials,Aerospace & Defense,small,high,high,0.0,0,0.0,0,0,,False,
SATO,Financial,Exchange Traded Fund,unknown,mid,high,0.0,0,0.0,0,0,,False,
SAUG,Financial,Exchange Traded Fund,unknown,low,low,0.0,0,0.0,0,0,,False,
SAWG,Financial,Exchange Traded Fund,unknown,low,mid,0.0,0,0.0,0,0,,False,
SAWS,Financial,Exchange Traded Fund,unknown,low,mid,0.0,0,0.0,0,0,,False,
SB,Industrials,Marine Shipping,small,mid,mid,0.0,0,0.0,0,0,,False,
SBAC,Real Estate,REIT - Specialty,large,mid,mid,0.0,0,0.0,0,0,,False,
SBAR,Financial,Exchange Traded Fund,unknown,low,low,0.0,0,0.0,0,0,,False,
SBB,Financial,Exchange Traded Fund,unknown,low,low,0.0,0,0.0,0,0,,False,
SBC,Industrials,Consulting Services,small,mid,low,0.0,0,0.0,0,0,,False,
SBCF,Financial,Banks - Regional,mid,mid,mid,0.0,0,0.0,0,0,,False,
SBET,Financial,Capital Markets,small,high,high,0.0,0,0.0,0,0,,False,
SBEV,Consumer Defensive,Beverages - Wineries & Distilleries,micro,high,low,0.0,0,0.0,0,0,,False,
SBFG,Financial,Banks - Regional,micro,mid,low,0.0,0,0.0,0,0,,False,
SBFM,Healthcare,Drug Manufacturers - Specialty & Generic,micro,high,high,0.0,0,0.0,0,0,,False,
SBGI,Communication Services,Broadcasting,small,mid,mid,0.0,0,0.0,0,0,,False,
SBH,Consumer Cyclical,Specialty Retail,small,mid,mid,0.0,0,0.0,0,0,,False,
SBI,Financial,Closed-End Fund - Debt,micro,low,low,0.0,0,0.0,0,0,,False,
SBIL,Financial,Exchange Traded Fund,unknown,low,low,0.0,0,0.0,0,0,,False,
SBIO,Financial,Exchange Traded Fund,unknown,mid,low,0.0,0,0.0,0,0,,False,
SBIT,Financial,Exchange Traded Fund,unknown,mid,low,0.0,0,0.0,0,0,,False,
SBLK,Industrials,Marine Shipping,mid,mid,low,0.0,0,0.0,0,0,,False,
SBMT,Basic Materials,Other Industrial Metals & Mining,micro,high,unknown,0.0,0,0.0,0,0,,False,
SBND,Financial,Exchange Traded Fund,unknown,low,low,0.0,0,0.0,0,0,,False,
SBR,Energy,Oil & Gas Midstream,small,mid,low,0.0,0,0.0,0,0,,False,
SBRA,Real Estate,REIT - Healthcare Facilities,mid,mid,low,0.0,0,0.0,0,0,,False,
SBS,Utilities,Utilities - Regulated Water,large,mid,low,0.0,0,0.0,0,0,,False,
SBSI,Financial,Banks - Regional,small,mid,low,0.0,0,0.0,0,0,,False,
SBSW,Basic Materials,Other Precious Metals & Mining,mid,mid,low,0.0,0,0.0,0,0,,False,
SBTU,Financial,Exchange Traded Fund,unknown,high,unknown,0.0,0,0.0,0,0,,False,
SBUX,Consumer Cyclical,Restaurants,large,mid,mid,0.0,0,0.0,0,0,,False,
SBXD,Financial,Shell Companies,micro,low,low,0.0,0,0.0,0,0,,False,
SBXE,Financial,Shell Companies,small,low,unknown,0.0,0,0.0,0,0,,False,
SCA,Financial,Exchange Traded Fund,unknown,mid,unknown,0.0,0,0.0,0,0,,False,
SCAG,Industrials,Farm & Heavy Construction Machinery,micro,high,low,0.0,1,0.0,0,0,,False,
SCAP,Financial,Exchange Traded Fund,unknown,low,mid,0.0,0,0.0,0,0,,False,
SCATU,Financial,Shell Companies,unknown,unknown,unknown,0.0,0,0.0,0,0,,False,
SCAU,Financial,Exchange Traded Fund,unknown,low,unknown,0.0,0,0.0,0,0,,False,
SCC,Financial,Exchange Traded Fund,unknown,mid,low,0.0,0,0.0,0,0,,False,
SCCO,Basic Materials,Copper,large,mid,mid,0.0,0,0.0,0,0,,False,
SCCR,Financial,Exchange Traded Fund,unknown,low,low,0.0,0,0.0,0,0,,False,
SCD,Financial,Closed-End Fund - Equity,small,low,mid,0.0,0,0.0,0,0,,False,
SCDL,Financial,Exchange Traded Fund,unknown,low,low,0.0,0,0.0,0,0,,False,
SCDS,Financial,Exchange Traded Fund,unknown,low,high,0.0,0,0.0,0,0,,False,
SCDV,Financial,Exchange Traded Fund,unknown,low,low,0.0,0,0.0,0,0,,False,
SCEC,Financial,Exchange Traded Fund,unknown,low,low,0.0,0,0.0,0,0,,False,
SCEP,Financial,Exchange Traded Fund,unknown,low,unknown,0.0,0,0.0,0,0,,False,
SCHA,Financial,Exchange Traded Fund,unknown,low,mid,0.0,0,0.0,0,0,,False,
SCHB,Financial,Exchange Traded Fund,unknown,low,mid,0.0,0,0.0,0,0,,False,
SCHC,Financial,Exchange Traded Fund,unknown,low,mid,0.0,0,0.0,0,0,,False,
SCHD,Financial,Exchange Traded Fund,unknown,low,low,0.0,0,0.0,0,0,,False,
SCHE,Financial,Exchange Traded Fund,unknown,low,low,0.0,0,0.0,0,0,,False,
SCHF,Financial,Exchange Traded Fund,unknown,low,mid,0.0,0,0.0,0,0,,False,
SCHG,Financial,Exchange Traded Fund,unknown,low,mid,0.0,0,0.0,0,0,,False,
SCHH,Financial,Exchange Traded Fund,unknown,low,mid,0.0,0,0.0,0,0,,False,
SCHI,Financial,Exchange Traded Fund,unknown,low,low,0.0,0,0.0,0,0,,False,
SCHJ,Financial,Exchange Traded Fund,unknown,low,low,0.0,0,0.0,0,0,,False,
SCHK,Financial,Exchange Traded Fund,unknown,low,mid,0.0,0,0.0,0,0,,False,
SCHL,Communication Services,Publishing,small,mid,mid,0.0,0,0.0,0,0,,False,
SCHM,Financial,Exchange Traded Fund,unknown,low,mid,0.0,0,0.0,0,0,,False,
SCHO,Financial,Exchange Traded Fund,unknown,low,low,0.0,0,0.0,0,0,,False,
SCHP,Financial,Exchange Traded Fund,unknown,low,low,0.0,0,0.0,0,0,,False,
SCHQ,Financial,Exchange Traded Fund,unknown,low,low,0.0,0,0.0,0,0,,False,
SCHR,Financial,Exchange Traded Fund,unknown,low,low,0.0,0,0.0,0,0,,False,
SCHV,Financial,Exchange Traded Fund,unknown,low,mid,0.0,0,0.0,0,0,,False,
SCHW,Financial,Capital Markets,large,low,low,0.0,0,0.0,0,0,,False,
SCHX,Financial,Exchange Traded Fund,unknown,low,mid,0.0,0,0.0,0,0,,False,
SCHY,Financial,Exchange Traded Fund,unknown,low,low,0.0,0,0.0,0,0,,False,
SCHZ,Financial,Exchange Traded Fund,unknown,low,low,0.0,0,0.0,0,0,,False,
SCI,Consumer Cyclical,Personal Services,large,mid,mid,0.0,0,0.0,0,0,,False,
SCII,Financial,Shell Companies,micro,low,unknown,0.0,0,0.0,0,0,,False,
SCIO,Financial,Exchange Traded Fund,unknown,low,low,0.0,0,0.0,0,0,,False,
SCJ,Financial,Exchange Traded Fund,unknown,low,low,0.0,0,0.0,0,0,,False,
SCJL,Financial,Exchange Traded Fund,unknown,low,unknown,0.0,0,0.0,0,0,,False,
SCJN,Financial,Exchange Traded Fund,unknown,low,unknown,0.0,0,0.0,0,0,,False,
SCKT,Technology,Computer Hardware,micro,high,high,0.0,0,0.0,0,0,,False,
SCL,Basic Materials,Specialty Chemicals,small,mid,mid,0.0,0,0.0,0,0,,False,
SCLX,Healthcare,Drug Manufacturers - General,micro,high,high,0.0,0,0.0,0,0,,False,
SCLZ,Financial,Exchange Traded Fund,unknown,low,low,0.0,0,0.0,0,0,,False,
SCM,Financial,Asset Management,micro,mid,low,0.0,0,0.0,0,0,,False,
SCMB,Financial,Exchange Traded Fund,unknown,low,low,0.0,0,0.0,0,0,,False,
SCMC,Financial,Exchange Traded Fund,unknown,low,unknown,0.0,0,0.0,0,0,,False,
SCMY,Financial,Exchange Traded Fund,unknown,low,unknown,0.0,0,0.0,0,0,,False,
SCNI,Healthcare,Biotechnology,micro,high,high,0.0,0,0.0,0,0,,False,
SCNM,Financial,Exchange Traded Fund,unknown,low,unknown,0.0,0,0.0,0,0,,False,
SCNX,Healthcare,Pharmaceutical Retailers,micro,high,high,0.0,0,0.0,0,0,,False,
SCO,Financial,Exchange Traded Fund,unknown,high,low,0.0,0,0.0,0,0,,False,
SCOP,Financial,Exchange Traded Fund,unknown,mid,low,0.0,0,0.0,0,0,,False,
SCOR,Technology,Software - Application,micro,high,mid,0.0,0,0.0,0,0,,False,
SCOW,Financial,Exchange Traded Fund,unknown,low,low,0.0,0,0.0,0,0,,False,
SCPQ,Financial,Shell Companies,micro,low,unknown,0.0,0,0.0,0,0,,False,
SCSB,Financial,Exchange Traded Fund,unknown,low,unknown,0.0,0,0.0,0,0,,False,
SCSC,Technology,Electronics & Computer Distribution,small,mid,mid,0.0,0,0.0,0,0,,False,
SCTX,Healthcare,Biotechnology,small,high,unknown,0.0,0,0.0,0,0,,False,
SCUB,Financial,Exchange Traded Fund,unknown,low,unknown,0.0,0,0.0,0,0,,False,
SCUS,Financial,Exchange Traded Fund,unknown,low,low,0.0,0,0.0,0,0,,False,
SCWO,Industrials,Pollution & Treatment Controls,micro,high,low,0.0,0,0.0,0,0,,False,
SCYB,Financial,Exchange Traded Fund,unknown,low,low,0.0,0,0.0,0,0,,False,
SCYX,Healthcare,Drug Manufacturers - Specialty & Generic,micro,high,mid,0.0,0,0.0,0,0,,False,
SCZ,Financial,Exchange Traded Fund,unknown,low,mid,0.0,0,0.0,0,0,,False,
SCZM,Basic Materials,Other Industrial Metals & Mining,small,high,high,0.0,0,0.0,0,0,,False,
SD,Energy,Oil & Gas E&P,small,mid,low,0.0,0,0.0,0,0,,False,
SDA,Consumer Cyclical,Auto & Truck Dealerships,micro,high,low,0.0,1,0.0,0,0,,False,
SDCI,Financial,Exchange Traded Fund,unknown,low,low,0.0,0,0.0,0,0,,False,
SDCP,Financial,Exchange Traded Fund,unknown,low,low,0.0,0,0.0,0,0,,False,
SDD,Financial,Exchange Traded Fund,unknown,mid,low,0.0,0,0.0,0,0,,False,
SDEM,Financial,Exchange Traded Fund,unknown,low,low,0.0,0,0.0,0,0,,False,
SDEV,Financial,Asset Management,micro,high,low,0.0,0,0.0,0,0,,False,
SDFI,Financial,Exchange Traded Fund,unknown,low,low,0.0,0,0.0,0,0,,False,
SDG,Financial,Exchange Traded Fund,unknown,low,low,0.0,0,0.0,0,0,,False,
SDGR,Healthcare,Health Information Services,small,mid,high,0.0,0,0.0,0,0,,False,
SDHC,Real Estate,Real Estate - Development,small,high,mid,0.0,0,0.0,0,0,,False,
SDHI,Financial,Shell Companies,small,low,low,0.0,0,0.0,0,0,,False,
SDHY,Financial,Asset Management,unknown,low,low,0.0,0,0.0,0,0,,False,
SDIV,Financial,Exchange Traded Fund,unknown,low,low,0.0,0,0.0,0,0,,False,
SDMF,Financial,Exchange Traded Fund,unknown,low,unknown,0.0,0,0.0,0,0,,False,
SDOG,Financial,Exchange Traded Fund,unknown,low,low,0.0,0,0.0,0,0,,False,
SDOT,Consumer Defensive,Farm Products,micro,high,low,0.0,0,0.0,0,0,,False,
SDOW,Financial,Exchange Traded Fund,unknown,mid,low,0.0,0,0.0,0,0,,False,
SDP,Financial,Exchange Traded Fund,unknown,mid,low,0.0,0,0.0,0,0,,False,
SDRL,Energy,Oil & Gas Drilling,mid,mid,high,0.0,0,0.0,0,0,,False,
SDS,Financial,Exchange Traded Fund,unknown,mid,low,0.0,0,0.0,0,0,,False,
SDSI,Financial,Exchange Traded Fund,unknown,low,low,0.0,0,0.0,0,0,,False,
SDST,Industrials,Electrical Equipment & Parts,micro,high,low,0.0,0,0.0,0,0,,False,
SDTY,Financial,Exchange Traded Fund,unknown,low,mid,0.0,0,0.0,0,0,,False,
SDUR,Financial,Exchange Traded Fund,unknown,low,unknown,0.0,0,0.0,0,0,,False,
SDVD,Financial,Exchange Traded Fund,unknown,low,mid,0.0,0,0.0,0,0,,False,
SDVY,Financial,Exchange Traded Fund,unknown,low,mid,0.0,0,0.0,0,0,,False,
SDY,Financial,Exchange Traded Fund,unknown,low,low,0.0,0,0.0,0,0,,False,
SE,Consumer Cyclical,Internet Retail,large,mid,high,0.0,0,0.0,0,0,,False,
SEA,Financial,Exchange Traded Fund,unknown,low,mid,0.0,0,0.0,0,0,,False,
SEAT,Communication Services,Internet Content & Information,micro,high,mid,0.0,0,0.0,0,0,,False,
SEB,Industrials,Conglomerates,mid,mid,low,0.0,0,0.0,0,0,,False,
SECR,Financial,Exchange Traded Fund,unknown,low,low,0.0,0,0.0,0,0,,False,
SECT,Financial,Exchange Traded Fund,unknown,low,mid,0.0,0,0.0,0,0,,False,
SECU,Financial,Exchange Traded Fund,unknown,low,unknown,0.0,0,0.0,0,0,,False,
SECZ,Technology,Software - Application,small,high,high,0.0,0,0.0,0,0,,False,
SEDG,Technology,Solar,small,high,high,0.0,0,0.0,0,0,,False,
SEED,Basic Materials,Agricultural Inputs,micro,high,high,0.0,1,0.0,0,0,,False,
SEEM,Financial,Exchange Traded Fund,unknown,low,mid,0.0,0,0.0,0,0,,False,
SEER,Healthcare,Biotechnology,micro,mid,high,0.0,0,0.0,0,0,,False,
SEF,Financial,Exchange Traded Fund,unknown,low,low,0.0,0,0.0,0,0,,False,
SEG,Real Estate,Real Estate Services,small,mid,high,0.0,0,0.0,0,0,,False,
SEGG,Consumer Cyclical,Gambling,micro,high,high,0.0,0,0.0,0,0,,False,
SEI,Energy,Oil & Gas Equipment & Services,mid,high,mid,0.0,0,0.0,0,0,,False,
SEIC,Financial,Asset Management,large,mid,mid,0.0,0,0.0,0,0,,False,
SEIE,Financial,Exchange Traded Fund,unknown,low,low,0.0,0,0.0,0,0,,False,
SEIM,Financial,Exchange Traded Fund,unknown,low,mid,0.0,0,0.0,0,0,,False,
SEIQ,Financial,Exchange Traded Fund,unknown,low,mid,0.0,0,0.0,0,0,,False,
SEIS,Financial,Exchange Traded Fund,unknown,low,mid,0.0,0,0.0,0,0,,False,
SEIV,Financial,Exchange Traded Fund,unknown,low,mid,0.0,0,0.0,0,0,,False,
SEIX,Financial,Exchange Traded Fund,unknown,low,low,0.0,0,0.0,0,0,,False,
SELF,Real Estate,REIT - Specialty,micro,mid,low,0.0,0,0.0,0,0,,False,
SELV,Financial,Exchange Traded Fund,unknown,low,low,0.0,0,0.0,0,0,,False,
SEMG,Financial,Exchange Traded Fund,unknown,low,mid,0.0,0,0.0,0,0,,False,
SEMI,Financial,Exchange Traded Fund,unknown,mid,high,0.0,0,0.0,0,0,,False,
SEMY,Financial,Exchange Traded Fund,unknown,low,unknown,0.0,0,0.0,0,0,,False,
SENEA,Consumer Defensive,Packaged Foods,small,mid,low,0.0,0,0.0,0,0,,False,
SENS,Healthcare,Medical Devices,small,high,mid,0.0,0,0.0,0,0,,False,
SEPI,Financial,Exchange Traded Fund,unknown,low,unknown,0.0,0,0.0,0,0,,False,
SEPM,Financial,Exchange Traded Fund,unknown,low,low,0.0,0,0.0,0,0,,False,
SEPN,Healthcare,Biotechnology,mid,high,high,0.0,0,0.0,0,0,,False,
SEPP,Financial,Exchange Traded Fund,unknown,low,low,0.0,0,0.0,0,0,,False,
SEPT,Financial,Exchange Traded Fund,unknown,low,low,0.0,0,0.0,0,0,,False,
SEPU,Financial,Exchange Traded Fund,unknown,low,low,0.0,0,0.0,0,0,,False,
SEPW,Financial,Exchange Traded Fund,unknown,low,low,0.0,0,0.0,0,0,,False,
SEPZ,Financial,Exchange Traded Fund,unknown,low,low,0.0,0,0.0,0,0,,False,
SER,Healthcare,Biotechnology,micro,high,mid,0.0,0,0.0,0,0,,False,
SERA,Healthcare,Medical Devices,micro,high,mid,0.0,0,0.0,0,0,,False,
SERV,Industrials,Integrated Freight & Logistics,small,high,high,0.0,0,0.0,0,0,,False,
SES,Consumer Cyclical,Auto Parts,micro,high,mid,0.0,0,0.0,0,0,,False,
SETH,Financial,Exchange Traded Fund,unknown,mid,low,0.0,0,0.0,0,0,,False,
SETM,Financial,Exchange Traded Fund,unknown,mid,mid,0.0,0,0.0,0,0,,False,
SEUS,Financial,Exchange Traded Fund,unknown,low,unknown,0.0,0,0.0,0,0,,False,
SEV,Consumer Cyclical,Auto Manufacturers,micro,high,unknown,0.0,0,0.0,0,0,,False,
SEVN,Real Estate,REIT - Mortgage,micro,mid,low,0.0,0,0.0,0,0,,False,
SEZL,Financial,Credit Services,mid,high,high,0.0,0,0.0,0,0,,False,
SF,Financial,Capital Markets,large,mid,mid,0.0,0,0.0,0,0,,False,
SFBC,Financial,Banks - Regional,micro,mid,low,0.0,0,0.0,0,0,,False,
SFBS,Financial,Banks - Regional,mid,mid,mid,0.0,0,0.0,0,0,,False,
SFD,Consumer Defensive,Packaged Foods,mid,mid,low,0.0,0,0.0,0,0,,False,
SFEB,Financial,Exchange Traded Fund,unknown,low,low,0.0,0,0.0,0,0,,False,
SFGV,Financial,Exchange Traded Fund,unknown,low,low,0.0,0,0.0,0,0,,False,
SFHG,Industrials,Specialty Business Services,micro,high,high,0.0,0,0.0,0,0,,False,
SFIX,Consumer Cyclical,Apparel Retail,small,high,high,0.0,0,0.0,0,0,,False,
SFL,Industrials,Marine Shipping,small,mid,low,0.0,0,0.0,0,0,,False,
SFLO,Financial,Exchange Traded Fund,unknown,low,mid,0.0,0,0.0,0,0,,False,
SFLR,Financial,Exchange Traded Fund,unknown,low,low,0.0,0,0.0,0,0,,False,
SFM,Consumer Defensive,Grocery Stores,mid,mid,low,0.0,0,0.0,0,0,,False,
SFNC,Financial,Banks - Regional,mid,low,mid,0.0,0,0.0,0,0,,False,
SFST,Financial,Banks - Regional,small,mid,low,0.0,0,0.0,0,0,,False,
SFTX,Financial,Exchange Traded Fund,unknown,low,unknown,0.0,0,0.0,0,0,,False,
SFTY,Financial,Exchange Traded Fund,unknown,low,mid,0.0,0,0.0,0,0,,False,
SFWL,Industrials,Integrated Freight & Logistics,micro,high,low,0.0,1,0.0,0,0,,False,
SFY,Financial,Exchange Traded Fund,unknown,low,mid,0.0,0,0.0,0,0,,False,
SFYF,Financial,Exchange Traded Fund,unknown,low,high,0.0,0,0.0,0,0,,False,
SFYI,Financial,Exchange Traded Fund,unknown,low,unknown,0.0,0,0.0,0,0,,False,
SG,Consumer Cyclical,Restaurants,small,high,high,0.0,0,0.0,0,0,,False,
SGA,Communication Services,Broadcasting,micro,mid,low,0.0,0,0.0,0,0,,False,
SGC,Consumer Cyclical,Apparel Manufacturing,micro,high,high,0.0,0,0.0,0,0,,False,
SGDJ,Financial,Exchange Traded Fund,unknown,mid,mid,0.0,0,0.0,0,0,,False,
SGDM,Financial,Exchange Traded Fund,unknown,mid,low,0.0,0,0.0,0,0,,False,
SGHC,Consumer Cyclical,Gambling,mid,mid,mid,0.0,0,0.0,0,0,,False,
SGHT,Healthcare,Medical Devices,small,high,high,0.0,0,0.0,0,0,,False,
SGI,Consumer Cyclical,"Furnishings, Fixtures & Appliances",large,mid,mid,0.0,0,0.0,0,0,,False,
SGLC,Financial,Exchange Traded Fund,unknown,low,mid,0.0,0,0.0,0,0,,False,
SGLY,Industrials,Integrated Freight & Logistics,micro,high,high,0.0,0,0.0,0,0,,False,
SGML,Basic Materials,Other Industrial Metals & Mining,small,high,low,0.0,0,0.0,0,0,,False,
SGMT,Healthcare,Biotechnology,small,high,high,0.0,0,0.0,0,0,,False,
SGOL,Financial,Exchange Traded Fund,unknown,low,low,0.0,0,0.0,0,0,,False,
SGOV,Financial,Exchange Traded Fund,unknown,low,low,0.0,0,0.0,0,0,,False,
SGP,Healthcare,Biotechnology,small,high,unknown,0.0,0,0.0,0,0,,False,
SGRT,Financial,Exchange Traded Fund,unknown,mid,high,0.0,0,0.0,0,0,,False,
SGRW,Financial,Exchange Traded Fund,unknown,low,unknown,0.0,0,0.0,0,0,,False,
SGRY,Healthcare,Medical Care Facilities,mid,high,high,0.0,0,0.0,0,0,,False,
SGU,Energy,Oil & Gas Refining & Marketing,small,mid,low,0.0,0,0.0,0,0,,False,
SGVA,Financial,Exchange Traded Fund,unknown,low,unknown,0.0,0,0.0,0,0,,False,
SGVT,Financial,Exchange Traded Fund,unknown,low,low,0.0,0,0.0,0,0,,False,
SH,Financial,Exchange Traded Fund,unknown,low,low,0.0,0,0.0,0,0,,False,
SHAG,Financial,Exchange Traded Fund,unknown,low,low,0.0,0,0.0,0,0,,False,
SHAK,Consumer Cyclical,Restaurants,mid,mid,high,0.0,0,0.0,0,0,,False,
SHAZ,Technology,Information Technology Services,mid,high,unknown,0.0,0,0.0,0,0,,False,
SHBI,Financial,Banks - Regional,small,mid,mid,0.0,0,0.0,0,0,,False,
SHC,Healthcare,Diagnostics & Research,mid,mid,high,0.0,0,0.0,0,0,,False,
SHDG,Financial,Exchange Traded Fund,unknown,low,low,0.0,0,0.0,0,0,,False,
SHE,Financial,Exchange Traded Fund,unknown,low,mid,0.0,0,0.0,0,0,,False,
SHEH,Financial,Exchange Traded Fund,unknown,low,low,0.0,0,0.0,0,0,,False,
SHEL,Energy,Oil & Gas Integrated,mega,low,low,0.0,0,0.0,0,0,,False,
SHEN,Communication Services,Telecom Services,small,high,low,0.0,0,0.0,0,0,,False,
SHFS,Financial,Banks - Regional,micro,high,mid,0.0,0,0.0,0,0,,False,
SHG,Financial,Banks - Regional,large,mid,mid,0.0,0,0.0,0,0,,False,
SHIM,Industrials,Engineering & Construction,micro,high,mid,0.0,0,0.0,0,0,,False,
SHIP,Industrials,Marine Shipping,small,mid,mid,0.0,0,0.0,0,0,,False,
SHLD,Financial,Exchange Traded Fund,unknown,low,low,0.0,0,0.0,0,0,,False,
SHLS,Technology,Solar,small,high,high,0.0,0,0.0,0,0,,False,
SHM,Financial,Exchange Traded Fund,unknown,low,low,0.0,0,0.0,0,0,,False,
SHMD,Industrials,Specialty Industrial Machinery,small,high,low,0.0,0,0.0,0,0,,False,
SHNY,Financial,Exchange Traded Fund,unknown,mid,low,0.0,0,0.0,0,0,,False,
SHO,Real Estate,REIT - Hotel & Motel,mid,mid,mid,0.0,0,0.0,0,0,,False,
SHOC,Financial,Exchange Traded Fund,unknown,mid,high,0.0,0,0.0,0,0,,False,
SHOE,Consumer Cyclical,Apparel Retail,small,mid,high,0.0,0,0.0,0,0,,False,
SHOO,Consumer Cyclical,Footwear & Accessories,mid,mid,mid,0.0,0,0.0,0,0,,False,
SHOP,Technology,Software - Application,large,mid,high,0.0,0,0.0,0,0,,False,
SHOT,Financial,Shell Companies,micro,low,unknown,0.0,0,0.0,0,0,,False,
SHOTU,Financial,Shell Companies,micro,low,unknown,0.0,0,0.0,0,0,,False,
SHPH,Healthcare,Drug Manufacturers - Specialty & Generic,micro,high,mid,0.0,0,0.0,0,0,,False,
SHPP,Financial,Exchange Traded Fund,unknown,low,mid,0.0,0,0.0,0,0,,False,
SHPU,Financial,Exchange Traded Fund,unknown,high,high,0.0,0,0.0,0,0,,False,
SHRD,Financial,Exchange Traded Fund,unknown,low,unknown,0.0,0,0.0,0,0,,False,
SHRT,Financial,Exchange Traded Fund,unknown,low,low,0.0,0,0.0,0,0,,False,
SHRY,Financial,Exchange Traded Fund,unknown,low,mid,0.0,0,0.0,0,0,,False,
SHV,Financial,Exchange Traded Fund,unknown,low,low,0.0,0,0.0,0,0,,False,
SHW,Basic Materials,Specialty Chemicals,large,mid,mid,0.0,0,0.0,0,0,,False,
SHY,Financial,Exchange Traded Fund,unknown,low,low,0.0,0,0.0,0,0,,False,
SHYD,Financial,Exchange Traded Fund,unknown,low,low,0.0,0,0.0,0,0,,False,
SHYG,Financial,Exchange Traded Fund,unknown,low,low,0.0,0,0.0,0,0,,False,
SHYL,Financial,Exchange Traded Fund,unknown,low,low,0.0,0,0.0,0,0,,False,
SHYM,Financial,Exchange Traded Fund,unknown,low,low,0.0,0,0.0,0,0,,False,
SI,Healthcare,Medical Devices,small,high,low,0.0,0,0.0,0,0,,False,
SIBN,Healthcare,Medical Devices,small,mid,low,0.0,0,0.0,0,0,,False,
SID,Basic Materials,Steel,small,high,high,0.0,0,0.0,0,0,,False,
SIDU,Industrials,Aerospace & Defense,micro,high,low,0.0,0,0.0,0,0,,False,
SIEB,Financial,Capital Markets,micro,mid,mid,0.0,0,0.0,0,0,,False,
SIF,Industrials,Aerospace & Defense,micro,high,low,0.0,0,0.0,0,0,,False,
SIFI,Financial,Exchange Traded Fund,unknown,low,low,0.0,0,0.0,0,0,,False,
SIFY,Communication Services,Telecom Services,small,mid,high,0.0,0,0.0,0,0,,False,
SIG,Consumer Cyclical,Luxury Goods,mid,mid,mid,0.0,0,0.0,0,0,,False,
SIGA,Healthcare,Drug Manufacturers - Specialty & Generic,micro,high,mid,0.0,0,0.0,0,0,,False,
SIGI,Financial,Insurance - Property & Casualty,mid,mid,low,0.0,0,0.0,0,0,,False,
SIHY,Financial,Exchange Traded Fund,unknown,low,low,0.0,0,0.0,0,0,,False,
SII,Financial,Asset Management,mid,mid,mid,0.0,0,0.0,0,0,,False,
SIJ,Financial,Exchange Traded Fund,unknown,mid,low,0.0,0,0.0,0,0,,False,
SIL,Financial,Exchange Traded Fund,unknown,mid,mid,0.0,0,0.0,0,0,,False,
SILC,Technology,Communication Equipment,micro,high,high,0.0,0,0.0,0,0,,False,
SILJ,Financial,Exchange Traded Fund,unknown,mid,mid,0.0,0,0.0,0,0,,False,
SILO,Healthcare,Biotechnology,micro,high,low,0.0,0,0.0,0,0,,False,
SIM,Basic Materials,Steel,mid,mid,unknown,0.0,0,0.0,0,0,,False,
SIMA,Financial,Shell Companies,micro,low,low,0.0,0,0.0,0,0,,False,
SIMAU,Financial,Shell Companies,micro,high,unknown,0.0,0,0.0,0,0,,False,
SIMO,Technology,Semiconductors,mid,high,high,0.0,0,0.0,0,0,,False,
SIMS,Financial,Exchange Traded Fund,unknown,low,high,0.0,0,0.0,0,0,,False,
SIMX,Financial,Exchange Traded Fund,unknown,high,unknown,0.0,0,0.0,0,0,,False,
SIND,Basic Materials,Other Precious Metals & Mining,mid,high,unknown,0.0,0,0.0,0,0,,False,
SINT,Healthcare,Medical Devices,micro,high,low,0.0,0,0.0,0,0,,False,
SIO,Financial,Exchange Traded Fund,unknown,low,low,0.0,0,0.0,0,0,,False,
SION,Healthcare,Biotechnology,micro,high,low,0.0,0,0.0,0,0,,False,
SIOO,Financial,Exchange Traded Fund,unknown,low,unknown,0.0,0,0.0,0,0,,False,
SIRI,Communication Services,Entertainment,mid,mid,mid,0.0,0,0.0,0,0,,False,
SITC,Real Estate,REIT - Retail,micro,mid,mid,0.0,0,0.0,0,0,,False,
SITE,Industrials,Industrial Distribution,mid,mid,high,0.0,0,0.0,0,0,,False,
SITM,Technology,Semiconductors,large,high,high,0.0,0,0.0,0,0,,False,
SITX,Financial,Exchange Traded Fund,unknown,high,unknown,0.0,0,0.0,0,0,,False,
SIVR,Financial,Exchange Traded Fund,unknown,mid,low,0.0,0,0.0,0,0,,False,
SIXA,Financial,Exchange Traded Fund,unknown,low,low,0.0,0,0.0,0,0,,False,
SIXD,Financial,Exchange Traded Fund,unknown,low,low,0.0,0,0.0,0,0,,False,
SIXF,Financial,Exchange Traded Fund,unknown,low,low,0.0,0,0.0,0,0,,False,
SIXH,Financial,Exchange Traded Fund,unknown,low,low,0.0,0,0.0,0,0,,False,
SIXJ,Financial,Exchange Traded Fund,unknown,low,low,0.0,0,0.0,0,0,,False,
SIXL,Financial,Exchange Traded Fund,unknown,low,low,0.0,0,0.0,0,0,,False,
SIXO,Financial,Exchange Traded Fund,unknown,low,low,0.0,0,0.0,0,0,,False,
SIXP,Financial,Exchange Traded Fund,unknown,low,low,0.0,0,0.0,0,0,,False,
SIXS,Financial,Exchange Traded Fund,unknown,low,low,0.0,0,0.0,0,0,,False,
SIXZ,Financial,Exchange Traded Fund,unknown,low,low,0.0,0,0.0,0,0,,False,
SIZE,Financial,Exchange Traded Fund,unknown,low,mid,0.0,0,0.0,0,0,,False,
SJ,Communication Services,Internet Content & Information,micro,high,mid,0.0,1,0.0,0,0,,False,
SJB,Financial,Exchange Traded Fund,unknown,low,low,0.0,0,0.0,0,0,,False,
SJCP,Financial,Exchange Traded Fund,unknown,low,low,0.0,0,0.0,0,0,,False,
SJLD,Financial,Exchange Traded Fund,unknown,low,low,0.0,0,0.0,0,0,,False,
SJM,Consumer Defensive,Packaged Foods,large,mid,low,0.0,0,0.0,0,0,,False,
SJNK,Financial,Exchange Traded Fund,unknown,low,low,0.0,0,0.0,0,0,,False,
SJT,Energy,Oil & Gas E&P,micro,mid,low,0.0,0,0.0,0,0,,False,
SK,Financial,Exchange Traded Fund,unknown,high,unknown,0.0,0,0.0,0,0,,False,
SKAIU,Financial,Shell Companies,unknown,unknown,unknown,0.0,0,0.0,0,0,,False,
SKDD,Financial,Exchange Traded Fund,unknown,high,unknown,0.0,0,0.0,0,0,,False,
SKE,Basic Materials,Other Industrial Metals & Mining,mid,mid,mid,0.0,0,0.0,0,0,,False,
SKF,Financial,Exchange Traded Fund,unknown,low,low,0.0,0,0.0,0,0,,False,
SKHA,Financial,Exchange Traded Fund,unknown,high,unknown,0.0,0,0.0,0,0,,False,
SKHL,Financial,Exchange Traded Fund,unknown,high,unknown,0.0,0,0.0,0,0,,False,
SKHN,Financial,Exchange Traded Fund,unknown,high,unknown,0.0,0,0.0,0,0,,False,
SKHU,Financial,Exchange Traded Fund,unknown,high,unknown,0.0,0,0.0,0,0,,False,
SKHX,Financial,Exchange Traded Fund,unknown,high,unknown,0.0,0,0.0,0,0,,False,
SKHY,Technology,Semiconductors,mega,high,unknown,0.0,0,0.0,0,0,,False,
SKHZ,Financial,Exchange Traded Fund,unknown,high,unknown,0.0,0,0.0,0,0,,False,
SKIL,Consumer Defensive,Education & Training Services,micro,high,high,0.0,0,0.0,0,0,,False,
SKIN,Consumer Defensive,Household & Personal Products,micro,high,mid,0.0,0,0.0,0,0,,False,
SKK,Industrials,Engineering & Construction,micro,high,low,0.0,0,0.0,0,0,,False,
SKM,Communication Services,Telecom Services,large,mid,low,0.0,0,0.0,0,0,,False,
SKOR,Financial,Exchange Traded Fund,unknown,low,low,0.0,0,0.0,0,0,,False,
SKRE,Financial,Exchange Traded Fund,unknown,mid,low,0.0,0,0.0,0,0,,False,
SKT,Real Estate,REIT - Retail,mid,mid,mid,0.0,0,0.0,0,0,,False,
SKUU,Financial,Exchange Traded Fund,unknown,high,unknown,0.0,0,0.0,0,0,,False,
SKWD,Financial,Insurance - Property & Casualty,mid,mid,low,0.0,0,0.0,0,0,,False,
SKY,Consumer Cyclical,Residential Construction,mid,mid,mid,0.0,0,0.0,0,0,,False,
SKYA,Technology,Software - Infrastructure,micro,high,high,0.0,0,0.0,0,0,,False,
SKYE,Healthcare,Biotechnology,micro,high,high,0.0,0,0.0,0,0,,False,
SKYH,Real Estate,Real Estate - Development,small,mid,high,0.0,0,0.0,0,0,,False,
SKYQ,Energy,Oil & Gas Integrated,micro,high,high,0.0,0,0.0,0,0,,False,
SKYT,Technology,Semiconductors,small,mid,high,0.0,0,0.0,0,0,,False,
SKYU,Financial,Exchange Traded Fund,unknown,mid,high,0.0,0,0.0,0,0,,False,
SKYW,Industrials,Airlines,mid,mid,high,0.0,0,0.0,0,0,,False,
SKYX,Industrials,Electrical Equipment & Parts,micro,high,high,0.0,0,0.0,0,0,,False,
SKYY,Financial,Exchange Traded Fund,unknown,mid,mid,0.0,0,0.0,0,0,,False,
SLAB,Technology,Semiconductors,mid,low,high,0.0,0,0.0,0,0,,False,
SLB,Energy,Oil & Gas Equipment & Services,large,mid,low,0.0,0,0.0,0,0,,False,
SLBT,Healthcare,Biotechnology,small,high,unknown,0.0,0,0.0,0,0,,False,
SLDB,Healthcare,Biotechnology,small,high,high,0.0,0,0.0,0,0,,False,
SLDE,Financial,Insurance - Property & Casualty,mid,mid,low,0.0,0,0.0,0,0,,False,
SLDP,Consumer Cyclical,Auto Parts,small,high,high,0.0,0,0.0,0,0,,False,
SLDR,Financial,Exchange Traded Fund,unknown,low,low,0.0,0,0.0,0,0,,False,
SLE,Communication Services,Internet Content & Information,micro,high,high,0.0,0,0.0,0,0,,False,
SLF,Financial,Insurance - Diversified,large,low,mid,0.0,0,0.0,0,0,,False,
SLG,Real Estate,REIT - Office,mid,mid,high,0.0,0,0.0,0,0,,False,
SLGB,Industrials,Integrated Freight & Logistics,micro,high,unknown,0.0,0,0.0,0,0,,False,
SLGL,Healthcare,Biotechnology,micro,high,mid,0.0,0,0.0,0,0,,False,
SLGN,Consumer Cyclical,Packaging & Containers,mid,mid,low,0.0,0,0.0,0,0,,False,
SLI,Basic Materials,Other Industrial Metals & Mining,small,high,high,0.0,0,0.0,0,0,,False,
SLJY,Financial,Exchange Traded Fund,unknown,mid,mid,0.0,0,0.0,0,0,,False,
SLM,Financial,Credit Services,mid,mid,mid,0.0,0,0.0,0,0,,False,
SLMT,Technology,Software - Infrastructure,micro,high,high,0.0,0,0.0,0,0,,False,
SLN,Healthcare,Biotechnology,small,high,high,0.0,0,0.0,0,0,,False,
SLND,Industrials,Engineering & Construction,micro,high,low,0.0,0,0.0,0,0,,False,
SLNG,Energy,Oil & Gas Integrated,micro,high,low,0.0,0,0.0,0,0,,False,
SLNH,Financial,Capital Markets,micro,high,high,0.0,0,0.0,0,0,,False,
SLNZ,Financial,Exchange Traded Fund,unknown,low,low,0.0,0,0.0,0,0,,False,
SLON,Financial,Exchange Traded Fund,unknown,high,high,0.0,0,0.0,0,0,,False,
SLP,Healthcare,Health Information Services,small,low,high,0.0,0,0.0,0,0,,False,
SLQD,Financial,Exchange Traded Fund,unknown,low,low,0.0,0,0.0,0,0,,False,
SLQT,Financial,Insurance Brokers,micro,high,high,0.0,0,0.0,0,0,,False,
SLRC,Financial,Asset Management,small,mid,low,0.0,0,0.0,0,0,,False,
SLS,Healthcare,Biotechnology,mid,high,high,0.0,0,0.0,0,0,,False,
SLSN,Consumer Defensive,Household & Personal Products,micro,high,high,0.0,0,0.0,0,0,,False,
SLSR,Basic Materials,Other Precious Metals & Mining,small,high,high,0.0,0,0.0,0,0,,False,
SLTY,Financial,Exchange Traded Fund,unknown,low,low,0.0,0,0.0,0,0,,False,
SLV,Financial,Exchange Traded Fund,unknown,mid,low,0.0,0,0.0,0,0,,False,
SLVM,Basic Materials,Paper & Paper Products,small,mid,low,0.0,0,0.0,0,0,,False,
SLVO,Financial,Exchange Traded Fund,unknown,mid,low,0.0,0,0.0,0,0,,False,
SLVP,Financial,Exchange Traded Fund,unknown,mid,mid,0.0,0,0.0,0,0,,False,
SLVR,Financial,Exchange Traded Fund,unknown,mid,mid,0.0,0,0.0,0,0,,False,
SLVX,Financial,Exchange Traded Fund,unknown,mid,unknown,0.0,0,0.0,0,0,,False,
SLVY,Financial,Exchange Traded Fund,unknown,low,unknown,0.0,0,0.0,0,0,,False,
SLWS,Financial,Exchange Traded Fund,unknown,low,unknown,0.0,0,0.0,0,0,,False,
SLX,Financial,Exchange Traded Fund,unknown,low,mid,0.0,0,0.0,0,0,,False,
SLXN,Healthcare,Biotechnology,micro,high,low,0.0,0,0.0,0,0,,False,
SLYG,Financial,Exchange Traded Fund,unknown,low,mid,0.0,0,0.0,0,0,,False,
SLYV,Financial,Exchange Traded Fund,unknown,low,mid,0.0,0,0.0,0,0,,False,
SM,Energy,Oil & Gas E&P,mid,mid,low,0.0,0,0.0,0,0,,False,
SMA,Real Estate,REIT - Industrial,mid,mid,low,0.0,0,0.0,0,0,,False,
SMAX,Financial,Exchange Traded Fund,unknown,low,low,0.0,0,0.0,0,0,,False,
SMAY,Financial,Exchange Traded Fund,unknown,low,low,0.0,0,0.0,0,0,,False,
SMB,Financial,Exchange Traded Fund,unknown,low,low,0.0,0,0.0,0,0,,False,
SMBC,Financial,Banks - Regional,small,mid,mid,0.0,0,0.0,0,0,,False,
SMBK,Financial,Banks - Regional,small,mid,low,0.0,0,0.0,0,0,,False,
SMBS,Financial,Exchange Traded Fund,unknown,low,low,0.0,0,0.0,0,0,,False,
SMC,Energy,Oil & Gas Midstream,small,mid,low,0.0,0,0.0,0,0,,False,
SMCC,Financial,Exchange Traded Fund,unknown,high,unknown,0.0,0,0.0,0,0,,False,
SMCF,Financial,Exchange Traded Fund,unknown,low,mid,0.0,0,0.0,0,0,,False,
SMCI,Technology,Computer Hardware,large,high,high,0.0,0,0.0,0,0,,False,
SMCL,Financial,Exchange Traded Fund,unknown,high,high,0.0,0,0.0,0,0,,False,
SMCO,Financial,Exchange Traded Fund,unknown,low,mid,0.0,0,0.0,0,0,,False,
SMCP,Financial,Exchange Traded Fund,unknown,low,unknown,0.0,0,0.0,0,0,,False,
SMCX,Financial,Exchange Traded Fund,unknown,high,high,0.0,0,0.0,0,0,,False,
SMCY,Financial,Exchange Traded Fund,unknown,high,high,0.0,0,0.0,0,0,,False,
SMCZ,Financial,Exchange Traded Fund,unknown,high,low,0.0,0,0.0,0,0,,False,
SMDD,Financial,Exchange Traded Fund,unknown,mid,low,0.0,0,0.0,0,0,,False,
SMDV,Financial,Exchange Traded Fund,unknown,low,low,0.0,0,0.0,0,0,,False,
SMDX,Financial,Exchange Traded Fund,unknown,low,low,0.0,0,0.0,0,0,,False,
SMFG,Financial,Banks - Diversified,large,mid,low,0.0,0,0.0,0,0,,False,
SMG,Basic Materials,Agricultural Inputs,mid,mid,high,0.0,0,0.0,0,0,,False,
SMH,Financial,Exchange Traded Fund,unknown,mid,high,0.0,0,0.0,0,0,,False,
SMHB,Financial,Exchange Traded Fund,unknown,mid,high,0.0,0,0.0,0,0,,False,
SMHC,Financial,Exchange Traded Fund,unknown,mid,unknown,0.0,0,0.0,0,0,,False,
SMHD,Financial,Exchange Traded Fund,unknown,mid,unknown,0.0,0,0.0,0,0,,False,
SMHI,Industrials,Marine Shipping,micro,mid,mid,0.0,0,0.0,0,0,,False,
SMHU,Financial,Exchange Traded Fund,unknown,high,unknown,0.0,0,0.0,0,0,,False,
SMHX,Financial,Exchange Traded Fund,unknown,mid,high,0.0,0,0.0,0,0,,False,
SMID,Basic Materials,Building Materials,micro,mid,high,0.0,0,0.0,0,0,,False,
SMIG,Financial,Exchange Traded Fund,unknown,low,mid,0.0,0,0.0,0,0,,False,
SMIN,Financial,Exchange Traded Fund,unknown,low,low,0.0,0,0.0,0,0,,False,
SMIZ,Financial,Exchange Traded Fund,unknown,low,mid,0.0,0,0.0,0,0,,False,
SMJF,Consumer Cyclical,Textile Manufacturing,micro,mid,unknown,0.0,0,0.0,0,0,,False,
SMLF,Financial,Exchange Traded Fund,unknown,low,mid,0.0,0,0.0,0,0,,False,
SMLL,Financial,Exchange Traded Fund,unknown,low,mid,0.0,0,0.0,0,0,,False,
SMLV,Financial,Exchange Traded Fund,unknown,low,low,0.0,0,0.0,0,0,,False,
SMMD,Financial,Exchange Traded Fund,unknown,low,mid,0.0,0,0.0,0,0,,False,
SMMT,Healthcare,Biotechnology,large,high,low,0.0,0,0.0,0,0,,False,
SMMU,Financial,Exchange Traded Fund,unknown,low,low,0.0,0,0.0,0,0,,False,
SMMV,Financial,Exchange Traded Fund,unknown,low,low,0.0,0,0.0,0,0,,False,
SMN,Financial,Exchange Traded Fund,unknown,mid,low,0.0,0,0.0,0,0,,False,
SMOG,Financial,Exchange Traded Fund,unknown,low,mid,0.0,0,0.0,0,0,,False,
SMOM,Financial,Exchange Traded Fund,unknown,low,unknown,0.0,0,0.0,0,0,,False,
SMOT,Financial,Exchange Traded Fund,unknown,low,mid,0.0,0,0.0,0,0,,False,
SMOX,Financial,Exchange Traded Fund,unknown,low,unknown,0.0,0,0.0,0,0,,False,
SMP,Consumer Cyclical,Auto Parts,small,mid,mid,0.0,0,0.0,0,0,,False,
SMPL,Consumer Defensive,Packaged Foods,small,mid,low,0.0,0,0.0,0,0,,False,
SMR,Industrials,Specialty Industrial Machinery,mid,high,high,0.0,0,0.0,0,0,,False,
SMRF,Financial,Exchange Traded Fund,unknown,mid,unknown,0.0,0,0.0,0,0,,False,
SMRI,Financial,Exchange Traded Fund,unknown,low,mid,0.0,0,0.0,0,0,,False,
SMRT,Technology,Software - Application,micro,high,high,0.0,0,0.0,0,0,,False,
SMRX,Financial,Exchange Traded Fund,unknown,high,unknown,0.0,0,0.0,0,0,,False,
SMSI,Technology,Software - Application,micro,high,low,0.0,0,0.0,0,0,,False,
SMST,Financial,Exchange Traded Fund,unknown,high,low,0.0,0,0.0,0,0,,False,
SMTC,Technology,Semiconductors,large,high,high,0.0,0,0.0,0,0,,False,
SMTG,Financial,Exchange Traded Fund,unknown,high,unknown,0.0,0,0.0,0,0,,False,
SMTH,Financial,Exchange Traded Fund,unknown,low,low,0.0,0,0.0,0,0,,False,
SMTI,Healthcare,Medical Instruments & Supplies,small,mid,mid,0.0,0,0.0,0,0,,False,
SMTK,Technology,Semiconductor Equipment & Materials,micro,high,high,0.0,0,0.0,0,0,,False,
SMU,Financial,Exchange Traded Fund,unknown,high,high,0.0,0,0.0,0,0,,False,
SMUP,Financial,Exchange Traded Fund,unknown,high,high,0.0,0,0.0,0,0,,False,
SMWB,Technology,Software - Application,small,high,mid,0.0,0,0.0,0,0,,False,
SMX,Industrials,Specialty Business Services,micro,high,low,0.0,0,0.0,0,0,,False,
SMXT,Technology,Solar,micro,high,low,0.0,0,0.0,0,0,,False,
SMYY,Financial,Exchange Traded Fund,unknown,low,unknown,0.0,0,0.0,0,0,,False,
SMZ,Financial,Exchange Traded Fund,unknown,high,unknown,0.0,0,0.0,0,0,,False,
SN,Consumer Cyclical,"Furnishings, Fixtures & Appliances",large,mid,mid,0.0,0,0.0,0,0,,False,
SNA,Industrials,Tools & Accessories,large,mid,low,0.0,0,0.0,0,0,,False,
SNAG,Financial,Exchange Traded Fund,unknown,high,unknown,0.0,0,0.0,0,0,,False,
SNAL,Communication Services,Electronic Gaming & Multimedia,micro,high,mid,0.0,0,0.0,0,0,,False,
SNAP,Communication Services,Internet Content & Information,mid,high,mid,0.0,0,0.0,0,0,,False,
SNAV,Financial,Exchange Traded Fund,unknown,low,mid,0.0,0,0.0,0,0,,False,
SND,Energy,Oil & Gas Equipment & Services,micro,high,low,0.0,0,0.0,0,0,,False,
SNDA,Healthcare,Medical Care Facilities,small,mid,low,0.0,0,0.0,0,0,,False,
SNDC,Financial,Exchange Traded Fund,unknown,high,unknown,0.0,0,0.0,0,0,,False,
SNDG,Financial,Exchange Traded Fund,unknown,high,unknown,0.0,0,0.0,0,0,,False,
SNDK,Technology,Computer Hardware,large,high,high,0.0,0,0.0,0,0,,False,
SNDL,Consumer Defensive,Beverages - Wineries & Distilleries,small,mid,mid,0.0,0,0.0,0,0,,False,
SNDQ,Financial,Exchange Traded Fund,unknown,high,unknown,0.0,0,0.0,0,0,,False,
SNDR,Industrials,Trucking,mid,mid,mid,0.0,0,0.0,0,0,,False,
SNDU,Financial,Exchange Traded Fund,unknown,high,unknown,0.0,0,0.0,0,0,,False,
SNDX,Healthcare,Biotechnology,small,high,low,0.0,0,0.0,0,0,,False,
SNES,Basic Materials,Specialty Chemicals,micro,high,low,0.0,0,0.0,0,0,,False,
SNEX,Financial,Capital Markets,mid,high,low,0.0,0,0.0,0,0,,False,
SNFCA,Financial,Insurance - Life,micro,mid,low,0.0,0,0.0,0,0,,False,
SNGX,Healthcare,Biotechnology,micro,high,high,0.0,0,0.0,0,0,,False,
SNK,Financial,Exchange Traded Fund,unknown,high,unknown,0.0,0,0.0,0,0,,False,
SNN,Healthcare,Medical Devices,large,mid,low,0.0,0,0.0,0,0,,False,
SNOA,Healthcare,Drug Manufacturers - Specialty & Generic,micro,high,high,0.0,0,0.0,0,0,,False,
SNOU,Financial,Exchange Traded Fund,unknown,high,high,0.0,0,0.0,0,0,,False,
SNOV,Financial,Exchange Traded Fund,unknown,low,low,0.0,0,0.0,0,0,,False,
SNOW,Technology,Software - Application,large,mid,high,0.0,0,0.0,0,0,,False,
SNOY,Financial,Exchange Traded Fund,unknown,mid,high,0.0,0,0.0,0,0,,False,
SNPD,Financial,Exchange Traded Fund,unknown,low,low,0.0,0,0.0,0,0,,False,
SNPE,Financial,Exchange Traded Fund,unknown,low,mid,0.0,0,0.0,0,0,,False,
SNPG,Financial,Exchange Traded Fund,unknown,low,mid,0.0,0,0.0,0,0,,False,
SNPS,Technology,Software - Infrastructure,large,mid,mid,0.0,0,0.0,0,0,,False,
SNSC,Industrials,Farm & Heavy Construction Machinery,unknown,high,unknown,0.0,0,0.0,0,0,,False,
SNSR,Financial,Exchange Traded Fund,unknown,mid,high,0.0,0,0.0,0,0,,False,
SNT,Industrials,Security & Protection Services,micro,high,mid,0.0,0,0.0,0,0,,False,
SNTG,Financial,Credit Services,micro,high,high,0.0,1,0.0,0,0,,False,
SNTH,Financial,Exchange Traded Fund,unknown,low,mid,0.0,0,0.0,0,0,,False,
SNTI,Healthcare,Biotechnology,micro,high,high,0.0,0,0.0,0,0,,False,
SNTQ,Financial,Exchange Traded Fund,unknown,low,unknown,0.0,0,0.0,0,0,,False,
SNWV,Healthcare,Medical Devices,micro,high,high,0.0,0,0.0,0,0,,False,
SNX,Technology,Electronics & Computer Distribution,large,mid,high,0.0,0,0.0,0,0,,False,
SNXX,Financial,Exchange Traded Fund,unknown,high,unknown,0.0,0,0.0,0,0,,False,
SNY,Healthcare,Drug Manufacturers - General,large,low,low,0.0,0,0.0,0,0,,False,
SNYR,Healthcare,Medical Distribution,micro,high,low,0.0,0,0.0,0,0,,False,
SO,Utilities,Utilities - Regulated Electric,large,mid,low,0.0,0,0.0,0,0,,False,
SOAR,Industrials,Airports & Air Services,micro,high,mid,0.0,0,0.0,0,0,,False,
SOBO,Energy,Oil & Gas Midstream,mid,mid,low,0.0,0,0.0,0,0,,False,
SOBR,Technology,Scientific & Technical Instruments,micro,high,mid,0.0,0,0.0,0,0,,False,
SOC,Energy,Oil & Gas Drilling,small,high,low,0.0,0,0.0,0,0,,False,
SOCA,Financial,Shell Companies,micro,low,unknown,0.0,0,0.0,0,0,,False,
SOCL,Financial,Exchange Traded Fund,unknown,mid,mid,0.0,0,0.0,0,0,,False,
SOEZ,Financial,Exchange Traded Fund,unknown,mid,unknown,0.0,0,0.0,0,0,,False,
SOFA,Financial,Exchange Traded Fund,unknown,high,unknown,0.0,0,0.0,0,0,,False,
SOFC,Financial,Exchange Traded Fund,unknown,high,unknown,0.0,0,0.0,0,0,,False,
SOFI,Financial,Credit Services,large,mid,high,0.0,0,0.0,0,0,,False,
SOFR,Financial,Exchange Traded Fund,unknown,low,low,0.0,0,0.0,0,0,,False,
SOFX,Financial,Exchange Traded Fund,unknown,high,high,0.0,0,0.0,0,0,,False,
SOGP,Communication Services,Internet Content & Information,micro,high,high,0.0,0,0.0,0,0,,False,
SOHU,Communication Services,Electronic Gaming & Multimedia,small,mid,low,0.0,1,0.0,0,0,,False,
SOLC,Financial,Exchange Traded Fund,unknown,mid,unknown,0.0,0,0.0,0,0,,False,
SOLM,Financial,Exchange Traded Fund,unknown,mid,unknown,0.0,0,0.0,0,0,,False,
SOLS,Basic Materials,Specialty Chemicals,mid,mid,unknown,0.0,0,0.0,0,0,,False,
SOLT,Financial,Exchange Traded Fund,unknown,high,high,0.0,0,0.0,0,0,,False,
SOLV,Healthcare,Medical Instruments & Supplies,large,mid,low,0.0,0,0.0,0,0,,False,
SOLZ,Financial,Exchange Traded Fund,unknown,mid,mid,0.0,0,0.0,0,0,,False,
SON,Consumer Cyclical,Packaging & Containers,mid,mid,low,0.0,0,0.0,0,0,,False,
SONM,Financial,Capital Markets,micro,high,high,0.0,0,0.0,0,0,,False,
SONO,Technology,Consumer Electronics,small,high,high,0.0,0,0.0,0,0,,False,
SONY,Technology,Consumer Electronics,large,mid,mid,0.0,0,0.0,0,0,,False,
SOPH,Healthcare,Health Information Services,small,high,mid,0.0,0,0.0,0,0,,False,
SOR,Financial,Closed-End Fund - Equity,small,low,low,0.0,0,0.0,0,0,,False,
SORA,Consumer Cyclical,Luxury Goods,micro,high,high,0.0,0,0.0,0,0,,False,
SORN,Financial,Shell Companies,small,low,unknown,0.0,0,0.0,0,0,,False,
SOS,Financial,Capital Markets,micro,high,high,0.0,1,0.0,0,0,,False,
SOTK,Technology,Scientific & Technical Instruments,micro,high,low,0.0,0,0.0,0,0,,False,
SOUL,Financial,Shell Companies,micro,low,low,0.0,0,0.0,0,0,,False,
SOUN,Technology,Software - Application,mid,high,high,0.0,0,0.0,0,0,,False,
SOUX,Financial,Exchange Traded Fund,unknown,high,high,0.0,0,0.0,0,0,,False,
SOVF,Financial,Exchange Traded Fund,unknown,low,mid,0.0,0,0.0,0,0,,False,
SOWG,Consumer Defensive,Confectioners,micro,high,mid,0.0,0,0.0,0,0,,False,
SOXL,Financial,Exchange Traded Fund,unknown,high,high,0.0,0,0.0,0,0,,False,
SOXQ,Financial,Exchange Traded Fund,unknown,mid,high,0.0,0,0.0,0,0,,False,
SOXS,Financial,Exchange Traded Fund,unknown,high,low,0.0,0,0.0,0,0,,False,
SOXX,Financial,Exchange Traded Fund,unknown,mid,high,0.0,0,0.0,0,0,,False,
SOXY,Financial,Exchange Traded Fund,unknown,mid,high,0.0,0,0.0,0,0,,False,
SOYB,Financial,Exchange Traded Fund,unknown,low,low,0.0,0,0.0,0,0,,False,
SPAB,Financial,Exchange Traded Fund,unknown,low,low,0.0,0,0.0,0,0,,False,
SPAI,Industrials,Aerospace & Defense,micro,high,high,0.0,0,0.0,0,0,,False,
SPAL,Financial,Exchange Traded Fund,unknown,high,unknown,0.0,0,0.0,0,0,,False,
SPAM,Financial,Exchange Traded Fund,unknown,low,mid,0.0,0,0.0,0,0,,False,
SPAQ,Financial,Exchange Traded Fund,unknown,low,low,0.0,0,0.0,0,0,,False,
SPAX,Financial,Exchange Traded Fund,unknown,high,unknown,0.0,0,0.0,0,0,,False,
SPB,Consumer Defensive,Household & Personal Products,mid,mid,low,0.0,0,0.0,0,0,,False,
SPBC,Financial,Exchange Traded Fund,unknown,low,mid,0.0,0,0.0,0,0,,False,
SPBO,Financial,Exchange Traded Fund,unknown,low,low,0.0,0,0.0,0,0,,False,
SPBU,Financial,Exchange Traded Fund,unknown,low,low,0.0,0,0.0,0,0,,False,
SPBW,Financial,Exchange Traded Fund,unknown,low,low,0.0,0,0.0,0,0,,False,
SPBX,Financial,Exchange Traded Fund,unknown,low,low,0.0,0,0.0,0,0,,False,
SPCB,Industrials,Security & Protection Services,micro,high,mid,0.0,0,0.0,0,0,,False,
SPCE,Industrials,Aerospace & Defense,small,high,high,0.0,0,0.0,0,0,,False,
SPCF,Financial,Exchange Traded Fund,unknown,high,unknown,0.0,0,0.0,0,0,,False,
SPCG,Financial,Exchange Traded Fund,unknown,high,unknown,0.0,0,0.0,0,0,,False,
SPCH,Financial,Exchange Traded Fund,unknown,high,unknown,0.0,0,0.0,0,0,,False,
SPCI,Financial,Exchange Traded Fund,unknown,high,unknown,0.0,0,0.0,0,0,,False,
SPCK,Financial,Exchange Traded Fund,unknown,low,low,0.0,0,0.0,0,0,,False,
SPCL,Financial,Exchange Traded Fund,unknown,high,unknown,0.0,0,0.0,0,0,,False,
SPCM,Financial,Exchange Traded Fund,unknown,high,unknown,0.0,0,0.0,0,0,,False,
SPCQ,Financial,Exchange Traded Fund,unknown,high,unknown,0.0,0,0.0,0,0,,False,
SPCT,Financial,Exchange Traded Fund,unknown,low,unknown,0.0,0,0.0,0,0,,False,
SPCU,Financial,Exchange Traded Fund,unknown,high,unknown,0.0,0,0.0,0,0,,False,
SPCX,Industrials,Aerospace & Defense,mega,high,unknown,0.0,0,0.0,0,0,,False,
SPD,Financial,Exchange Traded Fund,unknown,low,low,0.0,0,0.0,0,0,,False,
SPDF,Financial,Exchange Traded Fund,unknown,low,unknown,0.0,0,0.0,0,0,,False,
SPDG,Financial,Exchange Traded Fund,unknown,low,low,0.0,0,0.0,0,0,,False,
SPDN,Financial,Exchange Traded Fund,unknown,low,low,0.0,0,0.0,0,0,,False,
SPDV,Financial,Exchange Traded Fund,unknown,low,low,0.0,0,0.0,0,0,,False,
SPDW,Financial,Exchange Traded Fund,unknown,low,mid,0.0,0,0.0,0,0,,False,
SPE,Financial,Closed-End Fund - Equity,micro,low,low,0.0,0,0.0,0,0,,False,
SPEG,Financial,Shell Companies,micro,low,unknown,0.0,0,0.0,0,0,,False,
SPEM,Financial,Exchange Traded Fund,unknown,low,low,0.0,0,0.0,0,0,,False,
SPEU,Financial,Exchange Traded Fund,unknown,low,mid,0.0,0,0.0,0,0,,False,
SPFF,Financial,Exchange Traded Fund,unknown,low,low,0.0,0,0.0,0,0,,False,
SPFI,Financial,Banks - Regional,small,mid,low,0.0,0,0.0,0,0,,False,
SPG,Real Estate,REIT - Retail,large,low,high,0.0,0,0.0,0,0,,False,
SPGI,Financial,Financial Data & Stock Exchanges,large,mid,mid,0.0,0,0.0,0,0,,False,
SPGM,Financial,Exchange Traded Fund,unknown,low,mid,0.0,0,0.0,0,0,,False,
SPGP,Financial,Exchange Traded Fund,unknown,low,mid,0.0,0,0.0,0,0,,False,
SPH,Utilities,Utilities - Regulated Gas,small,mid,low,0.0,0,0.0,0,0,,False,
SPHB,Financial,Exchange Traded Fund,unknown,mid,high,0.0,0,0.0,0,0,,False,
SPHD,Financial,Exchange Traded Fund,unknown,low,low,0.0,0,0.0,0,0,,False,
SPHL,Consumer Cyclical,Residential Construction,micro,high,high,0.0,0,0.0,0,0,,False,
SPHQ,Financial,Exchange Traded Fund,unknown,low,mid,0.0,0,0.0,0,0,,False,
SPHR,Communication Services,Entertainment,mid,mid,high,0.0,0,0.0,0,0,,False,
SPHY,Financial,Exchange Traded Fund,unknown,low,low,0.0,0,0.0,0,0,,False,
SPIB,Financial,Exchange Traded Fund,unknown,low,low,0.0,0,0.0,0,0,,False,
SPIN,Financial,Exchange Traded Fund,unknown,low,low,0.0,0,0.0,0,0,,False,
SPIP,Financial,Exchange Traded Fund,unknown,low,low,0.0,0,0.0,0,0,,False,
SPIR,Industrials,Specialty Business Services,small,high,high,0.0,0,0.0,0,0,,False,
SPIT,Financial,Exchange Traded Fund,unknown,low,unknown,0.0,0,0.0,0,0,,False,
SPKL,Financial,Shell Companies,micro,mid,low,0.0,0,0.0,0,0,,False,
SPLB,Financial,Exchange Traded Fund,unknown,low,low,0.0,0,0.0,0,0,,False,
SPLS,Financial,Exchange Traded Fund,unknown,low,unknown,0.0,0,0.0,0,0,,False,
SPLV,Financial,Exchange Traded Fund,unknown,low,low,0.0,0,0.0,0,0,,False,
SPMB,Financial,Exchange Traded Fund,unknown,low,low,0.0,0,0.0,0,0,,False,
SPMC,Financial,Asset Management,micro,mid,mid,0.0,0,0.0,0,0,,False,
SPMD,Financial,Exchange Traded Fund,unknown,low,mid,0.0,0,0.0,0,0,,False,
SPMO,Financial,Exchange Traded Fund,unknown,mid,mid,0.0,0,0.0,0,0,,False,
SPNT,Financial,Insurance - Reinsurance,mid,mid,low,0.0,0,0.0,0,0,,False,
SPOG,Financial,Exchange Traded Fund,unknown,high,unknown,0.0,0,0.0,0,0,,False,
SPOK,Healthcare,Health Information Services,micro,mid,low,0.0,0,0.0,0,0,,False,
SPOT,Communication Services,Internet Content & Information,large,mid,high,0.0,0,0.0,0,0,,False,
SPPL,Industrials,Specialty Industrial Machinery,micro,high,high,0.0,0,0.0,0,0,,False,
SPPP,Financial,Asset Management,unknown,mid,low,0.0,0,0.0,0,0,,False,
SPRB,Healthcare,Biotechnology,micro,high,high,0.0,0,0.0,0,0,,False,
SPRC,Healthcare,Biotechnology,micro,high,high,0.0,0,0.0,0,0,,False,
SPRE,Financial,Exchange Traded Fund,unknown,low,mid,0.0,0,0.0,0,0,,False,
SPRO,Healthcare,Biotechnology,micro,high,high,0.0,0,0.0,0,0,,False,
SPRU,Technology,Solar,micro,high,mid,0.0,0,0.0,0,0,,False,
SPRX,Financial,Exchange Traded Fund,unknown,high,high,0.0,0,0.0,0,0,,False,
SPRY,Healthcare,Biotechnology,small,high,mid,0.0,0,0.0,0,0,,False,
SPSB,Financial,Exchange Traded Fund,unknown,low,low,0.0,0,0.0,0,0,,False,
SPSC,Technology,Software - Application,mid,mid,low,0.0,0,0.0,0,0,,False,
SPSK,Financial,Exchange Traded Fund,unknown,low,low,0.0,0,0.0,0,0,,False,
SPSM,Financial,Exchange Traded Fund,unknown,low,mid,0.0,0,0.0,0,0,,False,
SPT,Technology,Software - Application,small,high,mid,0.0,0,0.0,0,0,,False,
SPTB,Financial,Exchange Traded Fund,unknown,low,low,0.0,0,0.0,0,0,,False,
SPTE,Financial,Exchange Traded Fund,unknown,mid,high,0.0,0,0.0,0,0,,False,
SPTI,Financial,Exchange Traded Fund,unknown,low,low,0.0,0,0.0,0,0,,False,
SPTL,Financial,Exchange Traded Fund,unknown,low,low,0.0,0,0.0,0,0,,False,
SPTM,Financial,Exchange Traded Fund,unknown,low,mid,0.0,0,0.0,0,0,,False,
SPTS,Financial,Exchange Traded Fund,unknown,low,low,0.0,0,0.0,0,0,,False,
SPTU,Financial,Exchange Traded Fund,unknown,low,unknown,0.0,0,0.0,0,0,,False,
SPTX,Healthcare,Biotechnology,small,high,unknown,0.0,0,0.0,0,0,,False,
SPUC,Financial,Exchange Traded Fund,unknown,low,mid,0.0,0,0.0,0,0,,False,
SPUS,Financial,Exchange Traded Fund,unknown,low,mid,0.0,0,0.0,0,0,,False,
SPUT,Financial,Exchange Traded Fund,unknown,low,low,0.0,0,0.0,0,0,,False,
SPUU,Financial,Exchange Traded Fund,unknown,low,high,0.0,0,0.0,0,0,,False,
SPVM,Financial,Exchange Traded Fund,unknown,low,low,0.0,0,0.0,0,0,,False,
SPWH,Consumer Cyclical,Specialty Retail,micro,mid,low,0.0,0,0.0,0,0,,False,
SPWO,Financial,Exchange Traded Fund,unknown,mid,mid,0.0,0,0.0,0,0,,False,
SPWR,Technology,Solar,micro,high,low,0.0,0,0.0,0,0,,False,
SPXC,Industrials,Building Products & Equipment,large,mid,mid,0.0,0,0.0,0,0,,False,
SPXD,Financial,Exchange Traded Fund,unknown,low,low,0.0,0,0.0,0,0,,False,
SPXE,Financial,Exchange Traded Fund,unknown,low,mid,0.0,0,0.0,0,0,,False,
SPXL,Financial,Exchange Traded Fund,unknown,mid,high,0.0,0,0.0,0,0,,False,
SPXN,Financial,Exchange Traded Fund,unknown,low,mid,0.0,0,0.0,0,0,,False,
SPXS,Financial,Exchange Traded Fund,unknown,mid,low,0.0,0,0.0,0,0,,False,
SPXT,Financial,Exchange Traded Fund,unknown,low,mid,0.0,0,0.0,0,0,,False,
SPXU,Financial,Exchange Traded Fund,unknown,mid,low,0.0,0,0.0,0,0,,False,
SPXV,Financial,Exchange Traded Fund,unknown,low,mid,0.0,0,0.0,0,0,,False,
SPXX,Financial,Closed-End Fund - Equity,small,low,mid,0.0,0,0.0,0,0,,False,
SPY,Financial,Exchange Traded Fund,unknown,low,mid,0.0,0,0.0,0,0,,False,
SPYA,Financial,Exchange Traded Fund,unknown,low,mid,0.0,0,0.0,0,0,,False,
SPYC,Financial,Exchange Traded Fund,unknown,low,mid,0.0,0,0.0,0,0,,False,
SPYD,Financial,Exchange Traded Fund,unknown,low,low,0.0,0,0.0,0,0,,False,
SPYG,Financial,Exchange Traded Fund,unknown,low,mid,0.0,0,0.0,0,0,,False,
SPYH,Financial,Exchange Traded Fund,unknown,low,low,0.0,0,0.0,0,0,,False,
SPYI,Financial,Exchange Traded Fund,unknown,low,low,0.0,0,0.0,0,0,,False,
SPYM,Financial,Exchange Traded Fund,unknown,low,mid,0.0,0,0.0,0,0,,False,
SPYQ,Financial,Exchange Traded Fund,unknown,low,high,0.0,0,0.0,0,0,,False,
SPYT,Financial,Exchange Traded Fund,unknown,low,mid,0.0,0,0.0,0,0,,False,
SPYU,Financial,Exchange Traded Fund,unknown,mid,high,0.0,0,0.0,0,0,,False,
SPYV,Financial,Exchange Traded Fund,unknown,low,mid,0.0,0,0.0,0,0,,False,
SPYX,Financial,Exchange Traded Fund,unknown,low,mid,0.0,0,0.0,0,0,,False,
SQFT,Real Estate,REIT - Diversified,micro,high,high,0.0,0,0.0,0,0,,False,
SQLT,Financial,Exchange Traded Fund,unknown,low,unknown,0.0,0,0.0,0,0,,False,
SQLV,Financial,Exchange Traded Fund,unknown,low,mid,0.0,0,0.0,0,0,,False,
SQM,Basic Materials,Specialty Chemicals,large,mid,mid,0.0,0,0.0,0,0,,False,
SQMX,Financial,Exchange Traded Fund,unknown,low,low,0.0,0,0.0,0,0,,False,
SQNS,Technology,Semiconductors,micro,high,mid,0.0,0,0.0,0,0,,False,
SQQQ,Financial,Exchange Traded Fund,unknown,high,low,0.0,0,0.0,0,0,,False,
SQS,Financial,Exchange Traded Fund,unknown,low,unknown,0.0,0,0.0,0,0,,False,
SR,Utilities,Utilities - Regulated Gas,mid,mid,low,0.0,0,0.0,0,0,,False,
SRAD,Technology,Software - Application,mid,high,high,0.0,0,0.0,0,0,,False,
SRBK,Financial,Banks - Regional,micro,low,low,0.0,0,0.0,0,0,,False,
SRCE,Financial,Banks - Regional,mid,low,low,0.0,0,0.0,0,0,,False,
SRE,Utilities,Utilities - Diversified,large,mid,low,0.0,0,0.0,0,0,,False,
SRET,Financial,Exchange Traded Fund,unknown,low,mid,0.0,0,0.0,0,0,,False,
SRFM,Industrials,Airlines,micro,high,high,0.0,0,0.0,0,0,,False,
SRG,Real Estate,Real Estate Services,micro,mid,high,0.0,0,0.0,0,0,,False,
SRHQ,Financial,Exchange Traded Fund,unknown,low,mid,0.0,0,0.0,0,0,,False,
SRHR,Financial,Exchange Traded Fund,unknown,low,low,0.0,0,0.0,0,0,,False,
SRI,Consumer Cyclical,Auto Parts,micro,high,high,0.0,0,0.0,0,0,,False,
SRL,Financial,Capital Markets,micro,high,unknown,0.0,1,0.0,0,0,,False,
SRLN,Financial,Exchange Traded Fund,unknown,low,low,0.0,0,0.0,0,0,,False,
SROI,Financial,Exchange Traded Fund,unknown,low,mid,0.0,0,0.0,0,0,,False,
SRPT,Healthcare,Biotechnology,small,mid,low,0.0,0,0.0,0,0,,False,
SRRK,Healthcare,Biotechnology,mid,mid,low,0.0,0,0.0,0,0,,False,
SRS,Financial,Exchange Traded Fund,unknown,mid,low,0.0,0,0.0,0,0,,False,
SRTA,Healthcare,Medical Care Facilities,small,mid,high,0.0,0,0.0,0,0,,False,
SRTS,Healthcare,Medical Devices,micro,mid,mid,0.0,0,0.0,0,0,,False,
SRTY,Financial,Exchange Traded Fund,unknown,mid,low,0.0,0,0.0,0,0,,False,
SRV,Financial,Closed-End Fund - Equity,micro,mid,low,0.0,0,0.0,0,0,,False,
SRVR,Financial,Exchange Traded Fund,unknown,low,mid,0.0,0,0.0,0,0,,False,
SRXH,Consumer Defensive,Packaged Foods,micro,high,mid,0.0,0,0.0,0,0,,False,
SRZN,Healthcare,Biotechnology,micro,high,low,0.0,0,0.0,0,0,,False,
SSAC,Financial,Shell Companies,micro,low,unknown,0.0,0,0.0,0,0,,False,
SSB,Financial,Banks - Regional,large,low,low,0.0,0,0.0,0,0,,False,
SSBI,Financial,Banks - Regional,micro,low,low,0.0,0,0.0,0,0,,False,
SSCP,Financial,Exchange Traded Fund,unknown,low,unknown,0.0,0,0.0,0,0,,False,
SSD,Basic Materials,Lumber & Wood Production,mid,mid,high,0.0,0,0.0,0,0,,False,
SSEA,Financial,Shell Companies,micro,low,unknown,0.0,0,0.0,0,0,,False,
SSFI,Financial,Exchange Traded Fund,unknown,low,low,0.0,0,0.0,0,0,,False,
SSG,Financial,Exchange Traded Fund,unknown,high,low,0.0,0,0.0,0,0,,False,
SSII,Healthcare,Medical Devices,small,high,low,0.0,0,0.0,0,0,,False,
SSK,Financial,Exchange Traded Fund,unknown,mid,mid,0.0,0,0.0,0,0,,False,
SSL,Basic Materials,Specialty Chemicals,mid,mid,low,0.0,0,0.0,0,0,,False,
SSM,Consumer Cyclical,Auto Manufacturers,micro,high,high,0.0,0,0.0,0,0,,False,
SSMG,Financial,Exchange Traded Fund,unknown,low,unknown,0.0,0,0.0,0,0,,False,
SSMR,Basic Materials,Other Industrial Metals & Mining,mid,high,unknown,0.0,0,0.0,0,0,,False,
SSNC,Technology,Software - Application,large,mid,mid,0.0,0,0.0,0,0,,False,
SSO,Financial,Exchange Traded Fund,unknown,low,high,0.0,0,0.0,0,0,,False,
SSP,Communication Services,Broadcasting,small,high,low,0.0,0,0.0,0,0,,False,
SSPC,Financial,Exchange Traded Fund,unknown,high,unknown,0.0,0,0.0,0,0,,False,
SSPY,Financial,Exchange Traded Fund,unknown,low,mid,0.0,0,0.0,0,0,,False,
SSRM,Basic Materials,Gold,mid,mid,low,0.0,0,0.0,0,0,,False,
SSS,Financial,Exchange Traded Fund,unknown,low,unknown,0.0,0,0.0,0,0,,False,
SST,Industrials,Specialty Business Services,micro,high,high,0.0,0,0.0,0,0,,False,
SSTI,Technology,Software - Application,micro,high,mid,0.0,0,0.0,0,0,,False,
SSTK,Communication Services,Internet Content & Information,micro,high,mid,0.0,0,0.0,0,0,,False,
SSUS,Financial,Exchange Traded Fund,unknown,low,mid,0.0,0,0.0,0,0,,False,
SSXU,Financial,Exchange Traded Fund,unknown,low,low,0.0,0,0.0,0,0,,False,
SSYS,Technology,Computer Hardware,small,mid,high,0.0,0,0.0,0,0,,False,
ST,Technology,Scientific & Technical Instruments,mid,mid,mid,0.0,0,0.0,0,0,,False,
STAA,Healthcare,Medical Instruments & Supplies,small,high,mid,0.0,0,0.0,0,0,,False,
STAG,Real Estate,REIT - Industrial,mid,mid,mid,0.0,0,0.0,0,0,,False,
STAK,Energy,Oil & Gas Equipment & Services,unknown,high,low,0.0,1,0.0,0,0,,False,
STAX,Financial,Exchange Traded Fund,unknown,low,low,0.0,0,0.0,0,0,,False,
STBA,Financial,Banks - Regional,small,low,mid,0.0,0,0.0,0,0,,False,
STBF,Financial,Exchange Traded Fund,unknown,low,low,0.0,0,0.0,0,0,,False,
STBQ,Financial,Exchange Traded Fund,unknown,low,unknown,0.0,0,0.0,0,0,,False,
STC,Financial,Insurance - Property & Casualty,mid,mid,mid,0.0,0,0.0,0,0,,False,
STCE,Financial,Exchange Traded Fund,unknown,high,high,0.0,0,0.0,0,0,,False,
STDN,Basic Materials,Specialty Chemicals,small,high,unknown,0.0,0,0.0,0,0,,False,
STE,Healthcare,Medical Devices,large,mid,mid,0.0,0,0.0,0,0,,False,
STEM,Utilities,Utilities - Renewable,micro,high,high,0.0,0,0.0,0,0,,False,
STEN,Financial,Exchange Traded Fund,unknown,low,unknown,0.0,0,0.0,0,0,,False,
STEP,Financial,Asset Management,mid,high,mid,0.0,0,0.0,0,0,,False,
STEW,Financial,Closed-End Fund - Equity,small,low,mid,0.0,0,0.0,0,0,,False,
STEX,Financial,Capital Markets,micro,high,high,0.0,0,0.0,0,0,,False,
STFS,Communication Services,Advertising Agencies,micro,high,high,0.0,1,0.0,0,0,,False,
STG,Consumer Defensive,Education & Training Services,micro,high,high,0.0,1,0.0,0,0,,False,
STGW,Communication Services,Advertising Agencies,mid,mid,mid,0.0,0,0.0,0,0,,False,
STHH,Financial,Exchange Traded Fund,unknown,high,high,0.0,0,0.0,0,0,,False,
STHO,Real Estate,Real Estate Services,micro,mid,mid,0.0,0,0.0,0,0,,False,
STI,Industrials,Electrical Equipment & Parts,micro,high,low,0.0,0,0.0,0,0,,False,
STIM,Healthcare,Medical Devices,micro,high,mid,0.0,0,0.0,0,0,,False,
STIP,Financial,Exchange Traded Fund,unknown,low,low,0.0,0,0.0,0,0,,False,
STK,Financial,Closed-End Fund - Equity,small,mid,high,0.0,0,0.0,0,0,,False,
STKE,Financial,Capital Markets,micro,high,mid,0.0,0,0.0,0,0,,False,
STKH,Consumer Defensive,Packaged Foods,micro,high,high,0.0,0,0.0,0,0,,False,
STKS,Consumer Cyclical,Restaurants,micro,high,high,0.0,0,0.0,0,0,,False,
STLA,Consumer Cyclical,Auto Manufacturers,large,mid,high,0.0,0,0.0,0,0,,False,
STLD,Basic Materials,Steel,large,mid,high,0.0,0,0.0,0,0,,False,
STLL,Financial,Exchange Traded Fund,unknown,high,unknown,0.0,0,0.0,0,0,,False,
STLN,Healthcare,Medical Care Facilities,small,high,low,0.0,0,0.0,0,0,,False,
STLR,Financial,Exchange Traded Fund,unknown,mid,unknown,0.0,0,0.0,0,0,,False,
STLU,Financial,Exchange Traded Fund,unknown,high,unknown,0.0,0,0.0,0,0,,False,
STM,Technology,Semiconductors,large,high,high,0.0,0,0.0,0,0,,False,
STN,Industrials,Engineering & Construction,mid,mid,mid,0.0,0,0.0,0,0,,False,
STNC,Financial,Exchange Traded Fund,unknown,low,low,0.0,0,0.0,0,0,,False,
STNE,Technology,Software - Infrastructure,mid,mid,high,0.0,0,0.0,0,0,,False,
STNG,Energy,Oil & Gas Midstream,mid,mid,low,0.0,0,0.0,0,0,,False,
STOK,Healthcare,Biotechnology,mid,mid,mid,0.0,0,0.0,0,0,,False,
STOT,Financial,Exchange Traded Fund,unknown,low,low,0.0,0,0.0,0,0,,False,
STOX,Financial,Exchange Traded Fund,unknown,low,mid,0.0,0,0.0,0,0,,False,
STPZ,Financial,Exchange Traded Fund,unknown,low,low,0.0,0,0.0,0,0,,False,
STRA,Consumer Defensive,Education & Training Services,small,mid,low,0.0,0,0.0,0,0,,False,
STRC,Technology,Software - Application,large,mid,low,0.0,0,0.0,0,0,,False,
STRL,Industrials,Engineering & Construction,large,high,high,0.0,0,0.0,0,0,,False,
STRN,Financial,Exchange Traded Fund,unknown,mid,high,0.0,0,0.0,0,0,,False,
STRO,Healthcare,Biotechnology,small,high,high,0.0,0,0.0,0,0,,False,
STRR,Industrials,Staffing & Employment Services,micro,mid,low,0.0,0,0.0,0,0,,False,
STRS,Real Estate,Real Estate - Diversified,micro,mid,mid,0.0,0,0.0,0,0,,False,
STRT,Consumer Cyclical,Auto Parts,small,mid,mid,0.0,0,0.0,0,0,,False,
STRW,Real Estate,REIT - Healthcare Facilities,micro,mid,low,0.0,0,0.0,0,0,,False,
STRZ,Communication Services,Entertainment,small,high,high,0.0,0,0.0,0,0,,False,
STSM,Financial,Exchange Traded Fund,unknown,high,unknown,0.0,0,0.0,0,0,,False,
STT,Financial,Asset Management,large,mid,high,0.0,0,0.0,0,0,,False,
STTK,Healthcare,Biotechnology,small,high,mid,0.0,0,0.0,0,0,,False,
STUB,Communication Services,Internet Content & Information,mid,high,unknown,0.0,0,0.0,0,0,,False,
STVN,Healthcare,Medical Instruments & Supplies,mid,mid,low,0.0,0,0.0,0,0,,False,
STWD,Real Estate,REIT - Mortgage,mid,mid,mid,0.0,0,0.0,0,0,,False,
STX,Technology,Computer Hardware,large,high,high,0.0,0,0.0,0,0,,False,
STXD,Financial,Exchange Traded Fund,unknown,low,low,0.0,0,0.0,0,0,,False,
STXE,Financial,Exchange Traded Fund,unknown,mid,mid,0.0,0,0.0,0,0,,False,
STXF,Financial,Exchange Traded Fund,unknown,low,mid,0.0,0,0.0,0,0,,False,
STXG,Financial,Exchange Traded Fund,unknown,low,mid,0.0,0,0.0,0,0,,False,
STXK,Financial,Exchange Traded Fund,unknown,low,mid,0.0,0,0.0,0,0,,False,
STXL,Financial,Exchange Traded Fund,unknown,high,unknown,0.0,0,0.0,0,0,,False,
STXS,Healthcare,Medical Instruments & Supplies,micro,high,high,0.0,0,0.0,0,0,,False,
STXT,Financial,Exchange Traded Fund,unknown,low,low,0.0,0,0.0,0,0,,False,
STXU,Financial,Exchange Traded Fund,unknown,high,unknown,0.0,0,0.0,0,0,,False,
STXV,Financial,Exchange Traded Fund,unknown,low,low,0.0,0,0.0,0,0,,False,
STXX,Financial,Exchange Traded Fund,unknown,high,unknown,0.0,0,0.0,0,0,,False,
STYL,Financial,Exchange Traded Fund,unknown,low,unknown,0.0,0,0.0,0,0,,False,
STZ,Consumer Defensive,Beverages - Brewers,large,mid,low,0.0,0,0.0,0,0,,False,
SU,Energy,Oil & Gas Integrated,large,mid,low,0.0,0,0.0,0,0,,False,
SUB,Financial,Exchange Traded Fund,unknown,low,low,0.0,0,0.0,0,0,,False,
SUGP,Industrials,Security & Protection Services,micro,high,mid,0.0,0,0.0,0,0,,False,
SUI,Real Estate,REIT - Residential,large,mid,low,0.0,0,0.0,0,0,,False,
SUIG,Financial,Credit Services,micro,high,high,0.0,0,0.0,0,0,,False,
SUIL,Financial,Exchange Traded Fund,unknown,high,unknown,0.0,0,0.0,0,0,,False,
SUIS,Financial,Exchange Traded Fund,unknown,mid,unknown,0.0,0,0.0,0,0,,False,
SUJA,Consumer Defensive,Beverages - Non-Alcoholic,micro,high,unknown,0.0,0,0.0,0,0,,False,
SUMA,Financial,Shell Companies,micro,low,unknown,0.0,0,0.0,0,0,,False,
SUN,Energy,Oil & Gas Refining & Marketing,large,mid,low,0.0,0,0.0,0,0,,False,
SUNB,Industrials,Rental & Leasing Services,large,mid,unknown,0.0,0,0.0,0,0,,False,
SUNC,Energy,Oil & Gas Midstream,mid,mid,unknown,0.0,0,0.0,0,0,,False,
SUNE,Technology,Solar,micro,high,high,0.0,0,0.0,0,0,,False,
SUNS,Real Estate,REIT - Mortgage,micro,mid,mid,0.0,0,0.0,0,0,,False,
SUPL,Financial,Exchange Traded Fund,unknown,low,mid,0.0,0,0.0,0,0,,False,
SUPN,Healthcare,Drug Manufacturers - Specialty & Generic,mid,mid,low,0.0,0,0.0,0,0,,False,
SUPP,Financial,Exchange Traded Fund,unknown,low,mid,0.0,0,0.0,0,0,,False,
SUPV,Financial,Banks - Regional,small,high,high,0.0,0,0.0,0,0,,False,
SUPX,Technology,Software - Infrastructure,micro,high,low,0.0,0,0.0,0,0,,False,
SURE,Financial,Exchange Traded Fund,unknown,low,mid,0.0,0,0.0,0,0,,False,
SURG,Communication Services,Telecom Services,micro,high,low,0.0,0,0.0,0,0,,False,
SURI,Financial,Exchange Traded Fund,unknown,low,mid,0.0,0,0.0,0,0,,False,
SUSA,Financial,Exchange Traded Fund,unknown,low,mid,0.0,0,0.0,0,0,,False,
SUSB,Financial,Exchange Traded Fund,unknown,low,low,0.0,0,0.0,0,0,,False,
SUSC,Financial,Exchange Traded Fund,unknown,low,low,0.0,0,0.0,0,0,,False,
SUSL,Financial,Exchange Traded Fund,unknown,low,mid,0.0,0,0.0,0,0,,False,
SUZ,Basic Materials,Paper & Paper Products,mid,mid,low,0.0,0,0.0,0,0,,False,
SVAL,Financial,Exchange Traded Fund,unknown,low,mid,0.0,0,0.0,0,0,,False,
SVAQ,Financial,Shell Companies,micro,low,unknown,0.0,0,0.0,0,0,,False,
SVC,Real Estate,REIT - Hotel & Motel,small,mid,high,0.0,0,0.0,0,0,,False,
SVCC,Financial,Shell Companies,micro,low,low,0.0,0,0.0,0,0,,False,
SVCO,Technology,Software - Application,micro,high,low,0.0,0,0.0,0,0,,False,
SVIV,Financial,Shell Companies,small,low,unknown,0.0,0,0.0,0,0,,False,
SVIX,Financial,Exchange Traded Fund,unknown,mid,high,0.0,0,0.0,0,0,,False,
SVM,Basic Materials,Silver,mid,high,mid,0.0,0,0.0,0,0,,False,
SVOL,Financial,Exchange Traded Fund,unknown,low,low,0.0,0,0.0,0,0,,False,
SVRA,Healthcare,Biotechnology,small,high,low,0.0,0,0.0,0,0,,False,
SVRE,Technology,Scientific & Technical Instruments,micro,high,high,0.0,0,0.0,0,0,,False,
SVRN,Industrials,Marine Shipping,micro,high,high,0.0,0,0.0,0,0,,False,
SVV,Consumer Cyclical,Specialty Retail,small,high,mid,0.0,0,0.0,0,0,,False,
SVXY,Financial,Exchange Traded Fund,unknown,low,high,0.0,0,0.0,0,0,,False,
SW,Consumer Cyclical,Packaging & Containers,large,mid,mid,0.0,0,0.0,0,0,,False,
SWAG,Communication Services,Advertising Agencies,micro,high,high,0.0,0,0.0,0,0,,False,
SWAN,Financial,Exchange Traded Fund,unknown,low,low,0.0,0,0.0,0,0,,False,
SWBI,Industrials,Aerospace & Defense,small,mid,mid,0.0,0,0.0,0,0,,False,
SWIM,Industrials,Building Products & Equipment,small,mid,high,0.0,0,0.0,0,0,,False,
SWK,Industrials,Tools & Accessories,large,mid,mid,0.0,0,0.0,0,0,,False,
SWKS,Technology,Semiconductors,large,mid,high,0.0,0,0.0,0,0,,False,
SWMR,Technology,Software - Infrastructure,small,high,unknown,0.0,0,0.0,0,0,,False,
SWP,Financial,Exchange Traded Fund,unknown,low,mid,0.0,0,0.0,0,0,,False,
SWVL,Industrials,Railroads,micro,high,mid,0.0,0,0.0,0,0,,False,
SWX,Utilities,Utilities - Regulated Gas,mid,low,low,0.0,0,0.0,0,0,,False,
SWZ,Financial,Closed-End Fund - Foreign,micro,low,low,0.0,0,0.0,0,0,,False,
SXC,Basic Materials,Coking Coal,small,mid,mid,0.0,0,0.0,0,0,,False,
SXI,Industrials,Specialty Industrial Machinery,mid,mid,mid,0.0,0,0.0,0,0,,False,
SXQG,Financial,Exchange Traded Fund,unknown,low,mid,0.0,0,0.0,0,0,,False,
SXT,Basic Materials,Specialty Chemicals,mid,mid,low,0.0,0,0.0,0,0,,False,
SXTC,Healthcare,Drug Manufacturers - Specialty & Generic,micro,high,high,0.0,1,0.0,0,0,,False,
SXTP,Healthcare,Biotechnology,micro,high,high,0.0,0,0.0,0,0,,False,
SY,Healthcare,Health Information Services,micro,high,high,0.0,1,0.0,0,0,,False,
SYBT,Financial,Banks - Regional,mid,mid,low,0.0,0,0.0,0,0,,False,
SYF,Financial,Credit Services,large,mid,high,0.0,0,0.0,0,0,,False,
SYFI,Financial,Exchange Traded Fund,unknown,low,low,0.0,0,0.0,0,0,,False,
SYK,Healthcare,Medical Devices,large,mid,low,0.0,0,0.0,0,0,,False,
SYLD,Financial,Exchange Traded Fund,unknown,low,mid,0.0,0,0.0,0,0,,False,
SYM,Industrials,Specialty Industrial Machinery,large,high,high,0.0,0,0.0,0,0,,False,
SYNA,Technology,Semiconductors,mid,high,high,0.0,0,0.0,0,0,,False,
SYNX,Technology,Communication Equipment,micro,mid,mid,0.0,0,0.0,0,0,,False,
SYPR,Consumer Cyclical,Auto Parts,micro,high,mid,0.0,0,0.0,0,0,,False,
SYRE,Healthcare,Biotechnology,mid,high,high,0.0,0,0.0,0,0,,False,
SYSB,Financial,Exchange Traded Fund,unknown,low,low,0.0,0,0.0,0,0,,False,
SYY,Consumer Defensive,Food Distribution,large,mid,low,0.0,0,0.0,0,0,,False,
SYZ,Financial,Exchange Traded Fund,unknown,low,unknown,0.0,0,0.0,0,0,,False,
SZK,Financial,Exchange Traded Fund,unknown,low,low,0.0,0,0.0,0,0,,False,
SZZL,Financial,Shell Companies,micro,low,low,0.0,0,0.0,0,0,,False,
T,Communication Services,Telecom Services,large,mid,low,0.0,0,0.0,0,0,,False,
TABD,Financial,Exchange Traded Fund,unknown,low,unknown,0.0,0,0.0,0,0,,False,
TAC,Utilities,Utilities - Independent Power Producers,mid,mid,low,0.0,0,0.0,0,0,,False,
TACH,Financial,Shell Companies,small,low,low,0.0,0,0.0,0,0,,False,
TACK,Financial,Exchange Traded Fund,unknown,low,low,0.0,0,0.0,0,0,,False,
TACN,Financial,Exchange Traded Fund,unknown,low,unknown,0.0,0,0.0,0,0,,False,
TACO,Financial,Shell Companies,small,low,low,0.0,0,0.0,0,0,,False,
TACT,Technology,Computer Hardware,micro,high,mid,0.0,0,0.0,0,0,,False,
TACU,Financial,Exchange Traded Fund,unknown,low,unknown,0.0,0,0.0,0,0,,False,
TAFI,Financial,Exchange Traded Fund,unknown,low,low,0.0,0,0.0,0,0,,False,
TAFL,Financial,Exchange Traded Fund,unknown,low,low,0.0,0,0.0,0,0,,False,
TAFM,Financial,Exchange Traded Fund,unknown,low,low,0.0,0,0.0,0,0,,False,
TAGG,Financial,Exchange Traded Fund,unknown,low,low,0.0,0,0.0,0,0,,False,
TAGS,Financial,Exchange Traded Fund,unknown,low,low,0.0,0,0.0,0,0,,False,
TAIL,Financial,Exchange Traded Fund,unknown,low,low,0.0,0,0.0,0,0,,False,
TAJX,Financial,Exchange Traded Fund,unknown,low,unknown,0.0,0,0.0,0,0,,False,
TAK,Healthcare,Drug Manufacturers - Specialty & Generic,large,low,low,0.0,0,0.0,0,0,,False,
TAL,Consumer Defensive,Education & Training Services,mid,mid,low,0.0,1,0.0,0,0,,False,
TALK,Healthcare,Health Information Services,small,low,mid,0.0,0,0.0,0,0,,False,
TALO,Energy,Oil & Gas E&P,mid,mid,low,0.0,0,0.0,0,0,,False,
TALV,Financial,Exchange Traded Fund,unknown,low,unknown,0.0,0,0.0,0,0,,False,
TAN,Financial,Exchange Traded Fund,unknown,mid,high,0.0,0,0.0,0,0,,False,
TANH,Consumer Defensive,Household & Personal Products,micro,high,low,0.0,1,0.0,0,0,,False,
TAOP,Technology,Software - Infrastructure,micro,high,low,0.0,1,0.0,0,0,,False,
TAOX,Financial,Capital Markets,micro,high,high,0.0,0,0.0,0,0,,False,
TAOZ,Financial,Exchange Traded Fund,unknown,low,unknown,0.0,0,0.0,0,0,,False,
TAP,Consumer Defensive,Beverages - Brewers,mid,mid,low,0.0,0,0.0,0,0,,False,
TAPR,Financial,Exchange Traded Fund,unknown,low,low,0.0,0,0.0,0,0,,False,
TARA,Healthcare,Biotechnology,micro,mid,high,0.0,0,0.0,0,0,,False,
TARK,Financial,Exchange Traded Fund,unknown,high,high,0.0,0,0.0,0,0,,False,
TARS,Healthcare,Biotechnology,mid,mid,low,0.0,0,0.0,0,0,,False,
TASK,Technology,Information Technology Services,small,high,high,0.0,0,0.0,0,0,,False,
TATT,Industrials,Aerospace & Defense,small,high,mid,0.0,0,0.0,0,0,,False,
TAVI,Financial,Shell Companies,micro,low,low,0.0,0,0.0,0,0,,False,
TAX,Financial,Exchange Traded Fund,unknown,low,mid,0.0,0,0.0,0,0,,False,
TAXE,Financial,Exchange Traded Fund,unknown,low,low,0.0,0,0.0,0,0,,False,
TAXF,Financial,Exchange Traded Fund,unknown,low,low,0.0,0,0.0,0,0,,False,
TAXI,Financial,Exchange Traded Fund,unknown,low,low,0.0,0,0.0,0,0,,False,
TAXM,Financial,Exchange Traded Fund,unknown,low,low,0.0,0,0.0,0,0,,False,
TAXS,Financial,Exchange Traded Fund,unknown,low,low,0.0,0,0.0,0,0,,False,
TAXT,Financial,Exchange Traded Fund,unknown,low,low,0.0,0,0.0,0,0,,False,
TAXX,Financial,Exchange Traded Fund,unknown,low,low,0.0,0,0.0,0,0,,False,
TAYD,Industrials,Specialty Industrial Machinery,micro,mid,mid,0.0,0,0.0,0,0,,False,
TBBB,Consumer Defensive,Discount Stores,mid,mid,low,0.0,0,0.0,0,0,,False,
TBBK,Financial,Banks - Regional,mid,mid,mid,0.0,0,0.0,0,0,,False,
TBCH,Technology,Consumer Electronics,micro,high,high,0.0,0,0.0,0,0,,False,
TBCVU,Financial,Shell Companies,unknown,unknown,unknown,0.0,0,0.0,0,0,,False,
TBF,Financial,Exchange Traded Fund,unknown,low,low,0.0,0,0.0,0,0,,False,
TBFC,Financial,Exchange Traded Fund,unknown,low,low,0.0,0,0.0,0,0,,False,
TBFG,Financial,Exchange Traded Fund,unknown,low,low,0.0,0,0.0,0,0,,False,
TBG,Financial,Exchange Traded Fund,unknown,low,low,0.0,0,0.0,0,0,,False,
TBI,Industrials,Staffing & Employment Services,small,high,high,0.0,0,0.0,0,0,,False,
TBIL,Financial,Exchange Traded Fund,unknown,low,low,0.0,0,0.0,0,0,,False,
TBJL,Financial,Exchange Traded Fund,unknown,low,low,0.0,0,0.0,0,0,,False,
TBLA,Communication Services,Internet Content & Information,small,high,high,0.0,0,0.0,0,0,,False,
TBLD,Financial,Closed-End Fund - Equity,small,low,low,0.0,0,0.0,0,0,,False,
TBLL,Financial,Exchange Traded Fund,unknown,low,low,0.0,0,0.0,0,0,,False,
TBLU,Financial,Exchange Traded Fund,unknown,low,mid,0.0,0,0.0,0,0,,False,
TBN,Energy,Oil & Gas E&P,small,mid,low,0.0,0,0.0,0,0,,False,
TBPH,Healthcare,Biotechnology,small,low,low,0.0,0,0.0,0,0,,False,
TBT,Financial,Exchange Traded Fund,unknown,low,low,0.0,0,0.0,0,0,,False,
TBUX,Financial,Exchange Traded Fund,unknown,low,low,0.0,0,0.0,0,0,,False,
TBX,Financial,Exchange Traded Fund,unknown,low,low,0.0,0,0.0,0,0,,False,
TBXU,Financial,Exchange Traded Fund,unknown,mid,unknown,0.0,0,0.0,0,0,,False,
TC,Communication Services,Advertising Agencies,micro,high,mid,0.0,1,0.0,0,0,,False,
TCAF,Financial,Exchange Traded Fund,unknown,low,mid,0.0,0,0.0,0,0,,False,
TCAI,Financial,Exchange Traded Fund,unknown,mid,high,0.0,0,0.0,0,0,,False,
TCAL,Financial,Exchange Traded Fund,unknown,low,low,0.0,0,0.0,0,0,,False,
TCAN,Financial,Exchange Traded Fund,unknown,high,unknown,0.0,0,0.0,0,0,,False,
TCBI,Financial,Banks - Regional,mid,low,low,0.0,0,0.0,0,0,,False,
TCBK,Financial,Banks - Regional,small,low,low,0.0,0,0.0,0,0,,False,
TCBS,Financial,Banks - Regional,micro,low,low,0.0,0,0.0,0,0,,False,
TCBX,Financial,Banks - Regional,small,mid,low,0.0,0,0.0,0,0,,False,
TCGX,Financial,Shell Companies,micro,high,unknown,0.0,0,0.0,0,0,,False,
TCHI,Financial,Exchange Traded Fund,unknown,low,low,0.0,0,0.0,0,0,,False,
TCHP,Financial,Exchange Traded Fund,unknown,low,mid,0.0,0,0.0,0,0,,False,
TCI,Real Estate,Real Estate Services,small,high,low,0.0,0,0.0,0,0,,False,
TCMD,Healthcare,Medical Devices,small,high,low,0.0,0,0.0,0,0,,False,
TCOM,Consumer Cyclical,Travel Services,large,mid,low,0.0,0,0.0,0,0,,False,
TCPB,Financial,Exchange Traded Fund,unknown,low,low,0.0,0,0.0,0,0,,False,
TCPC,Financial,Asset Management,small,mid,mid,0.0,0,0.0,0,0,,False,
TCRT,Healthcare,Biotechnology,micro,high,low,0.0,0,0.0,0,0,,False,
TCRX,Healthcare,Biotechnology,micro,high,mid,0.0,0,0.0,0,0,,False,
TCV,Financial,Exchange Traded Fund,unknown,low,low,0.0,0,0.0,0,0,,False,
TCX,Technology,Software - Infrastructure,micro,high,mid,0.0,0,0.0,0,0,,False,
TD,Financial,Banks - Diversified,mega,low,low,0.0,0,0.0,0,0,,False,
TDAC,Financial,Shell Companies,micro,low,low,0.0,0,0.0,0,0,,False,
TDAQ,Financial,Exchange Traded Fund,unknown,low,unknown,0.0,0,0.0,0,0,,False,
TDAX,Financial,Exchange Traded Fund,unknown,mid,unknown,0.0,0,0.0,0,0,,False,
TDAY,Communication Services,Publishing,small,high,high,0.0,0,0.0,0,0,,False,
TDC,Technology,Software - Infrastructure,mid,high,low,0.0,0,0.0,0,0,,False,
TDCL,Financial,Exchange Traded Fund,unknown,high,unknown,0.0,0,0.0,0,0,,False,
TDEC,Financial,Exchange Traded Fund,unknown,low,low,0.0,0,0.0,0,0,,False,
TDF,Financial,Closed-End Fund - Foreign,micro,mid,low,0.0,0,0.0,0,0,,False,
TDG,Industrials,Aerospace & Defense,large,mid,mid,0.0,0,0.0,0,0,,False,
TDI,Financial,Exchange Traded Fund,unknown,low,low,0.0,0,0.0,0,0,,False,
TDIC,Communication Services,Advertising Agencies,micro,high,high,0.0,0,0.0,0,0,,False,
TDIV,Financial,Exchange Traded Fund,unknown,low,mid,0.0,0,0.0,0,0,,False,
TDOC,Healthcare,Health Information Services,small,high,high,0.0,0,0.0,0,0,,False,
TDOG,Financial,Exchange Traded Fund,unknown,mid,unknown,0.0,0,0.0,0,0,,False,
TDOT,Financial,Exchange Traded Fund,unknown,mid,unknown,0.0,0,0.0,0,0,,False,
TDS,Communication Services,Telecom Services,mid,mid,low,0.0,0,0.0,0,0,,False,
TDSB,Financial,Exchange Traded Fund,unknown,low,low,0.0,0,0.0,0,0,,False,
TDSC,Financial,Exchange Traded Fund,unknown,low,low,0.0,0,0.0,0,0,,False,
TDTF,Financial,Exchange Traded Fund,unknown,low,low,0.0,0,0.0,0,0,,False,
TDTH,Technology,Information Technology Services,mid,high,high,0.0,0,0.0,0,0,,False,
TDTT,Financial,Exchange Traded Fund,unknown,low,low,0.0,0,0.0,0,0,,False,
TDUP,Consumer Cyclical,Internet Retail,small,high,high,0.0,0,0.0,0,0,,False,
TDV,Financial,Exchange Traded Fund,unknown,low,mid,0.0,0,0.0,0,0,,False,
TDVG,Financial,Exchange Traded Fund,unknown,low,low,0.0,0,0.0,0,0,,False,
TDVI,Financial,Exchange Traded Fund,unknown,low,mid,0.0,0,0.0,0,0,,False,
TDW,Energy,Oil & Gas Equipment & Services,mid,mid,low,0.0,0,0.0,0,0,,False,
TDWD,Financial,Shell Companies,micro,low,unknown,0.0,0,0.0,0,0,,False,
TDY,Technology,Scientific & Technical Instruments,large,mid,mid,0.0,0,0.0,0,0,,False,
TE,Industrials,Electrical Equipment & Parts,small,high,high,0.0,0,0.0,0,0,,False,
TEAD,Communication Services,Internet Content & Information,micro,high,high,0.0,0,0.0,0,0,,False,
TEAM,Technology,Software - Application,large,high,mid,0.0,0,0.0,0,0,,False,
TEC,Financial,Exchange Traded Fund,unknown,low,high,0.0,0,0.0,0,0,,False,
TECB,Financial,Exchange Traded Fund,unknown,low,mid,0.0,0,0.0,0,0,,False,
TECH,Healthcare,Biotechnology,large,low,mid,0.0,0,0.0,0,0,,False,
TECK,Basic Materials,Copper,large,mid,mid,0.0,0,0.0,0,0,,False,
TECL,Financial,Exchange Traded Fund,unknown,high,high,0.0,0,0.0,0,0,,False,
TECS,Financial,Exchange Traded Fund,unknown,high,low,0.0,0,0.0,0,0,,False,
TECX,Healthcare,Biotechnology,small,high,mid,0.0,0,0.0,0,0,,False,
TECY,Financial,Exchange Traded Fund,unknown,low,unknown,0.0,0,0.0,0,0,,False,
TEI,Financial,Closed-End Fund - Debt,small,low,low,0.0,0,0.0,0,0,,False,
TEK,Financial,Exchange Traded Fund,unknown,mid,high,0.0,0,0.0,0,0,,False,
TEKX,Financial,Exchange Traded Fund,unknown,mid,high,0.0,0,0.0,0,0,,False,
TEKY,Financial,Exchange Traded Fund,unknown,low,high,0.0,0,0.0,0,0,,False,
TEL,Technology,Electronic Components,large,mid,mid,0.0,0,0.0,0,0,,False,
TELA,Healthcare,Medical Devices,micro,high,high,0.0,0,0.0,0,0,,False,
TELG,Financial,Exchange Traded Fund,unknown,mid,unknown,0.0,0,0.0,0,0,,False,
TELO,Healthcare,Biotechnology,micro,high,low,0.0,0,0.0,0,0,,False,
TEM,Healthcare,Health Information Services,mid,high,high,0.0,0,0.0,0,0,,False,
TEMC,Financial,Exchange Traded Fund,unknown,high,unknown,0.0,0,0.0,0,0,,False,
TEMD,Financial,Exchange Traded Fund,unknown,low,unknown,0.0,0,0.0,0,0,,False,
TEMT,Financial,Exchange Traded Fund,unknown,high,high,0.0,0,0.0,0,0,,False,
TEMX,Financial,Exchange Traded Fund,unknown,low,mid,0.0,0,0.0,0,0,,False,
TEN,Energy,Oil & Gas Midstream,small,mid,low,0.0,0,0.0,0,0,,False,
TENB,Technology,Software - Infrastructure,mid,high,mid,0.0,0,0.0,0,0,,False,
TEND,Financial,Exchange Traded Fund,unknown,low,unknown,0.0,0,0.0,0,0,,False,
TENJ,Financial,Exchange Traded Fund,unknown,low,unknown,0.0,0,0.0,0,0,,False,
TENM,Financial,Exchange Traded Fund,unknown,low,unknown,0.0,0,0.0,0,0,,False,
TENX,Healthcare,Biotechnology,micro,high,low,0.0,0,0.0,0,0,,False,
TEO,Communication Services,Telecom Services,small,mid,mid,0.0,0,0.0,0,0,,False,
TEQI,Financial,Exchange Traded Fund,unknown,low,low,0.0,0,0.0,0,0,,False,
TER,Technology,Semiconductor Equipment & Materials,large,high,high,0.0,0,0.0,0,0,,False,
TERC,Financial,Exchange Traded Fund,unknown,high,unknown,0.0,0,0.0,0,0,,False,
TERG,Financial,Exchange Traded Fund,unknown,high,unknown,0.0,0,0.0,0,0,,False,
TESC,Financial,Exchange Traded Fund,unknown,high,unknown,0.0,0,0.0,0,0,,False,
TESL,Financial,Exchange Traded Fund,unknown,mid,high,0.0,0,0.0,0,0,,False,
TEST,Financial,Exchange Traded Fund,unknown,mid,unknown,0.0,0,0.0,0,0,,False,
TETH,Financial,Exchange Traded Fund,unknown,mid,high,0.0,0,0.0,0,0,,False,
TEUP,Financial,Exchange Traded Fund,unknown,high,unknown,0.0,0,0.0,0,0,,False,
TEVA,Healthcare,Drug Manufacturers - Specialty & Generic,large,mid,mid,0.0,0,0.0,0,0,,False,
TEX,Industrials,Farm & Heavy Construction Machinery,mid,mid,high,0.0,0,0.0,0,0,,False,
TEXN,Financial,Exchange Traded Fund,unknown,low,low,0.0,0,0.0,0,0,,False,
TEXU,Financial,Exchange Traded Fund,unknown,mid,unknown,0.0,0,0.0,0,0,,False,
TEXX,Financial,Exchange Traded Fund,unknown,low,unknown,0.0,0,0.0,0,0,,False,
TFC,Financial,Banks - Regional,large,low,mid,0.0,0,0.0,0,0,,False,
TFFI,Financial,Exchange Traded Fund,unknown,low,unknown,0.0,0,0.0,0,0,,False,
TFGZ,Financial,Exchange Traded Fund,unknown,low,unknown,0.0,0,0.0,0,0,,False,
TFI,Financial,Exchange Traded Fund,unknown,low,low,0.0,0,0.0,0,0,,False,
TFII,Industrials,Trucking,large,mid,high,0.0,0,0.0,0,0,,False,
TFIN,Financial,Banks - Regional,small,mid,high,0.0,0,0.0,0,0,,False,
TFJL,Financial,Exchange Traded Fund,unknown,low,low,0.0,0,0.0,0,0,,False,
TFLO,Financial,Exchange Traded Fund,unknown,low,low,0.0,0,0.0,0,0,,False,
TFLR,Financial,Exchange Traded Fund,unknown,low,low,0.0,0,0.0,0,0,,False,
TFNS,Financial,Exchange Traded Fund,unknown,low,low,0.0,0,0.0,0,0,,False,
TFPM,Basic Materials,Other Precious Metals & Mining,mid,mid,low,0.0,0,0.0,0,0,,False,
TFPN,Financial,Exchange Traded Fund,unknown,mid,low,0.0,0,0.0,0,0,,False,
TFSL,Financial,Banks - Regional,mid,mid,low,0.0,0,0.0,0,0,,False,
TFX,Healthcare,Medical Instruments & Supplies,mid,mid,mid,0.0,0,0.0,0,0,,False,
TG,Industrials,Metal Fabrication,micro,mid,low,0.0,0,0.0,0,0,,False,
TGB,Basic Materials,Copper,mid,high,high,0.0,0,0.0,0,0,,False,
TGE,Financial,Asset Management,micro,high,low,0.0,0,0.0,0,0,,False,
TGEN,Industrials,Electrical Equipment & Parts,micro,high,high,0.0,0,0.0,0,0,,False,
TGHL,Technology,Software - Infrastructure,micro,high,low,0.0,0,0.0,0,0,,False,
TGL,Technology,Software - Application,micro,high,low,0.0,0,0.0,0,0,,False,
TGLB,Financial,Exchange Traded Fund,unknown,low,mid,0.0,0,0.0,0,0,,False,
TGLR,Financial,Exchange Traded Fund,unknown,low,mid,0.0,0,0.0,0,0,,False,
TGLS,Basic Materials,Building Materials,small,mid,high,0.0,0,0.0,0,0,,False,
TGRT,Financial,Exchange Traded Fund,unknown,low,mid,0.0,0,0.0,0,0,,False,
TGRW,Financial,Exchange Traded Fund,unknown,low,mid,0.0,0,0.0,0,0,,False,
TGS,Energy,Oil & Gas Integrated,small,mid,low,0.0,0,0.0,0,0,,False,
TGT,Consumer Defensive,Discount Stores,large,mid,mid,0.0,0,0.0,0,0,,False,
TGTX,Healthcare,Biotechnology,mid,mid,high,0.0,0,0.0,0,0,,False,
TH,Industrials,Specialty Business Services,small,high,high,0.0,0,0.0,0,0,,False,
THC,Healthcare,Medical Care Facilities,large,mid,mid,0.0,0,0.0,0,0,,False,
THCH,Consumer Cyclical,Restaurants,micro,high,low,0.0,1,0.0,0,0,,False,
THD,Financial,Exchange Traded Fund,unknown,low,low,0.0,0,0.0,0,0,,False,
THEOU,Financial,Shell Companies,micro,low,unknown,0.0,0,0.0,0,0,,False,
THEQ,Financial,Exchange Traded Fund,unknown,low,low,0.0,0,0.0,0,0,,False,
THFF,Financial,Banks - Regional,small,mid,low,0.0,0,0.0,0,0,,False,
THG,Financial,Insurance - Property & Casualty,mid,mid,low,0.0,0,0.0,0,0,,False,
THH,Industrials,Specialty Business Services,micro,high,high,0.0,0,0.0,0,0,,False,
THIR,Financial,Exchange Traded Fund,unknown,low,low,0.0,0,0.0,0,0,,False,
THLV,Financial,Exchange Traded Fund,unknown,low,low,0.0,0,0.0,0,0,,False,
THM,Basic Materials,Gold,small,high,mid,0.0,0,0.0,0,0,,False,
THMR,Financial,Exchange Traded Fund,unknown,low,unknown,0.0,0,0.0,0,0,,False,
THMZ,Financial,Exchange Traded Fund,unknown,low,mid,0.0,0,0.0,0,0,,False,
THNQ,Financial,Exchange Traded Fund,unknown,mid,high,0.0,0,0.0,0,0,,False,
THNR,Financial,Exchange Traded Fund,unknown,low,low,0.0,0,0.0,0,0,,False,
THO,Consumer Cyclical,Recreational Vehicles,mid,mid,high,0.0,0,0.0,0,0,,False,
THOR,Financial,Exchange Traded Fund,unknown,low,unknown,0.0,0,0.0,0,0,,False,
THQ,Financial,Closed-End Fund - Equity,small,low,mid,0.0,0,0.0,0,0,,False,
THRM,Consumer Cyclical,Auto Parts,small,mid,high,0.0,0,0.0,0,0,,False,
THRO,Financial,Exchange Traded Fund,unknown,low,mid,0.0,0,0.0,0,0,,False,
THRV,Financial,Exchange Traded Fund,unknown,low,unknown,0.0,0,0.0,0,0,,False,
THRY,Technology,Software - Application,micro,high,mid,0.0,0,0.0,0,0,,False,
THTA,Financial,Exchange Traded Fund,unknown,low,low,0.0,0,0.0,0,0,,False,
THW,Financial,Closed-End Fund - Equity,small,low,mid,0.0,0,0.0,0,0,,False,
THY,Financial,Exchange Traded Fund,unknown,low,low,0.0,0,0.0,0,0,,False,
THYF,Financial,Exchange Traded Fund,unknown,low,low,0.0,0,0.0,0,0,,False,
THYM,Financial,Exchange Traded Fund,unknown,low,unknown,0.0,0,0.0,0,0,,False,
THYP,Financial,Exchange Traded Fund,unknown,mid,unknown,0.0,0,0.0,0,0,,False,
TIC,Industrials,Specialty Business Services,mid,high,high,0.0,0,0.0,0,0,,False,
TIER,Financial,Exchange Traded Fund,unknown,low,mid,0.0,0,0.0,0,0,,False,
TIGO,Communication Services,Telecom Services,large,mid,mid,0.0,0,0.0,0,0,,False,
TIGR,Financial,Capital Markets,small,mid,low,0.0,0,0.0,0,0,,False,
TIH,Financial,Exchange Traded Fund,unknown,low,unknown,0.0,0,0.0,0,0,,False,
TII,Basic Materials,Other Industrial Metals & Mining,micro,high,low,0.0,0,0.0,0,0,,False,
TIIV,Financial,Exchange Traded Fund,unknown,low,low,0.0,0,0.0,0,0,,False,
TIL,Healthcare,Biotechnology,micro,mid,high,0.0,0,0.0,0,0,,False,
TILC,Financial,Exchange Traded Fund,unknown,low,unknown,0.0,0,0.0,0,0,,False,
TILE,Consumer Cyclical,"Furnishings, Fixtures & Appliances",mid,mid,high,0.0,0,0.0,0,0,,False,
TILL,Financial,Exchange Traded Fund,unknown,low,low,0.0,0,0.0,0,0,,False,
TILT,Financial,Exchange Traded Fund,unknown,low,mid,0.0,0,0.0,0,0,,False,
TIMB,Communication Services,Telecom Services,mid,mid,low,0.0,0,0.0,0,0,,False,
TIME,Financial,Exchange Traded Fund,unknown,low,mid,0.0,0,0.0,0,0,,False,
TINS,Financial,Exchange Traded Fund,unknown,low,unknown,0.0,0,0.0,0,0,,False,
TINT,Financial,Exchange Traded Fund,unknown,low,mid,0.0,0,0.0,0,0,,False,
TINY,Financial,Exchange Traded Fund,unknown,mid,high,0.0,0,0.0,0,0,,False,
TIP,Financial,Exchange Traded Fund,unknown,low,low,0.0,0,0.0,0,0,,False,
TIPA,Financial,Exchange Traded Fund,unknown,low,low,0.0,0,0.0,0,0,,False,
TIPB,Financial,Exchange Traded Fund,unknown,low,low,0.0,0,0.0,0,0,,False,
TIPC,Financial,Exchange Traded Fund,unknown,low,low,0.0,0,0.0,0,0,,False,
TIPD,Financial,Exchange Traded Fund,unknown,low,low,0.0,0,0.0,0,0,,False,
TIPT,Financial,Asset Management,small,mid,mid,0.0,0,0.0,0,0,,False,
TIPX,Financial,Exchange Traded Fund,unknown,low,low,0.0,0,0.0,0,0,,False,
TIPZ,Financial,Exchange Traded Fund,unknown,low,low,0.0,0,0.0,0,0,,False,
TISC,Financial,Exchange Traded Fund,unknown,low,unknown,0.0,0,0.0,0,0,,False,
TISI,Industrials,Specialty Business Services,micro,high,mid,0.0,0,0.0,0,0,,False,
TITN,Industrials,Industrial Distribution,small,high,high,0.0,0,0.0,0,0,,False,
TJAN,Financial,Exchange Traded Fund,unknown,low,low,0.0,0,0.0,0,0,,False,
TJGC,Communication Services,Advertising Agencies,micro,high,high,0.0,0,0.0,0,0,,False,
TJUL,Financial,Exchange Traded Fund,unknown,low,low,0.0,0,0.0,0,0,,False,
TJUN,Financial,Exchange Traded Fund,unknown,low,low,0.0,0,0.0,0,0,,False,
TJX,Consumer Cyclical,Apparel Retail,large,mid,low,0.0,0,0.0,0,0,,False,
TK,Energy,Oil & Gas Midstream,small,mid,low,0.0,0,0.0,0,0,,False,
TKC,Communication Services,Telecom Services,mid,mid,mid,0.0,0,0.0,0,0,,False,
TKLF,Consumer Cyclical,Specialty Retail,micro,high,low,0.0,0,0.0,0,0,,False,
TKNO,Healthcare,Drug Manufacturers - Specialty & Generic,small,high,low,0.0,0,0.0,0,0,,False,
TKNQ,Financial,Exchange Traded Fund,unknown,low,unknown,0.0,0,0.0,0,0,,False,
TKNS,Financial,Exchange Traded Fund,unknown,low,unknown,0.0,0,0.0,0,0,,False,
TKNZ,Financial,Exchange Traded Fund,unknown,mid,unknown,0.0,0,0.0,0,0,,False,
TKO,Communication Services,Entertainment,large,mid,low,0.0,0,0.0,0,0,,False,
TKR,Industrials,Tools & Accessories,mid,mid,mid,0.0,0,0.0,0,0,,False,
TKVA,Healthcare,Biotechnology,unknown,unknown,unknown,0.0,0,0.0,0,0,,False,
TLA,Financial,Exchange Traded Fund,unknown,low,unknown,0.0,0,0.0,0,0,,False,
TLCI,Financial,Exchange Traded Fund,unknown,low,low,0.0,0,0.0,0,0,,False,
TLDR,Financial,Exchange Traded Fund,unknown,low,unknown,0.0,0,0.0,0,0,,False,
TLF,Consumer Cyclical,Specialty Retail,micro,mid,low,0.0,0,0.0,0,0,,False,
TLG,Financial,Exchange Traded Fund,unknown,low,unknown,0.0,0,0.0,0,0,,False,
TLH,Financial,Exchange Traded Fund,unknown,low,low,0.0,0,0.0,0,0,,False,
TLIH,Industrials,Industrial Distribution,micro,high,high,0.0,0,0.0,0,0,,False,
TLK,Communication Services,Telecom Services,large,mid,low,0.0,0,0.0,0,0,,False,
TLN,Utilities,Utilities - Independent Power Producers,large,high,high,0.0,0,0.0,0,0,,False,
TLNC,Financial,Shell Companies,small,low,unknown,0.0,0,0.0,0,0,,False,
TLPH,Healthcare,Drug Manufacturers - Specialty & Generic,micro,high,low,0.0,0,0.0,0,0,,False,
TLRY,Healthcare,Drug Manufacturers - Specialty & Generic,small,high,high,0.0,0,0.0,0,0,,False,
TLS,Technology,Software - Infrastructure,small,high,mid,0.0,0,0.0,0,0,,False,
TLSA,Healthcare,Biotechnology,micro,high,low,0.0,0,0.0,0,0,,False,
TLSI,Healthcare,Medical Devices,small,high,low,0.0,0,0.0,0,0,,False,
TLT,Financial,Exchange Traded Fund,unknown,low,low,0.0,0,0.0,0,0,,False,
TLTD,Financial,Exchange Traded Fund,unknown,low,low,0.0,0,0.0,0,0,,False,
TLTE,Financial,Exchange Traded Fund,unknown,low,low,0.0,0,0.0,0,0,,False,
TLTI,Financial,Exchange Traded Fund,unknown,low,low,0.0,0,0.0,0,0,,False,
TLTP,Financial,Exchange Traded Fund,unknown,low,low,0.0,0,0.0,0,0,,False,
TLTW,Financial,Exchange Traded Fund,unknown,low,low,0.0,0,0.0,0,0,,False,
TLTX,Financial,Exchange Traded Fund,unknown,low,low,0.0,0,0.0,0,0,,False,
TLX,Healthcare,Biotechnology,mid,mid,low,0.0,0,0.0,0,0,,False,
TLYS,Consumer Cyclical,Apparel Retail,micro,high,low,0.0,0,0.0,0,0,,False,
TM,Consumer Cyclical,Auto Manufacturers,mega,low,low,0.0,0,0.0,0,0,,False,
TMAR,Financial,Exchange Traded Fund,unknown,low,low,0.0,0,0.0,0,0,,False,
TMAT,Financial,Exchange Traded Fund,unknown,mid,high,0.0,0,0.0,0,0,,False,
TMB,Financial,Exchange Traded Fund,unknown,low,low,0.0,0,0.0,0,0,,False,
TMC,Basic Materials,Other Industrial Metals & Mining,small,high,high,0.0,0,0.0,0,0,,False,
TMCI,Healthcare,Medical Devices,small,high,high,0.0,0,0.0,0,0,,False,
TMCR,Basic Materials,Other Industrial Metals & Mining,small,high,unknown,0.0,0,0.0,0,0,,False,
TMDE,Energy,Oil & Gas Midstream,micro,high,low,0.0,0,0.0,0,0,,False,
TMDV,Financial,Exchange Traded Fund,unknown,low,low,0.0,0,0.0,0,0,,False,
TMDX,Healthcare,Medical Devices,mid,high,high,0.0,0,0.0,0,0,,False,
TME,Communication Services,Internet Content & Information,mid,mid,mid,0.0,1,0.0,0,0,,False,
TMED,Financial,Exchange Traded Fund,unknown,low,low,0.0,0,0.0,0,0,,False,
TMF,Financial,Exchange Traded Fund,unknown,mid,high,0.0,0,0.0,0,0,,False,
TMFC,Financial,Exchange Traded Fund,unknown,low,mid,0.0,0,0.0,0,0,,False,
TMFE,Financial,Exchange Traded Fund,unknown,low,mid,0.0,0,0.0,0,0,,False,
TMFG,Financial,Exchange Traded Fund,unknown,low,mid,0.0,0,0.0,0,0,,False,
TMFM,Financial,Exchange Traded Fund,unknown,low,mid,0.0,0,0.0,0,0,,False,
TMFS,Financial,Exchange Traded Fund,unknown,low,mid,0.0,0,0.0,0,0,,False,
TMFX,Financial,Exchange Traded Fund,unknown,low,mid,0.0,0,0.0,0,0,,False,
TMGN,Financial,Exchange Traded Fund,unknown,mid,unknown,0.0,0,0.0,0,0,,False,
TMH,Financial,Exchange Traded Fund,unknown,low,low,0.0,0,0.0,0,0,,False,
TMLP,Financial,Exchange Traded Fund,unknown,low,unknown,0.0,0,0.0,0,0,,False,
TMNL,Financial,Exchange Traded Fund,unknown,low,unknown,0.0,0,0.0,0,0,,False,
TMNS,Financial,Exchange Traded Fund,unknown,low,unknown,0.0,0,0.0,0,0,,False,
TMO,Healthcare,Diagnostics & Research,mega,mid,mid,0.0,0,0.0,0,0,,False,
TMP,Financial,Banks - Regional,small,mid,low,0.0,0,0.0,0,0,,False,
TMQ,Basic Materials,Other Industrial Metals & Mining,small,high,high,0.0,0,0.0,0,0,,False,
TMS,Financial,Financial Conglomerates,small,high,mid,0.0,0,0.0,0,0,,False,
TMSF,Financial,Exchange Traded Fund,unknown,low,unknown,0.0,0,0.0,0,0,,False,
TMSL,Financial,Exchange Traded Fund,unknown,low,mid,0.0,0,0.0,0,0,,False,
TMTS,Financial,Shell Companies,small,low,unknown,0.0,0,0.0,0,0,,False,
TMUS,Communication Services,Telecom Services,large,mid,low,0.0,0,0.0,0,0,,False,
TMV,Financial,Exchange Traded Fund,unknown,low,low,0.0,0,0.0,0,0,,False,
TMVE,Financial,Exchange Traded Fund,unknown,low,unknown,0.0,0,0.0,0,0,,False,
TMYY,Financial,Exchange Traded Fund,unknown,low,unknown,0.0,0,0.0,0,0,,False,
TNA,Financial,Exchange Traded Fund,unknown,mid,high,0.0,0,0.0,0,0,,False,
TNC,Industrials,Specialty Industrial Machinery,small,high,mid,0.0,0,0.0,0,0,,False,
TNDM,Healthcare,Medical Devices,small,high,high,0.0,0,0.0,0,0,,False,
TNET,Industrials,Staffing & Employment Services,mid,mid,mid,0.0,0,0.0,0,0,,False,
TNGX,Healthcare,Biotechnology,mid,high,mid,0.0,0,0.0,0,0,,False,
TNGY,Financial,Exchange Traded Fund,unknown,low,low,0.0,0,0.0,0,0,,False,
TNK,Energy,Oil & Gas Midstream,mid,mid,low,0.0,0,0.0,0,0,,False,
TNL,Consumer Cyclical,Travel Services,mid,mid,mid,0.0,0,0.0,0,0,,False,
TNMG,Communication Services,Publishing,micro,high,mid,0.0,0,0.0,0,0,,False,
TNON,Healthcare,Medical Devices,micro,high,high,0.0,0,0.0,0,0,,False,
TNUK,Financial,Exchange Traded Fund,unknown,low,unknown,0.0,0,0.0,0,0,,False,
TNXP,Healthcare,Biotechnology,micro,high,high,0.0,0,0.0,0,0,,False,
TNXT,Financial,Exchange Traded Fund,unknown,low,unknown,0.0,0,0.0,0,0,,False,
TNYA,Healthcare,Biotechnology,micro,high,high,0.0,0,0.0,0,0,,False,
TOAK,Financial,Exchange Traded Fund,unknown,low,low,0.0,0,0.0,0,0,,False,
TOAO,Financial,Exchange Traded Fund,unknown,low,unknown,0.0,0,0.0,0,0,,False,
TOCT,Financial,Exchange Traded Fund,unknown,low,unknown,0.0,0,0.0,0,0,,False,
TOGA,Financial,Exchange Traded Fund,unknown,low,mid,0.0,0,0.0,0,0,,False,
TOK,Financial,Exchange Traded Fund,unknown,low,mid,0.0,0,0.0,0,0,,False,
TOL,Consumer Cyclical,Residential Construction,large,mid,high,0.0,0,0.0,0,0,,False,
TOLL,Financial,Exchange Traded Fund,unknown,low,mid,0.0,0,0.0,0,0,,False,
TOLZ,Financial,Exchange Traded Fund,unknown,low,low,0.0,0,0.0,0,0,,False,
TOMZ,Industrials,Pollution & Treatment Controls,micro,high,high,0.0,0,0.0,0,0,,False,
TONT,Financial,Shell Companies,micro,low,low,0.0,0,0.0,0,0,,False,
TONX,Technology,Software - Application,micro,high,low,0.0,0,0.0,0,0,,False,
TOON,Communication Services,Entertainment,micro,high,high,0.0,0,0.0,0,0,,False,
TOP,Financial,Capital Markets,small,high,low,0.0,0,0.0,0,0,,False,
TOPC,Financial,Exchange Traded Fund,unknown,low,mid,0.0,0,0.0,0,0,,False,
TOPP,Industrials,Trucking,micro,high,high,0.0,0,0.0,0,0,,False,
TOPS,Energy,Oil & Gas Midstream,micro,high,high,0.0,0,0.0,0,0,,False,
TOPT,Financial,Exchange Traded Fund,unknown,low,mid,0.0,0,0.0,0,0,,False,
TOPW,Financial,Exchange Traded Fund,unknown,mid,unknown,0.0,0,0.0,0,0,,False,
TORO,Energy,Oil & Gas Midstream,micro,mid,high,0.0,0,0.0,0,0,,False,
TOS,Financial,Exchange Traded Fund,unknown,mid,unknown,0.0,0,0.0,0,0,,False,
TOST,Technology,Software - Infrastructure,large,mid,high,0.0,0,0.0,0,0,,False,
TOT,Financial,Exchange Traded Fund,unknown,low,unknown,0.0,0,0.0,0,0,,False,
TOTL,Financial,Exchange Traded Fund,unknown,low,low,0.0,0,0.0,0,0,,False,
TOTR,Financial,Exchange Traded Fund,unknown,low,low,0.0,0,0.0,0,0,,False,
TOUR,Consumer Cyclical,Travel Services,micro,mid,low,0.0,1,0.0,0,0,,False,
TOUS,Financial,Exchange Traded Fund,unknown,low,low,0.0,0,0.0,0,0,,False,
TOV,Financial,Exchange Traded Fund,unknown,low,mid,0.0,0,0.0,0,0,,False,
TOVX,Healthcare,Biotechnology,micro,high,mid,0.0,0,0.0,0,0,,False,
TOWN,Financial,Banks - Regional,mid,low,low,0.0,0,0.0,0,0,,False,
TOXR,Financial,Exchange Traded Fund,unknown,mid,unknown,0.0,0,0.0,0,0,,False,
TOYO,Technology,Solar,micro,high,high,0.0,0,0.0,0,0,,False,
TP,Technology,Software - Infrastructure,micro,high,unknown,0.0,0,0.0,0,0,,False,
TPAY,Financial,Exchange Traded Fund,unknown,low,unknown,0.0,0,0.0,0,0,,False,
TPB,Consumer Defensive,Tobacco,small,mid,mid,0.0,0,0.0,0,0,,False,
TPC,Industrials,Engineering & Construction,mid,mid,high,0.0,0,0.0,0,0,,False,
TPCS,Industrials,Metal Fabrication,micro,mid,low,0.0,0,0.0,0,0,,False,
TPET,Energy,Oil & Gas E&P,micro,high,low,0.0,0,0.0,0,0,,False,
TPFC,Financial,Exchange Traded Fund,unknown,low,unknown,0.0,0,0.0,0,0,,False,
TPFG,Financial,Exchange Traded Fund,unknown,low,unknown,0.0,0,0.0,0,0,,False,
TPFI,Financial,Exchange Traded Fund,unknown,low,unknown,0.0,0,0.0,0,0,,False,
TPG,Financial,Asset Management,large,mid,high,0.0,0,0.0,0,0,,False,
TPHD,Financial,Exchange Traded Fund,unknown,low,low,0.0,0,0.0,0,0,,False,
TPIF,Financial,Exchange Traded Fund,unknown,low,low,0.0,0,0.0,0,0,,False,
TPL,Energy,Oil & Gas E&P,large,high,low,0.0,0,0.0,0,0,,False,
TPLC,Financial,Exchange Traded Fund,unknown,low,mid,0.0,0,0.0,0,0,,False,
TPLS,Financial,Exchange Traded Fund,unknown,low,low,0.0,0,0.0,0,0,,False,
TPLX,Financial,Exchange Traded Fund,unknown,high,unknown,0.0,0,0.0,0,0,,False,
TPOR,Financial,Exchange Traded Fund,unknown,mid,high,0.0,0,0.0,0,0,,False,
TPR,Consumer Cyclical,Luxury Goods,large,mid,high,0.0,0,0.0,0,0,,False,
TPRY,Financial,Exchange Traded Fund,unknown,low,unknown,0.0,0,0.0,0,0,,False,
TPSC,Financial,Exchange Traded Fund,unknown,low,mid,0.0,0,0.0,0,0,,False,
TPST,Healthcare,Biotechnology,micro,high,low,0.0,0,0.0,0,0,,False,
TPUT,Financial,Exchange Traded Fund,unknown,low,unknown,0.0,0,0.0,0,0,,False,
TPVG,Financial,Asset Management,micro,mid,high,0.0,0,0.0,0,0,,False,
TPYP,Financial,Exchange Traded Fund,unknown,low,low,0.0,0,0.0,0,0,,False,
TPZ,Financial,Exchange Traded Fund,unknown,low,low,0.0,0,0.0,0,0,,False,
TQQQ,Financial,Exchange Traded Fund,unknown,high,high,0.0,0,0.0,0,0,,False,
TQQY,Financial,Exchange Traded Fund,unknown,low,high,0.0,0,0.0,0,0,,False,
TR,Consumer Defensive,Confectioners,mid,mid,low,0.0,0,0.0,0,0,,False,
TRAD,Financial,Shell Companies,micro,low,unknown,0.0,0,0.0,0,0,,False,
TRAK,Technology,Software - Application,micro,mid,mid,0.0,0,0.0,0,0,,False,
TRAW,Healthcare,Biotechnology,micro,high,high,0.0,0,0.0,0,0,,False,
TRAX,Healthcare,Biotechnology,unknown,high,unknown,0.0,0,0.0,0,0,,False,
TRBF,Financial,Exchange Traded Fund,unknown,low,unknown,0.0,0,0.0,0,0,,False,
TRC,Industrials,Conglomerates,small,mid,low,0.0,0,0.0,0,0,,False,
TRDA,Healthcare,Biotechnology,micro,high,low,0.0,0,0.0,0,0,,False,
TREE,Financial,Financial Conglomerates,small,high,high,0.0,0,0.0,0,0,,False,
TREX,Industrials,Building Products & Equipment,mid,mid,high,0.0,0,0.0,0,0,,False,
TRFK,Financial,Exchange Traded Fund,unknown,mid,high,0.0,0,0.0,0,0,,False,
TRFM,Financial,Exchange Traded Fund,unknown,mid,high,0.0,0,0.0,0,0,,False,
TRGP,Energy,Oil & Gas Midstream,large,mid,low,0.0,0,0.0,0,0,,False,
TRGS,Financial,Shell Companies,micro,low,unknown,0.0,0,0.0,0,0,,False,
TRI,Industrials,Specialty Business Services,large,high,low,0.0,0,0.0,0,0,,False,
TRIB,Healthcare,Medical Devices,micro,high,mid,0.0,0,0.0,0,0,,False,
TRIN,Financial,Asset Management,small,mid,low,0.0,0,0.0,0,0,,False,
TRIO,Financial,Exchange Traded Fund,unknown,low,low,0.0,0,0.0,0,0,,False,
TRIP,Consumer Cyclical,Travel Services,small,high,mid,0.0,0,0.0,0,0,,False,
TRLV,Healthcare,Drug Manufacturers - Specialty & Generic,small,high,high,0.0,0,0.0,0,0,,False,
TRMB,Technology,Scientific & Technical Instruments,large,mid,high,0.0,0,0.0,0,0,,False,
TRMD,Energy,Oil & Gas Midstream,mid,mid,low,0.0,0,0.0,0,0,,False,
TRMK,Financial,Banks - Regional,mid,low,low,0.0,0,0.0,0,0,,False,
TRN,Industrials,Railroads,mid,mid,high,0.0,0,0.0,0,0,,False,
TRND,Financial,Exchange Traded Fund,unknown,low,low,0.0,0,0.0,0,0,,False,
TRNO,Real Estate,REIT - Industrial,mid,mid,mid,0.0,0,0.0,0,0,,False,
TRNR,Consumer Cyclical,Personal Services,micro,high,low,0.0,0,0.0,0,0,,False,
TRNS,Industrials,Specialty Business Services,small,mid,low,0.0,0,0.0,0,0,,False,
TRON,Consumer Cyclical,Leisure,small,high,high,0.0,0,0.0,0,0,,False,
TROO,Financial,Credit Services,micro,high,high,0.0,0,0.0,0,0,,False,
TROW,Financial,Asset Management,large,mid,high,0.0,0,0.0,0,0,,False,
TROX,Basic Materials,Chemicals,small,high,low,0.0,0,0.0,0,0,,False,
TRP,Energy,Oil & Gas Midstream,large,mid,low,0.0,0,0.0,0,0,,False,
TRPA,Financial,Exchange Traded Fund,unknown,low,low,0.0,0,0.0,0,0,,False,
TRS,Consumer Cyclical,Packaging & Containers,small,mid,low,0.0,0,0.0,0,0,,False,
TRSG,Industrials,Metal Fabrication,micro,high,low,0.0,0,0.0,0,0,,False,
TRST,Financial,Banks - Regional,small,mid,low,0.0,0,0.0,0,0,,False,
TRSY,Financial,Exchange Traded Fund,unknown,low,low,0.0,0,0.0,0,0,,False,
TRT,Technology,Semiconductor Equipment & Materials,micro,high,high,0.0,0,0.0,0,0,,False,
TRTX,Real Estate,REIT - Mortgage,small,mid,high,0.0,0,0.0,0,0,,False,
TRTY,Financial,Exchange Traded Fund,unknown,low,low,0.0,0,0.0,0,0,,False,
TRU,Financial,Financial Data & Stock Exchanges,large,mid,high,0.0,0,0.0,0,0,,False,
TRUC,Financial,Exchange Traded Fund,unknown,low,unknown,0.0,0,0.0,0,0,,False,
TRUD,Financial,Exchange Traded Fund,unknown,low,mid,0.0,0,0.0,0,0,,False,
TRUF,Financial,Exchange Traded Fund,unknown,low,unknown,0.0,0,0.0,0,0,,False,
TRUG,Consumer Cyclical,Leisure,micro,high,low,0.0,0,0.0,0,0,,False,
TRUH,Financial,Exchange Traded Fund,unknown,low,unknown,0.0,0,0.0,0,0,,False,
TRUI,Financial,Exchange Traded Fund,unknown,low,unknown,0.0,0,0.0,0,0,,False,
TRUM,Financial,Exchange Traded Fund,unknown,low,unknown,0.0,0,0.0,0,0,,False,
TRUN,Financial,Exchange Traded Fund,unknown,low,unknown,0.0,0,0.0,0,0,,False,
TRUO,Financial,Exchange Traded Fund,unknown,low,unknown,0.0,0,0.0,0,0,,False,
TRUP,Financial,Insurance - Property & Casualty,small,mid,high,0.0,0,0.0,0,0,,False,
TRUR,Financial,Exchange Traded Fund,unknown,low,unknown,0.0,0,0.0,0,0,,False,
TRUT,Financial,Exchange Traded Fund,unknown,mid,high,0.0,0,0.0,0,0,,False,
TRUU,Financial,Exchange Traded Fund,unknown,low,unknown,0.0,0,0.0,0,0,,False,
TRV,Financial,Insurance - Property & Casualty,large,mid,low,0.0,0,0.0,0,0,,False,
TRVG,Communication Services,Internet Content & Information,micro,high,mid,0.0,0,0.0,0,0,,False,
TRVI,Healthcare,Biotechnology,mid,high,mid,0.0,0,0.0,0,0,,False,
TRX,Basic Materials,Gold,small,high,low,0.0,0,0.0,0,0,,False,
TS,Energy,Oil & Gas Equipment & Services,large,mid,mid,0.0,0,0.0,0,0,,False,
TSAT,Technology,Communication Equipment,small,high,high,0.0,0,0.0,0,0,,False,
TSBK,Financial,Banks - Regional,small,mid,low,0.0,0,0.0,0,0,,False,
TSCM,Financial,Exchange Traded Fund,unknown,low,unknown,0.0,0,0.0,0,0,,False,
TSCO,Consumer Cyclical,Specialty Retail,large,mid,low,0.0,0,0.0,0,0,,False,
TSCV,Financial,Exchange Traded Fund,unknown,low,unknown,0.0,0,0.0,0,0,,False,
TSDD,Financial,Exchange Traded Fund,unknown,high,low,0.0,0,0.0,0,0,,False,
TSEC,Financial,Exchange Traded Fund,unknown,low,low,0.0,0,0.0,0,0,,False,
TSEG,Financial,Exchange Traded Fund,unknown,high,unknown,0.0,0,0.0,0,0,,False,
TSEL,Financial,Exchange Traded Fund,unknown,low,high,0.0,0,0.0,0,0,,False,
TSEM,Technology,Semiconductors,large,high,mid,0.0,0,0.0,0,0,,False,
TSEP,Financial,Exchange Traded Fund,unknown,low,low,0.0,0,0.0,0,0,,False,
TSES,Financial,Exchange Traded Fund,unknown,low,unknown,0.0,0,0.0,0,0,,False,
TSEU,Financial,Exchange Traded Fund,unknown,high,unknown,0.0,0,0.0,0,0,,False,
TSHA,Healthcare,Biotechnology,mid,high,mid,0.0,0,0.0,0,0,,False,
TSI,Financial,Closed-End Fund - Debt,micro,low,low,0.0,0,0.0,0,0,,False,
TSIB,Financial,Exchange Traded Fund,unknown,low,unknown,0.0,0,0.0,0,0,,False,
TSIC,Financial,Exchange Traded Fund,unknown,low,unknown,0.0,0,0.0,0,0,,False,
TSII,Financial,Exchange Traded Fund,unknown,mid,high,0.0,0,0.0,0,0,,False,
TSL,Financial,Exchange Traded Fund,unknown,high,high,0.0,0,0.0,0,0,,False,
TSLA,Consumer Cyclical,Auto Manufacturers,mega,mid,high,0.0,0,0.0,0,0,,False,
TSLG,Financial,Exchange Traded Fund,unknown,high,high,0.0,0,0.0,0,0,,False,
TSLI,Financial,Exchange Traded Fund,unknown,high,unknown,0.0,0,0.0,0,0,,False,
TSLL,Financial,Exchange Traded Fund,unknown,high,high,0.0,0,0.0,0,0,,False,
TSLP,Financial,Exchange Traded Fund,unknown,mid,high,0.0,0,0.0,0,0,,False,
TSLQ,Financial,Exchange Traded Fund,unknown,high,low,0.0,0,0.0,0,0,,False,
TSLR,Financial,Exchange Traded Fund,unknown,high,high,0.0,0,0.0,0,0,,False,
TSLS,Financial,Exchange Traded Fund,unknown,mid,low,0.0,0,0.0,0,0,,False,
TSLT,Financial,Exchange Traded Fund,unknown,high,high,0.0,0,0.0,0,0,,False,
TSLW,Financial,Exchange Traded Fund,unknown,mid,high,0.0,0,0.0,0,0,,False,
TSLX,Financial,Asset Management,small,mid,low,0.0,0,0.0,0,0,,False,
TSLY,Financial,Exchange Traded Fund,unknown,mid,high,0.0,0,0.0,0,0,,False,
TSLZ,Financial,Exchange Traded Fund,unknown,high,low,0.0,0,0.0,0,0,,False,
TSM,Technology,Semiconductors,mega,mid,high,0.0,0,0.0,0,0,,False,
TSME,Financial,Exchange Traded Fund,unknown,low,mid,0.0,0,0.0,0,0,,False,
TSMG,Financial,Exchange Traded Fund,unknown,high,high,0.0,0,0.0,0,0,,False,
TSMU,Financial,Exchange Traded Fund,unknown,high,high,0.0,0,0.0,0,0,,False,
TSMX,Financial,Exchange Traded Fund,unknown,high,high,0.0,0,0.0,0,0,,False,
TSMY,Financial,Exchange Traded Fund,unknown,mid,mid,0.0,0,0.0,0,0,,False,
TSMZ,Financial,Exchange Traded Fund,unknown,mid,low,0.0,0,0.0,0,0,,False,
TSN,Consumer Defensive,Farm Products,large,mid,low,0.0,0,0.0,0,0,,False,
TSNF,Financial,Exchange Traded Fund,unknown,mid,unknown,0.0,0,0.0,0,0,,False,
TSOL,Financial,Exchange Traded Fund,unknown,mid,unknown,0.0,0,0.0,0,0,,False,
TSPA,Financial,Exchange Traded Fund,unknown,low,mid,0.0,0,0.0,0,0,,False,
TSPX,Financial,Exchange Traded Fund,unknown,low,low,0.0,0,0.0,0,0,,False,
TSPY,Financial,Exchange Traded Fund,unknown,low,mid,0.0,0,0.0,0,0,,False,
TSQ,Communication Services,Advertising Agencies,micro,high,mid,0.0,0,0.0,0,0,,False,
TSRS,Financial,Exchange Traded Fund,unknown,low,unknown,0.0,0,0.0,0,0,,False,
TSSD,Financial,Exchange Traded Fund,unknown,low,unknown,0.0,0,0.0,0,0,,False,
TSSI,Technology,Information Technology Services,small,high,high,0.0,0,0.0,0,0,,False,
TSUI,Financial,Exchange Traded Fund,unknown,mid,unknown,0.0,0,0.0,0,0,,False,
TSXD,Financial,Exchange Traded Fund,unknown,high,unknown,0.0,0,0.0,0,0,,False,
TSXU,Financial,Exchange Traded Fund,unknown,high,unknown,0.0,0,0.0,0,0,,False,
TSYW,Financial,Exchange Traded Fund,unknown,low,unknown,0.0,0,0.0,0,0,,False,
TSYX,Financial,Exchange Traded Fund,unknown,low,unknown,0.0,0,0.0,0,0,,False,
TSYY,Financial,Exchange Traded Fund,unknown,low,high,0.0,0,0.0,0,0,,False,
TT,Industrials,Building Products & Equipment,large,mid,mid,0.0,0,0.0,0,0,,False,
TTAM,Basic Materials,Building Materials,mid,mid,mid,0.0,0,0.0,0,0,,False,
TTAN,Technology,Software - Application,mid,high,low,0.0,0,0.0,0,0,,False,
TTC,Industrials,Tools & Accessories,mid,mid,low,0.0,0,0.0,0,0,,False,
TTD,Communication Services,Advertising Agencies,mid,high,mid,0.0,0,0.0,0,0,,False,
TTDU,Financial,Exchange Traded Fund,unknown,high,unknown,0.0,0,0.0,0,0,,False,
TTE,Energy,Oil & Gas Integrated,large,low,low,0.0,0,0.0,0,0,,False,
TTEC,Technology,Information Technology Services,micro,high,mid,0.0,0,0.0,0,0,,False,
TTEK,Industrials,Engineering & Construction,mid,mid,mid,0.0,0,0.0,0,0,,False,
TTEQ,Financial,Exchange Traded Fund,unknown,mid,high,0.0,0,0.0,0,0,,False,
TTGT,Technology,Information Technology Services,micro,high,high,0.0,0,0.0,0,0,,False,
TTI,Industrials,Conglomerates,small,high,mid,0.0,0,0.0,0,0,,False,
TTMI,Technology,Electronic Components,large,high,high,0.0,0,0.0,0,0,,False,
TTMX,Financial,Exchange Traded Fund,unknown,high,unknown,0.0,0,0.0,0,0,,False,
TTOP,Financial,Exchange Traded Fund,unknown,low,unknown,0.0,0,0.0,0,0,,False,
TTRX,Healthcare,Biotechnology,small,high,unknown,0.0,0,0.0,0,0,,False,
TTT,Financial,Exchange Traded Fund,unknown,low,low,0.0,0,0.0,0,0,,False,
TTWO,Communication Services,Electronic Gaming & Multimedia,large,mid,mid,0.0,0,0.0,0,0,,False,
TTXD,Financial,Exchange Traded Fund,unknown,high,unknown,0.0,0,0.0,0,0,,False,
TTXU,Financial,Exchange Traded Fund,unknown,mid,unknown,0.0,0,0.0,0,0,,False,
TU,Communication Services,Telecom Services,large,mid,low,0.0,0,0.0,0,0,,False,
TUA,Financial,Exchange Traded Fund,unknown,low,low,0.0,0,0.0,0,0,,False,
TUG,Financial,Exchange Traded Fund,unknown,low,mid,0.0,0,0.0,0,0,,False,
TUGN,Financial,Exchange Traded Fund,unknown,low,mid,0.0,0,0.0,0,0,,False,
TULP,Consumer Defensive,Farm Products,micro,mid,high,0.0,0,0.0,0,0,,False,
TUR,Financial,Exchange Traded Fund,unknown,low,low,0.0,0,0.0,0,0,,False,
TURB,Technology,Solar,micro,high,low,0.0,0,0.0,0,0,,False,
TURF,Financial,Exchange Traded Fund,unknown,low,low,0.0,0,0.0,0,0,,False,
TUSB,Financial,Exchange Traded Fund,unknown,low,low,0.0,0,0.0,0,0,,False,
TUSI,Financial,Exchange Traded Fund,unknown,low,low,0.0,0,0.0,0,0,,False,
TUSK,Industrials,Conglomerates,micro,high,mid,0.0,0,0.0,0,0,,False,
TUYA,Technology,Software - Infrastructure,small,mid,low,0.0,1,0.0,0,0,,False,
TV,Communication Services,Telecom Services,small,mid,high,0.0,0,0.0,0,0,,False,
TVA,Financial,Shell Companies,small,low,low,0.0,0,0.0,0,0,,False,
TVAI,Financial,Shell Companies,micro,low,low,0.0,0,0.0,0,0,,False,
TVAL,Financial,Exchange Traded Fund,unknown,low,low,0.0,0,0.0,0,0,,False,
TVGN,Healthcare,Biotechnology,micro,high,low,0.0,0,0.0,0,0,,False,
TVIV,Financial,Shell Companies,micro,low,unknown,0.0,0,0.0,0,0,,False,
TVRD,Healthcare,Biotechnology,micro,high,low,0.0,0,0.0,0,0,,False,
TVTX,Healthcare,Biotechnology,mid,mid,mid,0.0,0,0.0,0,0,,False,
TW,Financial,Capital Markets,large,mid,low,0.0,0,0.0,0,0,,False,
TWAV,Financial,Asset Management,micro,high,high,0.0,0,0.0,0,0,,False,
TWFG,Financial,Insurance Brokers,small,mid,low,0.0,0,0.0,0,0,,False,
TWG,Consumer Defensive,Food Distribution,micro,high,low,0.0,0,0.0,0,0,,False,
TWI,Industrials,Farm & Heavy Construction Machinery,small,mid,high,0.0,0,0.0,0,0,,False,
TWIN,Industrials,Specialty Industrial Machinery,small,mid,low,0.0,0,0.0,0,0,,False,
TWLO,Technology,Software - Infrastructure,large,high,high,0.0,0,0.0,0,0,,False,
TWLV,Financial,Shell Companies,micro,low,unknown,0.0,0,0.0,0,0,,False,
TWM,Financial,Exchange Traded Fund,unknown,mid,low,0.0,0,0.0,0,0,,False,
TWN,Financial,Closed-End Fund - Foreign,small,mid,high,0.0,0,0.0,0,0,,False,
TWO,Real Estate,REIT - Mortgage,small,low,mid,0.0,0,0.0,0,0,,False,
TWOX,Financial,Exchange Traded Fund,unknown,low,low,0.0,0,0.0,0,0,,False,
TWSC,Financial,Exchange Traded Fund,unknown,mid,unknown,0.0,0,0.0,0,0,,False,
TWST,Healthcare,Diagnostics & Research,mid,high,high,0.0,0,0.0,0,0,,False,
TX,Basic Materials,Steel,large,mid,mid,0.0,0,0.0,0,0,,False,
TXBC,Financial,Exchange Traded Fund,unknown,low,unknown,0.0,0,0.0,0,0,,False,
TXG,Healthcare,Health Information Services,mid,high,high,0.0,0,0.0,0,0,,False,
TXMD,Healthcare,Drug Manufacturers - Specialty & Generic,micro,mid,low,0.0,0,0.0,0,0,,False,
TXN,Technology,Semiconductors,mega,mid,high,0.0,0,0.0,0,0,,False,
TXNM,Utilities,Utilities - Regulated Electric,mid,low,low,0.0,0,0.0,0,0,,False,
TXNU,Financial,Exchange Traded Fund,unknown,high,unknown,0.0,0,0.0,0,0,,False,
TXO,Energy,Oil & Gas E&P,small,mid,low,0.0,0,0.0,0,0,,False,
TXRH,Consumer Cyclical,Restaurants,large,mid,mid,0.0,0,0.0,0,0,,False,
TXS,Financial,Exchange Traded Fund,unknown,low,mid,0.0,0,0.0,0,0,,False,
TXT,Industrials,Aerospace & Defense,large,mid,mid,0.0,0,0.0,0,0,,False,
TXUE,Financial,Exchange Traded Fund,unknown,low,low,0.0,0,0.0,0,0,,False,
TXUG,Financial,Exchange Traded Fund,unknown,low,low,0.0,0,0.0,0,0,,False,
TXXD,Financial,Exchange Traded Fund,unknown,high,unknown,0.0,0,0.0,0,0,,False,
TXXH,Financial,Exchange Traded Fund,unknown,high,unknown,0.0,0,0.0,0,0,,False,
TXXI,Financial,Exchange Traded Fund,unknown,low,low,0.0,0,0.0,0,0,,False,
TXXS,Financial,Exchange Traded Fund,unknown,high,unknown,0.0,0,0.0,0,0,,False,
TY,Financial,Closed-End Fund - Equity,small,low,mid,0.0,0,0.0,0,0,,False,
TYA,Financial,Exchange Traded Fund,unknown,low,low,0.0,0,0.0,0,0,,False,
TYD,Financial,Exchange Traded Fund,unknown,low,low,0.0,0,0.0,0,0,,False,
TYG,Financial,Closed-End Fund - Equity,small,low,low,0.0,0,0.0,0,0,,False,
TYGO,Technology,Solar,micro,high,mid,0.0,0,0.0,0,0,,False,
TYL,Technology,Software - Application,large,mid,mid,0.0,0,0.0,0,0,,False,
TYLD,Financial,Exchange Traded Fund,unknown,low,low,0.0,0,0.0,0,0,,False,
TYLG,Financial,Exchange Traded Fund,unknown,low,mid,0.0,0,0.0,0,0,,False,
TYO,Financial,Exchange Traded Fund,unknown,low,low,0.0,0,0.0,0,0,,False,
TYRA,Healthcare,Biotechnology,small,high,low,0.0,0,0.0,0,0,,False,
TYYY,Financial,Exchange Traded Fund,unknown,mid,unknown,0.0,0,0.0,0,0,,False,
TZA,Financial,Exchange Traded Fund,unknown,mid,low,0.0,0,0.0,0,0,,False,
TZOO,Communication Services,Internet Content & Information,micro,high,high,0.0,0,0.0,0,0,,False,
U,Technology,Software - Application,large,mid,high,0.0,0,0.0,0,0,,False,
UA,Consumer Cyclical,Apparel Manufacturing,mid,high,high,0.0,0,0.0,0,0,,False,
UAA,Consumer Cyclical,Apparel Manufacturing,mid,high,high,0.0,0,0.0,0,0,,False,
UAC,Financial,Shell Companies,micro,low,unknown,0.0,0,0.0,0,0,,False,
UAE,Financial,Exchange Traded Fund,unknown,low,low,0.0,0,0.0,0,0,,False,
UAL,Industrials,Airlines,large,mid,mid,0.0,0,0.0,0,0,,False,
UAMY,Basic Materials,Other Industrial Metals & Mining,small,high,low,0.0,0,0.0,0,0,,False,
UAN,Basic Materials,Agricultural Inputs,small,mid,low,0.0,0,0.0,0,0,,False,
UAPR,Financial,Exchange Traded Fund,unknown,low,low,0.0,0,0.0,0,0,,False,
UAUG,Financial,Exchange Traded Fund,unknown,low,low,0.0,0,0.0,0,0,,False,
UAVS,Technology,Computer Hardware,micro,high,high,0.0,0,0.0,0,0,,False,
UBCP,Financial,Banks - Regional,micro,mid,low,0.0,0,0.0,0,0,,False,
UBER,Technology,Software - Application,large,mid,mid,0.0,0,0.0,0,0,,False,
UBEW,Financial,Exchange Traded Fund,unknown,mid,unknown,0.0,0,0.0,0,0,,False,
UBND,Financial,Exchange Traded Fund,unknown,low,low,0.0,0,0.0,0,0,,False,
UBOT,Financial,Exchange Traded Fund,unknown,mid,high,0.0,0,0.0,0,0,,False,
UBR,Financial,Exchange Traded Fund,unknown,mid,mid,0.0,0,0.0,0,0,,False,
UBRL,Financial,Exchange Traded Fund,unknown,high,high,0.0,0,0.0,0,0,,False,
UBS,Financial,Banks - Diversified,large,low,mid,0.0,0,0.0,0,0,,False,
UBSI,Financial,Banks - Regional,mid,low,low,0.0,0,0.0,0,0,,False,
UBT,Financial,Exchange Traded Fund,unknown,low,mid,0.0,0,0.0,0,0,,False,
UCAR,Consumer Cyclical,Auto & Truck Dealerships,micro,high,high,0.0,1,0.0,0,0,,False,
UCB,Financial,Banks - Regional,mid,low,mid,0.0,0,0.0,0,0,,False,
UCC,Financial,Exchange Traded Fund,unknown,mid,high,0.0,0,0.0,0,0,,False,
UCIB,Financial,Exchange Traded Fund,unknown,mid,low,0.0,0,0.0,0,0,,False,
UCL,Communication Services,Telecom Services,micro,high,high,0.0,0,0.0,0,0,,False,
UCO,Financial,Exchange Traded Fund,unknown,high,low,0.0,0,0.0,0,0,,False,
UCON,Financial,Exchange Traded Fund,unknown,low,low,0.0,0,0.0,0,0,,False,
UCOP,Financial,Exchange Traded Fund,unknown,mid,unknown,0.0,0,0.0,0,0,,False,
UCRD,Financial,Exchange Traded Fund,unknown,low,low,0.0,0,0.0,0,0,,False,
UCTT,Technology,Semiconductor Equipment & Materials,mid,high,high,0.0,0,0.0,0,0,,False,
UCTX,Financial,Exchange Traded Fund,unknown,high,unknown,0.0,0,0.0,0,0,,False,
UCYB,Financial,Exchange Traded Fund,unknown,mid,high,0.0,0,0.0,0,0,,False,
UDEC,Financial,Exchange Traded Fund,unknown,low,low,0.0,0,0.0,0,0,,False,
UDI,Financial,Exchange Traded Fund,unknown,low,low,0.0,0,0.0,0,0,,False,
UDIV,Financial,Exchange Traded Fund,unknown,low,mid,0.0,0,0.0,0,0,,False,
UDN,Financial,Exchange Traded Fund,unknown,low,low,0.0,0,0.0,0,0,,False,
UDOW,Financial,Exchange Traded Fund,unknown,mid,high,0.0,0,0.0,0,0,,False,
UDR,Real Estate,REIT - Residential,large,mid,low,0.0,0,0.0,0,0,,False,
UE,Real Estate,REIT - Retail,mid,mid,mid,0.0,0,0.0,0,0,,False,
UEC,Energy,Uranium,mid,high,mid,0.0,0,0.0,0,0,,False,
UECG,Financial,Exchange Traded Fund,unknown,high,unknown,0.0,0,0.0,0,0,,False,
UEIC,Technology,Consumer Electronics,micro,mid,mid,0.0,0,0.0,0,0,,False,
UEVM,Financial,Exchange Traded Fund,unknown,low,low,0.0,0,0.0,0,0,,False,
UFCS,Financial,Insurance - Property & Casualty,small,mid,low,0.0,0,0.0,0,0,,False,
UFEB,Financial,Exchange Traded Fund,unknown,low,low,0.0,0,0.0,0,0,,False,
UFG,Industrials,Marine Shipping,micro,high,low,0.0,0,0.0,0,0,,False,
UFI,Consumer Cyclical,Textile Manufacturing,micro,high,low,0.0,0,0.0,0,0,,False,
UFIV,Financial,Exchange Traded Fund,unknown,low,low,0.0,0,0.0,0,0,,False,
UFO,Financial,Exchange Traded Fund,unknown,mid,high,0.0,0,0.0,0,0,,False,
UFOD,Financial,Exchange Traded Fund,unknown,mid,unknown,0.0,0,0.0,0,0,,False,
UFOX,Financial,Exchange Traded Fund,unknown,mid,high,0.0,0,0.0,0,0,,False,
UFPI,Basic Materials,Lumber & Wood Production,mid,mid,mid,0.0,0,0.0,0,0,,False,
UFPT,Healthcare,Medical Devices,mid,mid,mid,0.0,0,0.0,0,0,,False,
UG,Consumer Defensive,Household & Personal Products,micro,mid,mid,0.0,0,0.0,0,0,,False,
UGA,Financial,Exchange Traded Fund,unknown,mid,low,0.0,0,0.0,0,0,,False,
UGE,Financial,Exchange Traded Fund,unknown,mid,high,0.0,0,0.0,0,0,,False,
UGI,Utilities,Utilities - Regulated Gas,mid,mid,mid,0.0,0,0.0,0,0,,False,
UGL,Financial,Exchange Traded Fund,unknown,mid,low,0.0,0,0.0,0,0,,False,
UGLD,Financial,Exchange Traded Fund,unknown,mid,unknown,0.0,0,0.0,0,0,,False,
UGP,Energy,Oil & Gas Refining & Marketing,mid,mid,low,0.0,0,0.0,0,0,,False,
UHAL,Industrials,Rental & Leasing Services,large,mid,mid,0.0,0,0.0,0,0,,False,
UHAL-B,Industrials,Rental & Leasing Services,large,mid,mid,0.0,0,0.0,0,0,,False,
UHS,Healthcare,Medical Care Facilities,large,mid,mid,0.0,0,0.0,0,0,,False,
UHT,Real Estate,REIT - Healthcare Facilities,small,mid,mid,0.0,0,0.0,0,0,,False,
UI,Technology,Communication Equipment,large,mid,high,0.0,0,0.0,0,0,,False,
UIS,Technology,Information Technology Services,micro,high,high,0.0,0,0.0,0,0,,False,
UITB,Financial,Exchange Traded Fund,unknown,low,low,0.0,0,0.0,0,0,,False,
UIVM,Financial,Exchange Traded Fund,unknown,low,low,0.0,0,0.0,0,0,,False,
UJAN,Financial,Exchange Traded Fund,unknown,low,low,0.0,0,0.0,0,0,,False,
UJB,Financial,Exchange Traded Fund,unknown,low,low,0.0,0,0.0,0,0,,False,
UJUL,Financial,Exchange Traded Fund,unknown,low,low,0.0,0,0.0,0,0,,False,
UJUN,Financial,Exchange Traded Fund,unknown,low,low,0.0,0,0.0,0,0,,False,
UK,Real Estate,Real Estate Services,micro,high,mid,0.0,1,0.0,0,0,,False,
UL,Consumer Defensive,Household & Personal Products,large,mid,low,0.0,0,0.0,0,0,,False,
ULBI,Industrials,Electrical Equipment & Parts,micro,mid,mid,0.0,0,0.0,0,0,,False,
ULCC,Industrials,Airlines,small,high,high,0.0,0,0.0,0,0,,False,
ULE,Financial,Exchange Traded Fund,unknown,low,low,0.0,0,0.0,0,0,,False,
ULH,Industrials,Trucking,small,high,low,0.0,0,0.0,0,0,,False,
ULS,Industrials,Specialty Business Services,large,mid,low,0.0,0,0.0,0,0,,False,
ULST,Financial,Exchange Traded Fund,unknown,low,low,0.0,0,0.0,0,0,,False,
ULTA,Consumer Cyclical,Specialty Retail,large,mid,mid,0.0,0,0.0,0,0,,False,
ULTI,Financial,Exchange Traded Fund,unknown,high,unknown,0.0,0,0.0,0,0,,False,
ULTY,Financial,Exchange Traded Fund,unknown,low,high,0.0,0,0.0,0,0,,False,
ULVM,Financial,Exchange Traded Fund,unknown,low,mid,0.0,0,0.0,0,0,,False,
UMAC,Technology,Computer Hardware,small,high,high,0.0,0,0.0,0,0,,False,
UMAL,Financial,Exchange Traded Fund,unknown,high,unknown,0.0,0,0.0,0,0,,False,
UMAR,Financial,Exchange Traded Fund,unknown,low,low,0.0,0,0.0,0,0,,False,
UMAY,Financial,Exchange Traded Fund,unknown,low,low,0.0,0,0.0,0,0,,False,
UMBF,Financial,Banks - Regional,large,mid,low,0.0,0,0.0,0,0,,False,
UMC,Technology,Semiconductors,large,high,high,0.0,0,0.0,0,0,,False,
UMCU,Financial,Exchange Traded Fund,unknown,mid,unknown,0.0,0,0.0,0,0,,False,
UMCX,Financial,Exchange Traded Fund,unknown,high,unknown,0.0,0,0.0,0,0,,False,
UMDD,Financial,Exchange Traded Fund,unknown,mid,high,0.0,0,0.0,0,0,,False,
UMH,Real Estate,REIT - Residential,small,mid,mid,0.0,0,0.0,0,0,,False,
UMI,Financial,Exchange Traded Fund,unknown,low,low,0.0,0,0.0,0,0,,False,
UMMA,Financial,Exchange Traded Fund,unknown,mid,mid,0.0,0,0.0,0,0,,False,
UN,Financial,Exchange Traded Fund,unknown,mid,unknown,0.0,0,0.0,0,0,,False,
UNB,Financial,Banks - Regional,micro,mid,low,0.0,0,0.0,0,0,,False,
UNCY,Healthcare,Biotechnology,micro,high,high,0.0,0,0.0,0,0,,False,
UNF,Industrials,Specialty Business Services,mid,low,low,0.0,0,0.0,0,0,,False,
UNFI,Consumer Defensive,Food Distribution,mid,mid,mid,0.0,0,0.0,0,0,,False,
UNG,Financial,Exchange Traded Fund,unknown,mid,low,0.0,0,0.0,0,0,,False,
UNH,Healthcare,Healthcare Plans,mega,mid,low,0.0,0,0.0,0,0,,False,
UNHG,Financial,Exchange Traded Fund,unknown,high,high,0.0,0,0.0,0,0,,False,
UNHU,Financial,Exchange Traded Fund,unknown,mid,unknown,0.0,0,0.0,0,0,,False,
UNHW,Financial,Exchange Traded Fund,unknown,mid,unknown,0.0,0,0.0,0,0,,False,
UNIT,Real Estate,REIT - Specialty,mid,high,high,0.0,0,0.0,0,0,,False,
UNIY,Financial,Exchange Traded Fund,unknown,low,low,0.0,0,0.0,0,0,,False,
UNL,Financial,Exchange Traded Fund,unknown,low,low,0.0,0,0.0,0,0,,False,
UNM,Financial,Insurance - Life,large,mid,low,0.0,0,0.0,0,0,,False,
UNOV,Financial,Exchange Traded Fund,unknown,low,low,0.0,0,0.0,0,0,,False,
UNP,Industrials,Railroads,large,mid,mid,0.0,0,0.0,0,0,,False,
UNTY,Financial,Banks - Regional,small,mid,low,0.0,0,0.0,0,0,,False,
UNX,Financial,Exchange Traded Fund,unknown,high,unknown,0.0,0,0.0,0,0,,False,
UOCT,Financial,Exchange Traded Fund,unknown,low,low,0.0,0,0.0,0,0,,False,
UONE,Communication Services,Broadcasting,micro,mid,mid,0.0,0,0.0,0,0,,False,
UP,Industrials,Airports & Air Services,micro,high,high,0.0,0,0.0,0,0,,False,
UPAL,Financial,Exchange Traded Fund,unknown,mid,unknown,0.0,0,0.0,0,0,,False,
UPAR,Financial,Exchange Traded Fund,unknown,low,mid,0.0,0,0.0,0,0,,False,
UPB,Healthcare,Biotechnology,small,high,high,0.0,0,0.0,0,0,,False,
UPBD,Technology,Software - Application,small,mid,high,0.0,0,0.0,0,0,,False,
UPC,Healthcare,Drug Manufacturers - Specialty & Generic,micro,high,high,0.0,1,0.0,0,0,,False,
UPGD,Financial,Exchange Traded Fund,unknown,low,mid,0.0,0,0.0,0,0,,False,
UPGR,Financial,Exchange Traded Fund,unknown,low,high,0.0,0,0.0,0,0,,False,
UPLD,Technology,Software - Application,micro,high,high,0.0,0,0.0,0,0,,False,
UPLT,Financial,Exchange Traded Fund,unknown,mid,unknown,0.0,0,0.0,0,0,,False,
UPRO,Financial,Exchange Traded Fund,unknown,mid,high,0.0,0,0.0,0,0,,False,
UPS,Industrials,Integrated Freight & Logistics,large,mid,mid,0.0,0,0.0,0,0,,False,
UPSC,Financial,Exchange Traded Fund,unknown,high,unknown,0.0,0,0.0,0,0,,False,
UPSD,Financial,Exchange Traded Fund,unknown,low,mid,0.0,0,0.0,0,0,,False,
UPST,Financial,Credit Services,mid,high,high,0.0,0,0.0,0,0,,False,
UPSX,Financial,Exchange Traded Fund,unknown,high,high,0.0,0,0.0,0,0,,False,
UPV,Financial,Exchange Traded Fund,unknown,low,high,0.0,0,0.0,0,0,,False,
UPW,Financial,Exchange Traded Fund,unknown,mid,mid,0.0,0,0.0,0,0,,False,
UPWK,Communication Services,Internet Content & Information,small,high,mid,0.0,0,0.0,0,0,,False,
UPXI,Communication Services,Internet Content & Information,micro,high,low,0.0,0,0.0,0,0,,False,
URA,Financial,Exchange Traded Fund,unknown,mid,mid,0.0,0,0.0,0,0,,False,
URAA,Financial,Exchange Traded Fund,unknown,high,high,0.0,0,0.0,0,0,,False,
URAN,Financial,Exchange Traded Fund,unknown,mid,high,0.0,0,0.0,0,0,,False,
URBN,Consumer Cyclical,Apparel Retail,mid,mid,mid,0.0,0,0.0,0,0,,False,
URE,Financial,Exchange Traded Fund,unknown,mid,high,0.0,0,0.0,0,0,,False,
URG,Energy,Uranium,small,high,mid,0.0,0,0.0,0,0,,False,
URGN,Healthcare,Biotechnology,mid,mid,high,0.0,0,0.0,0,0,,False,
URI,Industrials,Rental & Leasing Services,large,mid,high,0.0,0,0.0,0,0,,False,
URNJ,Financial,Exchange Traded Fund,unknown,mid,mid,0.0,0,0.0,0,0,,False,
URNM,Financial,Exchange Traded Fund,unknown,mid,mid,0.0,0,0.0,0,0,,False,
UROY,Energy,Uranium,small,high,high,0.0,0,0.0,0,0,,False,
URSP,Financial,Exchange Traded Fund,unknown,mid,mid,0.0,0,0.0,0,0,,False,
URTH,Financial,Exchange Traded Fund,unknown,low,mid,0.0,0,0.0,0,0,,False,
URTY,Financial,Exchange Traded Fund,unknown,mid,high,0.0,0,0.0,0,0,,False,
USA,Financial,Closed-End Fund - Equity,small,low,mid,0.0,0,0.0,0,0,,False,
USAC,Energy,Oil & Gas Equipment & Services,mid,mid,low,0.0,0,0.0,0,0,,False,
USAF,Financial,Exchange Traded Fund,unknown,low,low,0.0,0,0.0,0,0,,False,
USAI,Financial,Exchange Traded Fund,unknown,low,low,0.0,0,0.0,0,0,,False,
USAR,Basic Materials,Other Industrial Metals & Mining,mid,high,high,0.0,0,0.0,0,0,,False,
USAS,Basic Materials,Other Industrial Metals & Mining,small,high,mid,0.0,0,0.0,0,0,,False,
USAU,Basic Materials,Gold,micro,mid,mid,0.0,0,0.0,0,0,,False,
USAX,Financial,Exchange Traded Fund,unknown,high,unknown,0.0,0,0.0,0,0,,False,
USB,Financial,Banks - Regional,large,low,mid,0.0,0,0.0,0,0,,False,
USBC,Technology,Scientific & Technical Instruments,micro,high,high,0.0,0,0.0,0,0,,False,
USCA,Financial,Exchange Traded Fund,unknown,low,mid,0.0,0,0.0,0,0,,False,
USCB,Financial,Banks - Regional,small,mid,low,0.0,0,0.0,0,0,,False,
USCI,Financial,Exchange Traded Fund,unknown,low,low,0.0,0,0.0,0,0,,False,
USCL,Financial,Exchange Traded Fund,unknown,low,mid,0.0,0,0.0,0,0,,False,
USD,Financial,Exchange Traded Fund,unknown,high,high,0.0,0,0.0,0,0,,False,
USDE,Financial,Capital Markets,micro,high,low,0.0,0,0.0,0,0,,False,
USDU,Financial,Exchange Traded Fund,unknown,low,low,0.0,0,0.0,0,0,,False,
USDX,Financial,Exchange Traded Fund,unknown,low,low,0.0,0,0.0,0,0,,False,
USE,Financial,Exchange Traded Fund,unknown,mid,low,0.0,0,0.0,0,0,,False,
USEA,Industrials,Marine Shipping,micro,mid,mid,0.0,0,0.0,0,0,,False,
USEP,Financial,Exchange Traded Fund,unknown,low,low,0.0,0,0.0,0,0,,False,
USEW,Financial,Exchange Traded Fund,unknown,low,unknown,0.0,0,0.0,0,0,,False,
USFD,Consumer Defensive,Food Distribution,large,mid,mid,0.0,0,0.0,0,0,,False,
USFE,Financial,Exchange Traded Fund,unknown,low,unknown,0.0,0,0.0,0,0,,False,
USFR,Financial,Exchange Traded Fund,unknown,low,low,0.0,0,0.0,0,0,,False,
USG,Financial,Exchange Traded Fund,unknown,low,low,0.0,0,0.0,0,0,,False,
USGG,Financial,Exchange Traded Fund,unknown,high,unknown,0.0,0,0.0,0,0,,False,
USGO,Basic Materials,Other Industrial Metals & Mining,micro,high,high,0.0,0,0.0,0,0,,False,
USHY,Financial,Exchange Traded Fund,unknown,low,low,0.0,0,0.0,0,0,,False,
USIG,Financial,Exchange Traded Fund,unknown,low,low,0.0,0,0.0,0,0,,False,
USIN,Financial,Exchange Traded Fund,unknown,low,low,0.0,0,0.0,0,0,,False,
USIO,Technology,Software - Infrastructure,micro,high,high,0.0,0,0.0,0,0,,False,
USL,Financial,Exchange Traded Fund,unknown,mid,low,0.0,0,0.0,0,0,,False,
USLM,Basic Materials,Building Materials,mid,mid,low,0.0,0,0.0,0,0,,False,
USLN,Financial,Exchange Traded Fund,unknown,low,unknown,0.0,0,0.0,0,0,,False,
USLV,Financial,Exchange Traded Fund,unknown,high,unknown,0.0,0,0.0,0,0,,False,
USMC,Financial,Exchange Traded Fund,unknown,low,mid,0.0,0,0.0,0,0,,False,
USMD,Financial,Exchange Traded Fund,unknown,low,unknown,0.0,0,0.0,0,0,,False,
USMF,Financial,Exchange Traded Fund,unknown,low,low,0.0,0,0.0,0,0,,False,
USML,Financial,Exchange Traded Fund,unknown,low,mid,0.0,0,0.0,0,0,,False,
USMV,Financial,Exchange Traded Fund,unknown,low,low,0.0,0,0.0,0,0,,False,
USNA,Consumer Defensive,Packaged Foods,micro,high,low,0.0,0,0.0,0,0,,False,
USNG,Financial,Exchange Traded Fund,unknown,low,low,0.0,0,0.0,0,0,,False,
USNZ,Financial,Exchange Traded Fund,unknown,low,mid,0.0,0,0.0,0,0,,False,
USO,Financial,Exchange Traded Fund,unknown,mid,low,0.0,0,0.0,0,0,,False,
USOI,Financial,Exchange Traded Fund,unknown,low,low,0.0,0,0.0,0,0,,False,
USOY,Financial,Exchange Traded Fund,unknown,mid,low,0.0,0,0.0,0,0,,False,
USPH,Healthcare,Medical Care Facilities,small,mid,mid,0.0,0,0.0,0,0,,False,
USPX,Financial,Exchange Traded Fund,unknown,low,mid,0.0,0,0.0,0,0,,False,
USRT,Financial,Exchange Traded Fund,unknown,low,mid,0.0,0,0.0,0,0,,False,
USSE,Financial,Exchange Traded Fund,unknown,low,mid,0.0,0,0.0,0,0,,False,
USSG,Financial,Exchange Traded Fund,unknown,low,mid,0.0,0,0.0,0,0,,False,
USSH,Financial,Exchange Traded Fund,unknown,low,low,0.0,0,0.0,0,0,,False,
UST,Financial,Exchange Traded Fund,unknown,low,low,0.0,0,0.0,0,0,,False,
USTB,Financial,Exchange Traded Fund,unknown,low,low,0.0,0,0.0,0,0,,False,
USVM,Financial,Exchange Traded Fund,unknown,low,mid,0.0,0,0.0,0,0,,False,
USVN,Financial,Exchange Traded Fund,unknown,low,low,0.0,0,0.0,0,0,,False,
USX,Financial,Exchange Traded Fund,unknown,low,unknown,0.0,0,0.0,0,0,,False,
USXF,Financial,Exchange Traded Fund,unknown,low,mid,0.0,0,0.0,0,0,,False,
UTEN,Financial,Exchange Traded Fund,unknown,low,low,0.0,0,0.0,0,0,,False,
UTES,Financial,Exchange Traded Fund,unknown,low,low,0.0,0,0.0,0,0,,False,
UTF,Financial,Closed-End Fund - Equity,mid,low,low,0.0,0,0.0,0,0,,False,
UTG,Financial,Closed-End Fund - Equity,mid,low,mid,0.0,0,0.0,0,0,,False,
UTHR,Healthcare,Drug Manufacturers - Specialty & Generic,large,mid,low,0.0,0,0.0,0,0,,False,
UTHY,Financial,Exchange Traded Fund,unknown,low,low,0.0,0,0.0,0,0,,False,
UTI,Consumer Defensive,Education & Training Services,small,high,mid,0.0,0,0.0,0,0,,False,
UTL,Utilities,Utilities - Diversified,small,mid,low,0.0,0,0.0,0,0,,False,
UTMD,Healthcare,Medical Instruments & Supplies,micro,mid,low,0.0,0,0.0,0,0,,False,
UTRE,Financial,Exchange Traded Fund,unknown,low,low,0.0,0,0.0,0,0,,False,
UTSI,Technology,Communication Equipment,micro,high,low,0.0,1,0.0,0,0,,False,
UTSL,Financial,Exchange Traded Fund,unknown,mid,high,0.0,0,0.0,0,0,,False,
UTWO,Financial,Exchange Traded Fund,unknown,low,low,0.0,0,0.0,0,0,,False,
UTWY,Financial,Exchange Traded Fund,unknown,low,low,0.0,0,0.0,0,0,,False,
UTZ,Consumer Defensive,Packaged Foods,mid,low,low,0.0,0,0.0,0,0,,False,
UUP,Financial,Exchange Traded Fund,unknown,low,low,0.0,0,0.0,0,0,,False,
UUPP,Financial,Exchange Traded Fund,unknown,low,unknown,0.0,0,0.0,0,0,,False,
UUU,Industrials,Building Products & Equipment,micro,high,low,0.0,0,0.0,0,0,,False,
UUUC,Financial,Exchange Traded Fund,unknown,high,unknown,0.0,0,0.0,0,0,,False,
UUUG,Financial,Exchange Traded Fund,unknown,high,unknown,0.0,0,0.0,0,0,,False,
UUUU,Energy,Uranium,mid,high,high,0.0,0,0.0,0,0,,False,
UVE,Financial,Insurance - Property & Casualty,small,mid,low,0.0,0,0.0,0,0,,False,
UVIX,Financial,Exchange Traded Fund,unknown,high,low,0.0,0,0.0,0,0,,False,
UVSP,Financial,Banks - Regional,small,mid,low,0.0,0,0.0,0,0,,False,
UVV,Consumer Defensive,Tobacco,small,mid,low,0.0,0,0.0,0,0,,False,
UVXY,Financial,Exchange Traded Fund,unknown,high,low,0.0,0,0.0,0,0,,False,
UWM,Financial,Exchange Traded Fund,unknown,mid,high,0.0,0,0.0,0,0,,False,
UWMC,Financial,Mortgage Finance,mid,high,high,0.0,0,0.0,0,0,,False,
UX,Financial,Exchange Traded Fund,unknown,low,mid,0.0,0,0.0,0,0,,False,
UXAP,Financial,Exchange Traded Fund,unknown,low,mid,0.0,0,0.0,0,0,,False,
UXI,Financial,Exchange Traded Fund,unknown,mid,high,0.0,0,0.0,0,0,,False,
UXIN,Consumer Cyclical,Auto & Truck Dealerships,micro,high,mid,0.0,1,0.0,0,0,,False,
UXJA,Financial,Exchange Traded Fund,unknown,low,mid,0.0,0,0.0,0,0,,False,
UXJL,Financial,Exchange Traded Fund,unknown,low,mid,0.0,0,0.0,0,0,,False,
UXOC,Financial,Exchange Traded Fund,unknown,low,mid,0.0,0,0.0,0,0,,False,
UXRP,Financial,Exchange Traded Fund,unknown,high,high,0.0,0,0.0,0,0,,False,
UYG,Financial,Exchange Traded Fund,unknown,low,high,0.0,0,0.0,0,0,,False,
UYLD,Financial,Exchange Traded Fund,unknown,low,low,0.0,0,0.0,0,0,,False,
UYM,Financial,Exchange Traded Fund,unknown,mid,high,0.0,0,0.0,0,0,,False,
UYSC,Financial,Shell Companies,micro,low,low,0.0,0,0.0,0,0,,False,
UZX,Consumer Cyclical,Internet Retail,micro,high,low,0.0,0,0.0,0,0,,False,
V,Financial,Credit Services,mega,mid,low,0.0,0,0.0,0,0,,False,
VABK,Financial,Banks - Regional,micro,mid,low,0.0,0,0.0,0,0,,False,
VABS,Financial,Exchange Traded Fund,unknown,low,low,0.0,0,0.0,0,0,,False,
VAC,Consumer Cyclical,Resorts & Casinos,mid,mid,mid,0.0,0,0.0,0,0,,False,
VACI,Financial,Shell Companies,small,low,unknown,0.0,0,0.0,0,0,,False,
VAIE,Financial,Exchange Traded Fund,unknown,low,unknown,0.0,0,0.0,0,0,,False,
VAL,Energy,Oil & Gas Drilling,mid,mid,mid,0.0,0,0.0,0,0,,False,
VALE,Basic Materials,Other Industrial Metals & Mining,large,mid,low,0.0,0,0.0,0,0,,False,
VALG,Financial,Exchange Traded Fund,unknown,mid,unknown,0.0,0,0.0,0,0,,False,
VALN,Healthcare,Biotechnology,small,mid,high,0.0,0,0.0,0,0,,False,
VALQ,Financial,Exchange Traded Fund,unknown,low,mid,0.0,0,0.0,0,0,,False,
VALU,Financial,Financial Data & Stock Exchanges,small,high,mid,0.0,0,0.0,0,0,,False,
VAMO,Financial,Exchange Traded Fund,unknown,low,low,0.0,0,0.0,0,0,,False,
VANI,Healthcare,Biotechnology,micro,high,high,0.0,0,0.0,0,0,,False,
VATE,Industrials,Engineering & Construction,micro,high,high,0.0,0,0.0,0,0,,False,
VAVX,Financial,Exchange Traded Fund,unknown,mid,unknown,0.0,0,0.0,0,0,,False,
VAW,Financial,Exchange Traded Fund,unknown,low,mid,0.0,0,0.0,0,0,,False,
VB,Financial,Exchange Traded Fund,unknown,low,mid,0.0,0,0.0,0,0,,False,
VBCA,Financial,Exchange Traded Fund,unknown,low,unknown,0.0,0,0.0,0,0,,False,
VBCB,Financial,Exchange Traded Fund,unknown,low,unknown,0.0,0,0.0,0,0,,False,
VBCC,Financial,Exchange Traded Fund,unknown,low,unknown,0.0,0,0.0,0,0,,False,
VBCD,Financial,Exchange Traded Fund,unknown,low,unknown,0.0,0,0.0,0,0,,False,
VBCE,Financial,Exchange Traded Fund,unknown,low,unknown,0.0,0,0.0,0,0,,False,
VBCF,Financial,Exchange Traded Fund,unknown,low,unknown,0.0,0,0.0,0,0,,False,
VBCG,Financial,Exchange Traded Fund,unknown,low,unknown,0.0,0,0.0,0,0,,False,
VBCH,Financial,Exchange Traded Fund,unknown,low,unknown,0.0,0,0.0,0,0,,False,
VBCI,Financial,Exchange Traded Fund,unknown,low,unknown,0.0,0,0.0,0,0,,False,
VBCJ,Financial,Exchange Traded Fund,unknown,low,unknown,0.0,0,0.0,0,0,,False,
VBF,Financial,Closed-End Fund - Debt,micro,low,low,0.0,0,0.0,0,0,,False,
VBIL,Financial,Exchange Traded Fund,unknown,low,low,0.0,0,0.0,0,0,,False,
VBIO,Healthcare,Biotechnology,micro,high,high,0.0,0,0.0,0,0,,False,
VBK,Financial,Exchange Traded Fund,unknown,low,mid,0.0,0,0.0,0,0,,False,
VBNB,Financial,Exchange Traded Fund,unknown,low,unknown,0.0,0,0.0,0,0,,False,
VBND,Financial,Exchange Traded Fund,unknown,low,low,0.0,0,0.0,0,0,,False,
VBNK,Financial,Banks - Regional,small,mid,mid,0.0,0,0.0,0,0,,False,
VBR,Financial,Exchange Traded Fund,unknown,low,mid,0.0,0,0.0,0,0,,False,
VBX,Financial,Exchange Traded Fund,unknown,low,unknown,0.0,0,0.0,0,0,,False,
VC,Consumer Cyclical,Auto Parts,mid,mid,high,0.0,0,0.0,0,0,,False,
VCEB,Financial,Exchange Traded Fund,unknown,low,low,0.0,0,0.0,0,0,,False,
VCEL,Healthcare,Biotechnology,mid,mid,mid,0.0,0,0.0,0,0,,False,
VCHY,Financial,Exchange Traded Fund,unknown,low,unknown,0.0,0,0.0,0,0,,False,
VCIG,Industrials,Consulting Services,micro,high,high,0.0,0,0.0,0,0,,False,
VCIT,Financial,Exchange Traded Fund,unknown,low,low,0.0,0,0.0,0,0,,False,
VCLN,Financial,Exchange Traded Fund,unknown,mid,mid,0.0,0,0.0,0,0,,False,
VCLT,Financial,Exchange Traded Fund,unknown,low,low,0.0,0,0.0,0,0,,False,
VCOB,Financial,Exchange Traded Fund,unknown,low,unknown,0.0,0,0.0,0,0,,False,
VCR,Financial,Exchange Traded Fund,unknown,low,mid,0.0,0,0.0,0,0,,False,
VCRB,Financial,Exchange Traded Fund,unknown,low,low,0.0,0,0.0,0,0,,False,
VCRE,Healthcare,Biotechnology,unknown,high,unknown,0.0,0,0.0,0,0,,False,
VCRM,Financial,Exchange Traded Fund,unknown,low,low,0.0,0,0.0,0,0,,False,
VCSH,Financial,Exchange Traded Fund,unknown,low,low,0.0,0,0.0,0,0,,False,
VCTR,Financial,Asset Management,mid,mid,mid,0.0,0,0.0,0,0,,False,
VCV,Financial,Closed-End Fund - Debt,small,low,low,0.0,0,0.0,0,0,,False,
VCX,Financial,Closed-End Fund - Equity,small,high,unknown,0.0,0,0.0,0,0,,False,
VCYT,Healthcare,Diagnostics & Research,mid,high,high,0.0,0,0.0,0,0,,False,
VDC,Financial,Exchange Traded Fund,unknown,low,low,0.0,0,0.0,0,0,,False,
VDE,Financial,Exchange Traded Fund,unknown,mid,low,0.0,0,0.0,0,0,,False,
VDG,Financial,Exchange Traded Fund,unknown,low,unknown,0.0,0,0.0,0,0,,False,
VDI,Financial,Exchange Traded Fund,unknown,low,unknown,0.0,0,0.0,0,0,,False,
VDIG,Financial,Exchange Traded Fund,unknown,low,unknown,0.0,0,0.0,0,0,,False,
VDV,Financial,Exchange Traded Fund,unknown,low,unknown,0.0,0,0.0,0,0,,False,
VEA,Financial,Exchange Traded Fund,unknown,low,mid,0.0,0,0.0,0,0,,False,
VECA,Financial,Shell Companies,micro,low,unknown,0.0,0,0.0,0,0,,False,
VECO,Technology,Semiconductor Equipment & Materials,mid,high,high,0.0,0,0.0,0,0,,False,
VEEA,Technology,Information Technology Services,micro,high,low,0.0,0,0.0,0,0,,False,
VEEE,Consumer Cyclical,Recreational Vehicles,micro,high,mid,0.0,0,0.0,0,0,,False,
VEEV,Healthcare,Health Information Services,large,mid,mid,0.0,0,0.0,0,0,,False,
VEFA,Financial,Exchange Traded Fund,unknown,low,unknown,0.0,0,0.0,0,0,,False,
VEGA,Financial,Exchange Traded Fund,unknown,low,low,0.0,0,0.0,0,0,,False,
VEGI,Financial,Exchange Traded Fund,unknown,low,low,0.0,0,0.0,0,0,,False,
VEGN,Financial,Exchange Traded Fund,unknown,low,mid,0.0,0,0.0,0,0,,False,
VEL,Financial,Mortgage Finance,small,mid,low,0.0,0,0.0,0,0,,False,
VELL,Financial,Exchange Traded Fund,unknown,high,unknown,0.0,0,0.0,0,0,,False,
VELO,Technology,Computer Hardware,small,high,high,0.0,0,0.0,0,0,,False,
VEM,Financial,Exchange Traded Fund,unknown,low,unknown,0.0,0,0.0,0,0,,False,
VEMY,Financial,Exchange Traded Fund,unknown,low,low,0.0,0,0.0,0,0,,False,
VENU,Consumer Cyclical,Restaurants,micro,high,high,0.0,0,0.0,0,0,,False,
VEON,Communication Services,Telecom Services,mid,mid,high,0.0,0,0.0,0,0,,False,
VERA,Healthcare,Biotechnology,mid,high,mid,0.0,0,0.0,0,0,,False,
VERI,Technology,Software - Infrastructure,micro,high,high,0.0,0,0.0,0,0,,False,
VERS,Financial,Exchange Traded Fund,unknown,mid,high,0.0,0,0.0,0,0,,False,
VERU,Healthcare,Biotechnology,micro,high,low,0.0,0,0.0,0,0,,False,
VERX,Technology,Software - Application,small,high,mid,0.0,0,0.0,0,0,,False,
VET,Energy,Oil & Gas E&P,small,mid,low,0.0,0,0.0,0,0,,False,
VETZ,Financial,Exchange Traded Fund,unknown,low,low,0.0,0,0.0,0,0,,False,
VEU,Financial,Exchange Traded Fund,unknown,low,low,0.0,0,0.0,0,0,,False,
VEXC,Financial,Exchange Traded Fund,unknown,low,unknown,0.0,0,0.0,0,0,,False,
VFC,Consumer Cyclical,Apparel Manufacturing,mid,mid,high,0.0,0,0.0,0,0,,False,
VFF,Consumer Defensive,Farm Products,small,mid,high,0.0,0,0.0,0,0,,False,
VFH,Financial,Exchange Traded Fund,unknown,low,mid,0.0,0,0.0,0,0,,False,
VFLO,Financial,Exchange Traded Fund,unknown,low,mid,0.0,0,0.0,0,0,,False,
VFMF,Financial,Exchange Traded Fund,unknown,low,mid,0.0,0,0.0,0,0,,False,
VFMO,Financial,Exchange Traded Fund,unknown,mid,mid,0.0,0,0.0,0,0,,False,
VFMV,Financial,Exchange Traded Fund,unknown,low,low,0.0,0,0.0,0,0,,False,
VFQY,Financial,Exchange Traded Fund,unknown,low,mid,0.0,0,0.0,0,0,,False,
VFS,Consumer Cyclical,Auto Manufacturers,mid,mid,mid,0.0,0,0.0,0,0,,False,
VFVA,Financial,Exchange Traded Fund,unknown,low,mid,0.0,0,0.0,0,0,,False,
VG,Energy,Oil & Gas Midstream,large,high,low,0.0,0,0.0,0,0,,False,
VGAS,Utilities,Utilities - Renewable,micro,high,low,0.0,0,0.0,0,0,,False,
VGHY,Financial,Exchange Traded Fund,unknown,low,unknown,0.0,0,0.0,0,0,,False,
VGI,Financial,Closed-End Fund - Debt,micro,low,low,0.0,0,0.0,0,0,,False,
VGIT,Financial,Exchange Traded Fund,unknown,low,low,0.0,0,0.0,0,0,,False,
VGK,Financial,Exchange Traded Fund,unknown,low,mid,0.0,0,0.0,0,0,,False,
VGLT,Financial,Exchange Traded Fund,unknown,low,low,0.0,0,0.0,0,0,,False,
VGM,Financial,Closed-End Fund - Debt,small,low,low,0.0,0,0.0,0,0,,False,
VGMS,Financial,Exchange Traded Fund,unknown,low,low,0.0,0,0.0,0,0,,False,
VGNT,Consumer Cyclical,Auto Parts,mid,mid,unknown,0.0,0,0.0,0,0,,False,
VGRO,Financial,Exchange Traded Fund,unknown,low,unknown,0.0,0,0.0,0,0,,False,
VGSH,Financial,Exchange Traded Fund,unknown,low,low,0.0,0,0.0,0,0,,False,
VGSR,Financial,Exchange Traded Fund,unknown,low,low,0.0,0,0.0,0,0,,False,
VGT,Financial,Exchange Traded Fund,unknown,mid,high,0.0,0,0.0,0,0,,False,
VGUS,Financial,Exchange Traded Fund,unknown,low,low,0.0,0,0.0,0,0,,False,
VGVT,Financial,Exchange Traded Fund,unknown,low,low,0.0,0,0.0,0,0,,False,
VGZ,Basic Materials,Gold,small,high,high,0.0,0,0.0,0,0,,False,
VHC,Technology,Software - Infrastructure,micro,high,high,0.0,0,0.0,0,0,,False,
VHCP,Financial,Shell Companies,small,low,unknown,0.0,0,0.0,0,0,,False,
VHI,Basic Materials,Chemicals,small,mid,mid,0.0,0,0.0,0,0,,False,
VHT,Financial,Exchange Traded Fund,unknown,low,low,0.0,0,0.0,0,0,,False,
VHUB,Consumer Defensive,Grocery Stores,micro,high,unknown,0.0,0,0.0,0,0,,False,
VIA,Technology,Software - Application,mid,high,unknown,0.0,0,0.0,0,0,,False,
VIAG,Financial,Exchange Traded Fund,unknown,high,unknown,0.0,0,0.0,0,0,,False,
VIAV,Technology,Communication Equipment,large,high,mid,0.0,0,0.0,0,0,,False,
VICE,Financial,Exchange Traded Fund,unknown,low,mid,0.0,0,0.0,0,0,,False,
VICI,Real Estate,REIT - Diversified,large,low,low,0.0,0,0.0,0,0,,False,
VICR,Technology,Electronic Components,large,high,high,0.0,0,0.0,0,0,,False,
VIDA,Technology,Software - Application,unknown,high,unknown,0.0,0,0.0,0,0,,False,
VIDI,Financial,Exchange Traded Fund,unknown,low,low,0.0,0,0.0,0,0,,False,
VIG,Financial,Exchange Traded Fund,unknown,low,mid,0.0,0,0.0,0,0,,False,
VIGI,Financial,Exchange Traded Fund,unknown,low,low,0.0,0,0.0,0,0,,False,
VII,Financial,Shell Companies,micro,low,unknown,0.0,0,0.0,0,0,,False,
VIK,Consumer Cyclical,Travel Services,large,mid,high,0.0,0,0.0,0,0,,False,
VINP,Financial,Asset Management,small,mid,low,0.0,0,0.0,0,0,,False,
VIOG,Financial,Exchange Traded Fund,unknown,low,mid,0.0,0,0.0,0,0,,False,
VIOO,Financial,Exchange Traded Fund,unknown,low,mid,0.0,0,0.0,0,0,,False,
VIOT,Consumer Cyclical,"Furnishings, Fixtures & Appliances",micro,mid,low,0.0,1,0.0,0,0,,False,
VIOV,Financial,Exchange Traded Fund,unknown,low,mid,0.0,0,0.0,0,0,,False,
VIP,Financial,Capital Markets,micro,high,high,0.0,0,0.0,0,0,,False,
VIPS,Consumer Cyclical,Internet Retail,mid,mid,low,0.0,1,0.0,0,0,,False,
VIR,Healthcare,Biotechnology,small,mid,high,0.0,0,0.0,0,0,,False,
VIRC,Consumer Cyclical,"Furnishings, Fixtures & Appliances",micro,mid,low,0.0,0,0.0,0,0,,False,
VIRT,Financial,Capital Markets,mid,mid,low,0.0,0,0.0,0,0,,False,
VIS,Financial,Exchange Traded Fund,unknown,low,mid,0.0,0,0.0,0,0,,False,
VISN,Technology,Communication Equipment,mid,mid,high,0.0,0,0.0,0,0,,False,
VIST,Energy,Oil & Gas E&P,mid,mid,low,0.0,0,0.0,0,0,,False,
VITL,Consumer Defensive,Farm Products,small,high,mid,0.0,0,0.0,0,0,,False,
VIV,Communication Services,Telecom Services,large,mid,low,0.0,0,0.0,0,0,,False,
VIVK,Energy,Oil & Gas Integrated,micro,high,low,0.0,0,0.0,0,0,,False,
VIVO,Technology,Software - Infrastructure,micro,high,low,0.0,0,0.0,0,0,,False,
VIVS,Healthcare,Biotechnology,micro,high,high,0.0,0,0.0,0,0,,False,
VIXM,Financial,Exchange Traded Fund,unknown,low,low,0.0,0,0.0,0,0,,False,
VIXY,Financial,Exchange Traded Fund,unknown,mid,low,0.0,0,0.0,0,0,,False,
VKI,Financial,Closed-End Fund - Debt,small,low,low,0.0,0,0.0,0,0,,False,
VKQ,Financial,Closed-End Fund - Debt,small,low,low,0.0,0,0.0,0,0,,False,
VKTX,Healthcare,Biotechnology,mid,mid,low,0.0,0,0.0,0,0,,False,
VLGEA,Consumer Defensive,Grocery Stores,small,mid,low,0.0,0,0.0,0,0,,False,
VLLU,Financial,Exchange Traded Fund,unknown,low,low,0.0,0,0.0,0,0,,False,
VLN,Technology,Semiconductors,micro,high,high,0.0,0,0.0,0,0,,False,
VLO,Energy,Oil & Gas Refining & Marketing,large,mid,low,0.0,0,0.0,0,0,,False,
VLOS,Financial,Shell Companies,small,low,low,0.0,0,0.0,0,0,,False,
VLRS,Industrials,Airlines,small,mid,high,0.0,0,0.0,0,0,,False,
VLT,Financial,Closed-End Fund - Debt,micro,low,low,0.0,0,0.0,0,0,,False,
VLTO,Industrials,Pollution & Treatment Controls,large,mid,low,0.0,0,0.0,0,0,,False,
VLU,Financial,Exchange Traded Fund,unknown,low,mid,0.0,0,0.0,0,0,,False,
VLUE,Financial,Exchange Traded Fund,unknown,low,mid,0.0,0,0.0,0,0,,False,
VLY,Financial,Banks - Regional,mid,low,mid,0.0,0,0.0,0,0,,False,
VMAR,Consumer Cyclical,Recreational Vehicles,micro,high,low,0.0,0,0.0,0,0,,False,
VMAX,Financial,Exchange Traded Fund,unknown,low,low,0.0,0,0.0,0,0,,False,
VMBS,Financial,Exchange Traded Fund,unknown,low,low,0.0,0,0.0,0,0,,False,
VMC,Basic Materials,Building Materials,large,mid,mid,0.0,0,0.0,0,0,,False,
VMD,Healthcare,Medical Devices,small,mid,mid,0.0,0,0.0,0,0,,False,
VMET,Basic Materials,Other Precious Metals & Mining,small,high,high,0.0,0,0.0,0,0,,False,
VMI,Industrials,Conglomerates,mid,mid,high,0.0,0,0.0,0,0,,False,
VMO,Financial,Closed-End Fund - Debt,small,low,low,0.0,0,0.0,0,0,,False,
VMSB,Financial,Exchange Traded Fund,unknown,low,unknown,0.0,0,0.0,0,0,,False,
VNAM,Financial,Exchange Traded Fund,unknown,low,mid,0.0,0,0.0,0,0,,False,
VNCE,Consumer Cyclical,Apparel Manufacturing,micro,high,high,0.0,0,0.0,0,0,,False,
VNDA,Healthcare,Biotechnology,small,high,low,0.0,0,0.0,0,0,,False,
VNET,Technology,Information Technology Services,mid,high,low,0.0,1,0.0,0,0,,False,
VNIE,Financial,Exchange Traded Fund,unknown,low,low,0.0,0,0.0,0,0,,False,
VNLA,Financial,Exchange Traded Fund,unknown,low,low,0.0,0,0.0,0,0,,False,
VNM,Financial,Exchange Traded Fund,unknown,low,mid,0.0,0,0.0,0,0,,False,
VNME,Financial,Shell Companies,micro,low,low,0.0,0,0.0,0,0,,False,
VNO,Real Estate,REIT - Office,mid,mid,high,0.0,0,0.0,0,0,,False,
VNOM,Energy,Oil & Gas Midstream,large,mid,low,0.0,0,0.0,0,0,,False,
VNQ,Financial,Exchange Traded Fund,unknown,low,mid,0.0,0,0.0,0,0,,False,
VNQI,Financial,Exchange Traded Fund,unknown,low,low,0.0,0,0.0,0,0,,False,
VNRX,Healthcare,Medical Devices,micro,high,mid,0.0,0,0.0,0,0,,False,
VNSE,Financial,Exchange Traded Fund,unknown,low,mid,0.0,0,0.0,0,0,,False,
VNT,Technology,Scientific & Technical Instruments,mid,mid,mid,0.0,0,0.0,0,0,,False,
VNTG,Industrials,Marine Shipping,micro,high,low,0.0,0,0.0,0,0,,False,
VO,Financial,Exchange Traded Fund,unknown,low,mid,0.0,0,0.0,0,0,,False,
VOC,Energy,Oil & Gas E&P,micro,mid,low,0.0,0,0.0,0,0,,False,
VOD,Communication Services,Telecom Services,large,mid,low,0.0,0,0.0,0,0,,False,
VOE,Financial,Exchange Traded Fund,unknown,low,mid,0.0,0,0.0,0,0,,False,
VOGX,Healthcare,Biotechnology,micro,high,unknown,0.0,0,0.0,0,0,,False,
VOLT,Financial,Exchange Traded Fund,unknown,mid,mid,0.0,0,0.0,0,0,,False,
VONE,Financial,Exchange Traded Fund,unknown,low,mid,0.0,0,0.0,0,0,,False,
VONG,Financial,Exchange Traded Fund,unknown,low,mid,0.0,0,0.0,0,0,,False,
VONV,Financial,Exchange Traded Fund,unknown,low,mid,0.0,0,0.0,0,0,,False,
VOO,Financial,Exchange Traded Fund,unknown,low,mid,0.0,0,0.0,0,0,,False,
VOOG,Financial,Exchange Traded Fund,unknown,low,mid,0.0,0,0.0,0,0,,False,
VOOV,Financial,Exchange Traded Fund,unknown,low,mid,0.0,0,0.0,0,0,,False,
VOOX,Financial,Exchange Traded Fund,unknown,low,unknown,0.0,0,0.0,0,0,,False,
VOR,Healthcare,Biotechnology,small,high,high,0.0,0,0.0,0,0,,False,
VOT,Financial,Exchange Traded Fund,unknown,low,mid,0.0,0,0.0,0,0,,False,
VOTE,Financial,Exchange Traded Fund,unknown,low,mid,0.0,0,0.0,0,0,,False,
VOX,Financial,Exchange Traded Fund,unknown,low,mid,0.0,0,0.0,0,0,,False,
VOXP,Financial,Exchange Traded Fund,unknown,low,mid,0.0,0,0.0,0,0,,False,
VOXR,Basic Materials,Other Precious Metals & Mining,small,mid,low,0.0,0,0.0,0,0,,False,
VOYA,Financial,Financial Conglomerates,mid,mid,mid,0.0,0,0.0,0,0,,False,
VOYG,Industrials,Aerospace & Defense,mid,high,high,0.0,0,0.0,0,0,,False,
VPC,Financial,Exchange Traded Fund,unknown,low,low,0.0,0,0.0,0,0,,False,
VPFF,Financial,Exchange Traded Fund,unknown,low,unknown,0.0,0,0.0,0,0,,False,
VPG,Technology,Scientific & Technical Instruments,small,high,high,0.0,0,0.0,0,0,,False,
VPL,Financial,Exchange Traded Fund,unknown,mid,mid,0.0,0,0.0,0,0,,False,
VPLS,Financial,Exchange Traded Fund,unknown,low,low,0.0,0,0.0,0,0,,False,
VPU,Financial,Exchange Traded Fund,unknown,low,low,0.0,0,0.0,0,0,,False,
VPV,Financial,Closed-End Fund - Debt,micro,low,low,0.0,0,0.0,0,0,,False,
VRA,Consumer Cyclical,Footwear & Accessories,micro,mid,high,0.0,0,0.0,0,0,,False,
VRAI,Financial,Exchange Traded Fund,unknown,low,low,0.0,0,0.0,0,0,,False,
VRAX,Healthcare,Biotechnology,micro,high,high,0.0,0,0.0,0,0,,False,
VRC,Financial,Exchange Traded Fund,unknown,high,unknown,0.0,0,0.0,0,0,,False,
VRCA,Healthcare,Biotechnology,micro,high,high,0.0,0,0.0,0,0,,False,
VRDN,Healthcare,Biotechnology,mid,mid,mid,0.0,0,0.0,0,0,,False,
VREX,Healthcare,Medical Devices,small,mid,mid,0.0,0,0.0,0,0,,False,
VRIG,Financial,Exchange Traded Fund,unknown,low,low,0.0,0,0.0,0,0,,False,
VRM,Financial,Credit Services,micro,high,low,0.0,0,0.0,0,0,,False,
VRME,Industrials,Security & Protection Services,micro,high,low,0.0,0,0.0,0,0,,False,
VRNS,Technology,Software - Infrastructure,mid,high,mid,0.0,0,0.0,0,0,,False,
VRP,Financial,Exchange Traded Fund,unknown,low,low,0.0,0,0.0,0,0,,False,
VRRM,Technology,Information Technology Services,small,high,low,0.0,0,0.0,0,0,,False,
VRSK,Industrials,Consulting Services,large,mid,low,0.0,0,0.0,0,0,,False,
VRSN,Technology,Software - Infrastructure,large,mid,low,0.0,0,0.0,0,0,,False,
VRT,Industrials,Electrical Equipment & Parts,large,high,high,0.0,0,0.0,0,0,,False,
VRTL,Financial,Exchange Traded Fund,unknown,high,high,0.0,0,0.0,0,0,,False,
VRTS,Financial,Asset Management,small,mid,high,0.0,0,0.0,0,0,,False,
VRTX,Healthcare,Biotechnology,large,mid,low,0.0,0,0.0,0,0,,False,
VRXA,Healthcare,Biotechnology,micro,high,low,0.0,0,0.0,0,0,,False,
VS,Technology,Software - Application,micro,high,high,0.0,0,0.0,0,0,,False,
VSA,Consumer Defensive,Education & Training Services,micro,high,mid,0.0,1,0.0,0,0,,False,
VSAT,Technology,Communication Equipment,large,high,high,0.0,0,0.0,0,0,,False,
VSDA,Financial,Exchange Traded Fund,unknown,low,low,0.0,0,0.0,0,0,,False,
VSDB,Financial,Exchange Traded Fund,unknown,low,low,0.0,0,0.0,0,0,,False,
VSDM,Financial,Exchange Traded Fund,unknown,low,low,0.0,0,0.0,0,0,,False,
VSEC,Industrials,Aerospace & Defense,mid,mid,mid,0.0,0,0.0,0,0,,False,
VSGX,Financial,Exchange Traded Fund,unknown,low,mid,0.0,0,0.0,0,0,,False,
VSH,Technology,Semiconductors,mid,high,high,0.0,0,0.0,0,0,,False,
VSHY,Financial,Exchange Traded Fund,unknown,low,low,0.0,0,0.0,0,0,,False,
VSLU,Financial,Exchange Traded Fund,unknown,low,mid,0.0,0,0.0,0,0,,False,
VSME,Communication Services,Advertising Agencies,micro,high,low,0.0,0,0.0,0,0,,False,
VSMV,Financial,Exchange Traded Fund,unknown,low,low,0.0,0,0.0,0,0,,False,
VSNT,Communication Services,Entertainment,mid,mid,unknown,0.0,0,0.0,0,0,,False,
VSOL,Financial,Exchange Traded Fund,unknown,mid,unknown,0.0,0,0.0,0,0,,False,
VSS,Financial,Exchange Traded Fund,unknown,low,mid,0.0,0,0.0,0,0,,False,
VST,Utilities,Utilities - Independent Power Producers,large,mid,high,0.0,0,0.0,0,0,,False,
VSTL,Financial,Exchange Traded Fund,unknown,high,high,0.0,0,0.0,0,0,,False,
VSTM,Healthcare,Biotechnology,small,high,low,0.0,0,0.0,0,0,,False,
VSTS,Industrials,Rental & Leasing Services,small,mid,mid,0.0,0,0.0,0,0,,False,
VSXY,Consumer Cyclical,Apparel Retail,mid,mid,high,0.0,0,0.0,0,0,,False,
VT,Financial,Exchange Traded Fund,unknown,low,mid,0.0,0,0.0,0,0,,False,
VTAK,Healthcare,Medical Devices,micro,high,low,0.0,0,0.0,0,0,,False,
VTC,Financial,Exchange Traded Fund,unknown,low,low,0.0,0,0.0,0,0,,False,
VTEB,Financial,Exchange Traded Fund,unknown,low,low,0.0,0,0.0,0,0,,False,
VTEC,Financial,Exchange Traded Fund,unknown,low,low,0.0,0,0.0,0,0,,False,
VTEI,Financial,Exchange Traded Fund,unknown,low,low,0.0,0,0.0,0,0,,False,
VTEL,Financial,Exchange Traded Fund,unknown,low,low,0.0,0,0.0,0,0,,False,
VTES,Financial,Exchange Traded Fund,unknown,low,low,0.0,0,0.0,0,0,,False,
VTEX,Technology,Software - Application,small,high,mid,0.0,0,0.0,0,0,,False,
VTG,Financial,Exchange Traded Fund,unknown,low,low,0.0,0,0.0,0,0,,False,
VTGN,Healthcare,Biotechnology,micro,high,low,0.0,0,0.0,0,0,,False,
VTHR,Financial,Exchange Traded Fund,unknown,low,mid,0.0,0,0.0,0,0,,False,
VTI,Financial,Exchange Traded Fund,unknown,low,mid,0.0,0,0.0,0,0,,False,
VTIP,Financial,Exchange Traded Fund,unknown,low,low,0.0,0,0.0,0,0,,False,
VTIX,Technology,Computer Hardware,micro,high,unknown,0.0,0,0.0,0,0,,False,
VTMX,Real Estate,Real Estate - Development,mid,mid,low,0.0,0,0.0,0,0,,False,
VTN,Financial,Closed-End Fund - Debt,micro,low,low,0.0,0,0.0,0,0,,False,
VTOL,Energy,Oil & Gas Equipment & Services,small,mid,mid,0.0,0,0.0,0,0,,False,
VTP,Financial,Exchange Traded Fund,unknown,low,low,0.0,0,0.0,0,0,,False,
VTR,Real Estate,REIT - Healthcare Facilities,large,mid,low,0.0,0,0.0,0,0,,False,
VTRS,Healthcare,Drug Manufacturers - Specialty & Generic,large,mid,mid,0.0,0,0.0,0,0,,False,
VTS,Energy,Oil & Gas E&P,small,mid,low,0.0,0,0.0,0,0,,False,
VTSI,Technology,Software - Application,micro,mid,low,0.0,0,0.0,0,0,,False,
VTV,Financial,Exchange Traded Fund,unknown,low,low,0.0,0,0.0,0,0,,False,
VTVT,Healthcare,Biotechnology,micro,high,low,0.0,0,0.0,0,0,,False,
VTWG,Financial,Exchange Traded Fund,unknown,low,mid,0.0,0,0.0,0,0,,False,
VTWO,Financial,Exchange Traded Fund,unknown,low,mid,0.0,0,0.0,0,0,,False,
VTWV,Financial,Exchange Traded Fund,unknown,low,mid,0.0,0,0.0,0,0,,False,
VUG,Financial,Exchange Traded Fund,unknown,low,mid,0.0,0,0.0,0,0,,False,
VUS,Financial,Exchange Traded Fund,unknown,low,unknown,0.0,0,0.0,0,0,,False,
VUSB,Financial,Exchange Traded Fund,unknown,low,low,0.0,0,0.0,0,0,,False,
VUSE,Financial,Exchange Traded Fund,unknown,low,mid,0.0,0,0.0,0,0,,False,
VUSG,Financial,Exchange Traded Fund,unknown,low,unknown,0.0,0,0.0,0,0,,False,
VUSI,Financial,Exchange Traded Fund,unknown,low,unknown,0.0,0,0.0,0,0,,False,
VUSV,Financial,Exchange Traded Fund,unknown,low,unknown,0.0,0,0.0,0,0,,False,
VUZI,Technology,Consumer Electronics,micro,high,high,0.0,0,0.0,0,0,,False,
VV,Financial,Exchange Traded Fund,unknown,low,mid,0.0,0,0.0,0,0,,False,
VVOS,Healthcare,Medical Devices,micro,high,high,0.0,0,0.0,0,0,,False,
VVR,Financial,Closed-End Fund - Debt,small,low,low,0.0,0,0.0,0,0,,False,
VVV,Consumer Cyclical,Auto & Truck Dealerships,mid,mid,mid,0.0,0,0.0,0,0,,False,
VVX,Industrials,Aerospace & Defense,mid,high,low,0.0,0,0.0,0,0,,False,
VWAV,Industrials,Aerospace & Defense,micro,high,low,0.0,0,0.0,0,0,,False,
VWO,Financial,Exchange Traded Fund,unknown,low,low,0.0,0,0.0,0,0,,False,
VWOB,Financial,Exchange Traded Fund,unknown,low,low,0.0,0,0.0,0,0,,False,
VXF,Financial,Exchange Traded Fund,unknown,low,mid,0.0,0,0.0,0,0,,False,
VXUS,Financial,Exchange Traded Fund,unknown,low,low,0.0,0,0.0,0,0,,False,
VXX,Financial,Exchange Traded Fund,unknown,mid,low,0.0,0,0.0,0,0,,False,
VXZ,Financial,Exchange Traded Fund,unknown,low,low,0.0,0,0.0,0,0,,False,
VYGR,Healthcare,Biotechnology,micro,high,high,0.0,0,0.0,0,0,,False,
VYLD,Financial,Exchange Traded Fund,unknown,low,low,0.0,0,0.0,0,0,,False,
VYM,Financial,Exchange Traded Fund,unknown,low,low,0.0,0,0.0,0,0,,False,
VYMI,Financial,Exchange Traded Fund,unknown,low,low,0.0,0,0.0,0,0,,False,
VYX,Technology,Information Technology Services,small,high,high,0.0,0,0.0,0,0,,False,
VZ,Communication Services,Telecom Services,large,mid,low,0.0,0,0.0,0,0,,False,
VZLA,Basic Materials,Other Industrial Metals & Mining,small,high,high,0.0,0,0.0,0,0,,False,
W,Consumer Cyclical,Internet Retail,large,high,high,0.0,0,0.0,0,0,,False,
WAB,Industrials,Railroads,large,mid,mid,0.0,0,0.0,0,0,,False,
WABC,Financial,Banks - Regional,small,mid,low,0.0,0,0.0,0,0,,False,
WABF,Financial,Exchange Traded Fund,unknown,low,low,0.0,0,0.0,0,0,,False,
WAFD,Financial,Banks - Regional,mid,low,mid,0.0,0,0.0,0,0,,False,
WAFU,Consumer Defensive,Education & Training Services,micro,high,mid,0.0,1,0.0,0,0,,False,
WAGN,Financial,Exchange Traded Fund,unknown,low,unknown,0.0,0,0.0,0,0,,False,
WAL,Financial,Banks - Regional,mid,mid,high,0.0,0,0.0,0,0,,False,
WALD,Consumer Defensive,Household & Personal Products,micro,high,low,0.0,0,0.0,0,0,,False,
WAMA,Financial,Exchange Traded Fund,unknown,low,unknown,0.0,0,0.0,0,0,,False,
WANT,Financial,Exchange Traded Fund,unknown,mid,high,0.0,0,0.0,0,0,,False,
WAR,Financial,Exchange Traded Fund,unknown,mid,high,0.0,0,0.0,0,0,,False,
WARP,Financial,Exchange Traded Fund,unknown,mid,unknown,0.0,0,0.0,0,0,,False,
WASH,Financial,Banks - Regional,small,mid,low,0.0,0,0.0,0,0,,False,
WAT,Healthcare,Diagnostics & Research,large,mid,mid,0.0,0,0.0,0,0,,False,
WATS,Financial,Exchange Traded Fund,unknown,mid,unknown,0.0,0,0.0,0,0,,False,
WATT,Technology,Communication Equipment,micro,high,high,0.0,0,0.0,0,0,,False,
WAVE,Utilities,Utilities - Renewable,micro,high,low,0.0,0,0.0,0,0,,False,
WAY,Healthcare,Health Information Services,mid,high,low,0.0,0,0.0,0,0,,False,
WB,Communication Services,Internet Content & Information,small,mid,low,0.0,1,0.0,0,0,,False,
WBD,Communication Services,Entertainment,large,low,high,0.0,0,0.0,0,0,,False,
WBI,Energy,Oil & Gas Equipment & Services,mid,high,unknown,0.0,0,0.0,0,0,,False,
WBIF,Financial,Exchange Traded Fund,unknown,low,low,0.0,0,0.0,0,0,,False,
WBIG,Financial,Exchange Traded Fund,unknown,low,low,0.0,0,0.0,0,0,,False,
WBIL,Financial,Exchange Traded Fund,unknown,low,low,0.0,0,0.0,0,0,,False,
WBIY,Financial,Exchange Traded Fund,unknown,low,mid,0.0,0,0.0,0,0,,False,
WBS,Financial,Banks - Regional,large,low,mid,0.0,0,0.0,0,0,,False,
WBTN,Communication Services,Internet Content & Information,small,high,high,0.0,0,0.0,0,0,,False,
WBUY,Consumer Cyclical,Internet Retail,micro,high,high,0.0,0,0.0,0,0,,False,
WBX,Technology,Electronic Components,micro,high,high,0.0,0,0.0,0,0,,False,
WCAP,Financial,Exchange Traded Fund,unknown,low,unknown,0.0,0,0.0,0,0,,False,
WCBR,Financial,Exchange Traded Fund,unknown,mid,mid,0.0,0,0.0,0,0,,False,
WCC,Industrials,Industrial Distribution,large,mid,high,0.0,0,0.0,0,0,,False,
WCEO,Financial,Exchange Traded Fund,unknown,low,mid,0.0,0,0.0,0,0,,False,
WCLD,Financial,Exchange Traded Fund,unknown,mid,mid,0.0,0,0.0,0,0,,False,
WCME,Financial,Exchange Traded Fund,unknown,low,mid,0.0,0,0.0,0,0,,False,
WCMG,Financial,Exchange Traded Fund,unknown,low,unknown,0.0,0,0.0,0,0,,False,
WCMI,Financial,Exchange Traded Fund,unknown,low,mid,0.0,0,0.0,0,0,,False,
WCN,Industrials,Waste Management,large,mid,low,0.0,0,0.0,0,0,,False,
WCPB,Financial,Exchange Traded Fund,unknown,low,low,0.0,0,0.0,0,0,,False,
WCT,Technology,Software - Application,micro,high,high,0.0,0,0.0,0,0,,False,
WD,Financial,Mortgage Finance,small,high,high,0.0,0,0.0,0,0,,False,
WDAF,Financial,Exchange Traded Fund,unknown,mid,unknown,0.0,0,0.0,0,0,,False,
WDAI,Financial,Exchange Traded Fund,unknown,low,unknown,0.0,0,0.0,0,0,,False,
WDAY,Technology,Software - Application,large,high,mid,0.0,0,0.0,0,0,,False,
WDC,Technology,Computer Hardware,large,high,high,0.0,0,0.0,0,0,,False,
WDCC,Financial,Exchange Traded Fund,unknown,high,unknown,0.0,0,0.0,0,0,,False,
WDCX,Financial,Exchange Traded Fund,unknown,high,unknown,0.0,0,0.0,0,0,,False,
WDE,Financial,Exchange Traded Fund,unknown,low,unknown,0.0,0,0.0,0,0,,False,
WDEF,Financial,Exchange Traded Fund,unknown,low,low,0.0,0,0.0,0,0,,False,
WDFC,Basic Materials,Specialty Chemicals,mid,mid,low,0.0,0,0.0,0,0,,False,
WDGF,Financial,Exchange Traded Fund,unknown,low,unknown,0.0,0,0.0,0,0,,False,
WDH,Financial,Insurance - Diversified,micro,mid,low,0.0,1,0.0,0,0,,False,
WDI,Financial,Asset Management,unknown,low,low,0.0,0,0.0,0,0,,False,
WDIG,Financial,Exchange Traded Fund,unknown,mid,unknown,0.0,0,0.0,0,0,,False,
WDIV,Financial,Exchange Traded Fund,unknown,low,low,0.0,0,0.0,0,0,,False,
WDNA,Financial,Exchange Traded Fund,unknown,low,mid,0.0,0,0.0,0,0,,False,
WDRN,Financial,Exchange Traded Fund,unknown,mid,unknown,0.0,0,0.0,0,0,,False,
WDS,Energy,Oil & Gas E&P,large,mid,low,0.0,0,0.0,0,0,,False,
WDTE,Financial,Exchange Traded Fund,unknown,low,low,0.0,0,0.0,0,0,,False,
WEA,Financial,Closed-End Fund - Debt,micro,low,low,0.0,0,0.0,0,0,,False,
WEAT,Financial,Exchange Traded Fund,unknown,mid,low,0.0,0,0.0,0,0,,False,
WEAV,Healthcare,Health Information Services,small,high,high,0.0,0,0.0,0,0,,False,
WEBL,Financial,Exchange Traded Fund,unknown,high,high,0.0,0,0.0,0,0,,False,
WEBS,Financial,Exchange Traded Fund,unknown,high,low,0.0,0,0.0,0,0,,False,
WEBX,Financial,Exchange Traded Fund,unknown,mid,unknown,0.0,0,0.0,0,0,,False,
WEC,Utilities,Utilities - Regulated Electric,large,mid,low,0.0,0,0.0,0,0,,False,
WEED,Financial,Exchange Traded Fund,unknown,mid,high,0.0,0,0.0,0,0,,False,
WEEI,Financial,Exchange Traded Fund,unknown,low,low,0.0,0,0.0,0,0,,False,
WEEK,Financial,Exchange Traded Fund,unknown,low,low,0.0,0,0.0,0,0,,False,
WEEL,Financial,Exchange Traded Fund,unknown,low,low,0.0,0,0.0,0,0,,False,
WELD,Financial,Exchange Traded Fund,unknown,mid,high,0.0,0,0.0,0,0,,False,
WELL,Real Estate,REIT - Healthcare Facilities,large,mid,low,0.0,0,0.0,0,0,,False,
WEN,Consumer Cyclical,Restaurants,small,high,low,0.0,0,0.0,0,0,,False,
WENC,Financial,Shell Companies,micro,low,unknown,0.0,0,0.0,0,0,,False,
WENN,Financial,Shell Companies,small,low,low,0.0,0,0.0,0,0,,False,
WEPN,Financial,Exchange Traded Fund,unknown,mid,unknown,0.0,0,0.0,0,0,,False,
WERN,Industrials,Trucking,mid,mid,mid,0.0,0,0.0,0,0,,False,
WES,Energy,Oil & Gas Midstream,large,mid,low,0.0,0,0.0,0,0,,False,
WEST,Consumer Defensive,Packaged Foods,small,high,mid,0.0,0,0.0,0,0,,False,
WETH,Technology,Electronic Components,micro,high,low,0.0,1,0.0,0,0,,False,
WETO,Technology,Software - Infrastructure,micro,high,high,0.0,1,0.0,0,0,,False,
WEX,Technology,Software - Infrastructure,mid,mid,mid,0.0,0,0.0,0,0,,False,
WEYS,Consumer Cyclical,Footwear & Accessories,small,mid,mid,0.0,0,0.0,0,0,,False,
WF,Financial,Banks - Regional,large,mid,mid,0.0,0,0.0,0,0,,False,
WFC,Financial,Banks - Diversified,mega,mid,mid,0.0,0,0.0,0,0,,False,
WFCF,Industrials,Specialty Business Services,micro,high,low,0.0,0,0.0,0,0,,False,
WFF,Industrials,Specialty Industrial Machinery,micro,high,high,0.0,0,0.0,0,0,,False,
WFG,Basic Materials,Lumber & Wood Production,mid,mid,mid,0.0,0,0.0,0,0,,False,
WFRD,Energy,Oil & Gas Equipment & Services,mid,mid,mid,0.0,0,0.0,0,0,,False,
WGMI,Financial,Exchange Traded Fund,unknown,high,high,0.0,0,0.0,0,0,,False,
WGO,Consumer Cyclical,Recreational Vehicles,small,mid,mid,0.0,0,0.0,0,0,,False,
WGS,Healthcare,Diagnostics & Research,mid,high,high,0.0,0,0.0,0,0,,False,
WH,Consumer Cyclical,Lodging,mid,mid,low,0.0,0,0.0,0,0,,False,
WHD,Energy,Oil & Gas Equipment & Services,mid,mid,high,0.0,0,0.0,0,0,,False,
WHF,Financial,Asset Management,micro,mid,low,0.0,0,0.0,0,0,,False,
WHG,Financial,Asset Management,micro,mid,low,0.0,0,0.0,0,0,,False,
WHK,Energy,Oil & Gas Midstream,small,mid,unknown,0.0,0,0.0,0,0,,False,
WHLR,Real Estate,REIT - Retail,micro,high,mid,0.0,0,0.0,0,0,,False,
WHR,Consumer Cyclical,"Furnishings, Fixtures & Appliances",mid,high,mid,0.0,0,0.0,0,0,,False,
WHWK,Healthcare,Biotechnology,micro,high,mid,0.0,0,0.0,0,0,,False,
WIA,Financial,Closed-End Fund - Debt,micro,low,low,0.0,0,0.0,0,0,,False,
WILC,Consumer Defensive,Food Distribution,small,high,mid,0.0,0,0.0,0,0,,False,
WIMA,Financial,Exchange Traded Fund,unknown,low,unknown,0.0,0,0.0,0,0,,False,
WIMI,Communication Services,Advertising Agencies,micro,high,low,0.0,1,0.0,0,0,,False,
WINA,Consumer Cyclical,Specialty Retail,small,mid,low,0.0,0,0.0,0,0,,False,
WING,Consumer Cyclical,Restaurants,mid,high,high,0.0,0,0.0,0,0,,False,
WINN,Financial,Exchange Traded Fund,unknown,low,mid,0.0,0,0.0,0,0,,False,
WIP,Financial,Exchange Traded Fund,unknown,low,low,0.0,0,0.0,0,0,,False,
WISE,Financial,Exchange Traded Fund,unknown,mid,high,0.0,0,0.0,0,0,,False,
WIT,Technology,Information Technology Services,large,mid,mid,0.0,0,0.0,0,0,,False,
WIW,Financial,Closed-End Fund - Debt,small,low,low,0.0,0,0.0,0,0,,False,
WIX,Technology,Software - Infrastructure,mid,high,mid,0.0,0,0.0,0,0,,False,
WK,Technology,Software - Application,mid,mid,low,0.0,0,0.0,0,0,,False,
WKC,Energy,Oil & Gas Refining & Marketing,small,mid,mid,0.0,0,0.0,0,0,,False,
WKEY,Technology,Semiconductors,micro,high,high,0.0,0,0.0,0,0,,False,
WKHS,Consumer Cyclical,Auto Manufacturers,micro,high,high,0.0,0,0.0,0,0,,False,
WKSP,Consumer Cyclical,Auto Parts,micro,high,low,0.0,0,0.0,0,0,,False,
WLCO,Financial,Shell Companies,micro,high,unknown,0.0,0,0.0,0,0,,False,
WLCOU,Financial,Shell Companies,micro,low,unknown,0.0,0,0.0,0,0,,False,
WLDN,Industrials,Engineering & Construction,small,mid,mid,0.0,0,0.0,0,0,,False,
WLDR,Financial,Exchange Traded Fund,unknown,low,mid,0.0,0,0.0,0,0,,False,
WLDS,Technology,Consumer Electronics,micro,high,high,0.0,0,0.0,0,0,,False,
WLDU,Financial,Exchange Traded Fund,unknown,low,unknown,0.0,0,0.0,0,0,,False,
WLFC,Industrials,Rental & Leasing Services,small,high,low,0.0,0,0.0,0,0,,False,
WLII,Financial,Shell Companies,micro,low,unknown,0.0,0,0.0,0,0,,False,
WLK,Basic Materials,Specialty Chemicals,large,mid,low,0.0,0,0.0,0,0,,False,
WLKP,Basic Materials,Chemicals,small,mid,low,0.0,0,0.0,0,0,,False,
WLTG,Financial,Exchange Traded Fund,unknown,low,mid,0.0,0,0.0,0,0,,False,
WLTH,Technology,Software - Application,small,mid,unknown,0.0,0,0.0,0,0,,False,
WLY,Communication Services,Publishing,mid,mid,low,0.0,0,0.0,0,0,,False,
WM,Industrials,Waste Management,large,mid,low,0.0,0,0.0,0,0,,False,
WMB,Energy,Oil & Gas Midstream,large,mid,low,0.0,0,0.0,0,0,,False,
WMG,Communication Services,Entertainment,large,mid,mid,0.0,0,0.0,0,0,,False,
WMK,Consumer Defensive,Grocery Stores,small,mid,low,0.0,0,0.0,0,0,,False,
WMS,Industrials,Building Products & Equipment,large,mid,mid,0.0,0,0.0,0,0,,False,
WMSB,Financial,Exchange Traded Fund,unknown,low,unknown,0.0,0,0.0,0,0,,False,
WMT,Consumer Defensive,Discount Stores,mega,mid,low,0.0,0,0.0,0,0,,False,
WMTI,Financial,Exchange Traded Fund,unknown,low,unknown,0.0,0,0.0,0,0,,False,
WNC,Industrials,Farm & Heavy Construction Machinery,small,high,high,0.0,0,0.0,0,0,,False,
WNDR,Financial,Exchange Traded Fund,unknown,low,unknown,0.0,0,0.0,0,0,,False,
WNEB,Financial,Banks - Regional,micro,mid,low,0.0,0,0.0,0,0,,False,
WNTR,Financial,Exchange Traded Fund,unknown,mid,low,0.0,0,0.0,0,0,,False,
WNW,Consumer Cyclical,Internet Retail,micro,high,mid,0.0,1,0.0,0,0,,False,
WOK,Healthcare,Medical Devices,micro,high,high,0.0,1,0.0,0,0,,False,
WOLF,Technology,Semiconductors,small,high,high,0.0,0,0.0,0,0,,False,
WOMN,Financial,Exchange Traded Fund,unknown,low,mid,0.0,0,0.0,0,0,,False,
WOOD,Financial,Exchange Traded Fund,unknown,low,low,0.0,0,0.0,0,0,,False,
WOOF,Consumer Cyclical,Specialty Retail,small,mid,high,0.0,0,0.0,0,0,,False,
WOR,Industrials,Metal Fabrication,mid,mid,high,0.0,0,0.0,0,0,,False,
WPAC,Financial,Shell Companies,micro,low,unknown,0.0,0,0.0,0,0,,False,
WPC,Real Estate,REIT - Diversified,large,low,low,0.0,0,0.0,0,0,,False,
WPM,Basic Materials,Gold,large,mid,low,0.0,0,0.0,0,0,,False,
WPP,Communication Services,Advertising Agencies,mid,mid,mid,0.0,0,0.0,0,0,,False,
WPRT,Consumer Cyclical,Auto Parts,micro,high,high,0.0,0,0.0,0,0,,False,
WQTM,Financial,Exchange Traded Fund,unknown,mid,unknown,0.0,0,0.0,0,0,,False,
WR,Financial,Exchange Traded Fund,unknown,low,unknown,0.0,0,0.0,0,0,,False,
WRAP,Technology,Scientific & Technical Instruments,micro,high,high,0.0,0,0.0,0,0,,False,
WRB,Financial,Insurance - Property & Casualty,large,mid,low,0.0,0,0.0,0,0,,False,
WRBY,Healthcare,Medical Instruments & Supplies,mid,high,high,0.0,0,0.0,0,0,,False,
WRD,Technology,Software - Application,small,high,high,0.0,1,0.0,0,0,,False,
WRLD,Financial,Credit Services,small,mid,mid,0.0,0,0.0,0,0,,False,
WRN,Basic Materials,Other Industrial Metals & Mining,small,mid,high,0.0,0,0.0,0,0,,False,
WRND,Financial,Exchange Traded Fund,unknown,low,high,0.0,0,0.0,0,0,,False,
WRTH,Financial,Exchange Traded Fund,unknown,low,unknown,0.0,0,0.0,0,0,,False,
WS,Basic Materials,Steel,small,mid,high,0.0,0,0.0,0,0,,False,
WSBC,Financial,Banks - Regional,mid,low,low,0.0,0,0.0,0,0,,False,
WSBF,Financial,Banks - Regional,small,mid,low,0.0,0,0.0,0,0,,False,
WSBK,Financial,Banks - Regional,micro,low,low,0.0,0,0.0,0,0,,False,
WSC,Industrials,Rental & Leasing Services,mid,high,high,0.0,0,0.0,0,0,,False,
WSDB,Financial,Exchange Traded Fund,unknown,low,unknown,0.0,0,0.0,0,0,,False,
WSE,Technology,Information Technology Services,large,mid,high,0.0,0,0.0,0,0,,False,
WSFS,Financial,Banks - Regional,mid,low,low,0.0,0,0.0,0,0,,False,
WSGE,Financial,Exchange Traded Fund,unknown,low,unknown,0.0,0,0.0,0,0,,False,
WSHP,Communication Services,Internet Content & Information,micro,high,unknown,0.0,0,0.0,0,0,,False,
WSM,Consumer Cyclical,Specialty Retail,large,mid,high,0.0,0,0.0,0,0,,False,
WSMD,Financial,Exchange Traded Fund,unknown,low,unknown,0.0,0,0.0,0,0,,False,
WSML,Financial,Exchange Traded Fund,unknown,low,mid,0.0,0,0.0,0,0,,False,
WSO,Industrials,Industrial Distribution,large,mid,mid,0.0,0,0.0,0,0,,False,
WSPC,Financial,Exchange Traded Fund,unknown,mid,unknown,0.0,0,0.0,0,0,,False,
WST,Healthcare,Medical Instruments & Supplies,large,mid,mid,0.0,0,0.0,0,0,,False,
WSTN,Financial,Shell Companies,micro,low,unknown,0.0,0,0.0,0,0,,False,
WT,Financial,Asset Management,mid,mid,mid,0.0,0,0.0,0,0,,False,
WTAI,Financial,Exchange Traded Fund,unknown,mid,high,0.0,0,0.0,0,0,,False,
WTBA,Financial,Banks - Regional,small,mid,low,0.0,0,0.0,0,0,,False,
WTBN,Financial,Exchange Traded Fund,unknown,low,low,0.0,0,0.0,0,0,,False,
WTF,Financial,Capital Markets,micro,high,mid,0.0,0,0.0,0,0,,False,
WTFC,Financial,Banks - Regional,large,low,mid,0.0,0,0.0,0,0,,False,
WTG,Financial,Shell Companies,micro,low,low,0.0,1,0.0,0,0,,False,
WTI,Energy,Oil & Gas E&P,small,high,low,0.0,0,0.0,0,0,,False,
WTIB,Financial,Exchange Traded Fund,unknown,mid,unknown,0.0,0,0.0,0,0,,False,
WTID,Financial,Exchange Traded Fund,unknown,high,low,0.0,0,0.0,0,0,,False,
WTIP,Financial,Exchange Traded Fund,unknown,low,low,0.0,0,0.0,0,0,,False,
WTIU,Financial,Exchange Traded Fund,unknown,high,low,0.0,0,0.0,0,0,,False,
WTLS,Financial,Exchange Traded Fund,unknown,low,unknown,0.0,0,0.0,0,0,,False,
WTM,Financial,Insurance - Property & Casualty,mid,mid,low,0.0,0,0.0,0,0,,False,
WTMF,Financial,Exchange Traded Fund,unknown,low,low,0.0,0,0.0,0,0,,False,
WTMU,Financial,Exchange Traded Fund,unknown,low,low,0.0,0,0.0,0,0,,False,
WTMY,Financial,Exchange Traded Fund,unknown,low,low,0.0,0,0.0,0,0,,False,
WTPI,Financial,Exchange Traded Fund,unknown,low,low,0.0,0,0.0,0,0,,False,
WTRE,Financial,Exchange Traded Fund,unknown,low,mid,0.0,0,0.0,0,0,,False,
WTRG,Utilities,Utilities - Regulated Water,large,mid,low,0.0,0,0.0,0,0,,False,
WTS,Industrials,Specialty Industrial Machinery,large,mid,mid,0.0,0,0.0,0,0,,False,
WTTR,Energy,Oil & Gas Equipment & Services,mid,high,mid,0.0,0,0.0,0,0,,False,
WTV,Financial,Exchange Traded Fund,unknown,low,mid,0.0,0,0.0,0,0,,False,
WTW,Financial,Insurance Brokers,large,mid,low,0.0,0,0.0,0,0,,False,
WU,Financial,Credit Services,mid,mid,low,0.0,0,0.0,0,0,,False,
WUGI,Financial,Exchange Traded Fund,unknown,mid,high,0.0,0,0.0,0,0,,False,
WULF,Financial,Capital Markets,mid,high,high,0.0,0,0.0,0,0,,False,
WULX,Financial,Exchange Traded Fund,unknown,high,unknown,0.0,0,0.0,0,0,,False,
WVE,Healthcare,Biotechnology,small,high,low,0.0,0,0.0,0,0,,False,
WVVI,Consumer Defensive,Beverages - Wineries & Distilleries,micro,high,low,0.0,0,0.0,0,0,,False,
WW,Healthcare,Medical Care Facilities,micro,high,high,0.0,0,0.0,0,0,,False,
WWD,Industrials,Aerospace & Defense,large,mid,mid,0.0,0,0.0,0,0,,False,
WWJD,Financial,Exchange Traded Fund,unknown,low,low,0.0,0,0.0,0,0,,False,
WWR,Basic Materials,Other Industrial Metals & Mining,micro,high,high,0.0,0,0.0,0,0,,False,
WWW,Consumer Cyclical,Footwear & Accessories,small,mid,high,0.0,0,0.0,0,0,,False,
WX,Financial,Exchange Traded Fund,unknown,low,unknown,0.0,0,0.0,0,0,,False,
WXET,Financial,Exchange Traded Fund,unknown,mid,low,0.0,0,0.0,0,0,,False,
WXM,Industrials,Industrial Distribution,micro,high,high,0.0,1,0.0,0,0,,False,
WY,Real Estate,REIT - Specialty,large,mid,mid,0.0,0,0.0,0,0,,False,
WYFI,Technology,Information Technology Services,small,high,high,0.0,0,0.0,0,0,,False,
WYFL,Financial,Exchange Traded Fund,unknown,high,unknown,0.0,0,0.0,0,0,,False,
WYHG,Consumer Defensive,Packaged Foods,micro,high,mid,0.0,1,0.0,0,0,,False,
WYNN,Consumer Cyclical,Resorts & Casinos,large,mid,mid,0.0,0,0.0,0,0,,False,
WYY,Technology,Information Technology Services,micro,high,high,0.0,0,0.0,0,0,,False,
WZRD,Financial,Exchange Traded Fund,unknown,high,low,0.0,0,0.0,0,0,,False,
XA,Financial,Exchange Traded Fund,unknown,mid,unknown,0.0,0,0.0,0,0,,False,
XAGG,Financial,Exchange Traded Fund,unknown,low,unknown,0.0,0,0.0,0,0,,False,
XAGI,Financial,Exchange Traded Fund,unknown,mid,unknown,0.0,0,0.0,0,0,,False,
XAIR,Healthcare,Medical Devices,micro,high,low,0.0,0,0.0,0,0,,False,
XAIX,Financial,Exchange Traded Fund,unknown,mid,high,0.0,0,0.0,0,0,,False,
XAPR,Financial,Exchange Traded Fund,unknown,low,low,0.0,0,0.0,0,0,,False,
XAR,Financial,Exchange Traded Fund,unknown,mid,mid,0.0,0,0.0,0,0,,False,
XAUG,Financial,Exchange Traded Fund,unknown,low,low,0.0,0,0.0,0,0,,False,
XB,Financial,Exchange Traded Fund,unknown,low,low,0.0,0,0.0,0,0,,False,
XBAP,Financial,Exchange Traded Fund,unknown,low,low,0.0,0,0.0,0,0,,False,
XBB,Financial,Exchange Traded Fund,unknown,low,low,0.0,0,0.0,0,0,,False,
XBCI,Financial,Exchange Traded Fund,unknown,mid,unknown,0.0,0,0.0,0,0,,False,
XBFR,Financial,Exchange Traded Fund,unknown,low,unknown,0.0,0,0.0,0,0,,False,
XBI,Financial,Exchange Traded Fund,unknown,mid,mid,0.0,0,0.0,0,0,,False,
XBIL,Financial,Exchange Traded Fund,unknown,low,low,0.0,0,0.0,0,0,,False,
XBIO,Healthcare,Biotechnology,micro,high,high,0.0,0,0.0,0,0,,False,
XBIT,Healthcare,Biotechnology,micro,mid,mid,0.0,0,0.0,0,0,,False,
XBIX,Financial,Exchange Traded Fund,unknown,mid,unknown,0.0,0,0.0,0,0,,False,
XBJA,Financial,Exchange Traded Fund,unknown,low,low,0.0,0,0.0,0,0,,False,
XBJL,Financial,Exchange Traded Fund,unknown,low,low,0.0,0,0.0,0,0,,False,
XBNB,Financial,Exchange Traded Fund,unknown,mid,unknown,0.0,0,0.0,0,0,,False,
XBOC,Financial,Exchange Traded Fund,unknown,low,low,0.0,0,0.0,0,0,,False,
XBOX,Financial,Exchange Traded Fund,unknown,low,unknown,0.0,0,0.0,0,0,,False,
XBP,Technology,Software - Infrastructure,micro,high,low,0.0,0,0.0,0,0,,False,
XBTY,Financial,Exchange Traded Fund,unknown,low,low,0.0,0,0.0,0,0,,False,
XC,Financial,Exchange Traded Fund,unknown,low,low,0.0,0,0.0,0,0,,False,
XCBE,Financial,Shell Companies,micro,low,unknown,0.0,0,0.0,0,0,,False,
XCCC,Financial,Exchange Traded Fund,unknown,low,low,0.0,0,0.0,0,0,,False,
XCEM,Financial,Exchange Traded Fund,unknown,mid,mid,0.0,0,0.0,0,0,,False,
XCH,Industrials,Electrical Equipment & Parts,micro,high,low,0.0,0,0.0,0,0,,False,
XCHG,Financial,Exchange Traded Fund,unknown,low,unknown,0.0,0,0.0,0,0,,False,
XCLR,Financial,Exchange Traded Fund,unknown,low,low,0.0,0,0.0,0,0,,False,
XCNY,Financial,Exchange Traded Fund,unknown,low,low,0.0,0,0.0,0,0,,False,
XCOM,Financial,Exchange Traded Fund,unknown,mid,unknown,0.0,0,0.0,0,0,,False,
XCOR,Financial,Exchange Traded Fund,unknown,low,mid,0.0,0,0.0,0,0,,False,
XCUR,Healthcare,Biotechnology,micro,high,high,0.0,0,0.0,0,0,,False,
XDAT,Financial,Exchange Traded Fund,unknown,low,mid,0.0,0,0.0,0,0,,False,
XDEC,Financial,Exchange Traded Fund,unknown,low,low,0.0,0,0.0,0,0,,False,
XDEF,Financial,Exchange Traded Fund,unknown,low,unknown,0.0,0,0.0,0,0,,False,
XDIV,Financial,Exchange Traded Fund,unknown,low,mid,0.0,0,0.0,0,0,,False,
XDQQ,Financial,Exchange Traded Fund,unknown,low,mid,0.0,0,0.0,0,0,,False,
XDSQ,Financial,Exchange Traded Fund,unknown,low,mid,0.0,0,0.0,0,0,,False,
XDTE,Financial,Exchange Traded Fund,unknown,low,mid,0.0,0,0.0,0,0,,False,
XE,Industrials,Specialty Industrial Machinery,mid,high,unknown,0.0,0,0.0,0,0,,False,
XEL,Utilities,Utilities - Regulated Electric,large,mid,low,0.0,0,0.0,0,0,,False,
XELB,Consumer Cyclical,Apparel Manufacturing,micro,high,mid,0.0,0,0.0,0,0,,False,
XEMD,Financial,Exchange Traded Fund,unknown,low,low,0.0,0,0.0,0,0,,False,
XEML,Financial,Exchange Traded Fund,unknown,low,unknown,0.0,0,0.0,0,0,,False,
XENE,Healthcare,Biotechnology,mid,mid,low,0.0,0,0.0,0,0,,False,
XERS,Healthcare,Drug Manufacturers - Specialty & Generic,small,mid,low,0.0,0,0.0,0,0,,False,
XES,Financial,Exchange Traded Fund,unknown,mid,mid,0.0,0,0.0,0,0,,False,
XEUR,Financial,Exchange Traded Fund,unknown,low,unknown,0.0,0,0.0,0,0,,False,
XEY,Financial,Exchange Traded Fund,unknown,low,unknown,0.0,0,0.0,0,0,,False,
XFEB,Financial,Exchange Traded Fund,unknown,low,low,0.0,0,0.0,0,0,,False,
XFIV,Financial,Exchange Traded Fund,unknown,low,low,0.0,0,0.0,0,0,,False,
XFLH,Financial,Shell Companies,micro,low,unknown,0.0,0,0.0,0,0,,False,
XFLT,Financial,Closed-End Fund - Debt,micro,low,low,0.0,0,0.0,0,0,,False,
XFLX,Financial,Exchange Traded Fund,unknown,low,low,0.0,0,0.0,0,0,,False,
XFOR,Healthcare,Biotechnology,small,high,low,0.0,0,0.0,0,0,,False,
XGN,Healthcare,Diagnostics & Research,micro,high,high,0.0,0,0.0,0,0,,False,
XHB,Financial,Exchange Traded Fund,unknown,mid,mid,0.0,0,0.0,0,0,,False,
XHE,Financial,Exchange Traded Fund,unknown,low,mid,0.0,0,0.0,0,0,,False,
XHG,Financial,Insurance Brokers,micro,mid,low,0.0,1,0.0,0,0,,False,
XHLD,Communication Services,Broadcasting,micro,high,high,0.0,0,0.0,0,0,,False,
XHLF,Financial,Exchange Traded Fund,unknown,low,low,0.0,0,0.0,0,0,,False,
XHOA,Financial,Exchange Traded Fund,unknown,low,unknown,0.0,0,0.0,0,0,,False,
XHR,Real Estate,REIT - Hotel & Motel,small,mid,mid,0.0,0,0.0,0,0,,False,
XHS,Financial,Exchange Traded Fund,unknown,low,mid,0.0,0,0.0,0,0,,False,
XIDE,Financial,Exchange Traded Fund,unknown,low,low,0.0,0,0.0,0,0,,False,
XIDV,Financial,Exchange Traded Fund,unknown,low,low,0.0,0,0.0,0,0,,False,
XIFR,Utilities,Utilities - Renewable,mid,mid,mid,0.0,0,0.0,0,0,,False,
XIGV,Financial,Exchange Traded Fund,unknown,low,unknown,0.0,0,0.0,0,0,,False,
XIIIU,Financial,Shell Companies,small,low,unknown,0.0,0,0.0,0,0,,False,
XIJN,Financial,Exchange Traded Fund,unknown,low,low,0.0,0,0.0,0,0,,False,
XIMR,Financial,Exchange Traded Fund,unknown,low,low,0.0,0,0.0,0,0,,False,
XISE,Financial,Exchange Traded Fund,unknown,low,low,0.0,0,0.0,0,0,,False,
XITK,Financial,Exchange Traded Fund,unknown,mid,high,0.0,0,0.0,0,0,,False,
XIWC,Financial,Exchange Traded Fund,unknown,mid,unknown,0.0,0,0.0,0,0,,False,
XJAN,Financial,Exchange Traded Fund,unknown,low,low,0.0,0,0.0,0,0,,False,
XJH,Financial,Exchange Traded Fund,unknown,low,mid,0.0,0,0.0,0,0,,False,
XJR,Financial,Exchange Traded Fund,unknown,low,mid,0.0,0,0.0,0,0,,False,
XJUL,Financial,Exchange Traded Fund,unknown,low,low,0.0,0,0.0,0,0,,False,
XJUN,Financial,Exchange Traded Fund,unknown,low,low,0.0,0,0.0,0,0,,False,
XKRE,Financial,Exchange Traded Fund,unknown,low,unknown,0.0,0,0.0,0,0,,False,
XLB,Financial,Exchange Traded Fund,unknown,low,mid,0.0,0,0.0,0,0,,False,
XLBI,Financial,Exchange Traded Fund,unknown,low,low,0.0,0,0.0,0,0,,False,
XLBX,Financial,Exchange Traded Fund,unknown,mid,unknown,0.0,0,0.0,0,0,,False,
XLC,Financial,Exchange Traded Fund,unknown,low,mid,0.0,0,0.0,0,0,,False,
XLCI,Financial,Exchange Traded Fund,unknown,low,low,0.0,0,0.0,0,0,,False,
XLE,Financial,Exchange Traded Fund,unknown,mid,low,0.0,0,0.0,0,0,,False,
XLEI,Financial,Exchange Traded Fund,unknown,low,low,0.0,0,0.0,0,0,,False,
XLEX,Financial,Exchange Traded Fund,unknown,mid,unknown,0.0,0,0.0,0,0,,False,
XLF,Financial,Exchange Traded Fund,unknown,low,mid,0.0,0,0.0,0,0,,False,
XLFI,Financial,Exchange Traded Fund,unknown,low,low,0.0,0,0.0,0,0,,False,
XLFX,Financial,Exchange Traded Fund,unknown,low,unknown,0.0,0,0.0,0,0,,False,
XLG,Financial,Exchange Traded Fund,unknown,low,mid,0.0,0,0.0,0,0,,False,
XLI,Financial,Exchange Traded Fund,unknown,low,mid,0.0,0,0.0,0,0,,False,
XLII,Financial,Exchange Traded Fund,unknown,low,low,0.0,0,0.0,0,0,,False,
XLIX,Financial,Exchange Traded Fund,unknown,low,unknown,0.0,0,0.0,0,0,,False,
XLK,Financial,Exchange Traded Fund,unknown,mid,high,0.0,0,0.0,0,0,,False,
XLKI,Financial,Exchange Traded Fund,unknown,mid,mid,0.0,0,0.0,0,0,,False,
XLKX,Financial,Exchange Traded Fund,unknown,mid,unknown,0.0,0,0.0,0,0,,False,
XLO,Healthcare,Biotechnology,micro,mid,low,0.0,0,0.0,0,0,,False,
XLP,Financial,Exchange Traded Fund,unknown,low,low,0.0,0,0.0,0,0,,False,
XLPX,Financial,Exchange Traded Fund,unknown,low,unknown,0.0,0,0.0,0,0,,False,
XLRE,Financial,Exchange Traded Fund,unknown,low,mid,0.0,0,0.0,0,0,,False,
XLRI,Financial,Exchange Traded Fund,unknown,low,low,0.0,0,0.0,0,0,,False,
XLSI,Financial,Exchange Traded Fund,unknown,low,low,0.0,0,0.0,0,0,,False,
XLSR,Financial,Exchange Traded Fund,unknown,low,mid,0.0,0,0.0,0,0,,False,
XLU,Financial,Exchange Traded Fund,unknown,low,low,0.0,0,0.0,0,0,,False,
XLUI,Financial,Exchange Traded Fund,unknown,low,low,0.0,0,0.0,0,0,,False,
XLUX,Financial,Exchange Traded Fund,unknown,low,unknown,0.0,0,0.0,0,0,,False,
XLV,Financial,Exchange Traded Fund,unknown,low,low,0.0,0,0.0,0,0,,False,
XLVI,Financial,Exchange Traded Fund,unknown,low,low,0.0,0,0.0,0,0,,False,
XLVX,Financial,Exchange Traded Fund,unknown,low,unknown,0.0,0,0.0,0,0,,False,
XLY,Financial,Exchange Traded Fund,unknown,low,mid,0.0,0,0.0,0,0,,False,
XLYI,Financial,Exchange Traded Fund,unknown,low,low,0.0,0,0.0,0,0,,False,
XLYX,Financial,Exchange Traded Fund,unknown,mid,unknown,0.0,0,0.0,0,0,,False,
XMAG,Financial,Exchange Traded Fund,unknown,low,mid,0.0,0,0.0,0,0,,False,
XMAR,Financial,Exchange Traded Fund,unknown,low,low,0.0,0,0.0,0,0,,False,
XMAX,Consumer Cyclical,"Furnishings, Fixtures & Appliances",small,mid,mid,0.0,0,0.0,0,0,,False,
XMAY,Financial,Exchange Traded Fund,unknown,low,low,0.0,0,0.0,0,0,,False,
XME,Financial,Exchange Traded Fund,unknown,mid,high,0.0,0,0.0,0,0,,False,
XMHQ,Financial,Exchange Traded Fund,unknown,low,mid,0.0,0,0.0,0,0,,False,
XMLV,Financial,Exchange Traded Fund,unknown,low,low,0.0,0,0.0,0,0,,False,
XMMO,Financial,Exchange Traded Fund,unknown,mid,mid,0.0,0,0.0,0,0,,False,
XMPT,Financial,Exchange Traded Fund,unknown,low,low,0.0,0,0.0,0,0,,False,
XMTR,Industrials,Industrial Distribution,mid,high,high,0.0,0,0.0,0,0,,False,
XMVM,Financial,Exchange Traded Fund,unknown,low,mid,0.0,0,0.0,0,0,,False,
XNAV,Financial,Exchange Traded Fund,unknown,low,mid,0.0,0,0.0,0,0,,False,
XNCR,Healthcare,Biotechnology,small,high,mid,0.0,0,0.0,0,0,,False,
XNDU,Technology,Software - Infrastructure,mid,high,high,0.0,0,0.0,0,0,,False,
XNDX,Financial,Exchange Traded Fund,unknown,high,unknown,0.0,0,0.0,0,0,,False,
XNET,Technology,Software - Infrastructure,small,high,mid,0.0,1,0.0,0,0,,False,
XNOV,Financial,Exchange Traded Fund,unknown,low,low,0.0,0,0.0,0,0,,False,
XNTK,Financial,Exchange Traded Fund,unknown,mid,high,0.0,0,0.0,0,0,,False,
XOCT,Financial,Exchange Traded Fund,unknown,low,low,0.0,0,0.0,0,0,,False,
XOEF,Financial,Exchange Traded Fund,unknown,low,low,0.0,0,0.0,0,0,,False,
XOEX,Financial,Exchange Traded Fund,unknown,low,mid,0.0,0,0.0,0,0,,False,
XOM,Energy,Oil & Gas Integrated,mega,mid,low,0.0,0,0.0,0,0,,False,
XOMO,Financial,Exchange Traded Fund,unknown,low,low,0.0,0,0.0,0,0,,False,
XOMX,Financial,Exchange Traded Fund,unknown,mid,low,0.0,0,0.0,0,0,,False,
XONE,Financial,Exchange Traded Fund,unknown,low,low,0.0,0,0.0,0,0,,False,
XOP,Financial,Exchange Traded Fund,unknown,mid,low,0.0,0,0.0,0,0,,False,
XOS,Industrials,Farm & Heavy Construction Machinery,micro,high,high,0.0,0,0.0,0,0,,False,
XOVL,Financial,Exchange Traded Fund,unknown,mid,unknown,0.0,0,0.0,0,0,,False,
XOVR,Financial,Exchange Traded Fund,unknown,mid,high,0.0,0,0.0,0,0,,False,
XP,Financial,Capital Markets,mid,mid,mid,0.0,0,0.0,0,0,,False,
XPAV,Financial,Exchange Traded Fund,unknown,low,unknown,0.0,0,0.0,0,0,,False,
XPAY,Financial,Exchange Traded Fund,unknown,low,mid,0.0,0,0.0,0,0,,False,
XPEG,Financial,Exchange Traded Fund,unknown,high,unknown,0.0,0,0.0,0,0,,False,
XPEL,Consumer Cyclical,Auto Parts,small,mid,mid,0.0,0,0.0,0,0,,False,
XPER,Technology,Software - Application,small,high,mid,0.0,0,0.0,0,0,,False,
XPEV,Consumer Cyclical,Auto Manufacturers,mid,mid,mid,0.0,1,0.0,0,0,,False,
XPH,Financial,Exchange Traded Fund,unknown,low,low,0.0,0,0.0,0,0,,False,
XPL,Basic Materials,Other Industrial Metals & Mining,micro,mid,low,0.0,0,0.0,0,0,,False,
XPND,Financial,Exchange Traded Fund,unknown,low,mid,0.0,0,0.0,0,0,,False,
XPO,Industrials,Trucking,large,mid,high,0.0,0,0.0,0,0,,False,
XPOF,Consumer Cyclical,Leisure,micro,high,mid,0.0,0,0.0,0,0,,False,
XPON,Industrials,Electrical Equipment & Parts,micro,high,low,0.0,0,0.0,0,0,,False,
XPP,Financial,Exchange Traded Fund,unknown,mid,low,0.0,0,0.0,0,0,,False,
XPRO,Energy,Oil & Gas Equipment & Services,mid,mid,mid,0.0,0,0.0,0,0,,False,
XQQI,Financial,Exchange Traded Fund,unknown,mid,unknown,0.0,0,0.0,0,0,,False,
XQTM,Financial,Exchange Traded Fund,unknown,high,unknown,0.0,0,0.0,0,0,,False,
XRAY,Healthcare,Medical Instruments & Supplies,mid,high,mid,0.0,0,0.0,0,0,,False,
XRLX,Financial,Exchange Traded Fund,unknown,low,low,0.0,0,0.0,0,0,,False,
XRMI,Financial,Exchange Traded Fund,unknown,low,low,0.0,0,0.0,0,0,,False,
XRN,Real Estate,REIT - Healthcare Facilities,small,mid,mid,0.0,0,0.0,0,0,,False,
XRP,Financial,Exchange Traded Fund,unknown,mid,unknown,0.0,0,0.0,0,0,,False,
XRPC,Financial,Exchange Traded Fund,unknown,mid,unknown,0.0,0,0.0,0,0,,False,
XRPI,Financial,Exchange Traded Fund,unknown,mid,mid,0.0,0,0.0,0,0,,False,
XRPM,Financial,Exchange Traded Fund,unknown,mid,unknown,0.0,0,0.0,0,0,,False,
XRPN,Financial,Shell Companies,small,low,low,0.0,0,0.0,0,0,,False,
XRPR,Financial,Exchange Traded Fund,unknown,mid,unknown,0.0,0,0.0,0,0,,False,
XRPT,Financial,Exchange Traded Fund,unknown,high,high,0.0,0,0.0,0,0,,False,
XRPZ,Financial,Exchange Traded Fund,unknown,mid,unknown,0.0,0,0.0,0,0,,False,
XRT,Financial,Exchange Traded Fund,unknown,low,mid,0.0,0,0.0,0,0,,False,
XRTX,Healthcare,Biotechnology,micro,high,low,0.0,0,0.0,0,0,,False,
XRX,Industrials,Business Equipment & Supplies,small,high,high,0.0,0,0.0,0,0,,False,
XSD,Financial,Exchange Traded Fund,unknown,mid,high,0.0,0,0.0,0,0,,False,
XSEM,Financial,Exchange Traded Fund,unknown,high,unknown,0.0,0,0.0,0,0,,False,
XSEP,Financial,Exchange Traded Fund,unknown,low,low,0.0,0,0.0,0,0,,False,
XSHD,Financial,Exchange Traded Fund,unknown,low,mid,0.0,0,0.0,0,0,,False,
XSHP,Financial,Exchange Traded Fund,unknown,high,unknown,0.0,0,0.0,0,0,,False,
XSHQ,Financial,Exchange Traded Fund,unknown,low,mid,0.0,0,0.0,0,0,,False,
XSLL,Financial,Shell Companies,micro,low,unknown,0.0,0,0.0,0,0,,False,
XSLV,Financial,Exchange Traded Fund,unknown,low,low,0.0,0,0.0,0,0,,False,
XSMO,Financial,Exchange Traded Fund,unknown,low,mid,0.0,0,0.0,0,0,,False,
XSOE,Financial,Exchange Traded Fund,unknown,low,mid,0.0,0,0.0,0,0,,False,
XSPC,Financial,Exchange Traded Fund,unknown,mid,unknown,0.0,0,0.0,0,0,,False,
XSPI,Financial,Exchange Traded Fund,unknown,low,unknown,0.0,0,0.0,0,0,,False,
XSVM,Financial,Exchange Traded Fund,unknown,low,mid,0.0,0,0.0,0,0,,False,
XSVN,Financial,Exchange Traded Fund,unknown,low,low,0.0,0,0.0,0,0,,False,
XSW,Financial,Exchange Traded Fund,unknown,mid,mid,0.0,0,0.0,0,0,,False,
XT,Financial,Exchange Traded Fund,unknown,low,mid,0.0,0,0.0,0,0,,False,
XTAI,Financial,Exchange Traded Fund,unknown,mid,unknown,0.0,0,0.0,0,0,,False,
XTAP,Financial,Exchange Traded Fund,unknown,low,low,0.0,0,0.0,0,0,,False,
XTEN,Financial,Exchange Traded Fund,unknown,low,low,0.0,0,0.0,0,0,,False,
XTIA,Industrials,Aerospace & Defense,micro,mid,low,0.0,0,0.0,0,0,,False,
XTJA,Financial,Exchange Traded Fund,unknown,low,mid,0.0,0,0.0,0,0,,False,
XTJL,Financial,Exchange Traded Fund,unknown,low,low,0.0,0,0.0,0,0,,False,
XTL,Financial,Exchange Traded Fund,unknown,mid,mid,0.0,0,0.0,0,0,,False,
XTLB,Healthcare,Biotechnology,micro,high,high,0.0,0,0.0,0,0,,False,
XTN,Financial,Exchange Traded Fund,unknown,low,high,0.0,0,0.0,0,0,,False,
XTNT,Healthcare,Medical Devices,micro,high,low,0.0,0,0.0,0,0,,False,
XTOC,Financial,Exchange Traded Fund,unknown,low,low,0.0,0,0.0,0,0,,False,
XTR,Financial,Exchange Traded Fund,unknown,low,mid,0.0,0,0.0,0,0,,False,
XTRE,Financial,Exchange Traded Fund,unknown,low,low,0.0,0,0.0,0,0,,False,
XTWO,Financial,Exchange Traded Fund,unknown,low,low,0.0,0,0.0,0,0,,False,
XTWY,Financial,Exchange Traded Fund,unknown,low,low,0.0,0,0.0,0,0,,False,
XUDV,Financial,Exchange Traded Fund,unknown,low,low,0.0,0,0.0,0,0,,False,
XUSP,Financial,Exchange Traded Fund,unknown,low,mid,0.0,0,0.0,0,0,,False,
XV,Financial,Exchange Traded Fund,unknown,low,low,0.0,0,0.0,0,0,,False,
XVO,Financial,Exchange Traded Fund,unknown,low,unknown,0.0,0,0.0,0,0,,False,
XVUG,Financial,Exchange Traded Fund,unknown,low,unknown,0.0,0,0.0,0,0,,False,
XVV,Financial,Exchange Traded Fund,unknown,low,mid,0.0,0,0.0,0,0,,False,
XW,Financial,Exchange Traded Fund,unknown,low,unknown,0.0,0,0.0,0,0,,False,
XWEL,Healthcare,Diagnostics & Research,micro,high,mid,0.0,0,0.0,0,0,,False,
XXI,Consumer Defensive,Education & Training Services,mid,high,low,0.0,0,0.0,0,0,,False,
XXII,Consumer Defensive,Tobacco,micro,high,low,0.0,0,0.0,0,0,,False,
XXRP,Financial,Exchange Traded Fund,unknown,high,high,0.0,0,0.0,0,0,,False,
XXV,Financial,Exchange Traded Fund,unknown,low,unknown,0.0,0,0.0,0,0,,False,
XXX,Financial,Exchange Traded Fund,unknown,low,unknown,0.0,0,0.0,0,0,,False,
XYF,Financial,Credit Services,micro,mid,low,0.0,1,0.0,0,0,,False,
XYL,Industrials,Specialty Industrial Machinery,large,mid,mid,0.0,0,0.0,0,0,,False,
XYLD,Financial,Exchange Traded Fund,unknown,low,low,0.0,0,0.0,0,0,,False,
XYLG,Financial,Exchange Traded Fund,unknown,low,mid,0.0,0,0.0,0,0,,False,
XYZ,Technology,Software - Infrastructure,large,mid,high,0.0,0,0.0,0,0,,False,
XYZG,Financial,Exchange Traded Fund,unknown,high,high,0.0,0,0.0,0,0,,False,
XYZY,Financial,Exchange Traded Fund,unknown,mid,high,0.0,0,0.0,0,0,,False,
XZO,Financial,Insurance - Diversified,small,high,unknown,0.0,0,0.0,0,0,,False,
YAAS,Technology,Software - Application,micro,high,high,0.0,1,0.0,0,0,,False,
YALA,Technology,Software - Application,small,mid,low,0.0,0,0.0,0,0,,False,
YALL,Financial,Exchange Traded Fund,unknown,low,mid,0.0,0,0.0,0,0,,False,
YANG,Financial,Exchange Traded Fund,unknown,mid,low,0.0,0,0.0,0,0,,False,
YARW,Healthcare,Biotechnology,micro,high,high,0.0,0,0.0,0,0,,False,
YB,Technology,Software - Application,small,mid,low,0.0,1,0.0,0,0,,False,
YBIT,Financial,Exchange Traded Fund,unknown,low,mid,0.0,0,0.0,0,0,,False,
YBMN,Financial,Exchange Traded Fund,unknown,mid,unknown,0.0,0,0.0,0,0,,False,
YBST,Financial,Exchange Traded Fund,unknown,low,unknown,0.0,0,0.0,0,0,,False,
YBTC,Financial,Exchange Traded Fund,unknown,mid,mid,0.0,0,0.0,0,0,,False,
YBTY,Financial,Exchange Traded Fund,unknown,low,unknown,0.0,0,0.0,0,0,,False,
YCBD,Healthcare,Drug Manufacturers - Specialty & Generic,micro,high,high,0.0,0,0.0,0,0,,False,
YCL,Financial,Exchange Traded Fund,unknown,low,low,0.0,0,0.0,0,0,,False,
YCLO,Financial,Exchange Traded Fund,unknown,low,unknown,0.0,0,0.0,0,0,,False,
YCS,Financial,Exchange Traded Fund,unknown,low,low,0.0,0,0.0,0,0,,False,
YCY,Financial,Shell Companies,micro,low,unknown,0.0,0,0.0,0,0,,False,
YDDL,Industrials,Waste Management,micro,high,unknown,0.0,0,0.0,0,0,,False,
YDEC,Financial,Exchange Traded Fund,unknown,low,low,0.0,0,0.0,0,0,,False,
YDES,Healthcare,Biotechnology,micro,high,low,0.0,0,0.0,0,0,,False,
YDKG,Communication Services,Advertising Agencies,micro,high,high,0.0,1,0.0,0,0,,False,
YEAR,Financial,Exchange Traded Fund,unknown,low,low,0.0,0,0.0,0,0,,False,
YELP,Communication Services,Internet Content & Information,small,high,low,0.0,0,0.0,0,0,,False,
YETH,Financial,Exchange Traded Fund,unknown,mid,mid,0.0,0,0.0,0,0,,False,
YETI,Consumer Cyclical,Leisure,mid,mid,high,0.0,0,0.0,0,0,,False,
YEXT,Technology,Software - Infrastructure,small,mid,mid,0.0,0,0.0,0,0,,False,
YFFI,Financial,Exchange Traded Fund,unknown,low,low,0.0,0,0.0,0,0,,False,
YFYA,Financial,Exchange Traded Fund,unknown,low,low,0.0,0,0.0,0,0,,False,
YGLD,Financial,Exchange Traded Fund,unknown,mid,low,0.0,0,0.0,0,0,,False,
YHC,Consumer Defensive,Beverages - Wineries & Distilleries,micro,high,high,0.0,0,0.0,0,0,,False,
YHGJ,Consumer Cyclical,Packaging & Containers,micro,high,low,0.0,0,0.0,0,0,,False,
YHNA,Financial,Shell Companies,micro,low,low,0.0,0,0.0,0,0,,False,
YI,Healthcare,Medical Distribution,micro,high,low,0.0,1,0.0,0,0,,False,
YIBO,Technology,Computer Hardware,micro,high,high,0.0,1,0.0,0,0,,False,
YICC,Financial,Shell Companies,small,low,unknown,0.0,0,0.0,0,0,,False,
YINN,Financial,Exchange Traded Fund,unknown,mid,mid,0.0,0,0.0,0,0,,False,
YJ,Consumer Cyclical,Internet Retail,micro,high,low,0.0,1,0.0,0,0,,False,
YJUN,Financial,Exchange Traded Fund,unknown,low,low,0.0,0,0.0,0,0,,False,
YLD,Financial,Exchange Traded Fund,unknown,low,low,0.0,0,0.0,0,0,,False,
YLDE,Financial,Exchange Traded Fund,unknown,low,low,0.0,0,0.0,0,0,,False,
YLDW,Financial,Exchange Traded Fund,unknown,low,unknown,0.0,0,0.0,0,0,,False,
YLDY,Financial,Exchange Traded Fund,unknown,unknown,unknown,0.0,0,0.0,0,0,,False,
YMAG,Financial,Exchange Traded Fund,unknown,low,mid,0.0,0,0.0,0,0,,False,
YMAR,Financial,Exchange Traded Fund,unknown,low,low,0.0,0,0.0,0,0,,False,
YMAT,Basic Materials,Specialty Chemicals,micro,high,high,0.0,0,0.0,0,0,,False,
YMAX,Financial,Exchange Traded Fund,unknown,low,high,0.0,0,0.0,0,0,,False,
YMM,Technology,Software - Application,mid,mid,low,0.0,1,0.0,0,0,,False,
YMT,Technology,Software - Application,micro,high,high,0.0,1,0.0,0,0,,False,
YNOT,Financial,Exchange Traded Fund,unknown,mid,high,0.0,0,0.0,0,0,,False,
YOKE,Financial,Exchange Traded Fund,unknown,low,mid,0.0,0,0.0,0,0,,False,
YOLO,Financial,Exchange Traded Fund,unknown,high,mid,0.0,0,0.0,0,0,,False,
YORW,Utilities,Utilities - Regulated Water,small,mid,low,0.0,0,0.0,0,0,,False,
YOU,Technology,Software - Application,mid,high,mid,0.0,0,0.0,0,0,,False,
YOUL,Consumer Defensive,Education & Training Services,micro,high,high,0.0,1,0.0,0,0,,False,
YPF,Energy,Oil & Gas Integrated,large,mid,mid,0.0,0,0.0,0,0,,False,
YQ,Consumer Defensive,Education & Training Services,micro,high,mid,0.0,1,0.0,0,0,,False,
YQQQ,Financial,Exchange Traded Fund,unknown,low,low,0.0,0,0.0,0,0,,False,
YRD,Financial,Credit Services,micro,high,mid,0.0,1,0.0,0,0,,False,
YSAG,Financial,Exchange Traded Fund,unknown,mid,unknown,0.0,0,0.0,0,0,,False,
YSAU,Financial,Exchange Traded Fund,unknown,low,unknown,0.0,0,0.0,0,0,,False,
YSEP,Financial,Exchange Traded Fund,unknown,low,low,0.0,0,0.0,0,0,,False,
YSG,Consumer Defensive,Household & Personal Products,micro,high,low,0.0,1,0.0,0,0,,False,
YSPC,Financial,Exchange Traded Fund,unknown,high,unknown,0.0,0,0.0,0,0,,False,
YSPY,Financial,Exchange Traded Fund,unknown,low,mid,0.0,0,0.0,0,0,,False,
YSS,Industrials,Aerospace & Defense,small,high,unknown,0.0,0,0.0,0,0,,False,
YSWY,Consumer Defensive,Grocery Stores,small,high,unknown,0.0,0,0.0,0,0,,False,
YSXT,Industrials,Specialty Business Services,micro,high,low,0.0,1,0.0,0,0,,False,
YTRA,Consumer Cyclical,Travel Services,micro,high,low,0.0,0,0.0,0,0,,False,
YUM,Consumer Cyclical,Restaurants,large,mid,low,0.0,0,0.0,0,0,,False,
YUMC,Consumer Cyclical,Restaurants,large,mid,low,0.0,1,0.0,0,0,,False,
YUNG,Financial,Exchange Traded Fund,unknown,low,unknown,0.0,0,0.0,0,0,,False,
YXI,Financial,Exchange Traded Fund,unknown,low,low,0.0,0,0.0,0,0,,False,
YXT,Technology,Software - Application,micro,high,high,0.0,1,0.0,0,0,,False,
YYAI,Technology,Software - Infrastructure,micro,high,low,0.0,0,0.0,0,0,,False,
YYGH,Industrials,Specialty Business Services,micro,high,high,0.0,0,0.0,0,0,,False,
YYY,Financial,Exchange Traded Fund,unknown,low,low,0.0,0,0.0,0,0,,False,
YYYM,Financial,Exchange Traded Fund,unknown,low,unknown,0.0,0,0.0,0,0,,False,
Z,Communication Services,Internet Content & Information,mid,high,high,0.0,0,0.0,0,0,,False,
ZALT,Financial,Exchange Traded Fund,unknown,low,low,0.0,0,0.0,0,0,,False,
ZAP,Financial,Exchange Traded Fund,unknown,low,low,0.0,0,0.0,0,0,,False,
ZAPR,Financial,Exchange Traded Fund,unknown,low,low,0.0,0,0.0,0,0,,False,
ZAUG,Financial,Exchange Traded Fund,unknown,low,low,0.0,0,0.0,0,0,,False,
ZBAO,Financial,Insurance Brokers,micro,high,high,0.0,1,0.0,0,0,,False,
ZBH,Healthcare,Medical Devices,large,mid,low,0.0,0,0.0,0,0,,False,
ZBIO,Healthcare,Biotechnology,small,high,low,0.0,0,0.0,0,0,,False,
ZBRA,Technology,Communication Equipment,large,mid,high,0.0,0,0.0,0,0,,False,
ZCBA,Financial,Exchange Traded Fund,unknown,low,unknown,0.0,0,0.0,0,0,,False,
ZCBB,Financial,Exchange Traded Fund,unknown,low,unknown,0.0,0,0.0,0,0,,False,
ZCBC,Financial,Exchange Traded Fund,unknown,low,unknown,0.0,0,0.0,0,0,,False,
ZCBE,Financial,Exchange Traded Fund,unknown,low,unknown,0.0,0,0.0,0,0,,False,
ZCBF,Financial,Exchange Traded Fund,unknown,low,unknown,0.0,0,0.0,0,0,,False,
ZCBG,Financial,Exchange Traded Fund,unknown,low,unknown,0.0,0,0.0,0,0,,False,
ZCMD,Healthcare,Health Information Services,micro,high,low,0.0,1,0.0,0,0,,False,
ZD,Communication Services,Advertising Agencies,small,mid,mid,0.0,0,0.0,0,0,,False,
ZDAI,Industrials,Engineering & Construction,micro,high,high,0.0,0,0.0,0,0,,False,
ZDEK,Financial,Exchange Traded Fund,unknown,low,low,0.0,0,0.0,0,0,,False,
ZDGE,Communication Services,Internet Content & Information,micro,mid,mid,0.0,0,0.0,0,0,,False,
ZECP,Financial,Exchange Traded Fund,unknown,low,mid,0.0,0,0.0,0,0,,False,
ZENA,Technology,Software - Infrastructure,micro,high,high,0.0,0,0.0,0,0,,False,
ZEO,Technology,Solar,micro,high,low,0.0,0,0.0,0,0,,False,
ZEPP,Technology,Consumer Electronics,micro,high,high,0.0,0,0.0,0,0,,False,
ZETA,Technology,Software - Infrastructure,mid,high,high,0.0,0,0.0,0,0,,False,
ZETX,Financial,Exchange Traded Fund,unknown,high,unknown,0.0,0,0.0,0,0,,False,
ZFEB,Financial,Exchange Traded Fund,unknown,low,low,0.0,0,0.0,0,0,,False,
ZG,Communication Services,Internet Content & Information,mid,high,high,0.0,0,0.0,0,0,,False,
ZGN,Consumer Cyclical,Apparel Manufacturing,mid,mid,mid,0.0,0,0.0,0,0,,False,
ZH,Communication Services,Internet Content & Information,micro,mid,low,0.0,1,0.0,0,0,,False,
ZHDG,Financial,Exchange Traded Fund,unknown,low,mid,0.0,0,0.0,0,0,,False,
ZHOG,Financial,Exchange Traded Fund,unknown,low,low,0.0,0,0.0,0,0,,False,
ZIG,Financial,Exchange Traded Fund,unknown,low,mid,0.0,0,0.0,0,0,,False,
ZIM,Industrials,Marine Shipping,mid,mid,mid,0.0,0,0.0,0,0,,False,
ZINC,Financial,Exchange Traded Fund,unknown,low,unknown,0.0,0,0.0,0,0,,False,
ZION,Financial,Banks - Regional,large,low,low,0.0,0,0.0,0,0,,False,
ZIP,Communication Services,Internet Content & Information,small,high,high,0.0,0,0.0,0,0,,False,
ZJAN,Financial,Exchange Traded Fund,unknown,low,low,0.0,0,0.0,0,0,,False,
ZJK,Industrials,Specialty Industrial Machinery,micro,high,high,0.0,1,0.0,0,0,,False,
ZJUL,Financial,Exchange Traded Fund,unknown,low,low,0.0,0,0.0,0,0,,False,
ZJUN,Financial,Exchange Traded Fund,unknown,low,low,0.0,0,0.0,0,0,,False,
ZJYL,Healthcare,Medical Instruments & Supplies,micro,high,high,0.0,1,0.0,0,0,,False,
ZKH,Consumer Cyclical,Internet Retail,small,high,low,0.0,1,0.0,0,0,,False,
ZKIN,Basic Materials,Steel,micro,high,high,0.0,1,0.0,0,0,,False,
ZKP,Financial,Shell Companies,small,low,unknown,0.0,0,0.0,0,0,,False,
ZLAB,Healthcare,Biotechnology,mid,mid,mid,0.0,1,0.0,0,0,,False,
ZM,Technology,Software - Application,large,mid,mid,0.0,0,0.0,0,0,,False,
ZMAR,Financial,Exchange Traded Fund,unknown,low,low,0.0,0,0.0,0,0,,False,
ZMAY,Financial,Exchange Traded Fund,unknown,low,low,0.0,0,0.0,0,0,,False,
ZMUN,Financial,Exchange Traded Fund,unknown,low,unknown,0.0,0,0.0,0,0,,False,
ZNB,Communication Services,Entertainment,micro,high,high,0.0,0,0.0,0,0,,False,
ZNOV,Financial,Exchange Traded Fund,unknown,low,low,0.0,0,0.0,0,0,,False,
ZNTL,Healthcare,Biotechnology,small,high,high,0.0,0,0.0,0,0,,False,
ZOCT,Financial,Exchange Traded Fund,unknown,low,low,0.0,0,0.0,0,0,,False,
ZONE,Industrials,Pollution & Treatment Controls,micro,high,high,0.0,0,0.0,0,0,,False,
ZOOZ,Industrials,Electrical Equipment & Parts,micro,high,low,0.0,0,0.0,0,0,,False,
ZROZ,Financial,Exchange Traded Fund,unknown,low,low,0.0,0,0.0,0,0,,False,
ZS,Technology,Software - Infrastructure,large,mid,mid,0.0,0,0.0,0,0,,False,
ZSB,Financial,Exchange Traded Fund,unknown,low,low,0.0,0,0.0,0,0,,False,
ZSC,Financial,Exchange Traded Fund,unknown,low,low,0.0,0,0.0,0,0,,False,
ZSEP,Financial,Exchange Traded Fund,unknown,low,low,0.0,0,0.0,0,0,,False,
ZSL,Financial,Exchange Traded Fund,unknown,high,low,0.0,0,0.0,0,0,,False,
ZSQR,Technology,Software - Infrastructure,micro,high,low,0.0,0,0.0,0,0,,False,
ZSTK,Financial,Asset Management,micro,high,high,0.0,0,0.0,0,0,,False,
ZTAX,Financial,Exchange Traded Fund,unknown,low,low,0.0,0,0.0,0,0,,False,
ZTEK,Healthcare,Medical Instruments & Supplies,micro,high,low,0.0,0,0.0,0,0,,False,
ZTEN,Financial,Exchange Traded Fund,unknown,low,low,0.0,0,0.0,0,0,,False,
ZTG,Industrials,Consulting Services,unknown,high,unknown,0.0,0,0.0,0,0,,False,
ZTO,Industrials,Integrated Freight & Logistics,large,mid,low,0.0,1,0.0,0,0,,False,
ZTOP,Financial,Exchange Traded Fund,unknown,low,low,0.0,0,0.0,0,0,,False,
ZTR,Financial,Closed-End Fund - Equity,small,low,mid,0.0,0,0.0,0,0,,False,
ZTRE,Financial,Exchange Traded Fund,unknown,low,low,0.0,0,0.0,0,0,,False,
ZTS,Healthcare,Drug Manufacturers - Specialty & Generic,large,mid,low,0.0,0,0.0,0,0,,False,
ZTWO,Financial,Exchange Traded Fund,unknown,low,low,0.0,0,0.0,0,0,,False,
ZUMZ,Consumer Cyclical,Apparel Retail,small,mid,mid,0.0,0,0.0,0,0,,False,
ZURA,Healthcare,Biotechnology,small,high,low,0.0,0,0.0,0,0,,False,
ZVIA,Consumer Defensive,Beverages - Non-Alcoholic,micro,high,mid,0.0,0,0.0,0,0,,False,
ZVOL,Financial,Exchange Traded Fund,unknown,low,mid,0.0,0,0.0,0,0,,False,
ZVRA,Healthcare,Biotechnology,small,high,mid,0.0,0,0.0,0,0,,False,
ZWS,Industrials,Pollution & Treatment Controls,mid,mid,mid,0.0,0,0.0,0,0,,False,
ZYBT,Healthcare,Drug Manufacturers - Specialty & Generic,micro,high,low,0.0,1,0.0,0,0,,False,
ZYME,Healthcare,Biotechnology,small,mid,mid,0.0,0,0.0,0,0,,False,
