Ticker,n_peers,n_peers_present,perf_week,perf_month,perf_quarter,change,peer_med_week,peer_med_month,rs_week,rs_month,rs_quarter,beat_week_pct,peers,peers_used
A,8,8,6.49,19.12,39.73,2.22,3.85,17.174999999999997,2.64,1.9450000000000038,9.209999999999997,0.75,ABT|BIO|DHR|IDXX|IQV|MTD|TMO|WAT,ABT|BIO|DHR|IDXX|IQV|MTD|TMO|WAT
AA,10,9,0.48,7.92,-22.32,-3.23,-6.9,3.79,7.380000000000001,4.13,-21.3,0.5555555555555556,BTU|CENX|CLF|FCX|KALU|NUE|RIO|STLD|VALE|X,BTU|CENX|CLF|FCX|KALU|NUE|RIO|STLD|VALE
AACB,0,0,0.57,0.76,1.44,0.0,,,,,,,,
AACG,10,10,-14.41,4.4,-18.8,-4.72,-1.245,3.1,-13.165,1.3000000000000003,-13.235000000000001,0.0,CHGG|COUR|EDU|GOTU|HOFT|LRN|NRDY|PRDO|TAL|UTI,CHGG|COUR|EDU|GOTU|HOFT|LRN|NRDY|PRDO|TAL|UTI
AAL,10,8,-10.63,-9.0,3.93,-2.89,-10.725,-7.64,0.09499999999999886,-1.3600000000000003,2.7800000000000002,0.5,ALGT|ALK|ATSG|DAL|JBLU|LUV|MESA|RYAAY|SKYW|UAL,ALGT|ALK|DAL|JBLU|LUV|RYAAY|SKYW|UAL
AAME,10,10,-2.11,-12.03,-38.49,0.72,-1.8199999999999998,1.775,-0.29000000000000004,-13.805,-50.92,0.5,AFG|AFL|AIZ|ALL|CB|CINF|LNC|MET|PRU|TRV,AFG|AFL|AIZ|ALL|CB|CINF|LNC|MET|PRU|TRV
AAMI,10,9,-2.15,10.73,28.17,0.13,-2.82,10.16,0.6699999999999999,0.5700000000000003,17.21,0.6666666666666666,APO|BEN|BLK|BX|CG|HLNE|IVZ|JHG|KKR|TROW,APO|BEN|BLK|BX|CG|HLNE|IVZ|KKR|TROW
AAOI,9,9,-3.41,13.69,-23.97,2.85,-9.56,-0.58,6.15,14.27,0.9100000000000001,0.5555555555555556,AMKR|CIEN|FN|IPGP|LITE|NOK|OFS|VIAV|WKHS,AMKR|CIEN|FN|IPGP|LITE|NOK|OFS|VIAV|WKHS
AAON,10,10,-9.1,-25.64,-40.42,-1.6,-4.48,-4.3,-4.619999999999999,-21.34,-43.230000000000004,0.0,CARR|GD|HON|IR|JCI|LECO|LII|TT|WHR|WNC,CARR|GD|HON|IR|JCI|LECO|LII|TT|WHR|WNC
AAP,10,10,-26.21,-23.72,-17.4,-24.65,-1.1949999999999998,0.675,-25.015,-24.395,-30.105,0.0,ABG|AN|AZO|GPC|KMX|LAD|MNRO|ORLY|PAG|SAH,ABG|AN|AZO|GPC|KMX|LAD|MNRO|ORLY|PAG|SAH
AAPG,0,0,-8.68,-9.8,-12.29,-3.77,,,,,,,,
AAPL,10,10,3.56,-3.0,4.59,-0.21,-2.6,9.645,6.16,-12.645,3.695,1.0,AMZN|DELL|GOOGL|HPQ|IBM|META|MSFT|NFLX|NVDA|SONY,AMZN|DELL|GOOGL|HPQ|IBM|META|MSFT|NFLX|NVDA|SONY
AARD,0,0,-6.55,-7.56,39.63,-11.26,,,,,,,,
AAT,10,8,-0.65,-6.02,4.83,0.04,-0.11,-3.785,-0.54,-2.2349999999999994,-0.5600000000000005,0.125,BXP|EQC|FRT|HPP|HR|KIM|PDM|REG|ROIC|SPG,BXP|FRT|HPP|HR|KIM|PDM|REG|SPG
AAUC,0,0,0.13,5.67,-13.18,-1.38,,,,,,,,
AB,10,8,-1.24,-3.23,-6.56,-0.26,-2.23,4.12,0.99,-7.35,-17.83,0.75,AMP|BEN|BK|BLBD|BLK|IVZ|JHG|NTRS|STT|TROW,AMP|BEN|BLBD|BLK|IVZ|NTRS|STT|TROW
ABAT,10,9,-6.77,-4.1,-23.28,-2.51,1.25,0.37,-8.02,-4.47,-2.8000000000000007,0.2222222222222222,ALB|AQMS|CBAT|LAC|MP|NMG|PLL|SQM|TSLA|XPEV,ALB|AQMS|CBAT|LAC|MP|NMG|SQM|TSLA|XPEV
ABBV,10,10,5.88,4.84,25.09,-0.18,4.720000000000001,12.719999999999999,1.1599999999999993,-7.879999999999999,3.285,0.8,AMGN|BIIB|BMY|GILD|JNJ|LLY|MRK|PFE|REGN|VRTX,AMGN|BIIB|BMY|GILD|JNJ|LLY|MRK|PFE|REGN|VRTX
ABCB,10,10,-3.54,-4.05,1.71,-0.63,-4.9399999999999995,-2.115,1.3999999999999995,-1.9349999999999996,-2.4400000000000004,0.8,BKU|COLB|FFIN|FHN|GBCI|HBNC|LKFN|PNFP|SFBS|TRMK,BKU|COLB|FFIN|FHN|GBCI|HBNC|LKFN|PNFP|SFBS|TRMK
ABCL,10,10,5.97,102.88,154.38,-3.21,6.35,13.969999999999999,-0.3799999999999999,88.91,128.905,0.4,ALNY|AMGN|BNTX|EXEL|INCY|IONS|MRNA|NVAX|REGN|VRTX,ALNY|AMGN|BNTX|EXEL|INCY|IONS|MRNA|NVAX|REGN|VRTX
ABEO,10,7,-4.89,-6.0,13.44,-1.55,0.97,13.97,-5.859999999999999,-19.97,4.0,0.0,ADVM|BLUE|BMRN|CLGN|FATE|NTLA|QURE|SGMO|SRPT|VYGR,BMRN|CLGN|FATE|NTLA|QURE|SRPT|VYGR
ABEV,10,10,-2.29,-11.62,-14.09,-1.07,1.3199999999999998,5.175,-3.61,-16.794999999999998,-17.105,0.1,BF-B|BUD|CCU|DEO|KDP|KO|PEP|SAM|STZ|TAP,BF-B|BUD|CCU|DEO|KDP|KO|PEP|SAM|STZ|TAP
ABG,10,10,1.46,-4.35,16.85,0.14,-2.615,2.085,4.075,-6.435,8.775000000000002,0.9,AN|CRMT|CVNA|GPI|KMX|LAD|PAG|RUSHA|SAH|VRM,AN|CRMT|CVNA|GPI|KMX|LAD|PAG|RUSHA|SAH|VRM
ABLV,10,10,38.49,2.42,-8.41,2.15,-2.875,22.48,41.365,-20.060000000000002,-24.919999999999998,1.0,ADBE|CRM|HUBS|MGNI|NOW|ORCL|PERI|PUBM|RPD|TTD,ADBE|CRM|HUBS|MGNI|NOW|ORCL|PERI|PUBM|RPD|TTD
ABM,10,10,-2.37,-0.06,18.79,-0.51,-0.69,3.645,-1.6800000000000002,-3.705,3.174999999999999,0.4,ALLE|CBZ|CLH|CTAS|HON|IQV|MMM|ROL|SERV|TDY,ALLE|CBZ|CLH|CTAS|HON|IQV|MMM|ROL|SERV|TDY
ABNB,9,9,0.11,32.33,36.72,-0.5,0.66,2.15,-0.55,30.18,33.21,0.4444444444444444,BKNG|CHH|EXPE|H|HLT|IHG|MAR|SABR|TRIP,BKNG|CHH|EXPE|H|HLT|IHG|MAR|SABR|TRIP
ABOS,10,9,22.38,41.21,32.8,-0.93,2.55,11.08,19.83,30.130000000000003,25.339999999999996,1.0,AUPH|AVXL|AXSM|BIIB|CORT|NBIX|PRTA|QURE|SAVA|VYGR,AUPH|AVXL|AXSM|BIIB|CORT|NBIX|PRTA|QURE|VYGR
ABR,10,10,-3.8,0.4,-12.46,-2.13,-0.8400000000000001,-4.58,-2.96,4.98,-5.885000000000001,0.0,AGNC|ARI|BXMT|CIM|IVR|MFA|NLY|PMT|RWT|STWD,AGNC|ARI|BXMT|CIM|IVR|MFA|NLY|PMT|RWT|STWD
ABSI,10,10,4.39,19.84,99.49,-1.15,5.13,13.969999999999999,-0.7400000000000002,5.870000000000001,83.86999999999999,0.5,ALNY|BMRN|CRSP|EXEL|INCY|IONS|NBIX|REGN|SRPT|VRTX,ALNY|BMRN|CRSP|EXEL|INCY|IONS|NBIX|REGN|SRPT|VRTX
ABT,10,10,3.3,14.29,30.05,0.44,1.58,14.594999999999999,1.7199999999999998,-0.3049999999999997,11.620000000000001,0.7,BAX|BDX|DHR|ISRG|JNJ|MDT|RMD|SYK|TDOC|ZBH,BAX|BDX|DHR|ISRG|JNJ|MDT|RMD|SYK|TDOC|ZBH
ABTC,10,8,16.26,39.51,-48.89,7.72,6.765000000000001,-9.09,9.495000000000001,48.599999999999994,-30.09,0.75,ARBK|BITF|BTBT|CAN|CIFR|HIVE|HUT|MARA|RIOT|SDIG,ARBK|BTBT|CAN|CIFR|HIVE|HUT|MARA|RIOT
ABTS,10,10,-12.03,-8.59,36.01,-9.3,-0.8300000000000001,13.780000000000001,-11.2,-22.37,31.064999999999998,0.0,AAPL|ADBE|AMZN|CRM|GOOGL|IBM|META|MSFT|ORCL|SAP,AAPL|ADBE|AMZN|CRM|GOOGL|IBM|META|MSFT|ORCL|SAP
ABUS,10,9,4.91,10.97,9.95,-3.51,4.18,15.93,0.7300000000000004,-4.959999999999999,-1.9100000000000001,0.5555555555555556,ALNY|BLUE|BMRN|EXEL|GILD|MRNA|NBIX|REGN|SRPT|VRTX,ALNY|BMRN|EXEL|GILD|MRNA|NBIX|REGN|SRPT|VRTX
ABVC,10,10,-6.2,-23.74,-18.19,-3.9,4.720000000000001,12.719999999999999,-10.920000000000002,-36.459999999999994,-39.995000000000005,0.0,AMGN|BIIB|BMY|GILD|JNJ|LLY|MRNA|PFE|REGN|VRTX,AMGN|BIIB|BMY|GILD|JNJ|LLY|MRNA|PFE|REGN|VRTX
ABVX,10,10,-3.87,-10.01,-2.63,-3.07,4.720000000000001,12.719999999999999,-8.59,-22.729999999999997,-23.49,0.0,AMGN|BIIB|BMY|GILD|LLY|MRNA|NBIX|PFE|REGN|VRTX,AMGN|BIIB|BMY|GILD|LLY|MRNA|NBIX|PFE|REGN|VRTX
ABX,10,9,6.57,-11.84,2.48,-0.77,5.49,6.44,1.08,-18.28,-5.75,0.7777777777777778,APD|COP|CVX|EOG|LIN|MIDD|PSX|PX|WTRG|XOM,APD|COP|CVX|EOG|LIN|MIDD|PSX|WTRG|XOM
ACA,10,9,0.23,0.12,20.84,0.03,-2.76,-1.75,2.9899999999999998,1.87,23.17,0.7777777777777778,ASTE|CX|EXP|GVA|MLM|NUE|ROAD|SUM|TRN|VMC,ASTE|CX|EXP|GVA|MLM|NUE|ROAD|TRN|VMC
ACAD,10,10,4.42,18.73,41.46,-1.91,4.4,12.085,0.019999999999999574,6.645,19.34,0.5,ALNY|AMGN|BIIB|BMRN|GILD|INCY|IONS|NBIX|REGN|VRTX,ALNY|AMGN|BIIB|BMRN|GILD|INCY|IONS|NBIX|REGN|VRTX
ACB,8,8,-0.66,41.54,8.5,-3.71,-0.345,14.315000000000001,-0.31500000000000006,27.224999999999998,8.165,0.5,CGC|CRON|GRWG|IIPR|OGI|SNDL|TLRY|VFF,CGC|CRON|GRWG|IIPR|OGI|SNDL|TLRY|VFF
ACCL,0,0,4.56,39.25,112.8,3.29,,,,,,,,
ACCO,10,10,-2.58,3.41,11.34,-2.09,-3.24,0.475,0.6600000000000001,2.935,7.08,0.6,AAPL|CMCM|KN|LGL|LOGI|MSFT|NKTR|PBI|RKT|TFX,AAPL|CMCM|KN|LGL|LOGI|MSFT|NKTR|PBI|RKT|TFX
ACCS,10,9,1.26,-25.59,-22.72,-0.78,-1.49,16.49,2.75,-42.08,-33.7,0.8888888888888888,ADBE|BOX|DLX|DOCU|EBAY|ETSY|HPQ|INTU|JNPR|XRX,ADBE|BOX|DLX|DOCU|EBAY|ETSY|HPQ|INTU|XRX
ACDC,10,10,-17.49,-14.23,-44.0,-7.66,0.45499999999999996,9.745000000000001,-17.944999999999997,-23.975,-40.245,0.0,BKR|FET|FTI|HAL|INVX|NOV|OII|RES|SLB|TDW,BKR|FET|FTI|HAL|INVX|NOV|OII|RES|SLB|TDW
ACEL,10,9,-3.63,0.17,2.49,-0.25,-0.8,-1.1,-2.83,1.27,-4.46,0.1111111111111111,BALY|BYD|CHDN|CNTY|CZR|GDEN|LVS|MCRI|MGM|PENN,BALY|BYD|CHDN|CNTY|CZR|LVS|MCRI|MGM|PENN
ACET,10,8,11.68,7.64,18.88,-2.79,6.225,12.83,5.455,-5.19,2.9049999999999994,0.875,AGIO|ALLO|BLUE|CRSP|EDIT|FATE|GILD|IMTX|NTLA|SGMO,AGIO|ALLO|CRSP|EDIT|FATE|GILD|IMTX|NTLA
ACFN,0,0,4.46,-8.25,12.7,0.65,,,,,,,,
ACGL,9,9,1.23,0.62,2.48,0.72,-0.42,-1.86,1.65,2.48,-1.9899999999999998,0.7777777777777778,AIG|CB|CINF|MKL|PGR|RLI|RNR|TRV|WRB,AIG|CB|CINF|MKL|PGR|RLI|RNR|TRV|WRB
ACH,10,9,14.77,-60.05,-52.72,-4.17,-0.66,9.49,15.43,-69.53999999999999,-69.41,1.0,A|BAX|BDX|CAH|HII|HSIC|MCK|PDCO|STE|XRAY,A|BAX|BDX|CAH|HII|HSIC|MCK|STE|XRAY
ACHC,10,9,-10.06,-21.8,12.99,-0.6,1.43,9.45,-11.49,-31.25,-2.1799999999999997,0.0,AHT|CYH|EHC|HCA|HCSG|HURN|MD|SEM|THC|UHS,AHT|CYH|EHC|HCA|HCSG|HURN|MD|THC|UHS
ACHR,10,9,-13.78,16.02,3.97,-6.87,-3.59,4.85,-10.19,11.17,-6.309999999999999,0.0,BA|GD|HEI|JOBY|LMT|RTX|SPCE|SPR|TDG|TXT,BA|GD|HEI|JOBY|LMT|RTX|SPCE|TDG|TXT
ACHV,10,9,13.45,30.35,79.97,-3.58,1.03,0.85,12.42,29.5,80.96,1.0,ALDX|AMRN|ANIP|ARWR|ATRA|AXSM|CRBP|GERN|IMMP|SGMO,ALDX|AMRN|ANIP|ARWR|ATRA|AXSM|CRBP|GERN|IMMP
ACI,10,10,-4.07,-18.53,-30.23,-1.86,-3.045,-0.07000000000000006,-1.0250000000000004,-18.46,-25.895,0.4,BJ|CASY|COST|DG|IMKTA|KR|SFM|SMRT|TGT|WMT,BJ|CASY|COST|DG|IMKTA|KR|SFM|SMRT|TGT|WMT
ACIC,10,10,-4.92,-6.64,-15.17,-1.79,-0.585,-2.1350000000000002,-4.335,-4.504999999999999,-18.985,0.0,AIG|ALL|CB|CINF|HIG|PGR|RLI|SIGI|TRV|WRB,AIG|ALL|CB|CINF|HIG|PGR|RLI|SIGI|TRV|WRB
ACIU,10,9,-2.53,10.35,-13.32,-2.91,3.63,6.84,-6.16,3.51,-26.759999999999998,0.2222222222222222,ABEO|ANVS|AXSM|BIIB|INMB|LLY|PRTA|QURE|SAVA|SNY,ABEO|ANVS|AXSM|BIIB|INMB|LLY|PRTA|QURE|SNY
ACIW,10,10,-3.5,-5.36,19.72,-0.37,0.88,10.094999999999999,-4.38,-15.454999999999998,5.299999999999997,0.2,ADBE|ADP|FIS|GPN|INTU|JPM|MA|PYPL|V|XYZ,ADBE|ADP|FIS|GPN|INTU|JPM|MA|PYPL|V|XYZ
ACLS,10,10,-13.21,-12.55,-17.0,-1.3,-11.01,-9.985,-2.200000000000001,-2.5650000000000013,-20.455,0.1,AMAT|ASML|COHR|IPGP|KLAC|LRCX|ONTO|TER|UCTT|VECO,AMAT|ASML|COHR|IPGP|KLAC|LRCX|ONTO|TER|UCTT|VECO
ACM,10,9,2.67,-3.2,-8.62,0.42,-3.07,-8.63,5.74,5.430000000000001,-3.4799999999999995,1.0,ACLS|DY|FLR|GLDD|GVA|KBR|LMB|MTZ|PRIM|TPC,ACLS|DY|FLR|GVA|KBR|LMB|MTZ|PRIM|TPC
ACMR,10,10,-4.91,-13.75,7.83,-0.5,-8.86,-7.4399999999999995,3.9499999999999993,-6.3100000000000005,0.01499999999999968,1.0,AMAT|ASML|COHU|KLAC|LRCX|MKSI|ONTO|TER|UCTT|VECO,AMAT|ASML|COHU|KLAC|LRCX|MKSI|ONTO|TER|UCTT|VECO
ACN,8,8,4.34,32.94,3.91,1.67,-0.105,15.14,4.445,17.799999999999997,-12.71,0.75,CTSH|DXC|EPAM|GIB|HPE|IBM|INFY|IT,CTSH|DXC|EPAM|GIB|HPE|IBM|INFY|IT
ACNB,10,10,-3.01,3.97,17.24,-0.47,-4.39,1.5650000000000002,1.38,2.4050000000000002,3.6999999999999993,0.9,ASRV|CAC|CCNE|FMAO|FULT|FUNC|HBNC|THFF|TMP|UVSP,ASRV|CAC|CCNE|FMAO|FULT|FUNC|HBNC|THFF|TMP|UVSP
ACNT,10,9,2.23,-0.66,7.06,-1.24,-9.23,-0.08,11.46,-0.5800000000000001,5.8,1.0,CLF|CMC|GGB|MT|NUE|RS|STLD|TS|TX|X,CLF|CMC|GGB|MT|NUE|RS|STLD|TS|TX
ACOG,0,0,5.45,15.19,54.5,2.36,,,,,,,,
ACON,10,7,11.29,4.75,-16.27,-3.57,-4.71,14.29,16.0,-9.54,-23.52,1.0,ABT|AXGN|CUTR|GEHC|HOLX|IRIX|LUMO|OSUR|SRTS|TRIB,ABT|AXGN|GEHC|IRIX|OSUR|SRTS|TRIB
ACR,10,10,3.61,-16.4,-26.63,-1.01,-2.195,-0.015,5.805,-16.384999999999998,-20.34,1.0,ABR|ARI|BXMT|GPMT|KREF|LADR|LFT|RC|STWD|TRTX,ABR|ARI|BXMT|GPMT|KREF|LADR|LFT|RC|STWD|TRTX
ACRE,10,10,-2.21,1.86,-3.02,-0.96,-1.1,0.29000000000000004,-1.1099999999999999,1.57,2.11,0.4,ABR|ARI|BXMT|CHMI|GPMT|KREF|LADR|RC|STWD|TRTX,ABR|ARI|BXMT|CHMI|GPMT|KREF|LADR|RC|STWD|TRTX
ACRS,10,10,6.74,11.3,38.08,-2.87,2.535,-2.355,4.205,13.655000000000001,25.189999999999998,1.0,AGIO|ALKS|BMRN|ENTA|KYNB|NBIX|PCRX|SRPT|VKTX|XERS,AGIO|ALKS|BMRN|ENTA|KYNB|NBIX|PCRX|SRPT|VKTX|XERS
ACRV,10,10,21.62,33.92,27.84,-5.86,5.18,12.085,16.44,21.835,5.719999999999999,1.0,AMGN|BIIB|BMRN|EXEL|GILD|INCY|IONS|NBIX|REGN|VRTX,AMGN|BIIB|BMRN|EXEL|GILD|INCY|IONS|NBIX|REGN|VRTX
ACT,10,10,-0.67,8.03,13.83,-0.53,-0.755,-1.705,0.08499999999999996,9.735,5.555,0.6,AIG|ALL|ESNT|GNW|HIG|MKL|MTG|NMIH|RDN|TRV,AIG|ALL|ESNT|GNW|HIG|MKL|MTG|NMIH|RDN|TRV
ACTG,10,10,-1.85,-1.2,-1.63,-0.77,-2.295,13.780000000000001,0.44499999999999984,-14.98,-6.575,0.6,AAPL|ADBE|CRM|CSCO|GOOGL|HPQ|IBM|INTC|MSFT|ORCL,AAPL|ADBE|CRM|CSCO|GOOGL|HPQ|IBM|INTC|MSFT|ORCL
ACTU,10,10,22.04,-5.93,-52.59,12.26,5.025,12.719999999999999,17.015,-18.65,-73.85000000000001,0.9,BNTX|GILD|JNJ|LLY|MRK|MRNA|NVAX|PFE|REGN|VIR,BNTX|GILD|JNJ|LLY|MRK|MRNA|NVAX|PFE|REGN|VIR
ACU,10,10,3.41,36.91,48.25,2.92,-2.225,5.08,5.635,31.83,32.989999999999995,1.0,AOS|AYI|FAST|GPC|GWW|IR|ITW|MMM|SNA|SWK,AOS|AYI|FAST|GPC|GWW|IR|ITW|MMM|SNA|SWK
ACVA,10,9,-7.59,-4.22,23.42,-1.48,-1.42,2.22,-6.17,-6.4399999999999995,15.830000000000002,0.0,ABG|AN|CPRT|CVNA|GPI|LAD|OPLN|PAG|TRUE|VRM,ABG|AN|CPRT|CVNA|GPI|LAD|OPLN|PAG|VRM
ACXP,10,10,-3.38,-2.72,-24.34,-0.69,5.13,11.085,-8.51,-13.805000000000001,-40.86,0.0,AZN|BMY|BNTX|GILD|JNJ|LLY|MRNA|NVAX|PFE|RGEN,AZN|BMY|BNTX|GILD|JNJ|LLY|MRNA|NVAX|PFE|RGEN
AD,10,8,-2.09,0.7,-13.65,-0.95,-0.46,4.01,-1.63,-3.3099999999999996,-15.88,0.375,ATNI|CMBM|CNSL|CTO|IDT|LUMN|SHEN|T|TMUS|VZ,ATNI|CTO|IDT|LUMN|SHEN|T|TMUS|VZ
ADAG,10,7,10.22,14.53,18.84,-0.49,3.4,3.51,6.82,11.02,18.04,0.7142857142857143,ALXO|ANVS|ATNM|FATE|IMTX|KURA|LBPH|NBP|NRBO|VXRT,ALXO|ANVS|ATNM|FATE|IMTX|KURA|NBP
ADAM,10,10,-2.13,12.34,11.08,-3.0,-0.024999999999999998,-0.29500000000000004,-2.105,12.635,12.31,0.2,AGNC|ARR|CHMI|DX|IVR|MITT|NLY|ORC|RWT|TWO,AGNC|ARR|CHMI|DX|IVR|MITT|NLY|ORC|RWT|TWO
ADBE,10,8,0.89,24.98,7.71,0.13,-3.04,17.825,3.93,7.155000000000001,8.34,0.75,ADSK|ANSS|CDNS|CRM|EA|INTU|MSFT|ORCL|PANW|SNPS,ADSK|CDNS|CRM|INTU|MSFT|ORCL|PANW|SNPS
ADC,10,9,-0.73,-7.05,-1.29,0.24,-0.15,-5.51,-0.58,-1.54,-1.32,0.0,EPRT|FRT|GTY|KIM|KRG|NNN|O|REG|ROIC|WPC,EPRT|FRT|GTY|KIM|KRG|NNN|O|REG|WPC
ADCT,10,10,-5.99,-20.4,-69.53,-5.09,5.025,12.719999999999999,-11.015,-33.12,-95.55000000000001,0.0,AMGN|BMY|GILD|INCY|JAZZ|LLY|MRNA|PFE|REGN|VRTX,AMGN|BMY|GILD|INCY|JAZZ|LLY|MRNA|PFE|REGN|VRTX
ADEA,10,5,-5.77,-0.9,2.37,-1.71,-7.59,-2.14,1.8200000000000003,1.2400000000000002,-17.32,0.6,BB|COHU|CSGS|JNPR|LSCC|NICE|RMNI|SNCR|SPNS|VRNT,BB|COHU|LSCC|NICE|RMNI
ADGM,8,6,-8.14,35.72,-24.89,0.28,-0.17500000000000004,5.885,-7.965000000000001,29.835,-32.35,0.0,BLFS|BSX|CLPT|CUTR|EW|LXRX|NVRO|STXS,BLFS|BSX|CLPT|EW|LXRX|STXS
ADI,8,8,-0.84,-2.26,-5.04,1.26,-2.7649999999999997,-9.575,1.9249999999999998,7.3149999999999995,13.785,0.75,AVGO|MCHP|NXPI|ON|QCOM|SLAB|STM|TXN,AVGO|MCHP|NXPI|ON|QCOM|SLAB|STM|TXN
ADIL,10,7,28.13,108.33,139.36,-2.26,-0.51,-2.75,28.64,111.08,140.66000000000003,1.0,ALDX|APLT|AVXL|GNPX|HOOK|LCTX|ONCY|PLX|SAVA|XBIO,ALDX|AVXL|GNPX|LCTX|ONCY|PLX|XBIO
ADM,10,9,4.4,-4.17,7.9,3.65,1.85,2.73,2.5500000000000003,-6.9,1.0100000000000007,0.7777777777777778,BG|CAG|HRL|INGR|K|MKC|MZTI|POST|SYY|TSN,BG|CAG|HRL|INGR|MKC|MZTI|POST|SYY|TSN
ADMA,10,10,4.29,17.11,14.64,-2.31,3.6950000000000003,9.655000000000001,0.5949999999999998,7.454999999999998,1.615000000000002,0.6,BAX|BMY|COHR|CSL|GILD|GRFS|JNJ|LLY|MRK|PFE,BAX|BMY|COHR|CSL|GILD|GRFS|JNJ|LLY|MRK|PFE
ADNT,10,10,-2.9,-5.81,-5.58,-0.91,-0.48,-0.4,-2.42,-5.409999999999999,-7.865,0.2,AAP|ALV|BWA|DAN|DORM|F|GM|GNTX|LEA|TEN,AAP|ALV|BWA|DAN|DORM|F|GM|GNTX|LEA|TEN
ADP,9,9,1.67,15.51,27.25,1.27,-1.45,27.14,3.12,-11.63,12.18,0.7777777777777778,CRM|GDDY|INTU|ORCL|PAYC|PAYX|SAP|WDAY|XYZ,CRM|GDDY|INTU|ORCL|PAYC|PAYX|SAP|WDAY|XYZ
ADPT,10,10,5.15,17.18,84.24,0.9,8.6,13.34,-3.4499999999999993,3.84,51.529999999999994,0.2,BEAM|CRSP|FATE|GH|ILMN|PACB|QGEN|TWST|TXG|VRTX,BEAM|CRSP|FATE|GH|ILMN|PACB|QGEN|TWST|TXG|VRTX
ADSE,10,9,-3.19,-3.92,-3.03,-3.51,-6.02,-5.71,2.8299999999999996,1.79,19.83,0.7777777777777778,BE|BLNK|CHPT|EVGO|FCEL|NIO|NKLA|PLUG|QS|TSLA,BE|BLNK|CHPT|EVGO|FCEL|NIO|PLUG|QS|TSLA
ADSK,10,9,-1.64,24.69,4.15,0.97,-0.54,19.98,-1.0999999999999999,4.710000000000001,-3.5599999999999996,0.4444444444444444,ADBE|ANSS|BLKB|CDNS|DSGX|NICE|PTC|RPD|SNPS|TEAM,ADBE|BLKB|CDNS|DSGX|NICE|PTC|RPD|SNPS|TEAM
ADT,10,10,-1.41,6.74,5.52,-0.34,-2.17,-0.36,0.76,7.1000000000000005,-0.1850000000000005,0.6,ALLE|AMCR|AXON|BCO|CARR|CSCO|HUBB|JCI|MAS|NVR,ALLE|AMCR|AXON|BCO|CARR|CSCO|HUBB|JCI|MAS|NVR
ADTN,10,8,-2.71,-24.87,-45.74,-1.98,-7.175000000000001,-4.625,4.465000000000001,-20.245,-42.435,0.625,AKTS|ANET|CIEN|CSCO|EXTR|FFIV|INFN|JNPR|NTGR|VISN,AKTS|ANET|CIEN|CSCO|EXTR|FFIV|NTGR|VISN
ADUR,0,0,-10.35,5.43,3.55,-2.31,,,,,,,,
ADUS,10,7,2.43,8.12,28.47,0.21,-1.01,8.95,3.4400000000000004,-0.8300000000000001,18.5,0.8571428571428571,AMED|BKD|CHE|DNOW|EHAB|EHC|HCA|HCSG|SEM|UHS,BKD|CHE|DNOW|EHC|HCA|HCSG|UHS
ADV,10,10,1.41,-8.06,-6.78,-1.92,2.75,20.035,-1.34,-28.095,-34.585,0.4,ACN|ADP|CTSH|EXLS|G|HURN|PAYX|RHI|TNET|WU,ACN|ADP|CTSH|EXLS|G|HURN|PAYX|RHI|TNET|WU
ADVB,0,0,-0.96,-30.63,91.39,1.77,,,,,,,,
ADXN,10,9,-2.52,-1.44,-14.45,-3.01,-0.3,-5.7,-2.22,4.26,-14.7,0.3333333333333333,ACAD|BHVN|IONS|LGND|NBIX|PRTA|PTCT|RIOT|SAGE|VTGN,ACAD|BHVN|IONS|LGND|NBIX|PRTA|PTCT|RIOT|VTGN
AEBI,0,0,-13.3,-11.1,-3.19,-4.44,,,,,,,,
AEC,0,0,0.12,-11.71,1.52,-0.57,,,,,,,,
AEE,10,10,0.56,-2.04,0.96,0.43,-0.12,-3.385,0.68,1.3449999999999998,0.72,0.6,AEP|D|DUK|ED|EIX|EXC|PEG|PPL|SO|XEL,AEP|D|DUK|ED|EIX|EXC|PEG|PPL|SO|XEL
AEG,10,10,-3.56,-1.25,5.43,-2.52,-3.24,0.41500000000000004,-0.31999999999999984,-1.665,-1.3950000000000005,0.3,AFL|BRK-B|GNW|L|LNC|MET|MFC|PFG|PRU|UNM,AFL|BRK-B|GNW|L|LNC|MET|MFC|PFG|PRU|UNM
AEHL,10,9,19.66,-36.47,-87.84,1.94,-2.83,-1.75,22.490000000000002,-34.72,-89.24000000000001,1.0,CRH|CX|EXP|FUL|MAS|MLM|OC|RPM|SUM|VMC,CRH|CX|EXP|FUL|MAS|MLM|OC|RPM|VMC
AEHR,10,10,-16.52,10.03,25.0,-4.66,-9.99,-2.96,-6.529999999999999,12.989999999999998,17.185,0.0,ACLS|AMAT|COHU|ENTG|FORM|KLAC|LRCX|MKSI|ONTO|TER,ACLS|AMAT|COHU|ENTG|FORM|KLAC|LRCX|MKSI|ONTO|TER
AEI,10,10,35.47,44.09,-3.35,-3.35,-2.715,0.3400000000000001,38.185,43.75,-14.09,1.0,AWI|BLDR|BXC|MAS|MDU|OC|PATK|TREX|UFPI|VMC,AWI|BLDR|BXC|MAS|MDU|OC|PATK|TREX|UFPI|VMC
AEIS,10,10,-9.93,-6.46,-5.19,0.8,-8.86,-9.985,-1.0700000000000003,3.5249999999999995,-8.645,0.4,AMAT|ASML|COHR|KLAC|LRCX|MKSI|NVMI|ONTO|TER|UCTT,AMAT|ASML|COHR|KLAC|LRCX|MKSI|NVMI|ONTO|TER|UCTT
AEM,10,10,17.48,44.1,18.94,2.05,11.114999999999998,32.959999999999994,6.365000000000002,11.140000000000008,5.465,0.9,AU|B|BTG|EGO|EXK|GFI|KGC|NEM|NG|PAAS,AU|B|BTG|EGO|EXK|GFI|KGC|NEM|NG|PAAS
AEMD,10,8,-5.63,-6.62,-73.29,-0.54,3.66,7.199999999999999,-9.29,-13.82,-70.26,0.0,ADMA|ALT|ANVS|AVDL|AXSM|CVM|INO|MBRX|SNGX|VXRT,ADMA|ALT|ANVS|AXSM|CVM|INO|MBRX|SNGX
AENT,10,10,-4.13,-7.32,-9.28,-0.89,2.0949999999999998,7.855,-6.225,-15.175,-5.809999999999999,0.1,AMZN|BABA|BBY|DIS|EBAY|MSFT|NFLX|PDD|TGT|WMT,AMZN|BABA|BBY|DIS|EBAY|MSFT|NFLX|PDD|TGT|WMT
AEO,9,9,-2.58,-10.89,-3.17,-4.71,-5.41,-1.95,2.83,-8.940000000000001,1.88,0.8888888888888888,ANF|BKE|CATO|LB|ROST|TJX|TLYS|URBN|ZUMZ,ANF|BKE|CATO|LB|ROST|TJX|TLYS|URBN|ZUMZ
AEON,10,10,-30.71,-31.87,-78.27,-5.49,4.26,11.620000000000001,-34.97,-43.49,-96.175,0.0,ABT|BIIB|BMY|GILD|JNJ|LLY|MRK|NVS|PFE|REGN,ABT|BIIB|BMY|GILD|JNJ|LLY|MRK|NVS|PFE|REGN
AEP,10,10,1.44,-4.42,-1.3,0.76,-0.375,-3.385,1.815,-1.0350000000000001,-1.2750000000000001,0.9,D|DUK|ED|ETR|EXC|NEE|PEG|PPL|SO|XEL,D|DUK|ED|ETR|EXC|NEE|PEG|PPL|SO|XEL
AER,9,7,-0.68,-1.61,6.26,-0.02,-2.61,-5.5,1.9299999999999997,3.8899999999999997,6.41,0.7142857142857143,AL|AMPH|GLRE|JBLU|LUV|RCI|RIOT|SAVE|UAL,AMPH|GLRE|JBLU|LUV|RCI|RIOT|UAL
AERO,0,0,-13.63,-9.93,-9.64,-4.47,,,,,,,,
AERT,10,9,-2.7,0.0,18.76,1.48,3.43,24.56,-6.130000000000001,-24.56,14.850000000000001,0.2222222222222222,ACN|CTSH|DXC|EPAM|FORTY|G|INFY|LDOS|TCS|WIT,ACN|CTSH|DXC|EPAM|FORTY|G|INFY|LDOS|WIT
AES,10,10,-0.1,-0.98,-0.1,0.1,-0.375,-3.5250000000000004,0.275,2.5450000000000004,-0.33999999999999997,0.6,AEP|D|DUK|ED|EIX|EXC|NEE|PPL|SO|WEC,AEP|D|DUK|ED|EIX|EXC|NEE|PPL|SO|WEC
AESI,10,10,10.72,-10.28,-33.9,0.19,1.6199999999999999,7.295,9.100000000000001,-17.575,-26.515,0.9,BKR|CLB|FTI|HAL|HP|NBR|PTEN|RES|SLB|WFRD,BKR|CLB|FTI|HAL|HP|NBR|PTEN|RES|SLB|WFRD
AEVA,10,9,-16.99,11.1,-11.84,-5.92,-6.42,-5.71,-10.569999999999999,16.81,11.27,0.1111111111111111,ARBE|EVGO|GOEV|LAZR|LIDR|MVIS|OUST|PTON|QS|RBLX,ARBE|EVGO|LAZR|LIDR|MVIS|OUST|PTON|QS|RBLX
AEXA,0,0,0.87,0.34,1.92,1.3,,,,,,,,
AEYE,10,10,23.41,18.12,-3.24,1.41,-6.984999999999999,7.6850000000000005,30.395,10.435,-6.7,1.0,ADBE|BLIN|CDNS|DTST|GDDY|MDB|PCTY|SNPS|TWLO|VERI,ADBE|BLIN|CDNS|DTST|GDDY|MDB|PCTY|SNPS|TWLO|VERI
AFCG,10,10,14.99,31.11,-1.67,-3.32,-1.365,11.51,16.355,19.6,-3.1149999999999998,1.0,ACB|CGC|CRON|GRWG|HLF|HYFM|IIPR|SMG|SNDL|TLRY,ACB|CGC|CRON|GRWG|HLF|HYFM|IIPR|SMG|SNDL|TLRY
AFG,10,10,-0.95,2.76,5.37,0.7,-0.8,-2.675,-0.1499999999999999,5.435,2.83,0.4,AIG|ALL|CB|CINF|HIG|L|MKL|PGR|TRV|WRB,AIG|ALL|CB|CINF|HIG|L|MKL|PGR|TRV|WRB
AFJK,0,0,1.25,1.25,-71.19,-0.25,,,,,,,,
AFL,10,10,-3.47,-5.41,-0.28,0.33,-3.0999999999999996,-0.25,-0.37000000000000055,-5.16,-10.44,0.4,AIG|CNO|GNW|HIG|LNC|MET|PFG|PRU|UNM|VOYA,AIG|CNO|GNW|HIG|LNC|MET|PFG|PRU|UNM|VOYA
AFRI,10,9,0.19,0.19,5.99,-0.56,1.87,4.29,-1.6800000000000002,-4.1,-10.85,0.2222222222222222,ADM|BG|CAG|CPB|GIS|HAIN|HRL|K|KHC|SJM,ADM|BG|CAG|CPB|GIS|HAIN|HRL|KHC|SJM
AFRM,10,8,-4.97,0.7,10.89,-3.75,-3.1799999999999997,3.0549999999999997,-1.79,-2.3549999999999995,-2.085000000000001,0.25,AXP|COIN|LC|LPRO|MELI|PYPL|SLM|SOFI|UPST|XYZ,AXP|COIN|MELI|PYPL|SLM|SOFI|UPST|XYZ
AFYA,10,9,3.28,-0.14,-2.6,-0.22,-0.99,6.3,4.27,-6.4399999999999995,-6.09,0.8888888888888888,ATGE|CHGG|EDU|LAUR|LOPE|LRN|STRA|TAL|UTI|WW,CHGG|EDU|LAUR|LOPE|LRN|STRA|TAL|UTI|WW
AG,10,8,12.94,22.53,6.37,1.73,10.48,29.695,2.459999999999999,-7.164999999999999,-9.254999999999999,0.75,B|CDE|EXK|FSM|GATO|HL|MAG|PAAS|SVM|USAS,B|CDE|EXK|FSM|HL|PAAS|SVM|USAS
AGCC,0,0,-0.13,-4.21,-11.96,1.58,,,,,,,,
AGCO,10,10,5.03,-10.93,-8.99,4.95,-1.09,1.675,6.12,-12.605,-17.765,1.0,ALG|CAT|DE|ETN|LNN|MWA|OSK|PLOW|TEX|TTC,ALG|CAT|DE|ETN|LNN|MWA|OSK|PLOW|TEX|TTC
AGEN,10,10,10.86,40.33,146.35,-6.05,4.720000000000001,12.719999999999999,6.139999999999999,27.61,124.54499999999999,0.9,AMGN|BIIB|BMY|GILD|JNJ|LLY|MRK|PFE|REGN|VRTX,AMGN|BIIB|BMY|GILD|JNJ|LLY|MRK|PFE|REGN|VRTX
AGI,10,10,10.72,19.09,-7.97,1.79,12.219999999999999,32.364999999999995,-1.4999999999999982,-13.274999999999995,-23.68,0.4,AEM|B|EGO|HMY|IAG|KGC|MUX|NEM|NG|PAAS,AEM|B|EGO|HMY|IAG|KGC|MUX|NEM|NG|PAAS
AGIG,0,0,15.83,-4.73,-13.68,10.41,,,,,,,,
AGIO,10,8,2.26,-5.06,20.09,-2.55,3.495,14.045,-1.2350000000000003,-19.105,9.440000000000001,0.25,ALNY|AMGN|BLUE|FOLD|GILD|NBIX|NVAX|REGN|SRPT|VRTX,ALNY|AMGN|GILD|NBIX|NVAX|REGN|SRPT|VRTX
AGL,10,9,10.17,-18.3,21.0,4.63,-2.42,-4.04,12.59,-14.260000000000002,10.86,1.0,ACHC|AMED|CI|CNC|HUM|MOH|OSCR|TDOC|UHS|UNH,ACHC|CI|CNC|HUM|MOH|OSCR|TDOC|UHS|UNH
AGM,10,9,-3.63,7.34,27.34,-1.63,-3.52,-2.02,-0.10999999999999988,9.36,14.23,0.4444444444444444,BAC|BK|C|GS|JPM|MS|PNC|STT|USB|WFC,BAC|C|GS|JPM|MS|PNC|STT|USB|WFC
AGMH,10,10,8.6,4.95,3.92,1.92,1.5499999999999998,5.355,7.05,-0.40500000000000025,-6.470000000000001,1.0,EVTC|FDS|ICE|JEF|MKTX|MORN|MSCI|NDAQ|SPGI|VIRT,EVTC|FDS|ICE|JEF|MKTX|MORN|MSCI|NDAQ|SPGI|VIRT
AGNC,10,10,-0.41,1.82,6.49,-1.52,-0.935,-0.29500000000000004,0.5250000000000001,2.115,7.720000000000001,0.5,ADAM|ARR|CIM|DX|IVR|MFA|NLY|ORC|RITM|TWO,ADAM|ARR|CIM|DX|IVR|MFA|NLY|ORC|RITM|TWO
AGO,10,10,-1.99,-11.61,-5.29,-0.77,-1.91,-2.245,-0.08000000000000007,-9.364999999999998,-8.165,0.5,AIG|CINF|FG|GNW|LNC|MBI|MTG|ORI|PRU|RDN,AIG|CINF|FG|GNW|LNC|MBI|MTG|ORI|PRU|RDN
AGPU,10,9,25.92,47.88,104.96,-3.54,6.74,12.96,19.18,34.92,75.67999999999999,1.0,CDNA|CRSP|EXAS|FLGT|GH|ILMN|MYGN|QGEN|TWST|VCYT,CDNA|CRSP|FLGT|GH|ILMN|MYGN|QGEN|TWST|VCYT
AGRO,10,10,22.49,-1.99,-16.78,4.96,5.3,-2.21,17.189999999999998,0.21999999999999997,-20.545,1.0,ADM|ANDE|BG|CF|CRESY|DE|FMC|MOS|NTR|TTC,ADM|ANDE|BG|CF|CRESY|DE|FMC|MOS|NTR|TTC
AGRZ,0,0,41.78,3.95,-2.37,5.0,,,,,,,,
AGX,10,10,-9.1,-16.76,-19.42,-3.6,-1.9449999999999998,2.92,-7.154999999999999,-19.68,-19.665000000000003,0.0,DY|EME|FIX|FLR|IESC|KBR|MTRX|PWR|TBI|TTEK,DY|EME|FIX|FLR|IESC|KBR|MTRX|PWR|TBI|TTEK
AGYS,10,9,-1.13,17.37,39.97,-2.45,1.67,27.14,-2.8,-9.77,19.459999999999997,0.1111111111111111,ADP|CRM|INTU|MSTR|NOW|ORCL|PAYC|PCTY|SAGE|SAP,ADP|CRM|INTU|MSTR|NOW|ORCL|PAYC|PCTY|SAP
AHCO,10,8,-3.29,-49.33,-47.4,-2.64,-0.26,7.754999999999999,-3.0300000000000002,-57.084999999999994,-64.02,0.0,ADUS|AMED|CHE|DVA|EHC|MD|MODV|OPCH|PNTG|RDNT,ADUS|CHE|DVA|EHC|MD|OPCH|PNTG|RDNT
AHG,10,10,-19.39,-27.23,-34.51,8.4,-1.93,-5.83,-17.46,-21.4,-40.105,0.0,AMWL|CI|CNC|CVS|EHTH|HUM|MOH|OFLX|OSCR|UNH,AMWL|CI|CNC|CVS|EHTH|HUM|MOH|OFLX|OSCR|UNH
AHMA,0,0,-12.05,-13.61,32.73,-5.81,,,,,,,,
AHR,10,8,4.31,-2.05,8.18,1.29,3.0949999999999998,-5.25,1.2149999999999999,3.2,6.765,0.75,CTRE|DOC|GMRE|LTC|MPW|NHI|OHI|SBRA|VTR|WELL,CTRE|DOC|LTC|NHI|OHI|SBRA|VTR|WELL
AHT,10,10,7.05,3.08,15.17,-0.0,2.505,-5.405,4.545,8.485,3.255000000000001,0.9,APLE|BHR|DRH|HST|HTHT|INN|PEB|RLJ|SHO|XHR,APLE|BHR|DRH|HST|HTHT|INN|PEB|RLJ|SHO|XHR
AI,10,8,0.15,24.48,9.86,-1.83,-5.35,28.985,5.5,-4.504999999999999,-17.975,0.875,ANSS|CFLT|DDOG|MDB|NICE|PATH|PLTR|SNOW|TEAM|TWLO,DDOG|MDB|NICE|PATH|PLTR|SNOW|TEAM|TWLO
AIFF,10,9,-6.9,-4.42,-35.71,0.0,1.84,14.54,-8.74,-18.96,-40.9,0.0,ABT|BSM|BSX|DXCM|GMED|ISRG|MDT|NURO|NVCR|SYK,ABT|BSM|BSX|DXCM|GMED|ISRG|MDT|NVCR|SYK
AIFU,10,10,-64.4,-62.57,-70.23,4.8,-3.43,0.41500000000000004,-60.970000000000006,-62.985,-79.76,0.0,AFL|AIG|GL|HIG|LNC|MET|PFG|PRU|RGA|UNM,AFL|AIG|GL|HIG|LNC|MET|PFG|PRU|RGA|UNM
AIG,10,10,-0.11,-2.94,-2.67,0.32,-1.8199999999999998,0.655,1.7099999999999997,-3.5949999999999998,-15.025,0.9,AFL|ALL|CB|CINF|HIG|LNC|MET|PGR|PRU|TRV,AFL|ALL|CB|CINF|HIG|LNC|MET|PGR|PRU|TRV
AIHS,10,9,-17.96,-3.52,17.09,-3.52,-3.33,-7.2,-14.63,3.68,32.79,0.0,CNF|FINV|HTT|JFIN|LX|OCFT|QFIN|SOS|TIGR|YRD,CNF|FINV|HTT|JFIN|LX|QFIN|SOS|TIGR|YRD
AII,0,0,3.5,37.01,49.64,-0.12,,,,,,,,
AIIA,0,0,0.37,0.78,1.28,0.29,,,,,,,,
AIIO,10,9,-3.43,-8.74,-25.4,-0.36,0.86,-2.81,-4.29,-5.93,-7.889999999999997,0.3333333333333333,BLNK|CHPT|LCID|LI|NIO|RIVN|SBLX|TSLA|WKHS|XPEV,BLNK|CHPT|LCID|LI|NIO|RIVN|TSLA|WKHS|XPEV
AIM,10,10,-5.26,-3.31,-3.2,2.85,5.015000000000001,12.719999999999999,-10.275,-16.029999999999998,-25.005,0.0,AMGN|AZN|BMY|GILD|JNJ|LLY|MRNA|PFE|REGN|VRTX,AMGN|AZN|BMY|GILD|JNJ|LLY|MRNA|PFE|REGN|VRTX
AIMD,9,8,1.5,-5.09,-2.56,-1.24,4.65,12.18,-3.1500000000000004,-17.27,-36.565,0.25,ACHV|ALT|CDMO|GILD|INVA|MRNA|RGEN|URGN|VTGN,ACHV|ALT|GILD|INVA|MRNA|RGEN|URGN|VTGN
AIN,10,10,-8.43,-21.03,-2.61,-2.06,-3.76,-2.6300000000000003,-4.67,-18.400000000000002,-4.23,0.0,CR|DOV|GTX|ITT|KAI|KBR|MLI|MMM|NPO|ROK,CR|DOV|GTX|ITT|KAI|KBR|MLI|MMM|NPO|ROK
AIOT,9,7,-7.37,-28.71,-9.67,-4.75,-4.35,18.06,-3.0200000000000005,-46.769999999999996,-21.25,0.14285714285714285,ATSG|GRMN|HOLX|IOT|ITRI|MRCY|NMRK|TDY|TRMB,GRMN|IOT|ITRI|MRCY|NMRK|TDY|TRMB
AIP,10,9,-14.55,-29.69,-32.55,-5.05,-3.72,-6.2,-10.83,-23.490000000000002,-22.159999999999997,0.0,ALTR|AMD|AVGO|CDNS|INTC|MPWR|MSFT|NVDA|QRVO|SNPS,AMD|AVGO|CDNS|INTC|MPWR|MSFT|NVDA|QRVO|SNPS
AIR,10,9,-5.81,5.84,25.62,-2.96,-3.63,4.85,-2.1799999999999997,0.9900000000000002,25.330000000000002,0.2222222222222222,BA|GD|HEI|HII|HON|LMT|NOC|SPR|TDG|TXT,BA|GD|HEI|HII|HON|LMT|NOC|TDG|TXT
AIRE,9,7,-5.3,12.59,-33.8,-0.7,-0.12,0.4,-5.18,12.19,-37.73,0.42857142857142855,EXPI|FOUR|FRSH|OPAD|OPEN|RDFN|REAL|RKT|ZG,FOUR|FRSH|OPAD|OPEN|REAL|RKT|ZG
AIRG,10,10,6.77,-6.91,-20.75,1.47,-3.755,-3.1550000000000002,10.524999999999999,-3.755,-14.629999999999999,1.0,AKTS|AVNW|CMTL|LSCC|MXL|QRVO|SIMO|SMTC|SWKS|TDY,AKTS|AVNW|CMTL|LSCC|MXL|QRVO|SIMO|SMTC|SWKS|TDY
AIRI,10,8,-1.2,-5.34,-16.78,2.9,-3.61,4.3549999999999995,2.41,-9.695,-19.150000000000002,0.75,BA|GD|HII|HXL|LMT|NOC|SPR|TDG|TGI|TXT,BA|GD|HII|HXL|LMT|NOC|TDG|TXT
AIRJ,10,9,-20.02,9.89,34.08,-3.9,-3.59,3.86,-16.43,6.030000000000001,29.63,0.0,BA|DCO|GD|HON|HXL|LMT|NOC|SPR|TDG|TXT,BA|DCO|GD|HON|HXL|LMT|NOC|TDG|TXT
AIRO,0,0,-24.23,13.5,35.7,-5.53,,,,,,,,
AIRS,10,9,-17.9,-42.43,-45.48,-1.25,6.58,-0.55,-24.479999999999997,-41.88,-44.33,0.0,BKD|CDTX|DBVT|DERM|HROW|LGVN|PMVP|RCEL|TVRD|VRCA,BKD|DBVT|DERM|HROW|LGVN|PMVP|RCEL|TVRD|VRCA
AIRT,9,8,-0.98,5.96,35.07,2.55,-10.57,-7.1899999999999995,9.59,13.149999999999999,31.28,1.0,AAL|ALK|CHR|DAL|JBLU|LUV|SAVE|SKYW|UAL,AAL|ALK|CHR|DAL|JBLU|LUV|SKYW|UAL
AISP,10,9,2.58,-2.93,-13.48,-3.4,-7.86,5.08,10.440000000000001,-8.01,-32.04,1.0,CFLT|CHKP|CRWD|DDOG|FTNT|NET|PANW|PLTR|SNOW|ZS,CHKP|CRWD|DDOG|FTNT|NET|PANW|PLTR|SNOW|ZS
AIT,10,7,-4.66,-0.14,11.33,-1.51,-2.64,2.22,-2.02,-2.3600000000000003,2.2699999999999996,0.14285714285714285,AMWD|CNM|DXPE|FAST|GWW|MRC|MSM|RYI|SNX|WCC,CNM|DXPE|FAST|GWW|MSM|SNX|WCC
AIV,10,9,-0.38,-0.76,-12.14,-1.14,-1.28,-3.45,0.9,2.6900000000000004,-12.17,0.6666666666666666,AVB|BRX|CPT|CSR|EQR|ESS|IRT|MAA|NXRT|UDR,AVB|BRX|CPT|CSR|ESS|IRT|MAA|NXRT|UDR
AIXC,10,9,92.47,66.46,3.1,-14.19,3.47,6.05,89.0,60.41,-2.1300000000000003,0.8888888888888888,ADMA|AIM|ALT|BNTX|CERS|INO|MRNA|NVAX|PDSB|VXRT,ADMA|AIM|ALT|BNTX|CERS|INO|MRNA|NVAX|PDSB
AIXI,10,10,-38.07,-56.8,-95.27,-22.73,-0.8300000000000001,19.185000000000002,-37.24,-75.985,-97.155,0.0,ADBE|AMZN|CRM|GOOGL|IBM|INTU|META|MSFT|ORCL|SAP,ADBE|AMZN|CRM|GOOGL|IBM|INTU|META|MSFT|ORCL|SAP
AIZ,10,10,0.6,3.47,10.29,1.48,-1.9649999999999999,0.41500000000000004,2.565,3.055,-2.0650000000000013,0.9,AFL|ALL|GNW|HIG|LNC|MET|PGR|PRU|TRV|UNM,AFL|ALL|GNW|HIG|LNC|MET|PGR|PRU|TRV|UNM
AJG,8,8,2.89,7.55,28.09,1.21,0.15000000000000002,4.7,2.74,2.8499999999999996,14.3,0.75,AON|BRO|CINF|ERIE|HMN|MRSH|PGR|TRV,AON|BRO|CINF|ERIE|HMN|MRSH|PGR|TRV
AKA,9,7,-0.06,-2.55,9.16,0.66,-4.74,-4.12,4.680000000000001,1.5700000000000003,8.23,0.8571428571428571,AEO|ANF|JWN|LB|PLCE|ROST|SCVL|TJX|URBN,AEO|ANF|LB|PLCE|ROST|TJX|URBN
AKAM,10,10,-11.33,-10.62,-22.61,-1.59,-5.654999999999999,6.03,-5.675000000000001,-16.65,-22.695,0.4,AMZN|ATEN|CSCO|FSLY|GOOGL|MSFT|NET|RPD|VERI|ZS,AMZN|ATEN|CSCO|FSLY|GOOGL|MSFT|NET|RPD|VERI|ZS
AKAN,8,8,-20.96,-50.87,-72.71,-2.46,0.335,14.315000000000001,-21.295,-65.185,-73.04499999999999,0.0,ACB|CGC|CRON|IIPR|OGI|SNDL|TLRY|VFF,ACB|CGC|CRON|IIPR|OGI|SNDL|TLRY|VFF
AKBA,10,10,3.44,-28.61,-10.94,1.59,4.4,11.545,-0.9600000000000004,-40.155,-33.06,0.3,ALKS|AMGN|AMRN|BIIB|EXEL|GILD|INCY|NBIX|REGN|VRTX,ALKS|AMGN|AMRN|BIIB|EXEL|GILD|INCY|NBIX|REGN|VRTX
AKO-A,10,9,4.62,10.18,14.69,3.28,1.83,4.66,2.79,5.52,8.69,0.7777777777777778,BUD|CELH|COKE|FIZZ|KDP|KO|MNST|PEP|PRMW|STZ,BUD|CELH|COKE|FIZZ|KDP|KO|MNST|PEP|STZ
AKO-B,10,9,-0.55,3.43,7.9,1.09,1.84,4.93,-2.39,-1.4999999999999996,-1.5399999999999991,0.1111111111111111,BF-B|CELH|FIZZ|KDP|KO|MNST|PEP|PRMW|STZ|ZVIA,BF-B|CELH|FIZZ|KDP|KO|MNST|PEP|STZ|ZVIA
AKR,10,9,0.76,-5.88,-1.97,-0.86,-0.29,-6.66,1.05,0.7800000000000002,-4.19,1.0,BRX|CBL|FRT|KIM|KRG|MAC|REG|SKT|SPG|WSR,BRX|CBL|FRT|KIM|KRG|MAC|REG|SKT|SPG
AKTS,0,0,-0.11,-4.21,24.88,-5.16,,,,,,,,
AKTX,10,8,12.86,-19.47,130.32,0.0,3.495,-2.7350000000000003,9.364999999999998,-16.735,115.71,0.875,ADAP|ALNY|ARGX|CLLS|FATE|MCRB|NBIX|REGN|TGTX|VCNX,ALNY|ARGX|CLLS|FATE|MCRB|NBIX|REGN|TGTX
ALAB,10,10,-11.77,-13.93,-0.93,-1.5,-5.92,-7.290000000000001,-5.85,-6.639999999999999,7.23,0.2,AMD|AVGO|INTC|LSCC|MPWR|MRVL|NVDA|POWI|SLAB|SMCI,AMD|AVGO|INTC|LSCC|MPWR|MRVL|NVDA|POWI|SLAB|SMCI
ALAR,10,9,-7.65,-16.34,-77.5,-2.87,-7.86,3.04,0.20999999999999996,-19.38,-96.06,0.5555555555555556,BV|CHKP|CRWD|CYBR|FTNT|PANW|QLYS|TENB|VRNS|ZS,BV|CHKP|CRWD|FTNT|PANW|QLYS|TENB|VRNS|ZS
ALB,8,7,3.73,15.24,-20.48,0.79,-3.47,7.12,7.2,8.120000000000001,-15.84,0.8571428571428571,ASH|AVNT|ENS|KRO|LAC|PLL|SQM|WLK,ASH|AVNT|ENS|KRO|LAC|SQM|WLK
ALC,10,10,0.69,9.92,10.03,-0.3,0.6749999999999999,14.27,0.015000000000000013,-4.35,-9.255,0.5,ABT|BAX|BDX|BSX|COO|ISRG|JNJ|MDT|SYK|ZBH,ABT|BAX|BDX|BSX|COO|ISRG|JNJ|MDT|SYK|ZBH
ALCO,10,9,-3.45,-0.54,-3.26,-0.69,5.04,4.45,-8.49,-4.99,-8.21,0.0,AGRO|ANDE|CAG|CALM|DAR|FDP|FMC|INGR|LMNR|SMPL,AGRO|ANDE|CAG|CALM|DAR|FMC|INGR|LMNR|SMPL
ALDF,0,0,-0.09,0.37,1.13,0.09,,,,,,,,
ALDX,10,8,6.24,-10.01,-1.3,-3.18,3.615,10.875,2.625,-20.884999999999998,-6.06,0.625,ACAD|AUPH|BHVN|CRBP|IONS|ITCI|NBIX|PRTA|RIGL|XOMA,ACAD|AUPH|BHVN|CRBP|IONS|NBIX|PRTA|RIGL
ALEC,10,8,17.4,56.54,12.97,-1.44,4.779999999999999,14.045,12.62,42.495,-7.889999999999999,1.0,ACAD|AVXL|BIIB|GILD|IONS|LLY|REGN|SAGE|SGMO|VRTX,ACAD|AVXL|BIIB|GILD|IONS|LLY|REGN|VRTX
ALF,0,0,0.18,-0.19,0.17,0.18,,,,,,,,
ALG,10,10,-0.82,-0.92,6.62,-0.08,0.595,3.375,-1.415,-4.295,-3.009999999999999,0.3,AGCO|DE|FSS|LECO|LNN|MTD|OSK|PCAR|TRN|TTC,AGCO|DE|FSS|LECO|LNN|MTD|OSK|PCAR|TRN|TTC
ALGM,10,10,-15.04,-24.82,-15.42,-2.24,-1.88,-6.055,-13.16,-18.765,-5.604999999999999,0.0,ADI|MCHP|MPWR|NXPI|ON|QRVO|SLAB|STX|SWKS|TXN,ADI|MCHP|MPWR|NXPI|ON|QRVO|SLAB|STX|SWKS|TXN
ALGN,9,8,-9.98,-8.03,-2.91,-2.71,-1.22,4.02,-8.76,-12.049999999999999,-20.895,0.125,DHR|HSIC|ITGR|JYNT|MMM|NVST|PDCO|SMMT|XRAY,DHR|HSIC|ITGR|JYNT|MMM|NVST|SMMT|XRAY
ALGS,10,8,-2.92,27.62,17.37,-4.61,4.19,8.51,-7.11,19.11,5.835000000000001,0.0,ABUS|AKRO|ALT|AMLX|ARWR|BCRX|GILD|NBIX|RAPT|VRTX,ABUS|ALT|AMLX|ARWR|BCRX|GILD|NBIX|VRTX
ALGT,9,8,-12.34,-22.89,-1.69,-3.1,-10.57,-9.004999999999999,-1.7699999999999996,-13.885000000000002,-4.6,0.25,AAL|ALK|AZUL|DAL|JBLU|LUV|SAVE|SKYW|UAL,AAL|ALK|AZUL|DAL|JBLU|LUV|SKYW|UAL
ALH,0,0,-9.85,-5.29,-3.64,-3.0,,,,,,,,
ALHC,10,10,-2.52,-36.83,-21.24,2.71,-1.02,-2.61,-1.5,-34.22,-31.599999999999998,0.2,ACHC|AMN|CI|CNC|HCA|HUM|MOH|SCHW|UHS|UNH,ACHC|AMN|CI|CNC|HCA|HUM|MOH|SCHW|UHS|UNH
ALIS,0,0,0.29,0.49,1.39,0.1,,,,,,,,
ALIT,10,9,-8.07,-30.42,-15.99,-2.0,-1.45,11.59,-6.62,-42.010000000000005,-14.35,0.0,ADP|CNDT|CSCO|FIS|G|INTU|IT|PAYX|VRSN|WNS,ADP|CNDT|CSCO|FIS|G|INTU|IT|PAYX|VRSN
ALK,9,8,-15.76,-9.79,0.41,-2.9,-10.57,-6.515000000000001,-5.1899999999999995,-3.2749999999999986,-2.5,0.125,AAL|ALGT|DAL|JBLU|LTM|LUV|SAVE|SKYW|UAL,AAL|ALGT|DAL|JBLU|LTM|LUV|SKYW|UAL
ALKS,10,10,-0.69,-6.6,32.8,-2.13,4.720000000000001,12.719999999999999,-5.41,-19.32,10.994999999999997,0.0,AMGN|BIIB|BMY|GILD|JNJ|LLY|MRK|PFE|REGN|VRTX,AMGN|BIIB|BMY|GILD|JNJ|LLY|MRK|PFE|REGN|VRTX
ALKT,10,10,-4.26,20.72,18.14,-0.62,1.27,11.495000000000001,-5.529999999999999,9.224999999999998,0.18500000000000227,0.1,ADP|EPAM|FIS|GPN|JKHY|MA|PAYX|PYPL|V|XYZ,ADP|EPAM|FIS|GPN|JKHY|MA|PAYX|PYPL|V|XYZ
ALL,10,10,-0.75,2.66,16.46,-0.5,-1.8199999999999998,0.41500000000000004,1.0699999999999998,2.245,6.245000000000001,0.6,AIG|AIZ|CINF|HIG|LNC|MET|PGR|PRU|TRV|UNM,AIG|AIZ|CINF|HIG|LNC|MET|PGR|PRU|TRV|UNM
ALLE,9,9,-2.57,15.87,25.46,-0.38,-4.23,1.65,1.6600000000000006,14.219999999999999,14.260000000000002,0.5555555555555556,AAON|AOS|AYI|DHR|HON|IR|JCI|MAS|MMM,AAON|AOS|AYI|DHR|HON|IR|JCI|MAS|MMM
ALLO,10,8,6.62,13.5,11.11,-5.14,8.6,17.645,-1.9799999999999995,-4.145,-2.4350000000000005,0.25,BEAM|CLLS|CRSP|CYTK|DTIL|EDIT|FDMT|IOBT|NTLA|SGMO,BEAM|CLLS|CRSP|CYTK|DTIL|EDIT|FDMT|NTLA
ALLR,10,10,2.57,8.98,-6.38,-2.45,1.795,0.935,0.7749999999999999,8.045,-18.995,0.6,ALKS|ARVN|AXSM|BCYC|BNTX|FATE|KOD|MRNA|NVAX|SRRK,ALKS|ARVN|AXSM|BCYC|BNTX|FATE|KOD|MRNA|NVAX|SRRK
ALLT,10,9,-4.57,-2.35,4.52,-1.59,-7.86,-1.69,3.29,-0.6600000000000001,5.05,0.6666666666666666,ANET|CHKP|CSCO|EXTR|FFIV|FTNT|JNPR|NTCT|PANW|RDWR,ANET|CHKP|CSCO|EXTR|FFIV|FTNT|NTCT|PANW|RDWR
ALLY,10,9,-5.09,-5.24,-0.68,-1.79,-3.9,-2.27,-1.19,-2.97,-12.37,0.1111111111111111,BAC|BK|C|GS|JPM|MS|PNC|TFC|USB|WFC,BAC|C|GS|JPM|MS|PNC|TFC|USB|WFC
ALM,0,0,22.78,19.0,-3.6,5.07,,,,,,,,
ALMS,10,10,-9.38,-23.22,0.36,-7.83,5.37,12.719999999999999,-14.75,-35.94,-25.825000000000003,0.0,ABBV|AMGN|BIIB|BMY|GILD|INCY|MRNA|PFE|REGN|VRTX,ABBV|AMGN|BIIB|BMY|GILD|INCY|MRNA|PFE|REGN|VRTX
ALMU,0,0,-14.89,-6.43,-28.5,-2.98,,,,,,,,
ALNT,10,9,-10.6,10.97,54.77,-3.69,-5.79,5.48,-4.81,5.49,32.440000000000005,0.2222222222222222,AKAM|ANET|BOX|CSCO|EXTR|FFIV|JNPR|MSI|NET|NOW,AKAM|ANET|BOX|CSCO|EXTR|FFIV|MSI|NET|NOW
ALNY,10,10,2.61,-12.71,-21.92,-3.93,5.175,15.43,-2.565,-28.14,-41.300000000000004,0.3,ARWR|BIIB|BMRN|CRSP|EDIT|IONS|NTLA|REGN|SRPT|VRTX,ARWR|BIIB|BMRN|CRSP|EDIT|IONS|NTLA|REGN|SRPT|VRTX
ALOT,10,10,-0.02,0.19,105.22,0.02,-3.5300000000000002,4.654999999999999,3.5100000000000002,-4.464999999999999,102.775,0.7,EGHT|KVHI|LPTH|MMSI|MRCY|NMRK|PI|TRMB|TTMI|UEIC,EGHT|KVHI|LPTH|MMSI|MRCY|NMRK|PI|TRMB|TTMI|UEIC
ALPS,0,0,-22.26,-46.43,-62.82,-5.56,,,,,,,,
ALRM,10,10,2.32,12.95,29.62,-0.49,-3.99,11.335,6.3100000000000005,1.6149999999999984,-5.434999999999999,0.7,ADT|AXON|CRWD|LIEN|OKTA|PANW|QLYS|RNG|VRTX|ZS,ADT|AXON|CRWD|LIEN|OKTA|PANW|QLYS|RNG|VRTX|ZS
ALRS,10,9,-4.68,0.48,14.96,-1.12,-3.9,-2.02,-0.7799999999999998,2.5,1.8500000000000014,0.2222222222222222,BAC|BK|C|CFG|JPM|PNC|STT|TFC|USB|WFC,BAC|C|CFG|JPM|PNC|STT|TFC|USB|WFC
ALSN,10,9,4.02,7.4,18.01,2.44,0.35,0.99,3.6699999999999995,6.41,14.940000000000001,0.8888888888888888,AXL|BWA|CMI|DAN|F|GM|LEA|OSK|PCAR|TEN,BWA|CMI|DAN|F|GM|LEA|OSK|PCAR|TEN
ALT,10,9,3.47,6.05,5.67,-4.65,8.12,13.96,-4.649999999999999,-7.910000000000001,-8.97,0.3333333333333333,ADMA|AGEN|ANIX|AVIR|BCRX|DTIL|INO|NVAX|VXRT|XFOR,ADMA|AGEN|ANIX|AVIR|BCRX|DTIL|INO|NVAX|XFOR
ALTG,10,9,-12.03,-1.26,14.36,-4.55,-2.03,2.85,-10.0,-4.11,1.2599999999999998,0.0,CAT|CMCO|DE|HEES|MGRC|MTW|OSK|TEX|TITN|URI,CAT|CMCO|DE|MGRC|MTW|OSK|TEX|TITN|URI
ALTI,10,10,-4.53,19.76,6.1,0.0,-4.005,9.690000000000001,-0.5250000000000004,10.07,-3.540000000000001,0.4,APO|BAM|BEN|BLK|BX|CG|IVZ|KKR|PFG|TROW,APO|BAM|BEN|BLK|BX|CG|IVZ|KKR|PFG|TROW
ALTO,10,10,0.06,-17.19,-10.01,0.3,1.9100000000000001,0.875,-1.85,-18.065,-11.68,0.4,ADM|AMTX|BIOX|CLNE|DAR|FCEL|GEVO|GPRE|MPC|VLO,ADM|AMTX|BIOX|CLNE|DAR|FCEL|GEVO|GPRE|MPC|VLO
ALUB,0,0,0.2,1.1,1.4,0.0,,,,,,,,
ALV,10,9,-0.43,1.58,2.57,-1.02,-2.91,-1.79,2.48,3.37,7.24,0.7777777777777778,ADNT|APTV|AXL|BWA|GNTX|LEA|MOD|TEN|THRM|VC,ADNT|APTV|BWA|GNTX|LEA|MOD|TEN|THRM|VC
ALVO,10,10,3.67,32.92,28.48,6.27,5.025,12.719999999999999,-1.3550000000000004,20.200000000000003,3.5549999999999997,0.1,ABBV|AMGN|BIIB|BMY|GILD|LLY|MRK|PFE|REGN|VRTX,ABBV|AMGN|BIIB|BMY|GILD|LLY|MRK|PFE|REGN|VRTX
ALX,10,9,-0.42,-1.1,10.69,0.03,-0.22,-6.89,-0.19999999999999998,5.789999999999999,12.58,0.4444444444444444,AKR|BRX|FRT|KIM|REG|ROIC|SITC|SPG|SRG|UE,AKR|BRX|FRT|KIM|REG|SITC|SPG|SRG|UE
ALXO,10,8,3.4,-0.69,0.8,-2.62,4.255,6.154999999999999,-0.855,-6.844999999999999,-33.575,0.375,AFMD|BHVN|BPMC|IOVA|KPTI|SRRK|TGTX|TVRD|XNCR|ZLAB,BHVN|IOVA|KPTI|SRRK|TGTX|TVRD|XNCR|ZLAB
ALZN,10,10,7.21,15.94,30.43,2.97,5.13,11.620000000000001,2.08,4.3199999999999985,5.504999999999999,0.9,ABBV|AMGN|AZN|BIIB|BMY|GILD|LLY|MRK|REGN|VRTX,ABBV|AMGN|AZN|BIIB|BMY|GILD|LLY|MRK|REGN|VRTX
AM,10,9,1.79,-1.64,1.79,0.22,0.6,-1.59,1.19,-0.04999999999999982,4.63,0.6666666666666666,ENB|ENLC|EPD|ET|KMI|MPLX|OKE|PAA|TRP|WMB,ENB|EPD|ET|KMI|MPLX|OKE|PAA|TRP|WMB
AMAL,10,10,-4.82,3.53,18.85,-0.88,-4.055,-2.145,-0.7650000000000006,5.675,7.080000000000002,0.3,BAC|C|CFG|FITB|JPM|PNC|RF|TFC|USB|WFC,BAC|C|CFG|FITB|JPM|PNC|RF|TFC|USB|WFC
AMAT,10,10,-7.87,-11.1,15.37,-0.78,-10.515,-3.1799999999999997,2.6450000000000005,-7.92,11.915,0.8,ACLS|AEIS|ASML|ENTG|FORM|KLAC|LRCX|MKSI|ONTO|TER,ACLS|AEIS|ASML|ENTG|FORM|KLAC|LRCX|MKSI|ONTO|TER
AMBA,10,10,-11.07,5.62,-12.19,-2.15,-3.1100000000000003,-7.630000000000001,-7.96,13.25,2.075000000000001,0.2,ADI|AVGO|INTC|MCHP|MPWR|NVDA|ON|QCOM|SWKS|TXN,ADI|AVGO|INTC|MCHP|MPWR|NVDA|ON|QCOM|SWKS|TXN
AMBO,10,10,-1.89,-11.49,-17.13,-0.95,-1.245,8.2,-0.6449999999999998,-19.689999999999998,-18.244999999999997,0.4,ATI|CHGG|COUR|DAO|EDU|GOTU|JZ|LRN|TAL|UTI,ATI|CHGG|COUR|DAO|EDU|GOTU|JZ|LRN|TAL|UTI
AMBP,10,8,-1.32,10.62,28.64,-0.38,-2.6100000000000003,0.285,1.2900000000000003,10.334999999999999,19.965,0.625,ATR|BALL|BERY|CCK|GPK|OI|PACK|SEE|SLGN|TG,ATR|BALL|CCK|GPK|OI|PACK|SLGN|TG
AMBQ,0,0,-12.08,-27.05,-26.16,-4.29,,,,,,,,
AMBR,10,10,-23.13,-27.46,-47.72,9.02,-2.255,0.515,-20.875,-27.975,-50.214999999999996,0.0,ATHM|BIDU|BZUN|EDU|HUYA|JOYY|MOMO|TAL|TME|WB,ATHM|BIDU|BZUN|EDU|HUYA|JOYY|MOMO|TAL|TME|WB
AMC,10,8,-5.13,10.89,64.14,-1.19,0.7949999999999999,17.775,-5.925,-6.884999999999998,40.08,0.0,CMCSA|CNK|DIS|FOX|IMAX|LGF-A|LGF-B|MCS|NCMI|RDI,CMCSA|CNK|DIS|FOX|IMAX|MCS|NCMI|RDI
AMCI,0,0,6.96,2.08,17.73,0.68,,,,,,,,
AMCR,9,7,3.62,11.22,26.17,1.26,-0.83,5.61,4.45,5.61,7.310000000000002,1.0,BALL|BERY|GPK|IP|MYE|OI|PKG|SEE|SON,BALL|GPK|IP|MYE|OI|PKG|SON
AMCX,10,10,2.91,21.75,43.01,2.06,1.315,12.345,1.5950000000000002,9.405,39.855,0.8,CHTR|CMCSA|DIS|FOX|LBTYA|NFLX|ROKU|SONY|SPOT|TTWO,CHTR|CMCSA|DIS|FOX|LBTYA|NFLX|ROKU|SONY|SPOT|TTWO
AMD,10,10,-4.25,-16.27,3.33,-0.83,-3.31,-5.33,-0.94,-10.94,7.52,0.4,ADI|AMAT|AVGO|INTC|LRCX|MRVL|MU|NVDA|QCOM|TXN,ADI|AMAT|AVGO|INTC|LRCX|MRVL|MU|NVDA|QCOM|TXN
AME,10,10,-6.5,1.05,6.61,-1.5,-2.04,4.835,-4.46,-3.785,-2.999999999999999,0.1,DHR|EMR|FTV|HON|IEX|ITW|KEYS|MSI|ROK|TRMB,DHR|EMR|FTV|HON|IEX|ITW|KEYS|MSI|ROK|TRMB
AMG,10,9,-3.07,2.64,18.09,0.12,-4.53,10.16,1.4600000000000004,-7.52,8.35,0.5555555555555556,APO|BAM|BEN|BLK|BX|CG|IVZ|JHG|KKR|TROW,APO|BAM|BEN|BLK|BX|CG|IVZ|KKR|TROW
AMGN,10,10,4.53,19.31,31.72,-1.26,5.37,12.719999999999999,-0.8399999999999999,6.59,10.695,0.4,ABBV|BIIB|BMY|GILD|ILMN|MRNA|NBIX|PFE|REGN|VRTX,ABBV|BIIB|BMY|GILD|ILMN|MRNA|NBIX|PFE|REGN|VRTX
AMH,10,9,0.59,3.83,6.99,0.35,-0.38,-0.76,0.97,4.59,4.87,0.7777777777777778,AIV|AVB|CPT|EQR|ESS|INVH|IRT|MAA|TOWN|UDR,AIV|AVB|CPT|ESS|INVH|IRT|MAA|TOWN|UDR
AMIX,10,9,-20.48,37.06,-22.8,-7.7,-0.85,13.62,-19.63,23.440000000000005,-32.97,0.0,ABT|ALGN|BSX|EW|HOLX|ISRG|JNJ|MDT|SYK|ZBH,ABT|ALGN|BSX|EW|ISRG|JNJ|MDT|SYK|ZBH
AMKR,10,10,-12.55,-24.59,-26.26,-0.75,-7.465,-7.630000000000001,-5.085000000000001,-16.96,-24.610000000000003,0.1,ADI|ASX|AVGO|KLAC|LRCX|ON|QCOM|TER|TSM|TXN,ADI|ASX|AVGO|KLAC|LRCX|ON|QCOM|TER|TSM|TXN
AMLX,10,9,75.0,122.26,189.05,1.75,2.81,11.08,72.19,111.18,178.03,1.0,ACAD|ALNY|BIIB|BMRN|CYTK|NBIX|RARE|SAGE|SRPT|VRTX,ACAD|ALNY|BIIB|BMRN|CYTK|NBIX|RARE|SRPT|VRTX
AMN,10,7,2.2,3.1,31.24,-0.2,-1.15,9.45,3.35,-6.35,25.56,0.7142857142857143,ACHC|CTLT|CYH|DGX|DVA|HCA|SEM|SSY|THC|UHS,ACHC|CYH|DGX|DVA|HCA|THC|UHS
AMOD,0,0,-9.43,7.83,-49.63,-6.24,,,,,,,,
AMP,10,10,-2.15,6.0,22.12,-0.3,-3.305,1.8849999999999998,1.1550000000000002,4.115,5.860000000000003,0.8,BAC|GS|HOOD|JPM|LPLA|MS|PERI|RJF|SCHW|SF,BAC|GS|HOOD|JPM|LPLA|MS|PERI|RJF|SCHW|SF
AMPG,10,10,-42.57,-46.83,-22.35,-3.64,-3.89,-4.74,-38.68,-42.089999999999996,-21.68,0.0,ADTN|AIRG|ANET|AUDC|BELFB|CMTL|ELTK|GLW|MPTI|VISN,ADTN|AIRG|ANET|AUDC|BELFB|CMTL|ELTK|GLW|MPTI|VISN
AMPH,10,10,6.1,10.93,18.42,-1.52,5.13,11.085,0.9699999999999998,-0.15500000000000114,-3.384999999999998,0.9,ABBV|AZN|BMY|GILD|JNJ|LLY|MRK|PFE|REGN|VRTX,ABBV|AZN|BMY|GILD|JNJ|LLY|MRK|PFE|REGN|VRTX
AMPL,10,10,-3.71,46.53,97.33,-0.17,-4.16,23.165,0.4500000000000002,23.365000000000002,67.15,0.5,APPF|CRWD|DDOG|MDB|MSFT|NCNO|OKTA|SNOW|TEAM|ZM,APPF|CRWD|DDOG|MDB|MSFT|NCNO|OKTA|SNOW|TEAM|ZM
AMPX,10,8,-16.21,-1.63,-33.61,-5.92,-9.93,-5.215,-6.280000000000001,3.585,-8.244999999999997,0.25,ALB|CBAT|ENVX|IONQ|NXU|PLL|QS|SES|SLDP|TE,ALB|CBAT|ENVX|IONQ|QS|SES|SLDP|TE
AMPY,10,8,0.83,18.78,-5.98,1.67,8.595,9.075,-7.765000000000001,9.705000000000002,-12.805,0.0,APA|AR|COP|DVN|EOG|FANG|HES|MRO|NOG|OXY,APA|AR|COP|DVN|EOG|FANG|NOG|OXY
AMR,10,9,24.72,32.68,11.15,-0.18,5.13,8.17,19.59,24.509999999999998,-1.799999999999999,1.0,ARCH|ARLP|BTG|BTU|CNR|CNX|HCC|METC|NRP|SXC,ARLP|BTG|BTU|CNR|CNX|HCC|METC|NRP|SXC
AMRC,9,8,-20.4,-5.43,-25.04,-12.9,-4.585,-2.435,-15.814999999999998,-2.9949999999999997,-19.865,0.0,AES|AY|BEP|ENPH|FCEL|HASI|NEE|ORA|RUN,AES|BEP|ENPH|FCEL|HASI|NEE|ORA|RUN
AMRN,10,8,0.21,3.43,-0.63,-1.39,4.08,5.33,-3.87,-1.9,-11.28,0.0,AKBA|DVAX|GILD|ITCI|MDGL|NBIX|REGN|SRPT|VKTX|VRTX,AKBA|GILD|MDGL|NBIX|REGN|SRPT|VKTX|VRTX
AMRX,9,9,3.93,1.12,46.76,-0.89,3.99,7.25,-0.06000000000000005,-6.13,38.18,0.4444444444444444,FMS|JNJ|NVS|PFE|PRGO|RDY|SNN|TAK|TEVA,FMS|JNJ|NVS|PFE|PRGO|RDY|SNN|TAK|TEVA
AMRZ,0,0,-2.99,-8.49,-9.29,0.02,,,,,,,,
AMS,10,9,-9.38,1.4,9.02,-5.23,0.42,8.12,-9.8,-6.719999999999999,-3.9700000000000006,0.1111111111111111,ACHC|ADUS|CYH|EHC|HCA|MD|PNTG|SEM|THC|UHS,ACHC|ADUS|CYH|EHC|HCA|MD|PNTG|THC|UHS
AMSC,10,10,-4.82,-10.2,-39.06,-3.75,-4.5600000000000005,3.3899999999999997,-0.2599999999999998,-13.59,-53.540000000000006,0.5,BA|DHR|EMR|ETN|GE|HON|IR|ITRI|MMM|ROK,BA|DHR|EMR|ETN|GE|HON|IR|ITRI|MMM|ROK
AMSF,10,10,-4.93,-16.99,-17.57,-1.23,-0.585,-0.9550000000000001,-4.345,-16.034999999999997,-21.385,0.0,AIG|ALL|CB|CINF|HIG|MCY|PGR|RLI|TRV|WRB,AIG|ALL|CB|CINF|HIG|MCY|PGR|RLI|TRV|WRB
AMST,10,10,-11.12,-2.98,-53.15,1.16,-2.255,-3.2699999999999996,-8.864999999999998,0.2899999999999996,-46.595,0.1,ATAI|CECO|CHGG|COUR|DUOL|EDU|LINC|NRDY|PRDO|UTI,ATAI|CECO|CHGG|COUR|DUOL|EDU|LINC|NRDY|PRDO|UTI
AMT,8,8,1.61,6.59,-3.81,1.44,0.09499999999999999,3.2199999999999998,1.5150000000000001,3.37,-2.91,0.75,CCI|COR|DLR|EQIX|IRM|SBAC|UNIT|WY,CCI|COR|DLR|EQIX|IRM|SBAC|UNIT|WY
AMTB,10,10,-3.2,11.03,25.59,-0.92,-4.255,-3.52,1.0549999999999997,14.549999999999999,19.57,0.7,BANC|CNOB|FFBC|FNB|FULT|HOMB|OZK|TCBI|UBSI|WAL,BANC|CNOB|FFBC|FNB|FULT|HOMB|OZK|TCBI|UBSI|WAL
AMTD,10,10,7.97,-3.65,-19.61,10.81,-3.305,-0.915,11.275,-2.735,-35.87,1.0,BAC|GS|HOOD|IBKR|JPM|LPLA|MS|RJF|SCHW|TDOC,BAC|GS|HOOD|IBKR|JPM|LPLA|MS|RJF|SCHW|TDOC
AMTM,0,0,-5.11,-4.0,-8.61,-2.23,,,,,,,,
AMTX,10,9,4.1,5.92,-15.75,-2.65,-1.87,-4.17,5.97,10.09,-10.29,0.7777777777777778,ADM|BIOX|CDXS|CLNE|DAR|FCEL|GEVO|NVVE|OPTT|RYAM,ADM|BIOX|CDXS|CLNE|DAR|FCEL|GEVO|OPTT|RYAM
AMWL,10,10,-7.24,2.94,52.13,-3.2,-2.435,-5.835,-4.805,8.775,39.11,0.1,CLOV|CNC|DOCS|EHTH|GDRX|GH|HIMS|MOH|OMCL|TDOC,CLOV|CNC|DOCS|EHTH|GDRX|GH|HIMS|MOH|OMCL|TDOC
AMX,10,10,1.35,-9.74,-11.64,0.11,-2.115,2.6950000000000003,3.4650000000000003,-12.435,-3.330000000000002,0.8,AD|ATNI|CCI|LILA|LUMN|SBAC|SHEN|T|TMUS|VZ,AD|ATNI|CCI|LILA|LUMN|SBAC|SHEN|T|TMUS|VZ
AMZE,10,9,-7.09,-74.11,-83.66,-8.55,-1.01,2.73,-6.08,-76.84,-82.25999999999999,0.2222222222222222,BF-B|BLNE|BUD|CCU|DEO|NAPA|SAM|STZ|TAP|WVVI,BF-B|BLNE|BUD|CCU|DEO|SAM|STZ|TAP|WVVI
AMZN,10,10,-1.57,6.58,-1.53,-1.83,-1.215,3.565,-0.355,3.015,6.234999999999999,0.5,BABA|COST|EBAY|GOOGL|JD|MELI|MSFT|SHOP|TGT|WMT,BABA|COST|EBAY|GOOGL|JD|MELI|MSFT|SHOP|TGT|WMT
AN,10,10,-3.81,-2.67,8.56,-0.05,-0.32999999999999996,-2.61,-3.48,-0.06000000000000005,7.095000000000001,0.2,AAP|ABG|AZO|GPI|KMX|LAD|ORLY|PAG|SAH|TSLA,AAP|ABG|AZO|GPI|KMX|LAD|ORLY|PAG|SAH|TSLA
ANAB,10,9,2.0,8.61,-4.89,-3.58,6.08,15.93,-4.08,-7.32,-32.17,0.2222222222222222,ALNY|BLUE|BMRN|EXEL|INCY|IONS|REGN|RGEN|SRPT|VRTX,ALNY|BMRN|EXEL|INCY|IONS|REGN|RGEN|SRPT|VRTX
ANDE,10,10,5.67,-14.89,-2.57,1.67,4.7,-3.08,0.9699999999999998,-11.81,-4.385,0.8,ADM|AGRO|BG|CAG|CALM|DAR|FMC|INGR|MIDD|TSN,ADM|AGRO|BG|CAG|CALM|DAR|FMC|INGR|MIDD|TSN
ANDG,0,0,1.75,18.65,31.02,9.16,,,,,,,,
ANET,10,9,-9.15,5.79,31.67,-0.78,-5.79,-1.5,-3.3600000000000003,7.29,32.2,0.3333333333333333,AVGO|CSCO|DELL|EXTR|FFIV|HPE|IBM|JNPR|NOK|NTAP,AVGO|CSCO|DELL|EXTR|FFIV|HPE|IBM|NOK|NTAP
ANF,9,8,-4.74,7.94,38.72,-1.85,-5.915,-6.89,1.1749999999999998,14.83,33.3,0.625,AEO|BURL|DLTR|JWN|KSS|M|ROST|TJX|URBN,AEO|BURL|DLTR|KSS|M|ROST|TJX|URBN
ANGH,10,10,-7.82,-0.9,-1.79,-2.52,2.1550000000000002,3.175,-9.975000000000001,-4.075,-2.52,0.0,AAPL|AMZN|DIS|GOOGL|NFLX|ROKU|SIRI|SPOT|TME|WMG,AAPL|AMZN|DIS|GOOGL|NFLX|ROKU|SIRI|SPOT|TME|WMG
ANGI,10,8,-4.87,-20.5,-9.37,-4.27,-5.5649999999999995,8.89,0.6949999999999994,-29.39,-25.09,0.625,ETH|HOFT|HVT|LZB|PRTS|RH|SCS|TCS|TREX|W,ETH|HOFT|HVT|LZB|PRTS|RH|TREX|W
ANGO,10,9,2.48,16.13,35.89,-0.13,-0.85,13.62,3.33,2.51,17.88,0.6666666666666666,ABT|BAX|BSX|EW|HOLX|JNJ|MDT|SYK|XRAY|ZBH,ABT|BAX|BSX|EW|JNJ|MDT|SYK|XRAY|ZBH
ANGX,0,0,3.59,6.8,79.72,-2.72,,,,,,,,
ANIK,10,10,0.47,41.71,40.49,0.05,4.4,14.045,-3.9300000000000006,27.665,18.37,0.1,AMGN|BIIB|BMRN|GILD|INCY|IONS|NBIX|REGN|SRPT|VRTX,AMGN|BIIB|BMRN|GILD|INCY|IONS|NBIX|REGN|SRPT|VRTX
ANIP,10,10,2.98,-0.79,-6.1,-1.31,4.445,12.940000000000001,-1.4650000000000003,-13.73,-34.355000000000004,0.2,AMGN|BIIB|BMRN|GILD|ILMN|INCY|NBIX|REGN|UTHR|VRTX,AMGN|BIIB|BMRN|GILD|ILMN|INCY|NBIX|REGN|UTHR|VRTX
ANIX,10,8,13.12,2.84,32.6,-2.43,0.8499999999999999,-1.91,12.27,4.75,30.42,0.875,ADAP|AFMD|ARQT|BGMS|BNTC|FATE|INO|KPTI|MDGL|MRKR,ARQT|BGMS|BNTC|FATE|INO|KPTI|MDGL|MRKR
ANL,10,10,6.65,3.43,20.73,-4.29,4.720000000000001,12.719999999999999,1.9299999999999997,-9.29,-1.0749999999999993,0.9,AMGN|BIIB|BMY|GILD|JNJ|LLY|MRK|PFE|REGN|VRTX,AMGN|BIIB|BMY|GILD|JNJ|LLY|MRK|PFE|REGN|VRTX
ANNA,0,0,13.4,-23.38,-14.09,-0.18,,,,,,,,
ANNX,10,7,-0.19,0.38,4.17,-4.64,7.23,14.93,-7.420000000000001,-14.549999999999999,-17.630000000000003,0.14285714285714285,ALLO|BLUE|CRSP|EDIT|FOLD|MYO|NTLA|RARE|SGMO|VRTX,ALLO|CRSP|EDIT|MYO|NTLA|RARE|VRTX
ANPA,0,0,-0.99,4.42,-40.53,0.75,,,,,,,,
ANRO,10,10,5.53,25.17,64.03,-2.29,4.225,10.545,1.3050000000000006,14.625000000000002,48.455,0.9,ACAD|AXSM|BIIB|BMY|CYTK|LLY|NBIX|REGN|SRPT|VRTX,ACAD|AXSM|BIIB|BMY|CYTK|LLY|NBIX|REGN|SRPT|VRTX
ANSC,0,0,,0.0,0.88,0.0,,,,,,,,
ANTA,0,0,-3.04,2.97,-55.18,-5.93,,,,,,,,
ANTX,10,10,-2.17,19.63,27.45,-2.14,4.59,14.605,-6.76,5.024999999999999,7.134999999999998,0.0,ALNY|BIIB|BMRN|BNTX|GILD|MRNA|NVAX|PFE|REGN|VRTX,ALNY|BIIB|BMRN|BNTX|GILD|MRNA|NVAX|PFE|REGN|VRTX
ANVS,10,9,3.85,6.84,-8.87,0.49,4.27,11.08,-0.4199999999999995,-4.24,-15.219999999999999,0.4444444444444444,ACAD|AVXL|AXSM|BIIB|NBIX|NERV|PRQR|PRTA|RNA|SAVA,ACAD|AVXL|AXSM|BIIB|NBIX|NERV|PRQR|PRTA|RNA
ANY,10,9,-4.78,22.09,8.15,-1.49,8.74,-3.85,-13.52,25.94,27.660000000000004,0.0,ARBK|BITF|BTBT|CAN|EBON|HIVE|MARA|MSTR|RIOT|SOS,ARBK|BTBT|CAN|EBON|HIVE|MARA|MSTR|RIOT|SOS
AOMR,10,10,-3.33,-1.92,3.57,-1.58,-0.25,-0.595,-3.08,-1.325,7.5600000000000005,0.0,AGNC|ARR|BXMT|CHMI|CIM|IVR|NLY|RWT|STWD|TWO,AGNC|ARR|BXMT|CHMI|CIM|IVR|NLY|RWT|STWD|TWO
AON,9,9,-0.59,0.75,10.54,1.84,0.89,7.55,-1.48,-6.8,-8.43,0.4444444444444444,AJG|BRO|CINF|EIG|ERIE|MRSH|PRI|RLI|TRV,AJG|BRO|CINF|EIG|ERIE|MRSH|PRI|RLI|TRV
AORT,10,10,0.35,13.4,25.76,-1.08,-0.725,13.934999999999999,1.075,-0.5349999999999984,18.080000000000002,0.6,ABT|BSX|EW|IART|ISRG|MDT|NVCR|SYK|TFX|ZBH,ABT|BSX|EW|IART|ISRG|MDT|NVCR|SYK|TFX|ZBH
AOS,10,10,0.85,6.2,11.2,-1.21,-3.965,0.75,4.8149999999999995,5.45,-0.6800000000000015,0.9,DOV|ETN|GNRC|IR|ITW|NDSN|PH|ROK|SWK|XYL,DOV|ETN|GNRC|IR|ITW|NDSN|PH|ROK|SWK|XYL
AOSL,10,10,-14.68,-24.82,-35.65,-3.74,-2.7649999999999997,-8.88,-11.915,-15.94,-22.88,0.1,ADI|AVGO|MCHP|MPWR|NXPI|ON|PENG|QRVO|SLAB|TXN,ADI|AVGO|MCHP|MPWR|NXPI|ON|PENG|QRVO|SLAB|TXN
AOUT,10,9,-11.2,-15.59,25.64,-0.73,-0.43,-0.3,-10.77,-15.29,21.19,0.0,CAT|GD|LMT|NOC|NPK|PODD|RGR|SWBI|VSTO|WRAP,CAT|GD|LMT|NOC|NPK|PODD|RGR|SWBI|WRAP
AP,10,8,-5.64,3.86,-9.57,-2.78,-8.870000000000001,5.51,3.2300000000000013,-1.65,-17.085,0.75,ATI|CLF|CMC|MT|NUE|RS|STLD|TX|X|ZEUS,ATI|CLF|CMC|MT|NUE|RS|STLD|TX
APA,9,7,11.85,23.66,13.78,2.93,7.56,8.16,4.29,15.5,5.949999999999999,1.0,COP|CVX|DVN|EOG|FANG|HES|MRO|OXY|XOM,COP|CVX|DVN|EOG|FANG|OXY|XOM
APAC,0,0,0.39,0.69,1.39,0.29,,,,,,,,
APAM,10,8,-0.55,8.89,16.45,-0.13,-1.33,5.07,0.78,3.8200000000000003,5.18,0.625,AB|AMP|BEN|BLK|EV|FHI|IVZ|JHG|NTRS|TROW,AB|AMP|BEN|BLK|FHI|IVZ|NTRS|TROW
APD,9,8,1.2,4.1,6.92,2.01,3.865,1.0350000000000001,-2.665,3.0649999999999995,13.31,0.25,ALB|CC|CE|DOW|EMN|LIN|LYB|PPG|PX,ALB|CC|CE|DOW|EMN|LIN|LYB|PPG
APEI,10,9,-2.14,-6.41,-16.41,-1.07,0.02,6.3,-2.16,-12.71,-12.74,0.3333333333333333,ATGE|BFAM|CHGG|EDU|LAUR|LINC|LOPE|NRDY|PRDO|STRA,BFAM|CHGG|EDU|LAUR|LINC|LOPE|NRDY|PRDO|STRA
APG,10,10,-3.36,7.88,-0.05,-1.15,-3.09,-0.8,-0.27,8.68,4.68,0.4,ACM|AGX|DY|FIX|FLR|J|PRIM|PWR|TPC|VSEC,ACM|AGX|DY|FIX|FLR|J|PRIM|PWR|TPC|VSEC
APGE,10,9,0.25,0.52,65.6,0.05,4.18,17.22,-3.9299999999999997,-16.7,43.8,0.1111111111111111,ALNY|BMRN|CRSP|IONS|NTLA|QURE|REGN|SGMO|SRPT|VRTX,ALNY|BMRN|CRSP|IONS|NTLA|QURE|REGN|SRPT|VRTX
APH,9,9,-7.0,-2.14,25.27,-1.23,-3.96,-0.37,-3.04,-1.77,30.31,0.2222222222222222,ADI|GLW|ITRI|JBL|LITE|MXL|NOK|ROP|TEL,ADI|GLW|ITRI|JBL|LITE|MXL|NOK|ROP|TEL
API,10,10,-11.3,9.86,12.45,-2.63,-3.1550000000000002,17.285,-8.145,-7.425000000000001,0.5799999999999983,0.1,ADP|BAND|EGHT|ETSY|FIVN|NICE|RNG|TTEC|TWLO|ZM,ADP|BAND|EGHT|ETSY|FIVN|NICE|RNG|TTEC|TWLO|ZM
APLD,10,9,-8.54,-6.9,-29.14,-0.81,4.77,-13.9,-13.309999999999999,7.0,-11.05,0.1111111111111111,BITF|BTBT|CIFR|CLSK|FSLY|HIVE|HUT|IREN|MARA|RIOT,BTBT|CIFR|CLSK|FSLY|HIVE|HUT|IREN|MARA|RIOT
APLE,10,10,3.62,-2.98,13.1,0.46,2.285,-5.405,1.335,2.4250000000000003,-2.0900000000000016,0.7,AHT|BHR|CLDT|HST|INN|PEB|PK|RLJ|SHO|XHR,AHT|BHR|CLDT|HST|INN|PEB|PK|RLJ|SHO|XHR
APLM,10,9,33.9,25.05,71.97,-1.4,4.53,12.16,29.369999999999997,12.89,44.69,1.0,AMGN|BIIB|BLUE|BMRN|EXEL|GILD|INCY|NBIX|REGN|VRTX,AMGN|BIIB|BMRN|EXEL|GILD|INCY|NBIX|REGN|VRTX
APO,10,10,-8.67,10.16,-0.84,-1.87,-4.95,9.7,-3.7199999999999998,0.46000000000000085,-8.53,0.0,ARES|BX|CG|EVR|FSK|HLNE|KKR|LAZ|MC|PAX,ARES|BX|CG|EVR|FSK|HLNE|KKR|LAZ|MC|PAX
APOG,10,9,-4.06,1.64,19.03,-1.97,-2.55,9.79,-1.5099999999999998,-8.149999999999999,6.510000000000002,0.2222222222222222,AMWD|AWI|BLDR|JELD|LPX|MAS|MHK|NVR|SWK|TREX,AWI|BLDR|JELD|LPX|MAS|MHK|NVR|SWK|TREX
APP,10,10,-0.87,-24.86,-35.73,-0.35,-4.18,1.505,3.3099999999999996,-26.365,-32.114999999999995,0.9,APPS|CRTO|GOOGL|META|MGNI|PERI|PUBM|RBLX|SNAP|TTD,APPS|CRTO|GOOGL|META|MGNI|PERI|PUBM|RBLX|SNAP|TTD
APPF,10,10,6.79,34.28,33.31,1.33,0.315,26.725,6.475,7.555,16.800000000000004,1.0,ADBE|CRM|DOCU|HUBS|INTU|NOW|ORCL|REZI|WDAY|YEXT,ADBE|CRM|DOCU|HUBS|INTU|NOW|ORCL|REZI|WDAY|YEXT
APPN,10,10,1.95,66.65,76.8,0.53,-3.625,23.975,5.575,42.675000000000004,62.144999999999996,0.7,CRM|MSFT|NOW|ORCL|PEGA|SNOW|TWLO|UBER|WDAY|ZS,CRM|MSFT|NOW|ORCL|PEGA|SNOW|TWLO|UBER|WDAY|ZS
APPS,8,8,-14.42,27.21,137.36,-3.83,-2.315,11.66,-12.105,15.55,113.06500000000001,0.0,CRTO|DV|FLNT|MGNI|PERI|PUBM|RAMP|TTD,CRTO|DV|FLNT|MGNI|PERI|PUBM|RAMP|TTD
APRE,10,10,1.34,3.03,-24.44,1.34,4.720000000000001,12.719999999999999,-3.380000000000001,-9.69,-46.56,0.0,AMGN|BIIB|BMY|GILD|INCY|MRK|NBIX|PFE|REGN|VRTX,AMGN|BIIB|BMY|GILD|INCY|MRK|NBIX|PFE|REGN|VRTX
APT,10,9,-4.21,2.15,-14.4,-2.79,-0.74,1.12,-3.4699999999999998,1.0299999999999998,-26.48,0.3333333333333333,CODX|CTAS|EBS|HON|LAKE|MMM|MSA|NVAX|OSUR|WBA,CODX|CTAS|EBS|HON|LAKE|MMM|MSA|NVAX|OSUR
APTV,9,9,-3.31,-18.34,-12.88,-2.81,-0.92,-1.79,-2.39,-16.55,-14.88,0.2222222222222222,ADNT|ALV|BWA|GNTX|LEA|MGA|SMP|STLD|TEN,ADNT|ALV|BWA|GNTX|LEA|MGA|SMP|STLD|TEN
APUS,0,0,-9.15,-35.3,-69.28,-2.73,,,,,,,,
APVO,10,10,-17.65,-37.08,-38.53,2.56,4.720000000000001,12.719999999999999,-22.369999999999997,-49.8,-60.335,0.0,AMGN|BIIB|BMY|GILD|JNJ|LLY|MRK|PFE|REGN|VRTX,AMGN|BIIB|BMY|GILD|JNJ|LLY|MRK|PFE|REGN|VRTX
APWC,10,9,-4.29,-3.64,-2.88,-2.33,0.23,-2.6,-4.5200000000000005,-1.04,-0.17999999999999972,0.3333333333333333,AVY|BGC|DOW|EMN|GLW|KALU|KEM|LYB|PPG|STLD,AVY|BGC|DOW|EMN|GLW|KALU|LYB|PPG|STLD
APXT,0,0,0.05,-0.34,0.95,-0.05,,,,,,,,
APYX,10,7,-0.66,-22.76,-20.32,-4.13,-1.85,0.16,1.19,-22.92,-30.715,0.5714285714285714,ALGN|ATEC|CUTR|EOLS|INMD|IRIX|MLAB|PINC|RVNC|SRDX,ALGN|ATEC|EOLS|INMD|IRIX|MLAB|PINC
AQB,10,9,-11.33,40.75,38.25,0.0,0.47,14.93,-11.8,25.82,7.260000000000002,0.1111111111111111,ALKS|AMGN|ANIK|BIO|BMRN|CRIS|CTMX|EDIT|ESPR|EXEL,ALKS|AMGN|ANIK|BIO|BMRN|CRIS|CTMX|EDIT|EXEL
AQMS,10,10,-5.38,-1.92,-31.87,0.29,-0.07,2.21,-5.31,-4.13,-43.525000000000006,0.0,BMI|CLH|CWST|ECL|HDSN|MTRX|PESI|PNR|TTEK|VRSK,BMI|CLH|CWST|ECL|HDSN|MTRX|PESI|PNR|TTEK|VRSK
AQN,10,10,0.6,-1.76,-0.59,0.6,0.09000000000000002,-4.0600000000000005,0.51,2.3000000000000007,0.17000000000000004,0.6,AEP|D|DUK|ED|ES|NEE|PEG|SO|SRE|XEL,AEP|D|DUK|ED|ES|NEE|PEG|SO|SRE|XEL
AQST,10,6,4.71,12.94,6.71,-3.16,4.495,6.7700000000000005,0.21499999999999986,6.169999999999999,-7.555000000000001,0.6666666666666666,ACRS|APLS|ASND|BPMC|CRSP|GERN|GLPG|MDGL|MGNX|XOMA,ACRS|ASND|CRSP|GERN|MDGL|MGNX
AR,10,8,2.85,7.37,-0.29,2.17,7.975,9.075,-5.125,-1.7049999999999992,-5.455,0.25,APA|BKR|COP|DVN|EOG|FANG|HES|MRO|OXY|RRC,APA|BKR|COP|DVN|EOG|FANG|OXY|RRC
ARAI,0,0,0.04,-21.69,-64.61,-2.91,,,,,,,,
ARAY,10,9,5.74,20.57,-12.44,-1.19,-0.44,14.25,6.180000000000001,6.32,-22.61,0.8888888888888888,BSX|CNMD|EW|HOLX|ISRG|MDT|PEN|STAA|VRTX|ZBH,BSX|CNMD|EW|ISRG|MDT|PEN|STAA|VRTX|ZBH
ARBB,10,10,-2.15,-2.65,-8.04,5.49,-2.295,-1.135,0.14500000000000002,-1.515,-5.604999999999999,0.5,AAPL|AMD|AMZN|CRM|CSCO|GOOGL|INTC|MSFT|NVDA|RBLX,AAPL|AMD|AMZN|CRM|CSCO|GOOGL|INTC|MSFT|NVDA|RBLX
ARBE,10,10,-0.7,2.94,-23.36,-1.47,-11.83,1.94,11.13,1.0,-0.18999999999999773,0.9,AEVA|AMBA|INTC|INVZ|LAZR|LIDR|MRAM|MVIS|NVDA|OUST,AEVA|AMBA|INTC|INVZ|LAZR|LIDR|MRAM|MVIS|NVDA|OUST
ARBK,10,9,3.81,-3.85,-21.05,2.39,4.79,-12.03,-0.98,8.18,-6.09,0.3333333333333333,BITF|BTBT|CAN|CLSK|EBON|HIVE|HUT|MARA|RIOT|SOS,BTBT|CAN|CLSK|EBON|HIVE|HUT|MARA|RIOT|SOS
ARCB,10,10,-6.7,-14.1,9.51,-0.63,-4.285,-9.41,-2.415,-4.6899999999999995,11.55,0.1,CHRW|EXPD|JBHT|KNX|LSTR|ODFL|R|SAIA|SNDR|XPO,CHRW|EXPD|JBHT|KNX|LSTR|ODFL|R|SAIA|SNDR|XPO
ARCC,10,10,-1.79,5.14,6.04,0.13,-1.665,9.36,-0.125,-4.22,2.935,0.5,CGBD|GAIN|GSBD|HTGC|MAIN|PNNT|PSEC|SLRC|TCPC|TPVG,CGBD|GAIN|GSBD|HTGC|MAIN|PNNT|PSEC|SLRC|TCPC|TPVG
ARCO,10,10,-4.36,-7.87,-14.26,0.06,-1.0,8.425,-3.3600000000000003,-16.295,-23.935000000000002,0.1,BJRI|CMG|DPZ|DRI|EAT|MCD|QSR|SHAK|WEN|YUM,BJRI|CMG|DPZ|DRI|EAT|MCD|QSR|SHAK|WEN|YUM
ARCT,10,7,42.74,89.19,64.5,9.13,4.91,17.11,37.83,72.08,55.480000000000004,0.8571428571428571,ADAP|ADMA|ALT|BNTX|DVAX|INO|MRNA|NVAX|PFE|VXRT,ADMA|ALT|BNTX|INO|MRNA|NVAX|PFE
ARDT,10,8,-5.28,0.66,10.46,-1.71,-1.08,8.785,-4.2,-8.125,1.125,0.125,ACHC|ADUS|AHH|BKD|CYH|EHC|HCA|SEM|THC|UHS,ACHC|ADUS|BKD|CYH|EHC|HCA|THC|UHS
ARDX,10,10,-0.09,-23.1,-37.7,-3.06,3.495,11.895,-3.585,-34.995000000000005,-56.06,0.2,AKTX|AMGN|BMRN|ENTA|EXEL|IRWD|NBIX|REGN|SRPT|VRTX,AKTX|AMGN|BMRN|ENTA|EXEL|IRWD|NBIX|REGN|SRPT|VRTX
ARE,10,10,4.34,1.77,5.6,-0.06,-0.86,-1.195,5.2,2.965,-11.430000000000001,1.0,BXP|CUZ|DEI|ESRT|HIW|HPP|KRC|PDM|SLG|VNO,BXP|CUZ|DEI|ESRT|HIW|HPP|KRC|PDM|SLG|VNO
AREC,10,9,-7.85,46.82,21.44,-3.07,5.79,8.68,-13.64,38.14,10.290000000000001,0.0,AMR|ARCH|ARLP|BTU|CNR|CNX|HCC|METC|SXC|TECK,AMR|ARLP|BTU|CNR|CNX|HCC|METC|SXC|TECK
AREN,9,8,-12.61,2.97,-33.33,-1.89,0.62,6.255,-13.229999999999999,-3.2849999999999997,-42.245,0.0,DIS|NWSA|NYT|SCHW|SSP|TDAY|TGNA|TRUP|VRTS,DIS|NWSA|NYT|SCHW|SSP|TDAY|TRUP|VRTS
ARES,10,10,-5.76,17.8,15.35,-1.57,-4.46,10.265,-1.2999999999999998,7.535,7.38,0.3,APO|BAM|BX|BXMT|CG|HLNE|KKR|KYN|MC|WELL,APO|BAM|BX|BXMT|CG|HLNE|KKR|KYN|MC|WELL
ARGX,10,10,21.04,21.78,28.97,0.37,4.484999999999999,10.684999999999999,16.555,11.095000000000002,14.559999999999999,1.0,BIIB|GILD|INCY|IONS|KYNB|NBIX|RCUS|REGN|VRTX|XBIT,BIIB|GILD|INCY|IONS|KYNB|NBIX|RCUS|REGN|VRTX|XBIT
ARHS,10,9,-1.08,28.97,60.18,-2.4,-3.98,6.08,2.9,22.89,34.55,0.7777777777777778,AMWD|BSET|ETH|HVT|LEG|LOVE|MHK|RH|W|WSM,BSET|ETH|HVT|LEG|LOVE|MHK|RH|W|WSM
ARI,10,10,-0.62,1.28,-6.37,-0.48,-1.775,0.29000000000000004,1.1549999999999998,0.99,-2.825,0.8,ABR|ACRE|BXMT|CHMI|GPMT|KREF|LADR|RC|STWD|TRTX,ABR|ACRE|BXMT|CHMI|GPMT|KREF|LADR|RC|STWD|TRTX
ARKO,10,10,2.48,-43.62,-36.57,-1.88,2.005,3.095,0.4750000000000001,-46.714999999999996,-52.57,0.6,CASY|CVI|DK|MPC|MUSA|PARR|PSX|SUN|VLO|XOM,CASY|CVI|DK|MPC|MUSA|PARR|PSX|SUN|VLO|XOM
ARKR,9,9,2.41,-3.45,-14.15,2.78,-3.75,13.88,6.16,-17.330000000000002,-45.77,1.0,BJRI|BLMN|CAKE|DIN|DRI|EAT|RRGB|TXRH|WING,BJRI|BLMN|CAKE|DIN|DRI|EAT|RRGB|TXRH|WING
ARL,10,9,1.7,5.58,10.94,-0.77,0.71,-0.9,0.99,6.48,8.82,0.8888888888888888,AVB|CPT|ELS|EQR|ESS|INVH|MAA|O|SUI|UDR,AVB|CPT|ELS|ESS|INVH|MAA|O|SUI|UDR
ARLO,10,9,-8.06,2.04,1.1,-2.73,-9.15,5.48,1.0899999999999999,-3.4400000000000004,-15.92,0.5555555555555556,ADTN|ANET|CSCO|EXTR|HPE|JNPR|NET|NTGR|NTNX|S,ADTN|ANET|CSCO|EXTR|HPE|NET|NTGR|NTNX|S
ARLP,10,9,5.91,5.78,5.61,1.07,3.12,8.17,2.79,-2.3899999999999997,3.0300000000000002,0.7777777777777778,ARCH|BHP|BTU|CNR|CNX|HNRG|NRP|RIO|SXC|VALE,BHP|BTU|CNR|CNX|HNRG|NRP|RIO|SXC|VALE
ARM,10,10,-11.73,-13.21,-4.19,-1.31,-3.225,-4.57,-8.505,-8.64,-8.881784197001252e-16,0.2,ADI|AMD|AVGO|INTC|MRVL|MU|NVDA|QCOM|TSM|TXN,ADI|AMD|AVGO|INTC|MRVL|MU|NVDA|QCOM|TSM|TXN
ARMK,10,10,-2.04,5.71,16.18,0.15,0.815,1.84,-2.855,3.87,3.99,0.0,ACH|CHE|CTAS|ECL|GWW|HCSG|HSIC|MCK|SYY|UNF,ACH|CHE|CTAS|ECL|GWW|HCSG|HSIC|MCK|SYY|UNF
ARMP,10,9,-11.93,-18.99,-47.72,-16.27,-0.3,2.21,-11.629999999999999,-21.2,-57.16,0.0,BCRX|CRBP|GALT|MNOV|OCUL|PTCT|SAGE|SRPT|TGTX|TXMD,BCRX|CRBP|GALT|MNOV|OCUL|PTCT|SRPT|TGTX|TXMD
AROC,10,10,-3.34,-15.99,-13.58,-0.2,0.45000000000000007,-2.14,-3.79,-13.85,-7.955,0.1,BKR|CLNE|ENB|EPD|KMI|MPLX|OKE|PAA|TRP|WMB,BKR|CLNE|ENB|EPD|KMI|MPLX|OKE|PAA|TRP|WMB
AROW,10,10,-3.11,-7.1,3.58,-0.9,-4.01,-0.51,0.8999999999999999,-6.59,-4.285,0.8,ASB|BANF|BOKF|CHMG|EGBN|FFBC|GABC|SMBC|TMP|WAFD,ASB|BANF|BOKF|CHMG|EGBN|FFBC|GABC|SMBC|TMP|WAFD
ARQ,10,8,-4.02,5.21,-13.5,0.85,7.5,8.635,-11.52,-3.425,-20.125,0.0,APA|COP|CRK|CVX|DVN|FANG|HES|MRO|OXY|XOM,APA|COP|CRK|CVX|DVN|FANG|OXY|XOM
ARQQ,10,10,-14.06,12.89,55.92,-5.2,-2.895,1.8450000000000002,-11.165000000000001,11.045,63.805,0.0,AMZN|CSCO|GOOG|GOOGL|IBM|INTC|MSFT|NVDA|ORCL|QUBT,AMZN|CSCO|GOOG|GOOGL|IBM|INTC|MSFT|NVDA|ORCL|QUBT
ARQT,10,8,-2.5,-9.73,23.03,-4.82,2.975,2.65,-5.475,-12.38,7.945,0.125,ANAB|BCRX|BMRN|CNTA|DERM|KZIA|RCUS|SLNO|TVRD|VERU,ANAB|BCRX|BMRN|DERM|KZIA|RCUS|TVRD|VERU
ARR,10,10,-2.54,-0.52,-1.06,-1.13,-0.024999999999999998,0.875,-2.515,-1.395,-1.625,0.2,ADAM|AGNC|AI|CIM|DX|IVR|MFA|NLY|ORC|TWO,ADAM|AGNC|AI|CIM|DX|IVR|MFA|NLY|ORC|TWO
ARRY,9,7,-9.79,-19.86,-43.54,-5.08,-4.2,-4.19,-5.589999999999999,-15.669999999999998,-15.11,0.14285714285714285,CSIQ|ENPH|FSLR|JKS|MAXN|NOVA|RUN|SEDG|SHLS,CSIQ|ENPH|FSLR|JKS|RUN|SEDG|SHLS
ARTL,9,6,-3.11,-31.3,-48.23,2.1,0.735,-5.585,-3.8449999999999998,-25.715,-43.849999999999994,0.3333333333333333,BPTH|CLSD|EPIX|LITS|MBIO|MTNB|ONCY|PULM|VSTM,LITS|MBIO|MTNB|ONCY|PULM|VSTM
ARTNA,9,9,-0.56,4.69,11.04,0.54,1.57,3.77,-2.13,0.9200000000000004,-3.8500000000000014,0.1111111111111111,AWK|AWR|CWCO|CWT|HTO|MSEX|PCYO|WTRG|YORW,AWK|AWR|CWCO|CWT|HTO|MSEX|PCYO|WTRG|YORW
ARTV,10,9,-2.17,10.33,41.01,-5.51,4.91,13.97,-7.08,-3.6400000000000006,26.82,0.0,AMGN|BMY|GILD|MRNA|NTLA|NVAX|PFE|REGN|SAGE|VRTX,AMGN|BMY|GILD|MRNA|NTLA|NVAX|PFE|REGN|VRTX
ARTW,10,10,4.55,37.16,11.57,-1.64,1.195,2.0949999999999998,3.3549999999999995,35.065,2.655000000000001,0.9,AGCO|ALG|AOS|DCI|DE|FSTR|LCII|LNN|MMYT|TTC,AGCO|ALG|AOS|DCI|DE|FSTR|LCII|LNN|MMYT|TTC
ARVN,10,10,2.18,11.46,1.17,-4.89,4.225,11.620000000000001,-2.0449999999999995,-0.16000000000000014,-9.479999999999999,0.2,ALNY|BIIB|BMRN|EXEL|GILD|IONS|NBIX|REGN|SRPT|VRTX,ALNY|BIIB|BMRN|EXEL|GILD|IONS|NBIX|REGN|SRPT|VRTX
ARW,10,9,-1.1,-5.44,-3.53,0.55,-4.26,6.43,3.1599999999999997,-11.870000000000001,-33.63,0.8888888888888888,ANET|AVT|CDW|HPE|JNPR|MSI|NSIT|NTAP|NXPI|SNX,ANET|AVT|CDW|HPE|MSI|NSIT|NTAP|NXPI|SNX
ARWR,10,10,1.03,-2.51,12.1,-3.28,6.915,14.45,-5.885,-16.96,-3.5200000000000014,0.0,ALNY|CRSP|DTIL|EDIT|IONS|NBIX|NTLA|RGNX|SRPT|VRTX,ALNY|CRSP|DTIL|EDIT|IONS|NBIX|NTLA|RGNX|SRPT|VRTX
ARX,0,0,0.15,45.17,17.08,-0.05,,,,,,,,
AS,9,7,-2.49,-6.06,-7.3,-5.06,-3.42,-6.16,0.9299999999999997,0.10000000000000053,0.45999999999999996,0.8571428571428571,COLM|DECK|GIL|HBI|LULU|NKE|SKX|UA|VFC,COLM|DECK|GIL|LULU|NKE|UA|VFC
ASAN,10,9,-3.44,38.52,43.52,-0.47,-1.49,27.14,-1.95,11.380000000000003,18.500000000000004,0.0,BOX|CRM|DOCU|FIVN|GOOGL|HUBS|MSFT|PD|SMAR|TEAM,BOX|CRM|DOCU|FIVN|GOOGL|HUBS|MSFT|PD|TEAM
ASB,10,10,-4.82,-0.29,9.36,-0.65,-4.045,-2.575,-0.7750000000000004,2.285,-2.41,0.3,BAC|C|FITB|HBAN|JPM|KEY|PNC|TFC|USB|WFC,BAC|C|FITB|HBAN|JPM|KEY|PNC|TFC|USB|WFC
ASBP,0,0,11.6,2.26,31.59,0.44,,,,,,,,
ASC,10,10,5.66,14.03,-7.06,-0.54,5.14,10.57,0.5200000000000005,3.459999999999999,-19.88,0.5,CMRE|DHT|FRO|GOGL|INSW|NAT|NMM|SFL|STNG|TNK,CMRE|DHT|FRO|GOGL|INSW|NAT|NMM|SFL|STNG|TNK
ASH,10,10,-0.09,7.12,30.89,1.12,1.42,6.725,-1.51,0.39500000000000046,25.05,0.2,ALB|APD|AVY|CE|DD|ECL|EMN|IFF|LYB|PPG,ALB|APD|AVY|CE|DD|ECL|EMN|IFF|LYB|PPG
ASIC,0,0,-0.48,9.82,18.13,1.88,,,,,,,,
ASIX,10,10,4.6,-20.87,-19.28,1.41,-0.7849999999999999,3.495,5.385,-24.365000000000002,-16.785,0.8,APD|CE|DD|EMN|FUL|HUN|IOSP|LYB|MTX|WLK,APD|CE|DD|EMN|FUL|HUN|IOSP|LYB|MTX|WLK
ASLE,10,8,-1.16,-7.17,-6.4,-2.02,-4.765000000000001,-2.2,3.6050000000000004,-4.97,-10.83,0.875,AER|AIR|GATX|HEI|HON|HXL|MRCY|SPR|TDG|TGI,AER|AIR|GATX|HEI|HON|HXL|MRCY|TDG
ASM,10,9,11.14,22.68,13.27,1.52,12.3,27.85,-1.1600000000000001,-5.170000000000002,-3.5199999999999996,0.4444444444444444,AG|CDE|EXK|FSM|GORO|HL|MAG|MUX|PAAS|SSRM,AG|CDE|EXK|FSM|GORO|HL|MUX|PAAS|SSRM
ASMB,10,9,12.35,29.22,28.14,-0.57,4.38,2.89,7.97,26.33,23.39,1.0,ABUS|ADAP|ENTA|GILD|IONS|LXRX|MDGL|NBIX|OMER|VKTX,ABUS|ENTA|GILD|IONS|LXRX|MDGL|NBIX|OMER|VKTX
ASML,10,10,-5.01,-2.58,13.24,0.18,-7.609999999999999,-6.08,2.5999999999999996,3.5,10.095,0.6,AMAT|AMD|AVGO|INTC|KLAC|LRCX|MU|NVDA|TER|TSM,AMAT|AMD|AVGO|INTC|KLAC|LRCX|MU|NVDA|TER|TSM
ASND,10,9,4.61,2.24,6.73,-0.79,4.18,11.08,0.4300000000000006,-8.84,-10.23,0.6666666666666666,ADVM|BIIB|DNLI|EXEL|INCY|NBIX|NKTR|REGN|SRPT|VRTX,BIIB|DNLI|EXEL|INCY|NBIX|NKTR|REGN|SRPT|VRTX
ASO,10,7,-6.42,-6.29,-9.51,-3.72,-5.17,-6.16,-1.25,-0.1299999999999999,-9.14,0.42857142857142855,BGFV|CAL|COLM|CROX|DKS|FL|GCO|LEVI|NKE|VSTO,CAL|COLM|CROX|DKS|GCO|LEVI|NKE
ASPC,0,0,3.38,1.37,-0.88,0.99,,,,,,,,
ASPI,10,10,-8.53,-4.04,-25.57,-4.28,-3.455,4.095,-5.074999999999999,-8.135,-19.655,0.2,AREC|BKU|CCJ|DNN|LEU|LTBR|NXE|UEC|URG|UUUU,AREC|BKU|CCJ|DNN|LEU|LTBR|NXE|UEC|URG|UUUU
ASPN,10,9,-15.87,-3.83,0.13,-6.3,-2.83,-1.75,-13.04,-2.08,-3.56,0.0,AWI|CRH|CX|EXP|MAS|MLM|OC|SUM|TREX|VMC,AWI|CRH|CX|EXP|MAS|MLM|OC|TREX|VMC
ASPS,10,8,-4.18,-16.16,-15.25,0.0,-0.5499999999999999,17.515,-3.63,-33.675,-39.54,0.0,CBRE|CSGP|EXPI|JLL|RDFN|RDNT|REZI|RMAX|VREX|Z,CBRE|CSGP|JLL|RDNT|REZI|RMAX|VREX|Z
ASR,10,9,-3.3,-5.58,-16.82,-0.45,-6.19,-4.29,2.8900000000000006,-1.29,-18.71,0.5555555555555556,AAL|ALK|ARMK|DAL|LUV|OMAB|PAC|SAVE|UBER|VALE,AAL|ALK|ARMK|DAL|LUV|OMAB|PAC|UBER|VALE
ASRV,10,9,-2.2,18.36,24.05,-1.01,-3.63,-2.88,1.4299999999999997,21.24,18.35,1.0,BOH|BPOP|CMA|FNB|HBAN|PB|PNC|TCBI|WAL|ZION,BOH|BPOP|FNB|HBAN|PB|PNC|TCBI|WAL|ZION
ASST,10,10,24.72,23.84,-7.6,6.48,-2.6,6.03,27.32,17.81,-8.33,1.0,AAPL|AKAM|AMZN|DIS|FSLY|GOOGL|META|MSFT|NET|NFLX,AAPL|AKAM|AMZN|DIS|FSLY|GOOGL|META|MSFT|NET|NFLX
ASTC,10,10,-15.73,2.74,215.13,-5.54,-4.725,7.505,-11.005,-4.765,217.96,0.1,AVAV|BA|GD|HII|LHX|LMT|NOC|RDW|SPCE|TXT,AVAV|BA|GD|HII|LHX|LMT|NOC|RDW|SPCE|TXT
ASTE,10,10,-0.2,-24.65,-13.24,1.31,-1.895,2.2350000000000003,1.695,-26.884999999999998,-26.65,0.8,CAT|CMI|DE|HRI|KMT|MTW|OSK|TEX|URI|WAB,CAT|CMI|DE|HRI|KMT|MTW|OSK|TEX|URI|WAB
ASTH,10,10,3.89,-6.39,1.29,-0.35,-1.93,-6.76,5.82,0.3700000000000001,-9.07,1.0,ACHC|CI|CNC|CVS|EVH|HCA|HUM|MCK|MOH|UNH,ACHC|CI|CNC|CVS|EVH|HCA|HUM|MCK|MOH|UNH
ASTI,9,7,-8.26,-5.12,-30.09,-2.71,-4.2,-4.19,-4.06,-0.9299999999999997,-0.370000000000001,0.14285714285714285,ARRY|CSIQ|ENPH|FSLR|JKS|MAXN|NOVA|RUN|SEDG,ARRY|CSIQ|ENPH|FSLR|JKS|RUN|SEDG
ASTL,10,8,0.93,10.6,-8.7,-5.95,-9.355,1.855,10.285,8.745,-12.594999999999999,1.0,CLF|CMC|GGB|MT|NUE|RS|STLD|TX|X|ZEUS,CLF|CMC|GGB|MT|NUE|RS|STLD|TX
ASTS,10,9,-11.62,2.03,-29.44,-4.94,-8.3,2.78,-3.3199999999999985,-0.75,-26.17,0.1111111111111111,GILT|GSAT|IRDM|KTOS|RKLB|SATS|SPIR|TSAT|VISN|VSAT,GILT|GSAT|IRDM|KTOS|RKLB|SPIR|TSAT|VISN|VSAT
ASUR,10,10,-3.0,10.79,-3.66,0.24,0.32999999999999996,27.095,-3.33,-16.305,-30.315,0.3,ADP|INTU|MSFT|NOW|ORCL|PAYC|PCTY|SAP|TNET|WDAY,ADP|INTU|MSFT|NOW|ORCL|PAYC|PCTY|SAP|TNET|WDAY
ASX,10,10,-7.72,-9.66,15.43,2.55,-3.225,-4.355,-4.494999999999999,-5.305,20.634999999999998,0.2,AMD|AVGO|INTC|MRVL|MU|NVDA|QCOM|SWKS|TSM|TXN,AMD|AVGO|INTC|MRVL|MU|NVDA|QCOM|SWKS|TSM|TXN
ASYS,10,10,-9.9,-16.87,-28.81,-2.83,-11.434999999999999,-5.8,1.5349999999999984,-11.07,-22.88,0.7,ACLS|AEIS|CAMT|COHU|FORM|KLAC|MKSI|ONTO|TER|UCTT,ACLS|AEIS|CAMT|COHU|FORM|KLAC|MKSI|ONTO|TER|UCTT
ATAI,9,8,2.48,3.48,81.66,0.88,5.734999999999999,2.26,-3.2549999999999994,1.2200000000000002,51.27499999999999,0.25,ANIX|CMPS|DFTX|GHRS|HELP|RGLS|RLMD|SLS|VNDA,ANIX|CMPS|DFTX|GHRS|HELP|RLMD|SLS|VNDA
ATAT,10,10,4.22,9.56,-7.22,-6.85,1.63,-1.75,2.59,11.31,-11.544999999999998,0.8,APLE|CHH|H|HLT|HST|IHG|MAR|PEB|PK|WH,APLE|CHH|H|HLT|HST|IHG|MAR|PEB|PK|WH
ATCH,10,9,-2.08,-9.05,-9.35,1.53,-3.9,-2.27,1.8199999999999998,-6.780000000000001,-21.04,1.0,BAC|BK|C|GS|JPM|MS|PNC|TFC|USB|WFC,BAC|C|GS|JPM|MS|PNC|TFC|USB|WFC
ATCX,0,0,7.91,11.8,-28.51,-7.34,,,,,,,,
ATEC,10,10,-3.33,16.94,14.38,-3.33,0.915,11.489999999999998,-4.245,5.450000000000003,-0.10500000000000043,0.2,EOLS|GMED|IART|MEDP|OFIX|OSUR|SIBN|SNN|SYK|ZBH,EOLS|GMED|IART|MEDP|OFIX|OSUR|SIBN|SNN|SYK|ZBH
ATEN,10,8,-5.59,-28.28,-11.12,-0.97,-5.4399999999999995,0.385,-0.15000000000000036,-28.665000000000003,-11.704999999999998,0.5,CHKP|CRWD|CSCO|DBX|FFIV|JNPR|NTCT|RDWR|SMAR|ZS,CHKP|CRWD|CSCO|DBX|FFIV|NTCT|RDWR|ZS
ATER,10,10,-5.71,-28.83,-61.35,-1.26,-0.9500000000000001,-5.46,-4.76,-23.369999999999997,-60.980000000000004,0.3,AMZN|CHWY|CMRC|EBAY|ETSY|FLWS|RVLV|SFIX|SHOP|WMT,AMZN|CHWY|CMRC|EBAY|ETSY|FLWS|RVLV|SFIX|SHOP|WMT
ATEX,10,8,-8.74,-19.71,37.09,-5.85,-1.6949999999999998,4.315,-7.045,-24.025000000000002,38.295,0.25,ADTN|CIEN|CMBM|CSCO|IT|JNPR|S|T|TMUS|VZ,ADTN|CIEN|CSCO|IT|S|T|TMUS|VZ
ATGL,10,10,-12.32,-39.73,-57.66,-6.56,-2.895,2.9050000000000002,-9.425,-42.635,-59.19,0.1,AAPL|AMZN|CSCO|DELL|GOOGL|HPQ|IBM|INTC|MSFT|ORCL,AAPL|AMZN|CSCO|DELL|GOOGL|HPQ|IBM|INTC|MSFT|ORCL
ATHE,10,9,-2.98,-2.98,6.79,-5.0,4.42,10.29,-7.4,-13.27,2.04,0.0,ABBV|ACAD|ANVS|BIIB|CYPH|INMB|IONS|LXRX|PRTA|SAVA,ABBV|ACAD|ANVS|BIIB|CYPH|INMB|IONS|LXRX|PRTA
ATHM,10,9,-2.86,1.79,29.33,-2.54,-2.31,-2.67,-0.5499999999999998,4.46,21.74,0.3333333333333333,ABG|AN|CARG|CPRT|CVGI|CVNA|GPI|OPLN|PAG|TRUE,ABG|AN|CARG|CPRT|CVGI|CVNA|GPI|OPLN|PAG
ATHR,0,0,1.16,-10.04,-2.11,-2.87,,,,,,,,
ATI,10,8,-6.9,8.16,37.61,-2.06,-8.52,-1.565,1.6199999999999992,9.725,30.095,0.625,CMC|CRS|HAYN|NUE|RGLD|RS|STLD|SXC|TGLS|X,CMC|CRS|NUE|RGLD|RS|STLD|SXC|TGLS
ATII,0,0,-0.28,-0.47,-5.34,0.09,,,,,,,,
ATKR,10,9,-0.32,28.19,24.08,0.11,-3.42,1.29,3.1,26.900000000000002,19.139999999999997,0.8888888888888888,AXTA|CRH|EXP|MLM|NCSM|OC|PLL|TREX|VMI|WMS,AXTA|CRH|EXP|MLM|NCSM|OC|TREX|VMI|WMS
ATLC,10,9,-4.88,-3.02,12.85,-6.88,-1.57,2.87,-3.3099999999999996,-5.890000000000001,9.2,0.3333333333333333,ALLY|CACC|COF|DFS|ENVA|NAVI|RM|SG|SLM|SSP,ALLY|CACC|COF|ENVA|NAVI|RM|SG|SLM|SSP
ATLO,10,10,-1.43,6.26,10.57,0.14,-4.13,0.44499999999999995,2.7,5.8149999999999995,-1.3200000000000003,1.0,CAC|CCNE|CHCO|ESQ|FULT|SFNC|SRCE|TMP|UBSI|WSBC,CAC|CCNE|CHCO|ESQ|FULT|SFNC|SRCE|TMP|UBSI|WSBC
ATLX,10,9,1.27,7.05,-27.0,0.0,3.73,12.12,-2.46,-5.069999999999999,-12.19,0.4444444444444444,ALB|AMR|FMC|LAC|MP|OR|PLL|SGML|SLI|SQM,ALB|AMR|FMC|LAC|MP|OR|SGML|SLI|SQM
ATMU,10,9,-1.43,-6.57,0.22,-0.37,-2.1,0.99,0.6700000000000002,-7.5600000000000005,4.739999999999999,0.5555555555555556,ADNT|ALV|AXL|BWA|CMI|CVI|DAN|LCII|PKOH|WPRT,ADNT|ALV|BWA|CMI|CVI|DAN|LCII|PKOH|WPRT
ATNI,10,8,-3.63,28.72,13.6,-3.66,-1.4449999999999998,1.87,-2.185,26.849999999999998,22.59,0.375,AD|CABO|CMCSA|CNSL|FYBR|LUMN|SHEN|T|TMUS|VZ,AD|CABO|CMCSA|LUMN|SHEN|T|TMUS|VZ
ATNM,10,7,12.04,20.0,-7.69,-4.42,-2.8,-2.56,14.84,22.56,0.22999999999999954,1.0,AFMD|APTO|BLRX|CLLS|CUE|IMMP|KPTI|PDSB|PSTX|TGTX,BLRX|CLLS|CUE|IMMP|KPTI|PDSB|TGTX
ATO,10,10,1.75,-3.1,-1.74,0.9,0.485,-3.825,1.2650000000000001,0.7250000000000001,-0.16999999999999993,1.0,AEE|CMS|DTE|EVRG|NI|OGS|PNW|SRE|WEC|XEL,AEE|CMS|DTE|EVRG|NI|OGS|PNW|SRE|WEC|XEL
ATOM,10,10,-14.76,-20.07,-39.84,-2.58,-3.31,-4.73,-11.45,-15.34,-35.650000000000006,0.0,ADI|AMAT|AMD|ASML|INTC|MU|NVDA|QCOM|SWKS|TXN,ADI|AMAT|AMD|ASML|INTC|MU|NVDA|QCOM|SWKS|TXN
ATOS,9,7,-1.95,3.29,-48.14,-4.92,1.71,4.36,-3.66,-1.0700000000000003,-45.44,0.2857142857142857,ADAP|AXSM|BNTX|CYTK|KPTI|MRNA|NVAX|RGLS|SRPT,AXSM|BNTX|CYTK|KPTI|MRNA|NVAX|SRPT
ATPC,10,7,-0.97,-2.14,18.46,-0.97,-4.01,-13.5,3.04,11.36,19.880000000000003,0.8571428571428571,COLM|DECK|FL|GES|GOLF|NKE|RL|SKX|UA|VFC,COLM|DECK|GOLF|NKE|RL|UA|VFC
ATR,10,9,-0.08,2.55,14.92,-0.35,-1.22,3.42,1.14,-0.8700000000000001,-1.8499999999999996,0.6666666666666666,AVY|BALL|CCK|GPK|MYE|OI|PKG|SEE|SLGN|SON,AVY|BALL|CCK|GPK|MYE|OI|PKG|SLGN|SON
ATRA,10,8,9.94,15.15,-0.99,-2.54,5.04,7.745,4.8999999999999995,7.405,-9.11,0.875,ADAP|ALLO|BLUE|CLLS|EDIT|FATE|GILD|IMMP|NVS|TVRD,ALLO|CLLS|EDIT|FATE|GILD|IMMP|NVS|TVRD
ATRC,10,10,9.27,41.77,63.87,-0.18,1.08,13.934999999999999,8.19,27.835000000000004,49.385,1.0,ABT|BIO|BSX|EW|IART|ISRG|JNJ|LMAT|MDT|ZBH,ABT|BIO|BSX|EW|IART|ISRG|JNJ|LMAT|MDT|ZBH
ATRO,10,8,-16.63,8.91,13.85,-5.49,-3.77,-0.05500000000000005,-12.86,8.965,5.35,0.0,DCO|HEI|HWM|HXL|LHX|MRC|MRCY|SPR|TDG|TWST,DCO|HEI|HWM|HXL|LHX|MRCY|TDG|TWST
ATS,10,10,-2.73,-27.13,-39.55,-0.96,-5.005,-3.7800000000000002,2.275,-23.349999999999998,-42.5,0.8,AME|CGNX|EMR|GNRC|HON|IR|ITRI|ROK|ST|XYL,AME|CGNX|EMR|GNRC|HON|IR|ITRI|ROK|ST|XYL
ATXG,9,9,-10.1,-6.32,-16.43,-5.57,-2.22,1.89,-7.879999999999999,-8.21,-16.305,0.0,CNDT|CYRX|DAVA|HASI|IDT|IIIV|LDOS|OPI|VNET,CNDT|CYRX|DAVA|HASI|IDT|IIIV|LDOS|OPI|VNET
ATYR,10,8,-8.66,3.72,-4.81,-5.2,2.16,9.524999999999999,-10.82,-5.804999999999998,-9.504999999999999,0.0,ALNY|BLUE|BMRN|CSL|FOLD|IONS|NBIX|PTCT|SRPT|VRTX,ALNY|BMRN|CSL|IONS|NBIX|PTCT|SRPT|VRTX
AU,10,9,19.01,39.38,21.92,4.21,12.94,32.28,6.070000000000002,7.100000000000001,7.790000000000001,1.0,AEM|AG|B|BTG|CDE|HL|KGC|NEM|PAAS|SAND,AEM|AG|B|BTG|CDE|HL|KGC|NEM|PAAS
AUB,10,9,-4.17,-3.45,8.49,-1.16,-4.6,-3.41,0.4299999999999997,-0.040000000000000036,-2.01,0.6666666666666666,CFG|CMA|FHN|FITB|HBAN|KEY|PNC|RF|TFC|USB,CFG|FHN|FITB|HBAN|KEY|PNC|RF|TFC|USB
AUBN,10,8,1.06,0.0,11.58,2.49,-3.925,1.07,4.984999999999999,-1.07,0.6199999999999992,1.0,BHB|CATY|FFNW|GSBC|HTLF|INDB|LKFN|MCHB|NBTB|SRCE,BHB|CATY|GSBC|INDB|LKFN|MCHB|NBTB|SRCE
AUDC,10,9,-6.82,1.38,12.72,-1.14,-5.79,-0.47,-1.0300000000000002,1.8499999999999999,16.060000000000002,0.4444444444444444,ANET|CIEN|CSCO|ERIC|EXTR|FFIV|HPE|JNPR|MSI|NOK,ANET|CIEN|CSCO|ERIC|EXTR|FFIV|HPE|MSI|NOK
AUGO,0,0,16.27,55.72,16.12,2.39,,,,,,,,
AUID,10,9,-10.31,-48.39,-62.12,1.02,-10.52,5.03,0.20999999999999908,-53.42,-93.94999999999999,0.5555555555555556,BB|CRWD|CYBR|FORTY|NET|OKTA|QLYS|TENB|VRNS|ZS,BB|CRWD|FORTY|NET|OKTA|QLYS|TENB|VRNS|ZS
AUNA,10,7,-2.53,2.72,17.72,-5.04,-1.01,9.45,-1.5199999999999998,-6.729999999999999,4.729999999999999,0.14285714285714285,ACHC|ADUS|AMED|CYH|EHC|HCA|SEM|SSY|THC|UHS,ACHC|ADUS|CYH|EHC|HCA|THC|UHS
AUPH,10,9,12.56,11.46,7.46,5.67,4.53,12.16,8.030000000000001,-0.6999999999999993,-19.82,1.0,ABBV|AMGN|BIIB|BMRN|GILD|INCY|NBIX|REGN|SAGE|VRTX,ABBV|AMGN|BIIB|BMRN|GILD|INCY|NBIX|REGN|VRTX
AUR,10,10,-11.18,-8.09,-14.68,-1.94,-1.58,1.385,-9.6,-9.475,-11.34,0.0,APTV|DDOG|GM|GOOGL|LAZR|LYFT|MBLY|NVDA|TSLA|UBER,APTV|DDOG|GM|GOOGL|LAZR|LYFT|MBLY|NVDA|TSLA|UBER
AURA,8,6,-1.18,7.85,1.2,-2.95,7.81,12.3,-8.99,-4.450000000000001,-17.365000000000002,0.0,ARVN|CRSP|EDIT|FATE|ITCI|KURA|LITS|RVNC,ARVN|CRSP|EDIT|FATE|KURA|LITS
AURE,10,9,2.03,1.15,-28.46,4.76,-2.44,1.65,4.47,-0.5,-39.42,1.0,AMP|BAC|BK|BLK|C|GS|JPM|MS|SCHW|TROW,AMP|BAC|BLK|C|GS|JPM|MS|SCHW|TROW
AUST,10,10,-2.33,22.33,-2.33,0.8,13.025,33.47,-15.355,-11.14,-18.695,0.0,AGI|AU|B|BTG|EGO|GFI|HMY|IAG|KGC|NEM,AGI|AU|B|BTG|EGO|GFI|HMY|IAG|KGC|NEM
AUTL,10,8,9.65,69.04,50.26,-4.17,6.19,16.055,3.46,52.98500000000001,34.64,0.75,ADPT|BLUE|BOLT|CRSP|EDIT|IOVA|NTLA|PSTX|SRPT|TCRT,ADPT|BOLT|CRSP|EDIT|IOVA|NTLA|SRPT|TCRT
AUUD,10,10,0.49,-10.09,-26.79,-0.49,0.51,11.285,-0.020000000000000018,-21.375,-30.805,0.5,AMZN|APPS|GOOGL|MSFT|NFLX|ROKU|SIRI|SONY|SPOT|TME,AMZN|APPS|GOOGL|MSFT|NFLX|ROKU|SIRI|SONY|SPOT|TME
AVA,10,10,-0.04,-8.51,-6.13,0.77,0.5800000000000001,-4.335,-0.6200000000000001,-4.175,-7.18,0.3,AEP|DUK|ED|EIX|ES|FE|LNT|PEG|PNW|POR,AEP|DUK|ED|EIX|ES|FE|LNT|PEG|PNW|POR
AVAH,10,7,17.67,40.88,72.98,0.95,-0.11,7.39,17.78,33.49,50.53,1.0,ADUS|AHCO|AMED|CHE|EHC|HUM|LFST|MODV|PROV|SEM,ADUS|AHCO|CHE|EHC|HUM|LFST|PROV
AVAL,10,10,0.93,8.13,28.84,-0.91,-2.935,-6.930000000000001,3.865,15.060000000000002,22.1,0.9,BBD|BBVA|BMA|BSAC|CIB|GGAL|ITUB|SAN|SUPV|UBS,BBD|BBVA|BMA|BSAC|CIB|GGAL|ITUB|SAN|SUPV|UBS
AVAV,10,10,-16.25,5.52,-3.19,-8.16,-3.4749999999999996,9.645,-12.775,-4.125,-5.970000000000001,0.0,BA|GD|HII|KTOS|LDOS|LHX|LMT|NOC|RTX|TXT,BA|GD|HII|KTOS|LDOS|LHX|LMT|NOC|RTX|TXT
AVB,10,9,2.37,-3.46,-0.57,0.0,-0.87,-0.9,3.24,-2.56,-0.72,1.0,AIV|CPT|CSR|EQR|ESS|INVH|IRT|MAA|NXRT|UDR,AIV|CPT|CSR|ESS|INVH|IRT|MAA|NXRT|UDR
AVBC,0,0,-0.68,8.26,13.83,-0.45,,,,,,,,
AVBH,0,0,-2.98,0.31,6.51,-0.5,,,,,,,,
AVBP,10,9,-3.37,-4.76,6.5,-3.43,4.53,15.93,-7.9,-20.689999999999998,-10.46,0.0,AMGN|BIIB|BLUE|GILD|IONS|MRNA|NBIX|REGN|SRPT|VRTX,AMGN|BIIB|GILD|IONS|MRNA|NBIX|REGN|SRPT|VRTX
AVD,10,10,4.45,-14.43,-22.21,-5.33,2.9299999999999997,0.45499999999999996,1.5200000000000005,-14.885,-19.12,0.6,ALB|APD|CF|CMP|DD|FMC|ICL|MOS|SMG|SQM,ALB|APD|CF|CMP|DD|FMC|ICL|MOS|SMG|SQM
AVGO,10,10,-12.99,-8.38,-12.98,0.29,-3.31,-5.33,-9.68,-3.0500000000000007,-12.975000000000001,0.0,ADI|AMAT|AMD|INTC|LRCX|MRVL|MU|NVDA|QCOM|TXN,ADI|AMAT|AMD|INTC|LRCX|MRVL|MU|NVDA|QCOM|TXN
AVIR,10,9,8.12,13.96,30.83,-1.84,5.83,13.28,2.289999999999999,0.6800000000000015,7.159999999999997,0.5555555555555556,BNTX|CYCN|GILD|JNJ|MRNA|NVAX|PFE|PTGX|RIGL|VXRT,BNTX|CYCN|GILD|JNJ|MRNA|NVAX|PFE|PTGX|RIGL
AVNT,10,10,-5.05,17.21,29.48,-1.06,0.225,6.16,-5.2749999999999995,11.05,23.0,0.0,ASH|CC|DOW|EMN|FMC|IFF|LYB|PPG|RPM|SHW,ASH|CC|DOW|EMN|FMC|IFF|LYB|PPG|RPM|SHW
AVNW,10,8,-4.95,0.53,29.71,0.24,-7.175000000000001,-0.5249999999999999,2.2250000000000005,1.055,33.13,0.625,ANET|CIEN|CSCO|ERIC|EXTR|FFIV|HPE|INFN|JNPR|NOK,ANET|CIEN|CSCO|ERIC|EXTR|FFIV|HPE|NOK
AVO,10,7,1.95,5.02,7.74,0.49,1.07,-6.88,0.8799999999999999,11.899999999999999,7.29,0.5714285714285714,BRID|COTY|CRESY|CVGW|FDP|LMNR|LWAY|STKL|UNFI|WEST,BRID|COTY|CRESY|LMNR|LWAY|UNFI|WEST
AVPT,10,10,-5.13,8.89,26.04,-1.77,-2.5,21.380000000000003,-2.63,-12.490000000000002,11.384999999999998,0.2,BOX|CRM|DOCU|GOOGL|IBM|MSFT|NOW|ORCL|SNOW|ZS,BOX|CRM|DOCU|GOOGL|IBM|MSFT|NOW|ORCL|SNOW|ZS
AVR,0,0,6.78,14.2,10.62,-3.15,,,,,,,,
AVT,10,9,-8.2,-2.24,4.01,-0.26,-2.73,5.79,-5.469999999999999,-8.030000000000001,-18.32,0.2222222222222222,ANET|ARW|CDW|EXTR|HPE|HSIC|JNPR|MSI|NSIT|SNX,ANET|ARW|CDW|EXTR|HPE|HSIC|MSI|NSIT|SNX
AVTR,10,10,3.94,31.46,82.68,3.13,4.805,16.065,-0.8649999999999998,15.395,50.775000000000006,0.4,A|BIO|BRKR|DHR|IDXX|IQV|MTD|STE|TMO|WAT,A|BIO|BRKR|DHR|IDXX|IQV|MTD|STE|TMO|WAT
AVTX,10,10,1.04,8.28,20.64,-5.37,4.76,12.940000000000001,-3.7199999999999998,-4.660000000000002,-3.535,0.0,ALNY|AMGN|BIIB|GILD|ILMN|INCY|NBIX|ONC|REGN|VRTX,ALNY|AMGN|BIIB|GILD|ILMN|INCY|NBIX|ONC|REGN|VRTX
AVX,10,10,1.13,-9.1,-54.51,6.97,-0.8,14.315000000000001,1.93,-23.415,-58.205,0.6,ACB|CGC|CRON|GRWG|HYFM|SMG|SNDL|TER|TLRY|VFF,ACB|CGC|CRON|GRWG|HYFM|SMG|SNDL|TER|TLRY|VFF
AVXL,10,10,-4.15,22.91,13.97,-7.52,5.025,12.719999999999999,-9.175,10.190000000000001,-10.955,0.0,ABBV|AMGN|BIIB|BMY|GILD|LLY|MRK|PFE|REGN|VRTX,ABBV|AMGN|BIIB|BMY|GILD|LLY|MRK|PFE|REGN|VRTX
AVY,9,7,1.64,16.04,15.57,-0.1,-1.42,5.61,3.0599999999999996,10.43,-3.289999999999999,0.8571428571428571,AMCR|BERY|GPK|IP|OI|PKG|SEE|SLGN|SON,AMCR|GPK|IP|OI|PKG|SLGN|SON
AWI,10,10,-2.55,12.57,12.52,-0.86,-2.795,2.3,0.2450000000000001,10.27,1.8999999999999986,0.6,EXP|FND|MAS|MLM|OC|RPM|TREX|TTC|USG|VMC,EXP|FND|MAS|MLM|OC|RPM|TREX|TTC|USG|VMC
AWK,8,8,1.57,3.57,13.28,-0.08,1.2349999999999999,3.96,0.3350000000000002,-0.3900000000000001,-1.1300000000000008,0.625,ARTNA|AWR|CWCO|CWT|HTO|MSEX|WTRG|YORW,ARTNA|AWR|CWCO|CWT|HTO|MSEX|WTRG|YORW
AWR,10,9,1.78,3.77,18.89,1.26,1.05,3.57,0.73,0.20000000000000018,5.610000000000001,0.7777777777777778,ARTNA|AWK|CWCO|CWT|DHR|HTO|MSEX|PCYO|PNR|SWTX,ARTNA|AWK|CWCO|CWT|DHR|HTO|MSEX|PCYO|PNR
AWRE,10,8,-2.73,7.98,-8.05,-5.08,-8.21,0.77,5.48,7.210000000000001,-18.03,0.75,AKAM|CHKP|CSCO|CYBR|FFIV|FTNT|JNPR|PANW|QLYS|RPD,AKAM|CHKP|CSCO|FFIV|FTNT|PANW|QLYS|RPD
AWX,10,8,-3.75,7.36,6.1,-1.65,1.625,2.1799999999999997,-5.375,5.180000000000001,-3.0,0.125,AWK|AWR|CLH|CWCO|CWST|DNMR|HTO|RSG|SRCL|WM,AWK|AWR|CLH|CWCO|CWST|HTO|RSG|WM
AX,10,10,-5.24,-1.63,11.11,-0.65,-4.385,-2.255,-0.8550000000000004,0.625,7.18,0.1,BOH|COLB|CUBI|CVBF|FIBK|FRME|HAFC|ONB|PFBC|WAL,BOH|COLB|CUBI|CVBF|FIBK|FRME|HAFC|ONB|PFBC|WAL
AXG,10,10,-9.42,-21.88,-30.75,-0.4,-2.8150000000000004,-3.565,-6.6049999999999995,-18.314999999999998,-42.019999999999996,0.0,AMTD|BAC|GS|HOOD|IBKR|JPM|LMND|MS|RJF|SCHW,AMTD|BAC|GS|HOOD|IBKR|JPM|LMND|MS|RJF|SCHW
AXGN,10,9,-4.71,16.29,7.25,-6.43,1.19,9.36,-5.9,6.93,-3.710000000000001,0.1111111111111111,BAX|EW|GMED|HOLX|IART|JNJ|MDT|PODD|SYK|ZBH,BAX|EW|GMED|IART|JNJ|MDT|PODD|SYK|ZBH
AXIA,10,10,,2.4,-4.4,0.0,0.015,-3.385,,5.785,-4.4350000000000005,,AEP|AES|D|DUK|ED|EXC|NEE|PCG|SO|SRE,AEP|AES|D|DUK|ED|EXC|NEE|PCG|SO|SRE
AXIL,10,9,6.03,10.81,-11.7,4.24,-1.01,2.73,7.04,8.08,-10.299999999999999,1.0,BF-B|BUD|CCU|DEO|MGPI|NAPA|SAM|STZ|TAP|WVVI,BF-B|BUD|CCU|DEO|MGPI|SAM|STZ|TAP|WVVI
AXIN,0,0,0.0,0.29,1.08,0.0,,,,,,,,
AXON,8,7,2.32,28.16,58.09,-2.45,-3.75,-2.26,6.07,30.42,63.13,0.8571428571428571,ADI|DLTH|KTOS|KUST|NPK|SPWH|SWBI|VSTO,ADI|DLTH|KTOS|KUST|NPK|SPWH|SWBI
AXP,10,9,-2.83,-4.25,7.78,-1.75,-2.45,4.3,-0.3799999999999999,-8.55,-6.9799999999999995,0.4444444444444444,BAC|C|COF|DFS|GS|JPM|MA|PYPL|SYF|V,BAC|C|COF|GS|JPM|MA|PYPL|SYF|V
AXR,9,7,5.0,-10.63,-13.54,0.22,-0.52,-2.64,5.52,-7.99,-12.25,1.0,ADC|BLD|CPT|EQR|FPI|GLPI|INVH|IRM|KIM,ADC|CPT|FPI|GLPI|INVH|IRM|KIM
AXS,10,10,-0.63,-12.56,-1.17,0.85,-0.585,-2.1350000000000002,-0.04500000000000004,-10.425,-3.99,0.5,ACGL|AIG|ALL|CB|HIG|MKL|RNR|SIGI|TRV|WRB,ACGL|AIG|ALL|CB|HIG|MKL|RNR|SIGI|TRV|WRB
AXSM,10,8,-2.08,-12.68,-9.27,-4.11,1.06,-0.8850000000000002,-3.14,-11.795,-31.39,0.25,ACAD|ALKS|AVDL|BHVN|BIIB|NBIX|PRTA|RARE|SAGE|VRTX,ACAD|ALKS|BHVN|BIIB|NBIX|PRTA|RARE|VRTX
AXTA,10,10,-3.42,9.09,24.5,-1.35,-0.265,6.62,-3.155,2.4699999999999998,14.215,0.1,APD|ASH|CBT|ECL|FUL|PPG|RPM|SHW|VAL|VHI,APD|ASH|CBT|ECL|FUL|PPG|RPM|SHW|VAL|VHI
AXTI,10,10,-7.68,34.96,-31.65,-2.63,-10.045,-9.985,2.365,44.945,-21.909999999999997,0.9,AMAT|ASML|COHR|IPGP|KLIC|LRCX|MKSI|ONTO|PLAB|UCTT,AMAT|ASML|COHR|IPGP|KLIC|LRCX|MKSI|ONTO|PLAB|UCTT
AYI,10,10,-4.23,3.92,23.44,-1.06,-4.76,0.2,0.5299999999999994,3.7199999999999998,19.740000000000002,0.6,AME|CARR|EMR|ETN|GE|HON|HUBB|JCI|LII|ROK,AME|CARR|EMR|ETN|GE|HON|HUBB|JCI|LII|ROK
AYTU,10,8,2.61,9.26,9.77,0.0,3.25,4.49,-0.6400000000000001,4.77,2.66,0.5,AMRX|AUPH|AXDX|BHC|CYTK|GERN|HRTX|INVA|IRWD|XOMA,AMRX|AUPH|BHC|CYTK|GERN|HRTX|INVA|IRWD
AZ,10,9,-13.48,30.26,14.51,-6.31,-3.96,4.59,-9.52,25.67,-2.700000000000001,0.0,DHR|EMR|ETN|GE|HON|IRBTQ|ITRI|MMM|PH|ROK,DHR|EMR|ETN|GE|HON|ITRI|MMM|PH|ROK
AZI,10,10,17.43,23.02,17.43,-6.62,0.16,5.98,17.27,17.04,20.9,1.0,AMZN|BABA|CHWY|EBAY|ETSY|JD|MELI|PDD|SHOP|WMT,AMZN|BABA|CHWY|EBAY|ETSY|JD|MELI|PDD|SHOP|WMT
AZN,10,10,5.12,-2.62,-11.83,0.2,4.390000000000001,7.960000000000001,0.7299999999999995,-10.580000000000002,-28.35,0.7,ABBV|AMGN|BMY|GSK|JNJ|LLY|MRK|NVS|PFE|SNY,ABBV|AMGN|BMY|GSK|JNJ|LLY|MRK|NVS|PFE|SNY
AZO,10,10,-3.09,-0.87,-13.83,-4.19,-1.885,-0.22499999999999987,-1.2049999999999998,-0.6450000000000001,-26.535000000000004,0.3,AAP|ABG|AN|CASY|GPC|KMX|LAD|ORLY|PAG|SAH,AAP|ABG|AN|CASY|GPC|KMX|LAD|ORLY|PAG|SAH
AZTA,10,8,8.61,35.6,98.33,3.4,5.505000000000001,16.42,3.1049999999999986,19.18,68.195,0.875,A|BIO|CTLT|DHR|HOLX|ILMN|MMS|QGEN|TMO|WAT,A|BIO|DHR|ILMN|MMS|QGEN|TMO|WAT
AZTR,10,10,-9.5,-2.69,-35.69,1.2,1.0,-2.71,-10.5,0.020000000000000018,-46.415,0.1,AKTX|ANAB|ARMP|ARWR|BCRX|FATE|ORMP|PULM|TVRD|VYGR,AKTX|ANAB|ARMP|ARWR|BCRX|FATE|ORMP|PULM|TVRD|VYGR
AZZ,10,10,-6.74,-7.01,2.34,-2.31,-4.76,4.115,-1.9800000000000004,-11.125,-12.14,0.2,AEM|ATI|BA|DE|EMR|ETN|GE|IR|JCI|MMM,AEM|ATI|BA|DE|EMR|ETN|GE|IR|JCI|MMM
B,10,9,12.91,23.14,12.82,2.37,14.31,33.93,-1.4000000000000004,-10.79,-5.780000000000001,0.4444444444444444,AEM|AU|BTG|EGO|GFI|IAG|KGC|NEM|NGD|OR,AEM|AU|BTG|EGO|GFI|IAG|KGC|NEM|OR
BA,10,10,-5.92,3.86,-2.47,-2.47,-3.455,7.970000000000001,-2.465,-4.110000000000001,-9.835,0.1,GD|HEI|HII|HON|LDOS|LMT|NOC|RTX|TDG|TXT,GD|HEI|HII|HON|LDOS|LMT|NOC|RTX|TDG|TXT
BABA,10,10,4.12,9.13,-5.41,-1.32,-0.66,4.5,4.78,4.630000000000001,1.7699999999999996,0.9,AMZN|BIDU|CPNG|EBAY|JD|MELI|PDD|SHOP|TCOM|WMT,AMZN|BIDU|CPNG|EBAY|JD|MELI|PDD|SHOP|TCOM|WMT
BAC,10,10,-2.27,1.65,22.26,-0.85,-3.9,-2.145,1.63,3.795,9.860000000000003,0.9,C|COF|GS|JPM|MS|PNC|SCHW|TFC|USB|WFC,C|COF|GS|JPM|MS|PNC|SCHW|TFC|USB|WFC
BACC,0,0,-0.57,-0.1,0.77,0.0,,,,,,,,
BAER,10,10,-8.4,-40.98,-41.28,-1.29,-3.4749999999999996,4.3549999999999995,-4.925000000000001,-45.334999999999994,-42.27,0.0,BA|BWXT|GD|HII|LDOS|LHX|LMT|MATX|NOC|TXT,BA|BWXT|GD|HII|LDOS|LHX|LMT|MATX|NOC|TXT
BAFN,10,9,16.1,30.43,23.76,9.81,-3.52,-2.02,19.62,32.45,10.650000000000002,1.0,BAC|BK|C|GS|JPM|MS|PNC|STT|USB|WFC,BAC|C|GS|JPM|MS|PNC|STT|USB|WFC
BAH,10,10,-1.64,16.61,-0.43,-2.19,-1.3350000000000002,10.925,-0.3049999999999997,5.684999999999999,-13.149999999999999,0.5,ACN|BA|CACI|DXC|GD|LDOS|LHX|LMT|NOC|SAIC,ACN|BA|CACI|DXC|GD|LDOS|LHX|LMT|NOC|SAIC
BAK,10,10,-2.17,-16.67,-57.99,0.75,-0.61,-0.345,-1.56,-16.325000000000003,-49.75,0.2,ASH|CE|DOW|EMN|HUN|LYB|MTX|OI|PPG|WLK,ASH|CE|DOW|EMN|HUN|LYB|MTX|OI|PPG|WLK
BALL,9,7,0.83,0.15,9.91,-0.26,-1.22,2.55,2.05,-2.4,-8.95,1.0,ATR|BERY|CCK|IP|OI|PKG|SEE|SLGN|SON,ATR|CCK|IP|OI|PKG|SLGN|SON
BALY,10,9,-31.81,-34.9,-14.9,4.06,-2.92,-5.72,-28.89,-29.18,-22.380000000000003,0.0,BYD|CHDN|CZR|GDEN|LVS|MGM|MSC|PENN|RRR|WYNN,BYD|CHDN|CZR|LVS|MGM|MSC|PENN|RRR|WYNN
BAM,10,10,-6.58,12.45,8.59,-0.88,-4.95,10.265,-1.63,2.1849999999999987,-4.83,0.2,APO|ARES|BLK|BX|CG|CNS|HLNE|IVZ|KKR|MS,APO|ARES|BLK|BX|CG|CNS|HLNE|IVZ|KKR|MS
BANC,10,10,-4.53,-12.14,-0.32,-1.05,-3.8499999999999996,1.03,-0.6800000000000006,-13.17,-12.870000000000001,0.4,BMRC|CFFI|FBK|FMBH|HTB|INBK|MBWM|WABC|WAL|WTBA,BMRC|CFFI|FBK|FMBH|HTB|INBK|MBWM|WABC|WAL|WTBA
BAND,10,10,-9.37,-23.89,-15.47,-6.32,-3.385,15.004999999999999,-5.984999999999999,-38.894999999999996,-26.855,0.4,AKAM|CRNT|EGHT|FSLY|NET|RNG|SONM|TMDX|TWLO|ZM,AKAM|CRNT|EGHT|FSLY|NET|RNG|SONM|TMDX|TWLO|ZM
BANF,10,9,-2.65,-2.38,1.41,-0.39,-4.32,-1.49,1.6700000000000004,-0.8899999999999999,-6.28,1.0,ASB|BOKF|COLB|FFIN|FIBK|GBCI|IBCP|IBTX|ONB|SFNC,ASB|BOKF|COLB|FFIN|FIBK|GBCI|IBCP|ONB|SFNC
BANL,10,8,85.88,185.75,143.51,7.69,5.765000000000001,8.635,80.115,177.115,134.56,1.0,BP|COP|CVX|HES|MRO|OXY|PSX|SHEL|VLO|XOM,BP|COP|CVX|OXY|PSX|SHEL|VLO|XOM
BANR,10,9,-3.88,1.74,9.56,-0.44,-4.14,-0.73,0.2599999999999998,2.4699999999999998,1.0099999999999998,0.6666666666666666,CIVB|COLB|CVBF|FULT|HOPE|HTLF|PROV|SFNC|UBSI|WAFD,CIVB|COLB|CVBF|FULT|HOPE|PROV|SFNC|UBSI|WAFD
BAOS,10,9,-18.99,-74.5,-81.81,-7.49,-2.29,0.56,-16.7,-75.06,-87.76,0.0,CRTO|FLNT|IPG|IZEA|MCHX|MGNI|OMC|SCOR|TTD|WPP,CRTO|FLNT|IZEA|MCHX|MGNI|OMC|SCOR|TTD|WPP
BAP,10,10,-0.09,-4.79,12.46,1.58,-3.085,-17.12,2.995,12.330000000000002,9.895,0.6,AVAL|BBAR|BBD|BCH|BMA|BSAC|CIB|GGAL|ITUB|SUPV,AVAL|BBAR|BBD|BCH|BMA|BSAC|CIB|GGAL|ITUB|SUPV
BARK,9,8,-1.44,15.49,13.08,-1.15,0.04500000000000001,5.825,-1.4849999999999999,9.665,-1.4399999999999995,0.125,CENT|CHWY|FRPT|HELE|SMPL|TRUP|WOOF|ZOM|ZTS,CENT|CHWY|FRPT|HELE|SMPL|TRUP|WOOF|ZTS
BATL,10,8,1.87,-11.94,-33.41,0.72,9.645,9.075,-7.7749999999999995,-21.015,-38.574999999999996,0.125,APA|COP|DVN|EQT|FANG|HES|MRO|MUR|OXY|SM,APA|COP|DVN|EQT|FANG|MUR|OXY|SM
BATRA,10,10,0.72,3.46,6.33,-0.24,1.35,8.35,-0.6300000000000001,-4.89,-3.4800000000000004,0.5,AMCX|CMCSA|DIS|DPZ|FWONA|LYV|MANU|NFLX|ROKU|VIV,AMCX|CMCSA|DIS|DPZ|FWONA|LYV|MANU|NFLX|ROKU|VIV
BATRK,10,10,0.58,6.62,6.45,-0.14,1.315,8.35,-0.735,-1.7299999999999995,0.6499999999999995,0.4,CMCSA|DAL|DIS|LYV|MANU|NFLX|ROKU|TRIP|UBER|YUM,CMCSA|DAL|DIS|LYV|MANU|NFLX|ROKU|TRIP|UBER|YUM
BAX,10,10,-2.21,21.68,40.93,-0.69,2.635,13.954999999999998,-4.845,7.725000000000001,22.5,0.1,ABT|BDX|BMY|DHR|ISRG|JNJ|MMM|RMD|SYK|ZBH,ABT|BDX|BMY|DHR|ISRG|JNJ|MMM|RMD|SYK|ZBH
BB,10,8,-9.18,-8.77,31.69,-2.13,-12.1,3.6500000000000004,2.92,-12.42,4.895,0.625,ATEN|CRWD|CYBR|FTNT|NET|OKTA|PANW|TENB|VRNT|ZS,ATEN|CRWD|FTNT|NET|OKTA|PANW|TENB|ZS
BBAI,9,8,-8.08,6.6,-24.75,-3.25,-1.27,20.545,-6.8100000000000005,-13.945000000000002,-37.545,0.125,AI|AVAV|BAH|CACI|INOD|LDOS|PLTR|SAIC|VRNT,AI|AVAV|BAH|CACI|INOD|LDOS|PLTR|SAIC
BBAR,10,10,-8.86,-30.04,-2.28,0.83,-3.6399999999999997,-0.61,-5.22,-29.43,-10.629999999999999,0.0,BAC|BMA|BSBR|C|GGAL|HSBC|ITUB|JPM|SAN|WFC,BAC|BMA|BSBR|C|GGAL|HSBC|ITUB|JPM|SAN|WFC
BBCP,10,9,-3.61,-15.99,24.86,0.66,-4.78,2.85,1.1700000000000004,-18.84,23.55,0.5555555555555556,ASTE|CAT|GVA|HEES|MTW|OSK|PII|ROAD|TER|URI,ASTE|CAT|GVA|MTW|OSK|PII|ROAD|TER|URI
BBD,10,10,-4.6,-19.44,-15.74,-1.48,-1.54,0.635,-3.0599999999999996,-20.075000000000003,-17.235,0.2,BAP|BBVA|BSBR|CIB|GGAL|HSBC|ITUB|PBR|SBAC|SUPV,BAP|BBVA|BSBR|CIB|GGAL|HSBC|ITUB|PBR|SBAC|SUPV
BBDC,10,10,-1.01,11.93,8.67,-0.91,-1.655,7.7,0.645,4.2299999999999995,3.7300000000000004,0.6,ARCC|CGBD|FDUS|GAIN|GSBD|HTGC|MAIN|PNNT|PSEC|TCPC,ARCC|CGBD|FDUS|GAIN|GSBD|HTGC|MAIN|PNNT|PSEC|TCPC
BBGI,10,8,-15.02,-4.29,49.82,4.01,-1.03,-1.58,-13.99,-2.71,51.115,0.0,CMLS|GTN|IHRT|NCMI|NXST|SBGI|SIRI|SSP|TGNA|TSQ,GTN|IHRT|NCMI|NXST|SBGI|SIRI|SSP|TSQ
BBIO,10,8,2.6,0.8,22.14,-0.74,2.16,10.155,0.43999999999999995,-9.354999999999999,11.91,0.5,ALNY|BLUE|BMRN|CRSP|FOLD|NBIX|PRTA|RARE|SRPT|VRTX,ALNY|BMRN|CRSP|NBIX|PRTA|RARE|SRPT|VRTX
BBLG,10,10,-9.46,-44.5,-50.37,-4.64,-0.10499999999999998,11.489999999999998,-9.355,-55.989999999999995,-63.04,0.0,ATEC|BAX|GMED|IART|JNJ|MDT|OFIX|SNN|SYK|ZBH,ATEC|BAX|GMED|IART|JNJ|MDT|OFIX|SNN|SYK|ZBH
BBNX,0,0,8.48,20.25,94.0,-1.98,,,,,,,,
BBOT,0,0,0.0,3.71,4.77,-3.85,,,,,,,,
BBSI,10,7,0.39,-16.1,6.83,0.15,0.8,11.59,-0.41000000000000003,-27.69,-55.49,0.42857142857142855,ADP|ATSG|CCRN|DHX|HSII|MAN|NSP|PAYX|RHI|TNET,ADP|DHX|MAN|NSP|PAYX|RHI|TNET
BBT,10,9,-2.43,4.61,9.51,-1.15,-4.12,0.34,1.69,4.2700000000000005,-0.8100000000000005,1.0,BFIN|INDB|OSBC|PFBC|SFBS|SYBT|TCBK|TMP|UBSI|WTFC,INDB|OSBC|PFBC|SFBS|SYBT|TCBK|TMP|UBSI|WTFC
BBUC,10,10,-2.5,-7.47,-13.29,-1.42,-5.13,14.405000000000001,2.63,-21.875,-28.049999999999997,1.0,APO|ARES|BX|CG|EVR|HLNE|KKR|MC|TPG|VCTR,APO|ARES|BX|CG|EVR|HLNE|KKR|MC|TPG|VCTR
BBVA,10,10,-0.44,8.75,25.49,-0.0,-3.6399999999999997,-3.4050000000000002,3.1999999999999997,12.155000000000001,20.064999999999998,0.7,BAP|BBD|BCH|BSBR|CIB|GGAL|ITUB|SAN|SUPV|WFC,BAP|BBD|BCH|BSBR|CIB|GGAL|ITUB|SAN|SUPV|WFC
BBW,10,10,-2.58,8.51,0.84,-7.01,-2.8449999999999998,0.945,0.2649999999999997,7.5649999999999995,-3.0900000000000003,0.6,DIS|FNKO|HAS|JAKK|MAT|NKE|ROST|TGT|UA|WMT,DIS|FNKO|HAS|JAKK|MAT|NKE|ROST|TGT|UA|WMT
BBWI,7,7,3.86,-3.54,14.63,-1.63,1.19,7.9,2.67,-11.440000000000001,-10.53,0.7142857142857143,COTY|EL|HELE|IPAR|LB|SBH|ULTA,COTY|EL|HELE|IPAR|LB|SBH|ULTA
BBY,9,9,1.9,-0.15,42.63,-2.51,-2.22,1.46,4.12,-1.6099999999999999,44.04,0.8888888888888888,AMZN|BURL|COST|FLWS|HD|LOW|RTH|TGT|WMT,AMZN|BURL|COST|FLWS|HD|LOW|RTH|TGT|WMT
BC,10,9,-1.13,-1.71,3.62,-1.14,-0.56,1.08,-0.5699999999999998,-2.79,-5.579999999999999,0.4444444444444444,DOO|FOUR|HZO|LAKE|MCFT|MPX|OSW|PII|THO|YETI,DOO|FOUR|HZO|LAKE|MCFT|OSW|PII|THO|YETI
BCAB,9,8,-8.41,-6.78,-12.71,-3.36,4.175,8.175,-12.585,-14.955000000000002,-20.450000000000003,0.125,ADPT|AGEN|ALXO|ANVS|HOOK|IDYA|IMTX|SRRK|TCRX,ADPT|AGEN|ALXO|ANVS|IDYA|IMTX|SRRK|TCRX
BCAL,10,8,-3.36,0.86,10.7,-0.24,-3.655,-0.10000000000000003,0.29499999999999993,0.96,2.9799999999999995,0.5,CVBF|EWBC|FFWM|FULT|HAFC|HOPE|PPBI|PROV|UBSI|WAL,CVBF|EWBC|FULT|HAFC|HOPE|PROV|UBSI|WAL
BCAR,0,0,-10.56,-47.68,-49.44,-1.28,,,,,,,,
BCAX,0,0,4.68,-11.53,21.07,-4.35,,,,,,,,
BCBP,10,9,-3.71,-15.78,-11.57,0.23,-4.12,-0.6,0.41000000000000014,-15.18,-21.89,0.5555555555555556,BANC|BSVN|CNOB|FFIC|FLG|KRNY|OCFC|RBB|TMP|UBSI,BANC|BSVN|CNOB|FLG|KRNY|OCFC|RBB|TMP|UBSI
BCC,10,9,-3.43,4.56,20.76,-2.27,-2.88,2.94,-0.5500000000000003,1.6199999999999997,9.940000000000001,0.4444444444444444,BLDR|BXC|LPX|MAS|OC|PCH|TREX|UFPI|WFG|WY,BLDR|BXC|LPX|MAS|OC|TREX|UFPI|WFG|WY
BCDA,10,8,3.42,6.04,4.42,-3.06,4.965,14.705,-1.545,-8.665,-17.92,0.375,BLUE|BOLD|CLLS|CLRB|CRSP|EDIT|FATE|NTLA|QURE|SGMO,BOLD|CLLS|CLRB|CRSP|EDIT|FATE|NTLA|QURE
BCE,10,9,1.76,10.47,-1.82,0.13,-0.99,9.21,2.75,1.2599999999999998,-3.6,0.7777777777777778,AD|CHTR|CMCSA|CNSL|LUMN|S|T|TMUS|VOD|VZ,AD|CHTR|CMCSA|LUMN|S|T|TMUS|VOD|VZ
BCG,10,10,-9.03,0.71,-11.88,1.44,-3.965,10.265,-5.0649999999999995,-9.555,-17.37,0.0,APO|ARES|BX|CG|GAIN|GLAD|KKR|MAIN|PNNT|PSEC,APO|ARES|BX|CG|GAIN|GLAD|KKR|MAIN|PNNT|PSEC
BCH,10,10,1.7,-0.53,8.67,-1.25,-2.935,-1.205,4.635,0.675,-2.665000000000001,0.9,BAP|BBD|BBVA|BSAC|CIB|GGAL|ITUB|MFG|SAN|WF,BAP|BBD|BBVA|BSAC|CIB|GGAL|ITUB|MFG|SAN|WF
BCIC,0,0,-0.39,8.23,0.13,-0.26,,,,,,,,
BCML,10,9,-3.51,-10.0,-2.22,-1.51,-3.88,-0.73,0.3700000000000001,-9.27,-6.92,0.5555555555555556,BANR|BOH|CVBF|FCFS|GBCI|PFBC|PPBI|SFBS|WABC|WAFD,BANR|BOH|CVBF|FCFS|GBCI|PFBC|SFBS|WABC|WAFD
BCO,10,10,-1.77,-8.32,5.5,3.06,-2.795,0.5650000000000001,1.025,-8.885,0.9049999999999994,0.7,CHRW|CXW|EXP|FDX|GEO|JCI|RHI|UPS|XPO|ZTO,CHRW|CXW|EXP|FDX|GEO|JCI|RHI|UPS|XPO|ZTO
BCPC,10,10,2.29,11.78,12.41,0.7,0.925,7.045,1.365,4.734999999999999,1.2600000000000016,0.6,ADM|CARG|CLX|DSM|EL|IFF|INGR|KO|PG|UL,ADM|CARG|CLX|DSM|EL|IFF|INGR|KO|PG|UL
BCRX,10,9,-0.92,2.21,11.21,-3.48,2.61,15.93,-3.53,-13.719999999999999,0.19000000000000128,0.1111111111111111,ALNY|BLUE|BMRN|CRSP|IONS|PTCT|RARE|REGN|SRPT|VRTX,ALNY|BMRN|CRSP|IONS|PTCT|RARE|REGN|SRPT|VRTX
BCS,10,9,-5.32,-5.46,11.42,-1.03,-3.9,-2.27,-1.4200000000000004,-3.19,-0.2699999999999996,0.0,BAC|BK|C|GS|JPM|MS|PNC|TFC|USB|WFC,BAC|C|GS|JPM|MS|PNC|TFC|USB|WFC
BCSF,10,10,-4.89,-4.21,-9.06,-0.33,-2.265,8.525,-2.6249999999999996,-12.735,-13.670000000000002,0.1,ARCC|GSBD|HTGC|MAIN|NMFC|PSEC|SLRC|TCPC|TPVG|TSLX,ARCC|GSBD|HTGC|MAIN|NMFC|PSEC|SLRC|TCPC|TPVG|TSLX
BCSS,0,0,0.78,1.47,1.37,0.29,,,,,,,,
BCTX,10,8,19.19,13.89,5.67,3.54,5.475,11.085,13.715000000000002,2.8049999999999997,-10.85,1.0,AMGN|AZN|BLUE|BMY|EXEL|FOLD|GILD|JNJ|MRK|PBYI,AMGN|AZN|BMY|EXEL|GILD|JNJ|MRK|PBYI
BCYC,10,8,3.14,-2.49,-7.13,-0.85,9.03,10.23,-5.889999999999999,-12.72,-39.685,0.375,ADAP|AFMD|AGEN|ARGX|EXEL|FATE|IMTX|IOVA|KPTI|MRNA,AGEN|ARGX|EXEL|FATE|IMTX|IOVA|KPTI|MRNA
BDC,10,10,-8.95,18.33,18.36,-2.85,-6.51,-1.395,-2.4399999999999995,19.724999999999998,17.355,0.1,AOS|APH|AVNT|CSL|ENS|HUBB|NTGR|RBC|ROG|TEL,AOS|APH|AVNT|CSL|ENS|HUBB|NTGR|RBC|ROG|TEL
BDCI,0,0,0.1,0.2,0.65,0.0,,,,,,,,
BDL,9,8,-1.71,19.95,43.22,1.64,-3.92,17.81,2.21,2.1400000000000006,4.890000000000001,0.875,BJRI|BLMN|CAKE|DENN|DIN|DRI|EAT|RRGB|TXRH,BJRI|BLMN|CAKE|DIN|DRI|EAT|RRGB|TXRH
BDMD,10,10,1.32,10.0,-30.0,-2.94,1.5150000000000001,14.27,-0.19500000000000006,-4.27,-37.68,0.5,ABT|BDX|BSX|EW|ISRG|MDT|NVCR|PODD|SYK|ZBH,ABT|BDX|BSX|EW|ISRG|MDT|NVCR|PODD|SYK|ZBH
BDN,10,9,-4.29,-1.79,1.86,-1.79,-0.9,-2.22,-3.39,0.43000000000000016,-10.49,0.0,BXP|CUZ|DEI|ESRT|HIW|HPP|KRC|PGRE|SLG|VNO,BXP|CUZ|DEI|ESRT|HIW|HPP|KRC|SLG|VNO
BDRX,10,8,-21.79,-28.65,-60.77,-3.17,4.675,-1.035,-26.465,-27.615,-69.58500000000001,0.0,ATNM|BGMS|FATE|GERN|KPTI|MRKR|ONCT|PSTV|TGTX|XNCR,ATNM|BGMS|FATE|GERN|KPTI|MRKR|TGTX|XNCR
BDSX,10,9,5.17,16.97,74.11,-2.04,7.83,12.96,-2.66,4.009999999999998,47.489999999999995,0.2222222222222222,BEAM|CDNA|CRSP|EXAS|FLGT|GH|ILMN|PACB|QDEL|TWST,BEAM|CDNA|CRSP|FLGT|GH|ILMN|PACB|QDEL|TWST
BDTX,8,5,4.7,15.57,-41.25,-3.58,-0.6,8.66,5.3,6.91,-47.75,0.8,ADAP|ALLO|BPMC|CRBP|FATE|IGMS|TVRD|XFOR,ALLO|CRBP|FATE|TVRD|XFOR
BDX,10,9,4.08,23.66,28.89,0.96,-2.21,14.94,6.29,8.72,10.04,0.7777777777777778,ABT|ALGN|BAX|BSX|DHR|HOLX|ISRG|JNJ|TMO|XRAY,ABT|ALGN|BAX|BSX|DHR|ISRG|JNJ|TMO|XRAY
BE,9,9,-15.98,-9.05,-29.69,-4.06,-5.65,-14.84,-10.33,5.789999999999999,2.1899999999999977,0.0,ARRY|BLDP|ENPH|FCEL|FSLR|NEE|PLUG|RUN|SEDG,ARRY|BLDP|ENPH|FCEL|FSLR|NEE|PLUG|RUN|SEDG
BEAG,0,0,-0.19,0.66,1.42,0.0,,,,,,,,
BEAM,10,7,7.67,7.15,5.29,-1.81,5.97,14.93,1.7000000000000002,-7.779999999999999,1.8199999999999998,0.7142857142857143,ADVM|ALNY|BLUE|CLLS|CRSP|EDIT|NTLA|SGMO|SRPT|VYGR,ALNY|CLLS|CRSP|EDIT|NTLA|SRPT|VYGR
BEAT,10,8,-19.35,-14.55,-48.16,-1.47,-1.8250000000000002,8.85,-17.525000000000002,-23.4,-49.3,0.0,ALGN|BSX|EW|HOLX|IART|ISRG|NVRO|PODD|SYK|ZBH,ALGN|BSX|EW|IART|ISRG|PODD|SYK|ZBH
BEEM,9,8,19.57,26.15,-3.17,13.34,-5.54,-11.405,25.11,37.555,26.985,1.0,BLDP|ENPH|FCEL|NIO|NKLA|PLUG|RUN|SEDG|TSLA,BLDP|ENPH|FCEL|NIO|PLUG|RUN|SEDG|TSLA
BEEP,10,10,10.5,49.18,26.07,2.1,0.32499999999999996,2.31,10.175,46.87,25.69,1.0,AMT|CCI|COR|DLR|EQIX|FR|LADR|RHP|SBAC|UNIT,AMT|CCI|COR|DLR|EQIX|FR|LADR|RHP|SBAC|UNIT
BEKE,9,6,0.24,5.86,-5.92,-2.18,-2.9250000000000003,10.415000000000001,3.165,-4.555000000000001,-1.0649999999999995,0.6666666666666666,ADV|COMP|EXPI|HOUS|OPEN|RDFN|RMAX|VRM|Z,ADV|COMP|OPEN|RMAX|VRM|Z
BELFA,0,0,-8.01,-8.85,-6.49,-1.75,,,,,,,,
BELFB,10,10,-9.21,-7.94,1.93,-1.6,-3.375,-5.975,-5.835000000000001,-1.9650000000000007,15.985,0.1,ADI|LPL|MPWR|MTSI|NXPI|ON|ROP|ST|TEL|TXN,ADI|LPL|MPWR|MTSI|NXPI|ON|ROP|ST|TEL|TXN
BEN,9,7,0.93,5.54,9.54,0.57,-2.15,4.6,3.08,0.9400000000000004,-8.7,0.8571428571428571,AMP|BK|BLK|IVZ|JHG|NTRS|SCHW|STT|TROW,AMP|BLK|IVZ|NTRS|SCHW|STT|TROW
BENF,10,10,-5.06,-32.61,-28.94,3.3,-4.025,9.690000000000001,-1.0349999999999993,-42.3,-39.290000000000006,0.4,APO|ARES|BLK|BX|CG|GS|IVZ|KKR|MS|TROW,APO|ARES|BLK|BX|CG|GS|IVZ|KKR|MS|TROW
BEP,10,10,-6.19,2.64,-4.89,-1.4,0.5800000000000001,-3.745,-6.7700000000000005,6.385,-4.864999999999999,0.0,AEP|D|DUK|ED|ES|NEE|PCG|PEG|SRE|XEL,AEP|D|DUK|ED|ES|NEE|PCG|PEG|SRE|XEL
BEPC,10,10,-6.33,2.6,-9.04,-1.38,0.34500000000000003,-2.915,-6.675,5.515000000000001,-9.284999999999998,0.0,AEP|D|DUK|ED|ES|EXC|NEE|PCG|PEG|XEL,AEP|D|DUK|ED|ES|EXC|NEE|PCG|PEG|XEL
BETA,0,0,-4.79,36.3,67.11,-5.37,,,,,,,,
BETR,10,9,-22.17,-49.74,-52.03,-10.4,-0.8,5.39,-21.37,-55.13,-55.96,0.0,COOP|ESNT|HRTG|MTG|NMIH|PFSI|RDN|RKT|SIGI|UWMC,ESNT|HRTG|MTG|NMIH|PFSI|RDN|RKT|SIGI|UWMC
BF-A,10,10,0.98,7.17,9.08,-1.25,0.52,4.42,0.45999999999999996,2.75,2.8050000000000006,0.6,BF-B|BUD|CCU|DEO|KDP|MNST|NWL|SAM|STZ|TAP,BF-B|BUD|CCU|DEO|KDP|MNST|NWL|SAM|STZ|TAP
BF-B,8,7,0.95,7.14,10.36,-0.47,0.09,3.91,0.86,3.2299999999999995,7.4399999999999995,0.5714285714285714,BF-A|BUD|CCU|DEO|NAPA|SAM|STZ|TAP,BF-A|BUD|CCU|DEO|SAM|STZ|TAP
BFAM,10,9,-0.18,1.5,8.15,0.01,-1.5,2.05,1.32,-0.5499999999999998,4.66,0.7777777777777778,ATGE|COE|GHC|HOFT|LOPE|LRN|STRA|TAL|UHAL|UTI,COE|GHC|HOFT|LOPE|LRN|STRA|TAL|UHAL|UTI
BFC,10,10,-4.69,3.16,5.55,-0.03,-4.055,-2.145,-0.6350000000000007,5.305,-6.22,0.3,BAC|C|FITB|JPM|KEY|PNC|RF|TFC|USB|WFC,BAC|C|FITB|JPM|KEY|PNC|RF|TFC|USB|WFC
BFH,10,7,-7.63,1.22,17.59,-5.06,-4.0,-2.13,-3.63,3.3499999999999996,13.87,0.14285714285714285,ALLY|AXP|CACC|COF|DFS|GDOT|LC|LPRO|SYF|UPST,ALLY|AXP|CACC|COF|GDOT|SYF|UPST
BFLY,10,9,4.12,39.56,110.14,0.6,1.05,9.26,3.0700000000000003,30.300000000000004,83.52,0.6666666666666666,ABT|GE|HOLX|MRNA|NTRA|PHG|QDEL|SONO|TDOC|TMO,ABT|GE|MRNA|NTRA|PHG|QDEL|SONO|TDOC|TMO
BFRG,10,8,0.47,-6.49,-9.65,4.18,7.45,16.055,-6.98,-22.545,-31.990000000000002,0.125,ADPT|BEAM|BLUE|CRSP|EDIT|FATE|NTLA|RGEN|SGMO|SRPT,ADPT|BEAM|CRSP|EDIT|FATE|NTLA|RGEN|SRPT
BFRI,10,9,14.21,33.25,78.37,1.35,0.57,11.35,13.64,21.9,53.77,1.0,ATNM|CLDX|DVAX|GERN|IMUX|MREO|PLX|RIGL|TGTX|TNXP,ATNM|CLDX|GERN|IMUX|MREO|PLX|RIGL|TGTX|TNXP
BFS,10,8,-2.53,-4.68,0.6,-0.31,-0.185,-5.695,-2.3449999999999998,1.0150000000000006,-1.415,0.0,AKR|BRX|EQC|FRT|KIM|MAC|REG|ROIC|SLG|SPG,AKR|BRX|FRT|KIM|MAC|REG|SLG|SPG
BFST,10,9,-4.37,1.25,10.72,-0.58,-3.88,-0.89,-0.4900000000000002,2.14,3.870000000000001,0.2222222222222222,BANR|FIBK|FRBA|GNTY|HOMB|HTB|PB|SBSI|SFNC|TXN,BANR|FIBK|FRBA|HOMB|HTB|PB|SBSI|SFNC|TXN
BG,9,9,5.0,-4.45,-1.32,3.83,3.95,-0.25,1.0499999999999998,-4.2,-6.12,0.6666666666666666,ADM|ANDE|CARG|CF|INGR|MOS|SMG|TSN|VMI,ADM|ANDE|CARG|CF|INGR|MOS|SMG|TSN|VMI
BGC,10,10,0.23,-4.74,-2.36,1.53,0.015000000000000013,6.59,0.215,-11.33,-10.545,0.5,BAC|CBOE|CME|GS|ICE|JPM|MKTX|MS|NDAQ|SCHW,BAC|CBOE|CME|GS|ICE|JPM|MKTX|MS|NDAQ|SCHW
BGI,10,8,17.79,-29.33,-44.47,3.38,-4.720000000000001,-6.06,22.509999999999998,-23.27,-51.144999999999996,1.0,ANF|FOSL|JWN|MOV|PVH|RL|SIG|TBHC|TPR|VRA,ANF|FOSL|MOV|PVH|RL|SIG|TPR|VRA
BGIN,0,0,8.86,15.3,-39.93,7.76,,,,,,,,
BGL,0,0,6.87,2.95,-77.94,16.8,,,,,,,,
BGLC,10,9,-2.44,3.9,-23.44,1.91,6.74,11.82,-9.18,-7.92,-46.32,0.0,CGEN|CRSP|EDIT|EXAS|FATE|FLGT|GH|ILMN|MYGN|QGEN,CGEN|CRSP|EDIT|FATE|FLGT|GH|ILMN|MYGN|QGEN
BGM,10,10,-12.09,-6.65,-10.14,-6.35,4.465,18.095,-16.555,-24.744999999999997,-41.129999999999995,0.0,A|BIO|CAH|CCEC|CRL|DGX|ILMN|LH|MCK|TMO,A|BIO|CAH|CCEC|CRL|DGX|ILMN|LH|MCK|TMO
BGMS,10,10,-3.01,0.25,-6.97,-0.88,5.37,12.719999999999999,-8.379999999999999,-12.469999999999999,-27.705,0.0,AMGN|BMY|EXEL|GILD|INCY|MRK|NBIX|PFE|REGN|VRTX,AMGN|BMY|EXEL|GILD|INCY|MRK|NBIX|PFE|REGN|VRTX
BGS,10,8,-7.47,-4.89,-16.75,-4.08,1.18,5.67,-8.65,-10.559999999999999,-33.72,0.0,CAG|CPB|GIS|HRL|K|KHC|MDLZ|POST|SJM|THS,CAG|CPB|GIS|HRL|KHC|MDLZ|POST|SJM
BGSF,10,8,1.8,0.71,9.5,2.17,1.32,8.530000000000001,0.48,-7.820000000000001,-55.33,0.5,ASGN|CSTL|HSII|KELYA|KFRC|KFY|MAN|RHI|TBI|TTWO,CSTL|KELYA|KFRC|KFY|MAN|RHI|TBI|TTWO
BGSI,0,0,1.55,-9.13,-13.04,-1.01,,,,,,,,
BH,10,10,0.66,4.67,45.72,0.13,-1.565,-2.6,2.225,7.27,42.16,1.0,AIZ|BRK-A|CINF|GLRE|L|MKL|ORI|SAFT|TRV|WRB,AIZ|BRK-A|CINF|GLRE|L|MKL|ORI|SAFT|TRV|WRB
BHB,10,10,-4.04,1.96,12.95,-1.24,-3.9,-2.145,-0.14000000000000012,4.105,1.1799999999999997,0.4,BAC|BKU|C|FITB|HBAN|JPM|PNC|TFC|USB|WFC,BAC|BKU|C|FITB|HBAN|JPM|PNC|TFC|USB|WFC
BHC,10,10,7.17,49.0,23.54,-1.39,4.58,8.275,2.59,40.725,14.739999999999998,0.9,AZN|GSK|JNJ|LLY|MRK|NVS|PFE|PRGO|RDY|TEVA,AZN|GSK|JNJ|LLY|MRK|NVS|PFE|PRGO|RDY|TEVA
BHE,10,9,-9.18,-12.47,-12.4,-0.57,-8.2,-2.24,-0.9800000000000004,-10.23,-8.870000000000001,0.3333333333333333,ARW|AVT|IPGP|JBL|MRC|PLXS|SCSC|SNX|TEL|TTMI,ARW|AVT|IPGP|JBL|PLXS|SCSC|SNX|TEL|TTMI
BHF,10,10,-11.17,-16.15,-15.39,-0.73,-3.435,0.6950000000000001,-7.734999999999999,-16.845,-28.080000000000002,0.0,AIG|CNO|GL|LNC|MET|PFG|PRU|RGA|UNM|VOYA,AIG|CNO|GL|LNC|MET|PFG|PRU|RGA|UNM|VOYA
BHM,10,9,0.06,4.92,-18.65,0.06,0.59,0.69,-0.53,4.23,-21.25,0.3333333333333333,AMH|AVB|CPT|ELS|EQR|ESS|INVH|MAA|SUI|UDR,AMH|AVB|CPT|ELS|ESS|INVH|MAA|SUI|UDR
BHP,10,9,6.91,10.31,11.62,1.05,3.66,10.8,3.25,-0.4900000000000002,4.299999999999999,0.7777777777777778,AA|CLF|FCX|HL|NEM|RIO|SCCO|TECK|VALE|X,AA|CLF|FCX|HL|NEM|RIO|SCCO|TECK|VALE
BHR,10,10,1.24,-5.32,-18.2,-0.24,3.17,-5.105,-1.93,-0.21499999999999986,-33.39,0.1,AHT|APLE|DRH|HST|INN|PEB|PK|RLJ|SHO|XHR,AHT|APLE|DRH|HST|INN|PEB|PK|RLJ|SHO|XHR
BHRB,10,9,-3.78,-0.81,11.45,-0.66,-4.88,-3.57,1.1,2.76,0.9499999999999993,0.8888888888888888,CMA|FITB|HBAN|KEY|OZK|PNC|RF|TFIN|USB|ZION,FITB|HBAN|KEY|OZK|PNC|RF|TFIN|USB|ZION
BHST,0,0,0.48,-4.59,-44.09,2.46,,,,,,,,
BHVN,10,10,-9.8,-9.19,51.36,-5.3,4.355,14.045,-14.155000000000001,-23.235,31.79,0.0,ALNY|AMGN|BMRN|EXEL|GILD|INCY|NBIX|REGN|SRPT|VRTX,ALNY|AMGN|BMRN|EXEL|GILD|INCY|NBIX|REGN|SRPT|VRTX
BIAF,10,7,10.89,-40.01,-74.42,3.84,6.08,13.97,4.8100000000000005,-53.98,-86.28,0.8571428571428571,AVDX|BLUE|BNGO|CDXS|CRSP|EDIT|GILD|NTLA|SGMO|VRTX,BNGO|CDXS|CRSP|EDIT|GILD|NTLA|VRTX
BIDU,10,10,-12.64,-14.95,-32.37,-1.53,-1.825,-2.0,-10.815000000000001,-12.95,-26.014999999999997,0.1,BABA|BILI|GOOGL|IQ|JD|JOYY|MOMO|MSFT|NTES|WB,BABA|BILI|GOOGL|IQ|JD|JOYY|MOMO|MSFT|NTES|WB
BIIB,10,10,4.27,11.08,16.96,-0.95,4.720000000000001,12.719999999999999,-0.45000000000000107,-1.6399999999999988,-4.844999999999999,0.4,AMGN|BMY|GILD|JNJ|LLY|MRK|NBIX|PFE|REGN|VRTX,AMGN|BMY|GILD|JNJ|LLY|MRK|NBIX|PFE|REGN|VRTX
BILI,10,10,-2.83,-6.24,-9.36,-4.18,-0.105,-3.12,-2.725,-3.12,-4.805,0.3,BZ|DOYU|HUYA|IQ|JD|JOYY|MOMO|TCOM|TME|WB,BZ|DOYU|HUYA|IQ|JD|JOYY|MOMO|TCOM|TME|WB
BILL,10,10,-7.53,13.26,23.75,-0.62,0.725,14.254999999999999,-8.255,-0.9949999999999992,9.329999999999998,0.0,ADBE|FIS|GPN|INTU|MA|PAYC|PYPL|V|WDAY|XYZ,ADBE|FIS|GPN|INTU|MA|PAYC|PYPL|V|WDAY|XYZ
BIO,8,8,4.4,23.24,30.99,3.52,5.975,16.42,-1.5749999999999993,6.819999999999997,-5.285,0.375,A|ABBV|BAX|DHR|ILMN|MTD|TMO|WAT,A|ABBV|BAX|DHR|ILMN|MTD|TMO|WAT
BIOA,0,0,-4.31,-54.51,-38.05,-7.16,,,,,,,,
BIOX,10,9,-0.35,25.11,-0.37,3.33,6.4,-0.25,-6.75,25.36,-3.39,0.2222222222222222,CF|CTVA|DD|FMC|IPI|LXU|MOS|NTR|SMG|SYT,CF|CTVA|DD|FMC|IPI|LXU|MOS|NTR|SMG
BIP,10,10,-2.05,-2.63,0.0,-0.58,-0.47000000000000003,-3.21,-1.5799999999999998,0.5800000000000001,-0.035,0.0,AES|AWK|D|DUK|EXC|NEE|NRG|PCG|SO|WEC,AES|AWK|D|DUK|EXC|NEE|NRG|PCG|SO|WEC
BIPC,10,10,-2.1,-2.19,-4.03,-0.53,0.5800000000000001,-3.24,-2.68,1.0500000000000003,-4.005,0.0,AEP|DUK|ED|ES|FE|NEE|PEG|PPL|SRE|XEL,AEP|DUK|ED|ES|FE|NEE|PEG|PPL|SRE|XEL
BIRD,10,8,-9.97,-13.88,-40.43,-0.96,-3.175,-5.54,-6.795000000000001,-8.34,-46.1,0.0,COLM|CROX|DECK|FL|NKE|RCKY|SHOO|SKX|VFC|WWW,COLM|CROX|DECK|NKE|RCKY|SHOO|VFC|WWW
BIRK,10,8,-13.88,-17.83,6.32,-2.27,-3.515,-7.96,-10.365,-9.869999999999997,6.87,0.0,COLM|CROX|DECK|FL|NKE|SHOO|SKX|UAA|VFC|WWW,COLM|CROX|DECK|NKE|SHOO|UAA|VFC|WWW
BIVI,10,9,17.31,36.57,35.56,36.59,4.27,6.84,13.04,29.73,25.85,1.0,ACAD|ANVS|AUTL|AXSM|BIIB|EQ|LLY|NBIX|PRTA|SAVA,ACAD|ANVS|AUTL|AXSM|BIIB|EQ|LLY|NBIX|PRTA
BIXI,0,0,0.25,0.75,1.05,-0.15,,,,,,,,
BIYA,0,0,-9.36,-19.06,-67.73,0.41,,,,,,,,
BJ,9,8,-3.29,-1.56,-5.14,-1.48,-1.895,4.09,-1.395,-5.65,-0.04499999999999993,0.25,AMZN|CNSL|COST|DG|DLTR|KR|OLLI|TGT|WMT,AMZN|COST|DG|DLTR|KR|OLLI|TGT|WMT
BJDX,10,9,-10.92,-17.9,-46.9,-1.66,4.4,12.96,-15.32,-30.86,-76.18,0.0,ABT|BIO|DXCM|EXAS|FLGT|GH|MYGN|NTRA|QDEL|QGEN,ABT|BIO|DXCM|FLGT|GH|MYGN|NTRA|QDEL|QGEN
BJRI,10,10,-4.56,-5.76,45.04,-1.73,-3.32,17.81,-1.2399999999999998,-23.57,30.84,0.1,BLMN|CAKE|CMG|DIN|DPZ|DRI|EAT|RRGB|SHAK|TXRH,BLMN|CAKE|CMG|DIN|DPZ|DRI|EAT|RRGB|SHAK|TXRH
BKD,10,8,-3.23,-17.1,-8.96,0.22,-0.265,7.879999999999999,-2.965,-24.98,-27.585,0.125,ADUS|AMED|EHC|HEI|LRN|MDT|NHC|SEM|SENEA|UHT,ADUS|EHC|HEI|LRN|MDT|NHC|SENEA|UHT
BKE,9,8,-5.41,-1.95,-11.86,-1.93,-4.905,-5.38,-0.5049999999999999,3.4299999999999997,-21.08,0.375,AEO|ANF|JWN|KSS|LB|M|ROST|TJX|URBN,AEO|ANF|KSS|LB|M|ROST|TJX|URBN
BKH,10,10,0.1,-1.29,0.24,1.13,0.255,-4.42,-0.155,3.13,1.335,0.5,AEP|D|DUK|EIX|ETR|NEE|SO|SRE|WEC|XEL,AEP|D|DUK|EIX|ETR|NEE|SO|SRE|WEC|XEL
BKHA,0,0,0.17,-9.92,-0.34,-0.25,,,,,,,,
BKKT,10,10,1.28,-5.96,-26.38,-2.97,1.905,-4.1,-0.625,-1.8600000000000003,-27.435,0.4,APPS|CLOV|COIN|HUT|MARA|NET|PYPL|RIOT|SOS|XYZ,APPS|CLOV|COIN|HUT|MARA|NET|PYPL|RIOT|SOS|XYZ
BKNG,10,10,-1.11,18.62,34.42,-0.95,0.9199999999999999,2.5300000000000002,-2.0300000000000002,16.09,31.69,0.2,ABNB|EXPE|H|HLT|IHG|MAR|SABR|TCOM|TRIP|WH,ABNB|EXPE|H|HLT|IHG|MAR|SABR|TCOM|TRIP|WH
BKR,10,10,-0.37,11.67,-5.37,-1.99,1.6199999999999999,7.415,-1.9899999999999998,4.255,-1.3150000000000004,0.1,CLB|FTI|HAL|HP|INVX|NOV|OII|RES|SLB|SM,CLB|FTI|HAL|HP|INVX|NOV|OII|RES|SLB|SM
BKSY,10,9,-16.49,15.07,-43.22,-7.24,-5.82,9.8,-10.669999999999998,5.27,-40.75,0.0,BA|IRDM|LHX|LLAP|LMT|NOC|PL|RTX|SATL|SPIR,BA|IRDM|LHX|LMT|NOC|PL|RTX|SATL|SPIR
BKTI,10,9,0.75,-0.33,-8.67,-1.01,-11.0,-6.88,11.75,6.55,-5.4,0.8888888888888888,EFX|FN|INFN|KULR|NSSC|NTGR|SPSC|VERI|VISN|VSAT,EFX|FN|KULR|NSSC|NTGR|SPSC|VERI|VISN|VSAT
BKU,10,10,-3.16,0.82,0.06,-1.1,-3.91,-2.145,0.75,2.965,-11.709999999999999,0.8,BAC|C|FITB|HBAN|JPM|PNC|RF|TFC|USB|WFC,BAC|C|FITB|HBAN|JPM|PNC|RF|TFC|USB|WFC
BKV,0,0,0.93,-1.39,-10.26,-0.8,,,,,,,,
BKYI,10,10,-23.61,-39.62,-39.37,-4.64,-4.46,-1.135,-19.15,-38.485,-44.315,0.0,AAPL|CSCO|FTNT|GOOGL|IBM|INTC|MSFT|OKTA|PANW|ZS,AAPL|CSCO|FTNT|GOOGL|IBM|INTC|MSFT|OKTA|PANW|ZS
BL,10,10,0.57,13.17,2.27,0.35,0.735,27.4,-0.16500000000000004,-14.229999999999999,-15.52,0.4,ADBE|CRM|INTU|MSFT|ORCL|PAYC|PCTY|SAP|TEAM|WDAY,ADBE|CRM|INTU|MSFT|ORCL|PAYC|PCTY|SAP|TEAM|WDAY
BLBD,10,9,-4.45,-22.96,-5.38,-1.17,-1.08,1.08,-3.37,-24.04,-15.829999999999998,0.1111111111111111,ALSN|CMI|FSS|HOG|LCII|OSK|PCAR|REVG|THO|WGO,ALSN|CMI|FSS|HOG|LCII|OSK|PCAR|THO|WGO
BLCO,10,9,2.12,8.71,7.04,-0.63,3.99,14.29,-1.87,-5.579999999999998,-11.810000000000002,0.3333333333333333,ABT|ALGN|CRL|DHR|EXAS|JNJ|MRK|NVO|PFE|TEVA,ABT|ALGN|CRL|DHR|JNJ|MRK|NVO|PFE|TEVA
BLDP,10,7,-9.92,-23.87,-50.42,-5.6,-6.02,-9.05,-3.9000000000000004,-14.82,-20.73,0.2857142857142857,ADN|AMRC|BE|BLNK|FCEL|HYZN|NKLA|PLUG|RUN|TE,AMRC|BE|BLNK|FCEL|PLUG|RUN|TE
BLDR,8,8,-5.23,-1.85,-2.13,-3.91,-2.175,0.65,-3.0550000000000006,-2.5,-6.965,0.25,CX|EXP|HD|LOW|MAS|MDU|OC|TREX,CX|EXP|HD|LOW|MAS|MDU|OC|TREX
BLFS,10,9,7.18,21.22,57.33,3.54,-0.11,1.89,7.29,19.33,38.42,0.6666666666666666,ASTE|BIO|BMRN|CRSP|CYRX|FATE|KPTI|NARI|NTLA|VIVS,ASTE|BIO|BMRN|CRSP|CYRX|FATE|KPTI|NTLA|VIVS
BLIN,10,7,-12.45,-23.57,0.31,3.44,1.05,23.1,-13.5,-46.67,-31.780000000000005,0.0,FIVN|MANH|MEDP|MITK|MSTR|NCNO|PEGA|PRO|SPNS|VRNT,FIVN|MANH|MEDP|MITK|MSTR|NCNO|PEGA
BLIV,0,0,-1.29,-3.36,-8.0,4.55,,,,,,,,
BLK,10,9,-2.44,9.22,9.74,-0.4,-2.15,3.64,-0.29000000000000004,5.58,-8.35,0.3333333333333333,AMG|AMP|BEN|BK|IVZ|MS|NTRS|SCHW|STT|TROW,AMG|AMP|BEN|IVZ|MS|NTRS|SCHW|STT|TROW
BLKB,10,9,1.28,51.36,50.68,1.41,0.89,27.66,0.39,23.7,35.61,0.5555555555555556,ADBE|ADSK|CRM|CSCO|CTSH|EB|INTU|NOW|PAYC|WDAY,ADBE|ADSK|CRM|CSCO|CTSH|INTU|NOW|PAYC|WDAY
BLLN,0,0,-0.02,-27.25,12.76,2.56,,,,,,,,
BLMN,9,9,-4.12,22.86,31.62,-2.5,-3.36,13.88,-0.7600000000000002,8.979999999999999,18.46,0.2222222222222222,BJRI|CAKE|DIN|DRI|EAT|MCD|RRGB|TXRH|WEN,BJRI|CAKE|DIN|DRI|EAT|MCD|RRGB|TXRH|WEN
BLND,10,10,-7.1,-16.76,-5.88,-4.0,-3.2649999999999997,7.625,-3.835,-24.385,-17.64,0.1,AFRM|DOCU|PYPL|RKT|ROKU|SOFI|UPST|XYZ|Z|ZM,AFRM|DOCU|PYPL|RKT|ROKU|SOFI|UPST|XYZ|Z|ZM
BLNE,10,10,-13.36,1.95,-17.09,-5.72,0.965,6.005,-14.325,-4.055,-17.945,0.0,BF-A|BF-B|BUD|DEO|KDP|MO|SAM|SBEV|STZ|TAP,BF-A|BF-B|BUD|DEO|KDP|MO|SAM|SBEV|STZ|TAP
BLNK,9,7,-5.79,2.29,-28.51,-1.34,0.86,-6.89,-6.65,9.18,-9.700000000000003,0.2857142857142857,CHPT|EVGO|LI|NIO|NKLA|SBLX|TSLA|WBX|XPEV,CHPT|EVGO|LI|NIO|TSLA|WBX|XPEV
BLRX,10,7,9.98,4.97,8.73,2.05,0.45,-2.75,9.530000000000001,7.72,15.23,0.8571428571428571,ADAP|AFMD|ARGX|BPMC|CTMX|FATE|IMMP|KPTI|MGNX|ONCY,ARGX|CTMX|FATE|IMMP|KPTI|MGNX|ONCY
BLSH,0,0,2.67,19.25,-23.68,4.81,,,,,,,,
BLTE,10,10,-1.0,4.76,14.83,-2.33,5.025,12.719999999999999,-6.025,-7.959999999999999,-10.095,0.0,ABBV|AMGN|BIIB|BMY|GILD|LLY|MRNA|PFE|REGN|VRTX,ABBV|AMGN|BIIB|BMY|GILD|LLY|MRNA|PFE|REGN|VRTX
BLUW,0,0,0.19,0.39,0.94,0.0,,,,,,,,
BLX,10,10,-2.12,-9.62,-2.9,-1.11,-3.9899999999999998,-5.279999999999999,1.8699999999999997,-4.34,-7.529999999999999,0.6,BAP|BBD|BBVA|BSBR|CIB|GGAL|ITUB|SMFG|SUPV|WF,BAP|BBD|BBVA|BSBR|CIB|GGAL|ITUB|SMFG|SUPV|WF
BLZE,9,8,-19.92,21.91,120.19,-3.08,-2.1950000000000003,17.634999999999998,-17.725,4.275000000000002,101.245,0.0,AAPL|BOX|CFLT|DBX|GOOG|IBM|MSFT|NTNX|SNOW,AAPL|BOX|DBX|GOOG|IBM|MSFT|NTNX|SNOW
BLZR,0,0,0.1,0.49,0.69,0.1,,,,,,,,
BMA,10,10,-7.7,-23.96,2.95,-1.21,-3.84,-5.279999999999999,-3.8600000000000003,-18.68,-1.9399999999999995,0.1,BAP|BBAR|BBD|BCH|BSBR|CIB|ITUB|SAN|SMFG|SUPV,BAP|BBAR|BBD|BCH|BSBR|CIB|ITUB|SAN|SMFG|SUPV
BMBL,10,9,1.16,-2.08,-11.81,-1.38,-2.03,4.85,3.1899999999999995,-6.93,-19.0,0.7777777777777778,EBAY|GRPN|IAC|MTCH|PINS|SNAP|SPOT|YELP|ZG|ZM,EBAY|GRPN|MTCH|PINS|SNAP|SPOT|YELP|ZG|ZM
BMEA,10,7,7.03,6.2,3.01,-1.44,-0.6,13.14,7.63,-6.94,-33.13,0.7142857142857143,BLUE|BNTC|FATE|GOSS|IGMS|KURA|MGTX|NRIX|REPL|SYBX,BNTC|FATE|GOSS|KURA|MGTX|NRIX|REPL
BMGL,0,0,6.28,-16.43,-36.56,-0.41,,,,,,,,
BMHL,0,0,-4.93,-5.13,26.31,0.18,,,,,,,,
BMI,10,10,-0.81,2.13,9.58,-1.2,-0.71,3.67,-0.10000000000000009,-1.54,-3.6999999999999993,0.5,AWK|AWR|CWCO|CWT|IEX|MSEX|PNR|WTRG|WTS|XYL,AWK|AWR|CWCO|CWT|IEX|MSEX|PNR|WTRG|WTS|XYL
BMNR,0,0,17.06,20.69,10.42,5.81,,,,,,,,
BMO,10,9,-6.49,-3.83,9.12,-2.0,-4.19,-2.02,-2.3,-1.81,-2.5700000000000003,0.0,BAC|BK|C|CM|JPM|PNC|RY|TD|USB|WFC,BAC|C|CM|JPM|PNC|RY|TD|USB|WFC
BMR,10,9,0.79,4.92,-30.43,0.0,-3.64,2.95,4.43,1.9699999999999998,-34.58,0.8888888888888888,ADBE|ADSK|CDNS|CMBM|LRCX|NICE|NVDA|PSN|SNPS|TER,ADBE|ADSK|CDNS|LRCX|NICE|NVDA|PSN|SNPS|TER
BMRA,10,9,-6.17,-3.19,-35.32,0.0,1.84,14.29,-8.01,-17.48,-64.21000000000001,0.0,ABT|BAX|BDX|DXCM|HOLX|IDXX|ILMN|PODD|QDEL|TMO,ABT|BAX|BDX|DXCM|IDXX|ILMN|PODD|QDEL|TMO
BMRC,10,10,-5.84,-5.64,3.53,-1.01,-3.9899999999999998,1.14,-1.85,-6.779999999999999,-5.395000000000001,0.2,COLB|CUBI|CVBF|FBNC|HOPE|OZK|SBCF|SFBS|UBSI|WABC,COLB|CUBI|CVBF|FBNC|HOPE|OZK|SBCF|SFBS|UBSI|WABC
BMRN,10,9,-0.11,17.22,36.37,-1.31,2.81,4.38,-2.92,12.84,27.639999999999997,0.2222222222222222,ALNY|BLUE|EXEL|IONS|NBIX|PRTA|RARE|REGN|SRPT|VRTX,ALNY|EXEL|IONS|NBIX|PRTA|RARE|REGN|SRPT|VRTX
BMY,9,9,3.4,10.01,14.19,-1.14,5.12,9.3,-1.7200000000000002,0.7099999999999991,-4.660000000000002,0.0,ABBV|AMGN|AZN|GILD|JNJ|LLY|MRK|NVS|PFE,ABBV|AMGN|AZN|GILD|JNJ|LLY|MRK|NVS|PFE
BN,10,10,-7.41,-0.1,-7.88,-0.91,-5.13,12.594999999999999,-2.2800000000000002,-12.694999999999999,-22.64,0.1,APO|ARES|BAM|BX|BXMT|CG|HGTY|IVZ|KKR|TPG,APO|ARES|BAM|BX|BXMT|CG|HGTY|IVZ|KKR|TPG
BNAI,10,10,0.56,45.91,-16.8,1.44,0.315,26.060000000000002,0.24500000000000005,19.849999999999994,-36.03,0.5,ADBE|CRM|HUBS|NOW|OKTA|ORCL|SAP|TEAM|WDAY|ZM,ADBE|CRM|HUBS|NOW|OKTA|ORCL|SAP|TEAM|WDAY|ZM
BNC,10,10,4.72,-9.83,-1.85,0.38,0.335,14.315000000000001,4.385,-24.145000000000003,-3.33,0.8,ACB|CGC|CRON|GRWG|HYFM|SMG|SNDL|TLRY|TVRD|VFF,ACB|CGC|CRON|GRWG|HYFM|SMG|SNDL|TLRY|TVRD|VFF
BNED,10,9,-1.96,0.84,33.33,0.33,-0.95,6.58,-1.01,-5.74,27.159999999999997,0.2222222222222222,AMZN|ATGE|BFAM|CHGG|EDU|LAUR|PSO|STRA|TAL|UAA,AMZN|BFAM|CHGG|EDU|LAUR|PSO|STRA|TAL|UAA
BNGO,10,10,1.69,7.14,-3.23,-2.44,7.285,13.34,-5.595000000000001,-6.2,-41.93,0.1,CDNA|FLGT|GH|ILMN|MYGN|ONC|PACB|QGEN|TWST|TXG,CDNA|FLGT|GH|ILMN|MYGN|ONC|PACB|QGEN|TWST|TXG
BNKK,10,10,2.43,-11.03,-43.4,-0.95,1.76,4.795,0.6700000000000002,-15.825,-49.199999999999996,0.7,BUD|CELH|DRI|FIZZ|KDP|KO|MNST|PEP|SBUX|TAP,BUD|CELH|DRI|FIZZ|KDP|KO|MNST|PEP|SBUX|TAP
BNL,10,10,-0.24,-6.61,3.72,0.19,0.43,-4.15,-0.6699999999999999,-2.46,4.3500000000000005,0.2,ADC|EPRT|FCPT|GNL|GTY|LXP|NNN|O|SITC|WPC,ADC|EPRT|FCPT|GNL|GTY|LXP|NNN|O|SITC|WPC
BNR,10,9,8.11,9.88,-39.86,2.58,7.67,13.72,0.4399999999999995,-3.84,-87.97999999999999,0.6666666666666666,BEAM|CDNA|CRSP|EXAS|FLGT|GH|ILMN|NTRA|TXG|VYGR,BEAM|CDNA|CRSP|FLGT|GH|ILMN|NTRA|TXG|VYGR
BNS,10,10,-4.97,-1.62,9.12,-1.74,-4.605,-2.45,-0.3649999999999993,0.8300000000000001,-1.2850000000000001,0.5,BAC|BMO|C|CM|JPM|PNC|RY|TD|USB|WFC,BAC|BMO|C|CM|JPM|PNC|RY|TD|USB|WFC
BNT,10,10,-6.88,-1.15,-7.33,-0.61,-1.475,-2.1350000000000002,-5.404999999999999,0.9850000000000003,-15.05,0.0,ACGL|AIG|ALL|HIG|L|MET|MKL|PRE|RGA|TRV,ACGL|AIG|ALL|HIG|L|MET|MKL|PRE|RGA|TRV
BNTC,10,9,2.3,12.31,16.91,-3.97,6.62,14.93,-4.32,-2.619999999999999,4.8100000000000005,0.2222222222222222,ALNY|ARWR|CRSP|EDIT|IONS|MRNA|NTLA|QURE|SGMO|SRPT,ALNY|ARWR|CRSP|EDIT|IONS|MRNA|NTLA|QURE|SRPT
BNTX,10,10,21.31,21.69,23.67,-1.32,4.45,7.960000000000001,16.86,13.73,13.230000000000002,0.9,AZN|BMY|GILD|GSK|JNJ|LLY|MRNA|NVAX|PFE|SNY,AZN|BMY|GILD|GSK|JNJ|LLY|MRNA|NVAX|PFE|SNY
BOC,10,10,-3.02,-2.12,12.53,0.58,-1.3599999999999999,-3.1399999999999997,-1.6600000000000001,1.0199999999999996,11.139999999999999,0.1,AIG|BRK-B|CINF|HIG|L|MKL|PGR|SIGI|TRV|WRB,AIG|BRK-B|CINF|HIG|L|MKL|PGR|SIGI|TRV|WRB
BODI,10,9,-4.36,-40.41,-39.07,-2.57,2.76,1.86,-7.12,-42.269999999999996,-44.58,0.0,AMZN|EXPE|FNKO|HIMS|HLT|LULU|PLNT|PTON|TLGY|YTRA,AMZN|EXPE|FNKO|HIMS|HLT|LULU|PLNT|PTON|YTRA
BOF,10,10,-12.36,-5.11,28.71,0.26,-2.4850000000000003,0.26999999999999996,-9.875,-5.38,34.535,0.0,ADM|COST|GIS|HAIN|KR|PEP|SFM|UNFI|WW|YUM,ADM|COST|GIS|HAIN|KR|PEP|SFM|UNFI|WW|YUM
BOH,10,9,-2.96,-8.54,-0.92,-0.4,-4.23,-2.5,1.2700000000000005,-6.039999999999999,-6.62,0.6666666666666666,BPOP|CBSH|CMA|CUBI|FHB|GBCI|PB|TBBK|WAL|ZION,BPOP|CBSH|CUBI|FHB|GBCI|PB|TBBK|WAL|ZION
BOKF,10,10,-3.56,-0.77,8.1,0.08,-4.4,-3.2800000000000002,0.8400000000000003,2.5100000000000002,-3.505000000000001,0.9,CFG|FITB|HBAN|KEY|MTB|PNC|RF|STI|USB|ZION,CFG|FITB|HBAN|KEY|MTB|PNC|RF|STI|USB|ZION
BOLD,10,8,3.96,14.48,103.17,0.87,6.6,11.34,-2.6399999999999997,3.1400000000000006,89.655,0.375,BLUE|BNGO|CERS|CLLS|CRSP|EDIT|FATE|MESO|NTLA|SGMO,BNGO|CERS|CLLS|CRSP|EDIT|FATE|MESO|NTLA
BOLT,10,8,0.62,-21.03,-29.93,-0.92,1.405,1.185,-0.785,-22.215,-42.595,0.375,ANAB|APLS|CLPT|CTMX|FATE|FOLD|IOVA|TGTX|TVRD|XBIT,ANAB|CLPT|CTMX|FATE|IOVA|TGTX|TVRD|XBIT
BON,10,10,0.09,-4.17,-11.32,0.88,-1.225,1.08,1.3150000000000002,-5.25,-24.54,0.6,ENTG|HELE|HLF|INSM|LGND|MED|NATR|NEOG|OPK|USNA,ENTG|HELE|HLF|INSM|LGND|MED|NATR|NEOG|OPK|USNA
BOOM,10,10,-7.5,4.7,-0.43,-4.29,-3.1100000000000003,3.89,-4.39,0.81,-13.78,0.3,CAT|DE|DOV|ETN|ITW|MTW|NUE|OSK|PH|URI,CAT|DE|DOV|ETN|ITW|MTW|NUE|OSK|PH|URI
BOOT,9,6,0.3,9.09,14.55,-3.61,-7.125,-5.63,7.425,14.719999999999999,18.415,1.0,BURL|FL|JWN|OLLI|ROST|SCVL|TJX|URBN|ZUMZ,BURL|OLLI|ROST|TJX|URBN|ZUMZ
BORR,9,9,10.89,6.41,-27.51,1.94,3.86,13.11,7.030000000000001,-6.699999999999999,-17.990000000000002,0.8888888888888888,HP|NBR|NE|OII|PDS|PTEN|RIG|SDRL|TDW,HP|NBR|NE|OII|PDS|PTEN|RIG|SDRL|TDW
BOSC,10,8,5.99,13.0,5.29,5.52,-8.855,-1.04,14.845,14.04,8.71,1.0,ANET|AVGO|CIEN|CSCO|ERIC|EXTR|FFIV|HPE|INFN|JNPR,ANET|AVGO|CIEN|CSCO|ERIC|EXTR|FFIV|HPE
BOTJ,10,10,-2.05,2.6,18.53,0.15,-3.91,-2.575,1.8600000000000003,5.175000000000001,6.760000000000002,1.0,BAC|FITB|HBAN|JPM|KEY|PNC|RF|TFC|USB|WFC,BAC|FITB|HBAN|JPM|KEY|PNC|RF|TFC|USB|WFC
BOW,10,10,0.12,14.71,17.4,-0.36,-0.8,0.35,0.92,14.360000000000001,10.094999999999999,0.8,AJG|ALL|AON|BRK-B|CB|CINF|MKL|PGR|TRV|WRB,AJG|ALL|AON|BRK-B|CB|CINF|MKL|PGR|TRV|WRB
BOX,10,10,-1.49,16.49,28.75,0.06,-1.7850000000000001,13.780000000000001,0.29500000000000015,2.7099999999999973,23.805,0.6,AAPL|ADBE|AMZN|CRM|DBX|GOOG|GOOGL|IBM|MSFT|ORCL,AAPL|ADBE|AMZN|CRM|DBX|GOOG|GOOGL|IBM|MSFT|ORCL
BOXL,9,9,-26.1,46.5,9.47,-3.55,-3.45,12.71,-22.650000000000002,33.79,5.32,0.0,ADSK|DELL|HPQ|KOPN|LOGI|SONO|SONY|UEIC|VUZI,ADSK|DELL|HPQ|KOPN|LOGI|SONO|SONY|UEIC|VUZI
BP,10,9,5.95,4.76,0.55,3.79,6.25,11.81,-0.2999999999999998,-7.050000000000001,-10.17,0.4444444444444444,APA|COP|CVX|EOG|HES|MPC|OXY|PSX|VLO|XOM,APA|COP|CVX|EOG|MPC|OXY|PSX|VLO|XOM
BPAC,0,0,0.18,0.47,1.27,0.38,,,,,,,,
BPOP,10,9,-4.23,-2.5,13.36,-0.62,-3.9,-1.43,-0.3300000000000005,-1.07,0.25,0.2222222222222222,BAC|BK|C|JPM|PNC|RF|STT|TFC|USB|WFC,BAC|C|JPM|PNC|RF|STT|TFC|USB|WFC
BPRN,10,10,-3.07,11.66,21.0,0.01,-4.029999999999999,-2.645,0.9599999999999995,14.305,10.559999999999999,0.8,BPOP|CBSH|EWBC|FLG|FULT|HSBC|PNC|RF|WABC|ZION,BPOP|CBSH|EWBC|FLG|FULT|HSBC|PNC|RF|WABC|ZION
BQ,9,9,-22.58,10.68,34.28,-1.03,-0.3,2.83,-22.279999999999998,7.85,19.6,0.0,CENT|CHWY|FRPT|HELE|PETS|RH|TRUP|WOOF|ZTS,CENT|CHWY|FRPT|HELE|PETS|RH|TRUP|WOOF|ZTS
BR,8,8,3.26,23.4,19.2,1.03,0.99,16.31,2.2699999999999996,7.09,-3.820000000000004,0.75,ADP|FIS|GPN|INTU|IT|JKHY|PAYX|SSNC,ADP|FIS|GPN|INTU|IT|JKHY|PAYX|SSNC
BRAG,10,9,-3.67,-13.99,-17.9,-1.7,-2.92,-1.1,-0.75,-12.89,-25.38,0.1111111111111111,BRSL|BYD|CZR|DKNG|GDEN|LVS|MGM|PENN|RRR|WYNN,BRSL|BYD|CZR|DKNG|LVS|MGM|PENN|RRR|WYNN
BRBI,0,0,-2.78,-20.61,-30.61,-1.3,,,,,,,,
BRBR,10,9,-3.75,-17.23,17.93,-1.42,0.61,6.21,-4.36,-23.44,13.399999999999999,0.0,CAG|CPB|GIS|HAIN|HFFG|K|KHC|MDLZ|PEP|POST,CAG|CPB|GIS|HAIN|HFFG|KHC|MDLZ|PEP|POST
BRBS,10,8,4.13,15.53,18.69,-0.89,-4.22,2.99,8.35,12.54,4.91,1.0,AUB|CARE|FFIC|FRBA|FVCB|FXNC|MSBI|OPOF|PEBK|SBCF,AUB|CARE|FRBA|FVCB|FXNC|MSBI|PEBK|SBCF
BRC,10,10,-2.8,-2.22,6.79,-0.76,-2.5549999999999997,-0.6200000000000001,-0.2450000000000001,-1.6,-0.5149999999999997,0.5,DOV|EMR|ETN|GWW|HON|IR|ITW|MMM|PNR|ROK,DOV|EMR|ETN|GWW|HON|IR|ITW|MMM|PNR|ROK
BRCB,0,0,9.43,9.97,37.6,-0.51,,,,,,,,
BRCC,10,9,-4.0,-35.6,-53.63,0.14,1.83,5.42,-5.83,-41.02,-61.03,0.1111111111111111,DNUT|DPZ|KDP|KO|LW|MNRO|MNST|PEP|SBUX|THS,DNUT|DPZ|KDP|KO|LW|MNRO|MNST|PEP|SBUX
BRFH,10,9,-33.97,-33.28,-47.98,-5.81,3.3,4.93,-37.269999999999996,-38.21,-57.419999999999995,0.0,ARTW|CELH|FARM|FIZZ|JVA|KDP|KO|MNST|PEP|ZVIA,ARTW|CELH|FIZZ|JVA|KDP|KO|MNST|PEP|ZVIA
BRIA,0,0,-2.16,3.03,-18.56,1.49,,,,,,,,
BRID,10,8,-1.14,-6.88,-25.46,-0.33,0.03999999999999998,1.135,-1.18,-8.015,-30.73,0.375,CAG|FDP|HRL|JJSF|KHC|LAND|MZTI|POST|THS|TSN,CAG|HRL|JJSF|KHC|LAND|MZTI|POST|TSN
BRK-A,10,10,-1.65,2.27,3.96,-0.1,-0.6699999999999999,1.0550000000000002,-0.98,1.2149999999999999,-8.594999999999999,0.2,AIG|ALL|AON|CB|L|MET|MRSH|PGR|PRU|TRV,AIG|ALL|AON|CB|L|MET|MRSH|PGR|PRU|TRV
BRK-B,10,10,-1.42,2.12,3.92,0.04,-0.6699999999999999,1.0550000000000002,-0.75,1.065,-8.635,0.3,AIG|ALL|AON|CB|L|MET|MRSH|PGR|PRU|TRV,AIG|ALL|AON|CB|L|MET|MRSH|PGR|PRU|TRV
BRKR,10,10,5.21,2.03,37.71,3.91,4.67,13.365,0.54,-11.335,5.805,0.6,A|BIO|DHR|IDXX|ILMN|MTD|QGEN|TECH|TMO|WAT,A|BIO|DHR|IDXX|ILMN|MTD|QGEN|TECH|TMO|WAT
BRLS,10,9,13.76,6.07,-34.53,-0.21,1.75,6.21,12.01,-0.13999999999999968,-43.05,1.0,CPB|GIS|HRL|HSY|K|KHC|KO|MDLZ|PEP|TSN,CPB|GIS|HRL|HSY|KHC|KO|MDLZ|PEP|TSN
BRLT,9,9,-5.88,7.56,4.07,0.11,-3.42,-7.27,-2.46,14.829999999999998,2.8500000000000005,0.2222222222222222,FOSL|GIII|LEVI|LULU|MOV|NKE|RL|SIG|VRA,FOSL|GIII|LEVI|LULU|MOV|NKE|RL|SIG|VRA
BRN,9,7,2.04,-4.87,-13.29,1.26,8.8,10.22,-6.760000000000001,-15.09,-21.52,0.0,APA|COP|DVN|EOG|FANG|HES|MRO|NOG|OXY,APA|COP|DVN|EOG|FANG|NOG|OXY
BRNS,10,10,0.87,0.83,-11.92,0.46,4.455,12.085,-3.585,-11.255,-40.175000000000004,0.1,AMGN|BIIB|FATE|GILD|INCY|MDGL|NBIX|PBYI|REGN|VRTX,AMGN|BIIB|FATE|GILD|INCY|MDGL|NBIX|PBYI|REGN|VRTX
BRO,9,9,0.89,10.48,25.8,1.01,-0.42,0.75,1.31,9.73,15.260000000000002,0.6666666666666666,AJG|ALL|AON|CB|CINF|HIG|MRSH|PGR|TRV,AJG|ALL|AON|CB|CINF|HIG|MRSH|PGR|TRV
BROS,10,10,-4.44,-24.77,-11.34,-2.79,-0.265,7.195,-4.175000000000001,-31.965,-15.29,0.1,CMG|DNUT|DPZ|DRI|JVA|MCD|QSR|SBUX|WEN|YUM,CMG|DNUT|DPZ|DRI|JVA|MCD|QSR|SBUX|WEN|YUM
BRR,0,0,28.95,10.8,21.15,5.0,,,,,,,,
BRSL,10,9,-1.63,10.15,7.68,1.1,-3.07,-2.88,1.44,13.030000000000001,5.88,0.5555555555555556,BALY|BYD|CHDN|CZR|GLPI|ISSC|LVS|MGM|PENN|WYNN,BALY|BYD|CHDN|CZR|GLPI|LVS|MGM|PENN|WYNN
BRSP,10,10,-3.32,-10.02,-15.71,-2.14,-1.7349999999999999,0.09500000000000001,-1.585,-10.115,-9.420000000000002,0.2,ABR|ADAM|ARI|BXMT|CIM|GPMT|LADR|RC|STWD|TRTX,ABR|ADAM|ARI|BXMT|CIM|GPMT|LADR|RC|STWD|TRTX
BRT,10,9,1.35,-3.06,-0.32,-0.19,-0.38,-0.9,1.73,-2.16,-0.47,0.7777777777777778,AIV|ARE|AVB|CPT|EQR|ESS|IRT|MAA|NXRT|UDR,AIV|ARE|AVB|CPT|ESS|IRT|MAA|NXRT|UDR
BRTX,10,9,1.77,-29.31,31.98,5.06,1.15,3.43,0.6200000000000001,-32.74,-4.16,0.5555555555555556,AXSM|BLFS|BLUE|CLPT|DFTX|FATE|MESO|PRGO|RCEL|STEM,AXSM|BLFS|CLPT|DFTX|FATE|MESO|PRGO|RCEL|STEM
BRX,9,8,-1.38,-8.63,-2.68,-0.46,-0.42,-6.27,-0.96,-2.360000000000001,-1.0950000000000002,0.375,AKR|FCPT|FRT|HERZ|KIM|REG|ROIC|SRG|UE,AKR|FCPT|FRT|HERZ|KIM|REG|SRG|UE
BRZE,10,10,4.12,38.22,36.28,1.53,-6.855,17.91,10.975000000000001,20.31,15.925000000000004,1.0,AMPL|APPS|CRWD|DDOG|FROG|MNDY|OKTA|PUBM|TTD|ZM,AMPL|APPS|CRWD|DDOG|FROG|MNDY|OKTA|PUBM|TTD|ZM
BSAA,0,0,-0.35,-6.07,-5.44,0.94,,,,,,,,
BSAC,10,10,0.79,0.94,10.53,-0.94,-2.75,2.62,3.54,-1.6800000000000002,2.3949999999999996,0.8,BBD|BBVA|BCH|BSBR|CIB|DB|ITUB|SAN|SMFG|WF,BBD|BBVA|BCH|BSBR|CIB|DB|ITUB|SAN|SMFG|WF
BSBK,10,9,2.86,3.2,10.27,0.97,-3.71,1.12,6.57,2.08,0.4800000000000004,1.0,ACNB|BCBP|FFIC|FULT|HIFS|LSBK|OCFC|TBBK|TMP|TRST,ACNB|BCBP|FULT|HIFS|LSBK|OCFC|TBBK|TMP|TRST
BSBR,10,10,-3.38,2.29,0.81,0.09,-4.96,-17.12,1.58,19.41,-1.7550000000000003,0.6,BBAR|BBD|BCS|BMA|BSAC|CIB|DB|GGAL|ITUB|SUPV,BBAR|BBD|BCS|BMA|BSAC|CIB|DB|GGAL|ITUB|SUPV
BSET,10,8,-5.5,-9.91,28.82,-1.64,-2.76,5.335,-2.74,-15.245000000000001,6.625,0.125,FLXS|HNI|HOFT|HVT|LEG|RH|SGI|SNBR|TBHC|WSM,FLXS|HNI|HOFT|HVT|LEG|RH|SGI|WSM
BSM,10,9,2.99,2.0,6.32,1.51,1.83,4.07,1.1600000000000001,-2.0700000000000003,1.54,0.6666666666666666,AM|ENLC|EPD|ET|KMI|MPLX|OKE|PAA|TRGP|WES,AM|EPD|ET|KMI|MPLX|OKE|PAA|TRGP|WES
BSRR,10,9,-4.02,-5.02,2.95,-0.83,-4.19,-4.32,0.17000000000000082,-0.6999999999999993,-7.430000000000001,0.5555555555555556,BANC|CMA|FITB|HBAN|KEY|PNC|RF|USB|WAL|ZION,BANC|FITB|HBAN|KEY|PNC|RF|USB|WAL|ZION
BSVN,10,9,-0.92,7.48,20.94,0.89,-4.19,-2.27,3.2700000000000005,9.75,9.090000000000002,1.0,BAC|BK|C|CFG|FITB|JPM|PNC|TFC|USB|WFC,BAC|C|CFG|FITB|JPM|PNC|TFC|USB|WFC
BSX,10,9,-2.8,16.93,-11.34,-3.35,1.19,13.62,-3.9899999999999998,3.3100000000000005,-29.35,0.1111111111111111,ABT|BDX|EW|HOLX|ISRG|JNJ|MDT|SYK|XRAY|ZBH,ABT|BDX|EW|ISRG|JNJ|MDT|SYK|XRAY|ZBH
BSY,10,9,-1.37,21.25,8.16,0.39,-1.64,23.18,0.2699999999999998,-1.9299999999999997,4.01,0.5555555555555556,ADSK|ANSS|CDNS|DDD|MSFT|MSTR|PTC|SNPS|SSNC|VEEV,ADSK|CDNS|DDD|MSFT|MSTR|PTC|SNPS|SSNC|VEEV
BTAI,10,9,-27.37,-6.72,-24.71,-0.81,4.53,15.93,-31.900000000000002,-22.65,-51.99,0.0,ACAD|AMGN|BIIB|EXEL|INCY|NBIX|ONC|REGN|SAGE|VRTX,ACAD|AMGN|BIIB|EXEL|INCY|NBIX|ONC|REGN|VRTX
BTBD,10,10,-0.78,12.28,16.36,0.0,-1.8499999999999999,7.195,1.0699999999999998,5.084999999999999,9.77,0.7,CMG|DPZ|DRI|JACK|MCD|QSR|SBUX|TXRH|WEN|YUM,CMG|DPZ|DRI|JACK|MCD|QSR|SBUX|TXRH|WEN|YUM
BTBT,10,9,8.74,3.87,-7.94,15.71,3.81,-12.03,4.93,15.899999999999999,10.149999999999999,0.6666666666666666,ARBK|BITF|CAN|CIFR|EBON|HIVE|HUT|MARA|RIOT|SOS,ARBK|CAN|CIFR|EBON|HIVE|HUT|MARA|RIOT|SOS
BTCS,10,7,16.36,18.57,-26.33,-1.19,4.79,-13.9,11.57,32.47,-5.279999999999998,0.7142857142857143,ARBK|BITF|CAN|CLSK|GREE|HIVE|HUT|MARA|RIOT|SDIG,ARBK|CAN|CLSK|HIVE|HUT|MARA|RIOT
BTCT,10,9,214.22,92.64,33.22,76.77,8.74,-4.28,205.48,96.92,52.730000000000004,1.0,ARBK|BITF|BTBT|CAN|HIVE|HUT|MARA|MSTR|RIOT|SOS,ARBK|BTBT|CAN|HIVE|HUT|MARA|MSTR|RIOT|SOS
BTDR,10,8,19.29,-14.76,-21.31,8.62,4.779999999999999,-8.875,14.51,-5.885,-4.074999999999999,0.875,ANY|ARBK|BITF|BTBT|CAN|CLSK|HUT|MARA|RIOT|SDIG,ANY|ARBK|BTBT|CAN|CLSK|HUT|MARA|RIOT
BTE,10,8,12.86,12.86,-6.71,2.34,7.975,8.635,4.885,4.225,-14.740000000000002,1.0,APA|COP|CVX|DVN|EOG|FANG|HES|MRO|OXY|XOM,APA|COP|CVX|DVN|EOG|FANG|OXY|XOM
BTG,10,10,5.13,34.94,14.13,1.23,13.025,33.47,-7.8950000000000005,1.4699999999999989,-4.640000000000002,0.0,AEM|AGI|AU|B|EGO|HMY|IAG|KGC|NEM|NG,AEM|AGI|AU|B|EGO|HMY|IAG|KGC|NEM|NG
BTGO,0,0,17.36,20.86,-20.07,3.84,,,,,,,,
BTI,10,9,-0.99,-8.51,-13.05,1.42,1.68,-7.86,-2.67,-0.6499999999999995,0.5999999999999996,0.2222222222222222,GNLN|KAVL|MO|PM|RLX|SRXH|TPB|TVRD|UVV|XXII,GNLN|MO|PM|RLX|SRXH|TPB|TVRD|UVV|XXII
BTMD,10,9,0.67,-36.17,-28.57,10.29,-0.09,-2.56,0.76,-33.61,-24.8,0.6666666666666666,ARDX|AXSM|BTAI|CORT|GNFT|KNSA|MIRM|TGTX|VTGN|XBIT,ARDX|AXSM|BTAI|CORT|KNSA|MIRM|TGTX|VTGN|XBIT
BTOC,10,10,-1.51,12.78,4.73,3.64,-2.6799999999999997,-9.3,1.1699999999999997,22.08,3.6900000000000004,0.9,CHRW|EXPD|FDX|JBHT|KNX|LSTR|R|UPS|WERN|XPO,CHRW|EXPD|FDX|JBHT|KNX|LSTR|R|UPS|WERN|XPO
BTOG,10,7,-14.34,-21.17,-57.82,-16.79,4.79,-3.85,-19.13,-17.32,-38.31,0.0,ARBK|BITF|BTBT|CAN|GREE|HUT|IREN|MARA|RIOT|SDIG,ARBK|BTBT|CAN|HUT|IREN|MARA|RIOT
BTQ,0,0,-15.45,0.44,23.23,-3.2,,,,,,,,
BTSG,10,8,-1.05,-14.54,1.72,0.44,-0.15499999999999997,2.29,-0.895,-16.83,-8.25,0.25,ADUS|AMED|CHE|EHC|ENSG|FMS|HCSG|OPI|SSY|SVC,ADUS|CHE|EHC|ENSG|FMS|HCSG|OPI|SVC
BTTC,0,0,-8.5,-36.49,-48.04,-3.1,,,,,,,,
BTU,10,8,11.79,12.77,15.28,0.3,3.585,7.705,8.204999999999998,5.0649999999999995,8.815,1.0,ARCH|ARLP|CNR|CTRA|HCC|HNRG|METC|NRP|SXC|TECK,ARLP|CNR|HCC|HNRG|METC|NRP|SXC|TECK
BTX,0,0,-1.67,5.68,2.05,0.32,,,,,,,,
BUD,10,10,-3.07,-6.39,-5.74,-0.46,1.76,5.175,-4.83,-11.565,-12.015,0.0,BF-B|CCU|DEO|KDP|KO|MNST|PEP|SAM|STZ|TAP,BF-B|CCU|DEO|KDP|KO|MNST|PEP|SAM|STZ|TAP
BUDA,0,0,8.21,4.19,4.8,0.79,,,,,,,,
BULL,0,0,12.77,10.68,28.25,3.76,,,,,,,,
BUR,10,10,-4.13,1.39,-9.46,-2.58,-1.08,9.36,-3.05,-7.97,-15.670000000000002,0.1,ARCC|CGBD|GSBD|HTGC|MAIN|OFS|PFLT|TCPC|TPVG|TSLX,ARCC|CGBD|GSBD|HTGC|MAIN|OFS|PFLT|TCPC|TPVG|TSLX
BURL,9,8,-7.49,-7.14,5.97,-2.69,-4.905,-5.38,-2.585,-1.7599999999999998,-2.365000000000001,0.25,AEO|ANF|DDS|JWN|KSS|M|ROST|TJX|URBN,AEO|ANF|DDS|KSS|M|ROST|TJX|URBN
BUSE,10,10,-3.96,1.2,11.81,-0.94,-3.145,-3.88,-0.815,5.08,9.02,0.3,BKU|CBSH|FHN|FULT|HOMB|IBOC|NBHC|TCBI|UMBF|WAL,BKU|CBSH|FHN|FULT|HOMB|IBOC|NBHC|TCBI|UMBF|WAL
BUUU,0,0,7.12,47.42,60.17,5.69,,,,,,,,
BV,10,9,-2.93,-21.27,-9.27,-2.26,0.24,2.9,-3.17,-24.169999999999998,-13.329999999999998,0.0,AMH|AVB|BEKE|CBRE|EQR|EXR|FR|INVH|PLD|PSA,AMH|AVB|BEKE|CBRE|EXR|FR|INVH|PLD|PSA
BVC,10,10,-4.59,31.8,34.4,2.43,-2.895,4.22,-1.6949999999999998,27.580000000000002,36.835,0.2,AAPL|AMZN|CSCO|GOOGL|HPQ|IBM|INTC|MSFT|NVDA|ORCL,AAPL|AMZN|CSCO|GOOGL|HPQ|IBM|INTC|MSFT|NVDA|ORCL
BVFL,10,8,1.36,4.6,10.32,-0.09,-4.545,3.385,5.905,1.2149999999999999,-4.549999999999999,1.0,ASB|CFFI|CHCO|FBMS|FSBC|FSFG|GABC|MSBI|NKSH|ONB,ASB|CFFI|CHCO|FSBC|GABC|MSBI|NKSH|ONB
BVN,10,9,2.5,7.55,1.83,1.33,12.91,32.28,-10.41,-24.73,-16.6,0.0,AEM|AG|B|EXK|FSM|HL|KGC|NEM|PAAS|SILV,AEM|AG|B|EXK|FSM|HL|KGC|NEM|PAAS
BVS,10,10,3.24,23.3,31.08,-2.32,0.915,5.824999999999999,2.325,17.475,20.439999999999998,0.8,BAX|CNMD|GMED|IART|MEDP|OFIX|PODD|SNN|XRAY|ZBH,BAX|CNMD|GMED|IART|MEDP|OFIX|PODD|SNN|XRAY|ZBH
BW,10,10,-8.5,-19.97,-55.37,-6.15,-5.075,1.63,-3.425,-21.599999999999998,-69.785,0.0,BA|DHR|EMR|GE|HON|IR|JCI|MMM|SPB|TT,BA|DHR|EMR|GE|HON|IR|JCI|MMM|SPB|TT
BWA,10,9,-4.4,0.99,3.07,-2.05,-0.43,1.58,-3.97,-0.5900000000000001,1.0699999999999998,0.1111111111111111,ALV|AXL|DAN|GNTX|GT|JCI|LEA|MGA|TEN|VC,ALV|DAN|GNTX|GT|JCI|LEA|MGA|TEN|VC
BWAY,10,7,-8.9,-9.4,-1.81,-1.09,1.03,-2.51,-9.93,-6.890000000000001,-12.83,0.14285714285714285,ACAD|AKBA|ARWR|BLUE|CODX|CORT|FOLD|KALA|MRNS|RARE,ACAD|AKBA|ARWR|CODX|CORT|KALA|RARE
BWB,10,9,-3.87,3.14,14.58,-1.06,-4.2,-3.93,0.33000000000000007,7.07,8.93,0.5555555555555556,CFR|CMA|EWBC|FHN|FITB|HBAN|KEY|PB|TFC|WAL,CFR|EWBC|FHN|FITB|HBAN|KEY|PB|TFC|WAL
BWEN,10,8,-16.7,-12.23,17.42,-5.26,-4.035,-4.34,-12.665,-7.890000000000001,37.57,0.0,AY|BE|CWEN|ENPH|FSLR|GE|NEE|RUN|SEDG|TPIC,BE|CWEN|ENPH|FSLR|GE|NEE|RUN|SEDG
BWFG,10,10,-3.47,10.32,26.26,0.0,-3.795,2.07,0.32499999999999973,8.25,12.720000000000002,0.6,CAC|CHCO|FMBH|FSBW|FUNC|RNST|SRCE|TMP|UBSI|WSFS,CAC|CHCO|FMBH|FSBW|FUNC|RNST|SRCE|TMP|UBSI|WSFS
BWIN,10,10,2.16,25.07,56.65,1.18,-2.745,0.41500000000000004,4.905,24.655,45.415,1.0,AFL|AIG|ALL|HIG|LNC|MET|PFG|PRU|TRV|UNM,AFL|AIG|ALL|HIG|LNC|MET|PFG|PRU|TRV|UNM
BWLP,10,10,5.11,10.0,3.63,0.55,5.775,11.280000000000001,-0.665,-1.2800000000000011,-6.915,0.4,ASC|CMRE|DHT|FRO|INSW|NAT|NMM|SFL|STNG|TNK,ASC|CMRE|DHT|FRO|INSW|NAT|NMM|SFL|STNG|TNK
BWMN,10,10,0.83,58.95,37.39,0.0,0.0,3.165,0.83,55.785000000000004,40.01,0.8,ACM|DY|EME|FLR|GVA|J|KBR|PRIM|STN|TTEK,ACM|DY|EME|FLR|GVA|J|KBR|PRIM|STN|TTEK
BWMX,10,9,-3.05,-10.01,-3.58,-1.55,0.26,6.08,-3.3099999999999996,-16.09,-33.89,0.1111111111111111,AMZN|BGFV|BURL|COST|DG|DLTR|ETSY|TGT|W|WSM,AMZN|BURL|COST|DG|DLTR|ETSY|TGT|W|WSM
BWXT,10,10,-7.71,-10.25,-22.42,-3.0,-3.79,5.65,-3.92,-15.9,-26.485000000000003,0.0,BA|GD|HEI|HII|LDOS|LHX|LMT|NOC|TDY|TXT,BA|GD|HEI|HII|LDOS|LHX|LMT|NOC|TDY|TXT
BX,9,9,-4.53,16.07,22.02,-1.74,-5.37,10.37,0.8399999999999999,5.700000000000001,17.25,0.5555555555555556,APO|ARES|BXMT|CG|FTAI|HLNE|KKR|MC|PNNT,APO|ARES|BXMT|CG|FTAI|HLNE|KKR|MC|PNNT
BXC,10,8,-7.08,43.82,71.51,-3.34,-2.08,4.4399999999999995,-5.0,39.38,61.965,0.0,AWI|BECN|BLDR|GMS|HD|LOW|PATK|TREX|UFPI|USLM,AWI|BLDR|HD|LOW|PATK|TREX|UFPI|USLM
BXMT,10,10,-1.34,-14.34,-20.35,-1.04,-0.25,-2.62,-1.09,-11.719999999999999,-15.73,0.3,AGNC|CIM|DX|IVR|MFA|MITT|NLY|RWT|STWD|TWO,AGNC|CIM|DX|IVR|MFA|MITT|NLY|RWT|STWD|TWO
BXP,9,9,-2.72,-0.17,12.35,0.11,-0.7,0.08,-2.0200000000000005,-0.25,-9.360000000000001,0.1111111111111111,ARE|BFS|DEI|HIW|HPP|KRC|PDM|SLG|VNO,ARE|BFS|DEI|HIW|HPP|KRC|PDM|SLG|VNO
BXSL,10,10,-1.4,6.11,3.96,0.4,-2.235,7.485,0.835,-1.375,0.5549999999999997,0.8,ARCC|GLAD|GSBD|HTGC|MAIN|NMFC|PNNT|PSEC|SLRC|TCPC,ARCC|GLAD|GSBD|HTGC|MAIN|NMFC|PNNT|PSEC|SLRC|TCPC
BY,10,8,-3.36,0.51,15.64,-0.49,-3.585,1.44,0.2250000000000001,-0.9299999999999999,6.975000000000001,0.625,BBT|CZNC|DCOM|FFWM|FMBH|HONE|HTB|MBWM|RVSB|SSBI,BBT|CZNC|DCOM|FMBH|HTB|MBWM|RVSB|SSBI
BYAH,0,0,-7.57,-14.82,-66.09,-1.34,,,,,,,,
BYD,10,10,-3.07,-6.88,1.8,-2.39,-3.09,-0.18000000000000005,0.020000000000000018,-6.7,-5.915,0.6,CHDN|CZR|LVS|MGM|MLCO|MTN|NCLH|PENN|RCL|WYNN,CHDN|CZR|LVS|MGM|MLCO|MTN|NCLH|PENN|RCL|WYNN
BYFC,10,9,-2.03,14.85,21.28,0.0,-3.59,2.16,1.56,12.69,8.000000000000002,0.8888888888888888,BRKL|BY|FBIZ|FFWM|HAFC|HOPE|MGYR|OFG|ORRF|WASH,BRKL|BY|FBIZ|HAFC|HOPE|MGYR|OFG|ORRF|WASH
BYND,10,9,18.47,-19.17,-38.7,2.73,1.75,5.13,16.72,-24.3,-47.22,1.0,CAG|GIS|HRL|K|KHC|MDLZ|MZTI|POST|SJM|TSN,CAG|GIS|HRL|KHC|MDLZ|MZTI|POST|SJM|TSN
BYRN,10,9,-15.89,1.69,-32.46,-4.38,-5.0,2.5,-10.89,-0.81,-29.27,0.1111111111111111,AVAV|AXON|GPRO|KTOS|OPTT|OSIS|POLA|RGR|SWBI|VSTO,AVAV|AXON|GPRO|KTOS|OPTT|OSIS|POLA|RGR|SWBI
BYSI,9,8,-27.29,-35.89,-49.69,0.33,3.46,15.849999999999998,-30.75,-51.739999999999995,-72.06,0.0,AGEN|APLS|BNTX|IMMP|IMUX|ONC|RNTX|SRRK|ZLAB,AGEN|BNTX|IMMP|IMUX|ONC|RNTX|SRRK|ZLAB
BZ,10,10,1.2,1.33,10.91,-2.95,-1.255,-3.12,2.455,4.45,16.58,0.8,BIDU|DOYU|EDU|HUYA|IQ|JD|MOMO|NTES|PDD|TAL,BIDU|DOYU|EDU|HUYA|IQ|JD|MOMO|NTES|PDD|TAL
BZAI,0,0,-57.26,-50.98,-64.29,-1.96,,,,,,,,
BZFD,10,10,-5.26,-12.9,-31.21,-2.7,-0.48000000000000004,7.415,-4.779999999999999,-20.315,-30.23,0.0,AMZN|CMCSA|DIS|GOOGL|NWSA|NYT|SNAP|TDAY|TGT|TTWO,AMZN|CMCSA|DIS|GOOGL|NWSA|NYT|SNAP|TDAY|TGT|TTWO
BZH,10,9,-0.18,0.39,46.27,-0.18,-2.56,-0.72,2.38,1.1099999999999999,36.85,1.0,DHI|HOV|KBH|LEN|LGIH|MTH|NVR|PHM|TMHC|TOL,DHI|HOV|KBH|LEN|LGIH|MTH|NVR|PHM|TOL
BZUN,10,10,-3.98,11.9,9.25,-1.42,0.16,5.98,-4.14,5.92,5.540000000000001,0.2,AMZN|BABA|CHWY|EBAY|ETSY|GRPN|JD|MELI|PDD|SHOP,AMZN|BABA|CHWY|EBAY|ETSY|GRPN|JD|MELI|PDD|SHOP
C,10,9,-5.25,-0.61,5.3,-1.11,-3.52,-2.27,-1.73,1.6600000000000001,-6.39,0.0,BAC|BK|CB|GS|JPM|MS|PNC|TFC|USB|WFC,BAC|CB|GS|JPM|MS|PNC|TFC|USB|WFC
CAAP,10,9,-5.84,-6.74,-5.84,0.34,-10.51,-9.0,4.67,2.26,-7.7299999999999995,0.8888888888888888,AAL|ALK|AZUL|DAL|JBLU|LUV|OTIS|SAVE|SKYW|UAL,AAL|ALK|AZUL|DAL|JBLU|LUV|OTIS|SKYW|UAL
CAAS,10,10,-3.51,1.57,-4.62,-5.02,1.23,0.5800000000000001,-4.74,0.99,-5.245,0.1,F|GM|HMC|LCID|LI|NIO|RACE|TM|TSLA|XPEV,F|GM|HMC|LCID|LI|NIO|RACE|TM|TSLA|XPEV
CABA,10,7,12.63,10.99,-11.27,-1.49,7.23,13.97,5.4,-2.9800000000000004,-34.15,0.7142857142857143,ADAP|ALLO|ANIX|BLUE|BMRN|CRSP|EDIT|NTLA|SGMO|TGTX,ALLO|ANIX|BMRN|CRSP|EDIT|NTLA|TGTX
CABO,10,7,-30.55,-36.42,-46.48,-2.78,-3.63,11.78,-26.92,-48.2,-50.01,0.0,ATNI|ATUS|CHTR|CMCSA|CNSL|LILA|LUMN|TDS|VZ|WOW,ATNI|CHTR|CMCSA|LILA|LUMN|TDS|VZ
CABR,0,0,3.05,2.27,51.69,-2.88,,,,,,,,
CAC,10,10,-5.19,4.23,13.62,-1.18,-4.025,1.73,-1.165,2.5000000000000004,0.41499999999999915,0.0,BHB|CHCO|EWBC|FMBH|INDB|SRCE|SYBT|TMP|TRMK|WAFD,BHB|CHCO|EWBC|FMBH|INDB|SRCE|SYBT|TMP|TRMK|WAFD
CACC,10,8,-0.78,-4.6,3.65,-0.81,-4.609999999999999,4.155,3.829999999999999,-8.754999999999999,-7.699999999999999,1.0,ALLY|COF|DFS|GDOT|LPRO|NAVI|ONEW|PRAA|SLM|SYF,ALLY|COF|GDOT|NAVI|ONEW|PRAA|SLM|SYF
CACI,10,10,-2.24,40.13,32.88,-1.36,-1.21,10.260000000000002,-1.0300000000000002,29.87,17.435000000000002,0.3,BAH|GD|HII|KBR|LDOS|LMT|NOC|RTX|SAIC|VSEC,BAH|GD|HII|KBR|LDOS|LMT|NOC|RTX|SAIC|VSEC
CADL,10,8,8.56,26.96,66.15,-5.11,3.32,4.335,5.24,22.625,72.36500000000001,0.625,ADAP|ADIL|BLRX|CYPH|IMTX|LONA|MRNS|PPBT|XBIT|ZNTL,ADIL|BLRX|CYPH|IMTX|LONA|PPBT|XBIT|ZNTL
CAE,10,10,-4.35,3.73,-5.78,-3.07,-3.79,6.145,-0.5599999999999996,-2.4149999999999996,-13.145,0.4,AIR|ATRO|BA|GD|HEI|HII|LMT|NOC|TDG|TXT,AIR|ATRO|BA|GD|HEI|HII|LMT|NOC|TDG|TXT
CAG,10,9,5.04,9.0,17.48,-0.31,1.75,6.21,3.29,2.79,0.6400000000000006,1.0,CPB|GIS|HRL|HSY|K|KHC|MDLZ|MKC|POST|SJM,CPB|GIS|HRL|HSY|KHC|MDLZ|MKC|POST|SJM
CAH,7,5,0.54,5.41,16.69,-1.07,-0.66,4.54,1.2000000000000002,0.8700000000000001,3.9300000000000015,0.6,ACH|COR|CVS|HSIC|MCK|PDCO|WBA,ACH|COR|CVS|HSIC|MCK
CAI,0,0,10.44,59.27,56.02,7.62,,,,,,,,
CAKE,9,9,-6.77,21.74,72.99,-1.43,-3.75,5.42,-3.0199999999999996,16.32,59.41,0.0,BJRI|BLMN|DIN|DRI|EAT|FWRG|RAVE|RRGB|TXRH,BJRI|BLMN|DIN|DRI|EAT|FWRG|RAVE|RRGB|TXRH
CAL,10,8,-7.18,1.46,4.97,-7.25,-4.15,-5.54,-3.0299999999999994,7.0,-0.3850000000000007,0.125,COLM|CROX|DECK|FL|NKE|RL|SHOO|SKX|VFC|WWW,COLM|CROX|DECK|NKE|RL|SHOO|VFC|WWW
CALC,10,7,-11.4,-21.76,-9.71,-5.01,-0.51,-0.29,-10.89,-21.470000000000002,-32.78,0.0,APLT|BIVI|COGT|DTIL|GALT|JAGX|LCTX|LVTX|PVLA|SYBX,BIVI|COGT|DTIL|GALT|JAGX|LCTX|PVLA
CALM,10,8,-0.56,-6.52,4.95,1.96,2.135,5.885,-2.695,-12.405,-8.740000000000002,0.25,CAG|FDP|HRL|HRZN|INGR|MKC|MZTI|PPC|THS|TSN,CAG|HRL|HRZN|INGR|MKC|MZTI|PPC|TSN
CALX,10,8,1.29,12.59,5.17,-0.48,-7.175000000000001,-3.27,8.465,15.86,8.59,1.0,ADTN|ANET|CIEN|CSCO|EXTR|FFIV|INFN|JNPR|LITE|VIAV,ADTN|ANET|CIEN|CSCO|EXTR|FFIV|LITE|VIAV
CALY,10,6,-3.52,-13.29,2.31,-1.43,-3.04,-9.83,-0.48,-3.459999999999999,6.9,0.16666666666666666,COLM|DECK|FL|GOLF|HBI|LULU|NKE|SKX|UAA|VSTO,COLM|DECK|GOLF|LULU|NKE|UAA
CAMP,0,0,3.0,49.04,3.0,-0.22,,,,,,,,
CAMT,10,10,-13.93,-5.14,-6.67,-1.27,-9.969999999999999,-7.4399999999999995,-3.960000000000001,2.3,-14.485,0.2,AMAT|ASML|COHU|ICHR|KLAC|LRCX|ONTO|TER|UCTT|VECO,AMAT|ASML|COHU|ICHR|KLAC|LRCX|ONTO|TER|UCTT|VECO
CAN,10,8,31.59,3.57,-35.41,17.28,4.779999999999999,-14.305,26.810000000000002,17.875,-15.129999999999995,1.0,ARBK|BITF|BTBT|CLSK|CORZ|HIVE|HUT|MARA|RIOT|SDIG,ARBK|BTBT|CLSK|CORZ|HIVE|HUT|MARA|RIOT
CANF,10,8,0.0,3.03,-1.73,-2.3,6.855,4.11,-6.855,-1.0800000000000005,4.609999999999999,0.25,AGEN|APLS|ATNM|BIVI|CASI|CGEN|CLRB|IMMP|PDSB|TGTX,AGEN|ATNM|BIVI|CGEN|CLRB|IMMP|PDSB|TGTX
CANG,10,9,-33.19,-22.16,-69.8,-9.37,-3.64,-7.2,-29.549999999999997,-14.96,-60.29,0.0,ATHM|FINV|GDS|JFIN|LKCO|LX|PDD|QFIN|UXIN|YRD,ATHM|FINV|GDS|JFIN|LX|PDD|QFIN|UXIN|YRD
CAPL,10,10,3.76,9.41,7.17,1.71,3.2,6.255,0.5599999999999996,3.1550000000000002,-1.290000000000001,0.6,CVX|DK|MPC|MPLX|OKE|PAA|PSX|SUN|VLO|XOM,CVX|DK|MPC|MPLX|OKE|PAA|PSX|SUN|VLO|XOM
CAPN,0,0,0.77,0.77,3.76,0.22,,,,,,,,
CAPR,10,8,68.76,-62.43,-75.51,-10.96,4.1,9.129999999999999,64.66000000000001,-71.56,-85.74000000000001,1.0,BLUE|CLLS|CRSP|EDIT|FATE|NVS|RARE|SGMO|SRPT|TVRD,CLLS|CRSP|EDIT|FATE|NVS|RARE|SRPT|TVRD
CAPS,0,0,-14.55,-21.55,-51.49,-2.86,,,,,,,,
CAR,10,9,3.43,-13.8,-7.27,0.16,-2.08,2.22,5.51,-16.02,-13.01,0.7777777777777778,BP|GATX|HTZ|LYFT|OPLN|PAG|R|REVG|UBER|UHAL,BP|GATX|HTZ|LYFT|OPLN|PAG|R|UBER|UHAL
CARE,10,10,-6.49,-7.17,14.5,-0.97,-3.54,-0.625,-2.95,-6.545,9.64,0.0,BKU|BOKF|CFR|CUBI|FHN|HOMB|PB|WAL|WTFC|ZION,BKU|BOKF|CFR|CUBI|FHN|HOMB|PB|WAL|WTFC|ZION
CARG,10,9,-2.85,9.47,30.66,-0.49,-0.97,2.22,-1.8800000000000001,7.25,22.1,0.3333333333333333,ABG|AN|CVNA|GPI|KMX|LAD|PAG|SAH|TRUE|VRM,ABG|AN|CVNA|GPI|KMX|LAD|PAG|SAH|VRM
CARL,0,0,10.95,40.86,31.88,0.02,,,,,,,,
CARR,10,10,-4.21,-10.89,-4.57,-0.84,-4.675000000000001,-4.5600000000000005,0.46500000000000075,-6.33,-4.86,0.6,AAON|AOS|DOV|EMR|HON|IR|JCI|LII|ROK|TT,AAON|AOS|DOV|EMR|HON|IR|JCI|LII|ROK|TT
CARS,10,10,-3.19,4.2,24.74,-2.29,-1.1949999999999998,-0.22499999999999987,-1.995,4.425,16.259999999999998,0.4,ABG|AN|CVNA|GPI|KMX|LAD|MPAA|PAG|SAH|VRM,ABG|AN|CVNA|GPI|KMX|LAD|MPAA|PAG|SAH|VRM
CART,10,10,2.92,15.22,24.79,1.7,-3.315,-2.42,6.234999999999999,17.64,34.864999999999995,1.0,ACI|AMZN|BJ|COST|IMKTA|KR|NGVC|SFM|TGT|WMT,ACI|AMZN|BJ|COST|IMKTA|KR|NGVC|SFM|TGT|WMT
CASH,10,9,-3.85,-6.6,0.28,-1.07,-4.61,-3.66,0.7600000000000002,-2.9399999999999995,-11.08,0.8888888888888888,ALLY|AXP|CFG|COF|DFS|FITB|KEY|MTB|RF|USB,ALLY|AXP|CFG|COF|FITB|KEY|MTB|RF|USB
CASS,10,10,-4.05,6.95,21.24,-0.94,-1.9649999999999999,11.495000000000001,-2.085,-4.545000000000001,-3.110000000000003,0.2,ADP|EVTC|FIS|GPN|JKHY|PAYX|PYPL|WEX|WU|XYZ,ADP|EVTC|FIS|GPN|JKHY|PAYX|PYPL|WEX|WU|XYZ
CASY,10,10,-2.8,-3.14,-2.66,-0.79,-2.4850000000000003,1.6400000000000001,-0.3149999999999995,-4.78,9.495000000000001,0.4,ACI|BJ|COST|DG|FIVE|KR|SFM|SYY|TSN|WMT,ACI|BJ|COST|DG|FIVE|KR|SFM|SYY|TSN|WMT
CAT,9,9,-5.45,-9.14,-7.4,-1.04,-1.76,-3.3,-3.6900000000000004,-5.840000000000001,-19.98,0.2222222222222222,AGCO|ASTE|CMI|DE|MTW|MTZ|OSK|TEX|URI,AGCO|ASTE|CMI|DE|MTW|MTZ|OSK|TEX|URI
CATO,9,8,-13.47,-13.47,-5.56,-22.93,-4.905,-7.9350000000000005,-8.565000000000001,-5.535,-8.459999999999999,0.0,AEO|ANF|JWN|KSS|M|PLCE|ROST|TJX|URBN,AEO|ANF|KSS|M|PLCE|ROST|TJX|URBN
CATX,10,8,4.03,8.59,-14.46,-7.33,-0.09999999999999998,5.37,4.13,3.2199999999999998,-35.995000000000005,0.75,AVXL|CLPT|CYCN|IMUX|KALA|KPTI|MNOV|ONCT|TGTX|XOMA,AVXL|CLPT|CYCN|IMUX|KALA|KPTI|MNOV|TGTX
CATY,10,9,-3.62,1.48,8.86,-0.38,-4.31,-1.03,0.6899999999999995,2.51,1.169999999999999,0.7777777777777778,BANC|CVBF|EWBC|HAFC|HOPE|PFBC|PPBI|SFNC|TBBK|WAL,BANC|CVBF|EWBC|HAFC|HOPE|PFBC|SFNC|TBBK|WAL
CAVA,10,10,-0.03,15.73,-10.39,0.91,-2.775,8.425,2.745,7.305,-20.67,0.7,BLMN|CAKE|CMG|DPZ|QSR|RRGB|SHAK|TXRH|WING|YUM,BLMN|CAKE|CMG|DPZ|QSR|RRGB|SHAK|TXRH|WING|YUM
CB,10,10,-0.42,-0.05,4.47,0.63,-1.475,-2.1350000000000002,1.0550000000000002,2.0850000000000004,-1.5600000000000005,0.7,AFL|AIG|ALL|CINF|HIG|L|MET|PGR|PRU|TRV,AFL|AIG|ALL|CINF|HIG|L|MET|PGR|PRU|TRV
CBAN,10,9,-4.37,3.31,7.71,-0.93,-4.08,1.5,-0.29000000000000004,1.81,-7.069999999999999,0.4444444444444444,BANC|BCBP|CNOB|EVBN|FISI|FUNC|OSBC|SFBC|SYBT|WTBA,BANC|BCBP|CNOB|FISI|FUNC|OSBC|SFBC|SYBT|WTBA
CBAT,10,10,9.09,54.63,11.17,14.82,-5.904999999999999,-3.35,14.995,57.980000000000004,39.64,1.0,BATL|BLNK|CHPT|ENPH|FCEL|LAC|NIO|PLUG|QS|SEDG,BATL|BLNK|CHPT|ENPH|FCEL|LAC|NIO|PLUG|QS|SEDG
CBC,0,0,-4.59,0.63,12.06,1.11,,,,,,,,
CBFV,10,10,0.35,5.45,8.47,-0.48,-4.605,-3.2800000000000002,4.955,8.73,-2.459999999999999,1.0,C|CFG|FITB|HBAN|KEY|MTB|PNC|RF|TFC|USB,C|CFG|FITB|HBAN|KEY|MTB|PNC|RF|TFC|USB
CBIO,10,6,-0.9,4.11,-12.85,-4.85,-2.44,0.415,1.54,3.6950000000000003,-13.265,0.6666666666666666,AFMD|AXSM|CDTX|FATE|HOOK|IMMP|NERV|PVLA|SYBX|XFOR,AXSM|FATE|IMMP|NERV|PVLA|XFOR
CBK,0,0,-5.63,1.81,16.74,-1.14,,,,,,,,
CBL,9,8,-1.61,-0.47,18.7,-0.62,-0.245,-6.27,-1.3650000000000002,5.8,16.685,0.0,AKR|BRX|FRT|KIM|MAC|REG|ROIC|SKT|SPG,AKR|BRX|FRT|KIM|MAC|REG|SKT|SPG
CBLL,0,0,5.76,46.18,35.85,-1.24,,,,,,,,
CBNA,0,0,-3.82,11.04,23.06,-1.37,,,,,,,,
CBNK,10,10,-4.22,2.23,15.97,-0.13,-3.85,1.8,-0.36999999999999966,0.42999999999999994,4.595000000000001,0.5,CAC|CVBF|FFBC|FVCB|HIFS|INDB|JBTM|SFBS|SLM|UMBF,CAC|CVBF|FFBC|FVCB|HIFS|INDB|JBTM|SFBS|SLM|UMBF
CBOE,10,10,0.5,4.52,-18.39,4.88,1.5499999999999998,8.95,-1.0499999999999998,-4.43,-27.85,0.3,CME|EVR|FDS|ICE|MCO|MKTX|MSCI|NDAQ|SCHW|SPGI,CME|EVR|FDS|ICE|MCO|MKTX|MSCI|NDAQ|SCHW|SPGI
CBRE,9,7,0.58,11.44,16.51,-1.41,1.81,15.15,-1.23,-3.710000000000001,0.370000000000001,0.2857142857142857,CIGI|CWK|EXPI|FR|HST|JLL|PGRE|RMAX|SLG,CIGI|CWK|FR|HST|JLL|RMAX|SLG
CBRL,9,9,-5.12,4.21,84.82,-1.21,-4.09,13.88,-1.0300000000000002,-9.670000000000002,53.19999999999999,0.2222222222222222,BJRI|BLMN|CAKE|DIN|DRI|EAT|PLAY|RRGB|TXRH,BJRI|BLMN|CAKE|DIN|DRI|EAT|PLAY|RRGB|TXRH
CBSH,10,10,-1.66,0.52,12.88,0.23,-4.85,-1.6,3.1899999999999995,2.12,5.98,1.0,ASB|BOKF|CFR|FHN|ONB|PB|PNFP|WAL|WTFC|ZION,ASB|BOKF|CFR|FHN|ONB|PB|PNFP|WAL|WTFC|ZION
CBT,10,10,-1.24,-4.89,8.89,0.04,-1.98,6.895,0.74,-11.785,-3.4849999999999994,0.6,ASH|AVNT|EMN|FUL|IFF|KWR|MTX|NEU|OLN|RPM,ASH|AVNT|EMN|FUL|IFF|KWR|MTX|NEU|OLN|RPM
CBU,10,10,-4.13,-6.32,-1.21,-0.29,-3.885,-0.685,-0.2450000000000001,-5.635,-10.23,0.5,CBSH|FFBC|FNB|FULT|HBAN|HOMB|PNFP|SFNC|SRCE|UBSI,CBSH|FFBC|FNB|FULT|HBAN|HOMB|PNFP|SFNC|SRCE|UBSI
CBUS,10,8,-10.53,-5.03,19.72,0.0,4.7,-3.08,-15.23,-1.9500000000000002,17.904999999999998,0.0,ADM|AGRO|BG|BYND|CALM|DAR|FDP|INGR|SANW|TSN,ADM|AGRO|BG|BYND|CALM|DAR|INGR|TSN
CBZ,10,10,0.69,36.28,74.03,0.19,1.62,9.059999999999999,-0.9300000000000002,27.220000000000002,54.41,0.3,CTAS|ECL|EFX|EXPO|MAN|OMC|PAYX|RHI|VRSK|WU,CTAS|ECL|EFX|EXPO|MAN|OMC|PAYX|RHI|VRSK|WU
CC,10,10,4.0,-12.99,-28.73,-0.25,-0.61,4.2700000000000005,4.61,-17.26,-26.235,0.7,ASH|AVNT|CE|DD|DOW|EMN|HUN|LYB|PPG|WLK,ASH|AVNT|CE|DD|DOW|EMN|HUN|LYB|PPG|WLK
CCAP,10,10,-5.83,-3.53,-5.33,-1.3,-2.085,6.615,-3.745,-10.145,-11.52,0.0,ARCC|CSWC|FDUS|GSBD|HTGC|MAIN|NMFC|PSEC|SLRC|TCPC,ARCC|CSWC|FDUS|GSBD|HTGC|MAIN|NMFC|PSEC|SLRC|TCPC
CCB,10,10,-10.29,-41.43,-35.65,-4.36,-4.345000000000001,-2.295,-5.9449999999999985,-39.135,-40.68,0.0,CIVB|CUBI|EWBC|FNB|HTB|INDB|PNFP|SFNC|TCBI|WAL,CIVB|CUBI|EWBC|FNB|HTB|INDB|PNFP|SFNC|TCBI|WAL
CCBG,10,10,-2.77,0.21,9.78,0.09,-4.055,-3.0149999999999997,1.2849999999999997,3.2249999999999996,-1.9900000000000002,0.9,BAC|FITB|HBAN|KEY|MTB|PNC|RF|TFC|USB|WFC,BAC|FITB|HBAN|KEY|MTB|PNC|RF|TFC|USB|WFC
CCC,10,10,4.42,29.76,61.98,-0.07,-0.8,-2.1350000000000002,5.22,31.895000000000003,55.33,0.9,AFL|AIZ|ALL|CINF|HIG|PGR|RLI|SIGI|TRV|WRB,AFL|AIZ|ALL|CINF|HIG|PGR|RLI|SIGI|TRV|WRB
CCCC,10,10,-3.68,5.08,19.82,-6.53,7.425000000000001,15.43,-11.105,-10.35,-2.5199999999999996,0.0,BNTX|CRSP|EDIT|EXEL|GILD|INCY|MRNA|NTLA|ONC|VRTX,BNTX|CRSP|EDIT|EXEL|GILD|INCY|MRNA|NTLA|ONC|VRTX
CCEC,10,10,1.73,0.09,6.13,0.26,5.26,11.280000000000001,-3.53,-11.190000000000001,-6.510000000000001,0.1,DAC|DHT|FRO|INSW|LPG|MATX|NAT|NMM|SFL|STNG,DAC|DHT|FRO|INSW|LPG|MATX|NAT|NMM|SFL|STNG
CCEL,7,5,5.01,15.54,17.19,0.49,2.9,1.89,2.11,13.649999999999999,-1.7199999999999989,0.6,ARCT|COOP|CYRX|KOD|KRYS|MRNS|VERU,ARCT|CYRX|KOD|KRYS|VERU
CCEP,10,9,-0.22,1.28,14.97,0.52,1.84,4.66,-2.06,-3.38,8.97,0.2222222222222222,AKO-B|COKE|FIZZ|HSY|KDP|KO|MNST|PEP|PRMW|ZVIA,AKO-B|COKE|FIZZ|HSY|KDP|KO|MNST|PEP|ZVIA
CCG,10,10,-6.82,32.08,-26.24,1.6,-1.125,-3.1799999999999997,-5.695,35.26,-30.505,0.0,AFG|AIG|ALL|CINF|CNA|MKL|PGR|SIGI|TRV|WRB,AFG|AIG|ALL|CINF|CNA|MKL|PGR|SIGI|TRV|WRB
CCHH,0,0,4.17,-7.09,-66.16,-3.17,,,,,,,,
CCI,8,8,0.29,-2.0,-18.02,1.71,-0.615,5.25,0.905,-7.25,-17.12,0.5,AMT|COR|DLR|EQIX|HASI|IRM|SBAC|UNIT,AMT|COR|DLR|EQIX|HASI|IRM|SBAC|UNIT
CCII,0,0,0.09,-0.58,0.88,0.0,,,,,,,,
CCJ,10,10,-2.64,5.31,-8.51,-2.95,-3.125,2.875,0.4849999999999999,2.4349999999999996,-6.34,0.5,API|BMN|DNN|GLO|LEU|LTBR|NXE|UEC|URG|UUUU,API|BMN|DNN|GLO|LEU|LTBR|NXE|UEC|URG|UUUU
CCK,10,8,-1.22,0.42,20.08,0.0,-1.125,4.515000000000001,-0.09499999999999997,-4.095000000000001,3.9099999999999966,0.5,AVY|BALL|BERY|GPK|IP|OI|PKG|SEE|SLGN|SON,AVY|BALL|GPK|IP|OI|PKG|SLGN|SON
CCL,10,10,-9.89,-1.88,-1.61,-4.05,-0.8200000000000001,7.7,-9.07,-9.58,-26.075,0.1,ABNB|BKNG|EXPE|H|HLT|LIND|MAR|NCLH|RCL|VAC,ABNB|BKNG|EXPE|H|HLT|LIND|MAR|NCLH|RCL|VAC
CCLD,10,10,6.73,19.41,11.75,-0.95,-1.6400000000000001,-4.69,8.370000000000001,24.1,-6.050000000000001,0.9,CLOV|EVH|GDRX|HIMS|HSTM|MD|OMCL|TDOC|TVRD|VEEV,CLOV|EVH|GDRX|HIMS|HSTM|MD|OMCL|TDOC|TVRD|VEEV
CCM,10,9,7.59,15.08,4.42,3.33,0.42,6.1,7.17,8.98,-1.2599999999999998,0.8888888888888888,CAH|CVS|HCA|HTHT|MD|SEM|SMP|THC|UHS|USPH,CAH|CVS|HCA|HTHT|MD|SMP|THC|UHS|USPH
CCNE,10,9,-4.04,-0.57,9.89,-0.89,-4.27,0.48,0.22999999999999954,-1.0499999999999998,-3.469999999999999,0.6666666666666666,BHB|CZNC|ESQ|FUNC|HBNC|MBCN|MSBI|ORRF|TMP|UBCP,BHB|CZNC|ESQ|FUNC|HBNC|MSBI|ORRF|TMP|UBCP
CCO,10,9,3.13,-0.72,-0.31,1.05,-3.09,-4.23,6.22,3.5100000000000007,-0.5700000000000001,1.0,ATNI|GTN|IHRT|LAMR|MCS|NCMI|OUT|SGA|STCN|TIGO,ATNI|GTN|IHRT|LAMR|MCS|NCMI|OUT|SGA|TIGO
CCOI,10,9,-6.86,-25.44,-45.75,-6.9,1.21,8.66,-8.07,-34.1,-46.68,0.1111111111111111,AMT|CCI|CMCSA|CNSL|DIS|LUMN|NDAQ|SBAC|T|VZ,AMT|CCI|CMCSA|DIS|LUMN|NDAQ|SBAC|T|VZ
CCS,10,9,-3.54,7.27,37.26,-2.31,-2.54,-0.07,-1.0,7.34,27.839999999999996,0.0,BZH|DHI|KBH|LEN|LGIH|MTH|NVR|PHM|TMHC|TOL,BZH|DHI|KBH|LEN|LGIH|MTH|NVR|PHM|TOL
CCSI,10,10,-4.59,8.86,31.91,-2.14,-1.12,28.48,-3.4699999999999998,-19.62,11.864999999999998,0.1,ADBE|CRM|DOCU|GOOGL|MSFT|NOW|TEAM|VEEV|WDAY|ZS,ADBE|CRM|DOCU|GOOGL|MSFT|NOW|TEAM|VEEV|WDAY|ZS
CCTG,10,9,-16.38,-17.71,11.62,1.14,-5.79,5.79,-10.59,-23.5,-20.050000000000004,0.0,AKAM|ANET|CSCO|DELL|EXTR|HPE|HPQ|JNPR|MSI|NTAP,AKAM|ANET|CSCO|DELL|EXTR|HPE|HPQ|MSI|NTAP
CCU,10,10,2.48,3.91,2.92,1.1,1.76,6.279999999999999,0.72,-2.369999999999999,-3.3549999999999995,0.9,BF-B|BUD|DEO|HSY|KDP|KO|MNST|PEP|SAM|TAP,BF-B|BUD|DEO|HSY|KDP|KO|MNST|PEP|SAM|TAP
CD,10,10,-2.04,11.26,-63.28,-2.89,-2.465,3.6849999999999996,0.4249999999999998,7.575,-75.32,0.6,AXP|FIS|GPN|INTU|JPM|MA|PYPL|V|WU|XYZ,AXP|FIS|GPN|INTU|JPM|MA|PYPL|V|WU|XYZ
CDE,10,9,14.49,33.36,19.14,0.93,10.17,27.85,4.32,5.509999999999998,9.64,0.8888888888888888,AG|EXK|FSM|HL|MAG|MUX|PAAS|SSRM|SVM|VGZ,AG|EXK|FSM|HL|MUX|PAAS|SSRM|SVM|VGZ
CDIO,10,9,6.47,27.38,50.7,7.54,6.74,12.96,-0.27000000000000046,14.419999999999998,14.560000000000002,0.4444444444444444,CRSP|EXAS|FATE|GH|ILMN|MYGN|NTRA|QGEN|TXG|VCYT,CRSP|FATE|GH|ILMN|MYGN|NTRA|QGEN|TXG|VCYT
CDLR,9,9,6.26,3.78,-11.51,1.54,3.45,11.67,2.8099999999999996,-7.890000000000001,-6.14,0.8888888888888888,BKR|FTI|HAL|NE|NOV|OII|RIG|SLB|TDW,BKR|FTI|HAL|NE|NOV|OII|RIG|SLB|TDW
CDLX,10,8,-2.11,1.71,-42.49,-2.11,-4.295,11.66,2.185,-9.95,-70.775,0.75,APPS|FLNT|MCHX|MGNI|MRIN|OPT|PERI|PUBM|TTD|TTEC,APPS|FLNT|MCHX|MGNI|PERI|PUBM|TTD|TTEC
CDNA,10,9,0.12,25.56,124.28,1.99,7.83,15.93,-7.71,9.629999999999999,76.16,0.0,CRSP|EXAS|FLGT|GH|ILMN|NTRA|QGEN|TWST|TXG|VRTX,CRSP|FLGT|GH|ILMN|NTRA|QGEN|TWST|TXG|VRTX
CDNL,0,0,20.24,-40.62,-20.04,-3.82,,,,,,,,
CDNS,9,8,-2.88,-6.7,-10.39,-0.17,-4.9,-0.595,2.0200000000000005,-6.105,-8.600000000000001,0.625,ADSK|ANSS|CDLX|CSCO|KEYS|KLAC|LRCX|SNPS|TEL,ADSK|CDLX|CSCO|KEYS|KLAC|LRCX|SNPS|TEL
CDP,10,10,-0.88,-1.04,16.06,0.36,0.33499999999999996,2.06,-1.2149999999999999,-3.1,14.54,0.3,AMT|ARE|COR|DLR|EQIX|HPP|IRM|O|PLD|SBAC,AMT|ARE|COR|DLR|EQIX|HPP|IRM|O|PLD|SBAC
CDRE,10,9,-2.71,10.3,13.26,-3.4,-1.75,4.85,-0.96,5.450000000000001,8.809999999999999,0.2222222222222222,AXON|GD|KUST|LMT|NOC|OLN|RGR|RTX|SWBI|VSTO,AXON|GD|KUST|LMT|NOC|OLN|RGR|RTX|SWBI
CDRO,10,9,0.17,-0.93,-3.24,0.83,-2.38,-6.11,2.55,5.180000000000001,-5.04,0.7777777777777778,BALY|BYD|CHDN|CZR|DKNG|GAN|LVS|MGM|PENN|RSI,BALY|BYD|CHDN|CZR|DKNG|LVS|MGM|PENN|RSI
CDT,10,10,-9.06,-15.38,-76.75,-4.98,5.015000000000001,9.655000000000001,-14.075000000000001,-25.035000000000004,-93.27,0.0,ABBV|AMGN|AZN|BMY|GILD|JNJ|LLY|MRK|NVS|PFE,ABBV|AMGN|AZN|BMY|GILD|JNJ|LLY|MRK|NVS|PFE
CDTG,10,9,112.5,220.75,-56.14,13.7,-4.5,-6.07,117.0,226.82,-52.980000000000004,1.0,AQMS|BLDP|CLH|CWST|DWSN|ESLT|HDSN|NVVE|PLUG|VVV,AQMS|BLDP|CLH|CWST|DWSN|ESLT|HDSN|PLUG|VVV
CDW,7,7,-2.73,6.43,30.1,0.71,-1.49,-0.43,-1.24,6.859999999999999,21.04,0.2857142857142857,ARW|AVT|CSCO|HSIC|MSFT|SCSC|SNX,ARW|AVT|CSCO|HSIC|MSFT|SCSC|SNX
CDXS,10,8,-1.87,-23.79,-39.15,-1.87,2.94,8.345,-4.8100000000000005,-32.135,-37.504999999999995,0.125,AVIR|BIOX|DSM|DTIL|DVAX|INVA|REGN|SGMO|TSN|VNRX,AVIR|BIOX|DSM|DTIL|INVA|REGN|TSN|VNRX
CDZI,10,10,-3.99,1.51,-18.8,-1.46,1.495,3.96,-5.485,-2.45,-32.885000000000005,0.1,ARTNA|AWK|AWR|CWCO|CWT|HTO|MSEX|PCYO|WTRG|YORW,ARTNA|AWK|AWR|CWCO|CWT|HTO|MSEX|PCYO|WTRG|YORW
CE,10,10,5.26,-3.58,-12.84,0.8,0.765,4.875,4.495,-8.455,-6.629999999999999,0.8,ALB|APD|ASH|CC|DOW|EMN|HUN|LYB|PPG|WLK,ALB|APD|ASH|CC|DOW|EMN|HUN|LYB|PPG|WLK
CECO,10,8,-4.17,-10.02,-9.44,-2.13,-1.6949999999999998,2.5,-2.475,-12.52,-17.33,0.25,ALG|DOV|EPAC|GTLS|HUBB|IEX|ITT|NNBR|TSE|XYL,ALG|DOV|EPAC|HUBB|IEX|ITT|NNBR|XYL
CEF,10,10,5.02,12.89,-2.75,1.91,12.219999999999999,29.65,-7.199999999999999,-16.759999999999998,-16.675,0.0,AEM|AG|B|BTG|EGO|FNV|HMY|KGC|MUX|NEM,AEM|AG|B|BTG|EGO|FNV|HMY|KGC|MUX|NEM
CEG,10,10,-1.49,-0.15,-2.41,0.12,-0.24,-3.385,-1.25,3.235,-2.25,0.0,AEP|AES|D|DUK|ED|EXC|NEE|PEG|SO|XEL,AEP|AES|D|DUK|ED|EXC|NEE|PEG|SO|XEL
CELC,10,10,5.4,1.26,-34.96,-2.5,4.345,10.684999999999999,1.0550000000000006,-9.424999999999999,-59.84,0.6,ACAD|ALKS|BHVN|BIIB|BMRN|EXEL|GILD|INCY|IONS|NBIX,ACAD|ALKS|BHVN|BIIB|BMRN|EXEL|GILD|INCY|IONS|NBIX
CELH,10,10,12.49,13.72,13.08,0.33,1.76,2.99,10.73,10.73,8.45,1.0,BRCC|CCEP|COKE|FIZZ|KDP|KO|MNST|PEP|PRMB|SAM,BRCC|CCEP|COKE|FIZZ|KDP|KO|MNST|PEP|PRMB|SAM
CELU,10,7,8.6,-3.19,-8.49,-2.94,4.36,13.97,4.239999999999999,-17.16,-30.29,0.7142857142857143,ADVM|BLUE|CRSP|EDIT|FATE|KPTI|NTLA|SAGE|SANA|TVRD,CRSP|EDIT|FATE|KPTI|NTLA|SANA|TVRD
CELZ,8,6,-5.63,39.11,-48.45,4.46,4.1899999999999995,2.6550000000000002,-9.82,36.455,-37.635000000000005,0.0,AIXC|ATOS|CLRB|CYCN|DYAI|HOOK|MBRX|VXRT,AIXC|ATOS|CLRB|CYCN|DYAI|MBRX
CENN,10,8,6.01,6.01,-11.18,-0.55,1.055,-7.3,4.955,13.309999999999999,6.98,0.875,GOEV|HYLN|LCID|LI|NIO|RIVN|SBLX|TSLA|WKHS|XPEV,HYLN|LCID|LI|NIO|RIVN|TSLA|WKHS|XPEV
CENT,9,9,-1.43,0.17,14.68,-1.27,-0.94,-3.44,-0.49,3.61,1.08,0.4444444444444444,BARK|BV|FMC|HELE|IPAR|SJM|SMG|SPB|WOOF,BARK|BV|FMC|HELE|IPAR|SJM|SMG|SPB|WOOF
CENTA,10,9,-1.6,-0.81,10.55,-1.39,-0.53,0.57,-1.07,-1.38,11.870000000000001,0.2222222222222222,BG|DAR|FDP|HAIN|HRL|JJSF|JVA|POST|SMG|TSN,BG|DAR|HAIN|HRL|JJSF|JVA|POST|SMG|TSN
CENX,10,9,-6.9,-4.72,-26.52,-0.94,1.2,6.58,-8.1,-11.3,-27.78,0.3333333333333333,AA|ALEX|APD|BTU|CLF|CSTM|FCX|KALU|RIO|SCCO,AA|APD|BTU|CLF|CSTM|FCX|KALU|RIO|SCCO
CEPF,0,0,-0.67,-1.01,0.58,-0.38,,,,,,,,
CEPO,0,0,0.23,0.42,0.9,0.05,,,,,,,,
CEPU,10,10,-2.12,-15.86,-6.88,0.77,-0.1,-2.915,-2.02,-12.945,-6.915,0.0,AES|AXIA|CIG|DUK|ED|FE|NRG|PCG|PPL|SRE,AES|AXIA|CIG|DUK|ED|FE|NRG|PCG|PPL|SRE
CEPV,0,0,0.19,-0.29,1.27,0.1,,,,,,,,
CERS,10,9,-0.33,-6.27,5.23,-0.68,1.03,-2.51,-1.36,-3.76,-25.759999999999998,0.2222222222222222,AEMD|ARWR|AXDX|BIO|FATE|HCSG|INSP|MMSI|QDEL|XERS,AEMD|ARWR|BIO|FATE|HCSG|INSP|MMSI|QDEL|XERS
CERT,9,8,7.98,27.72,88.44,5.26,5.07,9.835,2.91,17.884999999999998,45.004999999999995,1.0,CERS|CRL|HCM|ICLR|IQV|MEDP|PDCO|QDEL|XERS,CERS|CRL|HCM|ICLR|IQV|MEDP|QDEL|XERS
CETX,10,10,-8.61,-9.8,-67.18,-1.43,-6.925,-1.545,-1.6849999999999996,-8.255,-64.99000000000001,0.3,AME|CGNX|COHR|KEYS|MKSI|PKE|ROK|TER|TRMB|UI,AME|CGNX|COHR|KEYS|MKSI|PKE|ROK|TER|TRMB|UI
CETY,9,9,6.52,9.19,39.5,2.07,-4.2,-3.89,10.719999999999999,13.08,55.42,1.0,BEP|CSIQ|ENPH|FSLR|NEE|ORA|PLUG|RUN|SEDG,BEP|CSIQ|ENPH|FSLR|NEE|ORA|PLUG|RUN|SEDG
CEVA,10,10,-5.68,-28.49,-24.68,-4.28,-2.7649999999999997,-6.54,-2.915,-21.95,-10.415,0.3,AVGO|MPWR|MRVL|MTSI|NXPI|ON|QCOM|SLAB|SWKS|TXN,AVGO|MPWR|MRVL|MTSI|NXPI|ON|QCOM|SLAB|SWKS|TXN
CF,8,8,8.52,-0.25,3.02,6.79,6.17,0.8999999999999999,2.3499999999999996,-1.15,4.505,0.75,FMC|IPI|LXU|MOS|NTR|SMG|SQM|UAN,FMC|IPI|LXU|MOS|NTR|SMG|SQM|UAN
CFBK,10,10,-5.45,4.59,24.17,-1.5,-4.355,-3.42,-1.0949999999999998,8.01,13.635000000000002,0.2,CFR|CINF|CIVB|FMAO|FULT|HBAN|HBT|HTB|TFSL|WSBC,CFR|CINF|CIVB|FMAO|FULT|HBAN|HBT|HTB|TFSL|WSBC
CFFI,10,8,-1.75,11.28,17.75,-0.33,-4.265000000000001,-3.795,2.5150000000000006,15.075,14.879999999999999,1.0,ASB|BKU|CMA|FHN|KEY|MTB|RF|SNV|TCBI|WAL,ASB|BKU|FHN|KEY|MTB|RF|TCBI|WAL
CFFN,10,9,-4.13,-1.34,8.93,-0.18,-4.01,3.16,-0.1200000000000001,-4.5,-4.6899999999999995,0.3333333333333333,BBT|BMRC|CAC|FFBC|FISI|FMBH|HTLF|SRCE|TMP|WASH,BBT|BMRC|CAC|FFBC|FISI|FMBH|SRCE|TMP|WASH
CFG,10,10,-5.59,-3.41,11.36,-1.18,-3.91,-3.0149999999999997,-1.6799999999999997,-0.39500000000000046,-1.120000000000001,0.1,BAC|FITB|HBAN|JPM|KEY|MTB|PNC|RF|USB|WFC,BAC|FITB|HBAN|JPM|KEY|MTB|PNC|RF|USB|WFC
CFND,0,0,-14.41,-29.77,-31.34,4.89,,,,,,,,
CFR,10,9,-2.52,1.28,17.59,-0.21,-3.71,-2.79,1.19,4.07,11.89,0.7777777777777778,BCBP|BOKF|CMA|EWBC|FHN|HBAN|ONB|PB|WAL|ZION,BCBP|BOKF|EWBC|FHN|HBAN|ONB|PB|WAL|ZION
CG,10,10,-5.37,10.37,7.35,-1.52,-4.71,12.594999999999999,-0.6600000000000001,-2.2249999999999996,-4.029999999999999,0.4,APO|ARES|BAM|BX|GS|HLNE|KKR|MC|PAGP|TPG,APO|ARES|BAM|BX|GS|HLNE|KKR|MC|PAGP|TPG
CGAU,10,10,8.62,37.98,38.06,2.08,13.025,33.47,-4.405000000000001,4.509999999999998,22.6,0.1,AEM|B|BTG|GFI|HMY|IAG|KGC|NEM|PAAS|SSRM,AEM|B|BTG|GFI|HMY|IAG|KGC|NEM|PAAS|SSRM
CGBD,10,9,-0.18,9.98,3.84,0.18,-1.81,6.66,1.6300000000000001,3.3200000000000003,-2.2,0.7777777777777778,ARCC|FSK|GBDC|GSBD|HTGC|MAIN|MRCC|PSEC|SLRC|TCPC,ARCC|FSK|GBDC|GSBD|HTGC|MAIN|PSEC|SLRC|TCPC
CGC,9,9,1.33,12.44,-0.64,-1.6,-1.49,16.19,2.8200000000000003,-3.7500000000000018,-2.7,0.6666666666666666,ACB|CRBP|CRON|GRWG|IIPR|OGI|SNDL|TLRY|VFF,ACB|CRBP|CRON|GRWG|IIPR|OGI|SNDL|TLRY|VFF
CGEM,10,8,10.08,22.49,50.87,-4.0,3.62,1.85,6.46,20.639999999999997,44.464999999999996,0.875,BPMC|ESPR|EXEL|GILD|INCY|JAZZ|KPTI|KURA|NVAX|ONCY,EXEL|GILD|INCY|JAZZ|KPTI|KURA|NVAX|ONCY
CGEN,10,8,6.64,6.2,-4.99,5.33,6.925000000000001,15.43,-0.28500000000000103,-9.23,-27.33,0.5,ALLO|BLUE|CLLS|CRSP|EDIT|FATE|MRNA|NTLA|SGMO|VRTX,ALLO|CLLS|CRSP|EDIT|FATE|MRNA|NTLA|VRTX
CGNT,10,10,-7.43,4.15,-12.91,-1.65,-9.54,2.6550000000000002,2.1099999999999994,1.495,-38.105000000000004,0.7,CHKP|CRWD|FFIV|FTNT|OKTA|PANW|QLYS|TENB|VRNS|ZS,CHKP|CRWD|FFIV|FTNT|OKTA|PANW|QLYS|TENB|VRNS|ZS
CGNX,10,10,-2.71,-4.19,-5.44,-1.24,-7.795,-4.235,5.085,0.04499999999999993,-8.895,0.8,AMAT|ASML|COHU|ISRG|KLAC|LRCX|MKSI|ROK|TER|VECO,AMAT|ASML|COHU|ISRG|KLAC|LRCX|MKSI|ROK|TER|VECO
CGON,10,9,5.38,13.59,21.57,-2.42,2.28,0.85,3.1,12.74,6.24,0.6666666666666666,BPMC|EXEL|FATE|GERN|IMMP|KURA|MGNX|ONC|PBYI|PTCT,EXEL|FATE|GERN|IMMP|KURA|MGNX|ONC|PBYI|PTCT
CGTL,0,0,27.72,2.17,-19.86,-1.67,,,,,,,,
CGTX,9,8,-8.93,-1.56,-26.58,-3.24,4.77,13.504999999999999,-13.7,-15.065,-47.44,0.0,ACAD|AVXL|AZN|BIIB|BIVI|LLY|PRTA|SAVA|VRTX,ACAD|AVXL|AZN|BIIB|BIVI|LLY|PRTA|VRTX
CHA,0,0,1.76,-5.36,2.26,0.39,,,,,,,,
CHAI,10,10,-10.02,-47.54,-76.15,0.5,-1.185,-1.135,-8.834999999999999,-46.405,-73.715,0.1,AAPL|AMZN|CSCO|GOOGL|INTC|MSFT|QCOM|T|TMUS|VZ,AAPL|AMZN|CSCO|GOOGL|INTC|MSFT|QCOM|T|TMUS|VZ
CHAR,0,0,-0.09,0.18,1.39,-0.09,,,,,,,,
CHCI,10,9,13.57,27.38,21.56,1.11,-2.56,0.37,16.13,27.009999999999998,8.889999999999999,1.0,BZH|DHI|KBH|LEN|LGIH|MHO|MTH|PHM|TMHC|TOL,BZH|DHI|KBH|LEN|LGIH|MHO|MTH|PHM|TOL
CHCO,10,10,-3.43,2.69,15.36,-0.2,-4.13,1.0450000000000002,0.6999999999999997,1.6449999999999998,3.6849999999999987,0.8,BOH|CAC|CCNE|FFBC|FMBH|FULT|NKSH|TMP|TRMK|WASH,BOH|CAC|CCNE|FFBC|FMBH|FULT|NKSH|TMP|TRMK|WASH
CHCT,10,8,-2.7,-19.74,-16.12,-0.52,2.23,-4.705,-4.93,-15.034999999999998,-18.425,0.0,DOC|EPRT|GMRE|HR|LTC|MPW|OHI|SBRA|VTR|WELL,DOC|EPRT|HR|LTC|OHI|SBRA|VTR|WELL
CHD,8,8,-3.96,0.18,1.24,-1.77,-2.305,-1.24,-1.6549999999999998,1.42,-11.47,0.375,CL|CLX|ENR|HELE|KMB|PG|SPB|UL,CL|CLX|ENR|HELE|KMB|PG|SPB|UL
CHDN,10,9,3.87,12.53,7.95,0.7,-3.08,-6.11,6.95,18.64,6.15,1.0,BALY|BYD|CZR|FLL|GDEN|LVS|MCRI|MGM|PENN|WYNN,BALY|BYD|CZR|FLL|LVS|MCRI|MGM|PENN|WYNN
CHE,10,8,0.67,7.39,22.45,0.94,-1.08,1.23,1.75,6.16,17.564999999999998,0.875,ACHC|AMED|CYH|EHC|ENSG|HCA|HUM|SEM|TDOC|UHS,ACHC|CYH|EHC|ENSG|HCA|HUM|TDOC|UHS
CHEC,0,0,0.29,0.69,1.48,0.2,,,,,,,,
CHEF,10,9,-3.36,15.29,40.02,0.93,0.15,2.56,-3.51,12.729999999999999,33.13,0.1111111111111111,CAG|INGR|MDLZ|PFGC|POST|SMG|SYY|THS|UNFI|USFD,CAG|INGR|MDLZ|PFGC|POST|SMG|SYY|UNFI|USFD
CHGG,10,8,-7.2,-16.33,-38.79,-1.71,-1.225,-1.0550000000000002,-5.975,-15.274999999999999,-38.455,0.125,AMBO|ATGE|COUR|EDU|INST|LINC|LRN|PRDO|PSO|SCHL,AMBO|COUR|EDU|LINC|LRN|PRDO|PSO|SCHL
CHH,10,10,5.51,2.15,-1.72,1.02,1.845,-1.0050000000000001,3.665,3.1550000000000002,-7.345,1.0,DRH|H|HLT|IHG|LQDT|MAR|PK|SHO|WH|XHR,DRH|H|HLT|IHG|LQDT|MAR|PK|SHO|WH|XHR
CHKP,10,8,-1.81,3.04,2.7,-0.42,-9.19,3.6500000000000004,7.379999999999999,-0.6100000000000003,-22.495,1.0,CRWD|CSCO|CYBR|FTNT|JNPR|PANW|QLYS|TENB|VRNS|ZS,CRWD|CSCO|FTNT|PANW|QLYS|TENB|VRNS|ZS
CHMG,10,9,-2.38,8.81,19.94,-0.11,-3.65,2.21,1.27,6.6000000000000005,6.48,0.5555555555555556,CAC|CCNE|CTBI|EVBN|MGYR|NWBI|PBHC|TMP|TRST|WASH,CAC|CCNE|CTBI|MGYR|NWBI|PBHC|TMP|TRST|WASH
CHMI,10,10,0.17,24.57,20.95,-0.17,-0.25,-0.595,0.42000000000000004,25.165,23.615,0.8,AGNC|ARR|CIM|DX|IVR|MITT|NLY|ORC|PMT|TWO,AGNC|ARR|CIM|DX|IVR|MITT|NLY|ORC|PMT|TWO
CHNR,10,10,0.96,2.69,1.33,1.64,3.895,9.115,-2.935,-6.425000000000001,-10.924999999999999,0.2,AA|BHP|FCX|HL|MT|NEM|RIO|SCCO|TECK|VALE,AA|BHP|FCX|HL|MT|NEM|RIO|SCCO|TECK|VALE
CHOW,0,0,-15.67,8.88,-10.8,-4.09,,,,,,,,
CHPG,0,0,0.1,0.58,1.26,0.1,,,,,,,,
CHPT,9,9,-8.16,-2.49,-8.75,-2.59,-5.65,-5.71,-2.51,3.2199999999999998,19.68,0.2222222222222222,BLNK|ENPH|EVGO|FSLR|PLUG|QS|RUN|SEDG|TSLA,BLNK|ENPH|EVGO|FSLR|PLUG|QS|RUN|SEDG|TSLA
CHR,10,10,-2.38,-5.38,3.65,3.07,2.1399999999999997,0.595,-4.52,-5.975,-0.6749999999999994,0.1,CHH|H|HLT|IHG|MAR|PK|RLJ|SHO|VAC|WH,CHH|H|HLT|IHG|MAR|PK|RLJ|SHO|VAC|WH
CHRD,8,6,11.92,9.53,3.39,1.8,8.595,9.075,3.3249999999999993,0.45500000000000007,-3.435,1.0,APA|COP|DVN|EOG|FANG|HES|MRO|OXY,APA|COP|DVN|EOG|FANG|OXY
CHRS,10,10,12.39,-10.4,-15.15,-3.66,5.18,12.085,7.210000000000001,-22.485,-41.335,1.0,ABBV|AMGN|BIIB|BMRN|EXEL|GILD|INCY|NBIX|REGN|VRTX,ABBV|AMGN|BIIB|BMRN|EXEL|GILD|INCY|NBIX|REGN|VRTX
CHRW,9,9,-3.24,-30.31,-20.0,-0.01,-2.83,-8.68,-0.41000000000000014,-21.63,-24.02,0.4444444444444444,FDX|JBHT|KNX|LSTR|R|SNDR|UPS|WERN|XPO,FDX|JBHT|KNX|LSTR|R|SNDR|UPS|WERN|XPO
CHSN,10,10,9.9,-2.63,-12.6,-5.13,-0.7450000000000001,8.425,10.645,-11.055,-16.55,1.0,CMG|DNUT|DRI|MCD|PZZA|QSR|SBUX|SHAK|WEN|YUM,CMG|DNUT|DRI|MCD|PZZA|QSR|SBUX|SHAK|WEN|YUM
CHT,10,10,2.22,0.93,-1.73,0.51,-1.3,5.390000000000001,3.5200000000000005,-4.460000000000001,0.16999999999999993,0.7,CIEN|ERIC|KT|LUMN|NOK|S|SKM|T|TMUS|VZ,CIEN|ERIC|KT|LUMN|NOK|S|SKM|T|TMUS|VZ
CHTR,7,4,-5.97,13.9,1.78,-3.48,1.49,10.495000000000001,-7.46,3.4049999999999994,-0.44999999999999996,0.25,ATUS|CMCSA|CNSL|LUMN|T|VZ|WOW,CMCSA|LUMN|T|VZ
CHWY,9,9,5.48,10.08,17.45,-1.23,-0.3,5.46,5.78,4.62,3.8499999999999996,1.0,ARKR|BARK|CENT|FRPT|NXDR|SMPL|TRUP|WOOF|ZTS,ARKR|BARK|CENT|FRPT|NXDR|SMPL|TRUP|WOOF|ZTS
CHYM,0,0,1.09,49.08,84.1,-1.63,,,,,,,,
CI,8,8,-0.64,-3.03,-2.43,-0.5,-1.295,-3.115,0.6549999999999999,0.08500000000000041,-12.79,0.875,CNC|CVS|EHC|HCA|HQY|HUM|MOH|UNH,CNC|CVS|EHC|HCA|HQY|HUM|MOH|UNH
CIA,10,10,-0.77,-24.12,-19.38,0.0,-3.33,-0.25,2.56,-23.87,-29.54,0.9,AFL|AIG|CNO|GNW|LNC|MET|PFG|PRU|UNM|VOYA,AFL|AIG|CNO|GNW|LNC|MET|PFG|PRU|UNM|VOYA
CIB,10,10,2.53,16.42,50.38,-1.11,-3.9899999999999998,-17.12,6.52,33.540000000000006,48.885000000000005,1.0,BAP|BBAR|BBD|BCH|BMA|BSAC|BSBR|GGAL|ITUB|SUPV,BAP|BBAR|BBD|BCH|BMA|BSAC|BSBR|GGAL|ITUB|SUPV
CIEN,10,8,-10.82,-0.58,-28.82,-1.08,-5.005,-5.745,-5.815,5.165,-25.4,0.0,ADTN|ANET|CSCO|ERIC|EXTR|FFIV|INFN|JNPR|NTCT|VIAV,ADTN|ANET|CSCO|ERIC|EXTR|FFIV|NTCT|VIAV
CIFR,10,8,-4.0,-34.77,-18.09,0.38,6.765000000000001,-4.065,-10.765,-30.705000000000002,-0.8550000000000004,0.125,ANY|ARBK|BITF|BTBT|CAN|HIVE|HUT|MARA|RIOT|SDIG,ANY|ARBK|BTBT|CAN|HIVE|HUT|MARA|RIOT
CIG,10,10,-1.53,-13.12,-16.15,-0.52,0.34500000000000003,-2.915,-1.875,-10.204999999999998,-16.389999999999997,0.0,AEP|AES|DUK|ED|EIX|EXC|FE|PPL|SO|XEL,AEP|AES|DUK|ED|EIX|EXC|FE|PPL|SO|XEL
CIGI,10,10,1.81,10.18,11.54,-1.85,-0.33499999999999996,-0.045000000000000005,2.145,10.225,-2.705000000000002,0.8,BXP|CBRE|CWK|DEI|ESRT|HST|JLL|REZI|SLG|VNO,BXP|CBRE|CWK|DEI|ESRT|HST|JLL|REZI|SLG|VNO
CIGL,0,0,-12.0,-12.91,-45.68,-0.18,,,,,,,,
CIIT,0,0,-4.23,-0.58,-74.63,-2.86,,,,,,,,
CIM,10,10,-2.97,-8.74,-13.15,-2.14,-0.735,-0.595,-2.2350000000000003,-8.145,-10.485,0.1,ADAM|AGNC|ARR|IVR|MFA|MITT|NLY|ORC|RWT|TWO,ADAM|AGNC|ARR|IVR|MFA|MITT|NLY|ORC|RWT|TWO
CINF,9,9,-2.34,-5.91,0.06,0.06,-0.75,-1.86,-1.5899999999999999,-4.05,-3.1,0.1111111111111111,AIG|ALL|CB|HIG|MCY|PGR|SIGI|TRV|WRB,AIG|ALL|CB|HIG|MCY|PGR|SIGI|TRV|WRB
CING,10,10,3.94,7.16,12.02,-1.58,4.720000000000001,7.960000000000001,-0.7800000000000007,-0.8000000000000007,-4.5,0.1,ABBV|AMGN|AZN|BMY|GSK|JNJ|LLY|MRK|NVS|PFE,ABBV|AMGN|AZN|BMY|GSK|JNJ|LLY|MRK|NVS|PFE
CINT,10,10,-0.81,16.56,0.0,-0.54,3.77,26.365000000000002,-4.58,-9.805000000000003,-3.795,0.4,ACN|CTSH|DOX|EPAM|EXLS|GLOB|HSIC|INFY|IT|WIT,ACN|CTSH|DOX|EPAM|EXLS|GLOB|HSIC|INFY|IT|WIT
CION,10,10,-5.96,19.78,8.28,-1.37,-2.35,7.7,-3.61,12.080000000000002,0.8099999999999996,0.2,ARCC|FSK|GLAD|GSBD|HTGC|MAIN|OXSQ|PSEC|TCPC|TSLX,ARCC|FSK|GLAD|GSBD|HTGC|MAIN|OXSQ|PSEC|TCPC|TSLX
CISO,10,10,-14.81,-15.32,-18.9,-6.08,-10.774999999999999,2.6550000000000002,-4.035000000000002,-17.975,-52.425,0.0,CHKP|CRWD|CSCO|FTNT|OKTA|PANW|QLYS|RPD|TENB|VRNS,CHKP|CRWD|CSCO|FTNT|OKTA|PANW|QLYS|RPD|TENB|VRNS
CISS,10,10,-14.12,-95.69,-97.33,-9.06,0.4,19.185000000000002,-14.52,-114.875,-102.275,0.0,AAPL|ADBE|AMZN|CRM|GOOGL|IBM|INTU|MSFT|ORCL|SAP,AAPL|ADBE|AMZN|CRM|GOOGL|IBM|INTU|MSFT|ORCL|SAP
CITR,0,0,0.58,20.54,-8.51,-0.74,,,,,,,,
CIVB,10,10,-4.57,-3.01,8.55,-0.61,-4.135,-2.185,-0.4350000000000005,-0.8249999999999997,0.5700000000000003,0.2,BANF|CHCO|FFBC|FNB|FRME|LKFN|ONB|PEBO|PRK|SRCE,BANF|CHCO|FFBC|FNB|FRME|LKFN|ONB|PEBO|PRK|SRCE
CIX,10,10,0.32,19.68,35.2,2.23,-3.49,-0.18499999999999994,3.81,19.865,27.975,0.9,AME|AOS|DOV|IR|ITW|PNR|SNA|SWK|TT|XYL,AME|AOS|DOV|IR|ITW|PNR|SNA|SWK|TT|XYL
CJMB,0,0,6.17,45.36,241.3,-1.93,,,,,,,,
CKX,9,9,-0.19,-7.59,-3.73,-0.28,0.83,-2.64,-1.02,-4.949999999999999,-0.20999999999999996,0.3333333333333333,CPT|FPI|LAND|LMNR|LND|MNR|OHI|SBAC|TRC,CPT|FPI|LAND|LMNR|LND|MNR|OHI|SBAC|TRC
CL,9,9,-3.12,-1.75,-0.35,-0.94,-1.49,0.18,-1.6300000000000001,-1.93,-12.139999999999999,0.4444444444444444,CHD|CLX|EL|KMB|NUS|NWL|PG|SPB|UL,CHD|CLX|EL|KMB|NUS|NWL|PG|SPB|UL
CLAR,10,8,-3.56,9.1,22.65,-2.01,-2.4349999999999996,-10.68,-1.1250000000000004,19.78,27.029999999999998,0.25,BGFV|COLM|DKS|GOLF|NKE|NSSC|OLN|SWBI|UA|VSTO,COLM|DKS|GOLF|NKE|NSSC|OLN|SWBI|UA
CLB,10,10,1.21,4.85,-8.8,-0.87,0.13,7.415,1.08,-2.5650000000000004,-3.130000000000001,0.7,BKR|FTI|HAL|INVX|NOV|OII|RES|SLB|WFRD|XPRO,BKR|FTI|HAL|INVX|NOV|OII|RES|SLB|WFRD|XPRO
CLBK,10,9,-0.21,6.81,27.33,-0.04,-3.52,0.82,3.31,5.989999999999999,17.009999999999998,1.0,EVBN|FLG|FULT|FUNC|KRNY|MCB|OCFC|PFIS|TRST|UBSI,FLG|FULT|FUNC|KRNY|MCB|OCFC|PFIS|TRST|UBSI
CLBT,10,10,4.91,-20.1,-15.45,0.8,-2.895,3.62,7.805,-23.720000000000002,-12.11,1.0,AAPL|ADBE|CSCO|GOOGL|IBM|INTC|MSFT|NVDA|ORCL|SNPS,AAPL|ADBE|CSCO|GOOGL|IBM|INTC|MSFT|NVDA|ORCL|SNPS
CLDI,10,10,-13.17,-20.86,-50.63,-3.1,5.025,14.605,-18.195,-35.465,-74.845,0.0,AMGN|BMY|BNTX|GILD|JNJ|LLY|MRNA|PFE|REGN|VRTX,AMGN|BMY|BNTX|GILD|JNJ|LLY|MRNA|PFE|REGN|VRTX
CLDT,10,10,2.36,-2.62,23.85,-0.42,3.17,-5.105,-0.81,2.4850000000000003,8.66,0.4,AHT|APLE|DRH|HST|INN|PEB|PK|RLJ|SHO|XHR,AHT|APLE|DRH|HST|INN|PEB|PK|RLJ|SHO|XHR
CLDX,10,10,-5.7,15.56,30.03,-3.67,4.720000000000001,12.719999999999999,-10.420000000000002,2.8400000000000016,6.965,0.0,AMGN|BIIB|BMY|GILD|INCY|JNJ|MRK|PFE|REGN|VRTX,AMGN|BIIB|BMY|GILD|INCY|JNJ|MRK|PFE|REGN|VRTX
CLF,10,8,-13.82,10.8,1.26,-6.22,-7.705,5.51,-6.115,5.290000000000001,-9.435,0.125,ATI|CMC|MT|NUE|RS|RYI|STLD|SXC|TX|X,ATI|CMC|MT|NUE|RS|STLD|SXC|TX
CLFD,10,9,-4.1,-10.05,-34.69,-1.18,-5.05,-1.5,0.9500000000000002,-8.55,-31.189999999999998,0.5555555555555556,CIEN|CSCO|EXTR|FN|INFN|LITE|NOK|VIAV|VISN|ZBRA,CIEN|CSCO|EXTR|FN|LITE|NOK|VIAV|VISN|ZBRA
CLGN,10,7,0.91,0.47,-28.56,-0.09,1.71,13.97,-0.7999999999999999,-13.5,-38.0,0.42857142857142855,ADAP|ADVM|BLUE|CLLS|CRIS|DNLI|EDIT|FATE|NTLA|SRPT,CLLS|CRIS|DNLI|EDIT|FATE|NTLA|SRPT
CLH,10,9,2.28,6.95,12.41,0.65,0.91,2.16,1.3699999999999997,4.79,1.5099999999999998,0.8888888888888888,CLX|CWST|GFL|PESI|RSG|SRCL|TTEK|VRSK|WCN|WM,CLX|CWST|GFL|PESI|RSG|TTEK|VRSK|WCN|WM
CLIK,0,0,-2.17,-16.06,-6.21,1.49,,,,,,,,
CLIR,9,8,3.95,35.94,-9.84,0.41,-5.235,-9.625,9.185,45.565,22.224999999999998,1.0,AMSC|BE|BLDP|FCEL|FSLR|HY|PLUG|SEDG|VVPR,AMSC|BE|BLDP|FCEL|FSLR|HY|PLUG|SEDG
CLLS,10,7,5.97,20.36,-7.92,6.31,7.23,14.93,-1.2600000000000007,5.43,-29.72,0.42857142857142855,ADAP|ARCT|BLUE|CRSP|CYTK|EDIT|NTLA|QURE|RCKT|SGMO,ARCT|CRSP|CYTK|EDIT|NTLA|QURE|RCKT
CLMB,10,10,0.5,12.51,40.49,0.92,-3.495,6.109999999999999,3.995,6.4,15.86,0.9,ANET|ARW|AVT|CDW|DGII|HPE|NSIT|PLUS|SCSC|SNX,ANET|ARW|AVT|CDW|DGII|HPE|NSIT|PLUS|SCSC|SNX
CLMT,10,10,0.56,11.16,53.71,-0.25,4.295,10.46,-3.735,0.6999999999999993,29.935000000000002,0.2,BP|COP|CVI|DK|FANG|MPC|PBF|PSX|VLO|XOM,BP|COP|CVI|DK|FANG|MPC|PBF|PSX|VLO|XOM
CLNE,10,10,-12.01,-25.71,-20.85,0.49,-4.695,-5.87,-7.3149999999999995,-19.84,-7.970000000000002,0.1,ALTO|AMTX|BE|BLDP|CVI|DQ|FCEL|GEVO|HASI|PLUG,ALTO|AMTX|BE|BLDP|CVI|DQ|FCEL|GEVO|HASI|PLUG
CLNN,9,7,-0.72,-28.52,-39.71,-0.72,1.39,7.02,-2.11,-35.54,-50.730000000000004,0.2857142857142857,CYCN|IMNM|KNSA|MTEM|NAII|PAVM|RARE|TERN|XAIR,CYCN|IMNM|KNSA|NAII|PAVM|RARE|XAIR
CLOV,10,10,-7.68,-11.24,15.46,-1.78,-1.295,-3.535,-6.385,-7.705,7.550000000000001,0.1,ACHC|CI|CNC|CVS|EHC|HCA|HUM|MOH|UHS|UNH,ACHC|CI|CNC|CVS|EHC|HCA|HUM|MOH|UHS|UNH
CLPR,10,9,-3.93,9.79,7.91,-0.28,-0.38,-2.64,-3.5500000000000003,12.43,7.88,0.0,AIV|AVB|BRT|CPT|EQR|ESS|IRT|MAA|NXRT|UDR,AIV|AVB|BRT|CPT|ESS|IRT|MAA|NXRT|UDR
CLPS,10,10,-2.25,-4.47,-4.97,0.01,-0.745,20.025,-1.505,-24.494999999999997,-8.765,0.4,ACN|CTSH|DXC|EPAM|GLOB|IBM|INFY|IT|TTEC|WIT,ACN|CTSH|DXC|EPAM|GLOB|IBM|INFY|IT|TTEC|WIT
CLPT,10,7,0.81,3.43,38.79,-2.6,0.72,1.42,0.09000000000000008,2.0100000000000002,55.980000000000004,0.5714285714285714,ARVN|AXNX|BCLI|LAKE|LCTX|NNOX|NURO|NVCR|PAVM|STXS,ARVN|LAKE|LCTX|NNOX|NVCR|PAVM|STXS
CLRB,10,7,1.61,2.02,-20.5,-3.82,-0.9,4.11,2.5100000000000002,-2.0900000000000003,-7.65,0.5714285714285714,APTO|CBIO|CLLS|CRIS|IMUX|KPTI|LITS|ONCT|PSTV|SLS,CBIO|CLLS|CRIS|IMUX|KPTI|LITS|SLS
CLRO,10,9,-10.41,-18.59,61.78,1.6,-5.79,-5.04,-4.62,-13.55,65.12,0.1111111111111111,ADTN|AKTS|ANET|AVNW|CSCO|EXTR|FFIV|JNPR|LOGI|NTGR,ADTN|AKTS|ANET|AVNW|CSCO|EXTR|FFIV|LOGI|NTGR
CLS,10,9,-14.38,-11.28,-14.09,-1.14,-2.59,-9.38,-11.790000000000001,-1.8999999999999986,-1.5299999999999994,0.0,ADI|AMAT|AVGO|CSCO|FLEX|INTC|JNPR|MCHP|QRVO|TXN,ADI|AMAT|AVGO|CSCO|FLEX|INTC|MCHP|QRVO|TXN
CLSK,10,9,4.77,-21.24,-21.62,3.43,4.79,-13.9,-0.020000000000000462,-7.339999999999998,-3.530000000000001,0.4444444444444444,BITF|BTBT|CIFR|COIN|CORZ|HUT|IREN|MARA|MSTR|RIOT,BTBT|CIFR|COIN|CORZ|HUT|IREN|MARA|MSTR|RIOT
CLST,10,10,2.35,4.46,11.51,1.81,-4.154999999999999,4.4,6.504999999999999,0.05999999999999961,-4.215,1.0,ASRV|CAC|CCNE|CFFI|CZNC|FCBC|FFBC|HBT|MSBI|QCRH,ASRV|CAC|CCNE|CFFI|CZNC|FCBC|FFBC|HBT|MSBI|QCRH
CLVT,10,9,4.08,2.51,-17.07,0.0,1.89,8.72,2.1900000000000004,-6.210000000000001,-27.97,0.6666666666666666,DNB|FDS|IHS|IQV|MORN|MSCI|RELX|SPGI|TRI|VRSK,FDS|IHS|IQV|MORN|MSCI|RELX|SPGI|TRI|VRSK
CLW,10,9,-4.65,25.85,54.01,-0.75,-1.42,3.42,-3.2300000000000004,22.43,38.44,0.1111111111111111,AVY|BALL|EXP|GPK|IP|OI|PKG|SEE|SLGN|SON,AVY|BALL|EXP|GPK|IP|OI|PKG|SLGN|SON
CLWT,10,10,-3.05,-1.85,37.07,-0.62,-0.30000000000000004,3.67,-2.75,-5.52,22.55,0.2,ARTNA|AWK|AWR|CWCO|CWT|MSEX|PNR|WTS|XYL|YORW,ARTNA|AWK|AWR|CWCO|CWT|MSEX|PNR|WTS|XYL|YORW
CLX,8,8,0.53,11.85,13.63,-0.7,0.19000000000000006,1.445,0.33999999999999997,10.405,3.860000000000001,0.5,CHD|ECL|KMB|MNST|NWL|PG|TSN|UL,CHD|ECL|KMB|MNST|NWL|PG|TSN|UL
CLYM,10,10,16.23,36.09,62.74,-1.27,6.35,10.725,9.88,25.365000000000002,52.865,1.0,ALNY|BMRN|CRSP|EDIT|EXEL|IONS|NBIX|RARE|RNA|VRTX,ALNY|BMRN|CRSP|EDIT|EXEL|IONS|NBIX|RARE|RNA|VRTX
CM,10,10,-5.64,-1.9,1.0,-1.97,-4.79,-2.585,-0.8499999999999996,0.685,-9.405,0.1,BAC|BMO|BNS|C|JPM|MTB|RY|TD|USB|WFC,BAC|BMO|BNS|C|JPM|MTB|RY|TD|USB|WFC
CMBT,10,10,4.39,15.42,5.6,-0.87,5.025,10.57,-0.6350000000000007,4.85,-1.5500000000000007,0.4,ASC|DHT|ESEA|FRO|INSW|NAT|SFL|STNG|TNK|TRMD,ASC|DHT|ESEA|FRO|INSW|NAT|SFL|STNG|TNK|TRMD
CMC,10,8,-8.51,-3.05,-7.16,-3.18,-9.355,1.855,0.8450000000000006,-4.904999999999999,-11.055,0.625,CLF|GGB|MT|NUE|RS|STLD|TS|TX|X|ZEUS,CLF|GGB|MT|NUE|RS|STLD|TS|TX
CMCL,10,9,9.15,33.3,8.1,1.93,14.31,33.93,-5.16,-0.6300000000000026,-10.840000000000002,0.1111111111111111,AEM|AU|B|BTG|FSM|HL|IAG|KGC|NEM|NGD,AEM|AU|B|BTG|FSM|HL|IAG|KGC|NEM
CMCM,10,9,-4.92,-0.34,-40.21,-4.29,-2.99,3.78,-1.9299999999999997,-4.12,-90.12,0.2222222222222222,APPS|CRTO|FLNT|IZEA|MAX|MGNI|PERI|PUBM|TERN|TTD,APPS|CRTO|FLNT|IZEA|MAX|MGNI|PERI|PUBM|TTD
CMCO,10,10,-9.54,9.87,21.14,-2.49,-2.0199999999999996,-3.21,-7.52,13.079999999999998,12.705,0.0,AGCO|ASTE|CAT|DE|DOV|ETN|GRC|MTW|OSK|TEX,AGCO|ASTE|CAT|DE|DOV|ETN|GRC|MTW|OSK|TEX
CMCSA,8,8,0.61,11.98,5.86,-0.97,2.31,12.855,-1.7000000000000002,-0.875,3.475,0.375,CHTR|DIS|FOX|NFLX|S|T|TMUS|VZ,CHTR|DIS|FOX|NFLX|S|T|TMUS|VZ
CMCT,10,9,-2.36,101.21,5.3,-0.6,-0.82,-2.71,-1.54,103.91999999999999,0.1900000000000004,0.1111111111111111,ALEX|CBL|DEA|ESRT|FSP|GNL|HIW|HPP|KRC|OPI,CBL|DEA|ESRT|FSP|GNL|HIW|HPP|KRC|OPI
CMDB,0,0,7.83,3.48,6.53,2.18,,,,,,,,
CME,10,10,1.9,9.24,-6.15,2.0,1.5499999999999998,3.78,0.3500000000000001,5.460000000000001,-13.54,0.6,CBOE|COIN|FDS|ICE|INFO|MCO|MKTX|MSCI|NDAQ|SPGI,CBOE|COIN|FDS|ICE|INFO|MCO|MKTX|MSCI|NDAQ|SPGI
CMG,8,8,6.92,8.28,5.78,0.59,-1.0,4.285,7.92,3.994999999999999,5.37,1.0,DPZ|DRI|MCD|QSR|SBUX|SHAK|WING|YUM,DPZ|DRI|MCD|QSR|SBUX|SHAK|WING|YUM
CMI,8,8,-5.42,-9.59,-10.82,-1.72,-0.565,0.535,-4.855,-10.125,-14.445,0.375,AGCO|CAT|DAN|DE|ETN|HON|OSK|PCAR,AGCO|CAT|DAN|DE|ETN|HON|OSK|PCAR
CMMB,10,8,6.58,41.61,21.99,-3.11,4.15,1.525,2.4299999999999997,40.085,20.294999999999998,1.0,AKRO|ARDX|ETNB|MDGL|MNOV|NBIX|ONC|PBYI|TXMD|VRTX,ARDX|MDGL|MNOV|NBIX|ONC|PBYI|TXMD|VRTX
CMND,10,9,-3.24,7.19,-28.97,-6.28,2.48,2.59,-5.720000000000001,4.6000000000000005,-57.14,0.2222222222222222,ATAI|CMPS|DFTX|EOLS|GHRS|HELP|RLAY|RLMD|SAVA|TCRT,ATAI|CMPS|DFTX|EOLS|GHRS|HELP|RLAY|RLMD|TCRT
CMP,10,10,-3.59,-15.97,-14.12,-1.45,5.025,0.8999999999999999,-8.615,-16.87,-12.635,0.0,AVD|AXTA|CF|FMC|ICL|MOS|NTR|OLN|SQM|UAN,AVD|AXTA|CF|FMC|ICL|MOS|NTR|OLN|SQM|UAN
CMPR,10,10,-9.64,-10.34,-9.96,-2.36,1.5150000000000001,19.915,-11.155000000000001,-30.255,-22.945,0.0,ADBE|ADP|AMZN|CRM|INTU|MA|NFLX|PAYC|SHOP|VRSK,ADBE|ADP|AMZN|CRM|INTU|MA|NFLX|PAYC|SHOP|VRSK
CMPS,10,10,4.51,16.43,27.78,-0.86,1.815,1.38,2.695,15.05,23.795,0.9,ATAI|AXSM|DFTX|GHRS|HELP|MNOV|PRTA|RLMD|TVRD|XENE,ATAI|AXSM|DFTX|GHRS|HELP|MNOV|PRTA|RLMD|TVRD|XENE
CMPX,9,7,4.8,16.1,25.32,-4.54,7.07,15.93,-2.2700000000000005,0.1700000000000017,-3.780000000000001,0.2857142857142857,ADAP|ARGX|BPMC|FATE|KPTI|MRNA|PGEN|TGTX|VRTX,ARGX|FATE|KPTI|MRNA|PGEN|TGTX|VRTX
CMRC,10,10,3.17,-15.79,-23.91,6.53,-0.55,4.39,3.7199999999999998,-20.18,-40.224999999999994,0.8,AMZN|CHWY|EBAY|ETSY|FVRR|MELI|PINS|SHOP|WIX|XYZ,AMZN|CHWY|EBAY|ETSY|FVRR|MELI|PINS|SHOP|WIX|XYZ
CMRE,10,10,5.89,0.53,-12.18,1.06,5.734999999999999,12.785,0.15500000000000025,-12.255,-18.31,0.6,ASC|CCEC|DAC|DSX|ESEA|GOGL|GSL|NMM|SB|SBLK,ASC|CCEC|DAC|DSX|ESEA|GOGL|GSL|NMM|SB|SBLK
CMS,10,10,0.41,-4.3,-2.95,0.24,0.34500000000000003,-2.915,0.06499999999999995,-1.3849999999999998,-3.1900000000000004,0.5,AEP|DTE|DUK|ED|ES|EXC|FE|PPL|SO|XEL,AEP|DTE|DUK|ED|ES|EXC|FE|PPL|SO|XEL
CMT,10,10,1.63,5.68,12.14,0.54,-2.49,1.44,4.12,4.24,5.660000000000001,0.8,AVNT|AXTA|CC|CE|EMN|FUL|MTRN|OI|PPG|SHW,AVNT|AXTA|CC|CE|EMN|FUL|MTRN|OI|PPG|SHW
CMTG,10,10,-11.32,-26.42,-25.11,-2.03,-0.96,0.29000000000000004,-10.36,-26.71,-21.564999999999998,0.0,ABR|AGNC|BXMT|KREF|LADR|NLY|RC|RWT|STWD|TRTX,ABR|AGNC|BXMT|KREF|LADR|NLY|RC|RWT|STWD|TRTX
CMTL,10,9,-2.56,0.29,-53.01,-0.87,-5.82,2.48,3.2600000000000002,-2.19,-51.03,0.8888888888888888,AVAV|GD|IRDM|KTOS|LHX|LMT|PL|SATS|TXT|VSAT,AVAV|GD|IRDM|KTOS|LHX|LMT|PL|TXT|VSAT
CNA,10,10,-2.1,-3.42,12.71,0.47,-0.585,-2.1350000000000002,-1.5150000000000001,-1.2849999999999997,9.515,0.2,AIG|ALL|CB|CINF|HIG|L|PGR|RLI|SIGI|TRV,AIG|ALL|CB|CINF|HIG|L|PGR|RLI|SIGI|TRV
CNC,6,6,-2.42,-2.19,10.58,-0.39,-1.165,-6.76,-1.255,4.57,4.984999999999999,0.3333333333333333,CI|CVS|HUM|MOH|UNH|VRTX,CI|CVS|HUM|MOH|UNH|VRTX
CNCK,0,0,6.19,-25.52,1.66,5.67,,,,,,,,
CNDT,10,10,-7.72,-0.99,-1.64,2.4,0.425,19.85,-8.145,-20.84,-17.695,0.1,ACN|CSCO|CTSH|DXC|EXLS|G|HPE|IBM|LDOS|TTWO,ACN|CSCO|CTSH|DXC|EXLS|G|HPE|IBM|LDOS|TTWO
CNET,10,10,5.81,42.19,103.73,-6.51,-2.455,2.26,8.265,39.93,88.995,0.8,ACIW|EVTC|FAF|FICO|GPN|JKHY|SSNC|STNE|TYL|WU,ACIW|EVTC|FAF|FICO|GPN|JKHY|SSNC|STNE|TYL|WU
CNEY,9,9,2.72,-1.85,-56.78,5.18,0.02,2.24,2.7,-4.09,-62.75,0.8888888888888888,BCC|CLW|GPRE|LPX|NRP|REX|UFPI|WFG|WLKP,BCC|CLW|GPRE|LPX|NRP|REX|UFPI|WFG|WLKP
CNF,10,10,-4.11,-0.85,-25.32,3.56,-3.48,-5.36,-0.6300000000000003,4.510000000000001,-16.5,0.3,AGM|AIHS|FINV|HTT|JFIN|LX|QFIN|SOS|XYF|YRD,AGM|AIHS|FINV|HTT|JFIN|LX|QFIN|SOS|XYF|YRD
CNH,10,10,4.76,1.73,4.06,5.78,-0.37500000000000006,2.2350000000000003,5.135,-0.5050000000000003,-9.350000000000001,0.9,AGCO|CAT|DE|DOO|MTW|OSK|PCAR|TEX|TTC|WAB,AGCO|CAT|DE|DOO|MTW|OSK|PCAR|TEX|TTC|WAB
CNI,10,10,1.67,1.5,13.09,1.74,-0.15999999999999998,-3.395,1.8299999999999998,4.895,4.655000000000001,0.6,CP|CSX|GBX|NSC|R|RAIL|TRN|UNP|WAB|XPO,CP|CSX|GBX|NSC|R|RAIL|TRN|UNP|WAB|XPO
CNK,10,9,-0.24,16.5,42.26,0.67,0.61,11.98,-0.85,4.52,30.04,0.3333333333333333,AMC|AMCX|CMCSA|DIS|EPR|IMAX|LGF-A|LYV|NFLX|RDI,AMC|AMCX|CMCSA|DIS|EPR|IMAX|LYV|NFLX|RDI
CNL,10,9,4.44,14.53,-7.53,-2.54,12.91,33.01,-8.469999999999999,-18.479999999999997,-21.66,0.0,AEM|AGI|B|BTG|EQX|IAG|KGC|NEM|SAND|SSRM,AEM|AGI|B|BTG|EQX|IAG|KGC|NEM|SSRM
CNM,10,10,-3.08,2.22,-5.09,-1.19,-1.865,2.525,-1.215,-0.3049999999999997,-13.165,0.3,AWK|BMI|FIX|GRC|NDSN|PNR|TTEK|WMS|WTRG|XYL,AWK|BMI|FIX|GRC|NDSN|PNR|TTEK|WMS|WTRG|XYL
CNMD,10,9,3.37,22.62,39.15,0.49,-0.85,14.25,4.22,8.370000000000001,28.979999999999997,0.8888888888888888,BAX|BSX|HOLX|ISRG|JNJ|MDT|RMD|SNN|SYK|ZBH,BAX|BSX|ISRG|JNJ|MDT|RMD|SNN|SYK|ZBH
CNNE,10,10,-3.05,1.86,12.49,-0.23,-1.535,3.4349999999999996,-1.515,-1.5749999999999995,2.1449999999999996,0.0,AMP|BEN|BRK-A|IVZ|L|MKL|NDAQ|SCHW|STT|TROW,AMP|BEN|BRK-A|IVZ|L|MKL|NDAQ|SCHW|STT|TROW
CNO,10,10,-3.19,0.03,12.42,-0.38,-3.475,-0.78,0.28500000000000014,0.81,2.889999999999999,0.6,AFL|AIG|GL|HIG|LNC|MET|PFG|PRU|UNM|VOYA,AFL|AIG|GL|HIG|LNC|MET|PFG|PRU|UNM|VOYA
CNOB,10,9,-4.47,-3.46,6.65,-0.57,-4.23,-2.5,-0.23999999999999932,-0.96,-3.139999999999999,0.3333333333333333,BPOP|CFG|CUBI|FFBC|FULT|PPBI|SSB|TRMK|UBSI|WAL,BPOP|CFG|CUBI|FFBC|FULT|SSB|TRMK|UBSI|WAL
CNP,10,10,0.04,-7.29,-4.13,0.22,0.09500000000000003,-3.385,-0.05500000000000003,-3.9050000000000002,-4.1049999999999995,0.5,AEP|D|DUK|ED|ES|ETR|PEG|PPL|SO|XEL,AEP|D|DUK|ED|ES|ETR|PEG|PPL|SO|XEL
CNQ,10,8,6.93,11.11,4.35,2.83,7.975,9.665,-1.045,1.4450000000000003,-4.3100000000000005,0.375,APA|COP|CVX|DVN|EOG|HES|MRO|OXY|PSX|XOM,APA|COP|CVX|DVN|EOG|OXY|PSX|XOM
CNR,10,9,0.35,7.24,12.95,0.55,4.13,5.78,-3.78,1.46,10.37,0.1111111111111111,AMR|ARCH|ARLP|BTU|CNX|EQT|HNRG|METC|NRP|SXC,AMR|ARLP|BTU|CNX|EQT|HNRG|METC|NRP|SXC
CNS,10,10,-5.84,0.29,12.67,-0.64,-3.1399999999999997,7.380000000000001,-2.7,-7.090000000000001,2.3199999999999985,0.2,AMG|APO|BEN|BLK|BX|CG|IVZ|KKR|LAZ|TROW,AMG|APO|BEN|BLK|BX|CG|IVZ|KKR|LAZ|TROW
CNSP,10,10,18.45,5.17,19.61,4.63,2.24,-2.725,16.21,7.895,22.28,0.9,AVTX|BLRX|BTAI|CAPR|IMMP|KPTI|OTLK|PCRX|SLS|VTVT,AVTX|BLRX|BTAI|CAPR|IMMP|KPTI|OTLK|PCRX|SLS|VTVT
CNTB,10,10,-7.68,6.59,1.52,-4.67,4.4,14.045,-12.08,-7.455,-20.6,0.0,AMGN|BIIB|BMRN|EXEL|GILD|INCY|NBIX|REGN|SRPT|VRTX,AMGN|BIIB|BMRN|EXEL|GILD|INCY|NBIX|REGN|SRPT|VRTX
CNTX,10,9,-1.26,-18.49,-77.58,2.56,3.14,-11.38,-4.4,-7.109999999999998,-70.45,0.4444444444444444,BCYC|CGTX|CULP|KYMR|NBTX|ONCT|RNAZ|TVRD|XCUR|ZNTL,BCYC|CGTX|CULP|KYMR|NBTX|RNAZ|TVRD|XCUR|ZNTL
CNTY,10,9,-0.8,4.2,-3.88,1.64,-3.08,-6.11,2.2800000000000002,10.31,-5.68,0.7777777777777778,BALY|BYD|CHDN|FLL|GDEN|LVS|MGM|PENN|RRR|WYNN,BALY|BYD|CHDN|FLL|LVS|MGM|PENN|RRR|WYNN
CNVS,10,9,-9.06,5.67,5.67,-3.69,-0.24,11.81,-8.82,-6.140000000000001,-36.589999999999996,0.0,AMC|CNK|DIS|EPR|HOFV|IMAX|LYV|MCS|NCMI|RDI,AMC|CNK|DIS|EPR|IMAX|LYV|MCS|NCMI|RDI
CNX,9,9,1.93,4.14,-1.27,0.67,2.19,7.32,-0.26,-3.1800000000000006,1.81,0.3333333333333333,AR|CRK|EQT|EXE|GPOR|MTDR|NOG|OVV|RRC,AR|CRK|EQT|EXE|GPOR|MTDR|NOG|OVV|RRC
CNXC,10,10,2.69,6.91,2.57,-0.7,0.7899999999999999,26.365000000000002,1.9,-19.455000000000002,-16.965,0.6,ACN|ADP|CACI|CDW|CTSH|DXC|EPAM|GLOB|IBM|IT,ACN|ADP|CACI|CDW|CTSH|DXC|EPAM|GLOB|IBM|IT
CNXN,10,10,-1.52,-1.33,23.42,2.23,-1.92,4.609999999999999,0.3999999999999999,-5.9399999999999995,6.425000000000001,0.5,ARW|AVT|CDW|GPC|HSIC|IMKTA|MCK|NSIT|SCSC|SNX,ARW|AVT|CDW|GPC|HSIC|IMKTA|MCK|NSIT|SCSC|SNX
COCH,10,10,0.47,8.21,2.71,1.32,-1.045,14.27,1.515,-6.059999999999999,-7.46,0.6,ABT|ALGN|BAX|BSX|EW|ISRG|MDT|RMD|SYK|ZBH,ABT|ALGN|BAX|BSX|EW|ISRG|MDT|RMD|SYK|ZBH
COCO,10,9,1.52,-11.08,-14.99,-2.03,1.83,4.93,-0.31000000000000005,-16.009999999999998,-24.07,0.3333333333333333,BF-A|CELH|FIZZ|KDP|KO|MNST|PEP|PRMW|STZ|USNA,BF-A|CELH|FIZZ|KDP|KO|MNST|PEP|STZ|USNA
COCP,10,10,5.45,23.91,4.5,1.31,5.015000000000001,12.719999999999999,0.4349999999999996,11.190000000000001,-10.855,0.6,AZN|BNTX|GILD|JNJ|MRNA|NVAX|PFE|REGN|SNY|VRTX,AZN|BNTX|GILD|JNJ|MRNA|NVAX|PFE|REGN|SNY|VRTX
CODA,10,10,-0.31,1.79,-10.24,0.88,1.255,10.39,-1.565,-8.600000000000001,-15.325,0.4,BKR|BOOM|FET|FTI|HLX|INVX|OII|SLB|TDW|XOM,BKR|BOOM|FET|FTI|HLX|INVX|OII|SLB|TDW|XOM
CODI,9,9,-6.47,11.07,-3.08,-0.91,-1.57,-0.63,-4.8999999999999995,11.700000000000001,-15.74,0.0,AMN|BDL|BKE|BPOP|MSA|OLP|PFSI|TBI|VMI,AMN|BDL|BKE|BPOP|MSA|OLP|PFSI|TBI|VMI
COE,10,10,-22.72,2.05,-41.86,-2.33,-0.645,5.385,-22.075,-3.335,-34.53,0.0,CHGG|DAO|DUOL|EDU|EHTH|GOTU|HUYA|LRN|TAL|YQ,CHGG|DAO|DUOL|EDU|EHTH|GOTU|HUYA|LRN|TAL|YQ
COF,9,8,-4.0,6.71,14.76,-2.68,-3.9,-1.315,-0.10000000000000009,8.025,2.360000000000001,0.375,AXP|BAC|C|DFS|JPM|PNC|SYF|USB|WFC,AXP|BAC|C|JPM|PNC|SYF|USB|WFC
COFS,10,8,-4.36,-1.61,5.07,-0.85,-3.2350000000000003,4.6,-1.125,-6.21,-9.2,0.25,BBT|CADE|CHCO|FISI|HBNC|HNVR|MBIN|MBWM|STEL|WSBF,BBT|CHCO|FISI|HBNC|HNVR|MBIN|MBWM|WSBF
COGT,10,8,-4.99,-10.34,7.67,-3.74,6.925000000000001,13.735,-11.915000000000001,-24.075,-9.159999999999998,0.0,ALLO|BEAM|BLUE|BPMC|CRSP|EDIT|FATE|GILD|NTLA|VRTX,ALLO|BEAM|CRSP|EDIT|FATE|GILD|NTLA|VRTX
COHN,10,10,-5.76,-15.95,0.18,-4.65,-4.64,-1.4849999999999999,-1.12,-14.465,6.334999999999999,0.2,BCSF|EVR|JEF|LAZ|MC|OPFI|PIPR|PJT|SCM|SF,BCSF|EVR|JEF|LAZ|MC|OPFI|PIPR|PJT|SCM|SF
COHR,10,10,-13.06,-8.87,-20.64,-0.99,-11.01,-7.565,-2.0500000000000007,-1.3049999999999988,-15.685,0.1,ACLS|ASML|COHU|FORM|IPGP|KLAC|LITE|MKSI|ONTO|VECO,ACLS|ASML|COHU|FORM|IPGP|KLAC|LITE|MKSI|ONTO|VECO
COHU,10,10,-7.72,-2.14,19.69,-2.46,-11.434999999999999,-7.4399999999999995,3.714999999999999,5.299999999999999,16.235,0.8,AMAT|ASML|FORM|ICHR|KLAC|LRCX|ONTO|TER|UCTT|VECO,AMAT|ASML|FORM|ICHR|KLAC|LRCX|ONTO|TER|UCTT|VECO
COIN,10,10,11.22,3.04,-10.52,6.77,1.03,8.95,10.190000000000001,-5.909999999999999,-17.494999999999997,0.9,CME|GS|HOOD|IBKR|ICE|MS|MSTR|NDAQ|PYPL|SCHW,CME|GS|HOOD|IBKR|ICE|MS|MSTR|NDAQ|PYPL|SCHW
COKE,10,9,-1.77,1.32,6.0,-0.05,1.84,5.42,-3.6100000000000003,-4.1,-3.4399999999999995,0.0,BF-B|CELH|FIZZ|KDP|KO|MNST|PEP|PRMW|SAM|TAP,BF-B|CELH|FIZZ|KDP|KO|MNST|PEP|SAM|TAP
COLA,0,0,-0.28,0.14,-1.29,-0.19,,,,,,,,
COLB,10,10,-5.02,-5.58,3.84,-0.87,-4.01,-2.21,-1.0099999999999998,-3.37,-5.105,0.1,BANR|BKU|FITB|FNB|FULT|HBAN|ONB|WASH|WBS|ZION,BANR|BKU|FITB|FNB|FULT|HBAN|ONB|WASH|WBS|ZION
COLD,10,10,0.2,-0.98,5.14,0.46,-1.02,0.06500000000000006,1.22,-1.045,5.595,0.7,CCI|DLR|EQIX|EXR|IRM|PLD|PSA|SBAC|STAG|TRNO,CCI|DLR|EQIX|EXR|IRM|PLD|PSA|SBAC|STAG|TRNO
COLL,10,9,-2.45,-20.91,-19.75,-4.45,-0.03,-0.79,-2.4200000000000004,-20.12,-24.0,0.2222222222222222,AMRX|ANIP|ARDX|ASND|ASRT|EYPT|HRTX|LXRX|PCRX|PTGX,AMRX|ANIP|ARDX|ASND|EYPT|HRTX|LXRX|PCRX|PTGX
COLM,9,8,3.07,-6.16,-1.42,-1.2,-4.85,-9.21,7.92,3.0500000000000007,7.049999999999999,1.0,DECK|GES|LEVI|LULU|NKE|PVH|RL|UA|VFC,DECK|LEVI|LULU|NKE|PVH|RL|UA|VFC
COMP,10,7,-8.95,7.95,45.74,-5.0,0.58,11.44,-9.53,-3.4899999999999993,29.6,0.0,BEKE|CBRE|CWK|EXPI|HOUS|JLL|OPEN|RDFN|REAL|ZG,BEKE|CBRE|CWK|JLL|OPEN|REAL|ZG
CON,10,10,-0.27,12.01,37.79,0.76,1.125,11.969999999999999,-1.395,0.040000000000000924,19.195,0.4,ADP|CSGP|CTAS|FLNT|G|HEI|MAN|RHI|VRSK|YELP,ADP|CSGP|CTAS|FLNT|G|HEI|MAN|RHI|VRSK|YELP
COO,10,9,0.16,8.82,24.24,-0.04,-0.85,13.62,1.01,-4.799999999999999,14.109999999999998,0.5555555555555556,ALGN|BAX|BSX|HOLX|ISRG|JNJ|MDT|STE|SYK|ZBH,ALGN|BAX|BSX|ISRG|JNJ|MDT|STE|SYK|ZBH
COOK,9,8,-7.11,-17.1,-0.12,-0.23,-2.915,3.0949999999999998,-4.195,-20.195,-3.19,0.125,BLDR|DRI|LCUT|LZB|SGI|SNA|SNBR|W|WHR,BLDR|DRI|LCUT|LZB|SGI|SNA|W|WHR
COOT,10,10,-5.44,4.79,-27.91,2.26,4.445,-4.3100000000000005,-9.885000000000002,9.100000000000001,-32.24,0.0,ADM|AVD|BG|BIOX|CALM|DAR|FMC|GPRE|INGR|MOS,ADM|AVD|BG|BIOX|CALM|DAR|FMC|GPRE|INGR|MOS
COP,9,7,8.8,14.05,10.72,3.74,7.56,8.16,1.240000000000001,5.890000000000001,2.8900000000000006,0.7142857142857143,APA|CVX|DVN|EOG|FANG|HES|MRO|OXY|XOM,APA|CVX|DVN|EOG|FANG|OXY|XOM
COPL,0,0,-0.19,0.38,0.96,-0.19,,,,,,,,
COR,9,8,2.52,5.74,20.05,0.23,-0.06,7.43,2.58,-1.6899999999999995,1.0899999999999999,0.625,ACH|BIO|CAH|DXCM|HCA|HSIC|LH|MCK|PDCO,ACH|BIO|CAH|DXCM|HCA|HSIC|LH|MCK
CORT,10,9,9.61,33.29,105.1,1.85,2.81,-5.7,6.799999999999999,38.99,101.96,1.0,AKBA|ANAB|ARDX|LGND|MDGL|NBIX|PSTV|SRPT|TGTX|VKTX,AKBA|ANAB|ARDX|LGND|MDGL|NBIX|SRPT|TGTX|VKTX
CORZ,10,7,-8.11,-23.05,-21.59,-2.94,3.81,-13.9,-11.92,-9.15,-0.5399999999999991,0.0,ARBK|BITF|DGHI|HIVE|HUT|IREN|MARA|RIOT|SDIG|WULF,ARBK|HIVE|HUT|IREN|MARA|RIOT|WULF
COSM,9,7,3.78,0.7,-24.62,11.14,1.74,11.46,2.04,-10.760000000000002,-29.85,0.5714285714285714,AUPH|CERS|HOOK|MBAI|NNVC|OPK|VNDA|VRTX|XOMA,AUPH|CERS|MBAI|NNVC|OPK|VNDA|VRTX
COSO,0,0,-3.02,2.35,6.52,0.53,,,,,,,,
COST,10,10,-2.22,1.42,-12.43,-1.73,-0.855,1.6600000000000001,-1.3650000000000002,-0.2400000000000002,-15.86,0.3,AMZN|BBY|BJ|DG|DLTR|HD|KR|LOW|TGT|WMT,AMZN|BBY|BJ|DG|DLTR|HD|KR|LOW|TGT|WMT
COTY,10,10,3.27,4.03,45.64,-6.51,-1.2149999999999999,0.16999999999999998,4.484999999999999,3.8600000000000003,34.695,0.9,CHD|CL|EL|ENR|HAIN|HRL|KMB|NWL|PG|UL,CHD|CL|EL|ENR|HAIN|HRL|KMB|NWL|PG|UL
COUR,10,9,-0.34,8.24,10.1,-1.2,-1.5,-2.14,1.16,10.38,18.560000000000002,0.6666666666666666,APEI|ATGE|CHGG|EDU|GHC|LINC|LOPE|LRN|STRA|UTI,APEI|CHGG|EDU|GHC|LINC|LOPE|LRN|STRA|UTI
COYA,10,9,3.21,10.3,4.33,-3.02,2.81,10.29,0.3999999999999999,0.010000000000001563,1.19,0.5555555555555556,AKRO|ALNY|ARVN|ARWR|BMRN|IONS|MDGL|MRNA|NBIX|VRTX,ALNY|ARVN|ARWR|BMRN|IONS|MDGL|MRNA|NBIX|VRTX
CP,10,10,2.13,5.04,11.1,1.58,-1.05,1.56,3.1799999999999997,3.48,2.380000000000001,0.7,BRK-B|CNI|CSX|GBX|NSC|R|TFII|UNP|WAB|XPO,BRK-B|CNI|CSX|GBX|NSC|R|TFII|UNP|WAB|XPO
CPA,9,8,-6.31,-7.95,-5.8,-1.64,-10.785,-9.004999999999999,4.4750000000000005,1.0549999999999988,-8.71,1.0,AAL|ALGT|ALK|DAL|JBLU|LUV|SAVE|SKYW|UAL,AAL|ALGT|ALK|DAL|JBLU|LUV|SKYW|UAL
CPAC,10,8,-1.74,-0.34,10.55,1.2,-3.39,-0.955,1.6500000000000001,0.615,11.015,0.75,CRH|CX|EXP|HEI|LYB|MLM|NUE|SUM|VMC|X,CRH|CX|EXP|HEI|LYB|MLM|NUE|VMC
CPAY,8,8,-2.45,15.55,18.36,1.98,0.5700000000000001,10.094999999999999,-3.0200000000000005,5.455000000000002,-3.370000000000001,0.375,ADP|FIS|GPN|MA|PYPL|V|WEX|XYZ,ADP|FIS|GPN|MA|PYPL|V|WEX|XYZ
CPB,10,9,0.38,6.8,16.84,-1.87,0.61,-1.64,-0.22999999999999998,8.44,12.309999999999999,0.4444444444444444,CPRI|FLO|GIS|HRL|HSY|K|KHC|MDLZ|POST|SJM,CPRI|FLO|GIS|HRL|HSY|KHC|MDLZ|POST|SJM
CPBI,10,9,-0.21,2.9,17.4,0.0,-3.9,-0.61,3.69,3.51,4.289999999999999,1.0,BAC|BK|BKU|C|JPM|PNC|STT|USB|WFC|ZION,BAC|BKU|C|JPM|PNC|STT|USB|WFC|ZION
CPF,10,10,-4.95,-4.23,5.9,-0.21,-4.215,-2.275,-0.7350000000000003,-1.9550000000000005,1.1450000000000005,0.2,BOH|BPOP|CATY|CUBI|CYN|EWBC|FHB|PFBC|PNFP|WABC,BOH|BPOP|CATY|CUBI|CYN|EWBC|FHB|PFBC|PNFP|WABC
CPHC,10,9,-3.86,-4.58,-5.12,-2.56,-3.07,-5.72,-0.79,1.1399999999999997,-12.07,0.3333333333333333,BALY|BYD|CHDN|CRI|CZR|GDEN|MCRI|PENN|RRR|WYNN,BALY|BYD|CHDN|CRI|CZR|MCRI|PENN|RRR|WYNN
CPHI,10,10,-4.59,-39.18,46.42,-3.7,3.025,-0.43,-7.615,-38.75,40.865,0.1,ACHC|AGEN|ALNY|LGND|LIVN|MDGL|PCRX|RCUS|RDY|SNY,ACHC|AGEN|ALNY|LGND|LIVN|MDGL|PCRX|RCUS|RDY|SNY
CPIX,10,10,-0.25,42.82,83.76,3.01,4.12,4.975,-4.37,37.845,68.405,0.1,ACAD|AMRX|BMRN|ENTA|EXEL|GILD|INVA|JNJ|LLY|NVS,ACAD|AMRX|BMRN|ENTA|EXEL|GILD|INVA|JNJ|LLY|NVS
CPK,10,10,1.86,1.95,8.6,0.75,0.415,-3.825,1.445,5.775,10.594999999999999,1.0,ATO|CMS|CNP|NI|NWN|OGS|PNW|SRE|WEC|XEL,ATO|CMS|CNP|NI|NWN|OGS|PNW|SRE|WEC|XEL
CPNG,10,10,-0.89,3.29,3.36,-3.06,0.16,6.415,-1.05,-3.125,-3.4650000000000003,0.3,AMZN|BABA|EBAY|ETSY|JD|MELI|PDD|SE|SHOP|W,AMZN|BABA|EBAY|ETSY|JD|MELI|PDD|SE|SHOP|W
CPOP,10,10,-9.11,-12.36,-85.04,-1.41,1.585,7.3549999999999995,-10.695,-19.715,-89.465,0.1,CMCSA|DIS|HUYA|IQ|LYV|MTCH|NFLX|ROKU|SPOT|TME,CMCSA|DIS|HUYA|IQ|LYV|MTCH|NFLX|ROKU|SPOT|TME
CPRI,10,9,-12.21,-15.26,-23.24,-4.9,-4.7,-7.27,-7.510000000000001,-7.99,-17.88,0.0,COLM|GES|LEVI|MOV|NKE|OXM|PVH|RL|TPR|VFC,COLM|LEVI|MOV|NKE|OXM|PVH|RL|TPR|VFC
CPRT,8,8,16.54,26.06,3.66,1.17,0.6799999999999999,1.61,15.86,24.45,-6.299999999999999,1.0,ASH|AZZ|CTAS|LKQ|MANH|OPLN|RBA|URI,ASH|AZZ|CTAS|LKQ|MANH|OPLN|RBA|URI
CPS,10,10,0.92,-5.24,1.86,-3.47,0.63,2.48,0.29000000000000004,-7.720000000000001,-0.675,0.6,ALSN|BWA|DAN|F|GM|GNTX|LEA|MGA|TEN|VC,ALSN|BWA|DAN|F|GM|GNTX|LEA|MGA|TEN|VC
CPSH,10,9,-10.75,-18.02,-16.04,-4.5,-5.47,-2.6,-5.28,-15.42,-14.989999999999998,0.2222222222222222,GLW|IRDM|KN|MRCY|OSIS|PLAB|SCS|TDY|TTMI|ZBRA,GLW|IRDM|KN|MRCY|OSIS|PLAB|TDY|TTMI|ZBRA
CPSS,10,8,-4.67,-0.86,-7.17,-0.54,-4.0649999999999995,4.155,-0.6050000000000004,-5.015000000000001,-15.17,0.375,ALLY|CACC|COF|DFS|ENVA|LC|NAVI|RM|SLM|SYF,ALLY|CACC|COF|ENVA|NAVI|RM|SLM|SYF
CPT,9,8,-1.28,-2.64,2.6,0.61,-1.305,-2.1750000000000003,0.02499999999999991,-0.46499999999999986,2.87,0.5,APT|AVB|CSR|EQR|ESS|IRT|MAA|NXRT|UDR,APT|AVB|CSR|ESS|IRT|MAA|NXRT|UDR
CQP,9,9,2.27,6.69,6.51,1.64,2.12,-2.69,0.1499999999999999,9.38,10.51,0.5555555555555556,ENB|ET|KMI|LNG|NEXT|OKE|SRE|TRGP|WMB,ENB|ET|KMI|LNG|NEXT|OKE|SRE|TRGP|WMB
CR,10,10,-5.12,-5.47,19.84,-0.56,-1.8599999999999999,-0.18499999999999994,-3.2600000000000002,-5.285,11.45,0.2,AME|DOV|IR|ITT|KMT|LECO|MAS|MSA|NDSN|XYL,AME|DOV|IR|ITT|KMT|LECO|MAS|MSA|NDSN|XYL
CRAC,0,0,0.1,0.49,0.99,-0.1,,,,,,,,
CRAI,10,10,2.94,4.36,18.81,1.46,2.02,12.600000000000001,0.9199999999999999,-8.240000000000002,-38.785,0.7,CBZ|EXPO|FCN|HURN|KFRC|MAN|NCI|NSP|RHI|TBI,CBZ|EXPO|FCN|HURN|KFRC|MAN|NCI|NSP|RHI|TBI
CRAN,0,0,0.02,0.12,1.63,-0.07,,,,,,,,
CRAQ,0,0,0.19,0.0,0.98,0.0,,,,,,,,
CRBG,10,10,-6.15,1.61,16.97,-1.17,-3.0999999999999996,0.6950000000000001,-3.0500000000000007,0.915,6.809999999999999,0.0,AFG|AIG|CNO|GNW|LNC|MET|PFG|PRU|UNM|VOYA,AFG|AIG|CNO|GNW|LNC|MET|PFG|PRU|UNM|VOYA
CRBP,10,8,-1.49,12.33,2.06,-0.8,5.955,12.085,-7.445,0.24499999999999922,-17.51,0.125,BMRN|EXEL|FOLD|GILD|INCY|NBIX|NKTR|PBYI|VRTX|XOMA,BMRN|EXEL|GILD|INCY|NBIX|NKTR|PBYI|VRTX
CRBU,10,7,-0.31,-3.31,-19.75,-2.13,7.67,15.93,-7.9799999999999995,-19.24,-42.629999999999995,0.0,BEAM|BLUE|CRSP|DTIL|EDIT|NTLA|PSTX|QURE|SGMO|VRTX,BEAM|CRSP|DTIL|EDIT|NTLA|QURE|VRTX
CRC,10,8,1.89,-0.17,-13.13,-0.08,7.975,8.635,-6.085,-8.805,-21.160000000000004,0.0,APA|COP|CVX|DVN|EOG|FANG|HES|MRO|OXY|XOM,APA|COP|CVX|DVN|EOG|FANG|OXY|XOM
CRCL,0,0,11.42,26.95,-24.75,6.86,,,,,,,,
CRCT,10,10,-8.42,22.04,36.63,0.02,-3.79,-2.385,-4.63,24.424999999999997,30.480000000000004,0.3,AAPL|ADBE|DELL|GPRO|HPQ|INTC|LOGI|MMM|MSFT|WDC,AAPL|ADBE|DELL|GPRO|HPQ|INTC|LOGI|MMM|MSFT|WDC
CRD-A,10,9,-4.07,19.08,24.93,-1.47,-0.85,-2.94,-3.22,22.02,21.77,0.0,AIG|ALL|CB|CINF|ESGR|L|MKL|RNR|TRV|WRB,AIG|ALL|CB|CINF|L|MKL|RNR|TRV|WRB
CRD-B,10,10,0.0,22.65,24.77,2.59,-0.33999999999999997,1.705,0.33999999999999997,20.945,11.27,0.6,AJG|ALL|AON|BRO|CB|CINF|HIG|MRSH|PGR|TRV,AJG|ALL|AON|BRO|CB|CINF|HIG|MRSH|PGR|TRV
CRDF,9,6,-10.7,2.17,-52.24,-2.14,8.515,11.969999999999999,-19.215,-9.799999999999999,-45.56,0.0,AFMD|ATNM|BPMC|FOLD|KPTI|NERV|ONC|TVRD|XNCR,ATNM|KPTI|NERV|ONC|TVRD|XNCR
CRDL,10,8,13.16,51.17,48.85,-1.28,3.615,12.805,9.545,38.365,43.31,0.875,ACAD|AXSM|BPMC|CRBP|EYPT|MRNA|NBIX|PFE|SAGE|VRTX,ACAD|AXSM|CRBP|EYPT|MRNA|NBIX|PFE|VRTX
CRDO,10,9,-13.96,0.25,25.07,-2.57,-5.79,-1.5,-8.170000000000002,1.75,28.57,0.0,ANET|AVGO|CIEN|CSCO|EXTR|JNPR|LITE|MSI|QCOM|VIAV,ANET|AVGO|CIEN|CSCO|EXTR|LITE|MSI|QCOM|VIAV
CRE,0,0,-5.42,-3.32,19.63,1.55,,,,,,,,
CRESY,10,10,3.02,-6.98,0.65,0.09,5.3,1.85,-2.28,-8.83,-4.215,0.1,ADM|AGRO|BG|CF|DE|INGR|MOS|NTR|PPC|TSN,ADM|AGRO|BG|CF|DE|INGR|MOS|NTR|PPC|TSN
CREX,10,10,-15.18,-16.67,-25.0,0.35,-2.06,20.189999999999998,-13.12,-36.86,-59.06,0.1,ACIW|APPN|BILL|BOX|DOMO|ESTC|FSLY|PCTY|PD|QTWO,ACIW|APPN|BILL|BOX|DOMO|ESTC|FSLY|PCTY|PD|QTWO
CRGO,10,10,9.09,19.01,-30.43,2.86,-2.6799999999999997,-8.435,11.77,27.445,-31.47,1.0,CHRW|EXPD|FDX|JBHT|KNX|LSTR|MATX|SAIA|UPS|XPO,CHRW|EXPD|FDX|JBHT|KNX|LSTR|MATX|SAIA|UPS|XPO
CRGY,10,8,14.92,20.17,1.0,1.86,7.975,8.635,6.945,11.535000000000002,-7.030000000000001,1.0,APA|COP|CVX|DVN|EOG|FANG|HES|MRO|OXY|XOM,APA|COP|CVX|DVN|EOG|FANG|OXY|XOM
CRH,10,9,-4.21,-6.47,-7.75,-1.21,-2.74,-0.16,-1.4699999999999998,-6.31,-9.15,0.1111111111111111,APD|CLF|CX|EXP|FLR|HUN|MLM|SCL|SUM|VMC,APD|CLF|CX|EXP|FLR|HUN|MLM|SCL|VMC
CRI,9,8,-8.56,-6.5,-3.53,-3.79,-7.125,-7.785,-1.4350000000000005,1.2850000000000001,-6.43,0.125,BURL|JWN|KSS|M|PLCE|ROST|TJX|URBN|ZUMZ,BURL|KSS|M|PLCE|ROST|TJX|URBN|ZUMZ
CRIS,9,7,-13.9,-67.41,-83.74,-6.39,7.07,6.09,-20.97,-73.5,-112.84,0.0,ASND|BIVI|BPMC|FATE|GOSS|KURA|RIGL|TGTX|XOMA,ASND|BIVI|FATE|GOSS|KURA|RIGL|TGTX
CRK,10,8,0.99,-2.18,-4.36,1.29,8.595,9.075,-7.605,-11.254999999999999,-11.185,0.0,APA|AR|COP|DVN|EOG|FANG|HES|MRO|OXY|SM,APA|AR|COP|DVN|EOG|FANG|OXY|SM
CRL,9,9,6.19,36.58,91.43,2.8,4.91,18.13,1.2800000000000002,18.45,60.44000000000001,0.5555555555555556,BMY|CVS|ILMN|IQV|LDOS|LH|MEDP|MRK|PFE,BMY|CVS|ILMN|IQV|LDOS|LH|MEDP|MRK|PFE
CRM,10,10,2.91,27.14,15.07,0.53,0.315,26.32,2.595,0.8200000000000003,-4.16,0.8,ADBE|HUBS|INTU|MSFT|NOW|ORCL|SAP|SHOP|TEAM|WDAY,ADBE|HUBS|INTU|MSFT|NOW|ORCL|SAP|SHOP|TEAM|WDAY
CRMD,10,9,2.44,5.02,5.15,-2.13,1.38,1.12,1.06,3.8999999999999995,11.25,0.5555555555555556,ADMA|AMRX|ANIP|BCRX|CLSD|CRVS|CTSO|NAII|RMTI|XTNT,ADMA|AMRX|ANIP|BCRX|CRVS|CTSO|NAII|RMTI|XTNT
CRML,10,10,-11.93,-11.12,-46.09,-6.08,3.895,12.825,-15.825,-23.945,-56.160000000000004,0.1,AA|B|CLF|FCX|HL|MP|NEM|RIO|SCCO|TECK,AA|B|CLF|FCX|HL|MP|NEM|RIO|SCCO|TECK
CRMT,10,10,-4.05,-18.99,-75.04,-3.73,-1.1949999999999998,-1.77,-2.855,-17.22,-82.56500000000001,0.1,AAP|ABG|AN|AZO|GPI|KMX|LAD|ORLY|PAG|SAH,AAP|ABG|AN|AZO|GPI|KMX|LAD|ORLY|PAG|SAH
CRNC,10,10,-8.36,-17.47,-14.61,-3.04,-3.74,-3.5949999999999998,-4.619999999999999,-13.875,-2.2349999999999994,0.3,AMBA|AMD|AVGO|INTC|MSFT|MU|NVDA|QCOM|SNPS|TXN,AMBA|AMD|AVGO|INTC|MSFT|MU|NVDA|QCOM|SNPS|TXN
CRNT,10,9,-3.44,-6.44,-15.12,0.24,-3.11,3.19,-0.33000000000000007,-9.63,-13.739999999999998,0.4444444444444444,ANET|AVNW|CSCO|ERIC|HPE|IDCC|JNPR|LITE|MXL|NOK,ANET|AVNW|CSCO|ERIC|HPE|IDCC|LITE|MXL|NOK
CRNX,10,10,0.3,1.16,133.51,0.01,4.215,11.645,-3.915,-10.485,114.035,0.1,BMRN|BMY|LLY|MRK|NBIX|NVS|PFE|REGN|SNY|VRTX,BMRN|BMY|LLY|MRK|NBIX|NVS|PFE|REGN|SNY|VRTX
CRON,10,10,2.22,16.19,20.97,-1.82,-1.075,12.385,3.295,3.8050000000000015,20.634999999999998,0.7,ACB|CGC|CRBP|GRWG|IIPR|OGI|SNDL|TLRY|TVRD|VFF,ACB|CGC|CRBP|GRWG|IIPR|OGI|SNDL|TLRY|TVRD|VFF
CROX,10,8,-7.28,-9.76,19.43,-2.24,-3.515,-5.54,-3.765,-4.22,19.98,0.0,COLM|DECK|FL|NKE|NWL|SHOO|SKX|UAA|VFC|WWW,COLM|DECK|NKE|NWL|SHOO|UAA|VFC|WWW
CRS,10,8,-8.53,-16.63,16.09,-3.93,-7.705,1.855,-0.8249999999999993,-18.485,14.175,0.375,AA|ATI|CENX|CMC|HAYN|NUE|RS|STLD|SXC|X,AA|ATI|CENX|CMC|NUE|RS|STLD|SXC
CRSP,10,8,9.53,25.18,21.8,-1.06,6.35,14.45,3.1799999999999997,10.73,10.315000000000001,0.875,ADPT|ALLO|BEAM|BLUE|CLLS|EDIT|GILD|NTLA|SGMO|VRTX,ADPT|ALLO|BEAM|CLLS|EDIT|GILD|NTLA|VRTX
CRSR,10,9,-17.38,4.83,61.52,-2.09,-4.25,-8.95,-13.129999999999999,13.78,61.95,0.0,AMD|EA|GPRO|INTC|LOGI|MSI|RBLX|SONO|TBCH|TTWO,AMD|GPRO|INTC|LOGI|MSI|RBLX|SONO|TBCH|TTWO
CRT,10,8,5.91,10.52,-1.71,1.19,2.81,3.32,3.1,7.199999999999999,-3.9549999999999996,0.875,BPT|BSM|DMLP|KRP|MTR|MVO|PBT|PEO|SBR|SJT,BSM|DMLP|KRP|MTR|PBT|PEO|SBR|SJT
CRTO,10,10,-2.99,-16.08,2.47,-1.04,-1.8199999999999998,14.7,-1.1700000000000004,-30.779999999999998,-34.085,0.4,APPS|DV|FLNT|GOOGL|MGNI|PERI|PUBM|ROKU|TTD|ZD,APPS|DV|FLNT|GOOGL|MGNI|PERI|PUBM|ROKU|TTD|ZD
CRUS,10,10,-2.69,-15.43,-28.94,-0.09,-1.88,-7.630000000000001,-0.81,-7.799999999999999,-14.675,0.4,AAPL|ADI|AVGO|MCHP|MPWR|NXPI|ON|QCOM|SWKS|TXN,AAPL|ADI|AVGO|MCHP|MPWR|NXPI|ON|QCOM|SWKS|TXN
CRVL,10,10,11.61,21.86,11.89,1.58,-0.31,4.375,11.92,17.485,-3.129999999999999,1.0,AJG|AON|BRO|CINF|GSHD|HCI|MKL|MRSH|THG|WRB,AJG|AON|BRO|CINF|GSHD|HCI|MKL|MRSH|THG|WRB
CRVO,10,9,-9.23,-4.33,-17.91,-1.86,4.34,11.08,-13.57,-15.41,-18.16,0.1111111111111111,ACAD|BIIB|BTAI|CORT|CYPH|CYTK|INVA|ITCI|LGVN|NBIX,ACAD|BIIB|BTAI|CORT|CYPH|CYTK|INVA|LGVN|NBIX
CRVS,10,9,-4.37,3.5,18.78,-6.04,5.83,12.16,-10.2,-8.66,4.590000000000002,0.0,BLUE|BMRN|BMY|EXEL|GILD|INCY|IONS|REGN|SRPT|VRTX,BMRN|BMY|EXEL|GILD|INCY|IONS|REGN|SRPT|VRTX
CRWD,10,9,-14.56,2.27,18.56,-4.43,-11.03,5.03,-3.530000000000001,-2.7600000000000002,-16.470000000000002,0.0,CHKP|CYBR|FTNT|NET|OKTA|PANW|RPD|TENB|VRNS|ZS,CHKP|FTNT|NET|OKTA|PANW|RPD|TENB|VRNS|ZS
CRWS,9,9,10.9,-1.67,7.66,0.0,-3.43,-7.76,14.33,6.09,11.19,1.0,COLM|CRI|GIII|LEVI|NKE|PVH|TPR|UAA|VFC,COLM|CRI|GIII|LEVI|NKE|PVH|TPR|UAA|VFC
CRWV,0,0,-15.2,9.06,-11.01,-0.81,,,,,,,,
CSAI,0,0,-6.39,-38.99,-68.56,-6.75,,,,,,,,
CSAN,10,10,-1.15,-17.57,-25.22,1.57,2.345,-4.3100000000000005,-3.495,-13.26,-20.585,0.3,ADM|ANDE|BG|GGB|KRO|MDU|PBR|SBS|TS|VALE,ADM|ANDE|BG|GGB|KRO|MDU|PBR|SBS|TS|VALE
CSBR,10,8,-4.13,-20.55,-19.5,-1.42,3.505,10.73,-7.635,-31.28,-52.68,0.125,BPMC|FATE|IKT|INCY|KURA|LITS|ONCT|PBYI|XENE|ZLAB,FATE|IKT|INCY|KURA|LITS|PBYI|XENE|ZLAB
CSCO,9,8,-2.59,-1.5,-3.34,-0.02,-8.21,1.695,5.620000000000001,-3.1950000000000003,-23.135,0.875,ANET|EXTR|FFIV|FTNT|HPE|JNPR|MSI|NTCT|PANW,ANET|EXTR|FFIV|FTNT|HPE|MSI|NTCT|PANW
CSGP,10,8,-3.15,15.6,-5.88,-5.14,0.38,7.17,-3.53,8.43,-16.165,0.125,APPF|CBRE|EXPI|INVH|JLL|RDFN|RDWR|REAL|REZI|Z,APPF|CBRE|INVH|JLL|RDWR|REAL|REZI|Z
CSIQ,9,7,-3.62,-4.19,-11.41,-6.5,-5.43,-14.84,1.8099999999999996,10.649999999999999,20.47,0.7142857142857143,ARRY|ENPH|FSLR|FTCI|JKS|MAXN|RUN|SEDG|SOL,ARRY|ENPH|FSLR|FTCI|JKS|RUN|SEDG
CSL,10,10,-5.14,8.76,8.36,-2.5,-2.0549999999999997,2.8200000000000003,-3.085,5.9399999999999995,-6.190000000000001,0.2,DHR|DOV|EMR|GE|HON|ITW|JCI|MAS|MMM|ROP,DHR|DOV|EMR|GE|HON|ITW|JCI|MAS|MMM|ROP
CSPI,10,9,-10.52,-6.61,-20.59,-0.79,-4.72,-1.8,-5.8,-4.8100000000000005,-18.82,0.1111111111111111,ARW|CSCO|EXTR|FFIV|HPE|JNPR|NTAP|NTCT|SMCI|TDC,ARW|CSCO|EXTR|FFIV|HPE|NTAP|NTCT|SMCI|TDC
CSR,10,9,-3.34,-3.45,-19.4,-0.02,-0.14,-0.9,-3.1999999999999997,-2.5500000000000003,-21.52,0.0,AVB|CPT|ELS|EQR|ESS|INVH|IRT|MAA|NXRT|UDR,AVB|CPT|ELS|ESS|INVH|IRT|MAA|NXRT|UDR
CSTE,10,10,12.46,54.5,97.13,1.18,-2.885,-0.4049999999999998,15.345,54.905,85.53999999999999,1.0,AIN|AWI|FND|JBI|JELD|LZB|MAS|MHK|TILE|TOL,AIN|AWI|FND|JBI|JELD|LZB|MAS|MHK|TILE|TOL
CSTL,10,9,10.75,36.37,68.92,4.69,6.74,13.72,4.01,22.65,20.800000000000004,0.8888888888888888,CDNA|DGX|EXAS|FLGT|GH|ILMN|MYGN|NTRA|QDEL|TXG,CDNA|DGX|FLGT|GH|ILMN|MYGN|NTRA|QDEL|TXG
CSTM,10,9,-10.37,-10.98,-18.74,-1.62,-8.51,-0.08,-1.8599999999999994,-10.9,-16.04,0.2222222222222222,AA|ATI|CENX|CMC|KALU|NUE|RS|STLD|TX|X,AA|ATI|CENX|CMC|KALU|NUE|RS|STLD|TX
CSV,10,8,-2.09,-7.59,-23.29,-0.63,-0.7,2.3049999999999997,-1.39,-9.895,-24.724999999999998,0.25,ADUS|AMED|BKD|DNB|DVA|ELV|HCA|MATW|MD|SCI,ADUS|BKD|DVA|ELV|HCA|MATW|MD|SCI
CSW,10,10,-6.19,13.96,22.41,-1.98,-1.35,1.8849999999999998,-4.84,12.075000000000001,13.280000000000001,0.0,AOS|APD|APOG|BMI|DOV|ESE|FSS|MSM|NDSN|TWI,AOS|APD|APOG|BMI|DOV|ESE|FSS|MSM|NDSN|TWI
CSWC,10,10,-2.38,4.05,6.34,0.37,-2.16,8.525,-0.21999999999999975,-4.4750000000000005,1.8049999999999997,0.5,ARCC|GAIN|GSBD|HTGC|MAIN|NMFC|PFLT|PNNT|TCPC|TSLX,ARCC|GAIN|GSBD|HTGC|MAIN|NMFC|PFLT|PNNT|TCPC|TSLX
CSX,8,8,2.31,2.74,11.67,1.23,1.175,1.56,1.135,1.1800000000000002,-0.2350000000000012,0.75,CNI|CP|LSTR|NSC|RA|TRN|UNP|WAB,CNI|CP|LSTR|NSC|RA|TRN|UNP|WAB
CTAS,9,9,1.45,1.12,18.82,0.27,-0.53,-0.14,1.98,1.2600000000000002,9.01,1.0,AIT|FAST|GWW|MSM|RHI|TFX|UNF|WSO|XEL,AIT|FAST|GWW|MSM|RHI|TFX|UNF|WSO|XEL
CTBI,10,10,-4.15,2.21,14.39,-0.4,-4.5600000000000005,-1.3900000000000001,0.41000000000000014,3.6,4.580000000000002,0.6,BUSE|CHCO|FBK|FFBC|FMBH|FRME|HBNC|LKFN|MBIN|ONB,BUSE|CHCO|FBK|FFBC|FMBH|FRME|HBNC|LKFN|MBIN|ONB
CTEV,10,9,-19.24,36.49,60.53,-3.66,-2.42,-4.04,-16.82,40.53,50.39,0.0,ACHC|CI|CNC|EVH|HCA|HUM|MOH|SEM|UHS|UNH,ACHC|CI|CNC|EVH|HCA|HUM|MOH|UHS|UNH
CTGO,10,10,5.7,27.73,-2.74,-1.95,13.025,33.47,-7.325,-5.739999999999998,-18.200000000000003,0.1,AEM|B|BTG|GFI|HMY|IAG|KGC|NEM|RGLD|SSRM,AEM|B|BTG|GFI|HMY|IAG|KGC|NEM|RGLD|SSRM
CTKB,10,10,-2.76,4.74,26.13,1.17,5.640000000000001,19.59,-8.4,-14.85,-13.684999999999999,0.1,A|BIO|BRKR|DHR|ILMN|QGEN|RGEN|TECH|TMO|WDAY,A|BIO|BRKR|DHR|ILMN|QGEN|RGEN|TECH|TMO|WDAY
CTM,10,8,-8.21,-7.08,-10.52,-1.96,-2.1950000000000003,6.63,-6.015000000000001,-13.71,-13.95,0.25,BNAI|CFLT|CLRO|DSGX|G|III|INOD|RSSS|VRAR|WYY,BNAI|CLRO|DSGX|G|III|INOD|RSSS|WYY
CTMX,10,9,0.45,1.05,-9.54,-5.84,-0.6,0.82,1.05,0.2300000000000001,-15.889999999999999,0.5555555555555556,AFMD|ALXO|FATE|IMTX|PRTA|PVLA|RCUS|RNA|SRRK|XBIT,ALXO|FATE|IMTX|PRTA|PVLA|RCUS|RNA|SRRK|XBIT
CTNM,10,10,5.24,9.32,20.26,0.75,4.720000000000001,12.719999999999999,0.5199999999999996,-3.3999999999999986,-1.5449999999999982,0.7,AMGN|BIIB|BMY|GILD|JNJ|LLY|MRNA|PFE|REGN|VRTX,AMGN|BIIB|BMY|GILD|JNJ|LLY|MRNA|PFE|REGN|VRTX
CTNT,10,10,-4.3,1.25,-8.76,-0.04,-3.035,-8.57,-1.2649999999999997,9.82,-9.79,0.3,CHRW|EXPD|FDX|JBHT|KNX|ODFL|SNDR|UPS|WERN|XPO,CHRW|EXPD|FDX|JBHT|KNX|ODFL|SNDR|UPS|WERN|XPO
CTO,10,9,-0.12,-1.07,5.96,-0.41,0.13,-5.51,-0.25,4.4399999999999995,5.36,0.4444444444444444,AKR|BFS|FRT|KIM|NNN|O|REG|ROIC|SITC|WPC,AKR|BFS|FRT|KIM|NNN|O|REG|SITC|WPC
CTOR,0,0,-10.91,28.51,-10.82,-2.11,,,,,,,,
CTOS,10,10,-5.37,-7.8,4.17,-0.73,-1.62,3.6100000000000003,-3.75,-11.41,-12.295,0.2,AGCO|ALSN|CMI|DE|HRI|MTW|OSK|PCAR|TEX|URI,AGCO|ALSN|CMI|DE|HRI|MTW|OSK|PCAR|TEX|URI
CTRE,10,9,3.46,-5.2,-3.17,0.88,2.69,-5.3,0.77,0.09999999999999964,-1.44,0.6666666666666666,DOC|HR|LTC|MPW|NHI|OHI|SBRA|UHT|VTR|WELL,DOC|HR|LTC|NHI|OHI|SBRA|UHT|VTR|WELL
CTRI,10,8,-5.65,-20.81,-26.18,-3.76,-4.935,2.475,-0.7150000000000007,-23.285,-36.394999999999996,0.5,APOG|BECN|BXC|EXP|MLM|OC|RKLB|SUM|TGLS|TREX,APOG|BXC|EXP|MLM|OC|RKLB|TGLS|TREX
CTRM,10,10,0.45,17.62,16.42,-2.57,5.734999999999999,13.085,-5.284999999999999,4.535,1.945000000000002,0.0,ASC|DHT|DSX|GNK|INSW|MATX|NMM|SB|SBLK|TNK,ASC|DHT|DSX|GNK|INSW|MATX|NMM|SB|SBLK|TNK
CTRN,9,8,-7.39,7.49,90.27,-2.69,-5.029999999999999,-1.13,-2.3600000000000003,8.620000000000001,81.38499999999999,0.375,BURL|DDS|DG|DLTR|JWN|KSS|OLLI|ROST|TJX,BURL|DDS|DG|DLTR|KSS|OLLI|ROST|TJX
CTS,10,8,-7.87,-4.13,-2.97,-0.74,-3.36,-3.165,-4.51,-0.9649999999999999,-14.57,0.25,ALTR|APH|BELFB|CGNX|CRUS|DCO|EMKR|FN|IDT|ITRI,APH|BELFB|CGNX|CRUS|DCO|FN|IDT|ITRI
CTSH,8,8,3.83,42.57,20.0,1.02,-0.745,16.955,4.575,25.615000000000002,19.11,0.75,ACN|DOX|DXC|EPAM|GLOB|IBM|INFY|WIT,ACN|DOX|DXC|EPAM|GLOB|IBM|INFY|WIT
CTSO,10,10,0.33,-4.82,-22.63,2.11,-0.52,15.105,0.8500000000000001,-19.925,-32.8,0.6,ABT|BAX|BSX|DXCM|EW|GMED|MDT|PEN|RMD|TFX,ABT|BAX|BSX|DXCM|EW|GMED|MDT|PEN|RMD|TFX
CTVA,8,7,8.13,-7.43,4.0,4.31,6.4,-0.25,1.7300000000000004,-7.18,0.98,0.5714285714285714,ADM|AGRO|CF|DD|FMC|MOS|NTR|SYT,ADM|AGRO|CF|DD|FMC|MOS|NTR
CTW,0,0,-2.68,4.96,0.79,-1.93,,,,,,,,
CTXR,7,6,-17.07,8.2,4.9,-4.56,2.26,11.559999999999999,-19.33,-3.3599999999999994,-1.085,0.0,ADMA|ANIP|EBS|GERN|PTGX|SCYX|XOMA,ADMA|ANIP|EBS|GERN|PTGX|SCYX
CUB,10,10,-0.18,0.37,0.37,-0.09,-3.4749999999999996,7.17,3.2949999999999995,-6.8,-0.62,0.8,BA|BWXT|GD|HII|LDOS|LHX|LMT|NOC|RTX|TXT,BA|BWXT|GD|HII|LDOS|LHX|LMT|NOC|RTX|TXT
CUBE,10,9,-0.7,0.82,4.61,-0.01,-0.51,1.67,-0.18999999999999995,-0.85,0.5,0.3333333333333333,EPR|EXR|FR|JLL|NSA|PLD|PSA|REXR|TRNO|WY,EPR|EXR|FR|JLL|PLD|PSA|REXR|TRNO|WY
CUBI,10,9,-5.91,2.59,4.02,-0.36,-4.61,-3.41,-1.2999999999999998,6.0,-7.34,0.0,BPOP|CFG|FITB|HBAN|KEY|MTB|PNC|RF|SNV|ZION,BPOP|CFG|FITB|HBAN|KEY|MTB|PNC|RF|ZION
CUE,10,9,-10.14,-18.33,36.71,6.28,4.27,12.16,-14.41,-30.49,7.48,0.0,AMGN|BIIB|BMRN|BMY|FATE|GILD|INCY|REGN|SAGE|VRTX,AMGN|BIIB|BMRN|BMY|FATE|GILD|INCY|REGN|VRTX
CULP,10,9,-4.11,-11.38,6.51,0.0,-3.74,-7.93,-0.3700000000000001,-3.450000000000001,-6.17,0.3333333333333333,BSET|CRD-A|HNI|HOFT|LEG|LZB|SGI|SNBR|VFC|WSM,BSET|CRD-A|HNI|HOFT|LEG|LZB|SGI|VFC|WSM
CUPR,0,0,-9.86,-15.33,31.95,-3.98,,,,,,,,
CURB,0,0,-1.2,-3.64,4.51,-0.9,,,,,,,,
CURI,9,9,-27.69,14.48,10.96,-1.2,2.29,11.81,-29.98,2.67,7.970000000000001,0.0,AAPL|AMZN|CMCSA|DIS|FOX|GOOGL|NFLX|SONY|T,AAPL|AMZN|CMCSA|DIS|FOX|GOOGL|NFLX|SONY|T
CURR,10,9,5.85,7.95,18.38,-6.17,4.79,3.04,1.0599999999999996,4.91,33.34,0.5555555555555556,BITF|BTBT|BTCS|COIN|FTFT|HUT|MARA|NCTY|RELY|RIOT,BTBT|BTCS|COIN|FTFT|HUT|MARA|NCTY|RELY|RIOT
CURV,9,8,-8.35,-11.04,53.42,-2.43,-3.83,-3.83,-4.52,-7.209999999999999,50.52,0.0,AEO|ANF|BBWI|JWN|LB|PLCE|ROST|TJX|URBN,AEO|ANF|BBWI|LB|PLCE|ROST|TJX|URBN
CURX,0,0,10.76,19.59,-26.92,-10.13,,,,,,,,
CUZ,10,10,-1.64,-5.7,11.68,0.34,-0.6599999999999999,-1.195,-0.98,-4.505,-5.475000000000001,0.2,ARE|BXP|DEI|FRT|HIW|HPP|KRC|PEB|SLG|VNO,ARE|BXP|DEI|FRT|HIW|HPP|KRC|PEB|SLG|VNO
CV,0,0,-10.82,-12.37,-6.56,-1.06,,,,,,,,
CVBF,10,9,-3.17,0.83,10.47,-0.47,-4.2,-3.56,1.0300000000000002,4.39,5.7700000000000005,0.6666666666666666,BANC|BOH|CATY|CPF|EWBC|HAFC|HOPE|PPBI|WABC|WAL,BANC|BOH|CATY|CPF|EWBC|HAFC|HOPE|WABC|WAL
CVCO,10,9,-4.29,1.93,17.36,-3.06,-2.56,0.37,-1.73,1.56,11.36,0.1111111111111111,DHI|KBH|LCII|LEN|MHO|PATK|PHM|SKY|TMHC|TOL,DHI|KBH|LCII|LEN|MHO|PATK|PHM|SKY|TOL
CVE,10,8,7.14,13.09,7.39,0.94,6.904999999999999,9.665,0.23500000000000032,3.4250000000000007,-1.2700000000000005,0.5,COP|CVX|DVN|EOG|HES|MRO|OXY|PSX|VLO|XOM,COP|CVX|DVN|EOG|OXY|PSX|VLO|XOM
CVEO,10,10,2.47,-3.25,1.38,0.57,5.0,6.2,-2.53,-9.45,-2.13,0.4,CMRE|DAC|FLNG|GLNG|GOGL|KNOP|NAT|PBF|SBLK|TRNO,CMRE|DAC|FLNG|GLNG|GOGL|KNOP|NAT|PBF|SBLK|TRNO
CVGI,10,9,-3.6,-35.33,-35.33,-1.13,-1.48,-1.78,-2.12,-33.55,-49.05,0.4444444444444444,ALV|CMI|LEA|MOD|OSK|PCAR|REVG|THRM|WAB|WNC,ALV|CMI|LEA|MOD|OSK|PCAR|THRM|WAB|WNC
CVI,9,9,3.1,5.23,9.63,0.01,2.27,11.16,0.8300000000000001,-5.93,-27.36,0.7777777777777778,CLMT|CQP|DINO|DK|MPC|PBF|PSX|SUN|VLO,CLMT|CQP|DINO|DK|MPC|PBF|PSX|SUN|VLO
CVKD,10,10,-12.37,-22.38,-68.41,-0.61,5.025,12.719999999999999,-17.395,-35.099999999999994,-93.335,0.0,ABBV|AMGN|BMY|GILD|JNJ|LLY|MRK|PFE|REGN|VRTX,ABBV|AMGN|BMY|GILD|JNJ|LLY|MRK|PFE|REGN|VRTX
CVLG,10,10,-0.53,-29.42,-6.47,0.69,-10.18,-5.11,9.65,-24.310000000000002,-13.555,0.6,AAL|ALK|CSX|DAL|JBLU|KEX|LUV|NSC|UAL|UNP,AAL|ALK|CSX|DAL|JBLU|KEX|LUV|NSC|UAL|UNP
CVLT,10,10,-12.05,-5.24,27.12,-3.22,-7.08,13.780000000000001,-4.970000000000001,-19.020000000000003,3.705000000000002,0.2,CRWD|DELL|GOOGL|IBM|MDB|MSFT|NTAP|ORCL|PANW|VEEV,CRWD|DELL|GOOGL|IBM|MDB|MSFT|NTAP|ORCL|PANW|VEEV
CVM,10,7,-0.34,20.73,-6.6,-9.45,-0.92,-2.51,0.5800000000000001,23.240000000000002,-18.7,0.5714285714285714,ABEO|AFMD|AGEN|ARWR|BCRX|CLSD|DNA|IMUX|KPTI|PSTV,ABEO|AGEN|ARWR|BCRX|DNA|IMUX|KPTI
CVNA,10,10,-5.24,11.29,7.59,-0.86,-0.32999999999999996,-0.22499999999999987,-4.91,11.514999999999999,-5.115000000000002,0.0,ABG|AN|CARS|CPRT|CRMT|GPI|KMX|LAD|PAG|SAH,ABG|AN|CARS|CPRT|CRMT|GPI|KMX|LAD|PAG|SAH
CVR,10,10,-2.13,-0.59,1.2,1.81,-2.37,-3.85,0.2400000000000002,3.2600000000000002,-8.335,0.5,DOV|FAST|GWW|IR|ITW|MSM|PNR|ROK|SNA|SWK,DOV|FAST|GWW|IR|ITW|MSM|PNR|ROK|SNA|SWK
CVRX,10,9,-2.72,-43.81,-52.81,1.42,-0.85,13.62,-1.87,-57.43,-58.0,0.2222222222222222,ABT|ALGN|BSX|EW|HOLX|ISRG|MDT|SYK|TFX|ZBH,ABT|ALGN|BSX|EW|ISRG|MDT|SYK|TFX|ZBH
CVS,10,9,-1.44,-13.37,0.37,-0.05,-2.42,-4.04,0.98,-9.329999999999998,-9.770000000000001,0.5555555555555556,CAH|CI|CNC|HUM|MCK|MOH|TDOC|UNH|WBA|WMT,CAH|CI|CNC|HUM|MCK|MOH|TDOC|UNH|WMT
CVU,10,9,-4.51,13.55,23.97,-4.68,-3.59,4.85,-0.9199999999999999,8.700000000000001,17.24,0.2222222222222222,ATRO|BA|GD|HEI|HWM|LMT|NOC|SPR|TDG|TXT,ATRO|BA|GD|HEI|HWM|LMT|NOC|TDG|TXT
CVV,10,10,-4.53,-1.51,12.21,-3.63,-9.405000000000001,-12.2,4.875000000000001,10.69,13.935,1.0,AEIS|AMAT|ASML|ENTG|KLAC|LRCX|MKSI|ON|UCTT|VECO,AEIS|AMAT|ASML|ENTG|KLAC|LRCX|MKSI|ON|UCTT|VECO
CVX,10,10,5.58,8.16,9.09,1.43,5.720000000000001,8.52,-0.14000000000000057,-0.35999999999999943,0.5700000000000003,0.5,BP|COP|EOG|MPC|OXY|PSX|SHEL|TTE|VLO|XOM,BP|COP|EOG|MPC|OXY|PSX|SHEL|TTE|VLO|XOM
CW,10,10,-4.66,-10.34,-9.62,-2.51,-3.4749999999999996,7.970000000000001,-1.1850000000000005,-18.310000000000002,-16.985,0.3,BA|DCO|GD|HEI|HII|LDOS|LMT|NOC|TDY|TXT,BA|DCO|GD|HEI|HII|LDOS|LMT|NOC|TDY|TXT
CWBC,10,9,-0.93,-3.56,9.12,-0.05,-4.4,-4.57,3.47,1.0100000000000002,6.239999999999999,0.8888888888888888,BANC|BMRC|CVBF|FFWM|FGBI|GBCI|HAFC|TCBK|WABC|WAFD,BANC|BMRC|CVBF|FGBI|GBCI|HAFC|TCBK|WABC|WAFD
CWCO,10,10,-5.26,0.99,3.85,0.0,1.2349999999999999,3.67,-6.494999999999999,-2.6799999999999997,-9.32,0.0,ARTNA|AWK|AWR|BDN|CWT|HTO|MSEX|PNR|WTRG|YORW,ARTNA|AWK|AWR|BDN|CWT|HTO|MSEX|PNR|WTRG|YORW
CWD,10,10,-21.51,-28.67,-48.58,0.27,-2.44,10.09,-19.07,-38.760000000000005,-62.94,0.0,ARES|BX|CBRE|EDF|JLL|KKR|MAIN|MS|NDAQ|NTRS,ARES|BX|CBRE|EDF|JLL|KKR|MAIN|MS|NDAQ|NTRS
CWEN,10,10,-3.81,-2.27,-11.87,-2.21,-0.125,-4.0600000000000005,-3.685,1.7900000000000005,-11.11,0.0,AEP|D|DUK|ED|EXC|NEE|PEG|SO|SRE|XEL,AEP|D|DUK|ED|EXC|NEE|PEG|SO|SRE|XEL
CWH,10,7,-1.76,2.31,-8.88,-5.5,-1.08,1.64,-0.6799999999999999,0.6700000000000002,-19.33,0.2857142857142857,APOG|BRY|DOO|LCII|MPX|OSK|PATK|REVG|THO|WGO,APOG|DOO|LCII|OSK|PATK|THO|WGO
CWK,10,10,3.94,19.58,16.14,-2.83,0.365,7.675,3.575,11.904999999999998,14.115,0.9,BVN|CBRE|FR|HFFG|JLL|KIM|MMI|REG|SLG|STWD,BVN|CBRE|FR|HFFG|JLL|KIM|MMI|REG|SLG|STWD
CWST,10,8,1.59,2.26,5.79,-0.34,1.5650000000000002,2.13,0.02499999999999991,0.1299999999999999,-0.1949999999999994,0.5,BNR|CLH|GFL|MTRX|NVEE|PESI|RSG|SRCL|WCN|WM,BNR|CLH|GFL|MTRX|PESI|RSG|WCN|WM
CWT,10,10,-0.04,-1.69,15.76,0.52,1.2349999999999999,3.67,-1.275,-5.359999999999999,3.08,0.2,ARTNA|AWK|AWR|CNP|DTE|HTO|MSEX|PNW|WTRG|YORW,ARTNA|AWK|AWR|CNP|DTE|HTO|MSEX|PNW|WTRG|YORW
CX,10,9,-4.01,-16.39,-16.06,-0.28,-3.07,-1.75,-0.94,-14.64,-17.459999999999997,0.2222222222222222,CRH|DY|EXP|HEI|MLM|OC|PRIM|SUM|TTEK|VMC,CRH|DY|EXP|HEI|MLM|OC|PRIM|TTEK|VMC
CXAI,10,10,-51.77,-32.17,-52.37,-7.64,0.315,31.775,-52.085,-63.945,-71.6,0.0,ADBE|CRM|HUBS|MDB|MSFT|NOW|ORCL|SAP|TEAM|WDAY,ADBE|CRM|HUBS|MDB|MSFT|NOW|ORCL|SAP|TEAM|WDAY
CXDO,10,10,-2.6,-14.61,-33.71,-3.04,-2.7750000000000004,19.195,0.17500000000000027,-33.805,-45.095,0.5,BAND|BOX|EGHT|EGP|FIVN|MSTR|RNG|SSNC|TWLO|ZM,BAND|BOX|EGHT|EGP|FIVN|MSTR|RNG|SSNC|TWLO|ZM
CXM,10,10,2.54,29.66,36.79,1.11,0.315,26.060000000000002,2.225,3.599999999999998,20.28,0.7,ADBE|CRM|CSCO|HUBS|MSFT|NOW|ORCL|SAP|TEAM|WDAY,ADBE|CRM|CSCO|HUBS|MSFT|NOW|ORCL|SAP|TEAM|WDAY
CXT,10,10,-5.23,-5.82,25.01,0.37,-4.484999999999999,1.9849999999999999,-0.745000000000001,-7.805,16.555,0.3,AME|DOV|EMR|ETN|IR|ITW|PH|PWR|ROK|XYL,AME|DOV|EMR|ETN|IR|ITW|PH|PWR|ROK|XYL
CXW,10,8,4.2,2.32,53.94,2.93,0.14,-0.7649999999999999,4.0600000000000005,3.085,46.114999999999995,0.75,ACHC|CYH|DLHC|GEO|HCA|HCSG|SEM|SSY|THC|UHS,ACHC|CYH|DLHC|GEO|HCA|HCSG|THC|UHS
CYCN,10,8,10.1,18.6,39.77,4.24,2.26,6.625,7.84,11.975000000000001,30.685000000000002,0.875,BLUE|BMRN|CRBP|EXEL|NBIX|PRQR|RDUS|SRPT|TBPH|VKTX,BMRN|CRBP|EXEL|NBIX|PRQR|SRPT|TBPH|VKTX
CYCU,0,0,0.74,127.48,-22.34,1.95,,,,,,,,
CYD,10,10,-14.6,-15.67,-27.49,-10.43,-2.255,-7.11,-12.344999999999999,-8.559999999999999,-32.76,0.0,CNI|CSX|HUBG|JBHT|KNX|LSTR|NSC|R|UNP|WERN,CNI|CSX|HUBG|JBHT|KNX|LSTR|NSC|R|UNP|WERN
CYH,10,9,-1.52,-9.16,4.09,0.17,-0.98,9.45,-0.54,-18.61,-8.9,0.2222222222222222,ACHC|CNC|EHC|ENSG|HCA|HUM|SCNX|SEM|THC|UHS,ACHC|CNC|EHC|ENSG|HCA|HUM|SCNX|THC|UHS
CYN,10,10,-0.47,-7.83,-22.63,0.0,-3.31,-8.13,2.84,0.3000000000000007,-10.254999999999999,0.9,AMBA|AMD|INTC|MCHP|MRVL|NVDA|ON|QCOM|SWKS|TXN,AMBA|AMD|INTC|MCHP|MRVL|NVDA|ON|QCOM|SWKS|TXN
CYPH,10,6,79.01,72.57,-8.66,8.4,10.629999999999999,13.004999999999999,68.38000000000001,59.565,-41.775000000000006,1.0,ADAP|AFMD|BGMS|BLRX|KZR|MTEM|NKTR|PRQR|RIGL|XNCR,BGMS|BLRX|NKTR|PRQR|RIGL|XNCR
CYRX,10,9,10.58,1.89,18.91,2.58,4.4,20.06,6.18,-18.169999999999998,-18.8,1.0,ADPT|AVTR|BDX|BIO|BRKR|CTLT|DHR|ICUI|STE|TMO,ADPT|AVTR|BDX|BIO|BRKR|DHR|ICUI|STE|TMO
CYTK,10,9,4.34,-6.75,-2.7,-1.41,4.27,12.01,0.07000000000000028,-18.759999999999998,-19.66,0.5555555555555556,AMGN|ARRY|BIIB|EXAS|GILD|INCY|KYNB|NBIX|REGN|VRTX,AMGN|ARRY|BIIB|GILD|INCY|KYNB|NBIX|REGN|VRTX
CZFS,10,10,-1.81,10.39,23.6,-0.21,-4.13,-2.78,2.32,13.17,14.580000000000002,1.0,FNB|FULT|HBAN|NBHC|OZK|RF|TMP|UBSI|WAL|WSBC,FNB|FULT|HBAN|NBHC|OZK|RF|TMP|UBSI|WAL|WSBC
CZNC,10,9,-2.4,9.47,20.83,-0.82,-3.59,3.7,1.19,5.7700000000000005,8.489999999999998,0.7777777777777778,AUB|CZFS|FCCO|FFNW|FNB|MBWM|MPB|SFBC|THFF|WSBF,AUB|CZFS|FCCO|FNB|MBWM|MPB|SFBC|THFF|WSBF
CZR,10,10,-0.17,-1.1,7.48,0.07,-3.075,-1.505,2.9050000000000002,0.4049999999999998,6.87,0.8,BALY|BYD|CNTY|LVS|MCRI|MGM|MLCO|PENN|RICK|WYNN,BALY|BYD|CNTY|LVS|MCRI|MGM|MLCO|PENN|RICK|WYNN
CZWI,10,9,-1.37,-10.03,1.31,-0.67,-3.51,1.65,2.1399999999999997,-11.68,-8.209999999999999,0.8888888888888888,BAC|BCML|BYFC|EWBC|FBMS|HAFC|HFBL|NWBI|OPBK|PFIS,BAC|BCML|BYFC|EWBC|HAFC|HFBL|NWBI|OPBK|PFIS
D,10,10,-0.86,-4.42,0.32,-0.5,0.34500000000000003,-3.385,-1.205,-1.0350000000000001,1.08,0.2,AEP|DUK|ED|EXC|NEE|PCG|PEG|SO|SRE|XEL,AEP|DUK|ED|EXC|NEE|PCG|PEG|SO|SRE|XEL
DAAQ,0,0,43.32,0.1,0.92,-0.05,,,,,,,,
DAC,10,10,6.41,13.0,12.46,1.2,3.64,3.21,2.77,9.79,10.145000000000001,0.8,CMRE|DHT|ESEA|FLNG|GSL|KNOP|MATX|NMM|SFL|STNG,CMRE|DHT|ESEA|FLNG|GSL|KNOP|MATX|NMM|SFL|STNG
DAIC,0,0,-25.14,-69.31,-90.44,1.57,,,,,,,,
DAIO,10,10,-9.63,-9.06,-8.2,1.04,-2.7649999999999997,-8.88,-6.865000000000001,-0.17999999999999972,4.57,0.1,ADI|AMD|AVGO|MCHP|MPWR|NXPI|ON|QRVO|SLAB|TXN,ADI|AMD|AVGO|MCHP|MPWR|NXPI|ON|QRVO|SLAB|TXN
DAKT,10,8,-5.79,-0.18,-1.51,-1.21,-4.78,1.635,-1.0099999999999998,-1.815,-3.92,0.375,AYI|HUBB|IVAC|JNPR|LEDS|MSI|OESX|OLED|SYNA|TTMI,AYI|HUBB|LEDS|MSI|OESX|OLED|SYNA|TTMI
DAL,10,8,-10.51,-2.17,10.24,-1.89,-11.64,-9.004999999999999,1.1300000000000008,6.834999999999999,7.33,0.75,AAL|ALGT|ALK|ATSG|JBLU|LUV|MESA|SKYW|UAL|ULCC,AAL|ALGT|ALK|JBLU|LUV|SKYW|UAL|ULCC
DAN,10,9,1.09,9.34,-9.5,-0.52,0.58,1.58,0.5100000000000001,7.76,-12.57,0.6666666666666666,ALV|APTV|AXL|BWA|F|GM|LEA|MGA|RACE|TEN,ALV|APTV|BWA|F|GM|LEA|MGA|RACE|TEN
DAO,10,10,-3.98,13.89,35.2,0.69,0.11500000000000002,5.86,-4.095,8.030000000000001,25.305000000000003,0.1,AFYA|ATAI|CHGG|COUR|DUOL|EDU|GOTU|LRN|TAL|U,AFYA|ATAI|CHGG|COUR|DUOL|EDU|GOTU|LRN|TAL|U
DAR,10,10,5.64,7.21,17.75,3.75,5.3,0.36,0.33999999999999986,6.85,12.885,0.6,ADM|ANDE|BG|CARG|CF|FMC|INGR|MOS|NTR|TTC,ADM|ANDE|BG|CARG|CF|FMC|INGR|MOS|NTR|TTC
DARE,10,8,-41.61,-34.43,-65.67,-2.96,-0.014999999999999902,-2.4050000000000002,-41.595,-32.025,-64.3,0.0,ADMA|AIM|BPMC|EPIX|IGC|MDGL|SEDG|TVRD|VKTX|VTGN,ADMA|AIM|IGC|MDGL|SEDG|TVRD|VKTX|VTGN
DASH,10,10,1.76,23.82,36.91,-0.08,-1.19,4.285,2.95,19.535,39.495,0.8,AMZN|DPZ|LYFT|MCD|PZZA|TGT|UBER|WING|WMT|YUM,AMZN|DPZ|LYFT|MCD|PZZA|TGT|UBER|WING|WMT|YUM
DAVA,10,10,-2.22,12.77,-22.75,-0.64,-0.16999999999999998,20.025,-2.0500000000000003,-7.254999999999999,-27.355,0.3,ACN|CTSH|DXC|EPAM|GLOB|IBM|INFY|IT|SAIC|WIT,ACN|CTSH|DXC|EPAM|GLOB|IBM|INFY|IT|SAIC|WIT
DAVE,10,9,-1.16,-22.13,35.32,-4.39,-3.53,0.7,2.37,-22.83,27.54,0.7777777777777778,AFRM|ALLY|AXP|COIN|LC|OPFI|PYPL|SOFI|UPST|XYZ,AFRM|ALLY|AXP|COIN|OPFI|PYPL|SOFI|UPST|XYZ
DB,10,9,-2.12,5.55,14.29,-1.22,-3.52,-2.02,1.4,7.57,1.1799999999999997,1.0,BAC|BK|C|GS|JPM|MS|PNC|STT|USB|WFC,BAC|C|GS|JPM|MS|PNC|STT|USB|WFC
DBD,10,10,-6.58,-22.53,-5.49,0.1,-1.9500000000000002,13.780000000000001,-4.63,-36.31,-16.785,0.2,ADP|FIS|GPN|IBM|INTU|JPM|ORCL|PAYC|PAYX|WU,ADP|FIS|GPN|IBM|INTU|JPM|ORCL|PAYC|PAYX|WU
DBGI,0,0,-41.26,-54.01,-77.68,-23.16,,,,,,,,
DBI,10,7,-7.17,-1.38,-11.21,-7.92,-3.6,1.46,-3.57,-2.84,-23.97,0.2857142857142857,BOOT|CAL|CROX|FL|NKE|SCVL|SHOO|SKX|UA|WWW,BOOT|CAL|CROX|NKE|SHOO|UA|WWW
DBRG,10,9,0.03,0.66,1.31,-0.03,0.36,3.95,-0.32999999999999996,-3.29,5.12,0.3333333333333333,AMT|CCI|CNSL|COR|DLNG|DLR|EQIX|GDS|SBAC|UNIT,AMT|CCI|COR|DLNG|DLR|EQIX|GDS|SBAC|UNIT
DBVT,10,7,2.51,5.52,-22.43,-2.69,2.0,-6.15,0.5099999999999998,11.67,-17.54,0.5714285714285714,ADMA|ALNY|ANAB|ARRY|ASND|AXSM|EHAB|RARE|VRNA|XOMA,ADMA|ALNY|ANAB|ARRY|ASND|AXSM|RARE
DBX,10,10,-5.16,18.78,23.65,0.25,-2.0,4.425,-3.16,14.355,17.759999999999998,0.1,AAPL|ADBE|AMZN|BOX|CRWD|CSCO|GOOG|GOOGL|MSFT|ZM,AAPL|ADBE|AMZN|BOX|CRWD|CSCO|GOOG|GOOGL|MSFT|ZM
DC,10,9,0.89,30.23,15.49,-1.19,12.79,31.72,-11.899999999999999,-1.4899999999999984,-1.299999999999999,0.0,AEM|AGI|B|BTG|EGO|HL|KGC|NEM|SAND|SSRM,AEM|AGI|B|BTG|EGO|HL|KGC|NEM|SSRM
DCBO,10,9,-0.6,19.14,31.97,0.43,-0.6,24.69,0.0,-5.550000000000001,18.81,0.4444444444444444,ADSK|CRM|DOMO|NOW|SABA|SAP|TXRH|TYL|WDAY|ZUO,ADSK|CRM|DOMO|NOW|SABA|SAP|TXRH|TYL|WDAY
DCGO,10,8,-36.45,-38.42,-32.37,-1.28,1.7850000000000001,5.245,-38.235,-43.665,-49.504999999999995,0.0,ADUS|AMED|AMN|BKD|CHE|EHC|HCSG|NHC|PNTG|SEM,ADUS|AMN|BKD|CHE|EHC|HCSG|NHC|PNTG
DCI,10,10,-3.12,1.94,11.78,-0.08,-2.5999999999999996,1.9849999999999999,-0.5200000000000005,-0.04499999999999993,1.4849999999999994,0.3,AME|AOS|DOV|HRL|IR|ITT|NDSN|PNR|WTS|XYL,AME|AOS|DOV|HRL|IR|ITT|NDSN|PNR|WTS|XYL
DCO,10,9,-2.76,10.85,35.15,-3.37,-3.59,3.86,0.8300000000000001,6.99,30.7,0.6666666666666666,BA|GD|HON|HXL|LMT|NOC|RTX|SPR|TDG|TXT,BA|GD|HON|HXL|LMT|NOC|RTX|TDG|TXT
DCOM,10,9,-3.78,0.47,7.82,-0.69,-3.9,-1.99,0.1200000000000001,2.46,-1.9450000000000003,0.6666666666666666,BRKL|CFG|CUBI|FLG|FNB|JPM|PNC|SNV|WBS|WFC,BRKL|CFG|CUBI|FLG|FNB|JPM|PNC|WBS|WFC
DCOY,9,6,-1.13,-29.49,-37.23,2.35,5.06,6.14,-6.1899999999999995,-35.629999999999995,-46.449999999999996,0.16666666666666666,ADAP|AFMD|ANAB|AVIR|BLRX|CLRB|EQ|IMUX|SYBX,ANAB|AVIR|BLRX|CLRB|EQ|IMUX
DCTH,9,4,-3.12,34.22,49.76,-1.95,6.95,4.994999999999999,-10.07,29.225,42.82,0.0,AVGR|BLRX|CRMD|CYCN|HOOK|MNOV|PSTV|SCPH|TTOO,BLRX|CRMD|CYCN|MNOV
DCX,10,10,-10.67,24.67,-57.79,0.45,1.035,-2.915,-11.705,27.585,-58.415,0.1,F|GM|HMC|LCID|LI|NIO|RIVN|TM|TSLA|XPEV,F|GM|HMC|LCID|LI|NIO|RIVN|TM|TSLA|XPEV
DD,10,10,-3.15,-0.06,-1.54,-0.09,0.765,6.16,-3.915,-6.22,-7.38,0.0,APD|ASH|AVY|CE|DOW|EMN|HUN|IFF|LYB|PPG,APD|ASH|AVY|CE|DOW|EMN|HUN|IFF|LYB|PPG
DDC,10,10,-19.53,10.67,-54.47,-1.77,-1.7850000000000001,9.5,-17.745,1.17,-56.0,0.0,AAPL|ADBE|AMZN|CRM|CSCO|GOOGL|IBM|INTC|MSFT|ORCL,AAPL|ADBE|AMZN|CRM|CSCO|GOOGL|IBM|INTC|MSFT|ORCL
DDD,10,8,-10.92,21.23,16.41,-5.44,-8.665,-1.66,-2.255000000000001,22.89,17.83,0.375,CAMT|DM|FARO|HPQ|KNDI|MTLS|NNDM|PRLB|SSYS|VIVS,CAMT|HPQ|KNDI|MTLS|NNDM|PRLB|SSYS|VIVS
DDI,10,7,2.96,13.12,5.85,1.74,-2.38,4.55,5.34,8.57,6.279999999999999,0.8571428571428571,CHDN|CRSR|DKNG|EA|GAN|MSGE|RBLX|SGHC|SKLZ|TTWO,CHDN|CRSR|DKNG|MSGE|RBLX|SGHC|TTWO
DDL,10,10,-1.92,-5.17,-11.39,0.22,-2.205,-2.165,0.28500000000000014,-3.005,-2.0600000000000005,0.5,BABA|BZUN|HUYA|IQ|JD|PDD|QFIN|TIGR|TME|YI,BABA|BZUN|HUYA|IQ|JD|PDD|QFIN|TIGR|TME|YI
DDOG,10,10,-7.98,-5.56,9.36,-0.64,-5.725,22.125,-2.255000000000001,-27.685,-17.805,0.4,CRWD|ESTC|FROG|MDB|NOW|OKTA|SNOW|TEAM|TWLO|ZS,CRWD|ESTC|FROG|MDB|NOW|OKTA|SNOW|TEAM|TWLO|ZS
DDS,9,8,-1.74,2.35,11.8,-2.01,-5.915,-5.38,4.175,7.73,2.030000000000001,0.875,ANF|BURL|JWN|KSS|LB|M|ROST|TJX|URBN,ANF|BURL|KSS|LB|M|ROST|TJX|URBN
DE,9,9,3.51,4.37,13.1,9.3,-1.48,-3.3,4.99,7.67,13.64,0.7777777777777778,AGCO|ALSN|ASTE|CAT|CMI|LKQ|PCAR|TEX|TSCO,AGCO|ALSN|ASTE|CAT|CMI|LKQ|PCAR|TEX|TSCO
DEA,10,10,-1.69,-2.71,2.95,0.17,-0.42,-1.115,-1.27,-1.595,-1.7699999999999996,0.2,BXP|DLR|FRT|KIM|O|PLD|PSA|SLG|SPG|VNO,BXP|DLR|FRT|KIM|O|PLD|PSA|SLG|SPG|VNO
DEC,10,8,4.97,11.25,-9.08,3.15,7.975,8.635,-3.005,2.615,-17.11,0.0,APA|COP|CVX|DVN|EOG|FANG|HES|MRO|OXY|XOM,APA|COP|CVX|DVN|EOG|FANG|OXY|XOM
DECK,8,5,-5.0,-13.5,-9.78,-3.22,-3.43,-9.76,-1.5699999999999998,-3.74,-8.36,0.4,COLM|CROX|FL|GES|NKE|SKX|UAA|VFC,COLM|CROX|NKE|UAA|VFC
DEFT,0,0,6.57,25.59,-27.46,6.4,,,,,,,,
DEI,10,9,-0.9,-2.22,2.1,-0.31,-0.82,0.08,-0.08000000000000007,-2.3000000000000003,-9.58,0.4444444444444444,ARE|BXP|CUZ|DLR|EQC|ESRT|HPP|KRC|SLG|VNO,ARE|BXP|CUZ|DLR|ESRT|HPP|KRC|SLG|VNO
DELL,10,9,-12.24,-1.77,78.64,-0.82,-4.38,10.69,-7.86,-12.459999999999999,71.56,0.0,AAPL|ANET|CSCO|HPE|HPQ|IBM|NTAP|PSTG|SMCI|WDC,AAPL|ANET|CSCO|HPE|HPQ|IBM|NTAP|SMCI|WDC
DEO,10,10,-1.01,11.53,10.49,1.24,0.52,2.01,-1.53,9.52,11.55,0.4,ABEV|BF-B|BUD|CCU|FMX|KOF|SAM|STZ|TAP|WVVI,ABEV|BF-B|BUD|CCU|FMX|KOF|SAM|STZ|TAP|WVVI
DERM,10,7,10.38,3.09,18.96,7.78,2.57,2.35,7.8100000000000005,0.7399999999999998,23.85,0.7142857142857143,ANAB|ATNM|AVDL|CAPR|CDTX|EBS|IRWD|MNOV|PTCT|RVNC,ANAB|ATNM|CAPR|EBS|IRWD|MNOV|PTCT
DFDV,10,6,27.62,25.56,-9.06,13.89,-8.51,-16.1,36.13,41.66,-4.635,1.0,ASTE|ATRO|BW|BWEN|ENG|IESC|MYRG|NVEE|VVPR|ZYXI,ASTE|ATRO|BW|BWEN|IESC|MYRG
DFH,10,9,-0.93,-3.72,5.55,-1.37,-2.54,-0.07,1.6099999999999999,-3.6500000000000004,-3.87,0.7777777777777778,BZH|DHI|HOV|KBH|LEN|MTH|NVR|PHM|TMHC|TOL,BZH|DHI|HOV|KBH|LEN|MTH|NVR|PHM|TOL
DFIN,10,10,-1.89,1.31,24.34,-0.14,0.13,15.875,-2.02,-14.565,9.39,0.1,ACN|BAH|CTSH|DXC|GIB|IBM|IT|LDOS|NOC|SAIC,ACN|BAH|CTSH|DXC|GIB|IBM|IT|LDOS|NOC|SAIC
DFLI,9,7,-12.69,-23.83,-40.26,-1.3,-6.02,-14.84,-6.67,-8.989999999999998,-8.379999999999999,0.14285714285714285,BE|BLDP|CMBM|ENPH|FCEL|MAXN|PLUG|RUN|SEDG,BE|BLDP|ENPH|FCEL|PLUG|RUN|SEDG
DFSC,10,10,-22.51,8.48,-50.42,-5.79,-3.4749999999999996,9.645,-19.035000000000004,-1.1649999999999991,-57.785000000000004,0.0,BA|GD|HEI|HII|KTOS|LDOS|LMT|NOC|RTX|TXT,BA|GD|HEI|HII|KTOS|LDOS|LMT|NOC|RTX|TXT
DFTX,9,9,1.15,1.68,112.77,-3.09,2.48,3.18,-1.33,-1.5000000000000002,84.6,0.4444444444444444,ATAI|CMPS|FBRX|GHRS|HELP|PLRX|RLAY|RLMD|VTGN,ATAI|CMPS|FBRX|GHRS|HELP|PLRX|RLAY|RLMD|VTGN
DG,8,8,0.33,1.86,17.08,0.15,-3.045,-0.07000000000000006,3.375,1.9300000000000002,21.669999999999998,0.875,BJ|CASY|COST|DLTR|OLLI|TGT|WMK|WMT,BJ|CASY|COST|DLTR|OLLI|TGT|WMK|WMT
DGICA,10,10,-0.98,2.18,6.46,0.3,-0.8,-1.2850000000000001,-0.17999999999999994,3.4650000000000003,2.1949999999999994,0.3,AFG|ALL|CINF|HIG|KMPR|PGR|SIGI|THG|TRV|WRB,AFG|ALL|CINF|HIG|KMPR|PGR|SIGI|THG|TRV|WRB
DGII,10,9,-12.87,12.05,19.16,-2.51,-8.56,-1.5,-4.309999999999999,13.55,19.69,0.0,ANET|CSCO|EXTR|FFIV|HPE|IDCC|JNPR|MSI|NTGR|NVT,ANET|CSCO|EXTR|FFIV|HPE|IDCC|MSI|NTGR|NVT
DGNX,0,0,-22.04,-17.71,5.8,-5.95,,,,,,,,
DGX,6,4,4.07,17.07,26.79,1.54,3.1350000000000002,20.25,0.935,-3.1799999999999997,-19.695,0.5,EXAS|LH|NEO|NTRA|OPK|PMD,LH|NEO|NTRA|OPK
DGXX,0,0,-10.77,-14.1,-51.26,2.93,,,,,,,,
DH,10,9,14.17,4.35,-14.87,1.88,0.05,0.16,14.12,4.1899999999999995,-36.265,1.0,AMWL|EHTH|HCSG|HIMS|MASI|MTD|OMCL|PINC|TDOC|VEEV,AMWL|EHTH|HCSG|HIMS|MTD|OMCL|PINC|TDOC|VEEV
DHC,10,8,-3.64,-13.09,-11.66,-0.43,2.71,-5.58,-6.35,-7.51,-13.075,0.0,DOC|GMRE|HR|LTC|MPW|NHI|OHI|SBRA|VTR|WELL,DOC|HR|LTC|NHI|OHI|SBRA|VTR|WELL
DHI,9,9,-1.0,4.11,4.67,-2.29,-2.56,-0.72,1.56,4.83,-7.300000000000001,0.7777777777777778,BZH|HOV|KBH|LEN|LGIH|MTH|NVR|PHM|TOL,BZH|HOV|KBH|LEN|LGIH|MTH|NVR|PHM|TOL
DHR,9,9,7.29,22.12,27.84,3.43,-1.98,6.17,9.27,15.950000000000001,12.34,1.0,ABT|BSX|GE|HON|KEYS|MMM|MTD|ROK|TMO,ABT|BSX|GE|HON|KEYS|MMM|MTD|ROK|TMO
DHT,10,10,3.31,9.4,8.27,-0.75,5.025,11.280000000000001,-1.7150000000000003,-1.8800000000000008,-2.415000000000001,0.3,ASC|CCEC|FRO|GNK|INSW|NAT|SBLK|SFL|STNG|TNK,ASC|CCEC|FRO|GNK|INSW|NAT|SBLK|SFL|STNG|TNK
DHX,10,9,1.99,-0.97,7.34,-3.09,0.58,15.51,1.4100000000000001,-16.48,-55.68000000000001,0.7777777777777778,ADP|HSII|KFRC|MAN|NSP|PAYC|RHI|TBI|TCBI|WEX,ADP|KFRC|MAN|NSP|PAYC|RHI|TBI|TCBI|WEX
DIBS,10,10,-4.13,1.31,1.09,-2.93,-0.9500000000000001,-2.11,-3.1799999999999997,3.42,-8.685,0.4,AMZN|BABA|EBAY|ETSY|RH|RVLV|SFIX|SHOP|W|WMT,AMZN|BABA|EBAY|ETSY|RH|RVLV|SFIX|SHOP|W|WMT
DIN,9,8,-4.09,-4.28,11.28,-1.36,-3.5549999999999997,17.81,-0.5350000000000001,-22.09,-27.049999999999997,0.375,BJRI|BLMN|CAKE|CMG|DENN|DRI|EAT|RRGB|TXRH,BJRI|BLMN|CAKE|CMG|DRI|EAT|RRGB|TXRH
DINO,10,10,3.2,4.35,33.32,0.2,4.42,9.785,-1.2199999999999998,-5.4350000000000005,10.36,0.4,BP|CVX|DK|LYB|MPC|OKE|PBF|PSX|VLO|XOM,BP|CVX|DK|LYB|MPC|OKE|PBF|PSX|VLO|XOM
DIOD,10,10,-5.73,-3.57,-5.7,-2.87,-2.7649999999999997,-8.88,-2.9650000000000007,5.3100000000000005,11.280000000000001,0.3,ADI|AVGO|MCHP|MPWR|NXPI|ON|QCOM|STM|SWKS|TXN,ADI|AVGO|MCHP|MPWR|NXPI|ON|QCOM|STM|SWKS|TXN
DIS,10,10,2.29,11.81,2.99,0.25,0.35,11.435,1.94,0.375,-1.5999999999999996,0.8,AMC|CMCSA|FUN|IMAX|LYV|NFLX|PARA|SONY|SPOT|WBD,AMC|CMCSA|FUN|IMAX|LYV|NFLX|PARA|SONY|SPOT|WBD
DIT,9,8,8.56,11.83,-11.34,10.18,-1.455,14.26,10.015,-2.4299999999999997,-48.39,1.0,BDL|CHEF|FRSH|NSIT|PFGC|SPTN|SYY|UNFI|USFD,BDL|CHEF|FRSH|NSIT|PFGC|SYY|UNFI|USFD
DJCO,6,5,0.67,5.33,30.35,1.46,-1.34,1.89,2.0100000000000002,3.4400000000000004,42.22,0.6,LEE|NXST|NYT|SSP|TDAY|TGNA,LEE|NXST|NYT|SSP|TDAY
DJT,10,10,0.9,-9.26,3.91,0.3,-1.22,7.3549999999999995,2.12,-16.615,4.869999999999999,0.6,GOOGL|META|MTCH|NFLX|PINS|RBLX|ROKU|SNAP|SPOT|ZM,GOOGL|META|MTCH|NFLX|PINS|RBLX|ROKU|SNAP|SPOT|ZM
DK,10,10,-5.33,-2.28,45.01,-2.52,2.7750000000000004,10.135,-8.105,-12.415,21.779999999999998,0.0,BP|CLMT|CVI|DKNG|MPC|PBF|PSX|SHEL|VLO|XOM,BP|CLMT|CVI|DKNG|MPC|PBF|PSX|SHEL|VLO|XOM
DKI,0,0,-5.95,-13.01,-34.32,-3.17,,,,,,,,
DKL,10,9,3.27,-5.61,5.36,-1.33,0.6,-1.59,2.67,-4.0200000000000005,8.2,0.7777777777777778,ENB|ENLC|EPD|ET|KMI|MPLX|OKE|PAA|TRP|WMB,ENB|EPD|ET|KMI|MPLX|OKE|PAA|TRP|WMB
DKNG,10,8,-2.38,8.69,-0.78,-1.96,-3.075,-6.495,0.6950000000000003,15.184999999999999,-1.3900000000000001,0.625,BALY|BYD|CZR|GAN|GDEN|LVS|MGM|PENN|RSI|WYNN,BALY|BYD|CZR|LVS|MGM|PENN|RSI|WYNN
DKS,10,8,-11.9,-15.2,-18.68,-6.87,-3.59,-6.225,-8.31,-8.975,-10.635,0.0,ASO|COLM|DECK|FL|LULU|NKE|SPWH|UAA|VSTO|YETI,ASO|COLM|DECK|LULU|NKE|SPWH|UAA|YETI
DLB,10,10,1.77,29.2,17.29,1.2,2.1550000000000002,9.235,-0.38500000000000023,19.965,15.329999999999998,0.4,AAPL|DIS|GOOGL|LOGI|LPL|NFLX|ROKU|SONO|T|VZ,AAPL|DIS|GOOGL|LOGI|LPL|NFLX|ROKU|SONO|T|VZ
DLHC,10,9,-4.33,-11.7,-18.38,-0.66,-0.04,10.74,-4.29,-22.439999999999998,-17.95,0.1111111111111111,AVA|BAH|CACI|ENG|FIS|ICFI|LDOS|MMS|PRDO|SAIC,AVA|BAH|CACI|FIS|ICFI|LDOS|MMS|PRDO|SAIC
DLNG,9,9,0.94,3.95,-1.9,1.74,4.19,8.37,-3.2500000000000004,-4.419999999999999,-0.9099999999999999,0.1111111111111111,DAC|FLNG|GASS|GLNG|GNK|INSW|KEX|NMM|SFL,DAC|FLNG|GASS|GLNG|GNK|INSW|KEX|NMM|SFL
DLO,10,9,-3.8,-0.42,19.12,-0.7,-0.87,8.79,-2.9299999999999997,-9.209999999999999,2.91,0.3333333333333333,FIS|GPN|IIIV|MA|NVEI|PYPL|RSKD|V|WEX|XYZ,FIS|GPN|IIIV|MA|PYPL|RSKD|V|WEX|XYZ
DLPN,10,9,-5.74,3.6,-4.96,0.0,2.02,11.81,-7.76,-8.21,-10.82,0.1111111111111111,AMCX|CMCSA|DIS|FOXA|LGF-A|NFLX|PARA|ROKU|SONO|TMUS,AMCX|CMCSA|DIS|FOXA|NFLX|PARA|ROKU|SONO|TMUS
DLR,8,8,-1.59,8.98,1.98,1.07,0.6499999999999999,3.1500000000000004,-2.24,5.83,5.375,0.25,AMT|CCI|COR|DLNG|EQIX|IRM|SBAC|UNIT,AMT|CCI|COR|DLNG|EQIX|IRM|SBAC|UNIT
DLTH,10,9,-7.3,-16.55,9.85,-3.41,-5.0,-9.76,-2.3,-6.790000000000001,11.27,0.0,COLM|CROX|DECK|GIII|LEVI|PVH|RL|SKX|TPR|VFC,COLM|CROX|DECK|GIII|LEVI|PVH|RL|TPR|VFC
DLTR,8,8,0.26,6.32,38.93,-1.49,-1.895,4.22,2.1550000000000002,2.1000000000000005,42.265,0.75,AMZN|BJ|COST|DG|FIVE|OLLI|TGT|WMT,AMZN|BJ|COST|DG|FIVE|OLLI|TGT|WMT
DLX,10,9,-2.56,-9.54,-0.21,0.05,0.89,18.6,-3.45,-28.14,-19.41,0.2222222222222222,ADBE|ADP|BR|DOV|HPQ|INTU|PAYX|QUAD|XELA|XRX,ADBE|ADP|BR|DOV|HPQ|INTU|PAYX|QUAD|XRX
DLXY,0,0,3.9,-2.5,-10.71,5.56,,,,,,,,
DMAA,0,0,0.0,0.09,1.13,-0.09,,,,,,,,
DMAC,10,9,-3.78,-6.34,13.55,-4.63,2.24,-2.51,-6.02,-3.83,1.450000000000001,0.0,AKBA|AKRO|ALKS|ANVS|ARWR|BMRN|EBS|LGND|RIGL|RNA,AKBA|ALKS|ANVS|ARWR|BMRN|EBS|LGND|RIGL|RNA
DMII,0,0,0.06,0.46,0.86,0.16,,,,,,,,
DMLP,10,9,3.43,4.64,4.18,1.15,0.6,-0.02,2.83,4.659999999999999,7.02,0.8888888888888888,BEP|ENB|ENLC|EPD|KMI|MPLX|OKE|PAA|TRP|WES,BEP|ENB|EPD|KMI|MPLX|OKE|PAA|TRP|WES
DMRC,10,10,-4.55,8.91,-44.23,-5.42,-1.045,17.055,-3.505,-8.145,-48.834999999999994,0.2,ACN|ADBE|CRM|CSCO|GOOGL|IBM|MSFT|NFLX|NTAP|ORCL,ACN|ADBE|CRM|CSCO|GOOGL|IBM|MSFT|NFLX|NTAP|ORCL
DNA,10,9,1.38,-6.26,-4.92,-4.65,7.23,13.97,-5.8500000000000005,-20.23,-27.799999999999997,0.3333333333333333,BEAM|CERS|CRSP|DNLI|EDIT|FATE|NTLA|REGN|SGMO|TWST,BEAM|CERS|CRSP|DNLI|EDIT|FATE|NTLA|REGN|TWST
DNLI,10,10,0.62,5.64,32.63,-2.78,4.225,10.684999999999999,-3.6049999999999995,-5.044999999999999,27.395000000000003,0.1,ALNY|BIIB|IONS|MRNA|NBIX|PTCT|REGN|SRPT|UTHR|VRTX,ALNY|BIIB|IONS|MRNA|NBIX|PTCT|REGN|SRPT|UTHR|VRTX
DNMX,0,0,0.0,0.3,0.5,0.0,,,,,,,,
DNN,10,10,-3.75,2.87,-1.02,-2.56,-2.05,4.095,-1.7000000000000002,-1.2249999999999996,6.045,0.4,ATOM|AZZ|CCJ|LEU|LTBR|LTRX|NXE|UEC|URG|UROY,ATOM|AZZ|CCJ|LEU|LTBR|LTRX|NXE|UEC|URG|UROY
DNOW,10,10,-4.87,8.95,17.54,-0.61,0.815,6.12,-5.6850000000000005,2.829999999999999,18.88,0.0,APD|BKR|ECL|FET|FTI|HAL|OIS|RES|SLB|WTTR,APD|BKR|ECL|FET|FTI|HAL|OIS|RES|SLB|WTTR
DNTH,10,10,-0.19,6.45,23.3,-3.88,5.025,12.719999999999999,-5.215000000000001,-6.269999999999999,-1.625,0.0,ABBV|AMGN|BIIB|BMY|GILD|LLY|MRNA|PFE|REGN|VRTX,ABBV|AMGN|BIIB|BMY|GILD|LLY|MRNA|PFE|REGN|VRTX
DNUT,10,10,5.34,8.99,4.07,-1.29,-1.0,7.195,6.34,1.795,-0.7349999999999994,0.9,BROS|CMG|DPZ|DRI|MCD|QSR|SBUX|SHAK|WEN|YUM,BROS|CMG|DPZ|DRI|MCD|QSR|SBUX|SHAK|WEN|YUM
DOC,10,7,0.99,-5.3,6.89,1.23,2.73,-5.86,-1.74,0.5600000000000005,8.64,0.0,GMRE|HCP|HR|LTC|MPW|NHI|OHI|SBRA|VTR|WELL,HR|LTC|NHI|OHI|SBRA|VTR|WELL
DOCN,10,10,-13.84,-20.11,-28.81,-2.3,-1.7850000000000001,12.1,-12.055,-32.21,-33.225,0.1,AKAM|AMZN|BOX|CRM|GOOGL|IBM|MSFT|NET|ORCL|VZ,AKAM|AMZN|BOX|CRM|GOOGL|IBM|MSFT|NET|ORCL|VZ
DOCS,10,10,-2.44,26.6,30.62,0.74,-1.53,-0.16499999999999992,-0.9099999999999999,26.765,17.495,0.4,AMWL|CI|CLOV|CNC|HIMS|LCID|MTCH|OSCR|TDOC|VEEV,AMWL|CI|CLOV|CNC|HIMS|LCID|MTCH|OSCR|TDOC|VEEV
DOCU,10,10,-3.0,29.82,25.02,0.1,-2.49,23.715,-0.5099999999999998,6.105,10.364999999999998,0.4,ADBE|BOX|CRM|DBX|GOOGL|MSFT|ORCL|TEAM|WDAY|ZM,ADBE|BOX|CRM|DBX|GOOGL|MSFT|ORCL|TEAM|WDAY|ZM
DOGZ,9,9,-10.17,8.22,3.39,-5.53,-0.3,6.19,-9.87,2.0300000000000002,-10.969999999999999,0.0,CENT|CENTA|CHWY|FRPT|HELE|TRUP|TSCO|WOOF|ZTS,CENT|CENTA|CHWY|FRPT|HELE|TRUP|TSCO|WOOF|ZTS
DOLE,10,9,0.62,-6.0,-7.68,1.15,-2.75,-1.56,3.37,-4.4399999999999995,4.200000000000001,0.6666666666666666,ACI|BJ|CAG|COST|FDP|KR|SYY|TSN|UNFI|WMT,ACI|BJ|CAG|COST|KR|SYY|TSN|UNFI|WMT
DOMH,10,10,-11.31,-9.12,-20.62,-5.09,-2.895,0.545,-8.415000000000001,-9.665,-17.28,0.1,AAPL|AMZN|CSCO|GOOGL|IBM|INTC|META|MSFT|NVDA|ORCL,AAPL|AMZN|CSCO|GOOGL|IBM|INTC|META|MSFT|NVDA|ORCL
DOMO,10,10,-6.28,18.41,4.19,-0.27,-0.255,31.775,-6.025,-13.364999999999998,-22.539999999999996,0.2,ADBE|CRM|HUBS|NOW|OKTA|PD|PLTR|TEAM|TWLO|WDAY,ADBE|CRM|HUBS|NOW|OKTA|PD|PLTR|TEAM|TWLO|WDAY
DOO,10,9,2.61,10.18,21.03,-2.57,-1.13,1.08,3.7399999999999998,9.1,16.11,1.0,BC|CWH|FOXF|HOG|HZO|LCII|MCFT|PII|THO|VSTO,BC|CWH|FOXF|HOG|HZO|LCII|MCFT|PII|THO
DORM,10,9,-0.53,-1.88,13.12,-1.3,-2.91,0.99,2.38,-2.87,17.79,0.6666666666666666,AAP|AXL|AZO|BWA|DAN|GPC|LKQ|ORLY|VC|WSO,AAP|AZO|BWA|DAN|GPC|LKQ|ORLY|VC|WSO
DOUG,10,7,-4.23,9.38,8.15,-1.79,-0.94,12.88,-3.2900000000000005,-3.5,10.88,0.14285714285714285,BEKE|EXPI|FNF|HOUS|OPEN|RDFN|RDNT|RMAX|Z|ZG,BEKE|FNF|OPEN|RDNT|RMAX|Z|ZG
DOV,10,10,-2.01,-5.61,-4.02,0.06,-4.484999999999999,3.455,2.4749999999999996,-9.065000000000001,-17.55,0.8,DHR|EMR|ETN|HON|IR|ITW|PH|ROK|SWK|XYL,DHR|EMR|ETN|HON|IR|ITW|PH|ROK|SWK|XYL
DOW,10,10,8.75,5.65,-8.97,3.97,0.12000000000000001,3.495,8.63,2.1550000000000002,-6.4750000000000005,0.9,ALB|APD|ASH|CE|DD|EMN|HUN|LYB|PPG|WLK,ALB|APD|ASH|CE|DD|EMN|HUN|LYB|PPG|WLK
DOX,10,10,3.71,18.77,-2.85,1.04,-0.105,15.14,3.815,3.629999999999999,-12.584999999999999,0.6,ACN|CTSH|DXC|EPAM|GIB|HPE|IBM|INFY|IT|WIT,ACN|CTSH|DXC|EPAM|GIB|HPE|IBM|INFY|IT|WIT
DOYU,10,10,0.22,-3.01,-4.04,-4.25,-1.585,-3.9349999999999996,1.805,0.9249999999999998,4.29,0.7,BIDU|BILI|HUYA|IQ|JD|JOYY|MOMO|NTES|PDD|TME,BIDU|BILI|HUYA|IQ|JD|JOYY|MOMO|NTES|PDD|TME
DPRO,10,10,-9.87,-3.38,-24.01,-6.61,-4.71,5.185,-5.159999999999999,-8.565,-26.405,0.2,AVAV|BA|GD|HEI|HON|KTOS|LMT|NOC|TDY|TXT,AVAV|BA|GD|HEI|HON|KTOS|LMT|NOC|TDY|TXT
DPZ,10,10,-3.28,6.11,7.4,0.91,-0.7450000000000001,8.780000000000001,-2.5349999999999997,-2.670000000000001,3.45,0.2,CAKE|DNUT|DRI|MCD|PZZA|QSR|SHAK|WEN|WING|YUM,CAKE|DNUT|DRI|MCD|PZZA|QSR|SHAK|WEN|WING|YUM
DQ,9,6,-1.44,22.54,-15.97,4.66,-3.91,-4.04,2.47,26.58,13.104999999999999,1.0,AY|CSIQ|ENPH|FSLR|JKS|MAXN|NOVA|RUN|SEDG,CSIQ|ENPH|FSLR|JKS|RUN|SEDG
DRCT,10,10,-9.09,-6.37,-28.57,-4.58,-2.595,11.66,-6.494999999999999,-18.03,-56.855,0.1,APPS|CRTO|FLNT|IZEA|MCHX|MGNI|PERI|PUBM|QNST|TTD,APPS|CRTO|FLNT|IZEA|MCHX|MGNI|PERI|PUBM|QNST|TTD
DRD,10,10,23.21,35.09,9.82,5.21,13.89,34.8,9.32,0.29000000000000625,-6.545000000000002,1.0,AEM|AU|B|BTG|EQX|GFI|HMY|IAG|KGC|NEM,AEM|AU|B|BTG|EQX|GFI|HMY|IAG|KGC|NEM
DRDB,0,0,-0.19,0.38,0.76,0.0,,,,,,,,
DRH,10,10,3.54,-1.36,18.26,0.04,1.995,-5.105,1.545,3.745,8.250000000000002,0.7,APLE|CUBE|HST|INVH|PEB|PK|RLJ|SHO|SVC|XHR,APLE|CUBE|HST|INVH|PEB|PK|RLJ|SHO|SVC|XHR
DRI,8,7,-1.19,13.88,11.95,-0.49,-4.09,21.74,2.9,-7.859999999999998,-33.09,1.0,BJRI|BLMN|CAKE|DENN|DIN|EAT|RRGB|TXRH,BJRI|BLMN|CAKE|DIN|EAT|RRGB|TXRH
DRIO,10,10,2.2,-5.17,-6.36,4.63,-0.45999999999999996,14.27,2.66,-19.439999999999998,-21.305,0.8,ABT|BSX|DXCM|LIVN|MDT|PODD|QDEL|RMD|SYK|TNDM,ABT|BSX|DXCM|LIVN|MDT|PODD|QDEL|RMD|SYK|TNDM
DRMA,10,10,-8.28,14.29,15.2,-2.04,4.4,11.620000000000001,-12.68,2.669999999999998,-5.66,0.0,ALNY|AMGN|BIIB|BMRN|GILD|IONS|LLY|REGN|VRTX|ZTS,ALNY|AMGN|BIIB|BMRN|GILD|IONS|LLY|REGN|VRTX|ZTS
DRS,10,10,-7.64,-10.03,-7.3,-2.95,-4.145,4.3549999999999995,-3.495,-14.384999999999998,-4.54,0.0,BA|CW|GD|HII|HON|LHX|LMT|NOC|RTX|TXT,BA|CW|GD|HII|HON|LHX|LMT|NOC|RTX|TXT
DRTS,10,10,-0.38,11.03,29.2,-0.17,4.695,17.975,-5.075,-6.945000000000002,-10.614999999999998,0.2,A|BIO|CDNA|FATE|ILMN|IQV|ONC|RDY|TECH|TMO,A|BIO|CDNA|FATE|ILMN|IQV|ONC|RDY|TECH|TMO
DRUG,9,8,1.62,5.04,-4.25,-6.46,2.645,2.58,-1.025,2.46,-32.225,0.25,ATAI|CMPS|CYPH|DFTX|GHRS|HELP|NBIX|RLMD|SAGE,ATAI|CMPS|CYPH|DFTX|GHRS|HELP|NBIX|RLMD
DRVN,10,10,2.58,-6.64,1.55,-0.29,-1.885,0.675,4.465,-7.3149999999999995,-11.155000000000001,1.0,AAP|ABG|AN|AZO|GPC|KMX|LAD|MUSA|ORLY|PAG,AAP|ABG|AN|AZO|GPC|KMX|LAD|MUSA|ORLY|PAG
DSGN,10,9,8.72,32.81,40.95,-1.85,7.67,15.93,1.0500000000000007,16.880000000000003,18.070000000000004,0.5555555555555556,BEAM|BNTX|CRSP|EDIT|MRNA|NTLA|PFE|REGN|SGMO|VRTX,BEAM|BNTX|CRSP|EDIT|MRNA|NTLA|PFE|REGN|VRTX
DSGR,10,9,-0.29,0.72,27.89,0.06,-2.64,-1.88,2.35,2.5999999999999996,22.02,0.8888888888888888,AIT|BECN|DXPE|FAST|GWW|MSM|POOL|RLGT|TITN|WCC,AIT|DXPE|FAST|GWW|MSM|POOL|RLGT|TITN|WCC
DSGX,10,10,-0.54,12.81,5.95,-0.97,1.125,27.4,-1.665,-14.589999999999998,-11.84,0.4,ADBE|CRM|INTU|MSFT|NOW|ORCL|SAP|SNOW|TEAM|WDAY,ADBE|CRM|INTU|MSFT|NOW|ORCL|SAP|SNOW|TEAM|WDAY
DSP,10,10,-4.11,12.84,13.66,-1.14,-0.95,19.665,-3.16,-6.824999999999999,-10.715,0.3,CXM|DV|FROG|HUBS|MGNI|PERI|PUBM|ROKU|SAP|TTD,CXM|DV|FROG|HUBS|MGNI|PERI|PUBM|ROKU|SAP|TTD
DSS,10,10,9.08,-7.79,11.1,4.94,-1.045,24.105,10.125,-31.895,6.494999999999999,1.0,ACN|ADBE|CRM|DOCU|GOOGL|IBM|INTU|MSFT|ORCL|VRSN,ACN|ADBE|CRM|DOCU|GOOGL|IBM|INTU|MSFT|ORCL|VRSN
DSWL,10,9,-0.48,-14.23,0.74,0.81,-8.44,-3.0,7.959999999999999,-11.23,16.79,0.8888888888888888,AAPL|ERIC|FLEX|JBL|JNPR|LOGI|NOK|PKE|SANM|TTMI,AAPL|ERIC|FLEX|JBL|LOGI|NOK|PKE|SANM|TTMI
DSX,10,10,7.69,20.91,-1.12,0.38,5.734999999999999,12.36,1.955000000000001,8.55,-13.580000000000002,0.9,ASC|CMRE|DAC|FRO|GNK|GOGL|INSW|NMM|SBLK|STNG,ASC|CMRE|DAC|FRO|GNK|GOGL|INSW|NMM|SBLK|STNG
DSY,10,10,-3.42,33.59,114.3,7.43,0.4,24.105,-3.82,9.485000000000003,107.795,0.1,ADBE|AMZN|CRM|GOOGL|IBM|INTU|MSFT|NOW|ORCL|SAP,ADBE|AMZN|CRM|GOOGL|IBM|INTU|MSFT|NOW|ORCL|SAP
DT,10,10,-2.21,20.0,24.48,0.06,-5.725,22.125,3.5149999999999997,-2.125,-7.169999999999998,0.7,APPN|DDOG|FROG|MDB|NET|NOW|OKTA|SNOW|TEAM|ZS,APPN|DDOG|FROG|MDB|NET|NOW|OKTA|SNOW|TEAM|ZS
DTCX,0,0,5.21,6.32,-3.81,-1.94,,,,,,,,
DTE,10,10,0.01,-6.06,-2.26,0.29,0.34500000000000003,-3.385,-0.335,-2.675,-2.235,0.4,AEP|DUK|ED|EIX|ES|EXC|NEE|PEG|SO|XEL,AEP|DUK|ED|EIX|ES|EXC|NEE|PEG|SO|XEL
DTI,10,10,5.28,14.1,-11.6,1.57,0.13,5.154999999999999,5.15,8.945,-5.93,0.9,BKR|BOOM|CLB|FTI|HAL|NBR|NOV|OIS|RES|SLB,BKR|BOOM|CLB|FTI|HAL|NBR|NOV|OIS|RES|SLB
DTIL,10,7,26.31,25.96,28.42,8.47,6.62,14.93,19.689999999999998,11.030000000000001,17.310000000000002,1.0,ADAP|ALLO|BLUE|CLLS|CRSP|EDIT|IBRX|NTLA|SGMO|VRTX,ALLO|CLLS|CRSP|EDIT|IBRX|NTLA|VRTX
DTM,10,10,-2.85,-8.71,-11.97,-1.18,1.225,-0.805,-4.075,-7.905000000000001,-14.815000000000001,0.0,AM|ENB|EPD|ET|KMI|MPLX|OKE|PAA|TRGP|WMB,AM|ENB|EPD|ET|KMI|MPLX|OKE|PAA|TRGP|WMB
DTSQ,0,0,0.71,-0.09,0.53,0.04,,,,,,,,
DTSS,10,9,0.18,-6.07,-9.67,1.44,-7.86,3.04,8.040000000000001,-9.11,-28.229999999999997,1.0,ANET|CHKP|CRWD|CSCO|FTNT|JNPR|PANW|QLYS|VRNS|ZS,ANET|CHKP|CRWD|CSCO|FTNT|PANW|QLYS|VRNS|ZS
DTST,10,10,-15.08,-8.71,-24.57,-1.3,-4.385,11.555,-10.695,-20.265,-38.57,0.0,AMZN|CSCO|DELL|HPE|IBM|MSFT|NTAP|ORCL|STX|WDAY,AMZN|CSCO|DELL|HPE|IBM|MSFT|NTAP|ORCL|STX|WDAY
DUK,10,10,-0.38,-3.07,0.17,0.33,0.5800000000000001,-3.23,-0.9600000000000001,0.16000000000000014,-0.87,0.3,AEP|D|ED|EIX|ES|EXC|NEE|PCG|SO|XEL,AEP|D|ED|EIX|ES|EXC|NEE|PCG|SO|XEL
DUO,10,7,2.98,3.63,-46.18,-3.28,-1.47,11.29,4.45,-7.659999999999999,-46.37,0.8571428571428571,COMP|CVNA|EXPI|HOUS|OPEN|RDFN|REZI|RMAX|Z|ZG,COMP|CVNA|OPEN|REZI|RMAX|Z|ZG
DUOL,10,10,1.37,22.23,36.75,0.03,-1.245,3.085,2.615,19.145,37.825,0.7,ATAI|CHGG|CHNR|DAO|EDU|LRN|STG|TAL|UTI|YQ,ATAI|CHGG|CHNR|DAO|EDU|LRN|STG|TAL|UTI|YQ
DUOT,10,9,10.26,25.85,14.54,-4.0,-8.56,5.79,18.82,20.060000000000002,9.239999999999998,1.0,ANET|CSCO|FFIV|HPE|IBM|JNPR|MSFT|NTCT|ORCL|PANW,ANET|CSCO|FFIV|HPE|IBM|MSFT|NTCT|ORCL|PANW
DV,10,10,0.1,22.25,41.93,0.18,-4.295,8.285,4.395,13.965,33.25,0.8,APPS|CNEY|FUBO|LOGI|MGNI|PERI|PUBM|RAMP|TTD|ZETA,APPS|CNEY|FUBO|LOGI|MGNI|PERI|PUBM|RAMP|TTD|ZETA
DVA,8,7,-1.68,-24.09,-10.52,-0.63,0.17,16.28,-1.8499999999999999,-40.370000000000005,-37.09,0.2857142857142857,AMED|BAX|DNLI|DXCM|FMS|MMSI|OMCL|UHS,BAX|DNLI|DXCM|FMS|MMSI|OMCL|UHS
DVLT,10,10,-11.11,-23.69,-34.41,-2.77,-5.65,-7.630000000000001,-5.459999999999999,-16.060000000000002,-20.144999999999996,0.3,AMKR|AVGO|MPWR|NXPI|ON|PI|QCOM|SLAB|SWKS|XMTR,AMKR|AVGO|MPWR|NXPI|ON|PI|QCOM|SLAB|SWKS|XMTR
DVN,8,6,11.43,10.22,2.07,2.63,7.975,8.52,3.455,1.700000000000001,-5.960000000000001,0.8333333333333334,APA|COP|EOG|FANG|HES|MRO|OXY|XOM,APA|COP|EOG|FANG|OXY|XOM
DWSN,10,10,-41.23,-45.08,-36.94,-5.63,0.82,6.640000000000001,-42.05,-51.72,-29.555,0.0,BKR|CLB|HAL|OIS|PTEN|PUMP|RES|SLB|TDW|WFRD,BKR|CLB|HAL|OIS|PTEN|PUMP|RES|SLB|TDW|WFRD
DWTX,10,9,16.11,57.47,24.95,-0.48,2.81,-2.62,13.299999999999999,60.089999999999996,30.73,1.0,ANIP|ATNM|AZN|IRWD|NBIX|PRTA|RARE|RDHL|SAGE|XENE,ANIP|ATNM|AZN|IRWD|NBIX|PRTA|RARE|RDHL|XENE
DX,10,10,1.34,1.89,2.53,-1.01,-1.02,-0.595,2.3600000000000003,2.485,7.09,1.0,ADAM|AGNC|ARR|CIM|EARN|IVR|MITT|NLY|PMT|TWO,ADAM|AGNC|ARR|CIM|EARN|IVR|MITT|NLY|PMT|TWO
DXC,10,10,-3.26,15.14,19.07,-0.14,0.425,20.025,-3.6849999999999996,-4.884999999999998,4.120000000000001,0.2,ACN|CTSH|EPAM|FFIV|GIB|HPE|IBM|IT|LDOS|SAIC,ACN|CTSH|EPAM|FFIV|GIB|HPE|IBM|IT|LDOS|SAIC
DXCM,10,10,-1.16,26.59,26.57,0.58,1.5150000000000001,14.27,-2.675,12.32,14.969999999999999,0.3,ABT|BSX|GMED|MDT|PODD|SENS|SYK|TDOC|TNDM|ZBH,ABT|BSX|GMED|MDT|PODD|SENS|SYK|TDOC|TNDM|ZBH
DXF,10,10,-4.4,-9.16,-54.96,1.4,-3.4850000000000003,-7.904999999999999,-0.915,-1.2550000000000008,-46.14,0.4,BRSL|FINV|FUTU|HTT|HUYA|IQ|LX|QFIN|TME|YRD,BRSL|FINV|FUTU|HTT|HUYA|IQ|LX|QFIN|TME|YRD
DXLG,9,8,3.14,-0.7,-12.36,0.08,-5.915,-5.38,9.055,4.68,-22.13,1.0,ANF|BBY|BURL|JWN|KSS|M|ROST|TJX|URBN,ANF|BBY|BURL|KSS|M|ROST|TJX|URBN
DXPE,10,8,-4.29,7.1,26.01,-3.49,-3.6500000000000004,-2.15,-0.6399999999999997,9.25,18.240000000000002,0.5,AIT|ALK|BECN|BXC|FAST|GWW|MSM|RYI|TITN|WCC,AIT|ALK|BXC|FAST|GWW|MSM|TITN|WCC
DXR,10,10,-1.44,-4.25,-9.69,-0.49,5.640000000000001,17.525,-7.08,-21.775,-39.105,0.1,A|BIO|BRKR|DHR|ILMN|MMI|QDEL|TMO|TRIB|VRTX,A|BIO|BRKR|DHR|ILMN|MMI|QDEL|TMO|TRIB|VRTX
DXST,0,0,-1.15,9.79,48.28,0.39,,,,,,,,
DXYZ,0,0,2.88,29.85,-32.43,-1.76,,,,,,,,
DY,10,10,-3.11,-8.63,-3.9,-1.51,-2.13,2.76,-0.98,-11.39,2.53,0.4,AYI|EME|FIX|FLR|J|KBR|MTZ|MYRG|PRIM|PWR,AYI|EME|FIX|FLR|J|KBR|MTZ|MYRG|PRIM|PWR
DYAI,10,10,-5.3,-43.9,-1.13,-1.3,5.18,12.085,-10.48,-55.985,-23.25,0.0,AMGN|BIIB|EXEL|GILD|ILMN|INCY|NBIX|NKTR|REGN|VRTX,AMGN|BIIB|EXEL|GILD|ILMN|INCY|NBIX|NKTR|REGN|VRTX
DYN,10,9,0.81,12.75,49.03,-2.3,4.27,14.93,-3.4599999999999995,-2.1799999999999997,32.07,0.2222222222222222,ALNY|BIIB|BLUE|BMRN|CRSP|EDIT|NTLA|RARE|SRPT|VRTX,ALNY|BIIB|BMRN|CRSP|EDIT|NTLA|RARE|SRPT|VRTX
DYOR,0,0,0.1,0.32,0.94,0.1,,,,,,,,
E,10,8,5.24,12.86,5.97,3.0,5.765000000000001,8.635,-0.5250000000000004,4.225,-2.490000000000001,0.25,BP|COP|CVX|HES|KMI|MRO|OXY|PSX|VLO|XOM,BP|COP|CVX|KMI|OXY|PSX|VLO|XOM
EAF,10,8,-14.75,-2.48,-22.51,-5.39,-8.870000000000001,5.51,-5.879999999999999,-7.99,-30.025000000000002,0.0,ATI|CLF|CMC|MT|NUE|RS|RYI|STLD|TX|X,ATI|CLF|CMC|MT|NUE|RS|STLD|TX
EARN,10,10,-0.45,1.61,-7.92,0.23,0.020000000000000004,-0.37,-0.47000000000000003,1.98,-3.3599999999999994,0.3,AGNC|CHMI|DX|IVR|MITT|ORC|PMT|RPT|RWT|TWO,AGNC|CHMI|DX|IVR|MITT|ORC|PMT|RPT|RWT|TWO
EAT,9,9,-3.36,23.16,75.79,-1.23,-4.09,13.88,0.73,9.28,60.550000000000004,0.6666666666666666,BJRI|BLMN|CAKE|DIN|DRI|PLAY|RRGB|SHAK|TXRH,BJRI|BLMN|CAKE|DIN|DRI|PLAY|RRGB|SHAK|TXRH
EBAY,8,8,-0.3,-6.03,-12.35,1.57,0.145,5.98,-0.44499999999999995,-12.010000000000002,-19.175,0.5,AMZN|BABA|ETSY|JD|MELI|PDD|RVLV|SHOP,AMZN|BABA|ETSY|JD|MELI|PDD|RVLV|SHOP
EBC,10,10,-3.35,0.7,14.58,-1.21,-4.055,-2.145,0.7049999999999996,2.8449999999999998,2.8100000000000005,0.8,BAC|C|CFG|FITB|JPM|PNC|RF|TFC|USB|WFC,BAC|C|CFG|FITB|JPM|PNC|RF|TFC|USB|WFC
EBF,10,8,0.83,4.62,11.31,-0.39,-2.11,4.515000000000001,2.94,0.10499999999999954,-4.860000000000001,0.75,AVY|BRC|DCI|GPK|HI|MYE|OI|PKG|SEE|SON,AVY|BRC|DCI|GPK|MYE|OI|PKG|SON
EBMT,10,10,-4.7,-1.17,2.59,-0.69,-4.3149999999999995,-1.19,-0.3850000000000007,0.020000000000000018,-5.42,0.3,BOH|COLB|FFIN|HOMB|HOPE|ONB|PB|SFNC|TCBK|WSBC,BOH|COLB|FFIN|HOMB|HOPE|ONB|PB|SFNC|TCBK|WSBC
EBON,10,8,2.58,-1.49,-3.86,-4.33,6.765000000000001,-5.12,-4.1850000000000005,3.63,16.42,0.125,ARBK|BITF|BKKT|BTBT|CAN|HIVE|HUT|MARA|RIOT|SDIG,ARBK|BKKT|BTBT|CAN|HIVE|HUT|MARA|RIOT
EBS,10,7,2.24,-39.44,-43.67,-6.12,3.75,8.57,-1.5099999999999998,-48.01,-46.660000000000004,0.2857142857142857,ADMA|DVAX|HEPA|INBX|MRNA|NVAX|OCGN|SNY|VXRT|XERS,ADMA|INBX|MRNA|NVAX|OCGN|SNY|XERS
EC,10,9,4.35,7.61,30.9,0.4,6.25,11.81,-1.9000000000000004,-4.2,20.18,0.2222222222222222,APA|COP|CVX|EOG|HES|MPC|OXY|PSX|VLO|XOM,APA|COP|CVX|EOG|MPC|OXY|PSX|VLO|XOM
ECBK,10,10,-2.11,2.77,12.82,-1.31,-4.53,-1.255,2.4200000000000004,4.025,3.870000000000001,0.8,CHCO|CIVB|EVF|FUNC|HBNC|LSBK|MBIN|ONB|PLBC|SMBC,CHCO|CIVB|EVF|FUNC|HBNC|LSBK|MBIN|ONB|PLBC|SMBC
ECG,0,0,-8.44,-8.12,-15.36,-2.82,,,,,,,,
ECL,10,10,3.16,6.78,14.62,-0.22,0.225,7.62,2.935,-0.8399999999999999,1.6449999999999978,0.9,APD|CLX|DHR|EMN|FUL|IFF|MMM|PPG|SHW|WAT,APD|CLX|DHR|EMN|FUL|IFF|MMM|PPG|SHW|WAT
ECO,10,10,0.49,13.75,13.15,-0.01,5.895,12.875,-5.404999999999999,0.875,2.6050000000000004,0.0,ASC|DHT|FRO|INSW|LPG|MATX|NAT|STNG|TK|TNK,ASC|DHT|FRO|INSW|LPG|MATX|NAT|STNG|TK|TNK
ECOR,10,10,2.63,61.15,66.41,-5.63,5.015000000000001,7.960000000000001,-2.3850000000000007,53.19,53.385,0.1,ABBV|AZN|BMY|CVS|GILD|GSK|JNJ|LLY|MRK|PFE,ABBV|AZN|BMY|CVS|GILD|GSK|JNJ|LLY|MRK|PFE
ECPG,10,8,-5.49,8.53,18.71,-5.46,-4.0649999999999995,1.685,-1.4250000000000007,6.844999999999999,7.440000000000001,0.125,ALLY|AXP|BAC|C|COF|DFS|JPM|LC|PRAA|SYF,ALLY|AXP|BAC|C|COF|JPM|PRAA|SYF
ECVT,10,10,2.83,-19.9,-25.86,-0.77,-1.315,6.79,4.145,-26.689999999999998,-39.019999999999996,0.9,ASH|CBT|FUL|IOSP|KWR|LOOP|NEU|NGVT|SCL|TROX,ASH|CBT|FUL|IOSP|KWR|LOOP|NEU|NGVT|SCL|TROX
ECX,10,8,3.26,9.9,14.78,-0.89,1.055,-7.3,2.205,17.2,32.94,0.75,BINI|FFAI|GOEV|LCID|LI|NIO|RIVN|TSLA|WKHS|XPEV,FFAI|LCID|LI|NIO|RIVN|TSLA|WKHS|XPEV
ED,10,10,0.56,-2.76,2.54,0.92,-0.375,-4.0600000000000005,0.935,1.3000000000000007,3.3,0.7,AEP|D|DUK|EXC|NEE|PEG|PPL|SO|SRE|XEL,AEP|D|DUK|EXC|NEE|PEG|PPL|SO|SRE|XEL
EDBL,10,10,-8.19,-55.82,-87.7,0.21,-4.32,-0.355,-3.869999999999999,-55.465,-85.155,0.3,APD|BE|BLDP|FCEL|GRWG|HYFM|PLUG|RYM|SMG|VFF,APD|BE|BLDP|FCEL|GRWG|HYFM|PLUG|RYM|SMG|VFF
EDHL,0,0,0.76,4.99,83.49,1.78,,,,,,,,
EDIT,10,6,13.7,14.93,22.88,-1.69,6.6,16.740000000000002,7.1,-1.8100000000000023,14.725,1.0,BEAM|BLUE|CLLS|CRSP|NTLA|PSTX|QURE|RARE|SGMO|VERV,BEAM|CLLS|CRSP|NTLA|QURE|RARE
EDN,10,10,-5.51,-17.57,-7.68,0.94,0.015,-3.385,-5.5249999999999995,-14.185,-7.715,0.0,AEP|AES|DUK|ED|EIX|EXC|PCG|PEG|PNW|SO,AEP|AES|DUK|ED|EIX|EXC|PCG|PEG|PNW|SO
EDRY,10,10,12.34,75.46,104.91,0.28,4.79,12.9,7.55,62.559999999999995,92.44999999999999,1.0,DAC|DSX|ESEA|GLBS|GNK|GOGL|NMM|SB|SBLK|SHIP,DAC|DSX|ESEA|GLBS|GNK|GOGL|NMM|SB|SBLK|SHIP
EDSA,10,10,6.81,2.11,-46.94,0.87,5.015000000000001,12.719999999999999,1.794999999999999,-10.61,-64.845,0.8,AZN|BIIB|BNTX|GILD|JNJ|MRNA|NVAX|PFE|REGN|VRTX,AZN|BIIB|BNTX|GILD|JNJ|MRNA|NVAX|PFE|REGN|VRTX
EDTK,10,10,7.47,0.12,-4.89,0.91,-0.665,4.89,8.135,-4.77,0.6749999999999998,1.0,ATAI|CHGG|COUR|EDU|IREN|LOPE|LRN|PRDO|TAL|UTI,ATAI|CHGG|COUR|EDU|IREN|LOPE|LRN|PRDO|TAL|UTI
EDU,9,9,5.22,13.11,10.25,-3.2,-0.99,0.9,6.21,12.209999999999999,15.34,0.8888888888888888,AIHS|ATAI|CHGG|FEDU|GOTU|LRN|PRDO|TAL|UTI,AIHS|ATAI|CHGG|FEDU|GOTU|LRN|PRDO|TAL|UTI
EDUC,10,9,-2.17,-6.9,-6.25,-2.17,0.02,6.92,-2.19,-13.82,-2.58,0.3333333333333333,ATGE|CHGG|EDU|LAUR|LINC|LOPE|PRDO|STRA|TAL|UTI,CHGG|EDU|LAUR|LINC|LOPE|PRDO|STRA|TAL|UTI
EE,9,9,11.07,-0.03,10.97,3.67,3.1,3.95,7.970000000000001,-3.98,12.870000000000001,1.0,DLNG|EPD|FLNG|GLNG|HESM|KMI|LNG|LPG|NEXT,DLNG|EPD|FLNG|GLNG|HESM|KMI|LNG|LPG|NEXT
EEFT,10,10,-5.43,-10.14,3.57,2.3,-0.8049999999999999,6.545,-4.625,-16.685000000000002,-10.850000000000001,0.1,ADP|AXP|FIS|GPN|JKHY|MA|PYPL|V|WU|XYZ,ADP|AXP|FIS|GPN|JKHY|MA|PYPL|V|WU|XYZ
EEIQ,10,9,14.1,21.98,0.71,2.17,-1.5,-2.14,15.6,24.12,9.170000000000002,1.0,APEI|ATGE|CHGG|GHC|LINC|LOPE|LRN|PRDO|STRA|UTI,APEI|CHGG|GHC|LINC|LOPE|LRN|PRDO|STRA|UTI
EFC,10,10,-0.95,0.74,0.37,-1.17,-0.25,-0.595,-0.7,1.335,2.865,0.4,AGNC|ARR|CHMI|CIM|DX|IVR|MFA|NLY|RWT|TWO,AGNC|ARR|CHMI|CIM|DX|IVR|MFA|NLY|RWT|TWO
EFOI,10,9,-7.33,-2.8,-22.78,2.21,-4.23,2.92,-3.0999999999999996,-5.72,-26.25,0.1111111111111111,AYI|ETN|GE|HUBB|JNPR|LPL|MMM|OLED|PHG|PLUG,AYI|ETN|GE|HUBB|LPL|MMM|OLED|PHG|PLUG
EFSC,10,9,-4.45,-3.33,5.07,-0.15,-4.32,-1.99,-0.1299999999999999,-1.34,-3.26,0.3333333333333333,ASB|CMA|FNB|FULT|FVCB|GBCI|HOMB|ONB|SFNC|WAL,ASB|FNB|FULT|FVCB|GBCI|HOMB|ONB|SFNC|WAL
EFSI,0,0,-2.64,2.05,12.96,-0.15,,,,,,,,
EFX,8,7,5.35,14.7,18.59,1.79,1.79,0.38,3.5599999999999996,14.319999999999999,13.649999999999999,0.8571428571428571,DNB|FICO|INFO|MOOD|MSCI|SPGI|TRU|VRSK,FICO|INFO|MOOD|MSCI|SPGI|TRU|VRSK
EFXT,10,10,-5.24,-14.19,-26.65,-1.05,-0.27,6.234999999999999,-4.970000000000001,-20.424999999999997,-21.744999999999997,0.2,BKR|BOOM|FTI|HAL|INVX|NOV|OIS|RES|SLB|WHD,BKR|BOOM|FTI|HAL|INVX|NOV|OIS|RES|SLB|WHD
EG,9,9,0.98,-0.92,3.13,1.57,-0.59,0.75,1.5699999999999998,-1.67,-7.409999999999999,0.6666666666666666,AJG|ALL|AON|AXP|CB|CINF|MRSH|PGR|TRV,AJG|ALL|AON|AXP|CB|CINF|MRSH|PGR|TRV
EGAN,10,10,-3.2,13.06,3.86,-0.68,-1.42,33.114999999999995,-1.7800000000000002,-20.054999999999993,-18.905,0.2,CRM|DOCU|FIVN|GEN|HUBS|NICE|NOW|RNG|SAP|TEAM,CRM|DOCU|FIVN|GEN|HUBS|NICE|NOW|RNG|SAP|TEAM
EGBN,10,9,-4.48,2.04,6.55,-0.47,-4.73,-0.5,0.25,2.54,-0.10000000000000053,0.5555555555555556,AMAL|CNOB|CUBI|HNVR|MCHB|NBN|OPOF|SBSI|SSBI|WSBC,AMAL|CNOB|CUBI|HNVR|MCHB|NBN|SBSI|SSBI|WSBC
EGG,0,0,-5.16,-58.53,-67.33,-4.85,,,,,,,,
EGHA,0,0,0.09,0.1,0.19,0.0,,,,,,,,
EGHT,10,10,-3.33,19.06,-10.18,-3.33,-2.7800000000000002,12.42,-0.5499999999999998,6.639999999999999,-13.875,0.1,BAND|CSCO|EGAN|FIVN|GOOGL|MSFT|RNG|T|VZ|ZM,BAND|CSCO|EGAN|FIVN|GOOGL|MSFT|RNG|T|VZ|ZM
EGO,10,10,9.96,31.72,32.18,1.27,13.025,33.47,-3.0649999999999995,-1.75,14.485,0.2,AEM|AU|B|BTG|HMY|IAG|KGC|NEM|PAAS|SSRM,AEM|AU|B|BTG|HMY|IAG|KGC|NEM|PAAS|SSRM
EGP,10,10,-1.2,-6.35,-1.19,0.14,-0.53,-5.21,-0.6699999999999999,-1.1399999999999997,-1.775,0.3,EPRT|FR|GOOD|ILPT|LXP|MNR|PLD|REXR|STAG|TRNO,EPRT|FR|GOOD|ILPT|LXP|MNR|PLD|REXR|STAG|TRNO
EGY,10,8,7.82,7.82,3.41,2.36,10.155000000000001,9.075,-2.335000000000001,-1.254999999999999,-1.755,0.375,APA|CRK|DVN|FANG|HES|MRO|MUR|NOG|OXY|SM,APA|CRK|DVN|FANG|MUR|NOG|OXY|SM
EH,10,9,-6.6,4.01,-41.26,-5.47,-3.59,4.85,-3.01,-0.8399999999999999,-41.55,0.1111111111111111,AVAV|BA|GD|HON|LMT|NOC|RTX|SPR|TDG|TXT,AVAV|BA|GD|HON|LMT|NOC|RTX|TDG|TXT
EHC,10,8,-1.01,10.16,15.39,0.46,-0.23999999999999994,7.754999999999999,-0.77,2.405000000000001,6.055,0.5,ACHC|ADUS|AMED|BKD|CHE|CYH|HCA|SEM|THC|UHS,ACHC|ADUS|BKD|CHE|CYH|HCA|THC|UHS
EHGO,10,10,-30.76,-28.4,-18.7,4.15,-1.7850000000000001,2.9050000000000002,-28.975,-31.305,-9.07,0.0,AAPL|AMZN|CRM|GOOGL|INTC|META|MSFT|NFLX|ORCL|TSLA,AAPL|AMZN|CRM|GOOGL|INTC|META|MSFT|NFLX|ORCL|TSLA
EHLD,0,0,1.73,22.25,15.61,2.56,,,,,,,,
EHTH,10,9,1.65,-12.77,-27.22,-0.81,-2.15,-3.03,3.8,-9.74,-37.36,1.0,AMED|CI|CLOV|CNC|GDDY|HCA|HUM|MCK|MOH|UNH,CI|CLOV|CNC|GDDY|HCA|HUM|MCK|MOH|UNH
EIG,10,10,-1.08,-2.86,9.88,0.18,-0.8,-2.1350000000000002,-0.28,-0.7249999999999996,7.0600000000000005,0.3,ACGL|AFG|AIG|ALL|CB|CINF|HIG|MKL|TRV|WRB,ACGL|AFG|AIG|ALL|CB|CINF|HIG|MKL|TRV|WRB
EIX,10,10,6.2,-6.62,7.63,2.15,0.07,-3.385,6.13,-3.2350000000000003,8.39,1.0,AEP|DTE|DUK|ED|EXC|NEE|PCG|PNW|SO|XEL,AEP|DTE|DUK|ED|EXC|NEE|PCG|PNW|SO|XEL
EJH,10,8,-13.07,-31.8,-15.83,-15.83,0.41000000000000003,8.530000000000001,-13.48,-40.33,-50.065,0.0,AEG|BGSF|DLHC|HQI|HSII|KFY|MAN|RHI|STAF|TBI,AEG|BGSF|DLHC|HQI|KFY|MAN|RHI|TBI
EL,6,6,12.09,18.45,25.16,-0.14,-1.2,3.37,13.29,15.079999999999998,9.545000000000002,1.0,CHD|COTY|OMC|PG|SBH|UL,CHD|COTY|OMC|PG|SBH|UL
ELA,10,10,-9.95,-31.72,-39.47,-3.01,14.100000000000001,32.644999999999996,-24.05,-64.365,-54.855,0.0,AEM|AG|B|CDE|GFI|HL|KGC|NEM|PAAS|WPM,AEM|AG|B|CDE|GFI|HL|KGC|NEM|PAAS|WPM
ELAB,10,10,-30.0,-38.47,-63.93,11.21,5.025,12.719999999999999,-35.025,-51.19,-88.855,0.0,ABBV|AMGN|BMY|GILD|JNJ|LLY|MRK|PFE|REGN|VRTX,ABBV|AMGN|BMY|GILD|JNJ|LLY|MRK|PFE|REGN|VRTX
ELAN,9,8,6.0,-5.84,14.44,-2.59,3.465,7.34,2.535,-13.18,12.29,0.75,ABT|BIIB|IDXX|MRK|PETS|RDFN|SNY|VET|ZTS,ABT|BIIB|IDXX|MRK|PETS|SNY|VET|ZTS
ELBM,10,9,5.52,13.89,3.07,2.54,-2.88,1.65,8.399999999999999,12.24,17.88,0.7777777777777778,ALB|CBAT|ENS|FMC|GSAT|JCI|LAC|PLL|SGML|SLI,ALB|CBAT|ENS|FMC|GSAT|JCI|LAC|SGML|SLI
ELDN,10,10,-6.84,-7.34,-10.24,-2.9,4.4,12.940000000000001,-11.24,-20.28,-38.495000000000005,0.0,ALNY|AMGN|BIIB|BMRN|GILD|ILMN|INCY|NBIX|REGN|VRTX,ALNY|AMGN|BIIB|BMRN|GILD|ILMN|INCY|NBIX|REGN|VRTX
ELE,0,0,7.6,39.06,32.7,-0.64,,,,,,,,
ELF,10,9,8.22,26.05,96.4,-0.04,-0.89,4.03,9.110000000000001,22.02,73.74000000000001,1.0,COTY|ENR|HELE|ICLR|IPAR|LCUT|NUS|REVG|SBH|ULTA,COTY|ENR|HELE|ICLR|IPAR|LCUT|NUS|SBH|ULTA
ELLO,9,8,-4.26,-0.62,-15.96,-1.38,-4.8149999999999995,-7.71,0.5549999999999997,7.09,-2.0650000000000013,0.5,AY|BEP|CWEN|ENPH|FCEL|ORA|RUN|SEDG|XIFR,BEP|CWEN|ENPH|FCEL|ORA|RUN|SEDG|XIFR
ELMD,10,8,-5.66,1.55,6.34,-1.81,-0.845,8.515,-4.815,-6.965000000000001,6.42,0.125,ALGN|BAX|BSX|HOLX|IDXX|MASI|MDT|NVCR|PEN|PODD,ALGN|BAX|BSX|IDXX|MDT|NVCR|PEN|PODD
ELME,10,9,0.0,8.72,-19.8,0.0,-0.14,-0.9,0.14,9.620000000000001,-21.92,0.6666666666666666,AIV|AVB|COLD|CPT|EQR|ESS|HPP|IRT|MAA|UDR,AIV|AVB|COLD|CPT|ESS|HPP|IRT|MAA|UDR
ELOG,0,0,-6.1,-3.14,-8.33,-0.9,,,,,,,,
ELPW,0,0,-7.33,-66.9,-91.21,-6.67,,,,,,,,
ELS,10,9,1.42,0.69,4.64,0.31,0.18,-0.76,1.24,1.45,2.5199999999999996,0.7777777777777778,AIV|AMH|AVB|CPT|EQR|ESS|INVH|MAA|SUI|UDR,AIV|AMH|AVB|CPT|ESS|INVH|MAA|SUI|UDR
ELTK,10,10,-1.06,-11.29,6.46,0.96,-11.03,-7.664999999999999,9.969999999999999,-3.625,15.265,1.0,AEIS|AMAT|COHR|FORM|LRCX|MKSI|ONTO|PLAB|UCTT|VECO,AEIS|AMAT|COHR|FORM|LRCX|MKSI|ONTO|PLAB|UCTT|VECO
ELTX,10,9,-1.27,-0.32,-68.81,-0.96,9.53,20.36,-10.799999999999999,-20.68,-90.61,0.0,ALVR|BMRN|BNTX|CLLS|CRSP|INO|MRNA|NTLA|NVAX|PGEN,BMRN|BNTX|CLLS|CRSP|INO|MRNA|NTLA|NVAX|PGEN
ELUT,10,9,5.78,-2.36,-22.88,-1.43,-0.85,14.29,6.63,-16.65,-37.26,1.0,ABT|ATEC|AXNX|BSX|EW|ISRG|MDT|SYK|TMDX|ZBH,ABT|ATEC|BSX|EW|ISRG|MDT|SYK|TMDX|ZBH
ELV,7,7,-0.25,2.09,0.26,-0.35,-1.15,-3.03,0.8999999999999999,5.119999999999999,-2.3499999999999996,0.8571428571428571,CI|CNC|HCA|HUM|MOH|TEN|UNH,CI|CNC|HCA|HUM|MOH|TEN|UNH
ELVA,10,8,-9.22,-24.2,-32.38,-5.87,-5.835,-5.04,-3.3850000000000007,-19.16,-8.220000000000002,0.25,ALB|BLDP|ENS|FCEL|NVVE|PLL|PLUG|QS|SBEV|SLDP,ALB|BLDP|ENS|FCEL|PLUG|QS|SBEV|SLDP
ELVN,10,10,-0.64,9.16,37.81,-2.82,4.585,11.149999999999999,-5.225,-1.9899999999999984,22.910000000000004,0.1,ALNY|BMRN|EXEL|INCY|IONS|NBIX|ONC|PRTA|REGN|VRTX,ALNY|BMRN|EXEL|INCY|IONS|NBIX|ONC|PRTA|REGN|VRTX
ELVR,0,0,-2.38,8.36,-24.89,1.36,,,,,,,,
ELWT,0,0,-9.57,6.62,-6.09,-2.59,,,,,,,,
EMA,0,0,1.58,-4.03,-0.74,1.01,,,,,,,,
EMAT,0,0,28.32,-47.27,-61.64,1.75,,,,,,,,
EMBC,10,10,8.17,70.08,80.64,1.99,1.2000000000000002,14.27,6.97,55.81,57.495000000000005,0.9,ABT|BAX|BMY|DXCM|LCTX|MDT|MRK|PODD|TNDM|VTRS,ABT|BAX|BMY|DXCM|LCTX|MDT|MRK|PODD|TNDM|VTRS
EMBJ,10,9,2.05,14.68,34.11,-2.55,-3.59,4.85,5.64,9.83,23.84,1.0,BA|GD|HEI|HXL|LMT|NOC|RTX|SPR|TDG|TXT,BA|GD|HEI|HXL|LMT|NOC|RTX|TDG|TXT
EME,10,10,-4.86,4.73,-7.3,-1.85,-4.285,-0.08499999999999996,-0.5750000000000002,4.815,-18.21,0.4,CARR|CSL|DHR|GE|HON|IR|JCI|MMM|PCAR|TT,CARR|CSL|DHR|GE|HON|IR|JCI|MMM|PCAR|TT
EMIS,0,0,0.2,0.59,1.39,0.0,,,,,,,,
EML,10,9,-0.97,5.33,22.19,3.19,-2.8,7.8,1.8299999999999998,-2.4699999999999998,5.07,0.7777777777777778,GFF|IEX|KMT|MRC|NDSN|NX|TNC|TREX|WTS|XYL,GFF|IEX|KMT|NDSN|NX|TNC|TREX|WTS|XYL
EMN,9,9,0.33,6.67,4.76,-1.51,4.0,5.65,-3.67,1.0199999999999996,13.73,0.4444444444444444,ASH|AVNT|CC|CE|DOW|HUN|LYB|MEOH|WLK,ASH|AVNT|CC|CE|DOW|HUN|LYB|MEOH|WLK
EMPD,10,8,-1.24,-18.04,-44.43,-1.58,-0.8200000000000001,2.8,-0.41999999999999993,-20.84,-54.17,0.375,DMF|HOG|MCFT|MLR|MPX|OESX|PII|RNGR|THO|WGO,HOG|MCFT|MLR|OESX|PII|RNGR|THO|WGO
EMR,9,9,-5.16,11.53,17.21,-1.18,-4.12,1.05,-1.04,10.479999999999999,6.91,0.4444444444444444,AME|DOV|ETN|GE|HON|IR|ITW|PH|ROK,AME|DOV|ETN|GE|HON|IR|ITW|PH|ROK
ENB,10,9,0.56,-8.31,-9.64,2.62,0.66,-1.64,-0.09999999999999998,-6.670000000000001,-9.64,0.3333333333333333,AM|BIP|ENLC|EPD|ET|KMI|OKE|PAA|TRP|WMB,AM|BIP|EPD|ET|KMI|OKE|PAA|TRP|WMB
ENGN,10,7,4.44,-4.59,9.63,-4.59,2.55,14.93,1.8900000000000006,-19.52,-7.279999999999999,0.5714285714285714,ADAP|ADVM|BNTC|CRSP|EDIT|NTLA|QURE|SGMO|SRPT|VYGR,BNTC|CRSP|EDIT|NTLA|QURE|SRPT|VYGR
ENGS,0,0,-3.34,8.24,95.27,0.35,,,,,,,,
ENIC,10,10,1.14,0.45,3.01,-1.32,0.7849999999999999,-4.0600000000000005,0.355,4.510000000000001,2.7649999999999997,0.5,AEP|D|DUK|EIX|EXC|FE|NEE|PCG|SO|SRE,AEP|D|DUK|EIX|EXC|FE|NEE|PCG|SO|SRE
ENLT,10,10,-7.15,-12.83,-10.49,-0.91,0.5800000000000001,-3.745,-7.73,-9.085,-10.465,0.0,AEP|D|DUK|ED|ES|ETR|EXC|NEE|SRE|XEL,AEP|D|DUK|ED|ES|ETR|EXC|NEE|SRE|XEL
ENLV,10,7,-8.62,-66.32,-85.37,-10.73,7.23,13.97,-15.85,-80.28999999999999,-107.17,0.0,ADAP|ALLO|BLUE|CRSP|EDIT|FATE|IOVA|KPTI|NTLA|SGMO,ALLO|CRSP|EDIT|FATE|IOVA|KPTI|NTLA
ENOV,10,10,4.01,0.53,0.87,0.72,-0.345,11.489999999999998,4.3549999999999995,-10.959999999999999,-13.22,0.9,BDX|BSX|COO|EW|ISRG|JNJ|MDT|SNN|SYK|ZBH,BDX|BSX|COO|EW|ISRG|JNJ|MDT|SNN|SYK|ZBH
ENPH,8,6,-6.72,-3.89,-28.43,-3.38,-4.8149999999999995,-17.35,-1.9050000000000002,13.46,-0.13000000000000256,0.3333333333333333,ARRY|CSIQ|FSLR|MAXN|NOVA|RUN|SEDG|SHLS,ARRY|CSIQ|FSLR|RUN|SEDG|SHLS
ENR,10,10,-10.24,-0.73,22.66,-6.27,-2.305,0.16999999999999998,-7.9350000000000005,-0.8999999999999999,9.95,0.0,CHD|CL|CLX|EL|HELE|KMB|NWL|PG|SPB|UL,CHD|CL|CLX|EL|HELE|KMB|NWL|PG|SPB|UL
ENS,10,10,-3.47,-5.36,-11.2,-1.77,-2.925,1.63,-0.5450000000000004,-6.99,-16.07,0.5,AAPL|DHR|EMR|ETN|GE|HON|JCI|PHG|ROK|TSLA,AAPL|DHR|EMR|ETN|GE|HON|JCI|PHG|ROK|TSLA
ENSC,10,8,7.32,31.92,20.65,-3.61,-1.205,5.505,8.525,26.415000000000003,11.889999999999999,0.875,AXSM|BCRX|CRBP|DRRX|EPIX|KNSA|MNOV|OCUL|RARE|XFOR,AXSM|BCRX|CRBP|KNSA|MNOV|OCUL|RARE|XFOR
ENSG,9,7,-0.98,6.5,1.04,-1.31,2.43,8.12,-3.41,-1.6199999999999992,-24.43,0.2857142857142857,ADUS|AMED|BKD|CRL|EHC|HUM|LFST|NHC|SEM,ADUS|BKD|CRL|EHC|HUM|LFST|NHC
ENTA,10,10,-2.36,0.48,-3.58,-2.87,5.18,12.085,-7.539999999999999,-11.605,-29.765,0.0,ABBV|AMGN|BIIB|BMY|GILD|INCY|MRNA|NBIX|REGN|VRTX,ABBV|AMGN|BIIB|BMY|GILD|INCY|MRNA|NBIX|REGN|VRTX
ENTG,10,10,-12.63,4.11,12.08,-0.72,-8.86,-7.4399999999999995,-3.7700000000000014,11.55,4.265,0.2,ACLS|AMAT|ASML|COHU|KLAC|LRCX|MKSI|ONTO|TER|UCTT,ACLS|AMAT|ASML|COHU|KLAC|LRCX|MKSI|ONTO|TER|UCTT
ENTX,10,10,11.85,58.13,158.87,3.22,4.13,9.655000000000001,7.72,48.475,143.29500000000002,1.0,AMGN|BIIB|BMY|GSK|JNJ|LLY|NBIX|PFE|SNY|VRTX,AMGN|BIIB|BMY|GSK|JNJ|LLY|NBIX|PFE|SNY|VRTX
ENVA,10,7,-9.1,7.0,44.65,-6.41,-2.74,-4.25,-6.359999999999999,11.25,40.93,0.0,ALLY|AXP|CACC|DFS|GDOT|LC|LPRO|PYPL|WU|XYZ,ALLY|AXP|CACC|GDOT|PYPL|WU|XYZ
ENVB,9,7,-13.91,-2.99,-40.91,-0.76,2.48,3.48,-16.39,-6.470000000000001,-69.08,0.0,ATAI|AVXL|CMPS|DFTX|GHRS|HELP|NURO|RLMD|SAVA,ATAI|AVXL|CMPS|DFTX|GHRS|HELP|RLMD
ENVX,10,9,-27.43,-31.3,-49.45,-5.44,-9.92,-14.84,-17.509999999999998,-16.46,-17.570000000000004,0.0,BE|BLDP|EOSE|FCEL|FLNC|NOVA|PLUG|QS|RUN|SLDP,BE|BLDP|EOSE|FCEL|FLNC|PLUG|QS|RUN|SLDP
EOG,8,6,8.39,6.44,8.23,2.54,8.18,9.665,0.21000000000000085,-3.2249999999999988,1.6050000000000004,0.5,APA|COP|DVN|FANG|HES|MRO|OXY|XOM,APA|COP|DVN|FANG|OXY|XOM
EOLS,10,8,4.61,42.45,27.32,-2.44,5.025,16.265,-0.41500000000000004,26.185000000000002,3.5150000000000006,0.375,ABBV|AMGN|BMY|LLY|MRK|PFE|PRGO|PRPH|RVNC|TEVA,ABBV|AMGN|BMY|LLY|MRK|PFE|PRGO|TEVA
EONR,10,8,4.27,-9.73,-23.9,4.49,10.115,9.075,-5.845000000000001,-18.805,-30.724999999999998,0.0,APA|COP|DVN|EOG|FANG|HES|MRO|MTDR|OXY|SM,APA|COP|DVN|EOG|FANG|MTDR|OXY|SM
EOSE,9,7,-18.99,-15.33,-52.6,-9.76,-4.23,-3.89,-14.759999999999998,-11.44,-24.17,0.0,AYI|CSIQ|ENPH|FSLR|MAXN|NOVA|PLUG|RUN|SEDG,AYI|CSIQ|ENPH|FSLR|PLUG|RUN|SEDG
EP,10,8,6.61,15.7,22.34,-0.5,7.975,8.635,-1.3649999999999993,7.0649999999999995,14.309999999999999,0.25,APA|COP|CVX|DVN|EOG|FANG|HES|MRO|OXY|XOM,APA|COP|CVX|DVN|EOG|FANG|OXY|XOM
EPAC,10,10,0.05,6.67,9.16,0.5,-2.5549999999999997,-0.15999999999999992,2.6049999999999995,6.83,6.21,1.0,CSL|DOV|FLS|IR|ITW|JBTM|MWA|PNR|ROK|XYL,CSL|DOV|FLS|IR|ITW|JBTM|MWA|PNR|ROK|XYL
EPAM,8,8,6.48,24.91,3.68,0.71,-2.33,21.48,8.81,3.4299999999999997,2.675,0.875,ACN|CTS|CTSH|DXC|GLOB|INFY|IT|WIT,ACN|CTS|CTSH|DXC|GLOB|INFY|IT|WIT
EPC,10,10,-1.11,1.82,66.2,-2.01,-1.2149999999999999,-0.295,0.10499999999999976,2.115,53.49,0.5,CHD|CL|CLX|EL|HELE|HNST|KMB|PG|REYN|UTHR,CHD|CL|CLX|EL|HELE|HNST|KMB|PG|REYN|UTHR
EPD,10,9,0.66,-1.59,-2.84,0.41,0.6,-1.64,0.06000000000000005,0.04999999999999982,-4.63,0.5555555555555556,AM|ENB|ENLC|ET|KMI|MPLX|OKE|PAA|TRP|WMB,AM|ENB|ET|KMI|MPLX|OKE|PAA|TRP|WMB
EPM,10,9,-6.86,-12.69,-23.07,4.57,8.39,8.16,-15.25,-20.85,-30.9,0.0,APA|COP|CVX|DVN|EOG|FANG|MRO|MUR|OXY|XOM,APA|COP|CVX|DVN|EOG|FANG|MUR|OXY|XOM
EPOW,10,9,-18.63,-15.26,-30.88,-3.97,-1.46,5.31,-17.169999999999998,-20.57,-22.369999999999997,0.0,CCJ|DNN|LEU|MDRR|NXE|PED|UEC|URG|UUUU|VISL,CCJ|DNN|LEU|MDRR|NXE|PED|UEC|URG|UUUU
EPR,10,10,-0.94,-1.47,4.67,0.82,-0.05499999999999999,-4.82,-0.885,3.3500000000000005,3.15,0.0,ADC|FCPT|GTY|KIM|MAC|NNN|O|REG|SPG|WPC,ADC|FCPT|GTY|KIM|MAC|NNN|O|REG|SPG|WPC
EPRT,10,10,0.9,-4.11,0.03,0.7,-0.020000000000000004,-6.25,0.92,2.1399999999999997,1.215,0.8,ADC|BRX|CTRE|FCPT|GTY|KRG|NNN|O|PECO|WPC,ADC|BRX|CTRE|FCPT|GTY|KRG|NNN|O|PECO|WPC
EPRX,10,10,2.4,6.39,7.22,-2.57,5.18,12.085,-2.78,-5.695000000000001,-14.900000000000002,0.1,AMGN|BIIB|BMRN|EXEL|GILD|INCY|IONS|NBIX|REGN|VRTX,AMGN|BIIB|BMRN|EXEL|GILD|INCY|IONS|NBIX|REGN|VRTX
EPSM,0,0,-2.72,9.16,7.52,-4.67,,,,,,,,
EPSN,10,9,5.73,-0.62,-9.57,0.81,8.39,9.09,-2.66,-9.709999999999999,-9.280000000000001,0.3333333333333333,APA|AR|CRK|EOG|GPOR|KOS|MRO|MTDR|NOG|OVV,APA|AR|CRK|EOG|GPOR|KOS|MTDR|NOG|OVV
EQ,10,10,12.44,-18.12,9.71,-3.0,1.6949999999999998,15.355,10.745,-33.475,-12.625,1.0,ADMA|ANAB|ATRA|BDTX|CLDX|CRBP|CYCN|FATE|KNSA|LGND,ADMA|ANAB|ATRA|BDTX|CLDX|CRBP|CYCN|FATE|KNSA|LGND
EQBK,10,10,-4.08,-0.68,8.36,-0.46,-4.18,-0.625,0.09999999999999964,-0.05500000000000005,-1.2149999999999999,0.6,ASB|BOKF|CBSH|FFBC|FNB|FULT|HBAN|HOMB|SSB|THFF,ASB|BOKF|CBSH|FFBC|FNB|FULT|HBAN|HOMB|SSB|THFF
EQH,10,10,-6.47,1.29,16.44,-1.17,-3.46,-0.25,-3.01,1.54,3.75,0.0,AIG|CNO|GL|LNC|MET|MFC|PRU|RGA|UNM|VOYA,AIG|CNO|GL|LNC|MET|MFC|PRU|RGA|UNM|VOYA
EQIX,7,7,0.36,4.76,1.18,0.05,1.61,5.74,-1.25,-0.9800000000000004,4.16,0.42857142857142855,AMT|COR|CSTL|DLR|IRM|SBAC|UNIT,AMT|COR|CSTL|DLR|IRM|SBAC|UNIT
EQNR,10,9,6.09,7.63,10.4,2.33,7.56,8.16,-1.4699999999999998,-0.5300000000000002,2.5700000000000003,0.2222222222222222,APA|BP|COP|CVX|DVN|EOG|FANG|MRO|OXY|XOM,APA|BP|COP|CVX|DVN|EOG|FANG|OXY|XOM
EQPT,0,0,-15.21,4.7,-11.18,-7.75,,,,,,,,
EQS,10,10,2.0,-6.87,-21.54,-3.51,-1.78,5.855,3.7800000000000002,-12.725000000000001,-27.729999999999997,1.0,ARCC|CGBD|CSWC|FDUS|GAIN|HRZN|HTGC|MAIN|PSEC|SAR,ARCC|CGBD|CSWC|FDUS|GAIN|HRZN|HTGC|MAIN|PSEC|SAR
EQT,9,9,-0.21,-0.08,-6.68,0.61,2.19,7.32,-2.4,-7.4,-5.41,0.0,AR|CNX|CRK|EXE|GPOR|MTDR|NOG|OVV|RRC,AR|CNX|CRK|EXE|GPOR|MTDR|NOG|OVV|RRC
EQX,10,9,13.47,36.16,2.5,0.59,13.14,34.66,0.33000000000000007,1.5,-11.63,0.5555555555555556,AEM|AU|B|BTG|BVN|GFI|HMY|KGC|NEM|SAND,AEM|AU|B|BTG|BVN|GFI|HMY|KGC|NEM
ERAS,10,10,-3.47,-11.64,55.04,-4.59,8.6,14.45,-12.07,-26.09,39.629999999999995,0.0,ALNY|AMGN|BEAM|BNTX|CRSP|EDIT|MRNA|NTLA|PFE|RNA,ALNY|AMGN|BEAM|BNTX|CRSP|EDIT|MRNA|NTLA|PFE|RNA
ERIC,10,9,-1.02,7.11,-21.75,0.15,-9.15,-0.47,8.13,7.58,-13.63,1.0,ANET|CIEN|CSCO|FLEX|HPE|INFN|JBL|LITE|NOK|SANM,ANET|CIEN|CSCO|FLEX|HPE|JBL|LITE|NOK|SANM
ERIE,10,10,4.57,26.87,20.46,0.05,-0.8,-0.9550000000000001,5.37,27.825000000000003,15.540000000000001,0.9,AFG|ALL|CB|CINF|HIG|PGR|RLI|SIGI|TRV|WRB,AFG|ALL|CB|CINF|HIG|PGR|RLI|SIGI|TRV|WRB
ERII,10,9,-1.22,-9.55,-10.7,-2.3,-2.4,-4.43,1.18,-5.120000000000001,-20.09,0.7777777777777778,AOS|CW|DOV|ETN|HI|IR|ITT|MIDD|NDSN|ROK,AOS|CW|DOV|ETN|IR|ITT|MIDD|NDSN|ROK
ERNA,10,7,8.6,4.94,-59.04,5.42,5.97,19.51,2.63,-14.57,-80.84,0.7142857142857143,BLUE|CLLS|CRSP|EDIT|NTLA|PSTX|QURE|REPL|SGMO|VYGR,CLLS|CRSP|EDIT|NTLA|QURE|REPL|VYGR
ERO,10,10,1.24,28.54,29.01,2.1,4.175,11.08,-2.9349999999999996,17.46,15.21,0.1,BHP|EXK|FCX|HL|NEM|RIO|SCCO|TECK|TGB|VALE,BHP|EXK|FCX|HL|NEM|RIO|SCCO|TECK|TGB|VALE
ES,10,10,0.6,-2.42,5.22,0.9,-0.125,-3.385,0.725,0.9649999999999999,5.245,0.7,AEP|D|DUK|ED|EXC|NEE|PCG|PNW|SO|XEL,AEP|D|DUK|ED|EXC|NEE|PCG|PNW|SO|XEL
ESAB,10,9,-8.22,-7.03,-13.67,-0.98,-3.32,3.86,-4.9,-10.89,-11.2,0.0,APD|BA|EMR|HON|ITW|LIN|MMM|PX|TXT|WCC,APD|BA|EMR|HON|ITW|LIN|MMM|TXT|WCC
ESBA,10,10,3.27,-9.52,-14.1,-1.04,-0.6599999999999999,-2.14,3.9299999999999997,-7.379999999999999,-22.015,0.9,ARE|BXP|DEI|FRT|HIW|KRC|REG|SLG|SPG|VNO,ARE|BXP|DEI|FRT|HIW|KRC|REG|SLG|SPG|VNO
ESCA,10,8,-0.72,7.68,11.49,-0.39,-5.265000000000001,-11.629999999999999,4.545000000000001,19.31,20.835,0.875,ASO|BGFV|COLM|CROX|DECK|DKS|NKE|SKX|UA|VFC,ASO|COLM|CROX|DECK|DKS|NKE|UA|VFC
ESE,10,10,-5.8,-13.07,-4.42,-2.55,-4.12,3.3649999999999998,-1.6799999999999997,-16.435,-14.715,0.3,AME|AOS|CW|DHR|FLS|IEX|ITT|MOG-A|RBC|XYL,AME|AOS|CW|DHR|FLS|IEX|ITT|MOG-A|RBC|XYL
ESEA,10,10,2.58,2.35,6.03,1.26,5.85,12.685,-3.2699999999999996,-10.335,-2.5200000000000005,0.2,CMRE|DAC|DSX|GNK|GOGL|GSL|NMM|SB|SBLK|SHIP,CMRE|DAC|DSX|GNK|GOGL|GSL|NMM|SB|SBLK|SHIP
ESI,10,10,-9.07,-7.56,-12.53,-1.96,0.225,6.5649999999999995,-9.295,-14.125,-15.6,0.0,ALB|CC|CE|EMN|FUL|IFF|LYB|PPG|RPM|SHW,ALB|CC|CE|EMN|FUL|IFF|LYB|PPG|RPM|SHW
ESLA,10,10,1.45,-3.4,-35.52,-0.23,5.13,12.719999999999999,-3.6799999999999997,-16.119999999999997,-56.78,0.1,AZN|BNTX|GILD|JNJ|LLY|MRNA|NVAX|PFE|REGN|VRTX,AZN|BNTX|GILD|JNJ|LLY|MRNA|NVAX|PFE|REGN|VRTX
ESLT,10,10,-4.5,-6.07,-3.16,-0.92,-5.525,0.8799999999999999,1.0250000000000004,-6.95,-0.40000000000000036,0.6,BA|BWXT|GD|HII|HON|LHX|LMT|NOC|TDY|TXT,BA|BWXT|GD|HII|HON|LHX|LMT|NOC|TDY|TXT
ESNT,10,10,-0.76,5.67,10.8,-0.42,-0.2,0.9450000000000001,-0.56,4.725,5.08,0.3,ACGL|AIG|ALL|GNW|HIG|MTG|NMIH|ORI|PGR|RDN,ACGL|AIG|ALL|GNW|HIG|MTG|NMIH|ORI|PGR|RDN
ESOA,10,10,-6.41,-28.43,-32.91,-2.1,-2.13,-1.2849999999999997,-4.28,-27.145,-26.479999999999997,0.0,BKR|DY|EME|FIX|KBR|MTZ|MYRG|PRIM|PWR|TTEK,BKR|DY|EME|FIX|KBR|MTZ|MYRG|PRIM|PWR|TTEK
ESP,10,9,0.68,9.2,15.12,0.46,-5.81,-2.1,6.489999999999999,11.299999999999999,4.85,1.0,AIR|ATRO|BELFB|CW|DCO|HEI|HXL|MRCY|TDY|TGI,AIR|ATRO|BELFB|CW|DCO|HEI|HXL|MRCY|TDY
ESQ,10,10,-12.74,-5.08,1.87,-1.46,-4.05,-1.085,-8.690000000000001,-3.995,-7.7799999999999985,0.0,AX|BANF|BBT|BOH|CUBI|EFSC|FULT|HOMB|MSBI|NBTB,AX|BANF|BBT|BOH|CUBI|EFSC|FULT|HOMB|MSBI|NBTB
ESRT,10,10,-0.82,-11.78,-14.15,-1.23,-1.2550000000000001,-1.195,0.43500000000000016,-10.584999999999999,-26.165,0.6,ARE|BXP|CUZ|DEI|HIW|HPP|KRC|NYC|SLG|VNO,ARE|BXP|CUZ|DEI|HIW|HPP|KRC|NYC|SLG|VNO
ESS,9,8,1.05,-0.9,5.6,1.07,-0.625,-2.85,1.675,1.9500000000000002,5.744999999999999,0.75,AIV|AVB|BRT|CPT|EQR|IRT|MAA|NXRT|UDR,AIV|AVB|BRT|CPT|IRT|MAA|NXRT|UDR
ESTA,10,10,-4.74,-23.29,2.81,-4.61,-1.045,8.85,-3.6950000000000003,-32.14,-7.4350000000000005,0.2,ABT|ALGN|BSX|EW|MDT|PENN|SYK|TFX|XRAY|ZBH,ABT|ALGN|BSX|EW|MDT|PENN|SYK|TFX|XRAY|ZBH
ESTC,10,10,0.14,46.81,55.84,-1.32,-9.295,19.43,9.435,27.380000000000003,29.110000000000007,0.9,CRWD|DDOG|MDB|NOW|OKTA|PANW|PLTR|SNOW|TWLO|ZS,CRWD|DDOG|MDB|NOW|OKTA|PANW|PLTR|SNOW|TWLO|ZS
ET,9,8,2.12,4.07,5.16,0.09,1.225,-1.615,0.895,5.6850000000000005,5.6850000000000005,0.625,AM|ENB|ENLC|EPD|KMI|OKE|PAA|TRGP|WMB,AM|ENB|EPD|KMI|OKE|PAA|TRGP|WMB
ETD,10,8,-0.24,1.05,17.44,0.95,-3.98,-1.315,3.74,2.365,-4.754999999999999,0.875,BSET|FLXS|HOFT|HVT|LZB|RH|SGI|SNBR|TBHC|WSM,BSET|FLXS|HOFT|HVT|LZB|RH|SGI|WSM
ETN,8,8,-7.62,2.92,10.3,-1.37,-3.1100000000000003,-0.3500000000000001,-4.51,3.27,3.445000000000001,0.0,CAT|DOV|EMR|HON|ITW|PH|ROK|ROP,CAT|DOV|EMR|HON|ITW|PH|ROK|ROP
ETON,10,10,50.15,40.57,77.82,-0.36,4.215,9.655000000000001,45.935,30.915,61.3,1.0,BMY|JNJ|LLY|MRK|NVS|PFE|REGN|SNY|VRTX|ZTS,BMY|JNJ|LLY|MRK|NVS|PFE|REGN|SNY|VRTX|ZTS
ETOR,0,0,0.53,-22.46,-26.51,2.09,,,,,,,,
ETR,10,10,1.52,-5.53,-3.04,0.52,-0.375,-3.385,1.895,-2.1450000000000005,-3.015,1.0,AEP|D|DUK|ED|EXC|NEE|PEG|PPL|SO|XEL,AEP|D|DUK|ED|EXC|NEE|PEG|PPL|SO|XEL
ETS,0,0,0.93,20.7,103.77,-1.82,,,,,,,,
ETSY,8,8,0.62,0.86,33.31,0.89,-1.0,-0.9349999999999999,1.62,1.795,22.185000000000002,0.875,AMZN|EBAY|JD|PINS|RVLV|SFIX|SHOP|W,AMZN|EBAY|JD|PINS|RVLV|SFIX|SHOP|W
EU,9,9,-9.62,-14.85,-26.93,-4.6,-2.64,2.88,-6.979999999999999,-17.73,-18.42,0.1111111111111111,BMN|CCJ|DNN|LEU|LTBR|NXE|UEC|URG|UUUU,BMN|CCJ|DNN|LEU|LTBR|NXE|UEC|URG|UUUU
EUDA,10,9,0.71,0.71,-21.67,1.44,-0.24,8.12,0.95,-7.409999999999999,-61.46,0.5555555555555556,ADUS|AMWL|CLOV|DOCS|GOCO|HIMS|NTRA|OSCR|TDOC|VEEV,ADUS|AMWL|CLOV|DOCS|HIMS|NTRA|OSCR|TDOC|VEEV
EURK,0,0,-3.92,-2.54,0.09,-4.08,,,,,,,,
EVAC,0,0,-0.39,0.49,0.88,0.0,,,,,,,,
EVAX,9,6,1.53,7.24,-18.5,3.49,29.814999999999998,19.57,-28.284999999999997,-12.33,-30.945,0.3333333333333333,ADAP|ALVR|ARCT|BNTX|IMMP|INO|MRNA|NVAX|VXRT,ARCT|BNTX|IMMP|INO|MRNA|NVAX
EVC,10,7,-6.47,-20.52,1.16,-1.48,-0.72,8.95,-5.75,-29.47,-3.9299999999999997,0.0,CMLS|DIS|FOX|GTN|IAC|NWS|NXST|SBGI|SSP|TGNA,DIS|FOX|GTN|NWS|NXST|SBGI|SSP
EVCM,10,9,-2.87,-14.31,-5.12,-2.87,-0.26,23.0,-2.6100000000000003,-37.31,-32.37,0.2222222222222222,ADP|GDDY|HUBS|INTU|PAYC|PCTY|SHOP|WIX|XYZ|ZUO,ADP|GDDY|HUBS|INTU|PAYC|PCTY|SHOP|WIX|XYZ
EVER,10,9,3.81,2.27,36.05,1.7,-2.15,6.17,5.96,-3.9,29.439999999999998,1.0,EGHT|GDDY|GRPN|HSTM|MMM|NAVI|RDFN|SSTK|TREE|Z,EGHT|GDDY|GRPN|HSTM|MMM|NAVI|SSTK|TREE|Z
EVEX,10,9,-9.11,4.3,-10.7,-4.68,-9.2,5.25,0.08999999999999986,-0.9500000000000002,-7.619999999999999,0.5555555555555556,ACHR|AVAV|EH|JOBY|KAVL|KTOS|MOG-A|RRC|SRTA|UP,ACHR|AVAV|EH|JOBY|KTOS|MOG-A|RRC|SRTA|UP
EVGN,10,9,-14.59,2.13,-22.77,-7.47,4.71,8.57,-19.3,-6.44,-23.99,0.0,AQST|CRIS|DTIL|HOOK|IBIO|IBRX|INO|MRKR|OCGN|QURE,AQST|CRIS|DTIL|IBIO|IBRX|INO|MRKR|OCGN|QURE
EVGO,10,9,-13.98,-10.16,-22.86,-7.23,-1.42,-2.49,-12.56,-7.67,-19.689999999999998,0.0,BEEM|BLNK|CHPT|LAD|LCID|PLUG|RIVN|SBLX|TSLA|WKHS,BEEM|BLNK|CHPT|LAD|LCID|PLUG|RIVN|TSLA|WKHS
EVH,10,9,-2.47,-18.4,17.75,-0.76,-1.82,-3.03,-0.6500000000000001,-15.37,7.609999999999999,0.2222222222222222,ACHC|AMED|CI|CNC|HQY|HUM|MOH|OPCH|UHS|UNH,ACHC|CI|CNC|HQY|HUM|MOH|OPCH|UHS|UNH
EVI,10,10,-4.89,7.47,-15.94,-1.93,-2.745,-2.905,-2.1449999999999996,10.375,-8.274999999999999,0.1,CLX|KEN|KMT|LCII|PNR|RBC|TNC|WTS|WWD|XYL,CLX|KEN|KMT|LCII|PNR|RBC|TNC|WTS|WWD|XYL
EVLV,10,10,-5.82,1.21,-7.89,-3.81,-6.32,3.675,0.5,-2.465,-9.774999999999999,0.5,AMZN|CRWD|CSCO|GOOGL|IBM|INTC|MSFT|OKTA|ORCL|PANW,AMZN|CRWD|CSCO|GOOGL|IBM|INTC|MSFT|OKTA|ORCL|PANW
EVMN,0,0,-4.16,18.29,-39.47,-10.16,,,,,,,,
EVO,10,8,-4.7,-1.28,-32.22,-2.78,5.13,11.149999999999999,-9.83,-12.429999999999998,-56.76,0.125,ARRY|BLUE|CRSP|FATE|INCY|IONS|NBIX|REGN|SGMO|VRTX,ARRY|CRSP|FATE|INCY|IONS|NBIX|REGN|VRTX
EVOX,0,0,0.15,0.35,0.85,0.05,,,,,,,,
EVR,10,10,-7.18,-13.43,-14.09,-2.82,-3.3200000000000003,1.685,-3.8599999999999994,-15.115,-22.605,0.0,BAC|GS|JPM|LAZ|LZ|MC|MS|PJT|RJF|SF,BAC|GS|JPM|LAZ|LZ|MC|MS|PJT|RJF|SF
EVRG,10,10,0.73,-2.84,1.13,0.62,0.10999999999999999,-4.0600000000000005,0.62,1.2200000000000006,1.1549999999999998,0.6,AEP|D|DUK|EIX|ES|FE|NEE|PNW|SO|XEL,AEP|D|DUK|EIX|ES|FE|NEE|PNW|SO|XEL
EVTC,10,10,-6.54,2.05,21.45,0.5,0.5700000000000001,10.094999999999999,-7.11,-8.044999999999998,3.495000000000001,0.1,ADP|FIS|GPN|JKHY|MA|PAGS|PYPL|V|WEX|XYZ,ADP|FIS|GPN|JKHY|MA|PAGS|PYPL|V|WEX|XYZ
EVTL,10,6,-10.59,-54.04,-68.52,-2.17,-10.33,6.449999999999999,-0.2599999999999998,-60.489999999999995,-70.85499999999999,0.3333333333333333,ACHR|GOEV|JOBY|LCID|LILM|NKLA|QS|REE|SRTA|WKHS,ACHR|JOBY|LCID|QS|SRTA|WKHS
EW,9,9,-1.24,8.34,10.17,-0.92,-0.6,13.62,-0.64,-5.279999999999999,4.9799999999999995,0.3333333333333333,ABT|ALGN|BSX|COO|ISRG|MDT|SYK|TFX|ZBH,ABT|ALGN|BSX|COO|ISRG|MDT|SYK|TFX|ZBH
EWBC,10,8,-4.2,-1.03,5.65,-0.12,-3.075,-2.39,-1.125,1.36,-1.3249999999999993,0.375,CBSH|CFR|CMA|FNB|HBAN|OZK|PB|SNV|WAL|ZION,CBSH|CFR|FNB|HBAN|OZK|PB|WAL|ZION
EWTX,10,9,2.18,15.11,34.43,-4.92,1.71,17.22,0.4700000000000002,-2.1099999999999994,23.41,0.5555555555555556,ALNY|BMRN|CRSP|PRQR|PTCT|QURE|RARE|SGMO|SRPT|VYGR,ALNY|BMRN|CRSP|PRQR|PTCT|QURE|RARE|SRPT|VYGR
EXC,10,10,0.13,-2.23,1.76,0.79,-0.375,-4.0600000000000005,0.505,1.8300000000000005,2.52,0.6,AEP|D|DUK|ED|NEE|PEG|PPL|SO|SRE|XEL,AEP|D|DUK|ED|NEE|PEG|PPL|SO|SRE|XEL
EXE,10,8,0.96,2.6,-3.29,-0.46,7.975,9.075,-7.015,-6.475,-9.695,0.0,APA|AR|COP|CVE|DVN|EOG|FANG|HES|MRO|OXY,APA|AR|COP|CVE|DVN|EOG|FANG|OXY
EXEL,10,10,7.2,-1.32,8.73,-0.25,4.4,12.085,2.8,-13.405000000000001,-13.39,0.9,ALNY|AMGN|BIIB|BMRN|GILD|INCY|IONS|NBIX|REGN|VRTX,ALNY|AMGN|BIIB|BMRN|GILD|INCY|IONS|NBIX|REGN|VRTX
EXFY,10,10,9.23,38.57,112.72,-0.61,1.71,26.060000000000002,7.5200000000000005,12.509999999999998,98.87,1.0,ADBE|CRM|CSGP|INTU|PYPL|SAP|TEAM|WK|XYZ|ZM,ADBE|CRM|CSGP|INTU|PYPL|SAP|TEAM|WK|XYZ|ZM
EXK,10,8,7.52,32.91,18.43,0.86,12.864999999999998,30.065,-5.344999999999999,2.8449999999999953,1.0600000000000023,0.125,AG|CDE|FSM|HL|MAG|NGD|PAAS|SSRM|SVM|WPM,AG|CDE|FSM|HL|PAAS|SSRM|SVM|WPM
EXLS,10,10,6.8,40.8,28.36,2.04,2.69,17.14,4.109999999999999,23.659999999999997,23.755,0.9,ACN|ADP|CTSH|DOX|DXC|EPAM|G|IBM|INFY|WIT,ACN|ADP|CTSH|DOX|DXC|EPAM|G|IBM|INFY|WIT
EXOD,0,0,22.68,38.44,1.55,3.78,,,,,,,,
EXOZ,0,0,8.33,26.7,-30.85,1.56,,,,,,,,
EXP,10,8,-2.76,-0.16,1.4,-1.62,-2.235,-5.17,-0.5249999999999999,5.01,6.265000000000001,0.5,ASTE|CAT|CRH|CX|DE|FLR|HEES|MLM|SUM|VMC,ASTE|CAT|CRH|CX|DE|FLR|MLM|VMC
EXPD,10,10,0.7,6.15,18.9,1.02,-2.6799999999999997,-8.435,3.38,14.585,14.495,0.8,CHRW|FDX|JBHT|KNX|LSTR|NSC|R|UNP|UPS|XPO,CHRW|FDX|JBHT|KNX|LSTR|NSC|R|UNP|UPS|XPO
EXPE,10,10,-0.53,25.09,50.09,0.07,0.9199999999999999,2.5300000000000002,-1.45,22.56,47.36000000000001,0.3,ABNB|BKNG|H|HLT|IHG|MAR|SABR|TCOM|TRIP|WH,ABNB|BKNG|H|HLT|IHG|MAR|SABR|TCOM|TRIP|WH
EXPO,10,9,2.8,15.48,20.42,0.3,4.4,19.12,-1.6000000000000005,-3.6400000000000006,-12.399999999999999,0.4444444444444444,A|ALGN|BIO|DHR|HOLX|IQV|KEYS|MTD|TMO|VEEE,A|ALGN|BIO|DHR|IQV|KEYS|MTD|TMO|VEEE
EXR,8,6,-0.87,2.1,4.11,0.12,-0.21499999999999997,-2.19,-0.655,4.29,3.8150000000000004,0.3333333333333333,CTRE|CUBE|EQC|NSA|OUT|PSA|REXR|STAG,CTRE|CUBE|OUT|PSA|REXR|STAG
EXTR,10,8,-5.79,-25.15,-3.5,-0.58,-6.390000000000001,2.605,0.6000000000000005,-27.755,-2.35,0.5,ANET|CIEN|CSCO|ERIC|FFIV|HPE|INFN|JNPR|MSI|NTCT,ANET|CIEN|CSCO|ERIC|FFIV|HPE|MSI|NTCT
EYE,10,8,-5.11,-8.8,7.34,-4.49,-1.505,1.6400000000000001,-3.6050000000000004,-10.440000000000001,7.92,0.125,AMZN|COST|CVS|DG|DLTR|FLWS|TGT|VSTO|WBA|WMT,AMZN|COST|CVS|DG|DLTR|FLWS|TGT|WMT
EYPT,10,8,-58.09,-55.38,-54.81,-10.4,2.71,2.6149999999999998,-60.800000000000004,-57.995000000000005,-70.36500000000001,0.0,AGIO|ALNY|BLUE|BMRN|IONS|NBIX|RARE|REGN|SAGE|VRTX,AGIO|ALNY|BMRN|IONS|NBIX|RARE|REGN|VRTX
EZGO,10,7,-10.59,0.9,-45.28,-0.92,-4.06,-13.6,-6.53,14.5,-24.67,0.2857142857142857,FRSX|GOEV|HYLN|KNDI|LI|NIU|NKLA|SBLX|WKHS|XPEV,FRSX|HYLN|KNDI|LI|NIU|WKHS|XPEV
EZPW,10,9,-1.29,-13.14,-15.02,-1.63,-4.18,-3.02,2.8899999999999997,-10.120000000000001,-27.869999999999997,0.6666666666666666,ASPS|ATLC|ENVA|FCFS|HZO|OMCC|PBYI|QFIN|RM|WRLD,ASPS|ATLC|ENVA|FCFS|HZO|PBYI|QFIN|RM|WRLD
F,10,10,0.68,-3.02,5.79,-3.55,1.035,-4.85,-0.35499999999999987,1.8299999999999996,5.165,0.4,GM|HMC|LCID|NIO|RACE|RIVN|STLA|TM|TSLA|XPEV,GM|HMC|LCID|NIO|RACE|RIVN|STLA|TM|TSLA|XPEV
FA,10,9,-4.24,6.5,39.12,0.61,1.89,6.17,-6.13,0.33000000000000007,24.5,0.0,DNB|ECL|EIG|FICO|MMM|MORN|MSCI|RHI|SPGI|TRU,ECL|EIG|FICO|MMM|MORN|MSCI|RHI|SPGI|TRU
FACT,0,0,0.19,0.47,0.19,0.09,,,,,,,,
FAF,10,10,-2.43,2.47,6.02,-0.76,-0.45,0.8250000000000001,-1.9800000000000002,1.645,-8.095,0.0,CINF|ESNT|FNF|HZO|ITIC|MTG|NMIH|RDN|STC|TRV,CINF|ESNT|FNF|HZO|ITIC|MTG|NMIH|RDN|STC|TRV
FAMI,9,6,-25.49,-51.57,-93.19,-3.98,-1.6800000000000002,2.0549999999999997,-23.81,-53.625,-85.495,0.0,FLGC|GNPX|HOTH|IPHA|LRN|RNXT|SNDL|VERO|XPON,GNPX|IPHA|LRN|RNXT|SNDL|XPON
FANG,7,5,7.44,5.59,4.91,2.74,8.8,10.22,-1.3600000000000003,-4.630000000000001,-3.3200000000000003,0.0,APA|COP|DVN|EOG|HES|MRO|OXY,APA|COP|DVN|EOG|OXY
FAST,8,6,-0.53,12.66,16.92,-0.73,-3.465,-2.15,2.9349999999999996,14.81,9.150000000000002,1.0,AIT|DXPE|GWW|MRC|MSM|PDCO|TITN|WCC,AIT|DXPE|GWW|MSM|TITN|WCC
FATE,10,8,-0.6,-2.91,36.14,-5.47,6.6,14.45,-7.199999999999999,-17.36,29.685000000000002,0.0,BLUE|CLLS|CRSP|EDIT|GILD|NTLA|SGMO|SRPT|TVRD|VTVT,CLLS|CRSP|EDIT|GILD|NTLA|SRPT|TVRD|VTVT
FATN,0,0,-5.82,30.02,44.03,0.49,,,,,,,,
FBGL,0,0,6.88,-21.42,-29.53,8.38,,,,,,,,
FBIN,10,10,-5.86,-9.2,30.18,-1.9,-2.5300000000000002,4.005,-3.33,-13.204999999999998,20.14,0.1,APOG|DHI|JELD|LEN|MAS|NVR|OC|PHM|SHW|WHR,APOG|DHI|JELD|LEN|MAS|NVR|OC|PHM|SHW|WHR
FBIO,10,9,-7.09,-22.01,4.48,-2.85,2.55,14.93,-9.64,-36.94,-24.62,0.0,ANAB|BMRN|CRSP|EDIT|FOLD|MGTX|PTGX|QURE|TGTX|XENE,ANAB|BMRN|CRSP|EDIT|MGTX|PTGX|QURE|TGTX|XENE
FBIZ,10,9,-5.35,2.79,20.56,-0.95,-4.12,-0.89,-1.2299999999999995,3.68,12.869999999999997,0.0,CAC|CVBF|FFBC|FFIN|HIFS|HTLF|INDB|SFNC|TMP|WAL,CAC|CVBF|FFBC|FFIN|HIFS|INDB|SFNC|TMP|WAL
FBK,10,10,-5.47,-0.35,11.29,-0.97,-4.315,-0.275,-1.1549999999999994,-0.07499999999999996,4.184999999999999,0.1,BBT|CUBI|FHN|GBCI|HBT|HOMB|SRCE|TCBK|TRMK|WABC,BBT|CUBI|FHN|GBCI|HBT|HOMB|SRCE|TCBK|TRMK|WABC
FBLA,0,0,-0.51,0.71,11.88,0.26,,,,,,,,
FBLG,10,10,15.67,79.73,26.69,11.78,4.720000000000001,12.719999999999999,10.95,67.01,4.885000000000002,1.0,AMGN|BIIB|BMY|GILD|JNJ|LLY|MRK|PFE|REGN|VRTX,AMGN|BIIB|BMY|GILD|JNJ|LLY|MRK|PFE|REGN|VRTX
FBNC,10,10,-3.67,1.74,7.53,-1.21,-4.055,-3.2800000000000002,0.3849999999999998,5.0200000000000005,-4.239999999999999,0.8,BAC|CFG|FITB|HBAN|KEY|MTB|PNC|RF|USB|WFC,BAC|CFG|FITB|HBAN|KEY|MTB|PNC|RF|USB|WFC
FBP,10,10,-3.44,-1.66,17.61,-0.28,-3.885,-2.465,0.44499999999999984,0.8049999999999999,9.015,0.8,BPOP|CATY|CUBI|FHN|FULT|HBAN|OFG|ONB|UMBF|WAL,BPOP|CATY|CUBI|FHN|FULT|HBAN|OFG|ONB|UMBF|WAL
FBRT,10,10,-2.15,1.21,-8.35,-1.67,-1.1,0.29000000000000004,-1.0499999999999998,0.9199999999999999,-3.2199999999999998,0.4,ABR|ARI|BXMT|GPMT|KREF|LADR|RC|SLG|STWD|TRTX,ABR|ARI|BXMT|GPMT|KREF|LADR|RC|SLG|STWD|TRTX
FBRX,10,7,0.09,35.85,278.78,0.04,2.28,0.25,-2.19,35.6,279.90999999999997,0.42857142857142855,AGEN|AKBA|ARMP|BGMS|CGEM|CLSD|DYAI|FOLD|GERN|MRNS,AGEN|AKBA|ARMP|BGMS|CGEM|DYAI|GERN
FBYD,10,10,6.35,3.92,-22.1,-0.45,1.085,5.79,5.265,-1.87,-29.005000000000003,1.0,AMCX|CHDN|CMCSA|DIS|EPR|FUN|GTIM|MTN|PENN|PLAY,AMCX|CHDN|CMCSA|DIS|EPR|FUN|GTIM|MTN|PENN|PLAY
FC,10,8,-1.99,-7.72,-10.48,-1.94,0.615,4.96,-2.605,-12.68,-17.175,0.0,AHH|ATGE|BFAM|EDU|GHC|HRB|LRN|MMS|SCI|STRA,BFAM|EDU|GHC|HRB|LRN|MMS|SCI|STRA
FCAP,10,10,-4.48,5.09,14.42,-0.08,-4.1850000000000005,-0.385,-0.29499999999999993,5.475,4.845000000000001,0.4,ASB|CAC|CHCO|FIBK|FRME|FULT|HOMB|OZK|SFBS|TRMK,ASB|CAC|CHCO|FIBK|FRME|FULT|HOMB|OZK|SFBS|TRMK
FCBC,10,10,-1.93,3.11,14.21,-0.4,-4.055,-2.575,2.125,5.6850000000000005,3.115000000000002,1.0,BAC|C|FITB|HBAN|KEY|PNC|RF|TFC|USB|WFC,BAC|C|FITB|HBAN|KEY|PNC|RF|TFC|USB|WFC
FCCO,10,10,-3.24,2.99,11.57,-1.01,-4.24,-1.02,1.0,4.01,2.135,0.8,BANF|CASH|CIVB|EFSC|HBT|MSBI|PKBK|SBSI|SFBS|UBSI,BANF|CASH|CIVB|EFSC|HBT|MSBI|PKBK|SBSI|SFBS|UBSI
FCEL,10,7,-6.02,-14.93,-5.46,-5.86,-9.92,-10.52,3.9000000000000004,-4.41,15.39,0.5714285714285714,ADN|BE|BLDP|CLNE|FTEK|HYFM|HYZN|NKLA|OPAL|PLUG,BE|BLDP|CLNE|FTEK|HYFM|OPAL|PLUG
FCF,10,9,-2.33,1.42,12.97,0.31,-4.14,-0.29,1.8099999999999996,1.71,3.610000000000001,0.8888888888888888,ASB|CADE|COLB|FULT|HFWA|NBTB|TMP|TOWN|TRMK|WASH,ASB|COLB|FULT|HFWA|NBTB|TMP|TOWN|TRMK|WASH
FCFS,10,9,-1.46,-0.48,-8.31,-2.0,-4.33,-3.57,2.87,3.09,-12.030000000000001,0.6666666666666666,ENVA|EZPW|GDOT|LC|OPRT|OZK|QFIN|RM|TBBK|WRLD,ENVA|EZPW|GDOT|OPRT|OZK|QFIN|RM|TBBK|WRLD
FCHL,0,0,-9.5,-6.41,-27.96,-0.45,,,,,,,,
FCN,10,10,1.31,-0.7,0.62,1.07,3.38,31.095,-2.07,-31.794999999999998,-21.185,0.3,ACN|CBZ|CWT|EXPO|HURN|IT|LDOS|MORN|NCI|SPGI,ACN|CBZ|CWT|EXPO|HURN|IT|LDOS|MORN|NCI|SPGI
FCNCA,10,10,-4.75,3.98,9.51,-0.48,-4.055,-2.145,-0.6950000000000003,6.125,-2.26,0.3,BAC|C|CFG|FITB|JPM|PNC|RF|TFC|USB|WFC,BAC|C|CFG|FITB|JPM|PNC|RF|TFC|USB|WFC
FCPT,10,9,0.58,-3.82,1.18,0.38,-0.17,-6.9,0.75,3.0800000000000005,1.94,0.6666666666666666,ADC|BRX|EPRT|GTY|KIM|KRG|NNN|O|ROIC|WPC,ADC|BRX|EPRT|GTY|KIM|KRG|NNN|O|WPC
FCRS,0,0,-0.05,0.15,-0.24,0.05,,,,,,,,
FCUV,10,9,51.08,245.87,170.7,2.57,-6.97,-4.14,58.05,250.01,178.91,1.0,CGNX|COHR|FARO|ITRI|KEYS|MIND|MKSI|MLAB|NOVT|VTSI,CGNX|COHR|ITRI|KEYS|MIND|MKSI|MLAB|NOVT|VTSI
FCX,9,9,3.66,6.58,13.95,0.3,4.22,11.35,-0.5599999999999996,-4.77,0.47999999999999865,0.3333333333333333,BHP|HBM|HL|NEM|RIO|SCCO|TECK|TGB|VALE,BHP|HBM|HL|NEM|RIO|SCCO|TECK|TGB|VALE
FDBC,10,10,-2.01,5.3,19.26,-0.33,-3.615,0.45999999999999996,1.6050000000000004,4.84,7.360000000000001,0.9,CPF|CZNC|FRBA|FULT|NWBI|ORRF|STBA|TRST|UVSP|WASH,CPF|CZNC|FRBA|FULT|NWBI|ORRF|STBA|TRST|UVSP|WASH
FDMT,10,8,42.61,51.59,96.15,-0.95,5.175,15.43,37.435,36.160000000000004,76.77000000000001,1.0,ARWR|BIIB|BLUE|CRSP|EDIT|NTLA|REGN|SGMO|SRPT|VRTX,ARWR|BIIB|CRSP|EDIT|NTLA|REGN|SRPT|VRTX
FDS,10,10,4.44,22.32,34.09,0.61,1.5,1.23,2.9400000000000004,21.09,24.630000000000003,0.9,FICO|FIS|ICE|JPM|MORN|MSCI|NDAQ|SPGI|TRI|VRSK,FICO|FIS|ICE|JPM|MORN|MSCI|NDAQ|SPGI|TRI|VRSK
FDSB,10,10,-1.75,5.47,18.9,-2.82,-4.045,-2.145,2.295,7.615,6.419999999999998,1.0,BAC|C|FITB|JPM|KEY|PNC|STT|TFC|USB|WFC,BAC|C|FITB|JPM|KEY|PNC|STT|TFC|USB|WFC
FDUS,10,10,-0.25,0.2,6.65,-0.05,-2.16,7.485,1.9100000000000001,-7.285,3.5450000000000004,0.8,ARCC|GAIN|GSBD|HTGC|MAIN|NMFC|PNNT|PSEC|SLRC|TCPC,ARCC|GAIN|GSBD|HTGC|MAIN|NMFC|PNNT|PSEC|SLRC|TCPC
FDX,10,10,-2.83,2.72,5.86,0.43,-4.02,-11.489999999999998,1.1899999999999995,14.209999999999999,7.9,0.6,ARCB|CHRW|EXPD|JBHT|KNX|ODFL|SAIA|UPS|WERN|XPO,ARCB|CHRW|EXPD|JBHT|KNX|ODFL|SAIA|UPS|WERN|XPO
FE,10,10,1.73,-3.41,4.86,0.84,0.27,-3.385,1.46,-0.025000000000000355,4.885000000000001,1.0,AEP|CMS|D|DUK|ED|ETR|EXC|PPL|SO|XEL,AEP|CMS|D|DUK|ED|ETR|EXC|PPL|SO|XEL
FEAM,8,6,-6.79,36.04,-20.11,-5.63,-3.535,8.59,-3.255,27.45,5.340000000000003,0.16666666666666666,ALB|LAC|MP|PLL|SGML|SLI|SQM|THR,ALB|LAC|MP|SGML|SLI|SQM
FEBO,10,10,-0.66,11.03,-24.5,-3.21,-1.02,-2.61,0.36,13.639999999999999,-32.41,0.6,CAH|CI|CNC|DVA|HCA|HUM|MCK|MOH|UHS|UNH,CAH|CI|CNC|DVA|HCA|HUM|MCK|MOH|UHS|UNH
FEDU,10,9,15.4,28.68,-5.09,-0.2,-1.5,-2.14,16.9,30.82,4.35,1.0,APEI|ATGE|CECO|CHGG|EDU|GOTU|LRN|PRDO|TAL|UTI,APEI|CECO|CHGG|EDU|GOTU|LRN|PRDO|TAL|UTI
FEED,10,9,5.51,8.06,-56.8,-5.1,0.64,-1.31,4.87,9.370000000000001,-41.12,0.7777777777777778,ASMB|ATEC|INVA|IRIX|LUNA|MLSS|MVIS|OFIX|PAVM|STXS,ASMB|ATEC|INVA|IRIX|MLSS|MVIS|OFIX|PAVM|STXS
FEIM,10,10,-19.91,-13.61,5.0,-6.34,-2.7649999999999997,-6.54,-17.145,-7.069999999999999,19.265,0.0,ADI|AVGO|MPWR|MTSI|NXPI|ON|QCOM|QRVO|SWKS|TXN,ADI|AVGO|MPWR|MTSI|NXPI|ON|QCOM|QRVO|SWKS|TXN
FELE,10,10,-2.03,-0.84,6.89,-0.23,-2.09,5.9399999999999995,0.06000000000000005,-6.779999999999999,-4.375000000000001,0.5,AIT|AOS|BMI|CSL|IEX|MSA|NDSN|PNR|WTS|XYL,AIT|AOS|BMI|CSL|IEX|MSA|NDSN|PNR|WTS|XYL
FEMY,10,9,15.32,-24.97,-62.4,-2.55,1.67,5.78,13.65,-30.75,-45.459999999999994,0.8888888888888888,AXSM|HOOK|HSDT|IOVA|KALA|LBRT|MANH|TMDX|VIVS|VRCA,AXSM|HSDT|IOVA|KALA|LBRT|MANH|TMDX|VIVS|VRCA
FENC,10,9,-5.64,10.27,16.72,-4.13,4.42,17.22,-10.059999999999999,-6.949999999999999,-10.560000000000002,0.0,ACAD|AGEN|ALNY|BMRN|IONS|NBIX|PRQR|SRPT|VRTX|XOMA,ACAD|AGEN|ALNY|BMRN|IONS|NBIX|PRQR|SRPT|VRTX
FENG,10,10,1.31,9.15,-8.82,0.9,-1.53,-1.79,2.84,10.940000000000001,-3.9850000000000003,0.8,BABA|BIDU|IQ|JD|JOYY|MOMO|NTES|SOHU|TME|WB,BABA|BIDU|IQ|JD|JOYY|MOMO|NTES|SOHU|TME|WB
FER,10,10,-1.33,-0.73,-5.57,-1.53,-0.565,2.92,-0.7650000000000001,-3.65,-1.0500000000000007,0.4,ACM|DY|EME|FLR|GVA|J|KBR|MTZ|PWR|ROAD,ACM|DY|EME|FLR|GVA|J|KBR|MTZ|PWR|ROAD
FERA,0,0,0.1,0.37,0.96,0.1,,,,,,,,
FERG,10,9,-2.59,5.26,7.1,-0.58,-1.79,-1.88,-0.7999999999999998,7.14,1.2299999999999995,0.3333333333333333,AIT|BECN|FAST|GWW|HD|LOW|MSM|POOL|SITE|WSO,AIT|FAST|GWW|HD|LOW|MSM|POOL|SITE|WSO
FET,10,9,-4.09,36.73,38.68,-2.92,1.21,6.77,-5.3,29.959999999999997,38.25,0.1111111111111111,CLB|ENSV|FTI|HLX|INVX|NBR|NINE|OII|PUMP|TDW,CLB|FTI|HLX|INVX|NBR|NINE|OII|PUMP|TDW
FF,10,9,-0.88,15.37,40.4,-1.4,4.1,-8.67,-4.9799999999999995,24.04,47.92,0.2222222222222222,ADM|ALTO|AMTX|BIOX|BYND|CLNE|DAR|GEVO|GPRE|ORGN,ADM|ALTO|AMTX|BIOX|BYND|CLNE|DAR|GEVO|GPRE
FFAI,10,7,-32.48,-73.43,-93.66,-1.55,0.86,-7.71,-33.339999999999996,-65.72000000000001,-74.85,0.0,EVGO|GOEV|LCID|LI|NIO|NKLA|RIVN|SBLX|TSLA|XPEV,EVGO|LCID|LI|NIO|RIVN|TSLA|XPEV
FFBC,10,9,-4.53,-3.47,7.63,-0.38,-4.19,-3.15,-0.33999999999999986,-0.3200000000000003,-2.87,0.3333333333333333,BKU|CMA|FITB|FNB|HBAN|KEY|MTB|PNC|RF|USB,BKU|FITB|FNB|HBAN|KEY|MTB|PNC|RF|USB
FFIN,10,9,-2.75,-1.49,6.43,0.09,-2.96,-3.33,0.20999999999999996,1.84,1.3599999999999994,0.5555555555555556,BOH|BOKF|CFR|EFSC|FGBI|IBTX|OZK|PB|PBHC|SBSI,BOH|BOKF|CFR|EFSC|FGBI|OZK|PB|PBHC|SBSI
FFIV,9,8,-8.56,-5.04,-0.53,-0.58,-8.505,2.6550000000000002,-0.054999999999999716,-7.695,-16.28,0.5,AKAM|ANET|CHKP|CRWD|CSCO|FTNT|JNPR|MSFT|PANW,AKAM|ANET|CHKP|CRWD|CSCO|FTNT|MSFT|PANW
FG,10,10,-18.38,-24.96,-19.64,-4.88,-3.475,-0.78,-14.905,-24.18,-25.675,0.0,AFL|AIG|BHF|HIG|LNC|MET|PFG|PRU|UNM|VOYA,AFL|AIG|BHF|HIG|LNC|MET|PFG|PRU|UNM|VOYA
FGBI,10,7,6.94,-4.57,-0.39,-2.9,-3.58,0.82,10.52,-5.390000000000001,-9.350000000000001,1.0,BKU|CATY|EBTC|EVBN|FULT|PFBC|SNV|UBSI|UVSP|WASH,BKU|CATY|FULT|PFBC|UBSI|UVSP|WASH
FGI,10,10,-24.19,100.11,62.73,0.74,-1.65,2.135,-22.540000000000003,97.975,56.035,0.0,DHI|JELD|LECO|LEN|LII|MAS|NVR|OC|PHM|TOL,DHI|JELD|LECO|LEN|LII|MAS|NVR|OC|PHM|TOL
FGL,0,0,-40.68,-72.74,-84.09,-20.17,,,,,,,,
FGNX,10,10,-2.37,15.24,2.21,1.23,-4.95,11.41,2.58,3.83,-6.95,0.9,APO|ARES|BAM|BX|CG|HLNE|KKR|MS|NDAQ|PSEC,APO|ARES|BAM|BX|CG|HLNE|KKR|MS|NDAQ|PSEC
FHB,10,9,-4.49,-7.64,-2.03,-0.62,-3.17,-1.03,-1.3200000000000003,-6.609999999999999,-11.819999999999999,0.2222222222222222,BOH|CFR|CVBF|EWBC|FULT|PNFP|SNV|UBSI|WAL|ZION,BOH|CFR|CVBF|EWBC|FULT|PNFP|UBSI|WAL|ZION
FHI,10,9,0.18,10.43,18.43,-0.49,-1.42,4.6,1.5999999999999999,5.83,7.469999999999999,0.6666666666666666,AB|AMP|BEN|BLK|IVZ|JHG|PFG|SCHW|STT|TROW,AB|AMP|BEN|BLK|IVZ|PFG|SCHW|STT|TROW
FHN,10,10,-5.04,-3.93,1.98,-0.68,-3.96,-1.725,-1.08,-2.205,-10.419999999999998,0.1,BAC|C|COF|JPM|KEY|PNC|RF|TFC|USB|WFC,BAC|C|COF|JPM|KEY|PNC|RF|TFC|USB|WFC
FHTX,10,9,14.41,42.51,85.63,5.38,2.55,13.97,11.86,28.54,76.19,1.0,ABEO|BEAM|BLUE|CRSP|EDIT|NTLA|PASG|QURE|SRPT|VYGR,ABEO|BEAM|CRSP|EDIT|NTLA|PASG|QURE|SRPT|VYGR
FIBK,10,8,-3.22,-2.08,6.85,-0.69,-3.075,-2.14,-0.14500000000000002,0.06000000000000005,2.2249999999999996,0.375,BOH|CADE|CMA|EWBC|FFIN|FHN|HTH|PB|WAL|ZION,BOH|EWBC|FFIN|FHN|HTH|PB|WAL|ZION
FICO,10,10,5.48,-4.09,-4.77,0.85,1.625,6.545,3.8550000000000004,-10.635,-15.09,0.9,ADBE|AXP|FLGT|INTU|MA|MSCI|PYPL|SPGI|TRU|V,ADBE|AXP|FLGT|INTU|MA|MSCI|PYPL|SPGI|TRU|V
FIEE,0,0,-5.49,27.4,-26.31,-0.21,,,,,,,,
FIG,0,0,3.74,27.32,21.06,2.02,,,,,,,,
FIGR,0,0,13.8,20.77,-0.33,-1.63,,,,,,,,
FIGS,9,8,-2.83,45.36,18.49,-0.48,-4.355,-5.54,1.5250000000000004,50.9,23.08,0.75,COLM|LEVI|LULU|NKE|PVH|RL|SKX|UA|VFC,COLM|LEVI|LULU|NKE|PVH|RL|UA|VFC
FIGX,0,0,0.19,0.49,0.98,0.0,,,,,,,,
FINS,10,9,-0.95,-0.08,-0.71,-0.4,-3.9,-2.27,2.95,2.19,-12.399999999999999,1.0,BAC|BK|C|GS|JPM|MS|PNC|TFC|USB|WFC,BAC|C|GS|JPM|MS|PNC|TFC|USB|WFC
FINV,10,10,-3.64,-8.87,-8.49,-1.24,-2.755,-2.85,-0.8850000000000002,-6.02,6.1899999999999995,0.4,AIHS|HTT|JFIN|LU|LX|QFIN|SOS|TIGR|XYF|YRD,AIHS|HTT|JFIN|LU|LX|QFIN|SOS|TIGR|XYF|YRD
FINW,10,10,-0.11,2.17,2.48,-1.94,-3.71,-2.575,3.6,4.745,-4.73,1.0,ALLY|AXP|BAC|C|GS|JPM|MS|PNC|TFC|WFC,ALLY|AXP|BAC|C|GS|JPM|MS|PNC|TFC|WFC
FIP,10,9,-18.26,-15.35,-9.95,-6.18,0.29,-2.11,-18.55,-13.24,-8.2,0.0,ARE|CCI|CUBE|FR|MPW|OHI|PLD|SBRA|STAG|VNO,ARE|CCI|CUBE|FR|OHI|PLD|SBRA|STAG|VNO
FIS,7,7,-7.46,0.74,-4.33,0.45,-1.45,14.51,-6.01,-13.77,-24.03,0.0,ADP|GPN|INTU|JKHY|PAYX|WU|XYZ,ADP|GPN|INTU|JKHY|PAYX|WU|XYZ
FISI,10,9,-2.9,4.59,15.88,-0.57,-4.37,-1.52,1.4700000000000002,6.109999999999999,10.490000000000002,1.0,FFIC|FNB|FULT|GBCI|HAFC|HWC|OFG|RNST|UBSI|WAFD,FNB|FULT|GBCI|HAFC|HWC|OFG|RNST|UBSI|WAFD
FISV,10,10,-7.24,2.51,-8.74,-1.17,-0.29,10.094999999999999,-6.95,-7.584999999999999,-26.695,0.1,ADP|FIS|GPN|JKHY|MA|PAYX|PYPL|V|WU|XYZ,ADP|FIS|GPN|JKHY|MA|PAYX|PYPL|V|WU|XYZ
FITB,10,10,-5.68,-5.24,11.85,-0.58,-3.91,-2.145,-1.7699999999999996,-3.095,0.7550000000000008,0.0,BAC|C|HBAN|JPM|KEY|PNC|RF|TFC|USB|WFC,BAC|C|HBAN|JPM|KEY|PNC|RF|TFC|USB|WFC
FIVE,9,9,-0.59,17.28,9.28,-0.71,-6.76,-4.12,6.17,21.400000000000002,3.3099999999999996,0.6666666666666666,BURL|DG|DLTR|KSS|OLLI|ROST|TGT|TJX|WMT,BURL|DG|DLTR|KSS|OLLI|ROST|TGT|TJX|WMT
FIVN,10,10,-2.97,42.9,47.13,0.17,-2.585,21.765,-0.38500000000000023,21.134999999999998,35.515,0.4,ADBE|CRM|CSCO|EGHT|HUBS|NICE|RNG|TEAM|TWLO|ZM,ADBE|CRM|CSCO|EGHT|HUBS|NICE|RNG|TEAM|TWLO|ZM
FIX,10,10,-3.39,-6.81,-9.07,-1.6,-4.61,2.9450000000000003,1.2200000000000002,-9.754999999999999,-4.340000000000001,0.6,AMRC|APG|CSL|DY|EME|FLEX|JCI|KBR|MTZ|PWR,AMRC|APG|CSL|DY|EME|FLEX|JCI|KBR|MTZ|PWR
FIZZ,10,8,3.96,4.66,2.16,1.36,1.835,6.279999999999999,2.125,-1.6199999999999992,-7.739999999999998,0.75,BF-B|CELH|COKE|FARM|KDP|KO|MNST|PEP|PRMW|SAM,BF-B|CELH|COKE|KDP|KO|MNST|PEP|SAM
FJET,0,0,-6.61,0.67,-27.14,-5.77,,,,,,,,
FKWL,10,9,1.67,2.75,-18.46,0.0,-3.11,-0.47,4.779999999999999,3.2199999999999998,-9.540000000000001,0.8888888888888888,AVNW|CIEN|CSCO|ERIC|JNPR|MSI|NOK|QCOM|S|UIS,AVNW|CIEN|CSCO|ERIC|MSI|NOK|QCOM|S|UIS
FLD,0,0,-1.63,0.34,-63.34,-10.46,,,,,,,,
FLEX,10,10,-11.17,-13.06,-16.05,-2.32,-7.325,-2.42,-3.8449999999999998,-10.64,-10.225000000000001,0.3,APH|ARW|AVT|CLS|GLW|HPQ|JBL|SANM|TEL|TTMI,APH|ARW|AVT|CLS|GLW|HPQ|JBL|SANM|TEL|TTMI
FLG,10,10,-5.29,-9.17,-1.13,-1.28,-3.91,-2.145,-1.38,-7.025,-12.224999999999998,0.1,BAC|BKU|C|FITB|HBAN|PNC|RF|TFC|USB|WFC,BAC|BKU|C|FITB|HBAN|PNC|RF|TFC|USB|WFC
FLGT,10,8,7.83,2.97,22.55,1.9,4.965,13.34,2.865,-10.37,-16.150000000000002,0.75,CDNA|EXAS|GH|ILMN|MYGN|OMIC|ONC|QGEN|TXG|VCYT,CDNA|GH|ILMN|MYGN|ONC|QGEN|TXG|VCYT
FLL,10,9,-11.74,-13.98,-25.91,-1.93,-3.07,-5.72,-8.67,-8.260000000000002,-33.39,0.1111111111111111,BALY|BYD|CHDN|CZR|GDEN|LVS|MGM|PENN|RRR|WYNN,BALY|BYD|CHDN|CZR|LVS|MGM|PENN|RRR|WYNN
FLNC,9,9,-15.51,-23.81,-41.02,-7.5,-2.4,-3.89,-13.11,-19.919999999999998,-28.990000000000002,0.0,AES|ENPH|FSLR|NEE|NOV|NRG|ORA|RUN|SEDG,AES|ENPH|FSLR|NEE|NOV|NRG|ORA|RUN|SEDG
FLNG,10,10,6.91,5.11,-0.99,-0.23,4.51,5.88,2.4000000000000004,-0.7699999999999996,0.51,0.9,CMRE|DHT|DLNG|GLNG|LNG|NMM|NVGS|SFL|STNG|TK,CMRE|DHT|DLNG|GLNG|LNG|NMM|NVGS|SFL|STNG|TK
FLNT,10,10,-0.72,19.54,49.91,1.22,-4.295,13.015,3.575,6.524999999999999,42.665,0.9,ACMR|APP|APPS|CRTO|DV|MGNI|PERI|PUBM|TTD|ZS,ACMR|APP|APPS|CRTO|DV|MGNI|PERI|PUBM|TTD|ZS
FLO,10,9,-1.93,-10.59,2.0,-1.01,1.85,6.21,-3.7800000000000002,-16.8,-14.84,0.0,CPB|GIS|HRL|HSY|K|KHC|MDLZ|MKC|SJM|TSN,CPB|GIS|HRL|HSY|KHC|MDLZ|MKC|SJM|TSN
FLOC,0,0,0.09,10.26,-18.9,0.96,,,,,,,,
FLR,10,10,0.16,1.6,20.69,-3.11,-0.565,4.485,0.725,-2.8850000000000002,25.42,0.8,ACM|DY|EME|FIX|GGG|KBR|MTZ|PWR|STN|TTEK,ACM|DY|EME|FIX|GGG|KBR|MTZ|PWR|STN|TTEK
FLS,10,10,-3.58,14.08,14.6,0.49,-4.359999999999999,1.33,0.7799999999999994,12.75,4.754999999999999,0.6,AME|DOV|EMR|ETN|GE|IR|ITT|MMM|ROK|XYL,AME|DOV|EMR|ETN|GE|IR|ITT|MMM|ROK|XYL
FLUT,10,9,1.28,-0.22,2.93,0.42,-2.38,-1.1,3.66,0.8800000000000001,3.5100000000000002,0.7777777777777778,BALY|CHDN|CZR|DKNG|GAN|LVS|MGM|PENN|RSI|WYNN,BALY|CHDN|CZR|DKNG|LVS|MGM|PENN|RSI|WYNN
FLUX,10,10,17.93,8.25,-27.04,-1.32,-4.95,-6.665,22.88,14.915,-4.07,1.0,AMD|BE|BLDP|ENPH|ENS|FCEL|JKS|NUV|PLUG|TSLA,AMD|BE|BLDP|ENPH|ENS|FCEL|JKS|NUV|PLUG|TSLA
FLWS,10,10,-4.18,-7.36,-1.64,-4.41,-0.315,-5.555,-3.8649999999999998,-1.8050000000000006,-1.27,0.3,AMZN|CHWY|CMRC|EBAY|ETSY|FVRR|GRPN|PRTS|RVLV|SFIX,AMZN|CHWY|CMRC|EBAY|ETSY|FVRR|GRPN|PRTS|RVLV|SFIX
FLX,0,0,-0.96,-8.91,-20.53,1.64,,,,,,,,
FLXS,10,9,6.22,5.37,42.99,1.05,-2.73,-7.93,8.95,13.3,22.360000000000003,1.0,ARHS|BSET|FOUR|HNI|KTB|LEG|RH|SGI|SNBR|W,ARHS|BSET|FOUR|HNI|KTB|LEG|RH|SGI|W
FLY,0,0,-14.2,13.49,-47.8,-9.13,,,,,,,,
FLYE,9,8,-7.55,-12.97,-3.59,-9.04,-10.785,-9.004999999999999,3.2350000000000003,-3.9650000000000016,-6.5,1.0,AAL|ALGT|ALK|DAL|JBLU|LUV|SAVE|SKYW|UAL,AAL|ALGT|ALK|DAL|JBLU|LUV|SKYW|UAL
FLYW,10,10,3.48,14.12,18.64,0.24,-2.465,3.6849999999999996,5.945,10.434999999999999,4.219999999999999,1.0,ADP|AFRM|FIS|GPN|JPM|MA|PYPL|V|WU|XYZ,ADP|AFRM|FIS|GPN|JPM|MA|PYPL|V|WU|XYZ
FLYX,9,8,-1.17,10.0,-48.16,2.02,-10.785,-9.004999999999999,9.615,19.005,-51.06999999999999,1.0,AAL|ALGT|ALK|DAL|JBLU|LUV|SAVE|SKYW|UAL,AAL|ALGT|ALK|DAL|JBLU|LUV|SKYW|UAL
FMAO,10,8,-5.89,9.08,20.64,-0.75,-4.135,-2.4050000000000002,-1.755,11.485,12.66,0.0,BANF|FFIC|FRME|FSBC|HBNC|HOMB|IBTX|ONB|PEBO|SBCF,BANF|FRME|FSBC|HBNC|HOMB|ONB|PEBO|SBCF
FMBH,10,10,-4.01,3.15,15.62,-0.16,-4.045,-2.5300000000000002,0.03500000000000014,5.68,4.584999999999999,0.5,BAC|C|HBAN|JPM|KEY|PNC|TFC|USB|WFC|ZION,BAC|C|HBAN|JPM|KEY|PNC|TFC|USB|WFC|ZION
FMC,10,10,6.4,-8.23,-14.81,0.0,4.665,5.385,1.7350000000000003,-13.615,-19.065,0.6,ALB|APD|ASH|CF|CTVA|DD|EMN|LYB|MOS|NTR,ALB|APD|ASH|CF|CTVA|DD|EMN|LYB|MOS|NTR
FMFC,0,0,-4.66,-13.46,-42.89,0.49,,,,,,,,
FMNB,10,9,-5.01,3.73,10.51,-0.61,-4.14,-1.91,-0.8700000000000001,5.64,1.0,0.1111111111111111,FCBC|FCNCA|FFBC|FFIN|FISI|FNB|FRME|FSFG|FULT|FUNC,FCBC|FCNCA|FFBC|FFIN|FISI|FNB|FRME|FULT|FUNC
FMS,10,9,0.86,-1.92,7.35,-0.02,-1.82,1.86,2.68,-3.7800000000000002,-5.640000000000001,0.6666666666666666,ACHC|ADUS|AMED|AMWL|DVA|HIMS|MEDP|NXRT|OPCH|PRVA,ACHC|ADUS|AMWL|DVA|HIMS|MEDP|NXRT|OPCH|PRVA
FMST,10,9,-14.62,-35.09,-28.39,-5.93,-2.88,5.06,-11.739999999999998,-40.150000000000006,-3.3500000000000014,0.3333333333333333,ACDC|ALB|AMRC|CTGO|GFL|LAC|PLL|SGML|SLI|SQM,ACDC|ALB|AMRC|CTGO|GFL|LAC|SGML|SLI|SQM
FMX,10,10,2.69,-8.62,-0.72,0.78,1.76,5.175,0.9299999999999999,-13.794999999999998,-3.425,0.8,BUD|DEO|HSY|KDP|KO|KOF|MNST|PEP|STZ|TAP,BUD|DEO|HSY|KDP|KO|KOF|MNST|PEP|STZ|TAP
FN,10,8,-22.43,-14.45,-33.64,-3.42,-7.335000000000001,-11.989999999999998,-15.094999999999999,-2.460000000000001,-16.01,0.0,AAOI|ADTN|CIEN|COHR|EXTR|INFN|JNPR|LITE|MKSI|NTGR,AAOI|ADTN|CIEN|COHR|EXTR|LITE|MKSI|NTGR
FNB,10,9,-4.37,-1.99,5.39,-0.46,-4.61,-3.41,0.2400000000000002,1.4200000000000002,-5.97,0.5555555555555556,CFG|CMA|FITB|HBAN|KEY|MTB|PNC|RF|USB|ZION,CFG|FITB|HBAN|KEY|MTB|PNC|RF|USB|ZION
FND,10,8,-5.96,2.2,17.75,-3.54,-2.07,5.8,-3.89,-3.5999999999999996,6.16,0.0,AWI|BLD|FAST|HD|LOW|MAS|MHK|OC|TTSH|WMS,AWI|FAST|HD|LOW|MAS|MHK|OC|WMS
FNF,10,10,-2.41,-4.81,-2.73,-1.29,0.43,1.2000000000000002,-2.8400000000000003,-6.01,-8.35,0.1,ES|ESNT|FAF|ITIC|LZ|MTG|NMIH|ORC|RDN|STC,ES|ESNT|FAF|ITIC|LZ|MTG|NMIH|ORC|RDN|STC
FNGR,10,10,-21.04,-25.77,-73.28,-3.84,-0.405,12.844999999999999,-20.634999999999998,-38.614999999999995,-74.81,0.0,AAPL|AMZN|GOOGL|LYFT|MSFT|NFLX|SNAP|TSLA|UBER|ZM,AAPL|AMZN|GOOGL|LYFT|MSFT|NFLX|SNAP|TSLA|UBER|ZM
FNKO,10,10,2.76,3.1,25.15,2.93,-2.06,1.285,4.82,1.8150000000000002,22.994999999999997,0.9,AMZN|BBY|COST|ELF|GOOGL|HAS|JAKK|MAT|TGT|WMT,AMZN|BBY|COST|ELF|GOOGL|HAS|JAKK|MAT|TGT|WMT
FNLC,10,10,-2.66,2.0,20.52,0.13,-4.13,-0.385,1.4699999999999998,2.385,10.945,0.8,ASB|CBSH|FULT|HOMB|ONB|SFNC|TMP|UBSI|VLY|WBS,ASB|CBSH|FULT|HOMB|ONB|SFNC|TMP|UBSI|VLY|WBS
FNV,10,9,10.59,19.61,13.72,2.0,12.0,33.01,-1.4100000000000001,-13.399999999999999,-4.229999999999999,0.3333333333333333,AEM|AU|B|BTG|EGO|NEM|OR|RGLD|SAND|WPM,AEM|AU|B|BTG|EGO|NEM|OR|RGLD|WPM
FNWB,9,8,-2.99,-8.47,12.79,-1.78,-4.01,3.455,1.0199999999999996,-11.925,-2.125,0.625,BANR|BFIN|BYFC|CFFI|CZNC|HBCP|HOPE|QCRH|TBBK,BANR|BYFC|CFFI|CZNC|HBCP|HOPE|QCRH|TBBK
FNWD,10,10,-3.51,-2.71,28.92,0.82,-4.345000000000001,-3.21,0.8350000000000009,0.5,18.865000000000002,0.8,CBSH|EWBC|FHB|FULT|HBNC|HOMB|LZB|MTB|UBSI|ZION,CBSH|EWBC|FHB|FULT|HBNC|HOMB|LZB|MTB|UBSI|ZION
FOA,10,10,-8.02,-13.31,10.03,-3.12,-1.0,-2.63,-7.02,-10.68,14.59,0.0,AGNC|CIM|HTGC|IVR|NLY|PFSI|PMT|RKT|SACH|TWO,AGNC|CIM|HTGC|IVR|NLY|PFSI|PMT|RKT|SACH|TWO
FOFO,0,0,1.58,7.98,12.47,0.59,,,,,,,,
FOR,10,8,-1.39,6.17,11.76,-1.09,-2.52,0.15,1.1300000000000001,6.02,4.05,0.625,BZH|DHI|HOUS|KBH|LEN|MTH|NVR|PHM|TMHC|TOL,BZH|DHI|KBH|LEN|MTH|NVR|PHM|TOL
FORM,10,10,-12.95,1.08,-8.53,-0.37,-9.385,-4.765,-3.5649999999999995,5.845,-16.345,0.2,AEIS|AMAT|ASML|COHR|COHU|KLAC|LRCX|MTSI|ONTO|TER,AEIS|AMAT|ASML|COHR|COHU|KLAC|LRCX|MTSI|ONTO|TER
FORR,10,10,1.35,32.92,76.76,1.61,1.5150000000000001,25.185000000000002,-0.16500000000000004,7.734999999999999,60.25000000000001,0.4,ACN|ADP|CRM|HUBS|IBM|INTU|IT|MSFT|PAYX|SAP,ACN|ADP|CRM|HUBS|IBM|INTU|IT|MSFT|PAYX|SAP
FORTY,10,8,3.43,6.37,-14.03,-4.24,3.77,26.365000000000002,-0.33999999999999986,-19.995,-14.92,0.375,ACN|CTSH|CYBR|DOX|EPAM|GLOB|INFY|IT|TCS|WIT,ACN|CTSH|DOX|EPAM|GLOB|INFY|IT|WIT
FOSL,9,8,-0.09,34.01,41.14,-2.02,-4.9350000000000005,-9.78,4.845000000000001,43.79,40.37,0.875,GES|LB|LEVI|MOV|PVH|RL|SIG|UAA|VFC,LB|LEVI|MOV|PVH|RL|SIG|UAA|VFC
FOUR,10,10,-0.1,-0.56,13.63,1.74,0.725,10.094999999999999,-0.825,-10.655,-4.3249999999999975,0.3,FIS|GPN|JKHY|MA|PAYC|PYPL|V|WEX|XP|XYZ,FIS|GPN|JKHY|MA|PAYC|PYPL|V|WEX|XP|XYZ
FOX,8,8,4.54,19.97,5.86,0.58,2.275,11.895,2.265,8.075,1.8200000000000003,1.0,AMCX|CHTR|CMCSA|DIS|NFLX|NWSA|SBGI|T,AMCX|CHTR|CMCSA|DIS|NFLX|NWSA|SBGI|T
FOXA,7,7,4.3,20.93,6.45,0.44,2.29,11.81,2.01,9.12,1.7400000000000002,1.0,AMCX|CMCSA|DIS|NFLX|NWSA|SIRI|T,AMCX|CMCSA|DIS|NFLX|NWSA|SIRI|T
FOXF,10,9,1.71,15.21,31.05,-1.11,-0.92,0.99,2.63,14.22,29.05,1.0,ADNT|ALV|AXL|BWA|DAN|GNTX|LEA|MGA|MOD|THRM,ADNT|ALV|BWA|DAN|GNTX|LEA|MGA|MOD|THRM
FOXX,0,0,21.62,13.31,-20.05,9.76,,,,,,,,
FPH,10,9,-0.58,1.18,5.75,-0.19,-2.54,-0.07,1.96,1.25,-3.67,0.7777777777777778,BZH|DHI|KBH|LEN|LGIH|MTH|NVR|PHM|TMHC|TOL,BZH|DHI|KBH|LEN|LGIH|MTH|NVR|PHM|TOL
FPI,10,10,3.74,4.49,-3.02,1.05,-0.155,-4.21,3.895,8.7,-3.685,0.9,COLD|DE|EGP|FR|LAND|PLD|REXR|REZI|STAG|TRNO,COLD|DE|EGP|FR|LAND|PLD|REXR|REZI|STAG|TRNO
FR,10,9,-0.55,-6.99,1.14,0.35,-0.51,-4.19,-0.040000000000000036,-2.8,2.33,0.4444444444444444,EGP|FRPH|GOOD|PLD|PLYM|REXR|SLG|STAG|TRNO|WPC,EGP|FRPH|GOOD|PLD|REXR|SLG|STAG|TRNO|WPC
FRAF,10,8,-4.64,-0.81,7.52,-1.07,-3.8949999999999996,1.435,-0.7450000000000001,-2.245,-4.184999999999999,0.25,CAC|CFFI|FSFG|FULT|HBNC|NWBI|OSBC|SASR|THFF|UVSP,CAC|CFFI|FULT|HBNC|NWBI|OSBC|THFF|UVSP
FRBA,10,10,-5.53,3.21,15.94,-0.89,-3.925,-3.215,-1.6050000000000004,6.425,9.805,0.0,BCBP|CPF|FFBC|FULT|OCFC|PROV|SBSI|TRST|VLY|WSBF,BCBP|CPF|FFBC|FULT|OCFC|PROV|SBSI|TRST|VLY|WSBF
FRD,10,8,-2.91,30.11,106.36,-3.61,-7.705,5.51,4.795,24.6,98.845,0.75,ATI|CMC|MT|NUE|RS|SIM|STLD|TX|X|ZEUS,ATI|CMC|MT|NUE|RS|SIM|STLD|TX
FRGT,10,10,-25.81,-54.78,-59.75,-8.52,-3.505,-10.23,-22.305,-44.55,-57.71,0.0,ARCB|CHRW|EXPD|JBHT|KNX|LSTR|ODFL|SNDR|WERN|XPO,ARCB|CHRW|EXPD|JBHT|KNX|LSTR|ODFL|SNDR|WERN|XPO
FRHC,10,10,13.33,5.1,12.72,5.02,-3.3200000000000003,-3.565,16.65,8.665,8.190000000000001,1.0,AMTD|EVR|GS|IBKR|LAZ|MS|PIPR|RJF|SCHW|SF,AMTD|EVR|GS|IBKR|LAZ|MS|PIPR|RJF|SCHW|SF
FRME,10,10,-4.04,-4.87,3.76,-0.95,-4.13,-0.135,0.08999999999999986,-4.735,-5.885,0.6,BBT|CCBG|FFBC|FULT|HBAN|HOMB|IBCP|ONB|THFF|TMP,BBT|CCBG|FFBC|FULT|HBAN|HOMB|IBCP|ONB|THFF|TMP
FRMI,0,0,-13.41,-13.15,-6.0,-0.78,,,,,,,,
FRO,10,10,8.42,15.73,12.82,-1.15,5.025,11.280000000000001,3.3949999999999996,4.449999999999999,5.155000000000001,0.8,ASC|DHT|FLEX|INSW|LPG|NAT|SB|SFL|STNG|TNK,ASC|DHT|FLEX|INSW|LPG|NAT|SB|SFL|STNG|TNK
FROG,10,9,-5.73,12.57,22.15,-1.66,-5.72,19.53,-0.010000000000000675,-6.960000000000001,-6.120000000000001,0.4444444444444444,DBX|DDOG|ESTC|MDB|OKTA|SMAR|SNOW|TEAM|TWLO|ZS,DBX|DDOG|ESTC|MDB|OKTA|SNOW|TEAM|TWLO|ZS
FRPH,10,10,-0.77,-7.1,-3.56,-0.45,0.06999999999999999,-5.21,-0.84,-1.8899999999999997,-2.765,0.2,AMH|EPRT|FR|GTY|ILPT|LAND|PLD|REXR|STAG|TRNO,AMH|EPRT|FR|GTY|ILPT|LAND|PLD|REXR|STAG|TRNO
FRPT,10,10,3.2,30.06,55.24,0.04,1.81,5.67,1.3900000000000001,24.39,38.27,0.7,CAG|CHWY|CPB|GIS|HRL|KHC|KR|MDLZ|SJM|TSN,CAG|CHWY|CPB|GIS|HRL|KHC|KR|MDLZ|SJM|TSN
FRSH,10,10,2.68,29.42,41.52,-0.42,1.125,27.4,1.5550000000000002,2.020000000000003,25.010000000000005,0.7,ADBE|CRM|HUBS|INTU|MSFT|NOW|ORCL|SAP|TEAM|WDAY,ADBE|CRM|HUBS|INTU|MSFT|NOW|ORCL|SAP|TEAM|WDAY
FRST,10,9,-4.02,1.59,13.07,-0.87,-3.9,-2.02,-0.11999999999999966,3.6100000000000003,-0.03999999999999915,0.4444444444444444,BAC|BK|C|CFG|JPM|PNC|STT|TFC|USB|WFC,BAC|C|CFG|JPM|PNC|STT|TFC|USB|WFC
FRSX,10,9,-14.02,-20.63,-42.68,-2.99,-6.42,-2.55,-7.6,-18.08,-19.355,0.3333333333333333,GM|GOEV|INVZ|LAZR|LIDR|MVIS|NIO|NVDA|OUST|QS,GM|INVZ|LAZR|LIDR|MVIS|NIO|NVDA|OUST|QS
FRT,7,6,-0.62,-5.51,1.81,0.51,-0.185,-6.775,-0.435,1.2650000000000006,3.395,0.3333333333333333,AKR|BRX|KIM|REG|ROIC|SPG|UE,AKR|BRX|KIM|REG|SPG|UE
FSBC,10,10,-4.91,-7.41,7.63,-0.87,-4.055,-2.145,-0.8550000000000004,-5.265000000000001,-3.8949999999999987,0.2,BAC|C|CFG|JPM|PNC|RF|TFC|USB|WFC|ZION,BAC|C|CFG|JPM|PNC|RF|TFC|USB|WFC|ZION
FSBW,10,10,-3.2,-1.18,5.63,-0.76,-3.98,-1.6400000000000001,0.7799999999999998,0.4600000000000002,-1.665,0.9,BANR|CAC|CHCO|COLB|EQBK|GBCI|HFWA|INDB|MBWM|UVSP,BANR|CAC|CHCO|COLB|EQBK|GBCI|HFWA|INDB|MBWM|UVSP
FSEA,10,9,-0.09,1.06,2.24,-0.03,-3.71,-2.38,3.62,3.44,-7.539999999999999,1.0,BANF|BCBP|CCBG|CZNC|EFSC|FFBC|FFIC|FNLC|FULT|NBTB,BANF|BCBP|CCBG|CZNC|EFSC|FFBC|FNLC|FULT|NBTB
FSHP,0,0,0.0,0.0,-0.04,-0.13,,,,,,,,
FSI,10,10,4.65,-0.34,-16.01,-2.56,0.765,4.875,3.8850000000000002,-5.215,-13.515,0.7,ALB|APD|ASH|CE|DD|DOW|EMN|HUN|LYB|PPG,ALB|APD|ASH|CE|DD|DOW|EMN|HUN|LYB|PPG
FSK,10,10,-6.33,9.03,8.03,-1.82,-2.235,6.615,-4.095000000000001,2.414999999999999,4.924999999999999,0.0,ARCC|GAIN|GLAD|HTGC|MAIN|NMFC|PNNT|PSEC|SLRC|TCPC,ARCC|GAIN|GLAD|HTGC|MAIN|NMFC|PNNT|PSEC|SLRC|TCPC
FSLR,8,7,-3.19,3.69,-8.95,-2.74,-5.43,-4.19,2.2399999999999998,7.880000000000001,20.77,0.8571428571428571,ARRY|CSIQ|ENPH|FSLY|JKS|MAXN|RUN|SEDG,ARRY|CSIQ|ENPH|FSLY|JKS|RUN|SEDG
FSLY,10,10,-24.38,10.95,32.59,-4.08,-6.85,9.5,-17.53,1.4499999999999993,29.090000000000003,0.0,AKAM|AMZN|DDOG|GOOGL|IBM|MSFT|NET|ORCL|RPD|ZS,AKAM|AMZN|DDOG|GOOGL|IBM|MSFT|NET|ORCL|RPD|ZS
FSM,10,9,12.3,36.82,24.92,1.29,12.94,32.28,-0.6399999999999988,4.539999999999999,12.100000000000001,0.3333333333333333,AEM|AG|B|HL|KGC|NEM|NG|PAAS|SAND|WPM,AEM|AG|B|HL|KGC|NEM|NG|PAAS|WPM
FSP,10,8,4.26,5.13,-11.31,-5.04,-1.215,-1.615,5.475,6.745,-28.465000000000003,1.0,BRT|BXP|CUZ|EQC|ESRT|HIW|HPP|PGRE|SLG|VNO,BRT|BXP|CUZ|ESRT|HIW|HPP|SLG|VNO
FSS,10,10,-0.87,4.31,8.68,-0.53,-1.7449999999999999,3.6100000000000003,0.8749999999999999,0.6999999999999993,-4.16,0.6,AGCO|CAT|CMCO|DE|FLS|GGG|MTW|OSK|PLOW|TEX,AGCO|CAT|CMCO|DE|FLS|GGG|MTW|OSK|PLOW|TEX
FSTR,10,10,-4.42,-13.15,-3.95,-0.73,1.175,1.56,-5.595,-14.71,-15.335,0.0,CNI|CP|CSX|GATX|GBX|NSC|RAIL|TRN|UNP|WAB,CNI|CP|CSX|GATX|GBX|NSC|RAIL|TRN|UNP|WAB
FSUN,10,10,-3.54,16.25,9.48,-1.26,-4.395,-2.575,0.8549999999999995,18.825,-2.289999999999999,0.8,BAC|C|CFG|FITB|JPM|KEY|PNC|TFC|USB|WFC,BAC|C|CFG|FITB|JPM|KEY|PNC|TFC|USB|WFC
FSV,10,9,2.3,1.7,9.44,-1.62,0.58,-0.16,1.7199999999999998,1.8599999999999999,2.5199999999999996,0.7777777777777778,CBRE|CIGI|EXP|FR|HST|HTH|JLL|KW|OHI|SKT,CBRE|CIGI|EXP|FR|HST|HTH|JLL|OHI|SKT
FTAI,10,8,-8.19,-10.81,-17.26,-5.91,-3.91,3.565,-4.279999999999999,-14.375,-25.53,0.125,AER|AIR|AL|AVAV|CAAP|GE|HEI|LMT|SPR|TDG,AER|AIR|AVAV|CAAP|GE|HEI|LMT|TDG
FTCI,9,8,-11.52,-39.09,-50.8,-4.02,-3.91,-4.04,-7.609999999999999,-35.050000000000004,-24.224999999999998,0.0,ACA|CSIQ|ENPH|FSLR|JKS|MAXN|RUN|SEDG|SHLS,ACA|CSIQ|ENPH|FSLR|JKS|RUN|SEDG|SHLS
FTDR,10,10,-3.47,13.44,29.61,-0.58,-2.635,-2.515,-0.8350000000000004,15.955,22.925,0.2,ADNT|AWI|LEG|MAS|MHK|ROL|RSG|SERV|SPGI|WSM,ADNT|AWI|LEG|MAS|MHK|ROL|RSG|SERV|SPGI|WSM
FTEK,10,9,-4.48,-10.65,-5.14,-1.07,-5.01,-0.44,0.5299999999999994,-10.21,11.629999999999999,0.6666666666666666,AMSC|AQMS|BW|CLIR|CNTY|NAGE|NX|OPTT|PESI|VVPR,AMSC|AQMS|BW|CLIR|CNTY|NAGE|NX|OPTT|PESI
FTFT,10,9,-12.68,-52.34,-85.33,-17.87,8.74,-3.85,-21.42,-48.49,-65.82,0.0,ARBK|BITF|BTBT|BTCS|CAN|EBON|HIVE|MARA|RIOT|SOS,ARBK|BTBT|BTCS|CAN|EBON|HIVE|MARA|RIOT|SOS
FTHM,10,7,-2.46,-17.29,9.19,0.14,-0.91,0.67,-1.5499999999999998,-17.96,11.18,0.42857142857142855,APPF|DOUG|EXPI|HOUS|OPAD|OPEN|RDFN|REX|ZG|ZH,APPF|DOUG|OPAD|OPEN|REX|ZG|ZH
FTI,10,9,2.03,4.17,8.28,1.57,5.58,10.22,-3.5500000000000003,-6.050000000000001,6.209999999999999,0.3333333333333333,BKR|COP|CVX|DVN|HAL|MRO|NOV|OII|SLB|XOM,BKR|COP|CVX|DVN|HAL|NOV|OII|SLB|XOM
FTK,10,10,-30.09,-11.69,18.32,-4.45,0.13,6.115,-30.22,-17.805,23.990000000000002,0.0,BKR|FTI|HAL|HP|NBR|NOV|OIS|RES|SLB|TTI,BKR|FTI|HAL|HP|NBR|NOV|OIS|RES|SLB|TTI
FTLF,10,10,-11.26,-3.31,-0.2,-2.98,-0.91,-1.245,-10.35,-2.065,6.3149999999999995,0.0,CELH|HLF|LFVN|MED|NATR|NBTB|NHTC|THG|USNA|VIV,CELH|HLF|LFVN|MED|NATR|NBTB|NHTC|THG|USNA|VIV
FTNT,8,7,-7.86,-1.69,17.26,-0.22,-5.4,0.12,-2.46,-1.81,14.560000000000002,0.42857142857142855,CHKP|CSCO|FFIV|JNPR|PANW|QLYS|VRNS|ZTWO,CHKP|CSCO|FFIV|PANW|QLYS|VRNS|ZTWO
FTRE,10,10,3.43,-0.32,34.53,1.6,4.720000000000001,12.719999999999999,-1.2900000000000005,-13.04,12.725000000000001,0.1,AMGN|BIIB|BMY|GILD|JNJ|LLY|MRK|PFE|REGN|VRTX,AMGN|BIIB|BMY|GILD|JNJ|LLY|MRK|PFE|REGN|VRTX
FTRK,0,0,-47.42,-68.41,-65.96,0.0,,,,,,,,
FTS,10,10,0.5,-2.97,1.31,0.68,-0.12,-2.915,0.62,-0.05500000000000016,1.07,0.6,AEP|D|DUK|ED|ES|EXC|PEG|PPL|SO|XEL,AEP|D|DUK|ED|ES|EXC|PEG|PPL|SO|XEL
FTV,9,9,-4.11,-1.63,0.41,0.62,-2.1,5.68,-2.0100000000000002,-7.31,-15.09,0.3333333333333333,DHR|EMR|GE|HON|IEX|ITW|MMM|PLTK|ROP,DHR|EMR|GE|HON|IEX|ITW|MMM|PLTK|ROP
FTW,0,0,2.94,-3.99,-5.56,0.17,,,,,,,,
FUBO,10,9,3.47,12.79,10.7,-1.74,2.02,9.86,1.4500000000000002,2.9299999999999997,7.84,0.8888888888888888,ATUS|CMCSA|DIS|FOXA|GOOG|NFLX|PARA|ROKU|T|WBD,CMCSA|DIS|FOXA|GOOG|NFLX|PARA|ROKU|T|WBD
FUFU,10,8,7.42,-5.17,-31.93,5.77,6.765000000000001,-9.09,0.6549999999999994,3.92,-13.129999999999999,0.5,ARBK|BITF|BTBT|CAN|CIFR|HIVE|HUT|MARA|RIOT|SDIG,ARBK|BTBT|CAN|CIFR|HIVE|HUT|MARA|RIOT
FUL,10,10,-0.44,6.46,1.38,-1.59,1.42,5.385,-1.8599999999999999,1.0750000000000002,-6.18,0.2,APD|ASIX|AVY|CC|CE|ECL|EMN|IFF|PPG|SHW,APD|ASIX|AVY|CC|CE|ECL|EMN|IFF|PPG|SHW
FULC,10,8,3.54,3.82,-39.51,-1.76,6.35,14.45,-2.8099999999999996,-10.629999999999999,-47.129999999999995,0.375,BLUE|CRSP|EDIT|IONS|NBIX|NTLA|SGMO|SRPT|ULTA|VRTX,CRSP|EDIT|IONS|NBIX|NTLA|SRPT|ULTA|VRTX
FULT,10,9,-4.14,-3.83,9.79,-0.61,-4.19,-3.15,0.05000000000000071,-0.6800000000000002,-1.9000000000000004,0.5555555555555556,CMA|FITB|HBAN|KEY|MTB|PNC|RF|USB|WFC|ZION,FITB|HBAN|KEY|MTB|PNC|RF|USB|WFC|ZION
FUN,10,10,1.56,-1.97,-13.44,0.19,1.45,11.895,0.1100000000000001,-13.865,-29.375,0.5,CMCSA|CNK|DIS|IMAX|LYV|MTN|NCMI|PLNT|RDI|RICK,CMCSA|CNK|DIS|IMAX|LYV|MTN|NCMI|PLNT|RDI|RICK
FUNC,10,10,-6.58,-1.91,14.92,-1.03,-3.91,-2.145,-2.67,0.2350000000000001,3.1500000000000004,0.0,BAC|C|FITB|HBAN|JPM|PNC|RF|TFC|USB|WFC,BAC|C|FITB|HBAN|JPM|PNC|RF|TFC|USB|WFC
FURY,10,10,2.96,18.56,6.67,-1.52,13.025,33.834999999999994,-10.065000000000001,-15.274999999999995,-6.8050000000000015,0.0,AEM|AGI|AU|B|BTG|GFI|HMY|KGC|NEM|PAAS,AEM|AGI|AU|B|BTG|GFI|HMY|KGC|NEM|PAAS
FUSB,10,9,-0.58,-0.43,3.36,-0.24,-3.29,-1.18,2.71,0.75,-5.110000000000001,0.8888888888888888,BANF|CBFV|EFSC|FFIN|FSBW|FULT|OSBC|SASR|SFBS|TBBK,BANF|CBFV|EFSC|FFIN|FSBW|FULT|OSBC|SFBS|TBBK
FUSE,0,0,-6.1,-16.06,-42.83,-5.32,,,,,,,,
FUTU,10,10,5.72,4.23,-11.34,1.06,-2.9400000000000004,-2.75,8.66,6.98,-20.84,0.9,AMTD|BAC|C|GS|HOOD|IBKR|JPM|MS|SCHW|WFC,AMTD|BAC|C|GS|HOOD|IBKR|JPM|MS|SCHW|WFC
FVCB,10,9,-2.74,2.77,17.02,-0.03,-4.08,0.34,1.3399999999999999,2.43,4.449999999999999,0.7777777777777778,BMRC|BYFC|ESQ|EVBN|FMBH|ORRF|SFBS|SSBI|SYBT|UVSP,BMRC|BYFC|ESQ|FMBH|ORRF|SFBS|SSBI|SYBT|UVSP
FVN,0,0,1.87,8.6,10.7,2.92,,,,,,,,
FVR,0,0,-1.43,-7.43,10.88,-0.12,,,,,,,,
FVRR,10,9,0.55,-13.62,-15.71,-2.26,-1.38,8.43,1.93,-22.049999999999997,-45.81,0.6666666666666666,CDW|DLHC|HSII|KFY|MAN|NSIT|RHI|TBI|TTEC|UPWK,CDW|DLHC|KFY|MAN|NSIT|RHI|TBI|TTEC|UPWK
FWDI,10,8,21.33,16.01,13.13,1.62,-5.16,5.68,26.49,10.330000000000002,7.565000000000001,1.0,AIR|AVAV|CVU|ESLT|HEI|ISSC|KTOS|MRCY|PHLT|SIF,AIR|AVAV|CVU|ESLT|HEI|KTOS|MRCY|SIF
FWONA,10,10,0.68,6.8,15.09,-0.69,2.31,11.895,-1.63,-5.095,10.44,0.3,AAPL|AMCX|CHTR|CMCSA|DIS|FOX|LYV|NFLX|SIRI|T,AAPL|AMCX|CHTR|CMCSA|DIS|FOX|LYV|NFLX|SIRI|T
FWONK,10,10,0.17,7.12,14.84,-0.93,2.31,12.940000000000001,-2.14,-5.820000000000001,9.555,0.1,AMCX|CHTR|CMCSA|DIS|FOXA|LBRDK|NFLX|NWS|SIRI|T,AMCX|CHTR|CMCSA|DIS|FOXA|LBRDK|NFLX|NWS|SIRI|T
FWRD,10,10,-10.5,12.5,114.45,-2.38,-2.84,-10.120000000000001,-7.66,22.62,116.87,0.0,CHRW|EXPD|JBHT|KNX|LSTR|MATX|ODFL|SAIA|WERN|XPO,CHRW|EXPD|JBHT|KNX|LSTR|MATX|ODFL|SAIA|WERN|XPO
FWRG,10,10,-3.93,0.97,13.58,-0.24,-3.7249999999999996,6.85,-0.20500000000000052,-5.88,1.0250000000000004,0.5,BJRI|BLMN|CAKE|CMG|DIN|DRI|EAT|SBUX|TXRH|WING,BJRI|BLMN|CAKE|CMG|DIN|DRI|EAT|SBUX|TXRH|WING
FXNC,10,8,-4.45,5.89,12.35,0.03,-3.7750000000000004,2.58,-0.6749999999999998,3.3099999999999996,1.0549999999999997,0.25,BANF|CHCO|EVBN|FMNB|FVCB|HOPE|LSBK|NBHC|SASR|TMP,BANF|CHCO|FMNB|FVCB|HOPE|LSBK|NBHC|TMP
G,10,9,8.76,24.56,16.38,2.69,0.94,24.91,7.82,-0.3500000000000014,11.079999999999998,1.0,ACN|CTSH|DXC|EPAM|IBM|INFY|IT|LDOS|TCS|WIT,ACN|CTSH|DXC|EPAM|IBM|INFY|IT|LDOS|WIT
GABC,10,10,-3.15,4.08,14.95,-0.03,-4.425000000000001,-1.815,1.2750000000000008,5.895,6.9399999999999995,0.9,BANF|FFBC|FMBH|HBNC|LKFN|MBIN|ONB|PEBO|SFNC|SRCE,BANF|FFBC|FMBH|HBNC|LKFN|MBIN|ONB|PEBO|SFNC|SRCE
GAIA,10,10,11.45,-23.96,-43.19,-3.31,1.83,10.835,9.62,-34.795,-46.345,1.0,AAPL|AMZN|CMCSA|DIS|FUBO|NFLX|PARA|ROKU|SONY|WBD,AAPL|AMZN|CMCSA|DIS|FUBO|NFLX|PARA|ROKU|SONY|WBD
GAIN,10,10,-1.81,-0.43,0.12,-0.25,-1.885,6.615,0.07499999999999996,-7.045,-3.6149999999999998,0.5,ARCC|CGBD|CSWC|GBDC|GLAD|HTGC|MAIN|PNNT|PSEC|TCPC,ARCC|CGBD|CSWC|GBDC|GLAD|HTGC|MAIN|PNNT|PSEC|TCPC
GALT,10,10,-1.13,-0.29,57.92,-4.9,5.37,12.719999999999999,-6.5,-13.009999999999998,36.895,0.0,ABBV|AMGN|BIIB|EXEL|GILD|MRK|NVAX|PFE|REGN|VRTX,ABBV|AMGN|BIIB|EXEL|GILD|MRK|NVAX|PFE|REGN|VRTX
GAME,10,8,17.32,6.74,19.56,7.05,0.375,2.855,16.945,3.8850000000000002,14.379999999999999,1.0,CHWY|DOYU|EA|HUYA|MTCH|RBLX|SKLZ|SPOT|TTWO|U,CHWY|DOYU|HUYA|MTCH|RBLX|SPOT|TTWO|U
GANX,10,10,-9.01,7.07,19.39,-4.83,2.71,3.6899999999999995,-11.719999999999999,3.380000000000001,9.16,0.0,ALNY|BMRN|CRSP|FATE|IONS|NBIX|RARE|SRPT|TVRD|VRTX,ALNY|BMRN|CRSP|FATE|IONS|NBIX|RARE|SRPT|TVRD|VRTX
GAP,0,0,-3.95,-0.33,-12.17,-2.56,,,,,,,,
GASS,10,10,3.79,8.37,-7.8,-1.14,5.025,11.280000000000001,-1.2350000000000003,-2.910000000000002,-18.345,0.3,ASC|DHT|FRO|INSW|NAT|SB|SFL|STNG|TNK|TOPS,ASC|DHT|FRO|INSW|NAT|SB|SFL|STNG|TNK|TOPS
GATX,10,10,-2.2,-2.79,2.6,-0.57,1.175,1.56,-3.375,-4.35,-8.785,0.2,CNI|CP|CSX|GBX|NSC|R|RAIL|TRN|UNP|WAB,CNI|CP|CSX|GBX|NSC|R|RAIL|TRN|UNP|WAB
GAU,10,9,6.7,16.76,-1.76,0.91,13.14,33.01,-6.44,-16.249999999999996,-15.209999999999999,0.1111111111111111,AEM|AU|B|BVN|GFI|HMY|KGC|NEM|NGD|RGLD,AEM|AU|B|BVN|GFI|HMY|KGC|NEM|RGLD
GAUZ,10,10,-30.78,-10.66,-49.99,-9.93,-0.205,5.135,-30.575000000000003,-15.795,-55.83,0.0,ALB|APD|AVNT|CE|CTVA|DD|EMN|MMM|PPG|SCL,ALB|APD|AVNT|CE|CTVA|DD|EMN|MMM|PPG|SCL
GBCI,10,10,-4.73,-7.34,-1.05,-1.13,-3.8899999999999997,-0.96,-0.8400000000000007,-6.38,-6.29,0.1,BANR|BKU|BOH|COLB|EWBC|FIBK|HFWA|PROV|SFNC|WAFD,BANR|BKU|BOH|COLB|EWBC|FIBK|HFWA|PROV|SFNC|WAFD
GBDC,10,10,-1.81,2.4,0.83,-0.09,-2.4850000000000003,6.615,0.6750000000000003,-4.215,-2.275,0.5,ARCC|BDN|CGBD|FLEX|HTGC|MAIN|PSEC|SLRC|TCPC|TPVG,ARCC|BDN|CGBD|FLEX|HTGC|MAIN|PSEC|SLRC|TCPC|TPVG
GBFH,0,0,-5.64,-32.46,-26.41,-1.06,,,,,,,,
GBLI,10,10,-7.28,-2.81,-3.39,-3.46,-0.585,-2.1350000000000002,-6.695,-0.6749999999999998,-7.205,0.0,AIG|ALL|CB|CINF|HIG|PGR|RNR|SIGI|TRV|WRB,AIG|ALL|CB|CINF|HIG|PGR|RNR|SIGI|TRV|WRB
GBR,10,8,5.85,13.47,-2.38,0.14,7.975,8.635,-2.125,4.835000000000001,-10.41,0.125,APA|COP|CVX|DVN|EOG|FANG|HES|MRO|OXY|XOM,APA|COP|CVX|DVN|EOG|FANG|OXY|XOM
GBTG,10,10,-0.03,0.5,0.5,0.07,-0.665,6.355,0.635,-5.855,-7.959999999999999,0.7,ALGT|BKNG|CHH|CNTY|CWT|EXPE|MMYT|SABR|TCOM|TRIP,ALGT|BKNG|CHH|CNTY|CWT|EXPE|MMYT|SABR|TCOM|TRIP
GBX,10,10,-1.0,-10.93,-5.12,0.09,1.175,1.56,-2.175,-12.49,-16.505,0.4,CNI|CP|CSX|NSC|R|RAIL|TRN|UNP|WAB|XPO,CNI|CP|CSX|NSC|R|RAIL|TRN|UNP|WAB|XPO
GCBC,10,10,-2.62,4.43,35.74,-0.95,-4.155,0.465,1.5350000000000001,3.965,22.025000000000002,0.8,ASRV|BMRC|CAC|CCNE|CIVB|FCBC|HBNC|MBWM|PEBO|SYBT,ASRV|BMRC|CAC|CCNE|CIVB|FCBC|HBNC|MBWM|PEBO|SYBT
GCDT,0,0,-22.44,-22.51,-42.76,-2.21,,,,,,,,
GCL,0,0,53.68,61.2,-0.4,10.67,,,,,,,,
GCMG,10,10,-3.2,13.43,30.39,-1.34,-3.675,10.265,0.47499999999999964,3.164999999999999,17.825,0.5,APO|ARES|BLK|BX|CG|HLNE|IVZ|KKR|PAGP|TROW,APO|ARES|BLK|BX|CG|HLNE|IVZ|KKR|PAGP|TROW
GCO,10,8,-3.8,-5.14,2.31,-2.51,-4.355,-10.175,0.5550000000000006,5.035000000000001,5.7,0.625,COLM|CROX|DECK|FL|NKE|RL|SKX|TPR|UA|VFC,COLM|CROX|DECK|NKE|RL|TPR|UA|VFC
GCT,10,10,-6.07,34.77,33.9,-4.09,-0.315,3.285,-5.755,31.485000000000003,27.075,0.2,AMZN|BABA|EBAY|ETSY|JD|MELI|RVLV|SHOP|TGT|WMT,AMZN|BABA|EBAY|ETSY|JD|MELI|RVLV|SHOP|TGT|WMT
GCTK,10,10,-9.33,8.34,-29.98,-4.99,-0.06,6.465,-9.27,1.875,-50.75,0.0,ABT|BBSI|DXCM|LCTX|LOCL|MDT|OSUR|PODD|SENS|TNDM,ABT|BBSI|DXCM|LCTX|LOCL|MDT|OSUR|PODD|SENS|TNDM
GCTS,10,10,-7.24,-5.48,-27.55,0.25,-1.1099999999999999,-7.630000000000001,-6.130000000000001,2.1500000000000004,-11.855,0.3,ADI|AVGO|MCHP|MRVL|NXPI|ON|QCOM|SLAB|SWKS|SYNA,ADI|AVGO|MCHP|MRVL|NXPI|ON|QCOM|SLAB|SWKS|SYNA
GD,10,10,-0.43,4.85,15.16,-0.24,-4.725,6.675,4.295,-1.8250000000000002,16.25,0.9,BA|BWXT|HII|KTOS|LHX|LMT|NOC|RTX|TDG|TXT,BA|BWXT|HII|KTOS|LHX|LMT|NOC|RTX|TDG|TXT
GDC,10,10,29.41,24.74,-91.66,9.56,-1.6300000000000001,-4.735,31.04,29.474999999999998,-82.225,1.0,BIDU|BILI|DOYU|HUYA|IQ|JD|JOYY|PDD|TME|WB,BIDU|BILI|DOYU|HUYA|IQ|JD|JOYY|PDD|TME|WB
GDDY,9,9,-2.15,9.99,6.61,1.54,-2.0,0.48,-0.1499999999999999,9.51,2.0200000000000005,0.3333333333333333,AAPL|AMZN|GOOGL|IBM|MSFT|NTES|SHOP|SPSM|TLS,AAPL|AMZN|GOOGL|IBM|MSFT|NTES|SHOP|SPSM|TLS
GDEV,8,6,-3.16,-5.04,-29.12,6.28,-2.065,0.255,-1.0950000000000002,-5.295,-30.6,0.3333333333333333,CRWD|EA|IMMR|NTES|PLTK|RBLX|SKLZ|TTWO,CRWD|IMMR|NTES|PLTK|RBLX|TTWO
GDHG,10,10,-7.93,-3.75,-29.42,-2.27,1.925,7.665000000000001,-9.855,-11.415000000000001,-39.875,0.1,AMC|CHDN|CNK|DIS|FUN|MTN|PENN|PLAY|PLNT|RICK,AMC|CHDN|CNK|DIS|FUN|MTN|PENN|PLAY|PLNT|RICK
GDOT,10,9,-0.89,0.75,3.72,-0.59,-2.48,3.07,1.5899999999999999,-2.32,-8.91,0.6666666666666666,AXP|DFS|FIS|GPN|JPM|MA|PYPL|V|WU|XYZ,AXP|FIS|GPN|JPM|MA|PYPL|V|WU|XYZ
GDRX,10,9,-6.05,19.28,38.69,-1.27,-0.66,4.54,-5.39,14.740000000000002,25.93,0.0,AMZN|CAH|CI|CVS|DGX|HUM|LH|MCK|UNH|WBA,AMZN|CAH|CI|CVS|DGX|HUM|LH|MCK|UNH
GDS,10,10,-4.23,1.83,-9.17,-0.07,0.32499999999999996,3.1500000000000004,-4.555000000000001,-1.3200000000000003,-5.775,0.1,AMT|BWXT|CCI|COR|DLNG|DLR|EQIX|IRM|SBAC|UNIT,AMT|BWXT|CCI|COR|DLNG|DLR|EQIX|IRM|SBAC|UNIT
GDTC,10,6,4.14,-8.33,-33.33,-2.22,7.915,14.45,-3.7750000000000004,-22.78,-45.964999999999996,0.16666666666666666,ADAP|BLUE|CELU|CLLS|CRSP|EDIT|FATE|NTLA|PSTX|SGMO,CELU|CLLS|CRSP|EDIT|FATE|NTLA
GDYN,10,10,-0.32,41.33,11.16,-0.82,0.635,26.285,-0.9550000000000001,15.044999999999998,7.365,0.4,ACN|CTSH|DXC|EPAM|GLOB|IBM|INFY|INTU|IT|WIT,ACN|CTSH|DXC|EPAM|GLOB|IBM|INFY|INTU|IT|WIT
GE,9,9,-3.87,1.61,15.5,-2.65,-3.63,3.86,-0.2400000000000002,-2.25,11.05,0.4444444444444444,BA|HII|HXL|LMT|MOG-A|NOC|RTX|TDG|TXT,BA|HII|HXL|LMT|MOG-A|NOC|RTX|TDG|TXT
GECC,10,10,1.57,13.44,1.05,0.88,-2.625,8.525,4.195,4.914999999999999,-3.5600000000000005,1.0,ARCC|GSBD|HTGC|MAIN|NMFC|PNNT|PSEC|SLRC|TCPC|TSLX,ARCC|GSBD|HTGC|MAIN|NMFC|PNNT|PSEC|SLRC|TCPC|TSLX
GEF,10,8,-1.37,13.74,38.32,-0.26,-1.3199999999999998,1.4849999999999999,-0.050000000000000266,12.255,22.475,0.5,ATR|BALL|BERY|CCK|GPK|OI|PKG|SEE|SLGN|SON,ATR|BALL|CCK|GPK|OI|PKG|SLGN|SON
GEG,10,10,0.0,-0.92,-1.38,0.0,-3.115,8.525,3.115,-9.445,-6.625,1.0,ARES|BX|CGBD|FDUS|GAIN|KKR|MAIN|NMFC|PFLT|SLRC,ARES|BX|CGBD|FDUS|GAIN|KKR|MAIN|NMFC|PFLT|SLRC
GEHC,8,8,2.03,22.6,17.16,0.88,2.24,14.614999999999998,-0.2100000000000004,7.985000000000003,-1.7050000000000018,0.5,ABT|BDX|BSX|DHR|ISRG|MDT|SYK|ZBH,ABT|BDX|BSX|DHR|ISRG|MDT|SYK|ZBH
GEL,10,9,2.39,7.59,-1.62,-0.09,1.79,-1.59,0.6000000000000001,9.18,-3.41,0.6666666666666666,AM|ENB|ENLC|EPD|ET|KMI|OKE|PAA|TRGP|WMB,AM|ENB|EPD|ET|KMI|OKE|PAA|TRGP|WMB
GELS,0,0,-5.18,-18.89,21.05,-0.9,,,,,,,,
GEMI,0,0,-5.7,-11.08,-19.23,3.09,,,,,,,,
GEN,8,7,-6.65,7.92,10.42,0.24,-7.86,5.03,1.21,2.8899999999999997,-24.799999999999997,0.5714285714285714,CHKP|CYBR|FTNT|OKTA|PANW|QLYS|TENB|ZS,CHKP|FTNT|OKTA|PANW|QLYS|TENB|ZS
GENC,10,10,7.35,26.95,33.07,1.06,-2.55,-0.18999999999999995,9.899999999999999,27.14,21.63,1.0,ASTE|CAT|CMCO|DE|ETN|MTW|PRIM|TEX|TITN|URI,ASTE|CAT|CMCO|DE|ETN|MTW|PRIM|TEX|TITN|URI
GENI,10,9,-0.44,23.63,56.87,1.35,-2.38,-6.11,1.94,29.74,55.07,0.5555555555555556,BALY|BYD|CHDN|CNK|CZR|DKNG|GAN|MGM|RSI|SRAD,BALY|BYD|CHDN|CNK|CZR|DKNG|MGM|RSI|SRAD
GENK,9,9,-10.26,-5.41,-26.78,-1.69,-3.75,21.74,-6.51,-27.15,-58.400000000000006,0.0,BJRI|BLMN|CAKE|DIN|DRI|EAT|RRGB|SHAK|TXRH,BJRI|BLMN|CAKE|DIN|DRI|EAT|RRGB|SHAK|TXRH
GEO,10,9,4.53,1.29,36.66,3.47,0.59,2.1,3.9400000000000004,-0.81,24.179999999999996,1.0,ABM|AMH|AWK|CCI|CWT|CXW|GFL|RSG|SRCL|WM,ABM|AMH|AWK|CCI|CWT|CXW|GFL|RSG|WM
GEOS,10,10,6.23,-23.1,-34.3,-1.27,0.15499999999999997,5.93,6.075,-29.03,-28.629999999999995,0.9,BKR|CLB|DWSN|FTI|HAL|INVX|NOV|OII|OIS|SLB,BKR|CLB|DWSN|FTI|HAL|INVX|NOV|OII|OIS|SLB
GERN,10,10,2.28,11.35,24.6,-0.94,5.41,12.83,-3.1300000000000003,-1.4800000000000004,13.115000000000002,0.3,ACAD|ALLO|ATNM|ETON|EXEL|FATE|GILD|IMMP|ONC|PTCT,ACAD|ALLO|ATNM|ETON|EXEL|FATE|GILD|IMMP|ONC|PTCT
GETY,10,9,-13.65,-43.09,-72.63,2.94,-2.0,-0.35,-11.65,-42.74,-67.50999999999999,0.0,ADBE|EBAY|EVCM|EVRI|GOOGL|NFLX|NTES|SSTK|TTWO|ZM,ADBE|EBAY|EVCM|GOOGL|NFLX|NTES|SSTK|TTWO|ZM
GEV,10,10,-8.89,-2.93,-6.67,-3.18,-2.11,-1.625,-6.780000000000001,-1.3050000000000002,0.25,0.1,AES|BE|BEP|CWEN|DUK|ENPH|FSLR|NEE|NPWR|XEL,AES|BE|BEP|CWEN|DUK|ENPH|FSLR|NEE|NPWR|XEL
GEVO,10,9,-6.38,-13.34,-7.52,-1.62,-5.43,-4.19,-0.9500000000000002,-9.149999999999999,8.23,0.2222222222222222,AMTX|BIOX|CLNE|CREG|CSIQ|DYAI|ENPH|FCEL|PLUG|RUN,AMTX|BIOX|CLNE|CSIQ|DYAI|ENPH|FCEL|PLUG|RUN
GFAI,10,9,0.29,-9.14,-31.22,1.36,-0.74,6.74,1.03,-15.88,-41.879999999999995,0.6666666666666666,ADT|CBZ|CMS|HON|IBM|JNPR|MAS|MMM|MSFT|MSI,ADT|CBZ|CMS|HON|IBM|MAS|MMM|MSFT|MSI
GFF,10,10,-5.39,11.81,20.27,-2.71,-3.3049999999999997,3.91,-2.085,7.9,13.62,0.0,AYI|CSL|EME|LII|MLM|NDSN|SWK|TTC|VMC|WMS,AYI|CSL|EME|LII|MLM|NDSN|SWK|TTC|VMC|WMS
GFI,10,9,14.46,34.66,11.25,3.2,11.53,33.01,2.9300000000000015,1.6499999999999986,-2.880000000000001,0.7777777777777778,AEM|AGI|B|BTG|EGO|IAG|KGC|NEM|NG|SAND,AEM|AGI|B|BTG|EGO|IAG|KGC|NEM|NG
GFL,10,9,-0.97,5.49,12.48,-0.64,1.59,2.26,-2.56,3.2300000000000004,4.69,0.2222222222222222,CLH|CWST|DAR|NKSH|RGCO|RSG|SRCE|SRCL|WCN|WM,CLH|CWST|DAR|NKSH|RGCO|RSG|SRCE|WCN|WM
GFR,10,8,10.17,12.82,22.39,3.96,7.975,8.635,2.1950000000000003,4.1850000000000005,14.36,0.75,APA|COP|CVX|DVN|EOG|FANG|HES|MRO|OXY|XOM,APA|COP|CVX|DVN|EOG|FANG|OXY|XOM
GFS,10,10,-9.5,-18.47,-32.64,-1.85,-4.035,-7.630000000000001,-5.465,-10.839999999999998,-23.84,0.2,ADI|AMD|AVGO|INTC|MRVL|NVDA|ON|QCOM|TSM|TXN,ADI|AMD|AVGO|INTC|MRVL|NVDA|ON|QCOM|TSM|TXN
GGAL,10,10,-6.71,-21.17,-0.12,1.21,-4.449999999999999,-10.285,-2.2600000000000007,-10.885000000000002,-2.6850000000000005,0.2,BBAR|BBD|BMA|BSAC|BSBR|CIB|ITUB|SAN|SMFG|SUPV,BBAR|BBD|BMA|BSAC|BSBR|CIB|ITUB|SAN|SMFG|SUPV
GGB,10,8,-9.48,-8.91,-7.36,-2.57,-8.870000000000001,5.51,-0.6099999999999994,-14.42,-14.875,0.375,ATI|CLF|CMC|MT|NUE|RS|STLD|TX|X|ZEUS,ATI|CLF|CMC|MT|NUE|RS|STLD|TX
GGG,10,10,-0.28,11.04,8.94,-0.79,-3.295,3.755,3.0149999999999997,7.284999999999999,0.5499999999999989,0.9,AME|AOS|DOV|FLS|IR|ITT|LECO|PH|PNR|XYL,AME|AOS|DOV|FLS|IR|ITT|LECO|PH|PNR|XYL
GGR,10,8,3.83,-35.97,-43.37,4.77,0.54,-7.84,3.29,-28.13,-25.209999999999997,0.875,FFAI|KNDI|LCID|LI|NIO|NKLA|RIVN|SBLX|TSLA|XPEV,FFAI|KNDI|LCID|LI|NIO|RIVN|TSLA|XPEV
GH,10,9,6.74,12.96,48.12,4.25,4.94,18.43,1.7999999999999998,-5.469999999999999,17.13,0.5555555555555556,BIO|CDNA|EXAS|FLGT|ILMN|MYGN|NTRA|QGEN|SRPT|TXG,BIO|CDNA|FLGT|ILMN|MYGN|NTRA|QGEN|SRPT|TXG
GHC,10,9,-1.08,1.36,5.24,-1.04,-1.34,2.61,0.26,-1.2499999999999998,5.69,0.5555555555555556,AMCX|GTN|LEE|NWSA|NXST|NYT|SCHL|SSP|TDAY|TGNA,AMCX|GTN|LEE|NWSA|NXST|NYT|SCHL|SSP|TDAY
GHG,10,10,-1.82,-3.57,-6.9,-2.7,2.505,-2.105,-4.325,-1.4649999999999999,-12.525,0.0,DRH|H|HLT|IHG|MAR|PK|RLJ|SHO|WH|XHR,DRH|H|HLT|IHG|MAR|PK|RLJ|SHO|WH|XHR
GHI,10,9,6.53,27.04,24.14,-3.26,-0.87,-2.64,7.4,29.68,24.11,1.0,AIV|AVB|CPT|CSR|EQR|ESS|IRT|MAA|NXRT|UDR,AIV|AVB|CPT|CSR|ESS|IRT|MAA|NXRT|UDR
GHM,10,10,-8.84,-3.91,5.5,-3.39,-3.04,-1.76,-5.8,-2.1500000000000004,0.7649999999999997,0.0,AOS|CR|CW|DOV|IEX|ITT|PNR|SPXC|TDY|XYL,AOS|CR|CW|DOV|IEX|ITT|PNR|SPXC|TDY|XYL
GHRS,10,9,2.48,1.08,28.17,-3.05,3.47,4.38,-0.9900000000000002,-3.3,11.830000000000002,0.3333333333333333,AGIO|ALT|CORT|EXEL|MNKD|NBIX|PRTA|SAGE|URGN|VKTX,AGIO|ALT|CORT|EXEL|MNKD|NBIX|PRTA|URGN|VKTX
GIB,10,10,-0.12,13.7,14.17,-0.35,1.81,21.84,-1.9300000000000002,-8.14,10.375,0.4,ACN|CTSH|DOX|DXC|EPAM|GLOB|IBM|INFY|IT|WIT,ACN|CTSH|DOX|DXC|EPAM|GLOB|IBM|INFY|IT|WIT
GIBO,0,0,0.67,8.89,-8.4,3.06,,,,,,,,
GIC,10,8,-1.29,10.89,31.27,-0.86,-2.8600000000000003,2.295,1.5700000000000003,8.595,19.99,0.75,AIT|BECN|CNM|DXPE|FAST|GWW|MRC|MSM|NNBR|WCC,AIT|CNM|DXPE|FAST|GWW|MSM|NNBR|WCC
GIFT,10,10,-2.17,-7.38,-4.27,-0.64,0.8049999999999999,10.365,-2.9749999999999996,-17.745,-10.86,0.3,CMG|DASH|DPZ|EAT|LYFT|MCD|QSR|UBER|WEN|YUM,CMG|DASH|DPZ|EAT|LYFT|MCD|QSR|UBER|WEN|YUM
GIGM,10,10,-4.64,6.67,-2.7,-0.68,-1.585,-1.68,-3.0549999999999997,8.35,2.0249999999999995,0.3,BABA|BILI|DOYU|HUYA|IQ|JOYY|MOMO|NTES|PDD|ZS,BABA|BILI|DOYU|HUYA|IQ|JOYY|MOMO|NTES|PDD|ZS
GIII,9,9,-2.44,-7.76,11.25,-3.3,-4.74,-6.16,2.3000000000000003,-1.5999999999999996,11.62,0.7777777777777778,AEO|ANF|COLM|KTB|LB|LEVI|PVH|RL|VFC,AEO|ANF|COLM|KTB|LB|LEVI|PVH|RL|VFC
GIL,9,8,-3.21,3.64,-3.41,-3.16,-4.355,-5.54,1.1450000000000005,9.18,1.1799999999999997,0.75,COLM|LEVI|LULU|NKE|PVH|RL|SKX|UA|VFC,COLM|LEVI|LULU|NKE|PVH|RL|UA|VFC
GILD,10,10,5.83,12.16,11.86,-0.95,4.720000000000001,12.18,1.1099999999999994,-0.019999999999999574,-13.065000000000001,0.7,ABBV|AMGN|BIIB|BMY|JNJ|LLY|MRK|PFE|REGN|VRTX,ABBV|AMGN|BIIB|BMY|JNJ|LLY|MRK|PFE|REGN|VRTX
GILT,10,9,-8.3,-6.85,-32.4,-2.45,-6.94,2.78,-1.3600000000000003,-9.629999999999999,-20.269999999999996,0.4444444444444444,ASTS|GSAT|IRDM|LHX|NOC|RDW|SATL|SATS|SPIR|VSAT,ASTS|GSAT|IRDM|LHX|NOC|RDW|SATL|SPIR|VSAT
GIPR,10,10,-60.45,-69.06,-94.06,-8.29,0.14,-3.965,-60.59,-65.095,-95.58,0.0,ADC|BXP|EPRT|FCPT|GTY|NNN|O|SLG|VNO|WPC,ADC|BXP|EPRT|FCPT|GTY|NNN|O|SLG|VNO|WPC
GIS,10,9,1.87,7.39,17.9,-0.89,1.75,6.21,0.1200000000000001,1.1799999999999997,1.0599999999999987,0.6666666666666666,CAG|CPB|HRL|HSY|K|KHC|MDLZ|MKC|PEP|SJM,CAG|CPB|HRL|HSY|KHC|MDLZ|MKC|PEP|SJM
GITS,10,10,-13.47,-18.54,19.29,-1.18,2.1550000000000002,9.535,-15.625,-28.075,16.365,0.1,AAPL|AMZN|CMCSA|DIS|NFLX|PARA|ROKU|SPOT|T|WBD,AAPL|AMZN|CMCSA|DIS|NFLX|PARA|ROKU|SPOT|T|WBD
GIW,0,0,0.3,0.89,1.19,0.0,,,,,,,,
GKOS,10,9,0.05,24.0,31.8,0.0,-1.24,13.62,1.29,10.38,21.630000000000003,0.6666666666666666,ALGN|BAX|BSX|COO|EW|HOLX|ISRG|MDT|SYK|ZBH,ALGN|BAX|BSX|COO|EW|ISRG|MDT|SYK|ZBH
GL,10,10,-4.96,-6.68,11.16,0.14,-3.33,0.6950000000000001,-1.63,-7.375,1.0,0.2,AFL|AIG|BRK-B|CNO|LNC|MET|PFG|PRU|UNM|VOYA,AFL|AIG|BRK-B|CNO|LNC|MET|PFG|PRU|UNM|VOYA
GLBE,10,10,-3.31,14.75,36.03,-1.08,0.16,6.145,-3.47,8.605,22.125,0.2,AMZN|BABA|CMRC|EBAY|ETSY|MELI|PYPL|SHOP|WIX|XYZ,AMZN|BABA|CMRC|EBAY|ETSY|MELI|PYPL|SHOP|WIX|XYZ
GLBS,10,10,-3.49,15.43,78.61,-2.18,6.109999999999999,12.9,-9.6,2.5299999999999994,70.06,0.1,DAC|DSX|GNK|GOGL|NMM|PANL|SB|SBLK|SHIP|TK,DAC|DSX|GNK|GOGL|NMM|PANL|SB|SBLK|SHIP|TK
GLDG,10,9,6.79,29.8,1.02,5.78,14.31,34.66,-7.5200000000000005,-4.859999999999996,-17.580000000000002,0.1111111111111111,AEM|AU|B|BTG|GFI|HMY|IAG|KGC|NEM|NGD,AEM|AU|B|BTG|GFI|HMY|IAG|KGC|NEM
GLE,0,0,0.34,-11.54,-2.99,2.04,,,,,,,,
GLIBA,0,0,-5.49,10.12,2.19,-3.84,,,,,,,,
GLIBK,0,0,-6.75,8.95,-0.13,-4.05,,,,,,,,
GLMD,10,7,11.94,17.72,-1.59,-0.31,4.38,4.97,7.56,12.75,-11.03,1.0,AKRO|BLRX|ESPR|GILD|GNFT|ICCC|MDGL|PBYI|SRPT|VKTX,BLRX|GILD|ICCC|MDGL|PBYI|SRPT|VKTX
GLNG,10,9,4.19,7.29,-3.8,2.13,6.13,4.47,-1.9399999999999995,2.8200000000000003,-2.8099999999999996,0.3333333333333333,ALTM|DLNG|FLNG|GLP|KNOP|LNG|NAT|NMM|NVGS|TK,DLNG|FLNG|GLP|KNOP|LNG|NAT|NMM|NVGS|TK
GLOB,10,9,-4.36,27.82,-6.19,-0.74,-0.09,15.14,-4.2700000000000005,12.68,-10.100000000000001,0.1111111111111111,ACN|CTSH|DXC|EPAM|FIS|IBM|INFY|IT|TCS|WIT,ACN|CTSH|DXC|EPAM|FIS|IBM|INFY|IT|WIT
GLOO,0,0,-2.31,3.35,-35.55,1.8,,,,,,,,
GLP,10,10,1.56,3.13,-2.15,-0.07,1.745,4.745,-0.18500000000000005,-1.6150000000000002,-25.38,0.5,CVI|DK|ENB|ET|MPC|MPLX|PBF|PSX|SUN|VLO,CVI|DK|ENB|ET|MPC|MPLX|PBF|PSX|SUN|VLO
GLPI,10,10,-0.52,-2.88,-8.04,1.22,-1.7349999999999999,-0.56,1.2149999999999999,-2.32,-12.415,0.5,BALY|BYD|CHDN|CZR|LVS|MCRI|MGM|PENN|VICI|WYNN,BALY|BYD|CHDN|CZR|LVS|MCRI|MGM|PENN|VICI|WYNN
GLRE,10,8,-2.61,-5.5,-13.66,0.33,-0.125,-1.3599999999999999,-2.485,-4.140000000000001,-16.48,0.25,ACGL|AIZ|AWH|L|MKL|PRA|RLI|RNR|SIGI|WRB,ACGL|AIZ|L|MKL|RLI|RNR|SIGI|WRB
GLSI,10,10,-2.24,20.67,-41.39,-7.65,4.545,9.655000000000001,-6.785,11.015,-57.91,0.0,AZN|BMY|BNTX|GSK|JNJ|LLY|MRNA|NVAX|PFE|REGN,AZN|BMY|BNTX|GSK|JNJ|LLY|MRNA|NVAX|PFE|REGN
GLUE,10,8,-4.45,-36.38,-18.85,-4.03,6.175000000000001,14.45,-10.625,-50.83,-34.47,0.0,ADPT|BPMC|CRSP|EDIT|EXEL|FATE|NTLA|PTCT|SGMO|SRPT,ADPT|CRSP|EDIT|EXEL|FATE|NTLA|PTCT|SRPT
GLW,9,8,-5.36,-2.6,-16.96,-1.52,-1.4,8.86,-3.9600000000000004,-11.459999999999999,-39.025,0.25,AMCR|APH|AVNT|DHR|EMN|IEX|PKG|SEE|TEL,AMCR|APH|AVNT|DHR|EMN|IEX|PKG|TEL
GLXG,0,0,-14.04,8.89,-2.96,-3.92,,,,,,,,
GLXY,0,0,9.24,-7.68,-17.59,4.5,,,,,,,,
GM,9,9,-1.16,3.97,12.15,0.51,1.21,-0.69,-2.37,4.66,11.6,0.2222222222222222,F|HMC|HOG|LI|NIO|RACE|STLA|TM|TSLA,F|HMC|HOG|LI|NIO|RACE|STLA|TM|TSLA
GMAB,10,10,7.18,16.43,23.45,-1.52,4.390000000000001,9.655000000000001,2.789999999999999,6.774999999999999,6.93,0.9,AMGN|AZN|BMY|GSK|JNJ|LLY|MRK|NVS|PFE|REGN,AMGN|AZN|BMY|GSK|JNJ|LLY|MRK|NVS|PFE|REGN
GME,10,8,-3.45,-17.0,-20.49,-0.58,-2.6500000000000004,0.355,-0.7999999999999998,-17.355,-28.555,0.25,AEO|ASO|BBY|BGFV|DKS|ETSY|ODP|TSCO|ULTA|WSM,AEO|ASO|BBY|DKS|ETSY|TSCO|ULTA|WSM
GMED,10,9,1.84,15.92,4.15,-0.91,-0.6,11.83,2.44,4.09,-13.860000000000001,0.7777777777777778,BAX|BSX|HOLX|IART|JNJ|MEDP|MTD|SYK|TFX|ZBH,BAX|BSX|IART|JNJ|MEDP|MTD|SYK|TFX|ZBH
GMHS,0,0,1.95,-17.66,-24.56,-1.07,,,,,,,,
GMM,10,8,-10.34,-11.26,-96.39,-1.52,-1.8199999999999998,7.694999999999999,-8.52,-18.955,-96.795,0.0,AAPL|ADSK|GOOGL|MSFT|MTTR|NVDA|RBLX|SNAP|U|VRAR,AAPL|ADSK|GOOGL|MSFT|NVDA|RBLX|SNAP|U
GNE,10,10,3.02,4.16,11.05,0.69,-0.125,-3.385,3.145,7.545,11.075000000000001,1.0,AEP|D|DUK|ED|ES|EXC|NEE|PEG|SO|XEL,AEP|D|DUK|ED|ES|EXC|NEE|PEG|SO|XEL
GNK,10,10,0.65,2.87,8.55,-0.14,6.01,12.785,-5.359999999999999,-9.915,-3.91,0.1,ASC|CMRE|DAC|DSX|ESEA|GOGL|NAT|NMM|SB|SBLK,ASC|CMRE|DAC|DSX|ESEA|GOGL|NAT|NMM|SB|SBLK
GNL,10,10,-0.5,-2.02,-4.93,-0.41,0.43,-3.965,-0.9299999999999999,1.9449999999999998,-6.26,0.3,EPRT|FCPT|GOOD|LXP|NNI|NNN|O|PINE|VICI|WPC,EPRT|FCPT|GOOD|LXP|NNI|NNN|O|PINE|VICI|WPC
GNLN,10,10,54.92,30.57,-12.57,0.0,0.335,11.51,54.585,19.060000000000002,-13.545,1.0,ACB|BTI|CGC|CRON|GRWG|MO|OGI|PM|SNDL|TLRY,ACB|BTI|CGC|CRON|GRWG|MO|OGI|PM|SNDL|TLRY
GNLX,10,10,1.14,-10.14,-9.22,-0.75,4.720000000000001,12.719999999999999,-3.580000000000001,-22.86,-30.08,0.0,AMGN|BIIB|BMY|GILD|LLY|MRNA|NVS|PFE|REGN|VRTX,AMGN|BIIB|BMY|GILD|LLY|MRNA|NVS|PFE|REGN|VRTX
GNPX,9,8,-16.63,-51.72,-76.64,1.76,2.425,12.32,-19.055,-64.03999999999999,-84.39,0.0,ABEO|BMRN|BNTC|CRBP|IBIO|INO|MRKR|SGMO|VSTM,ABEO|BMRN|BNTC|CRBP|IBIO|INO|MRKR|VSTM
GNRC,9,9,-4.82,-3.37,-15.89,-2.12,-5.16,1.61,0.33999999999999986,-4.98,-29.35,0.5555555555555556,AME|DHR|EMR|ETN|GE|HON|IR|ROK|ROP,AME|DHR|EMR|ETN|GE|HON|IR|ROK|ROP
GNS,10,9,13.79,1.07,-24.66,11.94,0.02,6.92,13.77,-5.85,-28.15,1.0,ATGE|CHGG|COUR|EDU|LAUR|LOPE|LRN|PERI|PRDO|STRA,CHGG|COUR|EDU|LAUR|LOPE|LRN|PERI|PRDO|STRA
GNSS,10,10,3.8,5.34,-6.58,-3.53,-4.145,4.3549999999999995,7.944999999999999,0.9850000000000003,-7.1850000000000005,1.0,BA|CW|GD|HII|LHX|LMT|NOC|RTX|TDY|TXT,BA|CW|GD|HII|LHX|LMT|NOC|RTX|TDY|TXT
GNTA,10,8,-6.55,-25.93,96.51,-0.43,6.925000000000001,14.45,-13.475000000000001,-40.379999999999995,89.14500000000001,0.0,ALLO|BEAM|CLLS|CRSP|EDIT|NTLA|PSTX|SGMO|SRPT|VYGR,ALLO|BEAM|CLLS|CRSP|EDIT|NTLA|SRPT|VYGR
GNTX,10,10,-0.92,-1.79,2.0,-0.63,-0.25,1.2850000000000001,-0.67,-3.075,2.5949999999999998,0.4,ADNT|ALV|BWA|DAN|JCI|LEA|MOD|OSK|SRI|TEN,ADNT|ALV|BWA|DAN|JCI|LEA|MOD|OSK|SRI|TEN
GNW,10,10,-1.45,-1.55,5.75,-0.76,-3.2,1.485,1.7500000000000002,-3.035,-8.015,0.7,AIG|AIZ|CRBG|HIG|LNC|MET|PRU|RGA|UNM|VOYA,AIG|AIZ|CRBG|HIG|LNC|MET|PRU|RGA|UNM|VOYA
GO,10,10,2.27,17.88,35.85,-2.26,-3.645,-0.07000000000000006,5.915,17.95,45.78,1.0,ACI|BJ|CAKE|COST|KR|SFM|SYY|UNFI|USFD|WMT,ACI|BJ|CAKE|COST|KR|SFM|SYY|UNFI|USFD|WMT
GOGO,10,9,-8.27,-31.27,-37.35,-4.14,-7.12,-6.88,-1.1499999999999995,-24.39,-18.110000000000003,0.4444444444444444,AVGO|GSAT|INTC|IRDM|NXPI|QCOM|RKLB|SATS|STM|VSAT,AVGO|GSAT|INTC|IRDM|NXPI|QCOM|RKLB|STM|VSAT
GOLD,10,9,2.73,11.93,9.75,-1.15,12.94,27.58,-10.209999999999999,-15.649999999999999,-3.9700000000000006,0.0,AEM|AG|B|FNV|HL|KGC|NEM|PAAS|SAND|WPM,AEM|AG|B|FNV|HL|KGC|NEM|PAAS|WPM
GOLF,10,7,-1.26,-16.81,-0.39,-0.89,-4.01,-6.16,2.75,-10.649999999999999,8.79,0.7142857142857143,BOOT|COLM|DECK|FL|HBI|NKE|PVH|SKX|UA|VFC,BOOT|COLM|DECK|NKE|PVH|UA|VFC
GOOD,10,10,-1.97,-0.16,1.48,-0.46,-0.185,-4.82,-1.785,4.66,-0.5550000000000002,0.1,EPR|FR|KIM|NNN|O|REG|SLG|STAG|VNO|WPC,EPR|FR|KIM|NNN|O|REG|SLG|STAG|VNO|WPC
GOOG,10,10,-2.0,-1.42,-12.43,-1.34,-1.7999999999999998,3.97,-0.20000000000000018,-5.390000000000001,-9.5,0.5,AAPL|AMZN|BIDU|CMCSA|META|MSFT|NFLX|PINS|SNAP|TMUS,AAPL|AMZN|BIDU|CMCSA|META|MSFT|NFLX|PINS|SNAP|TMUS
GOOGL,10,10,-2.0,-0.77,-12.72,-1.51,-1.7999999999999998,8.219999999999999,-0.20000000000000018,-8.989999999999998,-14.25,0.5,AAPL|AMZN|META|MSFT|NFLX|PINS|ROKU|SNAP|SPOT|TTD,AAPL|AMZN|META|MSFT|NFLX|PINS|ROKU|SNAP|SPOT|TTD
GOOS,9,8,-2.01,-12.56,-11.29,-2.79,-3.425,-5.54,1.415,-7.0200000000000005,-4.729999999999999,0.75,COLM|HBI|LULU|NKE|PVH|RL|TPR|UAA|VFC,COLM|LULU|NKE|PVH|RL|TPR|UAA|VFC
GORO,10,8,9.64,19.46,-34.4,8.48,13.395,32.595,-3.754999999999999,-13.134999999999998,-53.085,0.25,AEM|CDE|EXK|FSM|HL|KGC|MUX|NGD|PAAS|SAND,AEM|CDE|EXK|FSM|HL|KGC|MUX|PAAS
GOSS,10,8,-9.92,6.09,-28.75,-2.04,2.13,16.075,-12.05,-9.985,-51.09,0.0,ADAP|BLUE|BMRN|CRSP|EDIT|FATE|NTLA|QURE|SRPT|VYGR,BMRN|CRSP|EDIT|FATE|NTLA|QURE|SRPT|VYGR
GOTU,10,9,-0.3,0.9,-11.38,0.9,-0.99,11.18,0.69,-10.28,-6.290000000000001,0.5555555555555556,ATAI|CHGG|CLEU|DAO|EDU|EH|FEDU|JZ|LRN|TAL,ATAI|CHGG|DAO|EDU|EH|FEDU|JZ|LRN|TAL
GOVX,10,5,-16.13,-35.68,-73.0,1.23,3.47,6.05,-19.599999999999998,-41.73,-74.22,0.0,ALT|BNTX|CVAC|HEPA|HOOK|INO|ITRM|MOD|NVAX|VXRT,ALT|BNTX|INO|MOD|NVAX
GP,10,7,-4.11,-0.33,36.49,-4.72,0.86,-7.71,-4.970000000000001,7.38,55.3,0.2857142857142857,GOEV|HYLN|LCID|LI|NIO|NKLA|RIVN|SBLX|TSLA|XPEV,HYLN|LCID|LI|NIO|RIVN|TSLA|XPEV
GPAT,0,0,-0.99,1.1,0.64,1.1,,,,,,,,
GPC,10,10,-2.35,9.8,39.16,-1.77,-0.75,-1.375,-1.6,11.175,36.184999999999995,0.4,AAP|AN|AZO|DORM|KMX|LKQ|MNRO|ORLY|PAG|SAH,AAP|AN|AZO|DORM|KMX|LKQ|MNRO|ORLY|PAG|SAH
GPCR,10,10,-4.3,3.85,41.99,-3.38,4.4,12.085,-8.7,-8.235000000000001,19.87,0.0,AMGN|BIIB|BMY|GILD|INCY|MRNA|NBIX|NKTR|REGN|VRTX,AMGN|BIIB|BMY|GILD|INCY|MRNA|NBIX|NKTR|REGN|VRTX
GPI,9,9,0.72,-19.22,-15.95,0.34,-1.42,4.2,2.1399999999999997,-23.419999999999998,-32.8,0.7777777777777778,ABG|AN|CARS|CVNA|KMX|LAD|PAG|SAH|VRM,ABG|AN|CARS|CVNA|KMX|LAD|PAG|SAH|VRM
GPK,10,7,-2.96,3.42,16.77,0.79,-0.83,5.78,-2.13,-2.3600000000000003,-2.09,0.14285714285714285,ARLP|BERY|GLT|IP|MYE|OI|PKG|SEE|SLGN|SON,ARLP|IP|MYE|OI|PKG|SLGN|SON
GPMT,10,10,-9.0,-18.96,-16.53,0.02,-1.7349999999999999,0.29000000000000004,-7.265000000000001,-19.25,-12.785,0.0,ABR|ACRE|ADAM|ARI|BXMT|KREF|LADR|LOAN|STWD|TRTX,ABR|ACRE|ADAM|ARI|BXMT|KREF|LADR|LOAN|STWD|TRTX
GPN,9,9,-2.48,17.11,30.66,0.8,0.87,8.79,-3.35,8.32,18.03,0.3333333333333333,ADP|AXP|FIS|INTU|MA|PYPL|V|WEX|XYZ,ADP|AXP|FIS|INTU|MA|PYPL|V|WEX|XYZ
GPOR,9,8,2.08,9.09,-5.73,0.26,9.46,8.795,-7.380000000000001,0.29499999999999993,-6.62,0.125,APA|AR|DVN|EQT|MRO|MTDR|OVV|RRC|SM,APA|AR|DVN|EQT|MTDR|OVV|RRC|SM
GPRE,10,10,4.44,-8.67,3.71,1.25,0.9650000000000001,5.575,3.4750000000000005,-14.245000000000001,-0.05500000000000016,0.9,ADM|ALTO|AMTX|ANDE|BIOX|CLMT|CVI|GEVO|PBF|VLO,ADM|ALTO|AMTX|ANDE|BIOX|CLMT|CVI|GEVO|PBF|VLO
GPRK,8,6,5.41,-4.2,0.58,3.64,8.595,9.075,-3.1850000000000005,-13.274999999999999,-6.245,0.0,APA|COP|DVN|EOG|FANG|HES|MRO|OXY,APA|COP|DVN|EOG|FANG|OXY
GPRO,10,9,-5.0,-18.81,-37.49,-5.48,-1.51,-0.69,-3.49,-18.119999999999997,-42.08,0.1111111111111111,AAPL|FNKO|GNTX|GRMN|HOG|LOGI|MSFT|NKE|SONY|VZIO,AAPL|FNKO|GNTX|GRMN|HOG|LOGI|MSFT|NKE|SONY
GPUS,10,10,-17.68,-26.7,-28.6,0.0,-1.1800000000000002,2.09,-16.5,-28.79,-22.11,0.0,AMT|BWXT|CCI|CIA|COR|DLR|EQIX|GDS|IRM|SBAC,AMT|BWXT|CCI|CIA|COR|DLR|EQIX|GDS|IRM|SBAC
GRAB,10,10,-5.95,3.88,-0.85,-1.55,0.69,12.844999999999999,-6.640000000000001,-8.965,-26.265,0.0,ABNB|DASH|ETSY|LYFT|PINS|ROKU|SPOT|UBER|XYZ|ZM,ABNB|DASH|ETSY|LYFT|PINS|ROKU|SPOT|UBER|XYZ|ZM
GRAL,10,9,17.52,13.5,21.46,8.41,9.53,13.72,7.99,-0.22000000000000064,-7.82,1.0,CDNA|CRSP|EDIT|EXAS|FULC|GH|ILMN|PACB|QGEN|TXG,CDNA|CRSP|EDIT|FULC|GH|ILMN|PACB|QGEN|TXG
GRAN,0,0,-10.28,-9.02,27.55,-3.63,,,,,,,,
GRBK,10,9,-0.35,-1.43,7.19,-1.23,-2.54,-0.07,2.19,-1.3599999999999999,-2.2299999999999995,0.8888888888888888,BZH|DHI|KBH|LEN|LGIH|MTH|NVR|PHM|TMHC|TOL,BZH|DHI|KBH|LEN|LGIH|MTH|NVR|PHM|TOL
GRC,10,10,-2.92,-3.12,6.57,-1.25,-2.205,5.135,-0.7149999999999999,-8.254999999999999,-3.7249999999999996,0.4,AOS|CW|DOV|FLS|IEX|ITT|KMT|NDSN|PH|XYL,AOS|CW|DOV|FLS|IEX|ITT|KMT|NDSN|PH|XYL
GRCE,0,0,2.9,-10.13,-2.29,-3.18,,,,,,,,
GRDN,0,0,-2.39,-5.61,-0.24,-1.13,,,,,,,,
GRDX,9,9,2.51,13.6,1.17,0.91,-0.9,0.56,3.4099999999999997,13.04,-9.38,0.7777777777777778,CBIO|CENTA|LGND|PBYI|PRTA|PTGX|RARE|VNDA|XENE,CBIO|CENTA|LGND|PBYI|PRTA|PTGX|RARE|VNDA|XENE
GRFS,10,10,2.69,3.34,-0.57,-1.27,4.26,12.719999999999999,-1.5699999999999998,-9.379999999999999,-22.375,0.2,ABT|AMGN|BAX|BMY|CANF|GILD|JNJ|LLY|MRK|PFE,ABT|AMGN|BAX|BMY|CANF|GILD|JNJ|LLY|MRK|PFE
GRI,10,10,-3.95,14.86,-22.73,-1.73,5.13,11.620000000000001,-9.08,3.2399999999999984,-43.59,0.0,AMGN|AZN|BIIB|BMY|GILD|IONS|LLY|MRNA|REGN|VRTX,AMGN|AZN|BIIB|BMY|GILD|IONS|LLY|MRNA|REGN|VRTX
GRMN,5,5,-4.94,23.29,24.87,0.38,-2.0,-0.77,-2.9400000000000004,24.06,20.28,0.2,AAPL|GOOGL|GPRO|MSFT|TRMB,AAPL|GOOGL|GPRO|MSFT|TRMB
GRND,10,9,-0.28,8.31,19.8,0.64,-2.98,4.85,2.7,3.460000000000001,9.010000000000002,0.7777777777777778,BMBL|GOOGL|IAC|MSFT|MTCH|OKTA|PINS|SNAP|TWLO|ZM,BMBL|GOOGL|MSFT|MTCH|OKTA|PINS|SNAP|TWLO|ZM
GRNQ,10,10,23.04,-6.45,-26.97,-12.86,-3.335,-1.2800000000000002,26.375,-5.17,-30.665,1.0,ASPN|CTRM|DCBO|EIC|FROG|FTEK|GLBS|OPAD|SLF|XPOF,ASPN|CTRM|DCBO|EIC|FROG|FTEK|GLBS|OPAD|SLF|XPOF
GRNT,10,8,3.08,7.11,-8.05,0.29,7.975,8.635,-4.895,-1.5249999999999995,-16.080000000000002,0.0,APA|COP|CVX|DVN|EOG|FANG|HES|MRO|OXY|XOM,APA|COP|CVX|DVN|EOG|FANG|OXY|XOM
GRO,0,0,14.35,6.01,-3.14,9.29,,,,,,,,
GROV,10,10,0.0,-5.5,-15.57,0.0,-1.2149999999999999,1.445,1.2149999999999999,-6.945,-21.240000000000002,0.6,AMZN|CHD|CL|CLX|HNST|KMB|PG|TGT|UL|WMT,AMZN|CHD|CL|CLX|HNST|KMB|PG|TGT|UL|WMT
GROW,10,8,4.31,11.05,23.67,0.15,-1.785,5.07,6.095,5.98,9.145000000000001,1.0,AMG|AMP|BEN|BK|BLK|IVZ|JHG|MS|SCHW|TROW,AMG|AMP|BEN|BLK|IVZ|MS|SCHW|TROW
GROY,10,9,9.68,28.79,5.59,1.79,12.0,27.58,-2.3200000000000003,1.2100000000000009,-8.13,0.1111111111111111,AEM|B|EGO|FNV|KGC|NEM|OR|RGLD|SAND|WPM,AEM|B|EGO|FNV|KGC|NEM|OR|RGLD|WPM
GRPN,10,9,-14.15,-32.41,8.95,-7.27,-1.11,1.36,-13.040000000000001,-33.769999999999996,-1.8399999999999999,0.0,ANGI|BKNG|EBAY|EXPE|MTCH|PINS|QVCGA|TRIP|W|YELP,ANGI|BKNG|EBAY|EXPE|MTCH|PINS|TRIP|W|YELP
GRRR,10,10,-2.11,19.12,12.64,3.53,-8.855,0.385,6.745000000000001,18.735,-5.27,1.0,ANET|CRWD|CSCO|DDOG|FFIV|FTNT|NET|OKTA|PANW|ZS,ANET|CRWD|CSCO|DDOG|FFIV|FTNT|NET|OKTA|PANW|ZS
GRVY,8,7,-2.49,14.06,10.13,0.69,-1.57,3.07,-0.9200000000000002,10.99,6.74,0.42857142857142855,AMZN|EA|MSFT|NTES|RBLX|TTWO|U|XYZ,AMZN|MSFT|NTES|RBLX|TTWO|U|XYZ
GRWG,10,10,-2.99,29.35,2.59,-0.83,-0.8,14.315000000000001,-2.1900000000000004,15.035,-4.0600000000000005,0.2,ACB|CGC|CRON|HYFM|OGI|PKG|SMG|SNDL|TLRY|VFF,ACB|CGC|CRON|HYFM|OGI|PKG|SMG|SNDL|TLRY|VFF
GS,10,9,-3.52,-8.4,2.42,-1.57,-3.9,-2.02,0.3799999999999999,-6.380000000000001,-10.69,0.5555555555555556,BAC|BK|C|JPM|MS|PNC|STT|TFC|USB|WFC,BAC|C|JPM|MS|PNC|STT|TFC|USB|WFC
GSAT,10,9,-0.54,2.78,-0.35,-0.36,-3.54,2.03,3.0,0.75,1.63,0.8888888888888888,ASTS|CMTL|GOGO|IRDM|LMT|MSFT|NOC|QCOM|SATS|VSAT,ASTS|CMTL|GOGO|IRDM|LMT|MSFT|NOC|QCOM|VSAT
GSBC,10,10,-3.89,0.66,11.8,-0.32,-4.23,-0.8300000000000001,0.3400000000000003,1.4900000000000002,3.585000000000001,0.6,ASB|BCBP|BOKF|CBSH|CUBI|FULT|ONB|OZK|SFNC|WSFS,ASB|BCBP|BOKF|CBSH|CUBI|FULT|ONB|OZK|SFNC|WSFS
GSBD,10,10,0.09,14.77,11.55,0.6,-2.15,8.885,2.2399999999999998,5.885,6.94,1.0,ARCC|FSK|HTGC|MAIN|NMFC|OCSL|PNNT|PSEC|TCPC|TPVG,ARCC|FSK|HTGC|MAIN|NMFC|OCSL|PNNT|PSEC|TCPC|TPVG
GSHD,10,10,4.44,36.95,70.17,2.85,0.315,5.105,4.125,31.845000000000002,53.42,0.9,AJG|ALL|AON|BRO|HIG|L|MRSH|PGR|TRV|WTW,AJG|ALL|AON|BRO|HIG|L|MRSH|PGR|TRV|WTW
GSHR,0,0,0.19,0.48,1.44,0.05,,,,,,,,
GSIT,10,10,-15.33,-7.76,-37.24,-4.13,-2.7649999999999997,-8.88,-12.565000000000001,1.120000000000001,-24.470000000000002,0.0,AMD|AVGO|INTC|MCHP|MRVL|MU|NVDA|NXPI|QCOM|TXN,AMD|AVGO|INTC|MCHP|MRVL|MU|NVDA|NXPI|QCOM|TXN
GSIW,10,9,-3.41,-30.0,-42.51,-1.15,-2.79,5.3,-0.6200000000000001,-35.3,-68.14,0.4444444444444444,BSET|FLXS|HOFT|HVT|LEG|LOVE|RH|SNBR|W|WSM,BSET|FLXS|HOFT|HVT|LEG|LOVE|RH|W|WSM
GSK,10,10,3.98,3.35,3.31,-0.8,5.015000000000001,7.960000000000001,-1.0350000000000006,-4.610000000000001,-9.714999999999998,0.2,ABBV|AZN|BMY|GILD|JNJ|LLY|MRK|NVS|PFE|SNY,ABBV|AZN|BMY|GILD|JNJ|LLY|MRK|NVS|PFE|SNY
GSL,10,10,5.52,4.07,5.62,0.67,3.35,5.64,2.1699999999999995,-1.5699999999999994,-0.41000000000000014,0.6,CMRE|DAC|DSX|ESEA|GOGL|KEX|MATX|NAT|SFL|ZIM,CMRE|DAC|DSX|ESEA|GOGL|KEX|MATX|NAT|SFL|ZIM
GSM,10,9,-13.01,11.4,-3.54,-5.93,-6.9,3.79,-6.109999999999999,7.61,3.62,0.1111111111111111,AA|ATI|CCJ|CENX|CMC|MSB|NUE|RS|STLD|X,AA|ATI|CCJ|CENX|CMC|MSB|NUE|RS|STLD
GSRF,0,0,0.59,0.89,0.79,0.0,,,,,,,,
GSUN,10,8,-0.21,21.76,-20.65,-4.99,7.220000000000001,14.45,-7.430000000000001,7.310000000000002,-52.36,0.125,BLUE|CRSP|EDIT|FATE|ILMN|NTLA|NTRA|RGNX|SGMO|VRTX,CRSP|EDIT|FATE|ILMN|NTLA|NTRA|RGNX|VRTX
GT,10,10,-4.89,-21.1,5.34,-1.92,-0.7949999999999999,-1.0150000000000001,-4.095,-20.085,2.52,0.1,ALV|BWA|DKS|F|GM|GPC|HMC|LEA|TSLA|TWI,ALV|BWA|DKS|F|GM|GPC|HMC|LEA|TSLA|TWI
GTBP,10,10,-5.38,-18.58,-32.89,-1.92,4.835,11.620000000000001,-10.215,-30.2,-57.815,0.0,ABBV|AMGN|BIIB|BMY|GILD|JNJ|LLY|MRK|REGN|VRTX,ABBV|AMGN|BIIB|BMY|GILD|JNJ|LLY|MRK|REGN|VRTX
GTE,10,8,5.42,37.76,14.46,2.09,7.975,8.635,-2.5549999999999997,29.125,6.43,0.0,APA|COP|CVX|DVN|EOG|FANG|HES|MRO|OXY|XOM,APA|COP|CVX|DVN|EOG|FANG|OXY|XOM
GTEC,10,10,27.08,67.58,66.85,2.8,-1.8699999999999999,-2.1799999999999997,28.95,69.75999999999999,65.41499999999999,1.0,AGCO|CAT|CMI|DE|LCII|LECO|MTW|OSK|PLOW|TEX,AGCO|CAT|CMI|DE|LCII|LECO|MTW|OSK|PLOW|TEX
GTEN,0,0,-1.26,0.81,2.08,-0.61,,,,,,,,
GTERA,0,0,0.1,0.48,1.17,0.05,,,,,,,,
GTES,10,10,-5.85,-4.96,7.73,-0.61,-2.9850000000000003,1.33,-2.8649999999999993,-6.29,-4.509999999999998,0.1,AME|AOS|DOV|GE|IEX|IR|ITW|PH|ROK|XYL,AME|AOS|DOV|GE|IEX|IR|ITW|PH|ROK|XYL
GTIM,10,10,-7.98,7.14,18.11,0.0,-3.16,12.875,-4.82,-5.735,4.209999999999999,0.1,BJRI|CAKE|DPZ|JACK|MCD|QSR|RRGB|SHAK|WEN|YUM,BJRI|CAKE|DPZ|JACK|MCD|QSR|RRGB|SHAK|WEN|YUM
GTLB,10,10,-3.43,33.54,56.79,-1.75,-0.5549999999999999,26.060000000000002,-2.875,7.479999999999997,45.815,0.3,ADBE|CRM|GOOGL|INTU|MSFT|NOW|ORCL|TEAM|WDAY|ZS,ADBE|CRM|GOOGL|INTU|MSFT|NOW|ORCL|TEAM|WDAY|ZS
GTM,10,10,-11.72,30.31,3.68,-0.39,0.315,26.060000000000002,-12.035,4.2499999999999964,-12.829999999999998,0.0,ADBE|CRM|CSCO|HUBS|MSFT|NOW|ORCL|SAP|TEAM|WDAY,ADBE|CRM|CSCO|HUBS|MSFT|NOW|ORCL|SAP|TEAM|WDAY
GTN,10,8,-4.35,20.76,21.67,-3.39,0.97,7.125,-5.319999999999999,13.635000000000002,17.630000000000003,0.125,AMCX|CMCSA|CMLS|DIS|EVC|FOXA|IHRT|NXST|SBGI|TGNA,AMCX|CMCSA|DIS|EVC|FOXA|IHRT|NXST|SBGI
GTX,10,10,-7.56,-16.78,-13.61,-2.35,-0.17000000000000004,0.96,-7.39,-17.740000000000002,-9.485,0.0,ADNT|ALSN|APTV|BWA|DAN|GNTX|LEA|MGA|TEN|VC,ADNT|ALSN|APTV|BWA|DAN|GNTX|LEA|MGA|TEN|VC
GTY,10,10,-0.17,-7.69,-1.62,-0.11,-0.009999999999999995,-4.82,-0.16000000000000003,-2.87,-3.455,0.4,BXP|EPRT|FPI|FRT|KIM|NNN|O|REG|SKT|WPC,BXP|EPRT|FPI|FRT|KIM|NNN|O|REG|SKT|WPC
GUG,0,0,-2.8,-4.59,-5.44,-0.27,,,,,,,,
GURE,10,10,-8.43,-10.34,-13.76,-2.1,-0.61,5.005,-7.819999999999999,-15.344999999999999,-4.799999999999999,0.0,ALB|ASH|CC|HUN|KRO|MTX|SQM|TROX|VHI|WLK,ALB|ASH|CC|HUN|KRO|MTX|SQM|TROX|VHI|WLK
GUTS,10,9,4.92,-8.36,-24.61,1.25,9.8,12.96,-4.880000000000001,-21.32,-72.72999999999999,0.2222222222222222,CDNA|CYRX|EXAS|FLGT|GH|ILMN|PACB|QDEL|TWST|TXG,CDNA|CYRX|FLGT|GH|ILMN|PACB|QDEL|TWST|TXG
GVA,10,10,0.31,-1.35,-5.14,-1.63,-3.09,1.995,3.4,-3.345,-0.41000000000000014,0.9,ACM|DY|EME|FLR|KBR|MTZ|PRIM|PWR|ROAD|TPC,ACM|DY|EME|FLR|KBR|MTZ|PRIM|PWR|ROAD|TPC
GVH,9,9,1.04,0.04,-76.39,1.04,-0.3,1.42,1.34,-1.38,-70.98,0.5555555555555556,AMZN|BABA|BBY|CHWY|COST|EBAY|JD|TGT|WMT,AMZN|BABA|BBY|CHWY|COST|EBAY|JD|TGT|WMT
GWAV,10,10,-5.76,27.34,8.55,6.05,-2.185,4.4350000000000005,-3.5749999999999997,22.905,8.700000000000001,0.2,ASTE|ATRO|CLH|DWSN|MTRX|PESI|TISI|VEON|WLDN|WWD,ASTE|ATRO|CLH|DWSN|MTRX|PESI|TISI|VEON|WLDN|WWD
GWH,9,8,10.72,-25.99,-27.07,-4.14,-5.835,-11.945,16.555,-14.044999999999998,3.715,1.0,BE|BLDP|ENPH|FCEL|MAXN|NEE|PLUG|RUN|SEDG,BE|BLDP|ENPH|FCEL|NEE|PLUG|RUN|SEDG
GWRE,10,10,0.27,36.68,30.98,1.07,1.125,26.060000000000002,-0.855,10.619999999999997,16.325,0.4,ACN|ADBE|CRM|INTU|MSFT|NOW|ORCL|SNOW|TEAM|TWLO,ACN|ADBE|CRM|INTU|MSFT|NOW|ORCL|SNOW|TEAM|TWLO
GWRS,10,10,-0.56,23.47,26.83,-0.78,1.2349999999999999,3.67,-1.795,19.799999999999997,13.659999999999998,0.2,ARTNA|AWK|AWR|CWCO|CWT|HTO|MSEX|PNR|WTRG|YORW,ARTNA|AWK|AWR|CWCO|CWT|HTO|MSEX|PNR|WTRG|YORW
GWW,10,9,-1.79,-4.16,4.31,-0.71,-2.64,-0.08,0.8500000000000001,-4.08,-7.0200000000000005,0.5555555555555556,AIT|DXPE|FAST|GMS|IPAR|KMT|MSM|OSK|RS|WCC,AIT|DXPE|FAST|IPAR|KMT|MSM|OSK|RS|WCC
GXAI,10,10,-31.4,-19.22,-25.49,1.23,-1.7850000000000001,9.5,-29.615,-28.72,-27.02,0.0,AAPL|ADBE|AMZN|CRM|GOOG|IBM|META|MSFT|NVDA|ORCL,AAPL|ADBE|AMZN|CRM|GOOG|IBM|META|MSFT|NVDA|ORCL
GXO,10,10,-6.06,-15.89,-4.48,-2.04,-2.6799999999999997,-8.545,-3.38,-7.345000000000001,-8.885,0.1,CHRW|EXPD|FDX|JBHT|MATX|R|SNDR|UPS|WERN|XPO,CHRW|EXPD|FDX|JBHT|MATX|R|SNDR|UPS|WERN|XPO
GYRE,10,10,7.15,17.97,16.02,-2.07,4.475,14.045,2.6750000000000007,3.924999999999999,-12.235000000000003,0.8,ACAD|AMGN|BIIB|BMRN|EXEL|GILD|INCY|NBIX|REGN|VRTX,ACAD|AMGN|BIIB|BMRN|EXEL|GILD|INCY|NBIX|REGN|VRTX
GYRO,10,8,-0.37,-4.91,-29.1,0.93,0.29500000000000004,-0.405,-0.665,-4.505,-29.66,0.5,AHT|ALEX|CHCT|CIO|EFC|FOR|GNL|PDM|SQFT|STC,AHT|CHCT|EFC|FOR|GNL|PDM|SQFT|STC
H,10,10,1.25,-2.85,5.14,-0.5,2.125,0.595,-0.875,-3.4450000000000003,2.4099999999999997,0.4,APLE|CHH|HGV|HLT|IHG|MAR|PK|RHP|VAC|WH,APLE|CHH|HGV|HLT|IHG|MAR|PK|RHP|VAC|WH
HAE,10,9,21.03,40.18,83.66,0.9,-0.6,14.25,21.630000000000003,25.93,73.34,1.0,ABT|BAX|BDX|BSX|EW|HOLX|MDT|STE|TFX|XRAY,ABT|BAX|BDX|BSX|EW|MDT|STE|TFX|XRAY
HAFC,10,10,-4.82,-1.52,2.8,-0.73,-3.7350000000000003,-3.9400000000000004,-1.085,2.4200000000000004,-1.4699999999999998,0.1,BANC|BOH|CATY|COLB|CVBF|EWBC|HOPE|WABC|WAL|WWD,BANC|BOH|CATY|COLB|CVBF|EWBC|HOPE|WABC|WAL|WWD
HAFN,10,10,3.75,4.85,-11.29,-0.19,6.3100000000000005,12.875,-2.5600000000000005,-8.025,-17.665,0.1,ASC|FRO|INSW|NAT|NMM|SFL|STNG|TK|TNK|TRMD,ASC|FRO|INSW|NAT|NMM|SFL|STNG|TK|TNK|TRMD
HAIN,10,8,-0.65,4.29,-22.06,-5.34,-0.07500000000000001,1.745,-0.575,2.545,-34.739999999999995,0.375,CPB|FLO|GIS|HRL|K|KHC|MZTI|POST|SJM|STKL,CPB|FLO|GIS|HRL|KHC|MZTI|POST|SJM
HAL,10,10,8.44,7.82,-15.81,1.67,-0.27,5.154999999999999,8.709999999999999,2.665000000000001,-10.905000000000001,1.0,BKR|CLB|FET|FTI|INVX|NOV|OIS|RES|SLB|WTTR,BKR|CLB|FET|FTI|INVX|NOV|OIS|RES|SLB|WTTR
HALO,10,10,6.18,37.35,54.96,-0.67,5.18,11.545,1.0,25.805,40.55,0.7,ALNY|AMGN|BIIB|EXEL|GILD|INCY|IONS|NBIX|REGN|VRTX,ALNY|AMGN|BIIB|EXEL|GILD|INCY|IONS|NBIX|REGN|VRTX
HAO,10,10,12.17,-2.41,-89.89,-4.95,1.005,-0.635,11.165,-1.7750000000000001,-85.055,1.0,BABA|DOYU|EDU|HCM|JD|JKS|NIO|PDD|TME|YSG,BABA|DOYU|EDU|HCM|JD|JKS|NIO|PDD|TME|YSG
HAS,7,6,-3.03,5.31,5.84,0.48,-2.365,1.005,-0.6649999999999996,4.305,4.56,0.3333333333333333,DIS|FNKO|GME|JAKK|MAT|TTWO|VZIO,DIS|FNKO|GME|JAKK|MAT|TTWO
HASI,10,10,-3.74,7.54,1.39,-2.67,0.34500000000000003,-2.915,-4.085,10.455,1.5499999999999998,0.0,AEP|AES|DTE|DUK|ED|ES|EXC|NEE|SRE|XEL,AEP|AES|DTE|DUK|ED|ES|EXC|NEE|SRE|XEL
HAVA,0,0,0.25,0.35,0.84,0.15,,,,,,,,
HAYW,10,9,-3.17,4.11,7.91,-1.95,-3.01,2.92,-0.16000000000000014,1.1900000000000004,2.04,0.4444444444444444,AOS|CSL|GTLS|IEX|MSA|PNR|POOL|SITE|WMS|XYL,AOS|CSL|IEX|MSA|PNR|POOL|SITE|WMS|XYL
HBAN,9,8,-3.63,-6.27,8.25,-0.24,-4.745,-3.2800000000000002,1.1150000000000002,-2.9899999999999993,-3.3550000000000004,1.0,CFG|CMA|FITB|KEY|MTB|PNC|RF|USB|ZION,CFG|FITB|KEY|MTB|PNC|RF|USB|ZION
HBB,9,9,1.29,49.03,75.87,-0.03,-3.17,-1.78,4.46,50.81,79.2,1.0,KSS|LCII|LEG|NWL|PCAR|RBC|SNA|VC|WHR,KSS|LCII|LEG|NWL|PCAR|RBC|SNA|VC|WHR
HBCP,10,8,-4.67,-0.44,6.82,-0.71,-4.485,-1.4549999999999998,-0.1849999999999996,1.015,0.875,0.125,BANC|CATY|EGBN|FFIC|FHB|GSBC|HFWA|HOPE|IBTX|OZK,BANC|CATY|EGBN|FHB|GSBC|HFWA|HOPE|OZK
HBIO,10,10,13.64,23.65,40.36,7.06,5.505000000000001,16.42,8.135,7.229999999999997,4.085000000000001,1.0,A|BIO|DHR|ILMN|MTD|QGEN|RGEN|TECH|TMO|WAT,A|BIO|DHR|ILMN|MTD|QGEN|RGEN|TECH|TMO|WAT
HBM,10,10,4.99,18.0,13.47,1.16,3.39,9.115,1.6,8.885,5.5600000000000005,0.8,AA|BHP|CLF|FCX|NEM|NUE|RIO|SCCO|TECK|VALE,AA|BHP|CLF|FCX|NEM|NUE|RIO|SCCO|TECK|VALE
HBNB,0,0,1.45,-2.96,-7.29,4.1,,,,,,,,
HBNC,10,9,-5.13,-3.63,6.25,-0.84,-4.4,-2.43,-0.7299999999999995,-1.1999999999999997,-2.08,0.2222222222222222,ASB|CMA|FNB|FULT|HBAN|ONB|PNFP|SBCF|TCBK|WTFC,ASB|FNB|FULT|HBAN|ONB|PNFP|SBCF|TCBK|WTFC
HBT,10,8,-5.08,9.11,25.42,-0.25,-4.5,-2.015,-0.5800000000000001,11.125,14.725000000000001,0.375,BANF|FUNC|HTLF|IBTX|ONB|PFS|SBCF|TMP|UVSP|WTBA,BANF|FUNC|ONB|PFS|SBCF|TMP|UVSP|WTBA
HCA,8,7,-1.15,9.45,2.61,0.0,-1.01,-4.04,-0.1399999999999999,13.489999999999998,-10.38,0.42857142857142855,ACHC|CYH|EHC|HUM|SEM|THC|UHS|UNH,ACHC|CYH|EHC|HUM|THC|UHS|UNH
HCAI,0,0,-2.11,-12.81,-48.67,-0.43,,,,,,,,
HCAT,6,5,-4.86,-18.38,29.07,-1.48,-1.87,-11.7,-2.99,-6.68,28.26,0.2,CDXS|HSTM|OMCL|RCM|TDOC|VEEV,CDXS|HSTM|OMCL|TDOC|VEEV
HCC,10,9,10.71,25.74,23.42,-0.53,2.32,5.78,8.39,19.959999999999997,17.810000000000002,0.8888888888888888,ARCH|ARLP|BTU|CNR|CNX|HNRG|NRP|SCCO|SXC|TENX,ARLP|BTU|CNR|CNX|HNRG|NRP|SCCO|SXC|TENX
HCI,10,10,-2.06,3.93,15.36,-0.3,-0.585,-0.9550000000000001,-1.475,4.885,8.055,0.3,AFL|AIG|ALL|CB|CINF|HIG|MET|PGR|RLI|TRV,AFL|AIG|ALL|CB|CINF|HIG|MET|PGR|RLI|TRV
HCKT,10,10,-2.65,15.11,8.12,-0.14,4.779999999999999,24.735,-7.43,-9.625,-5.195,0.2,ACN|CTSH|DXC|EDU|EPAM|EXLS|G|INFY|IT|WIT,ACN|CTSH|DXC|EDU|EPAM|EXLS|G|INFY|IT|WIT
HCM,10,10,2.8,12.41,4.95,-0.71,2.455,3.735,0.34499999999999975,8.675,-7.835,0.6,ADAG|ASND|HUYA|JNJ|JSPR|MGNX|NBP|ONC|WWW|ZLAB,ADAG|ASND|HUYA|JNJ|JSPR|MGNX|NBP|ONC|WWW|ZLAB
HCMA,0,0,0.19,0.19,1.38,0.05,,,,,,,,
HCSG,10,8,8.57,-2.82,9.97,-0.13,-0.16999999999999998,8.785,8.74,-11.605,-4.220000000000001,1.0,ACHC|ADUS|AMED|CHE|CNC|EHC|HCA|SEM|THC|UHS,ACHC|ADUS|CHE|CNC|EHC|HCA|THC|UHS
HCTI,10,10,-46.27,-47.18,-60.78,-4.67,-2.425,-6.76,-43.845000000000006,-40.42,-71.14,0.0,ACHC|CI|CLOV|CNC|HCA|HUM|MD|MOH|TDOC|UNH,ACHC|CI|CLOV|CNC|HCA|HUM|MD|MOH|TDOC|UNH
HCWB,10,10,-22.22,-31.99,-84.4,-1.09,-0.345,-0.54,-21.875,-31.45,-80.405,0.1,ARDX|AUPH|BYSI|CBIO|CRBP|FATE|GERN|IVA|LGND|TVRD,ARDX|AUPH|BYSI|CBIO|CRBP|FATE|GERN|IVA|LGND|TVRD
HCWC,0,0,-2.46,33.37,-0.83,5.66,,,,,,,,
HD,10,10,-1.59,1.46,8.27,-2.39,-3.0250000000000004,4.140000000000001,1.4350000000000003,-2.6800000000000006,-3.335000000000001,0.7,BBY|BLDR|COST|FND|LOW|SHW|TGT|TSCO|WMT|WSM,BBY|BLDR|COST|FND|LOW|SHW|TGT|TSCO|WMT|WSM
HDB,1,1,0.28,-0.07,-5.95,0.0,0.27,0.37,0.010000000000000009,-0.44,-21.06,1.0,IBN,IBN
HDL,10,10,7.47,9.45,3.64,3.19,-1.0,7.195,8.469999999999999,2.254999999999999,-1.1649999999999996,1.0,CMG|DPZ|DRI|MCD|QSR|RRGB|SBUX|WEN|WING|YUM,CMG|DPZ|DRI|MCD|QSR|RRGB|SBUX|WEN|WING|YUM
HDSN,10,10,-0.9,-9.31,13.18,-4.2,-4.61,3.1900000000000004,3.7100000000000004,-12.5,6.91,0.9,AIR|EME|HON|IEX|IR|JCI|LECO|SWK|TT|WM,AIR|EME|HON|IEX|IR|JCI|LECO|SWK|TT|WM
HE,10,10,-0.62,-13.55,-14.5,0.37,-0.47000000000000003,-4.0600000000000005,-0.14999999999999997,-9.49,-13.405,0.3,AEP|D|DUK|ED|NEE|PEG|SO|SRE|WEC|XEL,AEP|D|DUK|ED|NEE|PEG|SO|SRE|WEC|XEL
HEI,10,9,-3.95,6.45,18.37,-1.8,-5.58,-3.73,1.63,10.18,18.080000000000002,0.5555555555555556,BA|HON|HXL|LHX|LMT|MOG-A|NOC|SPR|TDG|TXT,BA|HON|HXL|LHX|LMT|MOG-A|NOC|TDG|TXT
HEI-A,10,9,-3.97,7.13,16.93,-1.03,-3.63,0.57,-0.3400000000000003,6.56,16.64,0.4444444444444444,BA|GD|HON|HXL|LMT|NOC|RBC|SPR|TDG|TXT,BA|GD|HON|HXL|LMT|NOC|RBC|TDG|TXT
HELE,10,10,-8.7,-2.84,14.36,-3.65,-0.425,3.4,-8.274999999999999,-6.24,7.845,0.0,CHD|CL|CLX|EL|HSY|JNJ|KMB|NWL|PG|TPR,CHD|CL|CLX|EL|HSY|JNJ|KMB|NWL|PG|TPR
HELP,9,9,9.78,60.74,189.63,6.71,1.15,1.08,8.629999999999999,59.660000000000004,161.85,1.0,ATAI|AVXL|BHVN|BTAI|CMPS|DFTX|GHRS|NBIX|RLMD,ATAI|AVXL|BHVN|BTAI|CMPS|DFTX|GHRS|NBIX|RLMD
HEPS,10,10,-7.4,-9.33,-4.35,0.43,-0.365,5.98,-7.035,-15.31,-8.059999999999999,0.2,AMZN|BABA|EBAY|ETSY|GRPN|JD|MELI|PDD|SE|SHOP,AMZN|BABA|EBAY|ETSY|GRPN|JD|MELI|PDD|SE|SHOP
HERE,10,10,-1.34,-3.42,-25.71,-0.27,1.09,12.145,-2.43,-15.565,-28.01,0.3,AMBO|ATAI|DAO|EDU|FEDU|GOTU|JZ|LXEH|TAL|YQ,AMBO|ATAI|DAO|EDU|FEDU|GOTU|JZ|LXEH|TAL|YQ
HERZ,0,0,-4.42,-5.13,-11.33,-0.83,,,,,,,,
HESM,10,9,0.1,-2.33,-0.58,0.17,1.79,-0.02,-1.69,-2.31,-4.4799999999999995,0.2222222222222222,AM|ENLC|EPD|KMI|MPLX|OKE|PAA|TRGP|WES|WMB,AM|EPD|KMI|MPLX|OKE|PAA|TRGP|WES|WMB
HFBL,10,10,9.62,20.73,34.97,9.3,-3.945,2.06,13.565,18.67,23.115,1.0,BANR|BCBP|BHB|CAC|FMBH|FMNB|HOMB|NBHC|SFBC|WASH,BANR|BCBP|BHB|CAC|FMBH|FMNB|HOMB|NBHC|SFBC|WASH
HFFG,10,9,-1.75,10.45,-8.81,-5.66,-3.36,2.56,1.6099999999999999,7.889999999999999,-5.280000000000001,0.6666666666666666,AMZN|CHEF|COST|IMKTA|SFM|SPTN|SYY|UNFI|USFD|WMT,AMZN|CHEF|COST|IMKTA|SFM|SYY|UNFI|USFD|WMT
HFWA,10,10,-4.54,-5.17,5.34,-0.85,-4.34,-2.455,-0.20000000000000018,-2.715,0.7249999999999996,0.4,BOH|COLB|EWBC|FNB|GBCI|HOPE|VLY|WAFD|WAL|ZION,BOH|COLB|EWBC|FNB|GBCI|HOPE|VLY|WAFD|WAL|ZION
HG,10,10,-1.51,0.66,7.06,0.81,-0.585,-0.9550000000000001,-0.925,1.6150000000000002,-0.2450000000000001,0.3,AFL|AIG|ALL|CB|HIG|L|MET|MRSH|PGR|TRV,AFL|AIG|ALL|CB|HIG|L|MET|MRSH|PGR|TRV
HGBL,10,10,1.88,-9.07,-8.31,0.03,1.125,6.904999999999999,0.7549999999999999,-15.975,-27.835,0.8,ADP|CTAS|HQY|JCI|MAN|OPLN|RBA|RHI|SNPS|TBI,ADP|CTAS|HQY|JCI|MAN|OPLN|RBA|RHI|SNPS|TBI
HGTY,10,10,0.12,13.13,17.33,0.5,-0.585,0.61,0.705,12.520000000000001,9.414999999999997,0.7,ALL|CB|KMPR|ORI|PGR|RLI|SIGI|THG|TRV|WRB,ALL|CB|KMPR|ORI|PGR|RLI|SIGI|THG|TRV|WRB
HGV,10,10,-0.73,-9.61,-8.59,-1.63,1.995,-3.9899999999999998,-2.725,-5.619999999999999,-20.505,0.1,APLE|DRH|H|HST|INN|MAR|RLJ|SHO|VAC|XHR,APLE|DRH|H|HST|INN|MAR|RLJ|SHO|VAC|XHR
HHH,10,9,0.59,2.47,6.37,-0.13,0.04,-0.9,0.5499999999999999,3.37,-0.5499999999999998,0.6666666666666666,ARE|BXP|EQR|ESS|FRT|HST|KIM|SLG|SPG|VNO,ARE|BXP|ESS|FRT|HST|KIM|SLG|SPG|VNO
HHS,10,8,30.07,57.54,37.92,-3.31,-2.425,3.01,32.495,54.53,31.67,1.0,ACCO|DLX|EEX|EVC|IPG|LEE|NCMI|OMC|QUAD|WPP,ACCO|DLX|EVC|LEE|NCMI|OMC|QUAD|WPP
HIFS,10,8,-4.61,3.41,7.97,-1.48,-3.3449999999999998,-0.195,-1.2650000000000006,3.605,-3.740000000000001,0.125,BHB|CVBF|FFWM|HOMB|INDB|LKFN|OCFC|PVBC|SHBI|WASH,BHB|CVBF|HOMB|INDB|LKFN|OCFC|SHBI|WASH
HIG,9,9,-0.26,-2.41,0.56,-0.04,-0.85,-1.86,0.59,-0.55,-3.9099999999999997,0.7777777777777778,AIG|ALL|CB|CINF|L|MET|PGR|TRV|WRB,AIG|ALL|CB|CINF|L|MET|PGR|TRV|WRB
HIHO,10,10,-16.49,-20.84,15.96,1.14,-2.0549999999999997,2.8000000000000003,-14.434999999999999,-23.64,2.4299999999999997,0.0,AOS|DOV|EMR|GE|HON|IR|ITW|MMM|ROK|ROP,AOS|DOV|EMR|GE|HON|IR|ITW|MMM|ROK|ROP
HII,9,9,-6.8,9.49,-5.69,-2.48,-3.95,4.85,-2.8499999999999996,4.640000000000001,-6.800000000000001,0.2222222222222222,BA|BWXT|GD|HEI|KTOS|LHX|LMT|NOC|TXT,BA|BWXT|GD|HEI|KTOS|LHX|LMT|NOC|TXT
HIMS,10,10,12.17,1.86,40.06,3.83,-3.025,15.850000000000001,15.195,-13.990000000000002,13.325000000000003,0.9,AMWL|CLOV|DOCS|ELF|GDRX|LFMD|PRGO|RXRX|TDOC|TWST,AMWL|CLOV|DOCS|ELF|GDRX|LFMD|PRGO|RXRX|TDOC|TWST
HIMX,10,10,-7.85,-0.81,-27.83,-2.81,-3.31,-8.88,-4.539999999999999,8.07,-15.059999999999999,0.2,AMD|AVGO|INTC|MCHP|MRVL|MU|NVDA|ON|QCOM|TXN,AMD|AVGO|INTC|MCHP|MRVL|MU|NVDA|ON|QCOM|TXN
HIND,0,0,3.24,5.14,5.69,-3.88,,,,,,,,
HIPO,10,10,-0.56,17.04,26.0,0.33,-1.075,-2.4,0.5149999999999999,19.439999999999998,22.185,0.7,AIG|ALL|CB|CINF|HCI|MKL|PGR|SIGI|TRV|WRB,AIG|ALL|CB|CINF|HCI|MKL|PGR|SIGI|TRV|WRB
HIT,0,0,-5.66,-11.5,-0.99,-2.91,,,,,,,,
HITI,8,8,5.74,14.1,1.79,-0.28,0.335,14.315000000000001,5.405,-0.21500000000000163,1.455,0.875,ACB|CGC|CRON|GRWG|IIPR|SNDL|TLRY|VFF,ACB|CGC|CRON|GRWG|IIPR|SNDL|TLRY|VFF
HIVE,10,8,18.35,-4.28,-21.1,8.43,4.29,-14.305,14.060000000000002,10.024999999999999,-4.575000000000003,1.0,ANY|ARBK|BITF|BTBT|CIFR|CLSK|HUT|MARA|RIOT|SDIG,ANY|ARBK|BTBT|CIFR|CLSK|HUT|MARA|RIOT
HIW,10,9,-1.61,-3.66,22.97,0.14,-0.62,-0.17,-0.9900000000000001,-3.49,10.62,0.2222222222222222,ARE|BXP|EQC|ESRT|FRT|HPP|KRC|PEB|SLG|VNO,ARE|BXP|ESRT|FRT|HPP|KRC|PEB|SLG|VNO
HKD,10,10,0.3,3.99,-0.29,-0.88,-1.955,-0.855,2.255,4.845000000000001,-6.26,0.6,AMTD|BAC|C|FUTU|GS|IBKR|JPM|MS|SCHW|TIGR,AMTD|BAC|C|FUTU|GS|IBKR|JPM|MS|SCHW|TIGR
HKIT,10,9,-4.28,-21.62,-94.48,4.7,3.83,15.14,-8.11,-36.760000000000005,-98.39,0.1111111111111111,ACN|BIDU|CTSH|DXC|EPAM|INFY|IT|JKHY|NTES|TCS,ACN|BIDU|CTSH|DXC|EPAM|INFY|IT|JKHY|NTES
HKPD,0,0,-4.76,13.38,-26.02,3.36,,,,,,,,
HL,10,9,17.06,32.28,20.81,1.12,10.17,27.11,6.889999999999999,5.170000000000002,14.439999999999998,1.0,AG|CDE|EXK|FSM|GORO|MAG|MUX|PAAS|SSRM|SVM,AG|CDE|EXK|FSM|GORO|MUX|PAAS|SSRM|SVM
HLF,10,9,-1.79,-1.95,-4.91,-4.0,-2.22,-2.84,0.43000000000000016,0.8899999999999999,3.209999999999999,0.5555555555555556,FARM|HELE|INVA|LRN|MED|NATR|NHTC|OGI|TVRD|USNA,HELE|INVA|LRN|MED|NATR|NHTC|OGI|TVRD|USNA
HLI,10,10,-1.86,-6.9,-13.3,-0.16,-3.475,1.3399999999999999,1.615,-8.24,-19.27,1.0,BAC|C|EVR|GS|JPM|LAZ|MC|MS|PJT|RJF,BAC|C|EVR|GS|JPM|LAZ|MC|MS|PJT|RJF
HLIO,10,10,-6.68,-6.21,-4.34,-0.6,-3.04,-4.3,-3.6399999999999997,-1.9100000000000001,-4.63,0.0,AOS|CW|DOV|IR|ITW|PNR|ROK|SPXC|TT|XYL,AOS|CW|DOV|IR|ITW|PNR|ROK|SPXC|TT|XYL
HLIT,10,8,-5.35,3.17,0.57,-1.43,-5.005,-1.04,-0.34499999999999975,4.21,3.9899999999999998,0.5,ANET|CIEN|CSCO|ERIC|EXTR|FFIV|INFN|JNPR|NOK|NTCT,ANET|CIEN|CSCO|ERIC|EXTR|FFIV|NOK|NTCT
HLLY,10,10,1.85,19.42,22.3,-3.02,-2.7199999999999998,0.06,4.57,19.360000000000003,24.35,0.8,AAP|ALV|AZO|BWA|DORM|GPC|LKQ|MNRO|MOD|ORLY,AAP|ALV|AZO|BWA|DORM|GPC|LKQ|MNRO|MOD|ORLY
HLMN,10,10,-5.23,4.25,15.83,-2.17,-2.9050000000000002,-3.85,-2.325,8.1,6.295,0.1,AIT|DXPE|FAST|GWW|HDSN|MSM|SNA|WDFC|WMS|WSO,AIT|DXPE|FAST|GWW|HDSN|MSM|SNA|WDFC|WMS|WSO
HLN,10,10,1.22,0.71,6.9,0.51,3.9850000000000003,5.525,-2.7650000000000006,-4.815,-0.17499999999999893,0.1,ABBV|BMY|GSK|JNJ|MDLZ|MRK|NVS|PFE|PG|SNY,ABBV|BMY|GSK|JNJ|MDLZ|MRK|NVS|PFE|PG|SNY
HLNE,10,10,-2.82,28.38,22.39,-0.66,-4.890000000000001,7.65,2.0700000000000007,20.729999999999997,16.05,0.8,APO|ARCC|ARES|BX|BXMT|C|CG|GS|KKR|MS,APO|ARCC|ARES|BX|BXMT|C|CG|GS|KKR|MS
HLP,10,8,-8.46,7.21,115.27,-2.46,1.625,1.2,-10.085,6.01,134.98,0.0,CENN|GOEV|KNDI|LI|NIO|NIU|SBLX|WKHS|XPEV|ZEPP,CENN|KNDI|LI|NIO|NIU|WKHS|XPEV|ZEPP
HLT,9,9,2.92,1.84,1.95,-1.36,2.21,-1.36,0.71,3.2,-3.1899999999999995,0.5555555555555556,CHH|DRH|H|IHG|MAR|PK|RLJ|WH|XHR,CHH|DRH|H|IHG|MAR|PK|RLJ|WH|XHR
HLX,10,10,3.46,8.49,2.34,0.38,2.74,8.655,0.7199999999999998,-0.16499999999999915,1.1099999999999999,0.6,BKR|CVX|FET|FTI|HAL|INVX|NE|OII|SLB|XOM,BKR|CVX|FET|FTI|HAL|INVX|NE|OII|SLB|XOM
HMC,10,10,4.15,13.9,25.61,1.83,-0.47,-2.915,4.62,16.815,22.365,1.0,F|GM|HOG|LCID|NIO|PCAR|RIVN|STLA|TM|TSLA,F|GM|HOG|LCID|NIO|PCAR|RIVN|STLA|TM|TSLA
HMN,10,10,-2.73,-1.74,7.9,0.15,-3.24,-1.195,0.5100000000000002,-0.5449999999999999,0.5199999999999996,0.6,AFL|ALL|CINF|HIG|LNC|MET|PFG|PRI|TRV|UNM,AFL|ALL|CINF|HIG|LNC|MET|PFG|PRI|TRV|UNM
HMR,0,0,8.15,28.07,18.7,7.35,,,,,,,,
HMY,10,9,13.14,37.22,25.01,3.32,14.46,34.66,-1.3200000000000003,2.5600000000000023,6.41,0.3333333333333333,AEM|AU|BTG|DRD|EGO|GFI|IAG|KGC|NEM|NGD,AEM|AU|BTG|DRD|EGO|GFI|IAG|KGC|NEM
HNGE,0,0,0.46,11.06,60.44,-0.72,,,,,,,,
HNI,10,8,-3.74,15.27,56.09,-1.81,-2.785,2.24,-0.9550000000000001,13.03,47.005,0.375,AAPL|CSCO|DELL|HPQ|IAC|PBI|SCS|TILE|XRX|ZM,AAPL|CSCO|DELL|HPQ|PBI|TILE|XRX|ZM
HNNA,10,9,-1.3,-1.89,-3.71,-1.6,-1.48,4.37,0.17999999999999994,-6.26,-16.38,0.6666666666666666,AMG|APAM|BEN|BLK|CNS|IVZ|JHG|PJT|TROW|VRTS,AMG|APAM|BEN|BLK|CNS|IVZ|PJT|TROW|VRTS
HNRG,10,9,4.13,-0.98,-8.4,-1.37,2.32,7.24,1.81,-8.22,-14.010000000000002,0.5555555555555556,ARCH|ARLP|BTU|CNR|CNX|HCC|METC|NC|NRP|SXC,ARLP|BTU|CNR|CNX|HCC|METC|NC|NRP|SXC
HNST,10,10,0.0,30.99,56.7,0.2,-2.305,0.16999999999999998,2.305,30.819999999999997,45.755,0.7,CHD|CL|CLX|EPAM|HELE|KMB|NWL|PG|SPB|UL,CHD|CL|CLX|EPAM|HELE|KMB|NWL|PG|SPB|UL
HNVR,10,9,-1.93,9.7,16.99,-0.44,-4.37,-1.99,2.4400000000000004,11.69,11.29,1.0,CFG|CFR|CUBI|FLG|FNB|ONB|PB|SNV|UBSI|WAL,CFG|CFR|CUBI|FLG|FNB|ONB|PB|UBSI|WAL
HOFT,10,9,-2.79,5.3,12.68,-0.73,-3.74,-7.93,0.9500000000000002,13.23,-16.14,0.5555555555555556,BSET|FLXS|HNI|LZB|PRPL|RH|SGI|SNBR|W|WSM,BSET|FLXS|HNI|LZB|PRPL|RH|SGI|W|WSM
HOG,10,10,-1.51,-0.69,15.01,-0.83,-0.8200000000000001,1.595,-0.69,-2.285,7.6,0.3,F|GM|HMC|LCII|MCFT|MVIS|OSK|PII|THO|WGO,F|GM|HMC|LCII|MCFT|MVIS|OSK|PII|THO|WGO
HOLO,10,6,-0.57,11.54,0.0,-0.57,-5.84,13.105,5.27,-1.5650000000000013,-33.885,0.8333333333333334,ARQQ|ASUR|BLZE|EXFY|GMGI|INSE|LAW|OCFT|ONTF|ZSPC,ARQQ|ASUR|BLZE|EXFY|INSE|LAW
HOMB,10,10,-3.52,-0.48,13.79,-0.54,-4.484999999999999,-2.835,0.9649999999999994,2.355,6.969999999999999,1.0,FHN|FITB|FNB|HBAN|KEY|PNC|RF|TFC|WAFD|ZION,FHN|FITB|FNB|HBAN|KEY|PNC|RF|TFC|WAFD|ZION
HON,8,8,-5.58,-5.18,-3.05,-0.38,-4.555,2.265,-1.0250000000000004,-7.445,-17.53,0.125,EMR|ETN|GE|IR|MMM|PH|ROK|TT,EMR|ETN|GE|IR|MMM|PH|ROK|TT
HOOD,10,10,-5.01,-9.66,24.59,-1.43,1.03,5.85,-6.04,-15.51,18.475,0.0,AMTD|CME|COIN|GS|IBKR|ICE|MKTX|MS|NDAQ|SCHW,AMTD|CME|COIN|GS|IBKR|ICE|MKTX|MS|NDAQ|SCHW
HOPE,10,10,-4.31,2.47,12.08,-0.71,-3.91,-2.835,-0.39999999999999947,5.305,0.3100000000000005,0.3,BAC|FITB|HBAN|JPM|KEY|PNC|RF|USB|WFC|ZION,BAC|FITB|HBAN|JPM|KEY|PNC|RF|USB|WFC|ZION
HOUR,10,10,-5.58,-4.62,-5.58,0.0,1.895,5.98,-7.475,-10.600000000000001,-2.11,0.1,AMZN|BABA|CHWY|CMRC|EBAY|ETSY|JD|MELI|PDD|SHOP,AMZN|BABA|CHWY|CMRC|EBAY|ETSY|JD|MELI|PDD|SHOP
HOV,10,9,-19.52,-16.65,11.97,-14.04,-2.54,-0.07,-16.98,-16.58,2.5500000000000007,0.0,BZH|DHI|KBH|LEN|LGIH|MTH|NVR|PHM|TMHC|TOL,BZH|DHI|KBH|LEN|LGIH|MTH|NVR|PHM|TOL
HOVR,10,9,-8.69,-4.87,-23.82,-3.61,-3.63,5.52,-5.06,-10.39,-34.09,0.1111111111111111,AIR|AVAV|BA|EMBJ|GD|HXL|LMT|NOC|SPR|TXT,AIR|AVAV|BA|EMBJ|GD|HXL|LMT|NOC|TXT
HOWL,10,7,8.34,14.48,-4.52,2.17,5.97,14.93,2.37,-0.4499999999999993,-26.32,0.7142857142857143,ADVM|BLUE|BMRN|CLLS|CRSP|EDIT|NTLA|RCKT|SGMO|SLDB,BMRN|CLLS|CRSP|EDIT|NTLA|RCKT|SLDB
HP,9,9,2.79,25.62,8.29,1.17,3.86,12.98,-1.0699999999999998,12.64,14.259999999999998,0.3333333333333333,BKR|HAL|NBR|NE|OII|PTEN|RIG|SLB|TDW,BKR|HAL|NBR|NE|OII|PTEN|RIG|SLB|TDW
HPAI,10,10,-7.75,-13.98,-56.38,1.83,-1.7850000000000001,4.22,-5.965,-18.2,-53.945,0.2,AAPL|AMZN|CRM|GOOGL|IBM|META|MSFT|NVDA|ORCL|TSLA,AAPL|AMZN|CRM|GOOGL|IBM|META|MSFT|NVDA|ORCL|TSLA
HPE,9,8,-10.94,10.69,57.62,0.27,-3.96,9.425,-6.9799999999999995,1.2649999999999988,35.449999999999996,0.125,ANET|CDW|CSCO|DELL|IBM|JNPR|MSFT|NTAP|ORCL,ANET|CDW|CSCO|DELL|IBM|MSFT|NTAP|ORCL
HPK,10,8,13.05,6.31,11.13,3.77,9.91,9.075,3.1400000000000006,-2.7649999999999997,4.305000000000001,0.75,APA|DVN|EOG|FANG|HES|MRO|MTDR|OVV|OXY|SM,APA|DVN|EOG|FANG|MTDR|OVV|OXY|SM
HPP,10,10,-0.07,0.35,32.33,-0.28,-0.8,-2.9400000000000004,0.73,3.2900000000000005,20.314999999999998,0.7,ARE|BXP|CUZ|DEI|FR|HIW|KRC|PEB|SLG|VNO,ARE|BXP|CUZ|DEI|FR|HIW|KRC|PEB|SLG|VNO
HPQ,7,7,-4.38,19.24,42.04,-0.05,-3.2,10.69,-1.1799999999999997,8.549999999999999,34.85,0.42857142857142855,AAPL|DELL|HPE|IBM|INTC|MSFT|ZM,AAPL|DELL|HPE|IBM|INTC|MSFT|ZM
HQI,10,8,-4.77,31.86,40.42,0.93,-0.09999999999999998,7.27,-4.67,24.59,-22.585,0.0,ASGN|CDW|DHI|HSII|KELYA|KFRC|MAN|NSP|RHI|TBI,CDW|DHI|KELYA|KFRC|MAN|NSP|RHI|TBI
HQY,10,9,-0.31,9.7,20.23,1.26,-1.15,-2.19,0.8399999999999999,11.889999999999999,10.09,0.7777777777777778,CI|CNC|HCA|HUM|MHK|MOH|SEM|THC|UHS|UNH,CI|CNC|HCA|HUM|MHK|MOH|THC|UHS|UNH
HR,10,7,1.34,-8.52,-4.9,0.76,2.69,-5.09,-1.3499999999999999,-3.4299999999999997,-9.48,0.2857142857142857,DOC|GMRE|HCP|LTC|MPW|OHI|SBRA|UHT|VTR|WELL,DOC|LTC|OHI|SBRA|UHT|VTR|WELL
HRB,10,9,0.36,35.35,34.5,2.45,-1.45,8.79,1.81,26.560000000000002,18.29,0.5555555555555556,ADP|DFS|GPN|INTU|JPM|MA|PAYX|V|WU|XYZ,ADP|GPN|INTU|JPM|MA|PAYX|V|WU|XYZ
HRI,10,8,-3.27,8.04,23.05,-2.96,-1.4300000000000002,1.94,-1.8399999999999999,6.1,9.9,0.125,ALSN|CWST|GATX|GTLS|HEES|KMT|MTW|TEX|URI|WAB,ALSN|CWST|GATX|KMT|MTW|TEX|URI|WAB
HRL,9,8,-0.53,-3.57,17.1,-0.43,2.365,5.6899999999999995,-2.8950000000000005,-9.26,9.695000000000002,0.25,CAG|K|MDLZ|MKC|MZTI|POST|PPC|SJM|TSN,CAG|MDLZ|MKC|MZTI|POST|PPC|SJM|TSN
HRMY,10,10,0.1,10.56,22.82,-3.48,4.720000000000001,12.719999999999999,-4.620000000000001,-2.1599999999999984,1.0150000000000006,0.0,AMGN|BIIB|GILD|JNJ|LLY|MRK|NBIX|PFE|REGN|VRTX,AMGN|BIIB|GILD|JNJ|LLY|MRK|NBIX|PFE|REGN|VRTX
HROW,10,8,9.58,-0.55,38.02,2.29,7.885,11.035,1.6950000000000003,-11.585,15.680000000000003,0.625,AKTX|ALDX|BNGO|CRSP|EDIT|EYPT|OCUL|PRPH|QURE|TTOO,AKTX|ALDX|BNGO|CRSP|EDIT|EYPT|OCUL|QURE
HRTG,10,10,-0.12,26.69,42.8,-0.3,-0.505,-0.6200000000000001,0.385,27.310000000000002,38.035,0.6,ACGL|ALL|CINF|HIG|PGR|RLI|RNR|SIGI|TRV|WRB,ACGL|ALL|CINF|HIG|PGR|RLI|RNR|SIGI|TRV|WRB
HRTX,10,10,-8.52,-34.58,-63.8,-2.86,5.025,12.719999999999999,-13.545,-47.3,-88.725,0.0,ABBV|AMGN|BMY|GILD|JNJ|LLY|MRK|PFE|REGN|VRTX,ABBV|AMGN|BMY|GILD|JNJ|LLY|MRK|PFE|REGN|VRTX
HRZN,10,10,-1.77,11.55,24.98,-1.78,-1.8,7.7,0.030000000000000027,3.8500000000000005,23.405,0.6,ARCC|GAIN|GSBD|HTGC|MAIN|PFLT|PNNT|SLRC|TCPC|TPVG,ARCC|GAIN|GSBD|HTGC|MAIN|PFLT|PNNT|SLRC|TCPC|TPVG
HSAI,10,9,-3.63,24.93,-8.2,4.61,-7.76,-0.55,4.13,25.48,13.725000000000001,0.7777777777777778,AEVA|AVGO|CPTN|LAZR|LIDR|LITE|MVIS|NVTS|ON|OUST,AEVA|AVGO|LAZR|LIDR|LITE|MVIS|NVTS|ON|OUST
HSBC,10,9,-1.51,-0.61,11.4,0.18,-3.9,-2.27,2.3899999999999997,1.6600000000000001,-0.28999999999999915,1.0,BAC|BK|C|GS|JPM|MS|PNC|TFC|USB|WFC,BAC|C|GS|JPM|MS|PNC|TFC|USB|WFC
HSCS,10,10,22.82,1.2,31.09,-0.59,1.58,14.27,21.240000000000002,-13.07,12.66,1.0,ABT|BAX|BSX|EW|JNJ|MDT|RMD|SYK|TMO|ZBH,ABT|BAX|BSX|EW|JNJ|MDT|RMD|SYK|TMO|ZBH
HSDT,10,8,1.67,5.78,-20.78,-2.15,2.94,9.445,-1.27,-3.665,-40.575,0.375,ATRA|GANX|MDXG|QGEN|SENS|SIBN|SRTS|VCEL|XOMA|ZYXI,ATRA|GANX|MDXG|QGEN|SENS|SIBN|SRTS|VCEL
HSHP,10,10,6.6,6.74,12.14,3.61,5.85,7.720000000000001,0.75,-0.9800000000000004,3.59,0.8,CCEC|CMRE|DAC|DSX|ESEA|GNK|GOGL|NMM|SB|SBLK,CCEC|CMRE|DAC|DSX|ESEA|GNK|GOGL|NMM|SB|SBLK
HSIC,10,9,-1.49,4.68,21.23,-0.57,-0.66,4.54,-0.83,0.13999999999999968,8.47,0.4444444444444444,ALGN|BDX|BIO|MCK|NVST|PDCO|SNN|STE|XRAY|ZBH,ALGN|BDX|BIO|MCK|NVST|SNN|STE|XRAY|ZBH
HST,7,7,1.78,-5.49,6.92,0.02,2.8,-4.72,-1.0199999999999998,-0.7700000000000005,-11.340000000000002,0.14285714285714285,APLE|CLDT|DRH|PEB|RLJ|SHO|XHR,APLE|CLDT|DRH|PEB|RLJ|SHO|XHR
HSTM,9,8,-0.81,7.05,20.34,0.82,3.715,17.205,-4.525,-10.154999999999998,-7.600000000000001,0.25,ANIK|EHC|ELAN|HAE|MASI|MEDP|STAA|TXG|UHS,ANIK|EHC|ELAN|HAE|MEDP|STAA|TXG|UHS
HSY,10,9,2.01,10.17,-0.51,0.57,1.85,6.21,0.1599999999999997,3.96,-12.709999999999999,0.6666666666666666,CAG|GIS|HAIN|K|KDP|KO|MDLZ|MKC|PEP|SJM,CAG|GIS|HAIN|KDP|KO|MDLZ|MKC|PEP|SJM
HTB,10,9,-7.58,-3.92,-0.48,-1.64,-4.22,0.34,-3.3600000000000003,-4.26,-12.280000000000001,0.0,BKU|EFSC|FISI|FSBC|GSBC|HOMB|IBTX|ONB|SFBS|SSB,BKU|EFSC|FISI|FSBC|GSBC|HOMB|ONB|SFBS|SSB
HTCO,0,0,-4.92,-5.54,-49.21,0.0,,,,,,,,
HTCR,10,10,3.86,3.86,-5.37,-0.97,-2.155,24.85,6.015,-20.990000000000002,-21.88,0.9,ADBE|AKAM|CRM|HUBS|NOW|OKTA|TEAM|TTD|WDAY|ZS,ADBE|AKAM|CRM|HUBS|NOW|OKTA|TEAM|TTD|WDAY|ZS
HTFL,0,0,51.87,94.37,72.0,3.44,,,,,,,,
HTGC,10,10,-0.04,6.66,8.64,0.13,-2.085,7.655,2.045,-0.9950000000000001,5.535,0.8,ARCC|CSWC|GSBD|MAIN|PNNT|PSEC|SLRC|SUNS|TCPC|TPVG,ARCC|CSWC|GSBD|MAIN|PNNT|PSEC|SLRC|SUNS|TCPC|TPVG
HTH,10,9,-3.19,1.0,3.33,0.08,-4.19,-2.27,1.0000000000000004,3.27,-8.52,0.7777777777777778,BAC|BK|C|FITB|JPM|KEY|PNC|TFC|USB|WFC,BAC|C|FITB|JPM|KEY|PNC|TFC|USB|WFC
HTHT,10,10,21.25,21.31,5.43,1.09,2.565,-1.75,18.685,23.06,1.1050000000000004,1.0,APLE|CHH|H|HLT|IHG|MAR|PK|RLJ|WH|XHR,APLE|CHH|H|HLT|IHG|MAR|PK|RLJ|WH|XHR
HTLD,10,10,-2.13,-18.7,-11.69,-2.01,-4.09,-12.045,1.96,-6.654999999999999,-7.4399999999999995,0.9,ARCB|JBHT|KNX|LSTR|MRTN|ODFL|PATK|SAIA|WERN|XPO,ARCB|JBHT|KNX|LSTR|MRTN|ODFL|PATK|SAIA|WERN|XPO
HTLM,0,0,-6.67,-7.14,2.24,0.55,,,,,,,,
HTO,10,10,1.66,0.64,13.06,1.27,1.2349999999999999,3.96,0.42500000000000004,-3.32,-1.459999999999999,0.7,ARTNA|AWK|AWR|CCI|CWCO|CWT|DHR|MSEX|WTRG|YORW,ARTNA|AWK|AWR|CCI|CWCO|CWT|DHR|MSEX|WTRG|YORW
HTOO,10,8,-6.23,-15.99,-20.84,2.26,-7.97,-7.24,1.7399999999999993,-8.75,1.1549999999999976,0.5,AMRC|BE|BLDP|FCEL|GP|HYLN|HYZN|NKLA|PLUG|WKHS,AMRC|BE|BLDP|FCEL|GP|HYLN|PLUG|WKHS
HTT,10,10,-2.18,-2.18,7.64,-1.4,-5.605,-8.035,3.4250000000000003,5.855,19.045,0.7,AIHS|ENVA|FINV|JFIN|LX|OPFI|QFIN|SOS|UPST|YRD,AIHS|ENVA|FINV|JFIN|LX|OPFI|QFIN|SOS|UPST|YRD
HTZ,10,9,-12.15,6.74,-57.79,-4.63,-1.42,-4.35,-10.73,11.09,-66.35,0.0,ABG|AN|CAR|LAD|OPLN|PAG|R|SAH|TRUE|UHAL,ABG|AN|CAR|LAD|OPLN|PAG|R|SAH|UHAL
HUBB,9,9,-6.58,-0.65,2.25,-0.4,-5.16,1.61,-1.42,-2.2600000000000002,-8.05,0.1111111111111111,AME|EMR|ETN|GE|HON|IEX|ITW|ROK|TDY,AME|EMR|ETN|GE|HON|IEX|ITW|ROK|TDY
HUBC,10,9,-2.73,-34.22,-71.48,5.92,-10.52,5.03,7.789999999999999,-39.25,-103.31,0.8888888888888888,CHKP|CRWD|CYBR|FTNT|PANW|QLYS|RPD|TENB|VRNS|ZS,CHKP|CRWD|FTNT|PANW|QLYS|RPD|TENB|VRNS|ZS
HUBG,10,10,-3.94,-21.29,-1.82,0.02,-3.505,-10.23,-0.43500000000000005,-11.059999999999999,0.5999999999999999,0.4,CHRW|EXPD|JBHT|KNX|LSTR|ODFL|SAIA|SNDR|WERN|XPO,CHRW|EXPD|JBHT|KNX|LSTR|ODFL|SAIA|SNDR|WERN|XPO
HUBS,10,10,-0.26,17.08,17.95,-0.59,0.97,28.675,-1.23,-11.595000000000002,3.294999999999998,0.4,ADBE|CRM|CSCO|MSFT|NOW|ORCL|PEGA|SAP|TEAM|WDAY,ADBE|CRM|CSCO|MSFT|NOW|ORCL|PEGA|SAP|TEAM|WDAY
HUDI,10,8,0.12,16.35,-16.06,0.79,-9.655000000000001,1.855,9.775,14.495000000000001,-19.955,0.875,AA|ATI|CLF|CMC|MTRN|NUE|RS|STLD|X|ZEUS,AA|ATI|CLF|CMC|MTRN|NUE|RS|STLD
HUHU,0,0,-7.79,-7.79,-58.84,0.95,,,,,,,,
HUIZ,10,10,55.04,58.73,11.11,37.67,-3.24,-1.04,58.28,59.769999999999996,4.284999999999999,1.0,AFL|AIG|GNW|L|LNC|MET|MFC|PFG|PRU|UNM,AFL|AIG|GNW|L|LNC|MET|MFC|PFG|PRU|UNM
HUM,7,7,-0.89,-4.04,25.47,0.82,-1.15,-2.19,0.2599999999999999,-1.85,22.86,0.5714285714285714,CI|CNC|ELV|GILD|HCA|MOH|UNH,CI|CNC|ELV|GILD|HCA|MOH|UNH
HUMA,10,9,21.2,3.41,-27.32,-9.29,0.92,16.94,20.279999999999998,-13.530000000000001,-41.7,0.8888888888888888,ARCT|ATEC|AXGN|CRBP|MDXG|MIRM|NVRO|RGEN|XGN|ZLAB,ARCT|ATEC|AXGN|CRBP|MDXG|MIRM|RGEN|XGN|ZLAB
HUN,10,10,-1.99,-23.49,-28.06,-0.64,0.12000000000000001,6.895,-2.11,-30.384999999999998,-29.669999999999998,0.2,ALB|ASH|AVNT|DD|DOW|EMN|FMC|IOSP|LYB|PPG,ALB|ASH|AVNT|DD|DOW|EMN|FMC|IOSP|LYB|PPG
HURA,0,0,-3.48,-0.89,-7.11,-2.63,,,,,,,,
HURC,10,6,3.17,4.64,36.35,0.07,0.135,15.195,3.035,-10.555,9.305,0.8333333333333334,AMT|ANSS|AZPN|DMRC|FARO|IAC|ITRI|MTD|TMO|VEEV,AMT|DMRC|ITRI|MTD|TMO|VEEV
HURN,10,10,3.96,44.76,50.6,1.53,2.415,15.295,1.545,29.464999999999996,28.795,0.7,ACN|CBZ|EXPO|FTI|HCKT|ICFI|IT|MMS|NCI|SAIC,ACN|CBZ|EXPO|FTI|HCKT|ICFI|IT|MMS|NCI|SAIC
HUT,10,7,3.42,-21.91,-11.11,4.52,4.77,-3.85,-1.3499999999999996,-18.06,8.400000000000002,0.2857142857142857,ANY|ARBK|BITF|BTBT|CLSK|GREE|IREN|MARA|RIOT|SDIG,ANY|ARBK|BTBT|CLSK|IREN|MARA|RIOT
HUYA,10,10,-7.05,-8.61,-14.53,-1.58,-2.175,-3.12,-4.875,-5.489999999999999,-10.379999999999999,0.3,BIDU|BILI|BZUN|DOYU|IQ|JD|JOYY|NTES|TME|WB,BIDU|BILI|BZUN|DOYU|IQ|JD|JOYY|NTES|TME|WB
HVII,0,0,-15.64,-15.27,-14.91,-15.68,,,,,,,,
HVMC,0,0,0.59,0.83,1.48,0.0,,,,,,,,
HVT,10,8,-5.17,7.99,25.63,-3.13,-2.76,-2.19,-2.41,10.18,1.8399999999999999,0.375,BSET|FLXS|HOFT|LEG|LZB|RH|SNBR|TBHC|W|WSM,BSET|FLXS|HOFT|LEG|LZB|RH|W|WSM
HWBK,10,10,-2.32,6.4,11.86,-0.34,-3.5549999999999997,0.58,1.2349999999999999,5.82,1.0549999999999997,0.9,BKU|FBK|FFBC|HOMB|IBCP|INDB|LARK|MBWM|SFBS|UBSI,BKU|FBK|FFBC|HOMB|IBCP|INDB|LARK|MBWM|SFBS|UBSI
HWC,10,10,-4.83,-1.13,12.98,-0.77,-4.630000000000001,-3.52,-0.1999999999999993,2.39,8.365,0.4,BANR|BKU|CAC|COLB|FFBC|FNB|GBCI|HBNC|IBOC|OZK,BANR|BKU|CAC|COLB|FFBC|FNB|GBCI|HBNC|IBOC|OZK
HWH,10,9,28.93,74.31,107.51,3.76,-3.98,1.29,32.91,73.02,109.21000000000001,1.0,LEG|LZB|MHK|NWL|PRPL|SCL|SGI|SNBR|TFX|WHR,LEG|LZB|MHK|NWL|PRPL|SCL|SGI|TFX|WHR
HWKN,10,10,-5.26,-15.26,-21.79,-2.1,-0.265,6.95,-4.995,-22.21,-32.769999999999996,0.0,ALB|ASH|AVNT|CBT|CC|ECL|FUL|IFF|KWR|OLN,ALB|ASH|AVNT|CBT|CC|ECL|FUL|IFF|KWR|OLN
HWM,10,9,-1.43,-0.68,6.73,-1.74,-4.66,3.86,3.2300000000000004,-4.54,6.44,0.8888888888888888,ATI|BA|CW|HII|HXL|LMT|NOC|SPR|TDG|TXT,ATI|BA|CW|HII|HXL|LMT|NOC|TDG|TXT
HXHX,0,0,-11.02,-2.73,11.01,2.08,,,,,,,,
HXL,10,9,-7.51,-11.25,10.27,-3.23,-3.63,4.85,-3.88,-16.1,9.98,0.0,BA|GD|HEI|HII|HON|LMT|NOC|SPR|TDG|TXT,BA|GD|HEI|HII|HON|LMT|NOC|TDG|TXT
HY,10,10,-4.4,-1.98,2.67,-0.98,-2.5999999999999996,-2.54,-1.8000000000000007,0.56,-11.555,0.4,AGCO|CAT|CMCO|DE|MTW|OSK|PCAR|SNA|TEX|WNC,AGCO|CAT|CMCO|DE|MTW|OSK|PCAR|SNA|TEX|WNC
HYFM,10,10,-40.56,67.19,11.46,-2.73,-0.8,14.315000000000001,-39.760000000000005,52.875,9.98,0.0,ACB|CGC|CRON|GRWG|IIPR|OGI|SMG|SNDL|TLRY|VFF,ACB|CGC|CRON|GRWG|IIPR|OGI|SMG|SNDL|TLRY|VFF
HYFT,9,7,1.44,-2.08,-11.32,-2.76,5.97,19.63,-4.529999999999999,-21.71,-38.769999999999996,0.2857142857142857,ABCL|ADAP|ANTX|CABA|CRSP|ENTX|FATE|IGMS|ONC,ABCL|ANTX|CABA|CRSP|ENTX|FATE|ONC
HYLN,10,9,-19.34,-15.65,-18.95,-9.67,-1.16,-3.02,-18.18,-12.63,-19.65,0.0,BLNK|CHPT|F|GM|LCID|NKLA|QS|RIVN|TSLA|WKHS,BLNK|CHPT|F|GM|LCID|QS|RIVN|TSLA|WKHS
HYMC,10,9,3.01,26.13,-19.65,-1.9,14.31,32.28,-11.3,-6.150000000000002,-30.9,0.0,AG|BTG|CDE|GFI|HL|IAG|KGC|MUX|PAAS|SAND,AG|BTG|CDE|GFI|HL|IAG|KGC|MUX|PAAS
HYNE,0,0,0.61,-0.97,4.59,-0.91,,,,,,,,
HYPD,10,8,8.13,10.87,-19.05,0.66,5.095000000000001,13.93,3.035,-3.0600000000000005,-39.879999999999995,0.625,ALDX|CRVS|EDIT|KALA|NCNA|OCUL|OPTN|PRPH|PRQR|XERS,ALDX|CRVS|EDIT|KALA|NCNA|OCUL|PRQR|XERS
HYPR,10,8,1.21,-7.61,-38.91,0.26,0.71,21.59,0.5,-29.2,-63.815,0.625,CNMD|CUTR|GKOS|IRTC|ITGR|MMSI|PODD|SRDX|TCMD|ZBH,CNMD|GKOS|IRTC|ITGR|MMSI|PODD|TCMD|ZBH
HZO,10,9,0.16,58.34,55.18,-0.18,-1.13,-1.06,1.2899999999999998,59.400000000000006,51.56,0.8888888888888888,BC|LCII|MBUU|MCFT|MPX|PATK|PII|THO|WGO|YETI,BC|LCII|MBUU|MCFT|PATK|PII|THO|WGO|YETI
IAG,10,10,14.31,33.93,22.08,2.97,13.025,34.8,1.2850000000000001,-0.8699999999999974,5.714999999999996,0.6,AEM|AU|B|BTG|EGO|GFI|HMY|KGC|NEM|NG,AEM|AU|B|BTG|EGO|GFI|HMY|KGC|NEM|NG
IART,10,9,-6.37,-9.26,10.96,-0.99,-0.6,13.62,-5.7700000000000005,-22.88,-7.050000000000001,0.0,BAX|BDX|BSX|EW|HOLX|JNJ|MDT|SYK|TFX|ZBH,BAX|BDX|BSX|EW|JNJ|MDT|SYK|TFX|ZBH
IAUX,10,10,7.58,25.0,19.93,2.6,13.025,33.47,-5.445,-8.469999999999999,1.1599999999999966,0.0,AEM|AU|B|EGO|HMY|IAG|KGC|NEM|NG|SSRM,AEM|AU|B|EGO|HMY|IAG|KGC|NEM|NG|SSRM
IBAC,0,0,0.74,0.83,1.49,0.65,,,,,,,,
IBCP,10,10,-4.29,2.22,9.46,-0.38,-4.0649999999999995,-0.735,-0.22500000000000053,2.955,-1.6149999999999984,0.4,ASB|FMBH|FNWB|FSBW|GABC|HFWA|HTB|LKFN|PRK|TMP,ASB|FMBH|FNWB|FSBW|GABC|HFWA|HTB|LKFN|PRK|TMP
IBEX,10,10,0.78,9.58,16.21,1.4,4.025,24.735,-3.245,-15.155,12.415000000000001,0.3,ACN|CNDT|DOX|EPAM|G|IT|LDOS|TASK|TEL|TTEC,ACN|CNDT|DOX|EPAM|G|IT|LDOS|TASK|TEL|TTEC
IBG,0,0,-3.65,10.27,7.04,0.74,,,,,,,,
IBIO,10,9,5.71,7.25,-12.94,-0.67,3.47,6.05,2.2399999999999998,1.2000000000000002,-14.16,0.7777777777777778,ADMA|ALT|APRE|ARCT|CODX|IBRX|INO|NVAX|OCGN|VXRT,ADMA|ALT|APRE|ARCT|CODX|IBRX|INO|NVAX|OCGN
IBKR,10,10,-1.64,-3.83,7.31,-0.71,-3.305,0.52,1.6650000000000003,-4.35,-3.625000000000001,0.8,ALLY|AMTD|BAC|C|GS|JPM|LPLA|MS|RJF|SCHW,ALLY|AMTD|BAC|C|GS|JPM|LPLA|MS|RJF|SCHW
IBM,10,10,-0.09,15.14,5.3,-0.1,-3.82,11.555,3.73,3.585000000000001,-3.7749999999999995,0.9,ACN|CSCO|DELL|DXC|GOOGL|HPE|HPQ|INTC|MSFT|ORCL,ACN|CSCO|DELL|DXC|GOOGL|HPE|HPQ|INTC|MSFT|ORCL
IBN,10,10,0.27,0.37,15.11,0.44,-2.375,0.48,2.645,-0.10999999999999999,3.1400000000000006,0.9,BBVA|BCS|DB|HDB|HSBC|ING|MUFG|SAN|SMFG|UBS,BBVA|BCS|DB|HDB|HSBC|ING|MUFG|SAN|SMFG|UBS
IBO,10,10,5.05,7.41,-14.09,6.69,4.225,12.085,0.8250000000000002,-4.675000000000001,-28.5,0.6,ALNY|BIIB|BMRN|GILD|INCY|IONS|NBIX|REGN|SRPT|VRTX,ALNY|BIIB|BMRN|GILD|INCY|IONS|NBIX|REGN|SRPT|VRTX
IBOC,10,9,-2.67,-5.85,-1.34,-0.11,-4.2,-1.99,1.5300000000000002,-3.8599999999999994,-7.04,0.6666666666666666,BOKF|CFR|CMA|EWBC|FHN|FNB|ONB|PB|TCBI|ZION,BOKF|CFR|EWBC|FHN|FNB|ONB|PB|TCBI|ZION
IBP,10,8,-1.05,8.18,12.77,-2.48,-2.5599999999999996,8.765,1.5099999999999996,-0.5850000000000009,-6.220000000000002,0.875,ALLE|AWI|BLD|EXP|JELD|MAS|MHK|OC|SUM|VMC,ALLE|AWI|EXP|JELD|MAS|MHK|OC|VMC
IBRX,10,10,2.42,4.33,-2.67,-3.57,4.720000000000001,14.605,-2.3000000000000007,-10.275,-22.985,0.1,ALNY|AMGN|BIIB|BNTX|GILD|MRNA|NVAX|PFE|REGN|VRTX,ALNY|AMGN|BIIB|BNTX|GILD|MRNA|NVAX|PFE|REGN|VRTX
IBTA,10,10,-1.77,37.43,12.94,-1.04,-2.6050000000000004,-3.7,0.8350000000000004,41.13,12.469999999999999,0.6,AMZN|BJ|COST|CRTO|DG|EBAY|GRPN|RARE|RKT|WMT,AMZN|BJ|COST|CRTO|DG|EBAY|GRPN|RARE|RKT|WMT
ICCC,10,9,-7.66,-9.57,1.87,-0.65,4.78,11.82,-12.440000000000001,-21.39,-13.93,0.0,BIO|CTLT|ELAN|IDXX|ONC|OPK|PAHC|PGEN|QGEN|ZTS,BIO|ELAN|IDXX|ONC|OPK|PAHC|PGEN|QGEN|ZTS
ICCM,10,10,-19.33,-27.33,-65.75,-3.97,1.5099999999999998,8.625,-20.839999999999996,-35.955,-93.94,0.0,ANIK|BLFS|BMRN|CRIS|NBIX|OSUR|QURE|TGTX|VRTX|XBIT,ANIK|BLFS|BMRN|CRIS|NBIX|OSUR|QURE|TGTX|VRTX|XBIT
ICE,9,9,3.18,12.38,5.59,1.8,0.5,4.52,2.68,7.860000000000001,-3.5999999999999996,0.8888888888888888,AON|BR|CBOE|CME|INFO|MKTX|MSCI|NDAQ|SPGI,AON|BR|CBOE|CME|INFO|MKTX|MSCI|NDAQ|SPGI
ICFI,10,10,0.47,17.02,30.89,-0.32,0.345,6.565,0.125,10.454999999999998,21.48,0.5,ACN|AON|CACI|EFX|FTI|HLIT|LDOS|MMS|SAIC|VERI,ACN|AON|CACI|EFX|FTI|HLIT|LDOS|MMS|SAIC|VERI
ICG,10,10,-0.96,4.71,-13.95,-1.24,-3.225,-7.630000000000001,2.265,12.34,-5.149999999999999,0.7,ADI|AMD|AVGO|INTC|MCHP|MU|NVDA|QCOM|TSM|TXN,ADI|AMD|AVGO|INTC|MCHP|MU|NVDA|QCOM|TSM|TXN
ICHR,10,10,-17.21,-38.17,-10.37,-3.71,-9.565,-3.1799999999999997,-7.645000000000001,-34.99,-22.22,0.1,AEHR|AMAT|ASML|COHU|KLAC|LRCX|ONTO|PLAB|TER|UCTT,AEHR|AMAT|ASML|COHU|KLAC|LRCX|ONTO|PLAB|TER|UCTT
ICL,10,10,2.13,3.48,-14.52,0.09,4.09,3.82,-1.96,-0.33999999999999986,-18.285,0.4,AAON|ALB|AVD|CF|EMN|IFF|LYB|MOS|NTR|SMG,AAON|ALB|AVD|CF|EMN|IFF|LYB|MOS|NTR|SMG
ICLR,10,10,7.13,7.26,55.9,3.94,5.025,12.719999999999999,2.1049999999999995,-5.459999999999999,30.974999999999998,0.9,ABBV|AMGN|BMY|GILD|JNJ|LLY|MRK|PFE|REGN|VRTX,ABBV|AMGN|BMY|GILD|JNJ|LLY|MRK|PFE|REGN|VRTX
ICMB,10,10,3.79,10.0,-36.69,2.98,-2.445,7.485,6.234999999999999,2.5149999999999997,-42.879999999999995,1.0,ARCC|CSWC|FDUS|HTGC|MAIN|NMFC|PNNT|PSEC|TCPC|TSLX,ARCC|CSWC|FDUS|HTGC|MAIN|NMFC|PNNT|PSEC|TCPC|TSLX
ICON,10,8,-1.92,9.68,-23.31,-0.96,7.975,8.635,-9.895,1.045,-31.34,0.0,APA|COP|CVX|DVN|EOG|FANG|HES|MRO|OXY|XOM,APA|COP|CVX|DVN|EOG|FANG|OXY|XOM
ICU,10,9,4.1,-15.17,-16.88,0.92,-0.85,14.29,4.949999999999999,-29.46,-27.049999999999997,1.0,ABT|BAX|BSX|EW|HOLX|ISRG|MDT|RMD|SYK|TFX,ABT|BAX|BSX|EW|ISRG|MDT|RMD|SYK|TFX
ICUI,10,10,2.14,18.8,44.64,-0.15,0.0050000000000000044,13.934999999999999,2.1350000000000002,4.865000000000002,25.775,0.7,ABT|BAX|BDX|EW|ISRG|MDT|MMM|STE|SYK|ZBH,ABT|BAX|BDX|EW|ISRG|MDT|MMM|STE|SYK|ZBH
IDA,10,9,0.34,-4.8,0.04,0.62,-0.04,-4.22,0.38,-0.5800000000000001,1.46,0.5555555555555556,ALE|AVA|EE|HE|NWE|NWN|OGE|ORA|PNW|POR,AVA|EE|HE|NWE|NWN|OGE|ORA|PNW|POR
IDAI,10,9,22.04,38.12,46.8,13.81,-10.52,5.03,32.56,33.089999999999996,14.969999999999999,1.0,CRWD|CYBR|FTNT|MSFT|OKTA|QLYS|RPD|TENB|VRNS|ZS,CRWD|FTNT|MSFT|OKTA|QLYS|RPD|TENB|VRNS|ZS
IDCC,10,10,-0.88,31.64,28.16,-1.1,-1.755,-4.57,0.8749999999999999,36.21,37.975,0.7,ADI|AVGO|MRVL|NXPI|ON|QCOM|QRVO|SWKS|TSM|TXN,ADI|AVGO|MRVL|NXPI|ON|QCOM|QRVO|SWKS|TSM|TXN
IDN,10,7,-20.93,-20.3,-31.37,-3.1,-2.93,17.11,-18.0,-37.41,-62.03,0.0,CSGS|DOMO|EEFT|ENV|GPN|PRGS|PRO|RPD|VRSK|WK,DOMO|EEFT|GPN|PRGS|RPD|VRSK|WK
IDR,10,8,-0.59,5.52,-13.68,-4.25,9.905000000000001,28.035,-10.495000000000001,-22.515,-29.735,0.0,AG|BTG|CDE|EXK|GORO|HL|MUX|NGD|SA|SAND,AG|BTG|CDE|EXK|GORO|HL|MUX|SA
IDT,10,9,0.43,4.98,27.81,1.83,0.13,3.04,0.3,1.9400000000000004,32.14,0.5555555555555556,CHTR|CMCSA|CNSL|LUMN|SHEN|T|TMUS|TU|VIV|VZ,CHTR|CMCSA|LUMN|SHEN|T|TMUS|TU|VIV|VZ
IDXX,7,7,-1.25,2.72,1.13,-0.44,2.73,-2.14,-3.98,4.86,-4.42,0.14285714285714285,ELAN|HCSG|LRN|NEOG|OHI|PAHC|ZTS,ELAN|HCSG|LRN|NEOG|OHI|PAHC|ZTS
IDYA,10,8,4.5,9.51,29.27,-1.31,5.005,3.285,-0.5049999999999999,6.225,24.78,0.5,ARGX|BPMC|ENTA|EXEL|FATE|GOSS|INCY|NBIX|NERV|YMAB,ARGX|ENTA|EXEL|FATE|GOSS|INCY|NBIX|NERV
IE,10,10,-0.34,13.51,-14.47,-1.94,5.5649999999999995,12.3,-5.904999999999999,1.209999999999999,-24.17,0.0,BHP|FCX|HL|MUX|NEM|NG|RIO|SCCO|TECK|VALE,BHP|FCX|HL|MUX|NEM|NG|RIO|SCCO|TECK|VALE
IEP,10,10,-12.16,-15.11,-13.21,-0.98,-4.95,11.41,-7.21,-26.52,-18.22,0.0,AIV|APO|ARES|BAM|BX|CG|HY|IIPR|KKR|SCM,AIV|APO|ARES|BAM|BX|CG|HY|IIPR|KKR|SCM
IESC,10,10,-8.52,1.55,4.39,-1.83,-2.825,-1.0350000000000001,-5.694999999999999,2.585,8.91,0.0,APOG|DY|EME|FIX|FLR|GVA|MTH|MYRG|PWR|TT,APOG|DY|EME|FIX|FLR|GVA|MTH|MYRG|PWR|TT
IEX,9,9,-1.38,5.68,13.28,0.59,-4.12,3.99,2.74,1.6899999999999995,-0.3200000000000003,0.6666666666666666,AME|DHR|ETN|HON|ITW|MMM|PH|ROP|XYL,AME|DHR|ETN|HON|ITW|MMM|PH|ROP|XYL
IFBD,10,10,-9.33,-3.77,18.6,1.99,1.125,27.4,-10.455,-31.169999999999998,2.0900000000000034,0.1,ADBE|CRM|HUBS|INTU|MSFT|NOW|ORCL|SAP|TEAM|WDAY,ADBE|CRM|HUBS|INTU|MSFT|NOW|ORCL|SAP|TEAM|WDAY
IFF,10,9,0.12,9.02,13.07,1.04,1.2,-2.59,-1.08,11.61,14.61,0.4444444444444444,ADM|ANDE|APD|DD|DSM|FMC|FUTU|PPG|RKT|TSE,ADM|ANDE|APD|DD|DSM|FMC|FUTU|PPG|RKT
IFRX,10,10,1.13,12.93,-16.69,-4.12,3.725,5.205,-2.595,7.725,-25.92,0.2,ALT|ARWR|AVIR|BCRX|CYTK|GSK|MRNA|NVAX|PFE|SRPT,ALT|ARWR|AVIR|BCRX|CYTK|GSK|MRNA|NVAX|PFE|SRPT
IFS,10,10,-0.97,-9.58,9.6,0.45,-2.85,0.16499999999999998,1.8800000000000001,-9.745,-2.4749999999999996,0.7,BAC|BAP|BMA|BSAC|C|CHCO|CIB|GGAL|UBS|WFC,BAC|BAP|BMA|BSAC|C|CHCO|CIB|GGAL|UBS|WFC
IGAC,0,0,-0.5,0.2,0.65,-0.4,,,,,,,,
IGC,9,8,-3.98,4.59,0.46,-1.05,1.24,11.51,-5.22,-6.92,7.065,0.125,ACB|CGC|CRON|DFTX|GNLN|PHGE|RVNC|TLRY|TVRD,ACB|CGC|CRON|DFTX|GNLN|PHGE|TLRY|TVRD
IGIC,10,10,-0.69,-4.79,5.71,0.58,-0.33999999999999997,-0.9550000000000001,-0.35,-3.835,1.895,0.4,ACGL|AIG|ALLE|CB|HIG|MKL|PGR|RNR|TRV|WRB,ACGL|AIG|ALLE|CB|HIG|MKL|PGR|RNR|TRV|WRB
IH,10,9,-5.22,-10.82,-24.1,-1.69,0.02,6.3,-5.239999999999999,-17.12,-20.43,0.2222222222222222,ATAI|ATGE|CHGG|DUOL|EDU|LOPE|LRN|PRDO|TAL|UTI,ATAI|CHGG|DUOL|EDU|LOPE|LRN|PRDO|TAL|UTI
IHG,10,10,0.66,3.22,3.51,-0.69,1.365,-3.0549999999999997,-0.705,6.275,3.3949999999999996,0.1,BHR|CHH|H|HGV|HLT|INN|MAR|PK|RLJ|WH,BHR|CHH|H|HGV|HLT|INN|MAR|PK|RLJ|WH
IHRT,10,7,1.33,-17.17,-36.0,-1.93,-2.94,-4.29,4.27,-12.880000000000003,-33.86,0.8571428571428571,BBGI|CMLS|GTN|MEG|NXST|SIRI|TGNA|TSQ|TV|UONE,BBGI|GTN|NXST|SIRI|TSQ|TV|UONE
IHS,10,10,0.42,1.15,0.91,0.18,0.32499999999999996,2.415,0.09500000000000003,-1.2650000000000001,6.105,0.6,AMT|CCI|COR|DLR|EQIX|GDS|IRDM|SBAC|TSQ|UNIT,AMT|CCI|COR|DLR|EQIX|GDS|IRDM|SBAC|TSQ|UNIT
IHT,10,10,0.62,-5.52,14.44,0.31,2.285,-5.405,-1.665,-0.11499999999999932,-2.295,0.1,AHT|BHR|CLDT|DRH|HST|PEB|PK|RLJ|SVC|XHR,AHT|BHR|CLDT|DRH|HST|PEB|PK|RLJ|SVC|XHR
III,10,9,-5.51,23.98,10.27,-1.31,2.73,24.56,-8.24,-0.5799999999999983,-18.09,0.0,CBZ|EXLS|FCN|G|HCKT|HSII|HURN|MAN|MORN|TNET,CBZ|EXLS|FCN|G|HCKT|HURN|MAN|MORN|TNET
IIIN,10,8,-6.2,-3.06,18.83,-1.54,-7.705,2.505,1.505,-5.5649999999999995,11.314999999999998,0.625,ATI|CMC|HAYN|MT|NUE|RS|SCCO|STLD|WOR|X,ATI|CMC|MT|NUE|RS|SCCO|STLD|WOR
IIIV,10,9,-0.87,-15.8,-16.0,0.09,0.27,14.51,-1.1400000000000001,-30.310000000000002,-43.25,0.4444444444444444,ADP|CUBI|EVRI|FIS|GPN|JKHY|PAYC|PYPL|WEX|XYZ,ADP|CUBI|FIS|GPN|JKHY|PAYC|PYPL|WEX|XYZ
IIPR,10,10,-2.02,-9.53,0.3,0.27,0.28500000000000003,0.9850000000000001,-2.305,-10.514999999999999,-0.8599999999999999,0.1,AMT|CCI|COR|DLR|EQIX|FR|LXP|PLD|SBAC|TRNO,AMT|CCI|COR|DLR|EQIX|FR|LXP|PLD|SBAC|TRNO
IKT,10,9,-1.45,9.45,41.37,-3.06,2.61,-0.66,-4.06,10.11,37.29,0.0,ALNY|AMGN|ARWR|CLSD|JAZZ|NBIX|OCUL|PBYI|PTCT|SUPN,ALNY|AMGN|ARWR|JAZZ|NBIX|OCUL|PBYI|PTCT|SUPN
ILAG,10,9,3.36,-3.81,-13.55,-5.18,-2.5,0.37,5.859999999999999,-4.18,-19.46,1.0,ADT|ALRM|DHI|IRBTQ|KBH|LEN|NVR|PHM|TOL|VSAT,ADT|ALRM|DHI|KBH|LEN|NVR|PHM|TOL|VSAT
ILMN,10,9,12.68,13.72,52.95,5.88,6.62,12.96,6.06,0.7599999999999998,23.67,0.8888888888888888,BIO|GH|IONS|MYGN|OMIC|PACB|QGEN|TWST|TXG|VRTX,BIO|GH|IONS|MYGN|PACB|QGEN|TWST|TXG|VRTX
ILPT,10,9,-10.05,-9.86,-2.95,-1.91,-0.55,-6.31,-9.5,-3.55,-4.09,0.0,EGP|FR|GOOD|LXP|MNR|PLD|PLYM|REXR|STAG|TRNO,EGP|FR|GOOD|LXP|MNR|PLD|REXR|STAG|TRNO
IMA,0,0,-2.05,-3.69,6.28,1.05,,,,,,,,
IMAX,10,8,0.09,35.65,55.79,-0.67,0.24,12.345,-0.15,23.305,51.2,0.5,AMC|CMCSA|CNK|DIS|LGF-A|LGF-B|NCMI|NFLX|RDI|SONY,AMC|CMCSA|CNK|DIS|NCMI|NFLX|RDI|SONY
IMCC,7,7,-18.15,-21.88,-56.18,0.38,-0.66,12.44,-17.49,-34.32,-56.48,0.0,ACB|CGC|IIPR|OGI|SNDL|TLRY|VFF,ACB|CGC|IIPR|OGI|SNDL|TLRY|VFF
IMCR,10,10,4.65,0.7,21.16,-2.9,5.18,14.045,-0.5299999999999994,-13.345,-4.315000000000001,0.5,AMGN|BIIB|BMY|BNTX|GILD|INCY|MRNA|NVAX|REGN|VRTX,AMGN|BIIB|BMY|BNTX|GILD|INCY|MRNA|NVAX|REGN|VRTX
IMDX,10,9,18.06,-12.22,-29.24,0.0,7.83,13.72,10.229999999999999,-25.94,-52.91,0.8888888888888888,BNTX|CDNA|CRSP|EXAS|FLGT|GH|ILMN|MYGN|RCKT|TXG,BNTX|CDNA|CRSP|FLGT|GH|ILMN|MYGN|RCKT|TXG
IMKTA,10,10,-5.69,-6.88,-3.53,-1.87,-2.775,-0.07000000000000006,-2.9150000000000005,-6.81,5.255000000000001,0.2,ACI|BJ|CASY|COST|DG|DLTR|KR|SFM|TGT|WMT,ACI|BJ|CASY|COST|DG|DLTR|KR|SFM|TGT|WMT
IMMP,10,10,-2.8,0.85,-16.21,-0.28,4.225,12.085,-7.0249999999999995,-11.235000000000001,-30.62,0.0,ALNY|BIIB|BMRN|GILD|INCY|IONS|NBIX|REGN|SRPT|VRTX,ALNY|BIIB|BMRN|GILD|INCY|IONS|NBIX|REGN|SRPT|VRTX
IMMR,10,10,1.8,15.93,23.65,0.19,-1.7850000000000001,0.22000000000000008,3.585,15.709999999999999,26.084999999999997,0.9,AAPL|AMZN|GOOG|HPQ|INTC|MSFT|NVDA|QCOM|SONY|TSLA,AAPL|AMZN|GOOG|HPQ|INTC|MSFT|NVDA|QCOM|SONY|TSLA
IMMX,10,8,19.32,38.47,45.75,-1.21,-1.63,-3.745,20.95,42.214999999999996,68.265,0.875,ADAP|ADCT|ADIL|AFMD|APVO|AXON|CLPS|CRIS|KALA|MGNX,ADCT|ADIL|APVO|AXON|CLPS|CRIS|KALA|MGNX
IMNM,10,10,8.13,24.86,32.68,-4.04,6.53,16.2,1.6000000000000005,8.66,22.03,0.7,BEAM|BNTX|CRSP|GILD|MRNA|NTLA|NVAX|PFE|REGN|SRPT,BEAM|BNTX|CRSP|GILD|MRNA|NTLA|NVAX|PFE|REGN|SRPT
IMNN,10,8,-2.17,-2.79,-27.43,-2.17,6.205,15.535,-8.375,-18.325,-42.480000000000004,0.25,ADMA|AVIR|BNTX|CLOV|DVAX|INO|MRNA|NVAX|PDSB|VXRT,ADMA|AVIR|BNTX|CLOV|INO|MRNA|NVAX|PDSB
IMO,10,8,3.99,9.51,2.83,1.13,5.915,10.46,-1.9249999999999998,-0.9500000000000011,-7.075000000000001,0.25,COP|CVX|FANG|HES|MPC|MRO|OXY|PSX|VLO|XOM,COP|CVX|FANG|MPC|OXY|PSX|VLO|XOM
IMOS,10,10,-5.73,-13.61,13.78,3.89,-4.1850000000000005,-8.88,-1.545,-4.729999999999999,14.239999999999998,0.4,AMD|ASX|AVGO|INTC|MRVL|NVDA|QCOM|TSM|TXN|UMC,AMD|ASX|AVGO|INTC|MRVL|NVDA|QCOM|TSM|TXN|UMC
IMPP,10,10,10.54,6.86,1.58,2.8,5.025,10.57,5.514999999999999,-3.71,-5.57,1.0,ASC|DHT|ESEA|FRO|INSW|NAT|SFL|STNG|TNK|TRMD,ASC|DHT|ESEA|FRO|INSW|NAT|SFL|STNG|TNK|TRMD
IMRN,10,8,-0.77,-0.77,13.26,-5.77,3.6100000000000003,7.3100000000000005,-4.380000000000001,-8.08,7.07,0.125,ALT|AQST|AVIR|BCRX|DVAX|GERN|MCRB|MNOV|OCGN|TFFP,ALT|AQST|AVIR|BCRX|GERN|MCRB|MNOV|OCGN
IMRX,10,7,1.34,17.89,4.98,-1.13,4.56,10.99,-3.2199999999999998,6.9,-9.7,0.2857142857142857,ADAP|CABA|CUE|MGTX|RCKT|RNA|SRRK|STRO|SYRS|UBX,CABA|CUE|MGTX|RCKT|RNA|SRRK|STRO
IMSR,0,0,-13.45,-2.51,-21.84,-7.82,,,,,,,,
IMTE,10,10,-5.39,0.74,-2.68,1.49,-2.685,2.9749999999999996,-2.7049999999999996,-2.2349999999999994,-2.98,0.3,AMBA|DSS|GOGO|GSAT|GTEC|HLIT|IRT|LMT|TRMB|VNET,AMBA|DSS|GOGO|GSAT|GTEC|HLIT|IRT|LMT|TRMB|VNET
IMTX,10,7,-10.53,-6.43,-23.53,-7.24,5.97,13.5,-16.5,-19.93,-34.64,0.0,ADAP|ALLO|BLUE|BNTX|CLLS|FATE|GOSS|MRNA|PSTX|TIL,ALLO|BNTX|CLLS|FATE|GOSS|MRNA|TIL
IMUX,10,8,-2.2,7.31,40.39,-1.43,0.385,-4.67,-2.585,11.98,22.97,0.25,ADAP|AFMD|AGEN|ALDX|FATE|IMTX|IOVA|KPTI|MCRB|ZLAB,AGEN|ALDX|FATE|IMTX|IOVA|KPTI|MCRB|ZLAB
IMVT,10,10,5.38,12.86,23.93,-1.98,6.655,17.825,-1.2750000000000004,-4.965,-1.1499999999999986,0.4,ARCT|BMRN|CRSP|EDIT|MRNA|NTLA|RARE|REGN|SRPT|VRTX,ARCT|BMRN|CRSP|EDIT|MRNA|NTLA|RARE|REGN|SRPT|VRTX
IMXI,10,10,20.43,6.58,-7.61,-0.56,-1.45,3.6849999999999996,21.88,2.8950000000000005,-22.03,1.0,ADP|EEFT|FIS|GPN|MA|PAYO|PYPL|V|WU|XYZ,ADP|EEFT|FIS|GPN|MA|PAYO|PYPL|V|WU|XYZ
INAB,10,8,0.84,-3.26,-24.21,-0.84,5.9,13.065000000000001,-5.0600000000000005,-16.325000000000003,-31.875,0.25,ADAP|BLUE|CLLS|CRSP|EDIT|FATE|GILD|IBRX|NTLA|TCRT,CLLS|CRSP|EDIT|FATE|GILD|IBRX|NTLA|TCRT
INAC,0,0,-0.58,0.1,0.49,0.0,,,,,,,,
INBK,10,9,-3.69,6.54,16.77,-1.54,-4.0,-4.25,0.31000000000000005,10.79,8.989999999999998,0.5555555555555556,ALLY|AXP|BAC|C|COF|DFS|FITB|GS|JPM|KEY,ALLY|AXP|BAC|C|COF|FITB|GS|JPM|KEY
INBS,10,8,-12.0,46.67,-6.71,-1.12,8.379999999999999,13.065000000000001,-20.38,33.605000000000004,-14.375,0.0,BLUE|CABA|CDMO|CRSP|EDIT|GILD|IONS|MRNA|NBIX|NTLA,CABA|CRSP|EDIT|GILD|IONS|MRNA|NBIX|NTLA
INBX,9,6,1.47,14.57,-10.52,-3.0,3.585,5.07,-2.115,9.5,-15.469999999999999,0.3333333333333333,ADAP|ARVN|BPMC|EXEL|IGMS|KPTI|ONC|PBYI|PTCT,ARVN|EXEL|KPTI|ONC|PBYI|PTCT
INCR,9,8,-6.55,-7.93,1.23,-6.94,0.335,22.415,-6.885,-30.345,-0.25,0.0,ACB|CGC|CRON|FLGC|GRWG|OGI|SNDL|TLRY|VFF,ACB|CGC|CRON|GRWG|OGI|SNDL|TLRY|VFF
INCY,10,10,7.62,12.01,33.6,1.01,5.025,12.719999999999999,2.5949999999999998,-0.7099999999999991,11.795000000000002,0.9,AMGN|BMY|GILD|IONS|JNJ|LLY|MRK|PFE|REGN|VRTX,AMGN|BMY|GILD|IONS|JNJ|LLY|MRK|PFE|REGN|VRTX
INDB,10,9,-2.84,-2.6,5.25,-0.35,-3.65,0.7,0.81,-3.3,-4.404999999999999,0.8888888888888888,BRKL|CVBF|EBC|FULT|HIFS|NWBI|SBSI|STER|WBS|WSBC,BRKL|CVBF|EBC|FULT|HIFS|NWBI|SBSI|WBS|WSBC
INDI,10,10,-7.6,0.93,-2.42,-4.49,-1.88,-7.630000000000001,-5.72,8.56,11.845,0.1,ADI|AVGO|MCHP|MPWR|MRVL|NXPI|ON|QCOM|SWKS|TXN,ADI|AVGO|MCHP|MPWR|MRVL|NXPI|ON|QCOM|SWKS|TXN
INDO,9,9,3.13,-3.19,-2.87,0.37,4.81,8.2,-1.6799999999999997,-11.389999999999999,8.05,0.3333333333333333,HAL|HP|NBR|NE|PDS|PTEN|RIG|SDRL|TDW,HAL|HP|NBR|NE|PDS|PTEN|RIG|SDRL|TDW
INDP,9,7,18.76,-52.4,2.35,32.98,5.71,17.11,13.05,-69.50999999999999,-28.479999999999997,0.8571428571428571,ADMA|AFMD|AGEN|AMGN|AVIR|IBIO|MRNA|PDSB|VXRT,ADMA|AGEN|AMGN|AVIR|IBIO|MRNA|PDSB
INDV,10,10,0.73,-4.82,2.42,-1.36,4.59,10.545,-3.86,-15.365,-13.155,0.0,ABBV|BIIB|BMY|GILD|JNJ|LLY|NBIX|PFE|TEVA|VRTX,ABBV|BIIB|BMY|GILD|JNJ|LLY|NBIX|PFE|TEVA|VRTX
INEO,0,0,-4.78,-15.97,4.24,3.34,,,,,,,,
INFU,10,7,-1.36,38.31,21.16,0.86,-0.89,6.5,-0.4700000000000001,31.810000000000002,5.77,0.14285714285714285,ADUS|AMED|ASRT|CHE|CVS|EHC|ENSG|HUM|MODV|PNTG,ADUS|CHE|CVS|EHC|ENSG|HUM|PNTG
INFY,10,9,-3.46,9.61,-6.19,-0.42,-0.09,15.14,-3.37,-5.530000000000001,-11.49,0.1111111111111111,ACN|CTS|CTSH|DXC|EPAM|GIB|IBM|IT|TCS|WIT,ACN|CTS|CTSH|DXC|EPAM|GIB|IBM|IT|WIT
ING,10,10,-2.63,4.01,14.18,-0.07,-4.41,-2.015,1.7800000000000002,6.025,2.7699999999999996,0.6,BBVA|BCS|BMO|DB|HSBC|LYG|RY|SAN|TD|UBS,BBVA|BCS|BMO|DB|HSBC|LYG|RY|SAN|TD|UBS
INGM,0,0,-3.85,-8.9,6.16,0.67,,,,,,,,
INGN,10,10,-2.61,-13.08,-10.75,-0.38,2.0,14.614999999999998,-4.609999999999999,-27.695,-24.415,0.1,AAPL|ABT|BDX|BSX|GEHC|ISRG|MDT|PHG|RMD|ZBH,AAPL|ABT|BDX|BSX|GEHC|ISRG|MDT|PHG|RMD|ZBH
INGR,10,9,2.42,5.07,6.89,0.46,1.87,5.42,0.5499999999999998,-0.34999999999999964,-5.31,0.5555555555555556,ADM|BG|CARG|DAR|GIS|HRL|K|KO|MGPI|PEP,ADM|BG|CARG|DAR|GIS|HRL|KO|MGPI|PEP
INHD,10,10,-32.57,-81.49,441.44,-2.15,-0.8300000000000001,9.5,-31.740000000000002,-90.99,443.875,0.0,AAPL|ADBE|AMZN|GOOGL|IBM|MSFT|NFLX|NVDA|ORCL|TSLA,AAPL|ADBE|AMZN|GOOGL|IBM|MSFT|NFLX|NVDA|ORCL|TSLA
INKT,10,8,5.79,13.64,8.55,4.56,4.470000000000001,1.645,1.3199999999999994,11.995000000000001,0.5100000000000016,0.625,ADAP|AFMD|CGEN|FATE|IMTX|KPTI|ONC|PGEN|TVRD|VRTX,CGEN|FATE|IMTX|KPTI|ONC|PGEN|TVRD|VRTX
INLF,0,0,4.82,32.98,-99.38,5.71,,,,,,,,
INLX,10,9,-3.83,0.91,-17.46,-5.95,-3.0,12.33,-0.8300000000000001,-11.42,-37.18,0.2222222222222222,ACIW|BOX|DOCU|GSIT|IRM|MSTR|NTNX|OTEX|PUBM|ZUO,ACIW|BOX|DOCU|GSIT|IRM|MSTR|NTNX|OTEX|PUBM
INM,10,8,14.34,-1.5,1.56,2.84,0.5599999999999999,7.125,13.78,-8.625,-2.3850000000000002,1.0,ABEO|ALT|ASRT|AVDL|AYTU|CRBP|CTXR|EYPT|OCGN|TVRD,ABEO|ALT|AYTU|CRBP|CTXR|EYPT|OCGN|TVRD
INMB,10,9,4.57,18.21,54.26,-2.47,0.6,7.31,3.97,10.900000000000002,61.23,0.5555555555555556,ABUS|BGMS|CYPH|IMUX|LITS|ONCY|PDSB|PRQR|SLNO|TNXP,ABUS|BGMS|CYPH|IMUX|LITS|ONCY|PDSB|PRQR|TNXP
INMD,10,9,-1.85,-1.85,6.41,-0.81,1.84,0.47,-3.6900000000000004,-2.3200000000000003,1.1799999999999997,0.2222222222222222,ALGN|CERS|CLGN|CUTR|HAE|IRTC|MDXG|NVCR|PODD|VCEL,ALGN|CERS|CLGN|HAE|IRTC|MDXG|NVCR|PODD|VCEL
INN,10,10,0.9,-12.61,10.73,-0.24,2.505,-5.405,-1.605,-7.204999999999999,-4.460000000000001,0.1,AHT|BHR|DRH|HST|PEB|PK|RLJ|SHO|SVC|XHR,AHT|BHR|DRH|HST|PEB|PK|RLJ|SHO|SVC|XHR
INNV,10,7,1.42,-7.52,43.82,-1.27,-0.89,-4.04,2.31,-3.4799999999999995,28.66,0.7142857142857143,ADUS|AMED|CHE|DNUT|EHAB|HUM|OPFI|PRVA|SEM|VITL,ADUS|CHE|DNUT|HUM|OPFI|PRVA|VITL
INO,10,9,38.32,17.45,1.22,-4.23,4.91,13.28,33.41,4.17,-13.42,0.7777777777777778,ADMA|ARCT|AZN|BNTX|GSK|JNJ|MRNA|NVAX|PFE|VXRT,ADMA|ARCT|AZN|BNTX|GSK|JNJ|MRNA|NVAX|PFE
INOD,9,9,-0.9,0.26,-34.99,-1.93,3.71,24.91,-4.61,-24.65,-40.29,0.2222222222222222,ACN|AI|CTSH|DOX|DXC|EPAM|GLOB|IBM|IT,ACN|AI|CTSH|DOX|DXC|EPAM|GLOB|IBM|IT
INR,0,0,6.25,7.35,-3.05,1.25,,,,,,,,
INSE,10,8,-5.46,-13.13,-18.08,-2.48,-1.015,-0.18000000000000005,-4.445,-12.950000000000001,-25.659999999999997,0.0,BRSL|BYD|CHDN|CZR|EVRI|GDEN|LVS|MCRI|PENN|RRR,BRSL|BYD|CHDN|CZR|LVS|MCRI|PENN|RRR
INSG,10,9,-14.38,-45.56,-66.69,-6.47,-3.11,0.53,-11.270000000000001,-46.09,-63.349999999999994,0.0,AVNW|CRNT|CSCO|ERIC|HPE|HPQ|JNPR|MSI|NOK|QCOM,AVNW|CRNT|CSCO|ERIC|HPE|HPQ|MSI|NOK|QCOM
INSM,10,10,0.66,19.25,17.85,-2.65,4.225,11.620000000000001,-3.5649999999999995,7.629999999999999,6.410000000000002,0.2,BIIB|BMRN|EXEL|GILD|NBIX|RARE|REGN|SRPT|UTHR|VRTX,BIIB|BMRN|EXEL|GILD|NBIX|RARE|REGN|SRPT|UTHR|VRTX
INSP,10,10,5.14,21.41,38.63,-0.81,-0.52,11.489999999999998,5.66,9.920000000000002,30.950000000000003,1.0,BSX|CNMD|EW|GMED|IART|MDT|PEN|SYK|TFX|ZBH,BSX|CNMD|EW|GMED|IART|MDT|PEN|SYK|TFX|ZBH
INSW,10,10,4.39,11.72,21.11,-0.38,5.734999999999999,10.57,-1.3449999999999998,1.1500000000000004,13.91,0.4,ASC|CCEC|DHT|FRO|NAT|SBLK|SFL|STNG|TNK|TRMD,ASC|CCEC|DHT|FRO|NAT|SBLK|SFL|STNG|TNK|TRMD
INTA,10,10,-2.56,53.32,90.7,-0.24,0.315,26.060000000000002,-2.875,27.259999999999998,71.47,0.3,ADBE|BOX|CRM|HUBS|MSFT|NOW|ORCL|SAP|TEAM|WDAY,ADBE|BOX|CRM|HUBS|MSFT|NOW|ORCL|SAP|TEAM|WDAY
INTC,10,10,-12.59,-10.93,-23.17,-1.5,-2.7649999999999997,-4.57,-9.825,-6.359999999999999,-18.980000000000004,0.1,ADI|AMD|AVGO|MRVL|MU|NVDA|NXPI|QCOM|TSM|TXN,ADI|AMD|AVGO|MRVL|MU|NVDA|NXPI|QCOM|TSM|TXN
INTG,10,10,-8.79,-7.28,-13.41,-3.95,-3.58,7.85,-5.209999999999999,-15.129999999999999,-21.38,0.0,APO|BAM|BEN|BRK-A|BX|CG|IVZ|KKR|L|MKL,APO|BAM|BEN|BRK-A|BX|CG|IVZ|KKR|L|MKL
INTJ,10,10,4.52,10.48,-65.47,-2.14,-3.66,8.5,8.18,1.9800000000000004,-69.785,1.0,AI|AMD|DOCN|GOOGL|IBM|MSFT|NVDA|PLTR|SNOW|UPST,AI|AMD|DOCN|GOOGL|IBM|MSFT|NVDA|PLTR|SNOW|UPST
INTR,10,10,0.6,-7.71,-15.03,-1.29,-2.75,-2.7,3.35,-5.01,-26.439999999999998,1.0,BAP|BBAR|BBD|BCS|BSBR|DB|HSBC|ITUB|SAN|UBS,BAP|BBAR|BBD|BCS|BSBR|DB|HSBC|ITUB|SAN|UBS
INTS,10,10,8.25,-1.37,-6.48,3.1,5.025,12.719999999999999,3.2249999999999996,-14.09,-31.405,0.9,ABBV|AMGN|BMY|GILD|JNJ|LLY|MRK|PFE|REGN|VRTX,ABBV|AMGN|BMY|GILD|JNJ|LLY|MRK|PFE|REGN|VRTX
INTT,10,10,-9.35,-15.27,-30.75,-3.45,-10.785,1.0150000000000001,1.4350000000000005,-16.285,-32.645,0.6,AEHR|AXTI|CAMT|COHU|FORM|KLIC|MMSI|ONTO|TER|UCTT,AEHR|AXTI|CAMT|COHU|FORM|KLIC|MMSI|ONTO|TER|UCTT
INTU,10,10,1.36,27.66,-5.41,0.16,-1.8199999999999998,23.96,3.1799999999999997,3.6999999999999993,-18.845,0.7,ADBE|ADSK|CRM|GOOGL|MSFT|NOW|ORCL|PYPL|WDAY|XYZ,ADBE|ADSK|CRM|GOOGL|MSFT|NOW|ORCL|PYPL|WDAY|XYZ
INTZ,10,9,-2.99,-20.2,-12.04,2.52,-10.52,3.04,7.529999999999999,-23.24,-43.87,0.8888888888888888,CHKP|CRWD|CYBR|FTNT|NET|OKTA|PANW|QLYS|VRNS|ZS,CHKP|CRWD|FTNT|NET|OKTA|PANW|QLYS|VRNS|ZS
INUV,10,10,-11.83,-25.66,-51.7,2.89,-3.5500000000000003,14.7,-8.28,-40.36,-85.965,0.2,APPS|BLIN|CRTO|DV|FLNT|MGNI|PERI|PUBM|ROKU|TTD,APPS|BLIN|CRTO|DV|FLNT|MGNI|PERI|PUBM|ROKU|TTD
INV,0,0,-58.33,-55.48,-75.8,-2.6,,,,,,,,
INVA,10,10,1.93,-1.31,-4.9,-1.54,4.720000000000001,12.719999999999999,-2.790000000000001,-14.03,-25.924999999999997,0.1,ABBV|AMGN|BIIB|BMY|GILD|MRK|PFE|REGN|SAN|VRTX,ABBV|AMGN|BIIB|BMY|GILD|MRK|PFE|REGN|SAN|VRTX
INVE,10,10,8.3,4.74,-27.53,0.7,-7.635,-3.2699999999999996,15.935,8.01,-18.16,1.0,AXTI|CAMT|LSCC|MTSI|PERI|PXLW|QUIK|SMTC|SONO|SSYS,AXTI|CAMT|LSCC|MTSI|PERI|PXLW|QUIK|SMTC|SONO|SSYS
INVH,9,8,0.18,2.9,4.06,0.5,0.22499999999999998,0.10500000000000004,-0.044999999999999984,2.795,2.925,0.5,AMH|AVB|CPT|EQR|ESS|IRT|MAA|SUI|UDR,AMH|AVB|CPT|ESS|IRT|MAA|SUI|UDR
INVX,10,10,-5.47,7.01,-6.02,-1.1,0.845,6.640000000000001,-6.3149999999999995,0.3699999999999992,-0.34999999999999964,0.0,BKR|CLB|FET|FTI|HAL|NOV|OII|RES|SLB|TS,BKR|CLB|FET|FTI|HAL|NOV|OII|RES|SLB|TS
INVZ,10,10,-17.93,-49.12,-54.17,-5.49,-1.165,-2.6799999999999997,-16.765,-46.44,-36.66,0.1,APTV|F|GM|LAZR|LI|LIDR|MVIS|NIO|OUST|TSLA,APTV|F|GM|LAZR|LI|LIDR|MVIS|NIO|OUST|TSLA
IONQ,10,10,-10.05,16.66,-22.89,-6.76,-7.039999999999999,2.54,-3.0100000000000016,14.120000000000001,-19.17,0.4,DELL|GOOGL|HPQ|IBM|INTC|MSFT|NVDA|QBTS|QUBT|RGTI,DELL|GOOGL|HPQ|IBM|INTC|MSFT|NVDA|QBTS|QUBT|RGTI
IONR,10,9,0.96,-3.37,-22.98,0.0,-9.81,-5.71,10.77,2.34,14.239999999999998,0.7777777777777778,ALB|ENVX|LAC|PLL|QS|SEDG|SLDP|SQM|STEM|TE,ALB|ENVX|LAC|QS|SEDG|SLDP|SQM|STEM|TE
IONS,10,9,6.62,10.29,-20.64,-2.01,2.81,11.08,3.81,-0.7900000000000009,-32.5,1.0,ALNY|ARWR|BIIB|FOLD|GILD|NBIX|PRTA|REGN|SRPT|VRTX,ALNY|ARWR|BIIB|GILD|NBIX|PRTA|REGN|SRPT|VRTX
IOR,10,9,-17.98,-20.84,-4.7,-14.99,0.71,-3.82,-18.69,-17.02,-2.7300000000000004,0.0,AKR|BRX|FCPT|IRM|LTC|MPW|NNN|O|VICI|WPC,AKR|BRX|FCPT|IRM|LTC|NNN|O|VICI|WPC
IOSP,10,10,-1.23,8.75,17.93,-1.06,0.015,6.725,-1.2449999999999999,2.0250000000000004,14.86,0.3,ALB|ASH|CE|CMP|ECL|EMN|FUL|HUN|IFF|SHW,ALB|ASH|CE|CMP|ECL|EMN|FUL|HUN|IFF|SHW
IOT,10,10,-4.35,18.06,28.47,0.38,-2.295,9.5,-2.0549999999999997,8.559999999999999,27.16,0.2,ADBE|ADSK|AMZN|CSCO|GE|GOOGL|MSFT|NTGR|ORCL|PTC,ADBE|ADSK|AMZN|CSCO|GE|GOOGL|MSFT|NTGR|ORCL|PTC
IOTR,0,0,-5.09,-21.62,31.16,-2.61,,,,,,,,
IOVA,10,8,33.21,67.99,145.34,8.7,3.25,14.45,29.96,53.53999999999999,123.0,1.0,ADAP|BMRN|CRSP|EDIT|FATE|NTLA|PRTA|QURE|SGMO|TVRD,BMRN|CRSP|EDIT|FATE|NTLA|PRTA|QURE|TVRD
IP,8,7,-0.83,7.06,32.06,-0.69,-1.42,5.61,0.59,1.4499999999999993,15.290000000000003,0.5714285714285714,AMCR|AVY|GPK|OI|PKG|SEE|SLGN|SON,AMCR|AVY|GPK|OI|PKG|SLGN|SON
IPAR,9,9,0.19,-5.34,28.17,-1.12,-0.94,4.03,1.13,-9.370000000000001,3.0100000000000016,0.5555555555555556,COTY|EL|NUS|PETS|PG|REGN|SBH|UL|WDAY,COTY|EL|NUS|PETS|PG|REGN|SBH|UL|WDAY
IPCX,0,0,-3.66,-62.06,-61.69,0.0,,,,,,,,
IPDN,10,8,-9.86,-44.92,-63.62,3.27,0.41000000000000003,8.530000000000001,-10.27,-53.45,-126.625,0.0,ASGN|DLHC|HQI|HSII|KELYA|KFY|MAN|NSP|RHI|TBI,DLHC|HQI|KELYA|KFY|MAN|NSP|RHI|TBI
IPEX,0,0,-1.4,0.05,0.76,0.14,,,,,,,,
IPGP,10,10,-10.92,-23.57,-38.16,-2.34,-7.66,-6.3149999999999995,-3.26,-17.255000000000003,-18.22,0.3,AVGO|COHR|LITE|LPL|MKSI|MTSI|PLAB|QCOM|TEL|VSH,AVGO|COHR|LITE|LPL|MKSI|MTSI|PLAB|QCOM|TEL|VSH
IPHA,10,6,-17.36,18.03,-4.77,-1.18,-2.74,-0.93,-14.62,18.96,-2.835,0.0,AFMD|BPMC|CTMX|FATE|IMTX|IMUX|NKTR|ONCT|PDSB|SWTX,CTMX|FATE|IMTX|IMUX|NKTR|PDSB
IPI,10,10,5.94,9.47,-5.41,3.05,4.925,0.8999999999999999,1.0150000000000006,8.57,-3.9250000000000003,0.6,ALB|CF|CMP|FMC|ICL|MOS|NTR|SMG|SQM|UAN,ALB|CF|CMP|FMC|ICL|MOS|NTR|SMG|SQM|UAN
IPM,10,10,4.28,8.33,2.63,0.0,-2.795,9.19,7.075,-0.8599999999999994,7.3999999999999995,0.8,BIDU|GME|MTCH|NFLX|RBLX|SNAP|SPOT|TTWO|TWLO|ZM,BIDU|GME|MTCH|NFLX|RBLX|SNAP|SPOT|TTWO|TWLO|ZM
IPSC,10,8,6.48,-4.42,-8.67,-2.61,7.45,10.56,-0.9699999999999998,-14.98,-22.265,0.375,ARCT|BEAM|CARR|CRSP|DNLI|EDIT|NTLA|SGMO|VERV|ZNTL,ARCT|BEAM|CARR|CRSP|DNLI|EDIT|NTLA|ZNTL
IPST,0,0,495.19,411.57,109.12,46.03,,,,,,,,
IPW,10,10,-12.39,-62.92,-92.89,-4.81,-1.535,14.315000000000001,-10.855,-77.235,-96.585,0.1,ACB|CGC|CRON|GRWG|HYFM|OGI|RYM|SMG|SNDL|TLRY,ACB|CGC|CRON|GRWG|HYFM|OGI|RYM|SMG|SNDL|TLRY
IPWR,9,8,17.02,21.59,-13.15,-4.68,-5.54,-9.515,22.56,31.105,17.65,1.0,BLDP|CSIQ|ENPH|FCEL|JKS|NOVA|PLUG|RUN|SEDG,BLDP|CSIQ|ENPH|FCEL|JKS|PLUG|RUN|SEDG
IPX,10,7,-14.21,-13.41,-40.61,-4.51,-8.51,-0.08,-5.700000000000001,-13.33,-47.14,0.14285714285714285,ATI|CMC|HAYN|NUE|PKX|RS|RYI|STLD|TEX|X,ATI|CMC|NUE|PKX|RS|STLD|TEX
IQ,10,10,-22.23,-14.7,-3.85,-6.64,1.6099999999999999,11.895,-23.84,-26.595,-7.005000000000001,0.0,AMZN|CHTR|CMCSA|DIS|FOXA|NFLX|ROKU|SIRI|SONY|T,AMZN|CHTR|CMCSA|DIS|FOXA|NFLX|ROKU|SIRI|SONY|T
IQST,0,0,-16.3,-4.11,-22.84,-2.21,,,,,,,,
IQV,7,6,7.43,30.7,51.3,4.11,5.36,15.07,2.0699999999999994,15.629999999999999,19.004999999999995,0.8333333333333334,CRL|CROX|CTLT|ICON|INCY|LH|MEDP,CRL|CROX|ICON|INCY|LH|MEDP
IR,10,9,-5.27,-4.43,13.46,-1.56,-3.01,2.92,-2.26,-7.35,13.350000000000001,0.2222222222222222,DOV|EMR|ETN|HON|IRBTQ|ITW|MMM|PNR|ROK|YUM,DOV|EMR|ETN|HON|ITW|MMM|PNR|ROK|YUM
IRD,0,0,11.29,35.74,-6.76,1.72,,,,,,,,
IRDM,10,9,-3.54,2.48,6.05,-1.42,-0.8,2.78,-2.74,-0.2999999999999998,6.3999999999999995,0.4444444444444444,GILT|GSAT|LMT|QCOM|S|SATS|T|TMUS|VSAT|VZ,GILT|GSAT|LMT|QCOM|S|T|TMUS|VSAT|VZ
IREN,10,8,-7.46,0.34,-21.42,-3.34,6.765000000000001,-4.065,-14.225000000000001,4.405,-4.185000000000002,0.0,ARBK|BITF|BTBT|CAN|EBON|HIVE|HUT|MARA|RIOT|SDIG,ARBK|BTBT|CAN|EBON|HIVE|HUT|MARA|RIOT
IRIX,10,9,-9.05,-18.1,-25.05,-4.27,-0.85,8.82,-8.200000000000001,-26.92,-30.240000000000002,0.1111111111111111,ALGN|BSX|COO|CUTR|EW|GKOS|PAVM|STAA|SYK|ZBH,ALGN|BSX|COO|EW|GKOS|PAVM|STAA|SYK|ZBH
IRM,9,8,-3.6,-1.97,-2.98,0.02,-0.7849999999999999,1.885,-2.8150000000000004,-3.855,-6.915,0.0,COR|CUBE|DLR|EXR|NSA|PLD|PSA|REXR|STAG,COR|CUBE|DLR|EXR|PLD|PSA|REXR|STAG
IRMD,10,8,0.58,-6.81,-3.02,0.31,1.3599999999999999,16.405,-0.7799999999999999,-23.215,-13.17,0.375,CNMD|HOLX|INMD|INSP|MASI|PEN|RMD|STAA|STE|TMDX,CNMD|INMD|INSP|PEN|RMD|STAA|STE|TMDX
IRON,10,8,-0.79,6.81,18.42,-1.12,6.925000000000001,14.45,-7.715000000000001,-7.64,11.055000000000001,0.0,ALNY|BEAM|BLUE|CRSP|EDIT|IONS|NTLA|SGMO|SRPT|VRTX,ALNY|BEAM|CRSP|EDIT|IONS|NTLA|SRPT|VRTX
IRS,10,10,-0.17,-5.48,7.24,-0.03,-0.76,-2.21,0.59,-3.2700000000000005,-4.775,0.7,AIV|BXP|CUZ|ESRT|HIW|HPP|KRC|SLG|VNO|WPC,AIV|BXP|CUZ|ESRT|HIW|HPP|KRC|SLG|VNO|WPC
IRT,10,9,-1.74,2.17,0.03,0.51,-0.38,-2.64,-1.3599999999999999,4.8100000000000005,0.6,0.2222222222222222,AIV|AVB|CPT|EQR|ESS|MAA|MNR|NXRT|RENT|UDR,AIV|AVB|CPT|ESS|MAA|MNR|NXRT|RENT|UDR
IRTC,10,10,3.83,20.56,9.3,2.55,-0.7,-3.415,4.53,23.974999999999998,6.855,0.9,ALGN|BIO|DXCM|ISRG|JAZZ|PODD|QDEL|STM|TDOC|VEEV,ALGN|BIO|DXCM|ISRG|JAZZ|PODD|QDEL|STM|TDOC|VEEV
IRWD,10,10,2.57,7.86,6.76,-4.01,5.05,10.545,-2.48,-2.6849999999999996,-8.815,0.0,ABBV|ALNY|BIIB|BMY|EXEL|GILD|INCY|NBIX|REGN|VRTX,ABBV|ALNY|BIIB|BMY|EXEL|GILD|INCY|NBIX|REGN|VRTX
ISBA,0,0,-5.93,2.09,-7.45,-1.61,,,,,,,,
ISOU,0,0,-1.65,0.4,-2.88,-3.98,,,,,,,,
ISPC,10,10,10.46,12.92,-25.28,6.75,5.075,13.365,5.385000000000001,-0.4450000000000003,-60.545,0.9,A|BIO|BRKR|DHR|ILMN|MTD|QGEN|TECH|TMO|WAT,A|BIO|BRKR|DHR|ILMN|MTD|QGEN|TECH|TMO|WAT
ISPR,9,9,-2.52,-6.63,-26.54,3.33,-0.66,16.19,-1.8599999999999999,-22.82,-29.13,0.2222222222222222,ACB|CGC|CRON|GRWG|OGI|SMG|TLRY|TVRD|VFF,ACB|CGC|CRON|GRWG|OGI|SMG|TLRY|TVRD|VFF
ISRG,9,9,-2.41,14.94,-12.79,-1.54,1.84,14.25,-4.25,0.6899999999999995,-30.8,0.1111111111111111,ABT|BSX|EW|GMED|JNJ|MDT|SYK|TMDX|ZBH,ABT|BSX|EW|GMED|JNJ|MDT|SYK|TMDX|ZBH
ISTR,10,7,-3.27,0.98,4.67,-0.07,-3.32,2.59,0.04999999999999982,-1.6099999999999999,-4.449999999999999,0.7142857142857143,BTBT|CUBI|CWBC|EBC|EFSC|FFWM|HTBK|IBTX|OSBC|SFST,BTBT|CUBI|CWBC|EBC|EFSC|OSBC|SFST
IT,9,8,6.5,47.78,23.19,1.3,2.59,28.275,3.91,19.505000000000003,6.795000000000002,0.875,ACN|CTSH|DDD|EPAM|FORR|G|IDCC|NXST|TWKS,ACN|CTSH|DDD|EPAM|FORR|G|IDCC|NXST
ITGR,10,10,0.23,29.81,37.0,0.04,0.16999999999999998,11.489999999999998,0.060000000000000026,18.32,26.83,0.5,ABT|BSX|EW|MDT|PODD|RMD|STAA|SYK|XRAY|ZBH,ABT|BSX|EW|MDT|PODD|RMD|STAA|SYK|XRAY|ZBH
ITIC,9,9,3.38,3.2,19.95,-0.01,-0.76,-1.55,4.14,4.75,14.2,1.0,ESNT|FAF|FNF|GNW|LND|MTG|NMIH|RDN|STC,ESNT|FAF|FNF|GNW|LND|MTG|NMIH|RDN|STC
ITOC,0,0,1.03,-0.41,1.95,-4.68,,,,,,,,
ITP,10,8,2.53,-4.34,-10.99,-1.02,-2.15,12.395,4.68,-16.735,-37.690000000000005,1.0,BDC|CLW|GEF|GLT|IP|PKG|SEE|SON|UFPI|UFPT,BDC|CLW|GEF|IP|PKG|SON|UFPI|UFPT
ITRG,10,8,4.08,31.8,13.28,-0.34,12.620000000000001,33.135,-8.540000000000001,-1.3349999999999973,-4.909999999999998,0.0,AG|CDE|EXK|FSM|MAG|MTA|OR|SILV|VZLA|WPM,AG|CDE|EXK|FSM|MTA|OR|VZLA|WPM
ITRI,10,10,-3.96,18.56,21.27,-0.21,-1.3050000000000002,-5.85,-2.655,24.409999999999997,25.05,0.4,AES|DTE|ENPH|ESI|HUBB|NEE|NI|NRG|SRE|VST,AES|DTE|ENPH|ESI|HUBB|NEE|NI|NRG|SRE|VST
ITRN,10,9,-3.84,-8.07,-9.68,1.68,-1.92,4.26,-1.92,-12.33,-15.85,0.1111111111111111,GRMN|KTCC|MSGS|NOK|OTEX|SIRI|SPOT|SSP|STRM|TRMB,GRMN|KTCC|MSGS|NOK|OTEX|SIRI|SPOT|SSP|TRMB
ITT,10,10,-2.4,9.58,9.39,-0.96,-4.484999999999999,0.09500000000000008,2.0849999999999995,9.485,-1.3599999999999994,0.7,AOS|DOV|EMR|ETN|GE|HON|IR|PH|ROK|XYL,AOS|DOV|EMR|ETN|GE|HON|IR|PH|ROK|XYL
ITUB,10,10,-1.57,-14.8,-9.01,-1.92,-6.074999999999999,-4.25,4.504999999999999,-10.55,-14.025,0.9,BBD|BCH|BKSY|BMA|BSBR|GGAL|KB|MFG|SMFG|WF,BBD|BCH|BKSY|BMA|BSBR|GGAL|KB|MFG|SMFG|WF
ITW,10,10,-2.1,3.99,13.6,0.26,-3.7199999999999998,-4.5600000000000005,1.6199999999999997,8.55,4.68,0.7,AME|DOV|EMR|FAST|HON|IR|MSM|PH|ROK|TXT,AME|DOV|EMR|FAST|HON|IR|MSM|PH|ROK|TXT
IVA,10,9,0.51,1.83,-10.05,-2.87,5.88,13.97,-5.37,-12.14,-31.85,0.1111111111111111,ABBV|BMRN|CRSP|EDIT|GILD|NBIX|NTLA|PFE|SGMO|VRTX,ABBV|BMRN|CRSP|EDIT|GILD|NBIX|NTLA|PFE|VRTX
IVDA,10,9,-34.91,30.35,3.54,-6.61,-8.56,4.76,-26.349999999999994,25.590000000000003,2.3600000000000003,0.0,ANET|CSCO|CSPI|EQIX|EXTR|FFIV|HPE|JNPR|MSI|NET,ANET|CSCO|CSPI|EQIX|EXTR|FFIV|HPE|MSI|NET
IVF,10,10,23.82,15.5,-28.5,6.3,5.025,12.719999999999999,18.795,2.780000000000001,-53.425,1.0,ABBV|AMGN|BIIB|BMY|GILD|LLY|MRK|PFE|REGN|VRTX,ABBV|AMGN|BIIB|BMY|GILD|LLY|MRK|PFE|REGN|VRTX
IVR,10,10,0.13,-4.59,-5.19,-1.19,-0.905,-0.37,1.0350000000000001,-4.22,-1.705,0.9,AGNC|BXMT|CIM|EFC|MFA|NLY|ORC|PMT|RC|TWO,AGNC|BXMT|CIM|EFC|MFA|NLY|ORC|PMT|RC|TWO
IVT,10,8,-1.36,-8.4,1.92,-0.6,-0.42,-5.79,-0.9400000000000002,-2.6100000000000003,-0.0950000000000002,0.375,AKR|BRX|CUZ|FRT|HIW|KIM|REG|ROIC|SPG|WSR,AKR|BRX|CUZ|FRT|HIW|KIM|REG|SPG
IVVD,10,10,49.48,65.3,-5.96,6.83,5.015000000000001,9.39,44.464999999999996,55.91,-16.4,0.9,AZN|BNTX|GILD|GSK|JNJ|MRK|MRNA|NVAX|PFE|SNY,AZN|BNTX|GILD|GSK|JNJ|MRK|MRNA|NVAX|PFE|SNY
IVZ,8,6,-1.42,4.6,18.24,-0.92,-2.23,4.59,0.81,0.009999999999999787,6.969999999999999,0.6666666666666666,AMP|BEN|BK|BLK|JHG|NTRS|STT|TROW,AMP|BEN|BLK|NTRS|STT|TROW
IX,10,10,-7.22,-7.47,-2.9,0.0,-5.425000000000001,11.555,-1.794999999999999,-19.025,-13.15,0.1,APO|ARES|BEN|BX|CG|HLNE|KKR|PIPR|STEP|TROW,APO|ARES|BEN|BX|CG|HLNE|KKR|PIPR|STEP|TROW
IXHL,9,9,6.77,8.14,-9.06,-1.92,2.48,1.68,4.289999999999999,6.460000000000001,-37.230000000000004,0.7777777777777778,ATAI|AZN|CMPS|COMP|DFTX|FEMY|GHRS|HELP|RLMD,ATAI|AZN|CMPS|COMP|DFTX|FEMY|GHRS|HELP|RLMD
IZEA,10,10,-0.81,-10.44,-18.58,-0.49,-2.81,12.82,2.0,-23.259999999999998,-40.385,0.7,APPS|CRTO|INVE|MGNI|MMYT|PERI|PUBM|QTWO|TTD|TTGT,APPS|CRTO|INVE|MGNI|MMYT|PERI|PUBM|QTWO|TTD|TTGT
IZM,10,10,-6.6,-17.58,-41.23,1.57,-1.88,-4.505,-4.72,-13.075,-34.845,0.2,ADI|ARW|AVT|DIOD|MCHP|NXPI|ON|QRVO|SWKS|TXN,ADI|ARW|AVT|DIOD|MCHP|NXPI|ON|QRVO|SWKS|TXN
J,9,9,3.2,13.81,30.49,0.73,-0.16,2.39,3.3600000000000003,11.42,31.83,0.8888888888888888,ACM|DVN|DY|FLR|GVA|KBR|PWR|STN|TPC,ACM|DVN|DY|FLR|GVA|KBR|PWR|STN|TPC
JACK,10,10,-11.06,17.18,49.38,-2.59,-1.925,7.195,-9.135,9.985,42.790000000000006,0.0,BJRI|CMG|DPZ|MCD|PLAY|QSR|RRGB|SHAK|WEN|YUM,BJRI|CMG|DPZ|MCD|PLAY|QSR|RRGB|SHAK|WEN|YUM
JACS,0,0,0.0,0.66,1.32,0.37,,,,,,,,
JAGX,10,8,14.28,-32.71,-75.62,-3.18,2.6799999999999997,-1.04,11.6,-31.67,-74.275,1.0,AMRN|CHRS|ENTA|KPTI|MNOV|MRSN|NBIX|ONCT|TGTX|VSTM,AMRN|CHRS|ENTA|KPTI|MNOV|NBIX|TGTX|VSTM
JAKK,10,8,-4.09,0.74,12.76,-2.91,-2.575,4.205,-1.5149999999999997,-3.465,8.344999999999999,0.375,AMCX|DIS|EA|FNKO|HAS|MAT|MCW|NCMI|NWL|PLBY,AMCX|DIS|FNKO|HAS|MAT|NCMI|NWL|PLBY
JANX,10,7,8.89,11.54,20.99,-0.51,3.95,13.14,4.94,-1.6000000000000014,5.659999999999998,0.8571428571428571,ADAP|ALLO|AVIR|BLUE|BMRN|BPMC|FATE|KURA|PTCT|TVRD,ALLO|AVIR|BMRN|FATE|KURA|PTCT|TVRD
JAZZ,10,9,1.18,-0.66,4.08,-1.35,4.36,12.01,-3.1800000000000006,-12.67,-12.88,0.1111111111111111,BIIB|BMRN|EXEL|GILD|INCY|NBIX|REGN|SAGE|UTHR|VRTX,BIIB|BMRN|EXEL|GILD|INCY|NBIX|REGN|UTHR|VRTX
JBDI,0,0,-0.74,5.47,15.21,6.3,,,,,,,,
JBGS,10,10,4.24,-14.27,-13.49,1.07,-0.86,-0.045000000000000005,5.1000000000000005,-14.225,-22.465,0.8,ARE|BDN|BXP|DEI|ESRT|FSP|HIW|PDM|SLG|VNO,ARE|BDN|BXP|DEI|ESRT|FSP|HIW|PDM|SLG|VNO
JBHT,9,9,-2.44,-5.76,4.77,1.1,-3.77,-11.2,1.33,5.4399999999999995,6.89,0.7777777777777778,FDX|KNX|LSTR|ODFL|SAIA|SNDR|UPS|WERN|XPO,FDX|KNX|LSTR|ODFL|SAIA|SNDR|UPS|WERN|XPO
JBI,10,9,1.49,-4.04,1.49,-0.11,-3.78,2.24,5.27,-6.28,-9.33,1.0,AWI|BLD|OC|POOL|SITE|SSD|TREX|UFPI|VSEC|WMS,AWI|OC|POOL|SITE|SSD|TREX|UFPI|VSEC|WMS
JBIO,10,9,-11.47,6.2,-9.68,-6.52,7.21,14.93,-18.68,-8.73,-36.96,0.0,AGIO|BLUE|BMRN|CORT|CRSP|EDIT|FATE|NTLA|RGNX|VRTX,AGIO|BMRN|CORT|CRSP|EDIT|FATE|NTLA|RGNX|VRTX
JBL,9,9,-14.37,-0.37,-8.12,-1.75,-8.2,-2.6,-6.17,2.23,5.970000000000001,0.2222222222222222,APH|AVT|CLS|FLEX|GLW|HPE|SANM|TEL|TTMI,APH|AVT|CLS|FLEX|GLW|HPE|SANM|TEL|TTMI
JBLU,9,8,-19.05,-9.01,-0.74,-4.18,-10.57,-8.475,-8.48,-0.5350000000000001,-3.6500000000000004,0.0,AAL|ALGT|ALK|CPA|DAL|LUV|SAVE|SKYW|UAL,AAL|ALGT|ALK|CPA|DAL|LUV|SKYW|UAL
JBS,0,0,3.34,12.37,6.71,0.11,,,,,,,,
JBSS,10,9,-12.74,-5.82,0.25,-8.08,1.85,6.6,-14.59,-12.42,-17.23,0.0,CAG|GIS|HRL|HSY|K|LW|MDLZ|MKC|POST|SJM,CAG|GIS|HRL|HSY|LW|MDLZ|MKC|POST|SJM
JBTM,10,9,-1.66,-14.54,-10.2,0.48,-2.01,-4.61,0.34999999999999987,-9.93,-7.459999999999999,0.5555555555555556,DOV|FELE|GFF|GTLS|KAI|KMT|MIDD|PKG|REX|TRS,DOV|FELE|GFF|KAI|KMT|MIDD|PKG|REX|TRS
JCAP,0,0,2.17,14.4,27.85,-5.77,,,,,,,,
JCI,10,10,-4.36,1.65,5.15,-0.07,-4.43,-1.2799999999999998,0.0699999999999994,2.9299999999999997,-6.73,0.5,DOV|EMR|ETN|GE|HON|IR|ITW|MMM|ROK|TT,DOV|EMR|ETN|GE|HON|IR|ITW|MMM|ROK|TT
JCSE,9,9,7.89,22.14,39.02,8.23,-3.19,-3.89,11.08,26.03,54.940000000000005,1.0,AES|CSIQ|ENPH|FSLR|JKS|NEE|ORA|RUN|SEDG,AES|CSIQ|ENPH|FSLR|JKS|NEE|ORA|RUN|SEDG
JCTC,10,10,0.69,18.22,46.0,-2.01,-3.88,4.005,4.57,14.215,35.379999999999995,0.8,BLDR|HAYW|JELD|MAS|MHK|SSYS|TREX|TTC|VSEC|WMS,BLDR|HAYW|JELD|MAS|MHK|SSYS|TREX|TTC|VSEC|WMS
JD,9,9,-0.43,-3.23,-10.12,-0.6,-1.44,-0.35,1.01,-2.88,-2.8199999999999994,0.5555555555555556,BABA|BIDU|DOYU|DQ|MOMO|NTES|PDD|TME|WB,BABA|BIDU|DOYU|DQ|MOMO|NTES|PDD|TME|WB
JDZG,10,10,28.24,-91.28,-86.11,2.59,-0.65,-1.68,28.889999999999997,-89.6,-81.275,1.0,BABA|BIDU|DOYU|HUYA|IQ|JOYY|MOMO|NTES|PDD|TME,BABA|BIDU|DOYU|HUYA|IQ|JOYY|MOMO|NTES|PDD|TME
JEF,10,9,-5.69,-5.86,2.09,-1.62,-2.79,-0.06,-2.9000000000000004,-5.800000000000001,-9.49,0.0,AMTD|BK|BPOP|GS|MS|MSCI|NTRS|RJF|SCHW|STT,AMTD|BPOP|GS|MS|MSCI|NTRS|RJF|SCHW|STT
JELD,10,9,3.06,72.65,35.57,-0.98,-3.78,1.29,6.84,71.36,24.91,1.0,ALLE|BXC|EXP|HWKN|MAS|OC|SEE|SNA|TREX|WMS,ALLE|BXC|EXP|HWKN|MAS|OC|SNA|TREX|WMS
JEM,0,0,-4.26,17.7,-74.91,-2.24,,,,,,,,
JENA,0,0,-0.48,-0.29,-0.19,0.0,,,,,,,,
JF,10,10,-2.07,8.96,-6.87,2.36,-2.755,-1.6400000000000001,0.685,10.600000000000001,3.375000000000001,0.6,FINV|FUTU|HTT|JFIN|LX|LXEH|QFIN|TIGR|XYF|YRD,FINV|FUTU|HTT|JFIN|LX|LXEH|QFIN|TIGR|XYF|YRD
JFB,0,0,2.58,19.26,-15.62,4.01,,,,,,,,
JFIN,10,10,2.17,2.62,-46.59,-2.08,-3.4850000000000003,-5.36,5.655,7.98,-35.185,0.9,AIHS|CNF|FINV|HTT|LX|QFIN|SOS|TIGR|XYF|YRD,AIHS|CNF|FINV|HTT|LX|QFIN|SOS|TIGR|XYF|YRD
JFU,10,10,5.86,15.93,-30.13,-2.96,-3.4850000000000003,-8.035,9.345,23.965,-21.31,1.0,AIHS|FINV|JFIN|LX|MFIN|OCSL|ONEW|QFIN|SOS|YRD,AIHS|FINV|JFIN|LX|MFIN|OCSL|ONEW|QFIN|SOS|YRD
JG,10,10,18.1,49.4,1.22,-1.12,-2.0149999999999997,0.515,20.115000000000002,48.885,4.115,1.0,AAPL|AMZN|BIDU|BILI|GOOGL|JOYY|MSFT|PINS|SNAP|TME,AAPL|AMZN|BIDU|BILI|GOOGL|JOYY|MSFT|PINS|SNAP|TME
JHX,10,10,-2.69,21.31,45.99,-0.45,-3.4050000000000002,6.5,0.7150000000000003,14.809999999999999,34.32,0.6,AWI|LPX|MAS|MHK|OC|PATK|SHW|TREX|UFPI|WHR,AWI|LPX|MAS|MHK|OC|PATK|SHW|TREX|UFPI|WHR
JILL,10,9,5.13,19.04,64.71,-2.79,-5.41,-1.95,10.54,20.99,63.779999999999994,0.8888888888888888,ANF|BKE|CATO|GES|LB|PLCE|ROST|SMRT|TJX|URBN,ANF|BKE|CATO|LB|PLCE|ROST|SMRT|TJX|URBN
JJSF,10,9,-1.66,15.67,21.8,-1.38,1.75,6.8,-3.41,8.870000000000001,10.180000000000001,0.0,CAG|CPB|GIS|HSY|K|KHC|KO|MDLZ|PEP|SYY,CAG|CPB|GIS|HSY|KHC|KO|MDLZ|PEP|SYY
JKHY,9,9,7.38,14.51,19.7,2.66,-1.45,15.51,8.83,-1.0,-1.75,1.0,ADP|BR|EVTC|FIS|GPN|INTU|PAYX|SSNC|WU,ADP|BR|EVTC|FIS|GPN|INTU|PAYX|SSNC|WU
JKS,9,7,-2.07,-1.04,-29.72,-5.94,-5.43,-14.84,3.36,13.8,-1.2899999999999991,1.0,ARRY|CSIQ|ENPH|FSLR|MAXN|NOVA|RUN|SEDG|SHLS,ARRY|CSIQ|ENPH|FSLR|RUN|SEDG|SHLS
JL,10,9,-0.84,-20.34,-29.44,8.72,-1.39,6.46,0.5499999999999999,-26.8,-44.75,0.6666666666666666,ASH|AXTA|CC|FUL|IOSP|KOP|MTX|NEU|OLN|TSE,ASH|AXTA|CC|FUL|IOSP|KOP|MTX|NEU|OLN
JLHL,0,0,-7.49,0.86,-71.49,-0.56,,,,,,,,
JLL,10,9,4.73,19.43,32.07,-0.82,0.15,0.35,4.58,19.08,19.72,1.0,ARE|BXP|CBRE|CIGI|ESRT|HPP|HST|KW|SLG|VNO,ARE|BXP|CBRE|CIGI|ESRT|HPP|HST|SLG|VNO
JMIA,10,10,4.11,7.4,-6.58,-4.09,0.16,5.98,3.95,1.42,-6.21,0.8,AMZN|BABA|EBAY|ETSY|JD|MELI|PDD|SFIX|SHOP|W,AMZN|BABA|EBAY|ETSY|JD|MELI|PDD|SFIX|SHOP|W
JMSB,10,8,-2.41,2.34,7.81,-0.74,-4.08,3.06,1.67,-0.7200000000000002,-4.185,0.875,BHB|FFBC|FFIC|FUNC|MGYR|NKSH|OPOF|PKBK|TMP|UVSP,BHB|FFBC|FUNC|MGYR|NKSH|PKBK|TMP|UVSP
JNJ,10,10,3.99,6.62,18.85,-0.29,4.115,11.645,-0.125,-5.0249999999999995,1.8950000000000031,0.5,ABT|AMGN|BMY|GSK|LLY|MDT|MRK|NVS|PFE|SYK,ABT|AMGN|BMY|GSK|LLY|MDT|MRK|NVS|PFE|SYK
JOB,10,8,8.73,15.67,7.45,-0.96,3.2800000000000002,4.925,5.45,10.745000000000001,-24.789999999999996,1.0,ASGN|CTSH|DLX|HCSG|KFRC|MAN|RCM|RGP|RHI|TBI,CTSH|DLX|HCSG|KFRC|MAN|RGP|RHI|TBI
JOBY,10,10,-10.51,-3.12,-26.59,-4.16,-6.26,4.91,-4.25,-8.030000000000001,-28.72,0.2,ACHR|AVAV|BA|EH|EMBJ|EVEX|HXL|SPCE|SRTA|TDG,ACHR|AVAV|BA|EH|EMBJ|EVEX|HXL|SPCE|SRTA|TDG
JOE,10,9,1.16,11.84,6.42,-1.17,-2.54,-0.07,3.7,11.91,-3.0,1.0,BZH|DHI|HOV|KBH|LEN|MTH|NVR|PHM|TMHC|TOL,BZH|DHI|HOV|KBH|LEN|MTH|NVR|PHM|TOL
JOUT,10,9,-3.78,0.61,13.33,-2.1,-1.13,1.08,-2.65,-0.4700000000000001,9.71,0.2222222222222222,BC|CWH|GOLF|MCFT|MTN|PII|THO|VSTO|WGO|YETI,BC|CWH|GOLF|MCFT|MTN|PII|THO|WGO|YETI
JOYY,10,10,1.63,1.26,28.95,-2.06,-2.24,-5.4399999999999995,3.87,6.699999999999999,37.28,0.9,BIDU|BILI|DOYU|HUYA|IQ|MOMO|NTES|PDD|TME|WB,BIDU|BILI|DOYU|HUYA|IQ|MOMO|NTES|PDD|TME|WB
JPM,10,9,-2.45,1.72,17.29,-0.87,-3.9,-2.27,1.4499999999999997,3.99,5.6,0.8888888888888888,BAC|BK|C|COF|GS|MS|PNC|TFC|USB|WFC,BAC|C|COF|GS|MS|PNC|TFC|USB|WFC
JRSH,10,9,2.06,15.74,68.42,1.3,-5.46,-6.5,7.52,22.240000000000002,71.95,0.8888888888888888,COLM|CRI|GES|KTB|LEVI|OXM|PVH|RL|TLYS|VFC,COLM|CRI|KTB|LEVI|OXM|PVH|RL|TLYS|VFC
JRVR,10,10,-8.08,-12.14,-2.93,-1.0,-0.8,-2.675,-7.28,-9.465,-4.94,0.0,AIG|ALL|CB|CINF|HIG|MKL|PGR|SIGI|TRV|WRB,AIG|ALL|CB|CINF|HIG|MKL|PGR|SIGI|TRV|WRB
JSPR,10,6,-16.36,-3.07,-17.25,-3.31,7.45,14.45,-23.81,-17.52,-28.395,0.0,ADAP|AFMD|BEAM|BLUE|CLLS|CRSP|EDIT|NTLA|RCKT|SGMO,BEAM|CLLS|CRSP|EDIT|NTLA|RCKT
JTAI,9,8,-11.73,-34.71,141.19,-5.95,-10.785,-9.004999999999999,-0.9450000000000003,-25.705000000000002,138.28,0.375,AAL|ALGT|ALK|DAL|JBLU|LUV|SAVE|SKYW|UAL,AAL|ALGT|ALK|DAL|JBLU|LUV|SKYW|UAL
JUNS,0,0,-15.33,-61.21,-66.96,5.83,,,,,,,,
JVA,10,8,0.28,0.57,-16.9,0.57,-4.220000000000001,-0.9550000000000001,4.500000000000001,1.525,-18.604999999999997,0.875,BCC|BRCC|BROS|FARM|JOE|LSF|MIDD|REYN|SBUX|THS,BCC|BRCC|BROS|JOE|LSF|MIDD|REYN|SBUX
JWEL,10,10,-22.72,24.59,6.63,0.08,0.36,0.515,-23.08,24.075,11.465,0.0,BABA|BILI|EDU|JD|JOYY|NTES|PDD|QFIN|TAL|TME,BABA|BILI|EDU|JD|JOYY|NTES|PDD|QFIN|TAL|TME
JXG,10,10,-1.35,6.22,12.72,2.19,-0.8200000000000001,13.565000000000001,-0.53,-7.3450000000000015,-7.914999999999997,0.4,ABNB|BKNG|EXPE|MMYT|SABR|TCOM|TME|TNL|TRIP|YELP,ABNB|BKNG|EXPE|MMYT|SABR|TCOM|TME|TNL|TRIP|YELP
JXN,10,10,-3.21,5.11,17.29,-0.74,-3.5,-0.78,0.29000000000000004,5.890000000000001,7.649999999999999,0.6,AFL|AIG|BHF|CNO|LNC|MET|PRI|PRU|UNM|VOYA,AFL|AIG|BHF|CNO|LNC|MET|PRI|PRU|UNM|VOYA
JYD,10,10,-6.27,15.46,5.68,-4.56,-2.6799999999999997,-10.67,-3.59,26.130000000000003,5.02,0.1,CHRW|EXPD|FDX|HTLD|LSTR|MATX|R|SAIA|UPS|XPO,CHRW|EXPD|FDX|HTLD|LSTR|MATX|R|SAIA|UPS|XPO
JYNT,9,9,-0.95,-3.36,-4.69,1.34,-4.09,7.62,3.1399999999999997,-10.98,-28.03,0.8888888888888888,BJRI|BLMN|CAKE|DIN|DRI|EAT|PTLO|TXRH|WING,BJRI|BLMN|CAKE|DIN|DRI|EAT|PTLO|TXRH|WING
JZ,10,8,7.63,18.06,-88.21,58.21,-0.485,10.524999999999999,8.115,7.535,-82.065,0.875,ATGE|BEDU|CHGG|DAO|EDU|FEDU|LOPE|LRN|TAL|YQ,CHGG|DAO|EDU|FEDU|LOPE|LRN|TAL|YQ
JZXN,10,9,-8.75,1.23,27.03,-3.31,1.21,-2.81,-9.96,4.04,44.540000000000006,0.0,F|GM|HMC|LI|NIO|NKLA|STLA|TM|TSLA|XPEV,F|GM|HMC|LI|NIO|STLA|TM|TSLA|XPEV
KAI,10,10,-6.36,1.01,0.26,-1.39,-1.8599999999999999,1.615,-4.5,-0.605,-6.33,0.1,AOS|BMI|DOV|ENS|IEX|ITT|LECO|MWA|NPO|XYL,AOS|BMI|DOV|ENS|IEX|ITT|LECO|MWA|NPO|XYL
KALA,9,7,-1.01,24.2,-65.48,1.63,6.24,11.46,-7.25,12.739999999999998,-66.65,0.2857142857142857,ALDX|APLS|ARVN|CLSD|CRVS|EDIT|EYPT|NSPR|OCUL,ALDX|ARVN|CRVS|EDIT|EYPT|NSPR|OCUL
KALU,10,9,-18.89,-9.79,-12.26,-5.56,-6.9,3.79,-11.99,-13.579999999999998,-18.79,0.0,AA|ATI|CENX|CMC|MT|NUE|RS|STLD|TX|X,AA|ATI|CENX|CMC|MT|NUE|RS|STLD|TX
KAPA,0,0,-16.06,-3.36,-41.09,-2.39,,,,,,,,
KARO,10,8,-1.73,0.5,33.5,2.27,-5.1899999999999995,-4.175,3.4599999999999995,4.675,41.56,0.625,BLNK|CALM|CMI|FLL|GOGO|HUBS|ISSC|NVEE|SPOK|TRMB,BLNK|CALM|CMI|FLL|GOGO|HUBS|SPOK|TRMB
KB,10,10,-5.07,-5.15,8.41,-2.77,-4.885,-0.61,-0.1850000000000005,-4.54,-3.0,0.5,BCS|C|DB|HSBC|LYG|MFG|SAN|SHG|SMFG|WF,BCS|C|DB|HSBC|LYG|MFG|SAN|SHG|SMFG|WF
KBDC,10,10,-3.05,-0.3,-9.74,0.45,-2.255,8.885,-0.7949999999999999,-9.185,-16.775,0.3,ARCC|CGBD|FSK|GSBD|HTGC|MAIN|NMFC|PFLT|TCBX|TCPC,ARCC|CGBD|FSK|GSBD|HTGC|MAIN|NMFC|PFLT|TCBX|TCPC
KBH,10,9,-2.91,-3.15,16.24,-2.98,-2.54,-0.07,-0.3700000000000001,-3.08,6.8199999999999985,0.3333333333333333,BZH|DHI|HOV|LEN|LGIH|MTH|NVR|PHM|TMHC|TOL,BZH|DHI|HOV|LEN|LGIH|MTH|NVR|PHM|TOL
KBR,10,10,-0.78,6.3,17.12,-0.28,0.0,2.92,-0.78,3.38,22.47,0.3,ACM|EME|FLR|GVA|J|MTZ|PRIM|PWR|STN|TTEK,ACM|EME|FLR|GVA|J|MTZ|PRIM|PWR|STN|TTEK
KBSX,0,0,6.78,2.09,-34.58,-6.7,,,,,,,,
KC,10,10,-1.4,15.27,-19.41,-9.05,-2.1950000000000003,10.775,0.7950000000000004,4.494999999999999,-21.295,0.7,AMZN|BABA|CSCO|FDX|GOOGL|IBM|MSFT|NTNX|ORCL|SAP,AMZN|BABA|CSCO|FDX|GOOGL|IBM|MSFT|NTNX|ORCL|SAP
KCHV,0,0,0.0,0.29,1.07,-0.1,,,,,,,,
KD,10,10,-10.72,6.82,2.6,0.53,-2.49,13.780000000000001,-8.23,-6.960000000000001,-2.0050000000000003,0.1,ACN|CSCO|CTSH|DXC|HPE|IBM|INFY|NTNX|ORCL|WIT,ACN|CSCO|CTSH|DXC|HPE|IBM|INFY|NTNX|ORCL|WIT
KDK,0,0,-7.61,-14.79,-51.74,-3.11,,,,,,,,
KDP,8,7,1.83,4.93,10.46,2.01,1.84,5.17,-0.010000000000000009,-0.2400000000000002,8.3,0.42857142857142855,COKE|FIZZ|KO|MNST|MZTI|PEP|PRMW|VFF,COKE|FIZZ|KO|MNST|MZTI|PEP|VFF
KE,10,10,-9.99,-4.29,-3.6,-1.22,-9.79,-9.004999999999999,-0.20000000000000107,4.714999999999999,3.6599999999999997,0.5,APH|AVT|CLS|FLEX|JBL|MEI|PLXS|SANM|TEL|TTMI,APH|AVT|CLS|FLEX|JBL|MEI|PLXS|SANM|TEL|TTMI
KELYA,10,9,1.84,7.86,61.42,0.48,0.02,11.59,1.82,-3.7299999999999995,21.0,0.7777777777777778,ADP|DLHC|HQI|HSII|KFY|MAN|NSP|PAYX|RHI|TBI,ADP|DLHC|HQI|KFY|MAN|NSP|PAYX|RHI|TBI
KEN,10,10,-2.69,-4.39,-23.21,2.9,-0.24,-2.915,-2.45,-1.4749999999999996,-23.05,0.1,AEP|AES|D|DD|DUK|ED|EXC|NEE|NRG|XEL,AEP|AES|D|DD|DUK|ED|EXC|NEE|NRG|XEL
KEP,10,10,-1.96,-4.94,-11.64,0.93,-0.12,-2.915,-1.8399999999999999,-2.0250000000000004,-11.88,0.0,AEP|D|DUK|ED|ES|EXC|NEE|PPL|SO|XEL,AEP|D|DUK|ED|ES|EXC|NEE|PPL|SO|XEL
KEQU,10,9,-0.48,-2.22,-11.71,1.01,-4.06,1.93,3.5799999999999996,-4.15,-25.43,0.7777777777777778,CVCO|GFF|MATW|MLKN|NPO|OSK|PDCO|SNA|STE|WAB,CVCO|GFF|MATW|MLKN|NPO|OSK|SNA|STE|WAB
KEX,10,10,1.77,-6.19,-5.86,0.9,5.775,12.145,-4.005000000000001,-18.335,-12.815000000000001,0.1,ASC|CMRE|DSX|INSW|MATX|NMM|SB|SFL|STNG|TNK,ASC|CMRE|DSX|INSW|MATX|NMM|SB|SFL|STNG|TNK
KEY,10,9,-4.88,-5.37,2.14,-1.06,-4.19,-3.15,-0.6899999999999995,-2.22,-9.709999999999999,0.2222222222222222,CFG|CMA|FITB|HBAN|MTB|PNC|RF|STI|USB|ZION,CFG|FITB|HBAN|MTB|PNC|RF|STI|USB|ZION
KEYS,6,6,-11.27,-4.14,-8.21,-1.7,-7.795,-6.62,-3.4749999999999996,2.4800000000000004,-21.125,0.0,A|AMAT|COHU|KLAC|MKSI|TER,A|AMAT|COHU|KLAC|MKSI|TER
KFFB,10,10,-1.87,4.17,18.03,0.55,-4.109999999999999,0.465,2.2399999999999993,3.705,7.705000000000002,0.9,BMRC|CAC|CCNE|CFFI|FFIN|FULT|PFBC|SFST|SYBT|THFF,BMRC|CAC|CCNE|CFFI|FFIN|FULT|PFBC|SFST|SYBT|THFF
KFII,0,0,0.28,0.47,1.24,-0.09,,,,,,,,
KFRC,10,8,-3.01,1.42,44.48,-0.09,1.32,8.145,-4.33,-6.725,2.174999999999997,0.0,ABM|ASGN|BBSI|DLX|HSII|IT|KELYA|MAN|RHI|TBI,ABM|BBSI|DLX|IT|KELYA|MAN|RHI|TBI
KFY,10,6,0.02,8.63,28.05,0.53,0.61,7.555,-0.59,1.075000000000001,-38.364999999999995,0.3333333333333333,ASGN|HEI|HSII|MAN|MD|NSP|RCM|RHI|TBI|THR,HEI|MAN|MD|NSP|RHI|TBI
KG,10,10,-2.07,-17.27,-35.3,-2.45,-0.185,-0.044999999999999984,-1.8849999999999998,-17.224999999999998,-39.724999999999994,0.1,ACGL|AIG|ALL|HIG|KMPR|L|PGR|RGA|RNR|TRV,ACGL|AIG|ALL|HIG|KMPR|L|PGR|RGA|RNR|TRV
KGC,10,9,15.18,27.58,8.05,3.43,13.14,33.93,2.039999999999999,-6.350000000000001,-10.55,0.7777777777777778,AEM|AGI|AU|B|BVN|GFI|HMY|IAG|NEM|SAND,AEM|AGI|AU|B|BVN|GFI|HMY|IAG|NEM
KGEI,10,8,8.75,15.12,-2.4,0.83,7.975,8.635,0.7750000000000004,6.484999999999999,-10.430000000000001,0.625,APA|COP|CVX|DVN|EOG|FANG|HES|MRO|OXY|XOM,APA|COP|CVX|DVN|EOG|FANG|OXY|XOM
KGS,10,10,-1.46,-8.24,-16.18,2.45,0.13,6.115,-1.5899999999999999,-14.355,-8.435,0.1,BKR|HAL|LBRT|NBR|NOV|OIS|PDS|PTEN|RES|SLB,BKR|HAL|LBRT|NBR|NOV|OIS|PDS|PTEN|RES|SLB
KHC,10,9,0.61,-1.64,8.52,-0.56,1.87,6.8,-1.2600000000000002,-8.44,-3.6799999999999997,0.1111111111111111,CAG|CPB|GIS|HSY|K|KDP|KO|MDLZ|PEP|SJM,CAG|CPB|GIS|HSY|KDP|KO|MDLZ|PEP|SJM
KIDS,10,9,4.64,35.88,41.46,-1.25,1.19,14.25,3.4499999999999997,21.630000000000003,23.45,1.0,ATEC|BAX|BVS|GMED|HOLX|IART|JNJ|MDT|SYK|ZBH,ATEC|BAX|BVS|GMED|IART|JNJ|MDT|SYK|ZBH
KIDZ,0,0,12.11,-46.13,-92.08,-3.14,,,,,,,,
KIM,7,5,-0.22,-6.9,2.22,0.08,-0.61,-6.66,0.39,-0.2400000000000002,3.5,0.6,AKR|BRX|FRT|KRG|REG|ROIC|WSR,AKR|BRX|FRT|KRG|REG
KINS,10,10,-0.03,1.22,24.86,-1.74,-0.8,-2.1350000000000002,0.77,3.3550000000000004,20.595,0.8,AFG|ALL|HIG|MKL|NJR|RLI|SIGI|THG|TRV|WRB,AFG|ALL|HIG|MKL|NJR|RLI|SIGI|THG|TRV|WRB
KITT,10,10,-18.17,3.35,-48.92,-2.07,-4.71,8.125,-13.46,-4.775,-52.985,0.0,AVAV|BA|HEI|KTOS|LDOS|LHX|LMT|NOC|RTX|TDY,AVAV|BA|HEI|KTOS|LDOS|LHX|LMT|NOC|RTX|TDY
KKR,7,7,-6.59,12.74,14.17,-2.48,-4.89,10.37,-1.7000000000000002,2.370000000000001,-0.3800000000000008,0.14285714285714285,APO|ARES|BX|BXMT|CG|MAIN|TPG,APO|ARES|BX|BXMT|CG|MAIN|TPG
KLAC,9,9,-11.1,-13.3,1.74,-0.61,-7.87,-2.58,-3.2299999999999995,-10.72,-8.72,0.2222222222222222,AEHR|AMAT|ASML|COHU|LRCX|MKSI|NVDA|TER|UCTT,AEHR|AMAT|ASML|COHU|LRCX|MKSI|NVDA|TER|UCTT
KLAR,0,0,-32.33,-21.6,-13.02,-4.99,,,,,,,,
KLC,0,0,-41.81,-43.22,-23.21,-3.42,,,,,,,,
KLIC,10,10,-9.8,-18.17,-14.63,0.14,-11.344999999999999,-6.324999999999999,1.5449999999999982,-11.845000000000002,-12.030000000000001,0.6,AEHR|AMKR|ASML|COHR|ICHR|IPGP|LRCX|MKSI|ONTO|TER,AEHR|AMKR|ASML|COHR|ICHR|IPGP|LRCX|MKSI|ONTO|TER
KLRS,0,0,3.61,-1.23,-16.77,-3.6,,,,,,,,
KLTR,10,9,5.97,15.41,10.13,0.9,-2.61,-0.77,8.58,16.18,14.170000000000002,1.0,AKAM|CSCO|DOYU|EA|GOOGL|HUYA|MSFT|NFLX|TTWO|ZM,AKAM|CSCO|DOYU|GOOGL|HUYA|MSFT|NFLX|TTWO|ZM
KLXE,10,10,-1.78,-25.56,-51.46,1.84,-0.27,4.8149999999999995,-1.51,-30.375,-45.79,0.2,BKR|FTI|HAL|LBRT|NOV|OIS|PUMP|RES|SLB|WHD,BKR|FTI|HAL|LBRT|NOV|OIS|PUMP|RES|SLB|WHD
KMB,9,9,-1.49,0.16,11.79,-0.76,0.61,2.71,-2.1,-2.55,10.549999999999999,0.2222222222222222,CHD|CL|CLX|HSY|JNJ|KHC|PEP|PG|UL,CHD|CL|CLX|HSY|JNJ|KHC|PEP|PG|UL
KMDA,10,9,9.5,13.41,1.02,0.76,0.45,-3.08,9.05,16.490000000000002,-4.210000000000001,0.8888888888888888,AKTX|ALNY|APVO|BCRX|BMRN|CERS|CTMX|ITOS|NVAX|XTLB,AKTX|ALNY|APVO|BCRX|BMRN|CERS|CTMX|NVAX|XTLB
KMI,8,8,-1.45,-2.69,-5.88,-1.45,1.955,-0.805,-3.4050000000000002,-1.8849999999999998,-8.725,0.0,AM|ENB|EPD|ET|OKE|PAA|TRGP|WMB,AM|ENB|EPD|ET|OKE|PAA|TRGP|WMB
KMPR,10,10,1.31,-0.71,-7.58,2.1,-0.8,-2.1350000000000002,2.1100000000000003,1.4250000000000003,-9.59,0.9,AIG|ALL|CINF|HIG|MCY|PGR|SIGI|THG|TRV|WRB,AIG|ALL|CINF|HIG|MCY|PGR|SIGI|THG|TRV|WRB
KMRK,0,0,-3.75,11.06,-42.82,1.32,,,,,,,,
KMT,10,10,-1.01,-13.41,-15.9,-1.66,-2.905,5.08,1.8949999999999998,-18.490000000000002,-29.43,0.8,ALLE|AME|IR|ITW|MMM|MSA|PNR|SWK|WTS|XYL,ALLE|AME|IR|ITW|MMM|MSA|PNR|SWK|WTS|XYL
KMTS,0,0,-0.22,32.5,33.33,-0.82,,,,,,,,
KMX,10,10,2.07,6.69,64.19,4.0,-0.32999999999999996,-2.8449999999999998,2.4,9.535,53.834999999999994,1.0,ABG|AN|F|GM|GPI|HOG|LAD|PAG|SAH|TSLA,ABG|AN|F|GM|GPI|HOG|LAD|PAG|SAH|TSLA
KN,10,10,-10.05,-7.13,-3.52,-2.27,-1.88,-7.290000000000001,-8.170000000000002,0.16000000000000103,9.25,0.1,ADI|AKTS|AVGO|MCHP|MPWR|NXPI|ON|QRVO|SWKS|TXN,ADI|AKTS|AVGO|MCHP|MPWR|NXPI|ON|QRVO|SWKS|TXN
KNDI,10,8,-4.06,-13.6,-13.17,-0.82,1.055,-4.85,-5.114999999999999,-8.75,5.709999999999999,0.25,ALV|BIDU|GOEV|HYLN|LI|NIO|SBLX|TSLA|WKHS|XPEV,ALV|BIDU|HYLN|LI|NIO|TSLA|WKHS|XPEV
KNF,10,8,0.76,-16.46,-9.66,1.13,-3.39,-0.955,4.15,-15.505,-12.205,1.0,BECN|CRH|CX|EXP|HEI|MLM|OC|SUM|TTEK|VMC,CRH|CX|EXP|HEI|MLM|OC|TTEK|VMC
KNOP,10,10,0.09,0.57,-6.77,0.09,5.895,11.010000000000002,-5.805,-10.440000000000001,-21.39,0.0,ASC|DHT|FRO|INSW|MATX|NAT|NVGS|SB|STNG|TNK,ASC|DHT|FRO|INSW|MATX|NAT|NVGS|SB|STNG|TNK
KNRX,0,0,-12.0,-17.5,-57.8,-2.94,,,,,,,,
KNSA,10,9,1.39,26.38,45.38,-2.34,4.53,12.16,-3.1400000000000006,14.219999999999999,18.1,0.1111111111111111,AMGN|BIIB|BMRN|EXEL|GILD|INCY|NBIX|REGN|SAGE|VRTX,AMGN|BIIB|BMRN|EXEL|GILD|INCY|NBIX|REGN|VRTX
KNSL,10,9,1.61,17.63,22.89,1.01,-0.85,-1.86,2.46,19.49,19.73,0.8888888888888888,ACGL|ALL|AWH|CINF|MKL|RLI|SAFT|SIGI|TRV|WRB,ACGL|ALL|CINF|MKL|RLI|SAFT|SIGI|TRV|WRB
KNTK,10,9,6.3,6.38,9.39,0.47,0.66,-1.64,5.64,8.02,12.23,1.0,AM|ENB|ENLC|EPD|ET|KMI|OKE|PAA|TRP|WMB,AM|ENB|EPD|ET|KMI|OKE|PAA|TRP|WMB
KNX,10,10,-5.03,-8.46,-1.96,-0.19,-2.84,-12.045,-2.1900000000000004,3.584999999999999,0.45999999999999996,0.2,ARCB|CHRW|EXPD|HTLD|JBHT|LSTR|ODFL|SNDR|WERN|XPO,ARCB|CHRW|EXPD|HTLD|JBHT|LSTR|ODFL|SNDR|WERN|XPO
KO,10,10,4.67,11.31,12.2,1.27,1.76,3.6950000000000003,2.91,7.615,7.645,0.9,CCEP|CELH|COKE|FIZZ|KDP|MNST|PEP|SAM|STZ|TAP,CCEP|CELH|COKE|FIZZ|KDP|MNST|PEP|SAM|STZ|TAP
KOD,10,9,0.15,-4.48,10.55,-0.07,4.27,11.08,-4.119999999999999,-15.56,-1.3099999999999987,0.0,ALNY|BIIB|BLUE|CRSP|GILD|IONS|NBIX|NVAX|REGN|VRTX,ALNY|BIIB|CRSP|GILD|IONS|NBIX|NVAX|REGN|VRTX
KODK,10,10,-3.38,16.3,2.36,-0.8,-3.79,2.6050000000000004,0.41000000000000014,13.695,-4.145,0.5,AAPL|ADBE|DELL|GOOGL|HPQ|IBM|INTC|MSFT|NTGR|XRX,AAPL|ADBE|DELL|GOOGL|HPQ|IBM|INTC|MSFT|NTGR|XRX
KOF,10,9,3.66,7.3,5.92,-0.36,1.84,4.66,1.82,2.6399999999999997,-0.08000000000000007,0.6666666666666666,CELH|COKE|FIZZ|KDP|KO|MNST|PEP|PRMW|SBUX|ZVIA,CELH|COKE|FIZZ|KDP|KO|MNST|PEP|SBUX|ZVIA
KOP,10,10,-2.21,-11.67,15.31,0.67,-1.59,7.09,-0.6199999999999999,-18.759999999999998,2.9350000000000005,0.5,AXTA|CC|FUL|HBM|IFF|LPX|NGVT|RPM|SCL|TREX,AXTA|CC|FUL|HBM|IFF|LPX|NGVT|RPM|SCL|TREX
KOPN,10,10,-1.55,26.8,0.74,-3.55,-4.46,0.81,2.91,25.990000000000002,15.0,0.6,AME|HIMX|INVZ|LGVN|LPL|MVIS|NBIX|OLED|TDG|VUZI,AME|HIMX|INVZ|LGVN|LPL|MVIS|NBIX|OLED|TDG|VUZI
KOS,10,9,17.79,12.45,-1.0,5.67,8.39,9.11,9.399999999999999,3.34,-9.23,1.0,APA|COP|CVX|DVN|EOG|HES|MPC|MUR|OXY|XOM,APA|COP|CVX|DVN|EOG|MPC|MUR|OXY|XOM
KOSS,10,9,-3.27,-8.03,-11.25,-0.28,-7.86,-1.69,4.59,-6.34,-23.15,0.8888888888888888,BB|FTNT|GPRO|JNPR|LOGI|PANW|SNAP|SONY|TBCH|UEIC,BB|FTNT|GPRO|LOGI|PANW|SNAP|SONY|TBCH|UEIC
KOYN,0,0,-0.2,0.49,0.79,-0.1,,,,,,,,
KPLT,10,9,-21.05,-24.7,-7.77,-3.88,-4.97,0.7,-16.080000000000002,-25.4,-22.93,0.0,AFRM|ENVA|LC|OPRT|QFIN|QNST|RM|UPST|WRLD|XYF,AFRM|ENVA|OPRT|QFIN|QNST|RM|UPST|WRLD|XYF
KPRX,10,9,0.77,3.16,-1.14,0.38,6.24,16.13,-5.470000000000001,-12.969999999999999,-21.07,0.1111111111111111,ALDX|ARWR|CLSD|EYPT|IRD|OCUL|PRQR|PULM|RGEN|VSTM,ALDX|ARWR|EYPT|IRD|OCUL|PRQR|PULM|RGEN|VSTM
KPTI,10,10,-6.28,-74.02,-76.63,-6.74,4.720000000000001,12.719999999999999,-11.0,-86.74,-98.435,0.0,AMGN|BIIB|BMY|GILD|JNJ|LLY|MRK|PFE|REGN|VRTX,AMGN|BIIB|BMY|GILD|JNJ|LLY|MRK|PFE|REGN|VRTX
KR,10,10,-2.75,-3.28,-18.96,-1.09,-3.695,-0.07000000000000006,0.9449999999999998,-3.21,-12.530000000000001,0.7,ACI|BJ|CASS|COST|IMKTA|NGVC|SFM|SMPL|TGT|WMT,ACI|BJ|CASS|COST|IMKTA|NGVC|SFM|SMPL|TGT|WMT
KRC,10,9,-0.7,-4.94,7.27,-0.05,-0.82,0.08,0.12,-5.0200000000000005,-5.08,0.5555555555555556,ARE|BMR|BXP|DEI|EQC|ESRT|HIW|HPP|SLG|VNO,ARE|BMR|BXP|DEI|ESRT|HIW|HPP|SLG|VNO
KREF,10,10,-4.83,0.18,16.36,-1.15,-1.1,-2.7,-3.73,2.8800000000000003,22.65,0.1,ARI|BXMT|CIM|GPMT|LADR|NLY|PMT|RC|STWD|TRTX,ARI|BXMT|CIM|GPMT|LADR|NLY|PMT|RC|STWD|TRTX
KRG,10,8,-0.61,-10.42,-0.76,-0.46,-0.42,-6.27,-0.19,-4.15,-1.025,0.5,AKR|BRX|CUBE|EQR|FRT|KIM|REG|ROIC|SPG|UE,AKR|BRX|CUBE|FRT|KIM|REG|SPG|UE
KRKR,10,10,6.07,8.14,-13.99,1.68,-2.755,-7.904999999999999,8.825,16.045,0.10499999999999865,0.9,CAN|FINV|HTT|HUYA|JFIN|LX|QFIN|SOS|TME|YRD,CAN|FINV|HTT|HUYA|JFIN|LX|QFIN|SOS|TME|YRD
KRMD,10,9,-0.3,-14.12,-17.12,-0.15,0.75,14.29,-1.05,-28.409999999999997,-35.13,0.3333333333333333,ABT|BAX|BDX|BSX|CAH|HOLX|STE|SYK|TMO|ZBH,ABT|BAX|BDX|BSX|CAH|STE|SYK|TMO|ZBH
KRMN,0,0,-12.05,11.81,-19.08,-8.52,,,,,,,,
KRNT,10,9,-9.64,5.76,12.24,-3.94,-6.58,5.98,-3.0600000000000005,-0.22000000000000064,-1.9499999999999993,0.4444444444444444,DBD|DDD|FARO|HPQ|MTLS|PRLB|QUAD|SSRM|SSYS|XRX,DBD|DDD|HPQ|MTLS|PRLB|QUAD|SSRM|SSYS|XRX
KRNY,10,9,-0.26,1.0,16.34,-0.58,-4.28,-2.96,4.0200000000000005,3.96,9.69,1.0,BCML|CNOB|CUBI|EBMT|FSBC|MPB|OCFC|PCB|PWOD|SMBK,BCML|CNOB|CUBI|EBMT|FSBC|MPB|OCFC|PCB|SMBK
KRO,10,10,-6.53,13.87,18.9,-0.68,0.765,6.725,-7.295,7.145,11.34,0.0,ALB|APD|ASH|CC|DOW|ECL|EMN|IFF|PPG|SHW,ALB|APD|ASH|CC|DOW|ECL|EMN|IFF|PPG|SHW
KROS,10,9,-0.74,3.63,-3.63,-4.68,3.95,10.29,-4.69,-6.659999999999999,-13.07,0.0,ALNY|ARWR|BLUE|IONS|MCRB|PBYI|RGNX|SRPT|TVRD|VRTX,ALNY|ARWR|IONS|MCRB|PBYI|RGNX|SRPT|TVRD|VRTX
KRP,10,8,0.38,0.25,0.31,0.85,7.975,8.635,-7.595,-8.385,-7.7200000000000015,0.0,APA|COP|CVX|DVN|EOG|FANG|HES|MRO|OXY|XOM,APA|COP|CVX|DVN|EOG|FANG|OXY|XOM
KRRO,10,9,-1.81,11.54,30.37,-6.45,7.23,12.05,-9.040000000000001,-0.5100000000000016,25.080000000000002,0.0,ARVN|BEAM|CRBU|CRSP|EDIT|FDMT|NTLA|RGNX|SGMO|VYGR,ARVN|BEAM|CRBU|CRSP|EDIT|FDMT|NTLA|RGNX|VYGR
KRSP,0,0,0.76,0.0,0.38,-0.09,,,,,,,,
KRT,10,9,-1.33,21.95,70.63,-2.02,-1.22,3.42,-0.1100000000000001,18.53,53.839999999999996,0.4444444444444444,ATR|CCK|FFIN|GPK|MYE|OI|PKG|SEE|SON|SSRM,ATR|CCK|FFIN|GPK|MYE|OI|PKG|SON|SSRM
KRUS,10,10,-8.67,6.58,-12.15,-3.3,-3.5149999999999997,5.765000000000001,-5.155,0.8149999999999995,-18.740000000000002,0.1,BROS|CAKE|CMG|DPZ|PLAY|PZZA|RRGB|SHAK|TXRH|WING,BROS|CAKE|CMG|DPZ|PLAY|PZZA|RRGB|SHAK|TXRH|WING
KRYS,10,10,2.9,0.31,11.85,-1.6,3.495,16.575,-0.5950000000000002,-16.265,-16.405,0.5,AMGN|AXSM|BIIB|BMRN|INCY|NBIX|QURE|REGN|SRPT|VRTX,AMGN|AXSM|BIIB|BMRN|INCY|NBIX|QURE|REGN|SRPT|VRTX
KSCP,10,10,-12.65,-31.97,-45.79,-3.08,-2.1399999999999997,8.715,-10.510000000000002,-40.685,-52.245,0.0,ADT|ALLE|AOS|AVT|AXON|BAH|CSCO|HPE|LECO|TXT,ADT|ALLE|AOS|AVT|AXON|BAH|CSCO|HPE|LECO|TXT
KSPI,10,10,3.14,17.49,11.67,1.17,0.8150000000000001,6.415,2.325,11.075,3.0600000000000005,0.6,AAPL|AMZN|BABA|JD|MELI|PDD|PYPL|SE|SHOP|XYZ,AAPL|AMZN|BABA|JD|MELI|PDD|PYPL|SE|SHOP|XYZ
KSS,9,7,-12.74,-10.27,40.21,-9.13,-5.07,-4.12,-7.67,-6.1499999999999995,34.24,0.0,ANF|BURL|DDS|FL|JWN|M|ROST|TJX|URBN,ANF|BURL|DDS|M|ROST|TJX|URBN
KT,9,7,-1.58,3.67,0.97,-1.79,-0.8,1.57,-0.78,2.0999999999999996,0.8099999999999999,0.14285714285714285,AMX|ATUS|PHI|SKM|TDS|TEF|TMUS|VEON|VOD,AMX|PHI|SKM|TDS|TMUS|VEON|VOD
KTB,10,9,-6.57,-9.55,20.63,-4.44,-5.17,-7.27,-1.4000000000000004,-2.280000000000001,24.16,0.2222222222222222,COLM|CRI|GES|GOOS|LEVI|MOV|OXM|PVH|RL|VFC,COLM|CRI|GOOS|LEVI|MOV|OXM|PVH|RL|VFC
KTCC,10,9,-2.41,-1.66,20.16,1.72,-7.03,-6.73,4.62,5.07,26.560000000000002,1.0,AMD|CSCO|FLEX|HPQ|JNPR|LPTH|PLXS|PXLW|SANM|TTMI,AMD|CSCO|FLEX|HPQ|LPTH|PLXS|PXLW|SANM|TTMI
KTOS,10,10,-10.11,17.85,1.11,-6.82,-3.79,5.65,-6.319999999999999,12.200000000000001,0.1200000000000001,0.0,BA|BWXT|GD|HEI|HII|LHX|LMT|NOC|RTX|TXT,BA|BWXT|GD|HEI|HII|LHX|LMT|NOC|RTX|TXT
KTTA,9,9,1.03,4.98,-33.12,-1.45,2.48,3.48,-1.45,1.5000000000000004,-61.29,0.3333333333333333,ATAI|CMPS|DFTX|GHRS|HELP|PALI|RLMD|SLS|WKSP,ATAI|CMPS|DFTX|GHRS|HELP|PALI|RLMD|SLS|WKSP
KULR,10,10,-13.66,-12.18,-29.16,-3.23,-7.4399999999999995,-2.59,-6.220000000000001,-9.59,-1.0250000000000021,0.1,ALNT|AMPX|BLDP|CHPT|ENPH|FCEL|KOPN|MRAM|PLUG|QS,ALNT|AMPX|BLDP|CHPT|ENPH|FCEL|KOPN|MRAM|PLUG|QS
KURA,8,6,18.19,13.14,15.33,-4.83,2.55,-2.115,15.64,15.255,0.9199999999999999,0.8333333333333334,ADAP|AGIO|BLUE|EXEL|FATE|IOVA|KPTI|KYNB,AGIO|EXEL|FATE|IOVA|KPTI|KYNB
KUST,10,10,-27.74,-29.79,-68.77,-0.98,-2.295,-1.135,-25.445,-28.654999999999998,-62.904999999999994,0.0,AAPL|AXON|CRNT|CSCO|GOOGL|KOPN|LOGI|MSFT|REKR|VUZI,AAPL|AXON|CRNT|CSCO|GOOGL|KOPN|LOGI|MSFT|REKR|VUZI
KVHI,10,9,-2.66,-16.95,-28.2,-3.15,-6.94,0.29,4.28,-17.24,-19.799999999999997,0.7777777777777778,CMTL|GILT|GSAT|INSG|IRDM|RELL|SATS|SPIR|VRSN|VSAT,CMTL|GILT|GSAT|INSG|IRDM|RELL|SPIR|VRSN|VSAT
KVUE,9,9,-0.96,-0.6,9.79,-0.58,-0.94,0.18,-0.020000000000000018,-0.78,-0.3100000000000005,0.4444444444444444,CHD|CL|EL|JNJ|KMB|PG|REYN|UL|ULTA,CHD|CL|EL|JNJ|KMB|PG|REYN|UL|ULTA
KVYO,10,10,-6.21,11.28,19.3,-0.99,-0.255,26.060000000000002,-5.955,-14.780000000000003,2.535,0.1,ADBE|CRM|HUBS|MNDY|NOW|PD|TEAM|TWLO|WDAY|ZM,ADBE|CRM|HUBS|MNDY|NOW|PD|TEAM|TWLO|WDAY|ZM
KWM,0,0,-28.4,-49.7,-79.15,-0.9,,,,,,,,
KWR,10,10,-3.9,8.25,17.43,-1.38,0.5599999999999999,6.055,-4.46,2.1950000000000003,12.64,0.1,ASH|CE|CLB|DOW|ECL|FUL|LYB|PPG|RPM|SHW,ASH|CE|CLB|DOW|ECL|FUL|LYB|PPG|RPM|SHW
KXIN,10,9,3.91,-3.45,-11.04,-0.56,-1.42,6.69,5.33,-10.14,-19.6,1.0,ABG|AN|CARG|CVNA|GPI|KMX|LAD|SAH|TRUE|VRM,ABG|AN|CARG|CVNA|GPI|KMX|LAD|SAH|VRM
KYIV,0,0,-3.11,-8.14,-9.18,-0.78,,,,,,,,
KYMR,9,7,7.64,11.63,52.72,-3.24,-0.99,0.84,8.629999999999999,10.790000000000001,46.57,1.0,ARDX|CRNC|KPTI|MREO|NRIX|ONCT|QURE|RVNC|SRRK,ARDX|CRNC|KPTI|MREO|NRIX|QURE|SRRK
KYNB,10,10,2.84,0.35,4.17,1.26,4.279999999999999,7.334999999999999,-1.4399999999999995,-6.984999999999999,-1.7650000000000006,0.4,ALNY|ARGX|BMRN|EXEL|IONS|MDGL|NBIX|PRTA|REGN|VRTX,ALNY|ARGX|BMRN|EXEL|IONS|MDGL|NBIX|PRTA|REGN|VRTX
KYTX,10,10,1.36,10.68,-4.43,-7.67,4.355,14.605,-2.995,-3.9250000000000007,-27.495,0.1,AMGN|BMRN|BMY|GILD|JNJ|MRNA|NVAX|PFE|REGN|VRTX,AMGN|BMRN|BMY|GILD|JNJ|MRNA|NVAX|PFE|REGN|VRTX
KZIA,8,7,4.84,-5.14,6.78,-1.56,2.81,-0.66,2.03,-4.4799999999999995,-1.9500000000000002,0.5714285714285714,AUPH|EXEL|FATE|JAZZ|NBIX|ONCT|SRPT|XNCR,AUPH|EXEL|FATE|JAZZ|NBIX|SRPT|XNCR
L,10,10,-1.65,-3.34,1.92,-0.27,-1.8199999999999998,-2.1350000000000002,0.16999999999999993,-1.2049999999999996,-6.58,0.5,AFL|AIG|ALL|CINF|HIG|LNC|MET|PGR|PRI|TRV,AFL|AIG|ALL|CINF|HIG|LNC|MET|PGR|PRI|TRV
LAB,10,10,-12.32,-19.67,-37.98,-2.11,6.28,16.42,-18.6,-36.09,-73.34,0.0,A|BIO|DHR|DNA|ILMN|PACB|QGEN|TECH|TMO|TWST,A|BIO|DHR|DNA|ILMN|PACB|QGEN|TECH|TMO|TWST
LAC,4,3,-14.99,-2.47,-38.74,-2.83,3.73,12.12,-18.72,-14.59,-18.26,0.0,ALB|PLL|SGML|SQM,ALB|SGML|SQM
LAD,10,9,-1.42,9.8,37.68,0.4,-0.97,-2.67,-0.44999999999999996,12.47,29.119999999999997,0.4444444444444444,ABG|AN|CARG|CRMT|CVNA|GPI|KMX|PAG|SAH|TRUE,ABG|AN|CARG|CRMT|CVNA|GPI|KMX|PAG|SAH
LADR,10,10,-0.68,2.27,-0.38,-1.27,-1.9,-0.015,1.2199999999999998,2.285,5.91,0.8,ABR|ACRE|ARI|BXMT|BXSL|GPMT|KREF|PMT|STWD|TRTX,ABR|ACRE|ARI|BXMT|BXSL|GPMT|KREF|PMT|STWD|TRTX
LAES,10,10,-12.32,-4.23,-12.63,-4.23,-15.6,-14.175,3.2799999999999994,9.945,-2.905000000000001,0.6,AAOI|AEHR|AOSL|ICHR|IMOS|MPWR|PENG|PXLW|UCTT|WOLF,AAOI|AEHR|AOSL|ICHR|IMOS|MPWR|PENG|PXLW|UCTT|WOLF
LAFA,0,0,0.1,0.3,0.9,0.1,,,,,,,,
LAKE,10,9,-4.04,1.42,12.08,-6.32,-4.66,-1.42,0.6200000000000001,2.84,-0.5800000000000001,0.5555555555555556,ANSS|CR|CW|DHR|FLS|HON|MMM|MSA|TDY|XYL,CR|CW|DHR|FLS|HON|MMM|MSA|TDY|XYL
LAMR,10,10,-1.9,-4.23,0.26,-1.16,0.44,0.9400000000000001,-2.34,-5.170000000000001,-0.20500000000000002,0.2,CBSH|CCO|CMCSA|DIS|FOXA|GOOGL|MMT|NCMI|OUT|T,CBSH|CCO|CMCSA|DIS|FOXA|GOOGL|MMT|NCMI|OUT|T
LAND,10,10,4.22,-0.46,-8.47,0.35,0.495,-4.15,3.7249999999999996,3.6900000000000004,-10.505,1.0,ADC|EPRT|FPI|LXP|NNN|O|PINE|REXR|TRNO|WPC,ADC|EPRT|FPI|LXP|NNN|O|PINE|REXR|TRNO|WPC
LANV,9,9,-4.95,-18.85,-37.94,0.48,-4.7,-6.16,-0.25,-12.690000000000001,-37.57,0.4444444444444444,CAL|COLM|CPRI|EL|LEVI|PVH|RL|TPR|VNCE,CAL|COLM|CPRI|EL|LEVI|PVH|RL|TPR|VNCE
LAR,10,9,-10.81,-5.35,-36.83,-2.67,-2.88,5.06,-7.930000000000001,-10.41,-16.349999999999998,0.2222222222222222,ALB|AMR|FMC|LAC|MP|PLL|SGML|SLI|SQM|TMC,ALB|AMR|FMC|LAC|MP|SGML|SLI|SQM|TMC
LARK,10,9,-0.31,3.91,14.05,-0.19,-4.04,0.34,3.73,3.5700000000000003,4.16,1.0,ACNB|CCNE|FBNC|FFIC|FRME|GABC|HTB|SFBS|UBSI|VLY,ACNB|CCNE|FBNC|FRME|GABC|HTB|SFBS|UBSI|VLY
LASE,10,10,-6.28,22.29,47.42,-3.46,-9.9,-9.985,3.62,32.275,43.965,0.9,AMAT|ASML|COHR|IPGP|KLAC|LRCX|MKSI|ONTO|TER|VECO,AMAT|ASML|COHR|IPGP|KLAC|LRCX|MKSI|ONTO|TER|VECO
LASR,10,10,-6.71,-35.16,-34.12,-1.75,-9.925,-6.0600000000000005,3.2150000000000007,-29.099999999999994,-19.334999999999997,0.9,AMAT|AXTI|COHR|ENTG|IPGP|KEYS|LITE|MKSI|PLAB|VIAV,AMAT|AXTI|COHR|ENTG|IPGP|KEYS|LITE|MKSI|PLAB|VIAV
LATA,0,0,-0.2,0.35,1.09,-0.2,,,,,,,,
LAUR,10,9,3.2,6.92,14.81,0.51,-7.2,-16.33,10.4,23.25,23.270000000000003,1.0,ATGE|CHGG|COUR|GHC|LINC|LOPE|NRDY|STG|STRA|UTI,CHGG|COUR|GHC|LINC|LOPE|NRDY|STG|STRA|UTI
LAW,10,10,-6.22,13.32,11.85,-1.72,-0.255,33.31,-5.965,-19.990000000000002,-26.735,0.1,ACIW|APPN|HUBS|NOW|OKTA|PD|PEGA|TEAM|WDAY|ZM,ACIW|APPN|HUBS|NOW|OKTA|PD|PEGA|TEAM|WDAY|ZM
LAZ,10,10,-3.21,1.03,-6.72,-2.61,-3.475,1.685,0.2650000000000001,-0.655,-14.91,0.6,BAC|BLK|C|EVR|GS|JPM|MC|MS|PJT|RJF,BAC|BLK|C|EVR|GS|JPM|MC|MS|PJT|RJF
LB,10,10,19.11,15.27,18.29,9.08,-1.02,-2.61,20.13,17.88,4.125,1.0,CI|CNC|EVH|HCA|HQY|HUM|MD|MOH|PRGO|UNH,CI|CNC|EVH|HCA|HQY|HUM|MD|MOH|PRGO|UNH
LBGJ,0,0,3.01,-55.36,-98.4,-2.22,,,,,,,,
LBRDA,9,6,1.81,19.81,8.14,0.0,1.49,10.495000000000001,0.32000000000000006,9.314999999999998,3.4450000000000003,0.5,ATUS|CHTR|CMCSA|CNSL|EQ|LILA|T|VZ|WOW,CHTR|CMCSA|EQ|LILA|T|VZ
LBRDK,10,10,1.87,19.99,8.14,0.0,2.31,11.895,-0.43999999999999995,8.094999999999999,4.0200000000000005,0.4,AMCX|CHTR|CMCSA|DIS|FOX|FWONA|NFLX|SIRI|T|VZ,AMCX|CHTR|CMCSA|DIS|FOX|FWONA|NFLX|SIRI|T|VZ
LBRT,10,10,-7.48,-22.28,-40.28,-2.98,0.13,5.154999999999999,-7.61,-27.435000000000002,-34.61,0.0,BKR|CLB|FTI|HAL|INVX|NOV|OIS|RES|SLB|WTTR,BKR|CLB|FTI|HAL|INVX|NOV|OIS|RES|SLB|WTTR
LBRX,0,0,7.15,32.35,69.23,-3.0,,,,,,,,
LBTYA,10,9,0.14,0.81,-11.5,-1.83,2.29,11.81,-2.15,-11.0,-14.49,0.2222222222222222,ATUS|CHTR|CMCSA|DIS|FOXA|NFLX|SIRI|T|TMUS|VZ,CHTR|CMCSA|DIS|FOXA|NFLX|SIRI|T|TMUS|VZ
LBTYK,10,10,0.2,0.59,-11.52,-2.06,2.31,11.895,-2.11,-11.305,-15.64,0.1,AMCX|CHTR|CMCSA|DIS|FOXA|NFLX|ROKU|SIRI|T|VZ,AMCX|CHTR|CMCSA|DIS|FOXA|NFLX|ROKU|SIRI|T|VZ
LCCC,0,0,0.67,1.25,1.93,0.67,,,,,,,,
LCFY,10,10,-5.51,-2.28,-34.61,-0.39,-0.34,18.38,-5.17,-20.66,-36.14,0.1,AAPL|ADBE|AMZN|CRM|GOOG|INTU|MSFT|ORCL|SNAP|YEXT,AAPL|ADBE|AMZN|CRM|GOOG|INTU|MSFT|ORCL|SNAP|YEXT
LCID,10,10,-11.18,-15.63,0.7,-3.72,1.035,-2.2,-12.215,-13.43,7.4399999999999995,0.0,F|GM|LI|NIO|RACE|RIVN|TM|TSLA|VFS|XPEV,F|GM|LI|NIO|RACE|RIVN|TM|TSLA|VFS|XPEV
LCII,10,9,-2.1,-1.06,-4.52,-2.67,-1.08,0.99,-1.02,-2.05,-7.59,0.3333333333333333,AXL|BWA|DAN|DORM|JCI|LEA|MOD|PATK|THO|WGO,BWA|DAN|DORM|JCI|LEA|MOD|PATK|THO|WGO
LCNB,10,8,-2.4,-0.36,19.12,-1.47,-4.73,-2.95,2.3300000000000005,2.5900000000000003,10.275000000000002,1.0,ASB|CAC|FFBC|FRME|FULT|HBNC|HTLF|ONB|SASR|THFF,ASB|CAC|FFBC|FRME|FULT|HBNC|ONB|THFF
LCTX,7,7,-0.51,-4.99,-18.25,-4.25,2.98,-2.91,-3.49,-2.08,-32.37,0.42857142857142855,FATE|MDXG|MESO|MRKR|STEM|TVRD|VCEL,FATE|MDXG|MESO|MRKR|STEM|TVRD|VCEL
LCUT,9,9,-0.89,9.78,21.6,0.8,-3.96,0.18,3.07,9.6,6.230000000000002,0.7777777777777778,CHD|CL|CLX|COTY|ENR|HELE|NWL|SCL|SPB,CHD|CL|CLX|COTY|ENR|HELE|NWL|SCL|SPB
LDI,10,8,-10.09,-17.47,-30.32,-2.99,-2.5,-2.63,-7.59,-14.84,-27.825,0.0,ARR|COOP|EFC|FOA|GHLD|IVR|MITT|PFSI|RKT|TWO,ARR|EFC|FOA|IVR|MITT|PFSI|RKT|TWO
LDOS,9,9,0.94,34.21,15.73,-1.71,-1.75,9.8,2.69,24.41,5.450000000000001,1.0,BA|BAH|CACI|GD|HII|LMT|NOC|RTX|SAIC,BA|BAH|CACI|GD|HII|LMT|NOC|RTX|SAIC
LE,9,7,-6.05,-0.9,10.09,-3.93,-5.41,-6.29,-0.6399999999999997,5.39,13.62,0.42857142857142855,ANF|ASO|BKE|CRI|FL|JWN|KSS|PLCE|URBN,ANF|ASO|BKE|CRI|KSS|PLCE|URBN
LEA,10,9,1.49,-13.38,-6.63,0.34,-0.92,0.99,2.41,-14.370000000000001,-3.05,0.8888888888888888,ADNT|ALV|AXL|BWA|DAN|GNTX|MGA|MOD|TEN|VC,ADNT|ALV|BWA|DAN|GNTX|MGA|MOD|TEN|VC
LECO,10,10,-1.71,12.27,7.39,0.07,-5.2,-2.4299999999999997,3.49,14.7,-1.0650000000000004,0.9,AME|DOV|EMR|ETN|HON|IR|NDSN|ROK|SPB|XYL,AME|DOV|EMR|ETN|HON|IR|NDSN|ROK|SPB|XYL
LEDS,10,10,3.05,-12.9,2.57,-2.01,-6.49,0.6799999999999999,9.54,-13.58,14.92,1.0,AOSL|AXTI|COHR|LITE|LPTH|OESX|OLED|SANM|TSM|VECO,AOSL|AXTI|COHR|LITE|LPTH|OESX|OLED|SANM|TSM|VECO
LEE,10,8,1.85,2.61,-13.04,1.1,-0.07000000000000006,-1.58,1.9200000000000002,4.1899999999999995,-14.315,0.625,CMLS|NWS|NWSA|NXST|NYT|SCHL|SIRI|SSP|TDAY|TGNA,NWS|NWSA|NXST|NYT|SCHL|SIRI|SSP|TDAY
LEG,10,9,-2.73,-11.99,-3.53,-2.48,-3.74,6.08,1.0100000000000002,-18.07,-28.68,0.6666666666666666,FLO|HNI|LZB|MHK|NWL|RH|SCL|SGI|SNBR|WSM,FLO|HNI|LZB|MHK|NWL|RH|SCL|SGI|WSM
LEGH,10,9,-2.54,8.7,23.48,-0.53,-2.54,0.37,0.0,8.33,14.06,0.4444444444444444,BZH|DHI|KBH|LEN|MTH|NVR|PHM|SKY|TMHC|TOL,BZH|DHI|KBH|LEN|MTH|NVR|PHM|SKY|TOL
LEGN,10,8,6.09,-8.61,-23.52,-4.82,6.295,13.735,-0.20500000000000007,-22.345,-36.545,0.5,ALLO|BLUE|BMY|CLLS|CRSP|EDIT|FATE|GILD|NTLA|SGMO,ALLO|BMY|CLLS|CRSP|EDIT|FATE|GILD|NTLA
LEN,9,8,-2.5,3.9,-2.24,-2.19,-2.55,-0.395,0.04999999999999982,4.295,-13.285,0.625,BZH|DHI|KBH|LGIH|MTH|NVR|PHM|TMHC|TOL,BZH|DHI|KBH|LGIH|MTH|NVR|PHM|TOL
LENZ,10,10,2.07,-12.08,-34.79,-4.57,4.225,11.620000000000001,-2.155,-23.700000000000003,-50.364999999999995,0.1,ALNY|AMGN|BIIB|BMRN|BMY|GILD|IONS|NBIX|REGN|VRTX,ALNY|AMGN|BIIB|BMRN|BMY|GILD|IONS|NBIX|REGN|VRTX
LESL,10,9,-20.55,-74.62,-79.68,-6.28,-1.61,2.78,-18.94,-77.4,-84.62,0.0,ECL|FORTY|PATK|PEN|POOL|SITE|TREX|TTC|TTSH|WMS,ECL|FORTY|PATK|PEN|POOL|SITE|TREX|TTC|WMS
LEU,10,10,-9.2,-0.06,2.88,-5.14,-1.31,2.875,-7.889999999999999,-2.935,8.795,0.1,CCJ|DNN|DTE|EXC|LTBR|NXE|UEC|URG|UUUU|WEC,CCJ|DNN|DTE|EXC|LTBR|NXE|UEC|URG|UUUU|WEC
LEVI,9,8,-5.17,-14.06,-0.37,-3.36,-4.355,-7.855,-0.8149999999999995,-6.205,0.33999999999999997,0.375,AEO|COLM|HBI|KTB|LB|PVH|RL|UA|VFC,AEO|COLM|KTB|LB|PVH|RL|UA|VFC
LEXX,10,10,51.6,46.35,40.79,6.69,0.335,11.51,51.265,34.84,40.455,1.0,ACB|APH|CGC|CRON|IIPR|OGEN|OGI|TLRY|TVRD|VFF,ACB|APH|CGC|CRON|IIPR|OGEN|OGI|TLRY|TVRD|VFF
LFCR,10,10,-5.81,-2.73,-2.51,-0.11,-0.725,13.934999999999999,-5.085,-16.665,-10.19,0.0,ABT|BAX|BSX|EW|ISRG|MDT|PEN|SYK|TFX|ZBH,ABT|BAX|BSX|EW|ISRG|MDT|PEN|SYK|TFX|ZBH
LFMD,10,8,-3.61,-14.05,-21.71,-1.91,-1.225,5.165,-2.385,-19.215,-48.245000000000005,0.25,AMED|AMWL|CHE|CVS|DOCS|EHC|HIMS|LFST|SEM|TDOC,AMWL|CHE|CVS|DOCS|EHC|HIMS|LFST|TDOC
LFS,0,0,5.18,9.75,22.8,1.42,,,,,,,,
LFST,10,10,4.21,15.67,65.82,-0.74,-1.875,0.375,6.085,15.295,55.459999999999994,1.0,ACHC|AMWL|CNC|CYH|HCA|HQY|MOH|PRVA|THC|UHS,ACHC|AMWL|CNC|CYH|HCA|HQY|MOH|PRVA|THC|UHS
LFT,10,10,-11.6,-26.89,-46.11,1.05,-0.25,-0.29500000000000004,-11.35,-26.595,-44.88,0.0,AGNC|ARR|CIM|DX|EFC|IVR|MFA|NLY|ORC|TWO,AGNC|ARR|CIM|DX|EFC|IVR|MFA|NLY|ORC|TWO
LFUS,10,10,-7.88,-0.37,-6.06,-0.08,-3.6950000000000003,0.44999999999999996,-4.185,-0.82,-9.79,0.2,APH|CHKP|CLS|CTS|DHR|EMN|HON|ITGR|MLAB|RBC,APH|CHKP|CLS|CTS|DHR|EMN|HON|ITGR|MLAB|RBC
LFVN,10,8,1.05,3.28,24.92,0.9,-2.915,-3.665,3.965,6.945,39.835,0.875,CELH|HLF|LFMD|MED|NATR|NHTC|OPRX|PRPH|RBOT|USNA,CELH|HLF|LFMD|MED|NATR|NHTC|OPRX|USNA
LFWD,10,8,-8.55,-0.14,11.25,-0.69,1.84,15.43,-10.39,-15.57,11.555,0.0,ARAY|BIO|CUTR|GMED|HAE|IART|ISRG|MASI|PODD|STXS,ARAY|BIO|GMED|HAE|IART|ISRG|PODD|STXS
LGCL,10,10,-94.13,-90.12,-94.81,-26.83,0.6599999999999999,5.4399999999999995,-94.78999999999999,-95.56,-102.37,0.0,ALB|APD|ASH|CE|ECL|FMC|IFF|OLN|PPG|SHW,ALB|APD|ASH|CE|ECL|FMC|IFF|OLN|PPG|SHW
LGCY,0,0,-0.76,-9.32,-10.63,-0.47,,,,,,,,
LGHL,10,10,-25.64,-55.55,-91.85,-14.39,1.395,1.5650000000000002,-27.035,-57.114999999999995,-81.11999999999999,0.0,BABA|BIDU|FUTU|GCBC|GROW|JD|ORIO|RILY|TIGR|TRC,BABA|BIDU|FUTU|GCBC|GROW|JD|ORIO|RILY|TIGR|TRC
LGIH,10,9,-3.17,-1.43,29.48,-4.26,-2.54,-0.07,-0.6299999999999999,-1.3599999999999999,20.060000000000002,0.2222222222222222,BZH|DHI|HOV|KBH|LEN|MTH|NVR|PHM|TMHC|TOL,BZH|DHI|HOV|KBH|LEN|MTH|NVR|PHM|TOL
LGL,10,10,-1.19,8.91,8.09,-0.53,-3.805,0.08000000000000002,2.615,8.83,11.325,0.6,AVNW|CTS|EXTR|IDT|KVHI|LFUS|MSI|SPT|SWKS|TTMI,AVNW|CTS|EXTR|IDT|KVHI|LFUS|MSI|SPT|SWKS|TTMI
LGN,0,0,-4.06,-16.74,-26.42,-2.91,,,,,,,,
LGND,10,10,-0.66,-5.7,31.76,-1.31,4.720000000000001,12.719999999999999,-5.380000000000001,-18.419999999999998,9.64,0.1,AMGN|BIIB|BMY|GILD|INCY|MRNA|PFE|RDY|REGN|VRTX,AMGN|BIIB|BMY|GILD|INCY|MRNA|PFE|RDY|REGN|VRTX
LGO,10,9,-16.12,-2.96,-32.92,-2.04,-4.01,-0.16,-12.110000000000001,-2.8,-36.61,0.0,BXC|CRH|CX|EXP|KRO|MLM|SUM|TREX|USLM|VMC,BXC|CRH|CX|EXP|KRO|MLM|TREX|USLM|VMC
LGPS,0,0,7.44,-24.42,47.62,-1.73,,,,,,,,
LGVN,9,8,20.14,33.77,18.63,1.92,1.6600000000000001,-2.88,18.48,36.650000000000006,34.405,0.875,ADMA|APRE|CAPR|CVM|HOOK|HURA|JAGX|MTNB|SVRA,ADMA|APRE|CAPR|CVM|HURA|JAGX|MTNB|SVRA
LH,6,6,4.53,19.8,30.99,2.02,2.84,17.985,1.6900000000000004,1.8150000000000013,-10.355,0.8333333333333334,AVTR|DGX|ICLR|NEO|OPK|QDEL,AVTR|DGX|ICLR|NEO|OPK|QDEL
LHAI,0,0,-6.77,-23.9,-22.3,0.26,,,,,,,,
LHSW,0,0,4.17,19.05,-9.33,0.67,,,,,,,,
LHX,10,10,-5.82,-4.73,-12.13,-1.96,-3.4749999999999996,7.17,-2.3450000000000006,-11.9,-11.39,0.3,BA|BAH|CW|GD|HII|LMT|MRCY|NOC|RTX|TXT,BA|BAH|CW|GD|HII|LMT|MRCY|NOC|RTX|TXT
LI,10,7,4.69,5.98,-20.61,1.03,0.68,-6.89,4.010000000000001,12.870000000000001,-21.31,1.0,F|GM|GOEV|HYZN|LCID|NIO|NKLA|RIVN|TSLA|XPEV,F|GM|LCID|NIO|RIVN|TSLA|XPEV
LICN,10,9,-3.08,39.58,15.6,0.8,-3.33,-2.18,0.25,41.76,26.939999999999998,0.5555555555555556,FINV|FUTU|HTT|LU|LX|OCFT|QFIN|TIGR|XYF|YRD,FINV|FUTU|HTT|LU|LX|QFIN|TIGR|XYF|YRD
LIDR,10,9,-1.17,2.02,-30.87,0.4,-9.7,1.83,8.53,0.18999999999999995,-17.075000000000003,0.8888888888888888,AEVA|ARBE|INDI|INVZ|KOPN|LAZR|MVIS|OUST|QUBT|RBOT,AEVA|ARBE|INDI|INVZ|KOPN|LAZR|MVIS|OUST|QUBT
LIEN,10,10,2.54,1.57,-1.33,1.89,-2.15,11.365,4.6899999999999995,-9.795,-5.865,1.0,ARCC|GSBD|HRZN|MAIN|NMFC|PNNT|SLRC|TCPC|TPVG|TSLX,ARCC|GSBD|HRZN|MAIN|NMFC|PNNT|SLRC|TCPC|TPVG|TSLX
LIF,10,10,-10.1,-13.18,14.02,4.57,-1.7850000000000001,0.545,-8.315,-13.725,17.36,0.1,AAPL|ADBE|AMZN|CSCO|GOOGL|INTC|MSFT|NFLX|NVDA|TSLA,AAPL|ADBE|AMZN|CSCO|GOOGL|INTC|MSFT|NFLX|NVDA|TSLA
LII,10,10,-1.59,-22.73,-16.55,-1.81,-4.59,-0.8600000000000001,3.0,-21.87,-24.725,0.8,AAON|AOS|CARR|EMR|GNRC|IEX|IR|JCI|TT|WTS,AAON|AOS|CARR|EMR|GNRC|IEX|IR|JCI|TT|WTS
LILA,9,9,-6.14,8.15,57.15,-3.78,1.35,-0.47,-7.49,8.620000000000001,56.62,0.0,AMX|NOK|SKM|T|TEO|TIMB|VEON|VIV|VZ,AMX|NOK|SKM|T|TEO|TIMB|VEON|VIV|VZ
LILAK,10,8,-4.51,10.21,54.26,-2.84,0.98,9.16,-5.49,1.0500000000000007,51.94,0.125,AMX|ATUS|CHTR|CMCSA|T|TEF|TMUS|VOD|VZ|WBD,AMX|CHTR|CMCSA|T|TMUS|VOD|VZ|WBD
LIMN,0,0,-27.62,-11.07,-42.23,-2.69,,,,,,,,
LIN,8,7,1.91,-4.19,-3.81,1.29,-1.03,-1.66,2.94,-2.5300000000000002,-3.92,0.8571428571428571,AIT|APD|MEOH|NEE|PX|ROK|WDFC|WLKP,AIT|APD|MEOH|NEE|ROK|WDFC|WLKP
LINC,10,9,-11.36,-33.26,-43.73,1.33,-0.34,-2.14,-11.02,-31.119999999999997,-36.269999999999996,0.0,APEI|ATGE|CHGG|COUR|LOPE|LRN|PRDO|RM|STRA|UTI,APEI|CHGG|COUR|LOPE|LRN|PRDO|RM|STRA|UTI
LIND,10,10,-8.44,13.56,64.51,-0.85,-0.8200000000000001,-0.08499999999999996,-7.619999999999999,13.645,60.44500000000001,0.2,BKNG|CCL|DIS|EXPE|H|MAR|MTN|NCLH|RCL|TRIP,BKNG|CCL|DIS|EXPE|H|MAR|MTN|NCLH|RCL|TRIP
LINE,10,10,-2.97,-3.33,5.01,-0.16,-1.7850000000000001,9.5,-1.185,-12.83,3.48,0.3,AAPL|ADBE|AMZN|CSCO|GOOGL|IBM|INTC|MSFT|ORCL|SAP,AAPL|ADBE|AMZN|CSCO|GOOGL|IBM|INTC|MSFT|ORCL|SAP
LINK,10,10,-6.86,7.64,14.28,0.35,-7.81,-6.975,0.9499999999999993,14.614999999999998,32.195,0.7,COHU|FFIV|HIMX|LOGI|MRVL|NOK|QUIK|SMTC|SYNA|TTMI,COHU|FFIV|HIMX|LOGI|MRVL|NOK|QUIK|SMTC|SYNA|TTMI
LION,0,0,-0.75,-16.01,-7.68,0.47,,,,,,,,
LIQT,9,9,-7.94,-14.69,-70.85,1.91,-3.99,-1.92,-3.95,-12.77,-59.41,0.1111111111111111,AQMS|CDZI|CLIR|DAKT|DWSN|ESLT|NNBR|NNVC|WPRT,AQMS|CDZI|CLIR|DAKT|DWSN|ESLT|NNBR|NNVC|WPRT
LITB,10,10,3.0,-2.83,27.69,5.46,0.16,5.98,2.84,-8.81,28.060000000000002,0.7,AMZN|BABA|EBAY|ETSY|JD|MELI|PDD|SFIX|SHOP|W,AMZN|BABA|EBAY|ETSY|JD|MELI|PDD|SFIX|SHOP|W
LITE,10,9,-2.76,3.19,-1.38,3.45,-10.82,-8.38,8.06,11.57,22.59,0.8888888888888888,AAOI|AVGO|CIEN|COHR|FN|IPGP|JNPR|LPL|MKSI|NOK,AAOI|AVGO|CIEN|COHR|FN|IPGP|LPL|MKSI|NOK
LITS,9,7,6.09,-7.77,-15.18,1.06,-2.36,0.48,8.45,-8.25,-38.21,0.8571428571428571,APLS|ARQT|ENTA|FATE|GERN|IMMP|IOVA|KPTI|ONCT,ARQT|ENTA|FATE|GERN|IMMP|IOVA|KPTI
LIVE,8,8,-6.79,-11.47,-11.89,-6.69,-1.175,-0.07500000000000001,-5.615,-11.395000000000001,-25.01,0.125,CENTA|GSBC|HRTG|IHT|LION|MBOT|RICK|SMBK,CENTA|GSBC|HRTG|IHT|LION|MBOT|RICK|SMBK
LIVN,10,10,-4.17,0.64,6.86,-2.56,1.84,14.27,-6.01,-13.629999999999999,-0.8199999999999994,0.0,ABT|BSX|EW|GMED|MDT|NVCR|PODD|SYK|TMDX|ZBH,ABT|BSX|EW|GMED|MDT|NVCR|PODD|SYK|TMDX|ZBH
LKFN,10,10,-4.86,-2.74,-0.23,-0.73,-4.550000000000001,-2.13,-0.3099999999999996,-0.6100000000000003,-12.435,0.2,CHCO|CIVB|FFBC|FHB|FMAO|HBNC|MBIN|PEBO|TCBK|WSBC,CHCO|CIVB|FFBC|FHB|FMAO|HBNC|MBIN|PEBO|TCBK|WSBC
LKQ,10,10,2.06,2.1,-0.54,-0.58,-2.33,-3.51,4.390000000000001,5.609999999999999,-2.66,1.0,AAP|ABG|AN|AZO|GPC|GPI|OPLN|ORLY|PAG|SAH,AAP|ABG|AN|AZO|GPC|GPI|OPLN|ORLY|PAG|SAH
LKSP,0,0,0.1,0.39,0.69,0.0,,,,,,,,
LLY,10,10,5.14,9.3,24.76,-0.71,4.26,5.73,0.8799999999999999,3.5700000000000003,13.155000000000001,0.8,ABBV|AMGN|AZN|BMY|GSK|JNJ|MRK|NVO|PFE|SNY,ABBV|AMGN|AZN|BMY|GSK|JNJ|MRK|NVO|PFE|SNY
LLYVA,10,10,-0.23,8.96,8.36,0.46,2.31,11.895,-2.54,-2.9349999999999987,2.5599999999999987,0.1,AMCX|CMCSA|DIS|FWONA|LYV|NFLX|SIRI|SPOT|T|UBER,AMCX|CMCSA|DIS|FWONA|LYV|NFLX|SIRI|SPOT|T|UBER
LLYVK,10,10,-0.69,7.98,9.05,0.41,2.1550000000000002,11.895,-2.845,-3.914999999999999,4.4,0.2,AAPL|AMCX|CHTR|CMCSA|DIS|FOXA|GOOGL|NFLX|ROKU|SIRI,AAPL|AMCX|CHTR|CMCSA|DIS|FOXA|GOOGL|NFLX|ROKU|SIRI
LMAT,10,9,0.97,-16.28,-18.44,-1.37,-0.85,9.36,1.8199999999999998,-25.64,-28.76,0.6666666666666666,ABT|BSX|COO|EW|HOLX|ISRG|JNJ|MDT|SYK|XRAY,ABT|BSX|COO|EW|ISRG|JNJ|MDT|SYK|XRAY
LMB,10,9,-1.98,-42.56,-40.75,-0.85,-2.54,1.6,0.56,-44.160000000000004,-46.75,0.5555555555555556,DY|EME|FIX|FLR|J|KBR|MTH|PWR|TOL|TPH,DY|EME|FIX|FLR|J|KBR|MTH|PWR|TOL
LMND,10,10,-5.27,-20.86,-12.5,-2.07,-0.505,-2.1350000000000002,-4.765,-18.724999999999998,-18.0,0.0,AIG|ALL|CINF|ERIE|HIG|MKL|PGR|SAFT|SIGI|TRV,AIG|ALL|CINF|ERIE|HIG|MKL|PGR|SAFT|SIGI|TRV
LMNR,10,7,0.36,4.45,8.45,-0.93,2.37,-0.54,-2.0100000000000002,4.99,11.75,0.42857142857142855,AGRO|ALCO|BG|CVGW|FDP|HFFG|LND|SANW|TRMD|TWN,AGRO|ALCO|BG|HFFG|LND|TRMD|TWN
LMRI,0,0,-5.0,8.83,56.62,-2.19,,,,,,,,
LMT,10,10,-3.63,12.05,10.28,-2.14,-2.535,7.17,-1.0949999999999998,4.880000000000001,7.909999999999999,0.3,AXON|BA|GD|HII|LDOS|LHX|NOC|RTX|TDG|TXT,AXON|BA|GD|HII|LDOS|LHX|NOC|RTX|TDG|TXT
LNAI,9,7,-0.9,-14.95,23.49,-0.0,-3.62,-4.19,2.72,-10.759999999999998,51.92,1.0,AY|CSIQ|ENPH|FSLR|JKS|NEE|NOVA|RUN|SEDG,CSIQ|ENPH|FSLR|JKS|NEE|RUN|SEDG
LNC,10,10,-5.89,2.19,20.11,-1.99,-3.0999999999999996,-0.78,-2.79,2.9699999999999998,13.285,0.0,AFL|AIG|CNO|GNW|L|MET|PFG|PRU|UNM|VOYA,AFL|AIG|CNO|GNW|L|MET|PFG|PRU|UNM|VOYA
LND,10,6,2.37,-3.3,-3.3,1.52,1.155,1.705,1.215,-5.005,-1.9949999999999999,0.6666666666666666,AGRO|ALCO|CRESY|ENFY|FARM|FDP|LMNR|OTLY|SANW|SEED,AGRO|ALCO|CRESY|LMNR|OTLY|SEED
LNG,10,9,4.83,4.47,14.65,1.82,1.79,-1.59,3.04,6.06,12.86,0.8888888888888888,AM|ENB|ENLC|EPD|ET|KMI|OKE|PAA|TRGP|WMB,AM|ENB|EPD|ET|KMI|OKE|PAA|TRGP|WMB
LNKS,10,10,-16.51,-29.46,-47.7,-3.03,-3.84,2.265,-12.670000000000002,-31.725,-59.650000000000006,0.0,DOV|EMR|ETN|GE|HON|ITW|MMM|ROK|SWK|XYL,DOV|EMR|ETN|GE|HON|ITW|MMM|ROK|SWK|XYL
LNN,10,10,1.54,2.25,7.25,1.74,-1.6099999999999999,-0.22499999999999987,3.15,2.4749999999999996,-3.205,0.7,AGCO|ALK|DE|MLM|OSK|PLOW|TEX|TSCO|TTC|URI,AGCO|ALK|DE|MLM|OSK|PLOW|TEX|TSCO|TTC|URI
LNSR,9,8,2.78,47.83,44.56,-2.52,0.31999999999999995,6.870000000000001,2.46,40.959999999999994,31.89,0.75,ATEC|CERS|CUTR|HAE|IART|ICUI|LMAT|MLAB|STAA,ATEC|CERS|HAE|IART|ICUI|LMAT|MLAB|STAA
LNT,10,10,0.14,-5.03,-3.04,0.22,0.485,-3.0949999999999998,-0.345,-1.9350000000000005,-2.485,0.4,AEE|CMS|DTE|ES|EVRG|PNW|PPL|SRE|WEC|XEL,AEE|CMS|DTE|ES|EVRG|PNW|PPL|SRE|WEC|XEL
LNTH,10,9,-0.72,-4.2,4.29,-0.27,-0.44,14.29,-0.27999999999999997,-18.49,-13.720000000000002,0.4444444444444444,ABT|BAX|BIO|DXCM|HOLX|IDXX|ISRG|LMAT|PEN|ZBH,ABT|BAX|BIO|DXCM|IDXX|ISRG|LMAT|PEN|ZBH
LNZA,9,8,-0.16,11.91,-26.19,1.07,1.085,3.9749999999999996,-1.2449999999999999,7.9350000000000005,-24.495,0.375,CLNE|DNMR|FULC|GEVO|JAZZ|LPTH|MYE|PBYI|TMO,CLNE|FULC|GEVO|JAZZ|LPTH|MYE|PBYI|TMO
LOAN,10,10,-1.33,-2.51,-3.44,0.12,-2.4749999999999996,-4.075,1.1449999999999996,1.5650000000000004,5.895000000000001,0.7,ABR|BRSP|BXMT|GPMT|HASI|LADR|RC|SACH|STWD|TRTX,ABR|BRSP|BXMT|GPMT|HASI|LADR|RC|SACH|STWD|TRTX
LOAR,10,10,0.61,5.75,22.36,-2.68,-5.21,-1.1050000000000002,5.82,6.855,25.175,1.0,BA|BE|BWXT|ESLT|GD|HII|HXL|LMT|NOC|TXT,BA|BE|BWXT|ESLT|GD|HII|HXL|LMT|NOC|TXT
LOB,10,9,-7.16,-1.98,8.63,-1.6,-3.9,1.65,-3.2600000000000002,-3.63,-4.0,0.0,ALLY|AXP|BAC|C|COF|DFS|JPM|PYPL|WFC|XYZ,ALLY|AXP|BAC|C|COF|JPM|PYPL|WFC|XYZ
LOBO,10,8,-1.06,-17.08,8.92,-1.32,0.77,-4.955,-1.83,-12.124999999999998,17.325000000000003,0.25,F|GM|HYZN|LCID|LI|NIO|NKLA|RIVN|TSLA|XPEV,F|GM|LCID|LI|NIO|RIVN|TSLA|XPEV
LOCL,10,9,-4.82,-4.82,-43.19,1.4,-0.74,5.46,-4.08,-10.280000000000001,-42.519999999999996,0.1111111111111111,AVX|CAG|CIM|CNTY|FARM|GRWG|HYFM|SMPL|VFF|VLGEA,AVX|CAG|CIM|CNTY|GRWG|HYFM|SMPL|VFF|VLGEA
LOCO,10,10,-1.49,-3.91,7.56,-0.72,-2.115,8.425,0.6250000000000002,-12.335,0.9699999999999998,0.5,CMG|DPZ|DRI|JACK|MCD|PZZA|QSR|RRGB|WEN|YUM,CMG|DPZ|DRI|JACK|MCD|PZZA|QSR|RRGB|WEN|YUM
LODE,10,10,-4.22,-16.58,-12.6,-3.94,10.655000000000001,22.605,-14.875,-39.185,-19.03,0.0,AG|ASM|B|GORO|HL|MUX|NEM|PAAS|SVM|USAU,AG|ASM|B|GORO|HL|MUX|NEM|PAAS|SVM|USAU
LOGI,10,10,-9.05,-8.95,-8.39,-5.31,-3.79,2.29,-5.260000000000001,-11.239999999999998,-14.895,0.4,AAPL|ADBE|CREX|CSCO|DELL|HPQ|IBM|MSFT|SSYS|XRX,AAPL|ADBE|CREX|CSCO|DELL|HPQ|IBM|MSFT|SSYS|XRX
LOMA,10,9,-0.35,-22.34,-12.34,0.5,-2.76,-1.75,2.4099999999999997,-20.59,-13.74,0.7777777777777778,CRH|CX|EXP|FLR|GVA|MAS|MLM|RPM|SUM|VMC,CRH|CX|EXP|FLR|GVA|MAS|MLM|RPM|VMC
LONA,10,8,-0.38,3.7,-18.5,0.13,2.6799999999999997,8.96,-3.0599999999999996,-5.260000000000001,-22.355,0.25,ANVS|AUPH|AVXL|BIIB|INVA|NBIX|PRTA|QURE|SAGE|SAVA,ANVS|AUPH|AVXL|BIIB|INVA|NBIX|PRTA|QURE
LOOP,10,10,18.13,-19.24,-43.39,20.52,2.465,4.875,15.665,-24.115,-33.7,1.0,ALB|APD|AVNT|CC|CE|DOW|EMN|HUN|LYB|WLK,ALB|APD|AVNT|CC|CE|DOW|EMN|HUN|LYB|WLK
LOPE,10,9,0.02,6.3,-8.46,-1.08,-0.99,6.92,1.01,-0.6200000000000001,-11.950000000000001,0.6666666666666666,APEI|ATGE|CHGG|COUR|EDU|LAUR|LRN|STRA|TAL|UTI,APEI|CHGG|COUR|EDU|LAUR|LRN|STRA|TAL|UTI
LOT,10,8,10.47,18.23,-24.46,0.96,0.54,-7.84,9.93,26.07,-4.75,1.0,EVGO|FFAI|GOEV|LCID|LI|NIO|NKLA|RIVN|TSLA|XPEV,EVGO|FFAI|LCID|LI|NIO|RIVN|TSLA|XPEV
LOVE,10,9,-7.22,-3.05,4.63,-3.9,-3.74,-7.93,-3.4799999999999995,4.88,-21.0,0.2222222222222222,BSET|HNI|HVT|LEG|LZB|RH|SGI|SNBR|W|WSM,BSET|HNI|HVT|LEG|LZB|RH|SGI|W|WSM
LOW,9,9,-0.14,6.64,-1.41,-0.9,-2.72,6.08,2.58,0.5599999999999996,-18.330000000000002,0.8888888888888888,BLDR|FAST|FND|HD|HVT|MAS|TILE|TSCO|WSM,BLDR|FAST|FND|HD|HVT|MAS|TILE|TSCO|WSM
LPA,10,10,-0.61,9.33,-0.61,0.31,0.0,-4.21,-0.61,13.54,-2.9349999999999996,0.2,EGP|FR|GEO|LXP|MLP|PDM|PLD|REXR|STAG|TRNO,EGP|FR|GEO|LXP|MLP|PDM|PLD|REXR|STAG|TRNO
LPAA,0,0,0.46,-0.09,0.37,0.28,,,,,,,,
LPBB,0,0,0.0,0.37,1.03,0.0,,,,,,,,
LPCN,8,7,0.97,-6.73,-7.14,1.46,2.98,0.48,-2.01,-7.210000000000001,-3.5599999999999996,0.42857142857142855,ANIP|ARDX|AXSM|CORT|DVAX|ENTA|EOLS|MNKD,ANIP|ARDX|AXSM|CORT|ENTA|EOLS|MNKD
LPG,10,10,9.49,16.25,7.06,0.67,5.025,11.280000000000001,4.465,4.969999999999999,2.96,1.0,ASC|DHT|FRO|GASS|INSW|NAT|SFL|STNG|TK|TNK,ASC|DHT|FRO|GASS|INSW|NAT|SFL|STNG|TK|TNK
LPL,10,10,-0.8,1.61,-23.5,-0.8,-4.48,-2.205,3.6800000000000006,3.8150000000000004,-19.07,0.8,AMAT|ASML|CSCO|GLW|INTC|NEON|OLED|PANL|TSM|TXN,AMAT|ASML|CSCO|GLW|INTC|NEON|OLED|PANL|TSM|TXN
LPLA,10,9,-5.11,8.68,25.35,-0.95,-2.79,1.03,-2.3200000000000003,7.6499999999999995,12.830000000000002,0.0,AMP|BK|GS|MS|NTRS|RJF|SCHW|STT|UBS|WFC,AMP|GS|MS|NTRS|RJF|SCHW|STT|UBS|WFC
LPSN,10,10,-3.44,86.09,35.74,-2.43,-1.42,28.48,-2.02,57.61,18.975,0.2,CRM|DOCU|HUBS|NICE|PEGA|RNG|SPT|TEAM|TWLO|ZM,CRM|DOCU|HUBS|NICE|PEGA|RNG|SPT|TEAM|TWLO|ZM
LPTH,10,9,-3.73,4.13,-7.47,-4.53,-9.56,-7.98,5.83,12.11,16.03,0.6666666666666666,AAOI|COHR|EMKR|FN|IPGP|LITE|LPL|MTSI|SMTC|VIAV,AAOI|COHR|FN|IPGP|LITE|LPL|MTSI|SMTC|VIAV
LPX,10,8,0.13,2.23,5.97,-2.17,-1.615,0.65,1.745,1.58,-1.5100000000000007,1.0,BLUE|EXP|HD|LOW|MAS|MSM|SUM|TREX|VMC|WY,EXP|HD|LOW|MAS|MSM|TREX|VMC|WY
LQDA,10,10,0.58,-16.69,17.4,-3.73,4.279999999999999,13.11,-3.6999999999999993,-29.8,6.629999999999999,0.0,ALNY|ARWR|IONS|MDGL|NBIX|REGN|RGEN|SRPT|VRTX|XNCR,ALNY|ARWR|IONS|MDGL|NBIX|REGN|RGEN|SRPT|VRTX|XNCR
LQDT,9,9,0.35,12.36,25.08,-1.12,-0.33,-3.23,0.6799999999999999,15.59,30.49,0.6666666666666666,AMZN|BABA|EBAY|JD|RBA|RVLV|SHOP|TDUP|W,AMZN|BABA|EBAY|JD|RBA|RVLV|SHOP|TDUP|W
LRCX,10,10,-8.84,-3.78,5.17,0.01,-9.99,-12.2,1.1500000000000004,8.42,-0.9300000000000006,0.6,AMAT|ASML|COHU|ICHR|KLAC|MKSI|ONTO|TER|UCTT|VECO,AMAT|ASML|COHU|ICHR|KLAC|MKSI|ONTO|TER|UCTT|VECO
LRE,10,9,-3.65,-7.82,1.54,-1.12,0.18,-0.76,-3.83,-7.0600000000000005,-0.5800000000000001,0.0,AIV|AVB|CPT|ELS|EQR|ESS|INVH|MAA|SUI|UDR,AIV|AVB|CPT|ELS|ESS|INVH|MAA|SUI|UDR
LRHC,10,10,-9.37,-38.06,-58.09,-2.16,0.24,3.0949999999999998,-9.61,-41.155,-65.16,0.0,CBRE|CIGI|CTO|EXR|FR|HST|JLL|PSA|REAL|WY,CBRE|CIGI|CTO|EXR|FR|HST|JLL|PSA|REAL|WY
LRMR,10,7,-4.92,1.0,15.01,-4.35,2.55,18.43,-7.47,-17.43,-12.270000000000001,0.0,ARWR|BMRN|CRSP|FOLD|ONCT|QURE|RIGL|RPTX|SRPT|VRTX,ARWR|BMRN|CRSP|QURE|RIGL|SRPT|VRTX
LRN,10,9,-1.5,-2.14,-7.46,-2.08,-2.14,-6.17,0.6400000000000001,4.029999999999999,1.0000000000000009,0.5555555555555556,APEI|ATGE|CHGG|COUR|EDU|LOPE|NRDY|STRA|UTI|WW,APEI|CHGG|COUR|EDU|LOPE|NRDY|STRA|UTI|WW
LSAK,10,10,-4.35,0.22,-8.51,-1.28,-3.325,2.5599999999999996,-1.0249999999999995,-2.3399999999999994,-24.674999999999997,0.4,ADP|EEFT|EVTC|FIS|GPN|JKHY|PAYX|PSFE|WU|XYZ,ADP|EEFT|EVTC|FIS|GPN|JKHY|PAYX|PSFE|WU|XYZ
LSBK,10,9,0.0,1.12,9.35,-0.23,-3.65,-0.83,3.65,1.9500000000000002,-0.5400000000000009,1.0,CCNE|CLBK|FBIZ|FFBC|FFWM|FUNC|INDB|NWBI|OCFC|WSFS,CCNE|CLBK|FBIZ|FFBC|FUNC|INDB|NWBI|OCFC|WSFS
LSCC,10,10,-7.59,-13.48,-14.46,0.85,-3.31,-8.88,-4.279999999999999,-4.6,-1.6900000000000013,0.2,ADI|AMD|AVGO|INTC|MCHP|NVDA|ON|QCOM|SWKS|TXN,ADI|AMD|AVGO|INTC|MCHP|NVDA|ON|QCOM|SWKS|TXN
LSE,0,0,1.44,22.84,10.06,-4.88,,,,,,,,
LSF,10,7,-6.12,9.07,16.82,-3.47,4.34,0.4,-10.46,8.67,16.45,0.0,BRBR|BYND|CVGW|FMC|MAPS|OTLY|REAL|SMPL|TAIT|VFF,BRBR|BYND|FMC|OTLY|REAL|SMPL|VFF
LSPD,10,10,-5.12,6.55,16.06,-0.1,-1.8900000000000001,17.2,-3.23,-10.649999999999999,5.889999999999999,0.3,ADBE|CMRC|INTU|NET|PYPL|SHOP|TTD|WIX|XYZ|ZM,ADBE|CMRC|INTU|NET|PYPL|SHOP|TTD|WIX|XYZ|ZM
LSTA,10,9,0.88,-48.18,-64.15,1.79,7.21,13.5,-6.33,-61.68,-85.95,0.1111111111111111,ALLO|BCLI|BEAM|CRSP|EDIT|FATE|GERN|NTLA|RGNX|SRPT,ALLO|BEAM|CRSP|EDIT|FATE|GERN|NTLA|RGNX|SRPT
LSTR,10,10,-2.35,-12.31,-2.72,-0.44,-3.575,-10.23,1.225,-2.08,1.23,0.8,CHRW|EXPD|JBHT|KNX|MRTN|ODFL|SAIA|SNDR|WERN|XPO,CHRW|EXPD|JBHT|KNX|MRTN|ODFL|SAIA|SNDR|WERN|XPO
LTBR,9,9,-12.39,-6.6,-30.42,-5.09,-6.02,-9.05,-6.370000000000001,2.450000000000001,-9.57,0.1111111111111111,BE|BLDP|BWXT|CLNE|CVI|FCEL|FLR|GE|PLUG,BE|BLDP|BWXT|CLNE|CVI|FCEL|FLR|GE|PLUG
LTC,10,8,4.66,-3.44,4.58,1.18,2.71,-5.58,1.9500000000000002,2.14,7.04,1.0,CTRE|DOC|HCP|HR|MPW|NHI|OHI|SBRA|VTR|WELL,CTRE|DOC|HR|NHI|OHI|SBRA|VTR|WELL
LTH,10,9,0.81,6.21,35.12,0.03,1.56,2.31,-0.75,3.9,36.73,0.4444444444444444,CCL|CSV|CWH|FUN|HAS|MCW|MTN|PLNT|RICK|TH,CCL|CSV|CWH|FUN|HAS|MTN|PLNT|RICK|TH
LTM,9,8,-3.05,-0.85,0.9,-1.09,-10.785,-9.004999999999999,7.735,8.155,-2.0100000000000002,1.0,AAL|ALGT|ALK|DAL|JBLU|LUV|SAVE|SKYW|UAL,AAL|ALGT|ALK|DAL|JBLU|LUV|SKYW|UAL
LTRN,9,6,-12.17,-18.66,-27.13,-7.23,0.265,-1.3,-12.435,-17.36,-49.370000000000005,0.0,ARDX|DNLI|EXAI|FATE|IMTX|KRYS|RAPT|RPTX|XERS,ARDX|DNLI|FATE|IMTX|KRYS|XERS
LTRX,10,9,-1.12,9.28,-5.62,0.19,-8.51,-5.56,7.39,14.84,-7.55,1.0,AKAM|BELFB|CSCO|DDOG|EXTR|HPE|JNPR|NTGR|SMCI|ZBRA,AKAM|BELFB|CSCO|DDOG|EXTR|HPE|NTGR|SMCI|ZBRA
LU,10,9,-4.77,4.96,-19.66,-0.83,-2.18,-2.18,-2.5899999999999994,7.140000000000001,-8.32,0.1111111111111111,DADA|FINV|FUTU|HTT|JFIN|LX|TIGR|TME|YMM|YRD,FINV|FUTU|HTT|JFIN|LX|TIGR|TME|YMM|YRD
LUCD,10,9,-0.35,1.75,-3.85,-4.8,6.8,9.88,-7.1499999999999995,-8.13,-30.240000000000002,0.1111111111111111,BNR|CDNA|CSTL|EXAS|FLGT|GH|MYGN|NTRA|QTRX|VCYT,BNR|CDNA|CSTL|FLGT|GH|MYGN|NTRA|QTRX|VCYT
LUCK,0,0,-1.69,-6.09,-22.58,0.52,,,,,,,,
LUCY,10,9,-9.84,-0.15,-29.1,-0.13,-6.59,-3.03,-3.25,2.88,-41.0,0.1111111111111111,BB|BBY|GRMN|KOSS|LOGI|NTGR|SONY|TBCH|UEIC|VSTO,BB|BBY|GRMN|KOSS|LOGI|NTGR|SONY|TBCH|UEIC
LUD,0,0,1.18,5.67,-7.14,-1.38,,,,,,,,
LULU,8,8,-3.42,1.86,-7.76,-3.33,-3.045,-5.54,-0.375,7.4,-2.46,0.5,COLM|LB|NKE|PVH|RL|TSLA|UAA|VFC,COLM|LB|NKE|PVH|RL|TSLA|UAA|VFC
LUMN,10,6,-7.27,-11.42,-36.25,-3.19,-0.05499999999999999,10.495000000000001,-7.215,-21.915,-38.905,0.16666666666666666,ATUS|CHTR|CMCSA|CNSL|GOGO|SBGI|T|VZ|VZIO|WOW,CHTR|CMCSA|GOGO|SBGI|T|VZ
LUNG,10,9,10.19,96.7,54.55,3.03,-1.24,13.62,11.43,83.08,44.379999999999995,1.0,ALGN|BSX|DHR|EW|HOLX|ISRG|MDT|SYK|XRAY|ZBH,ALGN|BSX|DHR|EW|ISRG|MDT|SYK|XRAY|ZBH
LUNR,10,10,-0.88,23.53,-48.31,-6.07,-3.25,7.57,2.37,15.96,-49.545,0.8,BA|BKSY|GNSS|HWM|LMT|NOC|RKLB|RTX|SPCE|VSAT,BA|BKSY|GNSS|HWM|LMT|NOC|RKLB|RTX|SPCE|VSAT
LUV,8,7,-9.85,-15.13,1.89,-2.34,-10.94,-9.0,1.0899999999999999,-6.130000000000001,-2.04,0.8571428571428571,AAL|ALGT|ALK|DAL|JBLU|SAVE|SKYW|UAL,AAL|ALGT|ALK|DAL|JBLU|SKYW|UAL
LUXE,10,10,1.78,-4.4,5.1,-1.72,0.69,7.42,1.09,-11.82,-24.104999999999997,0.6,BABA|ETSY|JD|LYFT|MELI|REAL|RVLV|SE|SHOP|W,BABA|ETSY|JD|LYFT|MELI|REAL|RVLV|SE|SHOP|W
LVLU,9,8,-2.27,-19.81,52.83,-3.02,-5.24,-3.035,2.97,-16.775,49.93,0.875,ANF|BKE|JWN|KSS|LB|PLCE|ROST|TJX|URBN,ANF|BKE|KSS|LB|PLCE|ROST|TJX|URBN
LVO,10,9,-12.69,-27.91,-40.46,-0.97,2.02,9.86,-14.709999999999999,-37.769999999999996,-45.05,0.0,AAPL|AMZN|CMLS|DIS|IHRT|MSFT|NFLX|ROKU|SIRI|SPOT,AAPL|AMZN|DIS|IHRT|MSFT|NFLX|ROKU|SIRI|SPOT
LVS,10,9,-0.4,0.74,-8.13,-2.13,-3.1,-6.11,2.7,6.8500000000000005,-9.930000000000001,0.7777777777777778,AGS|BALY|BYD|CHDN|CZR|FLL|MGM|MLCO|PENN|WYNN,BALY|BYD|CHDN|CZR|FLL|MGM|MLCO|PENN|WYNN
LVWR,10,9,-11.2,22.11,-18.98,-2.63,-1.51,-0.69,-9.69,22.8,-23.9,0.0,DOO|FOXF|HOG|LCII|MCFT|PII|THO|TWI|VSTO|YETI,DOO|FOXF|HOG|LCII|MCFT|PII|THO|TWI|YETI
LW,10,9,-0.51,11.47,27.51,-0.66,1.75,5.13,-2.26,6.340000000000001,10.670000000000002,0.2222222222222222,CPB|GIS|HRL|K|KHC|MDLZ|MKC|POST|SJM|TSN,CPB|GIS|HRL|KHC|MDLZ|MKC|POST|SJM|TSN
LWAC,0,0,-0.1,1.07,1.47,0.19,,,,,,,,
LWAY,10,8,3.83,-15.39,0.45,2.42,0.76,0.825,3.0700000000000003,-16.215,-13.73,1.0,COCO|GIS|HNST|K|KDP|KR|POST|PRMW|SJM|WW,COCO|GIS|HNST|KDP|KR|POST|SJM|WW
LWLG,9,9,-18.41,-12.15,-49.12,-4.68,-8.88,-11.1,-9.53,-1.0500000000000007,-47.739999999999995,0.1111111111111111,AMAT|AMKR|ASML|CIEN|FN|KLAC|LITE|MKSI|TSM,AMAT|AMKR|ASML|CIEN|FN|KLAC|LITE|MKSI|TSM
LX,10,10,-7.57,-10.69,-32.56,-2.81,-2.935,-0.5750000000000001,-4.635,-10.115,-23.740000000000002,0.2,FINV|HTT|JFIN|LEGH|LXEH|QFIN|SOS|UPLD|XYF|YRD,FINV|HTT|JFIN|LEGH|LXEH|QFIN|SOS|UPLD|XYF|YRD
LXEH,10,9,-6.78,13.79,13.01,1.85,-0.3,9.87,-6.48,3.92,16.49,0.2222222222222222,ATAI|BEDU|COE|DAO|EDU|FEDU|GOTU|STG|TAL|YQ,ATAI|COE|DAO|EDU|FEDU|GOTU|STG|TAL|YQ
LXEO,10,7,2.32,4.21,-0.88,-5.49,7.23,14.93,-4.91,-10.719999999999999,-11.9,0.2857142857142857,ADVM|BEAM|BLUE|CRSP|EDIT|NTLA|QURE|RARE|SGMO|SRPT,BEAM|CRSP|EDIT|NTLA|QURE|RARE|SRPT
LXFR,10,9,0.23,1.72,7.61,0.06,-8.53,-0.08,8.76,1.8,1.08,0.8888888888888888,AA|ATI|CMC|CRS|KALU|MT|NUE|RS|STLD|X,AA|ATI|CMC|CRS|KALU|MT|NUE|RS|STLD
LXP,10,9,0.28,-0.38,16.66,0.14,-0.51,-6.31,0.79,5.93,15.52,0.6666666666666666,ARE|COLD|EGP|FR|ILPT|PLD|PLYM|REXR|STAG|TRNO,ARE|COLD|EGP|FR|ILPT|PLD|REXR|STAG|TRNO
LXRX,10,10,-1.07,2.89,4.75,-3.94,4.225,12.754999999999999,-5.295,-9.864999999999998,-17.37,0.0,ALLO|ALNY|BIIB|BMRN|INCY|IONS|KNSA|NBIX|REGN|VRTX,ALLO|ALNY|BIIB|BMRN|INCY|IONS|KNSA|NBIX|REGN|VRTX
LXU,10,10,9.01,-9.13,-19.41,3.65,-0.615,1.17,9.625,-10.3,-13.2,0.9,ALB|CE|DD|DOW|EMN|HUN|LYB|OLN|PPG|RPM,ALB|CE|DD|DOW|EMN|HUN|LYB|OLN|PPG|RPM
LYB,10,10,10.32,10.46,-3.45,4.22,2.03,1.32,8.290000000000001,9.14,6.240000000000001,1.0,ALB|ASH|CE|CF|DOW|EMN|FMC|HUN|PPG|WLK,ALB|ASH|CE|CF|DOW|EMN|FMC|HUN|PPG|WLK
LYEL,10,8,11.46,19.28,-11.06,-2.82,3.035,9.535,8.425,9.745000000000001,-33.275,0.875,ADPT|AFMD|ALLO|FATE|IGMS|KURA|NKTR|TGTX|XBIT|ZLAB,ADPT|ALLO|FATE|KURA|NKTR|TGTX|XBIT|ZLAB
LYFT,10,10,0.76,17.74,29.29,-0.92,1.055,1.6400000000000001,-0.29499999999999993,16.099999999999998,23.525,0.4,AAPL|AMZN|DASH|F|GM|HOG|NIO|RACE|TSLA|UBER,AAPL|AMZN|DASH|F|GM|HOG|NIO|RACE|TSLA|UBER
LYG,10,10,-4.52,-3.43,9.02,-0.42,-3.9,-2.575,-0.6199999999999997,-0.855,-2.504999999999999,0.3,BAC|C|CFG|GS|JPM|MS|PNC|TFC|USB|WFC,BAC|C|CFG|GS|JPM|MS|PNC|TFC|USB|WFC
LYTS,10,10,-14.03,-10.35,-6.13,-11.24,-5.855,0.93,-8.174999999999999,-11.28,-13.475000000000001,0.0,AOS|AYI|ETN|GE|HUBB|IESC|IR|ROG|ROK|TEL,AOS|AYI|ETN|GE|HUBB|IESC|IR|ROG|ROK|TEL
LYV,6,6,-0.82,3.72,12.22,0.19,2.1399999999999997,9.055,-2.9599999999999995,-5.334999999999999,1.870000000000001,0.0,CMCSA|NWSA|ROKU|SIRI|SPOT|WMG,CMCSA|NWSA|ROKU|SIRI|SPOT|WMG
LZ,10,10,1.29,-17.02,-8.63,0.31,0.315,20.155,0.9750000000000001,-37.175,-23.285000000000004,0.6,ADBE|BOX|CRM|CYTK|DOCU|GOOG|HUBS|INTU|MSFT|PYPL,ADBE|BOX|CRM|CYTK|DOCU|GOOG|HUBS|INTU|MSFT|PYPL
LZB,10,8,-18.5,-13.48,-4.35,0.31,-2.76,-1.315,-15.74,-12.165000000000001,-24.53,0.0,BSET|HOFT|HVT|LCUT|LEG|RH|SCS|SGI|SNBR|WSM,BSET|HOFT|HVT|LCUT|LEG|RH|SGI|WSM
LZM,10,10,2.51,17.73,-14.8,-4.07,3.895,10.555,-1.3850000000000002,7.175000000000001,-24.27,0.2,AA|BHP|CLF|FCX|HL|NEM|RIO|SCCO|TECK|VALE,AA|BHP|CLF|FCX|HL|NEM|RIO|SCCO|TECK|VALE
LZMH,0,0,-9.07,-17.27,-12.95,-1.76,,,,,,,,
M,9,7,-4.72,-6.64,13.57,-2.93,-5.07,-7.14,0.35000000000000053,0.5,7.6000000000000005,0.7142857142857143,AEO|ANF|BURL|DDS|FL|JWN|KSS|TJX|URBN,AEO|ANF|BURL|DDS|KSS|TJX|URBN
MA,10,9,2.07,8.79,16.21,0.91,-2.83,3.07,4.9,5.719999999999999,8.43,1.0,AXP|COF|COST|DFS|FDX|FIS|PYPL|SYF|V|XYZ,AXP|COF|COST|FDX|FIS|PYPL|SYF|V|XYZ
MAA,10,9,-0.87,1.11,2.12,1.18,-0.38,-0.9,-0.49,2.0100000000000002,2.0900000000000003,0.4444444444444444,AIV|AVB|CPT|CSR|CWH|EQR|ESS|INVH|IRT|UDR,AIV|AVB|CPT|CSR|CWH|ESS|INVH|IRT|UDR
MAAS,10,10,-0.19,-4.55,54.56,-1.13,-0.34,9.5,0.15000000000000002,-14.05,56.995000000000005,0.5,AAPL|ADBE|AMZN|CRM|GOOGL|MSFT|NFLX|NVDA|ORCL|TSLA,AAPL|ADBE|AMZN|CRM|GOOGL|MSFT|NFLX|NVDA|ORCL|TSLA
MAC,10,10,-0.27,-3.06,9.6,-1.3,-0.615,-6.775,0.345,3.7150000000000003,9.075,0.6,BRX|CBL|FRT|KIM|KRG|NNN|REG|SPG|SRG|UE,BRX|CBL|FRT|KIM|KRG|NNN|REG|SPG|SRG|UE
MACI,0,0,0.46,0.73,1.2,0.27,,,,,,,,
MAGN,0,0,-1.71,-12.05,14.46,-0.62,,,,,,,,
MAIA,10,7,2.61,5.77,6.59,-1.08,-0.03,11.77,2.6399999999999997,-6.0,-8.05,0.7142857142857143,ADMA|AFMD|AVXL|BCLI|FATE|IONS|ONCT|PDSB|PTGX|VSTM,ADMA|AVXL|FATE|IONS|PDSB|PTGX|VSTM
MAIN,10,10,-1.52,8.74,14.55,0.27,-2.2750000000000004,7.485,0.7550000000000003,1.255,11.040000000000001,0.7,ARCC|CGBD|GAIN|GSBD|HTGC|NMFC|PSEC|SLRC|TCPC|TSLX,ARCC|CGBD|GAIN|GSBD|HTGC|NMFC|PSEC|SLRC|TCPC|TSLX
MAMA,10,8,-4.97,-6.24,4.57,-2.01,2.38,-0.3599999999999999,-7.35,-5.880000000000001,3.1450000000000005,0.0,BYND|CAG|FARM|HRL|KR|PPC|SYY|THS|TSN|UNFI,BYND|CAG|HRL|KR|PPC|SYY|TSN|UNFI
MAMO,10,9,0.86,2.46,4.67,0.0,-0.6,14.25,1.46,-11.79,-5.5,0.5555555555555556,ABT|BDX|BSX|EW|HOLX|ISRG|MDT|SYK|TFX|ZBH,ABT|BDX|BSX|EW|ISRG|MDT|SYK|TFX|ZBH
MAN,10,8,2.73,17.5,118.82,2.05,0.41000000000000003,8.530000000000001,2.32,8.969999999999999,73.01499999999999,0.875,ADP|ASGN|DLHC|HSII|KELYA|KFY|NSP|PAYX|RHI|TBI,ADP|DLHC|KELYA|KFY|NSP|PAYX|RHI|TBI
MANH,10,10,5.02,41.51,53.92,2.43,1.125,30.299999999999997,3.8949999999999996,11.21,39.265,1.0,ACN|ADBE|CRM|INTU|MSFT|NOW|ORCL|PAYC|SAP|WDAY,ACN|ADBE|CRM|INTU|MSFT|NOW|ORCL|PAYC|SAP|WDAY
MANU,10,9,2.17,6.84,22.06,-0.44,0.17,7.12,2.0,-0.28000000000000025,14.11,0.6666666666666666,CHDN|DIS|DKNG|EA|FWONK|HAS|LYV|MAT|MTN|ROKU,CHDN|DIS|DKNG|FWONK|HAS|LYV|MAT|MTN|ROKU
MAR,10,10,1.48,-3.26,-3.25,-0.66,2.86,-1.0050000000000001,-1.38,-2.255,-8.875,0.3,APLE|CHH|DRH|H|HLT|HST|IHG|PK|SHO|WH,APLE|CHH|DRH|H|HLT|HST|IHG|PK|SHO|WH
MARA,10,9,14.93,-14.71,-19.51,9.74,4.79,-12.03,10.14,-2.6800000000000015,-4.550000000000001,0.7777777777777778,BITF|BTBT|CIFR|CLSK|COIN|HIVE|HUT|MSTR|RIOT|SOS,BTBT|CIFR|CLSK|COIN|HIVE|HUT|MSTR|RIOT|SOS
MARPS,10,8,0.42,-5.36,-3.83,0.0,3.0300000000000002,7.58,-2.6100000000000003,-12.940000000000001,-2.255,0.375,BPT|CRT|DMLP|KRP|MTR|MVO|OR|PBT|SBR|SJT,CRT|DMLP|KRP|MTR|OR|PBT|SBR|SJT
MAS,10,9,-1.06,-5.41,10.66,-1.93,-2.54,-0.07,1.48,-5.34,1.2400000000000002,0.7777777777777778,DHI|KBH|LEN|LGIH|MTH|NVR|PHM|TMHC|TOL|WHD,DHI|KBH|LEN|LGIH|MTH|NVR|PHM|TOL|WHD
MASK,0,0,-2.61,-1.32,-20.32,-6.88,,,,,,,,
MASS,9,9,4.45,45.86,51.29,3.13,1.35,11.83,3.1,34.03,20.3,0.6666666666666666,A|BIO|BRKR|CAMT|DHR|IART|MTD|TECH|WAT,A|BIO|BRKR|CAMT|DHR|IART|MTD|TECH|WAT
MAT,10,9,-2.12,1.15,-2.18,0.24,-3.03,3.1,0.9099999999999997,-1.9500000000000002,-8.02,0.6666666666666666,EA|FNKO|GME|HAS|JAKK|LFVN|NCTY|NWL|TTWO|XELB,FNKO|GME|HAS|JAKK|LFVN|NCTY|NWL|TTWO|XELB
MATH,10,8,-8.32,-13.07,-14.33,0.0,4.779999999999999,-8.875,-13.1,-4.195,2.9049999999999994,0.0,ANY|ARBK|BITF|BTBT|CAN|CLSK|HUT|MARA|RIOT|SDIG,ANY|ARBK|BTBT|CAN|CLSK|HUT|MARA|RIOT
MATV,10,8,-1.49,46.49,39.14,-1.98,-2.185,6.335,0.6950000000000001,40.155,21.575000000000003,0.5,AVY|BDC|BERY|GPK|IP|OI|PKG|SEE|SLGN|SON,AVY|BDC|GPK|IP|OI|PKG|SLGN|SON
MATW,10,9,-6.85,-22.2,-20.48,-1.84,-2.09,3.41,-4.76,-25.61,-27.87,0.2222222222222222,ACCO|CNDT|CSV|DRD|DSS|HASI|HI|INTC|LECO|SCI,ACCO|CNDT|CSV|DRD|DSS|HASI|INTC|LECO|SCI
MATX,10,10,2.73,1.71,16.42,0.61,-3.035,-9.41,5.765000000000001,11.120000000000001,12.390000000000002,1.0,CHRW|EXPD|FDX|JBHT|LSTR|R|SAIA|SNDR|UPS|XPO,CHRW|EXPD|FDX|JBHT|LSTR|R|SAIA|SNDR|UPS|XPO
MAX,10,10,0.61,0.23,59.7,-1.03,-3.5500000000000003,1.8299999999999998,4.16,-1.5999999999999999,55.135000000000005,1.0,APPS|BV|CMCM|CRTO|FLNT|MGNI|PERI|PUBM|RAMP|TTD,APPS|BV|CMCM|CRTO|FLNT|MGNI|PERI|PUBM|RAMP|TTD
MAYS,10,10,0.42,6.18,-0.61,-0.49,-0.445,-4.285,0.865,10.465,-2.65,0.9,AMC|CBL|FRT|GME|KIM|MAC|O|REG|SPG|UE,AMC|CBL|FRT|GME|KIM|MAC|O|REG|SPG|UE
MAZE,0,0,4.43,1.4,15.42,-2.89,,,,,,,,
MB,0,0,-14.37,30.4,-18.18,1.87,,,,,,,,
MBAI,8,7,-8.95,13.72,-37.24,-3.13,3.75,8.57,-12.7,5.15,-59.790000000000006,0.0,BNGO|CDNA|EXAS|FLGT|GH|MYGN|NTRA|OCGN,BNGO|CDNA|FLGT|GH|MYGN|NTRA|OCGN
MBBC,0,0,0.99,3.53,10.84,2.63,,,,,,,,
MBC,9,7,-1.29,9.17,28.79,-2.13,-3.74,-7.93,2.45,17.1,30.49,0.8571428571428571,AOS|BSET|HNI|LEG|LZB|SCS|SGI|SNBR|WHR,AOS|BSET|HNI|LEG|LZB|SGI|WHR
MBI,10,10,-7.3,-20.72,-20.32,-1.14,-0.78,-0.465,-6.52,-20.255,-24.405,0.0,ACGL|AGO|AIG|ESNT|GNW|KG|MTG|NMIH|ORI|RDN,ACGL|AGO|AIG|ESNT|GNW|KG|MTG|NMIH|ORI|RDN
MBIN,10,9,-4.59,9.73,14.73,-1.29,-4.37,-0.56,-0.21999999999999975,10.290000000000001,5.370000000000001,0.4444444444444444,ASB|CAC|FMBH|FNB|FULT|HBAN|ONB|OPOF|SST|WSBC,ASB|CAC|FMBH|FNB|FULT|HBAN|ONB|SST|WSBC
MBIO,10,7,-3.89,-3.4,-6.91,-0.54,9.53,20.36,-13.42,-23.759999999999998,-29.79,0.0,ADAP|BLUE|CLLS|CRSP|EDIT|FATE|IOVA|NTLA|PGEN|SGMO,CLLS|CRSP|EDIT|FATE|IOVA|NTLA|PGEN
MBLY,10,10,-0.45,0.91,-9.31,-2.64,-2.85,-7.425,2.4,8.334999999999999,3.33,0.8,AAPL|AMD|AVGO|GOOGL|INTC|MSFT|NVDA|QCOM|TSLA|TXN,AAPL|AMD|AVGO|GOOGL|INTC|MSFT|NVDA|QCOM|TSLA|TXN
MBOT,10,10,-11.24,-15.76,-14.3,-3.8,1.5950000000000002,14.27,-12.835,-30.03,-33.165000000000006,0.0,ABT|BDX|EW|GMED|ISRG|MDT|SYK|TMO|WAT|ZBH,ABT|BDX|EW|GMED|ISRG|MDT|SYK|TMO|WAT|ZBH
MBRX,10,7,6.77,-70.95,-73.93,6.64,-2.8,-2.56,9.57,-68.39,-80.43,0.7142857142857143,ADAP|AFMD|AVIR|BYSI|FATE|HOOK|IMMP|KPTI|TGTX|XFOR,AVIR|BYSI|FATE|IMMP|KPTI|TGTX|XFOR
MBUU,10,9,-0.26,2.41,11.82,-1.91,-1.13,2.11,0.8699999999999999,0.30000000000000027,2.790000000000001,0.6666666666666666,BC|CWH|HAS|HUM|HZO|LFVN|MCFT|MPX|OSW|YETI,BC|CWH|HAS|HUM|HZO|LFVN|MCFT|OSW|YETI
MBVI,0,0,0.0,0.39,0.69,-0.2,,,,,,,,
MBWM,10,9,-3.59,2.41,13.81,-0.63,-4.14,3.15,0.5499999999999998,-0.7399999999999998,0.41000000000000014,1.0,CAC|CCNE|CUBI|FMBH|FULT|HBNC|HTBK|MPB|MSBI|TMP,CAC|CCNE|CUBI|FMBH|FULT|HBNC|MPB|MSBI|TMP
MBX,0,0,-1.0,13.91,111.29,-2.84,,,,,,,,
MC,10,10,-4.39,2.17,4.77,-1.85,-3.475,1.32,-0.9149999999999996,0.8499999999999999,-3.745000000000001,0.3,BAC|C|EVR|GS|LAZ|MS|OPY|PJT|RJF|SF,BAC|C|EVR|GS|LAZ|MS|OPY|PJT|RJF|SF
MCB,10,9,-3.68,0.82,0.08,-0.53,-3.9,-2.27,0.21999999999999975,3.09,-11.61,0.5555555555555556,BAC|BK|C|GS|JPM|MS|PNC|TFC|USB|WFC,BAC|C|GS|JPM|MS|PNC|TFC|USB|WFC
MCBS,10,9,-3.22,-2.14,7.85,-0.48,-2.65,-1.25,-0.5700000000000003,-0.8900000000000001,-2.91,0.4444444444444444,BANF|BYFC|FFIC|HNNA|INBK|LOAN|MBWM|PEBO|SFST|UNB,BANF|BYFC|HNNA|INBK|LOAN|MBWM|PEBO|SFST|UNB
MCD,9,9,-0.81,2.46,-3.64,0.97,-1.19,13.88,0.3799999999999999,-11.420000000000002,-15.59,0.5555555555555556,CMG|DRI|EAT|JACK|QSR|SBUX|SHAK|WEN|YUM,CMG|DRI|EAT|JACK|QSR|SBUX|SHAK|WEN|YUM
MCFT,10,9,2.05,2.11,9.03,-0.25,-3.21,-1.71,5.26,3.82,5.409999999999999,1.0,BC|HZO|KNX|LAD|LMB|MPX|OSW|PII|SWIM|YETI,BC|HZO|KNX|LAD|LMB|OSW|PII|SWIM|YETI
MCGA,0,0,0.29,0.83,0.88,0.1,,,,,,,,
MCHB,10,10,-4.74,2.51,10.12,-2.34,-4.395,-2.575,-0.34500000000000064,5.085,-1.6500000000000004,0.4,BAC|C|CFG|FITB|JPM|KEY|PNC|TFC|USB|WFC,BAC|C|CFG|FITB|JPM|KEY|PNC|TFC|USB|WFC
MCHP,10,10,-1.26,-9.77,-18.41,-0.49,-3.575,-8.88,2.3150000000000004,-0.8899999999999988,-5.640000000000001,0.7,ADI|AMD|AVGO|INTC|MRVL|NVDA|NXPI|ON|QCOM|TXN,ADI|AMD|AVGO|INTC|MRVL|NVDA|NXPI|ON|QCOM|TXN
MCHX,9,9,-2.2,0.56,5.95,0.56,-3.0,19.06,0.7999999999999998,-18.5,-4.749999999999999,0.5555555555555556,APPS|DOCU|EGHT|FUBO|MGNI|PERI|RAMP|TTD|YEXT,APPS|DOCU|EGHT|FUBO|MGNI|PERI|RAMP|TTD|YEXT
MCK,8,7,-0.66,4.54,12.76,-0.32,0.54,5.41,-1.2000000000000002,-0.8700000000000001,10.15,0.2857142857142857,CAH|CI|COR|CVS|HCA|OHI|UHS|WBA,CAH|CI|COR|CVS|HCA|OHI|UHS
MCO,10,10,2.76,2.49,12.97,1.0,1.9849999999999999,9.015,0.7749999999999999,-6.525,2.380000000000001,0.6,BR|CME|FDS|ICE|MA|MORN|MSCI|NDAQ|SPGI|V,BR|CME|FDS|ICE|MA|MORN|MSCI|NDAQ|SPGI|V
MCRB,10,8,-0.15,-15.28,-41.6,-4.42,4.755000000000001,16.055,-4.905000000000001,-31.335,-63.94,0.125,ADPT|BLUE|BPMC|CLRB|CRSP|EDIT|FATE|NTLA|SANA|XBIO,ADPT|CLRB|CRSP|EDIT|FATE|NTLA|SANA|XBIO
MCRI,10,9,1.17,5.04,6.95,-0.47,-3.07,-5.72,4.24,10.76,-0.5300000000000002,0.8888888888888888,BALY|BYD|CHDN|CZR|GDEN|LVS|MGM|PENN|RRR|WYNN,BALY|BYD|CHDN|CZR|LVS|MGM|PENN|RRR|WYNN
MCRP,0,0,5.6,1.24,-54.12,-5.04,,,,,,,,
MCS,10,10,0.98,28.04,67.5,0.28,-0.075,4.08,1.055,23.96,52.894999999999996,0.6,AMC|CNK|DIS|FUN|IMAX|LYV|MGM|MTN|NCMI|RGC,AMC|CNK|DIS|FUN|IMAX|LYV|MGM|MTN|NCMI|RGC
MCY,10,10,-1.1,1.0,0.81,-0.52,-0.585,-2.1350000000000002,-0.5150000000000001,3.1350000000000002,-1.73,0.3,AIG|ALL|CB|CINF|HIG|KMPR|L|PGR|TRV|WRB,AIG|ALL|CB|CINF|HIG|KMPR|L|PGR|TRV|WRB
MD,10,9,0.42,2.52,17.85,0.99,-1.01,8.12,1.43,-5.6,12.170000000000002,0.6666666666666666,ACHC|ADUS|BKD|CYH|EHC|ENSG|HCA|SEM|THC|UHS,ACHC|ADUS|BKD|CYH|EHC|ENSG|HCA|THC|UHS
MDAI,10,7,-8.67,-5.39,-34.98,-2.47,6.57,7.02,-15.24,-12.41,-15.929999999999996,0.0,APYX|AXDX|BMRA|DERM|FAT|HYPD|KALA|PAVM|VERO|XGN,APYX|BMRA|DERM|HYPD|KALA|PAVM|XGN
MDB,10,10,-10.61,38.44,28.27,-4.09,-1.7850000000000001,17.335,-8.825,21.104999999999997,13.614999999999998,0.1,AMZN|CRM|GOOGL|HPE|IBM|MSFT|NOW|ORCL|SAP|SNOW,AMZN|CRM|GOOGL|HPE|IBM|MSFT|NOW|ORCL|SAP|SNOW
MDBH,10,9,1.32,-2.24,-20.52,0.0,-3.43,-0.61,4.75,-1.6300000000000003,-35.09,1.0,BAC|BK|C|GS|JPM|MS|SCHW|STT|USB|WFC,BAC|C|GS|JPM|MS|SCHW|STT|USB|WFC
MDCX,0,0,-23.67,-27.85,-6.83,2.16,,,,,,,,
MDGL,10,9,4.38,-1.5,3.14,-2.0,1.25,2.89,3.13,-4.390000000000001,-1.6099999999999999,0.8888888888888888,AKRO|ENTA|GILD|LXRX|NBIX|NBP|RDHL|SLDB|TSHA|VKTX,ENTA|GILD|LXRX|NBIX|NBP|RDHL|SLDB|TSHA|VKTX
MDIA,10,8,1.93,-5.58,2.37,3.67,-1.24,2.165,3.17,-7.745,-3.495,0.875,CMLS|GTN|IHRT|NXST|ROKU|SBGI|SIRI|SONO|SPB|TGNA,GTN|IHRT|NXST|ROKU|SBGI|SIRI|SONO|SPB
MDLN,0,0,-6.87,-10.88,-8.59,-2.33,,,,,,,,
MDLZ,10,9,1.75,6.21,4.53,0.72,0.61,6.6,1.1400000000000001,-0.3899999999999997,-12.309999999999999,0.5555555555555556,CAG|CPB|GIS|HRL|HSY|K|KHC|MKC|MZTI|POST,CAG|CPB|GIS|HRL|HSY|KHC|MKC|MZTI|POST
MDRR,10,9,5.61,3.6,7.56,6.14,0.13,-1.47,5.48,5.07,5.35,1.0,BXP|EPR|FPI|GNL|NNN|O|PGRE|SLG|VNO|WPC,BXP|EPR|FPI|GNL|NNN|O|SLG|VNO|WPC
MDT,10,10,3.29,14.25,19.72,-0.62,-1.725,13.954999999999998,5.015000000000001,0.2950000000000017,12.04,0.8,ABT|ALGN|BAX|BDX|BSX|EW|ISRG|SNN|SYK|ZBH,ABT|ALGN|BAX|BDX|BSX|EW|ISRG|SNN|SYK|ZBH
MDU,10,10,1.57,-2.37,-6.32,0.53,0.295,-4.359999999999999,1.2750000000000001,1.9899999999999993,-4.540000000000001,1.0,AEP|CMS|DTE|ES|ETR|NI|NRG|PPL|WEC|XEL,AEP|CMS|DTE|ES|ETR|NI|NRG|PPL|WEC|XEL
MDV,10,9,,-1.2,-0.5,0.0,-0.51,-6.31,,5.109999999999999,-1.64,,EGP|FR|GEO|IIPR|LXP|PLD|PLYM|REXR|STAG|TRNO,EGP|FR|GEO|IIPR|LXP|PLD|REXR|STAG|TRNO
MDWD,10,8,-3.33,-9.29,-22.56,-3.75,3.315,0.735,-6.645,-10.024999999999999,-30.775,0.25,ABEO|AVIR|CLGN|DERM|LRMR|MRNS|OCGN|UBX|VRCA|XCUR,ABEO|AVIR|CLGN|DERM|LRMR|OCGN|VRCA|XCUR
MDXG,10,9,2.98,3.72,14.12,-2.81,4.4,16.29,-1.4200000000000004,-12.569999999999999,-13.160000000000002,0.3333333333333333,APYX|AXGN|BIO|CNMD|CYRX|HAE|PODD|RGEN|SAGE|VRTX,APYX|AXGN|BIO|CNMD|CYRX|HAE|PODD|RGEN|VRTX
MDXH,10,9,60.22,69.42,-15.89,-2.49,6.74,12.96,53.48,56.46,-45.17,1.0,AZN|BIO|CRSP|EXAS|FLGT|GH|ILMN|NTRA|QGEN|VCYT,AZN|BIO|CRSP|FLGT|GH|ILMN|NTRA|QGEN|VCYT
MEC,10,10,-6.15,-27.04,-8.3,-2.78,-5.77,-0.41500000000000004,-0.3800000000000008,-26.625,-21.330000000000002,0.5,ASTE|ATRO|B|CMCO|CR|HURC|MTRN|NPO|VPG|WLDN,ASTE|ATRO|B|CMCO|CR|HURC|MTRN|NPO|VPG|WLDN
MED,10,9,0.85,18.62,-8.12,-0.02,-2.69,-6.17,3.54,24.79,-8.569999999999999,0.7777777777777778,BRBR|FARM|HAIN|HLF|INGR|LWAY|MZTI|POST|USNA|WW,BRBR|HAIN|HLF|INGR|LWAY|MZTI|POST|USNA|WW
MEDP,10,9,7.2,18.13,47.88,2.52,4.99,13.5,2.21,4.629999999999999,16.890000000000004,0.7777777777777778,ALLO|CRL|CTLT|FATE|ICON|INCY|IQV|KOD|LH|ONC,ALLO|CRL|FATE|ICON|INCY|IQV|KOD|LH|ONC
MEGL,10,10,-6.1,0.64,2.21,-2.94,-2.3600000000000003,1.685,-3.7399999999999993,-1.045,-5.9750000000000005,0.0,BAC|C|CME|GS|ICE|JPM|MS|NDAQ|SCHW|WFC,BAC|C|CME|GS|ICE|JPM|MS|NDAQ|SCHW|WFC
MEI,10,10,-14.08,-12.57,32.4,1.09,-5.9,-2.25,-8.18,-10.32,38.98,0.2,A|ADI|APH|AVT|GLW|JBL|MCHP|NXPI|TEL|TTMI,A|ADI|APH|AVT|GLW|JBL|MCHP|NXPI|TEL|TTMI
MELI,10,10,4.03,5.71,15.18,-0.37,-0.66,4.77,4.69,0.9400000000000004,18.65,0.8,AMZN|BABA|CPNG|EBAY|ETSY|JD|PDD|SE|SHOP|WMT,AMZN|BABA|CPNG|EBAY|ETSY|JD|PDD|SE|SHOP|WMT
MENS,0,0,1.36,-20.91,-3.78,0.38,,,,,,,,
MEOH,10,10,10.09,5.72,-1.42,5.46,0.015,4.2700000000000005,10.075,1.4499999999999993,4.790000000000001,0.9,ASH|CE|DOW|EMN|HUN|IFF|LYB|OLN|PPG|WLK,ASH|CE|DOW|EMN|HUN|IFF|LYB|OLN|PPG|WLK
MERC,10,10,-11.75,-34.47,-55.54,-2.73,-2.185,4.1899999999999995,-9.565,-38.66,-74.89,0.0,CR|GPK|IP|MATW|MYE|OC|PKG|RYN|SLGN|SON,CR|GPK|IP|MATW|MYE|OC|PKG|RYN|SLGN|SON
MESO,10,8,7.46,8.71,22.04,3.44,2.16,-4.83,5.3,13.540000000000001,33.71,1.0,ALNY|BLUE|BMRN|CYTK|FATE|IONS|KPTI|SGMO|SRPT|TVRD,ALNY|BMRN|CYTK|FATE|IONS|KPTI|SRPT|TVRD
MET,9,9,-3.01,1.36,14.57,-0.6,-3.48,-0.53,0.4700000000000002,1.8900000000000001,3.41,0.7777777777777778,AFL|AIG|CNO|GL|LNC|PFG|PRU|UNM|VOYA,AFL|AIG|CNO|GL|LNC|PFG|PRU|UNM|VOYA
META,10,10,-8.63,-13.32,-10.15,-0.4,-1.0050000000000001,8.219999999999999,-7.625000000000001,-21.54,-11.68,0.0,AAPL|AMZN|GOOGL|MSFT|NFLX|PINS|RBLX|ROKU|SNAP|SPOT,AAPL|AMZN|GOOGL|MSFT|NFLX|PINS|RBLX|ROKU|SNAP|SPOT
METC,10,9,5.79,-10.45,-15.61,-7.55,2.32,8.68,3.47,-19.13,-28.56,0.5555555555555556,AMR|ARCH|ARLP|BTU|CNR|CRS|HCC|NRP|SXC|TKO,AMR|ARLP|BTU|CNR|CRS|HCC|NRP|SXC|TKO
MFA,10,10,-3.75,-4.57,-6.78,-2.58,-0.024999999999999998,1.28,-3.725,-5.8500000000000005,-8.23,0.0,ADAM|AGNC|ARR|CHMI|DX|EFC|IVR|NLY|ORC|TWO,ADAM|AGNC|ARR|CHMI|DX|EFC|IVR|NLY|ORC|TWO
MFC,10,10,-3.6,-1.63,9.41,-2.49,-3.475,-0.25,-0.125,-1.38,-0.75,0.3,AFL|AIG|BHF|CNO|LNC|MET|PFG|PRU|UNM|VOYA,AFL|AIG|BHF|CNO|LNC|MET|PFG|PRU|UNM|VOYA
MFG,10,10,-7.66,-3.35,12.14,0.05,-3.9,-2.575,-3.7600000000000002,-0.7749999999999999,2.495000000000001,0.0,BAC|C|GS|JPM|MS|PNC|SMFG|TFC|USB|WFC,BAC|C|GS|JPM|MS|PNC|SMFG|TFC|USB|WFC
MFI,10,9,8.19,-0.12,-14.19,1.06,-3.9,-2.27,12.09,2.15,-25.88,1.0,BAC|BK|C|GS|JPM|MS|PNC|TFC|USB|WFC,BAC|C|GS|JPM|MS|PNC|TFC|USB|WFC
MFIC,10,10,-0.36,3.42,-8.27,0.05,-2.085,6.615,1.725,-3.1950000000000003,-14.459999999999999,0.7,ARCC|CSWC|FDUS|GSBD|HTGC|MAIN|NMFC|PNNT|PSEC|SLRC,ARCC|CSWC|FDUS|GSBD|HTGC|MAIN|NMFC|PNNT|PSEC|SLRC
MFIN,10,8,-0.26,17.16,20.63,-0.26,-2.39,-1.1649999999999998,2.13,18.325,18.994999999999997,0.875,ALLY|CACC|COF|DFS|FG|LADR|MRCC|OFS|RM|SLM,ALLY|CACC|COF|FG|LADR|OFS|RM|SLM
MG,10,10,6.32,24.68,14.64,0.1,-4.359999999999999,0.09500000000000008,10.68,24.585,0.16000000000000014,0.9,DHR|EMR|GE|HON|IR|MMM|MTD|ROK|TDY|XYL,DHR|EMR|GE|HON|IR|MMM|MTD|ROK|TDY|XYL
MGA,10,9,0.58,4.14,15.45,-0.91,-0.92,0.93,1.5,3.2099999999999995,20.119999999999997,0.6666666666666666,AAP|ALV|APTV|AXL|BWA|DAN|GNTX|LEA|TEN|VC,AAP|ALV|APTV|BWA|DAN|GNTX|LEA|TEN|VC
MGEE,10,10,0.25,-2.15,7.1,-0.04,0.295,-3.825,-0.044999999999999984,1.6750000000000003,9.1,0.5,AEE|ATO|CMS|DTE|ES|LNT|NI|PEG|WEC|XEL,AEE|ATO|CMS|DTE|ES|LNT|NI|PEG|WEC|XEL
MGIH,10,9,-3.14,-8.39,6.34,-1.25,-0.26,23.23,-2.88,-31.62,-7.9,0.1111111111111111,ACN|ADBE|CRM|GOOGL|HUBS|IBM|IPG|MSFT|OMC|WPP,ACN|ADBE|CRM|GOOGL|HUBS|IBM|MSFT|OMC|WPP
MGLD,10,10,-5.61,-14.41,-7.93,0.0,-2.6799999999999997,2.27,-2.9300000000000006,-16.68,-19.8,0.1,AMP|CAR|HRB|JEF|LAZ|LPLA|MCO|MS|SCHW|SF,AMP|CAR|HRB|JEF|LAZ|LPLA|MCO|MS|SCHW|SF
MGM,10,10,-3.08,-6.11,16.99,-1.18,-3.085,-4.734999999999999,0.004999999999999893,-1.3750000000000009,16.38,0.5,BALY|BYD|CHDN|CZR|FLL|LVS|MLCO|PENN|RRR|WYNN,BALY|BYD|CHDN|CZR|FLL|LVS|MLCO|PENN|RRR|WYNN
MGN,0,0,57.79,76.64,-4.45,60.2,,,,,,,,
MGNI,10,10,-4.48,28.29,79.84,-1.61,-1.525,13.14,-2.9550000000000005,15.149999999999999,55.545,0.2,ADT|APPS|CRTO|DV|FLNT|IZEA|PERI|PUBM|TTD|YEXT,ADT|APPS|CRTO|DV|FLNT|IZEA|PERI|PUBM|TTD|YEXT
MGNX,10,9,2.21,-3.02,-6.5,0.0,5.83,12.16,-3.62,-15.18,-27.57,0.2222222222222222,AGEN|ALNY|DLTH|EXEL|GILD|INCY|MRNA|ONC|UBX|ZLAB,AGEN|ALNY|DLTH|EXEL|GILD|INCY|MRNA|ONC|ZLAB
MGPI,10,10,-2.33,-2.06,-1.9,-1.88,1.3199999999999998,4.42,-3.65,-6.48,-4.914999999999999,0.1,BF-B|BUD|CCU|DEO|KDP|MNST|PEP|SAM|STZ|TAP,BF-B|BUD|CCU|DEO|KDP|MNST|PEP|SAM|STZ|TAP
MGRC,10,9,-2.56,0.23,6.88,-0.69,-2.03,4.31,-0.5300000000000002,-4.079999999999999,-5.7,0.3333333333333333,ALSN|FSS|HEES|HRI|MLR|OPLN|R|TEX|URI|WSC,ALSN|FSS|HRI|MLR|OPLN|R|TEX|URI|WSC
MGRT,0,0,0.0,11.7,-19.18,0.2,,,,,,,,
MGRX,10,10,-25.24,-22.0,-6.65,-4.66,5.015000000000001,9.655000000000001,-30.255,-31.655,-22.225,0.0,ABBV|AZN|BIIB|BMY|GILD|GSK|JNJ|LLY|MRK|PFE,ABBV|AZN|BIIB|BMY|GILD|GSK|JNJ|LLY|MRK|PFE
MGTX,10,7,17.28,22.2,55.11,-0.63,6.62,18.43,10.66,3.7699999999999996,35.019999999999996,0.8571428571428571,ADVM|AGIO|ALLO|BLUE|BNTX|CLLS|CRSP|EDIT|EPIX|SRPT,AGIO|ALLO|BNTX|CLLS|CRSP|EDIT|SRPT
MGX,10,8,-2.33,-3.12,-6.88,-3.12,7.45,14.45,-9.780000000000001,-17.57,-29.22,0.0,ARCT|BEAM|CRSP|DNLI|EDIT|NTLA|PRME|SGMO|VERV|VRTX,ARCT|BEAM|CRSP|DNLI|EDIT|NTLA|PRME|VRTX
MGY,10,8,8.53,9.63,-5.69,2.09,8.595,9.075,-0.06500000000000128,0.5550000000000015,-12.515,0.5,APA|COP|DVN|EOG|EQT|FANG|HES|MRO|OXY|SM,APA|COP|DVN|EOG|EQT|FANG|OXY|SM
MGYR,10,10,0.24,10.1,11.04,0.35,-3.3899999999999997,-0.74,3.63,10.84,1.5249999999999986,1.0,BBT|FNLC|GABC|HBAN|HUBB|NWBI|ONB|UBSI|WAL|ZION,BBT|FNLC|GABC|HBAN|HUBB|NWBI|ONB|UBSI|WAL|ZION
MH,0,0,-3.51,43.89,6.63,-0.81,,,,,,,,
MHH,10,9,-5.99,-1.65,19.28,0.74,0.94,24.56,-6.93,-26.209999999999997,15.370000000000001,0.1111111111111111,ACN|CTSH|DXC|EPAM|G|INFY|LDOS|LSCC|TCS|WIT,ACN|CTSH|DXC|EPAM|G|INFY|LDOS|LSCC|WIT
MHK,8,8,-3.98,20.99,33.03,-1.22,-2.7600000000000002,7.3149999999999995,-1.2199999999999998,13.674999999999999,10.835,0.375,BSET|HD|HVT|LOW|RH|SHW|TILE|W,BSET|HD|HVT|LOW|RH|SHW|TILE|W
MHO,10,9,-3.02,0.48,17.37,-3.24,-2.54,-0.07,-0.48,0.55,7.950000000000001,0.2222222222222222,BZH|DHI|KBH|LEN|LGIH|MTH|NVR|PHM|TMHC|TOL,BZH|DHI|KBH|LEN|LGIH|MTH|NVR|PHM|TOL
MI,10,9,-22.69,-37.09,-65.54,-5.09,8.74,-4.28,-31.43,-32.81,-50.580000000000005,0.0,ARBK|BITF|BTBT|CAN|COIN|HIVE|HUT|MARA|RIOT|SOS,ARBK|BTBT|CAN|COIN|HIVE|HUT|MARA|RIOT|SOS
MIAX,0,0,-4.21,0.57,-19.12,3.57,,,,,,,,
MICC,0,0,-1.36,9.66,22.77,2.09,,,,,,,,
MIDD,10,10,-4.51,-14.7,-3.13,-0.61,-2.5549999999999997,3.455,-1.955,-18.155,-11.625,0.4,AOS|CMCO|DOV|EMR|ITW|JBTM|MKC|PNR|TT|XYL,AOS|CMCO|DOV|EMR|ITW|JBTM|MKC|PNR|TT|XYL
MIMI,0,0,-10.83,-8.73,-41.01,-0.77,,,,,,,,
MIND,10,10,-1.97,-20.04,-34.13,-1.76,2.74,7.99,-4.71,-28.03,-29.225,0.1,BKR|CVX|FTI|HAL|INVX|NOV|OIS|RIG|SLB|XOM,BKR|CVX|FTI|HAL|INVX|NOV|OIS|RIG|SLB|XOM
MIR,10,10,-1.47,-7.35,-14.8,-1.47,-7.055,-3.0199999999999996,5.585,-4.33,-19.225,0.8,A|ADI|AMAT|KEYS|LRCX|NVMI|TDY|TER|VECO|ZBRA,A|ADI|AMAT|KEYS|LRCX|NVMI|TDY|TER|VECO|ZBRA
MIRA,8,8,0.01,-19.16,-22.47,-2.58,1.24,11.51,-1.23,-30.67,-22.805,0.375,ACB|CGC|CRON|DFTX|IIPR|TLRY|TVRD|VFF,ACB|CGC|CRON|DFTX|IIPR|TLRY|TVRD|VFF
MIRM,10,8,0.12,-13.62,2.0,-3.28,4.18,-0.51,-4.06,-13.11,-0.08499999999999996,0.25,AKRO|DVAX|ENTA|GILD|GLMD|MDGL|NBIX|PTCT|VKTX|VRTX,ENTA|GILD|GLMD|MDGL|NBIX|PTCT|VKTX|VRTX
MIST,9,8,-2.34,-12.18,-30.33,-3.24,-1.865,-2.9000000000000004,-0.47499999999999987,-9.28,-40.855,0.375,ACAD|AXSM|BHVN|BPMC|IKT|KYNB|RARE|VTGN|XENE,ACAD|AXSM|BHVN|IKT|KYNB|RARE|VTGN|XENE
MITK,10,9,0.58,10.84,28.43,0.74,0.87,11.4,-0.29000000000000004,-0.5600000000000005,12.219999999999999,0.4444444444444444,DOCU|EVRI|FIS|GPN|INTU|JKHY|MA|PYPL|V|XYZ,DOCU|FIS|GPN|INTU|JKHY|MA|PYPL|V|XYZ
MITQ,10,8,-5.15,-1.83,-13.11,0.02,-0.020000000000000004,14.605,-5.130000000000001,-16.435000000000002,-35.9,0.0,AMC|CNK|DIS|IMAX|LGF-A|LGF-B|NCMI|NFLX|RDI|SONY,AMC|CNK|DIS|IMAX|NCMI|NFLX|RDI|SONY
MITT,10,10,-2.46,-11.42,-13.29,-1.87,-0.024999999999999998,-0.365,-2.435,-11.055,-10.625,0.3,ARR|CIM|DX|EFC|IVR|MFA|NLY|ORC|STWD|TWO,ARR|CIM|DX|EFC|IVR|MFA|NLY|ORC|STWD|TWO
MKC,10,9,1.85,6.6,18.75,-1.81,0.81,5.42,1.04,1.1799999999999997,7.130000000000001,0.7777777777777778,CAG|CHD|CPB|GIS|HRL|K|KHC|MDLZ|PEP|SYY,CAG|CHD|CPB|GIS|HRL|KHC|MDLZ|PEP|SYY
MKDW,10,10,-5.05,-7.5,50.1,-4.27,-2.295,4.22,-2.755,-11.719999999999999,52.535000000000004,0.2,AAPL|ADBE|AMZN|CSCO|GOOGL|IBM|INTC|MSFT|NVDA|ORCL,AAPL|ADBE|AMZN|CSCO|GOOGL|IBM|INTC|MSFT|NVDA|ORCL
MKL,10,10,-2.63,-8.02,-3.76,-0.26,-1.075,-2.4,-1.555,-5.619999999999999,-7.3,0.1,AFL|AIG|ALL|BRK-B|CB|CINF|L|PGR|TRV|WRB,AFL|AIG|ALL|BRK-B|CB|CINF|L|PGR|TRV|WRB
MKLY,0,0,0.0,0.39,0.89,0.0,,,,,,,,
MKSI,10,9,-8.88,-19.06,-10.4,-0.83,-9.93,-11.1,1.049999999999999,-7.959999999999999,-5.21,0.5555555555555556,AEIS|AMAT|COHR|IPGP|KLAC|LRCX|NOVA|ON|TER|UCTT,AEIS|AMAT|COHR|IPGP|KLAC|LRCX|ON|TER|UCTT
MKTW,10,9,-2.31,-8.06,6.47,-1.17,1.79,8.66,-4.1,-16.72,-4.430000000000001,0.1111111111111111,DNB|EAF|FDS|MORN|MSCI|NDAQ|RELY|SPGI|TRU|VRSK,EAF|FDS|MORN|MSCI|NDAQ|RELY|SPGI|TRU|VRSK
MKTX,10,9,-0.47,43.28,17.46,0.06,-1.92,1.96,1.45,41.32,10.82,0.5555555555555556,BAC|BK|CBOE|CME|GS|ICE|JPM|MS|MSGS|NDAQ,BAC|CBOE|CME|GS|ICE|JPM|MS|MSGS|NDAQ
MKZR,0,0,-7.67,-4.14,-37.81,-0.33,,,,,,,,
MLAB,10,10,7.23,23.14,16.72,1.39,2.875,12.42,4.355,10.72,-18.545,0.9,A|BIO|BRKR|COHR|IDXX|IQV|MTD|TECH|TMO|WAT,A|BIO|BRKR|COHR|IDXX|IQV|MTD|TECH|TMO|WAT
MLCI,0,0,2.67,-5.37,-8.33,-4.92,,,,,,,,
MLCO,10,9,-4.27,-3.75,-2.5,-3.92,-0.4,0.74,-3.8699999999999997,-4.49,-9.98,0.2222222222222222,BALY|CHDN|CZR|GDEN|LVS|MCRI|MGM|PENN|RICK|WYNN,BALY|CHDN|CZR|LVS|MCRI|MGM|PENN|RICK|WYNN
MLEC,10,10,3.0,-2.7,-3.23,3.6,3.41,0.7500000000000002,-0.41000000000000014,-3.45,-10.625,0.5,ADM|BG|BYND|CAG|CALM|DAR|HRL|INGR|MKC|SMPL,ADM|BG|BYND|CAG|CALM|DAR|HRL|INGR|MKC|SMPL
MLGO,10,10,-1.32,-1.09,-21.76,0.81,-1.7850000000000001,9.5,0.4650000000000001,-10.59,-19.325000000000003,0.6,AMZN|CRM|GOOGL|IBM|INTC|MSFT|NVDA|ORCL|SAP|TSLA,AMZN|CRM|GOOGL|IBM|INTC|MSFT|NVDA|ORCL|SAP|TSLA
MLI,10,10,-6.48,-0.57,-7.07,-0.69,-4.46,5.465,-2.0200000000000005,-6.035,-16.85,0.2,AAON|AMRC|AOS|APOG|ATKR|B|CSL|EME|GFF|JBTM,AAON|AMRC|AOS|APOG|ATKR|B|CSL|EME|GFF|JBTM
MLKN,10,9,-4.06,3.98,51.07,-2.0,-1.9,10.16,-2.1599999999999997,-6.18,42.9,0.1111111111111111,ADSK|AIT|FUL|HNI|MSA|SCS|SWK|TGLS|WBS|WFCF,ADSK|AIT|FUL|HNI|MSA|SWK|TGLS|WBS|WFCF
MLM,8,7,-2.83,-3.87,-2.33,-1.1,-2.76,-0.16,-0.07000000000000028,-3.71,-6.02,0.42857142857142855,CRH|CX|EXP|HEI|JHX|ORI|SUM|VMC,CRH|CX|EXP|HEI|JHX|ORI|VMC
MLP,10,9,-0.28,-7.02,-8.55,-2.16,0.83,-1.07,-1.1099999999999999,-5.949999999999999,-8.74,0.2222222222222222,AGRO|ALEX|CRESY|CTO|FPH|FPI|LAND|LMNR|REZI|TRC,AGRO|CRESY|CTO|FPH|FPI|LAND|LMNR|REZI|TRC
MLR,10,10,-0.23,11.13,21.24,-0.07,-0.37500000000000006,-2.4,0.14500000000000005,13.530000000000001,8.399999999999999,0.5,AGCO|ALSN|CAT|CMI|DE|F|OSK|PCAR|TEX|WAB,AGCO|ALSN|CAT|CMI|DE|F|OSK|PCAR|TEX|WAB
MLSS,10,10,-16.82,7.73,15.29,-2.15,-2.755,6.359999999999999,-14.065000000000001,1.370000000000001,4.649999999999999,0.0,ALGN|BSX|IART|MDT|NVST|PENN|STE|SYK|XRAY|ZBH,ALGN|BSX|IART|MDT|NVST|PENN|STE|SYK|XRAY|ZBH
MLTX,10,9,-4.44,-16.75,-7.52,-5.91,4.27,15.93,-8.71,-32.68,-34.8,0.0,ALNY|AMGN|BIIB|BLUE|BMRN|GILD|INCY|REGN|SRPT|VRTX,ALNY|AMGN|BIIB|BMRN|GILD|INCY|REGN|SRPT|VRTX
MLYS,10,9,-2.77,-6.08,-10.77,-5.88,-2.98,-2.72,0.20999999999999996,-3.36,-17.56,0.5555555555555556,ACXP|AKBA|ARDX|ATHE|CRVS|EOLS|ESPR|FENC|KNSA|PDSB,ACXP|AKBA|ARDX|ATHE|CRVS|EOLS|FENC|KNSA|PDSB
MMA,10,10,69.81,43.28,35.15,81.0,3.17,-3.8499999999999996,66.64,47.13,18.435,1.0,AHT|APLE|CLDT|DRH|HST|INN|PEB|PK|RLJ|SHO,AHT|APLE|CLDT|DRH|HST|INN|PEB|PK|RLJ|SHO
MMI,10,10,2.71,7.8,14.29,-0.37,1.195,3.425,1.515,4.375,6.64,0.7,CBRE|CIGI|CWK|FR|JLL|NMRK|PLD|REXR|STAG|TRNO,CBRE|CIGI|CWK|FR|JLL|NMRK|PLD|REXR|STAG|TRNO
MMLP,10,10,-0.87,-7.91,-10.63,-2.58,1.81,-0.805,-2.68,-7.105,-13.475000000000001,0.1,AM|ENB|EPD|ET|KMI|OKE|PAA|TRGP|WES|WMB,AM|ENB|EPD|ET|KMI|OKE|PAA|TRGP|WES|WMB
MMM,10,10,-0.74,6.17,21.04,0.35,-3.995,0.9600000000000001,3.255,5.21,7.509999999999998,1.0,DOV|EMR|GE|HON|IR|ITW|PH|ROK|SWK|TEL,DOV|EMR|GE|HON|IR|ITW|PH|ROK|SWK|TEL
MMS,10,10,3.84,1.12,-3.19,-0.33,0.41,15.125,3.4299999999999997,-14.004999999999999,-14.334999999999999,0.8,ACN|CTSH|DXC|EPAM|FCN|GIB|HCKT|LDOS|SAIC|WIT,ACN|CTSH|DXC|EPAM|FCN|GIB|HCKT|LDOS|SAIC|WIT
MMSI,10,9,0.17,24.0,40.57,-1.42,-0.85,14.29,1.02,9.71,22.56,0.5555555555555556,ABT|BAX|BDX|BSX|EW|HOLX|ISRG|MDT|SYK|ZBH,ABT|BAX|BDX|BSX|EW|ISRG|MDT|SYK|ZBH
MMTX,0,0,0.49,0.69,1.09,0.1,,,,,,,,
MMYT,10,10,1.84,19.79,44.1,1.12,-0.8200000000000001,7.3100000000000005,2.66,12.479999999999999,35.595,0.9,ABNB|BKNG|DPZ|EXPE|H|IHG|SABR|TCOM|TNL|TRIP,ABNB|BKNG|DPZ|EXPE|H|IHG|SABR|TCOM|TNL|TRIP
MNDO,10,10,-1.71,4.44,12.78,0.26,0.97,27.4,-2.6799999999999997,-22.959999999999997,1.8049999999999997,0.3,ADBE|CRM|IBM|INTU|MSFT|NOW|ORCL|PEGA|SAP|WDAY,ADBE|CRM|IBM|INTU|MSFT|NOW|ORCL|PEGA|SAP|WDAY
MNDR,10,10,-2.39,-44.44,-69.49,-3.27,-2.02,-4.69,-0.3700000000000001,-39.75,-86.095,0.5,AMWL|AMZN|CLOV|EVH|HIMS|HQY|MD|OMCL|PGNY|TDOC,AMWL|AMZN|CLOV|EVH|HIMS|HQY|MD|OMCL|PGNY|TDOC
MNDY,10,9,-3.39,23.25,15.09,0.09,-1.49,36.41,-1.9000000000000001,-13.159999999999997,-13.66,0.2222222222222222,ASAN|BOX|DOCU|HUBS|MSFT|NOW|PD|SMAR|TEAM|WDAY,ASAN|BOX|DOCU|HUBS|MSFT|NOW|PD|TEAM|WDAY
MNKD,10,9,12.87,9.64,29.54,-4.21,3.3,9.3,9.57,0.33999999999999986,4.779999999999998,1.0,ABT|DIOD|DNLI|GNFT|LLY|NVO|PFE|SNY|TNDM|VRTX,ABT|DIOD|DNLI|LLY|NVO|PFE|SNY|TNDM|VRTX
MNOV,10,10,3.92,2.35,-2.06,-1.36,4.475,14.045,-0.5549999999999997,-11.695,-30.315,0.2,ACAD|AMGN|BIIB|BMY|GILD|INCY|MRK|NBIX|REGN|VRTX,ACAD|AMGN|BIIB|BMY|GILD|INCY|MRK|NBIX|REGN|VRTX
MNPR,10,7,8.65,6.65,84.7,-2.92,-0.6,1.05,9.25,5.6000000000000005,94.24000000000001,0.8571428571428571,ADAP|ADVM|AFMD|CBIO|CTMX|CYCN|EYPT|FATE|MCRB|XBIT,CBIO|CTMX|CYCN|EYPT|FATE|MCRB|XBIT
MNR,10,10,-2.62,-6.44,-14.31,0.08,1.225,-0.805,-3.845,-5.635000000000001,-17.155,0.0,AM|ENB|EPD|ET|KMI|MPLX|OKE|PAA|TRGP|WMB,AM|ENB|EPD|ET|KMI|MPLX|OKE|PAA|TRGP|WMB
MNRO,10,10,6.13,-28.93,-25.62,-4.93,-1.885,0.675,8.015,-29.605,-38.325,1.0,AAP|ABG|AN|AZO|GPC|KMX|LAD|ORLY|PAG|SAH,AAP|ABG|AN|AZO|GPC|KMX|LAD|ORLY|PAG|SAH
MNSB,10,9,-1.65,6.29,7.72,-0.74,-4.12,-0.35,2.47,6.64,-5.740000000000001,0.8888888888888888,ASRV|EVBN|FBK|FFBC|HTB|JBTM|PEBO|PFIS|SBFG|TMP,ASRV|FBK|FFBC|HTB|JBTM|PEBO|PFIS|SBFG|TMP
MNSO,10,10,-6.35,-11.52,-20.49,-0.49,-1.895,0.635,-4.455,-12.155,-25.909999999999997,0.3,AMZN|BBY|BJ|BURL|COST|DG|DLTR|ROST|TGT|WMT,AMZN|BBY|BJ|BURL|COST|DG|DLTR|ROST|TGT|WMT
MNST,10,10,1.84,-0.62,9.44,0.23,1.76,4.345000000000001,0.08000000000000007,-4.965000000000001,6.694999999999999,0.6,AMD|CELH|COTY|FIZZ|KDP|KO|LSCC|NVDA|PEP|TSLA,AMD|CELH|COTY|FIZZ|KDP|KO|LSCC|NVDA|PEP|TSLA
MNTK,9,9,-0.27,7.14,27.55,-2.85,-4.2,-4.79,3.93,11.93,52.59,1.0,AMRC|CSIQ|ENPH|FLNC|FSLR|NEE|ORA|RUN|SEDG,AMRC|CSIQ|ENPH|FLNC|FSLR|NEE|ORA|RUN|SEDG
MNTN,0,0,4.23,49.36,58.81,-0.1,,,,,,,,
MNTS,10,10,-17.09,-16.58,-34.55,-4.01,-5.87,6.83,-11.219999999999999,-23.409999999999997,-27.249999999999996,0.0,BA|IRDM|LHX|LMT|NOC|PL|RKLB|SATL|SPCE|SPIR,BA|IRDM|LHX|LMT|NOC|PL|RKLB|SATL|SPCE|SPIR
MNY,10,7,-3.23,-7.22,-32.33,-2.14,-5.09,-2.86,1.8599999999999999,-4.359999999999999,-42.21,0.5714285714285714,ALLY|COOP|EIG|ENVA|LPRO|MFIN|OMCC|OZK|SLM|WU,ALLY|EIG|ENVA|MFIN|OZK|SLM|WU
MO,5,5,2.71,-7.38,-8.84,1.22,-0.99,-9.26,3.7,1.88,4.8100000000000005,1.0,BTI|PM|RLX|UVV|XXII,BTI|PM|RLX|UVV|XXII
MOB,10,10,5.74,18.75,17.6,-3.34,-4.725,4.3549999999999995,10.465,14.395,19.360000000000003,1.0,AVAV|BA|GD|HII|LHX|LMT|MRCY|NOC|TDG|TXT,AVAV|BA|GD|HII|LHX|LMT|MRCY|NOC|TDG|TXT
MOBX,10,10,-23.55,-40.92,-42.66,-1.29,-1.88,-8.88,-21.67,-32.04,-29.889999999999997,0.0,ADI|AVGO|MCHP|NXPI|ON|QRVO|SLAB|STM|SWKS|TXN,ADI|AVGO|MCHP|NXPI|ON|QRVO|SLAB|STM|SWKS|TXN
MOD,10,9,-6.31,-23.62,-25.9,-2.21,-0.43,0.99,-5.88,-24.61,-22.32,0.0,ADNT|ALV|AXL|BWA|DAN|LEA|LXFR|SMP|TEN|VC,ADNT|ALV|BWA|DAN|LEA|LXFR|SMP|TEN|VC
MODD,10,9,82.89,15.54,-13.42,3.01,0.23,18.8,82.66,-3.2600000000000016,-42.96,1.0,ALGN|DXCM|ICUI|ITGR|MNKD|PODD|RSLS|SENS|TNDM|XWEL,ALGN|DXCM|ICUI|ITGR|MNKD|PODD|SENS|TNDM|XWEL
MOG-A,10,10,-9.2,-3.73,22.52,-5.61,-3.79,2.215,-5.409999999999999,-5.945,20.15,0.0,BA|CW|GD|HEI|HON|HXL|LMT|NOC|TDG|TXT,BA|CW|GD|HEI|HON|HXL|LMT|NOC|TDG|TXT
MOGU,10,10,-5.37,0.6,-11.01,-2.76,-0.975,-1.79,-4.3950000000000005,2.39,-3.7299999999999995,0.2,BABA|BILI|BZUN|JD|NTES|PDD|QFIN|TME|VIPS|WB,BABA|BILI|BZUN|JD|NTES|PDD|QFIN|TME|VIPS|WB
MOH,8,8,-2.43,-9.48,10.14,-0.23,-1.02,-3.535,-1.4100000000000001,-5.945,5.995000000000001,0.25,ACHC|CI|CNC|EHTH|HCA|HUM|UHS|UNH,ACHC|CI|CNC|EHTH|HCA|HUM|UHS|UNH
MOLN,10,9,4.51,10.83,17.65,1.61,2.61,-2.51,1.9,13.34,8.209999999999999,0.6666666666666666,ALNY|ARWR|BPMC|EXEL|FATE|INCY|IONS|NBIX|RARE|SRPT,ALNY|ARWR|EXEL|FATE|INCY|IONS|NBIX|RARE|SRPT
MOMO,10,9,-1.65,-4.64,-7.3,-1.57,0.22,-0.23,-1.8699999999999999,-4.409999999999999,-3.04,0.4444444444444444,BMBL|DOYU|HUYA|IAC|JOYY|MTCH|PINS|SNAP|TME|WB,BMBL|DOYU|HUYA|JOYY|MTCH|PINS|SNAP|TME|WB
MORN,10,10,4.22,29.25,24.96,0.92,1.5,5.575,2.7199999999999998,23.675,14.645,0.9,CRIS|FDS|ICE|MCO|MSCI|NDAQ|SCHW|SPGI|TRI|VRSK,CRIS|FDS|ICE|MCO|MSCI|NDAQ|SCHW|SPGI|TRI|VRSK
MOS,8,8,5.6,0.97,5.22,3.37,5.17,2.465,0.4299999999999997,-1.4949999999999999,1.455,0.5,ADM|APD|BCPC|CF|IPI|LXU|NTR|UAN,ADM|APD|BCPC|CF|IPI|LXU|NTR|UAN
MOV,10,8,-2.64,-7.27,28.73,-2.37,-4.15,-4.885,1.5100000000000002,-2.385,30.8,0.75,FOSL|GES|NKE|PVH|RL|SHOO|SIG|SKX|TPR|VFC,FOSL|NKE|PVH|RL|SHOO|SIG|TPR|VFC
MOVE,10,8,-17.76,-30.53,-61.62,-4.62,-1.505,7.13,-16.255000000000003,-37.660000000000004,-70.53,0.0,DXCM|HOLX|IART|INMD|LIVN|MASI|NVCR|PODD|TNDM|ZBH,DXCM|IART|INMD|LIVN|NVCR|PODD|TNDM|ZBH
MP,1,0,-4.19,16.75,-5.61,-5.91,,,,,,,REE,
MPAA,10,10,-5.77,-15.89,8.4,-0.64,-2.7199999999999998,0.06,-3.05,-15.950000000000001,10.45,0.2,AAP|AZO|BWA|DORM|GPC|LKQ|MOD|ORLY|SMP|TEN,AAP|AZO|BWA|DORM|GPC|LKQ|MOD|ORLY|SMP|TEN
MPB,10,10,-4.08,5.4,13.4,-0.66,-3.585,-2.435,-0.4950000000000001,7.835000000000001,3.0999999999999996,0.4,BMRC|CIVB|CZNC|FULT|FUNC|MBWM|OCFC|STBA|TRST|UVSP,BMRC|CIVB|CZNC|FULT|FUNC|MBWM|OCFC|STBA|TRST|UVSP
MPC,7,7,2.45,15.6,41.31,1.2,3.1,9.11,-0.6499999999999999,6.49,4.480000000000004,0.42857142857142855,CVI|DK|MUR|PBF|PSX|VLO|XOM,CVI|DK|MUR|PBF|PSX|VLO|XOM
MPLT,0,0,-1.55,-67.71,-59.01,-6.17,,,,,,,,
MPLX,10,10,0.34,4.26,6.46,0.57,1.225,-1.615,-0.885,5.875,5.855,0.3,AM|ENB|EPD|ET|HESM|KMI|OKE|PAA|TRGP|WMB,AM|ENB|EPD|ET|HESM|KMI|OKE|PAA|TRGP|WMB
MPTI,10,10,-5.07,-0.12,2.03,-4.92,-4.525,-6.665,-0.5449999999999999,6.545,10.83,0.5,ADI|CTS|KN|LSCC|MPWR|NXPI|OLED|ROP|STM|TXN,ADI|CTS|KN|LSCC|MPWR|NXPI|OLED|ROP|STM|TXN
MPU,10,8,5.37,-10.18,-61.49,4.85,-5.725,16.91,11.094999999999999,-27.09,-81.075,1.0,AMPL|AVPT|CFLT|DOMO|FROG|PD|PLAB|S|VRNT|ZS,AMPL|AVPT|DOMO|FROG|PD|PLAB|S|ZS
MPWR,10,10,-3.72,-6.2,-15.55,0.79,-2.7649999999999997,-9.575,-0.9550000000000005,3.374999999999999,-1.83,0.4,ADI|AVGO|LSCC|MCHP|NXPI|ON|QRVO|STM|SWKS|TXN,ADI|AVGO|LSCC|MCHP|NXPI|ON|QRVO|STM|SWKS|TXN
MQ,10,10,-5.57,-9.36,-2.79,-0.55,-3.1399999999999997,1.225,-2.4300000000000006,-10.584999999999999,-15.920000000000002,0.2,AFRM|CDLX|DLO|FIS|FOUR|GPN|PYPL|RPAY|WEX|XYZ,AFRM|CDLX|DLO|FIS|FOUR|GPN|PYPL|RPAY|WEX|XYZ
MRAM,10,10,0.95,5.79,-41.29,-2.58,-4.1850000000000005,-10.35,5.135000000000001,16.14,-40.995,1.0,AMAT|AMD|INTC|MCHP|MU|NVDA|ON|STX|TXN|WDC,AMAT|AMD|INTC|MCHP|MU|NVDA|ON|STX|TXN|WDC
MRBK,10,10,-2.54,-1.36,12.97,0.0,-4.21,0.585,1.67,-1.945,3.255000000000001,0.8,CTBI|CVBF|FBNC|HTB|MSBI|OCFC|ONB|PFBC|SFBS|WSFS,CTBI|CVBF|FBNC|HTB|MSBI|OCFC|ONB|PFBC|SFBS|WSFS
MRCY,10,10,-14.55,-5.17,-1.05,-7.35,-4.725,7.505,-9.825000000000001,-12.675,-0.37,0.1,AVAV|BA|GD|HII|KTOS|LHX|LMT|NOC|RTX|TXT,AVAV|BA|GD|HII|KTOS|LHX|LMT|NOC|RTX|TXT
MREO,10,7,-2.47,0.84,6.15,-3.66,3.95,13.14,-6.42,-12.3,-32.84,0.0,ADVM|CLSD|FATE|IMUX|KURA|MTEM|PRQR|RIGL|SRPT|XERS,FATE|IMUX|KURA|PRQR|RIGL|SRPT|XERS
MRK,10,10,12.14,19.25,34.52,-0.09,4.390000000000001,5.73,7.75,13.52,22.915000000000003,1.0,ABBV|AMGN|AZN|BMY|GSK|JNJ|LLY|NVS|PFE|SNY,ABBV|AMGN|AZN|BMY|GSK|JNJ|LLY|NVS|PFE|SNY
MRKR,10,9,9.12,-2.32,-14.1,-6.11,2.21,0.7,6.909999999999999,-3.0199999999999996,-11.89,0.7777777777777778,ADAP|AGEN|ALLO|CERS|IOVA|KPTI|MGNX|NVAX|TVRD|TXMD,AGEN|ALLO|CERS|IOVA|KPTI|MGNX|NVAX|TVRD|TXMD
MRM,10,8,1.89,2.9,12.94,1.4,-1.08,8.785,2.9699999999999998,-5.885,3.6049999999999986,0.75,ACHC|ADUS|AMED|CYH|EHC|HCA|SEM|SGRY|THC|UHS,ACHC|ADUS|CYH|EHC|HCA|SGRY|THC|UHS
MRNA,10,10,119.47,140.55,190.3,-19.86,4.225,14.045,115.245,126.50500000000001,169.985,1.0,ALNY|BIIB|BMRN|BNTX|GILD|INCY|NVAX|REGN|SRPT|VRTX,ALNY|BIIB|BMRN|BNTX|GILD|INCY|NVAX|REGN|SRPT|VRTX
MRNO,10,10,1.24,-4.18,-50.7,-0.05,-5.3100000000000005,10.265,6.550000000000001,-14.445,-58.67,1.0,APO|ARES|BAM|BLK|BX|C|CG|GS|KKR|MS,APO|ARES|BAM|BLK|BX|C|CG|GS|KKR|MS
MRP,0,0,0.23,5.94,9.58,-0.69,,,,,,,,
MRSH,6,6,1.34,8.65,17.04,1.01,0.685,8.32,0.655,0.33000000000000007,-5.344999999999999,0.6666666666666666,AJG|AON|BRO|PGR|RYAN|TRV,AJG|AON|BRO|PGR|RYAN|TRV
MRT,10,8,11.36,3.16,-2.0,0.0,-7.695,10.379999999999999,19.055,-7.219999999999999,-8.665,1.0,CARG|CVNA|EVGO|GOEV|HYFM|LCID|LYFT|NKLA|QS|UBER,CARG|CVNA|EVGO|HYFM|LCID|LYFT|QS|UBER
MRTN,10,10,-3.38,-15.04,-10.27,-0.74,-2.395,-9.41,-0.9849999999999999,-5.629999999999999,-8.23,0.4,HTLD|JBHT|KNX|LSTR|ODFL|PATK|R|SNDR|ULH|WERN,HTLD|JBHT|KNX|LSTR|ODFL|PATK|R|SNDR|ULH|WERN
MRVI,10,9,42.88,16.32,86.42,14.4,6.24,20.06,36.64,-3.7399999999999984,50.050000000000004,1.0,ACRS|ALDX|APLS|BIO|BIOX|BMRN|DHR|ILMN|RGEN|TMO,ACRS|ALDX|BIO|BIOX|BMRN|DHR|ILMN|RGEN|TMO
MRVL,10,10,8.64,14.4,29.21,1.66,-3.575,-7.630000000000001,12.215,22.03,38.010000000000005,1.0,ADI|AMD|AVGO|INTC|LRCX|MU|NVDA|NXPI|QCOM|TXN,ADI|AMD|AVGO|INTC|LRCX|MU|NVDA|NXPI|QCOM|TXN
MRX,10,10,-1.76,7.95,29.84,1.28,-1.37,2.38,-0.3899999999999999,5.57,21.655,0.5,BAC|C|COIN|GS|ICE|JPM|MKTX|MS|NDAQ|SCHW,BAC|C|COIN|GS|ICE|JPM|MKTX|MS|NDAQ|SCHW
MS,10,9,-3.43,-3.48,6.64,-1.57,-3.18,0.12,-0.25,-3.6,-8.59,0.4444444444444444,BAC|BK|C|GS|JPM|RJF|SCHW|STT|USB|WFC,BAC|C|GS|JPM|RJF|SCHW|STT|USB|WFC
MSA,10,10,0.31,10.78,12.66,0.49,-2.04,5.08,2.35,5.699999999999999,0.26000000000000156,0.7,AOS|DHR|EMR|ETN|HON|ITW|MMM|ROK|ROP|XYL,AOS|DHR|EMR|ETN|HON|ITW|MMM|ROK|ROP|XYL
MSAI,10,10,-5.72,4.21,-1.63,0.18,-1.7850000000000001,4.22,-3.9349999999999996,-0.009999999999999787,0.8050000000000002,0.2,AAPL|AI|AMZN|GOOGL|IBM|INTC|MSFT|NVDA|ORCL|TSLA,AAPL|AI|AMZN|GOOGL|IBM|INTC|MSFT|NVDA|ORCL|TSLA
MSB,10,9,1.61,7.87,-9.3,-1.15,3.66,6.58,-2.05,1.29,-17.8,0.3333333333333333,BHP|CLF|FCX|NEM|NUE|RIO|SCCO|STLD|VALE|X,BHP|CLF|FCX|NEM|NUE|RIO|SCCO|STLD|VALE
MSBI,10,10,-4.27,4.36,17.24,-0.42,-4.225,-1.36,-0.04499999999999993,5.720000000000001,8.95,0.4,ASB|BOH|CBSH|FFBC|FULT|HBAN|ONB|PNFP|SSB|TRMK,ASB|BOH|CBSH|FFBC|FULT|HBAN|ONB|PNFP|SSB|TRMK
MSC,10,10,1.86,-10.2,-24.79,1.15,-3.075,-3.6050000000000004,4.9350000000000005,-6.594999999999999,-27.05,0.8,BYD|CHH|CZR|LVS|MGM|NCLH|PENN|RCL|WYNN|XPOF,BYD|CHH|CZR|LVS|MGM|NCLH|PENN|RCL|WYNN|XPOF
MSCI,10,10,-0.81,-0.06,-1.96,0.94,1.895,5.575,-2.705,-5.635,-12.275000000000002,0.2,CME|FDS|ICE|INFO|JPM|MCO|NDAQ|SPGI|TRU|VRSK,CME|FDS|ICE|INFO|JPM|MCO|NDAQ|SPGI|TRU|VRSK
MSDL,10,10,-1.67,0.26,2.13,-0.39,-2.265,8.525,0.5950000000000002,-8.265,-2.8099999999999996,0.6,ARCC|CGBD|GSBD|HTGC|MAIN|NMFC|PSEC|SLRC|TCPC|TSLX,ARCC|CGBD|GSBD|HTGC|MAIN|NMFC|PSEC|SLRC|TCPC|TSLX
MSEX,10,10,1.05,5.14,16.06,1.17,1.495,3.67,-0.44500000000000006,1.4699999999999998,2.889999999999999,0.4,ARTNA|AWK|AWR|BMI|CWCO|CWT|DHR|HTO|WTRG|YORW,ARTNA|AWK|AWR|BMI|CWCO|CWT|DHR|HTO|WTRG|YORW
MSFT,10,10,-3.2,23.23,14.24,-0.67,-2.295,5.83,-0.9050000000000002,17.4,16.675,0.4,ADBE|AMZN|CRM|CSCO|GOOGL|IBM|INTC|NVDA|ORCL|PANW,ADBE|AMZN|CRM|CSCO|GOOGL|IBM|INTC|NVDA|ORCL|PANW
MSGE,10,9,-3.03,4.55,17.47,-0.84,1.56,10.89,-4.59,-6.340000000000001,-2.1799999999999997,0.1111111111111111,AMC|CNK|DIS|EVRI|FUN|IMAX|LYV|MTN|RICK|XPOF,AMC|CNK|DIS|FUN|IMAX|LYV|MTN|RICK|XPOF
MSGM,8,7,-9.15,-7.29,-12.28,3.04,-0.24,8.98,-8.91,-16.27,-24.18,0.0,CNK|EA|IMAX|NCTY|RBLX|TBCH|TTWO|U,CNK|IMAX|NCTY|RBLX|TBCH|TTWO|U
MSGS,9,9,-1.92,1.96,14.69,0.5,2.29,11.81,-4.21,-9.850000000000001,6.739999999999999,0.0,AMCX|CHDN|CMCSA|DIS|FOX|FWONK|LYV|MTN|SGHC,AMCX|CHDN|CMCSA|DIS|FOX|FWONK|LYV|MTN|SGHC
MSGY,0,0,-12.63,-21.86,-30.01,-5.68,,,,,,,,
MSI,9,8,4.15,19.78,22.33,0.7,-8.855,-1.04,13.005,20.82,25.75,1.0,ANET|CIEN|CSCO|ERIC|EXTR|FFIV|HPE|JNPR|NTGR,ANET|CIEN|CSCO|ERIC|EXTR|FFIV|HPE|NTGR
MSIF,0,0,1.1,14.14,5.43,-0.18,,,,,,,,
MSM,10,8,-2.64,-7.22,11.23,-1.86,-3.04,4.734999999999999,0.3999999999999999,-11.954999999999998,-2.8949999999999996,0.5,AIT|BXC|DXPE|FAST|GWW|MRC|RYI|SCSC|WCC|WSO,AIT|BXC|DXPE|FAST|GWW|SCSC|WCC|WSO
MSN,10,10,0.0,0.82,-5.5,2.68,-5.675,1.665,5.675,-0.8450000000000001,-13.11,0.8,BBY|GPRO|HRB|JBL|LOGI|SBH|SONY|TBCH|UEIC|WHR,BBY|GPRO|HRB|JBL|LOGI|SBH|SONY|TBCH|UEIC|WHR
MSS,10,9,15.6,-41.58,-65.32,-12.37,-1.57,1.42,17.169999999999998,-43.0,-63.78999999999999,1.0,AMZN|BBY|BJ|COST|DG|DLTR|KR|TGT|WBA|WMT,AMZN|BBY|BJ|COST|DG|DLTR|KR|TGT|WMT
MSTR,10,10,15.7,12.33,-32.25,7.73,1.125,27.4,14.575,-15.069999999999999,-46.905,1.0,ADBE|CRM|CTSH|IBM|INTU|MSFT|NOW|ORCL|SAP|WDAY,ADBE|CRM|CTSH|IBM|INTU|MSFT|NOW|ORCL|SAP|WDAY
MT,10,7,-2.61,7.23,12.89,-4.41,-9.23,-0.08,6.620000000000001,7.3100000000000005,6.36,0.8571428571428571,ATI|CMC|GGB|HAYN|NUE|RS|STLD|TX|X|ZEUS,ATI|CMC|GGB|NUE|RS|STLD|TX
MTA,10,8,23.32,44.14,66.44,2.71,8.985,23.12,14.335,21.02,56.92,1.0,EMX|FNV|GLDG|GROY|OR|RGLD|SAND|TFPM|VZLA|WPM,FNV|GLDG|GROY|OR|RGLD|TFPM|VZLA|WPM
MTB,10,10,-4.61,-3.66,14.8,-1.22,-4.055,-2.145,-0.5550000000000006,-1.5150000000000001,3.030000000000001,0.3,BAC|C|FITB|JPM|KEY|PNC|RF|TFC|USB|WFC,BAC|C|FITB|JPM|KEY|PNC|RF|TFC|USB|WFC
MTC,10,10,10.0,10.74,-49.46,6.45,1.805,11.85,8.195,-1.1099999999999994,-76.5,1.0,CNS|EVR|FCN|FSV|GSHD|HURN|ICFI|IQV|IT|NSP,CNS|EVR|FCN|FSV|GSHD|HURN|ICFI|IQV|IT|NSP
MTCH,7,6,6.96,4.85,10.79,0.44,1.1549999999999998,2.79,5.805,2.0599999999999996,17.575,0.8333333333333334,BMBL|IAC|SNAP|SPOT|TME|XYZ|YALA,BMBL|SNAP|SPOT|TME|XYZ|YALA
MTD,9,9,0.51,11.83,32.82,0.94,5.21,13.72,-4.7,-1.8900000000000006,-4.890000000000001,0.2222222222222222,A|BIO|BRKR|DHR|IART|ILMN|TECH|TMO|WAT,A|BIO|BRKR|DHR|IART|ILMN|TECH|TMO|WAT
MTDR,10,8,14.37,7.32,-0.85,1.75,7.975,7.65,6.395,-0.33000000000000007,-6.015,0.875,APA|AR|DVN|EOG|FANG|HES|MRO|OXY|RRC|SM,APA|AR|DVN|EOG|FANG|OXY|RRC|SM
MTEK,10,10,-5.79,6.54,-10.24,-0.87,-7.585,-11.27,1.795,17.81,4.765000000000001,0.6,CEVA|DAIO|DIOD|KRNT|LSCC|MPWR|ON|QUIK|SLAB|SYNA,CEVA|DAIO|DIOD|KRNT|LSCC|MPWR|ON|QUIK|SLAB|SYNA
MTEN,10,10,-19.29,-17.35,-0.49,-4.34,-1.7850000000000001,0.545,-17.505,-17.895000000000003,1.945,0.0,AAPL|ADBE|AMZN|CSCO|GOOGL|IBM|INTC|MSFT|NVDA|TSLA,AAPL|ADBE|AMZN|CSCO|GOOGL|IBM|INTC|MSFT|NVDA|TSLA
MTEX,9,9,1.79,42.92,58.48,0.89,-1.79,-2.14,3.58,45.06,65.94,0.8888888888888888,AMTX|HLF|LRN|MED|NATR|NU|TXRH|USNA|WW,AMTX|HLF|LRN|MED|NATR|NU|TXRH|USNA|WW
MTG,10,10,0.26,6.47,17.43,0.16,-0.78,-0.044999999999999984,1.04,6.515,13.344999999999999,0.8,ACGL|AIG|CINF|ESNT|GNW|KMPR|NMIH|ORI|PRU|RDN,ACGL|AIG|CINF|ESNT|GNW|KMPR|NMIH|ORI|PRU|RDN
MTH,10,9,-2.54,-0.72,12.67,-3.4,-2.56,-0.07,0.020000000000000018,-0.6499999999999999,3.25,0.5555555555555556,BZH|DHI|HOV|KBH|LEN|LGIH|NVR|PHM|TMHC|TOL,BZH|DHI|HOV|KBH|LEN|LGIH|NVR|PHM|TOL
MTLS,10,7,-5.78,-0.1,14.19,-1.62,-9.75,3.04,3.9699999999999998,-3.14,10.04,0.7142857142857143,ADSK|ALSN|CDMO|DDD|DM|MKFG|NNDM|PRLB|SSYS|VIVS,ADSK|ALSN|DDD|NNDM|PRLB|SSYS|VIVS
MTN,10,10,4.09,4.44,19.65,-1.1,0.475,-2.015,3.6149999999999998,6.455,17.314999999999998,0.8,BKNG|CHH|EXPE|FUN|HLT|MAR|MLCO|NCLH|PENN|PLNT,BKNG|CHH|EXPE|FUN|HLT|MAR|MLCO|NCLH|PENN|PLNT
MTNB,9,9,-19.96,-30.2,-70.76,-22.61,6.96,3.43,-26.92,-33.63,-70.13000000000001,0.0,ACHV|AGEN|AMRN|ATNM|CLRB|LTBR|OCUL|VNDA|XERS,ACHV|AGEN|AMRN|ATNM|CLRB|LTBR|OCUL|VNDA|XERS
MTR,10,8,-5.25,-8.49,-29.7,-0.69,2.81,3.32,-8.06,-11.81,-30.935,0.125,BPT|BSM|CRT|DMLP|MTRN|MTRX|MVO|PBT|SBR|SJT,BSM|CRT|DMLP|MTRN|MTRX|PBT|SBR|SJT
MTRN,10,9,-17.36,-6.91,13.24,-4.85,-8.53,-3.05,-8.83,-3.8600000000000003,6.71,0.1111111111111111,ATI|CMC|CRS|HWM|KALU|NUE|RS|RSI|STLD|X,ATI|CMC|CRS|HWM|KALU|NUE|RS|RSI|STLD
MTRX,10,10,-4.12,-10.77,-11.55,-2.19,-3.09,-10.535,-1.0300000000000002,-0.23499999999999943,1.8100000000000005,0.4,AGX|DY|EME|FLR|KBR|MTZ|MYRG|ORN|PRIM|PWR,AGX|DY|EME|FLR|KBR|MTZ|MYRG|ORN|PRIM|PWR
MTSI,10,10,-13.25,-5.75,-29.1,-1.47,-2.7649999999999997,-8.645,-10.485,2.8949999999999996,-16.330000000000002,0.0,ADI|AVGO|MCHP|MPWR|NXPI|ON|QRVO|SMTC|SWKS|TXN,ADI|AVGO|MCHP|MPWR|NXPI|ON|QRVO|SMTC|SWKS|TXN
MTUS,10,8,-9.05,-2.14,7.13,-3.3,-8.870000000000001,5.975,-0.17999999999999972,-8.115,3.235,0.5,ATI|CLF|CMC|HAYN|NUE|RS|SIM|STLD|TX|X,ATI|CLF|CMC|NUE|RS|SIM|STLD|TX
MTVA,0,0,-0.68,-8.23,-49.83,-1.36,,,,,,,,
MTW,10,10,-9.23,37.87,62.33,-1.23,-1.1949999999999998,-9.365,-8.035,47.235,70.435,0.0,AGCO|ASTE|CAT|CMI|DE|IEX|KMT|OSK|TEX|TWI,AGCO|ASTE|CAT|CMI|DE|IEX|KMT|OSK|TEX|TWI
MTX,10,10,-3.4,-5.73,-7.51,-1.64,-0.45999999999999996,2.31,-2.94,-8.040000000000001,-12.445,0.2,ALB|ASH|CE|HUN|IP|LIN|NUE|PPG|SHW|UAN,ALB|ASH|CE|HUN|IP|LIN|NUE|PPG|SHW|UAN
MTZ,10,10,-6.09,-24.81,-30.07,-1.24,-0.77,-0.8,-5.32,-24.009999999999998,-23.64,0.0,ACM|DY|EME|FIX|FLR|J|MYRG|PRIM|PWR|TTEK,ACM|DY|EME|FIX|FLR|J|MYRG|PRIM|PWR|TTEK
MU,10,10,0.71,-0.31,30.68,2.04,-6.0600000000000005,-10.155000000000001,6.7700000000000005,9.845,31.48,1.0,AMAT|AMD|AVGO|INTC|KLAC|LRCX|NVDA|QCOM|TXN|WDC,AMAT|AMD|AVGO|INTC|KLAC|LRCX|NVDA|QCOM|TXN|WDC
MUFG,10,10,-6.43,-3.55,10.28,0.24,-3.475,-1.315,-2.9549999999999996,-2.235,0.03999999999999915,0.0,BAC|C|GS|HSBC|JPM|MS|RY|TD|UBS|WFC,BAC|C|GS|HSBC|JPM|MS|RY|TD|UBS|WFC
MUR,10,8,10.49,-0.83,-1.39,4.2,7.975,8.635,2.5150000000000006,-9.465,-9.420000000000002,0.75,APA|COP|CVX|DVN|EOG|FANG|HES|MRO|OXY|XOM,APA|COP|CVX|DVN|EOG|FANG|OXY|XOM
MUSA,10,8,1.56,-7.43,2.93,0.75,0.895,-0.6599999999999999,0.665,-6.77,-13.07,0.625,CASY|CVI|DK|HES|MARPS|MRO|PARR|PSX|SUN|VLO,CASY|CVI|DK|MARPS|PARR|PSX|SUN|VLO
MUX,10,9,10.17,13.79,-5.01,1.29,12.91,31.72,-2.74,-17.93,-23.61,0.3333333333333333,AEM|AU|B|EGO|GBR|IAG|KGC|NEM|SA|SAND,AEM|AU|B|EGO|GBR|IAG|KGC|NEM|SA
MVBF,10,7,-1.83,3.87,17.94,-0.86,-4.14,3.97,2.3099999999999996,-0.10000000000000009,3.5500000000000007,0.8571428571428571,ACNB|CAC|CFFI|CTBI|FFIC|FULT|HTLF|OPOF|THFF|TMP,ACNB|CAC|CFFI|CTBI|FULT|THFF|TMP
MVIS,10,10,-53.18,-60.75,-80.04,-0.55,-3.795,1.905,-49.385,-62.655,-68.2,0.0,AEVA|ARBE|CODA|INVZ|LADR|LAZR|LIDR|MBLY|OUST|QS,AEVA|ARBE|CODA|INVZ|LADR|LAZR|LIDR|MBLY|OUST|QS
MVST,10,10,-13.26,-14.88,-38.42,-3.88,-5.99,-2.59,-7.27,-12.290000000000001,-24.115000000000002,0.1,BLDP|CBAT|CHPT|EOSE|FCEL|FLUX|PLUG|PRTS|SLDP|WKHS,BLDP|CBAT|CHPT|EOSE|FCEL|FLUX|PLUG|PRTS|SLDP|WKHS
MWA,10,10,-1.36,1.1,-1.05,-0.5,-2.205,3.6149999999999998,0.845,-2.5149999999999997,-10.085,0.7,AME|BMI|DOV|FSS|IEX|ITT|NDSN|PNR|WTS|XYL,AME|BMI|DOV|FSS|IEX|ITT|NDSN|PNR|WTS|XYL
MWG,10,10,8.53,11.11,0.72,-8.5,-1.29,-2.4,9.82,13.51,-12.12,1.0,AGCO|CAT|CMI|DE|F|MTW|OSK|PCAR|TEX|WAB,AGCO|CAT|CMI|DE|F|MTW|OSK|PCAR|TEX|WAB
MWYN,0,0,9.83,27.78,17.61,-1.43,,,,,,,,
MX,10,10,-12.97,-10.82,-35.67,-2.25,-1.88,-8.88,-11.09,-1.9399999999999995,-19.975,0.1,ADI|AMKR|AVGO|MCHP|MU|NXPI|ON|QCOM|SWKS|TXN,ADI|AMKR|AVGO|MCHP|MU|NXPI|ON|QCOM|SWKS|TXN
MXC,10,8,3.97,5.36,12.1,-0.51,9.105,9.075,-5.135,-3.714999999999999,5.2749999999999995,0.125,APA|AR|DVN|EOG|FANG|HES|MRO|NOG|OXY|SM,APA|AR|DVN|EOG|FANG|NOG|OXY|SM
MXCT,9,8,-0.72,21.05,28.97,-0.72,6.925000000000001,13.735,-7.6450000000000005,7.315000000000001,20.77,0.125,ABCL|ALLO|BEAM|CDXS|CRBU|CRSP|EDIT|NTLA|SGMO,ABCL|ALLO|BEAM|CDXS|CRBU|CRSP|EDIT|NTLA
MXL,10,10,-14.34,-24.35,-32.15,-1.14,-3.575,-8.88,-10.765,-15.47,-22.334999999999997,0.0,ADI|AMD|AVGO|INTC|NVDA|NXPI|ON|QRVO|SWKS|TXN,ADI|AMD|AVGO|INTC|NVDA|NXPI|ON|QRVO|SWKS|TXN
MYE,10,9,0.99,8.87,52.43,0.57,-3.47,-5.36,4.46,14.23,59.5,1.0,BHE|CR|DORM|ENS|GTLS|HNI|JBTM|KMT|MLI|PATK,BHE|CR|DORM|ENS|HNI|JBTM|KMT|MLI|PATK
MYFW,10,10,-0.63,-3.09,10.6,0.32,-4.055,-2.45,3.425,-0.6399999999999997,-1.17,1.0,BAC|C|CFG|FITB|JPM|KEY|PNC|RF|USB|WFC,BAC|C|CFG|FITB|JPM|KEY|PNC|RF|USB|WFC
MYGN,10,9,3.31,-42.14,-14.04,2.66,7.62,13.97,-4.3100000000000005,-56.11,-62.16,0.1111111111111111,CDNA|CRSP|EXAS|GH|ILMN|INCY|NTLA|QGEN|TWST|TXG,CDNA|CRSP|GH|ILMN|INCY|NTLA|QGEN|TWST|TXG
MYND,10,10,5.48,5.21,44.13,-3.23,-3.365,21.380000000000003,8.845,-16.17,30.35,1.0,AI|BBAI|CRM|GOOGL|MSFT|NVDA|PATH|PLTR|SNOW|SOFI,AI|BBAI|CRM|GOOGL|MSFT|NVDA|PATH|PLTR|SNOW|SOFI
MYO,10,9,17.99,65.64,88.31,-7.38,1.19,16.94,16.799999999999997,48.7,56.74,0.8888888888888888,ATEC|BLFS|INSP|OFIX|RCEL|SIBN|SRDX|STXS|TNDM|ZBH,ATEC|BLFS|INSP|OFIX|RCEL|SIBN|STXS|TNDM|ZBH
MYPS,9,7,-6.4,-24.16,10.87,-0.88,-1.52,0.86,-4.880000000000001,-25.02,3.389999999999999,0.0,CHDN|CZR|DKNG|EA|MGM|NTES|SKLZ|TTWO|U,CHDN|CZR|DKNG|MGM|NTES|TTWO|U
MYRG,10,10,-1.19,-20.95,-27.45,-0.8,-3.95,-7.720000000000001,2.7600000000000002,-13.229999999999999,-19.265,0.8,DY|EME|FIX|GVA|IESC|MTZ|ORN|PRIM|PWR|STRL,DY|EME|FIX|GVA|IESC|MTZ|ORN|PRIM|PWR|STRL
MYSE,10,9,10.08,12.3,67.77,1.64,-5.72,5.03,15.8,7.2700000000000005,49.209999999999994,1.0,CRWD|CYBR|MOMO|OKTA|PANW|PINS|SNAP|TENB|ZM|ZS,CRWD|MOMO|OKTA|PANW|PINS|SNAP|TENB|ZM|ZS
MYSZ,10,10,-26.26,-25.82,-38.16,1.31,-6.165,-9.254999999999999,-20.095000000000002,-16.565,-29.174999999999997,0.0,APPS|AUUD|CLBT|INTZ|PEGA|RDWR|RSKD|SMWB|TONX|TZOO,APPS|AUUD|CLBT|INTZ|PEGA|RDWR|RSKD|SMWB|TONX|TZOO
MZTI,10,9,-2.69,5.17,2.02,-2.23,-0.65,4.33,-2.04,0.8399999999999999,-4.869999999999999,0.2222222222222222,FLO|HAIN|HRL|INGR|JJSF|MKC|POST|PPC|SFM|THS,FLO|HAIN|HRL|INGR|JJSF|MKC|POST|PPC|SFM
NAAS,10,10,-4.07,5.1,10.0,-0.3,-0.47,-5.365,-3.6000000000000005,10.465,6.755,0.4,BLNK|CHPT|EVGO|F|GM|HMC|LCID|RIVN|TSLA|WBX,BLNK|CHPT|EVGO|F|GM|HMC|LCID|RIVN|TSLA|WBX
NABL,10,8,-6.7,-19.59,-5.67,-0.77,-2.26,23.96,-4.44,-43.55,-9.82,0.125,ADBE|ADSK|ANSS|AZPN|CDNS|CRM|MSFT|ORCL|PTC|SNPS,ADBE|ADSK|CDNS|CRM|MSFT|ORCL|PTC|SNPS
NAGE,10,10,2.33,-8.06,-16.77,-1.54,2.74,7.734999999999999,-0.41000000000000014,-15.795,-28.085,0.5,ACET|AUPH|BMRN|CHD|GALT|MNOV|NBTX|PLX|PRGO|SCYX,ACET|AUPH|BMRN|CHD|GALT|MNOV|NBTX|PLX|PRGO|SCYX
NAII,10,9,1.38,-7.56,-15.06,3.77,0.85,3.28,0.5299999999999999,-10.84,0.6899999999999995,0.6666666666666666,AMTX|HSDT|LFVN|MED|NATR|NBTB|NHTC|USNA|VTVT|ZYXI,AMTX|HSDT|LFVN|MED|NATR|NBTB|NHTC|USNA|VTVT
NAK,10,10,-2.11,-5.52,-17.93,-3.27,10.434999999999999,32.595,-12.544999999999998,-38.114999999999995,-30.62,0.0,BTG|EXK|GFI|HL|IAG|KGC|MUX|NG|SA|TKO,BTG|EXK|GFI|HL|IAG|KGC|MUX|NG|SA|TKO
NAKA,10,9,24.5,29.1,-0.45,3.3,-2.47,0.74,26.97,28.360000000000003,-27.509999999999998,1.0,ACCD|ALHC|AMWL|CLOV|DOCS|EVH|HIMS|OSCR|SLP|TDOC,ALHC|AMWL|CLOV|DOCS|EVH|HIMS|OSCR|SLP|TDOC
NAMI,0,0,-18.26,-11.04,-67.77,-1.4,,,,,,,,
NAMM,0,0,5.22,-12.96,0.71,2.92,,,,,,,,
NAMS,10,10,4.42,-12.15,-22.1,-2.31,4.720000000000001,12.719999999999999,-0.3000000000000007,-24.869999999999997,-43.905,0.4,AMGN|BIIB|BMY|GILD|JNJ|LLY|MRK|PFE|REGN|VRTX,AMGN|BIIB|BMY|GILD|JNJ|LLY|MRK|PFE|REGN|VRTX
NAT,10,10,6.13,10.3,25.27,0.0,4.29,11.280000000000001,1.8399999999999999,-0.9800000000000004,17.0,0.7,ASC|DHT|FRO|GLNG|GOGL|INSW|NMM|SFL|STNG|TNK,ASC|DHT|FRO|GLNG|GOGL|INSW|NMM|SFL|STNG|TNK
NATH,10,10,0.32,-0.36,-3.97,-0.15,-0.7450000000000001,8.425,1.0650000000000002,-8.785,-10.56,0.7,CMG|DPZ|JACK|MCD|QSR|RRGB|SHAK|WEN|WING|YUM,CMG|DPZ|JACK|MCD|QSR|RRGB|SHAK|WEN|WING|YUM
NATL,10,10,-0.9,-2.62,3.07,1.08,-1.9500000000000002,7.33,1.0500000000000003,-9.95,-15.174999999999997,0.6,ADP|BR|FICO|FIS|GPN|JKHY|JPM|PAYX|WU|XYZ,ADP|BR|FICO|FIS|GPN|JKHY|JPM|PAYX|WU|XYZ
NATR,10,9,-6.05,-30.96,-34.45,-1.27,0.83,-1.95,-6.88,-29.01,-29.540000000000003,0.0,HLF|IPAR|LFVN|MED|NUS|PAHC|STKL|TRC|USNA|VFF,HLF|IPAR|LFVN|MED|NUS|PAHC|TRC|USNA|VFF
NAUT,10,8,1.45,-46.89,-62.06,0.16,10.335,13.34,-8.885000000000002,-60.230000000000004,-112.595,0.25,CDNA|EXAS|GH|ILMN|OMIC|PACB|QDEL|QTRX|TWST|TXG,CDNA|GH|ILMN|PACB|QDEL|QTRX|TWST|TXG
NAVI,10,9,-1.57,5.63,9.45,-1.68,-2.48,2.36,0.9099999999999999,3.27,2.8099999999999996,0.5555555555555556,AIG|ALLY|CACC|CME|COF|DFS|MS|NLY|PRU|SLM,AIG|ALLY|CACC|CME|COF|MS|NLY|PRU|SLM
NAVN,0,0,-3.57,21.71,54.53,-1.78,,,,,,,,
NB,10,9,-17.75,-6.0,-19.17,-5.38,4.22,12.12,-21.97,-18.119999999999997,-19.770000000000003,0.0,ALB|FCX|HMY|LAC|MP|PLL|SCCO|SQM|SVM|TAK,ALB|FCX|HMY|LAC|MP|SCCO|SQM|SVM|TAK
NBBK,10,10,-5.11,2.99,9.42,-0.82,-3.9,-2.145,-1.2100000000000004,5.135,-2.9799999999999986,0.1,BAC|C|COF|GS|JPM|MS|PNC|TFC|USB|WFC,BAC|C|COF|GS|JPM|MS|PNC|TFC|USB|WFC
NBHC,10,10,-4.63,-5.06,-1.32,-0.68,-4.055,-2.145,-0.5750000000000002,-2.9149999999999996,-13.09,0.3,BAC|C|CFG|FITB|JPM|PNC|RF|TFC|USB|WFC,BAC|C|CFG|FITB|JPM|PNC|RF|TFC|USB|WFC
NBIS,0,0,-16.15,-1.98,11.48,-4.56,,,,,,,,
NBIX,10,9,2.81,-10.21,0.25,-0.31,5.83,12.01,-3.02,-22.22,-16.71,0.1111111111111111,ACAD|ALNY|BIIB|EXEL|GILD|INCY|IONS|REGN|SAGE|VRTX,ACAD|ALNY|BIIB|EXEL|GILD|INCY|IONS|REGN|VRTX
NBN,10,9,-6.01,-0.5,4.94,-1.03,-3.9,-2.02,-2.11,1.52,-8.169999999999998,0.0,BAC|BK|C|CFG|JPM|PNC|STT|TFC|USB|WFC,BAC|C|CFG|JPM|PNC|STT|TFC|USB|WFC
NBP,10,10,-5.21,3.51,2.33,-9.04,3.275,10.49,-8.485,-6.98,-10.68,0.0,BBIO|CANF|HCM|LEGN|MRNA|OCGN|ONC|RGEN|TME|ZLAB,BBIO|CANF|HCM|LEGN|MRNA|OCGN|ONC|RGEN|TME|ZLAB
NBR,9,9,-0.44,6.77,-14.64,-0.88,3.45,12.98,-3.89,-6.210000000000001,-9.27,0.0,BKR|FTI|HAL|HP|NE|OII|PTEN|RIG|SLB,BKR|FTI|HAL|HP|NE|OII|PTEN|RIG|SLB
NBTB,10,10,-3.96,-0.54,12.9,-0.58,-4.13,-0.9550000000000001,0.16999999999999993,0.41500000000000004,1.5099999999999998,0.6,BMRC|CHCO|CTBI|CZNC|FFBC|FULT|HBNC|TMP|TRST|UVSP,BMRC|CHCO|CTBI|CZNC|FFBC|FULT|HBNC|TMP|TRST|UVSP
NBTX,10,9,14.07,7.83,0.88,-4.08,6.62,13.97,7.45,-6.140000000000001,-8.559999999999999,1.0,BEAM|BMRN|CRSP|EDIT|FATE|IMTX|IONS|NTLA|SGMO|SRPT,BEAM|BMRN|CRSP|EDIT|FATE|IMTX|IONS|NTLA|SRPT
NC,10,9,-2.86,-12.79,-17.41,-2.56,5.79,8.17,-8.65,-20.96,-28.560000000000002,0.0,AMR|ARCH|ARLP|BTU|CNR|HCC|HNRG|METC|NRP|SXC,AMR|ARLP|BTU|CNR|HCC|HNRG|METC|NRP|SXC
NCDL,10,10,-2.26,-1.4,-4.68,-0.2,-2.16,5.9,-0.09999999999999964,-7.300000000000001,-7.015,0.5,ARCC|CGBD|FLEX|GBDC|GSBD|HTGC|PFLT|PNNT|SLRC|TSLX,ARCC|CGBD|FLEX|GBDC|GSBD|HTGC|PFLT|PNNT|SLRC|TSLX
NCEL,9,8,-8.06,-9.32,1.85,1.85,3.885,-3.175,-11.945,-6.1450000000000005,15.81,0.125,ALDX|ANVS|ARDX|GNPX|HYPD|MNOV|OCUL|RLMD|VRNA,ALDX|ANVS|ARDX|GNPX|HYPD|MNOV|OCUL|RLMD
NCEW,0,0,2.14,0.29,-14.38,-2.0,,,,,,,,
NCI,10,10,6.79,9.72,42.31,3.94,-2.295,0.545,9.085,9.175,48.535000000000004,1.0,AAPL|AMZN|CSCO|GOOGL|INTC|MSFT|NFLX|NVDA|ORCL|TSLA,AAPL|AMZN|CSCO|GOOGL|INTC|MSFT|NFLX|NVDA|ORCL|TSLA
NCLH,10,10,-15.77,-14.81,2.72,-5.05,-0.8200000000000001,6.98,-14.95,-21.79,-6.029999999999999,0.0,BKNG|CCL|CHH|DIS|EXPE|HLT|LIND|MCS|RCL|TRIP,BKNG|CCL|CHH|DIS|EXPE|HLT|LIND|MCS|RCL|TRIP
NCMI,10,10,-4.22,-32.81,-13.87,-2.78,0.35,11.895,-4.569999999999999,-44.705,-41.11,0.2,AMC|CMCSA|CNK|DIS|EVI|IMAX|LYV|MCS|RDI|SNDL,AMC|CMCSA|CNK|DIS|EVI|IMAX|LYV|MCS|RDI|SNDL
NCNA,10,10,3.77,12.93,-24.72,-0.92,5.025,12.719999999999999,-1.2550000000000003,0.21000000000000085,-49.644999999999996,0.1,ABBV|AMGN|BIIB|BMY|GILD|LLY|MRK|PFE|REGN|VRTX,ABBV|AMGN|BIIB|BMY|GILD|LLY|MRK|PFE|REGN|VRTX
NCNO,10,10,-1.09,23.1,32.09,-1.24,0.755,23.29,-1.8450000000000002,-0.18999999999999773,12.640000000000004,0.3,ACIW|ADBE|BR|FIS|INTU|JKHY|MORN|PAYC|SSNC|XYZ,ACIW|ADBE|BR|FIS|INTU|JKHY|MORN|PAYC|SSNC|XYZ
NCPL,10,10,-32.68,-44.92,-51.31,-3.62,-10.094999999999999,8.895,-22.585,-53.815,-26.450000000000003,0.0,ACHR|EVEX|MNTS|PL|QS|RDW|RKLB|SPCE|SPIR|SRTA,ACHR|EVEX|MNTS|PL|QS|RDW|RKLB|SPCE|SPIR|SRTA
NCRA,10,9,-18.99,26.32,-69.67,-5.42,0.81,2.73,-19.799999999999997,23.59,-79.95,0.0,GIS|HRL|KHC|MKC|MZTI|POST|PPC|SYY|THS|TSN,GIS|HRL|KHC|MKC|MZTI|POST|PPC|SYY|TSN
NCSM,10,10,-0.31,8.81,15.17,-0.58,-0.27,4.8149999999999995,-0.03999999999999998,3.995000000000001,20.84,0.5,BKR|FTI|FTK|HAL|INVX|LBRT|NOV|OIS|RES|SLB,BKR|FTI|FTK|HAL|INVX|LBRT|NOV|OIS|RES|SLB
NCT,0,0,1.85,32.65,57.55,-4.5,,,,,,,,
NCTY,8,8,1.41,8.98,-19.44,-0.23,4.105,-6.76,-2.6950000000000003,15.74,-7.0550000000000015,0.125,ANY|BTBT|CAN|EBON|HUT|MARA|RIOT|SOS,ANY|BTBT|CAN|EBON|HUT|MARA|RIOT|SOS
NDAQ,10,10,1.21,8.66,9.73,2.51,0.675,6.88,0.5349999999999999,1.7800000000000002,2.670000000000001,0.6,CBOE|CME|FDS|ICE|MKTX|MOOD|MSCI|NLY|SCHW|SPGI,CBOE|CME|FDS|ICE|MKTX|MOOD|MSCI|NLY|SCHW|SPGI
NDLS,10,10,-8.44,21.89,37.92,-1.22,-2.115,7.195,-6.324999999999999,14.695,31.330000000000002,0.0,BJRI|CAKE|CMG|DPZ|DRI|MCD|PZZA|QSR|WEN|YUM,BJRI|CAKE|CMG|DPZ|DRI|MCD|PZZA|QSR|WEN|YUM
NDMO,0,0,-0.01,-1.67,-1.0,0.09,,,,,,,,
NDRA,9,4,-3.78,-23.33,-22.5,-4.84,2.12,33.075,-5.9,-56.405,-129.07,0.0,AXDX|BFLY|BNBX|CASI|CDNA|DXCM|MRSN|TTOO|XGN,BFLY|CDNA|DXCM|XGN
NDSN,10,10,6.96,13.71,20.05,7.1,-2.955,-0.18499999999999994,9.915,13.895000000000001,13.05,1.0,AME|DOV|GWW|HON|IR|ITW|LECO|ROP|SWK|XYL,AME|DOV|GWW|HON|IR|ITW|LECO|ROP|SWK|XYL
NE,9,9,5.88,8.2,-13.11,2.23,3.45,11.67,2.4299999999999997,-3.4700000000000006,-7.739999999999999,0.8888888888888888,BKR|FTI|HAL|HLX|OII|RIG|SDRL|SLB|TDW,BKR|FTI|HAL|HLX|OII|RIG|SDRL|SLB|TDW
NECB,10,9,-3.49,-1.51,8.51,-1.29,-3.16,-0.89,-0.33000000000000007,-0.62,1.8599999999999994,0.4444444444444444,BKU|CNOB|FBIZ|FFIC|FLG|KRNY|OCFC|SFNC|TCBI|UBSI,BKU|CNOB|FBIZ|FLG|KRNY|OCFC|SFNC|TCBI|UBSI
NEE,10,10,-1.03,-4.79,-3.56,-0.91,0.34500000000000003,-4.0600000000000005,-1.375,-0.7299999999999995,-3.805,0.0,AEP|D|DUK|ED|EIX|EXC|PCG|PEG|SO|SRE,AEP|D|DUK|ED|EIX|EXC|PCG|PEG|SO|SRE
NEGG,10,10,-4.21,15.71,-11.85,-1.99,-1.895,0.635,-2.315,15.075000000000001,-17.87,0.2,AMZN|BBY|CDW|COST|EBAY|FLWS|M|TGT|W|WMT,AMZN|BBY|CDW|COST|EBAY|FLWS|M|TGT|W|WMT
NEM,7,7,11.53,33.01,18.6,1.85,14.31,34.94,-2.780000000000001,-1.9299999999999997,4.470000000000001,0.14285714285714285,AEM|AU|B|BTG|EQX|IAG|KGC,AEM|AU|B|BTG|EQX|IAG|KGC
NEN,10,9,1.79,0.88,-5.0,2.68,-0.87,-2.64,2.66,3.52,-5.03,0.8888888888888888,AIV|AVB|CPT|CSR|EQR|ESS|IRT|MAA|NXRT|UDR,AIV|AVB|CPT|CSR|ESS|IRT|MAA|NXRT|UDR
NEO,10,9,1.64,18.9,87.17,0.03,4.94,17.07,-3.3000000000000007,1.8299999999999983,56.18000000000001,0.0,A|BIO|DGX|EXAS|GH|ILMN|LH|NVCR|QGEN|TMO,A|BIO|DGX|GH|ILMN|LH|NVCR|QGEN|TMO
NEOG,10,9,1.22,22.43,36.3,-0.95,2.14,13.01,-0.9200000000000002,9.42,-1.4100000000000037,0.3333333333333333,AVTR|BIO|BRKR|CTLT|ICUI|STAA|STE|TECH|TMO|WAT,AVTR|BIO|BRKR|ICUI|STAA|STE|TECH|TMO|WAT
NEON,10,10,0.06,7.8,-50.34,-1.65,-5.505,-8.235,5.5649999999999995,16.035,-33.905,0.9,ADI|CDNS|CEVA|HIMX|IMMR|LSCC|MCHP|OLED|ON|SYNA,ADI|CDNS|CEVA|HIMX|IMMR|LSCC|MCHP|OLED|ON|SYNA
NEOV,9,9,-11.69,28.99,34.42,-9.05,-4.2,-4.19,-7.489999999999999,33.18,62.85,0.0,ARRY|CSIQ|ENPH|FSLR|JKS|RUN|SEDG|SHLS|SLP,ARRY|CSIQ|ENPH|FSLR|JKS|RUN|SEDG|SHLS|SLP
NEPH,10,10,-5.03,22.04,24.95,-6.42,0.685,8.48,-5.715,13.559999999999999,16.189999999999998,0.0,ACH|BAX|DXR|FMS|FSP|KNSA|MTD|NXRT|RMD|TNDM,ACH|BAX|DXR|FMS|FSP|KNSA|MTD|NXRT|RMD|TNDM
NERV,10,9,21.05,7.11,-5.67,-0.94,4.27,-0.75,16.78,7.86,-22.630000000000003,1.0,ACAD|ALKS|AXSM|BIIB|BMRN|CYTK|NBIX|SAGE|UTHR|VRTX,ACAD|ALKS|AXSM|BIIB|BMRN|CYTK|NBIX|UTHR|VRTX
NESR,0,0,-7.77,14.45,26.86,-1.3,,,,,,,,
NET,10,10,-14.24,5.48,35.03,-2.83,-4.46,4.425,-9.780000000000001,1.0550000000000006,32.415,0.2,AKAM|AMZN|CRWD|CSCO|FSLY|GOOGL|MSFT|OKTA|VZ|ZS,AKAM|AMZN|CRWD|CSCO|FSLY|GOOGL|MSFT|OKTA|VZ|ZS
NEU,10,10,-1.39,21.61,31.93,0.39,5.535,11.74,-6.925,9.87,23.47,0.0,BKR|BP|COP|CVX|HAL|MPC|PSX|SLB|VLO|XOM,BKR|BP|COP|CVX|HAL|MPC|PSX|SLB|VLO|XOM
NEUP,10,8,3.92,19.52,-19.27,1.27,1.21,12.72,2.71,6.799999999999999,-60.03,0.75,AKRO|ARWR|BHVN|BPMC|CORT|CRSP|FATE|KNSA|NKTR|QURE,ARWR|BHVN|CORT|CRSP|FATE|KNSA|NKTR|QURE
NEWP,10,9,2.6,47.33,40.14,0.95,12.3,32.28,-9.700000000000001,15.049999999999997,22.19,0.0,AG|AUMN|CDE|EXK|FSM|HL|PAAS|SVM|USAS|WPM,AG|CDE|EXK|FSM|HL|PAAS|SVM|USAS|WPM
NEWT,10,10,-5.51,-16.16,-6.86,-1.98,-1.875,7.7,-3.635,-23.86,-11.695,0.0,ARCC|GLAD|GSBD|HTGC|MAIN|PSEC|SLRC|TCPC|TPVG|TSLX,ARCC|GLAD|GSBD|HTGC|MAIN|PSEC|SLRC|TCPC|TPVG|TSLX
NEXA,10,10,-2.01,4.09,1.48,-0.9,4.175,10.56,-6.185,-6.470000000000001,-8.355,0.0,AA|BHP|FCX|HL|KGC|NEM|RIO|SCCO|TECK|VALE,AA|BHP|FCX|HL|KGC|NEM|RIO|SCCO|TECK|VALE
NEXM,0,0,5.97,-0.51,-19.77,-1.37,,,,,,,,
NEXN,10,10,-8.85,0.82,19.68,-2.59,1.3199999999999998,5.175,-10.17,-4.3549999999999995,18.475,0.0,BF-B|BUD|CCU|DEO|HSY|KDP|PEP|SAM|STZ|TAP,BF-B|BUD|CCU|DEO|HSY|KDP|PEP|SAM|STZ|TAP
NEXT,9,8,3.1,-8.51,-19.75,4.04,3.1550000000000002,4.27,-0.05500000000000016,-12.78,-17.835,0.5,ENLC|EPD|ET|FLNG|GLNG|KMI|LNG|SRE|TRGP,EPD|ET|FLNG|GLNG|KMI|LNG|SRE|TRGP
NFE,9,8,-9.28,-10.46,-50.9,-0.61,6.135,6.48,-15.415,-16.94,-54.39,0.0,APA|AR|DVN|EQT|FANG|LNG|MRO|OVV|RRC,APA|AR|DVN|EQT|FANG|LNG|OVV|RRC
NFG,10,10,3.89,2.2,2.98,1.3,1.715,2.0250000000000004,2.175,0.17499999999999982,0.7349999999999999,0.8,CQP|EPD|ET|KMI|MPLX|OKE|PAA|PBA|TRP|TTE,CQP|EPD|ET|KMI|MPLX|OKE|PAA|PBA|TRP|TTE
NFGC,10,9,6.36,19.39,-10.91,-1.4,12.91,33.01,-6.55,-13.619999999999997,-28.89,0.1111111111111111,AEM|B|EGO|GFI|HMY|KGC|NEM|NG|SA|SAND,AEM|B|EGO|GFI|HMY|KGC|NEM|NG|SA
NFLX,10,10,2.33,16.83,-9.11,-0.19,1.125,7.845,1.205,8.985,-12.899999999999999,0.8,AAPL|AMZN|CMCSA|DIS|FUBO|GOOGL|LYV|PARA|ROKU|WBD,AAPL|AMZN|CMCSA|DIS|FUBO|GOOGL|LYV|PARA|ROKU|WBD
NG,10,9,10.7,38.33,7.78,1.65,13.14,33.01,-2.4400000000000013,5.32,-9.009999999999998,0.1111111111111111,AEM|AU|B|BVN|GFI|HMY|KGC|NEM|NGD|SSRM,AEM|AU|B|BVN|GFI|HMY|KGC|NEM|SSRM
NGEN,0,0,-2.91,-0.66,-54.31,-2.36,,,,,,,,
NGG,10,10,0.0,-3.18,-4.15,0.66,0.34500000000000003,-3.385,-0.34500000000000003,0.20499999999999963,-4.125,0.4,AEP|D|DUK|ED|EXC|NEE|PCG|SO|SRE|XEL,AEP|D|DUK|ED|EXC|NEE|PCG|SO|SRE|XEL
NGL,10,9,-0.03,5.85,-0.49,0.97,1.83,-0.02,-1.86,5.869999999999999,-4.39,0.3333333333333333,ENLC|EPD|ET|KMI|OKE|PAA|PLUG|TRGP|WES|WMB,EPD|ET|KMI|OKE|PAA|PLUG|TRGP|WES|WMB
NGNE,10,9,5.96,4.55,40.09,-4.25,-0.6,-6.15,6.56,10.7,39.06,0.8888888888888888,ACAD|AXSM|BLUE|BTAI|FATE|NBIX|PRTA|PTCT|RARE|RNA,ACAD|AXSM|BTAI|FATE|NBIX|PRTA|PTCT|RARE|RNA
NGS,10,10,-3.18,-10.06,-16.15,0.99,1.365,4.085,-4.545,-14.145,-20.68,0.0,APD|EPD|ET|KMI|LNG|MPLX|OKE|SRE|TRGP|WMB,APD|EPD|ET|KMI|LNG|MPLX|OKE|SRE|TRGP|WMB
NGVC,10,10,-3.34,-13.39,-7.72,-1.41,-3.4,-3.21,0.06000000000000005,-10.18,2.21,0.5,ACI|CASY|COST|GO|IMKTA|KR|SFM|TGT|UNFI|WMT,ACI|CASY|COST|GO|IMKTA|KR|SFM|TGT|UNFI|WMT
NGVT,10,10,-8.04,-7.27,4.81,-2.66,-0.835,6.5649999999999995,-7.204999999999999,-13.834999999999999,-1.67,0.0,ALB|ASH|CE|EMN|FUL|IOSP|KWR|OLN|PPG|RPM,ALB|ASH|CE|EMN|FUL|IOSP|KWR|OLN|PPG|RPM
NHC,10,8,7.89,7.64,18.88,1.34,-1.065,7.31,8.955,0.33000000000000007,13.995,1.0,ACHC|ADUS|AMED|BKD|CYH|ENSG|HCA|SEM|THC|UHS,ACHC|ADUS|BKD|CYH|ENSG|HCA|THC|UHS
NHI,10,8,4.55,-6.84,-3.83,0.58,2.23,-5.195,2.32,-1.6449999999999996,-5.255,0.875,DOC|GMRE|HCP|HR|LTC|OHI|SBRA|UHT|VTR|WELL,DOC|HR|LTC|OHI|SBRA|UHT|VTR|WELL
NHIC,0,0,0.0,-1.67,0.76,-0.05,,,,,,,,
NHTC,10,10,-2.22,-5.38,-38.46,1.15,-2.455,-1.85,0.23499999999999988,-3.53,-38.445,0.5,CHD|CL|EL|HELE|HLF|KMB|MED|NATR|PG|USNA,CHD|CL|EL|HELE|HLF|KMB|MED|NATR|PG|USNA
NI,10,10,0.18,-9.48,-10.35,1.26,0.415,-4.26,-0.235,-5.220000000000001,-9.53,0.4,AEE|CMS|D|DUK|EVRG|LNT|OGE|PNW|SRE|XEL,AEE|CMS|D|DUK|EVRG|LNT|OGE|PNW|SRE|XEL
NIC,10,10,-3.63,2.34,20.64,-0.56,-4.255,-3.32,0.625,5.66,13.335,0.9,BCBP|BMRC|CIVB|EQBK|FNB|FULT|HBNC|MBIN|SBCF|WNEB,BCBP|BMRC|CIVB|EQBK|FNB|FULT|HBNC|MBIN|SBCF|WNEB
NICE,10,10,-3.64,14.57,8.16,0.49,0.325,26.060000000000002,-3.9650000000000003,-11.490000000000002,2.2300000000000004,0.1,ACN|ADBE|ADSK|CDNS|CRM|INTU|MSFT|NOW|ORCL|VEEV,ACN|ADBE|ADSK|CDNS|CRM|INTU|MSFT|NOW|ORCL|VEEV
NINE,10,10,3.49,-11.55,0.43,-0.24,0.82,6.640000000000001,2.6700000000000004,-18.19,6.1,0.8,BKR|CLB|FTI|HAL|LBRT|OIS|PTEN|RES|SLB|WHD,BKR|CLB|FTI|HAL|LBRT|OIS|PTEN|RES|SLB|WHD
NIO,10,10,0.86,-2.81,-18.81,-0.9,1.23,0.4750000000000001,-0.37,-3.285,-22.055,0.4,F|GM|HMC|LCID|LI|RIVN|TM|TSLA|WKHS|XPEV,F|GM|HMC|LCID|LI|RIVN|TM|TSLA|WKHS|XPEV
NIPG,10,10,50.32,56.38,-0.83,-4.96,-0.585,-2.1350000000000002,50.905,58.515,-3.495,1.0,AIG|ALL|CB|CINF|HIG|MKL|PGR|RLI|SIGI|TRV,AIG|ALL|CB|CINF|HIG|MKL|PGR|RLI|SIGI|TRV
NIU,10,9,-5.21,-27.01,-21.26,-4.31,0.86,-2.81,-6.07,-24.200000000000003,-21.96,0.1111111111111111,F|GM|GOEV|HMC|LCID|LI|NIO|RIVN|TM|TSLA,F|GM|HMC|LCID|LI|NIO|RIVN|TM|TSLA
NIVF,10,8,-4.66,-58.72,-76.36,-7.02,4.300000000000001,15.805,-8.96,-74.525,-105.25,0.0,A|DGX|EXAS|HOLX|ILMN|LH|MYGN|NTRA|NVCR|QDEL,A|DGX|ILMN|LH|MYGN|NTRA|NVCR|QDEL
NIXX,10,9,1.0,-22.25,34.31,-2.94,0.02,8.43,0.98,-30.68,6.260000000000002,0.7777777777777778,FVRR|HSII|KFY|MAN|PYPL|RHI|TTEC|TTWO|UPWK|WIX,FVRR|KFY|MAN|PYPL|RHI|TTEC|TTWO|UPWK|WIX
NJR,10,10,-0.38,-6.03,-3.61,0.45,0.11,-3.4000000000000004,-0.49,-2.63,-2.795,0.3,AEE|ATO|CNP|D|NI|NWE|PNW|SO|SWX|UGI,AEE|ATO|CNP|D|NI|NWE|PNW|SO|SWX|UGI
NKE,10,9,-2.66,-4.92,-9.18,-2.25,-5.0,-13.5,2.34,8.58,-7.76,0.7777777777777778,BIRK|COLM|CROX|DECK|LULU|ONON|SKX|UAA|VFC|WWW,BIRK|COLM|CROX|DECK|LULU|ONON|UAA|VFC|WWW
NKLR,0,0,-5.78,8.33,5.57,-6.69,,,,,,,,
NKSH,10,9,-4.92,12.62,14.79,-1.55,-4.37,-1.99,-0.5499999999999998,14.61,8.419999999999998,0.3333333333333333,ASB|BKU|CBSH|CMA|FNB|FULT|OZK|VLY|WBS|WTFC,ASB|BKU|CBSH|FNB|FULT|OZK|VLY|WBS|WTFC
NKTR,10,10,-3.28,5.93,5.67,-3.48,5.18,12.085,-8.459999999999999,-6.155000000000001,-8.74,0.0,AMGN|BIIB|EXEL|GILD|INCY|IONS|NBIX|REGN|SRPT|VRTX,AMGN|BIIB|EXEL|GILD|INCY|IONS|NBIX|REGN|SRPT|VRTX
NKTX,10,8,7.17,2.28,-11.96,-2.95,6.925000000000001,14.45,0.24499999999999922,-12.17,-28.415,0.5,ALLO|BLRX|BLUE|BMRN|CLLS|CRSP|EDIT|FATE|NTLA|SGMO,ALLO|BLRX|BMRN|CLLS|CRSP|EDIT|FATE|NTLA
NL,10,10,-0.77,14.89,-10.74,0.31,0.12000000000000001,6.725,-0.89,8.165000000000001,-12.35,0.4,ASH|CC|CE|DD|ECL|EMN|HUN|KRO|LYB|SCL,ASH|CC|CE|DD|ECL|EMN|HUN|KRO|LYB|SCL
NLOP,10,9,-0.9,0.13,1.63,0.83,0.58,-5.45,-1.48,5.58,2.91,0.0,ADC|EPRT|FCPT|GTY|NNN|O|REG|ROIC|SITC|WPC,ADC|EPRT|FCPT|GTY|NNN|O|REG|SITC|WPC
NLY,10,10,0.04,4.37,8.53,-1.44,-0.25,-0.29500000000000004,0.29,4.665,9.76,0.6,AGNC|ARR|CHMI|DX|EFC|IVR|MITT|ORC|PMT|TWO,AGNC|ARR|CHMI|DX|EFC|IVR|MITT|ORC|PMT|TWO
NMAI,0,0,-4.47,2.12,2.78,-0.52,,,,,,,,
NMAX,0,0,15.47,36.8,49.9,0.41,,,,,,,,
NMFC,10,10,-3.79,8.31,-7.7,-1.25,-1.655,7.655,-2.135,0.6550000000000002,-12.64,0.0,ARCC|CGBD|FDUS|GBDC|GSBD|MAIN|PSEC|SLRC|TPVG|TSLX,ARCC|CGBD|FDUS|GBDC|GSBD|MAIN|PSEC|SLRC|TPVG|TSLX
NMG,10,9,-9.0,0.37,-30.71,-3.87,3.66,10.81,-12.66,-10.440000000000001,-25.1,0.1111111111111111,ALB|BTG|CCJ|FCX|LAC|MP|PLL|RIO|SQM|VALE,ALB|BTG|CCJ|FCX|LAC|MP|RIO|SQM|VALE
NMIH,10,10,-0.14,8.84,18.63,-0.64,-1.125,-0.14,0.985,8.98,12.909999999999998,0.8,ACT|AIG|ESNT|GNW|MFA|MTG|ORI|PMT|RDN|RITM,ACT|AIG|ESNT|GNW|MFA|MTG|ORI|PMT|RDN|RITM
NMM,10,10,6.49,17.46,15.01,3.52,5.705,7.1850000000000005,0.7850000000000001,10.275,8.98,0.8,CMRE|DAC|DSX|ESEA|GOGL|GSL|MATX|NAT|SB|SFL,CMRE|DAC|DSX|ESEA|GOGL|GSL|MATX|NAT|SB|SFL
NMP,0,0,0.19,0.48,0.97,0.29,,,,,,,,
NMR,10,9,-5.15,-3.41,16.38,-0.26,-2.44,1.65,-2.7100000000000004,-5.0600000000000005,9.739999999999998,0.1111111111111111,BAC|BK|BLK|C|CME|GS|JPM|MS|MSCI|SCHW,BAC|BLK|C|CME|GS|JPM|MS|MSCI|SCHW
NMRA,10,9,-10.36,0.7,-9.84,-5.44,-0.69,4.38,-9.67,-3.6799999999999997,-26.8,0.0,ACAD|ALKS|AVXL|AXSM|BHVN|BIIB|NBIX|PRTA|SAGE|VRTX,ACAD|ALKS|AVXL|AXSM|BHVN|BIIB|NBIX|PRTA|VRTX
NMRK,10,8,5.46,5.18,11.58,-1.46,1.795,7.23,3.665,-2.0500000000000007,-4.745000000000003,1.0,CBRE|CIGI|CWK|EXPI|FLR|FR|HST|JLL|KW|PK,CBRE|CIGI|CWK|FLR|FR|HST|JLL|PK
NMTC,9,8,25.14,18.66,-44.01,5.05,0.19499999999999998,8.66,24.945,10.0,-46.86,1.0,AXGN|CERS|CNMD|INGN|NVCR|PEN|SENS|STXS|TTOO,AXGN|CERS|CNMD|INGN|NVCR|PEN|SENS|STXS
NN,10,9,-11.33,35.05,-25.38,-5.26,-5.92,3.31,-5.41,31.74,-13.249999999999998,0.2222222222222222,ASTS|BA|GSAT|IRDM|LHX|LLAP|NOC|RDW|RKLB|SPIR,ASTS|BA|GSAT|IRDM|LHX|NOC|RDW|RKLB|SPIR
NNBR,10,10,0.97,5.65,54.45,-1.75,-0.675,1.2850000000000001,1.645,4.365,55.24,0.7,ALV|APTV|BWA|DAN|GNTX|GPC|LEA|MGA|TEN|VC,ALV|APTV|BWA|DAN|GNTX|GPC|LEA|MGA|TEN|VC
NNDM,8,6,-7.58,3.04,0.33,-0.33,-8.475,-1.66,0.8949999999999996,4.7,-3.0549999999999997,0.5,CHGG|DDD|DM|MKFG|MTLS|PRLB|SSYS|XPOF,CHGG|DDD|MTLS|PRLB|SSYS|XPOF
NNE,10,9,-12.87,3.22,-26.46,-6.64,-9.64,-2.69,-3.2299999999999986,5.91,-11.200000000000001,0.2222222222222222,BE|BWEN|ENPH|FCEL|GE|KRNT|OPTT|PLUG|SMR|TPIC,BE|BWEN|ENPH|FCEL|GE|KRNT|OPTT|PLUG|SMR
NNI,10,8,-0.83,-4.82,-1.67,0.08,-5.23,-4.405,4.4,-0.41500000000000004,-2.2199999999999998,0.75,ALLY|COOP|GDOT|LPRO|ONEW|OZK|PFSI|RM|SLM|SST,ALLY|GDOT|ONEW|OZK|PFSI|RM|SLM|SST
NNN,9,9,0.13,-5.45,2.21,0.13,-0.15,-6.66,0.28,1.21,3.49,0.5555555555555556,ADC|BRX|EPRT|FCPT|GTY|KIM|O|REG|WPC,ADC|BRX|EPRT|FCPT|GTY|KIM|O|REG|WPC
NNNN,0,0,-26.8,-20.53,-76.41,-3.1,,,,,,,,
NNOX,10,9,-9.14,-8.57,-50.55,-3.76,-1.24,13.62,-7.9,-22.189999999999998,-60.72,0.1111111111111111,ABT|ALGN|BSX|EW|GE|HOLX|ISRG|PHG|TMO|ZBH,ABT|ALGN|BSX|EW|GE|ISRG|PHG|TMO|ZBH
NNVC,10,9,-3.31,-13.49,-18.83,-1.87,4.29,12.16,-7.6,-25.65,-27.849999999999998,0.2222222222222222,ADMA|AIM|ALT|BNTX|GILD|GOVX|MRNA|NVAX|PFE|VXRT,ADMA|AIM|ALT|BNTX|GILD|GOVX|MRNA|NVAX|PFE
NOA,10,10,-6.59,-4.19,-7.74,-1.3,-2.415,2.92,-4.175,-7.11,-0.39000000000000057,0.0,CAT|DE|EME|FIX|FLR|MTZ|PRIM|PWR|URI|WLDN,CAT|DE|EME|FIX|FLR|MTZ|PRIM|PWR|URI|WLDN
NOAH,10,10,1.51,-1.13,-8.49,-1.13,-2.8150000000000004,1.3399999999999999,4.325,-2.4699999999999998,-20.595,1.0,BAC|BLK|C|GS|JPM|MS|RJF|SCHW|UBS|WFC,BAC|BLK|C|GS|JPM|MS|RJF|SCHW|UBS|WFC
NOC,8,8,0.35,9.8,4.45,-1.02,-4.725,2.215,5.074999999999999,7.585000000000001,8.145,1.0,BA|BWXT|GD|HII|LHX|LMT|TDG|TXT,BA|BWXT|GD|HII|LHX|LMT|TDG|TXT
NODK,10,10,-0.36,-3.87,11.08,1.49,-0.505,-2.1350000000000002,0.14500000000000002,-1.7349999999999999,9.07,0.5,AIG|ALL|CINF|HIG|KMPR|PGR|SIGI|THG|TRV|WRB,AIG|ALL|CINF|HIG|KMPR|PGR|SIGI|THG|TRV|WRB
NOEM,0,0,0.0,2.22,3.79,0.0,,,,,,,,
NOG,10,8,9.82,21.77,11.55,2.99,9.98,8.780000000000001,-0.16000000000000014,12.989999999999998,8.06,0.5,APA|DVN|EQT|FANG|HES|MGY|MRO|MTDR|OXY|SM,APA|DVN|EQT|FANG|MGY|MTDR|OXY|SM
NOK,10,10,-3.11,-0.47,-24.88,1.07,-2.895,2.9050000000000002,-0.21499999999999986,-3.375,-16.849999999999998,0.5,AMZN|BB|CSCO|ERIC|GOOGL|HPE|INTC|MSFT|ORCL|QCOM,AMZN|BB|CSCO|ERIC|GOOGL|HPE|INTC|MSFT|ORCL|QCOM
NOMA,0,0,-14.39,-25.9,-31.52,2.26,,,,,,,,
NOMD,10,9,-2.37,-0.8,12.81,-1.55,0.61,5.17,-2.98,-5.97,-4.029999999999999,0.2222222222222222,CAG|CPB|GIS|HRL|K|KHC|MDLZ|MZTI|POST|SJM,CAG|CPB|GIS|HRL|KHC|MDLZ|MZTI|POST|SJM
NOV,10,10,-0.17,1.35,-2.14,-0.41,0.45499999999999996,9.745000000000001,-0.625,-8.395000000000001,3.53,0.4,BKR|FET|FTI|HAL|INVX|OII|PUMP|RES|SLB|TDW,BKR|FET|FTI|HAL|INVX|OII|PUMP|RES|SLB|TDW
NOVT,10,10,-11.57,1.83,-3.71,1.0,-11.344999999999999,-16.155,-0.22500000000000142,17.985,12.219999999999999,0.5,COHR|COHU|IPGP|KLIC|MKSI|MTSI|ONTO|UCTT|VECO|VSH,COHR|COHU|IPGP|KLIC|MKSI|MTSI|ONTO|UCTT|VECO|VSH
NOW,9,9,2.33,36.41,26.06,2.35,-3.0,27.14,5.33,9.269999999999996,10.989999999999998,0.8888888888888888,ADBE|CRM|DOCU|INTU|MSFT|ORCL|SNOW|VEEV|WDAY,ADBE|CRM|DOCU|INTU|MSFT|ORCL|SNOW|VEEV|WDAY
NP,0,0,3.16,10.28,19.1,2.05,,,,,,,,
NPAC,0,0,-0.19,0.77,1.26,0.19,,,,,,,,
NPB,0,0,-2.75,0.3,-3.2,-0.49,,,,,,,,
NPCE,10,9,-2.93,-3.4,-13.43,-3.79,-1.24,9.36,-1.6900000000000002,-12.76,-18.62,0.2222222222222222,BSX|EW|ISRG|LIVN|MDT|NVRO|PODD|STAA|SYK|ZBH,BSX|EW|ISRG|LIVN|MDT|PODD|STAA|SYK|ZBH
NPK,10,9,9.74,23.32,5.46,2.17,-2.73,-3.09,12.47,26.41,-8.899999999999999,1.0,CENTA|HELE|HNI|KTB|LCUT|LEG|LZB|ODC|SGI|SNBR,CENTA|HELE|HNI|KTB|LCUT|LEG|LZB|ODC|SGI
NPKI,10,10,-0.07,-6.61,-10.82,-1.49,-0.405,6.89,0.335,-13.5,-4.825000000000001,0.6,BKR|FISV|FTI|HAL|INVX|NBR|OIS|RES|SLB|WHD,BKR|FISV|FTI|HAL|INVX|NBR|OIS|RES|SLB|WHD
NPO,10,10,-6.42,-5.96,2.98,-1.58,-1.0,-1.82,-5.42,-4.14,8.235000000000001,0.1,ALB|CE|DD|DOW|EMN|FUL|HUN|NGVT|OLN|PPG,ALB|CE|DD|DOW|EMN|FUL|HUN|NGVT|OLN|PPG
NPT,0,0,-0.58,29.31,190.16,-0.86,,,,,,,,
NPWR,10,10,1.44,8.83,-9.7,-1.59,1.095,2.89,0.345,5.9399999999999995,-7.1049999999999995,0.5,BKR|FLR|FMC|FTI|GE|HAL|HON|NOV|SLB|XOM,BKR|FLR|FMC|FTI|GE|HAL|HON|NOV|SLB|XOM
NRC,10,7,1.65,0.33,12.47,-1.45,-1.01,-2.82,2.66,3.15,-0.5199999999999996,0.8571428571428571,ACHC|EHC|ENSV|HCSG|HQY|MD|SGRP|SGRY|SMLR|STAA,ACHC|EHC|HCSG|HQY|MD|SGRY|STAA
NRDS,10,10,0.7,11.27,22.8,-0.42,-0.7649999999999999,6.465,1.4649999999999999,4.805,11.04,0.6,AFRM|ETSY|GDDY|GRPN|MORN|PYPL|ROKU|TREE|UBER|XYZ,AFRM|ETSY|GDDY|GRPN|MORN|PYPL|ROKU|TREE|UBER|XYZ
NRDY,10,10,-8.53,-19.54,-18.35,-1.58,-0.92,0.6699999999999999,-7.609999999999999,-20.21,-10.39,0.2,APEI|ATAI|CHGG|COUR|EDU|LOPE|LRN|PRDO|THRY|UTI,APEI|ATAI|CHGG|COUR|EDU|LOPE|LRN|PRDO|THRY|UTI
NREF,10,10,0.53,1.31,10.92,-3.25,-1.145,0.29000000000000004,1.675,1.02,16.05,0.9,ABR|ARI|BXMT|EFC|GPMT|KREF|LADR|RC|STWD|TRTX,ABR|ARI|BXMT|EFC|GPMT|KREF|LADR|RC|STWD|TRTX
NRG,10,10,-1.58,-15.8,-12.03,-2.26,-0.125,-3.385,-1.455,-12.415000000000001,-12.274999999999999,0.0,AEP|D|DUK|ED|ES|EXC|NEE|PCG|PEG|SO,AEP|D|DUK|ED|ES|EXC|NEE|PCG|PEG|SO
NRGV,10,10,-0.41,9.7,-23.28,-4.79,-0.125,-4.0600000000000005,-0.285,13.76,-22.52,0.4,AEP|D|DUK|ED|EXC|NEE|PEG|SO|SRE|XEL,AEP|D|DUK|ED|EXC|NEE|PEG|SO|SRE|XEL
NRIM,10,10,-5.62,-7.44,4.08,-0.93,-4.015,2.7800000000000002,-1.6050000000000004,-10.22,-10.82,0.1,ASRV|BSRR|CAC|CTBI|CZNC|FMBH|FUNC|MBWM|PLBC|SRCE,ASRV|BSRR|CAC|CTBI|CZNC|FMBH|FUNC|MBWM|PLBC|SRCE
NRIX,10,9,-0.99,14.07,63.95,-3.13,3.95,12.05,-4.94,2.0199999999999996,41.07000000000001,0.1111111111111111,BLUE|BMRN|CRSP|EDIT|FATE|KPTI|NTLA|PTGX|RGNX|TVRD,BMRN|CRSP|EDIT|FATE|KPTI|NTLA|PTGX|RGNX|TVRD
NRP,10,9,2.32,8.17,2.58,0.27,5.79,7.24,-3.47,0.9299999999999997,-8.57,0.3333333333333333,AMR|ARCH|ARLP|BTU|CNR|HCC|HNRG|METC|NC|SXC,AMR|ARLP|BTU|CNR|HCC|HNRG|METC|NC|SXC
NRSN,10,10,-14.24,-41.54,-53.08,-4.52,4.76,14.045,-19.0,-55.585,-75.995,0.0,ALNY|AMGN|BIIB|GILD|LLY|MRNA|NBIX|ONC|REGN|VRTX,ALNY|AMGN|BIIB|GILD|LLY|MRNA|NBIX|ONC|REGN|VRTX
NRT,10,9,-3.85,1.27,11.89,0.23,3.2,1.04,-7.050000000000001,0.22999999999999998,15.72,0.1111111111111111,BPT|CRT|DMLP|KRP|MARPS|MTR|PVL|SBR|SJT|VOC,CRT|DMLP|KRP|MARPS|MTR|PVL|SBR|SJT|VOC
NRXP,10,9,4.38,-22.18,17.38,4.69,-0.09,0.35,4.47,-22.53,15.319999999999999,0.8888888888888888,ALDX|ANVS|APVO|ARDX|BCRX|CRBP|DVAX|GERN|KYNB|LGND,ALDX|ANVS|APVO|ARDX|BCRX|CRBP|GERN|KYNB|LGND
NRXS,10,10,-1.59,-10.04,-14.76,-3.13,0.16999999999999998,14.27,-1.76,-24.31,-24.93,0.3,ABT|ALGN|BIO|BSX|EW|ISRG|MDT|RMD|SYK|ZBH,ABT|ALGN|BIO|BSX|EW|ISRG|MDT|RMD|SYK|ZBH
NSC,6,6,4.04,6.21,12.71,1.67,1.9,2.12,2.14,4.09,1.325000000000001,1.0,CNI|CP|CSX|GBX|RAIL|UNP,CNI|CP|CSX|GBX|RAIL|UNP
NSIT,10,10,-4.26,27.2,62.65,1.81,-2.965,3.0,-1.295,24.2,51.0,0.4,AAPL|ARW|AVT|CDW|DELL|HPE|HPQ|IBM|MSFT|SNX,AAPL|ARW|AVT|CDW|DELL|HPE|HPQ|IBM|MSFT|SNX
NSP,10,8,-3.24,6.68,64.59,0.32,0.44,13.415,-3.68,-6.734999999999999,24.585000000000008,0.0,ADP|ASGN|DHX|HSII|KFRC|MAN|PAYX|PCTY|RHI|TNET,ADP|DHX|KFRC|MAN|PAYX|PCTY|RHI|TNET
NSPR,10,8,9.48,32.33,-8.03,1.08,-0.25,13.934999999999999,9.73,18.395,-22.119999999999997,1.0,ABT|AORT|BSX|EW|HOLX|ISRG|MDT|NVRO|SYK|ZBH,ABT|AORT|BSX|EW|ISRG|MDT|SYK|ZBH
NSRX,0,0,14.53,25.95,33.76,-4.56,,,,,,,,
NSSC,10,8,-0.37,7.17,3.81,0.85,-2.9699999999999998,3.675,2.5999999999999996,3.495,-11.42,0.75,ADT|ALRM|AXON|BCO|CRWD|JNPR|LIVN|PANW|SCWX|TBCH,ADT|ALRM|AXON|BCO|CRWD|LIVN|PANW|TBCH
NSTS,10,10,0.58,0.65,1.83,0.0,-4.06,2.785,4.64,-2.1350000000000002,-7.825000000000001,1.0,BFC|BMRC|CASH|CIVB|HNVR|MBWM|MSBI|OSBC|SFST|SMBC,BFC|BMRC|CASH|CIVB|HNVR|MBWM|MSBI|OSBC|SFST|SMBC
NSYS,10,10,-5.88,-15.13,-2.52,-0.41,-9.79,-8.99,3.9099999999999993,-6.140000000000001,7.605,0.8,CLS|FLEX|HXL|JBL|LHX|MRCY|NOC|PLXS|SANM|TTMI,CLS|FLEX|HXL|JBL|LHX|MRCY|NOC|PLXS|SANM|TTMI
NTAP,9,8,-4.72,17.28,64.17,0.39,-6.6,11.555,1.88,5.725000000000001,24.685000000000002,0.5,ANET|CSCO|DELL|HPE|IBM|NTNX|ORCL|PSTG|WDAY,ANET|CSCO|DELL|HPE|IBM|NTNX|ORCL|WDAY
NTB,10,9,-8.33,-3.57,3.68,-0.94,-3.9,-2.27,-4.43,-1.2999999999999998,-8.01,0.0,BAC|BK|C|GS|JPM|MS|PNC|TFC|USB|WFC,BAC|C|GS|JPM|MS|PNC|TFC|USB|WFC
NTCL,0,0,-17.85,-28.45,-84.41,-3.56,,,,,,,,
NTCT,10,8,-4.22,-6.45,-1.77,-0.8,-7.175000000000001,-3.27,2.955000000000001,-3.18,0.16500000000000004,0.625,ANET|AVGO|CDNS|CSCO|EXTR|FFIV|HPE|JNPR|MSI|PSTG,ANET|AVGO|CDNS|CSCO|EXTR|FFIV|HPE|MSI
NTES,10,10,-1.52,-0.35,3.39,-5.26,-3.4050000000000002,-5.4399999999999995,1.8850000000000002,5.09,12.825,0.7,BIDU|BILI|BZUN|HUYA|IQ|JD|JOYY|MOMO|PDD|WB,BIDU|BILI|BZUN|HUYA|IQ|JD|JOYY|MOMO|PDD|WB
NTGR,10,9,-12.26,-15.11,-14.62,-3.17,-4.38,-1.5,-7.88,-13.61,-14.09,0.0,ANET|CSCO|DELL|EXTR|FFIV|HPQ|JNPR|MSI|NOK|VISN,ANET|CSCO|DELL|EXTR|FFIV|HPQ|MSI|NOK|VISN
NTHI,9,8,41.9,24.11,-15.96,-1.62,16.085,19.57,25.814999999999998,4.539999999999999,-45.865,0.75,AGEN|ARCT|BNTX|CLOV|FATE|INO|MRNA|NVAX|VXRT,AGEN|ARCT|BNTX|CLOV|FATE|INO|MRNA|NVAX
NTIC,10,9,0.74,0.74,1.75,1.12,-0.11,5.61,0.85,-4.87,-15.02,0.5555555555555556,CLH|GPK|IP|MYE|PKG|ROL|RSG|SEE|SON|WM,CLH|GPK|IP|MYE|PKG|ROL|RSG|SON|WM
NTIP,10,10,-0.97,-2.87,1.67,0.33,-2.545,-2.25,1.575,-0.6200000000000001,5.01,0.7,AAPL|AMD|CSCO|GOOGL|IBM|INTC|MSFT|NVDA|QCOM|TXN,AAPL|AMD|CSCO|GOOGL|IBM|INTC|MSFT|NVDA|QCOM|TXN
NTLA,10,8,7.23,13.97,3.47,-4.44,8.6,21.025,-1.3699999999999992,-7.054999999999998,-19.805,0.375,ADPT|BEAM|BNTX|CLLS|CRSP|EDIT|FDMT|PSTX|REPL|SGMO,ADPT|BEAM|BNTX|CLLS|CRSP|EDIT|FDMT|REPL
NTNX,10,10,-2.39,24.3,47.3,1.39,-3.96,11.555,1.5699999999999998,12.745000000000001,37.53,0.7,AMZN|CSCO|DELL|GOOG|HPE|IBM|MSFT|NTAP|ORCL|SNOW,AMZN|CSCO|DELL|GOOG|HPE|IBM|MSFT|NTAP|ORCL|SNOW
NTR,10,10,8.6,6.96,4.51,3.96,4.7,-2.21,3.8999999999999995,9.17,3.6599999999999997,1.0,ADM|ALB|BG|CARG|CF|FMC|IPI|MOS|SMG|TROX,ADM|ALB|BG|CARG|CF|FMC|IPI|MOS|SMG|TROX
NTRA,10,9,6.8,25.62,61.98,2.07,6.74,12.96,0.05999999999999961,12.66,13.86,0.5555555555555556,BNGO|CDNA|EXAS|FLGT|GH|ILMN|MYGN|QGEN|TWST|TXG,BNGO|CDNA|FLGT|GH|ILMN|MYGN|QGEN|TWST|TXG
NTRB,10,10,9.72,14.75,-0.85,-1.41,4.720000000000001,12.719999999999999,5.0,2.030000000000001,-22.655,0.9,ABT|AMGN|BIIB|BMY|GILD|JNJ|LLY|MRK|PFE|VRTX,ABT|AMGN|BIIB|BMY|GILD|JNJ|LLY|MRK|PFE|VRTX
NTRP,10,10,-14.94,-31.77,-43.04,-9.66,-1.5,4.91,-13.44,-36.68,-57.515,0.0,ABNB|ALIT|BKNG|DFIN|DOYU|EXPE|SABR|TCOM|TRIP|YELP,ABNB|ALIT|BKNG|DFIN|DOYU|EXPE|SABR|TCOM|TRIP|YELP
NTRS,10,9,-2.79,3.64,11.58,-0.12,-3.52,-2.02,0.73,5.66,-1.5299999999999994,0.6666666666666666,BAC|BK|C|GS|JPM|MS|PNC|STT|USB|WFC,BAC|C|GS|JPM|MS|PNC|STT|USB|WFC
NTSK,0,0,-12.45,18.57,20.64,-3.57,,,,,,,,
NTST,10,9,0.09,-4.46,0.43,0.48,0.13,-5.51,-0.04000000000000001,1.0499999999999998,0.4,0.4444444444444444,ADC|EPRT|FRT|KIM|NNN|O|REG|ROIC|SITC|WPC,ADC|EPRT|FRT|KIM|NNN|O|REG|SITC|WPC
NTWK,10,10,-2.89,-7.99,-0.49,-1.71,-0.76,15.875,-2.13,-23.865000000000002,-4.285,0.2,ACN|BAH|CSCO|CTSH|EPAM|GIB|IBM|INFY|MSFT|WIT,ACN|BAH|CSCO|CTSH|EPAM|GIB|IBM|INFY|MSFT|WIT
NTWO,0,0,4.86,4.56,5.74,-2.52,,,,,,,,
NTZ,10,8,-8.42,-17.12,-53.46,-4.72,-3.98,5.335,-4.4399999999999995,-22.455000000000002,-80.685,0.25,ARHS|BSET|FLXS|HOFT|HVT|LZB|RH|SNBR|TBHC|WSM,ARHS|BSET|FLXS|HOFT|HVT|LZB|RH|WSM
NU,10,10,1.72,-2.34,10.79,-3.01,-3.42,1.895,5.14,-4.234999999999999,3.4849999999999985,0.7,AFRM|COIN|GDOT|GLBE|LMND|MELI|PYPL|SOFI|STNE|UPST,AFRM|COIN|GDOT|GLBE|LMND|MELI|PYPL|SOFI|STNE|UPST
NUAI,0,0,7.61,-7.49,32.06,-0.46,,,,,,,,
NUE,9,7,-10.08,3.79,8.5,-1.59,-8.51,7.23,-1.5700000000000003,-3.4400000000000004,1.9699999999999998,0.2857142857142857,ATI|CLF|CMC|MT|RS|STLD|TX|X|ZEUS,ATI|CLF|CMC|MT|RS|STLD|TX
NUS,10,10,-4.85,-11.42,-20.98,-3.65,-1.645,-1.135,-3.2049999999999996,-10.285,-25.005000000000003,0.1,HELE|HLF|LRN|MED|MTEX|NSP|PM|USNA|VOD|WW,HELE|HLF|LRN|MED|MTEX|NSP|PM|USNA|VOD|WW
NUTX,9,7,1.98,21.18,56.75,-0.06,-1.01,9.45,2.99,11.73,43.76,0.7142857142857143,ACHC|AMN|CYH|EHC|HCA|SEM|SSY|THC|UHS,ACHC|AMN|CYH|EHC|HCA|THC|UHS
NUVB,10,10,14.35,6.49,54.66,-3.97,4.720000000000001,12.719999999999999,9.629999999999999,-6.229999999999999,33.8,0.9,AMGN|BIIB|BMY|GILD|LLY|MRNA|PFE|REGN|SNY|VRTX,AMGN|BIIB|BMY|GILD|LLY|MRNA|PFE|REGN|SNY|VRTX
NUWE,10,9,-11.47,-59.62,-96.68,-1.63,-0.44,15.92,-11.030000000000001,-75.53999999999999,-107.64000000000001,0.0,ATEC|BAX|CNMD|EW|GMED|IART|ICUI|OFIX|PEN|ZYXI,ATEC|BAX|CNMD|EW|GMED|IART|ICUI|OFIX|PEN
NVA,10,10,-1.68,7.24,664.84,2.78,12.219999999999999,32.364999999999995,-13.899999999999999,-25.124999999999993,646.5500000000001,0.0,AEM|AU|B|BVN|EGO|HMY|KGC|NEM|NG|SA,AEM|AU|B|BVN|EGO|HMY|KGC|NEM|NG|SA
NVAX,10,10,1.41,4.36,-10.95,-6.09,4.45,9.95,-3.04,-5.589999999999999,-14.575,0.0,AZN|BNTX|GSK|INO|JNJ|MRNA|NVCR|PFE|SNY|VIR,AZN|BNTX|GSK|INO|JNJ|MRNA|NVCR|PFE|SNY|VIR
NVCR,10,10,2.61,14.54,0.47,-2.01,-0.725,11.489999999999998,3.335,3.0500000000000007,-2.63,0.9,ALGN|BSX|EW|ISRG|MDT|PEN|RMD|SYK|TFX|ZBH,ALGN|BSX|EW|ISRG|MDT|PEN|RMD|SYK|TFX|ZBH
NVCT,10,10,20.7,20.32,118.34,-0.48,5.18,12.940000000000001,15.52,7.379999999999999,90.08500000000001,0.9,AMGN|BIIB|BMY|GILD|ILMN|INCY|MRNA|NBIX|REGN|VRTX,AMGN|BIIB|BMY|GILD|ILMN|INCY|MRNA|NBIX|REGN|VRTX
NVDA,10,10,-4.12,1.86,-3.34,-0.7,-4.1,-5.33,-0.020000000000000462,7.19,-6.484999999999999,0.5,ADI|AMAT|AMD|AVGO|INTC|LRCX|MRVL|MU|QCOM|TSM,ADI|AMAT|AMD|AVGO|INTC|LRCX|MRVL|MU|QCOM|TSM
NVEC,10,10,-5.56,26.75,30.79,-1.27,-2.7649999999999997,-8.88,-2.795,35.63,45.055,0.3,ADI|AVGO|MCHP|MPWR|NXPI|ON|QRVO|STM|SWKS|TXN,ADI|AVGO|MCHP|MPWR|NXPI|ON|QRVO|STM|SWKS|TXN
NVGS,10,10,6.32,4.41,-7.4,1.66,4.18,11.280000000000001,2.1400000000000006,-6.870000000000001,-15.67,0.7,ASC|DAC|DHT|DSX|GNK|GOGL|INSW|NMM|SFL|STNG,ASC|DAC|DHT|DSX|GNK|GOGL|INSW|NMM|SFL|STNG
NVMI,10,10,-6.76,-15.57,-22.34,-0.43,-9.969999999999999,-3.1799999999999997,3.209999999999999,-12.39,-30.155,0.9,AMAT|ASML|CAMT|COHU|FORM|KLAC|LRCX|ONTO|TER|UCTT,AMAT|ASML|CAMT|COHU|FORM|KLAC|LRCX|ONTO|TER|UCTT
NVNI,10,9,-7.59,-12.29,-5.91,0.49,-2.99,11.1,-4.6,-23.39,-4.37,0.1111111111111111,AEVA|ALLT|APPN|CRM|CYN|FROG|INTZ|PEGA|TONX|ULY,AEVA|ALLT|APPN|CRM|CYN|FROG|INTZ|PEGA|TONX
NVNO,10,10,-2.53,4.34,-3.38,0.95,-0.725,14.27,-1.8049999999999997,-9.93,-11.059999999999999,0.1,ABT|BSX|DXCM|EW|GMED|ISRG|MDT|SYK|TFX|ZBH,ABT|BSX|DXCM|EW|GMED|ISRG|MDT|SYK|TFX|ZBH
NVO,10,10,-0.64,-3.67,3.0,-0.11,4.720000000000001,7.960000000000001,-5.36,-11.63,-13.52,0.0,ABBV|AMGN|AZN|BMY|GSK|JNJ|LLY|MRK|PFE|SNY,ABBV|AMGN|AZN|BMY|GSK|JNJ|LLY|MRK|PFE|SNY
NVR,10,9,-0.48,-0.07,5.91,-1.16,-2.56,0.37,2.08,-0.44,-6.76,0.8888888888888888,BZH|DHI|KBH|LEN|LGIH|MHO|MTH|PHM|TMHC|TOL,BZH|DHI|KBH|LEN|LGIH|MHO|MTH|PHM|TOL
NVRI,10,9,0.27,-12.39,3.05,-1.92,1.23,0.78,-0.96,-13.17,-1.13,0.3333333333333333,CLH|CWST|GFL|NPKI|RSG|SNDR|SRCL|VVV|WCN|WM,CLH|CWST|GFL|NPKI|RSG|SNDR|VVV|WCN|WM
NVS,10,10,4.25,3.33,5.13,-1.33,5.025,12.719999999999999,-0.7750000000000004,-9.389999999999999,-19.795,0.3,ABBV|AMGN|BMY|GILD|JNJ|LLY|MRK|PFE|REGN|VRTX,ABBV|AMGN|BMY|GILD|JNJ|LLY|MRK|PFE|REGN|VRTX
NVST,10,9,-2.71,3.36,14.93,-0.95,-0.85,12.96,-1.8599999999999999,-9.600000000000001,4.609999999999999,0.2222222222222222,ABT|ALGN|BDX|HSIC|ISRG|PDCO|STE|SYK|XRAY|ZBH,ABT|ALGN|BDX|HSIC|ISRG|STE|SYK|XRAY|ZBH
NVT,10,10,-8.73,-2.09,-4.14,-1.09,-4.515000000000001,0.9600000000000001,-4.215,-3.05,-14.89,0.0,AOS|DHR|DOV|EMR|ETN|GE|HON|IR|ROK|TEL,AOS|DHR|DOV|EMR|ETN|GE|HON|IR|ROK|TEL
NVTS,10,10,-7.76,-0.55,-45.19,-1.79,-2.7649999999999997,-8.88,-4.995,8.33,-32.42,0.1,ADI|AMD|AVGO|MCHP|MRVL|NVDA|NXPI|ON|QCOM|TXN,ADI|AMD|AVGO|MCHP|MRVL|NVDA|NXPI|ON|QCOM|TXN
NVX,10,9,-6.15,-6.15,-35.54,-1.11,-1.16,-3.02,-4.99,-3.1300000000000003,-19.79,0.2222222222222222,ALB|AMTX|ENS|F|GM|MP|PLL|QS|SLDP|TSLA,ALB|AMTX|ENS|F|GM|MP|QS|SLDP|TSLA
NWBI,10,10,-3.65,-0.83,9.52,-0.37,-4.45,-2.21,0.8000000000000003,1.38,2.2299999999999995,0.7,BANC|CBSH|FNB|FRME|GABC|HBNC|NBHC|ONB|SFBS|UBCP,BANC|CBSH|FNB|FRME|GABC|HBNC|NBHC|ONB|SFBS|UBCP
NWE,10,10,-0.15,-1.54,-0.18,1.13,0.16,-4.665,-0.31,3.125,2.815,0.0,ATO|AVA|BKH|CMS|CNP|DTE|LNT|MDU|NI|POR,ATO|AVA|BKH|CMS|CNP|DTE|LNT|MDU|NI|POR
NWFL,10,10,-3.56,9.62,11.87,-0.98,-3.935,1.7449999999999999,0.375,7.874999999999999,-0.5099999999999998,0.7,CHMG|CZNC|ESQ|FISI|FULT|HBNC|ORRF|RRBI|TMP|UVSP,CHMG|CZNC|ESQ|FISI|FULT|HBNC|ORRF|RRBI|TMP|UVSP
NWG,10,9,-4.89,0.46,16.59,-0.19,-3.9,-2.27,-0.9899999999999998,2.73,4.9,0.1111111111111111,BAC|BK|C|GS|JPM|MS|PNC|TFC|USB|WFC,BAC|C|GS|JPM|MS|PNC|TFC|USB|WFC
NWGL,10,9,32.35,92.72,-37.71,10.91,-2.88,2.23,35.230000000000004,90.49,-43.68,1.0,BCC|GNPX|LPX|MERC|PCH|RGLD|TAC|TGLS|UFPI|WY,BCC|GNPX|LPX|MERC|RGLD|TAC|TGLS|UFPI|WY
NWL,10,10,-4.21,9.65,67.42,-3.98,-1.2149999999999999,-0.795,-2.995,10.445,53.425,0.2,CHD|CL|CLX|EL|HELE|HRL|JNJ|KMB|PG|SPB,CHD|CL|CLX|EL|HELE|HRL|JNJ|KMB|PG|SPB
NWN,10,10,0.42,-1.04,2.21,0.67,0.265,-3.825,0.15499999999999997,2.785,4.205,0.7,ATO|CMS|CNP|DTE|NFG|NI|OGS|PNW|SWX|WEC,ATO|CMS|CNP|DTE|NFG|NI|OGS|PNW|SWX|WEC
NWPX,10,10,-4.86,-18.08,0.21,-1.54,-1.67,5.445,-3.1900000000000004,-23.525,-8.759999999999998,0.3,ACM|ATER|BMI|CSL|DY|EMR|LII|NDSN|PKG|RTX,ACM|ATER|BMI|CSL|DY|EMR|LII|NDSN|PKG|RTX
NWS,6,6,2.4,8.95,13.54,0.57,2.33,11.895,0.06999999999999984,-2.9450000000000003,9.114999999999998,0.6666666666666666,AMCX|CMCSA|DIS|FOX|NYT|T,AMCX|CMCSA|DIS|FOX|NYT|T
NWSA,8,7,2.26,8.25,14.84,0.52,-0.05,-10.26,2.3099999999999996,18.509999999999998,12.52,0.8571428571428571,AMCX|AOUT|LEE|NYT|SCHL|TDAY|TGNA|TTT,AMCX|AOUT|LEE|NYT|SCHL|TDAY|TTT
NWTG,10,9,3.03,23.64,43.16,2.26,-3.42,-13.29,6.449999999999999,36.93,50.919999999999995,0.8888888888888888,CALY|COLM|DECK|GOLF|GOOS|LULU|NKE|SKX|UA|VFC,CALY|COLM|DECK|GOLF|GOOS|LULU|NKE|UA|VFC
NX,10,9,-6.83,7.8,17.12,-3.77,-2.76,9.79,-4.07,-1.9899999999999993,-5.699999999999999,0.0,AWI|BLD|EXP|JELD|LPX|MAS|MHK|OC|SWK|TREX,AWI|EXP|JELD|LPX|MAS|MHK|OC|SWK|TREX
NXDR,10,9,-8.14,2.16,15.05,-3.27,-2.03,4.85,-6.110000000000001,-2.6899999999999995,7.86,0.1111111111111111,ANET|GOOG|IAC|MTCH|PINS|RBLX|SNAP|SPOT|YELP|ZM,ANET|GOOG|MTCH|PINS|RBLX|SNAP|SPOT|YELP|ZM
NXDT,10,9,13.27,2.14,17.7,-0.52,1.05,-2.51,12.219999999999999,4.65,15.1,1.0,AVB|CPT|EQR|ESS|HST|MAA|O|SPG|SUI|VTR,AVB|CPT|ESS|HST|MAA|O|SPG|SUI|VTR
NXE,10,10,-1.46,8.46,-3.32,-3.05,-3.1950000000000003,4.095,1.7350000000000003,4.365000000000001,5.4399999999999995,0.6,APPF|ATOM|CBAT|CCJ|DNN|LEU|LTBR|UEC|URG|UUUU,APPF|ATOM|CBAT|CCJ|DNN|LEU|LTBR|UEC|URG|UUUU
NXGL,10,9,-22.24,-7.54,-31.53,-5.92,0.75,14.94,-22.99,-22.48,-49.540000000000006,0.0,BAX|BDX|HOLX|ISRG|MTD|RMD|STE|SYK|TMO|ZBH,BAX|BDX|ISRG|MTD|RMD|STE|SYK|TMO|ZBH
NXL,10,9,-5.79,-28.47,-1.46,0.03,1.15,1.68,-6.9399999999999995,-30.15,4.21,0.2222222222222222,AXNX|DFTX|HELP|HRTX|KALA|NERV|NVCR|RLMD|TDOC|TVRD,DFTX|HELP|HRTX|KALA|NERV|NVCR|RLMD|TDOC|TVRD
NXPI,10,10,-3.03,-19.34,-27.49,-0.5,-3.31,-8.88,0.28000000000000025,-10.459999999999999,-14.719999999999999,0.5,ADI|AMD|AVGO|INTC|MCHP|MRVL|NVDA|ON|QCOM|TXN,ADI|AMD|AVGO|INTC|MCHP|MRVL|NVDA|ON|QCOM|TXN
NXPL,10,10,5.18,37.47,50.18,0.0,0.16,5.98,5.02,31.49,53.65,0.9,AMZN|BABA|EBAY|ETSY|JD|MELI|PDD|SHOP|TGT|WMT,AMZN|BABA|EBAY|ETSY|JD|MELI|PDD|SHOP|TGT|WMT
NXRT,10,9,-3.32,-7.62,-17.84,0.12,-0.38,-2.64,-2.94,-4.98,-17.87,0.1111111111111111,AIV|AVB|BRT|CPT|CSR|EQR|ESS|IRT|MAA|UDR,AIV|AVB|BRT|CPT|CSR|ESS|IRT|MAA|UDR
NXST,10,9,-1.76,1.89,-2.14,-1.06,1.64,9.21,-3.4,-7.320000000000001,-8.0,0.1111111111111111,CBSH|CMCSA|DIS|FOX|GTN|MTCH|SBGI|T|TGNA|WBD,CBSH|CMCSA|DIS|FOX|GTN|MTCH|SBGI|T|WBD
NXT,10,9,-16.26,-16.58,-30.19,-4.96,-4.2,-4.19,-12.060000000000002,-12.389999999999997,-1.7600000000000016,0.0,ARRY|CSIQ|ENPH|FSLR|JKS|MAXN|RUN|SEDG|SHLS|SLP,ARRY|CSIQ|ENPH|FSLR|JKS|RUN|SEDG|SHLS|SLP
NXTC,10,7,-24.52,42.05,-35.2,-7.82,2.48,16.13,-27.0,25.919999999999998,-46.31,0.0,ACHV|ALLO|ANAB|ANGO|FOLD|IGMS|NKTR|ONCT|SRPT|XNCR,ACHV|ALLO|ANAB|ANGO|NKTR|SRPT|XNCR
NXTT,10,10,19.55,-90.42,-94.71,11.45,-2.295,2.9050000000000002,21.845,-93.325,-92.27499999999999,1.0,AAPL|ADBE|AMZN|CSCO|GOOGL|IBM|INTC|META|MSFT|ORCL,AAPL|ADBE|AMZN|CSCO|GOOGL|IBM|INTC|META|MSFT|ORCL
NXXT,10,10,-31.67,-38.02,-67.29,-0.86,0.7150000000000001,3.095,-32.385000000000005,-41.115,-96.89000000000001,0.0,ALTO|CASY|CVI|DK|MPC|PARR|PBF|PSX|SUN|VLO,ALTO|CASY|CVI|DK|MPC|PARR|PBF|PSX|SUN|VLO
NYAX,10,10,-10.88,-29.93,-28.65,-0.96,-1.905,6.545,-8.975000000000001,-36.475,-43.07,0.1,FIS|GPN|MA|PAYC|PSFE|RPAY|TNET|V|WEX|XYZ,FIS|GPN|MA|PAYC|PSFE|RPAY|TNET|V|WEX|XYZ
NYC,10,9,-6.73,-15.23,-33.56,1.28,-0.14,-0.76,-6.590000000000001,-14.47,-36.160000000000004,0.0,AIV|AMH|AVB|CLPR|CPT|EQR|ESS|INVH|MAA|UDR,AIV|AMH|AVB|CLPR|CPT|ESS|INVH|MAA|UDR
NYT,10,10,2.14,-10.26,-11.87,-0.71,-0.13999999999999996,1.3199999999999998,2.2800000000000002,-11.58,-15.665,0.7,AAPL|DIS|DJCO|GOOG|LEE|MSFT|NWSA|PSO|SCHL|TDAY,AAPL|DIS|DJCO|GOOG|LEE|MSFT|NWSA|PSO|SCHL|TDAY
NYXH,10,9,5.38,8.82,-41.78,0.91,1.84,21.41,3.54,-12.59,-80.41,0.8888888888888888,BFLY|GMED|IART|INSP|NVRO|PODD|SENS|SGHT|TNDM|ZBH,BFLY|GMED|IART|INSP|PODD|SENS|SGHT|TNDM|ZBH
O,10,10,0.71,-2.51,1.86,0.71,-0.185,-5.48,0.895,2.9700000000000006,-0.1499999999999997,0.8,ADC|BNL|EPR|FRT|KIM|NNN|REG|SPG|VICI|WPC,ADC|BNL|EPR|FRT|KIM|NNN|REG|SPG|VICI|WPC
OABI,10,7,30.76,112.56,73.84,7.04,4.18,13.14,26.580000000000002,99.42,58.510000000000005,1.0,ADAP|EBS|FOLD|KURA|MGNX|ONC|ONCT|REGN|VRTX|XBIT,EBS|KURA|MGNX|ONC|REGN|VRTX|XBIT
OACC,0,0,-0.23,0.61,0.7,0.33,,,,,,,,
OBA,0,0,0.0,0.39,0.49,0.1,,,,,,,,
OBDC,10,10,-4.83,4.86,1.93,0.04,-2.0949999999999998,6.615,-2.7350000000000003,-1.755,-1.175,0.1,ARCC|CSWC|GBDC|HTGC|MAIN|PNNT|PSEC|SLRC|TCPC|TPVG,ARCC|CSWC|GBDC|HTGC|MAIN|PNNT|PSEC|SLRC|TCPC|TPVG
OBE,10,8,16.38,19.0,-2.49,3.85,8.415,8.52,7.965,10.48,-9.115,1.0,APA|COP|DVN|EOG|FANG|HAL|HES|MRO|OXY|XOM,APA|COP|DVN|EOG|FANG|HAL|OXY|XOM
OBIO,10,10,22.25,49.86,36.68,-1.98,0.735,11.16,21.515,38.7,29.02,1.0,ABT|BSX|GMED|IART|JNJ|MDT|PEN|STE|STXS|SYK,ABT|BSX|GMED|IART|JNJ|MDT|PEN|STE|STXS|SYK
OBK,10,9,-4.21,1.49,10.59,-0.21,-4.47,-0.48,0.2599999999999998,1.97,3.9399999999999995,0.5555555555555556,BANC|CNOB|CUBI|FFIN|FHN|FRBA|HOMB|IBTX|SBCF|TBBK,BANC|CNOB|CUBI|FFIN|FHN|FRBA|HOMB|SBCF|TBBK
OBT,10,9,-4.39,0.52,11.0,-0.94,-4.14,-0.31,-0.25,0.8300000000000001,1.2100000000000009,0.3333333333333333,AMAL|BCBP|CFFI|COLB|CUBI|FFIC|FULT|TBBK|TMP|UVSP,AMAL|BCBP|CFFI|COLB|CUBI|FULT|TBBK|TMP|UVSP
OC,10,9,-5.81,4.96,29.42,-2.9,-2.55,6.2,-3.26,-1.2400000000000002,16.900000000000002,0.1111111111111111,ALLE|AOS|APOG|AWI|BLD|JELD|MAS|PATK|SSD|TREX,ALLE|AOS|APOG|AWI|JELD|MAS|PATK|SSD|TREX
OCC,10,9,-16.57,-12.27,36.03,-3.38,-9.15,-7.98,-7.42,-4.289999999999999,55.2,0.1111111111111111,ADTN|ANET|CIEN|CMBM|EXTR|FN|FOUR|IPGP|LITE|VIAV,ADTN|ANET|CIEN|EXTR|FN|FOUR|IPGP|LITE|VIAV
OCFC,10,9,-2.02,-2.96,1.53,-0.69,-3.52,-0.48,1.5,-2.48,-8.610000000000001,1.0,CHCO|COLB|FNB|HOMB|PPBI|QCRH|TCBI|UBSI|WAFD|WASH,CHCO|COLB|FNB|HOMB|QCRH|TCBI|UBSI|WAFD|WASH
OCG,10,10,1.5,1.5,-6.87,-0.88,0.16,5.98,1.34,-4.48,-3.4,0.6,AMZN|BABA|BIDU|EBAY|ETSY|JD|MELI|PDD|SHOP|W,AMZN|BABA|BIDU|EBAY|ETSY|JD|MELI|PDD|SHOP|W
OCGN,10,8,3.75,8.57,2.99,-5.36,6.085,15.195,-2.335,-6.625,-2.13,0.25,ADMA|BNTX|INO|MCRB|MRNA|NVAX|PFE|SAGE|VTVT|VXRT,ADMA|BNTX|INO|MCRB|MRNA|NVAX|PFE|VTVT
OCS,10,10,2.73,15.22,-52.81,-2.87,3.5149999999999997,11.645,-0.7849999999999997,3.575000000000001,-65.11500000000001,0.3,BMRN|BMY|EBS|GEN|NBIX|PFE|REGN|RGEN|SNY|VRTX,BMRN|BMY|EBS|GEN|NBIX|PFE|REGN|RGEN|SNY|VRTX
OCSL,10,10,0.0,10.22,11.05,-0.15,-2.15,8.525,2.15,1.6950000000000003,4.705,0.9,ARCC|FDUS|GSBD|HTGC|MAIN|NMFC|PNNT|PSEC|TCPC|TSLX,ARCC|FDUS|GSBD|HTGC|MAIN|NMFC|PNNT|PSEC|TCPC|TSLX
OCUL,10,10,13.12,33.08,42.28,-2.6,4.4,10.190000000000001,8.719999999999999,22.889999999999997,19.855,1.0,AGIO|ALKS|AMGN|BIIB|BMRN|ELAN|GILD|INCY|JNJ|LLY,AGIO|ALKS|AMGN|BIIB|BMRN|ELAN|GILD|INCY|JNJ|LLY
ODC,10,7,4.58,-3.09,24.14,-0.83,-1.42,7.06,6.0,-10.149999999999999,5.280000000000001,1.0,AVY|BERY|CLW|GLT|GPK|IP|PKG|SEE|SLGN|SON,AVY|CLW|GPK|IP|PKG|SLGN|SON
ODD,10,10,-5.37,-22.99,0.83,-3.71,0.62,3.6550000000000002,-5.99,-26.645,-24.21,0.1,BBWI|COTY|EL|IPAR|LFVN|NUS|RDNT|SBH|SKIN|ULTA,BBWI|COTY|EL|IPAR|LFVN|NUS|RDNT|SBH|SKIN|ULTA
ODFL,10,10,-4.8,-11.78,-2.12,0.18,-3.035,-9.3,-1.7649999999999997,-2.4799999999999986,-3.16,0.4,CHRW|EXPD|FDX|JBHT|KNX|LSTR|R|SAIA|UPS|XPO,CHRW|EXPD|FDX|JBHT|KNX|LSTR|R|SAIA|UPS|XPO
ODYS,0,0,-14.5,-24.51,-37.07,-4.13,,,,,,,,
OEC,10,10,-5.02,-19.87,-6.2,-0.35,0.12000000000000001,6.5649999999999995,-5.14,-26.435000000000002,-5.165,0.1,ALB|ASH|AVNT|CE|EMN|FUL|HUN|LYB|MOS|WLK,ALB|ASH|AVNT|CE|EMN|FUL|HUN|LYB|MOS|WLK
OESX,10,10,-2.75,82.32,111.61,0.81,-1.7850000000000001,0.48000000000000004,-0.9649999999999999,81.83999999999999,108.59,0.4,AYI|COLM|ETN|GE|HUBB|LEDS|LII|MMM|PHG|ROK,AYI|COLM|ETN|GE|HUBB|LEDS|LII|MMM|PHG|ROK
OFAL,0,0,-46.59,-22.48,-79.8,-9.62,,,,,,,,
OFG,10,8,-3.59,-0.96,13.2,0.02,-4.300000000000001,-2.645,0.7100000000000009,1.685,5.3149999999999995,0.75,BPOP|CMA|FHN|FNB|HWBK|KEY|RF|SNV|WAL|ZION,BPOP|FHN|FNB|HWBK|KEY|RF|WAL|ZION
OFIX,10,10,0.64,-7.03,-15.68,-2.24,1.5150000000000001,13.934999999999999,-0.8750000000000001,-20.965,-31.875,0.4,ATEC|BSX|CNMD|GMED|IART|JNJ|MDT|NUVB|SYK|ZBH,ATEC|BSX|CNMD|GMED|IART|JNJ|MDT|NUVB|SYK|ZBH
OFLX,10,9,-4.06,-7.62,-2.3,-1.04,-2.01,3.99,-2.05,-11.61,-9.69,0.2222222222222222,AOS|DOV|EPAC|GTLS|ITW|LECO|MIDD|NDSN|PNR|RBC,AOS|DOV|EPAC|ITW|LECO|MIDD|NDSN|PNR|RBC
OFS,10,10,-0.42,3.61,6.38,-0.14,-2.625,9.36,2.205,-5.75,4.805,0.9,CGBD|GAIN|MAIN|NMFC|PNNT|PSEC|SLRC|TCPC|TPVG|TSLX,CGBD|GAIN|MAIN|NMFC|PNNT|PSEC|SLRC|TCPC|TPVG|TSLX
OGE,10,10,0.42,-4.22,-1.42,0.62,-0.375,-4.0600000000000005,0.7949999999999999,-0.15999999999999925,-0.6599999999999999,0.6,AEP|D|DUK|ED|ETR|NEE|PEG|PPL|SO|XEL,AEP|D|DUK|ED|ETR|NEE|PEG|PPL|SO|XEL
OGEN,10,8,1.49,1.51,-7.96,1.47,-2.465,1.8549999999999998,3.955,-0.34499999999999975,-8.81,0.625,AIM|AVGR|AYTU|CTSO|CTXR|DSGN|HOTH|OTLK|PAVM|VNRX,AIM|AYTU|CTSO|CTXR|DSGN|OTLK|PAVM|VNRX
OGI,6,6,-6.35,28.64,10.28,-4.84,0.335,14.315000000000001,-6.685,14.325,9.305,0.0,ACB|CGC|CRON|GRWG|SNDL|TLRY,ACB|CGC|CRON|GRWG|SNDL|TLRY
OGN,10,10,0.09,1.57,2.02,0.02,4.59,7.960000000000001,-4.5,-6.390000000000001,-13.555,0.0,ABBV|AZN|BIIB|BMY|GSK|JNJ|LLY|MRK|NVS|PFE,ABBV|AZN|BIIB|BMY|GSK|JNJ|LLY|MRK|NVS|PFE
OGS,10,10,1.62,2.56,-0.58,1.15,0.385,-4.93,1.235,7.49,1.415,0.8,ATO|CNP|NI|NJR|NWN|OGE|PNW|SRE|SWX|UGI,ATO|CNP|NI|NJR|NWN|OGE|PNW|SRE|SWX|UGI
OHI,10,8,2.73,-6.61,-3.52,0.73,2.23,-5.195,0.5,-1.415,-4.945,0.625,DOC|GMRE|HR|LTC|MPW|NHI|SBRA|UHT|VTR|WELL,DOC|HR|LTC|NHI|SBRA|UHT|VTR|WELL
OI,10,8,-6.73,-29.42,-28.64,-3.04,-0.095,6.335,-6.635000000000001,-35.755,-43.885000000000005,0.0,ATR|AVY|BALL|BERY|CLX|IP|KMB|PKG|SEE|SON,ATR|AVY|BALL|CLX|IP|KMB|PKG|SON
OII,10,10,0.48,14.66,34.37,-2.1,2.74,9.745000000000001,-2.2600000000000002,4.914999999999999,38.955,0.4,BKR|FET|FTI|GLNG|HAL|INVX|NOV|RIG|SLB|TDW,BKR|FET|FTI|GLNG|HAL|INVX|NOV|RIG|SLB|TDW
OIS,10,10,-1.38,-1.49,-4.44,-3.13,4.470000000000001,8.635,-5.8500000000000005,-10.125,-7.285,0.1,BKR|COP|CVX|FTI|HAL|INVX|NOV|PSX|SLB|XOM,BKR|COP|CVX|FTI|HAL|INVX|NOV|PSX|SLB|XOM
OKE,10,10,3.35,4.35,3.9,-0.28,0.5800000000000001,-1.615,2.77,5.965,8.005,0.9,AM|BKR|ENB|EPD|ET|KMI|MPLX|PAA|TRP|WMB,AM|BKR|ENB|EPD|ET|KMI|MPLX|PAA|TRP|WMB
OKLO,10,10,-11.91,-8.04,-34.61,-4.75,-1.26,-1.19,-10.65,-6.85,-32.68,0.1,CEG|DUK|EXC|LEU|NEE|NNE|PCG|SMR|SO|VST,CEG|DUK|EXC|LEU|NEE|NNE|PCG|SMR|SO|VST
OKTA,10,9,-13.17,-1.57,51.11,-4.71,-5.72,23.23,-7.45,-24.8,36.04,0.1111111111111111,ADBE|AKAM|CRM|CYBR|FTNT|MSFT|NET|PANW|WDAY|ZS,ADBE|AKAM|CRM|FTNT|MSFT|NET|PANW|WDAY|ZS
OKUR,10,8,-1.67,-11.23,7.72,-6.0,3.67,10.335,-5.34,-21.565,-10.09,0.25,AKRO|ARCT|AXSM|CMRX|IDYA|KYNB|MLTX|PRLD|PTGX|RNA,ARCT|AXSM|IDYA|KYNB|MLTX|PRLD|PTGX|RNA
OKYO,10,10,0.0,-0.66,-5.63,0.0,4.215,5.73,-4.215,-6.390000000000001,-17.235,0.1,ABBV|AZN|BMY|GSK|JNJ|MRK|NVS|PFE|REGN|ROG,ABBV|AZN|BMY|GSK|JNJ|MRK|NVS|PFE|REGN|ROG
OLB,10,9,-3.65,-10.37,-33.13,7.01,-3.26,3.07,-0.3900000000000001,-13.44,-45.760000000000005,0.4444444444444444,DXC|EBAY|EVRI|FLNT|GPN|PAGS|PYPL|RPAY|STNE|XYZ,DXC|EBAY|FLNT|GPN|PAGS|PYPL|RPAY|STNE|XYZ
OLED,10,10,-5.33,5.54,-5.02,-0.5,-4.5649999999999995,-6.58,-0.7650000000000006,12.120000000000001,-5.22,0.4,AAPL|AMAT|ASML|INTC|KLAC|LRCX|NVDA|NXPI|QRVO|TXN,AAPL|AMAT|ASML|INTC|KLAC|LRCX|NVDA|NXPI|QRVO|TXN
OLLI,9,9,-3.3,13.06,-8.66,-5.29,-2.22,1.42,-1.0799999999999996,11.64,-14.629999999999999,0.4444444444444444,BURL|COST|DG|DLTR|FIVE|ROST|TGT|TJX|WMT,BURL|COST|DG|DLTR|FIVE|ROST|TGT|TJX|WMT
OLMA,10,10,4.02,-4.86,-21.69,-3.34,4.76,14.045,-0.7400000000000002,-18.905,-45.865,0.1,ACAD|AMGN|BIIB|EXEL|GILD|INCY|NBIX|ONC|REGN|VRTX,ACAD|AMGN|BIIB|EXEL|GILD|INCY|NBIX|ONC|REGN|VRTX
OLN,10,10,-2.57,-23.39,-29.42,-0.75,-0.265,4.2700000000000005,-2.3049999999999997,-27.66,-28.385,0.1,ASH|CE|DOW|EMN|FUL|HUN|LYB|PPG|RPM|WLK,ASH|CE|DOW|EMN|FUL|HUN|LYB|PPG|RPM|WLK
OLP,10,10,-1.54,-4.19,4.44,-0.74,-0.009999999999999995,-6.055,-1.53,1.8649999999999993,5.065,0.0,ADC|BRX|EPRT|FCPT|GTY|KIM|NNN|O|REG|WPC,ADC|BRX|EPRT|FCPT|GTY|KIM|NNN|O|REG|WPC
OM,10,7,0.0,2.91,-2.97,-1.16,1.84,3.72,-1.84,-0.81,-13.14,0.14285714285714285,AXNX|BAX|FMS|INSP|MDXG|NARI|NVRO|OFIX|PODD|RMD,BAX|FMS|INSP|MDXG|OFIX|PODD|RMD
OMAB,10,8,-6.19,-4.29,-4.09,-1.16,-10.57,-7.465,4.38,3.175,-5.24,0.75,AAL|AC|ALK|ASR|DAL|JBLU|LUV|PAC|SAVE|UAL,AAL|ALK|ASR|DAL|JBLU|LUV|PAC|UAL
OMC,6,5,-1.46,9.69,21.13,-0.43,-2.2,32.94,0.7400000000000002,-23.25,15.18,0.6,ACN|HHS|IPG|MCHX|TDAY|WPP,ACN|HHS|MCHX|TDAY|WPP
OMCL,10,9,-4.14,-11.7,-19.32,-0.93,-0.66,7.05,-3.4799999999999995,-18.75,-40.55,0.2222222222222222,ADUS|AMWL|EHTH|GEHC|HSIC|HSTM|INSP|MCK|MDB|PDCO,ADUS|AMWL|EHTH|GEHC|HSIC|HSTM|INSP|MCK|MDB
OMDA,0,0,-0.04,11.54,47.46,-0.45,,,,,,,,
OMER,10,10,6.33,87.48,49.02,0.3,5.18,14.045,1.1500000000000004,73.435,29.450000000000003,0.7,AMGN|BMRN|EXEL|GILD|INCY|IONS|NBIX|REGN|SRPT|VRTX,AMGN|BMRN|EXEL|GILD|INCY|IONS|NBIX|REGN|SRPT|VRTX
OMEX,10,10,-7.69,8.61,-21.5,-3.24,0.05499999999999999,10.39,-7.745,-1.7800000000000011,-23.195,0.1,BKR|CLB|FET|FTK|INVX|OII|OIS|RIG|TDW|XOM,BKR|CLB|FET|FTK|INVX|OII|OIS|RIG|TDW|XOM
OMF,10,8,-4.9,3.79,14.58,-3.36,-4.609999999999999,1.6550000000000002,-0.2900000000000009,2.135,9.48,0.5,ALLY|CACC|COF|DFS|ENVA|LC|OPRT|RM|SYF|UPST,ALLY|CACC|COF|ENVA|OPRT|RM|SYF|UPST
OMH,10,7,6.21,-72.05,-89.03,21.07,-0.12,-3.46,6.33,-68.59,-87.04,0.8571428571428571,AVB|EQR|EXPI|HGV|OPEN|PLD|RDFN|REZI|RMAX|ZG,AVB|HGV|OPEN|PLD|REZI|RMAX|ZG
OMSE,0,0,1.15,2.45,-6.49,-1.01,,,,,,,,
ON,10,10,-7.58,-18.36,-31.6,-1.57,-2.7649999999999997,-8.88,-4.815,-9.479999999999999,-18.830000000000002,0.2,ADI|AMD|AVGO|INTC|MCHP|MU|NVDA|NXPI|QCOM|TXN,ADI|AMD|AVGO|INTC|MCHP|MU|NVDA|NXPI|QCOM|TXN
ONB,10,9,-4.88,-2.43,8.33,-0.62,-4.14,-2.88,-0.7400000000000002,0.44999999999999973,0.08000000000000007,0.1111111111111111,CMA|FNB|FULT|HBAN|KEY|PNC|RF|TRMK|UBSI|WTFC,FNB|FULT|HBAN|KEY|PNC|RF|TRMK|UBSI|WTFC
ONC,10,9,4.99,16.83,21.07,-0.76,5.83,12.16,-0.8399999999999999,4.669999999999998,-6.210000000000001,0.4444444444444444,AMGN|BLUE|BMRN|EXEL|GILD|INCY|IONS|KPTI|REGN|VRTX,AMGN|BMRN|EXEL|GILD|INCY|IONS|KPTI|REGN|VRTX
ONCH,0,0,0.29,0.19,0.88,0.0,,,,,,,,
ONCO,10,9,-25.02,-24.83,-39.85,-6.95,-0.38,-6.49,-24.64,-18.339999999999996,-27.0,0.1111111111111111,BCTX|BFRG|BTAI|CBIO|CYPH|LONA|MIRA|NNVC|OKUR|SYBX,BCTX|BFRG|BTAI|CBIO|CYPH|LONA|MIRA|NNVC|OKUR
ONCY,10,7,0.6,-2.75,-1.85,-3.15,7.23,14.93,-6.630000000000001,-17.68,-23.650000000000002,0.2857142857142857,ADAP|BLUE|CLLS|CRSP|EDIT|FATE|IOVA|NTLA|PSTX|TCRT,CLLS|CRSP|EDIT|FATE|IOVA|NTLA|TCRT
ONDS,10,9,-7.8,2.69,-12.23,-7.69,-2.71,1.38,-5.09,1.31,-11.88,0.0,ADTN|AUDC|AVNW|CMBM|CMTL|GNSS|GSAT|IRDM|LTRX|SILC,ADTN|AUDC|AVNW|CMTL|GNSS|GSAT|IRDM|LTRX|SILC
ONEG,0,0,-1.45,-1.92,6.25,-0.97,,,,,,,,
ONEW,10,9,-5.39,-11.41,13.25,-0.33,-0.26,2.11,-5.13,-13.52,4.220000000000001,0.1111111111111111,BC|BCO|HZO|LFVN|MBUU|MCFT|MPX|MTN|PII|YETI,BC|BCO|HZO|LFVN|MBUU|MCFT|MTN|PII|YETI
ONFO,9,9,-32.03,-71.43,-95.61,-33.76,-2.03,9.99,-30.0,-81.42,-102.22,0.0,ANGI|ETSY|GDDY|PINS|SHOP|TTD|WIX|Z|ZG,ANGI|ETSY|GDDY|PINS|SHOP|TTD|WIX|Z|ZG
ONIT,10,10,-13.38,-14.44,-1.18,-4.18,-4.085,-0.71,-9.295000000000002,-13.73,-10.915,0.0,CHD|CLX|ENR|GTX|HAS|HOG|LEG|NWL|SPB|WDFC,CHD|CLX|ENR|GTX|HAS|HOG|LEG|NWL|SPB|WDFC
ONL,10,9,1.37,9.49,-2.43,-0.87,-0.5,-3.66,1.87,13.15,-4.29,1.0,ADC|BDN|BXP|EPRT|EQC|FCPT|GNL|HIW|NNN|O,ADC|BDN|BXP|EPRT|FCPT|GNL|HIW|NNN|O
ONMD,8,8,-24.36,-3.92,-32.05,0.82,-0.7350000000000001,2.35,-23.625,-6.27,-47.51,0.0,CLOV|HSTM|IQV|MCK|OMCL|PINC|TDOC|VEEV,CLOV|HSTM|IQV|MCK|OMCL|PINC|TDOC|VEEV
ONON,10,9,-5.9,-18.89,-21.47,-4.89,-4.01,-9.76,-1.8900000000000006,-9.13,-20.049999999999997,0.1111111111111111,COLM|CROX|DECK|LULU|NKE|RL|SKX|UA|UAA|VFC,COLM|CROX|DECK|LULU|NKE|RL|UA|UAA|VFC
ONTO,10,10,-11.77,0.95,13.28,-0.48,-8.86,-11.825,-2.91,12.774999999999999,9.825,0.3,ACLS|AMAT|AMKR|ASML|COHU|KLAC|LRCX|MKSI|TER|UCTT,ACLS|AMAT|AMKR|ASML|COHU|KLAC|LRCX|MKSI|TER|UCTT
OOMA,10,10,-3.1,0.01,5.76,0.35,-2.8150000000000004,12.77,-0.2849999999999997,-12.76,-4.615,0.4,ALRM|BAND|CALX|COHU|EGHT|FIVN|RNG|SGI|TWLO|UI,ALRM|BAND|CALX|COHU|EGHT|FIVN|RNG|SGI|TWLO|UI
OPAD,10,8,-7.56,-14.55,-34.71,1.91,-0.495,2.5,-7.0649999999999995,-17.05,-35.485,0.0,AMH|AVB|EQR|EXR|INVH|MAA|OPEN|RDFN|Z|ZG,AMH|AVB|EXR|INVH|MAA|OPEN|Z|ZG
OPAL,10,9,-2.47,-10.52,10.15,-1.81,-6.38,-9.05,3.9099999999999997,-1.4699999999999989,31.0,0.8888888888888888,BE|BLNK|CLNE|ENPH|FCEL|GEVO|HYLN|NKLA|PLUG|RCEL,BE|BLNK|CLNE|ENPH|FCEL|GEVO|HYLN|PLUG|RCEL
OPBK,10,9,-3.33,3.29,8.6,-0.29,-4.2,-1.52,0.8700000000000001,4.8100000000000005,2.9499999999999993,0.7777777777777778,BCML|CARR|CATY|CVBF|EWBC|HAFC|HOPE|IBTX|PFBC|WABC,BCML|CARR|CATY|CVBF|EWBC|HAFC|HOPE|PFBC|WABC
OPCH,10,8,-1.82,11.73,6.3,1.19,-0.825,1.365,-0.9950000000000001,10.365,2.885,0.25,ADUS|AMED|CI|CMG|CVS|EHC|ELV|LIVN|SEM|UNH,ADUS|CI|CMG|CVS|EHC|ELV|LIVN|UNH
OPEN,10,7,-6.16,-21.8,-22.16,-4.33,-1.45,7.95,-4.71,-29.75,-22.35,0.14285714285714285,APPF|COMP|EXPI|FTHM|HOUS|LAND|RDFN|REZI|Z|ZG,APPF|COMP|FTHM|LAND|REZI|Z|ZG
OPFI,10,8,-1.33,-23.86,-16.84,-2.02,-4.605,-3.42,3.2750000000000004,-20.439999999999998,-26.905,0.75,ALLY|ATLC|CACC|ENVA|LC|LPRO|PBH|RM|SLM|WRLD,ALLY|ATLC|CACC|ENVA|PBH|RM|SLM|WRLD
OPHC,10,9,0.33,51.48,67.46,-8.81,-3.9,-2.88,4.2299999999999995,54.36,57.919999999999995,0.8888888888888888,BEN|BK|C|FITB|HBAN|JPM|KEY|MS|PNC|RF,BEN|C|FITB|HBAN|JPM|KEY|MS|PNC|RF
OPK,10,8,1.74,20.7,15.8,-2.4,4.300000000000001,9.64,-2.5600000000000005,11.059999999999999,-13.09,0.25,BCRX|CMRX|CRL|DGX|EXAS|LH|MEDP|MYGN|TECH|VNDA,BCRX|CRL|DGX|LH|MEDP|MYGN|TECH|VNDA
OPLN,10,10,-2.31,-13.03,-2.25,0.19,-0.125,-7.245,-2.185,-5.784999999999999,-8.379999999999999,0.3,ABG|AN|CMPR|CPRT|GPI|LAD|MAN|R|RBA|SAH,ABG|AN|CMPR|CPRT|GPI|LAD|MAN|R|RBA|SAH
OPRA,10,10,-10.6,-6.41,3.19,-0.68,-2.49,7.855,-8.11,-14.265,6.66,0.1,AAPL|AMZN|BABA|BIDU|GOOGL|META|MSFT|SNAP|UBER|ZM,AAPL|AMZN|BABA|BIDU|GOOGL|META|MSFT|SNAP|UBER|ZM
OPRT,10,9,-6.28,28.09,31.38,-5.17,-3.15,-0.48,-3.1300000000000003,28.57,37.26,0.2222222222222222,CSGP|ENVA|FCFS|FINV|GDOT|LC|QFIN|RM|WRLD|XYF,CSGP|ENVA|FCFS|FINV|GDOT|QFIN|RM|WRLD|XYF
OPRX,9,9,-7.8,25.31,62.88,1.06,-0.81,-0.81,-6.99,26.119999999999997,55.540000000000006,0.2222222222222222,DHX|GDRX|HIMX|HSTM|HUT|OTLK|PEGA|TDOC|VEEV,DHX|GDRX|HIMX|HSTM|HUT|OTLK|PEGA|TDOC|VEEV
OPTT,10,9,-11.12,-0.44,-45.33,-7.51,-5.65,-10.2,-5.469999999999999,9.76,-24.479999999999997,0.2222222222222222,AMSC|AQMS|BLDP|CLNE|CPST|FCEL|HASI|PLUG|POWI|VVPR,AMSC|AQMS|BLDP|CLNE|CPST|FCEL|HASI|PLUG|POWI
OPTU,0,0,3.35,-3.34,32.64,0.41,,,,,,,,
OPTX,10,10,-3.49,1.62,-6.37,0.24,-3.245,-5.5649999999999995,-0.2450000000000001,7.185,10.23,0.5,ADI|COHR|INTC|KOPN|LITE|LPTH|MVIS|NVMI|TXN|VUZI,ADI|COHR|INTC|KOPN|LITE|LPTH|MVIS|NVMI|TXN|VUZI
OPXS,10,10,-6.19,-9.19,8.74,-0.45,-4.145,4.3549999999999995,-2.045000000000001,-13.544999999999998,11.57,0.2,AVAV|BA|CW|GD|HII|KRNY|LHX|LMT|NOC|TXT,AVAV|BA|CW|GD|HII|KRNY|LHX|LMT|NOC|TXT
OPY,10,10,-2.48,1.61,17.91,-1.34,-3.475,1.54,0.9950000000000001,0.07000000000000006,12.205,0.8,AMTD|EVR|GS|LAZ|LPLA|MC|MS|RJF|SCHW|SF,AMTD|EVR|GS|LAZ|LPLA|MC|MS|RJF|SCHW|SF
OR,10,8,8.29,20.48,-1.44,1.83,12.870000000000001,29.65,-4.580000000000002,-9.169999999999998,-17.275000000000002,0.0,AGI|AU|EGO|FNV|IAG|KGC|NGD|RGLD|SAND|WPM,AGI|AU|EGO|FNV|IAG|KGC|RGLD|WPM
ORA,10,10,-2.4,6.81,-15.92,0.4,0.485,-3.6849999999999996,-2.885,10.495,-15.76,0.0,AEP|AES|CMS|DTE|DUK|ED|EIX|NEE|PCG|XEL,AEP|AES|CMS|DTE|DUK|ED|EIX|NEE|PCG|XEL
ORBS,10,10,8.26,27.32,-9.33,9.2,-0.16000000000000003,7.855,8.42,19.465,-4.955,1.0,AAPL|AMZN|BABA|CRM|GOOGL|MSFT|NFLX|NVDA|ORCL|TSLA,AAPL|AMZN|BABA|CRM|GOOGL|MSFT|NFLX|NVDA|ORCL|TSLA
ORC,10,10,0.83,-0.07,-1.4,-1.41,-0.25,0.65,1.08,-0.72,-2.135,0.9,ADAM|AGNC|ARR|CHMI|CIM|DX|IVR|MFA|NLY|TWO,ADAM|AGNC|ARR|CHMI|CIM|DX|IVR|MFA|NLY|TWO
ORCL,10,10,-9.44,12.42,-24.81,-1.64,0.4,26.060000000000002,-9.84,-13.640000000000002,-35.785,0.0,ADBE|AMZN|CRM|GOOGL|IBM|INTU|MSFT|NOW|SAP|WDAY,ADBE|AMZN|CRM|GOOGL|IBM|INTU|MSFT|NOW|SAP|WDAY
ORGO,10,9,6.53,-24.09,-26.47,-1.83,-0.85,13.62,7.38,-37.71,-36.79,0.8888888888888888,BSX|DHR|EW|HOLX|ISRG|JNJ|MDT|SYK|XRAY|ZBH,BSX|DHR|EW|ISRG|JNJ|MDT|SYK|XRAY|ZBH
ORI,10,10,-1.48,1.27,5.69,0.57,-1.025,-0.9550000000000001,-0.45500000000000007,2.225,-1.6149999999999993,0.4,AIG|ALL|CB|CINF|HIG|L|MET|PGR|PRU|TRV,AIG|ALL|CB|CINF|HIG|L|MET|PGR|PRU|TRV
ORIC,10,10,3.66,32.29,69.1,-2.94,5.025,12.719999999999999,-1.3650000000000002,19.57,44.175,0.1,ABBV|AMGN|BIIB|BMY|GILD|LLY|MRK|PFE|REGN|VRTX,ABBV|AMGN|BIIB|BMY|GILD|LLY|MRK|PFE|REGN|VRTX
ORIO,10,9,1.96,43.02,-3.72,-4.59,-3.53,3.07,5.49,39.95,-17.04,0.7777777777777778,AFRM|FOUR|GPN|LC|MA|PYPL|SOFI|TREE|UPST|XYZ,AFRM|FOUR|GPN|MA|PYPL|SOFI|TREE|UPST|XYZ
ORIQ,0,0,0.39,0.48,1.17,0.0,,,,,,,,
ORKA,0,0,-1.14,15.52,76.19,-2.71,,,,,,,,
ORKT,10,10,-1.0,5.32,-3.88,-2.94,-1.7850000000000001,9.5,0.7850000000000001,-4.18,-5.41,0.6,AAPL|ADBE|AMZN|CRM|CSCO|GOOGL|IBM|INTC|MSFT|ORCL,AAPL|ADBE|AMZN|CRM|CSCO|GOOGL|IBM|INTC|MSFT|ORCL
ORLY,9,9,-3.93,2.79,-3.56,-2.46,-1.42,-0.87,-2.5100000000000002,3.66,-20.41,0.1111111111111111,AAP|ABG|AN|AZO|GPC|KMX|LAD|PAG|SAH,AAP|ABG|AN|AZO|GPC|KMX|LAD|PAG|SAH
ORMP,9,9,7.72,17.37,10.24,-1.5,4.71,4.48,3.01,12.89,-19.299999999999997,0.6666666666666666,AQST|CAPR|LGND|MNKD|NVAX|RIGL|TNDM|VTVT|XERS,AQST|CAPR|LGND|MNKD|NVAX|RIGL|TNDM|VTVT|XERS
ORN,10,10,-4.51,-29.71,-36.47,-3.82,-3.25,0.52,-1.2599999999999998,-30.23,-31.119999999999997,0.4,DY|EME|FIX|GVA|MTZ|PRIM|PWR|ROAD|TPC|TTEK,DY|EME|FIX|GVA|MTZ|PRIM|PWR|ROAD|TPC|TTEK
ORRF,10,10,-4.39,0.48,13.36,-0.45,-4.0649999999999995,2.1399999999999997,-0.3250000000000002,-1.6599999999999997,1.5299999999999994,0.2,AUB|CTBI|ESQ|FMBH|FMNB|GSBC|HWBK|PFIS|TMP|UVSP,AUB|CTBI|ESQ|FMBH|FMNB|GSBC|HWBK|PFIS|TMP|UVSP
OSBC,10,8,-3.29,6.62,19.03,-0.32,-4.05,0.86,0.7599999999999998,5.76,8.23,0.75,BUSE|CADE|CBSH|CUBI|FULT|HTLF|PFS|SRCE|TOWN|WSBC,BUSE|CBSH|CUBI|FULT|PFS|SRCE|TOWN|WSBC
OSCR,10,10,6.36,10.98,39.79,1.27,-0.765,-3.535,7.125,14.515,29.43,1.0,ACHC|CI|CNC|EHTH|HUM|MD|MOH|THC|UHS|UNH,ACHC|CI|CNC|EHTH|HUM|MD|MOH|THC|UHS|UNH
OSG,10,10,-4.46,-22.95,-22.68,-0.88,-0.925,-0.895,-3.535,-22.055,-24.325,0.0,ACGL|AGO|AIG|ALL|CINF|CNA|HIG|MCO|MCY|PRU,ACGL|AGO|AIG|ALL|CINF|CNA|HIG|MCO|MCY|PRU
OSIS,10,10,-4.66,3.87,3.1,-1.36,-3.79,3.9349999999999996,-0.8700000000000001,-0.0649999999999995,4.15,0.4,BA|CUB|EH|GD|HEI|HON|LHX|LMT|NOC|TXT,BA|CUB|EH|GD|HEI|HON|LHX|LMT|NOC|TXT
OSK,10,10,0.35,2.85,21.53,2.03,-1.8699999999999999,-0.07999999999999996,2.2199999999999998,2.93,11.545000000000002,0.8,AGCO|CAT|CMI|DE|HII|LECO|PCAR|PH|TEX|WAB,AGCO|CAT|CMI|DE|HII|LECO|PCAR|PH|TEX|WAB
OSPN,10,9,-8.34,2.37,20.41,-1.65,-13.17,5.03,4.83,-2.66,-12.180000000000003,0.6666666666666666,CRWD|CYBR|FSLY|FTNT|NET|OKTA|QLYS|TENB|VRNS|ZS,CRWD|FSLY|FTNT|NET|OKTA|QLYS|TENB|VRNS|ZS
OSRH,0,0,4.06,-32.92,-41.1,-21.07,,,,,,,,
OSS,10,10,-12.26,-11.58,-26.68,-5.01,-4.55,6.2749999999999995,-7.71,-17.855,-30.994999999999997,0.1,AMD|AVGO|CSCO|DELL|HPE|HPQ|IBM|NTAP|NVDA|ORCL,AMD|AVGO|CSCO|DELL|HPE|HPQ|IBM|NTAP|NVDA|ORCL
OSTX,10,10,-2.5,0.65,-14.75,6.85,4.720000000000001,12.719999999999999,-7.220000000000001,-12.069999999999999,-36.555,0.0,AMGN|BIIB|BMY|GILD|JNJ|LLY|MRK|PFE|REGN|VRTX,AMGN|BIIB|BMY|GILD|JNJ|LLY|MRK|PFE|REGN|VRTX
OSUR,10,9,-6.97,-1.32,21.82,1.08,3.3,14.29,-10.27,-15.61,-4.969999999999999,0.1111111111111111,ABT|BAX|BDX|DGX|FMS|HOLX|LH|MBAI|MYGN|QDEL,ABT|BAX|BDX|DGX|FMS|LH|MBAI|MYGN|QDEL
OSW,9,8,-3.21,0.37,9.2,-1.28,-3.92,17.81,0.71,-17.439999999999998,-29.13,0.75,BJRI|BLMN|CAKE|DENN|DIN|DRI|EAT|RRGB|TXRH,BJRI|BLMN|CAKE|DIN|DRI|EAT|RRGB|TXRH
OTEX,10,10,-2.15,9.61,6.17,-0.66,-0.79,27.4,-1.3599999999999999,-17.79,-16.595,0.4,ADBE|BOX|DOCU|IBM|MSFT|NOW|ORCL|SAP|TEAM|WDAY,ADBE|BOX|DOCU|IBM|MSFT|NOW|ORCL|SAP|TEAM|WDAY
OTF,0,0,-4.39,10.5,1.16,-1.48,,,,,,,,
OTGA,0,0,0.1,0.49,0.59,-0.2,,,,,,,,
OTIS,4,4,-1.6,2.06,0.83,-0.13,-3.205,-6.680000000000001,1.605,8.74,2.375,0.5,HYD|RIME|SCHP|TKR,HYD|RIME|SCHP|TKR
OTLK,10,9,-24.57,-49.97,145.57,-3.13,3.44,0.35,-28.01,-50.32,145.32,0.1111111111111111,ADMA|AKBA|ALDX|CLSD|EDIT|EYPT|KALA|KYNB|NBIX|OCUL,ADMA|AKBA|ALDX|EDIT|EYPT|KALA|KYNB|NBIX|OCUL
OTLY,10,10,1.95,30.8,41.0,0.86,1.15,2.79,0.8,28.01,34.705,0.7,BRBR|BYND|DNUT|GIS|HAIN|HRL|KHC|KO|PEP|STZ,BRBR|BYND|DNUT|GIS|HAIN|HRL|KHC|KO|PEP|STZ
OTTR,10,9,-0.03,0.09,7.47,0.55,0.25,-4.42,-0.28,4.51,8.77,0.2222222222222222,AEE|AEP|ALE|CMS|CNP|IDA|LNT|MGEE|NWE|PNW,AEE|AEP|CMS|CNP|IDA|LNT|MGEE|NWE|PNW
OUST,10,9,-16.09,-2.55,22.68,-5.54,-6.42,2.02,-9.67,-4.57,38.185,0.3333333333333333,AEVA|CPTN|INVZ|LAZR|LEDS|LIDR|LITE|MGNI|MVIS|VIAV,AEVA|INVZ|LAZR|LEDS|LIDR|LITE|MGNI|MVIS|VIAV
OUT,9,7,0.27,-6.51,-9.13,-1.58,-1.9,9.69,2.17,-16.2,-9.39,0.7142857142857143,APO|CCO|IPG|LAMR|NCMI|OMC|QNST|SPI|WPP,APO|CCO|LAMR|NCMI|OMC|QNST|WPP
OVBC,10,10,-4.15,3.45,-4.91,-0.76,-4.425000000000001,-0.685,0.27500000000000036,4.135,-13.16,0.6,ASB|BANR|FFBC|FULT|HOMB|ONB|PNFP|SFNC|VLY|WBS,ASB|BANR|FFBC|FULT|HOMB|ONB|PNFP|SFNC|VLY|WBS
OVID,10,7,-0.71,16.81,16.32,-5.12,2.55,14.93,-3.26,1.879999999999999,5.300000000000001,0.14285714285714285,BLUE|CRSP|EDIT|FOLD|NTLA|PTCT|QURE|RARE|SGMO|SRPT,CRSP|EDIT|NTLA|PTCT|QURE|RARE|SRPT
OVLY,10,10,-1.39,2.51,0.58,-0.81,-3.175,-2.52,1.785,5.029999999999999,-6.414999999999999,0.8,COLB|CWBC|CZNC|FIBK|HOPE|OCFC|PACB|PFBC|TRMK|WABC,COLB|CWBC|CZNC|FIBK|HOPE|OCFC|PACB|PFBC|TRMK|WABC
OVV,10,8,7.49,10.69,12.51,2.14,7.975,8.635,-0.48499999999999943,2.0549999999999997,4.479999999999999,0.375,APA|COP|CVX|DVN|EOG|FANG|HES|MRO|OXY|XOM,APA|COP|CVX|DVN|EOG|FANG|OXY|XOM
OWL,10,10,-9.12,25.6,18.24,-2.25,-5.13,11.555,-3.9899999999999993,14.045000000000002,10.874999999999998,0.0,APO|ARES|BX|CG|HNNA|KKR|MC|PAGP|STEP|TPG,APO|ARES|BX|CG|HNNA|KKR|MC|PAGP|STEP|TPG
OWLS,0,0,2.98,1.1,-6.1,-0.36,,,,,,,,
OWLT,10,10,-8.61,8.11,-4.02,-1.04,0.24,8.629999999999999,-8.85,-0.5199999999999996,-15.315,0.1,ALGN|DXCM|IDXX|NEO|NTRA|NVCR|PINS|PODD|SENS|TDOC,ALGN|DXCM|IDXX|NEO|NTRA|NVCR|PINS|PODD|SENS|TDOC
OXBR,10,10,2.31,-9.52,39.85,-0.75,0.0,0.73,2.31,-10.25,37.03,0.9,ACGL|HIG|KMPR|L|MCY|MTG|PGR|RGA|RNR|WRB,ACGL|HIG|KMPR|L|MCY|MTG|PGR|RGA|RNR|WRB
OXM,9,9,-5.46,-15.57,-9.57,-3.28,-5.07,-4.85,-0.3899999999999997,-10.72,-10.5,0.3333333333333333,AEO|ANF|KTB|LB|LEVI|PVH|RL|URBN|VFC,AEO|ANF|KTB|LB|LEVI|PVH|RL|URBN|VFC
OXSQ,10,10,-6.38,-4.45,9.84,-1.76,-2.4850000000000003,8.525,-3.8949999999999996,-12.975000000000001,5.2299999999999995,0.0,ARCC|FSK|HTGC|MAIN|NMFC|OCSL|PSEC|SLRC|TCPC|TPVG,ARCC|FSK|HTGC|MAIN|NMFC|OCSL|PSEC|SLRC|TCPC|TPVG
OXY,10,9,7.56,7.93,5.42,3.27,8.39,9.11,-0.830000000000001,-1.1799999999999997,-2.41,0.4444444444444444,APA|COP|CVX|DVN|EOG|FANG|HES|MUR|SLB|XOM,APA|COP|CVX|DVN|EOG|FANG|MUR|SLB|XOM
OYSE,0,0,0.39,0.68,1.27,0.29,,,,,,,,
OZ,10,9,1.92,6.73,0.06,0.02,0.36,-0.9,1.56,7.630000000000001,-5.54,0.7777777777777778,AMH|AVB|EQIX|EQR|ESS|INVH|PLD|PSA|SPG|VTR,AMH|AVB|EQIX|ESS|INVH|PLD|PSA|SPG|VTR
OZK,10,10,-5.92,-3.57,1.78,-0.65,-4.605,-3.2800000000000002,-1.3149999999999995,-0.2899999999999996,-9.15,0.0,CFG|FITB|HBAN|KEY|MTB|PNC|RF|TFC|USB|ZION,CFG|FITB|HBAN|KEY|MTB|PNC|RF|TFC|USB|ZION
PAA,10,10,4.24,-0.02,4.78,1.91,0.5800000000000001,-1.96,3.66,1.94,7.675000000000001,0.9,ENB|EPD|ET|HESM|KMI|MPLX|OKE|PBR|TRP|WMB,ENB|EPD|ET|HESM|KMI|MPLX|OKE|PBR|TRP|WMB
PAAS,10,9,8.66,13.48,-6.26,2.21,12.3,32.28,-3.6400000000000006,-18.8,-24.689999999999998,0.3333333333333333,AG|CDE|EXK|FSM|HL|MAG|NG|SSRM|SVM|TGB,AG|CDE|EXK|FSM|HL|NG|SSRM|SVM|TGB
PAC,10,9,-2.14,-5.93,-18.41,-0.82,-3.74,2.73,1.6,-8.66,-14.32,0.6666666666666666,ASR|CAAP|DLPN|GSL|HASI|OMAB|SATS|TAP|TRN|USPH,ASR|CAAP|DLPN|GSL|HASI|OMAB|TAP|TRN|USPH
PACB,10,10,10.87,-7.61,7.14,0.39,7.285,15.274999999999999,3.584999999999999,-22.884999999999998,-34.989999999999995,0.8,CDNA|CRSP|FATE|FLGT|GH|ILMN|ONC|QGEN|TWST|TXG,CDNA|CRSP|FATE|FLGT|GH|ILMN|ONC|QGEN|TWST|TXG
PACH,0,0,0.09,0.48,1.08,0.09,,,,,,,,
PACK,10,8,-11.36,-29.32,-17.96,-2.46,-1.1,6.335,-10.26,-35.655,-38.06,0.0,AMCR|ATR|BERY|GEF|IP|OI|PKG|SEE|SLGN|SON,AMCR|ATR|GEF|IP|OI|PKG|SLGN|SON
PACS,10,10,-2.27,-2.43,18.83,-0.69,2.385,28.75,-4.654999999999999,-31.18,1.1049999999999969,0.2,ACN|BBSI|CTSH|DXC|EXLS|G|HCKT|HURN|LDOS|SAIC,ACN|BBSI|CTSH|DXC|EXLS|G|HCKT|HURN|LDOS|SAIC
PAG,10,10,0.31,2.22,37.97,0.68,-2.615,-0.36,2.9250000000000003,2.58,29.895,0.7,ABG|AN|CRMT|CVNA|GPI|KMX|LAD|RUSHA|SAH|VRM,ABG|AN|CRMT|CVNA|GPI|KMX|LAD|RUSHA|SAH|VRM
PAGP,10,10,4.16,2.91,7.38,1.74,0.5800000000000001,-1.615,3.58,4.525,8.645,1.0,AM|ENB|EPD|ET|KMI|MPLX|OKE|PPL|TRP|WMB,AM|ENB|EPD|ET|KMI|MPLX|OKE|PPL|TRP|WMB
PAGS,10,10,-3.72,-12.19,-8.89,-1.09,-2.465,2.395,-1.2550000000000003,-14.584999999999999,-23.310000000000002,0.2,AXP|BAC|FIS|GPN|JPM|MA|PYPL|V|WU|XYZ,AXP|BAC|FIS|GPN|JPM|MA|PYPL|V|WU|XYZ
PAHC,10,9,4.78,5.55,5.55,0.7,2.57,2.83,2.2100000000000004,2.7199999999999998,4.52,0.6666666666666666,CTLT|ELAN|IDXX|IRWD|KMDA|MNOV|MWG|NEOG|PTCT|ZTS,ELAN|IDXX|IRWD|KMDA|MNOV|MWG|NEOG|PTCT|ZTS
PAII,0,0,0.0,0.29,0.98,0.0,,,,,,,,
PAL,10,10,-2.01,-25.73,5.29,-0.74,-4.915,-9.41,2.9050000000000002,-16.32,7.33,0.9,ARCB|CAR|HTZ|JBHT|KNX|ODFL|R|SNDR|WERN|XPO,ARCB|CAR|HTZ|JBHT|KNX|ODFL|R|SNDR|WERN|XPO
PALI,9,6,-4.42,8.16,9.31,-4.86,-1.9049999999999998,5.359999999999999,-2.515,2.8000000000000007,5.155,0.0,CYPH|ENTA|GERN|HEPA|IKT|IMMP|LVTX|NRT|ONCT,CYPH|ENTA|GERN|IKT|IMMP|NRT
PAM,10,10,1.45,-10.22,1.03,1.28,-0.12,-2.915,1.5699999999999998,-7.305000000000001,0.79,1.0,AEP|D|DUK|ED|ES|EXC|NEE|PPL|SO|XEL,AEP|D|DUK|ED|ES|EXC|NEE|PPL|SO|XEL
PAMT,10,10,-12.09,-21.13,0.97,-1.56,-3.575,-13.205,-8.515,-7.924999999999999,3.3899999999999997,0.0,ARCB|HTLD|JBHT|KNX|LSTR|MRTN|ODFL|SAIA|SNDR|WERN,ARCB|HTLD|JBHT|KNX|LSTR|MRTN|ODFL|SAIA|SNDR|WERN
PANL,10,10,4.16,5.41,-3.84,0.83,5.734999999999999,13.085,-1.5749999999999993,-7.675000000000001,-9.969999999999999,0.4,ASC|CCEC|DSX|GNK|GOGL|NMM|SB|SBLK|STNG|TK,ASC|CCEC|DSX|GNK|GOGL|NMM|SB|SBLK|STNG|TK
PANW,10,8,-11.03,5.08,42.83,-2.06,-10.515,2.6550000000000002,-0.5149999999999988,2.425,24.919999999999998,0.5,CHKP|CRWD|CSCO|CYBR|FTNT|JNPR|NET|OKTA|TENB|ZS,CHKP|CRWD|CSCO|FTNT|NET|OKTA|TENB|ZS
PAPL,0,0,-1.84,5.03,-2.75,5.03,,,,,,,,
PAR,10,10,3.58,25.65,31.57,-0.02,-0.435,13.42,4.015,12.229999999999999,9.420000000000002,0.8,ADP|EVTC|FIS|GPN|JKHY|MSTR|PAYC|PAYX|SSNC|XYZ,ADP|EVTC|FIS|GPN|JKHY|MSTR|PAYC|PAYX|SSNC|XYZ
PARK,0,0,-5.68,11.83,19.12,2.55,,,,,,,,
PARR,10,10,-9.42,-6.32,22.37,-3.55,4.295,10.46,-13.715,-16.78,-1.4049999999999976,0.0,BP|COP|CVI|DK|MPC|OXY|PBF|PSX|VLO|XOM,BP|COP|CVI|DK|MPC|OXY|PBF|PSX|VLO|XOM
PASG,9,8,-3.61,-10.37,-15.19,-2.22,6.6,19.935000000000002,-10.209999999999999,-30.305,-54.184999999999995,0.125,ADPT|BLUE|CLLS|CRSP|EDIT|MGTX|NTLA|QURE|REPL,ADPT|CLLS|CRSP|EDIT|MGTX|NTLA|QURE|REPL
PASW,0,0,-5.59,-4.14,-13.79,-5.23,,,,,,,,
PATH,10,10,-5.58,47.2,46.24,-0.19,1.125,27.4,-6.705,19.800000000000004,31.585,0.1,ADBE|CRM|IBM|INTU|MSFT|NOW|ORCL|SAP|TEAM|WDAY,ADBE|CRM|IBM|INTU|MSFT|NOW|ORCL|SAP|TEAM|WDAY
PATK,10,9,-1.61,-1.56,-6.21,-2.62,-0.56,2.31,-1.05,-3.87,-15.239999999999998,0.2222222222222222,BC|CWH|DOO|HZO|LCII|MBUU|MCFT|MPX|THO|WGO,BC|CWH|DOO|HZO|LCII|MBUU|MCFT|THO|WGO
PAVM,10,6,6.57,7.02,-17.19,-0.96,-6.74,7.535,13.31,-0.5150000000000006,-25.785,0.6666666666666666,AVGR|AXGN|BLFS|BMTX|ICAD|MLSS|NUWE|RVP|SINT|SMLR,AXGN|BLFS|MLSS|NUWE|RVP|SINT
PAVS,10,9,-20.42,35.77,-95.17,-3.87,0.61,11.98,-21.03,23.790000000000003,-121.77000000000001,0.0,AMC|CMCSA|CNK|DIS|IMAX|LGF-A|NCMI|NFLX|RDI|ROKU,AMC|CMCSA|CNK|DIS|IMAX|NCMI|NFLX|RDI|ROKU
PAX,10,10,-2.44,3.81,2.13,-0.99,-4.95,12.594999999999999,2.5100000000000002,-8.784999999999998,-9.82,0.8,APO|ARES|BAM|BX|CG|FIGS|HLNE|KKR|NDAQ|PAGP,APO|ARES|BAM|BX|CG|FIGS|HLNE|KKR|NDAQ|PAGP
PAY,10,10,-7.34,34.58,60.03,-1.21,-0.8049999999999999,6.545,-6.535,28.034999999999997,42.075,0.1,ADP|EVTC|FIS|GPN|JKHY|MA|PYPL|V|WU|XYZ,ADP|EVTC|FIS|GPN|JKHY|MA|PYPL|V|WU|XYZ
PAYC,8,7,0.58,61.47,63.02,1.25,1.36,27.66,-0.7800000000000001,33.81,35.77,0.42857142857142855,ADP|INTU|NOW|PAYX|PCTY|SAP|WDAY|ZUO,ADP|INTU|NOW|PAYX|PCTY|SAP|WDAY
PAYO,10,10,-0.42,-0.14,43.35,0.14,0.5700000000000001,12.955,-0.99,-13.095,23.965000000000003,0.4,ADP|DXC|FIS|GPN|JKHY|MA|PYPL|V|WEX|XYZ,ADP|DXC|FIS|GPN|JKHY|MA|PYPL|V|WEX|XYZ
PAYS,10,10,6.26,54.41,124.96,0.25,-2.6100000000000003,2.5599999999999996,8.870000000000001,51.849999999999994,110.03999999999999,0.9,DLO|EVTC|FIS|FOUR|GPN|JKHY|MA|V|WU|XYZ,DLO|EVTC|FIS|FOUR|GPN|JKHY|MA|V|WU|XYZ
PAYX,9,9,-1.45,11.59,30.19,0.87,0.08,17.11,-1.53,-5.52,-0.46999999999999886,0.3333333333333333,ADP|FIS|GPN|INTU|PAYC|PCTY|TNET|WEX|XYZ,ADP|FIS|GPN|INTU|PAYC|PCTY|TNET|WEX|XYZ
PB,10,10,-2.24,-0.14,5.7,0.08,-4.055,-2.145,1.8149999999999995,2.005,-6.069999999999999,1.0,BAC|C|CFG|FITB|JPM|PNC|RF|TFC|USB|WFC,BAC|C|CFG|FITB|JPM|PNC|RF|TFC|USB|WFC
PBA,10,10,1.31,-2.54,0.59,2.14,0.63,-1.615,0.68,-0.925,1.1149999999999998,0.6,AM|ENB|EPD|ET|KMI|MPLX|OKE|PAGP|TRP|WMB,AM|ENB|EPD|ET|KMI|MPLX|OKE|PAGP|TRP|WMB
PBF,9,9,-1.5,13.86,75.44,-0.96,3.05,5.23,-4.55,8.629999999999999,53.06999999999999,0.2222222222222222,CVI|DK|LYB|MPC|PARR|PSX|SUN|UAN|VLO,CVI|DK|LYB|MPC|PARR|PSX|SUN|UAN|VLO
PBFS,10,10,-1.1,-1.5,14.3,-0.52,-4.375,-3.535,3.275,2.035,5.280000000000001,1.0,CFG|CFR|FLG|FULT|HBAN|HOMB|KEY|MTB|VLY|WBS,CFG|CFR|FLG|FULT|HBAN|HOMB|KEY|MTB|VLY|WBS
PBH,10,10,-1.36,3.27,7.28,-2.04,-0.20499999999999996,0.16999999999999998,-1.1550000000000002,3.1,0.7650000000000006,0.4,CHD|CL|CLX|EL|JNJ|KMB|MO|PG|REYN|TSN,CHD|CL|CLX|EL|JNJ|KMB|MO|PG|REYN|TSN
PBHC,10,8,0.68,2.38,20.74,0.18,-3.915,-1.24,4.595,3.62,12.939999999999998,1.0,BCBP|CARV|FFIC|FSBC|HIFS|KRNY|OCFC|ORRF|TMP|WABC,BCBP|FSBC|HIFS|KRNY|OCFC|ORRF|TMP|WABC
PBI,10,10,-1.86,-9.17,6.8,1.58,1.295,11.565,-3.1550000000000002,-20.735,-12.094999999999999,0.3,BR|DBD|EFX|HPQ|PAYC|RHI|RSG|VRSK|WK|XRX,BR|DBD|EFX|HPQ|PAYC|RHI|RSG|VRSK|WK|XRX
PBM,10,9,9.98,32.72,-2.36,-4.51,1.15,3.48,8.83,29.24,-30.14,1.0,ATAI|CMPS|DFTX|FENC|HELP|IQV|MCRB|RLMD|SCPH|XENE,ATAI|CMPS|DFTX|FENC|HELP|IQV|MCRB|RLMD|XENE
PBR,10,8,7.57,1.88,-2.95,3.83,7.975,8.635,-0.40499999999999936,-6.755,-10.98,0.5,APA|COP|CVX|DVN|EOG|FANG|HES|MRO|OXY|XOM,APA|COP|CVX|DVN|EOG|FANG|OXY|XOM
PBR-A,10,8,6.56,2.5,-3.49,3.15,6.17,8.635,0.3899999999999997,-6.135,-11.950000000000001,0.625,APA|BP|COP|CVX|E|EQNR|HES|MRO|OXY|XOM,APA|BP|COP|CVX|E|EQNR|OXY|XOM
PBT,10,8,2.63,16.74,11.8,1.54,2.3000000000000003,3.32,0.3299999999999996,13.419999999999998,15.83,0.5,BPT|BSM|CRT|DMLP|KRP|MSB|MTR|MVO|SBR|SJT,BSM|CRT|DMLP|KRP|MSB|MTR|SBR|SJT
PBYI,10,8,6.54,17.92,32.76,-2.21,2.275,3.1399999999999997,4.265000000000001,14.780000000000001,23.674999999999997,0.625,AFMD|BPMC|EXEL|INCY|KPTI|KYNB|LGND|MRNA|NKTR|SRPT,EXEL|INCY|KPTI|KYNB|LGND|MRNA|NKTR|SRPT
PCAP,0,0,0.0,0.19,0.78,-0.1,,,,,,,,
PCAR,9,9,-1.48,-1.78,15.35,1.03,0.35,-3.02,-1.83,1.24,14.94,0.3333333333333333,ALK|CAT|CMI|DAN|DE|F|GM|OSK|TSLA,ALK|CAT|CMI|DAN|DE|F|GM|OSK|TSLA
PCB,10,10,-3.23,-5.19,13.21,-0.29,-3.605,1.155,0.375,-6.345000000000001,3.1449999999999996,0.6,CATY|CVBF|EWBC|FISI|HFWA|HOPE|MBWM|TMP|UBCP|WABC,CATY|CVBF|EWBC|FISI|HFWA|HOPE|MBWM|TMP|UBCP|WABC
PCG,10,10,4.21,0.47,11.56,2.95,0.27,-4.0,3.94,4.47,11.585,0.9,AEP|CMS|D|DUK|ED|EIX|EXC|PEG|SO|XEL,AEP|CMS|D|DUK|ED|EIX|EXC|PEG|SO|XEL
PCLA,0,0,22.58,58.28,455.07,23.12,,,,,,,,
PCOR,10,10,1.89,52.09,33.25,0.65,1.0350000000000001,20.78,0.8549999999999998,31.310000000000002,9.314999999999998,0.5,ADSK|APPF|BILL|BOX|HUBS|NOW|ORCL|TEAM|TYL|WEAV,ADSK|APPF|BILL|BOX|HUBS|NOW|ORCL|TEAM|TYL|WEAV
PCRX,10,9,3.44,-6.3,4.25,-1.59,6.54,12.01,-3.1,-18.31,-28.509999999999998,0.3333333333333333,ACAD|AMLX|ANAB|CORT|ENTA|EXEL|INCY|LGND|PBYI|RDUS,ACAD|AMLX|ANAB|CORT|ENTA|EXEL|INCY|LGND|PBYI
PCSA,9,8,-12.8,-14.17,-16.48,1.4,-0.27,-1.265,-12.530000000000001,-12.905,-21.5,0.0,ARWR|BGMS|HRTX|LCTX|MNOV|PSTV|PTGX|PVLA|TGTX,ARWR|BGMS|HRTX|LCTX|MNOV|PTGX|PVLA|TGTX
PCT,10,10,-3.21,8.05,-42.88,-5.51,4.3,4.025,-7.51,4.025,-36.67,0.0,ASIX|CC|CE|DOW|EMN|HUN|LYB|MEOH|RPM|WEST,ASIX|CC|CE|DOW|EMN|HUN|LYB|MEOH|RPM|WEST
PCTY,10,10,0.08,26.53,35.53,2.43,-0.435,21.585,0.515,4.945,8.875,0.5,ADP|BILL|INTU|NOW|ORCL|PAYC|PAYX|TEAM|WDAY|XYZ,ADP|BILL|INTU|NOW|ORCL|PAYC|PAYX|TEAM|WDAY|XYZ
PCVX,10,10,5.33,10.71,31.43,-2.12,4.45,5.49,0.8799999999999999,5.220000000000001,29.54,0.7,ALNY|AZN|BNTX|GSK|JNJ|MRNA|NVAX|NVCR|PFE|VNDA,ALNY|AZN|BNTX|GSK|JNJ|MRNA|NVAX|NVCR|PFE|VNDA
PCYO,10,10,3.44,9.22,14.89,2.36,1.495,3.96,1.9449999999999998,5.260000000000001,0.370000000000001,0.8,ARTNA|AWK|AWR|CWCO|CWT|DHR|HTO|MSEX|WTRG|YORW,ARTNA|AWK|AWR|CWCO|CWT|DHR|HTO|MSEX|WTRG|YORW
PD,9,9,-0.25,36.73,68.44,-0.82,-5.72,24.72,5.47,12.009999999999998,43.42,0.7777777777777778,CRWD|CSCO|DDOG|DOCU|FSLY|MDB|NOW|TEAM|ZS,CRWD|CSCO|DDOG|DOCU|FSLY|MDB|NOW|TEAM|ZS
PDCC,0,0,-1.33,-6.62,-17.01,1.25,,,,,,,,
PDD,10,10,5.52,6.25,-9.51,-1.54,0.16,6.145,5.359999999999999,0.10500000000000043,-16.335,1.0,AMZN|BABA|CMRC|EBAY|ETSY|JD|MELI|SE|SHOP|W,AMZN|BABA|CMRC|EBAY|ETSY|JD|MELI|SE|SHOP|W
PDEX,10,9,-2.74,23.6,4.05,-1.34,1.35,11.83,-4.09,11.770000000000001,-28.77,0.0,A|BIO|BRKR|HOLX|IDXX|MSA|MTD|TECH|TMO|WAT,A|BIO|BRKR|IDXX|MSA|MTD|TECH|TMO|WAT
PDFS,10,10,-12.9,-17.91,-2.07,-3.02,-6.4399999999999995,-5.345000000000001,-6.460000000000001,-12.565,-3.07,0.1,ADBE|AEIS|AMAT|ASML|CDNS|KLAC|LAMR|LRCX|SNPS|UCTT,ADBE|AEIS|AMAT|ASML|CDNS|KLAC|LAMR|LRCX|SNPS|UCTT
PDLB,10,8,-2.96,0.49,8.51,-0.06,-3.465,-2.025,0.5049999999999999,2.5149999999999997,0.6600000000000001,0.75,BCBP|BRKL|CNOB|FFIC|FMBH|FUNC|KRNY|MCBS|OCFC|TBNK,BCBP|BRKL|CNOB|FMBH|FUNC|KRNY|MCBS|OCFC
PDM,10,10,1.09,1.62,21.71,1.51,-1.205,-0.045000000000000005,2.295,1.665,9.695,0.9,ARE|BXP|CUZ|DLR|ESRT|HIW|HPP|KRC|SLG|VNO,ARE|BXP|CUZ|DLR|ESRT|HIW|HPP|KRC|SLG|VNO
PDS,9,9,7.07,3.71,-9.52,0.82,2.79,11.67,4.28,-7.96,-5.079999999999999,0.7777777777777778,BKR|FTI|HAL|HP|NBR|OIS|PTEN|SLB|TDW,BKR|FTI|HAL|HP|NBR|OIS|PTEN|SLB|TDW
PDSB,10,10,-12.14,-71.36,-80.11,2.09,4.255,7.97,-16.395,-79.33,-91.715,0.0,AMGN|BMY|BNTX|GSK|MRK|NKTR|NVAX|ONCY|PFE|TGTX,AMGN|BMY|BNTX|GSK|MRK|NKTR|NVAX|ONCY|PFE|TGTX
PDX,0,0,0.53,1.89,0.9,0.16,,,,,,,,
PDYN,10,10,-4.05,13.23,1.09,-3.13,-2.295,0.545,-1.755,12.685,-2.6500000000000004,0.3,AAPL|ADSK|AMD|CRM|CSCO|GOOGL|IBM|INTC|MSFT|NVDA,AAPL|ADSK|AMD|CRM|CSCO|GOOGL|IBM|INTC|MSFT|NVDA
PEB,10,10,1.37,-6.2,23.64,0.38,2.875,-5.405,-1.505,-0.7949999999999999,9.505,0.3,AHT|APLE|BHR|DRH|HST|INN|PK|RLJ|SVC|XHR,AHT|APLE|BHR|DRH|HST|INN|PK|RLJ|SVC|XHR
PEBK,10,10,-2.33,1.63,5.48,0.02,-4.6850000000000005,2.135,2.3550000000000004,-0.5049999999999999,-4.969999999999999,0.9,BMRC|FCBC|FFBC|FVCB|HBT|LFUS|QCRH|RNST|SFST|SYBT,BMRC|FCBC|FFBC|FVCB|HBT|LFUS|QCRH|RNST|SFST|SYBT
PEBO,10,9,-4.23,-1.25,15.16,-0.65,-4.14,-3.47,-0.09000000000000075,2.22,6.83,0.4444444444444444,CADE|CBSH|FFBC|FRME|FULT|HBAN|ONB|TCBK|VLY|WASH,CBSH|FFBC|FRME|FULT|HBAN|ONB|TCBK|VLY|WASH
PECO,10,8,-2.16,-8.77,-1.08,-0.83,-0.185,-6.775,-1.975,-1.9949999999999992,0.5049999999999999,0.0,AKR|BRX|EQIX|FRT|KIM|REG|ROIC|SITC|UE|WSR,AKR|BRX|EQIX|FRT|KIM|REG|SITC|UE
PED,6,5,8.51,8.15,-13.53,-1.17,3.23,7.32,5.279999999999999,0.8300000000000001,-9.169999999999998,0.6,AMPY|CRK|MRO|MTDR|REI|SD,AMPY|CRK|MTDR|REI|SD
PEG,10,10,-0.9,-5.44,-3.6,-0.11,0.34500000000000003,-3.21,-1.245,-2.2300000000000004,-3.575,0.0,AEP|D|DUK|ED|ES|ETR|EXC|SO|WEC|XEL,AEP|D|DUK|ED|ES|ETR|EXC|SO|WEC|XEL
PEGA,10,10,1.05,30.21,-1.54,-0.22,1.125,27.4,-0.07499999999999996,2.8100000000000023,-16.195,0.5,ACN|ADBE|CRM|INTU|MSFT|NOW|ORCL|SAP|TWLO|WDAY,ACN|ADBE|CRM|INTU|MSFT|NOW|ORCL|SAP|TWLO|WDAY
PEN,10,9,-0.44,2.78,-0.63,-0.47,-0.6,13.62,0.15999999999999998,-10.84,-10.8,0.5555555555555556,ABT|BSX|EW|HOLX|ISRG|JNJ|MDT|SYK|TFX|ZBH,ABT|BSX|EW|ISRG|JNJ|MDT|SYK|TFX|ZBH
PENG,10,10,-17.12,-14.74,5.97,-4.8,-4.085,-6.58,-13.035,-8.16,5.77,0.0,AMD|INTC|KLAC|LRCX|MCHP|MU|NVDA|QRVO|TXN|WDAY,AMD|INTC|KLAC|LRCX|MCHP|MU|NVDA|QRVO|TXN|WDAY
PENN,10,9,-3.1,-12.73,12.96,-1.59,-0.8,0.74,-2.3,-13.47,11.16,0.2222222222222222,BALY|BYD|CHDN|CNTY|CZR|GDEN|LVS|MGM|RICK|WYNN,BALY|BYD|CHDN|CNTY|CZR|LVS|MGM|RICK|WYNN
PEP,10,10,1.69,5.42,-4.21,0.28,0.805,2.99,0.8849999999999999,2.4299999999999997,-14.16,0.5,ABEV|CCEP|CELH|COKE|DEO|FIZZ|KDP|KO|MNST|STZ,ABEV|CCEP|CELH|COKE|DEO|FIZZ|KDP|KO|MNST|STZ
PEPG,10,10,3.52,60.68,114.24,1.15,2.58,14.19,0.94,46.49,104.00999999999999,0.6,ALNY|ARCT|BMRN|IONS|MGTX|QURE|RARE|RNA|SRPT|WVE,ALNY|ARCT|BMRN|IONS|MGTX|QURE|RARE|RNA|SRPT|WVE
PERF,10,10,-1.33,-3.39,10.42,-0.27,0.62,5.965,-1.9500000000000002,-9.355,-16.244999999999997,0.3,COTY|EL|HELE|IPAR|LFVN|NUS|RDNT|SBH|THC|ULTA,COTY|EL|HELE|IPAR|LFVN|NUS|RDNT|SBH|THC|ULTA
PERI,10,10,-1.64,3.78,6.66,-1.13,-4.295,17.52,2.6550000000000002,-13.74,-20.775000000000002,0.7,APPS|CRTO|DV|FUBO|MDB|MGNI|PUBM|ROKU|SRAD|TTD,APPS|CRTO|DV|FUBO|MDB|MGNI|PUBM|ROKU|SRAD|TTD
PESI,10,9,-5.01,2.16,91.69,-1.39,1.57,2.26,-6.58,-0.09999999999999964,79.39,0.0,AWK|AWR|BMI|CLH|CVEO|CWST|CWT|MNTX|NWPX|WTRG,AWK|AWR|BMI|CLH|CVEO|CWST|CWT|NWPX|WTRG
PETS,10,8,-13.27,-10.17,-21.04,-0.53,-1.345,2.7750000000000004,-11.924999999999999,-12.945,-21.79,0.0,AMZN|CVS|ELAN|HSIC|IDXX|PDCO|WBA|WMT|WOOF|ZTS,AMZN|CVS|ELAN|HSIC|IDXX|WMT|WOOF|ZTS
PETZ,10,10,-18.93,1.34,5.74,2.18,0.49,4.51,-19.419999999999998,-3.17,-8.819999999999999,0.0,CENT|CHWY|ELAN|FRPT|IDXX|NEOG|SMG|TRUP|WOOF|ZTS,CENT|CHWY|ELAN|FRPT|IDXX|NEOG|SMG|TRUP|WOOF|ZTS
PEW,0,0,-7.78,1.63,-11.07,-1.19,,,,,,,,
PFAI,0,0,4.0,-15.53,-23.53,-0.33,,,,,,,,
PFBC,10,10,-4.73,-2.05,8.96,-0.38,-4.3149999999999995,-1.275,-0.4150000000000009,-0.7749999999999999,2.290000000000001,0.3,BANC|CATY|CVBF|EWBC|HAFC|HOPE|SFNC|WAL|WTFC|ZION,BANC|CATY|CVBF|EWBC|HAFC|HOPE|SFNC|WAL|WTFC|ZION
PFE,10,10,4.91,13.28,9.02,-0.45,4.390000000000001,5.73,0.5199999999999996,7.549999999999999,-7.5,0.6,ABBV|AMGN|AZN|BMY|GSK|JNJ|LLY|MRK|NVS|SNY,ABBV|AMGN|AZN|BMY|GSK|JNJ|LLY|MRK|NVS|SNY
PFG,9,9,-3.48,2.48,7.9,-0.64,-3.01,-1.74,-0.4700000000000002,4.22,0.0,0.3333333333333333,AFL|AIG|CINF|GL|HMN|LNC|MET|PRU|UNM,AFL|AIG|CINF|GL|HMN|LNC|MET|PRU|UNM
PFGC,10,9,0.15,-6.04,10.58,1.26,-1.79,6.66,1.94,-12.7,1.9399999999999995,0.7777777777777778,CHEF|DAR|GWW|HII|HTGC|SAIA|SPTN|SYY|UNFI|USFD,CHEF|DAR|GWW|HII|HTGC|SAIA|SYY|UNFI|USFD
PFIS,10,10,-3.52,2.07,17.7,-0.8,-4.0600000000000005,0.36,0.5400000000000005,1.71,6.259999999999998,0.6,CCNE|CFR|FNB|GABC|HBNC|LKFN|SYBT|TRST|WBS|WSBC,CCNE|CFR|FNB|GABC|HBNC|LKFN|SYBT|TRST|WBS|WSBC
PFLT,10,10,-3.05,4.99,-11.27,-0.19,-1.4,8.32,-1.65,-3.33,-17.615000000000002,0.3,ARCC|BBDC|CCAP|CGBD|FDUS|GSBD|HTGC|OXSQ|PNNT|TCPC,ARCC|BBDC|CCAP|CGBD|FDUS|GSBD|HTGC|OXSQ|PNNT|TCPC
PFS,10,9,-6.03,-2.12,6.1,-0.84,-4.37,-1.99,-1.6600000000000001,-0.13000000000000012,0.71,0.0,BKU|CMA|FLG|FNB|HBAN|NBHC|ONB|PEBO|PNFP|SBCF,BKU|FLG|FNB|HBAN|NBHC|ONB|PEBO|PNFP|SBCF
PFSA,0,0,94.64,-2.62,-81.88,-45.46,,,,,,,,
PFSI,10,9,-5.37,-11.19,-13.63,-2.11,-0.95,0.74,-4.42,-11.93,-14.0,0.1111111111111111,ADAM|AGNC|COOP|EFC|IVR|MITT|NLY|PMT|RKT|TWO,ADAM|AGNC|EFC|IVR|MITT|NLY|PMT|RKT|TWO
PFX,10,10,10.5,17.58,15.88,1.0,-1.655,9.36,12.155,8.219999999999999,12.370000000000001,1.0,ARCC|CGBD|GSBD|HTGC|MAIN|PNNT|PSEC|SLRC|TCPC|TPVG,ARCC|CGBD|GSBD|HTGC|MAIN|PNNT|PSEC|SLRC|TCPC|TPVG
PG,9,9,-0.94,-4.18,0.32,-1.02,0.61,0.18,-1.5499999999999998,-4.359999999999999,-9.12,0.3333333333333333,CHD|CL|CLX|GIS|KHC|KMB|MNST|PEP|UL,CHD|CL|CLX|GIS|KHC|KMB|MNST|PEP|UL
PGAC,0,0,0.56,0.37,2.09,0.0,,,,,,,,
PGC,10,8,-3.33,-2.26,4.78,-0.49,-4.88,-2.6100000000000003,1.5499999999999998,0.35000000000000053,-3.509999999999999,0.875,CFG|CFR|CMA|FNB|HBAN|HTLF|ONB|PNFP|WTFC|ZION,CFG|CFR|FNB|HBAN|ONB|PNFP|WTFC|ZION
PGEN,10,9,11.37,35.87,69.28,0.98,4.53,13.72,6.839999999999999,22.15,42.0,0.8888888888888888,AMGN|ARWR|BIIB|BLUE|GILD|ILMN|INCY|REGN|SRPT|VRTX,AMGN|ARWR|BIIB|GILD|ILMN|INCY|REGN|SRPT|VRTX
PGNY,10,10,1.26,-16.38,2.24,2.66,-2.425,-3.535,3.6849999999999996,-12.844999999999999,-10.78,0.9,AMWL|CI|CLOV|CNC|CVS|GDRX|HUM|MOH|OSCR|UNH,AMWL|CI|CLOV|CNC|CVS|GDRX|HUM|MOH|OSCR|UNH
PGR,9,9,6.83,9.09,10.14,2.68,-0.85,-2.41,7.68,11.5,7.66,1.0,ACGL|ALL|CB|CINF|HIG|MKL|SIGI|TRV|WRB,ACGL|ALL|CB|CINF|HIG|MKL|SIGI|TRV|WRB
PGY,10,9,-7.97,17.14,46.95,-3.52,-5.57,0.7,-2.3999999999999995,16.44,37.09,0.2222222222222222,AFRM|AI|ENVA|FICO|LC|MQ|OPRT|SOFI|TREE|UPST,AFRM|AI|ENVA|FICO|MQ|OPRT|SOFI|TREE|UPST
PH,10,10,-4.12,4.59,18.13,-0.78,-2.955,0.185,-1.165,4.405,9.614999999999998,0.4,AME|DOV|EMR|ETN|GWW|HWM|IR|ITW|ROK|SWK,AME|DOV|EMR|ETN|GWW|HWM|IR|ITW|ROK|SWK
PHAR,10,10,-4.25,-8.76,-8.12,-0.21,4.225,12.085,-8.475,-20.845,-32.83,0.0,AMGN|BBIO|BIIB|GILD|INCY|NBIX|QURE|RARE|REGN|VRTX,AMGN|BBIO|BIIB|GILD|INCY|NBIX|QURE|RARE|REGN|VRTX
PHAT,10,8,-5.54,-25.88,-26.95,-6.96,1.3900000000000001,-7.459999999999999,-6.93,-18.42,-33.535,0.25,ACAD|AXSM|BPMC|BTAI|MDGL|NBIX|PTGX|RDUS|VKTX|XENE,ACAD|AXSM|BTAI|MDGL|NBIX|PTGX|VKTX|XENE
PHG,10,10,1.05,5.32,3.47,0.18,-0.7949999999999999,13.934999999999999,1.845,-8.614999999999998,-14.959999999999999,0.6,BAX|BDX|BSX|GE|ISRG|JNJ|MDT|MMM|SYK|ZBH,BAX|BDX|BSX|GE|ISRG|JNJ|MDT|MMM|SYK|ZBH
PHGE,10,7,-10.97,-32.0,-76.9,0.88,7.67,14.93,-18.64,-46.93,-98.7,0.0,ADPT|BEAM|BLUE|CRSP|EDIT|FDMT|NTLA|PSTX|SGMO|SPRO,ADPT|BEAM|CRSP|EDIT|FDMT|NTLA|SPRO
PHI,10,9,-1.18,-2.39,0.16,1.05,1.35,3.67,-2.5300000000000002,-6.0600000000000005,-0.37,0.1111111111111111,AMX|CHT|KT|SKM|T|TEF|TMUS|VEON|VIV|VZ,AMX|CHT|KT|SKM|T|TMUS|VEON|VIV|VZ
PHIN,10,9,-3.01,-10.33,-4.07,-2.47,-0.43,0.99,-2.5799999999999996,-11.32,-0.4900000000000002,0.2222222222222222,ALV|APTV|AXL|BWA|DAN|GNTX|LEA|MGA|TEN|VC,ALV|APTV|BWA|DAN|GNTX|LEA|MGA|TEN|VC
PHIO,10,9,3.65,6.58,4.61,-1.76,-5.38,9.14,9.03,-2.5600000000000005,4.07,0.6666666666666666,AEON|ALZN|BCLI|BTAI|DRMA|GTBP|QNRX|REGN|SNGX|VRTX,AEON|ALZN|BTAI|DRMA|GTBP|QNRX|REGN|SNGX|VRTX
PHM,9,8,-2.56,0.37,9.42,-2.65,-2.52,-0.395,-0.040000000000000036,0.765,0.08499999999999908,0.375,BZH|DHI|KBH|LEN|LGIH|MTH|NVR|TMHC|TOL,BZH|DHI|KBH|LEN|LGIH|MTH|NVR|TOL
PHOE,0,0,-1.75,-6.5,35.85,-1.08,,,,,,,,
PHR,10,9,-5.37,19.3,34.94,0.0,-0.24,7.05,-5.13,12.25,14.599999999999998,0.1111111111111111,ADP|BLKB|EVH|GEHC|HIMS|HSTM|MASI|TDOC|UNH|VEEV,ADP|BLKB|EVH|GEHC|HIMS|HSTM|TDOC|UNH|VEEV
PHUN,10,9,-1.89,-4.59,1.96,0.48,-0.25,32.15,-1.64,-36.739999999999995,-33.57,0.4444444444444444,APPF|DOMO|PAYC|PCTY|PD|QLYS|SPNS|TWLO|WK|ZS,APPF|DOMO|PAYC|PCTY|PD|QLYS|TWLO|WK|ZS
PHVS,10,8,5.45,4.47,21.88,-1.03,7.675,16.425,-2.2249999999999996,-11.955000000000002,-0.46000000000000085,0.25,AKRO|AVIR|BPMC|CRSP|EDIT|NTLA|PBYI|QURE|RNA|SRPT,AVIR|CRSP|EDIT|NTLA|PBYI|QURE|RNA|SRPT
PHYS,10,10,3.7,9.61,-0.52,0.38,13.725000000000001,34.295,-10.025000000000002,-24.685000000000002,-19.290000000000003,0.0,AEM|AU|B|BTG|EGO|GFI|HMY|IAG|KGC|NEM,AEM|AU|B|BTG|EGO|GFI|HMY|IAG|KGC|NEM
PI,10,10,-10.42,16.06,16.77,-2.91,-3.65,2.525,-6.77,13.534999999999998,20.425,0.1,AVGO|COHU|INVE|MRVL|QCOM|SKY|ST|SWKS|TEL|USIO,AVGO|COHU|INVE|MRVL|QCOM|SKY|ST|SWKS|TEL|USIO
PII,10,10,-6.93,-13.89,1.31,-3.2,-1.105,0.19500000000000006,-5.824999999999999,-14.085,-5.664999999999999,0.0,BC|FWDI|GM|HOG|LCII|MCFT|PATK|THO|TSLA|WGO,BC|FWDI|GM|HOG|LCII|MCFT|PATK|THO|TSLA|WGO
PIII,10,8,-9.17,0.91,2.68,-1.17,-1.79,-6.76,-7.38,7.67,-8.885000000000002,0.125,ACHC|AMED|CI|CLOV|HCA|HUM|MOH|OSCR|SEM|UNH,ACHC|CI|CLOV|HCA|HUM|MOH|OSCR|UNH
PINE,10,9,-0.56,-6.27,2.41,-1.21,-0.22,-6.66,-0.3400000000000001,0.39000000000000057,3.17,0.4444444444444444,ADC|BRX|FRT|KIM|KRG|NNN|O|REG|ROIC|WPC,ADC|BRX|FRT|KIM|KRG|NNN|O|REG|WPC
PINS,10,10,-2.03,1.36,21.46,-2.33,-2.0,7.855,-0.029999999999999805,-6.495,28.72,0.4,AAPL|AMZN|BABA|BIDU|GOOG|GOOGL|MSFT|NFLX|SNAP|ZM,AAPL|AMZN|BABA|BIDU|GOOG|GOOGL|MSFT|NFLX|SNAP|ZM
PIPR,10,10,-6.64,-4.0,-8.53,-2.05,-3.3200000000000003,0.21000000000000002,-3.3199999999999994,-4.21,-17.695,0.1,BAC|C|EVR|GS|JPM|LAZ|MS|RJF|SCHW|WFC,BAC|C|EVR|GS|JPM|LAZ|MS|RJF|SCHW|WFC
PJT,10,10,-4.16,4.37,10.39,-0.91,-3.475,0.21000000000000002,-0.685,4.16,4.420000000000001,0.3,BAC|C|EVR|GS|JPM|LAZ|MC|MS|RF|UBS,BAC|C|EVR|GS|JPM|LAZ|MC|MS|RF|UBS
PK,10,9,4.49,4.28,37.88,-0.79,2.21,-5.49,2.2800000000000002,9.77,22.67,0.8888888888888888,AHT|BHR|DRH|HST|INN|PEB|RHP|RLJ|SOHO|XHR,AHT|BHR|DRH|HST|INN|PEB|RHP|RLJ|XHR
PKBK,10,10,-3.56,4.54,10.43,0.23,-3.3449999999999998,0.065,-0.2150000000000003,4.475,0.375,0.4,ABCB|BBT|FULT|GABC|HWC|OCFC|SFNC|TMP|UBSI|WSFS,ABCB|BBT|FULT|GABC|HWC|OCFC|SFNC|TMP|UBSI|WSFS
PKE,10,8,-8.44,1.93,0.81,-3.93,-5.64,1.8699999999999999,-2.8,0.06000000000000005,-15.299999999999999,0.25,AIR|ATRO|CW|DCO|HEI|HXL|MOG-A|SPR|TDY|TGI,AIR|ATRO|CW|DCO|HEI|HXL|MOG-A|TDY
PKG,8,7,-1.42,11.05,18.86,0.15,-0.11,5.61,-1.3099999999999998,5.44,-2.4800000000000004,0.2857142857142857,AMCR|BALL|GPK|IP|MYE|SEE|SLGN|SON,AMCR|BALL|GPK|IP|MYE|SLGN|SON
PKOH,10,9,-9.6,16.07,49.91,-3.09,-1.01,6.67,-8.59,9.4,38.129999999999995,0.0,ASTE|B|CMCO|DCI|EPAC|FLS|GD|GTLS|ITT|KMT,ASTE|B|CMCO|DCI|EPAC|FLS|GD|ITT|KMT
PKX,10,9,1.58,10.93,-20.72,-1.02,-8.51,3.79,10.09,7.14,-27.25,1.0,ATI|CMC|CSTM|MT|NUE|RS|STLD|TX|WOR|X,ATI|CMC|CSTM|MT|NUE|RS|STLD|TX|WOR
PL,10,8,-12.59,-4.27,-49.29,-4.35,-10.829999999999998,13.86,-1.7600000000000016,-18.13,-16.869999999999997,0.125,ASTS|BKSY|IRDM|LLAP|NOVA|RDW|RKLB|SATL|SPCE|SPIR,ASTS|BKSY|IRDM|RDW|RKLB|SATL|SPCE|SPIR
PLAB,10,10,-10.29,-3.86,-39.73,-2.17,-9.969999999999999,-3.1799999999999997,-0.3200000000000003,-0.6800000000000002,-47.544999999999995,0.5,AMAT|ASML|COHU|FORM|ICHR|KLAC|LRCX|ONTO|TER|UCTT,AMAT|ASML|COHU|FORM|ICHR|KLAC|LRCX|ONTO|TER|UCTT
PLAG,10,10,-35.79,23.19,-55.68,-4.76,1.835,4.795,-37.625,18.395000000000003,-63.269999999999996,0.0,CELH|FIZZ|HAIN|KDP|KO|MNST|PEP|SFM|UBER|WW,CELH|FIZZ|HAIN|KDP|KO|MNST|PEP|SFM|UBER|WW
PLAY,9,8,-8.94,-5.19,-13.18,-2.91,-3.92,17.81,-5.02,-23.0,-51.51,0.0,BJRI|BLMN|CAKE|DIN|DRI|EAT|FAT|RRGB|TXRH,BJRI|BLMN|CAKE|DIN|DRI|EAT|RRGB|TXRH
PLBC,10,9,-4.29,-0.27,14.88,-0.21,-4.12,-1.52,-0.16999999999999993,1.25,10.18,0.4444444444444444,BOH|CATY|COLB|HAFC|HOPE|OZK|SSBK|TMP|TRST|WABC,BOH|CATY|COLB|HAFC|HOPE|OZK|TMP|TRST|WABC
PLBL,0,0,-8.39,-17.9,-10.85,-0.16,,,,,,,,
PLBY,10,9,-4.44,-6.69,-6.69,-2.87,-0.82,3.72,-3.6200000000000006,-10.41,-15.8,0.0,CMLS|DIS|EL|HAS|LYV|MC|MTN|PRSU|UONE|WW,DIS|EL|HAS|LYV|MC|MTN|PRSU|UONE|WW
PLCE,9,8,-2.92,-14.18,-31.67,-6.05,-6.085,-5.3100000000000005,3.165,-8.87,-34.57,1.0,ANF|BKE|CRI|JWN|KSS|M|ROST|TJX|URBN,ANF|BKE|CRI|KSS|M|ROST|TJX|URBN
PLD,9,8,0.31,-2.11,-2.09,0.26,-0.71,0.050000000000000044,1.02,-2.16,-3.96,0.75,AMT|AVB|BX|CCI|CPT|EQR|EXR|FR|PSA,AMT|AVB|BX|CCI|CPT|EXR|FR|PSA
PLG,10,10,2.36,13.06,-7.06,0.33,12.815000000000001,34.54,-10.455000000000002,-21.479999999999997,-19.75,0.0,AEM|AGI|AU|BTG|GFI|HMY|KGC|NEM|PAAS|SBSW,AEM|AGI|AU|BTG|GFI|HMY|KGC|NEM|PAAS|SBSW
PLMK,0,0,0.02,-0.21,-0.49,-0.02,,,,,,,,
PLMR,10,10,-0.94,-2.65,9.65,0.09,-0.585,-2.1350000000000002,-0.355,-0.5149999999999997,6.83,0.3,ACGL|AIG|ALL|CB|HIG|MKL|PGR|SIGI|TRV|WRB,ACGL|AIG|ALL|CB|HIG|MKL|PGR|SIGI|TRV|WRB
PLNT,10,10,7.81,-2.06,5.36,-1.93,-1.94,2.01,9.75,-4.07,2.505,1.0,CWH|DIS|FUN|HAS|LYV|MAT|MTN|NCLH|RCL|YETI,CWH|DIS|FUN|HAS|LYV|MAT|MTN|NCLH|RCL|YETI
PLOW,10,10,-1.46,-11.24,-5.93,-0.78,-3.7249999999999996,-2.54,2.2649999999999997,-8.7,-17.37,0.7,AGCO|CAT|CMI|DE|ETN|HON|MTW|OSK|PCAR|TEX,AGCO|CAT|CMI|DE|ETN|HON|MTW|OSK|PCAR|TEX
PLPC,10,10,-7.25,27.13,23.04,-4.55,-3.3550000000000004,0.74,-3.8949999999999996,26.39,22.294999999999998,0.0,BMI|CHRW|EME|ENS|FUL|HUBB|ITRI|OSIS|ROK|TRS,BMI|CHRW|EME|ENS|FUL|HUBB|ITRI|OSIS|ROK|TRS
PLRX,10,8,5.09,3.18,-5.42,-2.99,2.16,13.11,2.9299999999999997,-9.93,-16.979999999999997,0.625,ALNY|ARWR|BLUE|BMRN|CRSP|IONS|RARE|SGMO|SRPT|VRTX,ALNY|ARWR|BMRN|CRSP|IONS|RARE|SRPT|VRTX
PLRZ,10,8,1.4,-24.25,-19.56,-2.59,-3.0549999999999997,-3.595,4.455,-20.655,-11.064999999999998,0.625,BBLG|BCDA|HYFT|NERV|PALI|PMCB|REVB|SLXN|SNSE|THAR,BBLG|BCDA|HYFT|NERV|PALI|PMCB|REVB|SLXN
PLSE,10,7,7.68,47.64,85.39,2.69,1.64,20.56,6.04,27.080000000000002,48.62,1.0,ANIK|CUTR|IART|IRTC|ITGR|MDXG|NEO|NVRO|STER|TMDX,ANIK|IART|IRTC|ITGR|MDXG|NEO|TMDX
PLTK,8,6,-4.17,-36.78,-30.8,2.77,-1.3699999999999999,11.195,-2.8,-47.975,-41.895,0.16666666666666666,CHDN|EA|MSFT|NET|ROKU|SKLZ|SONY|TTWO,CHDN|MSFT|NET|ROKU|SONY|TTWO
PLTR,10,10,-2.39,40.27,27.4,-0.3,-5.42,21.380000000000003,3.03,18.89,12.744999999999997,0.7,ADBE|CRM|CRWD|DDOG|MSFT|ORCL|PANW|SNOW|TEAM|ZS,ADBE|CRM|CRWD|DDOG|MSFT|ORCL|PANW|SNOW|TEAM|ZS
PLUG,10,9,-5.65,-2.69,-34.44,-3.56,-5.43,-9.05,-0.22000000000000064,6.360000000000001,-6.009999999999998,0.4444444444444444,AYI|BE|BLDP|ENPH|FCEL|GNRC|NEE|NOVA|RUN|SEDG,AYI|BE|BLDP|ENPH|FCEL|GNRC|NEE|RUN|SEDG
PLUR,10,10,6.54,-4.32,-31.92,0.57,-2.6,0.545,9.14,-4.865,-22.290000000000003,1.0,AAPL|AMZN|GOOGL|INTC|META|MSFT|NFLX|NVDA|ORCL|TSLA,AAPL|AMZN|GOOGL|INTC|META|MSFT|NFLX|NVDA|ORCL|TSLA
PLUS,10,9,-0.01,1.26,6.95,2.52,-2.73,6.43,2.72,-5.17,-2.1100000000000003,1.0,ARW|AVT|CDW|CSCO|HPQ|IBM|JNPR|MSFT|NSIT|SNX,ARW|AVT|CDW|CSCO|HPQ|IBM|MSFT|NSIT|SNX
PLUT,0,0,-6.59,-10.53,-19.05,0.0,,,,,,,,
PLX,10,8,-1.91,-2.32,15.17,-1.49,2.13,16.075,-4.04,-18.395,-2.99,0.125,ABEO|ALNY|ARWR|BLUE|BMRN|DTIL|EDIT|FOLD|QURE|SRPT,ABEO|ALNY|ARWR|BMRN|DTIL|EDIT|QURE|SRPT
PLXS,10,10,-8.41,-6.73,-6.4,-0.99,-7.3100000000000005,-2.37,-1.0999999999999996,-4.36,5.6850000000000005,0.3,APH|ETN|FLEX|GLW|JBL|MCHP|RAMP|SANM|TEL|TTMI,APH|ETN|FLEX|GLW|JBL|MCHP|RAMP|SANM|TEL|TTMI
PM,4,4,2.53,-0.32,2.68,2.01,0.07499999999999996,-11.19,2.455,10.87,19.1,0.75,CIG|MO|UVV|XXII,CIG|MO|UVV|XXII
PMAX,10,9,-18.58,-30.21,-53.65,3.26,-4.66,-0.14,-13.919999999999998,-30.07,-64.98,0.0,AIT|DOV|EMR|ETN|GE|HON|IR|MMM|ROK|SPR,AIT|DOV|EMR|ETN|GE|HON|IR|MMM|ROK
PMCB,10,10,-6.13,-15.36,-32.79,-3.02,4.4,12.085,-10.530000000000001,-27.445,-61.045,0.0,AMGN|BIIB|BMRN|EXEL|GILD|INCY|LGND|NBIX|REGN|VRTX,AMGN|BIIB|BMRN|EXEL|GILD|INCY|LGND|NBIX|REGN|VRTX
PMEC,10,10,8.09,-2.98,-36.94,-1.78,-3.075,-2.54,11.165,-0.43999999999999995,-50.22,1.0,CAT|CMI|DE|IR|KMT|MTW|OSK|PCAR|PH|TEX,CAT|CMI|DE|IR|KMT|MTW|OSK|PCAR|PH|TEX
PMI,0,0,-13.96,-31.27,-60.78,-8.2,,,,,,,,
PMN,10,9,-0.78,4.9,38.44,0.1,4.27,11.08,-5.05,-6.18,21.479999999999997,0.2222222222222222,ACAD|AVXL|BIIB|IONS|LLY|NBIX|PRTA|REGN|SAVA|VRTX,ACAD|AVXL|BIIB|IONS|LLY|NBIX|PRTA|REGN|VRTX
PMT,10,10,-1.59,-5.19,-11.06,-2.11,-0.024999999999999998,-0.29500000000000004,-1.5650000000000002,-4.8950000000000005,-9.83,0.2,AGNC|AI|ARR|CHMI|IVR|MITT|NLY|ORC|RWT|TWO,AGNC|AI|ARR|CHMI|IVR|MITT|NLY|ORC|RWT|TWO
PMTR,0,0,-0.05,-0.43,0.14,0.05,,,,,,,,
PMTS,10,10,-5.69,38.76,70.51,-1.51,-2.465,3.6849999999999996,-3.2250000000000005,35.074999999999996,56.09,0.1,AXP|FIS|GPN|JPM|MA|PAYX|PYPL|V|WU|XYZ,AXP|FIS|GPN|JPM|MA|PAYX|PYPL|V|WU|XYZ
PMVP,10,9,6.58,-2.63,-1.15,1.17,4.53,12.16,2.05,-14.79,-28.43,0.7777777777777778,ALNY|AMGN|BIIB|BLUE|GILD|INCY|MRNA|NBIX|REGN|VRTX,ALNY|AMGN|BIIB|GILD|INCY|MRNA|NBIX|REGN|VRTX
PN,0,0,-4.29,-71.31,-32.49,-2.55,,,,,,,,
PNBK,10,10,-5.41,-8.7,-7.08,-0.94,-4.04,-1.03,-1.37,-7.669999999999999,-11.32,0.1,BKU|CASH|CUBI|FNB|GBCI|PNFP|TRMK|UBSI|WABC|WAL,BKU|CASH|CUBI|FNB|GBCI|PNFP|TRMK|UBSI|WABC|WAL
PNC,10,9,-3.9,-2.88,13.11,-0.49,-3.9,-2.27,0.0,-0.6099999999999999,4.029999999999999,0.4444444444444444,BAC|BK|C|GS|JPM|MS|RY|TFC|USB|WFC,BAC|C|GS|JPM|MS|RY|TFC|USB|WFC
PNFP,10,10,-5.31,4.2,4.81,-0.23,-4.395,-2.9699999999999998,-0.915,7.17,-6.284999999999999,0.1,BAC|FITB|HBAN|KEY|MTB|RF|TFC|USB|WFC|ZION,BAC|FITB|HBAN|KEY|MTB|RF|TFC|USB|WFC|ZION
PNNT,10,10,-2.51,14.23,-0.57,-1.99,-2.4850000000000003,8.525,-0.024999999999999467,5.705,-5.51,0.5,ARCC|CGBD|FSK|GSBD|HTGC|MAIN|NMFC|PSEC|SLRC|TCPC,ARCC|CGBD|FSK|GSBD|HTGC|MAIN|NMFC|PSEC|SLRC|TCPC
PNR,10,10,-3.01,2.92,-12.58,-1.09,-0.37000000000000005,5.095000000000001,-2.6399999999999997,-2.1750000000000007,-26.02,0.2,AOS|AWK|CECO|DHR|ECL|ITW|LII|NDSN|WTS|XYL,AOS|AWK|CECO|DHR|ECL|ITW|LII|NDSN|WTS|XYL
PNRG,10,8,9.84,11.09,-12.66,0.7,9.31,11.58,0.5299999999999994,-0.4900000000000002,-21.8,0.625,APA|COP|CVX|HES|MRO|MUR|NOG|OXY|SM|XOM,APA|COP|CVX|MUR|NOG|OXY|SM|XOM
PNTG,10,7,1.37,-3.16,10.9,0.08,-0.98,6.5,2.35,-9.66,9.86,0.5714285714285714,AMED|BKD|BROG|CIVI|CSV|EHC|ENSG|NHC|SBRA|THC,BKD|CSV|EHC|ENSG|NHC|SBRA|THC
PNW,10,10,-1.08,-6.27,-2.25,0.21,0.34500000000000003,-3.385,-1.425,-2.885,-2.495,0.0,AEP|D|DUK|ED|EIX|ES|EXC|PEG|SO|XEL,AEP|D|DUK|ED|EIX|ES|EXC|PEG|SO|XEL
POAS,0,0,0.19,-36.39,-93.81,-2.2,,,,,,,,
POCI,10,10,4.76,-1.12,-12.7,-0.9,-11.59,-8.425,16.35,7.305000000000001,-0.1899999999999995,1.0,AEIS|CAMT|COHR|FORM|IPGP|LITE|MKSI|NTGR|VECO|VIAV,AEIS|CAMT|COHR|FORM|IPGP|LITE|MKSI|NTGR|VECO|VIAV
PODC,10,10,-15.14,-29.95,-33.25,0.0,2.1550000000000002,9.535,-17.295,-39.485,-37.04,0.0,AAPL|AMZN|CMCSA|DIS|GOOGL|NFLX|ROKU|SIRI|SPOT|T,AAPL|AMZN|CMCSA|DIS|GOOGL|NFLX|ROKU|SIRI|SPOT|T
PODD,10,10,1.84,-6.17,-4.76,-1.61,-1.2,14.27,3.04,-20.439999999999998,-24.045,0.7,ABT|BAX|BSX|DXCM|EW|JNJ|LIVN|MDT|SYK|TNDM,ABT|BAX|BSX|DXCM|EW|JNJ|LIVN|MDT|SYK|TNDM
POET,10,10,-8.05,7.09,-44.57,-2.84,-7.75,-6.67,-0.3000000000000007,13.76,-33.335,0.5,AAOI|AEIS|IPGP|LITE|MKSI|MTSI|OESX|SMTC|VIAV|VISN,AAOI|AEIS|IPGP|LITE|MKSI|MTSI|OESX|SMTC|VIAV|VISN
POLA,9,7,-13.33,2.5,-16.35,-1.89,-6.02,-14.93,-7.3100000000000005,17.43,15.529999999999998,0.0,BLDP|ENPH|FCEL|MAXN|NOVA|PLUG|RUN|SEDG|SHLS,BLDP|ENPH|FCEL|PLUG|RUN|SEDG|SHLS
POLE,0,0,0.0,0.19,0.98,0.0,,,,,,,,
POM,0,0,0.0,27.32,-54.56,-2.86,,,,,,,,
PONY,0,0,-7.62,12.66,-11.96,-1.67,,,,,,,,
POOL,9,9,-4.03,-1.88,5.87,-1.76,-1.79,-0.14,-2.24,-1.7399999999999998,-2.3999999999999995,0.1111111111111111,AIT|FAST|GWW|HD|LOW|MSM|SNA|TSCO|WSO,AIT|FAST|GWW|HD|LOW|MSM|SNA|TSCO|WSO
POR,10,10,0.68,-4.25,1.93,1.12,1.165,-3.915,-0.485,-0.33499999999999996,1.9549999999999998,0.4,AEP|DUK|ED|EIX|ETR|FE|LNT|PPL|SRE|XEL,AEP|DUK|ED|EIX|ETR|FE|LNT|PPL|SRE|XEL
POST,10,8,-3.32,-14.44,-20.15,-1.18,1.86,6.699999999999999,-5.18,-21.14,-37.44,0.0,CAG|CPB|GIS|HRL|HSY|K|KHC|MKC|SJM|THS,CAG|CPB|GIS|HRL|HSY|KHC|MKC|SJM
POWI,10,10,-11.5,-23.93,-20.23,-1.16,-2.7649999999999997,-7.555,-8.735,-16.375,-7.914999999999999,0.0,ADI|DIOD|MCHP|MPWR|NXPI|ON|QRVO|SLAB|SMTC|TXN,ADI|DIOD|MCHP|MPWR|NXPI|ON|QRVO|SLAB|SMTC|TXN
POWL,10,10,-2.92,-17.7,-26.92,-0.06,-4.640000000000001,3.455,1.7200000000000006,-21.155,-40.290000000000006,0.6,AME|DHR|EMR|ETN|HON|IEX|IR|ITW|PH|ROK,AME|DHR|EMR|ETN|HON|IEX|IR|ITW|PH|ROK
POWW,10,8,2.95,1.57,12.69,-0.66,-2.4349999999999996,0.065,5.385,1.5050000000000001,16.9,0.75,BGFV|COLM|DCO|HII|NPK|OLN|RGR|SPWH|SWBI|VSTO,COLM|DCO|HII|NPK|OLN|RGR|SPWH|SWBI
PPBT,10,4,7.02,20.3,-46.31,0.63,-5.244999999999999,2.8,12.264999999999999,17.5,-23.200000000000003,0.75,ADAP|AFMD|AMRN|APVO|ATNM|CRDF|DVAX|GNFT|ONCT|RDUS,AMRN|APVO|ATNM|CRDF
PPC,10,9,14.47,11.13,10.28,1.01,2.42,2.56,12.05,8.57,-0.3000000000000007,1.0,BG|CAG|CALM|DAR|FDP|HRL|INGR|PFGC|SYY|TSN,BG|CAG|CALM|DAR|HRL|INGR|PFGC|SYY|TSN
PPCB,0,0,-6.56,-20.83,-35.23,0.0,,,,,,,,
PPG,10,10,-1.56,-3.79,8.2,-0.86,0.38,6.62,-1.94,-10.41,-1.1000000000000014,0.4,APD|AVNT|AXTA|CC|ECL|FUL|LIN|RPM|SHW|VAL,APD|AVNT|AXTA|CC|ECL|FUL|LIN|RPM|SHW|VAL
PPHC,0,0,-2.92,19.58,-5.23,-5.93,,,,,,,,
PPIH,10,8,-1.09,3.75,-16.39,-0.87,-2.59,-6.26,1.4999999999999998,10.01,-26.93,0.625,AVY|CRS|DOV|GTLS|HAYN|KMT|MTRN|NDSN|RBC|SNA,AVY|CRS|DOV|KMT|MTRN|NDSN|RBC|SNA
PPL,10,10,-0.37,-1.53,0.31,0.16,-0.125,-3.21,-0.245,1.68,0.33499999999999996,0.5,AEP|D|DUK|ED|ES|EXC|PEG|SO|WEC|XEL,AEP|D|DUK|ED|ES|EXC|PEG|SO|WEC|XEL
PPSI,10,10,-3.97,-9.94,-40.21,0.0,-5.855,0.68,1.8850000000000002,-10.62,-48.665,0.7,AME|AOS|EMR|ETN|GE|HUBB|IR|RBC|ROK|TEL,AME|AOS|EMR|ETN|GE|HUBB|IR|RBC|ROK|TEL
PPTA,10,10,1.41,35.68,-8.76,-2.8,12.219999999999999,33.834999999999994,-10.809999999999999,1.845000000000006,-22.03,0.0,AEM|AGI|AU|B|FNV|GFI|NEM|NG|PAAS|WPM,AEM|AGI|AU|B|FNV|GFI|NEM|NG|PAAS|WPM
PR,10,8,13.21,11.62,14.35,3.77,7.975,9.665,5.235000000000001,1.955,6.3199999999999985,1.0,APA|COP|DVN|EOG|FANG|HES|MRO|OVV|OXY|XOM,APA|COP|DVN|EOG|FANG|OVV|OXY|XOM
PRAA,10,10,-8.3,9.88,27.72,-4.48,-4.23,1.195,-4.07,8.685,17.155,0.0,ALLY|CACC|COF|ECPG|FCFS|OMF|RM|SLM|SYF|WRLD,ALLY|CACC|COF|ECPG|FCFS|OMF|RM|SLM|SYF|WRLD
PRAX,10,8,1.15,19.42,11.05,-3.49,1.98,-4.069999999999999,-0.8300000000000001,23.490000000000002,-9.805,0.375,ACAD|AXSM|BHVN|DFTX|HELP|ITCI|NBIX|RLMD|SAGE|VNDA,ACAD|AXSM|BHVN|DFTX|HELP|NBIX|RLMD|VNDA
PRCH,10,7,0.89,40.21,75.47,0.29,-4.87,-14.55,5.76,54.760000000000005,78.4,1.0,ANGI|COMP|EXPI|HOUS|OPAD|OPEN|RDFN|REZI|Z|ZG,ANGI|COMP|OPAD|OPEN|REZI|Z|ZG
PRCT,10,10,-1.18,22.54,-22.84,-0.98,-0.21999999999999997,11.489999999999998,-0.96,11.05,-30.52,0.3,ABT|BSX|COO|EW|ISRG|MDT|PODD|SYK|TFX|ZBH,ABT|BSX|COO|EW|ISRG|MDT|PODD|SYK|TFX|ZBH
PRDO,10,9,2.16,10.74,-3.67,-0.28,-1.08,1.36,3.24,9.38,3.79,0.8888888888888888,APEI|ATGE|BFAM|CHGG|EDU|GHC|LOPE|LRN|STRA|UTI,APEI|BFAM|CHGG|EDU|GHC|LOPE|LRN|STRA|UTI
PRE,10,9,-5.38,-14.73,20.49,-0.64,6.74,12.96,-12.120000000000001,-27.69,-27.63,0.0,CDNA|EXAS|FLGT|GH|ILMN|LMND|MYGN|NTRA|QDEL|TXG,CDNA|FLGT|GH|ILMN|LMND|MYGN|NTRA|QDEL|TXG
PRFX,10,7,-17.14,-17.14,-38.24,-1.55,-5.93,-13.91,-11.21,-3.2300000000000004,-21.76,0.14285714285714285,ADXN|AIMD|BCLI|GLTO|ONCO|PCSA|PHIO|SXTP|VRPX|YCBD,ADXN|AIMD|ONCO|PCSA|PHIO|SXTP|YCBD
PRG,9,9,-9.65,-14.11,14.52,-6.51,-2.72,-0.15,-6.93,-13.959999999999999,-15.79,0.2222222222222222,BBY|GME|HZO|RH|TBCH|TGT|W|WMT|WSM,BBY|GME|HZO|RH|TBCH|TGT|W|WMT|WSM
PRGO,10,10,6.86,30.94,22.85,-1.8,4.58,5.73,2.2800000000000002,25.21,8.625000000000002,0.9,ABBV|AZN|BMY|GSK|JNJ|LLY|MRK|NVS|PFE|SAN,ABBV|AZN|BMY|GSK|JNJ|LLY|MRK|NVS|PFE|SAN
PRGS,10,10,-2.93,14.54,48.65,-0.93,-5.42,21.380000000000003,2.4899999999999998,-6.840000000000003,28.5,0.7,CDNS|DDOG|MDB|MSFT|NOW|OKTA|ORCL|SNOW|TEAM|ZS,CDNS|DDOG|MDB|MSFT|NOW|OKTA|ORCL|SNOW|TEAM|ZS
PRHI,10,10,26.19,26.54,26.42,-0.51,-1.25,-3.38,27.44,29.919999999999998,23.880000000000003,1.0,AIZ|ALL|CINF|CNA|HIG|L|MKL|SIGI|THG|WRB,AIZ|ALL|CINF|CNA|HIG|L|MKL|SIGI|THG|WRB
PRI,10,10,-3.95,-4.0,6.86,-0.21,-3.0999999999999996,-0.25,-0.8500000000000005,-3.75,-6.635000000000001,0.2,AFL|AMP|CINF|CNO|GNW|LNC|MET|PRU|UNM|VOYA,AFL|AMP|CINF|CNO|GNW|LNC|MET|PRU|UNM|VOYA
PRIM,10,10,-3.07,-12.44,-26.53,-1.93,-0.255,2.92,-2.815,-15.36,-23.91,0.2,ACM|DY|FLR|J|KBR|MTZ|MYRG|PWR|STN|TTEK,ACM|DY|FLR|J|KBR|MTZ|MYRG|PWR|STN|TTEK
PRK,10,10,-2.82,8.35,19.56,0.03,-4.055,-2.575,1.2349999999999999,10.925,7.789999999999999,0.8,BAC|CFG|FITB|JPM|KEY|PNC|RF|TFC|USB|WFC,BAC|CFG|FITB|JPM|KEY|PNC|RF|TFC|USB|WFC
PRKS,10,10,-0.3,-0.78,29.51,-0.85,0.66,4.08,-0.96,-4.86,20.72,0.4,AMC|CNK|CWH|DIS|FUN|LYV|MTN|PLNT|RICK|YUM,AMC|CNK|CWH|DIS|FUN|LYV|MTN|PLNT|RICK|YUM
PRLB,10,6,-15.3,-1.92,9.94,-4.73,-8.665,1.47,-6.635000000000002,-3.3899999999999997,7.699999999999999,0.16666666666666666,ADSK|ANSS|DDD|DM|FARO|MKFG|MTLS|NNDM|SSYS|VIVS,ADSK|DDD|MTLS|NNDM|SSYS|VIVS
PRLD,9,8,20.52,64.59,43.56,11.76,7.73,13.96,12.79,50.63,26.505000000000003,0.875,ALXO|ARGX|BPMC|CABA|CRVS|KURA|LYEL|RVMD|ZLAB,ALXO|ARGX|CABA|CRVS|KURA|LYEL|RVMD|ZLAB
PRM,10,10,-8.33,-8.97,-7.53,1.73,2.18,2.02,-10.51,-10.99,-8.27,0.0,ALB|APD|ASH|CE|CF|DD|ECL|EMN|FMC|HUN,ALB|APD|ASH|CE|CF|DD|ECL|EMN|FMC|HUN
PRMB,0,0,-5.95,-1.83,3.26,-1.5,,,,,,,,
PRME,10,7,6.78,9.55,19.61,-4.52,7.23,13.97,-0.4500000000000002,-4.42,-2.1900000000000013,0.42857142857142855,ALLO|BEAM|CRSP|DNLI|EDIT|IGMS|NTLA|PSTX|SANA|VERV,ALLO|BEAM|CRSP|DNLI|EDIT|NTLA|SANA
PROF,10,7,4.72,-0.08,0.93,-1.35,-2.41,14.94,7.13,-15.02,-5.48,1.0,ATEC|BDX|BSX|CLPT|CUTR|EDAP|HOLX|INMD|ISRG|NUWE,ATEC|BDX|BSX|CLPT|INMD|ISRG|NUWE
PROK,10,10,2.14,-6.21,-15.09,-3.04,0.385,13.375,1.7550000000000001,-19.585,-20.79,0.7,ADMA|AKBA|ARDX|DVA|FMS|MNKD|NEPH|OPK|PDEX|RMTI,ADMA|AKBA|ARDX|DVA|FMS|MNKD|NEPH|OPK|PDEX|RMTI
PROP,10,8,-28.43,-26.26,-27.9,-1.47,7.975,8.635,-36.405,-34.895,-35.93,0.0,APA|COP|CVX|DVN|EOG|FANG|HES|MRO|OXY|XOM,APA|COP|CVX|DVN|EOG|FANG|OXY|XOM
PROV,10,9,-0.11,4.53,5.14,0.67,-4.29,0.44,4.18,4.09,-5.180000000000001,1.0,FFIC|FHB|FSBC|IBCP|RY|SBCF|SSB|STBA|UBSI|WSBC,FHB|FSBC|IBCP|RY|SBCF|SSB|STBA|UBSI|WSBC
PRPL,10,9,-13.41,-16.2,-45.61,0.79,-3.98,3.98,-9.43,-20.18,-71.24,0.1111111111111111,HVT|LEG|LZB|MHK|MLKN|RH|SGI|SNBR|W|WSM,HVT|LEG|LZB|MHK|MLKN|RH|SGI|W|WSM
PRPO,10,9,23.74,22.32,19.37,3.12,4.4,18.9,19.339999999999996,3.4200000000000017,-11.619999999999997,1.0,BIO|CDNA|DGX|FLGT|HOLX|LH|NEO|NTRA|QGEN|VERI,BIO|CDNA|DGX|FLGT|LH|NEO|NTRA|QGEN|VERI
PRQR,10,8,30.54,33.43,68.88,8.78,2.575,11.17,27.965,22.259999999999998,51.75999999999999,1.0,ADVM|ALNY|ARWR|BBIO|BLUE|BMRN|IONS|QURE|RGNX|SRPT,ALNY|ARWR|BBIO|BMRN|IONS|QURE|RGNX|SRPT
PRSO,10,10,-5.31,-13.01,-32.89,-1.04,-1.135,-5.32,-4.175,-7.6899999999999995,-23.075,0.2,ADI|AVGO|MCHP|MRVL|MU|NXPI|ON|QRVO|SWKS|TXN,ADI|AVGO|MCHP|MRVL|MU|NXPI|ON|QRVO|SWKS|TXN
PRSU,10,10,1.57,-7.35,9.11,-1.2,-0.73,0.53,2.3,-7.88,2.6899999999999995,0.8,ABM|CTAS|EFX|EVI|EXPO|FCN|LYV|ROL|SITE|TITN,ABM|CTAS|EFX|EVI|EXPO|FCN|LYV|ROL|SITE|TITN
PRT,10,9,0.9,-0.88,0.45,-0.88,7.44,9.11,-6.54,-9.99,-7.38,0.0,APA|COP|CVX|DMLP|DVN|EOG|FANG|MRO|SLB|XOM,APA|COP|CVX|DMLP|DVN|EOG|FANG|SLB|XOM
PRTA,10,10,-2.97,4.38,-5.78,-5.17,3.54,10.684999999999999,-6.51,-6.304999999999999,-16.55,0.1,ACAD|ALNY|ARWR|BIIB|CLDX|EXEL|IONS|NBIX|SRPT|VRTX,ACAD|ALNY|ARWR|BIIB|CLDX|EXEL|IONS|NBIX|SRPT|VRTX
PRTH,10,9,-0.72,-14.29,-4.99,-1.95,0.58,14.51,-1.2999999999999998,-28.799999999999997,-24.689999999999998,0.4444444444444444,ADP|EVRI|FIS|GPN|INTU|JKHY|PAYC|PYPL|WU|XYZ,ADP|FIS|GPN|INTU|JKHY|PAYC|PYPL|WU|XYZ
PRTS,10,10,-5.96,39.14,-6.82,-1.28,-2.2800000000000002,-1.335,-3.6799999999999997,40.475,-7.87,0.1,AAP|AN|AZO|GPC|LKQ|MNRO|ORLY|PAG|SAH|SMP,AAP|AN|AZO|GPC|LKQ|MNRO|ORLY|PAG|SAH|SMP
PRU,10,10,-2.48,2.36,17.86,-0.46,-3.475,-0.78,0.9950000000000001,3.1399999999999997,8.329999999999998,0.8,AFL|AIG|CNO|GL|HIG|LNC|MET|PFG|UNM|VOYA,AFL|AIG|CNO|GL|HIG|LNC|MET|PFG|UNM|VOYA
PRVA,10,10,-2.23,-16.14,-8.22,-1.0,0.37999999999999995,-7.115,-2.61,-9.025,-26.450000000000003,0.3,AGL|CLOV|CVS|DOCS|EHTH|HIMS|HUM|MDGL|OSCR|UNH,AGL|CLOV|CVS|DOCS|EHTH|HIMS|HUM|MDGL|OSCR|UNH
PRZO,10,10,10.59,27.0,35.72,8.37,-4.725,7.17,15.315,19.83,36.4,1.0,BA|BWXT|GD|HII|KTOS|LHX|LMT|NOC|RTX|TXT,BA|BWXT|GD|HII|KTOS|LHX|LMT|NOC|RTX|TXT
PSA,9,8,-1.21,4.18,7.22,-0.12,-0.905,-0.08000000000000002,-0.30499999999999994,4.26,3.2849999999999997,0.25,BRX|COLD|CUBE|EPR|EXR|IRT|JYNT|NSA|REXR,BRX|COLD|CUBE|EPR|EXR|IRT|JYNT|REXR
PSBD,10,10,-1.68,6.36,-3.17,-0.44,-1.875,6.615,0.19500000000000006,-0.2549999999999999,-9.36,0.6,ARCC|CSWC|FDUS|GLAD|GSBD|HTGC|MAIN|NMFC|PSEC|TCPC,ARCC|CSWC|FDUS|GLAD|GSBD|HTGC|MAIN|NMFC|PSEC|TCPC
PSEC,10,10,-3.4,6.57,3.18,0.88,-1.655,9.36,-1.7449999999999999,-2.789999999999999,-1.7599999999999993,0.2,ARCC|CGBD|GSBD|HTGC|MAIN|NMFC|SLRC|TCPC|TPVG|TSLX,ARCC|CGBD|GSBD|HTGC|MAIN|NMFC|SLRC|TCPC|TPVG|TSLX
PSFE,10,10,-16.94,-16.73,-7.33,-2.52,-2.6100000000000003,3.6849999999999996,-14.330000000000002,-20.415,-19.369999999999997,0.0,FIS|GPN|JKHY|MA|PAGS|PYPL|RPAY|V|WU|XYZ,FIS|GPN|JKHY|MA|PAGS|PYPL|RPAY|V|WU|XYZ
PSHG,10,10,-1.73,-3.95,-1.16,0.0,5.025,11.280000000000001,-6.755000000000001,-15.23,-11.705,0.0,ASC|DHT|FRO|GLNG|INSW|NAT|SBLK|SFL|STNG|TNK,ASC|DHT|FRO|GLNG|INSW|NAT|SBLK|SFL|STNG|TNK
PSIG,10,10,76.28,64.63,-74.16,-2.35,-3.035,-7.22,79.315,71.85,-76.86999999999999,1.0,CHRW|EXP|FDX|HON|JBHT|LSTR|MATX|ODFL|R|SNDR,CHRW|EXP|FDX|HON|JBHT|LSTR|MATX|ODFL|R|SNDR
PSIX,0,0,-13.36,7.18,-3.73,-4.58,,,,,,,,
PSKY,0,0,3.06,17.03,1.43,-3.02,,,,,,,,
PSLV,10,9,6.49,16.06,-8.78,3.28,12.79,27.85,-6.299999999999999,-11.790000000000003,-25.57,0.0,AG|ASM|CDE|EXK|HL|MAG|PAAS|SSRM|SVM|WPM,AG|ASM|CDE|EXK|HL|PAAS|SSRM|SVM|WPM
PSMT,10,9,-5.12,-8.35,2.79,-2.85,-1.57,1.42,-3.55,-9.77,4.32,0.1111111111111111,AMZN|BBY|BJ|COST|DG|DLTR|KR|TGT|WBA|WMT,AMZN|BBY|BJ|COST|DG|DLTR|KR|TGT|WMT
PSN,10,10,-4.43,-21.01,-11.95,-3.39,-1.035,9.645,-3.3949999999999996,-30.655,-21.755,0.2,BAH|CACI|CUB|GD|HII|LDOS|LHX|NOC|RTX|SAIC,BAH|CACI|CUB|GD|HII|LDOS|LHX|NOC|RTX|SAIC
PSNL,10,9,15.86,33.98,110.16,5.68,6.8,12.96,9.059999999999999,21.019999999999996,62.04,1.0,BNR|CDNA|EXAS|FATE|FLGT|GH|ILMN|MYGN|NTRA|TXG,BNR|CDNA|FATE|FLGT|GH|ILMN|MYGN|NTRA|TXG
PSNY,10,9,-3.05,-6.37,-39.28,-2.05,0.86,-7.71,-3.9099999999999997,1.3399999999999999,-20.470000000000002,0.3333333333333333,FFAI|GOEV|HYLN|LCID|LI|NIO|RIVN|TSLA|WKHS|XPEV,FFAI|HYLN|LCID|LI|NIO|RIVN|TSLA|WKHS|XPEV
PSO,10,8,-0.95,0.03,6.17,0.22,-1.96,-3.8049999999999997,1.01,3.8349999999999995,4.265,0.75,ATGE|BIDU|CHGG|GHC|HUYA|INST|MCY|RELX|SCHL|TRI,BIDU|CHGG|GHC|HUYA|MCY|RELX|SCHL|TRI
PSQH,10,10,11.01,34.05,-48.51,8.68,2.535,8.004999999999999,8.475,26.044999999999998,-57.97,0.9,COIN|FDS|ICE|MKTX|MORN|MSCI|NDAQ|SPGI|TW|VIRT,COIN|FDS|ICE|MKTX|MORN|MSCI|NDAQ|SPGI|TW|VIRT
PSTL,10,10,-1.7,-5.14,-3.25,-0.02,-0.185,-2.2649999999999997,-1.515,-2.875,-5.285,0.1,ADC|BXP|EPR|ESRT|GEO|GNL|LXP|NNN|O|WPC,ADC|BXP|EPR|ESRT|GEO|GNL|LXP|NNN|O|WPC
PSX,7,7,5.49,16.07,36.83,1.28,2.45,9.11,3.04,6.960000000000001,-0.1600000000000037,0.7142857142857143,CVI|CVX|DK|MPC|PBF|VLO|XOM,CVI|CVX|DK|MPC|PBF|VLO|XOM
PTC,10,9,0.14,36.24,4.15,1.15,-1.64,12.81,1.7799999999999998,23.43,0.0,0.8888888888888888,ADSK|ANSS|CDNS|DSGX|IBM|MSFT|ORCL|SAP|SNPS|TDC,ADSK|CDNS|DSGX|IBM|MSFT|ORCL|SAP|SNPS|TDC
PTCT,10,9,-0.3,-8.48,1.03,-2.58,2.61,4.88,-2.9099999999999997,-13.36,-8.41,0.1111111111111111,ALNY|ARWR|BIIB|BLUE|EXEL|IONS|RARE|SRPT|VRTX|VYGR,ALNY|ARWR|BIIB|EXEL|IONS|RARE|SRPT|VRTX|VYGR
PTEN,10,10,12.09,13.97,-0.51,1.32,-0.305,3.4050000000000002,12.395,10.565000000000001,7.875,1.0,HAL|HP|LBRT|NBR|NOV|OIS|PUMP|RES|SLB|WTTR,HAL|HP|LBRT|NBR|NOV|OIS|PUMP|RES|SLB|WTTR
PTGX,10,7,-0.03,11.77,50.06,-2.3,6.08,15.93,-6.11,-4.16,27.180000000000003,0.0,AKRO|AMGN|ARWR|BLUE|CRSP|EDIT|NTLA|REGN|SGMO|VRTX,AMGN|ARWR|CRSP|EDIT|NTLA|REGN|VRTX
PTHS,10,9,-6.3,2.47,0.06,5.05,4.18,15.93,-10.48,-13.459999999999999,-11.799999999999999,0.0,ALNY|AMGN|BLUE|BMRN|GILD|IONS|NBIX|REGN|SRPT|VRTX,ALNY|AMGN|BMRN|GILD|IONS|NBIX|REGN|SRPT|VRTX
PTLE,0,0,-5.45,-22.16,67.74,-1.27,,,,,,,,
PTLO,10,10,-4.27,7.62,23.34,-2.03,-1.0,11.225000000000001,-3.2699999999999996,-3.6050000000000013,13.665,0.1,CAKE|CMG|DPZ|DRI|MCD|QSR|RRGB|SHAK|WEN|YUM,CAKE|CMG|DPZ|DRI|MCD|QSR|RRGB|SHAK|WEN|YUM
PTN,0,0,3.5,26.99,-29.06,1.67,,,,,,,,
PTON,10,9,-1.89,-12.86,5.51,-0.18,-2.9,-6.16,1.01,-6.699999999999999,8.44,0.6666666666666666,ADNT|BC|COLM|DKS|EVCM|LULU|PLNT|UA|VSTO|YETI,ADNT|BC|COLM|DKS|EVCM|LULU|PLNT|UA|YETI
PTRN,0,0,-12.95,-19.93,12.1,-4.25,,,,,,,,
PUBM,10,10,-4.11,30.99,67.71,-1.25,-2.315,20.375,-1.7950000000000004,10.614999999999998,27.959999999999994,0.4,APPS|CRTO|DV|FLNT|MGNI|PERI|QNST|ROKU|STGW|TTD,APPS|CRTO|DV|FLNT|MGNI|PERI|QNST|ROKU|STGW|TTD
PUK,10,10,-0.49,-6.33,-11.63,-0.88,-3.475,-1.08,2.9850000000000003,-5.25,-20.285000000000004,0.8,AFL|AIG|GL|HIG|LNC|MET|MFC|PFG|PRU|UNM,AFL|AIG|GL|HIG|LNC|MET|MFC|PFG|PRU|UNM
PULM,10,9,0.87,-9.88,19.93,0.2,6.74,4.97,-5.87,-14.850000000000001,11.2,0.2222222222222222,ACET|ACHV|ACRS|AKBA|ALDX|ARDX|ASMB|AXSM|BLRX|CLSD,ACET|ACHV|ACRS|AKBA|ALDX|ARDX|ASMB|AXSM|BLRX
PUMP,10,9,-1.58,-16.43,-33.31,-4.45,-0.17,4.85,-1.4100000000000001,-21.28,-27.94,0.2222222222222222,BKR|CHX|CLB|DNOW|FTI|HAL|LBRT|NOV|SLB|WTTR,BKR|CLB|DNOW|FTI|HAL|LBRT|NOV|SLB|WTTR
PURR,0,0,47.43,46.79,23.83,7.08,,,,,,,,
PVH,9,9,-6.69,-4.85,-10.0,-3.54,-4.7,-9.55,-1.9900000000000002,4.700000000000001,-10.32,0.0,COLM|GIII|KTB|LB|LEVI|OXM|RL|UAA|VFC,COLM|GIII|KTB|LB|LEVI|OXM|RL|UAA|VFC
PVL,10,8,5.11,6.94,-5.61,0.54,1.525,2.445,3.5850000000000004,4.495000000000001,-2.8400000000000003,0.75,BPT|CRT|DMLP|KRP|MARPS|MTR|MVO|PBT|SBR|SJT,CRT|DMLP|KRP|MARPS|MTR|PBT|SBR|SJT
PVLA,10,7,-9.2,-0.02,23.07,-5.21,9.53,18.43,-18.729999999999997,-18.45,1.2699999999999996,0.0,ADAP|AGEN|BLUE|CRSP|FATE|KURA|MRNA|NVAX|SGMO|SRPT,AGEN|CRSP|FATE|KURA|MRNA|NVAX|SRPT
PW,10,10,-5.51,-16.11,43.6,-4.19,0.3,-1.9849999999999999,-5.81,-14.125,46.135000000000005,0.0,AMT|CCI|DLR|EQIX|IRM|NNN|O|PLD|SBAC|WPC,AMT|CCI|DLR|EQIX|IRM|NNN|O|PLD|SBAC|WPC
PWP,10,10,-10.61,6.35,-9.15,-3.19,-3.955,-1.225,-6.654999999999999,7.574999999999999,-12.745000000000001,0.0,EVR|GS|HL|JEF|LAZ|MC|MS|PIPR|RJF|SF,EVR|GS|HL|JEF|LAZ|MC|MS|PIPR|RJF|SF
PWR,9,9,-0.35,4.24,-5.56,-0.97,-1.19,1.6,0.84,2.64,-1.6599999999999997,0.5555555555555556,ACM|DY|EME|FLR|J|MTZ|MYRG|PKE|STN,ACM|DY|EME|FLR|J|MTZ|MYRG|PKE|STN
PXED,0,0,2.48,-2.23,-2.02,0.79,,,,,,,,
PXLW,10,10,-7.03,9.79,4.95,1.14,-3.31,-8.88,-3.72,18.67,17.72,0.3,AMD|AVGO|INTC|MCHP|MU|NVDA|ON|QCOM|SWKS|TXN,AMD|AVGO|INTC|MCHP|MU|NVDA|ON|QCOM|SWKS|TXN
PXS,10,10,-1.07,13.27,8.78,0.4,5.025,10.57,-6.095000000000001,2.6999999999999993,1.58,0.0,ASC|CCEC|DHT|FRO|INSW|NAT|SFL|STNG|TNK|TRMD,ASC|CCEC|DHT|FRO|INSW|NAT|SFL|STNG|TNK|TRMD
PYPD,9,6,4.6,25.0,3.09,-0.2,2.025,3.26,2.5749999999999997,21.740000000000002,-5.365,0.6666666666666666,ANIP|ATHE|AUTL|AVDL|BCTX|EPIX|IMUX|MRNS|XTLB,ANIP|ATHE|AUTL|BCTX|IMUX|XTLB
PYPL,10,9,2.06,11.4,39.36,1.0,-2.83,4.16,4.890000000000001,7.24,28.47,0.8888888888888888,AFRM|AXP|DFS|FIS|GPN|INTU|MA|SOFI|UPST|V,AFRM|AXP|FIS|GPN|INTU|MA|SOFI|UPST|V
PYXS,9,6,2.65,22.12,54.48,-8.32,0.8049999999999999,-2.115,1.845,24.235,48.949999999999996,0.6666666666666666,ADAP|AFMD|EXEL|FATE|IMTX|MGNX|MRSN|NBP|SRRK,EXEL|FATE|IMTX|MGNX|NBP|SRRK
PZG,10,10,5.29,37.9,14.58,-0.75,14.475000000000001,33.185,-9.185000000000002,4.714999999999996,-3.115,0.1,AEM|AU|B|BTG|CDE|GFI|HL|KGC|NEM|SSRM,AEM|AU|B|BTG|CDE|GFI|HL|KGC|NEM|SSRM
PZZA,10,10,-5.32,-27.61,-28.48,-0.6,-2.115,4.285,-3.205,-31.895,-33.285,0.1,BJRI|CAKE|CMG|DPZ|DRI|MCD|QSR|SBUX|WING|YUM,BJRI|CAKE|CMG|DPZ|DRI|MCD|QSR|SBUX|WING|YUM
Q,0,0,-10.19,-7.7,-16.32,1.65,,,,,,,,
QBTS,10,10,-11.44,6.68,-4.1,-4.27,-4.25,2.54,-7.1899999999999995,4.14,1.0050000000000008,0.2,AAPL|GOOGL|HPQ|IBM|INTC|IONQ|MSFT|NVDA|QUBT|RGTI,AAPL|GOOGL|HPQ|IBM|INTC|IONQ|MSFT|NVDA|QUBT|RGTI
QCLS,10,10,-6.12,-18.88,-33.21,-0.19,5.025,12.719999999999999,-11.145,-31.599999999999998,-58.135000000000005,0.0,ABBV|AMGN|BMY|GILD|JNJ|LLY|MRK|PFE|REGN|VRTX,ABBV|AMGN|BMY|GILD|JNJ|LLY|MRK|PFE|REGN|VRTX
QCOM,10,10,-0.75,-6.88,-19.24,0.96,-3.31,-4.345000000000001,2.56,-2.5349999999999993,-16.9,0.8,AMAT|AMD|AVGO|INTC|MRVL|MU|NVDA|QRVO|SWKS|TXN,AMAT|AMD|AVGO|INTC|MRVL|MU|NVDA|QRVO|SWKS|TXN
QCRH,10,8,-5.65,4.44,10.14,-0.57,-4.23,0.8999999999999999,-1.42,3.5400000000000005,-1.5649999999999977,0.0,CAC|CHCO|FFIN|FULT|GABC|HTLF|IBTX|MBIN|SFNC|TCBK,CAC|CHCO|FFIN|FULT|GABC|MBIN|SFNC|TCBK
QDEL,10,9,-0.07,-9.59,26.62,9.28,4.07,19.8,-4.140000000000001,-29.39,-2.2699999999999996,0.0,ABT|ALC|BDX|BIO|COO|DGX|HOLX|LH|RMD|TMO,ABT|ALC|BDX|BIO|COO|DGX|LH|RMD|TMO
QETA,0,0,2.48,0.08,-1.26,-0.42,,,,,,,,
QFIN,10,10,-8.64,-13.43,-9.15,-3.18,-1.9000000000000001,-5.215,-6.74,-8.215,0.15499999999999936,0.1,BABA|BIDU|FINV|HTT|JD|LX|SOS|TME|XYF|YRD,BABA|BIDU|FINV|HTT|JD|LX|SOS|TME|XYF|YRD
QGEN,10,9,4.94,11.82,29.28,1.96,5.21,13.72,-0.2699999999999996,-1.9000000000000004,-8.43,0.4444444444444444,A|BIO|BRKR|DHR|HOLX|ILMN|MTD|TECH|TMO|WAT,A|BIO|BRKR|DHR|ILMN|MTD|TECH|TMO|WAT
QH,10,10,-0.94,-20.34,22.23,-1.74,0.6849999999999999,-1.6199999999999999,-1.625,-18.72,27.36,0.3,BABA|BILI|DOYU|HUYA|IQ|JD|JOYY|PDD|TCOM|TME,BABA|BILI|DOYU|HUYA|IQ|JD|JOYY|PDD|TCOM|TME
QLYS,10,9,-5.4,32.15,84.3,-0.87,-11.03,3.04,5.629999999999999,29.11,52.47,0.8888888888888888,CHKP|CRWD|CYBR|FTNT|NET|OKTA|PANW|TENB|VRNS|ZS,CHKP|CRWD|FTNT|NET|OKTA|PANW|TENB|VRNS|ZS
QMCO,10,9,-17.42,74.79,149.76,-6.47,-4.72,10.69,-12.700000000000003,64.10000000000001,136.0,0.0,DELL|HPE|IBM|NTAP|NTNX|NVDA|PSTG|SMCI|STX|WDC,DELL|HPE|IBM|NTAP|NTNX|NVDA|SMCI|STX|WDC
QNCX,10,9,5.72,84.82,58.63,-0.88,7.67,11.16,-1.9500000000000002,73.66,39.02,0.2222222222222222,BEAM|CRSP|EDIT|IMCR|MGTX|NTLA|PRME|RNA|RPRX|VERV,BEAM|CRSP|EDIT|IMCR|MGTX|NTLA|PRME|RNA|RPRX
QNRX,9,8,-21.07,9.14,-3.34,1.17,2.165,-2.0300000000000002,-23.235,11.170000000000002,-7.985,0.0,ADAP|ASND|CRIS|MDGL|MREO|RDHL|TGTX|VYGR|XENE,ASND|CRIS|MDGL|MREO|RDHL|TGTX|VYGR|XENE
QNST,10,8,1.67,34.92,75.87,0.13,-5.1850000000000005,-14.754999999999999,6.855,49.675,72.315,0.875,ANGI|BR|CNSL|EVC|FLNT|IAC|MCHX|TDOC|TREE|TRVG,ANGI|BR|EVC|FLNT|MCHX|TDOC|TREE|TRVG
QNTM,10,10,7.74,22.11,-55.44,-1.14,4.720000000000001,12.719999999999999,3.0199999999999996,9.39,-77.245,0.9,AMGN|BIIB|BMY|GILD|JNJ|LLY|MRK|PFE|REGN|VRTX,AMGN|BIIB|BMY|GILD|JNJ|LLY|MRK|PFE|REGN|VRTX
QRHC,10,9,-5.48,10.4,21.05,0.0,1.59,2.16,-7.07,8.24,15.260000000000002,0.0,CLH|CNX|CWST|PESI|RSG|SRCL|TTEK|VVV|WCN|WM,CLH|CNX|CWST|PESI|RSG|TTEK|VVV|WCN|WM
QRVO,10,10,-1.01,8.91,-1.34,0.66,-2.7649999999999997,-9.145,1.7549999999999997,18.055,11.43,0.7,ADI|AMKR|AVGO|MCHP|NXPI|ON|SLAB|SMTC|SWKS|TXN,ADI|AMKR|AVGO|MCHP|NXPI|ON|SLAB|SMTC|SWKS|TXN
QS,10,10,-10.15,-5.71,-27.84,-5.87,-10.55,-11.965,0.40000000000000036,6.255,-3.0650000000000013,0.5,BE|BLDP|CHPT|ENVX|HYLN|LCID|MVST|PLUG|SLDP|WKHS,BE|BLDP|CHPT|ENVX|HYLN|LCID|MVST|PLUG|SLDP|WKHS
QSEA,0,0,-0.09,0.76,1.82,0.09,,,,,,,,
QSI,10,9,-0.27,-1.51,-10.03,2.31,6.8,20.06,-7.07,-21.57,-49.93,0.0,BIO|BNGO|CDNA|EXAS|ILMN|NTLA|NTRA|PACB|TMO|TWST,BIO|BNGO|CDNA|ILMN|NTLA|NTRA|PACB|TMO|TWST
QSR,10,10,3.75,8.57,3.83,3.07,-1.0,8.635,4.75,-0.0649999999999995,-2.76,0.8,CMG|DNUT|DPZ|DRI|MCD|PZZA|RRGB|SHAK|WEN|YUM,CMG|DNUT|DPZ|DRI|MCD|PZZA|RRGB|SHAK|WEN|YUM
QTRX,10,9,11.36,-17.06,26.39,7.6,6.74,20.06,4.619999999999999,-37.12,-13.509999999999998,0.7777777777777778,ABT|BIO|DHR|EXAS|GH|ILMN|NTRA|QGEN|TMO|TWST,ABT|BIO|DHR|GH|ILMN|NTRA|QGEN|TMO|TWST
QTTB,10,10,3.4,5.38,180.28,0.33,3.045,15.43,0.355,-10.05,164.365,0.5,ARGX|BMRN|CRSP|EDIT|GTX|MDGL|PTCT|SRPT|VRTX|XENE,ARGX|BMRN|CRSP|EDIT|GTX|MDGL|PTCT|SRPT|VRTX|XENE
QTWO,10,8,-2.63,21.97,36.95,0.62,-1.645,15.055,-0.9849999999999999,6.914999999999999,28.330000000000005,0.375,BR|CSGP|ENV|EVRI|FIS|GPN|JKHY|MSCI|SSNC|WU,BR|CSGP|FIS|GPN|JKHY|MSCI|SSNC|WU
QUAD,10,8,3.36,18.6,34.84,0.2,-1.47,-3.5000000000000004,4.83,22.1,39.265,0.875,DLX|EVC|IPG|LEE|LXU|NYT|OMC|SGA|TGNA|VRTS,DLX|EVC|LEE|LXU|NYT|OMC|SGA|VRTS
QUBT,10,10,-9.7,1.83,-15.75,-4.29,-5.970000000000001,4.95,-3.7299999999999986,-3.12,-10.265,0.4,AMD|GOOGL|IBM|INTC|IONQ|MSFT|NVDA|QBTS|RGTI|SOUN,AMD|GOOGL|IBM|INTC|IONQ|MSFT|NVDA|QBTS|RGTI|SOUN
QUIK,10,9,-10.59,-18.56,-45.11,-3.36,-6.62,-8.91,-3.9699999999999998,-9.649999999999999,-32.55,0.1111111111111111,ADI|ALTR|LSCC|MPWR|MXL|ON|SLAB|SMTC|TER|TXN,ADI|LSCC|MPWR|MXL|ON|SLAB|SMTC|TER|TXN
QUMS,0,0,0.19,0.58,1.37,0.1,,,,,,,,
QURE,10,7,2.55,19.51,96.18,-0.94,4.04,14.93,-1.4900000000000002,4.580000000000002,74.38000000000001,0.2857142857142857,ADVM|BLUE|BMRN|BOLD|CRSP|EDIT|NTLA|RCKT|SGMO|SRPT,BMRN|BOLD|CRSP|EDIT|NTLA|RCKT|SRPT
QXO,10,10,-11.42,-4.77,-23.45,-6.59,-0.935,1.44,-10.485,-6.209999999999999,-21.98,0.0,AMZN|BBY|COST|DG|EBAY|HD|KR|LOW|TGT|WMT,AMZN|BBY|COST|DG|EBAY|HD|KR|LOW|TGT|WMT
R,10,10,-5.64,-10.14,5.77,-0.91,-3.505,-10.23,-2.135,0.08999999999999986,8.19,0.1,CHRW|EXPD|JBHT|KNX|LSTR|ODFL|SAIA|SNDR|WERN|XPO,CHRW|EXPD|JBHT|KNX|LSTR|ODFL|SAIA|SNDR|WERN|XPO
RAC,0,0,0.14,0.53,0.91,0.14,,,,,,,,
RACE,9,9,3.33,14.64,24.64,0.18,0.68,0.99,2.65,13.65,21.57,0.8888888888888888,APTV|BWA|F|GM|HMC|LAD|TM|TSLA|XPEV,APTV|BWA|F|GM|HMC|LAD|TM|TSLA|XPEV
RADX,0,0,-12.64,-46.04,-49.45,-7.4,,,,,,,,
RAIL,10,10,-4.18,-12.99,-7.43,-1.66,-0.15999999999999998,-0.5800000000000001,-4.02,-12.41,-12.735,0.2,CNI|CSX|GBX|KNX|NSC|RA|TRN|UNP|WAB|XPO,CNI|CSX|GBX|KNX|NSC|RA|TRN|UNP|WAB|XPO
RAIN,0,0,-7.88,-49.51,-55.76,-1.5,,,,,,,,
RAL,0,0,-9.22,-7.55,8.73,-2.56,,,,,,,,
RAMP,10,9,-0.8,-0.12,-0.3,-0.25,-2.99,19.54,2.1900000000000004,-19.66,-42.23,0.6666666666666666,APPS|CRTO|DV|FLNT|FUBO|LGF-A|MGNI|PERI|PUBM|TTD,APPS|CRTO|DV|FLNT|FUBO|MGNI|PERI|PUBM|TTD
RAND,10,10,1.37,2.89,-4.04,1.22,-1.885,8.525,3.255,-5.635,-8.875,1.0,ARCC|GBDC|GLAD|HRZN|HTGC|MAIN|NMFC|PNNT|TCPC|TSLX,ARCC|GBDC|GLAD|HRZN|HTGC|MAIN|NMFC|PNNT|TCPC|TSLX
RANG,0,0,0.37,0.94,1.79,0.0,,,,,,,,
RANI,10,8,10.04,-2.09,-19.45,-4.21,4.395,16.075,5.645,-18.165,-41.79,0.875,ASND|BLUE|BMRN|CRSP|EDIT|FATE|LBPH|NTLA|REGN|SRPT,ASND|BMRN|CRSP|EDIT|FATE|NTLA|REGN|SRPT
RAPP,10,8,0.34,14.98,33.03,-3.16,5.25,17.33,-4.91,-2.349999999999998,7.950000000000003,0.0,ACAD|BIIB|BLUE|CRSP|EDIT|MRNA|NBIX|REGN|SAGE|VRTX,ACAD|BIIB|CRSP|EDIT|MRNA|NBIX|REGN|VRTX
RARE,10,10,-1.65,-6.15,11.02,-1.12,4.4,16.575,-6.050000000000001,-22.725,-13.52,0.0,ALNY|AMGN|BIIB|BMRN|CRSP|IONS|NBIX|PBYI|REGN|VRTX,ALNY|AMGN|BIIB|BMRN|CRSP|IONS|NBIX|PBYI|REGN|VRTX
RAVE,10,9,-1.61,-6.13,6.99,0.33,-3.04,6.11,1.43,-12.24,-0.41000000000000014,0.5555555555555556,CAKE|CMG|DPZ|LOCO|PBPB|PTLO|PZZA|SHAK|WING|YUM,CAKE|CMG|DPZ|LOCO|PTLO|PZZA|SHAK|WING|YUM
RAY,10,10,-3.76,-8.81,-25.04,2.25,-3.4749999999999996,6.905,-0.28500000000000014,-15.715,-26.029999999999998,0.4,BA|BWXT|GD|HII|LDOS|LHX|LMT|NOC|SAIC|TXT,BA|BWXT|GD|HII|LDOS|LHX|LMT|NOC|SAIC|TXT
RAYA,10,10,-9.18,-12.5,-24.92,-3.19,-4.515000000000001,1.33,-4.664999999999999,-13.83,-33.375,0.0,AME|CMI|DOV|EMR|ETN|GE|HON|ITW|ROK|SWK,AME|CMI|DOV|EMR|ETN|GE|HON|ITW|ROK|SWK
RBA,10,9,1.72,-20.46,-15.93,1.99,-2.03,-3.3,3.75,-17.16,-18.53,0.8888888888888888,ASTE|CAT|CMI|DE|GATX|HEES|MTW|TEX|TITN|URI,ASTE|CAT|CMI|DE|GATX|MTW|TEX|TITN|URI
RBB,10,10,-4.47,-0.6,11.3,-0.42,-3.91,-0.10000000000000003,-0.5599999999999996,-0.49999999999999994,2.5700000000000003,0.3,BANC|CATY|CVBF|EWBC|HAFC|HOPE|MBWM|OPBK|PFBC|WAL,BANC|CATY|CVBF|EWBC|HAFC|HOPE|MBWM|OPBK|PFBC|WAL
RBBN,10,7,-4.98,-7.18,-23.18,-1.23,-3.11,-0.47,-1.8700000000000006,-6.71,-19.68,0.42857142857142855,ANET|CSCO|ERIC|EXTR|HPE|INFN|JNPR|NOK|PSTG|QCOM,ANET|CSCO|ERIC|EXTR|HPE|NOK|QCOM
RBC,10,10,-8.1,-13.89,-10.81,-2.15,-0.045,13.004999999999999,-8.055,-26.895,-24.520000000000003,0.0,ATKR|B|DHR|FLS|GOLD|ITGR|MWA|PDM|SNA|TWI,ATKR|B|DHR|FLS|GOLD|ITGR|MWA|PDM|SNA|TWI
RBCAA,10,9,-4.72,3.03,19.03,-0.05,-3.43,-1.49,-1.2899999999999996,4.52,10.700000000000001,0.1111111111111111,BANF|CBSH|CHCO|FFIN|FMBH|FRME|HTLF|IBOC|ONB|PEBO,BANF|CBSH|CHCO|FFIN|FMBH|FRME|IBOC|ONB|PEBO
RBKB,10,8,-0.63,5.07,12.27,0.0,-2.375,1.935,1.745,3.1350000000000002,2.835000000000001,0.75,ASB|BBT|FFIC|FLG|HWBK|NFBK|NWE|OCFC|SIEB|TMP,ASB|BBT|FLG|HWBK|NWE|OCFC|SIEB|TMP
RBLX,9,8,-0.44,-23.89,-17.49,-2.35,-0.8500000000000001,9.195,0.4100000000000001,-33.085,-20.645,0.5,AAPL|AMZN|DIS|EA|GOOGL|MSFT|SONY|TTWO|U,AAPL|AMZN|DIS|GOOGL|MSFT|SONY|TTWO|U
RBNE,0,0,6.93,-34.3,-83.86,-1.51,,,,,,,,
RBRK,10,10,-6.14,33.86,47.47,-1.14,-10.774999999999999,8.215,4.634999999999999,25.645,13.659999999999997,0.6,CRWD|DT|FSLY|NET|OKTA|PANW|PD|SNOW|VRNS|ZS,CRWD|DT|FSLY|NET|OKTA|PANW|PD|SNOW|VRNS|ZS
RC,10,10,-0.86,16.1,-3.04,0.27,-1.145,0.29000000000000004,0.28500000000000003,15.810000000000002,2.09,0.6,ABR|ARI|BXMT|EFC|GPMT|KREF|LADR|NREF|STWD|TRTX,ABR|ARI|BXMT|EFC|GPMT|KREF|LADR|NREF|STWD|TRTX
RCAT,10,9,-10.51,16.92,2.4,-7.43,-9.87,1.21,-0.6400000000000006,15.71,5.59,0.3333333333333333,AVAV|DAKT|DPRO|EVLV|FARO|KTOS|LASR|OSIS|OUST|UAVS,AVAV|DAKT|DPRO|EVLV|KTOS|LASR|OSIS|OUST|UAVS
RCEL,10,10,26.04,104.37,133.7,-2.22,0.155,13.934999999999999,25.884999999999998,90.435,123.54999999999998,1.0,ABT|BDX|BSX|EW|ISRG|MDT|PEN|STE|SYK|ZBH,ABT|BDX|BSX|EW|ISRG|MDT|PEN|STE|SYK|ZBH
RCI,10,9,-0.89,9.48,-0.15,-1.24,0.13,9.21,-1.02,0.2699999999999996,-0.68,0.3333333333333333,AD|CHTR|CMCSA|CNSL|LUMN|SKM|T|TMUS|VIV|VZ,AD|CHTR|CMCSA|LUMN|SKM|T|TMUS|VIV|VZ
RCKT,10,7,4.04,5.3,17.0,-4.79,6.62,14.93,-2.58,-9.629999999999999,5.890000000000001,0.42857142857142855,ADVM|ALLO|BLUE|CRSP|EDIT|NTLA|QURE|SGMO|SRPT|VYGR,ALLO|CRSP|EDIT|NTLA|QURE|SRPT|VYGR
RCKY,10,9,-2.75,11.17,28.58,-2.6,-4.01,-7.14,1.2599999999999998,18.31,30.0,0.6666666666666666,BURL|COLM|CROX|DECK|LULU|NKE|SKX|UA|VFC|WWW,BURL|COLM|CROX|DECK|LULU|NKE|UA|VFC|WWW
RCL,10,10,-6.18,1.71,14.51,-3.2,-0.63,-0.019999999999999907,-5.55,1.73,12.175,0.4,CCL|DIS|EXPE|HGV|HLT|LIND|MAR|MTN|NCLH|TRIP,CCL|DIS|EXPE|HGV|HLT|LIND|MAR|MTN|NCLH|TRIP
RCMT,10,9,40.05,47.28,80.29,0.85,0.8,8.63,39.25,38.65,50.190000000000005,1.0,ASGN|CDW|CTSH|EXLS|KFRC|KFY|MAN|RHI|STRR|TBI,CDW|CTSH|EXLS|KFRC|KFY|MAN|RHI|STRR|TBI
RCON,10,10,-41.21,-96.23,-97.36,-11.58,0.52,7.415,-41.730000000000004,-103.64500000000001,-92.455,0.0,BKR|CLB|FTI|HAL|INVX|NOV|OIS|SLB|TDW|XPRO,BKR|CLB|FTI|HAL|INVX|NOV|OIS|SLB|TDW|XPRO
RCT,0,0,-8.14,-9.57,-67.98,-1.79,,,,,,,,
RCUS,10,10,4.7,0.82,27.27,-0.44,5.025,11.085,-0.3250000000000002,-10.265,5.465,0.4,ABBV|BMY|GILD|JNJ|LLY|MRK|NVS|PFE|REGN|VRTX,ABBV|BMY|GILD|JNJ|LLY|MRK|NVS|PFE|REGN|VRTX
RDAC,0,0,1.79,-0.79,-29.27,-28.7,,,,,,,,
RDAG,0,0,0.1,0.48,0.97,0.1,,,,,,,,
RDCM,10,8,0.1,-21.77,-29.57,-0.2,-7.175000000000001,-1.04,7.275,-20.73,-27.635,0.875,ANET|BAND|CIEN|CSCO|EXTR|FFIV|INFN|JNPR|MSI|RNG,ANET|BAND|CIEN|CSCO|EXTR|FFIV|MSI|RNG
RDDT,10,10,-8.6,-15.18,-1.5,-4.74,-2.0149999999999997,3.105,-6.585,-18.285,0.7499999999999996,0.1,BMBL|GOOGL|META|MTCH|NFLX|PINS|SNAP|SPOT|YELP|ZM,BMBL|GOOGL|META|MTCH|NFLX|PINS|SNAP|SPOT|YELP|ZM
RDGT,10,9,-7.71,-42.12,-50.59,-0.12,-1.57,3.6,-6.14,-45.72,-50.96,0.1111111111111111,AMZN|COST|CVS|GDRX|KR|LLY|SNY|TGT|WBA|WMT,AMZN|COST|CVS|GDRX|KR|LLY|SNY|TGT|WMT
RDHL,9,9,3.36,-10.23,-33.08,-2.07,-0.09,2.21,3.4499999999999997,-12.440000000000001,-57.68,0.7777777777777778,ACAD|AMRN|ARDX|AXSM|BCRX|FATE|GERN|LGND|MNKD,ACAD|AMRN|ARDX|AXSM|BCRX|FATE|GERN|LGND|MNKD
RDI,10,8,19.86,19.05,69.9,0.0,0.535,14.155000000000001,19.325,4.895,47.275000000000006,1.0,AMC|CNK|DIS|IMAX|LGF-A|LGF-B|MCS|NCMI|NFLX|RGC,AMC|CNK|DIS|IMAX|MCS|NCMI|NFLX|RGC
RDN,10,10,-0.8,-4.33,-2.73,0.59,-0.115,0.875,-0.685,-5.205,-8.85,0.2,AGNC|CHMI|ESNT|GNW|IVR|MFA|MTG|NMIH|ORC|TWO,AGNC|CHMI|ESNT|GNW|IVR|MFA|MTG|NMIH|ORC|TWO
RDNT,10,9,-0.94,29.31,41.27,1.38,-1.15,6.1,0.20999999999999996,23.21,28.28,0.5555555555555556,ACHC|ADUS|AMED|CYH|DVA|HCA|MD|THC|UHS|USPH,ACHC|ADUS|CYH|DVA|HCA|MD|THC|UHS|USPH
RDNW,10,9,0.0,0.16,-20.39,-1.59,-0.97,6.69,0.97,-6.53,-28.950000000000003,0.5555555555555556,ABG|AN|CARG|CPRT|GPI|KMX|LAD|SAH|TRUE|VRM,ABG|AN|CARG|CPRT|GPI|KMX|LAD|SAH|VRM
RDVT,10,9,-5.39,10.2,40.77,0.01,4.34,12.39,-9.73,-2.1900000000000013,31.580000000000005,0.0,ACN|CSGP|DNB|EFX|FICO|IT|MSCI|SPGI|TRU|VRSK,ACN|CSGP|EFX|FICO|IT|MSCI|SPGI|TRU|VRSK
RDW,10,10,-12.59,28.35,-21.88,-6.98,-3.4749999999999996,7.325,-9.115,21.025000000000002,-29.24,0.1,BA|GD|HXL|KTOS|LMT|MRCY|NOC|RTX|SPCE|TXT,BA|GD|HXL|KTOS|LMT|MRCY|NOC|RTX|SPCE|TXT
RDWR,10,9,-9.06,-8.42,-5.93,-0.15,-9.15,2.27,0.08999999999999986,-10.69,-23.19,0.5555555555555556,AKAM|ANET|CHKP|CRWD|CSCO|FFIV|FTNT|JNPR|NET|PANW,AKAM|ANET|CHKP|CRWD|CSCO|FFIV|FTNT|NET|PANW
RDY,10,10,-1.73,7.25,-10.45,0.78,4.12,7.960000000000001,-5.85,-0.7100000000000009,-22.055,0.0,ABBV|BMY|GSK|JNJ|LLY|MRK|NVS|PFE|SNY|TEVA,ABBV|BMY|GSK|JNJ|LLY|MRK|NVS|PFE|SNY|TEVA
RDZN,10,9,11.23,34.65,-11.78,1.66,-0.75,-0.05,11.98,34.699999999999996,-17.15,0.8888888888888888,AFG|ALL|CB|CINF|ESGR|LMND|PGR|ROOT|SAFT|TRV,AFG|ALL|CB|CINF|LMND|PGR|ROOT|SAFT|TRV
REAL,10,10,4.34,0.4,20.92,-3.06,-0.315,3.555,4.655,-3.1550000000000002,21.290000000000003,0.8,AMZN|BABA|CHWY|EBAY|ETSY|JD|PDD|RVLV|SFIX|SHOP,AMZN|BABA|CHWY|EBAY|ETSY|JD|PDD|RVLV|SFIX|SHOP
REAX,10,7,14.58,46.28,52.78,-1.43,-1.45,12.88,16.03,33.4,54.77,1.0,APPF|COMP|EXPI|HOUS|OPEN|RDFN|RMAX|RPID|Z|ZG,APPF|COMP|OPEN|RMAX|RPID|Z|ZG
REBN,10,9,-6.25,-6.93,-40.14,-11.46,-0.81,2.46,-5.4399999999999995,-9.39,-37.13,0.0,CMG|DPZ|FARM|JVA|MCD|PZZA|QSR|SBUX|WEN|YUM,CMG|DPZ|JVA|MCD|PZZA|QSR|SBUX|WEN|YUM
RECT,10,10,10.42,-1.47,11.37,4.98,-1.7850000000000001,0.545,12.205,-2.015,14.709999999999999,1.0,AAPL|ADBE|AMZN|CSCO|GOOGL|INTC|MSFT|NFLX|NVDA|TSLA,AAPL|ADBE|AMZN|CSCO|GOOGL|INTC|MSFT|NFLX|NVDA|TSLA
REED,0,0,9.34,8.16,-40.48,-9.38,,,,,,,,
REFI,10,10,4.39,5.73,-5.6,1.53,-1.2000000000000002,-0.015,5.59,5.745,0.6900000000000004,1.0,ABR|ARI|BXMT|GPMT|KREF|LADR|RC|RWT|STWD|TRTX,ABR|ARI|BXMT|GPMT|KREF|LADR|RC|RWT|STWD|TRTX
REFR,10,10,8.67,-2.58,-37.0,7.34,-1.15,3.8949999999999996,9.82,-6.475,-42.05,0.9,APD|AVNT|CE|DOW|EMN|FSLR|GLW|GT|MMM|PPG,APD|AVNT|CE|DOW|EMN|FSLR|GLW|GT|MMM|PPG
REG,8,7,-0.15,-6.66,-1.28,0.45,-0.62,-6.9,0.47,0.2400000000000002,0.6099999999999999,0.8571428571428571,AKR|BRX|FRT|KIM|KRG|ROIC|SRG|UE,AKR|BRX|FRT|KIM|KRG|SRG|UE
REGN,9,9,4.18,28.95,29.23,-0.15,6.08,12.16,-1.9000000000000004,16.79,1.9499999999999993,0.1111111111111111,AMGN|BIIB|BMRN|EXEL|GILD|INCY|IONS|MRNA|VRTX,AMGN|BIIB|BMRN|EXEL|GILD|INCY|IONS|MRNA|VRTX
REI,4,4,10.45,15.62,8.82,3.5,12.094999999999999,10.92,-1.6449999999999996,4.699999999999999,4.65,0.5,CRK|MTDR|NOG|SM,CRK|MTDR|NOG|SM
REKR,10,8,-17.07,-4.36,-20.47,-1.46,-1.315,8.51,-15.755,-12.870000000000001,-38.839999999999996,0.125,ABM|AXON|BLD|EXLS|FFIV|FN|HUBS|NEO|VRNT|VSAT,ABM|AXON|EXLS|FFIV|FN|HUBS|NEO|VSAT
RELL,10,10,-14.6,-3.22,2.83,-3.38,-4.735,-4.495,-9.864999999999998,1.275,8.55,0.1,ADI|AVGO|DCO|MEI|NXPI|PLXS|QRVO|SWKS|TEL|TTMI,ADI|AVGO|DCO|MEI|NXPI|PLXS|QRVO|SWKS|TEL|TTMI
RELX,10,10,2.67,8.72,5.94,1.41,1.8399999999999999,12.954999999999998,0.8300000000000001,-4.234999999999998,-8.154999999999998,0.7,DLB|FDS|MORN|NYT|SPGI|TDAY|TMO|TRI|TTGT|VRSK,DLB|FDS|MORN|NYT|SPGI|TDAY|TMO|TRI|TTGT|VRSK
RELY,10,10,-1.92,8.73,16.44,0.2,-2.455,3.6849999999999996,0.5350000000000001,5.045000000000001,4.400000000000002,0.6,ADP|EEFT|FAF|FIS|GPN|MA|PYPL|V|WU|XYZ,ADP|EEFT|FAF|FIS|GPN|MA|PYPL|V|WU|XYZ
RENT,9,8,0.28,17.37,-3.69,-2.4,-3.3049999999999997,-6.335,3.585,23.705000000000002,-9.43,0.75,BURL|EBAY|JWN|M|MTCH|PTON|REAL|SFIX|URBN,BURL|EBAY|M|MTCH|PTON|REAL|SFIX|URBN
RENX,10,9,-0.51,2.57,27.56,1.01,-2.54,-0.07,2.0300000000000002,2.6399999999999997,18.14,0.7777777777777778,BZH|DHI|KBH|LEN|LGIH|MTH|NVR|PHM|TMHC|TOL,BZH|DHI|KBH|LEN|LGIH|MTH|NVR|PHM|TOL
REPL,10,7,-6.39,32.28,175.58,-3.92,11.85,21.69,-18.24,10.59,139.44,0.0,ADAP|ALVR|ANIX|BNTX|ENTX|FATE|KPTI|MRNA|PGEN|SGMO,ANIX|BNTX|ENTX|FATE|KPTI|MRNA|PGEN
REPX,7,7,7.42,5.41,-1.66,1.88,11.43,7.93,-4.01,-2.5199999999999996,-7.08,0.0,APA|DVN|EOG|FANG|MTDR|OXY|SM,APA|DVN|EOG|FANG|MTDR|OXY|SM
RERE,10,10,-9.67,8.49,-19.79,-9.48,-0.365,0.14500000000000002,-9.305,8.345,-12.329999999999998,0.1,AAPL|AMZN|BABA|CPNG|EBAY|JD|PDD|SHOP|TSLA|WMT,AAPL|AMZN|BABA|CPNG|EBAY|JD|PDD|SHOP|TSLA|WMT
RES,10,10,0.43,5.46,-10.8,-0.37,0.8299999999999998,7.295,-0.39999999999999986,-1.835,-5.130000000000001,0.5,BKR|FTI|HAL|HP|LBRT|NBR|OIS|PTEN|PUMP|SLB,BKR|FTI|HAL|HP|LBRT|NBR|OIS|PTEN|PUMP|SLB
RETO,10,9,41.26,-39.68,-23.99,12.26,-4.36,-1.75,45.62,-37.93,-27.68,1.0,AMRC|CAT|EXP|JCI|MLM|PRLB|SUM|TREX|TTEK|VMC,AMRC|CAT|EXP|JCI|MLM|PRLB|TREX|TTEK|VMC
REVB,10,10,-1.69,-5.11,0.11,-1.69,2.875,10.635,-4.5649999999999995,-15.745000000000001,-35.5,0.3,AVIR|AXSM|BCRX|CYTK|IMUX|MRNA|NVAX|OCUL|PGEN|REPL,AVIR|AXSM|BCRX|CYTK|IMUX|MRNA|NVAX|OCUL|PGEN|REPL
REX,10,9,1.58,-5.13,-9.02,1.16,2.42,-1.99,-0.8399999999999999,-3.1399999999999997,-13.969999999999999,0.4444444444444444,ADM|AGRO|ANDE|BF-B|BIOX|CALM|DAR|FDP|INGR|MGPI,ADM|AGRO|ANDE|BF-B|BIOX|CALM|DAR|INGR|MGPI
REXR,10,9,2.65,1.67,3.76,-0.47,-0.51,-2.11,3.16,3.78,0.25,0.7777777777777778,COLD|EGP|EXR|FR|FRPT|ICLR|MYD|PLD|STAG|TRNO,COLD|EGP|EXR|FR|FRPT|ICLR|PLD|STAG|TRNO
REYN,10,10,-2.49,-1.25,18.01,-1.63,-2.305,0.16999999999999998,-0.18500000000000005,-1.42,12.340000000000002,0.5,BJ|CHD|CL|CLX|EL|KMB|NWL|PG|UL|WMT,BJ|CHD|CL|CLX|EL|KMB|NWL|PG|UL|WMT
REZI,10,10,-1.47,-14.98,0.19,-6.41,-4.8149999999999995,0.68,3.3449999999999998,-15.66,-9.06,0.8,ALLE|ALSN|AME|HON|IR|JCI|MAS|ROCK|SNA|TEL,ALLE|ALSN|AME|HON|IR|JCI|MAS|ROCK|SNA|TEL
RF,9,9,-3.92,-1.43,10.5,-0.56,-4.19,-2.27,0.27000000000000046,0.8400000000000001,-1.3499999999999996,0.5555555555555556,BAC|C|FITB|JPM|KEY|PNC|TFC|USB|WFC,BAC|C|FITB|JPM|KEY|PNC|TFC|USB|WFC
RFAI,0,0,-5.01,-4.97,-3.66,-6.03,,,,,,,,
RFIL,10,9,-13.96,-12.98,-35.1,-2.65,-6.44,-2.26,-7.5200000000000005,-10.72,-30.060000000000002,0.2222222222222222,ADI|AMAT|FN|INFN|LITE|MTSI|MXL|QRVO|SWKS|TEL,ADI|AMAT|FN|LITE|MTSI|MXL|QRVO|SWKS|TEL
RFL,10,7,-6.09,-15.14,35.04,2.21,-0.6,-2.91,-5.49,-12.23,19.24,0.2857142857142857,ADMA|AGEN|ALKS|BPMC|CVAC|FATE|FOLD|IMTX|OPK|XENE,ADMA|AGEN|ALKS|FATE|IMTX|OPK|XENE
RFM,0,0,-2.3,-1.26,1.25,-0.63,,,,,,,,
RFMZ,0,0,-1.34,-0.83,1.54,-0.54,,,,,,,,
RGA,10,10,-3.39,2.79,12.96,0.49,-3.24,-1.08,-0.1499999999999999,3.87,6.925000000000001,0.5,AFL|AIG|AXS|HIG|LNC|MET|MFC|PFG|PRU|UNM,AFL|AIG|AXS|HIG|LNC|MET|MFC|PFG|PRU|UNM
RGC,10,10,4.01,-8.86,-80.1,-6.2,4.58,5.73,-0.5700000000000003,-14.59,-91.705,0.4,ABBV|AZN|BMY|GSK|JNJ|LLY|MRK|NVO|NVS|PFE,ABBV|AZN|BMY|GSK|JNJ|LLY|MRK|NVO|NVS|PFE
RGCO,10,10,0.43,-5.45,-6.7,-0.22,1.685,2.075,-1.2550000000000001,-7.525,-5.54,0.2,ATO|CPK|NFG|NJR|NWN|OGS|PNRG|SPH|SR|UGI,ATO|CPK|NFG|NJR|NWN|OGS|PNRG|SPH|SR|UGI
RGEN,10,10,11.05,32.77,66.46,5.47,5.075,13.365,5.9750000000000005,19.405,31.194999999999993,0.9,A|BIO|BRKR|DHR|ILMN|MTD|QGEN|TECH|TMO|WAT,A|BIO|BRKR|DHR|ILMN|MTD|QGEN|TECH|TMO|WAT
RGLD,10,9,12.0,25.76,13.45,2.05,12.91,33.01,-0.9100000000000001,-7.2499999999999964,-0.6800000000000015,0.4444444444444444,AEM|AU|B|BTG|FNV|KGC|NEM|OR|SAND|WPM,AEM|AU|B|BTG|FNV|KGC|NEM|OR|WPM
RGNT,0,0,12.89,5.67,-5.92,-3.81,,,,,,,,
RGNX,10,8,7.21,12.05,91.44,-4.99,4.26,17.825,2.95,-5.774999999999999,75.82,0.625,ADVM|BLUE|BMRN|CLLS|CRSP|EDIT|NTLA|QURE|SRPT|VYGR,BMRN|CLLS|CRSP|EDIT|NTLA|QURE|SRPT|VYGR
RGP,10,8,5.5,-3.43,0.27,0.79,1.3,5.765,4.2,-9.195,-37.589999999999996,0.875,AMN|ASGN|BGSF|HSII|KFRC|KFY|MAN|RHI|STRR|TBI,AMN|BGSF|KFRC|KFY|MAN|RHI|STRR|TBI
RGR,10,9,1.74,-0.3,-2.73,0.14,-3.63,3.86,5.37,-4.16,2.19,1.0,BA|BWXT|GD|HII|LHX|LMT|NOC|SWBI|TXT|VSTO,BA|BWXT|GD|HII|LHX|LMT|NOC|SWBI|TXT
RGS,10,9,-3.71,-7.2,-3.55,0.02,0.36,4.29,-4.07,-11.49,-9.35,0.2222222222222222,COTY|CUTR|EL|HAIN|HRB|MIDD|NUS|PLNT|SBH|ULTA,COTY|EL|HAIN|HRB|MIDD|NUS|PLNT|SBH|ULTA
RGTI,10,10,-15.58,3.22,-6.87,-7.59,-4.3149999999999995,8.5,-11.265,-5.279999999999999,-10.83,0.1,AAPL|AMD|HPQ|IBM|INTC|IONQ|MSFT|NVDA|QMCO|QUBT,AAPL|AMD|HPQ|IBM|INTC|IONQ|MSFT|NVDA|QMCO|QUBT
RH,10,9,-11.93,-9.68,18.76,-6.96,-5.0,2.2,-6.93,-11.879999999999999,-6.869999999999997,0.1111111111111111,BSET|DECK|FND|HVT|LEG|LZB|MHK|NWL|SNBR|WSM,BSET|DECK|FND|HVT|LEG|LZB|MHK|NWL|WSM
RHI,10,8,0.8,8.43,68.24,1.36,0.845,10.11,-0.04499999999999993,-1.6799999999999997,40.589999999999996,0.5,ADP|ASGN|HSII|KFY|MAN|PAYX|RGP|TBI|TTWO|UPWK,ADP|KFY|MAN|PAYX|RGP|TBI|TTWO|UPWK
RHLD,0,0,-6.91,-3.57,10.68,3.73,,,,,,,,
RHP,10,10,2.77,-2.01,15.47,-0.17,3.17,-5.105,-0.3999999999999999,3.0950000000000006,0.27999999999999936,0.4,AHT|APLE|DRH|HST|INN|PEB|PK|RLJ|SHO|XHR,AHT|APLE|DRH|HST|INN|PEB|PK|RLJ|SHO|XHR
RIBB,0,0,0.37,0.56,2.16,-0.09,,,,,,,,
RICK,9,8,2.32,16.15,27.14,-2.09,-4.105,13.579999999999998,6.425000000000001,2.5700000000000003,-11.189999999999998,1.0,BJRI|BLMN|CAKE|DENN|DIN|EAT|PLAY|RRGB|TXRH,BJRI|BLMN|CAKE|DIN|EAT|PLAY|RRGB|TXRH
RIG,8,8,4.81,13.11,-18.32,2.65,3.325,13.605,1.4849999999999994,-0.495000000000001,-15.055,0.625,HP|INVX|NBR|NE|OII|PTEN|TDW|VAL,HP|INVX|NBR|NE|OII|PTEN|TDW|VAL
RIGL,10,10,11.28,20.08,57.5,-3.34,2.99,6.484999999999999,8.29,13.594999999999999,45.519999999999996,0.9,ACAD|AMRN|ANAB|ARWR|ENTA|GILD|INCY|KURA|NVAX|VKTX,ACAD|AMRN|ANAB|ARWR|ENTA|GILD|INCY|KURA|NVAX|VKTX
RILY,10,9,-7.63,-1.62,-26.37,-3.67,-2.45,-0.61,-5.18,-1.0100000000000002,-38.06,0.0,AMTD|BAC|BK|C|GS|JPM|MS|SCHW|UBS|WFC,AMTD|BAC|C|GS|JPM|MS|SCHW|UBS|WFC
RIME,10,9,-35.51,-39.47,-58.31,-2.73,-3.45,9.28,-32.059999999999995,-48.75,-59.050000000000004,0.0,ATOM|GPRO|KOPN|LTRX|PXLW|SONO|SONY|UEIC|VOXX|VUZI,ATOM|GPRO|KOPN|LTRX|PXLW|SONO|SONY|UEIC|VUZI
RIO,10,9,4.13,10.81,-1.02,1.81,3.66,10.31,0.46999999999999975,0.5,-12.639999999999999,0.5555555555555556,AA|B|BHP|CLF|FCX|NEM|SCCO|TECK|VALE|X,AA|B|BHP|CLF|FCX|NEM|SCCO|TECK|VALE
RIOT,10,9,4.79,-13.9,-14.96,3.86,3.81,-14.71,0.98,0.8100000000000005,4.48,0.6666666666666666,ARBK|BITF|BTBT|CIFR|CLSK|COIN|CORZ|HUT|MARA|NCTY,ARBK|BTBT|CIFR|CLSK|COIN|CORZ|HUT|MARA|NCTY
RITM,10,10,-1.78,11.45,9.77,-1.97,-0.024999999999999998,-0.365,-1.7550000000000001,11.815,12.434999999999999,0.3,AGNC|ARR|CIM|DX|IVR|MFA|NLY|ORC|STWD|TWO,AGNC|ARR|CIM|DX|IVR|MFA|NLY|ORC|STWD|TWO
RITR,9,9,-29.61,-35.96,-81.49,18.09,-0.51,-2.11,-29.099999999999998,-33.85,-82.97,0.0,COLD|EGP|FR|GOOD|LXP|PLD|REXR|STAG|TRNO,COLD|EGP|FR|GOOD|LXP|PLD|REXR|STAG|TRNO
RIVN,10,10,0.22,-7.71,15.48,0.79,1.035,-2.915,-0.815,-4.795,23.96,0.3,F|GM|HMC|LCID|LI|NIO|STLA|TM|TSLA|XPEV,F|GM|HMC|LCID|LI|NIO|STLA|TM|TSLA|XPEV
RJET,0,0,-11.12,10.26,-11.25,-4.38,,,,,,,,
RJF,10,10,-3.18,4.3,15.23,-1.54,-3.455,1.685,0.2749999999999999,2.6149999999999998,0.740000000000002,0.6,AMP|BAC|C|GS|JPM|LPLA|MS|PFG|SCHW|WFC,AMP|BAC|C|GS|JPM|LPLA|MS|PFG|SCHW|WFC
RKDA,10,10,-20.85,-30.6,-52.36,2.06,4.725,-4.3100000000000005,-25.575000000000003,-26.29,-54.175,0.0,ADM|AGRO|AVD|BG|BIOX|CTVA|FMC|INGR|MOS|SMG,ADM|AGRO|AVD|BG|BIOX|CTVA|FMC|INGR|MOS|SMG
RKLB,10,10,-10.04,3.31,-46.34,-4.98,-4.71,8.125,-5.329999999999999,-4.8149999999999995,-53.705000000000005,0.2,AIR|AVAV|BA|HEI|KTOS|LMT|NOC|RTX|SPCE|TDY,AIR|AVAV|BA|HEI|KTOS|LMT|NOC|RTX|SPCE|TDY
RKT,10,9,-5.82,5.39,3.93,-3.14,-2.56,0.37,-3.2600000000000002,5.02,-5.49,0.0,BZH|DHI|KBH|LEN|LGIH|MHO|NVR|PHM|TMHC|TOL,BZH|DHI|KBH|LEN|LGIH|MHO|NVR|PHM|TOL
RL,9,9,-4.7,-4.64,12.13,-2.26,-2.66,-10.59,-2.04,5.95,21.310000000000002,0.3333333333333333,COLM|GOOS|LB|NKE|OXM|PVH|TPR|UAA|VFC,COLM|GOOS|LB|NKE|OXM|PVH|TPR|UAA|VFC
RLAY,10,8,-0.8,2.59,51.84,-4.82,6.655,16.295,-7.455,-13.705000000000002,29.500000000000004,0.125,ADPT|BEAM|BLUE|BMRN|CRSP|EDIT|IONQ|NTLA|SGMO|VRTX,ADPT|BEAM|BMRN|CRSP|EDIT|IONQ|NTLA|VRTX
RLGT,10,10,0.58,-3.64,3.31,-0.57,-2.795,-8.435,3.375,4.795,0.5900000000000003,0.9,CHRW|EXP|FDX|JBHT|KNX|LSTR|MATX|R|UPS|XPO,CHRW|EXP|FDX|JBHT|KNX|LSTR|MATX|R|UPS|XPO
RLI,10,10,2.2,10.87,29.26,1.66,-1.075,-3.175,3.2750000000000004,14.044999999999998,27.25,0.9,AIG|CB|CFG|CINF|HIG|MKL|PGR|SIGI|TRV|WRB,AIG|CB|CFG|CINF|HIG|MKL|PGR|SIGI|TRV|WRB
RLJ,10,10,3.97,-7.66,19.97,0.35,2.58,-3.8499999999999996,1.3900000000000001,-3.8100000000000005,4.779999999999998,0.8,AHT|APLE|CLDT|DRH|HST|INN|PEB|PK|SHO|XHR,AHT|APLE|CLDT|DRH|HST|INN|PEB|PK|SHO|XHR
RLMD,10,8,-3.9,-8.7,-36.33,-5.49,1.05,-8.645,-4.95,-0.054999999999999716,-52.66,0.25,ACAD|AXSM|BHVN|CORT|ITCI|NBIX|OVID|SAGE|VKTX|XENE,ACAD|AXSM|BHVN|CORT|NBIX|OVID|VKTX|XENE
RLX,10,9,-9.33,-11.97,-13.65,-0.91,1.68,-0.32,-11.01,-11.65,-9.68,0.0,BATRA|BTI|CRON|KAVL|MO|PM|TPB|UVV|VFF|XXII,BATRA|BTI|CRON|MO|PM|TPB|UVV|VFF|XXII
RLYB,10,9,-1.39,0.63,14.71,-1.62,2.0,2.21,-3.3899999999999997,-1.58,19.6,0.2222222222222222,ADVM|AKBA|ANAB|ARDX|ASMB|AXSM|BCRX|CYTK|VTGN|XERS,AKBA|ANAB|ARDX|ASMB|AXSM|BCRX|CYTK|VTGN|XERS
RM,10,9,0.56,-22.71,-6.0,-2.08,-4.88,-0.48,5.4399999999999995,-22.23,-18.85,1.0,ALLY|ATLC|ENVA|EZPW|FCFS|LC|NAVI|OPRT|PRAA|WRLD,ALLY|ATLC|ENVA|EZPW|FCFS|NAVI|OPRT|PRAA|WRLD
RMAX,10,7,14.24,38.67,48.85,-1.46,-1.11,5.18,15.35,33.49,37.27,1.0,BKNG|COMP|EXPI|HOUS|NMRK|OPEN|RDFN|REAL|TREE|ZG,BKNG|COMP|NMRK|OPEN|REAL|TREE|ZG
RMBI,10,8,-0.55,4.07,9.6,-0.36,-3.21,2.6399999999999997,2.66,1.4300000000000006,-1.549999999999999,1.0,BBT|CATY|CHCO|CUBI|FFWM|FISI|FNWB|HTBK|INDB|SRCE,BBT|CATY|CHCO|CUBI|FISI|FNWB|INDB|SRCE
RMBS,10,10,-7.44,-11.45,-31.16,1.1,-2.7649999999999997,-8.88,-4.675000000000001,-2.5699999999999985,-18.39,0.2,AMD|AVGO|INTC|MCHP|MU|NVDA|NXPI|QCOM|SWKS|TXN,AMD|AVGO|INTC|MCHP|MU|NVDA|NXPI|QCOM|SWKS|TXN
RMCF,10,9,-26.67,22.22,-39.8,-6.92,1.75,10.17,-28.42,12.049999999999999,-56.9,0.0,FRPT|HAIN|HRL|HSY|JJSF|LIND|MDLZ|THC|THS|TR,FRPT|HAIN|HRL|HSY|JJSF|LIND|MDLZ|THC|TR
RMCO,10,9,-11.8,16.96,25.12,-4.61,-0.53,0.93,-11.270000000000001,16.03,28.700000000000003,0.0,ALV|APTV|AXL|BWA|DORM|LEA|MGA|MOD|TEN|VC,ALV|APTV|BWA|DORM|LEA|MGA|MOD|TEN|VC
RMD,10,10,1.97,19.85,10.17,0.15,-0.9199999999999999,8.58,2.8899999999999997,11.270000000000001,-7.225000000000003,0.9,BAX|BDX|COO|EW|HSIC|IART|TFX|VNT|XRAY|ZBH,BAX|BDX|COO|EW|HSIC|IART|TFX|VNT|XRAY|ZBH
RMMZ,0,0,-1.34,-1.37,-0.06,-0.33,,,,,,,,
RMNI,10,10,0.7,16.44,38.77,0.1,2.385,24.735,-1.6849999999999998,-8.294999999999998,22.715000000000003,0.4,ACN|CTSH|DXC|EPAM|G|IBM|INFY|IT|LDOS|SAIC,ACN|CTSH|DXC|EPAM|G|IBM|INFY|IT|LDOS|SAIC
RMR,10,9,-2.57,-1.89,-0.41,-1.15,1.05,-0.9,-3.62,-0.9899999999999999,-2.5300000000000002,0.0,AIV|AVB|CPT|ELS|EQR|ESS|MAA|SUI|UDR|VTR,AIV|AVB|CPT|ELS|ESS|MAA|SUI|UDR|VTR
RMSG,0,0,-4.57,-2.25,-68.67,-0.42,,,,,,,,
RMTI,9,9,-2.49,18.66,-6.95,1.73,1.74,2.24,-4.23,16.42,-8.1,0.3333333333333333,AKBA|ARDX|ASND|CRIS|CRMD|FENC|OPK|PAVM|SGRY,AKBA|ARDX|ASND|CRIS|CRMD|FENC|OPK|PAVM|SGRY
RNA,10,8,9.72,11.16,6.35,-1.33,4.445,4.484999999999999,5.275,6.675000000000001,-2.735000000000001,0.875,ALNY|ARWR|BLUE|EXEL|IONS|MRNA|NBIX|SGMO|SRPT|VRTX,ALNY|ARWR|EXEL|IONS|MRNA|NBIX|SRPT|VRTX
RNAC,10,9,17.95,26.51,57.75,-1.95,6.08,14.93,11.87,11.580000000000002,45.65,1.0,ALNY|ARWR|BLUE|CRSP|EDIT|GILD|IONS|PBYI|SRPT|VRTX,ALNY|ARWR|CRSP|EDIT|GILD|IONS|PBYI|SRPT|VRTX
RNAZ,10,10,-13.51,-64.17,-50.74,-6.23,4.4,13.55,-17.91,-77.72,-72.86,0.0,ALNY|AMGN|BIIB|GILD|INCY|ISRG|MRNA|NBIX|REGN|VRTX,ALNY|AMGN|BIIB|GILD|INCY|ISRG|MRNA|NBIX|REGN|VRTX
RNG,10,10,-2.58,75.33,51.76,0.14,-2.975,19.195,0.395,56.135,41.045,0.7,BAND|CSCO|EGHT|FIVN|LYFT|MSFT|TEAM|TWLO|UBER|ZM,BAND|CSCO|EGHT|FIVN|LYFT|MSFT|TEAM|TWLO|UBER|ZM
RNGR,10,10,0.38,6.72,6.14,-0.71,-0.405,7.295,0.785,-0.5750000000000002,11.809999999999999,0.6,BKR|FET|HAL|HP|NBR|OIS|RES|SLB|TTI|WTTR,BKR|FET|HAL|HP|NBR|OIS|RES|SLB|TTI|WTTR
RNGT,0,0,-0.2,0.1,0.9,0.0,,,,,,,,
RNR,10,9,0.78,0.84,6.37,1.61,-0.85,-1.86,1.63,2.7,3.21,0.6666666666666666,ACGL|AFL|ALL|AWH|MKL|PGR|RLI|SIGI|TRV|WRB,ACGL|AFL|ALL|MKL|PGR|RLI|SIGI|TRV|WRB
RNST,10,9,-4.84,-3.9,1.39,-0.83,-4.23,-0.48,-0.6099999999999994,-3.42,-3.42,0.3333333333333333,COLB|FFIN|FHN|HOMB|PNFP|SHBI|SNV|TRMK|UBSI|WAFD,COLB|FFIN|FHN|HOMB|PNFP|SHBI|TRMK|UBSI|WAFD
RNTX,9,6,2.36,-4.04,-16.86,1.78,5.904999999999999,18.515,-3.5449999999999995,-22.555,-54.815,0.5,AGEN|BLUE|BPMC|CYCN|FATE|MRNA|RXRX|SGMO|SRPT,AGEN|CYCN|FATE|MRNA|RXRX|SRPT
RNW,10,10,0.15,9.49,22.7,0.15,0.34500000000000003,-2.915,-0.19500000000000003,12.405000000000001,22.665,0.5,AEP|AES|D|DUK|ED|EXC|NEE|PCG|SRE|XEL,AEP|AES|D|DUK|ED|EXC|NEE|PCG|SRE|XEL
RNXT,9,7,0.0,45.58,55.54,-4.18,5.97,13.97,-5.97,31.61,43.44,0.14285714285714285,ADVM|ALNY|ARWR|BLUE|CLLS|CRSP|EDIT|FATE|NTLA,ALNY|ARWR|CLLS|CRSP|EDIT|FATE|NTLA
ROAD,10,10,-4.78,8.34,0.36,-2.31,-2.13,-2.6049999999999995,-2.6500000000000004,10.945,5.09,0.2,DY|FIX|FLR|J|KBR|MTZ|MYRG|PRIM|PWR|TPC,DY|FIX|FLR|J|KBR|MTZ|MYRG|PRIM|PWR|TPC
ROCK,10,10,-6.15,3.28,30.64,-4.03,-3.725,6.859999999999999,-2.4250000000000003,-3.5799999999999996,19.05,0.2,AWI|BXC|CRH|CSL|JELD|LII|MAS|OC|SSD|TREX,AWI|BXC|CRH|CSL|JELD|LII|MAS|OC|SSD|TREX
ROG,10,9,-8.82,-7.92,-5.6,-3.18,0.33,4.11,-9.15,-12.030000000000001,-10.36,0.1111111111111111,ASH|AVY|CBT|CC|CE|CF|EMN|ENTG|FUL|IPG,ASH|AVY|CBT|CC|CE|CF|EMN|ENTG|FUL
ROIV,10,10,2.16,6.17,14.36,-0.9,5.175,13.469999999999999,-3.0149999999999997,-7.299999999999999,-7.98,0.1,ALNY|BIIB|BMRN|CRSP|EDIT|INCY|IONS|NBIX|REGN|VRTX,ALNY|BIIB|BMRN|CRSP|EDIT|INCY|IONS|NBIX|REGN|VRTX
ROK,7,7,-1.98,-4.69,0.11,0.79,-5.16,1.61,3.18,-6.300000000000001,-13.17,0.8571428571428571,DOV|EMR|ETN|GE|HON|IEX|IR,DOV|EMR|ETN|GE|HON|IEX|IR
ROKU,10,10,2.02,9.86,26.6,0.21,2.31,11.895,-0.29000000000000004,-2.035,23.445,0.4,AAPL|AMZN|CMCSA|DIS|FOXA|GOOGL|NFLX|SONY|SPOT|T,AAPL|AMZN|CMCSA|DIS|FOXA|GOOGL|NFLX|SONY|SPOT|T
ROL,9,9,-0.64,-17.21,-32.44,-0.72,0.67,2.95,-1.31,-20.16,-44.849999999999994,0.3333333333333333,ABM|CHE|CLH|ECL|HRB|SERV|TER|TNC|UNF,ABM|CHE|CLH|ECL|HRB|SERV|TER|TNC|UNF
ROLR,0,0,-0.61,-15.66,7.2,4.65,,,,,,,,
ROMA,10,10,-8.51,-1.94,7.63,-2.44,-1.78,7.7,-6.7299999999999995,-9.64,0.29000000000000004,0.0,AFCG|ARCC|GLAD|GSBD|HRZN|HTGC|MAIN|OXSQ|PNNT|PSEC,AFCG|ARCC|GLAD|GSBD|HRZN|HTGC|MAIN|OXSQ|PNNT|PSEC
ROOT,10,10,16.38,-1.18,2.56,2.71,-1.025,-0.43000000000000005,17.404999999999998,-0.7499999999999999,-0.5550000000000002,1.0,AFG|ALL|CINF|ERIE|HIG|MCY|MKL|PGR|SIGI|TRV,AFG|ALL|CINF|ERIE|HIG|MCY|MKL|PGR|SIGI|TRV
ROP,10,10,3.17,21.8,26.92,0.68,-4.359999999999999,4.3,7.529999999999999,17.5,12.440000000000001,0.9,DHR|EMR|ETN|GE|HON|IEX|IR|MMM|WAT|XYL,DHR|EMR|ETN|GE|HON|IEX|IR|MMM|WAT|XYL
ROST,10,9,-6.76,-4.12,4.87,-2.67,-4.72,-5.84,-2.04,1.7199999999999998,-8.7,0.4444444444444444,BURL|DG|DLTR|JWN|KSS|M|OLLI|TGT|TJX|WMT,BURL|DG|DLTR|KSS|M|OLLI|TGT|TJX|WMT
RPAY,10,10,-5.87,-1.5,8.91,-2.3,-1.105,6.545,-4.765000000000001,-8.045,-9.044999999999998,0.2,EEFT|EVTC|FIS|GPN|JKHY|MA|PYPL|V|WEX|XYZ,EEFT|EVTC|FIS|GPN|JKHY|MA|PYPL|V|WEX|XYZ
RPD,10,9,-13.72,19.98,62.65,-2.5,-10.52,3.04,-3.200000000000001,16.94,30.82,0.2222222222222222,CHKP|CRWD|CYBR|FTNT|OKTA|PANW|QLYS|TENB|VRNS|ZS,CHKP|CRWD|FTNT|OKTA|PANW|QLYS|TENB|VRNS|ZS
RPGL,0,0,26.37,34.5,-77.88,-4.56,,,,,,,,
RPID,10,10,-1.64,-18.83,-16.81,-1.64,5.49,19.59,-7.13,-38.42,-53.084999999999994,0.1,A|BAX|BIO|DHR|ILMN|MRNA|MTD|PFE|TMO|WAT,A|BAX|BIO|DHR|ILMN|MRNA|MTD|PFE|TMO|WAT
RPM,10,10,-2.93,2.4,11.68,-1.48,0.765,6.725,-3.6950000000000003,-4.324999999999999,1.1400000000000006,0.2,APD|AVY|AXTA|ECL|EMN|FMC|IFF|LIN|PPG|SHW,APD|AVY|AXTA|ECL|EMN|FMC|IFF|LIN|PPG|SHW
RPRX,10,10,4.97,4.69,15.86,-0.42,4.324999999999999,9.885,0.6450000000000005,-5.194999999999999,5.5649999999999995,0.6,ALNY|BIIB|DKNG|EXEL|GILD|INCY|MDGL|NBIX|REGN|VRTX,ALNY|BIIB|DKNG|EXEL|GILD|INCY|MDGL|NBIX|REGN|VRTX
RPT,10,10,0.15,7.49,-8.99,0.08,-0.77,1.57,0.92,5.92,-5.445,0.8,ACRE|ARI|BXMT|CHMI|LADR|NLY|PMT|RC|RWT|STWD,ACRE|ARI|BXMT|CHMI|LADR|NLY|PMT|RC|RWT|STWD
RR,10,8,-9.52,-7.37,-36.74,-4.29,-7.960000000000001,2.0999999999999996,-1.5599999999999987,-9.469999999999999,-51.57000000000001,0.5,BWEN|HURC|IVAC|JCSE|KRNT|LASE|OPTT|SYM|TPIC|XMTR,BWEN|HURC|JCSE|KRNT|LASE|OPTT|SYM|XMTR
RRBI,10,10,-3.75,3.01,11.4,-0.36,-3.9050000000000002,-0.06999999999999998,0.15500000000000025,3.0799999999999996,2.505000000000001,0.5,BOH|CFR|FHB|GABC|HOMB|IBCP|ONB|PNFP|SFBS|TCBI,BOH|CFR|FHB|GABC|HOMB|IBCP|ONB|PNFP|SFBS|TCBI
RRC,9,7,2.19,5.25,-3.08,1.14,7.44,7.37,-5.25,-2.12,-5.15,0.2857142857142857,APA|AR|DVN|EQT|EXE|FANG|HES|MRO|OXY,APA|AR|DVN|EQT|EXE|FANG|OXY
RRGB,10,10,-3.75,34.78,109.42,0.2,-2.115,15.530000000000001,-1.6349999999999998,19.25,95.52,0.3,BJRI|CAKE|DRI|EAT|JACK|MCD|QSR|SHAK|WEN|YUM,BJRI|CAKE|DRI|EAT|JACK|MCD|QSR|SHAK|WEN|YUM
RRR,10,9,-2.92,-5.72,14.84,-1.66,-3.08,-6.11,0.16000000000000014,0.39000000000000057,13.04,0.6666666666666666,BALY|BYD|CHDN|CZR|FLL|GDEN|LVS|MGM|PENN|WYNN,BALY|BYD|CHDN|CZR|FLL|LVS|MGM|PENN|WYNN
RRX,10,10,-1.64,-21.88,-14.04,-1.01,-5.215,-1.69,3.575,-20.189999999999998,-18.835,1.0,AME|DOV|EMR|ETN|HON|IR|ITW|NPO|PNR|ROK,AME|DOV|EMR|ETN|HON|IR|ITW|NPO|PNR|ROK
RS,10,8,-9.23,-0.08,6.53,-3.36,-8.995000000000001,5.51,-0.23499999999999943,-5.59,1.6500000000000004,0.5,ATI|CLF|CMC|GGB|MT|NUE|STLD|TX|X|ZEUS,ATI|CLF|CMC|GGB|MT|NUE|STLD|TX
RSF,0,0,-0.72,-0.34,-0.75,-0.14,,,,,,,,
RSG,8,7,2.72,2.1,4.18,0.02,1.59,2.26,1.1300000000000001,-0.1599999999999997,-3.6100000000000003,0.8571428571428571,CLH|CWST|DAR|GFL|ROL|SRCL|WCN|WM,CLH|CWST|DAR|GFL|ROL|WCN|WM
RSI,10,9,4.67,-17.46,-6.84,0.15,-3.07,-1.1,7.74,-16.36,-8.64,1.0,BALY|BYD|CHDN|CZR|DKNG|GDEN|LVS|MGM|PENN|WYNN,BALY|BYD|CHDN|CZR|DKNG|LVS|MGM|PENN|WYNN
RSKD,10,10,-8.99,16.7,20.04,-2.41,0.88,18.13,-9.870000000000001,-1.4299999999999997,4.399999999999999,0.0,ADBE|BILL|CRM|DOCU|INTU|MA|PYPL|SHOP|V|XYZ,ADBE|BILL|CRM|DOCU|INTU|MA|PYPL|SHOP|V|XYZ
RSSS,10,8,-3.49,0.45,0.91,0.0,1.8399999999999999,4.445,-5.33,-3.995,-9.135,0.0,DNB|ELV|FWONA|MORN|MSCI|RELX|SPGI|TRU|VRSK|WTO,ELV|FWONA|MORN|MSCI|RELX|SPGI|TRU|VRSK
RSVR,10,10,-2.31,-5.26,-4.33,-1.62,0.8799999999999999,1.745,-3.19,-7.005,-8.98,0.1,AAPL|CMCSA|GOOGL|LYV|MSFT|SIRI|SONY|SPOT|TME|WMG,AAPL|CMCSA|GOOGL|LYV|MSFT|SIRI|SONY|SPOT|TME|WMG
RTAC,0,0,0.0,-0.76,0.29,0.1,,,,,,,,
RTO,10,10,-2.93,-21.68,-26.78,-0.62,1.24,2.835,-4.17,-24.515,-32.765,0.1,AWK|CINT|CLH|GFL|ROL|RSG|SERV|TISI|WCN|WM,AWK|CINT|CLH|GFL|ROL|RSG|SERV|TISI|WCN|WM
RTX,10,9,-1.75,11.16,23.89,-1.65,-3.63,3.86,1.88,7.300000000000001,26.36,0.7777777777777778,BA|GD|HII|HON|LHX|LMT|NOC|SPR|TDG|TXT,BA|GD|HII|HON|LHX|LMT|NOC|TDG|TXT
RUBI,0,0,-9.18,-24.89,-91.18,1.14,,,,,,,,
RUM,10,10,7.75,32.1,10.24,-2.35,0.79,9.36,6.96,22.740000000000002,19.645,0.8,FUBO|GOOGL|META|NFLX|PINS|RBLX|ROKU|SNAP|SPOT|UPXI,FUBO|GOOGL|META|NFLX|PINS|RBLX|ROKU|SNAP|SPOT|UPXI
RUN,9,7,-5.43,-14.84,-31.88,-4.9,-3.19,-3.89,-2.2399999999999998,-10.95,-15.959999999999999,0.14285714285714285,AY|CSIQ|ENPH|FSLR|JKS|NEE|NOVA|ORA|SEDG,CSIQ|ENPH|FSLR|JKS|NEE|ORA|SEDG
RUSHA,10,10,-5.59,1.95,11.28,-0.63,-3.105,-8.57,-2.485,10.52,6.885,0.1,CMI|JBHT|KNX|OSK|PCAR|R|SAIA|SNDR|TTC|WERN,CMI|JBHT|KNX|OSK|PCAR|R|SAIA|SNDR|TTC|WERN
RVLV,10,10,-0.33,-5.08,29.12,0.92,2.325,5.98,-2.6550000000000002,-11.06,21.135,0.4,AMZN|BABA|CHWY|ETSY|JD|MELI|PDD|REAL|SFIX|SHOP,AMZN|BABA|CHWY|ETSY|JD|MELI|PDD|REAL|SFIX|SHOP
RVMD,10,10,4.0,14.78,39.75,-2.17,5.37,13.5,-1.37,1.2799999999999994,17.63,0.1,AMGN|BIIB|BMY|EXEL|GILD|ILMN|MRNA|PFE|REGN|VRTX,AMGN|BIIB|BMY|EXEL|GILD|ILMN|MRNA|PFE|REGN|VRTX
RVP,10,9,7.53,7.34,9.94,1.39,0.75,13.62,6.78,-6.279999999999999,-0.23000000000000043,1.0,ABT|BDX|BSX|EW|HOLX|PEN|STE|SYK|TMO|ZBH,ABT|BDX|BSX|EW|PEN|STE|SYK|TMO|ZBH
RVSB,10,10,-3.58,-3.21,-6.74,0.59,-3.87,-0.11000000000000001,0.29000000000000004,-3.1,-19.064999999999998,0.5,BANF|BOH|CAC|CHCO|CVBF|GBCI|HOPE|PCB|SFBS|WSBC,BANF|BOH|CAC|CHCO|CVBF|GBCI|HOPE|PCB|SFBS|WSBC
RVSN,10,10,10.69,20.65,3.9,-8.28,1.175,1.56,9.514999999999999,19.09,-7.484999999999999,1.0,CNI|CP|CSX|GBX|JBHT|NSC|RAIL|TRN|UNP|WAB,CNI|CP|CSX|GBX|JBHT|NSC|RAIL|TRN|UNP|WAB
RVTY,8,8,4.68,11.27,29.74,2.97,5.640000000000001,16.42,-0.9600000000000009,-5.150000000000002,-5.525000000000002,0.375,A|BIO|BRKR|DHR|ILMN|MTD|TMO|WAT,A|BIO|BRKR|DHR|ILMN|MTD|TMO|WAT
RWAY,10,10,-5.69,19.51,3.35,-1.15,-1.655,7.7,-4.035,11.810000000000002,-1.2600000000000002,0.0,ARCC|FDUS|GAIN|GSBD|HTGC|MAIN|PNNT|PSEC|TCPC|TPVG,ARCC|FDUS|GAIN|GSBD|HTGC|MAIN|PNNT|PSEC|TCPC|TPVG
RWT,10,10,-1.06,-7.1,-10.79,-2.38,-0.065,-0.29500000000000004,-0.9950000000000001,-6.805,-9.559999999999999,0.3,AGNC|ARR|CIM|DX|HTGC|IVR|MFA|NLY|ORC|TWO,AGNC|ARR|CIM|DX|HTGC|IVR|MFA|NLY|ORC|TWO
RXO,10,10,-6.73,-24.22,-8.8,-1.98,-3.035,-9.94,-3.6950000000000003,-14.28,-9.83,0.0,CHRW|EXPD|FDX|JBHT|KNX|LSTR|MRTN|SAIA|SNDR|UPS,CHRW|EXPD|FDX|JBHT|KNX|LSTR|MRTN|SAIA|SNDR|UPS
RXRX,10,10,1.21,12.42,13.18,-4.29,6.779999999999999,14.45,-5.569999999999999,-2.0299999999999994,-11.899999999999999,0.1,ABCL|BEAM|CRSP|DNLI|EDIT|NBIX|NTLA|RGNX|SDGR|VRTX,ABCL|BEAM|CRSP|DNLI|EDIT|NBIX|NTLA|RGNX|SDGR|VRTX
RXST,10,10,-12.48,13.82,-0.41,-0.41,-1.725,8.85,-10.755,4.970000000000001,-8.09,0.0,ALGN|BAX|BSX|EW|ICUI|MDT|STAA|SYK|TFX|XRAY,ALGN|BAX|BSX|EW|ICUI|MDT|STAA|SYK|TFX|XRAY
RXT,10,10,-25.1,-22.21,-19.49,-5.56,-2.49,11.555,-22.61,-33.765,-24.095,0.0,ACN|AMZN|CSCO|DELL|GOOGL|HPE|IBM|MSFT|NTNX|ORCL,ACN|AMZN|CSCO|DELL|GOOGL|HPE|IBM|MSFT|NTNX|ORCL
RY,10,9,-5.02,-3.42,9.08,-1.64,-3.9,-2.88,-1.1199999999999997,-0.54,-2.6099999999999994,0.2222222222222222,BAC|BK|C|GS|JPM|MS|PNC|TD|USB|WFC,BAC|C|GS|JPM|MS|PNC|TD|USB|WFC
RYAAY,9,8,-7.47,-6.27,-3.76,-0.11,-10.785,-9.004999999999999,3.3150000000000004,2.7349999999999994,-6.67,1.0,AAL|ALGT|ALK|DAL|JBLU|LUV|SAVE|SKYW|UAL,AAL|ALGT|ALK|DAL|JBLU|LUV|SKYW|UAL
RYAM,10,9,2.61,-4.1,1.88,-0.93,-0.83,7.06,3.44,-11.16,-16.98,0.8888888888888888,BDC|CLW|DOW|GLT|IP|MYE|NOV|PKG|SON|WMS,BDC|CLW|DOW|IP|MYE|NOV|PKG|SON|WMS
RYAN,10,10,0.48,9.51,30.26,1.84,0.315,-0.555,0.16499999999999998,10.065,18.635,0.5,AJG|AON|BRO|CNA|EHTH|HIG|L|MRSH|PGR|TRV,AJG|AON|BRO|CNA|EHTH|HIG|L|MRSH|PGR|TRV
RYDE,10,10,-6.32,25.16,-10.56,-4.53,0.165,14.95,-6.485,10.21,-37.5,0.0,ABNB|BKKT|BKNG|DASH|EXPE|GRAB|HOOD|LYFT|RIVN|UBER,ABNB|BKKT|BKNG|DASH|EXPE|GRAB|HOOD|LYFT|RIVN|UBER
RYET,0,0,-1.43,2.48,3.5,-1.43,,,,,,,,
RYM,10,10,-2.48,1.98,-15.34,5.72,-0.8,22.415,-1.68,-20.435,-19.035,0.3,ACB|CGC|CRON|GRWG|HYFM|OGI|SMG|SNDL|TLRY|VFF,ACB|CGC|CRON|GRWG|HYFM|OGI|SMG|SNDL|TLRY|VFF
RYN,10,9,-0.68,0.39,6.84,0.68,-1.42,2.24,0.7399999999999999,-1.85,-0.6000000000000005,0.5555555555555556,BCPC|BLDR|GPK|GVA|LPX|PCH|PKG|SLGN|UFPI|WY,BCPC|BLDR|GPK|GVA|LPX|PKG|SLGN|UFPI|WY
RYOJ,0,0,-10.34,-6.1,112.71,-9.76,,,,,,,,
RYTM,10,10,-4.03,7.09,22.84,-3.79,4.27,5.92,-8.3,1.17,13.594999999999999,0.1,LLY|MRK|NBIX|NVO|PFE|SNY|TAK|VRTX|VTRS|XENE,LLY|MRK|NBIX|NVO|PFE|SNY|TAK|VRTX|VTRS|XENE
RZLT,9,6,2.07,-6.1,45.81,-0.53,0.6599999999999999,-5.285,1.41,-0.8149999999999995,39.545,0.6666666666666666,ASND|IMTX|KRYS|LGND|RAPT|RKDA|SVRA|SWTX|UBX,ASND|IMTX|KRYS|LGND|RKDA|SVRA
RZLV,10,10,-7.55,6.06,-1.21,-2.26,0.4,26.060000000000002,-7.95,-20.000000000000004,-12.184999999999999,0.1,ADBE|CRM|GOOGL|IBM|INTU|MSFT|NOW|ORCL|SAP|WDAY,ADBE|CRM|GOOGL|IBM|INTU|MSFT|NOW|ORCL|SAP|WDAY
S,10,9,-11.79,15.41,17.02,-1.37,-10.52,3.04,-1.2699999999999996,12.370000000000001,-14.809999999999999,0.3333333333333333,CHKP|CRWD|CYBR|FTNT|OKTA|PANW|QLYS|TENB|VRNS|ZS,CHKP|CRWD|FTNT|OKTA|PANW|QLYS|TENB|VRNS|ZS
SA,10,10,5.13,23.79,17.98,0.89,12.16,27.715,-7.03,-3.9250000000000007,3.1750000000000007,0.1,AEM|AGI|B|BVN|CDE|EXK|KGC|NEM|PAAS|SSRM,AEM|AGI|B|BVN|CDE|EXK|KGC|NEM|PAAS|SSRM
SABR,10,10,-5.87,25.32,31.66,-1.18,0.68,1.995,-6.55,23.325,29.785,0.1,ABNB|BKNG|BYD|CHH|EXPE|H|HLT|MAR|TCOM|TRIP,ABNB|BKNG|BYD|CHH|EXPE|H|HLT|MAR|TCOM|TRIP
SABS,10,9,-1.73,2.93,0.14,-2.51,5.83,10.29,-7.5600000000000005,-7.359999999999999,-11.719999999999999,0.1111111111111111,AFMD|ALLO|FATE|GILD|IONS|KOD|NKTR|ONC|PBYI|TGTX,ALLO|FATE|GILD|IONS|KOD|NKTR|ONC|PBYI|TGTX
SACH,10,10,-1.9,-7.94,-36.36,-1.79,-0.65,0.8400000000000001,-1.25,-8.780000000000001,-32.37,0.2,ABR|AGNC|ARI|BXMT|CIM|LADR|NLY|RC|STWD|TWO,ABR|AGNC|ARI|BXMT|CIM|LADR|NLY|RC|STWD|TWO
SAFE,10,9,-1.83,-8.84,3.59,-0.09,-0.7,-2.51,-1.1300000000000001,-6.33,1.38,0.0,ADC|CUBE|EPR|EXR|FCPT|NNN|NSA|O|PSA|WPC,ADC|CUBE|EPR|EXR|FCPT|NNN|O|PSA|WPC
SAFT,10,10,0.02,42.9,42.17,0.04,-0.8,0.9750000000000001,0.8200000000000001,41.925,34.415,0.7,AFG|ALL|CINF|HRTG|KMPR|PGR|RLI|SIGI|TRV|WRB,AFG|ALL|CINF|HRTG|KMPR|PGR|RLI|SIGI|TRV|WRB
SAFX,0,0,-21.33,-17.08,-10.43,3.27,,,,,,,,
SAGT,0,0,-8.76,-27.18,-29.82,-7.66,,,,,,,,
SAH,9,9,-0.97,-22.21,6.49,-0.49,-1.42,2.22,0.44999999999999996,-24.43,-4.789999999999999,0.5555555555555556,ABG|AN|CVNA|CWH|GPI|KMX|LAD|PAG|RUSHA,ABG|AN|CVNA|CWH|GPI|KMX|LAD|PAG|RUSHA
SAIA,10,10,-5.05,-15.31,-22.6,0.54,-4.285,-10.23,-0.7649999999999997,-5.08,-20.18,0.2,ARCB|HTLD|JBHT|KNX|LSTR|ODFL|SNDR|TFII|WERN|XPO,ARCB|HTLD|JBHT|KNX|LSTR|ODFL|SNDR|TFII|WERN|XPO
SAIC,10,10,-0.25,8.96,30.87,-1.78,-1.94,7.325,1.69,1.6350000000000007,28.86,0.7,BA|BAH|CACI|GD|HON|LDOS|LHX|LMT|MMS|NOC,BA|BAH|CACI|GD|HON|LDOS|LHX|LMT|MMS|NOC
SAIH,10,8,17.89,69.37,96.25,3.88,4.779999999999999,-10.4,13.110000000000001,79.77000000000001,116.53,0.875,APLD|ARBK|BITF|BTBT|CAN|CLSK|HUT|MARA|RIOT|SDIG,APLD|ARBK|BTBT|CAN|CLSK|HUT|MARA|RIOT
SAIL,0,0,-6.6,26.32,24.64,-2.71,,,,,,,,
SAM,10,10,2.32,8.75,3.11,1.14,-1.06,3.3200000000000003,3.38,5.43,-3.53,0.9,ABEV|BF-B|BUD|CCU|DEO|EPC|KDP|NWL|STZ|TAP,ABEV|BF-B|BUD|CCU|DEO|EPC|KDP|NWL|STZ|TAP
SAMG,10,9,-1.23,-0.45,-14.94,-1.52,-2.31,3.64,1.08,-4.09,-25.9,0.7777777777777778,AMP|BEN|BLK|IVZ|JHG|MS|NTRS|PFG|STT|TROW,AMP|BEN|BLK|IVZ|MS|NTRS|PFG|STT|TROW
SAN,10,10,-4.3,2.95,14.26,-0.14,-2.475,0.20499999999999996,-1.8249999999999997,2.745,6.385,0.3,BAP|BBD|BBVA|BCH|BSAC|BSBR|GGAL|ITUB|SHG|WF,BAP|BBD|BBVA|BCH|BSAC|BSBR|GGAL|ITUB|SHG|WF
SANA,10,9,4.36,22.76,23.15,-6.59,7.67,10.99,-3.3099999999999996,11.770000000000001,12.679999999999998,0.2222222222222222,BEAM|CABA|CRBU|EDIT|MGTX|NTLA|PGEN|PRME|TSHA|VERV,BEAM|CABA|CRBU|EDIT|MGTX|NTLA|PGEN|PRME|TSHA
SANG,9,9,-0.75,-2.81,9.04,-2.69,-2.97,12.59,2.22,-15.4,3.869999999999999,0.6666666666666666,BAND|CALX|CAMP|CASS|EGHT|FIVN|NBIX|OOMA|RNG,BAND|CALX|CAMP|CASS|EGHT|FIVN|NBIX|OOMA|RNG
SANM,10,10,-7.65,-12.24,-17.48,-1.93,-12.77,-8.225,5.119999999999999,-4.015000000000001,-12.895,0.8,APH|AVT|CLS|FLEX|IPGP|JBL|MRCY|PENG|TEL|TTMI,APH|AVT|CLS|FLEX|IPGP|JBL|MRCY|PENG|TEL|TTMI
SAP,10,10,3.59,45.74,20.51,0.6,-0.8300000000000001,24.105,4.42,21.635,14.005000000000003,1.0,ADBE|AMZN|CRM|CSCO|IBM|INTU|MSFT|NOW|ORCL|WDAY,ADBE|AMZN|CRM|CSCO|IBM|INTU|MSFT|NOW|ORCL|WDAY
SAR,10,10,-4.5,-3.61,-15.9,-0.69,-2.15,8.885,-2.35,-12.495,-20.84,0.2,ARCC|CGBD|FSK|GSBD|HTGC|MAIN|PFLT|PNNT|SLRC|TCPC,ARCC|CGBD|FSK|GSBD|HTGC|MAIN|PFLT|PNNT|SLRC|TCPC
SARO,0,0,-5.8,-7.37,-3.49,-3.26,,,,,,,,
SATL,10,8,-12.15,37.8,-46.76,-6.43,-9.355,2.255,-2.795,35.544999999999995,-24.61,0.25,ASTS|BWXT|GSAT|IRDM|LLAP|PL|RDW|SATS|SPIR|VSAT,ASTS|BWXT|GSAT|IRDM|PL|RDW|SPIR|VSAT
SB,10,10,8.02,12.57,20.07,1.41,4.715,7.835000000000001,3.3049999999999997,4.734999999999999,13.940000000000001,1.0,ASC|CCEC|CMRE|DSX|GNK|GOGL|KNOP|NMM|SBLK|SHIP,ASC|CCEC|CMRE|DSX|GNK|GOGL|KNOP|NMM|SBLK|SHIP
SBAC,9,8,-2.14,2.35,-12.29,-0.14,-0.65,3.62,-1.4900000000000002,-1.27,-10.975,0.375,AMT|CCI|CNSL|DLR|EQIX|HASI|IRDM|LUMN|UNIT,AMT|CCI|DLR|EQIX|HASI|IRDM|LUMN|UNIT
SBC,0,0,13.64,23.72,12.23,-6.33,,,,,,,,
SBCF,10,9,-3.65,3.71,13.06,-1.4,-4.31,-0.29,0.6599999999999997,4.0,3.700000000000001,0.6666666666666666,ASB|BANC|BANF|CUBI|FFWM|FULT|HOPE|OPBK|TCBK|TRST,ASB|BANC|BANF|CUBI|FULT|HOPE|OPBK|TCBK|TRST
SBET,10,9,19.14,19.14,18.95,6.24,-1.13,-1.1,20.27,20.240000000000002,11.469999999999999,1.0,AGYS|BALY|CHDN|CZR|DKNG|GAN|LVS|MGM|PENN|RSI,AGYS|BALY|CHDN|CZR|DKNG|LVS|MGM|PENN|RSI
SBEV,10,10,1.67,7.08,-50.09,-2.31,2.08,5.175,-0.41000000000000014,1.9050000000000002,-56.365,0.2,BF-B|CCU|CELH|FIZZ|KDP|KO|MNST|PEP|SAM|TAP,BF-B|CCU|CELH|FIZZ|KDP|KO|MNST|PEP|SAM|TAP
SBFG,10,10,-1.12,2.6,24.18,1.75,-4.625,-2.6550000000000002,3.505,5.255000000000001,15.120000000000001,1.0,CFR|CUBI|FBK|FITB|FNB|FULT|HBAN|KEY|ONB|PNC,CFR|CUBI|FBK|FITB|FNB|FULT|HBAN|KEY|ONB|PNC
SBFM,10,10,-5.79,-37.54,-69.22,-3.38,4.455,11.545,-10.245000000000001,-49.085,-83.63,0.0,ALNY|AMGN|BIIB|EXEL|GILD|INCY|MDGL|NBIX|REGN|VRTX,ALNY|AMGN|BIIB|EXEL|GILD|INCY|MDGL|NBIX|REGN|VRTX
SBGI,10,9,-0.72,2.44,5.09,-2.75,0.61,11.98,-1.33,-9.540000000000001,-0.7700000000000005,0.4444444444444444,AMCX|CHTR|CMCSA|FOXA|FWONA|GTN|NXST|SIRI|SSP|TGNA,AMCX|CHTR|CMCSA|FOXA|FWONA|GTN|NXST|SIRI|SSP
SBH,10,10,-1.94,10.71,28.93,-3.08,-0.06,3.6550000000000002,-1.88,7.055000000000001,9.29,0.2,COTY|DOCU|EL|EPC|HELE|HLF|LFVN|MED|SAH|ULTA,COTY|DOCU|EL|EPC|HELE|HLF|LFVN|MED|SAH|ULTA
SBLK,10,10,5.81,13.6,13.94,0.8,4.93,11.705,0.8799999999999999,1.8949999999999996,5.469999999999999,0.5,CMRE|DAC|DSX|ESEA|GNK|GOGL|NMM|SB|SFL|SHIP,CMRE|DAC|DSX|ESEA|GNK|GOGL|NMM|SB|SFL|SHIP
SBR,10,9,-0.01,-1.7,-6.35,0.61,3.2,4.64,-3.21,-6.34,-6.659999999999999,0.1111111111111111,BSM|CRT|DMLP|KRP|MTR|MVO|PBT|PVL|SJT|VOC,BSM|CRT|DMLP|KRP|MTR|PBT|PVL|SJT|VOC
SBRA,10,8,2.69,-5.86,-1.75,0.73,2.25,-5.195,0.43999999999999995,-0.665,-3.175,0.5,DOC|HCP|HR|LTC|MPW|NHI|OHI|UHT|VTR|WELL,DOC|HR|LTC|NHI|OHI|UHT|VTR|WELL
SBS,10,10,-3.19,-22.29,-22.69,-0.88,1.495,3.96,-4.6850000000000005,-26.25,-35.86,0.1,ARTNA|AWK|AWR|CWCO|CWT|GDC|HTO|MSEX|WTRG|YORW,ARTNA|AWK|AWR|CWCO|CWT|GDC|HTO|MSEX|WTRG|YORW
SBSI,10,8,-4.21,-7.6,-3.39,-2.1,-2.855,-1.19,-1.355,-6.41,-9.455,0.25,BOH|CFR|FFIN|HOMB|HTLF|IBTX|PB|SFNC|TCBI|WTFC,BOH|CFR|FFIN|HOMB|PB|SFNC|TCBI|WTFC
SBSW,10,10,12.49,34.42,-0.43,1.77,13.325,29.93,-0.8349999999999991,4.490000000000002,-16.265,0.4,AEM|AU|B|FNV|HL|KGC|NEM|PAAS|RGLD|WPM,AEM|AU|B|FNV|HL|KGC|NEM|PAAS|RGLD|WPM
SBUX,10,10,-4.84,-0.66,-3.01,-1.59,-1.8499999999999999,7.195,-2.99,-7.855,-9.6,0.2,CAKE|CMG|DPZ|DRI|MCD|PZZA|QSR|TXRH|WEN|YUM,CAKE|CMG|DPZ|DRI|MCD|PZZA|QSR|TXRH|WEN|YUM
SBXD,0,0,0.27,-0.09,0.55,0.09,,,,,,,,
SCAG,0,0,-19.26,-22.27,-53.57,-8.89,,,,,,,,
SCCO,10,10,4.22,1.22,13.65,0.41,7.085,16.94,-2.865,-15.72,0.8650000000000002,0.4,AG|BHP|CDE|FCX|HL|NEM|RIO|SVM|TGB|VALE,AG|BHP|CDE|FCX|HL|NEM|RIO|SVM|TGB|VALE
SCHL,10,9,-2.82,-12.82,3.0,-0.76,-0.95,1.36,-1.8699999999999999,-14.18,-2.24,0.1111111111111111,APEI|ATGE|CHGG|COUR|EDU|GHC|LAUR|LRN|NERV|PSO,APEI|CHGG|COUR|EDU|GHC|LAUR|LRN|NERV|PSO
SCHW,10,9,0.85,10.12,23.18,0.09,-3.18,1.65,4.03,8.469999999999999,11.49,1.0,AMP|BAC|BK|C|GS|JPM|MS|NTRS|RJF|WFC,AMP|BAC|C|GS|JPM|MS|NTRS|RJF|WFC
SCI,10,9,0.89,8.42,8.15,0.78,-3.74,2.21,4.63,6.21,-0.9599999999999991,0.6666666666666666,CSV|CTBI|CVI|EVRI|HASI|MATW|NPO|PRAA|PRSU|RMAX,CSV|CTBI|CVI|HASI|MATW|NPO|PRAA|PRSU|RMAX
SCKT,10,10,-49.28,44.31,-18.86,2.16,-7.675,-4.805,-41.605000000000004,49.115,9.524999999999999,0.1,CRUS|DIOD|HIMX|MTSI|MVIS|OLED|ON|PLAB|QRVO|SYNA,CRUS|DIOD|HIMX|MTSI|MVIS|OLED|ON|PLAB|QRVO|SYNA
SCL,10,10,-2.74,7.72,25.15,-0.61,0.12000000000000001,6.725,-2.8600000000000003,0.9950000000000001,22.08,0.3,ALB|ASH|AVNT|AXTA|CE|DD|ECL|EMN|FMC|FUL,ALB|ASH|AVNT|AXTA|CE|DD|ECL|EMN|FMC|FUL
SCLX,9,9,-18.4,-21.76,46.98,-2.65,5.88,13.28,-24.279999999999998,-35.04,28.559999999999995,0.0,ABBV|AMPH|BHC|MRK|NBIX|PFE|PRGO|RDY|TEVA,ABBV|AMPH|BHC|MRK|NBIX|PFE|PRGO|RDY|TEVA
SCM,10,10,-3.25,21.24,-5.59,-1.26,-1.8,6.615,-1.45,14.624999999999998,-10.2,0.3,ARCC|FDUS|GAIN|GSBD|HTGC|MAIN|NMFC|PSEC|SLRC|TCPC,ARCC|FDUS|GAIN|GSBD|HTGC|MAIN|NMFC|PSEC|SLRC|TCPC
SCNI,10,10,16.63,10.55,-41.38,2.15,4.720000000000001,14.605,11.909999999999998,-4.055,-62.64,0.8,AMGN|BMY|BNTX|GILD|JNJ|MRNA|NVAX|PFE|REGN|VRTX,AMGN|BMY|BNTX|GILD|JNJ|MRNA|NVAX|PFE|REGN|VRTX
SCNX,10,9,0.73,17.1,19.37,-1.2,-0.66,4.54,1.3900000000000001,12.560000000000002,6.610000000000001,0.6666666666666666,AHCO|CAH|COR|CVS|EHTH|HCSG|HSIC|MCK|OPRT|WBA,AHCO|CAH|COR|CVS|EHTH|HCSG|HSIC|MCK|OPRT
SCOR,10,10,-12.85,-32.78,-19.36,-3.29,-3.805,11.325,-9.045,-44.105000000000004,-42.519999999999996,0.1,ACIW|APPS|EVLV|FLNT|FUBO|MGNI|PERI|PUBM|ROKU|TTD,ACIW|APPS|EVLV|FLNT|FUBO|MGNI|PERI|PUBM|ROKU|TTD
SCSC,10,10,15.81,10.55,40.61,17.86,-3.25,-1.3350000000000002,19.060000000000002,11.885000000000002,34.075,1.0,ARW|AVT|CDW|GLW|HSIC|IT|NSIT|PLXS|SNX|SYNX,ARW|AVT|CDW|GLW|HSIC|IT|NSIT|PLXS|SNX|SYNX
SCWO,10,10,-4.37,16.99,2.55,-3.21,0.505,3.67,-4.875,13.319999999999999,-10.239999999999998,0.2,ARTNA|AWK|AWR|CWCO|CWT|MSEX|PNR|WTRG|XYL|YORW,ARTNA|AWK|AWR|CWCO|CWT|MSEX|PNR|WTRG|XYL|YORW
SCYX,10,10,1.56,31.48,-2.67,0.97,5.025,11.085,-3.4650000000000003,20.395,-24.475,0.0,ABBV|BMY|GILD|GSK|JNJ|LLY|MRK|PFE|REGN|VRTX,ABBV|BMY|GILD|GSK|JNJ|LLY|MRK|PFE|REGN|VRTX
SD,10,8,3.23,2.71,-7.35,1.41,8.595,9.075,-5.365,-6.364999999999999,-14.175,0.125,APA|COP|DVN|EOG|EXE|FANG|HES|MRO|OXY|SM,APA|COP|DVN|EOG|EXE|FANG|OXY|SM
SDA,10,9,-2.74,-7.48,33.11,0.36,-5.79,-5.71,3.05,-1.7700000000000005,55.97,0.6666666666666666,BEEM|BLNK|CHPT|EVGO|PLUG|QS|RIVN|SBLX|TE|WBX,BEEM|BLNK|CHPT|EVGO|PLUG|QS|RIVN|TE|WBX
SDGR,10,9,6.35,30.63,59.36,-1.1,5.83,12.01,0.5199999999999996,18.619999999999997,42.4,0.6666666666666666,BIIB|BMRN|EXEL|GILD|INCY|IONS|NBIX|REGN|SAGE|VRTX,BIIB|BMRN|EXEL|GILD|INCY|IONS|NBIX|REGN|VRTX
SDHC,10,9,-7.85,-10.99,14.24,-2.12,-2.54,-0.07,-5.31,-10.92,4.82,0.1111111111111111,BZH|DHI|HOV|KBH|LEN|MTH|NVR|PHM|TMHC|TOL,BZH|DHI|HOV|KBH|LEN|MTH|NVR|PHM|TOL
SDHI,0,0,0.67,1.05,1.54,0.52,,,,,,,,
SDHY,0,0,0.06,0.81,2.4,-0.31,,,,,,,,
SDOT,10,10,-25.16,-59.37,131.85,-5.5,5.3,-1.12,-30.46,-58.25,127.195,0.0,ADM|AGRO|BG|CARG|CF|FMC|INGR|MOS|NTR|SMG,ADM|AGRO|BG|CARG|CF|FMC|INGR|MOS|NTR|SMG
SDRL,9,9,1.95,6.93,-10.92,3.6,4.81,9.11,-2.8599999999999994,-2.1799999999999997,-18.75,0.2222222222222222,CVX|HAL|HP|NBR|NE|OII|RIG|TDW|XOM,CVX|HAL|HP|NBR|NE|OII|RIG|TDW|XOM
SDST,10,10,-11.59,-65.84,-72.29,-1.62,0.09000000000000002,-4.0600000000000005,-11.68,-61.78,-71.53,0.0,AEP|D|DUK|ED|ES|ETR|NEE|PEG|SO|XEL,AEP|D|DUK|ED|ES|ETR|NEE|PEG|SO|XEL
SE,10,10,-5.41,11.22,34.77,-2.0,0.16,3.285,-5.57,7.9350000000000005,39.605000000000004,0.2,AMZN|BABA|BIDU|EBAY|ETSY|JD|MELI|PDD|SHOP|TME,AMZN|BABA|BIDU|EBAY|ETSY|JD|MELI|PDD|SHOP|TME
SEAT,10,9,-5.31,-3.14,-16.09,-3.14,2.02,9.86,-7.33,-13.0,-19.08,0.1111111111111111,CMCSA|DIS|EB|IQ|LYV|NFLX|ROKU|SPOT|TME|WMG,CMCSA|DIS|IQ|LYV|NFLX|ROKU|SPOT|TME|WMG
SEB,10,9,3.11,-5.01,-12.18,-0.07,0.81,2.73,2.3,-7.74,-22.46,0.6666666666666666,BRFS|CAG|CALM|HRL|KHC|MDLZ|PPC|SYY|TSN|USFD,CAG|CALM|HRL|KHC|MDLZ|PPC|SYY|TSN|USFD
SEDG,10,8,-4.2,-35.61,-45.16,-5.4,-4.525,-4.04,0.3250000000000002,-31.57,-18.584999999999997,0.5,ARRY|CSIQ|DQ|ENPH|FSLR|JKS|MAXN|NOVA|RUN|SHLS,ARRY|CSIQ|DQ|ENPH|FSLR|JKS|RUN|SHLS
SEED,10,9,-0.01,3.95,-7.09,2.93,5.94,-0.25,-5.95,4.2,-8.76,0.1111111111111111,AGRO|AVD|CF|ENFY|FMC|IPI|MOS|NTR|SMG|UAN,AGRO|AVD|CF|FMC|IPI|MOS|NTR|SMG|UAN
SEER,10,9,-2.03,-0.61,22.46,0.36,6.74,13.72,-8.77,-14.33,-30.490000000000002,0.0,CDNA|EXAS|GH|ILMN|NDAQ|NEO|PACB|QGEN|TWST|TXG,CDNA|GH|ILMN|NDAQ|NEO|PACB|QGEN|TWST|TXG
SEG,10,10,-7.79,1.82,10.15,-2.04,1.9499999999999997,11.895,-9.74,-10.075,1.1099999999999994,0.1,AMCX|CMCSA|DIS|IMAX|LYV|NFLX|NWSA|PARA|RDI|WBD,AMCX|CMCSA|DIS|IMAX|LYV|NFLX|NWSA|PARA|RDI|WBD
SEGG,10,9,7.22,-43.9,-82.14,1.17,-0.8,3.3,8.02,-47.199999999999996,-89.09,1.0,BRSL|BYD|CHDN|CNTY|CZR|EVRI|LVS|MCRI|MGM|WYNN,BRSL|BYD|CHDN|CNTY|CZR|LVS|MCRI|MGM|WYNN
SEI,10,10,-7.6,-12.2,-22.53,-6.01,0.09,5.46,-7.6899999999999995,-17.66,-12.73,0.0,BKR|CLB|HAL|LBRT|OIS|PTEN|PUMP|RES|SLB|WFRD,BKR|CLB|HAL|LBRT|OIS|PTEN|PUMP|RES|SLB|WFRD
SEIC,10,9,2.22,10.13,19.81,1.32,-2.15,4.6,4.37,5.530000000000001,1.5700000000000003,1.0,AMP|BEN|BLK|FHI|IVZ|JHG|NTRS|STT|TROW|VOYA,AMP|BEN|BLK|FHI|IVZ|NTRS|STT|TROW|VOYA
SELF,10,9,4.65,6.51,3.85,-0.18,-0.87,1.67,5.5200000000000005,4.84,0.0900000000000003,1.0,BLNE|CUBE|EGP|EXR|FR|NSA|PSA|REXR|STAG|WY,BLNE|CUBE|EGP|EXR|FR|PSA|REXR|STAG|WY
SENEA,10,9,-0.15,17.33,38.12,0.72,1.87,6.6,-2.02,10.729999999999999,21.019999999999996,0.2222222222222222,CAG|CPB|GIS|HRL|HSY|K|MKC|POST|SJM|TSN,CAG|CPB|GIS|HRL|HSY|MKC|POST|SJM|TSN
SENS,10,9,16.04,84.57,57.09,-1.54,-1.16,14.29,17.2,70.28,37.370000000000005,1.0,ABT|BAX|BSX|DXCM|HOLX|LIVN|MDT|PODD|SYK|TNDM,ABT|BAX|BSX|DXCM|LIVN|MDT|PODD|SYK|TNDM
SEPN,0,0,-7.8,21.7,48.59,-5.26,,,,,,,,
SER,10,10,-5.26,24.42,58.82,-0.74,4.720000000000001,12.719999999999999,-9.98,11.700000000000003,37.015,0.0,AMGN|BIIB|BMY|GILD|JNJ|LLY|MRK|PFE|REGN|VRTX,AMGN|BIIB|BMY|GILD|JNJ|LLY|MRK|PFE|REGN|VRTX
SERA,10,9,3.19,-0.28,17.85,4.23,4.4,14.6,-1.2100000000000004,-14.879999999999999,-13.139999999999997,0.3333333333333333,BIO|CDNA|EXAS|GH|ILMN|NTRA|ONC|QDEL|RCKT|VERU,BIO|CDNA|GH|ILMN|NTRA|ONC|QDEL|RCKT|VERU
SERV,10,10,-6.48,-12.99,-44.87,-3.36,-5.175000000000001,-4.51,-1.3049999999999997,-8.48,-52.644999999999996,0.4,AME|AOS|CR|CXT|GGG|KRNT|ROK|RR|SYM|XMTR,AME|AOS|CR|CXT|GGG|KRNT|ROK|RR|SYM|XMTR
SES,10,10,-18.0,-14.98,-51.77,-8.42,-5.720000000000001,-2.75,-12.28,-12.23,-31.355000000000004,0.0,BLNK|CENN|CHPT|MVST|NIO|PLUG|QS|SLDP|WKHS|XPEV,BLNK|CENN|CHPT|MVST|NIO|PLUG|QS|SLDP|WKHS|XPEV
SEV,0,0,1.82,25.14,-7.05,6.41,,,,,,,,
SEVN,10,10,-1.04,-5.8,-8.17,-0.52,-2.1550000000000002,-0.015,1.1150000000000002,-5.785,-1.88,0.6,ABR|ARI|BXMT|CIM|GPMT|KREF|LADR|RC|STWD|TRTX,ABR|ARI|BXMT|CIM|GPMT|KREF|LADR|RC|STWD|TRTX
SEZL,9,9,-11.14,-33.77,9.98,-3.0,-0.89,3.07,-10.25,-36.84,-2.6500000000000004,0.0,AFRM|CLSK|GDOT|HUM|MA|OPRT|PYPL|V|XYZ,AFRM|CLSK|GDOT|HUM|MA|OPRT|PYPL|V|XYZ
SF,10,10,-5.54,2.05,10.77,-2.16,-2.8150000000000004,-1.315,-2.7249999999999996,3.3649999999999998,1.2699999999999996,0.0,AMTD|BAC|C|GS|IBKR|JPM|MS|RJF|SCHW|WFC,AMTD|BAC|C|GS|IBKR|JPM|MS|RJF|SCHW|WFC
SFBC,10,10,1.22,4.41,10.76,-1.11,-4.135,2.31,5.3549999999999995,2.1,-2.5000000000000018,1.0,BBT|CIVB|CTBI|EFSC|MBWM|NBN|NKSH|SBCF|TMP|WASH,BBT|CIVB|CTBI|EFSC|MBWM|NBN|NKSH|SBCF|TMP|WASH
SFBS,10,9,-5.05,0.34,12.57,-1.0,-4.37,-2.79,-0.6799999999999997,3.13,7.180000000000001,0.1111111111111111,CFR|CMA|FHN|FNB|HBAN|KEY|PNFP|RF|TCBI|ZION,CFR|FHN|FNB|HBAN|KEY|PNFP|RF|TCBI|ZION
SFD,0,0,-0.54,-15.48,-14.31,-0.9,,,,,,,,
SFHG,0,0,6.36,2.03,-2.71,0.0,,,,,,,,
SFIX,9,8,-11.64,-13.99,0.79,-3.87,-4.905,-2.995,-6.735,-10.995000000000001,1.09,0.0,AMZN|ANF|JWN|LB|PLCE|ROST|TJX|URBN|WMT,AMZN|ANF|LB|PLCE|ROST|TJX|URBN|WMT
SFL,10,10,3.97,10.84,-1.1,-0.59,5.705,9.850000000000001,-1.7349999999999999,0.9899999999999984,-8.045,0.3,CMRE|DAC|DHT|FRO|GSL|INSW|KNOP|NAT|STNG|TK,CMRE|DAC|DHT|FRO|GSL|INSW|KNOP|NAT|STNG|TK
SFM,10,9,-6.69,4.33,-12.79,-2.76,-2.75,-3.28,-3.9400000000000004,7.609999999999999,-5.359999999999999,0.1111111111111111,ACI|COST|IMKTA|KR|SYY|TGT|TR|UNFI|WBA|WMT,ACI|COST|IMKTA|KR|SYY|TGT|TR|UNFI|WMT
SFNC,10,9,-4.32,-0.89,7.69,-0.65,-4.14,-2.38,-0.1800000000000006,1.4899999999999998,1.2600000000000007,0.3333333333333333,BANF|FFBC|FFIN|FULT|GBCI|IBTX|OZK|PRK|TRMK|WBS,BANF|FFBC|FFIN|FULT|GBCI|OZK|PRK|TRMK|WBS
SFST,10,10,-3.32,3.51,10.76,-0.12,-4.359999999999999,1.475,1.0399999999999996,2.0349999999999997,1.7850000000000001,0.7,EFSC|EGBN|FISI|FSBC|HTB|MSBI|PZZA|SFBC|SYBT|UBSI,EFSC|EGBN|FISI|FSBC|HTB|MSBI|PZZA|SFBC|SYBT|UBSI
SFWL,10,10,-7.37,5.18,-14.09,-1.16,-3.035,-9.83,-4.335,15.01,-12.05,0.0,CHRW|EXPD|FDX|JBHT|KNX|LSTR|ODFL|SAIA|UPS|XPO,CHRW|EXPD|FDX|JBHT|KNX|LSTR|ODFL|SAIA|UPS|XPO
SG,10,10,6.6,2.54,-28.3,0.55,-2.265,7.949999999999999,8.865,-5.409999999999999,-34.97,0.9,BROS|CAKE|CMG|JACK|LOCO|PTLO|QSR|SHAK|WING|YUM,BROS|CAKE|CMG|JACK|LOCO|PTLO|QSR|SHAK|WING|YUM
SGA,10,8,-5.25,7.79,-8.64,-2.34,-4.695,-4.645,-0.5549999999999997,12.434999999999999,-5.805000000000001,0.375,BBGI|CMLS|CRI|GTN|IHRT|NXST|SBGI|TDAY|TV|VZIO,BBGI|CRI|GTN|IHRT|NXST|SBGI|TDAY|TV
SGC,10,9,-4.62,-3.15,9.06,-2.17,-5.17,-7.76,0.5499999999999998,4.609999999999999,12.59,0.5555555555555556,COLM|CRI|GES|GIII|LEVI|MOV|OXM|PLCE|PVH|VFC,COLM|CRI|GIII|LEVI|MOV|OXM|PLCE|PVH|VFC
SGHC,10,10,1.53,-8.22,-3.28,0.99,-2.995,-3.41,4.525,-4.8100000000000005,-7.92,0.9,BALY|BYD|CHDN|CZR|DKNG|LVS|MGM|PENN|RRR|WYNN,BALY|BYD|CHDN|CZR|DKNG|LVS|MGM|PENN|RRR|WYNN
SGHT,10,8,0.36,66.0,71.81,-1.42,3.6,20.990000000000002,-3.24,45.01,47.845,0.25,ALGN|ARAY|CNMD|CUTR|INSP|IRTC|MMSI|RCEL|SMLR|STXS,ALGN|ARAY|CNMD|INSP|IRTC|MMSI|RCEL|STXS
SGI,10,9,-2.66,-7.93,-1.7,-2.19,-5.17,-9.68,2.51,1.75,-20.46,0.8888888888888888,BSET|FLXS|HOFT|HVT|LEG|LZB|PRPL|RH|SNBR|WSM,BSET|FLXS|HOFT|HVT|LEG|LZB|PRPL|RH|WSM
SGLY,10,10,-36.86,-6.03,-41.06,15.77,-3.49,-7.630000000000001,-33.37,1.6000000000000005,-33.11,0.0,AMD|AVGO|INTC|MRVL|MU|NVDA|NXPI|QCOM|TSM|TXN,AMD|AVGO|INTC|MRVL|MU|NVDA|NXPI|QCOM|TSM|TXN
SGML,10,9,-5.79,5.06,-30.42,-2.46,0.36,3.97,-6.15,1.0899999999999994,-24.810000000000002,0.2222222222222222,ALB|AMRC|GM|LAC|MP|PLL|SCCO|SQM|TGB|TSLA,ALB|AMRC|GM|LAC|MP|SCCO|SQM|TGB|TSLA
SGMT,10,10,9.86,44.61,53.31,-3.64,5.18,12.940000000000001,4.68,31.669999999999998,25.055,0.9,AMGN|BIIB|BMRN|EXEL|GILD|ILMN|INCY|NBIX|REGN|VRTX,AMGN|BIIB|BMRN|EXEL|GILD|ILMN|INCY|NBIX|REGN|VRTX
SGRY,10,8,-10.17,-9.93,1.15,0.29,-0.29500000000000004,8.785,-9.875,-18.715,-13.040000000000001,0.0,ACHC|ADUS|AMED|CYH|EHC|HCA|MD|SEM|THC|UHS,ACHC|ADUS|CYH|EHC|HCA|MD|THC|UHS
SGU,10,10,0.96,-2.02,-1.48,0.24,0.71,-0.76,0.25,-1.26,-4.119999999999999,0.5,ATO|CLNE|CPK|GNE|HTGC|NJR|NWN|SPH|SWX|UGI,ATO|CLNE|CPK|GNE|HTGC|NJR|NWN|SPH|SWX|UGI
SHAK,10,10,-0.68,30.75,15.24,-0.12,-2.115,8.425,1.435,22.325,6.375,0.7,BJRI|CAKE|CMG|DRI|MCD|QSR|RRGB|SBUX|WEN|YUM,BJRI|CAKE|CMG|DRI|MCD|QSR|RRGB|SBUX|WEN|YUM
SHBI,10,8,-4.39,0.09,16.19,-0.65,-4.505000000000001,1.3,0.1150000000000011,-1.21,7.775000000000002,0.625,CATY|EGBN|FFBC|HIFS|LSBK|NFBK|SASR|TMP|VLY|WSBC,CATY|EGBN|FFBC|HIFS|LSBK|TMP|VLY|WSBC
SHC,10,9,1.18,11.31,23.76,1.31,4.53,19.8,-3.3500000000000005,-8.49,-7.229999999999997,0.0,BIO|CRL|CTLT|DGX|ICLR|LH|OPK|QGEN|RGEN|SRPT,BIO|CRL|DGX|ICLR|LH|OPK|QGEN|RGEN|SRPT
SHEL,10,9,4.94,7.51,8.81,1.71,5.95,8.16,-1.0099999999999998,-0.6500000000000004,2.8400000000000007,0.1111111111111111,BP|COP|CVX|E|MRO|OXY|PBR|PSX|SU|XOM,BP|COP|CVX|E|OXY|PBR|PSX|SU|XOM
SHEN,10,8,-9.77,3.04,-24.64,-0.27,-1.4449999999999998,8.68,-8.325,-5.64,-22.94,0.0,AD|CMCSA|CNSL|LILA|LUMN|SPIR|T|TMUS|VZ|WOW,AD|CMCSA|LILA|LUMN|SPIR|T|TMUS|VZ
SHFS,10,9,-4.68,-21.81,-64.03,-3.0,-0.89,3.07,-3.7899999999999996,-24.88,-75.48,0.1111111111111111,AXP|COF|DFS|FICO|GDOT|MA|PYPL|TREE|V|XYZ,AXP|COF|FICO|GDOT|MA|PYPL|TREE|V|XYZ
SHG,10,10,-4.27,1.38,11.53,-2.63,-4.81,-1.24,0.54,2.62,2.4299999999999997,0.6,BBD|BMO|BSAC|DB|ING|KB|RY|SMFG|UBS|WF,BBD|BMO|BSAC|DB|ING|KB|RY|SMFG|UBS|WF
SHIM,10,9,0.0,-0.53,-12.65,0.27,-0.78,1.6,0.78,-2.13,-7.510000000000001,0.6666666666666666,ACM|DY|EME|FLR|GVA|KBR|PRIM|PWR|ROAD|TPIC,ACM|DY|EME|FLR|GVA|KBR|PRIM|PWR|ROAD
SHIP,10,10,3.77,12.8,8.47,1.98,5.85,11.705,-2.0799999999999996,1.0950000000000006,-0.08000000000000007,0.3,CMRE|DAC|DSX|ESEA|GNK|GOGL|NMM|SB|SBLK|SFL,CMRE|DAC|DSX|ESEA|GNK|GOGL|NMM|SB|SBLK|SFL
SHLS,9,7,-10.52,-30.17,-24.72,-8.36,-4.2,-4.19,-6.319999999999999,-25.98,5.0,0.0,ARRY|CSIQ|ENPH|FSLR|JKS|MAXN|NOVA|RUN|SEDG,ARRY|CSIQ|ENPH|FSLR|JKS|RUN|SEDG
SHMD,10,10,-13.36,8.79,-31.73,-0.52,-8.86,-7.4799999999999995,-4.5,16.27,-35.185,0.1,AMAT|AMKR|ASML|COHU|KLAC|LRCX|MKSI|PLAB|TER|UCTT,AMAT|AMKR|ASML|COHU|KLAC|LRCX|MKSI|PLAB|TER|UCTT
SHO,10,10,2.8,-4.72,6.11,0.22,2.875,-5.405,-0.07500000000000018,0.6850000000000005,-9.080000000000002,0.5,AHT|APLE|BHR|DRH|HST|INN|PEB|PK|RLJ|XHR,AHT|APLE|BHR|DRH|HST|INN|PEB|PK|RLJ|XHR
SHOO,10,7,-3.6,4.91,12.76,-3.62,-2.66,-4.92,-0.94,9.83,7.79,0.42857142857142855,BOOT|CAL|COLM|CROX|DECK|FL|NKE|SCVL|SKX|WWW,BOOT|CAL|COLM|CROX|DECK|NKE|WWW
SHOP,10,10,-8.12,23.0,38.71,-0.64,0.755,8.285,-8.875,14.715,23.585,0.0,ADBE|AMZN|CMRC|CRM|ETSY|GDDY|MELI|PINS|PYPL|WIX,ADBE|AMZN|CMRC|CRM|ETSY|GDDY|MELI|PINS|PYPL|WIX
SHPH,10,8,-20.52,18.95,-38.65,-3.19,0.74,-2.005,-21.259999999999998,20.955,-45.825,0.0,ADAP|AKBA|ALKS|ARWR|BCRX|BLUE|CTMX|GERN|MDGL|PDSB,AKBA|ALKS|ARWR|BCRX|CTMX|GERN|MDGL|PDSB
SHW,10,10,-3.93,8.57,12.88,-1.77,-0.72,3.0949999999999998,-3.21,5.4750000000000005,4.530000000000001,0.1,AXTA|CC|ECL|FMC|HUN|IFF|NUE|PPG|RPM|VAL,AXTA|CC|ECL|FMC|HUN|IFF|NUE|PPG|RPM|VAL
SI,0,0,14.05,7.98,47.39,-5.71,,,,,,,,
SIBN,10,10,2.9,16.69,31.57,-2.07,0.915,13.934999999999999,1.9849999999999999,2.7550000000000026,15.375,0.7,ATEC|BAX|BVS|GMED|IART|JNJ|MDT|OFIX|SYK|ZBH,ATEC|BAX|BVS|GMED|IART|JNJ|MDT|OFIX|SYK|ZBH
SID,10,9,-1.56,-18.74,-29.14,0.65,-9.23,3.79,7.67,-22.529999999999998,-35.67,0.8888888888888888,ATI|CLF|CMC|GGB|MT|NUE|RS|STLD|TX|X,ATI|CLF|CMC|GGB|MT|NUE|RS|STLD|TX
SIDU,10,10,-10.27,14.53,-40.73,-6.94,-7.9799999999999995,10.48,-2.29,4.049999999999999,-40.294999999999995,0.3,ASTS|BA|BKSY|KTOS|LMT|NOC|RKLB|RTX|SPCE|VSAT,ASTS|BA|BKSY|KTOS|LMT|NOC|RKLB|RTX|SPCE|VSAT
SIEB,10,9,7.37,23.64,13.33,0.49,-3.18,-3.48,10.55,27.12,-1.9000000000000004,0.8888888888888888,AMTD|BK|GS|HOOD|IBKR|JPM|LPLA|MS|RJF|SCHW,AMTD|GS|HOOD|IBKR|JPM|LPLA|MS|RJF|SCHW
SIF,10,8,8.66,-19.63,10.02,1.37,-6.1850000000000005,-1.3900000000000001,14.845,-18.24,1.5199999999999996,1.0,ATI|BWXT|HEI|HWM|HXL|MOG-A|SPR|TDG|TDY|TGI,ATI|BWXT|HEI|HWM|HXL|MOG-A|TDG|TDY
SIFY,10,8,-9.43,-1.68,-12.04,-0.79,-0.14,7.9,-9.29,-9.58,-10.059999999999999,0.125,AMT|CMCSA|CNSL|FYBR|LUMN|RCI|SHEN|SPOK|T|VZ,AMT|CMCSA|LUMN|RCI|SHEN|SPOK|T|VZ
SIG,10,9,-14.13,-12.29,1.22,-6.76,-4.7,-7.27,-9.43,-5.02,-10.91,0.0,BGI|CPRI|FOSL|JWN|KSS|MOV|PVH|REAL|RL|VRA,BGI|CPRI|FOSL|KSS|MOV|PVH|REAL|RL|VRA
SIGA,10,10,1.92,-13.42,-34.63,-5.63,4.355,12.719999999999999,-2.4350000000000005,-26.14,-49.985,0.1,AMGN|GILD|GSK|INVA|JNJ|MRNA|NVAX|PFE|REGN|RGEN,AMGN|GILD|GSK|INVA|JNJ|MRNA|NVAX|PFE|REGN|RGEN
SIGI,10,10,-4.16,-6.34,0.86,0.16,-1.075,-2.875,-3.085,-3.465,-1.6800000000000002,0.1,ALL|CB|CINF|HIG|L|MKL|PGR|SIG|TRV|WRB,ALL|CB|CINF|HIG|L|MKL|PGR|SIG|TRV|WRB
SII,10,9,6.75,15.67,-1.28,4.0,-1.42,4.6,8.17,11.07,-12.86,1.0,AB|AMG|AMP|BEN|BLK|IVZ|JHG|NTRS|SEIC|TROW,AB|AMG|AMP|BEN|BLK|IVZ|NTRS|SEIC|TROW
SILC,10,9,-5.65,-4.35,1.79,-2.32,-3.11,-1.5,-2.5400000000000005,-2.8499999999999996,5.13,0.4444444444444444,ADTN|ANET|CSCO|EXTR|FFIV|HPE|JNPR|MSI|NOK|QCOM,ADTN|ANET|CSCO|EXTR|FFIV|HPE|MSI|NOK|QCOM
SILO,10,10,-14.44,-40.24,-50.69,-3.67,2.48,2.915,-16.919999999999998,-43.155,-71.565,0.0,ATAI|AVXL|CMPS|CYCN|DFTX|GHRS|MNOV|NERV|RLMD|RLX,ATAI|AVXL|CMPS|CYCN|DFTX|GHRS|MNOV|NERV|RLMD|RLX
SIM,10,9,-2.95,8.82,-1.38,7.64,-9.23,3.79,6.28,5.03,-7.91,0.7777777777777778,ATI|CLF|CMC|GGB|MT|NUE|RS|STLD|TX|X,ATI|CLF|CMC|GGB|MT|NUE|RS|STLD|TX
SIMA,0,0,-0.73,-0.82,-0.73,-1.27,,,,,,,,
SIMO,10,10,-1.79,-13.14,-5.17,0.72,-3.605,-7.630000000000001,1.815,-5.51,-4.875,0.7,AMD|AVGO|INTC|MRVL|MU|NVDA|QCOM|STX|TXN|WDC,AMD|AVGO|INTC|MRVL|MU|NVDA|QCOM|STX|TXN|WDC
SINT,10,8,-8.77,0.0,-29.41,-1.89,-10.335,-0.75,1.5650000000000013,0.75,-32.795,0.75,CAMT|DDD|DM|FARO|MTLS|PKOH|PRLB|SSYS|VIVS|WFRD,CAMT|DDD|MTLS|PKOH|PRLB|SSYS|VIVS|WFRD
SION,0,0,-12.54,-87.3,-85.52,-8.48,,,,,,,,
SIRI,10,10,1.2,-5.05,4.71,-1.2,2.1550000000000002,10.835,-0.9550000000000003,-15.885000000000002,0.9199999999999999,0.4,AAPL|AMZN|CMCSA|DIS|GOOGL|MSFT|NFLX|ROKU|SPOT|T,AAPL|AMZN|CMCSA|DIS|GOOGL|MSFT|NFLX|ROKU|SPOT|T
SITC,10,8,0.83,-6.95,-27.76,0.5,-0.009999999999999995,-5.695,0.84,-1.255,-28.380000000000003,0.75,AKR|AVB|BRX|EQR|ESS|FRT|KIM|NNN|REG|ROIC,AKR|AVB|BRX|ESS|FRT|KIM|NNN|REG
SITE,10,9,-2.3,-7.48,-16.2,-2.64,-2.59,1.46,0.29000000000000004,-8.940000000000001,-22.07,0.5555555555555556,BLDR|FAST|FERG|GMS|HD|LOW|POOL|TSCO|WMT|WSO,BLDR|FAST|FERG|HD|LOW|POOL|TSCO|WMT|WSO
SITM,10,10,-12.84,1.51,-13.97,-3.09,-2.7649999999999997,-8.88,-10.075,10.39,1.0350000000000001,0.1,ADI|AVGO|LSCC|MCHP|MPWR|NXPI|ON|QCOM|SWKS|TXN,ADI|AVGO|LSCC|MCHP|MPWR|NXPI|ON|QCOM|SWKS|TXN
SJ,10,10,6.53,42.04,-16.94,0.01,-2.24,-5.4399999999999995,8.77,47.48,-8.610000000000001,1.0,BIDU|BILI|DOYU|HUYA|IQ|JOYY|MOMO|PDD|TME|WB,BIDU|BILI|DOYU|HUYA|IQ|JOYY|MOMO|PDD|TME|WB
SJM,10,9,2.88,5.13,23.51,1.03,1.75,6.6,1.13,-1.4699999999999998,6.670000000000002,0.8888888888888888,CAG|CPB|GIS|HRL|HSY|K|KHC|MDLZ|MKC|POST,CAG|CPB|GIS|HRL|HSY|KHC|MDLZ|MKC|POST
SJT,9,8,9.39,21.2,-27.16,12.22,2.915,2.84,6.4750000000000005,18.36,-28.395,1.0,BPT|CRT|DMLP|MTR|MTRN|PBT|PVL|SBR|VOC,CRT|DMLP|MTR|MTRN|PBT|PVL|SBR|VOC
SKE,10,10,4.73,21.94,16.8,0.82,12.219999999999999,29.65,-7.489999999999998,-7.709999999999997,0.9649999999999999,0.0,AEM|AGI|AU|B|EGO|FNV|KGC|NEM|PAAS|WPM,AEM|AGI|AU|B|EGO|FNV|KGC|NEM|PAAS|WPM
SKIL,10,9,-8.58,28.04,10.06,1.4,-0.18,6.3,-8.4,21.74,6.57,0.0,ATGE|BFAM|CHGG|COUR|LAUR|LOPE|LRN|PRDO|PSO|STRA,BFAM|CHGG|COUR|LAUR|LOPE|LRN|PRDO|PSO|STRA
SKIN,10,10,-10.61,-21.82,-12.92,-0.81,1.495,7.880000000000001,-12.105,-29.700000000000003,-25.445,0.0,COTY|EL|EPC|IRWD|LB|NUS|SBH|ULTA|VICI|VRME,COTY|EL|EPC|IRWD|LB|NUS|SBH|ULTA|VICI|VRME
SKK,0,0,22.56,7.65,37.06,-1.93,,,,,,,,
SKM,10,9,3.95,12.43,0.53,-1.5,-0.8,9.21,4.75,3.219999999999999,-0.4,1.0,AD|CHTR|CMCSA|PHI|S|T|TEF|TMUS|VIV|VZ,AD|CHTR|CMCSA|PHI|S|T|TMUS|VIV|VZ
SKT,10,8,-0.29,-7.34,7.72,-0.52,-0.445,-4.285,0.15500000000000003,-3.0549999999999997,4.2749999999999995,0.5,BRX|CBL|EPR|FRT|KIM|MAC|REG|ROIC|SPG|WSR,BRX|CBL|EPR|FRT|KIM|MAC|REG|SPG
SKWD,10,9,-7.56,-5.89,15.05,-3.4,-0.03,0.62,-7.529999999999999,-6.51,11.89,0.0,ACGL|AJG|AWH|CINF|ERIE|MKL|RLI|SIGI|THG|WRB,ACGL|AJG|CINF|ERIE|MKL|RLI|SIGI|THG|WRB
SKY,10,9,-6.34,9.99,29.32,-2.57,-2.54,-0.07,-3.8,10.06,19.9,0.0,BZH|DHI|KBH|LEN|LGIH|MTH|NVR|PHM|TMHC|TOL,BZH|DHI|KBH|LEN|LGIH|MTH|NVR|PHM|TOL
SKYE,10,10,-45.45,-53.91,-61.63,-3.53,3.125,-0.47,-48.575,-53.44,-65.325,0.0,ACAD|BMRN|CRIS|MDGL|NBIX|PCRX|PRGO|TBPH|VNDA|XENE,ACAD|BMRN|CRIS|MDGL|NBIX|PCRX|PRGO|TBPH|VNDA|XENE
SKYH,10,9,-6.68,-1.01,15.6,-0.73,-0.14,-0.9,-6.54,-0.10999999999999999,13.48,0.0,AMH|AVB|CPT|EQR|ESS|INVH|IRT|MAA|NXRT|UDR,AMH|AVB|CPT|ESS|INVH|IRT|MAA|NXRT|UDR
SKYQ,0,0,-1.82,-34.87,-7.88,5.91,,,,,,,,
SKYW,9,7,-7.79,4.41,19.97,-2.44,-10.94,-9.01,3.1499999999999995,13.42,18.08,1.0,AAL|ALGT|ALK|DAL|JBLU|LUV|MESA|SAVE|UAL,AAL|ALGT|ALK|DAL|JBLU|LUV|UAL
SKYX,10,9,5.45,-12.12,0.87,0.43,-3.2,9.26,8.65,-21.38,-13.370000000000001,1.0,AAPL|BB|GOOGL|GRMN|HBB|LOGI|MSFT|ROKU|SONO|VZIO,AAPL|BB|GOOGL|GRMN|HBB|LOGI|MSFT|ROKU|SONO
SLAB,10,10,-0.05,0.47,0.6,-0.34,-2.7649999999999997,-8.88,2.715,9.350000000000001,14.865,1.0,ADI|AVGO|MCHP|MPWR|NXPI|ON|QRVO|STM|SWKS|TXN,ADI|AVGO|MCHP|MPWR|NXPI|ON|QRVO|STM|SWKS|TXN
SLB,9,9,3.45,12.98,-5.97,0.58,-0.17,7.01,3.62,5.970000000000001,-0.5999999999999996,0.8888888888888888,BKR|FTI|HAL|INVX|NOV|OII|RES|WFRD|XPRO,BKR|FTI|HAL|INVX|NOV|OII|RES|WFRD|XPRO
SLDB,10,9,0.88,13.09,41.58,-5.95,2.55,14.93,-1.67,-1.8399999999999999,28.14,0.2222222222222222,ABEO|BLUE|BMRN|EDIT|NTLA|PFE|QURE|RGEN|SRPT|VYGR,ABEO|BMRN|EDIT|NTLA|PFE|QURE|RGEN|SRPT|VYGR
SLDE,0,0,4.57,13.94,20.86,0.43,,,,,,,,
SLDP,10,9,-7.11,-4.72,-19.86,-4.32,-8.16,-7.71,1.0499999999999998,2.99,-1.0500000000000007,0.5555555555555556,BLNK|CHPT|ENVX|LCID|NIO|PLL|QS|RIVN|SES|TSLA,BLNK|CHPT|ENVX|LCID|NIO|QS|RIVN|SES|TSLA
SLE,9,8,33.04,56.84,-20.04,8.5,-2.065,2.855,35.105,53.98500000000001,-23.395,1.0,EA|GME|MSFT|MTCH|NTES|RBLX|SE|SONY|TTWO,GME|MSFT|MTCH|NTES|RBLX|SE|SONY|TTWO
SLF,9,9,-3.18,-3.72,7.26,-1.47,-3.48,0.03,0.2999999999999998,-3.75,-5.16,0.6666666666666666,CNO|L|LNC|MET|MFC|PFG|PRU|UNM|VOYA,CNO|L|LNC|MET|MFC|PFG|PRU|UNM|VOYA
SLG,10,10,0.15,15.15,39.21,0.11,-0.86,-2.9400000000000004,1.01,18.09,32.775,0.8,ARE|BFS|BXP|DEI|ESRT|FRT|HIW|KRC|PDM|VNO,ARE|BFS|BXP|DEI|ESRT|FRT|HIW|KRC|PDM|VNO
SLGB,0,0,-17.08,-33.35,0.1,3.07,,,,,,,,
SLGL,7,6,-6.96,-7.25,19.76,1.08,-0.09,10.19,-6.87,-17.439999999999998,21.175,0.16666666666666666,ANAB|CRBP|MCRB|MRNS|PRQR|PTGX|XAIR,ANAB|CRBP|MCRB|PRQR|PTGX|XAIR
SLGN,10,8,-2.95,-10.12,7.44,-0.72,-1.025,6.335,-1.9250000000000003,-16.455,-12.029999999999998,0.25,AVY|BERY|CCK|GPK|IP|MYE|OI|PKG|SEE|SON,AVY|CCK|GPK|IP|MYE|OI|PKG|SON
SLI,10,7,-2.88,-1.61,-37.31,-1.95,0.18,-2.47,-3.06,0.8600000000000001,-22.5,0.42857142857142855,ALB|AMLI|ENS|FMC|LAC|LITM|NI|PLL|SGML|SQM,ALB|ENS|FMC|LAC|NI|SGML|SQM
SLM,10,8,-6.47,2.87,17.82,-2.41,-4.609999999999999,6.17,-1.8600000000000003,-3.3,5.715,0.25,ALLY|CACC|COF|DFS|ECPG|ENVA|LC|NAVI|PRAA|SYF,ALLY|CACC|COF|ECPG|ENVA|NAVI|PRAA|SYF
SLMT,10,8,3.27,-18.61,-14.91,-2.72,0.675,3.015,2.5949999999999998,-21.625,-21.565,0.625,CHDN|CWH|DKS|LYV|MANU|MCW|MTN|PLNT|VSTO|YETI,CHDN|CWH|DKS|LYV|MANU|MTN|PLNT|YETI
SLN,10,8,-4.29,13.02,114.26,-1.76,8.17,14.795,-12.46,-1.7750000000000004,103.49000000000001,0.0,ALNY|ARWR|BNTX|IONS|MRNA|PRQR|RGLS|RNA|SGMO|SRPT,ALNY|ARWR|BNTX|IONS|MRNA|PRQR|RNA|SRPT
SLND,10,10,14.78,-4.19,-48.73,-4.17,-3.25,-2.2750000000000004,18.03,-1.915,-42.3,1.0,ACM|DY|EME|FIX|FLR|GVA|MTZ|PWR|ROAD|STRL,ACM|DY|EME|FIX|FLR|GVA|MTZ|PWR|ROAD|STRL
SLNG,9,9,-1.6,17.2,47.99,-2.3,3.1,4.35,-4.7,12.85,45.92,0.0,CQP|DVN|EPD|KMI|LNG|LPG|NEXT|OKE|SRE,CQP|DVN|EPD|KMI|LNG|LPG|NEXT|OKE|SRE
SLNH,10,8,-8.46,-8.46,-28.31,-0.83,3.615,-8.875,-12.075000000000001,0.41499999999999915,-15.274999999999999,0.0,ANY|ARBK|BITF|BTBT|CIFR|HUT|IBRX|MARA|RIOT|SDIG,ANY|ARBK|BTBT|CIFR|HUT|IBRX|MARA|RIOT
SLP,10,10,0.41,0.74,27.06,0.08,4.225,16.575,-3.8149999999999995,-15.834999999999999,-1.1950000000000038,0.2,ACAD|ALKS|AMGN|BIIB|BMRN|GILD|NBIX|REGN|SRPT|VRTX,ACAD|ALKS|AMGN|BIIB|BMRN|GILD|NBIX|REGN|SRPT|VRTX
SLQT,10,7,12.89,12.41,-23.24,3.75,-1.44,-9.48,14.33,21.89,-24.29,1.0,CI|CNC|CVS|EHTH|GOCO|HUM|MOH|TGNA|UNH|WBA,CI|CNC|CVS|EHTH|HUM|MOH|UNH
SLRC,10,10,-3.18,-3.92,-3.7,-0.82,-1.08,9.36,-2.1,-13.28,-8.64,0.2,ARCC|CGBD|FDUS|GSBD|HTGC|MAIN|NMFC|PNNT|TCPC|TPVG,ARCC|CGBD|FDUS|GSBD|HTGC|MAIN|NMFC|PNNT|TCPC|TPVG
SLS,9,6,14.81,17.47,58.19,2.45,0.25999999999999995,1.53,14.55,15.94,60.69,1.0,ACET|ADAP|AFMD|AVDL|BCRX|IMMP|KPTI|TGTX|TLSA,ACET|BCRX|IMMP|KPTI|TGTX|TLSA
SLSN,0,0,-6.25,11.07,-30.37,0.68,,,,,,,,
SLSR,10,9,2.9,2.9,-18.77,0.06,4.22,10.81,-1.3199999999999998,-7.91,-32.42,0.1111111111111111,BHP|FCX|HL|HMY|NGD|PAAS|RIO|SCCO|TGB|VALE,BHP|FCX|HL|HMY|PAAS|RIO|SCCO|TGB|VALE
SLVM,6,6,-5.78,-3.27,-1.85,-1.37,-2.08,7.39,-3.7,-10.66,-25.095,0.16666666666666666,CLW|IP|MERC|PKG|SCL|SON,CLW|IP|MERC|PKG|SCL|SON
SLXN,0,0,-11.52,-83.85,-92.32,-1.5,,,,,,,,
SM,10,8,17.24,14.52,9.19,5.17,9.105,7.625,8.134999999999998,6.895,4.0249999999999995,1.0,APA|CRK|DVN|EOG|FANG|HES|MRO|MTDR|NOG|OXY,APA|CRK|DVN|EOG|FANG|MTDR|NOG|OXY
SMA,0,0,0.06,-0.15,11.13,-0.56,,,,,,,,
SMBC,10,9,-4.49,-2.17,7.59,-0.32,-4.14,0.66,-0.35000000000000053,-2.83,-2.1999999999999993,0.1111111111111111,CAC|CNOB|EGBN|FFIN|FULT|GSBC|IBTX|OSBC|SFNC|UBSI,CAC|CNOB|EGBN|FFIN|FULT|GSBC|OSBC|SFNC|UBSI
SMBK,10,10,-4.28,3.75,21.05,-0.65,-4.045,-0.985,-0.23500000000000032,4.735,10.605,0.3,CIVB|ESQ|FFIN|FMBH|HOMB|OZK|SBSI|SRCE|SYBT|WSBF,CIVB|ESQ|FFIN|FMBH|HOMB|OZK|SBSI|SRCE|SYBT|WSBF
SMC,10,10,-0.69,13.87,6.57,-0.06,1.225,-0.805,-1.915,14.674999999999999,3.7250000000000005,0.2,AM|ENB|EPD|ET|KMI|MPLX|OKE|PAA|TRGP|WMB,AM|ENB|EPD|ET|KMI|MPLX|OKE|PAA|TRGP|WMB
SMCI,10,9,-8.51,17.24,7.08,-2.02,-7.27,5.79,-1.2400000000000002,11.45,-34.96,0.4444444444444444,ANET|ATEN|DELL|HPE|HPQ|LOGI|NTAP|NTNX|PSTG|STX,ANET|ATEN|DELL|HPE|HPQ|LOGI|NTAP|NTNX|STX
SMFG,10,10,-6.56,-5.77,7.6,0.02,-5.17,-3.385,-1.3899999999999997,-2.385,-3.24,0.1,BCS|BMO|BNS|HSBC|MFG|MUFG|RY|SMBK|TD|UBS,BCS|BMO|BNS|HSBC|MFG|MUFG|RY|SMBK|TD|UBS
SMG,10,9,-0.94,-11.0,4.8,0.02,6.4,-0.25,-7.34,-10.75,0.7999999999999998,0.0,ADM|BG|CF|CTVA|FMC|MOS|NTR|SQM|SYT|TTC,ADM|BG|CF|CTVA|FMC|MOS|NTR|SQM|TTC
SMHI,10,10,1.92,26.09,33.81,0.56,4.29,12.66,-2.37,13.43,23.330000000000002,0.2,DHT|FRO|GLNG|GNK|INSW|SBLK|STNG|TDW|TK|TNK,DHT|FRO|GLNG|GNK|INSW|SBLK|STNG|TDW|TK|TNK
SMID,10,8,0.9,-7.01,-7.5,-0.04,-0.31,-0.8,1.21,-6.21,-11.75,0.75,ACM|FIX|FLR|J|KBR|NVEE|PRIM|STER|STRL|TTEK,ACM|FIX|FLR|J|KBR|PRIM|STRL|TTEK
SMJF,0,0,8.18,92.97,142.86,-0.09,,,,,,,,
SMMT,10,10,-11.08,-15.54,-30.42,-5.11,4.225,11.620000000000001,-15.305,-27.16,-44.83,0.0,AKTX|ALNY|AMGN|BIIB|GILD|NBIX|PRTA|REGN|SRPT|VRTX,AKTX|ALNY|AMGN|BIIB|GILD|NBIX|PRTA|REGN|SRPT|VRTX
SMP,10,9,-2.21,-1.8,2.64,-1.42,-0.53,0.99,-1.68,-2.79,0.07000000000000028,0.4444444444444444,AAP|ALV|AXL|BWA|DORM|GPC|LEA|MGA|TEN|VC,AAP|ALV|BWA|DORM|GPC|LEA|MGA|TEN|VC
SMPL,10,9,-0.67,5.46,-0.67,-3.01,0.38,6.21,-1.05,-0.75,-13.43,0.2222222222222222,CPB|GIS|HRL|HSY|K|LSF|MCK|MDLZ|POST|SUN,CPB|GIS|HRL|HSY|LSF|MCK|MDLZ|POST|SUN
SMR,10,10,-10.61,1.44,-15.26,-5.22,-3.5300000000000002,-3.9299999999999997,-7.079999999999999,5.369999999999999,-11.955,0.1,BE|BWX|BWXT|CARR|DUK|EXC|FSLR|GE|HON|NEE,BE|BWX|BWXT|CARR|DUK|EXC|FSLR|GE|HON|NEE
SMRT,10,10,-6.16,39.31,9.86,-2.17,-1.7850000000000001,2.58,-4.375,36.730000000000004,7.865,0.2,ADT|ALRM|AMZN|APP|BB|CSCO|GOOG|MSFT|S|TSLA,ADT|ALRM|AMZN|APP|BB|CSCO|GOOG|MSFT|S|TSLA
SMSI,10,10,0.0,11.15,-26.47,-0.34,-1.045,13.780000000000001,1.045,-2.630000000000001,-31.415,0.6,AAPL|ADBE|CRM|CSCO|GOOGL|IBM|INTC|MSFT|ORCL|SAP,AAPL|ADBE|CRM|CSCO|GOOGL|IBM|INTC|MSFT|ORCL|SAP
SMTC,10,10,-6.62,-8.91,-12.07,-0.5,-2.7649999999999997,-7.790000000000001,-3.8550000000000004,-1.1199999999999992,1.4400000000000013,0.2,ADI|DIOD|LSCC|MCHP|MPWR|NXPI|ON|QRVO|SWKS|TXN,ADI|DIOD|LSCC|MCHP|MPWR|NXPI|ON|QRVO|SWKS|TXN
SMTI,10,10,0.16,33.97,48.76,-0.19,0.97,13.934999999999999,-0.8099999999999999,20.035,38.61,0.4,ABT|BSX|EW|GMED|ISRG|JNJ|MDT|STE|SYK|ZBH,ABT|BSX|EW|GMED|ISRG|JNJ|MDT|STE|SYK|ZBH
SMTK,10,10,-12.14,-49.15,-61.95,9.52,-3.375,-8.88,-8.765,-40.269999999999996,-49.18000000000001,0.2,AMD|AVGO|INTC|MCHP|MRVL|OLED|ON|QCOM|SWKS|TXN,AMD|AVGO|INTC|MCHP|MRVL|OLED|ON|QCOM|SWKS|TXN
SMWB,10,10,-9.54,29.78,113.35,-2.33,-2.6,17.335,-6.9399999999999995,12.445,109.85,0.0,ADBE|AMZN|CRM|GOOG|IBM|META|MSFT|ORCL|SNOW|ZS,ADBE|AMZN|CRM|GOOG|IBM|META|MSFT|ORCL|SNOW|ZS
SMX,10,9,-3.94,-13.28,-8.06,2.43,-0.31,9.93,-3.63,-23.21,-14.0,0.3333333333333333,AAON|CODA|CTSH|DSGX|HRMY|OSIS|RBC|TRMB|VNT|VRNT,AAON|CODA|CTSH|DSGX|HRMY|OSIS|RBC|TRMB|VNT
SMXT,9,7,-10.45,-9.67,-42.71,-1.44,-4.2,-4.19,-6.249999999999999,-5.4799999999999995,-12.990000000000002,0.0,ARRY|CSIQ|ENPH|FSLR|JKS|MAXN|NOVA|RUN|SEDG,ARRY|CSIQ|ENPH|FSLR|JKS|RUN|SEDG
SN,10,10,-5.47,21.18,66.37,-1.69,-1.8050000000000002,3.2299999999999995,-3.6649999999999996,17.95,53.660000000000004,0.2,CLX|EL|HAS|HELE|HRL|KMB|MAT|NWL|PG|WHR,CLX|EL|HAS|HELE|HRL|KMB|MAT|NWL|PG|WHR
SNA,10,10,-3.17,-3.54,7.84,-0.54,-2.205,0.07499999999999973,-0.9649999999999999,-3.6149999999999998,-1.1950000000000003,0.4,AOS|CAT|CMI|DOV|FSS|GWW|IR|ITT|MMM|SWK,AOS|CAT|CMI|DOV|FSS|GWW|IR|ITT|MMM|SWK
SNAL,8,6,-0.34,-39.22,-47.14,0.0,-1.525,-8.3,1.1849999999999998,-30.919999999999998,-43.505,0.8333333333333334,CRSR|EA|GENI|PLTK|RBLX|RSI|SKLZ|TTWO,CRSR|GENI|PLTK|RBLX|RSI|TTWO
SNAP,10,10,-4.25,13.53,-9.7,-3.1,-1.7850000000000001,9.195,-2.465,4.334999999999999,-13.489999999999998,0.1,AAPL|AMZN|BIDU|DIS|GOOG|MSFT|NFLX|PINS|SPOT|ZM,AAPL|AMZN|BIDU|DIS|GOOG|MSFT|NFLX|PINS|SPOT|ZM
SND,7,7,-2.22,2.59,1.33,1.47,0.43,5.46,-2.6500000000000004,-2.87,12.13,0.14285714285714285,HP|HTO|LBRT|NBR|PTEN|PUMP|RES,HP|HTO|LBRT|NBR|PTEN|PUMP|RES
SNDA,10,10,2.78,0.8,10.07,-0.76,2.23,-5.58,0.5499999999999998,6.38,11.81,0.7,BKD|DOC|HR|LTC|NHI|OHI|SBRA|UHT|VTR|WELL,BKD|DOC|HR|LTC|NHI|OHI|SBRA|UHT|VTR|WELL
SNDK,0,0,4.6,-0.06,14.78,1.89,,,,,,,,
SNDL,4,4,6.06,4.39,-7.93,1.21,0.335,14.315000000000001,5.725,-9.925,-11.86,1.0,ACB|CGC|CRON|TLRY,ACB|CGC|CRON|TLRY
SNDR,10,10,-3.77,-8.68,4.02,-0.11,-2.91,-12.045,-0.8599999999999999,3.365,8.27,0.4,HTLD|JBHT|KNX|LSTR|MRTN|ODFL|SAIA|ULH|WERN|XPO,HTLD|JBHT|KNX|LSTR|MRTN|ODFL|SAIA|ULH|WERN|XPO
SNDX,10,10,5.24,-8.93,-0.25,-3.37,4.720000000000001,14.605,0.5199999999999996,-23.535,-26.270000000000003,0.7,AMGN|BMRN|BMY|GILD|JNJ|LLY|MRK|PFE|REGN|VRTX,AMGN|BMRN|BMY|GILD|JNJ|LLY|MRK|PFE|REGN|VRTX
SNES,10,9,2.34,-6.93,-28.25,1.13,4.45,-0.25,-2.1100000000000003,-6.68,-26.71,0.4444444444444444,AVD|CF|DD|ENFY|FMC|ICL|MOS|NTR|ROG|SMG,AVD|CF|DD|FMC|ICL|MOS|NTR|ROG|SMG
SNEX,10,10,-0.88,-10.58,-12.07,0.06,0.675,6.59,-1.5550000000000002,-17.17,-18.185000000000002,0.4,AMTD|BX|CBOE|CME|GS|IBKR|ICE|MS|NDAQ|SCHW,AMTD|BX|CBOE|CME|GS|IBKR|ICE|MS|NDAQ|SCHW
SNFCA,10,10,-5.41,-6.92,-2.58,-1.8,-3.0999999999999996,0.6950000000000001,-2.3100000000000005,-7.615,-12.74,0.2,AIG|CNO|GNW|L|LNC|MET|PFG|PRU|RGA|UNM,AIG|CNO|GNW|L|LNC|MET|PFG|PRU|RGA|UNM
SNGX,10,9,2.36,7.56,0.54,2.31,0.57,2.15,1.79,5.41,-2.6,0.5555555555555556,AKBA|APT|AVIR|BCRX|FENC|KPTI|MDGL|ONCT|TGTX|TNXP,AKBA|APT|AVIR|BCRX|FENC|KPTI|MDGL|TGTX|TNXP
SNN,10,10,-2.52,-1.97,-5.35,0.14,0.295,13.934999999999999,-2.815,-15.905,-10.02,0.1,ABT|BSX|GMED|HCA|ISRG|JNJ|MDT|SYK|TFX|ZBH,ABT|BSX|GMED|HCA|ISRG|JNJ|MDT|SYK|TFX|ZBH
SNOA,10,6,-1.49,13.79,23.36,-2.94,5.415,14.350000000000001,-6.905,-0.5600000000000023,6.215,0.16666666666666666,ADMA|CBIO|CLDX|CUTR|DERM|EVOK|KURA|PBYI|VRNA|XOMA,ADMA|CBIO|CLDX|DERM|KURA|PBYI
SNOW,10,9,-5.12,19.53,91.71,-1.52,-2.0,15.14,-3.12,4.390000000000001,82.35,0.3333333333333333,AMZN|DDOG|ESTC|GOOGL|IBM|INFA|MDB|MSFT|ORCL|SAP,AMZN|DDOG|ESTC|GOOGL|IBM|MDB|MSFT|ORCL|SAP
SNPS,8,7,-3.36,5.38,-20.24,-0.76,-2.88,23.23,-0.48,-17.85,-24.39,0.2857142857142857,ADSK|ANSS|CDNS|INTC|MSFT|ORCL|PCTY|SAP,ADSK|CDNS|INTC|MSFT|ORCL|PCTY|SAP
SNT,10,8,-4.89,1.74,-34.31,-1.69,-8.33,8.715,3.4400000000000004,-6.975,-70.535,0.625,ADT|ALRM|CSCO|HPE|JNPR|OKTA|PANW|RPD|VRNT|ZS,ADT|ALRM|CSCO|HPE|OKTA|PANW|RPD|ZS
SNTG,10,10,-10.34,-14.55,-9.0,4.6,-2.755,-8.035,-7.585,-6.515000000000001,2.405000000000001,0.0,FINV|HTT|JFIN|LX|PAGS|QFIN|SOS|TIGR|XYF|YRD,FINV|HTT|JFIN|LX|PAGS|QFIN|SOS|TIGR|XYF|YRD
SNTI,10,8,16.59,1.63,-54.32,-3.3,7.45,14.02,9.14,-12.39,-76.66,0.875,BEAM|BLUE|CRSP|EDIT|FATE|GILD|IOVA|NRIX|NTLA|SGMO,BEAM|CRSP|EDIT|FATE|GILD|IOVA|NRIX|NTLA
SNWV,0,0,2.82,-17.57,-70.72,-4.21,,,,,,,,
SNX,10,9,-1.17,-0.43,9.06,-0.23,-8.2,-1.5,7.029999999999999,1.07,5.050000000000001,0.7777777777777778,ANET|ARW|AVT|CSCO|DELL|HPE|JNPR|MSI|ORCL|WDC,ANET|ARW|AVT|CSCO|DELL|HPE|MSI|ORCL|WDC
SNY,10,10,3.63,3.6,1.56,-1.01,4.720000000000001,7.960000000000001,-1.0900000000000007,-4.360000000000001,-14.959999999999999,0.1,ABBV|AMGN|AZN|BMY|GSK|JNJ|LLY|MRK|NVS|PFE,ABBV|AMGN|AZN|BMY|GSK|JNJ|LLY|MRK|NVS|PFE
SNYR,0,0,1.93,-39.42,-54.8,3.83,,,,,,,,
SO,10,10,-0.57,-3.7,-1.45,0.05,0.34500000000000003,-2.915,-0.915,-0.7850000000000001,-1.6949999999999998,0.3,AEP|D|DUK|ED|ES|EXC|NEE|PCG|PNW|XEL,AEP|D|DUK|ED|ES|EXC|NEE|PCG|PNW|XEL
SOAR,9,8,-12.06,10.43,4.31,-1.49,-10.785,-9.004999999999999,-1.2750000000000004,19.435,1.3999999999999995,0.375,AAL|ALGT|ALK|DAL|JBLU|LUV|SAVE|SKYW|UAL,AAL|ALGT|ALK|DAL|JBLU|LUV|SKYW|UAL
SOBO,0,0,5.27,0.18,2.78,2.48,,,,,,,,
SOBR,10,8,-8.17,-7.72,-61.66,-1.19,1.0299999999999998,-0.47500000000000053,-9.2,-7.244999999999999,-55.144999999999996,0.0,ALRM|ANY|CMBM|GLOB|HUBS|MARA|RIOT|RSI|SYRS|TONX,ALRM|ANY|GLOB|HUBS|MARA|RIOT|RSI|TONX
SOC,10,8,25.43,15.41,-66.41,5.76,7.975,8.635,17.455,6.775,-74.44,1.0,APA|COP|CVX|DVN|EOG|FANG|HES|MRO|OXY|XOM,APA|COP|CVX|DVN|EOG|FANG|OXY|XOM
SOCA,0,0,-0.15,0.34,0.63,-0.15,,,,,,,,
SOFI,10,9,-3.53,4.16,13.32,-3.5,-5.09,0.74,1.56,3.42,9.39,0.7777777777777778,AFRM|ALLY|COF|FIS|LC|NRDS|PYPL|RKT|TREE|UPST,AFRM|ALLY|COF|FIS|NRDS|PYPL|RKT|TREE|UPST
SOGP,10,10,4.94,17.7,-15.44,-1.14,-0.34,4.22,5.28,13.48,-13.004999999999999,1.0,AAPL|ADBE|AMZN|GOOGL|INTC|MSFT|NFLX|NVDA|PYPL|TSLA,AAPL|ADBE|AMZN|GOOGL|INTC|MSFT|NFLX|NVDA|PYPL|TSLA
SOHU,10,10,-1.54,6.55,-0.76,-3.82,-0.975,0.455,-0.5650000000000001,6.095,2.1550000000000002,0.4,ATHM|BABA|BIDU|BZUN|FUTU|JD|JOYY|NTES|VIPS|WB,ATHM|BABA|BIDU|BZUN|FUTU|JD|JOYY|NTES|VIPS|WB
SOLS,0,0,-10.06,-7.24,-33.39,-1.86,,,,,,,,
SOLV,10,10,2.41,14.05,16.31,0.85,-1.0,7.675000000000001,3.41,6.375,6.369999999999999,0.6,ALB|AVNT|AXTA|CC|ECL|FUL|PPG|RPM|SHW|VAL,ALB|AVNT|AXTA|CC|ECL|FUL|PPG|RPM|SHW|VAL
SON,10,8,-0.11,5.61,21.34,0.6,-1.125,5.24,1.015,0.3700000000000001,5.169999999999998,0.625,AVY|BALL|BERY|GPK|IP|MYE|OI|PKG|SEE|SLGN,AVY|BALL|GPK|IP|MYE|OI|PKG|SLGN
SONM,10,10,-0.79,7.11,-24.94,-0.49,-2.21,0.030000000000000027,1.42,7.08,-25.035,0.8,AVNW|BB|CSCO|CURV|ERIC|IDCC|NOK|QCOM|UI|VZ,AVNW|BB|CSCO|CURV|ERIC|IDCC|NOK|QCOM|UI|VZ
SONO,10,8,-3.45,9.26,6.64,-1.61,-5.265,-1.885,1.8149999999999995,11.145,11.6,0.5,AAPL|ALGM|AMZN|BHE|DENN|GOOGL|LGF-A|LOGI|UEIC|VZ,AAPL|ALGM|AMZN|BHE|GOOGL|LOGI|UEIC|VZ
SONY,10,8,-0.13,12.71,3.32,0.36,0.22499999999999998,8.219999999999999,-0.355,4.490000000000002,2.04,0.5,AAPL|AMZN|DIS|EA|GOOGL|LGF-A|MSFT|NFLX|ROKU|TTWO,AAPL|AMZN|DIS|GOOGL|MSFT|NFLX|ROKU|TTWO
SOPH,10,9,9.19,30.0,70.84,0.48,9.53,13.72,-0.33999999999999986,16.28,47.96000000000001,0.4444444444444444,CRSP|DNA|EDIT|GH|ILMN|NTLA|OMIC|PACB|QGEN|TXG,CRSP|DNA|EDIT|GH|ILMN|NTLA|PACB|QGEN|TXG
SORA,0,0,-20.9,10.36,-10.58,-1.64,,,,,,,,
SOS,10,8,1.75,-12.03,-13.66,1.11,4.3,-2.67,-2.55,-9.36,-0.625,0.125,ANY|ARBK|BITF|BTBT|CAN|EBON|HUT|MARA|RIOT|SLAI,ANY|ARBK|BTBT|CAN|EBON|HUT|MARA|RIOT
SOTK,10,10,5.72,-2.5,6.24,3.42,-9.850000000000001,-8.14,15.57,5.640000000000001,15.98,1.0,ASYS|AXTI|COHU|FORM|KLIC|LITE|MKSI|ONTO|UCTT|VECO,ASYS|AXTI|COHU|FORM|KLIC|LITE|MKSI|ONTO|UCTT|VECO
SOUL,0,0,-0.1,0.53,1.16,0.0,,,,,,,,
SOUN,10,10,-7.69,6.89,-18.28,-3.56,-2.1950000000000003,23.165,-5.495,-16.275,-30.330000000000002,0.1,AI|ASAN|CRM|CRNC|GOOGL|IBM|MSFT|NCNO|NVDA|PLTR,AI|ASAN|CRM|CRNC|GOOGL|IBM|MSFT|NCNO|NVDA|PLTR
SOWG,9,8,-5.14,-9.79,61.2,-7.52,-1.68,-1.3050000000000002,-3.46,-8.485,65.25,0.25,BYND|DNUT|LWAY|MZTI|NATR|PRMW|SFM|SMPL|UNFI,BYND|DNUT|LWAY|MZTI|NATR|SFM|SMPL|UNFI
SPAI,0,0,14.06,35.19,29.37,-3.77,,,,,,,,
SPB,10,10,-5.24,-3.44,15.37,-3.18,-2.26,0.45999999999999996,-2.9800000000000004,-3.9,2.174999999999999,0.1,CHD|CLX|EL|ENR|HAS|HRL|JAKK|KMB|NWL|PG,CHD|CLX|EL|ENR|HAS|HRL|JAKK|KMB|NWL|PG
SPCB,10,10,-2.5,-0.18,0.83,0.69,-1.9899999999999998,5.74,-0.5100000000000002,-5.92,4.645,0.5,ADT|ALLE|AQMS|BKYI|INVE|NSSC|ONDS|RVSN|VRME|VTSI,ADT|ALLE|AQMS|BKYI|INVE|NSSC|ONDS|RVSN|VRME|VTSI
SPCE,10,8,-2.87,14.23,23.48,-4.74,-3.585,4.3549999999999995,0.7149999999999999,9.875,22.490000000000002,0.75,BA|GD|IRDM|LLAP|LMT|NOC|NOVA|RKLB|SPIR|TXT,BA|GD|IRDM|LMT|NOC|RKLB|SPIR|TXT
SPEG,0,0,0.0,0.49,1.07,0.19,,,,,,,,
SPFI,10,8,-3.4,0.52,9.93,-0.32,-3.9299999999999997,-2.23,0.5299999999999998,2.75,3.9699999999999998,0.75,ABCB|BANF|CASH|EBTC|EFSC|FIBK|FMBH|HTLF|SFNC|SYBT,ABCB|BANF|CASH|EFSC|FIBK|FMBH|SFNC|SYBT
SPG,7,6,0.04,-2.06,8.56,-0.72,-0.445,-5.095,0.485,3.0349999999999997,6.545,1.0,BFS|CBL|FRT|KIM|MAC|REG|WSR,BFS|CBL|FRT|KIM|MAC|REG
SPGI,10,9,1.89,0.38,9.19,0.94,1.31,1.94,0.5799999999999998,-1.56,3.5999999999999996,0.6666666666666666,DNB|FCN|FDS|ICE|IHS|INFO|MCO|MSCI|NDAQ|VRSK,FCN|FDS|ICE|IHS|INFO|MCO|MSCI|NDAQ|VRSK
SPH,10,10,1.0,-3.97,-13.14,-0.3,2.01,0.8550000000000001,-1.0099999999999998,-4.825,-18.075,0.1,ATO|CCEC|CQP|E|NJR|OKE|PBA|SRE|UGI|UGP,ATO|CCEC|CQP|E|NJR|OKE|PBA|SRE|UGI|UGP
SPHL,0,0,-6.24,2.95,-0.94,2.15,,,,,,,,
SPHR,10,9,-9.09,15.99,19.31,0.35,2.02,12.79,-11.11,3.200000000000001,7.089999999999998,0.0,AMCX|CMCSA|CNK|DIS|FUBO|IMAX|LGF-A|LYV|NFLX|ROKU,AMCX|CMCSA|CNK|DIS|FUBO|IMAX|LYV|NFLX|ROKU
SPIR,10,9,-6.94,13.49,-35.4,-5.31,-5.92,3.86,-1.0200000000000005,9.63,-32.93,0.4444444444444444,BA|GSAT|IRDM|PL|RDW|RKLB|SATL|SATX|SPCE|TRMB,BA|GSAT|IRDM|PL|RDW|RKLB|SATL|SPCE|TRMB
SPKL,0,0,-1.11,-5.41,-6.94,0.0,,,,,,,,
SPMC,10,9,-11.36,-10.84,-15.42,-1.52,-4.53,12.74,-6.829999999999999,-23.58,-19.259999999999998,0.0,APO|ARES|BX|CGBD|CIF|HTGC|KKR|NMFC|TCPC|TPVG,APO|ARES|BX|CGBD|HTGC|KKR|NMFC|TCPC|TPVG
SPNT,10,10,1.08,-4.36,-0.84,0.43,-0.53,-2.1350000000000002,1.61,-2.225,-3.66,0.9,ACGL|AFL|AIG|ALL|HIG|MET|RNR|TEAD|TRV|WRB,ACGL|AFL|AIG|ALL|HIG|MET|RNR|TEAD|TRV|WRB
SPOK,10,10,-4.96,-1.83,-5.3,-0.24,-1.555,0.495,-3.4050000000000002,-2.325,3.6900000000000004,0.1,AD|ADTN|CALX|CMTL|CSCO|ERIC|INTC|T|TMUS|VZ,AD|ADTN|CALX|CMTL|CSCO|ERIC|INTC|T|TMUS|VZ
SPOT,10,10,8.04,13.53,24.23,0.93,1.1749999999999998,5.15,6.864999999999999,8.379999999999999,23.5,1.0,AAPL|AMZN|DIS|GOOGL|LYV|NFLX|ROKU|SIRI|SNAP|TME,AAPL|AMZN|DIS|GOOGL|LYV|NFLX|ROKU|SIRI|SNAP|TME
SPPL,10,9,0.83,-27.03,-17.06,10.45,-0.25,36.73,1.08,-63.76,-60.58,0.5555555555555556,APPN|ASAN|CXM|MDB|NOW|OKTA|PD|SMAR|TEAM|ZS,APPN|ASAN|CXM|MDB|NOW|OKTA|PD|TEAM|ZS
SPPP,4,4,5.97,9.78,-3.08,0.79,-2.485,-12.620000000000001,8.455,22.4,-2.1950000000000003,1.0,NCMI|PAL|PDLB|PLG,NCMI|PAL|PDLB|PLG
SPRB,0,0,3.5,15.49,-0.01,-2.74,,,,,,,,
SPRC,10,8,0.67,39.15,64.27,-1.82,-0.10500000000000004,-4.405,0.7750000000000001,43.555,103.66999999999999,0.625,AFMD|BCTX|BFRG|CMND|GOVX|HCWB|MRKR|MTVA|QNTM|SYBX,BCTX|BFRG|CMND|GOVX|HCWB|MRKR|MTVA|QNTM
SPRO,10,9,-1.61,-3.94,-53.61,-0.81,2.98,1.12,-4.59,-5.0600000000000005,-47.51,0.3333333333333333,AMRX|ANIP|AVIR|CBIO|CDTX|CSBR|DSGN|FENC|HURA|TVRD,AMRX|ANIP|AVIR|CBIO|CSBR|DSGN|FENC|HURA|TVRD
SPRU,9,8,2.73,-17.54,-33.8,2.17,-3.91,-4.49,6.640000000000001,-13.049999999999999,-4.724999999999998,1.0,ARRY|CSIQ|ENPH|FSLR|JKS|MAXN|NEE|RUN|SEDG,ARRY|CSIQ|ENPH|FSLR|JKS|NEE|RUN|SEDG
SPRY,10,10,-5.0,-4.37,-25.71,-9.21,2.71,1.36,-7.71,-5.73,-32.25,0.0,ALNY|ARWR|ASND|ENTA|IONS|NBIX|RARE|RNA|SRPT|VRTX,ALNY|ARWR|ASND|ENTA|IONS|NBIX|RARE|RNA|SRPT|VRTX
SPSC,10,10,0.05,32.09,47.77,-1.67,-0.34,26.060000000000002,0.39,6.030000000000001,33.115,0.5,ADBE|AMZN|CRM|INTU|MANH|MSFT|ORCL|SAP|SHOP|WDAY,ADBE|AMZN|CRM|INTU|MANH|MSFT|ORCL|SAP|SHOP|WDAY
SPT,10,10,2.26,33.97,49.93,1.65,-1.62,26.060000000000002,3.88,7.909999999999997,33.165,0.7,ADBE|CRM|DOCU|HUBS|MSFT|NOW|TEAM|TWLO|WDAY|ZM,ADBE|CRM|DOCU|HUBS|MSFT|NOW|TEAM|TWLO|WDAY|ZM
SPWH,10,8,-3.75,0.43,-8.33,-2.94,-4.21,-11.629999999999999,0.45999999999999996,12.059999999999999,0.1399999999999988,0.5,BGFV|COLM|CROX|DECK|DKS|GOLF|LULU|NKE|TTSH|VFC,COLM|CROX|DECK|DKS|GOLF|LULU|NKE|VFC
SPWR,10,9,9.87,-54.41,-74.67,6.31,-3.62,-7.97,13.489999999999998,-46.44,-46.24,1.0,ARRY|CSIQ|ENPH|FSLR|JKS|MAXN|RUN|SEDG|TSLA|XIFR,ARRY|CSIQ|ENPH|FSLR|JKS|RUN|SEDG|TSLA|XIFR
SPXC,10,10,-3.07,-6.12,0.04,-1.07,-4.755,0.455,1.685,-6.575,-8.415000000000001,0.7,AIT|AME|DOV|EMR|ETN|IEX|IR|JCI|ROK|XYL,AIT|AME|DOV|EMR|ETN|IEX|IR|JCI|ROK|XYL
SQFT,10,10,1.71,-35.43,-50.66,1.71,-0.385,-3.085,2.0949999999999998,-32.345,-62.675,1.0,BXP|CUZ|FRT|HIW|HPP|NNN|O|REG|SLG|VNO,BXP|CUZ|FRT|HIW|HPP|NNN|O|REG|SLG|VNO
SQM,10,9,7.54,12.12,-4.64,2.95,3.73,-2.47,3.81,14.59,10.170000000000002,1.0,ALB|ASX|AVD|CMP|FMC|LAC|MOS|PLL|SGML|SVM,ALB|ASX|AVD|CMP|FMC|LAC|MOS|SGML|SVM
SQNS,10,10,6.27,14.23,-29.07,1.33,-3.575,-8.88,9.844999999999999,23.11,-16.3,0.9,AMD|AVGO|INTC|MRVL|NVDA|NXPI|QCOM|STM|SWKS|TXN,AMD|AVGO|INTC|MRVL|NVDA|NXPI|QCOM|STM|SWKS|TXN
SR,10,10,1.59,2.64,-2.84,0.87,0.415,-3.225,1.175,5.865,-1.525,0.7,AEE|ATO|CMS|DTE|NI|NWN|OGS|PNW|UGI|WEC,AEE|ATO|CMS|DTE|NI|NWN|OGS|PNW|UGI|WEC
SRAD,10,9,-6.08,-10.68,-4.31,-2.26,-0.44,-6.11,-5.64,-4.569999999999999,-11.79,0.1111111111111111,BALY|CHDN|CZR|DKNG|GAN|GENI|MGM|PENN|RSI|SGHC,BALY|CHDN|CZR|DKNG|GENI|MGM|PENN|RSI|SGHC
SRBK,10,9,-0.39,5.26,11.36,-0.88,-3.9,-2.27,3.51,7.529999999999999,-0.33000000000000007,1.0,BAC|BK|C|GS|JPM|MS|PNC|TFC|USB|WFC,BAC|C|GS|JPM|MS|PNC|TFC|USB|WFC
SRCE,10,10,-3.58,3.16,16.3,-0.3,-4.550000000000001,-0.52,0.9700000000000006,3.68,6.675000000000001,0.7,CFFN|FNB|GBCI|HOMB|NKSH|PB|SFBS|UBSI|WSBC|WTFC,CFFN|FNB|GBCI|HOMB|NKSH|PB|SFBS|UBSI|WSBC|WTFC
SRE,10,10,1.53,-5.64,-4.0,2.58,-0.375,-3.385,1.905,-2.255,-3.975,1.0,AEP|D|DUK|ED|EXC|NEE|PEG|PPL|SO|XEL,AEP|D|DUK|ED|EXC|NEE|PEG|PPL|SO|XEL
SRFM,9,8,-12.16,-13.99,-40.61,0.36,-10.57,-9.004999999999999,-1.5899999999999999,-4.985000000000001,-43.519999999999996,0.25,AAL|ALK|AZUL|DAL|JBLU|LUV|SAVE|SKYW|UAL,AAL|ALK|AZUL|DAL|JBLU|LUV|SKYW|UAL
SRG,10,9,-9.53,-13.35,-14.43,-0.72,-0.27,-5.51,-9.26,-7.84,-16.24,0.0,AKR|BFS|CBL|FRT|KIM|MAC|REG|ROIC|SPG|UE,AKR|BFS|CBL|FRT|KIM|MAC|REG|SPG|UE
SRI,10,9,-0.07,-4.66,2.39,-3.09,-2.9,0.93,2.83,-5.59,7.0600000000000005,0.6666666666666666,ADNT|ALV|APTV|AXL|BWA|LEA|MGA|MOD|TEN|VC,ADNT|ALV|APTV|BWA|LEA|MGA|MOD|TEN|VC
SRL,10,9,-0.08,14.19,-3.42,-0.75,0.6,-2.54,-0.6799999999999999,16.73,-0.5800000000000001,0.2222222222222222,ENB|ENLC|EPD|ET|KMI|MPLX|OKE|PBA|TRP|WMB,ENB|EPD|ET|KMI|MPLX|OKE|PBA|TRP|WMB
SRPT,10,8,1.71,18.43,9.44,-5.07,3.76,7.334999999999999,-2.05,11.095,4.56,0.375,ALNY|BLUE|BMRN|EXEL|IONS|PFE|PRTA|PTCT|RDUS|VRTX,ALNY|BMRN|EXEL|IONS|PFE|PRTA|PTCT|VRTX
SRRK,10,8,4.56,14.87,14.68,-1.82,3.38,13.11,1.1799999999999997,1.7599999999999998,4.449999999999999,0.75,BLUE|BMRN|FOLD|IONS|NBIX|RARE|REGN|SRPT|TVRD|VRTX,BMRN|IONS|NBIX|RARE|REGN|SRPT|TVRD|VRTX
SRTA,10,9,-0.92,16.44,6.77,0.42,-10.63,-9.0,9.71,25.44,4.88,1.0,AAL|ALGT|ALK|CPA|DAL|JBLU|LUV|SAVE|SKYW|UAL,AAL|ALGT|ALK|CPA|DAL|JBLU|LUV|SKYW|UAL
SRTS,10,8,-5.38,-1.64,-9.94,-0.66,1.4300000000000002,0.2849999999999999,-6.8100000000000005,-1.9249999999999998,-22.6,0.25,ARAY|CUTR|CYRX|HOLX|ICUI|INMD|IRIX|OSUR|STXS|TMO,ARAY|CYRX|ICUI|INMD|IRIX|OSUR|STXS|TMO
SRXH,9,9,-0.81,-7.86,-73.6,-2.67,-2.37,-0.62,1.56,-7.24,-86.41,0.6666666666666666,BRBR|BV|CENT|FRPT|HELE|JWEL|MNST|NOMD|SMPL,BRBR|BV|CENT|FRPT|HELE|JWEL|MNST|NOMD|SMPL
SRZN,10,9,-0.29,8.93,-12.53,-1.46,6.08,13.97,-6.37,-5.040000000000001,-24.63,0.0,ALNY|ARWR|BIIB|BLUE|CRSP|EDIT|IONS|NTLA|SRPT|VRTX,ALNY|ARWR|BIIB|CRSP|EDIT|IONS|NTLA|SRPT|VRTX
SSB,10,10,-4.22,3.95,12.34,-0.81,-4.12,-2.155,-0.09999999999999964,6.105,4.164999999999999,0.5,BOKF|CFR|FHN|HBAN|KEY|PNC|RF|SFNC|WSBC|WTFC,BOKF|CFR|FHN|HBAN|KEY|PNC|RF|SFNC|WSBC|WTFC
SSBI,10,10,-0.66,-2.84,-3.93,0.27,-3.67,2.96,3.01,-5.8,-17.04,0.9,CZNC|FMBH|FUNC|FVCB|HBT|OPBK|PEBK|RBB|SFBC|VLY,CZNC|FMBH|FUNC|FVCB|HBT|OPBK|PEBK|RBB|SFBC|VLY
SSD,10,9,-3.24,1.14,2.13,-2.22,-2.54,0.37,-0.7000000000000002,0.7699999999999999,-7.29,0.3333333333333333,AMWD|BLDR|DHI|LPX|MAS|MTH|NVR|OC|PHM|TREX,BLDR|DHI|LPX|MAS|MTH|NVR|OC|PHM|TREX
SSEA,0,0,0.58,0.49,1.67,0.1,,,,,,,,
SSII,0,0,-7.83,-1.4,-10.52,-1.94,,,,,,,,
SSL,10,9,9.97,8.71,-5.56,1.69,6.25,9.11,3.7200000000000006,-0.3999999999999986,-14.649999999999999,1.0,COP|CVX|EOG|FANG|HES|MPC|OXY|PSX|VLO|XOM,COP|CVX|EOG|FANG|MPC|OXY|PSX|VLO|XOM
SSM,0,0,-9.62,-41.4,-39.74,-9.27,,,,,,,,
SSNC,10,10,0.62,23.18,22.85,0.3,0.32999999999999996,27.095,0.29000000000000004,-3.914999999999999,-2.5,0.6,ADSK|BLKB|FIS|INTU|PAYC|PAYX|PCTY|SAP|TYL|VEEV,ADSK|BLKB|FIS|INTU|PAYC|PAYX|PCTY|SAP|TYL|VEEV
SSP,10,8,-1.34,4.26,-0.45,-4.48,-1.28,6.1499999999999995,-0.06000000000000005,-1.8899999999999997,-3.8850000000000002,0.5,CHTR|CMLS|FOX|GTN|NXST|ROKU|SBGI|TGNA|TMUS|TTWO,CHTR|FOX|GTN|NXST|ROKU|SBGI|TMUS|TTWO
SSRM,10,10,12.79,27.85,16.79,1.47,13.61,32.644999999999996,-0.8200000000000003,-4.794999999999995,1.0799999999999983,0.4,AEM|B|EGO|GFI|HL|IAG|KGC|NEM|NG|PAAS,AEM|B|EGO|GFI|HL|IAG|KGC|NEM|NG|PAAS
SST,10,10,14.12,7.78,-24.51,-5.83,-0.34,20.03,14.459999999999999,-12.25,-27.340000000000003,1.0,ADBE|AMZN|CRM|GOOGL|INTU|MSFT|NFLX|ORCL|PYPL|ZM,ADBE|AMZN|CRM|GOOGL|INTU|MSFT|NFLX|ORCL|PYPL|ZM
SSTI,10,10,-26.58,-26.67,-11.62,-1.07,-10.774999999999999,12.530000000000001,-15.805,-39.2,-50.644999999999996,0.1,AXON|DT|OKTA|PANW|QLYS|RPD|TENB|VERI|VRNS|ZS,AXON|DT|OKTA|PANW|QLYS|RPD|TENB|VERI|VRNS|ZS
SSTK,10,10,-9.8,-28.38,-66.07,-4.25,-2.0149999999999997,7.444999999999999,-7.785000000000001,-35.824999999999996,-71.96,0.1,AAPL|ADBE|ETSY|GETY|GOOGL|MSFT|NFLX|PINS|SNAP|ZM,AAPL|ADBE|ETSY|GETY|GOOGL|MSFT|NFLX|PINS|SNAP|ZM
SSYS,10,8,-9.75,-1.4,-3.17,-5.83,-6.68,11.285,-3.0700000000000003,-12.685,-10.215,0.375,ADSK|DDD|DM|MKFG|MTLS|NNDM|PRLB|PTC|SNOW|VIVS,ADSK|DDD|MTLS|NNDM|PRLB|PTC|SNOW|VIVS
ST,10,10,-7.09,-8.16,-11.61,-1.34,-5.525,0.42500000000000004,-1.5649999999999995,-8.585,-18.68,0.4,AMPH|FLEX|GRMN|HON|IEX|LDOS|ON|RBC|TDY|TER,AMPH|FLEX|GRMN|HON|IEX|LDOS|ON|RBC|TDY|TER
STAA,10,10,-5.57,-3.2,-27.62,-3.0,-1.045,8.85,-4.525,-12.05,-33.885000000000005,0.1,ABT|ALGN|BSX|EW|EYE|ISRG|JNJ|MDT|NVS|SYK,ABT|ALGN|BSX|EW|EYE|ISRG|JNJ|MDT|NVS|SYK
STAG,10,10,-1.17,-11.58,-4.65,0.23,-0.66,-4.475,-0.5099999999999999,-7.105,-6.2700000000000005,0.3,CIA|CPT|DEI|EGP|FR|MLP|PLD|PSA|REXR|TRNO,CIA|CPT|DEI|EGP|FR|MLP|PLD|PSA|REXR|TRNO
STAK,0,0,-18.35,-1.53,0.78,-7.19,,,,,,,,
STBA,10,10,-3.37,0.44,10.81,-0.59,-4.300000000000001,-0.905,0.9300000000000006,1.345,-1.08,0.8,FFBC|FNB|HBNC|MBWM|ONB|PEBO|TMP|UBSI|WASH|WSBC,FFBC|FNB|HBNC|MBWM|ONB|PEBO|TMP|UBSI|WASH|WSBC
STC,10,10,1.39,-1.55,0.75,-0.39,0.05499999999999999,2.835,1.335,-4.385,-5.9,0.8,CIM|ESNT|FAF|FNF|HTGC|ITIC|MTG|ORC|RCG|RPT,CIM|ESNT|FAF|FNF|HTGC|ITIC|MTG|ORC|RCG|RPT
STE,9,9,0.75,12.96,10.13,0.39,1.19,14.29,-0.43999999999999995,-1.3299999999999983,-7.880000000000001,0.4444444444444444,ABT|BDX|BSX|DHR|HSIC|ISRG|SYK|WST|ZBH,ABT|BDX|BSX|DHR|HSIC|ISRG|SYK|WST|ZBH
STEM,9,7,-10.46,-7.03,-37.22,-2.99,-3.62,-4.19,-6.840000000000001,-2.84,-25.81,0.0,AES|AY|CSIQ|ENPH|FSLR|NEE|NOVA|RUN|SEDG,AES|CSIQ|ENPH|FSLR|NEE|RUN|SEDG
STEP,10,10,-5.48,19.47,-4.37,-1.48,-4.95,10.265,-0.5300000000000002,9.204999999999998,-11.735,0.4,APO|ARES|BX|CG|FSK|ICMB|KKR|NMFC|PAGP|TPVG,APO|ARES|BX|CG|FSK|ICMB|KKR|NMFC|PAGP|TPVG
STEX,0,0,-4.19,8.93,-23.9,6.39,,,,,,,,
STFS,0,0,0.03,5.57,-57.7,-2.65,,,,,,,,
STG,10,9,-7.29,-20.78,-3.48,-2.24,-0.99,9.87,-6.3,-30.65,1.6099999999999999,0.1111111111111111,ATHM|BEDU|CHGG|DAO|EDU|FEDU|GOTU|LX|TAL|YQ,ATHM|CHGG|DAO|EDU|FEDU|GOTU|LX|TAL|YQ
STGW,10,9,-8.09,21.21,37.57,-1.8,2.8,18.6,-10.89,2.6099999999999994,16.44,0.0,ACN|EXPO|FCN|HHS|IPG|IT|OMC|PRSU|QUAD|WPP,ACN|EXPO|FCN|HHS|IT|OMC|PRSU|QUAD|WPP
STHO,10,10,0.36,4.45,13.98,3.78,-5.5649999999999995,10.265,5.925,-5.815,2.164999999999999,0.8,APO|ARES|BAM|BX|CG|CNS|IVZ|KKR|PAGP|TROW,APO|ARES|BAM|BX|CG|CNS|IVZ|KKR|PAGP|TROW
STI,10,10,-0.13,16.03,61.02,2.15,-4.1850000000000005,-7.630000000000001,4.055000000000001,23.660000000000004,65.21000000000001,0.9,ADI|AMAT|AMD|AVGO|INTC|LRCX|MU|NVDA|QCOM|TXN,ADI|AMAT|AMD|AVGO|INTC|LRCX|MU|NVDA|QCOM|TXN
STIM,9,7,2.31,60.62,160.5,-1.27,0.0,3.33,2.31,57.29,160.03,0.5714285714285714,BLDR|CANF|COHR|GNFT|NOVA|NVCR|SENS|XERS|XFOR,BLDR|CANF|COHR|NVCR|SENS|XERS|XFOR
STKE,0,0,13.19,1.68,-30.24,1.68,,,,,,,,
STKH,10,9,33.33,128.48,-9.22,9.71,0.61,-0.8,32.72,129.28,-17.740000000000002,1.0,BRFS|BYND|CAG|HRL|KHC|MZTI|NOMD|POST|PPC|TSN,BYND|CAG|HRL|KHC|MZTI|NOMD|POST|PPC|TSN
STKS,9,9,-6.67,-6.15,-11.58,0.6,-4.09,13.88,-2.58,-20.03,-43.2,0.2222222222222222,BJRI|BLMN|CAKE|DIN|DRI|EAT|PLAY|RRGB|TXRH,BJRI|BLMN|CAKE|DIN|DRI|EAT|PLAY|RRGB|TXRH
STLA,10,10,-2.98,-10.17,-30.81,-4.05,1.035,-2.915,-4.015,-7.255,-31.435,0.1,F|GM|HMC|LCID|LI|NIO|RIVN|TM|TSLA|XPEV,F|GM|HMC|LCID|LI|NIO|RIVN|TM|TSLA|XPEV
STLD,7,5,-14.74,-6.92,-2.7,-3.84,-8.51,3.79,-6.23,-10.71,-11.2,0.0,ATI|CMC|MT|NUE|RS|X|ZEUS,ATI|CMC|MT|NUE|RS
STM,10,10,-7.12,-23.86,-22.87,-0.64,-1.88,-7.290000000000001,-5.24,-16.57,-10.100000000000001,0.2,ADI|AVGO|MCHP|MPWR|NXPI|ON|QRVO|SLAB|SWKS|TXN,ADI|AVGO|MCHP|MPWR|NXPI|ON|QRVO|SLAB|SWKS|TXN
STN,10,9,-0.16,8.58,-1.34,-1.22,0.31,4.24,-0.47,4.34,-18.46,0.3333333333333333,ACM|FLR|GVA|ICFI|J|KBR|NVEE|PWR|TOL|TTEK,ACM|FLR|GVA|ICFI|J|KBR|PWR|TOL|TTEK
STNE,10,10,-9.67,-18.65,-16.37,-2.42,-2.465,3.6849999999999996,-7.205,-22.334999999999997,-28.41,0.0,AFRM|EVR|FIS|GPN|ITT|JPM|MA|PYPL|V|XYZ,AFRM|EVR|FIS|GPN|ITT|JPM|MA|PYPL|V|XYZ
STNG,10,10,0.89,0.99,-2.99,0.05,4.18,10.57,-3.2899999999999996,-9.58,-10.14,0.1,ASC|DHT|ESEA|FRO|GASS|HASI|INSW|NAT|SFL|TNK,ASC|DHT|ESEA|FRO|GASS|HASI|INSW|NAT|SFL|TNK
STOK,10,9,-1.25,6.77,2.06,-6.39,2.61,13.97,-3.86,-7.200000000000001,-8.959999999999999,0.1111111111111111,ALNY|ARWR|CRSP|EDIT|FOLD|NTLA|PTCT|RARE|SRPT|VRTX,ALNY|ARWR|CRSP|EDIT|NTLA|PTCT|RARE|SRPT|VRTX
STRA,10,9,0.87,11.96,3.49,0.01,-1.5,-2.14,2.37,14.100000000000001,11.950000000000001,0.6666666666666666,APEI|ATGE|CHGG|EXLS|LAUR|LOPE|LRN|NRDY|PRDO|UTI,APEI|CHGG|EXLS|LAUR|LOPE|LRN|NRDY|PRDO|UTI
STRC,0,0,0.27,10.43,-0.49,0.23,,,,,,,,
STRL,10,10,-6.13,-27.81,-30.95,-2.88,-1.4549999999999998,0.125,-4.675,-27.935,-26.43,0.0,ACM|DY|EME|FLR|GVA|J|MTZ|PRIM|ROAD|TTEK,ACM|DY|EME|FLR|GVA|J|MTZ|PRIM|ROAD|TTEK
STRO,10,6,-2.03,-10.78,-32.94,-4.71,2.66,4.485,-4.6899999999999995,-15.265,-17.61,0.3333333333333333,ADAP|ARVN|BCYC|IMTX|KPTI|NCNA|ONCT|PSTX|SRRK|SYBX,ARVN|BCYC|IMTX|KPTI|NCNA|SRRK
STRR,10,10,-2.51,-6.25,-5.71,2.27,1.645,10.075,-4.154999999999999,-16.325,-68.715,0.2,BBSI|CTAS|HQI|INSW|KELYA|MAN|NSP|RCMT|RHI|TBI,BBSI|CTAS|HQI|INSW|KELYA|MAN|NSP|RCMT|RHI|TBI
STRT,10,10,-1.3,-6.15,12.9,-1.0,-1.91,-0.43,0.6099999999999999,-5.720000000000001,10.615,0.5,ADNT|ALV|BWA|DORM|GNTX|LEA|MGA|MOD|THRM|VC,ADNT|ALV|BWA|DORM|GNTX|LEA|MGA|MOD|THRM|VC
STRW,10,9,-0.6,-3.08,3.32,0.06,-0.15,-5.88,-0.44999999999999996,2.8,4.08,0.3333333333333333,AKR|BRX|FRT|KIM|KRG|NNN|O|REG|ROIC|WPC,AKR|BRX|FRT|KIM|KRG|NNN|O|REG|WPC
STRZ,0,0,-2.36,4.27,29.82,0.7,,,,,,,,
STT,10,9,-2.31,0.12,20.38,-0.17,-2.27,3.64,-0.040000000000000036,-3.52,8.799999999999999,0.4444444444444444,BAC|BEN|BK|BLK|GS|IVZ|JPM|NTRS|SCHW|TROW,BAC|BEN|BLK|GS|IVZ|JPM|NTRS|SCHW|TROW
STTK,9,6,0.48,4.77,19.21,-3.98,4.82,-1.8,-4.34,6.569999999999999,11.145000000000001,0.3333333333333333,ADAP|AFMD|ALDX|ALXO|DTIL|FATE|HOOK|IMTX|KURA,ALDX|ALXO|DTIL|FATE|IMTX|KURA
STUB,0,0,-11.24,-21.47,-31.83,-1.78,,,,,,,,
STVN,10,10,3.02,14.46,24.9,2.12,4.24,14.004999999999999,-1.2200000000000002,0.45500000000000185,-5.620000000000001,0.3,ABT|BDX|BIO|BRKR|DHR|ILMN|MMM|MTD|TMO|ZBH,ABT|BDX|BIO|BRKR|DHR|ILMN|MMM|MTD|TMO|ZBH
STWD,10,10,0.58,-0.21,-4.05,-0.71,-1.775,0.8400000000000001,2.355,-1.05,0.5750000000000002,1.0,ABR|ACRE|ARI|BXMT|GPMT|KREF|LADR|RC|SLG|TRTX,ABR|ACRE|ARI|BXMT|GPMT|KREF|LADR|RC|SLG|TRTX
STX,10,10,-7.27,-5.91,13.76,2.68,-2.795,-8.88,-4.475,2.9700000000000006,16.1,0.2,AMD|AVGO|INTC|MCHP|MRVL|MU|NVDA|QRVO|TXN|WDC,AMD|AVGO|INTC|MCHP|MRVL|MU|NVDA|QRVO|TXN|WDC
STXS,10,9,0.72,-6.71,-24.86,0.72,1.19,14.25,-0.47,-20.96,-35.03,0.4444444444444444,ABT|BSX|EW|GMED|ISRG|JNJ|MASI|MDT|SYK|ZBH,ABT|BSX|EW|GMED|ISRG|JNJ|MDT|SYK|ZBH
STZ,8,8,-1.88,1.29,-11.5,0.22,0.0,3.3200000000000003,-1.88,-2.0300000000000002,-17.945,0.25,BAP|BF-B|BUD|CCBG|CCU|DEO|SAM|TAP,BAP|BF-B|BUD|CCBG|CCU|DEO|SAM|TAP
SU,10,9,4.44,5.59,0.74,1.26,6.25,9.11,-1.8099999999999996,-3.5199999999999996,-8.35,0.2222222222222222,COP|CVX|EOG|FANG|HES|MPC|OXY|PSX|VLO|XOM,COP|CVX|EOG|FANG|MPC|OXY|PSX|VLO|XOM
SUGP,10,9,41.25,7.41,-87.33,3.48,-2.83,-0.61,44.08,8.02,-97.07,1.0,AXP|BAC|BK|BLK|C|GS|JPM|MS|SCHW|WFC,AXP|BAC|BLK|C|GS|JPM|MS|SCHW|WFC
SUI,10,9,1.63,2.08,-0.68,0.07,0.24,0.69,1.39,1.3900000000000001,-4.739999999999999,0.8888888888888888,AIV|AMH|AVB|CPT|ELS|EQR|ESS|INVH|MAA|UMH,AIV|AMH|AVB|CPT|ELS|ESS|INVH|MAA|UMH
SUIG,10,10,6.0,-20.5,-45.04,-0.53,-1.875,6.615,7.875,-27.115000000000002,-48.445,1.0,ARCC|FDUS|GLAD|HTGC|MAIN|NMFC|PFLT|PNNT|PSEC|TPVG,ARCC|FDUS|GLAD|HTGC|MAIN|NMFC|PFLT|PNNT|PSEC|TPVG
SUN,10,9,3.05,0.96,6.53,-0.26,1.37,5.85,1.6799999999999997,-4.89,-30.299999999999997,0.6666666666666666,CVI|DK|MPC|MUR|NGL|PARR|PBF|PSX|RYI|VLO,CVI|DK|MPC|MUR|NGL|PARR|PBF|PSX|VLO
SUNC,0,0,1.97,0.96,7.15,-0.05,,,,,,,,
SUNE,10,10,-12.06,-5.72,93.48,0.23,-0.475,-4.0600000000000005,-11.585,-1.6599999999999993,94.315,0.0,AWK|D|DUK|ED|NEE|PEG|PNW|SO|SRE|XEL,AWK|D|DUK|ED|NEE|PEG|PNW|SO|SRE|XEL
SUNS,10,10,1.4,-6.0,-5.88,-1.11,-0.05499999999999999,-3.35,1.4549999999999998,-2.65,-8.094999999999999,1.0,BXP|FRT|KIM|NNN|O|REG|SLG|SPG|VNO|WPC,BXP|FRT|KIM|NNN|O|REG|SLG|SPG|VNO|WPC
SUPN,10,8,1.05,1.5,-2.15,-1.84,2.425,4.445,-1.3749999999999998,-2.9450000000000003,-11.455,0.375,ACAD|AXNX|DRRX|INSM|MNKD|NBIX|PTCT|TEVA|UTHR|XENE,ACAD|INSM|MNKD|NBIX|PTCT|TEVA|UTHR|XENE
SUPV,10,10,-5.58,-22.27,2.18,4.05,-4.835,-9.975000000000001,-0.7450000000000001,-12.294999999999998,-2.8350000000000004,0.4,BBAR|BBD|BCH|BMA|BSAC|GGAL|ITUB|KB|SHG|WF,BBAR|BBD|BCH|BMA|BSAC|GGAL|ITUB|KB|SHG|WF
SUPX,10,10,-3.6,-7.59,-37.32,-0.74,-1.7850000000000001,9.5,-1.815,-17.09,-32.0,0.3,AAPL|ADBE|AMZN|CRM|GOOGL|INTC|META|MSFT|NFLX|ORCL,AAPL|ADBE|AMZN|CRM|GOOGL|INTC|META|MSFT|NFLX|ORCL
SURG,10,10,-32.16,-36.22,-66.55,-31.62,-2.4299999999999997,1.6800000000000002,-29.729999999999997,-37.9,-65.595,0.0,ATHM|ATNI|EGHT|IDT|NCMI|NTES|PERI|SPOK|TDS|TKC,ATHM|ATNI|EGHT|IDT|NCMI|NTES|PERI|SPOK|TDS|TKC
SUZ,10,8,7.13,1.3,1.3,2.58,-1.125,6.335,8.254999999999999,-5.035,-16.514999999999997,1.0,AVY|CLW|GLT|GPK|IP|MERC|PKG|SEE|SON|WY,AVY|CLW|GPK|IP|MERC|PKG|SON|WY
SVC,10,10,-2.45,-6.67,-9.94,-0.38,2.875,-5.405,-5.325,-1.2649999999999997,-25.130000000000003,0.0,AHT|APLE|BHR|DRH|HST|INN|PEB|PK|RLJ|XHR,AHT|APLE|BHR|DRH|HST|INN|PEB|PK|RLJ|XHR
SVCC,0,0,0.28,0.57,1.52,0.0,,,,,,,,
SVCO,10,9,-14.51,-23.61,-32.16,-5.4,-3.2,-1.5,-11.309999999999999,-22.11,-21.769999999999996,0.0,ADBE|ANSS|AVGO|CDNS|CSCO|INTC|MSFT|NVDA|SNPS|TXN,ADBE|AVGO|CDNS|CSCO|INTC|MSFT|NVDA|SNPS|TXN
SVM,10,9,7.26,27.11,0.6,0.24,12.79,32.91,-5.529999999999999,-5.799999999999997,-17.83,0.0,AG|CDE|EXK|FSM|HL|NEM|PAAS|SAND|SSRM|WPM,AG|CDE|EXK|FSM|HL|NEM|PAAS|SSRM|WPM
SVRA,10,10,1.98,-4.87,5.8,-3.67,-0.8,0.9250000000000003,2.7800000000000002,-5.795,-0.7400000000000002,0.9,ACAD|ARWR|AXSM|BMRN|CRBP|HRTX|KPTI|NVAX|PTGX|RARE,ACAD|ARWR|AXSM|BMRN|CRBP|HRTX|KPTI|NVAX|PTGX|RARE
SVRE,10,9,-20.53,-11.83,-27.14,4.56,-11.03,5.03,-9.500000000000002,-16.86,-62.17,0.0,CRWD|CYBR|FTNT|NET|OKTA|PANW|QLYS|TENB|VRNS|ZS,CRWD|FTNT|NET|OKTA|PANW|QLYS|TENB|VRNS|ZS
SVRN,10,10,12.11,2.74,-8.65,4.9,5.85,8.99,6.26,-6.25,-17.200000000000003,1.0,CMRE|DAC|DSX|ESEA|GNK|GOGL|NMM|PANL|SB|SBLK,CMRE|DAC|DSX|ESEA|GNK|GOGL|NMM|PANL|SB|SBLK
SVV,9,9,-0.35,12.89,36.62,-4.47,-3.3,1.86,2.9499999999999997,11.030000000000001,30.65,0.6666666666666666,BURL|DG|DLTR|FIVE|OLLI|ROST|TGT|TJX|WMT,BURL|DG|DLTR|FIVE|OLLI|ROST|TGT|TJX|WMT
SW,9,7,-2.26,9.84,31.67,0.37,-0.83,5.61,-1.4299999999999997,4.2299999999999995,14.900000000000002,0.2857142857142857,ATR|AVY|BERY|GPK|IP|OI|PKG|SEE|SON,ATR|AVY|GPK|IP|OI|PKG|SON
SWAG,10,10,-3.08,-12.9,-2.58,0.53,-5.18,-4.08,2.0999999999999996,-8.82,-1.84,0.8,ALGT|FIX|GVA|LNN|MTZ|NWPX|ROAD|STRL|TPC|VSEC,ALGT|FIX|GVA|LNN|MTZ|NWPX|ROAD|STRL|TPC|VSEC
SWBI,10,9,-2.3,-4.17,-7.34,-0.78,-2.57,1.57,0.27,-5.74,-4.609999999999999,0.5555555555555556,GD|HII|LMT|NOC|OLN|POWW|RGR|SPWH|TXT|VSTO,GD|HII|LMT|NOC|OLN|POWW|RGR|SPWH|TXT
SWIM,10,10,-7.34,19.95,43.25,-2.58,-3.4749999999999996,3.15,-3.865,16.8,32.629999999999995,0.0,GNRC|HAYW|JELD|MAS|OC|POOL|RPM|TREX|TTC|WMS,GNRC|HAYW|JELD|MAS|OC|POOL|RPM|TREX|TTC|WMS
SWK,10,10,-3.81,10.16,31.12,-1.41,-4.455,-0.78,0.645,10.94,24.045,0.6,AIT|CMI|CSL|DOV|IR|ITW|LEG|ROP|SNAP|XYL,AIT|CMI|CSL|DOV|IR|ITW|LEG|ROP|SNAP|XYL
SWKS,9,9,-0.96,9.39,-7.07,0.89,-2.5,-8.38,1.54,17.770000000000003,5.91,0.7777777777777778,ADI|AVGO|MCHP|MPWR|NXPI|ON|QRVO|SLAB|TXN,ADI|AVGO|MCHP|MPWR|NXPI|ON|QRVO|SLAB|TXN
SWVL,10,8,0.63,5.77,-12.18,0.98,1.055,-4.85,-0.42499999999999993,10.62,-5.944999999999999,0.25,GOEV|KNDI|LCID|LYFT|NIO|TSLA|UBER|WKHS|XPEV|ZOM,KNDI|LCID|LYFT|NIO|TSLA|UBER|WKHS|XPEV
SWX,10,10,0.35,-0.48,3.07,0.7,0.9299999999999999,-3.225,-0.58,2.745,4.59,0.4,AEP|ATO|CNP|NI|NWN|OGS|PNW|SR|UGI|WEC,AEP|ATO|CNP|NI|NWN|OGS|PNW|SR|UGI|WEC
SXC,10,9,1.78,8.68,19.99,-0.05,5.79,8.17,-4.01,0.5099999999999998,12.669999999999998,0.1111111111111111,AMR|ARCH|ARLP|BTU|CNR|HCC|HNRG|METC|NRP|TECK,AMR|ARLP|BTU|CNR|HCC|HNRG|METC|NRP|TECK
SXI,10,10,-5.71,-0.24,21.71,-1.16,-1.6749999999999998,2.15,-4.035,-2.3899999999999997,15.505,0.2,ALG|DOV|ITW|LZB|MMM|MSA|NDSN|SSP|TEL|XYL,ALG|DOV|ITW|LZB|MMM|MSA|NDSN|SSP|TEL|XYL
SXT,10,10,3.06,19.12,17.42,0.56,-0.41,-0.285,3.47,19.405,7.575000000000003,0.8,ADM|CLX|ENR|FMC|HSY|IFF|KMB|MGPI|NWL|PG,ADM|CLX|ENR|FMC|HSY|IFF|KMB|MGPI|NWL|PG
SXTC,10,10,14.7,-97.66,-97.04,-16.96,5.015000000000001,9.655000000000001,9.684999999999999,-107.315,-113.56,1.0,ABBV|AMGN|AZN|BMY|GILD|JNJ|LLY|MRK|NVS|PFE,ABBV|AMGN|AZN|BMY|GILD|JNJ|LLY|MRK|NVS|PFE
SXTP,10,10,-5.93,-28.39,-20.71,-1.77,4.58,5.73,-10.51,-34.120000000000005,-34.935,0.0,ABBV|AZN|BMY|GSK|JNJ|LLY|MRK|NVS|PFE|SAN,ABBV|AZN|BMY|GSK|JNJ|LLY|MRK|NVS|PFE|SAN
SY,10,10,4.09,23.78,-12.93,-4.18,1.6649999999999998,10.524999999999999,2.425,13.255000000000003,-6.785,0.6,COE|DAO|EDU|FEDU|GOTU|HTHT|TAL|TIGR|WAFU|YQ,COE|DAO|EDU|FEDU|GOTU|HTHT|TAL|TIGR|WAFU|YQ
SYBT,10,10,-4.08,1.5,14.78,-0.52,-3.785,-0.515,-0.29499999999999993,2.015,9.92,0.5,BKU|BOH|CHCO|CUBI|FHB|FULT|OZK|PB|SFNC|WBS,BKU|BOH|CHCO|CUBI|FHB|FULT|OZK|PB|SFNC|WBS
SYF,10,9,-4.13,5.44,6.55,-3.57,-3.9,-2.02,-0.22999999999999998,7.460000000000001,-5.14,0.3333333333333333,ALLY|AXP|BAC|C|COF|DFS|GS|JPM|USB|WFC,ALLY|AXP|BAC|C|COF|GS|JPM|USB|WFC
SYK,10,10,-0.85,9.36,5.19,-0.55,0.07500000000000001,13.934999999999999,-0.925,-4.574999999999999,-8.899999999999999,0.4,ABT|BAX|BSX|EW|ISRG|JNJ|MDT|STE|TFX|ZBH,ABT|BAX|BSX|EW|ISRG|JNJ|MDT|STE|TFX|ZBH
SYM,10,10,-2.82,-4.33,-18.7,-3.33,-2.6,2.9050000000000002,-0.21999999999999975,-7.235,-20.595,0.5,AMZN|EMR|GOOGL|HON|INTC|MSFT|ROK|RTX|SAP|TDY,AMZN|EMR|GOOGL|HON|INTC|MSFT|ROK|RTX|SAP|TDY
SYNA,10,10,-7.77,-17.95,-23.76,-1.99,-1.88,-7.630000000000001,-5.89,-10.319999999999999,-9.495000000000001,0.1,ADI|AVGO|MCHP|MPWR|NXPI|ON|QCOM|SLAB|SWKS|TXN,ADI|AVGO|MCHP|MPWR|NXPI|ON|QCOM|SLAB|SWKS|TXN
SYNX,10,10,-3.77,-2.86,-11.3,0.49,-3.79,4.3549999999999995,0.020000000000000018,-7.215,-15.365000000000002,0.5,BA|CW|GD|HEI|LHX|LMT|MSI|NOC|TDY|TXT,BA|CW|GD|HEI|LHX|LMT|MSI|NOC|TDY|TXT
SYPR,10,9,-17.06,-5.14,-35.15,1.32,1.19,13.62,-18.25,-18.759999999999998,-53.57,0.0,AMPH|BAX|BDX|HOLX|ICUI|MDT|NPO|STE|XRAY|ZBH,AMPH|BAX|BDX|ICUI|MDT|NPO|STE|XRAY|ZBH
SYRE,10,10,3.9,6.71,47.14,-2.85,4.720000000000001,12.719999999999999,-0.8200000000000007,-6.009999999999999,26.28,0.1,AMGN|BIIB|BMY|GILD|LLY|MRNA|NVS|PFE|REGN|VRTX,AMGN|BIIB|BMY|GILD|LLY|MRNA|NVS|PFE|REGN|VRTX
SYY,10,8,0.81,2.56,11.62,2.07,-2.4850000000000003,2.875,3.2950000000000004,-0.31499999999999995,13.069999999999999,0.875,CHEF|COST|K|KR|MDLZ|PFGC|SFM|SPTN|UNFI|USFD,CHEF|COST|KR|MDLZ|PFGC|SFM|UNFI|USFD
SZZL,0,0,0.1,0.43,1.07,-0.19,,,,,,,,
T,9,8,2.37,9.21,0.93,0.16,-1.4449999999999998,6.239999999999999,3.815,2.9700000000000015,2.205,0.875,AD|CHTR|CMCSA|CNSL|INTC|QCOM|S|TMUS|VZ,AD|CHTR|CMCSA|INTC|QCOM|S|TMUS|VZ
TAC,10,10,1.34,-8.98,-1.54,3.23,0.34500000000000003,-3.915,0.9950000000000001,-5.065,-1.7850000000000001,0.6,AEP|AES|CNP|D|DUK|ED|EIX|ETR|EXC|FE,AEP|AES|CNP|D|DUK|ED|EIX|ETR|EXC|FE
TACH,0,0,0.24,0.91,1.59,0.0,,,,,,,,
TACO,0,0,0.1,0.1,0.48,-0.1,,,,,,,,
TACT,10,9,-7.74,-6.92,30.83,-1.88,-1.63,11.4,-6.11,-18.32,13.54,0.0,ADBE|ATUS|BRSL|CTSH|FIS|GPN|JPM|MA|PYPL|ULBI,ADBE|BRSL|CTSH|FIS|GPN|JPM|MA|PYPL|ULBI
TAK,10,10,5.0,8.24,9.47,-0.4,4.58,5.73,0.41999999999999993,2.51,-2.135,0.6,ABBV|AZN|BMY|GSK|JNJ|LLY|MRK|NVS|PFE|SNY,ABBV|AZN|BMY|GSK|JNJ|LLY|MRK|NVS|PFE|SNY
TAL,10,8,-0.99,11.18,9.69,-5.24,-0.32,7.58,-0.6699999999999999,3.5999999999999996,6.475,0.375,AMC|ATGE|CHGG|COUR|EDU|GOTU|INST|LAUR|PRDO|UTI,AMC|CHGG|COUR|EDU|GOTU|LAUR|PRDO|UTI
TALK,10,9,0.19,0.57,0.96,0.0,1.65,2.94,-1.46,-2.37,-38.83,0.4444444444444444,ALVR|AMWL|BFLY|DOCS|EHTH|HIMS|MTCH|OSCR|OTLK|TDOC,AMWL|BFLY|DOCS|EHTH|HIMS|MTCH|OSCR|OTLK|TDOC
TALO,10,8,16.76,18.14,11.36,5.07,7.975,8.635,8.785000000000002,9.505,3.3299999999999983,1.0,APA|COP|CVX|DVN|EOG|FANG|HES|MRO|OXY|XOM,APA|COP|CVX|DVN|EOG|FANG|OXY|XOM
TANH,9,8,-1.42,-22.07,-19.13,-6.52,-3.91,-4.04,2.49,-18.03,9.945,1.0,ARRY|CSIQ|DQ|ENPH|FSLR|JKS|MAXN|RUN|SEDG,ARRY|CSIQ|DQ|ENPH|FSLR|JKS|RUN|SEDG
TAOP,10,9,-13.62,-34.87,-39.11,-3.04,-1.64,18.6,-11.979999999999999,-53.47,-73.95,0.1111111111111111,APPS|CXM|DDI|ITI|MGNI|PERI|PUBM|QUAD|TBLA|TTGT,APPS|CXM|DDI|MGNI|PERI|PUBM|QUAD|TBLA|TTGT
TAOX,10,9,3.27,-2.08,-21.87,6.33,4.42,11.08,-1.15,-13.16,-29.330000000000002,0.2222222222222222,ACAD|ALEC|ANVS|AUPH|AXSM|BIIB|CABA|CMPS|PRTA|SAVA,ACAD|ALEC|ANVS|AUPH|AXSM|BIIB|CABA|CMPS|PRTA
TAP,6,6,0.09,2.73,-1.4,-0.78,0.41000000000000003,4.42,-0.32000000000000006,-1.69,-4.414999999999999,0.5,BEP|BUD|CCU|DEO|KDP|SAM,BEP|BUD|CCU|DEO|KDP|SAM
TARA,10,8,-1.9,-5.27,-18.8,-2.4,2.13,17.825,-4.029999999999999,-23.095,-35.21,0.0,BLUE|BMRN|CRSP|NTLA|PGEN|QURE|RARE|SGMO|SRPT|VYGR,BMRN|CRSP|NTLA|PGEN|QURE|RARE|SRPT|VYGR
TARS,10,7,3.16,23.41,9.68,-3.32,-2.08,-8.2,5.24,31.61,8.65,0.8571428571428571,APLT|AXSM|BTAI|FOLD|PRTA|PTCT|RDUS|SRPT|VKTX|XENE,AXSM|BTAI|PRTA|PTCT|SRPT|VKTX|XENE
TASK,10,9,7.43,33.5,29.73,-3.28,3.71,18.77,3.7199999999999998,14.73,31.11,0.8888888888888888,CTSH|DAVA|DOX|EPAM|EXLS|FVRR|G|INFY|UPWK|WNS,CTSH|DAVA|DOX|EPAM|EXLS|FVRR|G|INFY|UPWK
TATT,10,9,-10.07,-12.44,-8.21,-5.73,-4.66,-3.73,-5.41,-8.709999999999999,-14.47,0.1111111111111111,AER|ATRO|CW|HEI|HXL|LUV|MOG-A|SPR|TDG|TXT,AER|ATRO|CW|HEI|HXL|LUV|MOG-A|TDG|TXT
TAVI,0,0,0.37,0.56,0.94,0.28,,,,,,,,
TAYD,10,10,9.67,4.91,13.4,0.47,-3.9000000000000004,4.3549999999999995,13.57,0.5550000000000006,6.040000000000001,1.0,ATRO|BA|GD|HEI|HON|HXL|LMT|NOC|TDG|WWD,ATRO|BA|GD|HEI|HON|HXL|LMT|NOC|TDG|WWD
TBBB,10,9,1.04,22.95,33.66,0.39,1.85,6.21,-0.81,16.74,16.559999999999995,0.2222222222222222,CAG|GIS|HRL|K|KHC|KO|MDLZ|MKC|PEP|SJM,CAG|GIS|HRL|KHC|KO|MDLZ|MKC|PEP|SJM
TBBK,10,10,-4.14,-0.31,20.72,-2.41,-3.91,-2.145,-0.22999999999999954,1.835,8.95,0.4,BAC|C|FITB|HBAN|JPM|PNC|RF|TFC|USB|WFC,BAC|C|FITB|HBAN|JPM|PNC|RF|TFC|USB|WFC
TBCH,10,9,-6.59,-3.03,11.9,-2.86,-3.45,0.86,-3.1399999999999997,-3.8899999999999997,12.33,0.2222222222222222,AMD|CRSR|EA|GME|LOGI|MSFT|NVDA|RBLX|SONY|TTWO,AMD|CRSR|GME|LOGI|MSFT|NVDA|RBLX|SONY|TTWO
TBI,10,7,5.64,28.29,96.92,-1.27,0.8,8.63,4.84,19.659999999999997,35.5,0.8571428571428571,ASGN|DLHC|HQI|HSII|KELYA|KFY|MAN|RCMT|RHI|STAF,DLHC|HQI|KELYA|KFY|MAN|RCMT|RHI
TBLA,10,10,-5.08,-23.98,-24.14,-3.11,-3.095,0.29500000000000004,-1.9849999999999999,-24.275000000000002,-25.77,0.2,AMZN|CRTO|GOOGL|MSFT|PINS|ROKU|SFIX|SNAP|TTD|YELP,AMZN|CRTO|GOOGL|MSFT|PINS|ROKU|SFIX|SNAP|TTD|YELP
TBN,10,8,6.8,10.47,6.56,0.58,7.975,8.635,-1.1749999999999998,1.8350000000000009,-1.4700000000000015,0.25,APA|COP|CVX|DVN|EOG|FANG|HES|MRO|OXY|XOM,APA|COP|CVX|DVN|EOG|FANG|OXY|XOM
TBPH,10,10,0.27,0.92,2.51,-0.15,4.279999999999999,12.085,-4.01,-11.165000000000001,-8.139999999999999,0.1,ALNY|BMRN|GILD|INCY|IONS|MDGL|NBIX|REGN|SRPT|VRTX,ALNY|BMRN|GILD|INCY|IONS|MDGL|NBIX|REGN|SRPT|VRTX
TC,10,10,3.35,7.46,-76.72,3.85,-1.865,-0.22499999999999987,5.215,7.685,-84.795,1.0,ABG|AN|CARG|CVNA|GPI|LAD|OPLN|PAG|SAH|VRM,ABG|AN|CARG|CVNA|GPI|LAD|OPLN|PAG|SAH|VRM
TCBI,10,9,-2.65,-4.62,-0.6,-0.05,-3.92,-2.88,1.27,-1.7400000000000002,-10.98,0.8888888888888888,BOKF|CFG|CFR|CMA|FHN|HBAN|KEY|PNC|RF|ZION,BOKF|CFG|CFR|FHN|HBAN|KEY|PNC|RF|ZION
TCBK,10,8,-4.4,-6.71,9.68,-0.52,-3.375,-3.175,-1.0250000000000004,-3.535,2.139999999999999,0.375,BOH|CMA|COLB|CVBF|GBCI|HTLF|SRCE|WABC|WASH|ZION,BOH|COLB|CVBF|GBCI|SRCE|WABC|WASH|ZION
TCBS,10,9,-0.12,-0.86,4.43,0.06,-3.71,-0.27,3.59,-0.59,-5.5,1.0,BBT|BCBP|CIVB|FFWM|HOMB|LKFN|MVBF|PLBC|SPFI|SYBT,BBT|BCBP|CIVB|HOMB|LKFN|MVBF|PLBC|SPFI|SYBT
TCBX,10,10,-2.72,11.48,18.42,-0.22,-4.055,-2.145,1.3349999999999995,13.625,6.650000000000002,0.8,BAC|C|CFG|FITB|JPM|PNC|RF|TFC|USB|WFC,BAC|C|CFG|FITB|JPM|PNC|RF|TFC|USB|WFC
TCI,10,9,6.38,-7.93,4.88,-1.18,0.15,5.18,6.2299999999999995,-13.11,-11.630000000000003,1.0,AAT|CBRE|CIGI|CUZ|EQC|HPP|JLL|NMRK|SLG|VNO,AAT|CBRE|CIGI|CUZ|HPP|JLL|NMRK|SLG|VNO
TCMD,10,10,-2.28,-16.12,-6.73,-1.83,-0.025000000000000022,14.614999999999998,-2.255,-30.735,-17.295,0.4,ABT|BDX|BSX|EW|GMED|IART|ISRG|MLAB|SNN|ZBH,ABT|BDX|BSX|EW|GMED|IART|ISRG|MLAB|SNN|ZBH
TCOM,10,10,2.63,8.51,-4.85,-0.66,-0.92,13.31,3.55,-4.800000000000001,-25.485,0.9,ABNB|BKNG|EXPE|HGV|MMYT|SABR|TNL|TRIP|YELP|YTRA,ABNB|BKNG|EXPE|HGV|MMYT|SABR|TNL|TRIP|YELP|YTRA
TCPC,10,10,-5.05,25.31,3.03,-2.29,-1.8,7.7,-3.25,17.61,-1.9099999999999997,0.0,ARCC|CGBD|GAIN|GSBD|HTGC|MAIN|PNNT|PSEC|SLRC|TSLX,ARCC|CGBD|GAIN|GSBD|HTGC|MAIN|PNNT|PSEC|SLRC|TSLX
TCRT,10,8,-3.54,-1.56,-20.02,2.1,7.45,10.56,-10.99,-12.120000000000001,-34.105,0.25,ADAP|BEAM|EDIT|FATE|IMTX|KPTI|MRNA|NTLA|PGEN|SGMO,BEAM|EDIT|FATE|IMTX|KPTI|MRNA|NTLA|PGEN
TCRX,10,8,-2.2,-16.08,-24.09,0.67,6.925000000000001,14.45,-9.125,-30.529999999999998,-40.92,0.0,ADAP|ALLO|BLUE|CLLS|CRSP|EDIT|FATE|GILD|NTLA|PGEN,ALLO|CLLS|CRSP|EDIT|FATE|GILD|NTLA|PGEN
TCX,10,10,-15.46,7.85,-32.53,-1.0,-5.4399999999999995,16.21,-10.020000000000001,-8.360000000000001,-56.595,0.1,AKAM|BOX|DBX|DT|FSLY|GDDY|IMMR|NET|RPD|ZS,AKAM|BOX|DBX|DT|FSLY|GDDY|IMMR|NET|RPD|ZS
TD,10,9,-5.45,-4.04,6.22,-1.65,-3.9,-2.27,-1.5500000000000003,-1.77,-5.47,0.0,BAC|BK|C|GS|JPM|MS|PNC|TFC|USB|WFC,BAC|C|GS|JPM|MS|PNC|TFC|USB|WFC
TDAC,0,0,-0.14,0.88,1.83,-0.09,,,,,,,,
TDAY,9,7,-5.04,-23.86,-12.82,-3.49,-1.09,4.26,-3.95,-28.119999999999997,-12.370000000000001,0.0,GTN|LEE|MEG|NWSA|NXST|NYT|SGBX|SSP|TKO,GTN|LEE|NWSA|NXST|NYT|SSP|TKO
TDC,10,10,-0.16,-1.8,-16.66,-1.13,-1.24,26.060000000000002,1.08,-27.860000000000003,-34.45,0.5,ADBE|CRM|IBM|MDB|MSFT|NOW|ORCL|PLTR|SAP|SNOW,ADBE|CRM|IBM|MDB|MSFT|NOW|ORCL|PLTR|SAP|SNOW
TDG,8,8,-3.59,0.57,0.29,-1.76,-3.75,2.735,0.16000000000000014,-2.165,-0.7,0.625,BA|GD|GE|HON|LHX|LMT|NOC|TXT,BA|GD|GE|HON|LHX|LMT|NOC|TXT
TDIC,0,0,-4.85,-12.07,-82.74,-3.41,,,,,,,,
TDOC,10,10,-6.14,-26.77,0.81,-1.8,-2.465,2.73,-3.675,-29.5,-23.425,0.3,ACHC|AMWL|CLOV|DOCS|GDRX|HIMS|MD|OSCR|RMTI|TVRD,ACHC|AMWL|CLOV|DOCS|GDRX|HIMS|MD|OSCR|RMTI|TVRD
TDS,10,9,-2.0,1.57,-17.45,-0.95,-2.09,3.04,0.08999999999999986,-1.47,-13.12,0.5555555555555556,AD|CNSL|GOGO|LUMN|S|SHEN|T|TMUS|VZ|ZG,AD|GOGO|LUMN|S|SHEN|T|TMUS|VZ|ZG
TDTH,10,10,-16.29,-38.94,24.16,-5.61,-4.1850000000000005,-7.630000000000001,-12.104999999999999,-31.309999999999995,24.35,0.0,AMAT|AMD|AVGO|INTC|LRCX|MCHP|MU|NVDA|QCOM|TSM,AMAT|AMD|AVGO|INTC|LRCX|MCHP|MU|NVDA|QCOM|TSM
TDUP,10,9,-14.35,-55.05,-36.71,-7.97,-0.3,0.86,-14.049999999999999,-55.91,-54.16,0.0,AMZN|BABA|CHWY|EBAY|ETSY|JWN|PINS|REAL|RVLV|SFIX,AMZN|BABA|CHWY|EBAY|ETSY|PINS|REAL|RVLV|SFIX
TDW,9,9,3.86,23.38,12.41,0.45,3.46,8.2,0.3999999999999999,15.18,25.52,0.5555555555555556,BORR|FTI|HLX|NBR|NE|OII|RIG|SDRL|VAL,BORR|FTI|HLX|NBR|NE|OII|RIG|SDRL|VAL
TDWD,0,0,0.25,0.55,0.95,-0.04,,,,,,,,
TDY,10,10,-5.47,-2.1,3.68,-1.82,-4.605,4.3549999999999995,-0.8649999999999993,-6.455,5.44,0.5,AVAV|BA|GD|HON|LHX|LMT|MRCY|NOC|RTX|TXT,AVAV|BA|GD|HON|LHX|LMT|MRCY|NOC|RTX|TXT
TE,10,9,-9.81,-28.36,-50.34,-4.95,-7.11,-2.47,-2.7,-25.89,-22.500000000000004,0.4444444444444444,ALB|AMTX|CBAT|ENVX|LAC|PLL|QS|SES|SLDP|SLI,ALB|AMTX|CBAT|ENVX|LAC|QS|SES|SLDP|SLI
TEAD,10,10,-0.31,-17.62,-46.1,0.77,-3.5500000000000003,9.6,3.24,-27.22,-50.665,0.8,APPS|CRTO|DV|MGNI|PERI|PUBM|RAMP|TTD|TTEC|ZG,APPS|CRTO|DV|MGNI|PERI|PUBM|RAMP|TTD|TTEC|ZG
TEAM,10,10,5.63,105.29,103.32,0.59,-1.62,24.59,7.25,80.7,88.66499999999999,1.0,ADBE|CRM|HUBS|INTU|MSFT|NOW|OKTA|ORCL|WDAY|ZM,ADBE|CRM|HUBS|INTU|MSFT|NOW|OKTA|ORCL|WDAY|ZM
TECH,8,8,0.44,0.98,55.21,0.01,5.505000000000001,19.009999999999998,-5.065,-18.029999999999998,18.935000000000002,0.0,A|BIO|DHR|ILMN|MTD|NEO|QGEN|TMO,A|BIO|DHR|ILMN|MTD|NEO|QGEN|TMO
TECK,10,9,3.04,14.84,7.32,-0.33,3.66,7.92,-0.6200000000000001,6.92,-1.1799999999999997,0.3333333333333333,AA|BHP|CLF|FCX|NEM|NUE|RIO|SCCO|VALE|X,AA|BHP|CLF|FCX|NEM|NUE|RIO|SCCO|VALE
TECX,10,10,7.82,15.98,27.04,-1.03,5.18,14.045,2.6400000000000006,1.9350000000000005,-1.2150000000000034,0.9,AMGN|BIIB|BMRN|EXEL|GILD|INCY|NBIX|REGN|RGEN|VRTX,AMGN|BIIB|BMRN|EXEL|GILD|INCY|NBIX|REGN|RGEN|VRTX
TEL,9,9,-6.44,0.31,-0.24,-1.37,-7.0,-2.24,0.5599999999999996,2.5500000000000003,-2.17,0.5555555555555556,ADI|APH|AVGO|AVT|BELFB|HEI|ITW|JBL|TXN,ADI|APH|AVGO|AVT|BELFB|HEI|ITW|JBL|TXN
TELA,10,9,-2.67,-9.94,-30.46,1.99,-0.44,9.36,-2.23,-19.299999999999997,-35.65,0.3333333333333333,ALGN|BSX|GMED|HOLX|JNJ|MDT|NKTR|PEN|SYK|ZBH,ALGN|BSX|GMED|JNJ|MDT|NKTR|PEN|SYK|ZBH
TELO,10,10,7.73,6.72,-13.65,-3.32,4.4,12.085,3.33,-5.365000000000001,-35.77,1.0,ALNY|AMGN|BIIB|BMRN|EXEL|GILD|INCY|NBIX|REGN|VRTX,ALNY|AMGN|BIIB|BMRN|EXEL|GILD|INCY|NBIX|REGN|VRTX
TEM,10,9,25.62,45.23,48.65,11.43,9.8,14.93,15.82,30.299999999999997,0.5300000000000011,1.0,CDNA|CRSP|EDIT|EXAS|GH|ILMN|NTLA|PACB|TWST|TXG,CDNA|CRSP|EDIT|GH|ILMN|NTLA|PACB|TWST|TXG
TEN,10,10,4.22,7.81,-3.58,-0.16,5.895,12.145,-1.6749999999999998,-4.335,-17.494999999999997,0.3,ASC|DHT|FRO|INSW|NAT|NMM|SB|SFL|STNG|TNK,ASC|DHT|FRO|INSW|NAT|NMM|SB|SFL|STNG|TNK
TENB,10,9,-13.86,5.03,35.22,-2.24,-11.03,5.08,-2.83,-0.04999999999999982,0.18999999999999773,0.2222222222222222,CHKP|CRWD|CYBR|FTNT|NET|OKTA|PANW|QLYS|RPD|ZS,CHKP|CRWD|FTNT|NET|OKTA|PANW|QLYS|RPD|ZS
TENX,10,8,-1.64,-87.83,-85.0,-5.26,4.05,8.425,-5.6899999999999995,-96.255,-94.96000000000001,0.25,ACHV|AVIR|EPIX|HURA|LXRX|MRKR|MRSN|PBYI|PLX|SCYX,ACHV|AVIR|HURA|LXRX|MRKR|PBYI|PLX|SCYX
TEO,10,9,-1.65,-6.08,12.31,0.23,0.61,3.04,-2.26,-9.120000000000001,14.46,0.3333333333333333,AD|AMX|ATNI|CMCSA|FYBR|SHEN|SUPN|T|TMUS|VZ,AD|AMX|ATNI|CMCSA|SHEN|SUPN|T|TMUS|VZ
TER,10,10,-7.35,2.95,10.46,0.03,-8.355,-5.88,1.0050000000000008,8.83,1.2550000000000008,0.8,A|AEHR|AMAT|ASML|COHU|KLAC|LRCX|MKSI|ON|VIAV,A|AEHR|AMAT|ASML|COHU|KLAC|LRCX|MKSI|ON|VIAV
TEVA,10,10,2.04,23.6,8.58,-0.52,4.12,5.73,-2.08,17.87,-7.9399999999999995,0.1,ABBV|AMRX|BMY|GSK|JNJ|MRK|NVS|PFE|PRGO|VTRS,ABBV|AMRX|BMY|GSK|JNJ|MRK|NVS|PFE|PRGO|VTRS
TEX,10,10,-2.03,-3.3,12.58,0.41,-1.74,-7.700000000000001,-0.2899999999999998,4.400000000000001,17.39,0.4,AGCO|CAT|CMI|DE|KMT|MTW|OSK|PCAR|TITN|TXT,AGCO|CAT|CMI|DE|KMT|MTW|OSK|PCAR|TITN|TXT
TFC,10,9,-4.6,-2.27,5.32,-0.81,-3.9,-1.43,-0.6999999999999997,-0.8400000000000001,-7.789999999999999,0.2222222222222222,BAC|BK|C|CFG|JPM|PNC|RF|STT|USB|WFC,BAC|C|CFG|JPM|PNC|RF|STT|USB|WFC
TFII,10,10,-4.92,-8.23,-4.71,1.0,-4.02,-10.96,-0.9000000000000004,2.7300000000000004,-2.29,0.4,CHRW|EXPD|JBHT|KNX|LSTR|ODFL|R|SAIA|WERN|XPO,CHRW|EXPD|JBHT|KNX|LSTR|ODFL|R|SAIA|WERN|XPO
TFIN,10,9,-6.44,-9.5,12.01,-1.05,-3.52,-2.88,-2.9200000000000004,-6.62,0.3200000000000003,0.0,AXP|BAC|BK|C|GS|JPM|MS|PNC|USB|WFC,AXP|BAC|C|GS|JPM|MS|PNC|USB|WFC
TFPM,10,10,5.97,13.52,4.57,1.34,13.025,30.43,-7.055000000000001,-16.91,-12.799999999999997,0.0,AEM|B|FNV|HMY|IAG|KGC|NEM|RGLD|SSRM|WPM,AEM|B|FNV|HMY|IAG|KGC|NEM|RGLD|SSRM|WPM
TFSL,10,9,-0.37,-4.19,11.28,1.13,-4.88,-3.83,4.51,-0.3600000000000003,0.8999999999999986,1.0,CFG|CFR|CMA|FITB|FLG|FULT|HBAN|KEY|RF|ZION,CFG|CFR|FITB|FLG|FULT|HBAN|KEY|RF|ZION
TFX,10,9,-0.6,1.29,1.01,0.5,1.19,14.25,-1.79,-12.96,-17.84,0.4444444444444444,ABT|BAX|BDX|EW|HOLX|ISRG|JNJ|MDT|SYK|ZBH,ABT|BAX|BDX|EW|ISRG|JNJ|MDT|SYK|ZBH
TG,9,8,-2.27,0.76,1.81,-0.01,-1.125,4.515000000000001,-1.145,-3.755000000000001,-16.005,0.375,AMCR|BALL|GPK|IP|OI|PACK|PKG|SEE|SON,AMCR|BALL|GPK|IP|OI|PACK|PKG|SON
TGB,10,10,0.36,11.35,27.69,-0.26,7.215,12.145,-6.8549999999999995,-0.7949999999999999,13.89,0.0,BHP|BVN|CDE|EXK|FCX|HL|NEM|PAAS|RIO|SCCO,BHP|BVN|CDE|EXK|FCX|HL|NEM|PAAS|RIO|SCCO
TGE,0,0,0.11,-2.51,-17.18,1.22,,,,,,,,
TGEN,0,0,-22.91,-8.76,-39.06,-3.87,,,,,,,,
TGHL,0,0,-38.73,16.9,111.14,0.08,,,,,,,,
TGL,10,10,3.02,-6.12,-21.48,5.14,-1.7850000000000001,4.825,4.805,-10.945,-23.01,0.8,AAPL|AMZN|BABA|EBAY|GOOG|MSFT|PYPL|SHOP|WMT|XYZ,AAPL|AMZN|BABA|EBAY|GOOG|MSFT|PYPL|SHOP|WMT|XYZ
TGLS,10,10,-3.61,-10.22,-0.68,-0.68,-3.495,8.28,-0.11499999999999977,-18.5,-15.5,0.5,AGX|APOG|AWI|CSL|JELD|MLR|NX|RPM|TREX|VMC,AGX|APOG|AWI|CSL|JELD|MLR|NX|RPM|TREX|VMC
TGS,10,10,1.65,-9.94,-0.98,2.68,0.9850000000000001,-2.09,0.6649999999999998,-7.85,0.14500000000000002,0.6,AM|ENB|EPD|ET|KMI|NFG|OKE|PBA|TRP|WMB,AM|ENB|EPD|ET|KMI|NFG|OKE|PBA|TRP|WMB
TGT,9,9,2.51,15.58,30.31,0.25,-2.75,-3.28,5.26,18.86,31.84,1.0,AMZN|COST|DG|DLTR|KR|M|ROST|TJX|WMT,AMZN|COST|DG|DLTR|KR|M|ROST|TJX|WMT
TGTX,10,8,7.07,-2.56,29.1,-0.7,2.26,-3.4050000000000002,4.8100000000000005,0.8450000000000002,23.330000000000002,0.875,AKBA|AUPH|BLUE|GILD|JAZZ|NBIX|PTCT|RARE|SRPT|XOMA,AKBA|AUPH|GILD|JAZZ|NBIX|PTCT|RARE|SRPT
TH,10,9,7.01,4.19,-4.65,2.17,-3.02,1.08,10.03,3.1100000000000003,-15.1,1.0,CVCO|KBH|LZB|MHO|NBR|SKY|TGNA|THO|UTI|WGO,CVCO|KBH|LZB|MHO|NBR|SKY|THO|UTI|WGO
THC,10,9,2.23,39.75,45.67,1.67,-1.01,6.5,3.24,33.25,39.99,0.7777777777777778,ACHC|ADUS|CYH|EHC|ENSG|HCA|HCSG|SEM|SGRY|UHS,ACHC|ADUS|CYH|EHC|ENSG|HCA|HCSG|SGRY|UHS
THCH,10,10,-30.62,-34.71,-43.37,-12.6,-0.7450000000000001,7.195,-29.875,-41.905,-48.175,0.0,CAKE|CMG|DPZ|MCD|QSR|SBUX|SHAK|WEN|WING|YUM,CAKE|CMG|DPZ|MCD|QSR|SBUX|SHAK|WEN|WING|YUM
THFF,10,9,-4.64,3.7,14.61,-0.84,-4.04,-2.12,-0.5999999999999996,5.82,6.9799999999999995,0.2222222222222222,BANF|FFBC|FFIN|FMBH|FRME|HTLF|ONB|TMP|UBSI|VLY,BANF|FFBC|FFIN|FMBH|FRME|ONB|TMP|UBSI|VLY
THG,10,10,-0.03,4.82,14.68,1.92,-1.075,-3.1399999999999997,1.045,7.96,12.14,0.9,AIG|ALL|CB|CINF|L|MKL|PGR|SIGI|TRV|WRB,AIG|ALL|CB|CINF|L|MKL|PGR|SIGI|TRV|WRB
THH,0,0,0.82,15.61,-11.43,2.01,,,,,,,,
THM,10,10,5.45,31.07,14.96,-0.88,12.925,30.43,-7.4750000000000005,0.6400000000000006,-0.5,0.1,AEM|AG|AU|B|BTG|IAG|KGC|NEM|PAAS|SSRM,AEM|AG|AU|B|BTG|IAG|KGC|NEM|PAAS|SSRM
THO,10,9,-0.56,1.08,4.92,-1.92,-1.51,-0.69,0.95,1.77,1.2999999999999998,0.7777777777777778,BC|CWH|DOO|HOG|LCII|MCFT|MPX|PATK|PII|WGO,BC|CWH|DOO|HOG|LCII|MCFT|PATK|PII|WGO
THRM,10,10,-6.15,12.12,29.55,-2.86,-2.9050000000000002,-0.43,-3.245,12.549999999999999,33.675,0.1,ADNT|ALV|APTV|BWA|GNTX|JCI|LEA|MOD|TEN|VC,ADNT|ALV|APTV|BWA|GNTX|JCI|LEA|MOD|TEN|VC
THRY,10,10,-9.4,-48.3,-47.75,-5.5,-0.55,7.65,-8.85,-55.949999999999996,-50.635,0.0,APPN|EBAY|GOOGL|HUBS|RAMP|SPT|TRIP|WIX|YELP|ZG,APPN|EBAY|GOOGL|HUBS|RAMP|SPT|TRIP|WIX|YELP|ZG
TIC,0,0,-10.56,25.24,4.54,-2.39,,,,,,,,
TIGO,10,10,-3.09,-6.68,8.57,2.9,-0.895,3.605,-2.195,-10.285,7.62,0.2,AD|AMX|CHTR|CMCSA|KT|LUMN|T|TMUS|VOD|VZ,AD|AMX|CHTR|CMCSA|KT|LUMN|T|TMUS|VOD|VZ
TIGR,10,10,6.55,-1.1,-15.7,2.58,-2.9400000000000004,-2.75,9.49,1.65,-25.2,0.9,AMTD|BAC|C|GS|HOOD|IBKR|JPM|MS|SCHW|WFC,AMTD|BAC|C|GS|HOOD|IBKR|JPM|MS|SCHW|WFC
TII,0,0,-8.91,16.51,5.7,-3.65,,,,,,,,
TIL,10,7,2.75,3.03,-6.86,1.08,5.97,18.43,-3.2199999999999998,-15.4,-29.74,0.42857142857142855,ADAP|BLUE|BMRN|CLLS|CRSP|EDIT|FATE|IOVA|PSTX|SRPT,BMRN|CLLS|CRSP|EDIT|FATE|IOVA|SRPT
TILE,10,8,1.3,19.88,36.47,-0.22,-3.895,4.845,5.195,15.035,28.564999999999998,1.0,AAP|HNI|JCI|LEG|MAS|MHK|SCS|SWK|TTSH|WHR,AAP|HNI|JCI|LEG|MAS|MHK|SWK|WHR
TIMB,10,8,2.49,-19.43,-21.26,-0.22,-0.255,3.645,2.745,-23.075,-17.720000000000002,0.875,AD|AMT|CCI|CNSL|S|T|TEF|TMUS|VISN|VZ,AD|AMT|CCI|S|T|TMUS|VISN|VZ
TIPT,10,10,0.48,2.4,8.28,-0.07,-0.485,1.88,0.965,0.52,0.5249999999999986,0.7,AFG|AIG|AIZ|HRTG|MCY|PGR|RLI|SIGI|TRV|WRB,AFG|AIG|AIZ|HRTG|MCY|PGR|RLI|SIGI|TRV|WRB
TISI,10,10,2.96,36.62,44.03,1.58,2.74,8.52,0.21999999999999975,28.099999999999998,44.005,0.5,BKR|FTI|HAL|KBR|LTBR|OXY|SLB|TX|VAL|XOM,BKR|FTI|HAL|KBR|LTBR|OXY|SLB|TX|VAL|XOM
TITN,10,10,-2.0,-8.21,-4.7,-0.67,-1.625,-2.36,-0.375,-5.850000000000001,-10.905000000000001,0.4,AGCO|ALG|CAT|DE|GWW|MTW|OSK|PLOW|TEX|XYL,AGCO|ALG|CAT|DE|GWW|MTW|OSK|PLOW|TEX|XYL
TJGC,0,0,14.25,-10.18,-32.88,0.68,,,,,,,,
TJX,8,7,-8.29,-9.23,-11.4,-2.4,-5.07,-4.12,-3.219999999999999,-5.11,-23.200000000000003,0.14285714285714285,ANF|BURL|DDS|JWN|KSS|M|ROST|URBN,ANF|BURL|DDS|KSS|M|ROST|URBN
TK,10,10,8.28,17.52,-0.07,-0.68,4.609999999999999,10.57,3.67,6.949999999999999,-10.615,0.8,ASC|DHT|FRO|GLNG|INSW|LNG|NAT|SFL|STNG|TNK,ASC|DHT|FRO|GLNG|INSW|LNG|NAT|SFL|STNG|TNK
TKC,10,10,-0.83,-8.43,-10.57,-1.1,-3.155,6.125,2.3249999999999997,-14.555,-8.870000000000001,0.6,AD|CHTR|CMCSA|LUMN|NCMI|S|SHEN|T|TMUS|VZ,AD|CHTR|CMCSA|LUMN|NCMI|S|SHEN|T|TMUS|VZ
TKLF,10,10,-10.3,-14.59,-11.13,2.59,0.52,0.6649999999999999,-10.82,-15.254999999999999,-26.490000000000002,0.0,COTY|EL|HLF|IPAR|LFVN|LGND|MED|NATR|NUS|ULTA,COTY|EL|HLF|IPAR|LFVN|LGND|MED|NATR|NUS|ULTA
TKNO,10,10,-3.18,36.35,93.11,-0.9,4.67,17.985,-7.85,18.365000000000002,57.75,0.0,A|BIO|DGX|DHR|IDXX|ILMN|NEO|QGEN|TECH|TMO,A|BIO|DGX|DHR|IDXX|ILMN|NEO|QGEN|TECH|TMO
TKO,10,10,-1.09,8.72,1.66,-2.06,2.1550000000000002,9.274999999999999,-3.245,-0.5549999999999979,-7.380000000000001,0.1,AMCX|CMCSA|DIS|DKNG|FOX|FWONA|LYV|MTN|PLNT|ROKU,AMCX|CMCSA|DIS|DKNG|FOX|FWONA|LYV|MTN|PLNT|ROKU
TKR,10,10,-5.41,-12.31,5.97,-1.17,-4.205,0.13,-1.205,-12.440000000000001,1.7349999999999994,0.4,AME|BDN|CMI|DOV|ETN|ITW|PH|RBC|TSI|UNP,AME|BDN|CMI|DOV|ETN|ITW|PH|RBC|TSI|UNP
TLF,10,9,5.41,9.56,10.7,2.55,-3.8,-5.14,9.21,14.7,14.11,0.8888888888888888,COLM|DKS|GCO|GIL|LB|PVH|RL|SCVL|TPR|VFC,COLM|DKS|GCO|GIL|LB|PVH|RL|TPR|VFC
TLIH,0,0,-0.87,-1.72,78.69,-0.87,,,,,,,,
TLK,10,10,-0.07,-1.28,-15.83,-0.41,0.275,-0.73,-0.34500000000000003,-0.55,-16.56,0.5,AMX|CHT|PHI|R|S|SKM|T|TEO|TMUS|VZ,AMX|CHT|PHI|R|S|SKM|T|TEO|TMUS|VZ
TLN,10,10,-12.38,-16.79,-8.83,-2.58,-0.125,-4.0600000000000005,-12.255,-12.729999999999999,-9.075,0.0,AEP|D|DUK|ED|EIX|EXC|FE|NRG|PEG|SO,AEP|D|DUK|ED|EIX|EXC|FE|NRG|PEG|SO
TLNC,0,0,0.14,-0.63,-0.44,0.24,,,,,,,,
TLPH,10,10,-1.65,-7.75,44.42,0.0,4.720000000000001,12.719999999999999,-6.370000000000001,-20.47,22.615000000000002,0.0,AMGN|BIIB|BMY|GILD|JNJ|LLY|MRK|PFE|REGN|VRTX,AMGN|BIIB|BMY|GILD|JNJ|LLY|MRK|PFE|REGN|VRTX
TLRY,10,10,-2.13,10.58,-14.97,-4.76,0.335,22.415,-2.465,-11.834999999999999,-16.45,0.2,ACB|CGC|CRON|GNLN|GRWG|IIPR|OGI|SMG|SNDL|VFF,ACB|CGC|CRON|GNLN|GRWG|IIPR|OGI|SMG|SNDL|VFF
TLS,10,9,-3.7,-1.12,-5.34,0.0,-1.81,5.08,-1.8900000000000001,-6.2,-19.58,0.2222222222222222,BAH|CHKP|CSCO|FTNT|GD|IBM|JNPR|MSFT|PANW|SAIC,BAH|CHKP|CSCO|FTNT|GD|IBM|MSFT|PANW|SAIC
TLSA,10,10,1.44,11.64,-34.47,-1.4,4.720000000000001,12.719999999999999,-3.2800000000000007,-1.0799999999999983,-56.59,0.0,AMGN|BIIB|BMY|GILD|INCY|MRK|NBIX|PFE|REGN|VRTX,AMGN|BIIB|BMY|GILD|INCY|MRK|NBIX|PFE|REGN|VRTX
TLSI,10,7,-6.22,24.53,62.96,-3.83,7.23,13.09,-13.45,11.440000000000001,41.16,0.14285714285714285,ADAP|BLUE|CELU|CRSP|EDIT|FATE|IMTX|NTLA|SGMO|SLDB,CELU|CRSP|EDIT|FATE|IMTX|NTLA|SLDB
TLX,10,10,-1.38,17.83,18.29,0.33,4.4,14.605,-5.78,3.224999999999998,-7.730000000000004,0.0,AMGN|BIIB|BMRN|BMY|JNJ|LLY|MRK|PFE|REGN|VRTX,AMGN|BIIB|BMRN|BMY|JNJ|LLY|MRK|PFE|REGN|VRTX
TLYS,9,8,-3.87,1.72,-5.05,-1.66,-5.24,-3.035,1.37,4.755,2.1400000000000006,0.75,AEO|ANF|BKE|DBI|JWN|PLCE|ROST|TJX|URBN,AEO|ANF|BKE|DBI|PLCE|ROST|TJX|URBN
TM,9,9,1.21,6.14,0.55,1.17,1.25,-2.81,-0.040000000000000036,8.95,18.060000000000002,0.4444444444444444,F|GM|HMC|LI|NIO|RACE|STLA|TSLA|XPEV,F|GM|HMC|LI|NIO|RACE|STLA|TSLA|XPEV
TMC,10,10,-13.15,-2.54,-24.9,-3.53,3.895,9.235,-17.045,-11.774999999999999,-37.535,0.1,AA|ATI|BHP|CLF|FCX|HL|NEM|RIO|SCCO|VALE,AA|ATI|BHP|CLF|FCX|HL|NEM|RIO|SCCO|VALE
TMCI,10,9,-2.22,11.08,56.38,-3.29,-0.85,9.36,-1.37,1.7200000000000006,46.21,0.3333333333333333,AIRS|BSX|EW|GMED|HOLX|IART|JNJ|MDT|SYK|ZBH,AIRS|BSX|EW|GMED|IART|JNJ|MDT|SYK|ZBH
TMDE,0,0,2.23,-11.63,8.09,-0.29,,,,,,,,
TMDX,10,10,3.75,30.62,36.77,-1.07,0.16999999999999998,14.27,3.58,16.35,29.090000000000003,0.9,ABT|BSX|EW|IDXX|ISRG|MDT|NVCR|SYK|TMO|ZBH,ABT|BSX|EW|IDXX|ISRG|MDT|NVCR|SYK|TMO|ZBH
TME,10,10,1.15,-0.23,-4.26,-2.88,0.5349999999999999,8.219999999999999,0.615,-8.45,-8.215,0.5,AAPL|AMZN|GOOGL|MSFT|NFLX|QCOM|ROKU|SIRI|SONY|SPOT,AAPL|AMZN|GOOGL|MSFT|NFLX|QCOM|ROKU|SIRI|SONY|SPOT
TMO,8,8,6.07,20.06,39.9,3.02,4.465,19.46,1.6050000000000004,0.5999999999999979,7.994999999999997,0.625,A|BIO|DHR|IQV|LH|MTD|TECH|WAT,A|BIO|DHR|IQV|LH|MTD|TECH|WAT
TMP,10,10,-4.12,4.16,13.46,-0.11,-4.5600000000000005,-2.055,0.4400000000000004,6.215,5.380000000000001,0.8,CBSH|CFR|FNB|FULT|HBNC|LKFN|OZK|SHBI|VLY|WSBC,CBSH|CFR|FNB|FULT|HBNC|LKFN|OZK|SHBI|VLY|WSBC
TMQ,10,10,-5.29,12.58,-7.01,-2.98,5.5649999999999995,12.825,-10.855,-0.24499999999999922,-20.560000000000002,0.0,BHP|CDE|FCX|HL|NEM|RGLD|RIO|SCCO|TECK|VALE,BHP|CDE|FCX|HL|NEM|RGLD|RIO|SCCO|TECK|VALE
TMUS,6,5,-0.8,-4.72,-4.33,-0.28,-2.09,9.21,1.2899999999999998,-13.93,-5.26,0.6,AD|CNSL|LUMN|S|T|VZ,AD|LUMN|S|T|VZ
TNC,10,10,0.74,-20.92,-17.8,0.24,-2.45,5.095000000000001,3.1900000000000004,-26.015,-30.130000000000003,0.7,ALB|AOS|DOV|IR|ITW|PNR|SWK|UFI|WTS|XYL,ALB|AOS|DOV|IR|ITW|PNR|SWK|UFI|WTS|XYL
TNDM,10,10,-2.16,33.83,50.47,-3.39,0.49500000000000005,13.15,-2.6550000000000002,20.68,36.849999999999994,0.2,ABT|AMGN|BIIB|BSX|DXCM|EW|LMT|MDT|PODD|SYK,ABT|AMGN|BIIB|BSX|DXCM|EW|LMT|MDT|PODD|SYK
TNET,10,9,-1.33,15.24,62.32,-0.64,0.58,15.51,-1.9100000000000001,-0.2699999999999996,41.21,0.2222222222222222,ADP|CTAS|GDDY|INSW|INTU|PAYC|PCTY|SAGE|WIX|XYZ,ADP|CTAS|GDDY|INSW|INTU|PAYC|PCTY|WIX|XYZ
TNGX,10,7,-8.26,-16.26,11.63,-6.67,7.67,13.97,-15.93,-30.230000000000004,-0.21999999999999886,0.0,AFMD|BEAM|CRSP|EDIT|FDMT|KRYS|NTLA|PLRX|SGMO|VCNX,BEAM|CRSP|EDIT|FDMT|KRYS|NTLA|PLRX
TNK,10,10,9.08,21.86,16.88,0.34,5.59,11.280000000000001,3.49,10.579999999999998,6.334999999999999,1.0,ASC|DHT|FRO|GSL|INSW|NAT|NMM|SB|SFL|STNG,ASC|DHT|FRO|GSL|INSW|NAT|NMM|SB|SFL|STNG
TNL,10,10,-4.91,-5.93,9.61,-2.58,0.065,0.595,-4.9750000000000005,-6.5249999999999995,6.879999999999999,0.2,BKNG|EXPE|H|HGV|HLT|IHG|MAR|TRIP|VAC|WH,BKNG|EXPE|H|HGV|HLT|IHG|MAR|TRIP|VAC|WH
TNMG,0,0,6.32,26.18,-45.0,10.9,,,,,,,,
TNON,10,10,17.48,1.6,-71.66,-38.64,-1.53,11.489999999999998,19.01,-9.889999999999999,-79.735,1.0,BAX|BSX|GMED|IART|JNJ|MDT|SNN|STAA|SYK|ZBH,BAX|BSX|GMED|IART|JNJ|MDT|SNN|STAA|SYK|ZBH
TNXP,10,10,0.57,18.71,-13.3,-1.25,-0.5700000000000001,10.945,1.1400000000000001,7.765000000000001,-4.625,0.5,ACIU|BTMD|DMAC|ELDN|INBX|INMB|KRRO|SOPH|TVGN|VYGR,ACIU|BTMD|DMAC|ELDN|INBX|INMB|KRRO|SOPH|TVGN|VYGR
TNYA,10,7,-3.66,-10.49,-12.61,-0.94,7.23,14.93,-10.89,-25.42,-26.049999999999997,0.14285714285714285,ABEO|BEAM|BLUE|BMRN|CRSP|EDIT|NTLA|PSTX|SGMO|SRPT,ABEO|BEAM|BMRN|CRSP|EDIT|NTLA|SRPT
TOL,10,9,-3.22,-3.01,6.0,-2.71,-2.5,-0.07,-0.7200000000000002,-2.94,-3.42,0.1111111111111111,BZH|DHI|HOV|KBH|KG|LEN|MTH|NVR|PHM|TMHC,BZH|DHI|HOV|KBH|KG|LEN|MTH|NVR|PHM
TOMZ,10,10,-1.07,1.65,-17.59,6.32,3.57,13.625,-4.64,-11.975,-42.03,0.1,A|ABT|BDX|DHR|IQV|MMM|MMS|PHG|SNN|STE,A|ABT|BDX|DHR|IQV|MMM|MMS|PHG|SNN|STE
TONX,10,10,-5.15,-19.06,-15.85,-0.72,-2.295,24.105,-2.8550000000000004,-43.165,-30.505000000000003,0.1,ADBE|CRM|CSCO|DOCU|GOOGL|MSFT|ORCL|SAP|SNOW|TEAM,ADBE|CRM|CSCO|DOCU|GOOGL|MSFT|ORCL|SAP|SNOW|TEAM
TOON,10,10,-1.72,6.12,5.59,-0.86,1.125,11.895,-2.8449999999999998,-5.7749999999999995,2.4349999999999996,0.3,AMCX|CMCSA|DIS|FOX|HAS|MAT|NFLX|PARA|SONY|WBD,AMCX|CMCSA|DIS|FOX|HAS|MAT|NFLX|PARA|SONY|WBD
TOP,10,9,17.23,13.0,178.26,1.3,-2.79,0.12,20.02,12.88,166.57,1.0,BAC|BK|C|GS|JPM|MS|NTRS|SCHW|STT|WFC,BAC|C|GS|JPM|MS|NTRS|SCHW|STT|WFC
TOPP,0,0,-25.5,-71.92,-78.0,-13.14,,,,,,,,
TOPS,10,10,-6.58,-5.17,-17.68,-0.32,5.025,11.010000000000002,-11.605,-16.18,-28.365000000000002,0.0,ASC|DHT|FRO|GNK|INSW|MATX|NAT|STNG|TK|TNK,ASC|DHT|FRO|GNK|INSW|MATX|NAT|STNG|TK|TNK
TORO,10,10,4.8,17.65,12.17,-0.84,-3.795,4.135,8.594999999999999,13.514999999999999,1.7400000000000002,0.9,AGCO|CAT|CMI|DE|ITRI|LMT|MMYT|PH|TT|TTC,AGCO|CAT|CMI|DE|ITRI|LMT|MMYT|PH|TT|TTC
TOST,10,10,0.14,20.75,51.24,0.31,-1.085,11.215,1.225,9.535,23.400000000000002,0.7,ADP|FIS|FLNT|FOUR|GPN|MITK|PAGS|PAYC|PAYX|XYZ,ADP|FIS|FLNT|FOUR|GPN|MITK|PAGS|PAYC|PAYX|XYZ
TOUR,10,10,-1.43,-6.83,-19.18,-0.24,-4.77,0.40000000000000013,3.34,-7.23,-28.244999999999997,0.5,AAL|BKNG|DAL|EXPE|FLGT|LUV|TCOM|TRIP|UAL|YTRA,AAL|BKNG|DAL|EXPE|FLGT|LUV|TCOM|TRIP|UAL|YTRA
TOVX,10,6,1.22,2.06,-22.4,3.28,3.76,9.985,-2.54,-7.924999999999999,-47.254999999999995,0.5,ACET|ADAP|ARCT|AVDL|AVIR|AXSM|BPMC|CRBP|FATE|XOMA,ACET|ARCT|AVIR|AXSM|CRBP|FATE
TOWN,10,10,-1.18,3.59,8.02,0.28,-3.91,-3.0149999999999997,2.7300000000000004,6.6049999999999995,-3.75,1.0,BAC|CFG|FITB|HBAN|JPM|KEY|PNC|RF|USB|WFC,BAC|CFG|FITB|HBAN|JPM|KEY|PNC|RF|USB|WFC
TOYO,10,10,-20.32,-10.52,-66.62,4.04,-1.915,0.96,-18.405,-11.48,-69.155,0.0,ALSN|BWA|DAN|GNTX|GT|LEA|MGA|MOD|THRM|VC,ALSN|BWA|DAN|GNTX|GT|LEA|MGA|MOD|THRM|VC
TPB,9,9,1.42,11.72,-3.97,-0.77,1.68,-0.32,-0.26,12.040000000000001,4.869999999999999,0.4444444444444444,ACB|BTI|CRON|GNLN|MO|OGI|PM|UVV|XXII,ACB|BTI|CRON|GNLN|MO|OGI|PM|UVV|XXII
TPC,10,10,-5.9,2.39,15.7,-1.38,-1.455,-2.1799999999999997,-4.445,4.57,14.649999999999999,0.1,ACM|DY|FLR|GVA|J|KBH|MTZ|PHM|PWR|TOL,ACM|DY|FLR|GVA|J|KBH|MTZ|PHM|PWR|TOL
TPCS,10,10,19.01,23.34,45.45,-1.03,-9.745000000000001,-5.325,28.755000000000003,28.665,52.435,1.0,AEIS|CGNX|COHU|FORM|MKSI|ONTO|TER|TTMI|UCTT|VIAV,AEIS|CGNX|COHU|FORM|MKSI|ONTO|TER|TTMI|UCTT|VIAV
TPET,10,7,-14.66,-34.0,-45.58,1.61,1.87,8.15,-16.53,-42.15,-39.599999999999994,0.0,AMPY|BATL|BRY|MARPS|NCSM|NEXT|PED|REI|USEG|VTLE,AMPY|BATL|MARPS|NCSM|NEXT|PED|REI
TPG,10,10,-4.89,25.65,29.14,-1.24,-3.675,10.295,-1.2149999999999999,15.354999999999999,16.53,0.4,APO|ARES|BX|BXMT|CG|GAIN|HLNE|KKR|MAIN|OCSL,APO|ARES|BX|BXMT|CG|GAIN|HLNE|KKR|MAIN|OCSL
TPL,10,8,12.75,-9.65,-2.79,4.86,8.595,9.075,4.154999999999999,-18.725,-9.615,1.0,APA|COP|DVN|EOG|EXE|FANG|HES|MRO|NOG|OXY,APA|COP|DVN|EOG|EXE|FANG|NOG|OXY
TPR,7,6,0.09,-10.59,-5.36,-2.46,-4.955,-5.505,5.045,-5.085,-4.465,0.8333333333333334,ANF|COLM|GES|LEVI|PVH|RL|VFC,ANF|COLM|LEVI|PVH|RL|VFC
TPST,10,7,-12.82,7.24,-45.16,-4.67,0.6,0.85,-13.42,6.390000000000001,-37.47,0.0,ADAP|AFMD|AGEN|ATNM|COGT|HOOK|IMMP|KALA|MRKR|ONCY,AGEN|ATNM|COGT|IMMP|KALA|MRKR|ONCY
TPVG,10,10,-0.64,18.23,-5.0,-1.37,-2.17,6.615,1.5299999999999998,11.615,-9.835,0.8,ARCC|CSWC|GLAD|GSBD|HTGC|MAIN|NMFC|PSEC|SLRC|TCPC,ARCC|CSWC|GLAD|GSBD|HTGC|MAIN|NMFC|PSEC|SLRC|TCPC
TR,10,9,4.14,6.31,3.76,1.59,1.75,6.21,2.3899999999999997,0.09999999999999964,-3.13,0.8888888888888888,CAG|HSY|INGR|JJSF|K|KDP|MDLZ|SBUX|THFF|TRT,CAG|HSY|INGR|JJSF|KDP|MDLZ|SBUX|THFF|TRT
TRAK,9,9,-8.42,-1.24,-18.4,-2.46,-7.98,15.41,-0.4399999999999995,-16.65,-53.43,0.4444444444444444,DDOG|ESTC|MDB|MSTR|NET|OKTA|PD|S|TEAM,DDOG|ESTC|MDB|MSTR|NET|OKTA|PD|S|TEAM
TRAW,10,10,-13.32,-4.09,-67.9,-3.69,5.025,12.719999999999999,-18.345,-16.81,-92.825,0.0,ABBV|AMGN|BMY|GILD|JNJ|LLY|MRK|PFE|REGN|VRTX,ABBV|AMGN|BMY|GILD|JNJ|LLY|MRK|PFE|REGN|VRTX
TRC,10,10,0.83,-7.31,-15.28,0.09,0.12,-1.27,0.71,-6.039999999999999,-19.365,0.6,ALCO|CTO|DHC|EPR|FPI|LAND|LMNR|LTC|SAFE|VTR,ALCO|CTO|DHC|EPR|FPI|LAND|LMNR|LTC|SAFE|VTR
TRDA,10,10,-0.48,20.56,22.76,-4.7,5.955,14.605,-6.4350000000000005,5.954999999999998,4.995000000000001,0.0,BNTX|GILD|INCY|MRNA|NVAX|PFE|REGN|RNA|SRPT|VRTX,BNTX|GILD|INCY|MRNA|NVAX|PFE|REGN|RNA|SRPT|VRTX
TREE,10,9,-5.84,-25.22,-16.94,-0.77,-4.33,0.75,-1.5099999999999998,-25.97,-32.28,0.1111111111111111,ALLY|ATLC|ECPG|ENVA|GDOT|LC|LCNB|MFIN|PAGP|WRLD,ALLY|ATLC|ECPG|ENVA|GDOT|LCNB|MFIN|PAGP|WRLD
TREX,10,9,-6.19,9.79,22.82,-2.68,-2.57,12.57,-3.6200000000000006,-2.780000000000001,2.0599999999999987,0.1111111111111111,ALLE|AWI|AZEK|BCC|BLDR|BXC|JELD|LPX|MAS|MHK,ALLE|AWI|BCC|BLDR|BXC|JELD|LPX|MAS|MHK
TRGP,9,7,13.25,6.26,11.66,1.7,0.66,2.91,12.59,3.3499999999999996,7.76,1.0,ALTM|ENLC|EPD|ET|KMI|MPLX|OKE|PAGP|WMB,EPD|ET|KMI|MPLX|OKE|PAGP|WMB
TRI,10,10,-0.33,21.06,23.86,0.79,1.8399999999999999,0.16,-2.17,20.9,18.595,0.4,AAPL|AMZN|BBGI|GOOGL|MCO|MSCI|NFLX|RELX|SPGI|VRSK,AAPL|AMZN|BBGI|GOOGL|MCO|MSCI|NFLX|RELX|SPGI|VRSK
TRIB,10,9,-2.27,27.49,-36.02,5.36,4.07,19.8,-6.34,7.689999999999998,-67.01,0.1111111111111111,ABT|BIO|DGX|HOLX|LH|MMSI|NTRA|OSUR|QDEL|TMO,ABT|BIO|DGX|LH|MMSI|NTRA|OSUR|QDEL|TMO
TRIN,10,10,-1.71,2.96,7.38,-0.08,-2.0949999999999998,5.855,0.3849999999999998,-2.8950000000000005,4.275,0.7,ARCC|CSWC|GAIN|HTGC|MAIN|NEWT|PSEC|SLRC|TCPC|TPVG,ARCC|CSWC|GAIN|HTGC|MAIN|NEWT|PSEC|SLRC|TCPC|TPVG
TRIP,10,10,-8.43,-27.42,1.16,-3.46,-0.21000000000000002,5.175,-8.219999999999999,-32.595,-3.715,0.0,ABNB|BKNG|EXPE|H|HLT|MAR|SABR|TCOM|TZOO|YELP,ABNB|BKNG|EXPE|H|HLT|MAR|SABR|TCOM|TZOO|YELP
TRMB,9,6,3.05,18.35,5.94,0.12,-3.23,2.99,6.279999999999999,15.360000000000001,-2.6849999999999996,0.8333333333333334,ADSK|ALTR|CSCO|DE|FARO|GE|GRMN|JNPR|TDY,ADSK|CSCO|DE|GE|GRMN|TDY
TRMD,10,10,6.5,6.11,-4.34,1.0,5.025,11.280000000000001,1.4749999999999996,-5.170000000000001,-14.885,0.7,ASC|CCEC|DHT|FRO|INSW|NAT|SB|SFL|STNG|TNK,ASC|CCEC|DHT|FRO|INSW|NAT|SB|SFL|STNG|TNK
TRMK,10,9,-4.23,-0.07,4.46,-0.59,-4.61,-3.66,0.3799999999999999,3.5900000000000003,-7.39,0.5555555555555556,CFR|FHN|FITB|FULT|HWC|MTB|PNC|RF|SNV|WTFC,CFR|FHN|FITB|FULT|HWC|MTB|PNC|RF|WTFC
TRN,10,10,0.68,-18.16,-12.61,-0.32,0.33499999999999996,1.56,0.3450000000000001,-19.72,-23.994999999999997,0.5,CNI|CP|CSX|GBX|NSC|PATK|R|RAIL|UNP|WAB,CNI|CP|CSX|GBX|NSC|PATK|R|RAIL|UNP|WAB
TRNO,10,9,-0.51,-6.31,3.51,-0.15,-0.55,-6.35,0.040000000000000036,0.040000000000000036,4.699999999999999,0.5555555555555556,EGP|FR|FRPH|FRT|GTY|PDM|PLD|REXR|ROIC|STAG,EGP|FR|FRPH|FRT|GTY|PDM|PLD|REXR|STAG
TRNR,10,9,-28.25,-10.76,-61.15,-5.13,-1.89,1.86,-26.36,-12.62,-69.4,0.0,CLAR|CMBM|FITB|FN|LULU|MBUU|MTEX|PLNT|PTON|TRX,CLAR|FITB|FN|LULU|MBUU|MTEX|PLNT|PTON|TRX
TRNS,10,10,-5.17,2.15,32.57,-1.97,-5.984999999999999,1.475,0.8149999999999995,0.6749999999999998,24.295,0.6,A|AME|KBR|MMS|MRCY|NDSN|NOVT|PKOH|PRLB|TDY,A|AME|KBR|MMS|MRCY|NDSN|NOVT|PKOH|PRLB|TDY
TRON,10,9,7.33,13.65,-10.83,7.33,0.61,5.31,6.72,8.34,-16.67,1.0,CMCSA|DIS|EA|FNKO|GME|HAS|JAKK|MAT|NFLX|ROKU,CMCSA|DIS|FNKO|GME|HAS|JAKK|MAT|NFLX|ROKU
TROO,10,8,9.14,-2.87,-49.88,-10.96,-0.88,0.595,10.020000000000001,-3.465,-51.650000000000006,1.0,CNS|CXM|GOTU|IPG|NCMI|OMC|OUT|TTEC|WK|ZENV,CNS|CXM|GOTU|NCMI|OMC|OUT|TTEC|WK
TROW,10,8,1.52,-2.6,10.96,0.69,-2.375,5.07,3.895,-7.67,-3.875,1.0,AMG|APO|BEN|BK|BLK|IVZ|JHG|NTRS|SCHW|STT,AMG|APO|BEN|BLK|IVZ|NTRS|SCHW|STT
TROX,10,10,-6.19,-14.98,-29.38,-1.77,-1.775,-0.5900000000000001,-4.415000000000001,-14.39,-13.67,0.0,ALB|AXTA|CC|CE|HUN|OLN|PPG|RPM|SHW|VAL,ALB|AXTA|CC|CE|HUN|OLN|PPG|RPM|SHW|VAL
TRP,10,9,0.6,-9.06,-9.37,1.84,0.56,-1.59,0.039999999999999925,-7.470000000000001,-11.16,0.5555555555555556,AM|ENB|ENLC|EPD|ET|KMI|MPLX|OKE|PBF|WMB,AM|ENB|EPD|ET|KMI|MPLX|OKE|PBF|WMB
TRS,10,8,-1.46,-4.61,-2.74,-1.02,-2.705,4.5600000000000005,1.245,-9.170000000000002,-6.84,0.875,AFL|AMWD|AOS|DOV|ITT|LECO|NWL|PKE|PNR|TGI,AFL|AOS|DOV|ITT|LECO|NWL|PKE|PNR
TRSG,10,10,8.69,-0.01,20.15,4.89,-1.7850000000000001,9.5,10.475,-9.51,18.619999999999997,1.0,AAPL|ADBE|AMZN|CRM|CSCO|GOOGL|IBM|INTC|MSFT|ORCL,AAPL|ADBE|AMZN|CRM|CSCO|GOOGL|IBM|INTC|MSFT|ORCL
TRST,10,10,-0.33,1.56,12.99,0.6,-4.055,-2.145,3.7249999999999996,3.705,1.2200000000000006,1.0,BAC|C|CFG|FITB|JPM|PNC|RF|TFC|USB|WFC,BAC|C|CFG|FITB|JPM|PNC|RF|TFC|USB|WFC
TRT,10,10,-7.45,7.03,-17.35,-4.51,-11.825,-7.705,4.374999999999999,14.735,-13.955000000000002,0.9,AMKR|ASX|COHU|FORM|ICHR|KLAC|LRCX|MTSI|TER|UCTT,AMKR|ASX|COHU|FORM|ICHR|KLAC|LRCX|MTSI|TER|UCTT
TRTX,10,10,-3.05,-10.32,-6.21,-1.83,-1.775,0.29000000000000004,-1.275,-10.61,-1.0,0.4,ABR|ACRE|ARI|BXMT|GPMT|KREF|LADR|MFA|RC|STWD,ABR|ACRE|ARI|BXMT|GPMT|KREF|LADR|MFA|RC|STWD
TRU,10,10,4.45,12.39,22.94,1.44,1.8399999999999999,6.785,2.6100000000000003,5.605,14.490000000000002,0.8,ADBE|EFX|FICO|INTU|MC|MORN|MSCI|PYPL|SPGI|VRSK,ADBE|EFX|FICO|INTU|MC|MORN|MSCI|PYPL|SPGI|VRSK
TRUG,10,8,11.88,-22.62,-33.67,1.56,-4.97,-8.025,16.85,-14.595,-29.035,1.0,ASO|CAL|CALY|CROX|CWH|DKS|GOLF|NKE|SKX|VSTO,ASO|CAL|CALY|CROX|CWH|DKS|GOLF|NKE
TRUP,10,8,0.39,27.28,42.23,0.06,-2.285,6.385,2.6750000000000003,20.895000000000003,29.114999999999995,0.75,AMZN|CHWY|DOCU|FVRR|PETS|PSTG|SHOP|WOOF|XYZ|ZUO,AMZN|CHWY|DOCU|FVRR|PETS|SHOP|WOOF|XYZ
TRV,9,9,-1.3,-1.86,18.97,0.81,-0.42,-2.41,-0.8800000000000001,0.55,15.809999999999999,0.2222222222222222,AIG|ALL|CB|CINF|HIG|MKL|PGR|RLI|WRB,AIG|ALL|CB|CINF|HIG|MKL|PGR|RLI|WRB
TRVG,10,10,-5.5,-9.01,50.62,-0.1,-0.8200000000000001,13.565000000000001,-4.68,-22.575000000000003,32.435,0.2,ABNB|BKNG|EXPE|GOOGL|MMYT|SABR|SIRI|TCOM|TRIP|YELP,ABNB|BKNG|EXPE|GOOGL|MMYT|SABR|SIRI|TCOM|TRIP|YELP
TRVI,10,10,1.71,6.34,33.0,-1.86,4.835,14.045,-3.125,-7.705,6.814999999999998,0.1,ABBV|AMGN|BIIB|BMRN|GILD|LLY|MRNA|NBIX|REGN|VRTX,ABBV|AMGN|BIIB|BMRN|GILD|LLY|MRNA|NBIX|REGN|VRTX
TRX,10,9,13.45,38.31,8.25,2.17,14.31,33.93,-0.8600000000000012,4.380000000000003,-10.690000000000001,0.4444444444444444,AEM|AU|B|EGO|GFI|HMY|IAG|KGC|NEM|NGD,AEM|AU|B|EGO|GFI|HMY|IAG|KGC|NEM
TS,10,10,1.34,-8.55,-12.14,0.44,0.45499999999999996,8.155000000000001,0.8850000000000001,-16.705000000000002,-8.385000000000002,0.6,BKR|FET|FTI|HAL|HLX|INVX|NOV|OII|RES|SLB,BKR|FET|FTI|HAL|HLX|INVX|NOV|OII|RES|SLB
TSAT,10,10,-17.71,9.57,-15.26,-6.05,-1.815,-0.11000000000000004,-15.895000000000001,9.68,-15.55,0.0,FSTR|GSAT|IRDM|KNOP|LUMN|SIRI|T|TIGO|VSAT|VZ,FSTR|GSAT|IRDM|KNOP|LUMN|SIRI|T|TIGO|VSAT|VZ
TSBK,10,8,-0.17,6.9,14.62,0.72,-4.18,-0.43500000000000005,4.01,7.335000000000001,4.494999999999999,1.0,FFIN|HOPE|HTLF|IBTX|OCFC|SFNC|SSB|TBBK|WBS|WSBC,FFIN|HOPE|OCFC|SFNC|SSB|TBBK|WBS|WSBC
TSCO,8,7,-3.33,19.09,10.33,-1.34,-1.59,4.33,-1.74,14.76,11.86,0.2857142857142857,AMZN|COST|FARM|HD|LOW|SFM|TGT|WMT,AMZN|COST|HD|LOW|SFM|TGT|WMT
TSEM,10,10,-12.3,-11.1,-16.12,-1.98,-4.1850000000000005,-5.33,-8.115,-5.77,-19.265,0.1,AMAT|AMD|ASML|INTC|LRCX|MU|NVDA|QCOM|TSM|TXN,AMAT|AMD|ASML|INTC|LRCX|MU|NVDA|QCOM|TSM|TXN
TSHA,10,6,1.25,7.16,10.47,-5.68,8.379999999999999,18.97,-7.129999999999999,-11.809999999999999,-11.87,0.0,ADVM|BLUE|CRSP|EDIT|GNFT|IOVA|NTLA|QURE|SGMO|SRPT,CRSP|EDIT|IOVA|NTLA|QURE|SRPT
TSLA,10,10,1.25,-7.97,-17.51,-1.98,0.77,-2.915,0.48,-5.055,-18.135,0.7,F|GM|HMC|LCID|LI|NIO|RIVN|STLA|TM|XPEV,F|GM|HMC|LCID|LI|NIO|RIVN|STLA|TM|XPEV
TSLX,10,10,-2.74,11.18,6.91,-0.29,-1.2650000000000001,9.36,-1.475,1.8200000000000003,1.9700000000000006,0.3,ARCC|BBDC|CGBD|GSBD|HTGC|MAIN|NMFC|PSEC|TCPC|TPVG,ARCC|BBDC|CGBD|GSBD|HTGC|MAIN|NMFC|PSEC|TCPC|TPVG
TSM,10,10,-3.95,-1.83,2.96,0.32,-4.63,-7.630000000000001,0.6799999999999997,5.800000000000001,2.965,0.7,AMAT|AMD|ASML|AVGO|INTC|LRCX|MU|NVDA|QCOM|TXN,AMAT|AMD|ASML|AVGO|INTC|LRCX|MU|NVDA|QCOM|TXN
TSN,9,9,3.95,2.73,-11.88,0.13,-0.53,5.46,4.48,-2.73,-22.21,0.7777777777777778,CAG|HRL|KHC|PPC|SMPL|SYY|TSCO|UNFI|USFD,CAG|HRL|KHC|PPC|SMPL|SYY|TSCO|UNFI|USFD
TSQ,10,9,1.78,-10.19,-6.58,0.55,-2.94,-4.29,4.72,-5.8999999999999995,-7.74,0.8888888888888888,BBGI|CMLS|CSTL|EVC|GTN|IHRT|NXST|SIRI|TV|UONE,BBGI|CSTL|EVC|GTN|IHRT|NXST|SIRI|TV|UONE
TSSI,0,0,-27.22,-14.24,-21.79,-4.76,,,,,,,,
TT,10,10,-4.99,-4.17,0.47,-0.32,-4.76,-5.395,-0.23000000000000043,1.2249999999999996,4.005,0.5,AAON|CARR|DOV|EMR|HON|IR|JCI|LII|RBC|VRSK,AAON|CARR|DOV|EMR|HON|IR|JCI|LII|RBC|VRSK
TTAM,0,0,-4.63,-11.24,-2.42,-1.36,,,,,,,,
TTAN,0,0,1.64,36.25,51.7,0.16,,,,,,,,
TTC,10,10,1.95,3.9,10.58,1.16,-1.1099999999999999,4.609999999999999,3.0599999999999996,-0.7099999999999995,-2.7699999999999996,0.8,CAT|DE|GD|HON|ITW|LMT|MMM|MTD|PCAR|XOM,CAT|DE|GD|HON|ITW|LMT|MMM|MTD|PCAR|XOM
TTD,9,9,-9.01,-24.64,-36.98,-2.14,-2.0,13.53,-7.01,-38.17,-61.209999999999994,0.1111111111111111,APPS|GOOGL|MGNI|PERI|PUBM|ROKU|SNAP|SPOT|TME,APPS|GOOGL|MGNI|PERI|PUBM|ROKU|SNAP|SPOT|TME
TTE,10,9,5.23,7.88,-1.02,1.72,5.49,9.11,-0.2599999999999998,-1.2299999999999995,-10.11,0.4444444444444444,BP|COP|CVX|HES|MPC|OKE|PSX|SHEL|VLO|XOM,BP|COP|CVX|MPC|OKE|PSX|SHEL|VLO|XOM
TTEC,10,9,-10.69,-28.82,-43.91,-6.52,0.94,24.56,-11.629999999999999,-53.379999999999995,-59.64,0.0,ACN|CASS|CBZ|CNXC|EXLS|G|GNRC|LDOS|RCM|XRX,ACN|CASS|CBZ|CNXC|EXLS|G|GNRC|LDOS|XRX
TTEK,10,10,0.67,18.38,33.7,0.19,0.0,1.93,0.67,16.45,35.720000000000006,0.7,ACM|CWST|EME|FLR|GVA|J|KBR|PRIM|STLD|STN,ACM|CWST|EME|FLR|GVA|J|KBR|PRIM|STLD|STN
TTGT,10,10,-0.78,5.85,-21.33,-0.52,0.4,24.105,-1.1800000000000002,-18.255000000000003,-27.834999999999997,0.4,ACN|ADBE|CRM|CSCO|FORR|GOOGL|IBM|IT|MSFT|ORCL,ACN|ADBE|CRM|CSCO|FORR|GOOGL|IBM|IT|MSFT|ORCL
TTI,10,10,-13.02,-19.05,-29.46,-1.74,0.18,5.46,-13.2,-24.51,-22.05,0.0,BKR|CLB|FTI|HAL|INVX|NPKI|OIS|RES|SLB|WFRD,BKR|CLB|FTI|HAL|INVX|NPKI|OIS|RES|SLB|WFRD
TTMI,10,9,-18.18,-21.47,-32.91,-2.3,-7.62,-2.14,-10.559999999999999,-19.33,-32.669999999999995,0.0,APH|AVT|EMKR|ETN|FLEX|HUBB|JBL|MCHP|SANM|TEL,APH|AVT|ETN|FLEX|HUBB|JBL|MCHP|SANM|TEL
TTRX,0,0,0.51,3.01,108.19,0.92,,,,,,,,
TTWO,4,3,-2.61,0.86,-0.43,-0.56,-2.0,-0.77,-0.6099999999999999,1.63,12.290000000000001,0.3333333333333333,EA|GOOGL|MSFT|RBLX,GOOGL|MSFT|RBLX
TU,10,9,2.69,-2.64,-19.97,-0.9,-0.8,2.35,3.49,-4.99,-15.639999999999999,1.0,AD|CCI|CHTR|CMCSA|CNSL|LUMN|SBAC|T|TMUS|VZ,AD|CCI|CHTR|CMCSA|LUMN|SBAC|T|TMUS|VZ
TURB,10,8,-5.73,-14.24,-1.98,-1.98,0.77,-4.955,-6.5,-9.285,6.425000000000001,0.125,F|GM|GOEV|LCID|LI|NIO|NKLA|RIVN|TSLA|XPEV,F|GM|LCID|LI|NIO|RIVN|TSLA|XPEV
TUSK,10,10,-4.67,7.75,-2.86,0.0,0.13,5.154999999999999,-4.8,2.5950000000000006,4.550000000000001,0.2,BKR|CLB|FTI|HAL|INVX|LBRT|NOV|PUMP|RES|SLB,BKR|CLB|FTI|HAL|INVX|LBRT|NOV|PUMP|RES|SLB
TUYA,10,10,-4.12,-0.29,-15.7,-3.06,-2.6,4.22,-1.52,-4.51,-13.264999999999999,0.3,AAPL|ADBE|AMZN|BIDU|CRM|GOOGL|INTC|MSFT|NVDA|ORCL,AAPL|ADBE|AMZN|BIDU|CRM|GOOGL|INTC|MSFT|NVDA|ORCL
TV,10,10,-6.33,-5.0,-5.34,-1.51,1.4349999999999998,10.379999999999999,-7.765,-15.379999999999999,-10.815,0.1,AMCX|CHTR|CMCSA|DIS|EVC|FOXA|NWS|NWSA|NXST|SBGI,AMCX|CHTR|CMCSA|DIS|EVC|FOXA|NWS|NWSA|NXST|SBGI
TVA,0,0,-0.09,-0.19,0.38,-0.09,,,,,,,,
TVAI,0,0,-0.14,0.24,1.02,0.05,,,,,,,,
TVGN,10,7,-2.64,50.86,-38.96,-0.37,6.62,13.5,-9.26,37.36,-60.760000000000005,0.14285714285714285,ADAP|ALLO|BLUE|CRSP|EDIT|FATE|GILD|IMTX|MRNA|PSTX,ALLO|CRSP|EDIT|FATE|GILD|IMTX|MRNA
TVRD,10,9,3.95,-33.33,-52.21,-2.13,1.03,12.16,2.92,-45.489999999999995,-64.31,0.7777777777777778,AMRN|ARWR|AVXL|BPMC|GILD|LGND|NKTR|OPK|SRPT|VRTX,AMRN|ARWR|AVXL|GILD|LGND|NKTR|OPK|SRPT|VRTX
TVTX,10,9,5.61,15.31,49.17,-1.61,2.26,17.22,3.3500000000000005,-1.9099999999999984,38.150000000000006,0.7777777777777778,AGIO|BMRN|CLLS|CRSP|FOLD|PFE|QURE|RARE|SRPT|VYGR,AGIO|BMRN|CLLS|CRSP|PFE|QURE|RARE|SRPT|VYGR
TW,10,10,0.56,7.35,-0.55,2.66,0.015000000000000013,6.59,0.545,0.7599999999999998,-6.665,0.6,CBOE|CME|GS|ICE|JPM|MKTX|MS|MSCI|NDAQ|SCHW,CBOE|CME|GS|ICE|JPM|MKTX|MS|MSCI|NDAQ|SCHW
TWAV,10,10,4.52,9.46,-16.26,0.73,-3.09,10.799999999999999,7.609999999999999,-1.339999999999998,-23.71,0.9,ADBE|CRWD|CSCO|GOOGL|LOGI|MSFT|PENG|TEAM|TWLO|ZM,ADBE|CRWD|CSCO|GOOGL|LOGI|MSFT|PENG|TEAM|TWLO|ZM
TWFG,10,10,5.34,10.6,54.62,3.27,-0.425,1.705,5.765,8.895,40.035,0.9,AJG|ALL|AON|BRO|CINF|CNA|HIG|MRSH|PGR|TRV,AJG|ALL|AON|BRO|CINF|CNA|HIG|MRSH|PGR|TRV
TWG,10,9,-33.05,-66.94,-71.4,-1.91,-3.43,0.12,-29.619999999999997,-67.06,-82.98,0.0,BAC|BK|C|GS|JPM|MS|NTRS|PFG|STT|WFC,BAC|C|GS|JPM|MS|NTRS|PFG|STT|WFC
TWI,10,9,-1.83,-16.26,-8.81,2.08,-1.3,0.93,-0.53,-17.19,-11.88,0.4444444444444444,AXL|BWA|CPS|DAN|GT|LEA|MGA|STRT|THRM|VC,BWA|CPS|DAN|GT|LEA|MGA|STRT|THRM|VC
TWIN,10,10,-3.14,0.47,46.4,-1.14,-1.47,-2.54,-1.6700000000000002,3.01,33.56,0.3,AGCO|CAT|CMI|DE|MTW|OSK|PCAR|PLOW|TEX|WAB,AGCO|CAT|CMI|DE|MTW|OSK|PCAR|PLOW|TEX|WAB
TWLO,10,10,-12.27,19.33,15.58,-1.42,-2.975,21.63,-9.295,-2.3000000000000007,9.105,0.0,BAND|CCOI|CSCO|EGHT|FIVN|OOMA|PD|RNG|WK|ZM,BAND|CCOI|CSCO|EGHT|FIVN|OOMA|PD|RNG|WK|ZM
TWLV,0,0,0.2,0.7,0.9,0.0,,,,,,,,
TWO,10,10,-0.09,-0.67,-3.93,0.07,-1.0,-2.545,0.91,1.875,-0.6350000000000002,0.6,AGNC|ARR|CIM|DX|IVR|MFA|MITT|NLY|ORC|PMT,AGNC|ARR|CIM|DX|IVR|MFA|MITT|NLY|ORC|PMT
TWST,10,9,13.87,51.44,165.88,0.19,7.67,13.97,6.199999999999999,37.47,144.07999999999998,1.0,AMGN|BEAM|BIIB|CRSP|EDIT|ILMN|NTLA|PACB|REGN|SGMO,AMGN|BEAM|BIIB|CRSP|EDIT|ILMN|NTLA|PACB|REGN
TX,10,9,0.28,17.68,22.15,0.8,-9.23,3.79,9.51,13.89,20.889999999999997,1.0,ATI|CLF|CMC|GGB|HII|MT|NUE|RS|STLD|X,ATI|CLF|CMC|GGB|HII|MT|NUE|RS|STLD
TXG,10,9,9.8,35.7,166.25,2.43,6.8,12.96,3.000000000000001,22.740000000000002,118.13,0.6666666666666666,CDNA|EXAS|FLGT|GH|ILMN|MYGN|NTRA|PACB|QDEL|TWST,CDNA|FLGT|GH|ILMN|MYGN|NTRA|PACB|QDEL|TWST
TXMD,10,10,-2.21,0.7,-2.21,0.2,2.65,0.885,-4.859999999999999,-0.18500000000000005,-1.16,0.2,ARCT|ATNM|GNPX|HRTG|IBRX|ONCY|SNDX|TGTX|VERU|VRCA,ARCT|ATNM|GNPX|HRTG|IBRX|ONCY|SNDX|TGTX|VERU|VRCA
TXN,9,9,-2.5,-9.38,-12.56,-0.32,-3.03,-9.77,0.5299999999999998,0.3899999999999988,0.41999999999999993,0.5555555555555556,ADI|AMD|AVGO|MCHP|NXPI|ON|QRVO|STM|SWKS,ADI|AMD|AVGO|MCHP|NXPI|ON|QRVO|STM|SWKS
TXNM,10,9,0.4,-1.16,-3.12,0.04,6.25,11.81,-5.85,-12.97,-13.84,0.0,APA|COP|CVX|DVN|HES|MPC|OXY|PSX|VLO|XOM,APA|COP|CVX|DVN|MPC|OXY|PSX|VLO|XOM
TXO,10,8,-0.24,8.33,6.85,1.7,7.975,8.635,-8.215,-0.3049999999999997,-1.1800000000000015,0.0,APA|COP|CVX|DVN|EOG|FANG|HES|MRO|OXY|XOM,APA|COP|CVX|DVN|EOG|FANG|OXY|XOM
TXRH,9,8,-2.51,5.42,13.16,-0.63,-4.105,17.81,1.5950000000000006,-12.389999999999999,-25.169999999999998,0.875,BJRI|BLMN|CAKE|DENN|DIN|DRI|EAT|PLAY|RRGB,BJRI|BLMN|CAKE|DIN|DRI|EAT|PLAY|RRGB
TXT,8,8,-3.32,-7.19,-4.92,-1.33,-3.91,5.65,0.5900000000000003,-12.84,-12.285,0.75,BA|GD|GE|HEI|HII|LHX|LMT|NOC,BA|GD|GE|HEI|HII|LHX|LMT|NOC
TYGO,9,7,-11.11,-37.78,-70.83,-1.75,-4.2,-4.19,-6.909999999999999,-33.59,-41.11,0.0,ARRY|CSIQ|ENPH|FSLR|JKS|MAXN|NOVA|RUN|SEDG,ARRY|CSIQ|ENPH|FSLR|JKS|RUN|SEDG
TYL,8,8,5.87,22.49,9.77,0.4,1.125,27.4,4.745,-4.91,-4.885000000000002,1.0,ADBE|CRM|INTU|MSFT|NOW|ORCL|PAYC|SAP,ADBE|CRM|INTU|MSFT|NOW|ORCL|PAYC|SAP
TYRA,10,7,2.01,-16.57,-23.59,-4.67,-0.15,0.84,2.1599999999999997,-17.41,-30.09,0.5714285714285714,ADAP|FATE|HOOK|MCRB|MREO|PSTX|SRRK|TGTX|TIL|XFOR,FATE|MCRB|MREO|SRRK|TGTX|TIL|XFOR
TZOO,10,10,-7.18,-34.31,-27.97,-2.33,0.68,1.995,-7.859999999999999,-36.305,-31.25,0.1,ABNB|BKNG|CHH|EXPE|H|HLT|MAR|TCOM|TRIP|YELP,ABNB|BKNG|CHH|EXPE|H|HLT|MAR|TCOM|TRIP|YELP
U,10,8,0.53,57.27,75.49,-2.29,-3.3600000000000003,4.84,3.8900000000000006,52.43000000000001,68.02,0.875,ADSK|APPS|CRSR|EA|MTCH|PLTK|PUBM|RBLX|SKLZ|TTWO,ADSK|APPS|CRSR|MTCH|PLTK|PUBM|RBLX|TTWO
UA,9,8,-4.01,-28.95,0.0,-1.95,-4.0600000000000005,-4.885,0.05000000000000071,-24.064999999999998,9.48,0.5,COLM|DECK|DXLG|LULU|NKE|PVH|RL|SKX|VFC,COLM|DECK|DXLG|LULU|NKE|PVH|RL|VFC
UAA,9,5,-3.43,-28.84,0.32,-1.59,-3.42,-4.92,-0.010000000000000231,-23.92,8.08,0.4,COLM|FL|GES|HBI|LULU|NKE|RL|SKX|VFC,COLM|LULU|NKE|RL|VFC
UAL,9,8,-10.94,-4.03,14.8,-2.78,-11.485,-9.004999999999999,0.5449999999999999,4.974999999999999,11.89,0.5,AAL|ALGT|ALK|DAL|JBLU|LUV|SAVE|SKYW|ULCC,AAL|ALGT|ALK|DAL|JBLU|LUV|SKYW|ULCC
UAMY,10,10,-2.15,-10.53,-37.27,-8.81,4.175,10.56,-6.324999999999999,-21.09,-46.74,0.1,BHP|CCJ|FCX|HL|NEM|RIO|SCCO|SVM|TECK|VALE,BHP|CCJ|FCX|HL|NEM|RIO|SCCO|SVM|TECK|VALE
UAN,10,10,4.25,0.83,1.67,1.32,6.17,0.36,-1.92,0.47,2.4799999999999995,0.3,ALTO|CF|FF|FMC|IPI|LXU|MOS|NTR|SMG|SQM,ALTO|CF|FF|FMC|IPI|LXU|MOS|NTR|SMG|SQM
UAVS,10,10,-17.23,23.65,-6.78,-2.4,-4.71,5.185,-12.52,18.465,-9.175,0.0,AVAV|BA|GD|HEI|HON|KTOS|LMT|NOC|TDY|TXT,AVAV|BA|GD|HEI|HON|KTOS|LMT|NOC|TDY|TXT
UBCP,10,9,1.25,-0.28,9.66,2.77,-4.04,1.5,5.29,-1.78,-3.24,1.0,ACNB|BANF|FMNB|FRME|HBNC|NBTB|PRK|SASR|SYBT|TMP,ACNB|BANF|FMNB|FRME|HBNC|NBTB|PRK|SYBT|TMP
UBER,10,10,3.96,12.16,5.74,1.08,-0.5,12.16,4.46,0.0,-8.479999999999999,1.0,ABNB|AMZN|APPS|BKNG|DASH|FVRR|GOOG|GRAB|LYFT|TSLA,ABNB|AMZN|APPS|BKNG|DASH|FVRR|GOOG|GRAB|LYFT|TSLA
UBS,10,8,-1.01,1.03,12.52,0.11,-3.1100000000000003,-0.245,2.1000000000000005,1.275,0.8849999999999998,1.0,BAC|BK|C|CMA|GS|JPM|MS|NTRS|STT|WFC,BAC|C|GS|JPM|MS|NTRS|STT|WFC
UBSI,10,8,-3.0,1.45,10.32,-0.21,-4.055,-3.2800000000000002,1.0549999999999997,4.73,-0.6099999999999994,1.0,BKU|CFG|CMA|FITB|HBAN|KEY|PNC|RF|SNV|USB,BKU|CFG|FITB|HBAN|KEY|PNC|RF|USB
UCAR,10,7,-26.31,-44.57,-57.21,0.28,1.25,-6.89,-27.56,-37.68,-39.7,0.0,GOEV|LCID|LI|NIO|NKLA|RIVN|SBLX|TSLA|WKHS|XPEV,LCID|LI|NIO|RIVN|TSLA|WKHS|XPEV
UCB,10,10,-3.48,1.4,6.55,-0.76,-4.145,-2.575,0.6649999999999996,3.975,-2.825,0.9,BAC|FHN|FITB|FNB|HBAN|KEY|PNC|RF|TFC|WFC,BAC|FHN|FITB|FNB|HBAN|KEY|PNC|RF|TFC|WFC
UCL,10,10,-46.49,-57.83,-61.55,-5.11,-2.25,-1.135,-44.24,-56.695,-53.599999999999994,0.0,AAPL|AMZN|CSCO|ERIC|GOOGL|INTC|MSFT|NVDA|QCOM|TXN,AAPL|AMZN|CSCO|ERIC|GOOGL|INTC|MSFT|NVDA|QCOM|TXN
UCTT,10,10,-21.49,-28.11,-9.08,-2.76,-8.355,-4.765,-13.134999999999998,-23.345,-12.535,0.0,AMAT|ASML|COHU|ICHR|KLAC|LRCX|MTSI|OLED|TER|VECO,AMAT|ASML|COHU|ICHR|KLAC|LRCX|MTSI|OLED|TER|VECO
UDR,9,8,-0.14,-4.19,0.15,1.01,-0.625,-0.8300000000000001,0.485,-3.3600000000000003,-0.9249999999999999,0.625,AIV|AVB|CPT|EQR|ESS|INVH|IRT|MAA|NXRT,AIV|AVB|CPT|ESS|INVH|IRT|MAA|NXRT
UE,10,8,-1.97,-6.89,-1.89,-0.66,-0.245,-6.78,-1.725,-0.10999999999999943,-2.155,0.0,AKR|BRX|FRT|KIM|MAC|REG|ROIC|SITC|SKT|WSR,AKR|BRX|FRT|KIM|MAC|REG|SITC|SKT
UEC,7,7,-1.16,13.67,-13.25,-4.9,-2.64,2.88,1.4800000000000002,10.79,-9.93,0.7142857142857143,BMN|CCJ|DNN|LEU|NXE|URG|UUUU,BMN|CCJ|DNN|LEU|NXE|URG|UUUU
UEIC,10,10,-8.53,3.48,17.64,-1.68,-3.535,4.095,-4.994999999999999,-0.6149999999999998,12.585,0.3,AAPL|ADT|AMZN|BB|GE|GRMN|JBL|LOGI|MSFT|SONY,AAPL|ADT|AMZN|BB|GE|GRMN|JBL|LOGI|MSFT|SONY
UFCS,10,10,-1.48,6.79,10.17,0.26,-0.8,-2.675,-0.6799999999999999,9.465,3.5199999999999996,0.3,AIG|ALL|CINF|CNA|HIG|PGR|RLI|SIGI|TRV|WRB,AIG|ALL|CINF|CNA|HIG|PGR|RLI|SIGI|TRV|WRB
UFG,0,0,3.32,-21.21,-22.19,-4.65,,,,,,,,
UFI,10,8,13.78,14.49,83.29,-6.0,0.17500000000000002,1.995,13.604999999999999,12.495000000000001,86.59,1.0,AIN|CE|DOW|EMN|HUN|LYB|MHK|PX|TSE|WLKP,AIN|CE|DOW|EMN|HUN|LYB|MHK|WLKP
UFPI,10,8,-2.88,2.24,10.82,-1.96,-2.185,-0.395,-0.6949999999999998,2.6350000000000002,10.46,0.375,BLDR|EXP|LPX|PATK|PCH|SUM|TGLS|UFPT|VMI|WY,BLDR|EXP|LPX|PATK|TGLS|UFPT|VMI|WY
UFPT,10,9,-3.0,30.38,38.06,-0.82,-0.11,6.67,-2.89,23.71,22.490000000000002,0.0,AVY|DOW|EMN|GPK|HUN|IP|LYB|PKG|SEE|SON,AVY|DOW|EMN|GPK|HUN|IP|LYB|PKG|SON
UG,10,10,0.77,-9.12,2.63,2.48,4.12,7.960000000000001,-3.35,-17.08,-13.89,0.0,ABBV|ABT|BMY|GSK|JNJ|LLY|MRK|NVS|PFE|SNY,ABBV|ABT|BMY|GSK|JNJ|LLY|MRK|NVS|PFE|SNY
UGI,10,10,8.87,4.23,9.33,-0.31,0.38,-4.385,8.489999999999998,8.615,11.875,1.0,ATO|CNP|IDA|NI|NJR|NWN|OGS|PNW|SPH|SR,ATO|CNP|IDA|NI|NJR|NWN|OGS|PNW|SPH|SR
UGP,10,10,7.22,1.62,14.08,0.84,2.75,7.35,4.47,-5.7299999999999995,-9.15,0.9,CVI|DK|FANG|GLP|MPC|PBF|PSX|SUN|VLO|XOM,CVI|DK|FANG|GLP|MPC|PBF|PSX|SUN|VLO|XOM
UHAL,10,10,-2.08,1.58,44.14,-0.29,-2.18,-7.11,0.10000000000000009,8.690000000000001,40.455,0.6,CAR|GATX|HRI|JBHT|KNX|PAG|R|RBA|URI|WERN,CAR|GATX|HRI|JBHT|KNX|PAG|R|RBA|URI|WERN
UHAL-B,10,10,-1.73,1.65,38.74,-0.09,-3.7350000000000003,-2.4699999999999998,2.0050000000000003,4.119999999999999,34.38,0.6,CAR|CUBE|EXR|FWRD|HTZ|JBHT|KNX|PAG|R|SAIA,CAR|CUBE|EXR|FWRD|HTZ|JBHT|KNX|PAG|R|SAIA
UHS,7,6,1.43,16.28,5.68,0.77,-1.08,8.42,2.51,7.860000000000001,-8.510000000000002,0.8333333333333334,ACHC|CHE|CYH|EHC|HCA|SEM|THC,ACHC|CHE|CYH|EHC|HCA|THC
UHT,10,8,-0.38,-5.09,-1.73,0.01,1.5550000000000002,-5.25,-1.935,0.16000000000000014,-1.7850000000000001,0.125,CTRE|DOC|HCP|HR|MPW|NXRT|O|SBRA|VTR|WELL,CTRE|DOC|HR|NXRT|O|SBRA|VTR|WELL
UI,10,9,-1.83,6.48,-4.49,-2.25,-8.56,-1.5,6.73,7.98,-26.82,0.8888888888888888,ANET|AVGO|CSCO|DELL|EXTR|FFIV|HPE|JNPR|MSI|NTAP,ANET|AVGO|CSCO|DELL|EXTR|FFIV|HPE|MSI|NTAP
UIS,10,10,-6.08,-20.44,-8.92,-1.99,-0.105,17.189999999999998,-5.975,-37.629999999999995,-28.455,0.1,ACN|CTSH|DXC|GIB|HPE|HPQ|IBM|IT|LDOS|SAIC,ACN|CTSH|DXC|GIB|HPE|HPQ|IBM|IT|LDOS|SAIC
UK,10,10,-5.72,-2.28,-34.35,-2.72,-2.5,21.28,-3.2199999999999998,-23.560000000000002,-56.975,0.2,BOX|CRM|DOCU|GOOGL|HQY|MSFT|OKTA|TEAM|TWLO|WDAY,BOX|CRM|DOCU|GOOGL|HQY|MSFT|OKTA|TEAM|TWLO|WDAY
UL,10,10,1.32,2.71,10.1,0.51,0.5700000000000001,1.455,0.75,1.255,7.215,0.6,CHD|CL|CLX|GIS|KHC|KMB|MDLZ|PEP|PG|TSN,CHD|CL|CLX|GIS|KHC|KMB|MDLZ|PEP|PG|TSN
ULBI,10,10,-4.57,30.39,18.53,1.43,-4.38,-1.835,-0.1900000000000004,32.225,19.64,0.5,AES|BLDP|ENR|FCEL|GE|ITRI|NRG|ODFL|PHG|PLUG,AES|BLDP|ENR|FCEL|GE|ITRI|NRG|ODFL|PHG|PLUG
ULCC,9,8,-14.74,-2.27,23.99,-2.85,-10.785,-9.004999999999999,-3.955,6.734999999999999,21.08,0.25,AAL|ALGT|ALK|DAL|JBLU|LUV|SAVE|SKYW|UAL,AAL|ALGT|ALK|DAL|JBLU|LUV|SKYW|UAL
ULH,10,10,-1.65,20.39,37.32,-2.2,-3.31,-12.045,1.6600000000000001,32.435,39.74,0.9,CHRW|EXPD|HTLD|JBHT|KNX|LSTR|MRTN|ODFL|SAIA|SNDR,CHRW|EXPD|HTLD|JBHT|KNX|LSTR|MRTN|ODFL|SAIA|SNDR
ULS,10,10,-1.23,-11.87,-25.61,-0.23,-2.9850000000000003,3.455,1.7550000000000003,-15.325,-40.16,0.7,DHR|EMR|ETN|GE|HON|IR|ITW|MMM|ROK|ROP,DHR|EMR|ETN|GE|HON|IR|ITW|MMM|ROK|ROP
ULTA,7,7,1.19,7.9,5.8,-1.16,1.67,4.03,-0.48,3.87,-12.489999999999998,0.42857142857142855,CL|CNI|COTY|EL|LB|PG|SBH,CL|CNI|COTY|EL|LB|PG|SBH
UMAC,0,0,-6.68,29.23,76.9,-10.21,,,,,,,,
UMBF,10,10,-3.13,3.82,12.28,0.04,-3.5949999999999998,-2.11,0.46499999999999986,5.93,5.379999999999999,0.7,BKU|BOKF|CBSH|FHN|HBAN|OZK|PB|RF|WAL|ZION,BKU|BOKF|CBSH|FHN|HBAN|OZK|PB|RF|WAL|ZION
UMC,10,10,-7.2,-15.52,2.42,-0.75,-4.1850000000000005,-5.33,-3.0149999999999997,-10.19,-0.7250000000000001,0.3,AMAT|AMD|ASML|INTC|LRCX|MU|NVDA|QCOM|TSM|TXN,AMAT|AMD|ASML|INTC|LRCX|MU|NVDA|QCOM|TSM|TXN
UMH,10,9,0.24,7.36,8.13,0.44,-0.14,-0.9,0.38,8.26,7.98,0.5555555555555556,AIV|AVB|CPT|ELS|EQR|ESS|MAA|NXRT|SUI|UDR,AIV|AVB|CPT|ELS|ESS|MAA|NXRT|SUI|UDR
UNB,10,10,-0.73,-1.61,4.76,0.49,-4.395,-3.0149999999999997,3.6649999999999996,1.4049999999999996,-6.17,1.0,CFG|FITB|HBAN|KEY|PNC|RF|TFC|USB|WFC|ZION,CFG|FITB|HBAN|KEY|PNC|RF|TFC|USB|WFC|ZION
UNCY,9,8,1.11,-1.97,-29.46,-2.15,-0.79,-2.275,1.9000000000000001,0.30499999999999994,-12.670000000000002,0.625,ANVS|ARDX|BTAI|CAPR|CRBP|CRDF|CUE|LGVN|RAPT,ANVS|ARDX|BTAI|CAPR|CRBP|CRDF|CUE|LGVN
UNF,10,10,0.82,-0.08,9.81,0.31,-2.4699999999999998,0.49000000000000005,3.2899999999999996,-0.5700000000000001,-1.4700000000000006,0.8,AIT|CHEF|CTAS|FAST|MATW|MSM|SCSC|SITE|TNC|WCC,AIT|CHEF|CTAS|FAST|MATW|MSM|SCSC|SITE|TNC|WCC
UNFI,10,10,-4.0,-6.94,-7.43,-0.4,-3.05,-0.9299999999999999,-0.9500000000000002,-6.010000000000001,4.725000000000001,0.4,ACI|COST|IMKTA|KR|MDLZ|SFM|TGT|TSN|WMK|WMT,ACI|COST|IMKTA|KR|MDLZ|SFM|TGT|TSN|WMK|WMT
UNH,10,10,-2.94,-10.19,1.05,-0.32,-0.765,-0.050000000000000044,-2.175,-10.139999999999999,-9.309999999999999,0.0,CI|CNC|CVS|DGX|ELV|HCA|HUM|LH|MOH|THC,CI|CNC|CVS|DGX|ELV|HCA|HUM|LH|MOH|THC
UNIT,10,10,2.96,-9.43,-7.95,-2.33,-0.16999999999999998,1.09,3.13,-10.52,-9.445,1.0,AMT|BXP|CCI|COR|DLR|EQIX|FRT|IRM|LXP|SBAC,AMT|BXP|CCI|COR|DLR|EQIX|FRT|IRM|LXP|SBAC
UNM,10,10,-5.79,-0.53,4.17,-0.36,-2.745,-0.76,-3.045,0.22999999999999998,-2.6550000000000002,0.1,AFL|AIG|CINF|CNO|GNW|HIG|LNC|MET|PFG|PRU,AFL|AIG|CINF|CNO|GNW|HIG|LNC|MET|PFG|PRU
UNP,8,8,3.11,4.95,15.52,1.73,1.175,1.56,1.9349999999999998,3.39,4.135,0.875,CNI|CP|CSX|GBX|NSC|RA|TRN|WAB,CNI|CP|CSX|GBX|NSC|RA|TRN|WAB
UNTY,10,10,-4.96,2.21,7.82,-0.75,-4.255,-1.475,-0.7050000000000001,3.685,-0.754999999999999,0.2,CNOB|CZNC|FFBC|FMBH|FRME|HBNC|NWBI|OSBC|PFS|THFF,CNOB|CZNC|FFBC|FMBH|FRME|HBNC|NWBI|OSBC|PFS|THFF
UONE,10,8,-2.94,-0.8,-14.23,0.41,-1.24,-1.2000000000000002,-1.7,0.40000000000000013,-19.130000000000003,0.375,BBGI|CMLS|CURI|GTN|IHRT|NXST|SBGI|SIRI|TGNA|TSQ,BBGI|CURI|GTN|IHRT|NXST|SBGI|SIRI|TSQ
UP,9,8,-6.01,-21.52,-25.95,-5.27,-10.785,-9.004999999999999,4.775,-12.515,-28.86,1.0,AAL|ALGT|ALK|DAL|JBLU|LUV|SAVE|SKYW|UAL,AAL|ALGT|ALK|DAL|JBLU|LUV|SKYW|UAL
UPB,0,0,0.94,5.84,-17.06,-7.19,,,,,,,,
UPBD,8,8,-6.76,-14.35,4.77,-5.92,-3.25,-2.1350000000000002,-3.51,-12.215,-6.754999999999999,0.375,BBY|BURL|DG|DLTR|ROST|TGT|TJX|WMT,BBY|BURL|DG|DLTR|ROST|TGT|TJX|WMT
UPC,10,10,-11.41,27.14,92.59,-2.62,4.720000000000001,12.719999999999999,-16.130000000000003,14.420000000000002,71.73,0.0,AMGN|BIIB|BMY|GILD|LLY|MRK|PFE|REGN|VRTX|ZTS,AMGN|BIIB|BMY|GILD|LLY|MRK|PFE|REGN|VRTX|ZTS
UPLD,10,10,-27.95,1.03,-40.2,1.74,0.315,26.060000000000002,-28.265,-25.03,-59.43000000000001,0.0,ADBE|BOX|CRM|HUBS|MSFT|NOW|ORCL|SAP|TEAM|WDAY,ADBE|BOX|CRM|HUBS|MSFT|NOW|ORCL|SAP|TEAM|WDAY
UPS,10,10,-2.53,-11.2,4.04,0.01,-3.505,-8.545,0.9750000000000001,-2.6549999999999994,-0.35499999999999954,0.7,CHRW|EXPD|FDX|JBHT|LSTR|ODFL|R|SKY|SNDR|XPO,CHRW|EXPD|FDX|JBHT|LSTR|ODFL|R|SKY|SNDR|XPO
UPST,10,9,-9.49,-2.13,-2.81,-8.33,-4.97,4.16,-4.5200000000000005,-6.29,-16.13,0.0,AFRM|CUBI|ENVA|GDOT|LC|NRDS|OPRT|PYPL|SOFI|TREE,AFRM|CUBI|ENVA|GDOT|NRDS|OPRT|PYPL|SOFI|TREE
UPWK,10,8,-1.38,-4.68,-1.38,-1.72,-0.655,2.8100000000000005,-0.7249999999999999,-7.49,-13.385000000000002,0.375,ASGN|DLHC|DOYU|ETWO|FVRR|KFY|NSIT|TASK|TNET|TTD,DLHC|DOYU|FVRR|KFY|NSIT|TASK|TNET|TTD
UPXI,10,6,25.85,8.86,-32.95,6.65,3.945,3.245,21.905,5.614999999999999,-13.46,1.0,BTBT|CNF|FUTU|JFIN|JFU|NISN|OCFT|SOS|STCN|UOKA,BTBT|CNF|FUTU|JFIN|JFU|SOS
URBN,9,8,-5.07,-1.87,0.93,-2.7,-3.7300000000000004,2.065,-1.3399999999999999,-3.935,-23.64,0.375,AEO|ANF|BKE|JWN|KSS|LB|TJX|URGN|WSM,AEO|ANF|BKE|KSS|LB|TJX|URGN|WSM
URG,8,8,-0.19,2.88,-9.01,-4.29,-4.02,4.09,3.8299999999999996,-1.21,1.8699999999999992,1.0,BKYI|CCJ|DNN|LEU|LTBR|NXE|UEC|UUUU,BKYI|CCJ|DNN|LEU|LTBR|NXE|UEC|UUUU
URGN,10,9,-1.93,12.2,56.15,-6.16,4.42,11.08,-6.35,1.1199999999999992,39.81,0.0,ACAD|BIIB|EXEL|FOLD|HALO|IONS|NBIX|PBYI|SRPT|VKTX,ACAD|BIIB|EXEL|HALO|IONS|NBIX|PBYI|SRPT|VKTX
URI,8,7,-1.76,6.36,17.58,-1.44,-0.2,-3.3,-1.56,9.66,4.999999999999998,0.42857142857142855,AGCO|ASTE|CAT|DE|HEES|MTW|OSK|TEX,AGCO|ASTE|CAT|DE|MTW|OSK|TEX
UROY,10,10,1.84,36.8,20.49,-1.07,-2.05,4.095,3.8899999999999997,32.705,26.404999999999998,0.9,BHP|BMN|CCJ|DNN|LEU|LODE|NXE|UEC|URG|UUUU,BHP|BMN|CCJ|DNN|LEU|LODE|NXE|UEC|URG|UUUU
USAC,10,10,2.3,-0.78,-10.11,-0.71,1.6149999999999998,4.135,0.685,-4.915,-12.5,0.6,ALSN|APD|DOV|EQT|FMC|FTI|HP|NOV|OII|SLB,ALSN|APD|DOV|EQT|FMC|FTI|HP|NOV|OII|SLB
USAR,0,0,-8.62,7.49,-24.66,-5.97,,,,,,,,
USAS,10,9,3.96,25.6,-5.75,-2.6,10.7,32.28,-6.739999999999999,-6.68,-13.530000000000001,0.1111111111111111,AGI|CDE|EXK|FSM|HL|MUX|NAK|NG|PAAS|SILV,AGI|CDE|EXK|FSM|HL|MUX|NAK|NG|PAAS
USAU,10,10,9.46,17.25,6.49,5.27,13.89,34.8,-4.43,-17.549999999999997,-6.985000000000001,0.1,AEM|AU|B|BTG|EQX|GFI|IAG|KGC|NEM|NG,AEM|AU|B|BTG|EQX|GFI|IAG|KGC|NEM|NG
USB,10,10,-4.19,-3.15,14.57,-0.61,-3.96,-1.725,-0.23000000000000043,-1.4249999999999998,2.8000000000000007,0.4,BAC|C|COF|FITB|JPM|KEY|PNC|RF|TFC|WFC,BAC|C|COF|FITB|JPM|KEY|PNC|RF|TFC|WFC
USBC,10,10,10.24,18.6,-3.6,0.94,2.225,14.415,8.015,4.185000000000002,-30.195,1.0,A|ABT|BIIB|DXCM|LMAT|MEDP|NVCR|PODD|QDEL|TNDM,A|ABT|BIIB|DXCM|LMAT|MEDP|NVCR|PODD|QDEL|TNDM
USCB,10,10,-1.7,10.23,20.83,-0.56,-4.109999999999999,-1.1949999999999998,2.4099999999999993,11.425,13.894999999999998,1.0,BOH|COLB|EFSC|FULT|FUNC|HOMB|PB|SYBT|TRMK|WBS,BOH|COLB|EFSC|FULT|FUNC|HOMB|PB|SYBT|TRMK|WBS
USEA,10,10,0.37,3.44,13.87,0.0,5.025,11.010000000000002,-4.655,-7.570000000000002,-0.07000000000000028,0.1,ASC|DHT|FRO|GOGL|INSW|MATX|NAT|SBLK|STNG|TNK,ASC|DHT|FRO|GOGL|INSW|MATX|NAT|SBLK|STNG|TNK
USFD,10,10,-1.2,13.23,34.08,1.16,0.48000000000000004,4.68,-1.68,8.55,28.369999999999997,0.3,CHEF|DAR|HAIN|HASI|INGR|MDLZ|PFGC|SYY|TSN|UNFI,CHEF|DAR|HAIN|HASI|INGR|MDLZ|PFGC|SYY|TSN|UNFI
USGO,10,10,7.32,15.5,-17.21,-0.38,12.219999999999999,32.644999999999996,-4.899999999999999,-17.144999999999996,-35.980000000000004,0.1,AEM|B|CDE|EGO|HL|IAG|MUX|NEM|NG|SA,AEM|B|CDE|EGO|HL|IAG|MUX|NEM|NG|SA
USIO,10,9,1.64,30.32,72.05,2.83,-0.1,4.3,1.74,26.02,55.839999999999996,0.7777777777777778,EVRI|FIS|FOUR|GPN|JPM|MA|PYPL|V|WEX|XYZ,FIS|FOUR|GPN|JPM|MA|PYPL|V|WEX|XYZ
USLM,10,10,3.72,13.54,16.95,1.95,-2.75,-0.955,6.470000000000001,14.495,15.559999999999999,0.9,BCPC|CMP|EXP|FMC|FUL|HWKN|MLM|SCL|SHW|VMC,BCPC|CMP|EXP|FMC|FUL|HWKN|MLM|SCL|SHW|VMC
USNA,9,8,-4.68,-41.37,-28.38,-1.95,-0.175,3.9699999999999998,-4.505,-45.339999999999996,-36.64,0.125,FIZZ|HELE|HLF|LFVN|MED|NHTC|PRGO|THS|USFD,FIZZ|HELE|HLF|LFVN|MED|NHTC|PRGO|USFD
USPH,9,6,-4.65,6.1,26.79,-0.37,-0.16999999999999998,7.754999999999999,-4.48,-1.6549999999999994,7.869999999999997,0.0,ADUS|AMED|ATIP|BKD|CHE|DGX|EHC|PRVA|SEM,ADUS|BKD|CHE|DGX|EHC|PRVA
UTHR,10,10,4.36,-0.75,-7.24,-1.14,4.720000000000001,12.719999999999999,-0.3600000000000003,-13.469999999999999,-29.045,0.4,AMGN|BIIB|BMY|GILD|JNJ|LLY|MRK|PFE|REGN|VRTX,AMGN|BIIB|BMY|GILD|JNJ|LLY|MRK|PFE|REGN|VRTX
UTI,10,9,-9.6,-35.09,-37.0,-3.87,-0.99,1.5,-8.61,-36.59,-29.54,0.1111111111111111,APEI|ATGE|BFAM|CHGG|EDU|LINC|LOPE|LRN|STRA|TAL,APEI|BFAM|CHGG|EDU|LINC|LOPE|LRN|STRA|TAL
UTL,10,10,0.11,-1.55,6.12,0.87,-0.125,-4.0600000000000005,0.235,2.5100000000000007,6.1450000000000005,0.5,AEP|D|DUK|ED|EIX|EXC|NEE|PEG|SO|XEL,AEP|D|DUK|ED|EIX|EXC|NEE|PEG|SO|XEL
UTMD,10,9,0.78,5.02,13.23,0.75,0.75,14.25,0.030000000000000027,-9.23,-4.780000000000001,0.5555555555555556,ABT|BAX|BDX|BSX|EW|HOLX|MDT|STE|SYK|ZBH,ABT|BAX|BDX|BSX|EW|MDT|STE|SYK|ZBH
UTSI,10,9,-2.49,-1.67,-13.28,-2.07,-8.56,-0.47,6.07,-1.2,-12.75,0.7777777777777778,ANET|CIEN|CSCO|DELL|ERIC|FFIV|HPE|IBM|JNPR|NOK,ANET|CIEN|CSCO|DELL|ERIC|FFIV|HPE|IBM|NOK
UTZ,10,9,-0.07,0.64,83.29,-0.03,0.61,5.13,-0.6799999999999999,-4.49,78.76,0.3333333333333333,CPB|FLO|HRL|K|KHC|MDLZ|MZTI|PEP|SJM|TSN,CPB|FLO|HRL|KHC|MDLZ|MZTI|PEP|SJM|TSN
UUU,10,10,76.49,54.89,-7.3,-3.44,-1.5899999999999999,-0.585,78.08,55.475,-12.809999999999999,1.0,ADT|ALLE|AXON|BCO|CSR|HCSG|JCI|KNDI|LEA|MYE,ADT|ALLE|AXON|BCO|CSR|HCSG|JCI|KNDI|LEA|MYE
UUUU,9,9,-4.29,13.36,-16.84,-6.03,-1.46,5.31,-2.83,8.05,-9.54,0.2222222222222222,CCJ|DNN|LEU|LTBR|NXE|UEC|URG|UROY|UUU,CCJ|DNN|LEU|LTBR|NXE|UEC|URG|UROY|UUU
UVE,10,10,-1.37,10.61,4.73,-0.99,-0.8,-2.1350000000000002,-0.5700000000000001,12.745,-0.03500000000000014,0.3,AIZ|ALL|CINF|HIG|MKL|PGR|RNR|SIGI|TRV|WRB,AIZ|ALL|CINF|HIG|MKL|PGR|RNR|SIGI|TRV|WRB
UVSP,10,9,-3.58,-5.39,6.23,-0.58,-3.37,0.44,-0.20999999999999996,-5.83,-1.9399999999999995,0.4444444444444444,CBSH|COLB|CUBI|FULT|IBTX|NBHC|STBA|TCBI|WASH|WBS,CBSH|COLB|CUBI|FULT|NBHC|STBA|TCBI|WASH|WBS
UVV,9,9,1.68,-15.08,-16.69,1.01,-0.66,-0.32,2.34,-14.76,-12.72,0.6666666666666666,ACB|BTI|CRON|MO|OGI|PM|RLX|TPB|XXII,ACB|BTI|CRON|MO|OGI|PM|RLX|TPB|XXII
UWMC,10,10,-12.27,-22.28,-52.49,-3.36,-3.48,-1.415,-8.79,-20.865000000000002,-53.565000000000005,0.0,CACC|EFC|ESNT|LADR|OPRT|OZK|PFSI|PMT|RKT|WD,CACC|EFC|ESNT|LADR|OPRT|OZK|PFSI|PMT|RKT|WD
UXIN,10,10,-4.24,-26.14,-52.52,0.0,-2.58,-3.51,-1.6600000000000001,-22.630000000000003,-59.56,0.2,ABG|AN|CARG|CRMT|CVNA|GPI|LAD|OPLN|SAH|VRM,ABG|AN|CARG|CRMT|CVNA|GPI|LAD|OPLN|SAH|VRM
UYSC,0,0,0.56,0.56,1.59,0.74,,,,,,,,
V,10,9,0.87,4.3,11.45,0.83,-2.74,1.72,3.6100000000000003,2.58,-3.3100000000000005,0.7777777777777778,AFRM|AXP|COF|DFS|FIS|GPN|JPM|MA|PYPL|WU,AFRM|AXP|COF|FIS|GPN|JPM|MA|PYPL|WU
VABK,10,10,-0.79,4.52,8.9,-0.39,-4.380000000000001,-1.6500000000000001,3.5900000000000007,6.17,0.19000000000000128,1.0,FCBC|FFBC|FULT|HBNC|HOMB|LKFN|OZK|TRMK|UBSI|WSBC,FCBC|FFBC|FULT|HBNC|HOMB|LKFN|OZK|TRMK|UBSI|WSBC
VAC,10,10,-8.53,14.39,50.19,-4.34,0.9199999999999999,-1.0050000000000001,-9.45,15.395000000000001,45.864999999999995,0.0,BKNG|CHH|DRH|EXPE|H|HGV|IHG|MLCO|RHP|WH,BKNG|CHH|DRH|EXPE|H|HGV|IHG|MLCO|RHP|WH
VACI,0,0,0.05,0.89,-1.21,-0.04,,,,,,,,
VAL,9,9,4.81,13.24,-18.58,2.65,3.86,8.49,0.9499999999999997,4.75,-8.759999999999998,0.5555555555555556,BORR|HLX|INVX|NBR|NE|OII|RIG|TDW|WTI,BORR|HLX|INVX|NBR|NE|OII|RIG|TDW|WTI
VALE,10,9,3.12,-2.08,-11.06,2.41,0.48,7.23,2.64,-9.31,-19.560000000000002,0.5555555555555556,AA|BHP|CLF|FCX|MT|NUE|RIO|SCCO|STLD|X,AA|BHP|CLF|FCX|MT|NUE|RIO|SCCO|STLD
VALN,10,9,21.42,40.0,15.88,0.29,3.99,13.28,17.43,26.72,6.860000000000001,0.8888888888888888,AZN|BNTX|GSK|INBX|JNJ|MRNA|NVAX|PFE|SRPT|VXRT,AZN|BNTX|GSK|INBX|JNJ|MRNA|NVAX|PFE|SRPT
VALU,10,9,2.31,-0.64,10.62,-1.12,1.21,8.66,1.1,-9.3,0.8899999999999988,0.5555555555555556,BBGI|DNB|FDS|ICE|MORN|MSCI|NDAQ|RAMP|TRU|UPST,BBGI|FDS|ICE|MORN|MSCI|NDAQ|RAMP|TRU|UPST
VANI,10,9,2.99,-0.72,15.97,-0.72,-0.85,14.29,3.8400000000000003,-15.01,5.800000000000001,0.7777777777777778,ABT|BAX|BSX|EW|HOLX|ISRG|MDT|RMD|SYK|ZBH,ABT|BAX|BSX|EW|ISRG|MDT|RMD|SYK|ZBH
VATE,10,10,4.26,-2.73,-40.5,0.26,-4.515000000000001,3.455,8.775,-6.1850000000000005,-55.05,0.9,AME|DHR|EMR|ETN|GE|HON|IR|ITW|MMM|ROP,AME|DHR|EMR|ETN|GE|HON|IR|ITW|MMM|ROP
VBNK,10,9,-5.32,-5.79,7.94,-1.7,-4.0,-1.63,-1.3200000000000003,-4.16,-3.169999999999999,0.0,ALLY|AX|BK|C|COF|GS|JPM|MTB|PNC|RF,ALLY|AX|C|COF|GS|JPM|MTB|PNC|RF
VC,10,9,-2.91,0.93,-4.67,-1.62,-0.92,0.99,-1.9900000000000002,-0.05999999999999994,-7.24,0.2222222222222222,ADNT|ALV|BWA|GNTX|LEA|MGA|STRT|SUP|TEN|THRM,ADNT|ALV|BWA|GNTX|LEA|MGA|STRT|TEN|THRM
VCEL,10,7,-4.47,-4.51,20.2,-2.42,2.14,3.72,-6.609999999999999,-8.23,6.08,0.0,APYX|ATRC|CUTR|ENZ|HAE|ICUI|MDXG|OFIX|PODD|RVNC,APYX|ATRC|HAE|ICUI|MDXG|OFIX|PODD
VCIG,10,10,-21.37,-68.2,-71.19,-11.5,-1.9500000000000002,6.545,-19.42,-74.745,-87.94,0.0,ADP|FIS|GPN|JPM|MA|PAYX|PYPL|V|WU|XYZ,ADP|FIS|GPN|JPM|MA|PAYX|PYPL|V|WU|XYZ
VCTR,10,10,-3.92,18.25,35.73,-1.96,-1.93,5.07,-1.99,13.18,25.379999999999995,0.3,AMG|APO|BEN|BLK|CBOE|CNS|IVZ|KKR|NDAQ|TROW,AMG|APO|BEN|BLK|CBOE|CNS|IVZ|KKR|NDAQ|TROW
VCYT,10,9,-1.0,-27.3,-6.67,-0.04,6.19,13.72,-7.19,-41.02,-54.79,0.0,BIO|CDNA|CRL|EXAS|FLGT|GH|ILMN|MYGN|NTRA|QGEN,BIO|CDNA|CRL|FLGT|GH|ILMN|MYGN|NTRA|QGEN
VECO,10,10,-12.5,-14.14,-17.23,-1.14,-9.969999999999999,-3.1799999999999997,-2.530000000000001,-10.96,-20.685000000000002,0.3,AMAT|ASML|COHU|FORM|KLAC|LRCX|MTSI|ONTO|TEL|UCTT,AMAT|ASML|COHU|FORM|KLAC|LRCX|MTSI|ONTO|TEL|UCTT
VEEA,0,0,-7.58,-28.58,-79.88,-3.67,,,,,,,,
VEEE,10,9,-17.98,-47.14,61.88,-4.11,-1.13,1.08,-16.85,-48.22,52.85,0.0,BC|HZO|LCII|MBC|MCFT|MPAA|MPX|OSW|THO|WGO,BC|HZO|LCII|MBC|MCFT|MPAA|OSW|THO|WGO
VEEV,10,10,-0.24,36.57,52.79,0.36,-0.46,24.85,0.22000000000000003,11.719999999999999,36.28,0.6,ADBE|CRM|HUBS|MCK|NOW|OKTA|ORCL|TEAM|WDAY|ZS,ADBE|CRM|HUBS|MCK|NOW|OKTA|ORCL|TEAM|WDAY|ZS
VEL,10,10,0.48,5.55,4.94,0.09,-1.3250000000000002,-2.63,1.8050000000000002,8.18,12.93,1.0,ABR|AGNC|CIM|IVR|NLY|PFSI|PMT|RKT|RWT|TWO,ABR|AGNC|CIM|IVR|NLY|PFSI|PMT|RKT|RWT|TWO
VELO,0,0,-14.87,24.58,-29.27,-5.74,,,,,,,,
VENU,0,0,-8.78,-23.36,-47.32,0.54,,,,,,,,
VEON,9,8,-0.52,6.71,2.97,0.65,0.74,-0.8450000000000001,-1.26,7.555,6.0,0.375,AD|AMX|CHT|PHI|T|TEF|TMUS|VIV|VZ,AD|AMX|CHT|PHI|T|TMUS|VIV|VZ
VERA,10,9,8.69,-12.91,-9.3,-2.71,3.4,11.46,5.289999999999999,-24.37,-28.080000000000002,0.7777777777777778,ALXO|ARVN|AVIR|BCRX|CRVS|INCY|ITCI|KURA|LGND|RIGL,ALXO|ARVN|AVIR|BCRX|CRVS|INCY|KURA|LGND|RIGL
VERI,10,10,-41.46,-22.81,-55.49,-9.7,-0.8300000000000001,15.985,-40.63,-38.795,-61.995000000000005,0.0,ADBE|AI|AMZN|GOOG|GOOGL|IBM|MSFT|NFLX|PLTR|SPOT,ADBE|AI|AMZN|GOOG|GOOGL|IBM|MSFT|NFLX|PLTR|SPOT
VERU,10,8,-4.07,14.6,19.35,-1.89,2.2600000000000002,6.485,-6.33,8.114999999999998,3.7700000000000014,0.125,ASRT|CDTX|CRBP|DSGN|HRTX|MNKD|TGTX|TNXP|TXMD|XERS,CRBP|DSGN|HRTX|MNKD|TGTX|TNXP|TXMD|XERS
VERX,10,10,1.47,21.67,-0.48,-0.55,1.125,27.4,0.345,-5.729999999999997,-18.27,0.6,ADBE|CRM|INTU|MSFT|NOW|ORCL|SAP|SNOW|TEAM|WDAY,ADBE|CRM|INTU|MSFT|NOW|ORCL|SAP|SNOW|TEAM|WDAY
VET,10,9,15.27,17.36,2.74,3.07,8.39,10.22,6.879999999999999,7.139999999999999,-2.17,1.0,APA|BKR|COP|DVN|EOG|FANG|HAL|MRO|OXY|SLB,APA|BKR|COP|DVN|EOG|FANG|HAL|OXY|SLB
VFC,9,8,-5.53,-18.9,-14.1,-3.07,-3.68,-7.855,-1.85,-11.044999999999998,-10.709999999999999,0.25,COLM|GOOS|HBI|KTB|LEVI|NKE|PVH|RL|TPR,COLM|GOOS|KTB|LEVI|NKE|PVH|RL|TPR
VFF,10,10,4.84,30.13,0.37,-0.96,-1.34,11.51,6.18,18.619999999999997,-0.010000000000000009,0.9,ACB|CGC|CRON|GRWG|IGC|IIPR|OGI|SNDL|TLRY|TVRD,ACB|CGC|CRON|GRWG|IGC|IIPR|OGI|SNDL|TLRY|TVRD
VFS,10,8,-1.75,-1.59,-14.03,-1.43,0.45,-5.365,-2.2,3.7750000000000004,-17.275,0.25,F|GM|GOEV|HMC|LCID|NKLA|RIVN|STLA|TM|TSLA,F|GM|HMC|LCID|RIVN|STLA|TM|TSLA
VG,0,0,6.94,-2.29,3.21,4.93,,,,,,,,
VGAS,10,7,0.79,24.05,-33.5,-0.76,-6.38,-13.34,7.17,37.39,-12.649999999999999,0.8571428571428571,AMTX|BE|BLDP|CLNE|FCEL|GEVO|HYZN|NKLA|ORGN|PLUG,AMTX|BE|BLDP|CLNE|FCEL|GEVO|PLUG
VGZ,10,10,7.56,39.08,9.5,-1.95,12.395,27.715,-4.835,11.364999999999998,-3.635,0.0,AEM|AGI|B|IAG|KGC|NEM|NG|PAAS|RGLD|SSRM,AEM|AGI|B|IAG|KGC|NEM|NG|PAAS|RGLD|SSRM
VHC,10,10,-11.23,12.15,0.73,-1.01,-2.545,-2.25,-8.685,14.4,8.68,0.2,AAPL|AVGO|CSCO|GOOGL|HPQ|IBM|INTC|MSFT|QCOM|TXN,AAPL|AVGO|CSCO|GOOGL|HPQ|IBM|INTC|MSFT|QCOM|TXN
VHI,10,10,2.98,23.18,32.01,-1.68,-1.345,2.645,4.325,20.535,33.045,0.8,AXTA|CC|EMN|FUL|HUN|LYB|PPG|RPM|TROX|WLK,AXTA|CC|EMN|FUL|HUN|LYB|PPG|RPM|TROX|WLK
VIA,0,0,-0.19,50.34,81.32,-0.27,,,,,,,,
VIAV,10,8,-9.56,-7.98,-19.17,0.31,-4.275,-3.73,-5.285,-4.25,-15.785000000000002,0.25,ADTN|ANET|CALX|CIEN|EXTR|FN|INFN|JNPR|LITE|VISN,ADTN|ANET|CALX|CIEN|EXTR|FN|LITE|VISN
VICI,10,10,0.89,-0.02,-6.43,0.8,0.3,-2.0549999999999997,0.5900000000000001,2.0349999999999997,-10.23,0.7,AVB|BXP|CCI|DLR|HST|O|PLD|PSA|VTR|WY,AVB|BXP|CCI|DLR|HST|O|PLD|PSA|VTR|WY
VICR,10,10,-8.2,-4.28,-21.25,-4.19,-3.375,-9.575,-4.824999999999999,5.294999999999999,-4.27,0.2,ADI|AMD|AVGO|INTC|MCHP|MPWR|NXPI|ON|QCOM|TXN,ADI|AMD|AVGO|INTC|MCHP|MPWR|NXPI|ON|QCOM|TXN
VIK,10,10,-16.02,-11.2,7.21,-1.85,-3.01,2.23,-13.01,-13.43,0.45500000000000007,0.0,AFL|BRK-A|BX|CCEC|GPRE|KKR|LNC|MET|PAGP|PNR,AFL|BRK-A|BX|CCEC|GPRE|KKR|LNC|MET|PAGP|PNR
VINP,10,10,-1.66,-2.89,-9.74,-0.08,-4.95,12.594999999999999,3.29,-15.485,-21.119999999999997,0.8,APO|ARES|BAM|BX|CG|GCMG|HLNE|ICMB|KKR|PAGP,APO|ARES|BAM|BX|CG|GCMG|HLNE|ICMB|KKR|PAGP
VIOT,10,9,-1.9,-8.32,-27.37,0.9,-0.13,-2.81,-1.77,-5.51,-25.84,0.2222222222222222,AAPL|AMZN|GM|GOOGL|LCID|NIO|SONY|TSLA|VZIO|XPEV,AAPL|AMZN|GM|GOOGL|LCID|NIO|SONY|TSLA|XPEV
VIPS,10,10,0.0,-3.54,-0.42,-1.94,0.6849999999999999,7.69,-0.6849999999999999,-11.23,4.415,0.4,BABA|BZUN|DOYU|EDU|JD|MOMO|PDD|TAL|TME|YQ,BABA|BZUN|DOYU|EDU|JD|MOMO|PDD|TAL|TME|YQ
VIR,10,10,2.56,-1.28,3.94,-5.53,5.015000000000001,10.73,-2.4550000000000005,-12.01,-11.415000000000001,0.1,AZN|BNTX|GILD|JNJ|LLY|MRNA|NVAX|PFE|REGN|SNY,AZN|BNTX|GILD|JNJ|LLY|MRNA|NVAX|PFE|REGN|SNY
VIRC,10,8,-3.88,-1.33,0.17,0.68,-1.69,1.815,-2.19,-3.145,-11.915000000000001,0.125,BSET|CRWS|ESCA|FLXS|HNI|HOFT|SCS|SGI|SNBR|TNC,BSET|CRWS|ESCA|FLXS|HNI|HOFT|SGI|TNC
VIRT,10,10,4.39,0.26,11.05,-0.43,0.015000000000000013,3.1199999999999997,4.375,-2.8599999999999994,4.075000000000001,0.9,AMTD|CBOE|GS|IBKR|ICE|JPM|MKTX|MS|NDAQ|SCHW,AMTD|CBOE|GS|IBKR|ICE|JPM|MKTX|MS|NDAQ|SCHW
VISN,10,9,-0.89,-6.88,-3.27,0.45,-5.79,-0.58,4.9,-6.3,-2.74,0.7777777777777778,ANET|CIEN|CSCO|EXTR|FFIV|HPE|JNPR|NTCT|T|VZ,ANET|CIEN|CSCO|EXTR|FFIV|HPE|NTCT|T|VZ
VIST,10,8,7.74,6.4,-5.29,4.22,7.5649999999999995,7.77,0.1750000000000007,-1.3699999999999992,-12.225,0.625,APA|COP|DVN|EC|FANG|HES|MRO|OXY|PBR|YPF,APA|COP|DVN|EC|FANG|OXY|PBR|YPF
VITL,10,10,-6.3,-17.29,15.16,-0.09,-0.545,-5.045,-5.755,-12.245,11.895,0.0,BRID|CALM|FLO|HRL|MDLZ|POST|PPC|SYY|TSN|UNFI,BRID|CALM|FLO|HRL|MDLZ|POST|PPC|SYY|TSN|UNFI
VIV,10,10,0.13,-19.12,-16.72,-1.18,-1.19,0.815,1.3199999999999998,-19.935000000000002,-17.669999999999998,0.6,AD|AMX|CHT|KT|S|SPB|T|TEO|TMUS|VZ,AD|AMX|CHT|KT|S|SPB|T|TEO|TMUS|VZ
VIVS,10,8,-17.19,-41.09,-79.1,-2.02,6.925000000000001,8.61,-24.115000000000002,-49.7,-98.655,0.0,ALLO|BLUE|CRSP|CYRX|EDIT|FATE|MDXG|NTLA|SGMO|VCEL,ALLO|CRSP|CYRX|EDIT|FATE|MDXG|NTLA|VCEL
VKTX,10,8,3.98,-8.2,16.34,-4.99,3.6950000000000003,-12.3,0.2849999999999997,4.100000000000001,22.605,0.75,AKBA|AKRO|ARDX|ATON|BOLD|EYPT|GLMD|KYNB|MDGL|TVRD,AKBA|ARDX|BOLD|EYPT|GLMD|KYNB|MDGL|TVRD
VLGEA,10,10,-0.74,-1.72,-7.32,-0.53,-2.775,-0.8600000000000001,2.035,-0.8599999999999999,0.6599999999999993,0.7,ACI|CASY|COST|DG|DLTR|GO|IMKTA|KR|SFM|WMT,ACI|CASY|COST|DG|DLTR|GO|IMKTA|KR|SFM|WMT
VLN,10,10,-10.57,-1.98,-40.17,-4.67,-3.575,-8.88,-6.995,6.9,-27.400000000000002,0.2,ADI|AMBA|AVGO|LSCC|MCHP|NVDA|NXPI|ON|QRVO|TXN,ADI|AMBA|AVGO|LSCC|MCHP|NVDA|NXPI|ON|QRVO|TXN
VLO,7,7,1.37,11.81,36.99,0.39,3.1,13.86,-1.73,-2.049999999999999,0.1600000000000037,0.2857142857142857,CVI|DK|MPC|PBF|PSX|TTE|VET,CVI|DK|MPC|PBF|PSX|TTE|VET
VLRS,9,8,-12.72,-10.83,4.79,-1.89,-10.57,-9.004999999999999,-2.1500000000000004,-1.825000000000001,3.64,0.25,AAL|ALK|AZUL|DAL|JBLU|LUV|RYAAY|SAVE|UAL,AAL|ALK|AZUL|DAL|JBLU|LUV|RYAAY|UAL
VLTO,9,9,2.98,10.2,16.54,0.35,5.21,19.12,-2.23,-8.920000000000002,-21.17,0.4444444444444444,A|BRKR|DHR|IQV|LDOS|MTD|TECH|TMO|WAT,A|BRKR|DHR|IQV|LDOS|MTD|TECH|TMO|WAT
VLY,10,10,-5.38,-2.12,6.37,-1.59,-4.255,-3.535,-1.125,1.415,-3.7150000000000007,0.1,CFG|FNB|FULT|HBAN|KEY|MTB|PNC|RF|TCBI|ZION,CFG|FNB|FULT|HBAN|KEY|MTB|PNC|RF|TCBI|ZION
VMAR,10,10,-2.83,-21.75,-90.75,-3.43,-0.8200000000000001,2.21,-2.01,-23.96,-97.725,0.1,BC|CWH|DOO|FOXF|LCII|MBUU|MCFT|PII|THO|WGO,BC|CWH|DOO|FOXF|LCII|MBUU|MCFT|PII|THO|WGO
VMC,8,5,-1.64,-1.75,3.69,-1.19,-2.83,-3.87,1.1900000000000002,2.12,6.02,0.8,CRH|CX|EXP|FUL|HEES|MLM|SUM|X,CRH|CX|EXP|FUL|MLM
VMD,10,8,-5.4,-27.22,-10.38,-3.02,-0.935,6.945,-4.465,-34.165,-23.060000000000002,0.0,ADUS|AHCO|AMED|CHE|EHC|ENSG|HCSG|HUM|OPCH|SEM,ADUS|AHCO|CHE|EHC|ENSG|HCSG|HUM|OPCH
VMI,10,10,-1.57,-0.63,-3.76,0.03,0.07499999999999998,0.235,-1.645,-0.865,-16.6,0.3,AGCO|ASTE|CMCO|DE|LNN|MTW|OSK|PCAR|TEX|TRN,AGCO|ASTE|CMCO|DE|LNN|MTW|OSK|PCAR|TEX|TRN
VNCE,10,10,-3.91,-8.95,37.53,-3.12,-4.9350000000000005,-8.655000000000001,1.0250000000000004,-0.29499999999999815,38.425000000000004,0.6,COLM|CPRI|GIII|KTB|LEVI|OXM|PVH|RL|SHOO|TPR,COLM|CPRI|GIII|KTB|LEVI|OXM|PVH|RL|SHOO|TPR
VNDA,10,7,6.96,0.56,-12.94,-3.41,2.81,-1.5,4.15,2.06,-16.08,0.8571428571428571,ACAD|ARDX|EPIX|ITCI|KURA|MDGL|NBIX|PRTA|SAGE|XENE,ACAD|ARDX|KURA|MDGL|NBIX|PRTA|XENE
VNET,10,10,-9.94,-14.2,-34.29,-1.33,-1.19,4.355,-8.75,-18.555,-31.435,0.1,AMT|COR|DLNG|DLR|EQIX|GDS|IRON|LUMN|RXT|SBAC,AMT|COR|DLNG|DLR|EQIX|GDS|IRON|LUMN|RXT|SBAC
VNME,0,0,0.39,0.95,0.98,0.39,,,,,,,,
VNO,10,10,-2.85,0.08,21.96,0.36,0.095,-2.285,-2.9450000000000003,2.365,15.690000000000001,0.0,ARE|BXP|ESRT|FRT|HPP|HST|O|SLG|SPG|VTR,ARE|BXP|ESRT|FRT|HPP|HST|O|SLG|SPG|VTR
VNOM,10,8,9.23,0.27,-4.84,2.73,9.105,8.795,0.125,-8.525,-11.41,0.5,APA|AR|DVN|EOG|FANG|HES|MRO|NOG|RRC|SM,APA|AR|DVN|EOG|FANG|NOG|RRC|SM
VNRX,10,9,-28.53,-56.66,-81.9,-7.66,4.94,17.07,-33.47,-73.72999999999999,-121.80000000000001,0.0,BIO|CRL|DGX|EXAS|GH|ILMN|MYGN|NEO|QGEN|TMO,BIO|CRL|DGX|GH|ILMN|MYGN|NEO|QGEN|TMO
VNT,10,10,0.33,9.93,16.78,0.66,-4.515000000000001,2.265,4.845000000000001,7.664999999999999,3.880000000000001,0.8,A|AME|DOV|EMR|ETN|GE|HON|MMM|ROP|TEL,A|AME|DOV|EMR|ETN|GE|HON|MMM|ROP|TEL
VNTG,0,0,-6.82,-9.25,-14.22,4.26,,,,,,,,
VOC,9,7,3.2,1.04,8.49,0.15,2.63,7.87,0.5700000000000003,-6.83,14.84,0.5714285714285714,BPT|CRT|MSB|MTR|MVO|PBT|PVL|SBR|SJT,CRT|MSB|MTR|PBT|PVL|SBR|SJT
VOD,10,9,-0.99,3.54,5.37,-0.71,-0.8,1.57,-0.18999999999999995,1.97,17.01,0.4444444444444444,AD|AMX|S|SHEN|T|TDS|TEF|TMUS|TU|VZ,AD|AMX|S|SHEN|T|TDS|TMUS|TU|VZ
VOR,10,9,-0.32,18.99,49.29,-1.56,6.08,14.93,-6.4,4.059999999999999,27.49,0.0,BLUE|BMY|CRSP|EDIT|GILD|MRNA|NTLA|PFE|REGN|VRTX,BMY|CRSP|EDIT|GILD|MRNA|NTLA|PFE|REGN|VRTX
VOXR,10,8,5.33,27.49,-6.86,4.35,11.295,27.275,-5.965,0.21499999999999986,-18.335,0.0,EMX|FNV|GROY|MTA|OR|RGLD|SAND|TPL|VGZ|WPM,FNV|GROY|MTA|OR|RGLD|TPL|VGZ|WPM
VOYA,10,10,-3.53,-1.03,18.38,-0.56,-3.33,-0.25,-0.19999999999999973,-0.78,8.849999999999998,0.3,AFL|AIG|CNO|GL|L|LNC|MET|PFG|PRU|UNM,AFL|AIG|CNO|GL|L|LNC|MET|PFG|PRU|UNM
VOYG,0,0,-18.5,36.76,-9.62,-7.16,,,,,,,,
VPG,10,10,-9.98,-44.36,-39.1,-2.85,-2.7649999999999997,-7.565,-7.215000000000001,-36.795,-23.615000000000002,0.2,ADI|AVT|INTC|MCHP|MTSI|MU|NXPI|ON|QRVO|TXN,ADI|AVT|INTC|MCHP|MTSI|MU|NXPI|ON|QRVO|TXN
VRA,10,9,-8.41,-20.78,-7.58,-2.56,-4.7,-6.16,-3.71,-14.620000000000001,-2.2199999999999998,0.1111111111111111,CFR|COLM|CPRI|GES|LEVI|LULU|OXM|PVH|RL|TPR,CFR|COLM|CPRI|LEVI|LULU|OXM|PVH|RL|TPR
VRAX,9,8,19.67,-7.29,-57.68,6.13,4.45,15.364999999999998,15.220000000000002,-22.654999999999998,-71.615,0.625,BNTX|CERS|INO|JNJ|MRNA|NVAX|PFE|SABR|VXRT,BNTX|CERS|INO|JNJ|MRNA|NVAX|PFE|SABR
VRCA,10,9,2.88,-12.28,-16.94,0.2,1.05,1.5,1.8299999999999998,-13.78,-30.490000000000002,0.5555555555555556,ACRS|ADMA|CLSD|DERM|DMAC|EYPT|HRTX|KPTI|SUPN|XERS,ACRS|ADMA|DERM|DMAC|EYPT|HRTX|KPTI|SUPN|XERS
VRDN,10,9,9.55,25.67,36.64,-2.86,4.18,15.93,5.370000000000001,9.740000000000002,25.62,1.0,ADAP|ALNY|BMRN|EXEL|IONS|PBYI|RARE|REGN|SRPT|VRTX,ALNY|BMRN|EXEL|IONS|PBYI|RARE|REGN|SRPT|VRTX
VREX,10,9,-0.16,73.26,82.33,0.04,0.75,14.94,-0.91,58.32000000000001,66.83,0.4444444444444444,ABT|ALGN|BDX|BSX|DHR|GE|HOLX|ISRG|STE|TMO,ABT|ALGN|BDX|BSX|DHR|GE|ISRG|STE|TMO
VRM,10,10,-4.4,40.2,-22.09,-1.24,-1.1949999999999998,-0.22499999999999987,-3.2050000000000005,40.425000000000004,-34.795,0.1,ABG|AN|CARG|CRMT|CVNA|GPI|KMX|LAD|PAG|SAH,ABG|AN|CARG|CRMT|CVNA|GPI|KMX|LAD|PAG|SAH
VRME,10,9,1.8,9.8,5.32,4.48,-2.5,4.21,4.3,5.590000000000001,4.49,0.7777777777777778,AIRI|BOXL|MSAI|NCTY|NVEE|OSIS|RVSN|SPCB|SVRE|TRMB,AIRI|BOXL|MSAI|NCTY|OSIS|RVSN|SPCB|SVRE|TRMB
VRNS,10,9,-10.52,-9.55,31.83,-3.03,-11.03,5.03,0.5099999999999998,-14.580000000000002,-3.200000000000003,0.5555555555555556,CHKP|CRWD|CYBR|FTNT|NET|OKTA|PANW|QLYS|TENB|ZS,CHKP|CRWD|FTNT|NET|OKTA|PANW|QLYS|TENB|ZS
VRRM,10,10,-2.8,16.88,-64.8,0.54,-2.035,0.12500000000000006,-0.7649999999999997,16.755,-71.47999999999999,0.4,AN|AZO|CPRT|CTAS|CVNA|LAD|OPLN|R|RBA|URI,AN|AZO|CPRT|CTAS|CVNA|LAD|OPLN|R|RBA|URI
VRSK,8,7,1.79,-1.57,10.9,1.52,2.76,2.49,-0.9699999999999998,-4.0600000000000005,-2.0700000000000003,0.2857142857142857,DNB|EFX|FDS|INFO|MCO|MSCI|SPGI|TRU,EFX|FDS|INFO|MCO|MSCI|SPGI|TRU
VRSN,10,10,-3.35,5.69,-8.4,1.7,-5.59,2.3550000000000004,2.2399999999999998,3.335,-10.285,0.5,AKAM|AMZN|CSCO|DDOG|FSLY|GOOGL|IBM|INTC|MSFT|NET,AKAM|AMZN|CSCO|DDOG|FSLY|GOOGL|IBM|INTC|MSFT|NET
VRT,10,10,-10.46,-14.65,-18.57,-1.56,-4.525,-1.3699999999999999,-5.9350000000000005,-13.280000000000001,-19.75,0.0,AMSC|AOS|ATKR|AYI|EMR|ENS|GNRC|HUBB|NVT|ROK,AMSC|AOS|ATKR|AYI|EMR|ENS|GNRC|HUBB|NVT|ROK
VRTS,10,9,-1.48,2.13,21.57,0.62,-2.44,4.6,0.96,-2.4699999999999998,10.61,0.6666666666666666,AMP|BAM|BEN|BLK|CNS|IVZ|JHG|LAZ|NTRS|TROW,AMP|BAM|BEN|BLK|CNS|IVZ|LAZ|NTRS|TROW
VRTX,9,9,6.08,15.93,27.28,-0.76,4.53,12.01,1.5499999999999998,3.92,10.32,0.6666666666666666,ALNY|AMGN|BIIB|EXEL|GILD|INCY|MRNA|NBIX|REGN,ALNY|AMGN|BIIB|EXEL|GILD|INCY|MRNA|NBIX|REGN
VS,10,9,-2.82,-12.19,18.0,-0.63,-1.57,6.58,-1.2499999999999998,-18.77,14.68,0.3333333333333333,AMZN|CHWY|CRSR|EA|GME|MSFT|RBLX|SONY|TTWO|U,AMZN|CHWY|CRSR|GME|MSFT|RBLX|SONY|TTWO|U
VSA,10,9,-7.97,-7.97,3.81,0.44,-0.99,1.36,-6.9799999999999995,-9.33,-1.4300000000000002,0.0,ATGE|CHGG|COUR|EDU|GHC|LRN|PRDO|PSO|SCHL|TAL,CHGG|COUR|EDU|GHC|LRN|PRDO|PSO|SCHL|TAL
VSAT,10,9,-11.0,-0.79,-1.98,-3.81,-6.94,3.86,-4.06,-4.65,13.28,0.3333333333333333,ASTS|BA|GSAT|IRDM|LLAP|RKLB|SATL|SPCE|SPIR|TSAT,ASTS|BA|GSAT|IRDM|RKLB|SATL|SPCE|SPIR|TSAT
VSEC,10,10,-5.5,10.72,27.99,-5.3,-2.7800000000000002,9.645,-2.7199999999999998,1.075000000000001,25.979999999999997,0.3,BAH|CACI|GD|HII|LDOS|LHX|LMT|MRCY|NOC|TXT,BAH|CACI|GD|HII|LDOS|LHX|LMT|MRCY|NOC|TXT
VSH,10,10,-5.96,-21.45,-21.97,-1.94,-1.88,-8.88,-4.08,-12.569999999999999,-12.154999999999998,0.2,ADI|AMD|AVGO|MCHP|MRVL|NXPI|ON|QRVO|SWKS|TXN,ADI|AMD|AVGO|MCHP|MRVL|NXPI|ON|QRVO|SWKS|TXN
VSME,10,9,-10.0,-15.22,43.03,0.86,2.02,9.86,-12.02,-25.08,40.04,0.0,AMZN|DIS|GOOG|IAC|MTCH|NFLX|PINS|ROKU|SNAP|SPOT,AMZN|DIS|GOOG|MTCH|NFLX|PINS|ROKU|SNAP|SPOT
VSNT,0,0,-0.48,7.0,-7.53,-1.35,,,,,,,,
VST,10,10,-4.68,-16.3,-3.09,-2.12,-0.475,-4.32,-4.205,-11.98,-1.6549999999999998,0.1,AEP|AES|DUK|EXC|NEE|NRG|OGE|PEG|SO|TLN,AEP|AES|DUK|EXC|NEE|NRG|OGE|PEG|SO|TLN
VSTM,10,9,2.55,16.13,65.62,-6.17,4.91,15.93,-2.3600000000000003,0.1999999999999993,38.34,0.1111111111111111,AMGN|BMY|GILD|INCY|LUMO|MRK|PFE|REGN|SRPT|VRTX,AMGN|BMY|GILD|INCY|MRK|PFE|REGN|SRPT|VRTX
VSTS,9,7,-4.4,-18.71,10.47,-0.96,-4.01,-6.16,-0.39000000000000057,-12.55,11.89,0.42857142857142855,COLM|GES|HBI|LEVI|LULU|NKE|RL|UA|VFC,COLM|LEVI|LULU|NKE|RL|UA|VFC
VTAK,10,9,-28.31,-46.69,-73.45,-2.53,0.75,12.96,-29.06,-59.65,-83.77000000000001,0.0,BDX|BSX|EW|GMED|IART|JNJ|MDT|NVRO|STE|XRAY,BDX|BSX|EW|GMED|IART|JNJ|MDT|STE|XRAY
VTEX,10,10,-3.54,-9.26,1.8,1.24,1.42,5.98,-4.96,-15.24,9.845,0.1,AMZN|CMRC|EBAY|FVRR|JD|JMIA|MELI|PDD|SHOP|W,AMZN|CMRC|EBAY|FVRR|JD|JMIA|MELI|PDD|SHOP|W
VTGN,10,10,-10.06,2.39,-62.57,-1.88,4.4,11.27,-14.46,-8.879999999999999,-81.58500000000001,0.0,ACAD|ALNY|AUPH|BIIB|CORT|EDIT|FATE|MDGL|NBIX|ONC,ACAD|ALNY|AUPH|BIIB|CORT|EDIT|FATE|MDGL|NBIX|ONC
VTMX,10,9,0.65,0.12,-1.47,0.38,-0.55,-2.11,1.2000000000000002,2.23,-3.59,0.7777777777777778,AVB|CPT|EQR|ESS|EXR|FR|MAA|PLD|PSA|UDR,AVB|CPT|ESS|EXR|FR|MAA|PLD|PSA|UDR
VTOL,10,10,-0.58,2.49,7.12,-1.07,-4.135,-8.435,3.5549999999999997,10.925,2.2150000000000007,0.7,CHRW|DAL|EXPD|JBLU|KNX|MATX|R|TDW|UPS|XPO,CHRW|DAL|EXPD|JBLU|KNX|MATX|R|TDW|UPS|XPO
VTR,9,8,3.65,-3.7,5.62,1.9,2.23,-5.58,1.42,1.88,7.36,0.75,DOC|GMRE|HR|LTC|NHI|OHI|SBRA|UHT|WELL,DOC|HR|LTC|NHI|OHI|SBRA|UHT|WELL
VTRS,10,10,0.56,-5.17,-2.77,-0.71,4.390000000000001,7.960000000000001,-3.8300000000000005,-13.13,-19.29,0.0,ABBV|AMGN|BMY|GSK|JNJ|LLY|MRK|NVS|PFE|SNY,ABBV|AMGN|BMY|GSK|JNJ|LLY|MRK|NVS|PFE|SNY
VTS,10,8,7.25,9.35,-5.36,3.3,7.975,8.635,-0.7249999999999996,0.7149999999999999,-13.39,0.25,APA|COP|CVX|DVN|EOG|FANG|HES|MRO|OXY|XOM,APA|COP|CVX|DVN|EOG|FANG|OXY|XOM
VTSI,10,10,-6.97,3.81,-11.44,1.13,-4.605,5.185,-2.3649999999999993,-1.3749999999999996,-10.76,0.3,AVAV|AXON|BA|BWXT|GD|HON|KTOS|LMT|NOC|TXT,AVAV|AXON|BA|BWXT|GD|HON|KTOS|LMT|NOC|TXT
VTVT,10,10,7.26,4.48,-9.59,0.59,5.18,12.085,2.08,-7.605,-31.71,0.8,AMGN|BIIB|GILD|INCY|IONS|NBIX|PTCT|REGN|RGEN|VRTX,AMGN|BIIB|GILD|INCY|IONS|NBIX|PTCT|REGN|RGEN|VRTX
VUZI,10,10,11.55,21.69,-34.85,-2.03,-2.6,2.915,14.15,18.775000000000002,-28.330000000000002,1.0,AAPL|AMBA|GM|GOOGL|META|MSFT|NVDA|QCOM|SNAP|SONY,AAPL|AMBA|GM|GOOGL|META|MSFT|NVDA|QCOM|SNAP|SONY
VVOS,10,7,-8.65,-30.97,-52.73,1.16,-2.71,3.36,-5.94,-34.33,-63.05,0.14285714285714285,ALGN|GMED|HSIC|MMSI|NVST|PDCO|SMLR|STAA|XRAY|ZYXI,ALGN|GMED|HSIC|MMSI|NVST|STAA|XRAY
VVV,10,10,1.23,-12.41,2.75,0.24,3.075,8.635,-1.8450000000000002,-21.045,-20.48,0.2,BP|CVI|CVX|DK|MPC|PBF|PSX|SUN|VLO|XOM,BP|CVI|CVX|DK|MPC|PBF|PSX|SUN|VLO|XOM
VVX,10,10,-2.78,-2.46,10.21,-4.24,-3.4749999999999996,7.17,0.6949999999999998,-9.629999999999999,4.720000000000001,0.6,BAH|CW|GD|HII|HXL|LDOS|LMT|NOC|RS|TXT,BAH|CW|GD|HII|HXL|LDOS|LMT|NOC|RS|TXT
VWAV,0,0,-10.57,-68.57,-78.0,-10.57,,,,,,,,
VYGR,10,7,0.97,4.88,-7.11,-4.66,7.23,18.43,-6.260000000000001,-13.55,-29.99,0.0,ADVM|BLUE|BOLD|CRSP|EDIT|NTLA|PGEN|QURE|SGMO|SRPT,BOLD|CRSP|EDIT|NTLA|PGEN|QURE|SRPT
VYX,10,10,-10.37,-2.31,17.62,-0.39,-0.435,11.495000000000001,-9.934999999999999,-13.805000000000001,-5.855,0.0,ADP|FIS|GPN|JKHY|MA|PAYC|PAYX|PYPL|WU|XYZ,ADP|FIS|GPN|JKHY|MA|PAYC|PAYX|PYPL|WU|XYZ
VZ,10,9,2.67,11.78,3.53,0.3,1.35,10.47,1.3199999999999998,1.3099999999999987,1.7499999999999998,1.0,AMX|ATUS|BCE|CHTR|CMCSA|DIS|LBRDA|T|TMUS|VOD,AMX|BCE|CHTR|CMCSA|DIS|LBRDA|T|TMUS|VOD
VZLA,10,9,4.55,14.33,15.34,0.51,12.79,32.28,-8.239999999999998,-17.950000000000003,-2.6099999999999994,0.1111111111111111,AG|CDE|EXK|FSM|HL|MAG|PAAS|SSRM|USAS|WPM,AG|CDE|EXK|FSM|HL|PAAS|SSRM|USAS|WPM
W,10,10,2.29,22.71,59.84,-3.93,-2.47,0.355,4.76,22.355,45.985,0.9,AMZN|BBY|COST|ETSY|GRPN|RH|SFIX|TGT|WMT|WSM,AMZN|BBY|COST|ETSY|GRPN|RH|SFIX|TGT|WMT|WSM
WAB,8,8,-1.1,1.62,13.72,0.83,1.9,2.12,-3.0,-0.5,2.335000000000001,0.25,CNI|CP|CSX|GBX|NSC|R|UNP|XPO,CNI|CP|CSX|GBX|NSC|R|UNP|XPO
WABC,10,9,-3.13,-3.56,4.7,-0.05,-4.2,-2.79,1.0700000000000003,-0.77,-0.9500000000000002,0.8888888888888888,BKU|CMA|CUBI|EWBC|FULT|HBAN|KEY|ONB|WAL|ZION,BKU|CUBI|EWBC|FULT|HBAN|KEY|ONB|WAL|ZION
WAFD,10,8,-3.9,-0.73,2.88,-0.68,-4.4,-2.11,0.5000000000000004,1.38,-3.6100000000000003,0.625,CFR|CMA|FHN|FLG|PNFP|RF|SNV|TCBI|WBS|ZION,CFR|FHN|FLG|PNFP|RF|TCBI|WBS|ZION
WAFU,10,8,0.82,-12.62,-12.36,1.53,-1.245,6.04,2.065,-18.66,-6.084999999999999,0.75,AMBO|ATGE|BEDU|CHGG|DAO|EDU|FEDU|GOTU|LRN|TAL,AMBO|CHGG|DAO|EDU|FEDU|GOTU|LRN|TAL
WAL,10,9,-2.37,-4.32,3.6,-0.71,-4.61,-3.41,2.24,-0.9100000000000001,-7.76,0.8888888888888888,CFG|CMA|FITB|HBAN|KEY|MTB|PNC|RF|STI|ZION,CFG|FITB|HBAN|KEY|MTB|PNC|RF|STI|ZION
WALD,10,10,-5.19,-27.68,-2.29,-3.76,0.925,3.37,-6.115,-31.05,-18.055,0.0,CL|CLX|COTY|EL|EPC|GIS|KMB|PG|SJM|UL,CL|CLX|COTY|EL|EPC|GIS|KMB|PG|SJM|UL
WASH,10,9,-2.36,2.16,22.17,0.12,-4.19,-3.15,1.8300000000000005,5.3100000000000005,10.480000000000002,1.0,BK|CFG|FITB|HBAN|MTB|PNC|RF|TFC|USB|WFC,CFG|FITB|HBAN|MTB|PNC|RF|TFC|USB|WFC
WAT,8,8,1.35,13.01,22.78,0.73,5.640000000000001,19.59,-4.290000000000001,-6.58,-12.485,0.25,A|BIO|BRKR|DHR|IQV|MTD|PEN|TMO,A|BIO|BRKR|DHR|IQV|MTD|PEN|TMO
WATT,10,9,-17.48,-20.18,-51.33,-3.61,-7.09,-4.14,-10.39,-16.04,-54.43,0.0,CGNX|FARO|GRMN|KEYS|MKSI|MLAB|OSIS|ST|TER|VRNS,CGNX|GRMN|KEYS|MKSI|MLAB|OSIS|ST|TER|VRNS
WAVE,10,8,-5.37,-20.62,-27.57,-1.47,-3.7750000000000004,-3.08,-1.5949999999999998,-17.54,-13.675,0.25,AY|CWEN|ENPH|FSLR|HASI|NEE|ORA|RUN|SEDG|TPIC,CWEN|ENPH|FSLR|HASI|NEE|ORA|RUN|SEDG
WAY,10,10,-1.24,19.14,28.94,-0.29,0.52,2.4,-1.76,16.740000000000002,-1.0699999999999967,0.3,AMWL|BLKB|EHTH|EVH|HCSG|HIMS|HQY|OSCR|TDOC|VEEV,AMWL|BLKB|EHTH|EVH|HCSG|HIMS|HQY|OSCR|TDOC|VEEV
WB,10,10,-7.37,-9.84,-14.32,-5.51,-2.19,-1.68,-5.18,-8.16,-10.375,0.2,ATHM|BABA|BIDU|BZUN|DOYU|HUYA|IQ|JD|JOYY|NTES,ATHM|BABA|BIDU|BZUN|DOYU|HUYA|IQ|JD|JOYY|NTES
WBD,9,8,1.64,9.11,2.86,-1.14,2.1550000000000002,12.345,-0.5150000000000003,-3.235000000000001,-1.73,0.375,AMCX|CMCSA|DIS|FOX|LGF-A|NFLX|PARA|ROKU|SONY,AMCX|CMCSA|DIS|FOX|NFLX|PARA|ROKU|SONY
WBI,0,0,4.71,-9.64,7.39,3.09,,,,,,,,
WBS,10,9,-1.9,1.97,8.17,0.0,-4.61,-3.41,2.7100000000000004,5.38,-3.1899999999999995,1.0,CFG|CMA|FITB|HBAN|KEY|MTB|PNC|RF|USB|ZION,CFG|FITB|HBAN|KEY|MTB|PNC|RF|USB|ZION
WBTN,10,9,-0.53,-10.23,-27.28,-0.82,2.02,12.79,-2.55,-23.02,-25.75,0.3333333333333333,AMZN|BILI|DIS|EA|FUBO|NFLX|ROKU|SNAP|SPOT|ZG,AMZN|BILI|DIS|FUBO|NFLX|ROKU|SNAP|SPOT|ZG
WBUY,10,10,-4.61,0.67,-32.47,0.39,0.12500000000000003,3.285,-4.735,-2.615,-25.085,0.1,AMZN|BABA|BILI|EBAY|ETSY|FVRR|JD|MELI|PDD|SHOP,AMZN|BABA|BILI|EBAY|ETSY|FVRR|JD|MELI|PDD|SHOP
WBX,10,9,0.67,-16.67,7.14,1.35,-1.16,-3.02,1.83,-13.650000000000002,24.650000000000002,0.6666666666666666,BLNK|CHPT|EVGO|F|GM|HYLN|NIO|NKLA|RIVN|TSLA,BLNK|CHPT|EVGO|F|GM|HYLN|NIO|RIVN|TSLA
WCC,10,10,-5.85,2.37,-3.31,-1.69,-1.945,3.455,-3.9049999999999994,-1.085,-14.06,0.2,AOS|CBT|CNMD|EMR|ENS|ETN|FAST|GWW|HUBB|ITW,AOS|CBT|CNMD|EMR|ENS|ETN|FAST|GWW|HUBB|ITW
WCN,9,8,2.22,0.78,7.79,0.27,1.25,2.1799999999999997,0.9700000000000002,-1.3999999999999997,4.18,0.625,AES|CLH|CWST|DNMR|RSG|SLB|TTEK|VECO|WM,AES|CLH|CWST|RSG|SLB|TTEK|VECO|WM
WCT,0,0,-6.44,2.83,-50.13,-1.35,,,,,,,,
WD,10,8,-7.39,-16.99,-20.33,-4.67,0.365,0.925,-7.755,-17.915,-34.76,0.0,ARE|BXP|CBRE|FRT|HST|JLL|KW|PGRE|SLG|VNO,ARE|BXP|CBRE|FRT|HST|JLL|SLG|VNO
WDAY,10,10,-4.05,49.58,56.45,-0.12,1.125,27.4,-5.175,22.18,41.795,0.2,ADBE|CRM|INTU|MSFT|NOW|ORCL|PAYC|SAP|TEAM|ZS,ADBE|CRM|INTU|MSFT|NOW|ORCL|PAYC|SAP|TEAM|ZS
WDC,10,10,-3.09,-15.16,2.75,2.2,-4.1850000000000005,-8.88,1.0950000000000006,-6.279999999999999,10.7,0.6,AMAT|AMD|AVGO|INTC|MCHP|MU|NVDA|QCOM|STX|TXN,AMAT|AMD|AVGO|INTC|MCHP|MU|NVDA|QCOM|STX|TXN
WDFC,10,9,-5.89,-8.68,4.1,-2.99,-1.56,6.46,-4.33,-15.14,-4.1,0.0,APD|AVD|AXTA|FUL|PPG|RPM|SCL|SHW|TSE|VAL,APD|AVD|AXTA|FUL|PPG|RPM|SCL|SHW|VAL
WDH,10,10,0.0,-15.97,-34.64,0.0,-3.475,0.41500000000000004,3.475,-16.385,-43.295,1.0,AFL|BHF|LNC|MET|MFC|PFG|PRU|RGA|SLF|UNM,AFL|BHF|LNC|MET|MFC|PFG|PRU|RGA|SLF|UNM
WDI,0,0,-1.6,-3.28,-3.28,-0.7,,,,,,,,
WDS,10,8,6.45,8.2,6.68,1.59,7.975,8.635,-1.5249999999999995,-0.4350000000000005,-1.3500000000000014,0.25,APA|COP|CVX|DVN|EOG|FANG|HES|MRO|OXY|XOM,APA|COP|CVX|DVN|EOG|FANG|OXY|XOM
WEAV,10,9,37.42,19.07,24.12,0.0,-3.33,16.06,40.75,3.0100000000000016,18.950000000000003,1.0,BAND|CALX|EGHT|MRCY|OOMA|PI|RNG|TIVC|ZM|ZS,BAND|CALX|EGHT|MRCY|OOMA|PI|RNG|ZM|ZS
WEC,10,10,-0.56,-3.35,-0.89,0.27,0.07500000000000001,-4.0,-0.635,0.6499999999999999,0.485,0.2,AEP|CMS|DTE|DUK|ES|LNT|NWE|PEG|SO|XEL,AEP|CMS|DTE|DUK|ES|LNT|NWE|PEG|SO|XEL
WELL,10,8,1.77,-2.64,9.14,1.18,1.71,-3.58,0.06000000000000005,0.94,8.005,0.5,AVB|CPT|EQR|ESS|HCP|MAA|NHI|OHI|UDR|VTR,AVB|CPT|ESS|MAA|NHI|OHI|UDR|VTR
WEN,10,10,0.85,17.89,12.56,-2.3,-2.115,5.369999999999999,2.9650000000000003,12.520000000000001,7.755000000000001,0.8,BJRI|CAKE|CMG|DRI|JACK|MCD|QSR|SBUX|WING|YUM,BJRI|CAKE|CMG|DRI|JACK|MCD|QSR|SBUX|WING|YUM
WENN,0,0,0.0,0.29,0.97,0.1,,,,,,,,
WERN,10,10,-2.16,-17.81,-5.78,-0.79,-3.575,-12.94,1.415,-4.869999999999999,-3.74,0.8,ARCB|CHRW|HTLD|JBHT|KNX|MRTN|ODFL|SAIA|SNDR|ULH,ARCB|CHRW|HTLD|JBHT|KNX|MRTN|ODFL|SAIA|SNDR|ULH
WES,10,10,1.83,4.49,6.86,0.34,0.63,-1.615,1.2000000000000002,6.105,8.525,0.7,AM|ENB|EPD|ET|KMI|NGL|OKE|PAA|TRP|WMB,AM|ENB|EPD|ET|KMI|NGL|OKE|PAA|TRP|WMB
WEST,10,10,1.07,9.69,0.35,-0.7,1.835,4.795,-0.7649999999999999,4.895,0.7749999999999998,0.3,BROS|CELH|FIZZ|JMIA|KDP|KO|MNST|PEP|SBUX|YUM,BROS|CELH|FIZZ|JMIA|KDP|KO|MNST|PEP|SBUX|YUM
WETH,10,10,1.61,-14.29,-21.25,-2.4,-5.74,1.7850000000000001,7.3500000000000005,-16.075,-20.66,1.0,AAOI|AVNW|COHU|DAKT|NNDM|NSYS|OLED|PMTS|SYNA|VREX,AAOI|AVNW|COHU|DAKT|NNDM|NSYS|OLED|PMTS|SYNA|VREX
WETO,0,0,704.02,107.17,-60.24,39.88,,,,,,,,
WEX,10,8,0.27,28.18,38.35,2.11,-0.405,12.955,0.675,15.225,14.875,0.5,ADP|AXP|DFS|EVRI|FIS|GPN|JKHY|PYPL|XYZ|YEXT,ADP|AXP|FIS|GPN|JKHY|PYPL|XYZ|YEXT
WEYS,10,8,-2.9,15.04,28.2,-2.9,-4.15,-5.54,1.2500000000000004,20.58,22.845,0.625,COLM|CROX|DECK|FL|NKE|RL|SHOO|SKX|VFC|WWW,COLM|CROX|DECK|NKE|RL|SHOO|VFC|WWW
WF,10,10,-5.59,7.47,7.08,-5.26,-5.8149999999999995,-4.25,0.22499999999999964,11.719999999999999,-0.9249999999999989,0.5,BBAR|BMA|BSAC|BSBR|GGAL|KB|MFG|SAN|SHG|SMFG,BBAR|BMA|BSAC|BSBR|GGAL|KB|MFG|SAN|SHG|SMFG
WFC,10,9,-3.9,-2.02,11.69,-1.51,-3.9,-2.88,0.0,0.8599999999999999,0.33000000000000007,0.4444444444444444,BAC|BK|C|CFG|GS|JPM|MS|PNC|TFC|USB,BAC|C|CFG|GS|JPM|MS|PNC|TFC|USB
WFCF,10,9,9.52,13.05,7.0,9.52,3.95,-3.57,5.569999999999999,16.62,2.05,1.0,ADM|AGCO|AVAV|BG|CALM|DAR|FDP|HRL|INGR|TSN,ADM|AGCO|AVAV|BG|CALM|DAR|HRL|INGR|TSN
WFF,0,0,32.52,-3.79,31.07,-1.82,,,,,,,,
WFG,10,9,-0.23,2.94,13.79,-2.38,-0.1,2.23,-0.13,0.71,7.099999999999999,0.4444444444444444,ACHC|CMC|HBM|JBLU|LPX|PCH|RGLD|UFPI|VTRS|WY,ACHC|CMC|HBM|JBLU|LPX|RGLD|UFPI|VTRS|WY
WFRD,10,10,-0.25,5.46,-17.52,-0.42,0.45499999999999996,7.415,-0.705,-1.955,-13.765,0.3,BKR|FTI|HAL|INVX|NOV|OII|RES|SLB|TDW|WTTR,BKR|FTI|HAL|INVX|NOV|OII|RES|SLB|TDW|WTTR
WGO,10,8,-1.08,3.49,10.45,-2.04,-1.085,1.595,0.004999999999999893,1.8950000000000002,7.334999999999999,0.5,CWH|DOO|LCII|MCFT|MPX|OII|PATK|PII|REVG|THO,CWH|DOO|LCII|MCFT|OII|PATK|PII|THO
WGS,10,8,5.75,33.7,87.12,5.08,6.77,19.45,-1.0199999999999996,14.250000000000004,36.58500000000001,0.375,CDNA|CRSP|EXAS|GH|ILMN|MYGN|NTRA|QDEL|TWST|VERV,CDNA|CRSP|GH|ILMN|MYGN|NTRA|QDEL|TWST
WH,10,10,1.18,-0.65,-7.06,-0.88,1.2349999999999999,-0.19500000000000006,-0.05499999999999994,-0.45499999999999996,-11.384999999999998,0.4,BYD|CHH|CZR|H|HLN|HLT|IHG|MAR|MGM|PK,BYD|CHH|CZR|H|HLN|HLT|IHG|MAR|MGM|PK
WHD,10,10,-2.05,26.05,13.51,-4.3,-0.6599999999999999,7.415,-1.39,18.635,16.8,0.3,BKR|BOOM|FET|HAL|INVX|NINE|NOV|OIS|SLB|XPRO,BKR|BOOM|FET|HAL|INVX|NINE|NOV|OIS|SLB|XPRO
WHF,10,10,1.69,12.64,-1.23,-0.55,-1.8,7.485,3.49,5.155,-6.17,1.0,ARCC|CGBD|FSK|GBDC|GSBD|HTGC|MAIN|NMFC|PSEC|SLRC,ARCC|CGBD|FSK|GBDC|GSBD|HTGC|MAIN|NMFC|PSEC|SLRC
WHG,10,7,0.55,0.97,21.33,-0.74,-1.42,9.22,1.97,-8.25,10.369999999999997,0.5714285714285714,APO|BEN|BK|BLK|DHIL|GROW|IVZ|JHG|KKR|TROW,APO|BEN|BLK|GROW|IVZ|KKR|TROW
WHLR,10,9,-13.92,-78.05,-98.1,-4.62,-0.62,-6.66,-13.3,-71.39,-98.69999999999999,0.0,BFS|BRX|FRT|KIM|NNN|O|REG|ROIC|SRG|UE,BFS|BRX|FRT|KIM|NNN|O|REG|SRG|UE
WHR,10,9,-6.35,8.04,-3.33,0.09,-4.21,-3.02,-2.1399999999999997,11.059999999999999,-9.120000000000001,0.2222222222222222,AAON|CARR|F|GE|GM|HON|IR|LGF-A|PHI|TER,AAON|CARR|F|GE|GM|HON|IR|PHI|TER
WHWK,10,8,3.95,21.93,15.28,-0.21,1.2349999999999999,7.795,2.7150000000000003,14.135,3.84,0.625,ADAP|AFMD|AGIO|AMRN|ARGX|ATRA|BMRN|GILD|RARE|VIVS,AGIO|AMRN|ARGX|ATRA|BMRN|GILD|RARE|VIVS
WILC,10,9,1.58,-4.05,-20.71,1.79,1.75,6.21,-0.16999999999999993,-10.26,-29.23,0.4444444444444444,CAG|CPB|GIS|HRL|HSY|K|KHC|MDLZ|MZTI|TSN,CAG|CPB|GIS|HRL|HSY|KHC|MDLZ|MZTI|TSN
WIMI,10,9,0.75,10.74,-16.77,-1.47,-2.11,1.71,2.86,9.030000000000001,2.59,0.7777777777777778,CDLX|FLNT|HIMX|IMMR|KOPN|MCHX|MVIS|SCOR|VRAR|VUZI,CDLX|FLNT|HIMX|IMMR|KOPN|MCHX|MVIS|SCOR|VUZI
WINA,9,9,-1.27,-1.93,-4.0,-2.61,-3.71,-7.2,2.44,5.2700000000000005,-0.4500000000000002,1.0,AEO|ANF|BKE|BNED|GME|PLCE|RGS|URBN|ZUMZ,AEO|ANF|BKE|BNED|GME|PLCE|RGS|URBN|ZUMZ
WING,10,10,0.3,-17.29,-10.84,-5.19,-3.32,7.34,3.6199999999999997,-24.63,-22.16,0.9,BJRI|CAKE|DPZ|EAT|MCD|PZZA|QSR|RRGB|SHAK|YUM,BJRI|CAKE|DPZ|EAT|MCD|PZZA|QSR|RRGB|SHAK|YUM
WIT,10,9,-1.4,6.77,-1.9,-0.77,-0.09,24.91,-1.3099999999999998,-18.14,-7.199999999999999,0.4444444444444444,ACN|CDW|CTSH|DXC|EPAM|GLOB|IBM|INFY|LDOS|MPW,ACN|CDW|CTSH|DXC|EPAM|GLOB|IBM|INFY|LDOS
WIX,9,9,-0.8,63.21,44.95,1.96,-2.98,13.26,2.1799999999999997,49.95,21.200000000000003,0.6666666666666666,BAND|BILL|DOCU|ETSY|FVRR|GDDY|SHOP|TEAM|ZM,BAND|BILL|DOCU|ETSY|FVRR|GDDY|SHOP|TEAM|ZM
WK,10,10,3.34,46.42,56.94,0.66,1.125,26.060000000000002,2.215,20.36,42.285,0.8,ADBE|BOX|CRM|GOOGL|INTU|MSFT|NOW|ORCL|SAP|TEAM,ADBE|BOX|CRM|GOOGL|INTU|MSFT|NOW|ORCL|SAP|TEAM
WKC,10,10,-1.87,0.37,25.21,-0.18,3.075,7.17,-4.945,-6.8,1.9800000000000004,0.1,BP|CVI|DK|MPC|MUR|PBF|PSX|SUN|VLO|XOM,BP|CVI|DK|MPC|MUR|PBF|PSX|SUN|VLO|XOM
WKEY,10,8,-5.72,-3.02,-28.48,-0.31,-9.19,-1.63,3.4699999999999998,-1.3900000000000001,-39.585,0.75,CYBR|DVLT|FTNT|MAXN|OKTA|PANW|PRSO|PXLW|SQNS|VRNS,DVLT|FTNT|OKTA|PANW|PRSO|PXLW|SQNS|VRNS
WKHS,10,8,6.91,16.49,7.26,-2.69,-0.47,-7.84,7.38,24.33,15.665000000000001,1.0,F|FFAI|GM|GOEV|HYLN|LCID|NIO|NKLA|RIVN|TSLA,F|FFAI|GM|HYLN|LCID|NIO|RIVN|TSLA
WKSP,10,9,-8.98,-0.23,-28.31,-3.41,-0.53,-4.17,-8.450000000000001,3.94,-21.68,0.1111111111111111,DORM|DRD|F|GM|GPI|LEA|MOD|MVST|SWBI|VSTO,DORM|DRD|F|GM|GPI|LEA|MOD|MVST|SWBI
WLDN,10,10,0.11,13.82,-8.41,-0.04,-3.09,-1.6,3.1999999999999997,15.42,-5.3950000000000005,0.7,BLDR|DY|FIX|FLR|GVA|IESC|J|KBR|MTRX|PRIM,BLDR|DY|FIX|FLR|GVA|IESC|J|KBR|MTRX|PRIM
WLDS,10,10,-12.89,67.74,8.13,1.33,-2.33,9.18,-10.56,58.559999999999995,4.705000000000001,0.0,AAPL|AMZN|GOOGL|GRMN|HPQ|MSFT|NKE|SBUX|SONY|VZ,AAPL|AMZN|GOOGL|GRMN|HPQ|MSFT|NKE|SBUX|SONY|VZ
WLFC,10,10,-1.58,-19.21,-10.12,-2.74,-10.18,-6.52,8.6,-12.690000000000001,-14.195,0.9,AER|ALGT|ALK|BA|DAL|HEI|HXL|JBLU|LUV|UAL,AER|ALGT|ALK|BA|DAL|HEI|HXL|JBLU|LUV|UAL
WLK,10,10,-1.13,2.89,-10.41,-0.23,-0.05499999999999999,-0.6950000000000001,-1.075,3.585,-4.199999999999999,0.4,ASIX|CC|DOW|EMN|FUL|HUN|LYB|OLN|PPG|RPM,ASIX|CC|DOW|EMN|FUL|HUN|LYB|OLN|PPG|RPM
WLKP,10,10,0.02,-1.66,-3.15,-0.21,0.765,0.2599999999999998,-0.745,-1.9199999999999997,3.060000000000001,0.4,APD|ASH|CE|DOW|EMN|FMC|HUN|LYB|OLN|PPG,APD|ASH|CE|DOW|EMN|FMC|HUN|LYB|OLN|PPG
WLTH,0,0,-5.91,-3.25,-23.22,-2.04,,,,,,,,
WLY,10,10,1.23,6.04,26.83,1.1,-0.34,-1.885,1.57,7.925,25.194999999999997,0.6,AAPL|ADBE|AMZN|GOOGL|MSFT|NYT|RELX|RGP|SCHL|TDAY,AAPL|ADBE|AMZN|GOOGL|MSFT|NYT|RELX|RGP|SCHL|TDAY
WM,8,6,0.91,-4.28,3.04,0.53,2.25,3.875,-1.3399999999999999,-8.155000000000001,-3.75,0.16666666666666666,CLH|CWST|GFL|ODP|RSG|SLB|SRCL|WCN,CLH|CWST|GFL|RSG|SLB|WCN
WMB,9,9,-0.81,-2.74,-6.97,-1.08,1.79,-0.02,-2.6,-2.72,-10.87,0.1111111111111111,AM|ENB|EPD|ET|KMI|MPLX|OKE|PAA|TRGP,AM|ENB|EPD|ET|KMI|MPLX|OKE|PAA|TRGP
WMG,10,10,7.18,-0.8,-19.93,-0.15,0.62,4.285,6.56,-5.085,-27.68,0.9,IMAX|IQ|LYV|MTCH|NFLX|RCL|SIRI|SONY|SPOT|TME,IMAX|IQ|LYV|MTCH|NFLX|RCL|SIRI|SONY|SPOT|TME
WMK,10,10,-3.35,-11.29,-4.04,-1.64,-3.02,-1.185,-0.33000000000000007,-10.104999999999999,4.745,0.4,ACI|BJ|CENTA|COST|GO|IMKTA|KR|SFM|TGT|WMT,ACI|BJ|CENTA|COST|GO|IMKTA|KR|SFM|TGT|WMT
WMS,10,9,-3.78,1.29,4.94,-1.93,-2.76,-0.16,-1.02,1.45,-3.419999999999999,0.3333333333333333,ALLE|AOS|CMC|CSL|EXP|MAS|MLM|NUE|SUM|VMC,ALLE|AOS|CMC|CSL|EXP|MAS|MLM|NUE|VMC
WMT,10,10,-11.04,-5.84,-21.32,-9.89,-1.08,4.09,-9.959999999999999,-9.93,-24.75,0.0,AMZN|BJ|COST|DG|DLTR|FIVE|HD|KR|LOW|TGT,AMZN|BJ|COST|DG|DLTR|FIVE|HD|KR|LOW|TGT
WNC,10,10,-4.6,-14.34,71.19,-2.14,-1.085,-3.16,-3.5149999999999997,-11.18,62.22,0.2,AGCO|CAT|CMI|DE|F|GM|KMT|OSK|PCAR|TEX,AGCO|CAT|CMI|DE|F|GM|KMT|OSK|PCAR|TEX
WNEB,10,9,-2.74,-4.71,1.37,-0.55,-3.35,1.96,0.6099999999999999,-6.67,-12.440000000000001,0.7777777777777778,BHB|CFFI|EBC|FFIC|FISI|GSBC|MBWM|NWBI|UBSI|WASH,BHB|CFFI|EBC|FISI|GSBC|MBWM|NWBI|UBSI|WASH
WNW,10,10,-4.21,-2.72,-35.57,-2.34,-0.365,-1.73,-3.8449999999999998,-0.9900000000000002,-26.135,0.3,BABA|BILI|EJH|GOTU|HUYA|JD|PDD|QFIN|TCOM|TME,BABA|BILI|EJH|GOTU|HUYA|JD|PDD|QFIN|TCOM|TME
WOK,10,10,4.31,16.58,-88.47,1.63,0.16999999999999998,14.27,4.14,2.3099999999999987,-106.9,0.9,ABT|BAX|BSX|EW|IQV|ISRG|JNJ|MDT|SYK|ZBH,ABT|BAX|BSX|EW|IQV|ISRG|JNJ|MDT|SYK|ZBH
WOLF,10,10,-21.77,-15.78,-57.95,-15.37,-2.7649999999999997,-7.290000000000001,-19.005,-8.489999999999998,-45.18000000000001,0.0,ADI|AVGO|MCHP|MPWR|NXPI|ON|QRVO|STX|SWKS|TXN,ADI|AVGO|MCHP|MPWR|NXPI|ON|QRVO|STX|SWKS|TXN
WOOF,10,9,-0.3,6.19,13.6,-3.35,-1.57,1.86,1.27,4.33,15.129999999999999,0.5555555555555556,AMZN|BJ|CHWY|COST|DG|DLTR|KR|TGT|WBA|WMT,AMZN|BJ|CHWY|COST|DG|DLTR|KR|TGT|WMT
WOR,10,9,-1.64,4.07,4.66,-0.22,-9.23,3.79,7.590000000000001,0.28000000000000025,-1.87,0.8888888888888888,ATI|CLF|CMC|GGB|MT|NUE|RS|STLD|TX|X,ATI|CLF|CMC|GGB|MT|NUE|RS|STLD|TX
WPC,10,10,1.09,-4.19,-3.65,0.45,0.355,-4.83,0.7350000000000001,0.6399999999999997,-4.455,0.8,ADC|CTRE|EPR|FCPT|GTY|LTC|NNN|NTST|O|SITC,ADC|CTRE|EPR|FCPT|GTY|LTC|NNN|NTST|O|SITC
WPM,10,9,13.74,34.68,17.95,1.74,11.53,27.58,2.210000000000001,7.100000000000001,4.229999999999999,0.6666666666666666,AEM|B|CDE|EGO|FNV|KGC|NEM|OR|PAAS|SAND,AEM|B|CDE|EGO|FNV|KGC|NEM|OR|PAAS
WPP,10,9,-2.29,44.11,42.25,-1.22,2.8,9.69,-5.09,34.42,21.83,0.1111111111111111,ACN|EXPO|FCN|HLT|HURN|IPG|KFY|MC|OMC|TBI,ACN|EXPO|FCN|HLT|HURN|KFY|MC|OMC|TBI
WPRT,10,8,5.29,-5.43,-11.44,-0.49,-3.84,-1.765,9.129999999999999,-3.665,-3.91,1.0,BLDP|CLNE|CVI|DAN|FCEL|FELE|GTLS|NKLA|PLUG|PWR,BLDP|CLNE|CVI|DAN|FCEL|FELE|PLUG|PWR
WRAP,10,8,-10.63,-12.64,7.24,-3.42,0.785,2.6950000000000003,-11.415000000000001,-15.335,2.085,0.25,AXON|CZR|KUST|OCUL|RELL|RGR|STER|TPCS|VISL|VRSN,AXON|CZR|KUST|OCUL|RELL|RGR|TPCS|VRSN
WRB,9,9,-0.85,-3.44,3.16,0.38,-0.42,-1.86,-0.43,-1.5799999999999998,-1.3099999999999996,0.2222222222222222,AIG|ALL|AXS|CB|CINF|HIG|PGR|RLI|TRV,AIG|ALL|AXS|CB|CINF|HIG|PGR|RLI|TRV
WRBY,10,9,6.16,11.91,12.37,-3.6,-1.57,1.42,7.73,10.49,-4.709999999999999,1.0,AMZN|BBY|COST|DG|DLTR|JWN|KSS|M|TGT|WMT,AMZN|BBY|COST|DG|DLTR|KSS|M|TGT|WMT
WRD,10,10,0.83,3.62,-15.97,-1.16,-0.23999999999999994,2.915,1.0699999999999998,0.7050000000000001,-21.135,0.7,AAPL|AMZN|F|GM|GOOGL|LYFT|MSFT|NVDA|TSLA|UBER,AAPL|AMZN|F|GM|GOOGL|LYFT|MSFT|NVDA|TSLA|UBER
WRLD,10,10,-4.33,-3.82,15.34,-2.7,-4.255,-1.31,-0.07500000000000018,-2.51,7.09,0.5,AGM|ALLY|ATLC|CACC|ENVA|FCFS|LRN|OMF|OPRT|RM,AGM|ALLY|ATLC|CACC|ENVA|FCFS|LRN|OMF|OPRT|RM
WRN,10,10,3.56,10.0,-8.33,-0.6,4.175,10.56,-0.6149999999999998,-0.5600000000000005,-20.549999999999997,0.3,AA|B|BHP|FCX|HL|NEM|RIO|SCCO|TECK|VALE,AA|B|BHP|FCX|HL|NEM|RIO|SCCO|TECK|VALE
WS,10,8,-10.52,-4.14,-13.07,-5.5,-9.355,1.855,-1.1649999999999991,-5.994999999999999,-16.965,0.25,CLF|CMC|GGB|MT|NUE|RS|STLD|TX|X|ZEUS,CLF|CMC|GGB|MT|NUE|RS|STLD|TX
WSBC,10,10,-4.73,-0.56,19.05,-1.17,-3.925,-0.385,-0.8050000000000006,-0.17500000000000004,9.475000000000001,0.2,ASB|BCBP|CBSH|CFR|FNB|FULT|HOMB|ONB|TRMK|UBSI,ASB|BCBP|CBSH|CFR|FNB|FULT|HOMB|ONB|TRMK|UBSI
WSBF,9,8,-3.04,6.3,12.34,-0.95,-4.630000000000001,-1.785,1.5900000000000007,8.084999999999999,4.045,0.875,CTBI|FFBC|FFNW|FSBC|GSBC|HAFC|HTB|PFBC|UBCP,CTBI|FFBC|FSBC|GSBC|HAFC|HTB|PFBC|UBCP
WSBK,0,0,0.15,-0.25,2.22,0.08,,,,,,,,
WSC,10,9,-3.87,-16.2,-6.99,-2.26,-2.54,-0.72,-1.33,-15.479999999999999,-12.99,0.0,DHI|HEES|KBH|LEN|MLM|MTH|PHM|TOL|URI|VMC,DHI|KBH|LEN|MLM|MTH|PHM|TOL|URI|VMC
WSFS,10,10,-2.33,1.02,10.95,-0.19,-4.145,-2.835,1.8149999999999995,3.855,4.129999999999999,1.0,BKU|FITB|FNB|HBAN|KEY|PNC|RF|TFC|WAL|ZION,BKU|FITB|FNB|HBAN|KEY|PNC|RF|TFC|WAL|ZION
WSHP,0,0,-7.92,0.87,-26.77,-3.73,,,,,,,,
WSM,9,7,-2.72,6.08,30.85,-2.63,-5.17,-9.68,2.4499999999999997,15.76,26.220000000000002,0.7142857142857143,BSET|HVT|LCII|LEG|LOVE|RH|SNBR|TBHC|TPR,BSET|HVT|LCII|LEG|LOVE|RH|TPR
WSO,10,9,1.14,-12.95,-18.48,-1.41,-4.21,1.65,5.35,-14.6,-26.84,1.0,AAON|AOS|CARR|CSL|EMR|GTLS|JCI|LII|SWK|TWIN,AAON|AOS|CARR|CSL|EMR|JCI|LII|SWK|TWIN
WST,9,9,3.67,0.13,17.47,1.75,3.99,19.25,-0.3200000000000003,-19.12,-10.370000000000001,0.4444444444444444,BAX|BDX|DHR|JNJ|MRK|STE|TMO|WAT|XRAY,BAX|BDX|DHR|JNJ|MRK|STE|TMO|WAT|XRAY
WSTN,0,0,0.1,0.4,1.09,0.1,,,,,,,,
WT,10,9,0.08,13.99,18.2,0.09,-1.42,5.54,1.5,8.45,-0.03999999999999915,0.5555555555555556,AMP|BEN|BK|BLK|IVZ|NTRS|SCHW|SEIC|STT|TROW,AMP|BEN|BLK|IVZ|NTRS|SCHW|SEIC|STT|TROW
WTBA,10,10,-6.68,5.17,18.42,-0.44,-4.1850000000000005,0.375,-2.494999999999999,4.795,11.905000000000001,0.0,BKU|CAC|CUBI|FHN|FULT|MBWM|ONB|OSBC|TRMK|WABC,BKU|CAC|CUBI|FHN|FULT|MBWM|ONB|OSBC|TRMK|WABC
WTF,0,0,-7.68,-10.43,-25.89,-4.75,,,,,,,,
WTFC,10,9,-6.2,-3.88,1.72,-0.67,-4.19,-2.27,-2.01,-1.6099999999999999,-9.969999999999999,0.0,ALLY|BAC|BK|C|JPM|PNC|TD|TFC|USB|WFC,ALLY|BAC|C|JPM|PNC|TD|TFC|USB|WFC
WTG,0,0,0.19,0.29,1.45,0.19,,,,,,,,
WTI,10,8,11.6,8.6,-9.82,4.79,10.155000000000001,9.075,1.4449999999999985,-0.47499999999999964,-16.645,0.75,APA|DVN|EGY|EOG|HES|MRO|MUR|NOG|OXY|SM,APA|DVN|EGY|EOG|MUR|NOG|OXY|SM
WTM,10,10,-1.34,-3.19,-1.5,-0.78,-0.585,-0.9550000000000001,-0.7550000000000001,-2.235,-5.695,0.3,AIG|ALL|BRK-B|CB|CINF|HIG|L|PGR|RNR|TRV,AIG|ALL|BRK-B|CB|CINF|HIG|L|PGR|RNR|TRV
WTRG,10,10,1.42,4.15,12.3,-0.02,1.31,3.67,0.10999999999999988,0.4800000000000004,-3.494999999999999,0.5,ARTNA|AWK|AWR|CWT|DHR|HTO|MSEX|NWG|PPL|YORW,ARTNA|AWK|AWR|CWT|DHR|HTO|MSEX|NWG|PPL|YORW
WTS,10,10,-2.8,9.01,24.46,-0.56,-1.605,4.07,-1.1949999999999998,4.9399999999999995,14.975000000000001,0.4,AOS|BMI|CWCO|FLS|ITT|NDSN|PNR|PWR|TTC|XYL,AOS|BMI|CWCO|FLS|ITT|NDSN|PNR|PWR|TTC|XYL
WTTR,10,10,-0.59,-5.15,1.76,-0.98,-0.875,6.234999999999999,0.28500000000000003,-11.385,7.754999999999999,0.5,BKR|FET|FTI|HAL|INVX|LBRT|OIS|PUMP|RES|SLB,BKR|FET|FTI|HAL|INVX|LBRT|OIS|PUMP|RES|SLB
WTW,9,9,2.04,18.95,34.15,1.64,0.89,7.55,1.15,11.399999999999999,17.11,0.6666666666666666,AJG|AON|BRO|ERIE|MET|MRSH|PGR|TRV|WRB,AJG|AON|BRO|ERIE|MET|MRSH|PGR|TRV|WRB
WU,10,10,-2.74,-13.99,-15.09,1.18,-2.6550000000000002,3.6849999999999996,-0.08499999999999996,-17.675,-27.13,0.5,AXP|EEFT|FIS|GPN|MA|PAGS|PYPL|V|WEX|XYZ,AXP|EEFT|FIS|GPN|MA|PAGS|PYPL|V|WEX|XYZ
WULF,10,9,-4.2,-19.83,-27.76,0.83,4.77,-12.03,-8.969999999999999,-7.799999999999999,-8.25,0.1111111111111111,APLD|ARBK|BITF|BTBT|CLSK|HIVE|HUT|MARA|RIOT|SOS,APLD|ARBK|BTBT|CLSK|HIVE|HUT|MARA|RIOT|SOS
WVE,10,10,1.06,-8.45,-15.11,-2.95,3.54,13.004999999999999,-2.48,-21.455,-29.64,0.1,ALNY|ARWR|BIIB|EDIT|IONS|MRNA|NBIX|QURE|SRPT|VRTX,ALNY|ARWR|BIIB|EDIT|IONS|MRNA|NBIX|QURE|SRPT|VRTX
WVVI,10,9,-8.33,-19.85,-15.06,-1.79,0.09,3.91,-8.42,-23.76,-18.17,0.0,BF-B|BUD|CCU|COKE|DEO|KDP|NAPA|SAM|STZ|TAP,BF-B|BUD|CCU|COKE|DEO|KDP|SAM|STZ|TAP
WW,0,0,-4.22,-6.17,39.38,-3.62,,,,,,,,
WWD,10,8,-3.85,-14.8,-3.27,-4.23,-3.73,-2.06,-0.1200000000000001,-12.74,-2.09,0.5,BA|BECN|DAN|GBX|GE|HON|HXL|ROK|SPR|TDG,BA|DAN|GBX|GE|HON|HXL|ROK|TDG
WWR,10,9,-3.13,31.83,-0.3,-0.6,1.25,5.06,-4.38,26.77,17.21,0.3333333333333333,ALB|AMR|FMC|LAC|MP|PLL|SGML|SLI|SQM|TSLA,ALB|AMR|FMC|LAC|MP|SGML|SLI|SQM|TSLA
WWW,10,7,2.7,3.96,33.62,-2.05,-4.7,-7.76,7.4,11.719999999999999,33.989999999999995,0.8571428571428571,COLM|CROX|DECK|FL|GES|GIII|LEVI|NKE|RL|SKX,COLM|CROX|DECK|GIII|LEVI|NKE|RL
WXM,0,0,-9.11,22.57,-15.08,-4.67,,,,,,,,
WY,9,7,-0.1,4.09,6.69,0.65,-1.37,2.23,1.27,1.8599999999999999,-0.75,0.7142857142857143,BDC|GEF|LPX|PCH|REXR|RYN|SEE|SLGN|UFPI,BDC|GEF|LPX|REXR|RYN|SLGN|UFPI
WYFI,0,0,-24.17,-23.19,-11.53,0.09,,,,,,,,
WYHG,0,0,-24.13,12.47,15.41,-9.98,,,,,,,,
WYNN,9,8,-4.77,3.3,-0.58,-2.61,-1.8599999999999999,-3.41,-2.9099999999999997,6.71,-8.295,0.0,BYD|CHDN|CNTY|CZR|GDEN|LVS|MGM|PENN|RRR,BYD|CHDN|CNTY|CZR|LVS|MGM|PENN|RRR
WYY,10,9,-21.06,-19.53,-8.1,-1.7,1.31,12.39,-22.369999999999997,-31.92,-24.479999999999997,0.0,DNB|EVC|EXPO|FCN|G|PD|SNPS|SPSC|TRU|VRSK,EVC|EXPO|FCN|G|PD|SNPS|SPSC|TRU|VRSK
XAIR,10,10,-25.87,-10.31,-36.23,-1.54,1.085,14.415,-26.955000000000002,-24.725,-43.91,0.0,ABT|BSX|EW|INSP|ISRG|MDT|NVCR|PEN|SYK|TMDX,ABT|BSX|EW|INSP|ISRG|MDT|NVCR|PEN|SYK|TMDX
XBIO,10,7,1.82,25.47,18.17,-0.3,1.71,4.36,0.1100000000000001,21.11,8.730000000000002,0.5714285714285714,BCRX|DVAX|GERN|KPTI|LITS|MRSN|NVAX|SGMO|SRPT|VSTM,BCRX|GERN|KPTI|LITS|NVAX|SRPT|VSTM
XBIT,10,10,-1.29,1.32,-3.77,-0.43,4.4,12.940000000000001,-5.69,-11.620000000000001,-32.025000000000006,0.0,ALNY|AMGN|BIIB|BMRN|GILD|ILMN|INCY|NBIX|REGN|VRTX,ALNY|AMGN|BIIB|BMRN|GILD|ILMN|INCY|NBIX|REGN|VRTX
XBP,10,9,-2.78,4.09,16.18,-1.06,-6.76,-5.84,3.98,9.93,10.21,0.6666666666666666,BURL|COST|DG|JWN|KSS|M|ROST|TGT|TJX|WMT,BURL|COST|DG|KSS|M|ROST|TGT|TJX|WMT
XCH,0,0,-14.34,-59.96,-67.1,-4.92,,,,,,,,
XCUR,10,9,5.34,-21.59,-53.85,-4.83,4.53,12.01,0.8099999999999996,-33.6,-78.61,0.6666666666666666,ALNY|AMGN|BIIB|GILD|INCY|LLY|NBIX|REGN|SAGE|VRTX,ALNY|AMGN|BIIB|GILD|INCY|LLY|NBIX|REGN|VRTX
XEL,10,10,0.89,-0.63,-0.22,0.33,-0.375,-4.0600000000000005,1.2650000000000001,3.4300000000000006,-0.45999999999999996,0.8,AEP|D|DUK|ED|EIX|EXC|NEE|PEG|PPL|SO,AEP|D|DUK|ED|EIX|EXC|NEE|PEG|PPL|SO
XELB,10,9,-34.2,-48.71,-66.63,0.22,-2.44,-4.92,-31.76,-43.79,-65.21,0.0,COLM|FOSL|GIII|HBI|LB|NKE|PVH|RL|TPR|VFC,COLM|FOSL|GIII|LB|NKE|PVH|RL|TPR|VFC
XENE,10,9,-6.33,-9.09,10.03,-3.45,9.53,16.83,-15.86,-25.919999999999998,-11.770000000000001,0.0,ACAD|AGEN|AKRO|ARDX|ARGX|ARWR|CRSP|EDIT|KURA|ONC,ACAD|AGEN|ARDX|ARGX|ARWR|CRSP|EDIT|KURA|ONC
XERS,9,9,3.95,3.33,38.99,-1.38,1.05,1.5,2.9000000000000004,1.83,27.78,0.8888888888888888,ALKS|AMRN|ANIP|BCRX|ECOR|LGND|MNKD|RDHL|SUPN,ALKS|AMRN|ANIP|BCRX|ECOR|LGND|MNKD|RDHL|SUPN
XFOR,10,7,-6.41,8.66,6.5,-3.49,2.9,12.05,-9.31,-3.3900000000000006,-5.35,0.0,ADAP|ADVM|BMRN|CLLS|KRYS|MCRB|ONCT|PRTA|RGNX|SRRK,BMRN|CLLS|KRYS|MCRB|PRTA|RGNX|SRRK
XGN,10,10,18.16,57.39,103.0,4.64,5.865,13.34,12.295,44.05,77.08500000000001,0.9,CDNA|FLGT|GH|ILMN|MYGN|NTRA|ONC|PRPO|QGEN|VCYT,CDNA|FLGT|GH|ILMN|MYGN|NTRA|ONC|PRPO|QGEN|VCYT
XHG,10,10,5.12,365.95,339.8,-0.46,0.4,26.060000000000002,4.72,339.89,325.145,1.0,ADBE|CRM|CRWD|IBM|INTU|MSFT|NOW|ORCL|SAP|WDAY,ADBE|CRM|CRWD|IBM|INTU|MSFT|NOW|ORCL|SAP|WDAY
XHLD,0,0,33.58,251.2,451.88,-3.93,,,,,,,,
XHR,10,10,2.21,-8.63,15.21,0.26,3.17,-5.02,-0.96,-3.610000000000001,1.075000000000001,0.4,AHT|APLE|BHR|DRH|HST|PEB|PK|RLJ|SHO|SVC,AHT|APLE|BHR|DRH|HST|PEB|PK|RLJ|SHO|SVC
XIFR,10,9,-1.77,-11.53,1.02,-1.68,-0.38,-2.76,-1.3900000000000001,-8.77,0.85,0.2222222222222222,AES|AY|BEP|CWEN|D|DUK|ED|ES|EVRG|NEE,AES|BEP|CWEN|D|DUK|ED|ES|EVRG|NEE
XLO,10,9,1.22,7.55,8.06,-3.08,5.15,12.86,-3.9300000000000006,-5.31,-15.610000000000001,0.0,ADPT|ALXO|ARVN|AZN|BNTX|FOLD|IMVT|MRNA|NBIX|VRTX,ADPT|ALXO|ARVN|AZN|BNTX|IMVT|MRNA|NBIX|VRTX
XMTR,9,7,-11.97,-15.52,-9.4,-1.69,-8.1,4.31,-3.870000000000001,-19.83,-15.34,0.0,AI|DDD|DM|FARO|FSS|MKSI|RBC|SSYS|TRMB,AI|DDD|FSS|MKSI|RBC|SSYS|TRMB
XNCR,10,7,18.88,40.08,141.43,-0.55,4.27,12.01,14.61,28.07,114.15,1.0,ADAP|ALNY|BIIB|BLUE|INCY|KYNB|PGEN|REGN|SGMO|VRTX,ALNY|BIIB|INCY|KYNB|PGEN|REGN|VRTX
XNET,10,10,-2.82,-11.57,-11.1,0.1,-0.975,-1.79,-1.8449999999999998,-9.780000000000001,-3.6399999999999997,0.4,BABA|BIDU|HUYA|IQ|JD|JOYY|NTES|PDD|TME|WB,BABA|BIDU|HUYA|IQ|JD|JOYY|NTES|PDD|TME|WB
XOM,10,10,6.25,9.11,7.83,2.27,5.535,8.045,0.7149999999999999,1.0649999999999995,-1.1199999999999992,0.7,BP|COP|CVX|EOG|MPC|OXY|PSX|SHEL|TTE|VLO,BP|COP|CVX|EOG|MPC|OXY|PSX|SHEL|TTE|VLO
XOS,10,7,48.37,78.88,84.04,31.79,-7.11,-7.97,55.48,86.85,101.55000000000001,1.0,FFAI|GOEV|HYLN|LCID|NKLA|RIVN|SBLX|SLDP|TSLA|WKHS,FFAI|HYLN|LCID|RIVN|SLDP|TSLA|WKHS
XP,10,10,1.55,-7.02,-9.07,-2.69,-2.3600000000000003,-1.315,3.91,-5.705,-18.57,0.9,AMTD|BAC|C|GS|IBKR|JPM|MS|SCHW|UBS|WFC,AMTD|BAC|C|GS|IBKR|JPM|MS|SCHW|UBS|WFC
XPEL,10,10,0.05,18.01,11.25,-1.52,0.225,5.385,-0.175,12.625000000000002,1.3100000000000005,0.4,APD|AVY|AXTA|CE|EMN|FMC|IFF|PPG|RPM|SHW,APD|AVY|AXTA|CE|EMN|FMC|IFF|PPG|RPM|SHW
XPER,10,10,-6.85,-18.07,-18.51,-2.39,-1.88,-2.915,-4.97,-15.155000000000001,-12.125000000000002,0.2,ADI|DIOD|ENTG|MCHP|MPWR|ON|QRVO|SLAB|SWKS|TXN,ADI|DIOD|ENTG|MCHP|MPWR|ON|QRVO|SLAB|SWKS|TXN
XPEV,10,9,1.57,-6.89,-20.97,-0.21,0.22,-7.97,1.35,1.08,-3.4599999999999973,0.7777777777777778,FFAI|GOEV|KNDI|LCID|LI|NIO|NIU|RIVN|TSLA|WKHS,FFAI|KNDI|LCID|LI|NIO|NIU|RIVN|TSLA|WKHS
XPL,10,8,3.21,4.82,-4.29,0.64,9.905000000000001,32.595,-6.695000000000001,-27.775,-20.57,0.0,BTG|CDE|EXK|FSM|GORO|HL|MUX|NGD|SAND|USAS,BTG|CDE|EXK|FSM|GORO|HL|MUX|USAS
XPO,10,10,-7.29,-8.41,-7.14,-0.88,-2.6799999999999997,-11.754999999999999,-4.61,3.344999999999999,-4.8,0.0,CHRW|EXPD|FDX|JBHT|KNX|LSTR|MRTN|SAIA|UPS|WERN,CHRW|EXPD|FDX|JBHT|KNX|LSTR|MRTN|SAIA|UPS|WERN
XPOF,10,9,3.06,-17.72,-8.25,1.19,1.71,7.8,1.35,-25.52,-22.54,0.7777777777777778,CCRN|EYE|FOXF|HCSG|HZO|MMI|MOV|PLNT|RICK|SCI,EYE|FOXF|HCSG|HZO|MMI|MOV|PLNT|RICK|SCI
XPON,9,8,-1.86,-0.28,-43.06,-5.07,-5.54,-11.405,3.6799999999999997,11.125,-12.905000000000001,0.875,BLDP|ENPH|FCEL|FSLR|NOVA|PLUG|RUN|SEDG|TSLA,BLDP|ENPH|FCEL|FSLR|PLUG|RUN|SEDG|TSLA
XPRO,10,10,-0.95,17.29,8.86,-2.57,0.13,6.234999999999999,-1.08,11.055,14.53,0.3,BKR|CLB|FET|FTI|HAL|INVX|NOV|OIS|RES|SLB,BKR|CLB|FET|FTI|HAL|INVX|NOV|OIS|RES|SLB
XRAY,10,8,-6.26,-18.2,10.32,-1.54,-0.16999999999999998,12.395,-6.09,-30.595,-5.359999999999999,0.125,ALGN|BDX|BIO|HOLX|HSIC|MTD|PDCO|STE|SYK|ZM,ALGN|BDX|BIO|HSIC|MTD|STE|SYK|ZM
XRPN,0,0,0.1,0.29,1.06,0.0,,,,,,,,
XRTX,10,8,-3.88,4.73,-13.37,5.25,8.379999999999999,15.04,-12.259999999999998,-10.309999999999999,-34.805,0.125,ATRA|BLUE|CRSP|EDIT|FATE|IOVA|KPTI|NTLA|ONC|SGMO,ATRA|CRSP|EDIT|FATE|IOVA|KPTI|NTLA|ONC
XRX,10,10,-10.22,5.98,10.98,-1.1,-2.395,4.87,-7.825000000000001,1.1100000000000003,-6.419999999999998,0.1,AAPL|CAN|DELL|HPQ|IBM|MMM|MSI|RYAAY|STX|WDAY,AAPL|CAN|DELL|HPQ|IBM|MMM|MSI|RYAAY|STX|WDAY
XTIA,10,10,-9.87,-3.74,-16.76,5.6,-5.87,4.43,-3.999999999999999,-8.17,-17.51,0.3,ACHR|BA|EH|EVTL|GD|JOBY|LHX|LMT|NOC|RTX,ACHR|BA|EH|EVTL|GD|JOBY|LHX|LMT|NOC|RTX
XTLB,10,10,1.07,-3.08,10.12,-5.03,4.359999999999999,4.925,-3.289999999999999,-8.004999999999999,9.899999999999999,0.3,ARDX|ATNM|AVXL|CORT|CYTK|GERN|GILD|KPTI|LITS|MDGL,ARDX|ATNM|AVXL|CORT|CYTK|GERN|GILD|KPTI|LITS|MDGL
XTNT,10,9,8.91,-21.16,-26.94,2.94,-2.52,1.55,11.43,-22.71,-37.900000000000006,1.0,ATEC|BAX|CUTR|ELMD|IART|OFIX|OSUR|SNN|SYK|ZBH,ATEC|BAX|ELMD|IART|OFIX|OSUR|SNN|SYK|ZBH
XWEL,10,8,-7.91,-13.07,-36.29,-2.09,-0.5,-3.02,-7.41,-10.05,-47.64,0.0,AHT|APLE|BKD|CWH|HGV|MAC|RDFN|RLJ|SOHO|VNO,AHT|APLE|BKD|CWH|HGV|MAC|RLJ|VNO
XXI,0,0,21.3,20.82,-22.14,9.26,,,,,,,,
XXII,10,10,-5.84,-9.26,-68.28,-2.76,0.30999999999999994,-3.85,-6.1499999999999995,-5.41,-57.575,0.1,BTI|CIG|CNTY|GNLN|GRWG|MO|PM|RLX|TPB|UVV,BTI|CIG|CNTY|GNLN|GRWG|MO|PM|RLX|TPB|UVV
XYF,10,9,-1.62,15.4,15.16,-0.18,-3.33,-7.2,1.71,22.6,28.82,0.6666666666666666,FINV|HTT|JFIN|LX|LXEH|QFIN|SOS|TIGR|XWIN|YRD,FINV|HTT|JFIN|LX|LXEH|QFIN|SOS|TIGR|YRD
XYL,9,9,-4.85,-1.42,5.79,-1.41,1.05,3.77,-5.8999999999999995,-5.1899999999999995,-7.489999999999999,0.1111111111111111,ARTNA|AWK|AWR|CWCO|CWT|MSEX|PNR|WTRG|YORW,ARTNA|AWK|AWR|CWCO|CWT|MSEX|PNR|WTRG|YORW
XYZ,9,9,-3.91,3.07,12.63,-1.35,0.87,8.69,-4.78,-5.619999999999999,1.1800000000000015,0.2222222222222222,AFRM|COIN|DKNG|MA|PYPL|RBLX|SHOP|SPOT|V,AFRM|COIN|DKNG|MA|PYPL|RBLX|SHOP|SPOT|V
XZO,0,0,1.98,0.63,24.45,-0.74,,,,,,,,
YAAS,0,0,-1.39,-24.23,-29.54,-1.05,,,,,,,,
YALA,10,10,1.57,2.51,-9.31,-0.09,-1.6300000000000001,-4.735,3.2,7.245,0.12499999999999822,0.8,BIDU|BILI|DOYU|HUYA|IQ|JD|JOYY|PDD|TME|WB,BIDU|BILI|DOYU|HUYA|IQ|JD|JOYY|PDD|TME|WB
YB,0,0,2.81,1.68,-2.52,0.58,,,,,,,,
YCBD,7,7,-12.23,-13.91,-33.7,1.2,-1.49,12.33,-10.74,-26.240000000000002,-34.07,0.0,ACB|CRBP|IIPR|OGI|TLRY|TVRD|VFF,ACB|CRBP|IIPR|OGI|TLRY|TVRD|VFF
YCY,0,0,0.19,0.58,1.28,-0.1,,,,,,,,
YDDL,0,0,3.37,-5.64,-50.4,6.67,,,,,,,,
YDES,0,0,71.31,94.57,-5.49,-3.8,,,,,,,,
YDKG,10,10,-2.86,5.82,30.77,0.0,-1.9100000000000001,0.515,-0.9499999999999997,5.305000000000001,28.07,0.3,ATHM|BILI|BZUN|DOYU|EDU|HUYA|IQ|JOYY|TAL|TME,ATHM|BILI|BZUN|DOYU|EDU|HUYA|IQ|JOYY|TAL|TME
YELP,10,10,-3.63,-5.26,4.61,-1.86,-0.41500000000000004,3.09,-3.215,-8.35,-1.3649999999999993,0.2,ANGI|BZ|EBAY|EXPE|GOOG|LYFT|MTCH|RNG|TRIP|ZG,ANGI|BZ|EBAY|EXPE|GOOG|LYFT|MTCH|RNG|TRIP|ZG
YETI,10,10,-4.64,-16.23,-2.93,-1.63,-5.265000000000001,-12.425,0.6250000000000009,-3.8049999999999997,6.414999999999999,0.6,ASO|COLM|CROX|DECK|DKS|GOOS|NKE|SIG|UA|VFC,ASO|COLM|CROX|DECK|DKS|GOOS|NKE|SIG|UA|VFC
YEXT,10,10,2.54,26.31,74.51,-0.24,-0.255,31.775,2.795,-5.465,47.105000000000004,0.8,BOX|CRM|GDDY|HUBS|NOW|PD|TEAM|TWLO|VEEV|WDAY,BOX|CRM|GDDY|HUBS|NOW|PD|TEAM|TWLO|VEEV|WDAY
YHC,10,9,10.0,-4.86,-98.2,-2.22,-1.01,2.73,11.01,-7.59,-96.8,1.0,ABEV|BF-B|BUD|CCU|DEO|NAPA|SAM|STZ|TAP|WVVI,ABEV|BF-B|BUD|CCU|DEO|SAM|STZ|TAP|WVVI
YHGJ,10,10,-0.29,13.0,3.04,8.65,-3.9349999999999996,-3.995,3.6449999999999996,16.995,0.7799999999999998,0.8,BALY|BYD|CCL|CHH|DIS|MGM|NCLH|PENN|RCL|WYNN,BALY|BYD|CCL|CHH|DIS|MGM|NCLH|PENN|RCL|WYNN
YHNA,0,0,0.18,0.55,1.67,0.0,,,,,,,,
YI,10,10,-8.88,-8.88,-39.57,-1.35,-0.215,-3.12,-8.665000000000001,-5.760000000000001,-33.215,0.0,BABA|BILI|BZUN|DOYU|HUYA|JD|MOMO|PDD|TME|VIPS,BABA|BILI|BZUN|DOYU|HUYA|JD|MOMO|PDD|TME|VIPS
YIBO,10,10,0.76,0.76,43.48,0.0,-6.115,4.775,6.875,-4.015000000000001,35.339999999999996,0.7,AAPL|CAN|DELL|HIMX|HPE|HPQ|IBM|INTC|MSI|XRX,AAPL|CAN|DELL|HIMX|HPE|HPQ|IBM|INTC|MSI|XRX
YJ,10,10,101.84,187.9,118.75,-7.87,0.11,-1.6199999999999999,101.73,189.52,126.03,1.0,BABA|BZUN|DOYU|FUTU|HUYA|JD|PDD|QFIN|TME|VIPS,BABA|BZUN|DOYU|FUTU|HUYA|JD|PDD|QFIN|TME|VIPS
YMAT,0,0,-7.43,-10.97,-41.22,2.24,,,,,,,,
YMM,10,10,-4.46,-6.77,0.17,-2.59,-5.145,-0.07500000000000018,0.6849999999999996,-6.694999999999999,-2.33,0.7,CARG|CVNA|GRAB|JBLU|KNX|LYFT|SAIA|UAL|UBER|XPO,CARG|CVNA|GRAB|JBLU|KNX|LYFT|SAIA|UAL|UBER|XPO
YMT,0,0,-15.56,-58.61,-82.85,-6.16,,,,,,,,
YORW,10,10,3.47,9.93,15.83,0.9,0.505,3.245,2.9650000000000003,6.685,3.1500000000000004,1.0,ARTNA|AWK|AWR|BMI|CWCO|CWT|HTO|MSEX|PNR|WTRG,ARTNA|AWK|AWR|BMI|CWCO|CWT|HTO|MSEX|PNR|WTRG
YOU,10,10,-3.73,-15.94,-29.1,-0.76,-1.28,8.649999999999999,-2.45,-24.589999999999996,-42.93,0.3,BKNG|EXPE|FIS|GDS|MA|PAYX|SABR|TCOM|V|WU,BKNG|EXPE|FIS|GDS|MA|PAYX|SABR|TCOM|V|WU
YOUL,0,0,8.27,-14.74,-36.78,-3.18,,,,,,,,
YPF,10,9,3.23,-2.79,8.45,1.9,5.58,9.11,-2.35,-11.899999999999999,0.6199999999999992,0.3333333333333333,BP|CVE|CVX|ENB|HES|MPC|PBR|PSX|VLO|XOM,BP|CVE|CVX|ENB|MPC|PBR|PSX|VLO|XOM
YQ,10,9,2.51,9.87,-7.2,6.52,-0.91,3.48,3.42,6.389999999999999,-8.84,0.7777777777777778,ATAI|BEDU|COE|DAO|EDU|FEDU|GOTU|TAL|VNET|ZH,ATAI|COE|DAO|EDU|FEDU|GOTU|TAL|VNET|ZH
YRD,10,10,-3.33,-7.2,-38.95,-0.85,-2.215,-3.995,-1.1150000000000002,-3.205,-30.130000000000003,0.4,AIHS|AMBO|CD|CLPS|FINV|HTT|JFIN|LX|QFIN|XYF,AIHS|AMBO|CD|CLPS|FINV|HTT|JFIN|LX|QFIN|XYF
YSG,10,10,-11.91,-12.94,36.76,1.18,-1.265,3.9050000000000002,-10.645,-16.845,30.529999999999998,0.0,COTY|EL|HLF|LCUT|NUS|PERI|PVH|SBH|THO|ULTA,COTY|EL|HLF|LCUT|NUS|PERI|PVH|SBH|THO|ULTA
YSXT,0,0,4.01,25.3,1.96,-5.45,,,,,,,,
YTRA,10,10,6.73,8.0,7.89,-3.3,0.68,5.33,6.050000000000001,2.67,4.345,1.0,ABNB|BKNG|CHH|EXPE|H|HLT|MAR|SABR|TCOM|TRIP,ABNB|BKNG|CHH|EXPE|H|HLT|MAR|SABR|TCOM|TRIP
YUM,10,10,-3.04,-0.88,-4.22,0.23,-1.8499999999999999,7.195,-1.1900000000000002,-8.075000000000001,-13.895,0.4,BJRI|CMG|DPZ|DRI|EAT|MCD|QSR|SBUX|TXRH|WEN,BJRI|CMG|DPZ|DRI|EAT|MCD|QSR|SBUX|TXRH|WEN
YUMC,10,10,2.19,11.18,5.98,1.46,-1.0,11.225000000000001,3.19,-0.045000000000001705,-3.6950000000000003,0.8,CMG|DPZ|DRI|JACK|MCD|QSR|RRGB|SBUX|SHAK|WEN,CMG|DPZ|DRI|JACK|MCD|QSR|RRGB|SBUX|SHAK|WEN
YXT,10,10,-44.34,-1.72,-35.82,2.87,-2.995,18.205,-41.345000000000006,-19.924999999999997,-56.175,0.0,CRWD|DDOG|DOCN|ESTC|FROG|GWRE|HUBS|NOW|PD|TWLO,CRWD|DDOG|DOCN|ESTC|FROG|GWRE|HUBS|NOW|PD|TWLO
YYAI,10,10,-13.15,-99.32,-99.49,-5.94,-3.17,2.0100000000000002,-9.98,-101.33,-102.17,0.0,AMZN|DECK|HZO|LULU|PESI|PLCE|PLNT|RMD|RYTM|UA,AMZN|DECK|HZO|LULU|PESI|PLCE|PLNT|RMD|RYTM|UA
YYGH,10,10,-8.98,-14.02,-93.54,-13.06,-2.175,-4.735,-6.805000000000001,-9.285,-86.155,0.2,BABA|BIDU|BILI|DOYU|HUYA|IQ|JD|NTES|TME|WB,BABA|BIDU|BILI|DOYU|HUYA|IQ|JD|NTES|TME|WB
Z,10,7,-1.45,12.88,-2.93,-3.23,-0.12,7.8,-1.33,5.080000000000001,-17.22,0.42857142857142855,COMP|EXPI|HOUS|MMI|OPEN|RDFN|REAL|REZI|RMAX|ZG,COMP|MMI|OPEN|REAL|REZI|RMAX|ZG
ZBAO,10,10,-10.81,-28.51,-76.73,1.24,-2.895,-1.135,-7.915000000000001,-27.375,-69.985,0.1,AAPL|AMZN|CSCO|GOOGL|INTC|META|MSFT|NVDA|ORCL|TSLA,AAPL|AMZN|CSCO|GOOGL|INTC|META|MSFT|NVDA|ORCL|TSLA
ZBH,9,9,1.19,13.62,18.01,-0.03,1.84,9.36,-0.6500000000000001,4.26,7.840000000000002,0.4444444444444444,ABT|BSX|EW|JNJ|MDT|PODD|RMD|SYK|TFX,ABT|BSX|EW|JNJ|MDT|PODD|RMD|SYK|TFX
ZBIO,0,0,4.42,-3.18,55.88,-2.43,,,,,,,,
ZBRA,10,9,-5.05,37.18,48.05,1.62,-4.94,18.35,-0.10999999999999943,18.83,43.9,0.4444444444444444,ADSK|ANSS|CDNS|GRMN|NTGR|PTC|RPD|SSYS|TDY|TRMB,ADSK|CDNS|GRMN|NTGR|PTC|RPD|SSYS|TDY|TRMB
ZCMD,9,9,-6.8,-77.62,-99.35,-5.01,5.97,14.93,-12.77,-92.55000000000001,-121.14999999999999,0.0,ACHV|APRE|ARWR|AXSM|BNTX|CLLS|CRSP|EDIT|FATE,ACHV|APRE|ARWR|AXSM|BNTX|CLLS|CRSP|EDIT|FATE
ZD,10,9,-0.68,6.34,31.18,0.05,-2.03,1.36,1.3499999999999996,4.9799999999999995,40.29,0.7777777777777778,AMZN|GOOG|IAC|META|NFLX|PINS|SNAP|SPOT|TRIP|TTD,AMZN|GOOG|META|NFLX|PINS|SNAP|SPOT|TRIP|TTD
ZDAI,10,10,-4.42,-8.99,-10.5,-0.61,0.425,22.075,-4.845,-31.064999999999998,-27.9,0.0,ACN|CDW|CTSH|DXC|EPAM|GIB|HPQ|IBM|IT|LDOS,ACN|CDW|CTSH|DXC|EPAM|GIB|HPQ|IBM|IT|LDOS
ZDGE,10,10,-3.35,-4.63,-4.95,0.7,-3.66,-1.5899999999999999,0.31000000000000005,-3.04,-1.3150000000000004,0.5,AAPL|BAND|CCOI|CSCO|MSFT|NVDA|SIFY|TTWO|TWO|TZOO,AAPL|BAND|CCOI|CSCO|MSFT|NVDA|SIFY|TTWO|TWO|TZOO
ZENA,0,0,-10.56,26.16,52.4,-4.75,,,,,,,,
ZEO,10,8,-24.06,-7.84,-45.71,-4.29,7.975,8.635,-32.035,-16.475,-53.74,0.0,APA|COP|CVX|DVN|EOG|FANG|HES|MRO|OXY|XOM,APA|COP|CVX|DVN|EOG|FANG|OXY|XOM
ZEPP,10,10,1.68,5.21,-38.14,1.49,-1.7850000000000001,-0.305,3.465,5.515,-36.01,0.7,AAPL|AMZN|BBY|COST|GOOGL|GRMN|MU|NKE|RGR|SWBI,AAPL|AMZN|BBY|COST|GOOGL|GRMN|MU|NKE|RGR|SWBI
ZETA,10,10,-5.84,38.21,52.07,-3.13,-2.795,24.105,-3.045,14.105,35.305,0.3,ADBE|CRM|HUBS|MSFT|NOW|ORCL|PLTR|SHOP|TWLO|WDAY,ADBE|CRM|HUBS|MSFT|NOW|ORCL|PLTR|SHOP|TWLO|WDAY
ZG,9,7,-0.12,15.42,-1.99,-3.31,-5.24,-5.08,5.12,20.5,-2.7800000000000002,0.8571428571428571,CVNA|EXPI|OPEN|RDFN|REAL|REZI|RVLV|SFIX|SFM,CVNA|OPEN|REAL|REZI|RVLV|SFIX|SFM
ZGN,9,9,-2.8,-2.59,1.05,-1.78,-4.7,-12.56,1.9000000000000004,9.97,6.41,0.6666666666666666,COLM|CPRI|GOOS|LEVI|PVH|RL|TPR|UAA|VFC,COLM|CPRI|GOOS|LEVI|PVH|RL|TPR|UAA|VFC
ZH,10,10,-0.91,0.67,1.64,0.03,-0.71,-0.29,-0.20000000000000007,0.96,8.45,0.5,BIDU|BILI|EDU|JD|JOYY|NTES|PDD|TAL|TME|WB,BIDU|BILI|EDU|JD|JOYY|NTES|PDD|TAL|TME|WB
ZIM,10,10,1.58,8.93,8.28,-0.61,5.664999999999999,7.455,-4.084999999999999,1.4749999999999996,2.6599999999999993,0.2,CMRE|DAC|DSX|ESEA|GOGL|GSL|NMM|SBLK|SFL|STNG,CMRE|DAC|DSX|ESEA|GOGL|GSL|NMM|SBLK|SFL|STNG
ZION,10,9,-4.88,-2.79,10.38,-0.25,-4.19,-3.93,-0.6899999999999995,1.1400000000000001,-0.11999999999999922,0.3333333333333333,CMA|FHN|FITB|FLG|HBAN|KEY|PNC|RF|USB|WFC,FHN|FITB|FLG|HBAN|KEY|PNC|RF|USB|WFC
ZIP,10,8,10.28,32.44,55.37,4.31,0.595,1.27,9.684999999999999,31.169999999999998,40.565,1.0,BBSI|CTAS|DOYU|HSII|KFRC|MAN|MTCH|RHI|STAF|TTWO,BBSI|CTAS|DOYU|KFRC|MAN|MTCH|RHI|TTWO
ZJK,0,0,2.59,-6.45,-30.29,0.03,,,,,,,,
ZJYL,10,10,-5.52,29.41,35.09,0.0,-0.46,3.3200000000000003,-5.06,26.09,34.330000000000005,0.0,BUD|CCU|COKE|DEO|KO|MGPI|PEP|SAM|STZ|TAP,BUD|CCU|COKE|DEO|KO|MGPI|PEP|SAM|STZ|TAP
ZKH,10,10,-0.69,-2.03,-1.7,-0.01,-1.69,2.125,1.0,-4.154999999999999,-7.989999999999999,0.7,AAP|AMZN|BBY|FAST|GWW|HD|LOW|MSM|ORLY|TSCO,AAP|AMZN|BBY|FAST|GWW|HD|LOW|MSM|ORLY|TSCO
ZKIN,10,9,-3.3,-26.26,-33.87,-0.49,-9.23,3.79,5.930000000000001,-30.05,-40.4,0.6666666666666666,CLF|CMC|FCX|GGB|MT|NUE|RS|STLD|TX|X,CLF|CMC|FCX|GGB|MT|NUE|RS|STLD|TX
ZLAB,10,9,0.92,28.14,39.65,-1.69,4.53,12.16,-3.6100000000000003,15.98,12.369999999999997,0.0,AMGN|BIIB|BMY|GILD|INCY|MRNA|NBIX|REGN|SAGE|VRTX,AMGN|BIIB|BMY|GILD|INCY|MRNA|NBIX|REGN|VRTX
ZM,10,10,-2.98,24.2,7.19,-0.84,-2.29,24.105,-0.69,0.09499999999999886,-3.7849999999999993,0.2,ADBE|CRM|CSCO|FIVN|GOOG|GOOGL|LOGI|MSFT|RNG|TEAM,ADBE|CRM|CSCO|FIVN|GOOG|GOOGL|LOGI|MSFT|RNG|TEAM
ZNB,10,10,-13.56,-14.64,-84.58,-9.71,0.29999999999999993,-17.065,-13.860000000000001,2.4250000000000007,-57.655,0.1,AEHL|ARTW|DLPN|DSS|DVLT|IPDN|IZEA|NCTY|SEGG|XELB,AEHL|ARTW|DLPN|DSS|DVLT|IPDN|IZEA|NCTY|SEGG|XELB
ZNTL,10,10,-5.78,-13.11,5.39,2.36,4.720000000000001,12.719999999999999,-10.5,-25.83,-16.415,0.0,AMGN|BIIB|BMY|GILD|JNJ|LLY|MRK|PFE|REGN|VRTX,AMGN|BIIB|BMY|GILD|JNJ|LLY|MRK|PFE|REGN|VRTX
ZONE,10,9,-6.56,-78.64,-76.79,-2.1,1.79,2.26,-8.35,-80.9,-87.69000000000001,0.0,AWK|CLH|CWST|ECL|ROL|RSG|SRCL|TMO|VRSK|WM,AWK|CLH|CWST|ECL|ROL|RSG|TMO|VRSK|WM
ZOOZ,9,8,0.84,1.89,-2.5,-1.64,-5.904999999999999,-3.29,6.744999999999999,5.18,23.145,0.875,BEEM|BLNK|CHPT|ENPH|EVGO|FCEL|NOVA|PLUG|SEDG,BEEM|BLNK|CHPT|ENPH|EVGO|FCEL|PLUG|SEDG
ZS,10,9,-5.72,24.72,1.7,-3.93,-11.03,3.04,5.31,21.68,-33.33,0.7777777777777778,CHKP|CRWD|CYBR|FTNT|NET|OKTA|PANW|QLYS|TENB|VRNS,CHKP|CRWD|FTNT|NET|OKTA|PANW|QLYS|TENB|VRNS
ZTEK,10,10,-8.29,7.05,-20.63,-0.02,-2.6,-1.885,-5.6899999999999995,8.935,-18.195,0.2,AAPL|AMD|AMZN|GOOGL|IBM|INTC|META|MSFT|NVDA|TSLA,AAPL|AMD|AMZN|GOOGL|IBM|INTC|META|MSFT|NVDA|TSLA
ZTO,10,10,-6.83,-11.39,-8.03,-0.74,-3.035,-9.83,-3.795,-1.5600000000000005,-5.989999999999999,0.1,CHRW|EXPD|FDX|JBHT|KNX|LSTR|ODFL|SAIA|UPS|XPO,CHRW|EXPD|FDX|JBHT|KNX|LSTR|ODFL|SAIA|UPS|XPO
ZTS,6,5,0.59,2.83,-4.29,-0.51,0.56,0.31,0.029999999999999916,2.52,-16.14,0.6,ANIK|CTLT|ELAN|IDXX|KRYS|VTRS,ANIK|ELAN|IDXX|KRYS|VTRS
ZUMZ,9,9,-8.52,-8.43,-24.1,-5.45,-3.43,-2.0,-5.09,-6.43,-20.93,0.0,AEO|ANF|BCC|CCI|LULU|PLCE|ROST|TJX|URBN,AEO|ANF|BCC|CCI|LULU|PLCE|ROST|TJX|URBN
ZURA,10,10,0.71,5.0,38.8,-2.78,4.4,12.085,-3.6900000000000004,-7.085000000000001,16.679999999999996,0.1,ALNY|AMGN|BIIB|BMRN|GILD|INCY|IONS|NBIX|REGN|VRTX,ALNY|AMGN|BIIB|BMRN|GILD|INCY|IONS|NBIX|REGN|VRTX
ZVIA,10,10,3.3,-13.36,-11.65,0.97,2.08,4.795,1.2199999999999998,-18.155,-14.665,0.7,BUD|CCU|CELH|FIZZ|KDP|KO|MNST|PEP|SAM|TAP,BUD|CCU|CELH|FIZZ|KDP|KO|MNST|PEP|SAM|TAP
ZVRA,10,9,8.05,-0.49,17.97,-0.41,4.18,12.16,3.870000000000001,-12.65,8.53,1.0,ALNY|BLUE|BMRN|EXEL|GILD|IONS|NBIX|REGN|SRPT|VRTX,ALNY|BMRN|EXEL|GILD|IONS|NBIX|REGN|SRPT|VRTX
ZWS,10,10,-3.17,3.45,2.72,-0.91,-0.455,2.525,-2.715,0.9250000000000003,-7.67,0.3,AOS|AWK|BMI|CWCO|FOUR|PCYO|PNR|WMS|WTRG|XYL,AOS|AWK|BMI|CWCO|FOUR|PCYO|PNR|WMS|WTRG|XYL
ZYBT,0,0,19.61,32.61,106.08,-1.08,,,,,,,,
ZYME,10,10,2.89,13.46,6.7,-2.68,5.18,11.545,-2.2899999999999996,1.915000000000001,-7.71,0.2,ALNY|AMGN|BIIB|EXEL|GILD|INCY|IONS|NBIX|REGN|VRTX,ALNY|AMGN|BIIB|EXEL|GILD|INCY|IONS|NBIX|REGN|VRTX
