Ticker,n_peers,n_peers_present,perf_week,perf_month,perf_quarter,change,peer_med_week,peer_med_month,rs_week,rs_month,rs_quarter,beat_week_pct,peers,peers_used
A,8,8,5.74,6.82,22.0,0.0,1.11,2.37,4.63,4.45,4.68,0.875,ABT|BIO|DHR|IDXX|IQV|MTD|TMO|WAT,ABT|BIO|DHR|IDXX|IQV|MTD|TMO|WAT
AA,10,9,-6.32,-14.2,-17.11,-0.05,-3.44,-5.34,-2.8800000000000003,-8.86,-15.95,0.1111111111111111,BTU|CENX|CLF|FCX|KALU|NUE|RIO|STLD|VALE|X,BTU|CENX|CLF|FCX|KALU|NUE|RIO|STLD|VALE
AACG,10,10,-1.26,-13.29,-14.23,0.85,-0.31,-6.015,-0.95,-7.2749999999999995,-5.0600000000000005,0.4,CHGG|COUR|EDU|GOTU|HOFT|LRN|NRDY|PRDO|TAL|UTI,CHGG|COUR|EDU|GOTU|HOFT|LRN|NRDY|PRDO|TAL|UTI
AAL,10,8,2.38,-5.04,-24.6,-0.77,0.815,-6.575,1.565,1.5350000000000001,-4.490000000000002,1.0,ALGT|ALK|ATSG|DAL|JBLU|LUV|MESA|RYAAY|SKYW|UAL,ALGT|ALK|DAL|JBLU|LUV|RYAAY|SKYW|UAL
AAME,10,10,2.96,6.92,-18.24,0.0,-2.46,-2.79,5.42,9.71,-19.814999999999998,1.0,AFG|AFL|AIZ|ALL|CB|CINF|LNC|MET|PRU|TRV,AFG|AFL|AIZ|ALL|CB|CINF|LNC|MET|PRU|TRV
AAMI,10,9,2.58,-0.42,30.02,0.0,-0.92,-10.11,3.5,9.69,26.009999999999998,1.0,APO|BEN|BLK|BX|CG|HLNE|IVZ|JHG|KKR|TROW,APO|BEN|BLK|BX|CG|HLNE|IVZ|KKR|TROW
AAOI,9,9,0.31,-13.07,-29.0,-2.67,1.19,-0.78,-0.8799999999999999,-12.290000000000001,-0.870000000000001,0.4444444444444444,AMKR|CIEN|FN|IPGP|LITE|NOK|OFS|VIAV|WKHS,AMKR|CIEN|FN|IPGP|LITE|NOK|OFS|VIAV|WKHS
AAON,10,10,7.01,7.35,-38.62,-0.69,2.1799999999999997,-5.35,4.83,12.7,-27.064999999999998,1.0,CARR|GD|HON|IR|JCI|LECO|LII|TT|WHR|WNC,CARR|GD|HON|IR|JCI|LECO|LII|TT|WHR|WNC
AAP,10,10,-1.62,-5.36,-30.24,0.49,-1.725,-7.695,0.10499999999999998,2.335,-27.055,0.5,ABG|AN|AZO|GPC|KMX|LAD|MNRO|ORLY|PAG|SAH,ABG|AN|AZO|GPC|KMX|LAD|MNRO|ORLY|PAG|SAH
AAPG,0,0,0.78,-7.74,-9.15,-0.58,,,,,,,,
AAPL,10,10,-0.29,8.43,22.13,-0.29,-2.88,0.04500000000000004,2.59,8.385,5.489999999999998,0.7,AMZN|DELL|GOOGL|HPQ|IBM|META|MSFT|NFLX|NVDA|SONY,AMZN|DELL|GOOGL|HPQ|IBM|META|MSFT|NFLX|NVDA|SONY
AARD,0,0,7.96,-19.19,12.1,0.0,,,,,,,,
AAT,10,8,-2.8,-6.84,-12.45,0.09,-1.4449999999999998,-7.4,-1.355,0.5600000000000005,-2.7699999999999996,0.125,BXP|EQC|FRT|HPP|HR|KIM|PDM|REG|ROIC|SPG,BXP|FRT|HPP|HR|KIM|PDM|REG|SPG
AAUC,0,0,6.88,-4.15,-2.74,0.0,,,,,,,,
AB,10,8,0.9,-1.49,1.88,0.0,-1.415,-6.82,2.315,5.33,-1.2150000000000003,0.75,AMP|BEN|BK|BLBD|BLK|IVZ|JHG|NTRS|STT|TROW,AMP|BEN|BLBD|BLK|IVZ|NTRS|STT|TROW
ABAT,10,9,2.0,-11.78,-15.38,-1.09,-0.71,-11.71,2.71,-0.06999999999999851,-2.4700000000000006,0.6666666666666666,ALB|AQMS|CBAT|LAC|MP|NMG|PLL|SQM|TSLA|XPEV,ALB|AQMS|CBAT|LAC|MP|NMG|SQM|TSLA|XPEV
ABBV,10,10,1.7,1.02,10.44,1.3,0.16999999999999998,-3.625,1.53,4.645,-3.8750000000000018,0.6,AMGN|BIIB|BMY|GILD|JNJ|LLY|MRK|PFE|REGN|VRTX,AMGN|BIIB|BMY|GILD|JNJ|LLY|MRK|PFE|REGN|VRTX
ABCB,10,10,-2.5,-5.03,-8.61,0.0,-2.785,-5.925,0.28500000000000014,0.8949999999999996,-2.8099999999999987,0.7,BKU|COLB|FFIN|FHN|GBCI|HBNC|LKFN|PNFP|SFBS|TRMK,BKU|COLB|FFIN|FHN|GBCI|HBNC|LKFN|PNFP|SFBS|TRMK
ABCL,10,10,-3.77,-2.0,83.93,-0.49,0.165,-1.385,-3.935,-0.615,72.58000000000001,0.1,ALNY|AMGN|BNTX|EXEL|INCY|IONS|MRNA|NVAX|REGN|VRTX,ALNY|AMGN|BNTX|EXEL|INCY|IONS|MRNA|NVAX|REGN|VRTX
ABEO,10,7,0.18,-9.82,0.72,1.27,-2.96,-4.4,3.14,-5.42,-7.79,0.8571428571428571,ADVM|BLUE|BMRN|CLGN|FATE|NTLA|QURE|SGMO|SRPT|VYGR,BMRN|CLGN|FATE|NTLA|QURE|SRPT|VYGR
ABEV,10,10,-1.68,0.0,-6.69,0.0,-1.2650000000000001,-8.195,-0.4149999999999998,8.195,-1.0500000000000007,0.4,BF-B|BUD|CCU|DEO|KDP|KO|PEP|SAM|STZ|TAP,BF-B|BUD|CCU|DEO|KDP|KO|PEP|SAM|STZ|TAP
ABG,10,10,-3.41,-15.81,-10.61,-0.01,-4.135,-12.85,0.7249999999999996,-2.960000000000001,-7.89,0.6,AN|CRMT|CVNA|GPI|KMX|LAD|PAG|RUSHA|SAH|VRM,AN|CRMT|CVNA|GPI|KMX|LAD|PAG|RUSHA|SAH|VRM
ABLV,10,10,5.41,13.06,-11.83,0.0,-1.315,0.22000000000000008,6.725,12.84,-43.785,1.0,ADBE|CRM|HUBS|MGNI|NOW|ORCL|PERI|PUBM|RPD|TTD,ADBE|CRM|HUBS|MGNI|NOW|ORCL|PERI|PUBM|RPD|TTD
ABM,10,10,0.79,6.65,10.84,0.0,0.475,-3.67,0.31500000000000006,10.32,3.744999999999999,0.5,ALLE|CBZ|CLH|CTAS|HON|IQV|MMM|ROL|SERV|TDY,ALLE|CBZ|CLH|CTAS|HON|IQV|MMM|ROL|SERV|TDY
ABNB,9,9,-9.88,-21.51,5.39,-0.03,-0.86,-8.53,-9.020000000000001,-12.980000000000002,15.34,0.0,BKNG|CHH|EXPE|H|HLT|IHG|MAR|SABR|TRIP,BKNG|CHH|EXPE|H|HLT|IHG|MAR|SABR|TRIP
ABOS,10,9,-11.69,-25.04,-0.22,0.0,-2.96,-8.36,-8.73,-16.68,11.7,0.0,AUPH|AVXL|AXSM|BIIB|CORT|NBIX|PRTA|QURE|SAVA|VYGR,AUPH|AVXL|AXSM|BIIB|CORT|NBIX|PRTA|QURE|VYGR
ABR,10,10,-7.3,-20.19,-17.68,0.0,-1.875,-8.865,-5.425,-11.325000000000001,-2.335000000000001,0.0,AGNC|ARI|BXMT|CIM|IVR|MFA|NLY|PMT|RWT|STWD,AGNC|ARI|BXMT|CIM|IVR|MFA|NLY|PMT|RWT|STWD
ABSI,10,10,3.78,-0.1,-5.78,-1.28,-1.76,-3.505,5.54,3.405,-13.265,0.9,ALNY|BMRN|CRSP|EXEL|INCY|IONS|NBIX|REGN|SRPT|VRTX,ALNY|BMRN|CRSP|EXEL|INCY|IONS|NBIX|REGN|SRPT|VRTX
ABT,10,10,1.76,-10.42,11.57,0.52,-1.25,-2.925,3.01,-7.495,2.1350000000000016,0.7,BAX|BDX|DHR|ISRG|JNJ|MDT|RMD|SYK|TDOC|ZBH,BAX|BDX|DHR|ISRG|JNJ|MDT|RMD|SYK|TDOC|ZBH
ABTC,10,8,8.72,3.9,-9.32,-3.13,9.465,9.98,-0.7449999999999992,-6.08,4.324999999999999,0.5,ARBK|BITF|BTBT|CAN|CIFR|HIVE|HUT|MARA|RIOT|SDIG,ARBK|BTBT|CAN|CIFR|HIVE|HUT|MARA|RIOT
ABTS,10,10,-8.63,-1.55,4.96,0.0,-2.63,-1.45,-6.000000000000001,-0.10000000000000009,-18.14,0.0,AAPL|ADBE|AMZN|CRM|GOOGL|IBM|META|MSFT|ORCL|SAP,AAPL|ADBE|AMZN|CRM|GOOGL|IBM|META|MSFT|ORCL|SAP
ABUS,10,9,-3.94,-6.35,10.43,0.41,-0.09,0.53,-3.85,-6.88,1.92,0.2222222222222222,ALNY|BLUE|BMRN|EXEL|GILD|MRNA|NBIX|REGN|SRPT|VRTX,ALNY|BMRN|EXEL|GILD|MRNA|NBIX|REGN|SRPT|VRTX
ABVC,10,10,4.35,50.02,-17.24,5.26,0.99,-1.4849999999999999,3.3599999999999994,51.505,-31.555,0.6,AMGN|BIIB|BMY|GILD|JNJ|LLY|MRNA|PFE|REGN|VRTX,AMGN|BIIB|BMY|GILD|JNJ|LLY|MRNA|PFE|REGN|VRTX
ABVX,10,10,-13.22,-21.27,0.52,-1.36,0.99,-3.975,-14.21,-17.294999999999998,-13.795000000000002,0.0,AMGN|BIIB|BMY|GILD|LLY|MRNA|NBIX|PFE|REGN|VRTX,AMGN|BIIB|BMY|GILD|LLY|MRNA|NBIX|PFE|REGN|VRTX
ABX,10,9,-13.01,-20.14,-14.61,0.9,-1.01,-2.3,-12.0,-17.84,-22.4,0.0,APD|COP|CVX|EOG|LIN|MIDD|PSX|PX|WTRG|XOM,APD|COP|CVX|EOG|LIN|MIDD|PSX|WTRG|XOM
ACA,10,9,0.94,0.85,1.5,0.0,-0.99,-8.52,1.93,9.37,23.59,0.8888888888888888,ASTE|CX|EXP|GVA|MLM|NUE|ROAD|SUM|TRN|VMC,ASTE|CX|EXP|GVA|MLM|NUE|ROAD|TRN|VMC
ACAD,10,10,-7.5,-16.94,7.04,-0.16,0.020000000000000004,-3.505,-7.52,-13.435000000000002,-3.96,0.1,ALNY|AMGN|BIIB|BMRN|GILD|INCY|IONS|NBIX|REGN|VRTX,ALNY|AMGN|BIIB|BMRN|GILD|INCY|IONS|NBIX|REGN|VRTX
ACB,8,8,10.18,7.11,49.12,0.0,3.085,-4.085,7.095,11.195,39.57,1.0,CGC|CRON|GRWG|IIPR|OGI|SNDL|TLRY|VFF,CGC|CRON|GRWG|IIPR|OGI|SNDL|TLRY|VFF
ACCL,0,0,-12.88,-11.38,52.07,-2.28,,,,,,,,
ACCO,10,10,0.0,1.43,6.78,0.0,-2.5250000000000004,-4.515,2.5250000000000004,5.944999999999999,11.015,0.7,AAPL|CMCM|KN|LGL|LOGI|MSFT|NKTR|PBI|RKT|TFX,AAPL|CMCM|KN|LGL|LOGI|MSFT|NKTR|PBI|RKT|TFX
ACCS,10,9,0.41,-2.02,-27.61,0.0,-5.03,-0.83,5.44,-1.19,-39.66,0.8888888888888888,ADBE|BOX|DLX|DOCU|EBAY|ETSY|HPQ|INTU|JNPR|XRX,ADBE|BOX|DLX|DOCU|EBAY|ETSY|HPQ|INTU|XRX
ACDC,10,10,-8.3,-0.64,-18.88,0.0,-1.4500000000000002,-3.6149999999999998,-6.8500000000000005,2.9749999999999996,-28.97,0.0,BKR|FET|FTI|HAL|INVX|NOV|OII|RES|SLB|TDW,BKR|FET|FTI|HAL|INVX|NOV|OII|RES|SLB|TDW
ACEL,10,9,-3.74,-7.44,-15.16,0.0,-3.66,-11.3,-0.08000000000000007,3.8600000000000003,0.17999999999999972,0.4444444444444444,BALY|BYD|CHDN|CNTY|CZR|GDEN|LVS|MCRI|MGM|PENN,BALY|BYD|CHDN|CNTY|CZR|LVS|MCRI|MGM|PENN
ACET,10,8,-6.19,-4.61,2.91,0.0,-0.41,-5.07,-5.78,0.45999999999999996,5.609999999999999,0.0,AGIO|ALLO|BLUE|CRSP|EDIT|FATE|GILD|IMTX|NTLA|SGMO,AGIO|ALLO|CRSP|EDIT|FATE|GILD|IMTX|NTLA
ACFN,0,0,-0.22,-1.26,25.51,0.0,,,,,,,,
ACGL,9,9,-1.59,-5.37,0.88,0.0,-2.56,-1.69,0.97,-3.68,-0.09999999999999998,0.6666666666666666,AIG|CB|CINF|MKL|PGR|RLI|RNR|TRV|WRB,AIG|CB|CINF|MKL|PGR|RLI|RNR|TRV|WRB
ACH,10,9,-29.9,-35.34,-76.56,0.0,0.21,-7.0,-30.11,-28.340000000000003,-78.39,0.0,A|BAX|BDX|CAH|HII|HSIC|MCK|PDCO|STE|XRAY,A|BAX|BDX|CAH|HII|HSIC|MCK|STE|XRAY
ACHC,10,9,1.24,-0.73,14.22,0.0,-1.03,-1.65,2.27,0.9199999999999999,1.540000000000001,0.7777777777777778,AHT|CYH|EHC|HCA|HCSG|HURN|MD|SEM|THC|UHS,AHT|CYH|EHC|HCA|HCSG|HURN|MD|THC|UHS
ACHR,10,9,3.89,-5.87,17.12,-1.75,-0.64,-8.5,4.53,2.63,24.5,1.0,BA|GD|HEI|JOBY|LMT|RTX|SPCE|SPR|TDG|TXT,BA|GD|HEI|JOBY|LMT|RTX|SPCE|TDG|TXT
ACHV,10,9,-2.78,-5.88,34.91,-1.79,-3.88,-18.42,1.1,12.540000000000003,51.3,0.5555555555555556,ALDX|AMRN|ANIP|ARWR|ATRA|AXSM|CRBP|GERN|IMMP|SGMO,ALDX|AMRN|ANIP|ARWR|ATRA|AXSM|CRBP|GERN|IMMP
ACI,10,10,-5.89,-4.52,-14.1,1.03,-1.825,-4.63,-4.0649999999999995,0.11000000000000032,-12.53,0.0,BJ|CASY|COST|DG|IMKTA|KR|SFM|SMRT|TGT|WMT,BJ|CASY|COST|DG|IMKTA|KR|SFM|SMRT|TGT|WMT
ACIC,10,10,-0.76,-2.46,-16.8,0.0,-4.1,-6.18,3.34,3.7199999999999998,-14.41,0.9,AIG|ALL|CB|CINF|HIG|PGR|RLI|SIGI|TRV|WRB,AIG|ALL|CB|CINF|HIG|PGR|RLI|SIGI|TRV|WRB
ACIU,10,9,6.72,-2.05,16.73,1.06,-0.29,-9.76,7.01,7.71,17.38,0.8888888888888888,ABEO|ANVS|AXSM|BIIB|INMB|LLY|PRTA|QURE|SAVA|SNY,ABEO|ANVS|AXSM|BIIB|INMB|LLY|PRTA|QURE|SNY
ACIW,10,10,-4.58,-6.09,6.1,0.0,-3.21,-10.61,-1.37,4.52,-7.175000000000001,0.3,ADBE|ADP|FIS|GPN|INTU|JPM|MA|PYPL|V|XYZ,ADBE|ADP|FIS|GPN|INTU|JPM|MA|PYPL|V|XYZ
ACLS,10,10,11.28,-7.18,-35.58,-1.71,7.135,-1.4,4.145,-5.779999999999999,-6.469999999999999,0.9,AMAT|ASML|COHR|IPGP|KLAC|LRCX|ONTO|TER|UCTT|VECO,AMAT|ASML|COHR|IPGP|KLAC|LRCX|ONTO|TER|UCTT|VECO
ACM,10,9,-3.09,-2.12,-12.39,0.0,-2.72,-5.33,-0.36999999999999966,3.21,13.439999999999998,0.2222222222222222,ACLS|DY|FLR|GLDD|GVA|KBR|LMB|MTZ|PRIM|TPC,ACLS|DY|FLR|GVA|KBR|LMB|MTZ|PRIM|TPC
ACMR,10,10,16.02,-1.43,-26.42,-2.53,8.985,-2.21,7.035,0.78,1.3099999999999987,1.0,AMAT|ASML|COHU|KLAC|LRCX|MKSI|ONTO|TER|UCTT|VECO,AMAT|ASML|COHU|KLAC|LRCX|MKSI|ONTO|TER|UCTT|VECO
ACN,8,8,-4.07,-2.35,45.08,-0.53,-4.0,-4.05,-0.07000000000000028,1.6999999999999997,14.009999999999998,0.5,CTSH|DXC|EPAM|GIB|HPE|IBM|INFY|IT,CTSH|DXC|EPAM|GIB|HPE|IBM|INFY|IT
ACNB,10,10,-2.4,-3.37,7.07,-0.56,-2.6950000000000003,-1.2650000000000001,0.2950000000000004,-2.105,7.84,0.6,ASRV|CAC|CCNE|FMAO|FULT|FUNC|HBNC|THFF|TMP|UVSP,ASRV|CAC|CCNE|FMAO|FULT|FUNC|HBNC|THFF|TMP|UVSP
ACNT,10,9,-1.41,-1.34,1.59,0.0,-2.45,1.48,1.0400000000000003,-2.8200000000000003,2.75,0.7777777777777778,CLF|CMC|GGB|MT|NUE|RS|STLD|TS|TX|X,CLF|CMC|GGB|MT|NUE|RS|STLD|TS|TX
ACOG,0,0,4.52,-9.95,33.43,0.0,,,,,,,,
ACON,10,7,15.29,10.53,7.3,0.0,1.76,-12.0,13.53,22.53,7.3,1.0,ABT|AXGN|CUTR|GEHC|HOLX|IRIX|LUMO|OSUR|SRTS|TRIB,ABT|AXGN|GEHC|IRIX|OSUR|SRTS|TRIB
ACR,10,10,-10.95,-19.91,-32.13,0.0,-6.895,-14.415,-4.055,-5.495000000000001,-16.330000000000002,0.2,ABR|ARI|BXMT|GPMT|KREF|LADR|LFT|RC|STWD|TRTX,ABR|ARI|BXMT|GPMT|KREF|LADR|LFT|RC|STWD|TRTX
ACRE,10,10,-2.54,-10.78,-5.59,0.0,-5.78,-11.635,3.24,0.8550000000000004,8.015,0.7,ABR|ARI|BXMT|CHMI|GPMT|KREF|LADR|RC|STWD|TRTX,ABR|ARI|BXMT|CHMI|GPMT|KREF|LADR|RC|STWD|TRTX
ACRS,10,10,-29.61,-41.83,-22.58,-27.73,-4.3100000000000005,-4.295,-25.299999999999997,-37.535,-24.2,0.0,AGIO|ALKS|BMRN|ENTA|KYNB|NBIX|PCRX|SRPT|VKTX|XERS,AGIO|ALKS|BMRN|ENTA|KYNB|NBIX|PCRX|SRPT|VKTX|XERS
ACRV,10,10,21.18,-6.36,27.16,0.0,-0.09,-3.505,21.27,-2.8550000000000004,16.16,1.0,AMGN|BIIB|BMRN|EXEL|GILD|INCY|IONS|NBIX|REGN|VRTX,AMGN|BIIB|BMRN|EXEL|GILD|INCY|IONS|NBIX|REGN|VRTX
ACT,10,10,-2.41,-3.96,7.91,0.0,-2.49,-5.234999999999999,0.08000000000000007,1.2749999999999995,5.59,0.6,AIG|ALL|ESNT|GNW|HIG|MKL|MTG|NMIH|RDN|TRV,AIG|ALL|ESNT|GNW|HIG|MKL|MTG|NMIH|RDN|TRV
ACTG,10,10,-4.85,-4.21,-8.09,0.0,-2.94,0.04500000000000004,-1.9099999999999997,-4.255,-18.08,0.3,AAPL|ADBE|CRM|CSCO|GOOGL|HPQ|IBM|INTC|MSFT|ORCL,AAPL|ADBE|CRM|CSCO|GOOGL|HPQ|IBM|INTC|MSFT|ORCL
ACTU,10,10,-27.65,-54.43,-63.27,-1.59,1.03,-0.815,-28.68,-53.615,-81.505,0.0,BNTX|GILD|JNJ|LLY|MRK|MRNA|NVAX|PFE|REGN|VIR,BNTX|GILD|JNJ|LLY|MRK|MRNA|NVAX|PFE|REGN|VIR
ACU,10,10,1.29,1.87,34.27,0.0,3.015,-5.265000000000001,-1.725,7.135000000000001,33.685,0.3,AOS|AYI|FAST|GPC|GWW|IR|ITW|MMM|SNA|SWK,AOS|AYI|FAST|GPC|GWW|IR|ITW|MMM|SNA|SWK
ACVA,10,9,-0.57,43.14,58.6,-0.09,-3.41,-13.41,2.8400000000000003,56.55,62.56,1.0,ABG|AN|CPRT|CVNA|GPI|LAD|OPLN|PAG|TRUE|VRM,ABG|AN|CPRT|CVNA|GPI|LAD|OPLN|PAG|VRM
ACXP,10,10,-0.72,-2.14,-6.8,0.0,-0.21,-1.4849999999999999,-0.51,-0.6550000000000002,-21.625,0.3,AZN|BMY|BNTX|GILD|JNJ|LLY|MRNA|NVAX|PFE|RGEN,AZN|BMY|BNTX|GILD|JNJ|LLY|MRNA|NVAX|PFE|RGEN
AD,10,8,-7.81,-1.83,-3.61,0.0,-2.2249999999999996,-3.86,-5.585,2.03,-2.0149999999999997,0.0,ATNI|CMBM|CNSL|CTO|IDT|LUMN|SHEN|T|TMUS|VZ,ATNI|CTO|IDT|LUMN|SHEN|T|TMUS|VZ
ADAG,10,7,-6.31,-23.85,-30.12,0.0,-4.29,-19.17,-2.0199999999999996,-4.68,-27.62,0.2857142857142857,ALXO|ANVS|ATNM|FATE|IMTX|KURA|LBPH|NBP|NRBO|VXRT,ALXO|ANVS|ATNM|FATE|IMTX|KURA|NBP
ADAM,10,9,-6.72,-14.63,-9.97,-0.36,-1.78,-9.61,-4.9399999999999995,-5.020000000000001,3.299999999999999,0.0,AGNC|ARR|CHMI|DX|IVR|MITT|NLY|ORC|RWT|TWO,AGNC|ARR|CHMI|DX|IVR|MITT|NLY|ORC|RWT
ADBE,10,8,-5.03,-12.39,24.07,-0.3,-0.565,-0.99,-4.465,-11.4,11.120000000000001,0.25,ADSK|ANSS|CDNS|CRM|EA|INTU|MSFT|ORCL|PANW|SNPS,ADSK|CDNS|CRM|INTU|MSFT|ORCL|PANW|SNPS
ADC,10,9,0.19,-8.12,-10.12,1.74,-0.77,-8.3,0.96,0.1800000000000015,1.0200000000000014,0.7777777777777778,EPRT|FRT|GTY|KIM|KRG|NNN|O|REG|ROIC|WPC,EPRT|FRT|GTY|KIM|KRG|NNN|O|REG|WPC
ADCT,10,10,22.64,25.0,25.0,-0.76,0.020000000000000004,-4.545,22.62,29.545,9.969999999999999,1.0,AMGN|BMY|GILD|INCY|JAZZ|LLY|MRNA|PFE|REGN|VRTX,AMGN|BMY|GILD|INCY|JAZZ|LLY|MRNA|PFE|REGN|VRTX
ADEA,10,5,0.52,-7.67,-17.54,0.0,8.75,5.26,-8.23,-12.93,-9.579999999999998,0.2,BB|COHU|CSGS|JNPR|LSCC|NICE|RMNI|SNCR|SPNS|VRNT,BB|COHU|LSCC|NICE|RMNI
ADGM,8,6,-58.46,-60.73,-65.29,-5.26,1.7850000000000001,-5.85,-60.245000000000005,-54.879999999999995,-58.00000000000001,0.0,BLFS|BSX|CLPT|CUTR|EW|LXRX|NVRO|STXS,BLFS|BSX|CLPT|EW|LXRX|STXS
ADI,8,8,4.59,1.51,-9.24,-1.54,3.54,2.15,1.0499999999999998,-0.6399999999999999,7.9399999999999995,0.5,AVGO|MCHP|NXPI|ON|QCOM|SLAB|STM|TXN,AVGO|MCHP|NXPI|ON|QCOM|SLAB|STM|TXN
ADIL,10,7,-22.9,-25.19,62.9,0.0,-4.88,-19.86,-18.02,-5.330000000000002,86.97,0.0,ALDX|APLT|AVXL|GNPX|HOOK|LCTX|ONCY|PLX|SAVA|XBIO,ALDX|AVXL|GNPX|LCTX|ONCY|PLX|XBIO
ADM,10,9,-5.98,4.62,8.2,0.82,-2.94,-8.97,-3.0400000000000005,13.59,13.68,0.1111111111111111,BG|CAG|HRL|INGR|K|MKC|MZTI|POST|SYY|TSN,BG|CAG|HRL|INGR|MKC|MZTI|POST|SYY|TSN
ADMA,10,10,6.7,-1.75,9.52,-1.55,-0.21,-6.305,6.91,4.555,0.08500000000000085,1.0,BAX|BMY|COHR|CSL|GILD|GRFS|JNJ|LLY|MRK|PFE,BAX|BMY|COHR|CSL|GILD|GRFS|JNJ|LLY|MRK|PFE
ADNT,10,10,-1.92,-5.8,-11.79,0.0,-2.865,-5.640000000000001,0.9450000000000003,-0.15999999999999925,-3.6149999999999984,0.7,AAP|ALV|BWA|DAN|DORM|F|GM|GNTX|LEA|TEN,AAP|ALV|BWA|DAN|DORM|F|GM|GNTX|LEA|TEN
ADP,9,9,-3.37,-6.97,21.62,-0.23,-2.76,-3.46,-0.6100000000000003,-3.51,0.16000000000000014,0.3333333333333333,CRM|GDDY|INTU|ORCL|PAYC|PAYX|SAP|WDAY|XYZ,CRM|GDDY|INTU|ORCL|PAYC|PAYX|SAP|WDAY|XYZ
ADPT,10,10,-2.28,6.29,37.78,0.04,-0.185,0.015000000000000013,-2.0949999999999998,6.275,22.51,0.2,BEAM|CRSP|FATE|GH|ILMN|PACB|QGEN|TWST|TXG|VRTX,BEAM|CRSP|FATE|GH|ILMN|PACB|QGEN|TWST|TXG|VRTX
ADSE,10,9,-1.96,-3.68,-2.83,0.0,-4.25,-8.11,2.29,4.43,11.83,0.6666666666666666,BE|BLNK|CHPT|EVGO|FCEL|NIO|NKLA|PLUG|QS|TSLA,BE|BLNK|CHPT|EVGO|FCEL|NIO|PLUG|QS|TSLA
ADSK,10,9,-1.21,-14.02,13.85,-0.53,4.43,-0.3,-5.64,-13.719999999999999,-10.889999999999999,0.2222222222222222,ADBE|ANSS|BLKB|CDNS|DSGX|NICE|PTC|RPD|SNPS|TEAM,ADBE|BLKB|CDNS|DSGX|NICE|PTC|RPD|SNPS|TEAM
ADT,10,10,-8.02,-13.46,2.06,1.41,0.865,-5.635,-8.885,-7.825000000000001,6.4350000000000005,0.0,ALLE|AMCR|AXON|BCO|CARR|CSCO|HUBB|JCI|MAS|NVR,ALLE|AMCR|AXON|BCO|CARR|CSCO|HUBB|JCI|MAS|NVR
ADTN,10,8,-1.13,-12.47,-50.0,-1.27,-1.365,-1.02,0.2350000000000001,-11.450000000000001,-38.825,0.5,AKTS|ANET|CIEN|CSCO|EXTR|FFIV|INFN|JNPR|NTGR|VISN,AKTS|ANET|CIEN|CSCO|EXTR|FFIV|NTGR|VISN
ADUR,0,0,-0.08,-18.21,-12.42,-0.47,,,,,,,,
ADUS,10,7,-3.02,-4.88,18.24,0.0,-1.37,1.07,-1.65,-5.95,5.559999999999999,0.14285714285714285,AMED|BKD|CHE|DNOW|EHAB|EHC|HCA|HCSG|SEM|UHS,BKD|CHE|DNOW|EHC|HCA|HCSG|UHS
ADV,10,10,0.27,-0.42,-23.2,0.0,-4.050000000000001,-7.24,4.32,6.82,-51.41499999999999,0.8,ACN|ADP|CTSH|EXLS|G|HURN|PAYX|RHI|TNET|WU,ACN|ADP|CTSH|EXLS|G|HURN|PAYX|RHI|TNET|WU
ADVB,0,0,-13.66,-31.15,26.65,0.0,,,,,,,,
ADXN,10,9,5.99,-8.68,-40.05,3.23,-0.07,-7.56,6.0600000000000005,-1.12,-27.009999999999998,0.6666666666666666,ACAD|BHVN|IONS|LGND|NBIX|PRTA|PTCT|RIOT|SAGE|VTGN,ACAD|BHVN|IONS|LGND|NBIX|PRTA|PTCT|RIOT|VTGN
AEBI,0,0,-3.17,-5.0,-8.98,0.0,,,,,,,,
AEC,0,0,2.23,-16.59,-12.83,0.0,,,,,,,,
AEE,10,10,-4.0,-6.64,-12.91,0.0,-4.035,-7.68,0.03500000000000014,1.04,-0.019999999999999574,0.6,AEP|D|DUK|ED|EIX|EXC|PEG|PPL|SO|XEL,AEP|D|DUK|ED|EIX|EXC|PEG|PPL|SO|XEL
AEG,10,10,-3.95,-4.99,4.67,0.0,-1.185,-1.5750000000000002,-2.765,-3.415,-2.8599999999999994,0.1,AFL|BRK-B|GNW|L|LNC|MET|MFC|PFG|PRU|UNM,AFL|BRK-B|GNW|L|LNC|MET|MFC|PFG|PRU|UNM
AEHL,10,9,-31.49,37.13,-48.41,2.37,-0.61,-10.83,-30.88,47.96,-28.359999999999996,0.0,CRH|CX|EXP|FUL|MAS|MLM|OC|RPM|SUM|VMC,CRH|CX|EXP|FUL|MAS|MLM|OC|RPM|VMC
AEHR,10,10,3.58,-1.88,-5.06,-3.69,10.065000000000001,-2.435,-6.485000000000001,0.5550000000000002,20.180000000000003,0.1,ACLS|AMAT|COHU|ENTG|FORM|KLAC|LRCX|MKSI|ONTO|TER,ACLS|AMAT|COHU|ENTG|FORM|KLAC|LRCX|MKSI|ONTO|TER
AEI,10,10,-19.42,-50.73,-40.03,0.0,-0.11,-8.18,-19.310000000000002,-42.55,-27.26,0.0,AWI|BLDR|BXC|MAS|MDU|OC|PATK|TREX|UFPI|VMC,AWI|BLDR|BXC|MAS|MDU|OC|PATK|TREX|UFPI|VMC
AEIS,10,10,6.91,-1.25,-27.5,-2.66,6.82,-2.95,0.08999999999999986,1.7000000000000002,1.6099999999999994,0.6,AMAT|ASML|COHR|KLAC|LRCX|MKSI|NVMI|ONTO|TER|UCTT,AMAT|ASML|COHR|KLAC|LRCX|MKSI|NVMI|ONTO|TER|UCTT
AEM,10,10,-3.91,-13.66,23.9,-1.06,-3.9299999999999997,-15.440000000000001,0.019999999999999574,1.7800000000000011,4.309999999999999,0.5,AU|B|BTG|EGO|EXK|GFI|KGC|NEM|NG|PAAS,AU|B|BTG|EGO|EXK|GFI|KGC|NEM|NG|PAAS
AEMD,10,8,-2.37,175.8,48.56,-2.8,5.005,-3.795,-7.375,179.595,44.555,0.375,ADMA|ALT|ANVS|AVDL|AXSM|CVM|INO|MBRX|SNGX|VXRT,ADMA|ALT|ANVS|AXSM|CVM|INO|MBRX|SNGX
AENT,10,10,8.12,-4.83,-8.96,5.3,-1.7349999999999999,-4.965,9.854999999999999,0.1349999999999998,-17.175,1.0,AMZN|BABA|BBY|DIS|EBAY|MSFT|NFLX|PDD|TGT|WMT,AMZN|BABA|BBY|DIS|EBAY|MSFT|NFLX|PDD|TGT|WMT
AEO,9,9,6.57,-5.02,-11.97,-0.19,1.96,-4.71,4.61,-0.3099999999999996,-8.02,1.0,ANF|BKE|CATO|LB|ROST|TJX|TLYS|URBN|ZUMZ,ANF|BKE|CATO|LB|ROST|TJX|TLYS|URBN|ZUMZ
AEON,10,10,5.72,22.89,-62.27,-1.33,0.895,-3.625,4.824999999999999,26.515,-74.80000000000001,1.0,ABT|BIIB|BMY|GILD|JNJ|LLY|MRK|NVS|PFE|REGN,ABT|BIIB|BMY|GILD|JNJ|LLY|MRK|NVS|PFE|REGN
AEP,10,10,-2.3,-3.22,-13.27,0.35,-4.109999999999999,-7.68,1.8099999999999996,4.459999999999999,-0.6099999999999994,1.0,D|DUK|ED|ETR|EXC|NEE|PEG|PPL|SO|XEL,D|DUK|ED|ETR|EXC|NEE|PEG|PPL|SO|XEL
AER,9,7,1.79,-1.9,-2.12,0.0,1.39,-3.29,0.40000000000000013,1.3900000000000001,10.919999999999998,0.7142857142857143,AL|AMPH|GLRE|JBLU|LUV|RCI|RIOT|SAVE|UAL,AMPH|GLRE|JBLU|LUV|RCI|RIOT|UAL
AERO,0,0,6.9,9.65,-10.73,0.0,,,,,,,,
AERT,10,9,3.69,2.78,-4.36,0.0,-4.07,-6.25,7.76,9.03,-23.89,1.0,ACN|CTSH|DXC|EPAM|FORTY|G|INFY|LDOS|TCS|WIT,ACN|CTSH|DXC|EPAM|FORTY|G|INFY|LDOS|WIT
AES,10,10,-0.34,0.48,0.95,-0.07,-3.8899999999999997,-7.425000000000001,3.55,7.905000000000001,13.61,1.0,AEP|D|DUK|ED|EIX|EXC|NEE|PPL|SO|WEC,AEP|D|DUK|ED|EIX|EXC|NEE|PPL|SO|WEC
AESI,10,10,-14.64,-4.7,-31.16,-0.56,-2.0549999999999997,-4.699999999999999,-12.585,-8.881784197001252e-16,-33.71,0.0,BKR|CLB|FTI|HAL|HP|NBR|PTEN|RES|SLB|WFRD,BKR|CLB|FTI|HAL|HP|NBR|PTEN|RES|SLB|WFRD
AEVA,10,9,-3.61,-9.03,-27.05,-3.42,-0.61,-4.62,-3.0,-4.409999999999999,-13.75,0.2222222222222222,ARBE|EVGO|GOEV|LAZR|LIDR|MVIS|OUST|PTON|QS|RBLX,ARBE|EVGO|LAZR|LIDR|MVIS|OUST|PTON|QS|RBLX
AEXA,0,0,0.27,-3.03,-2.01,0.0,,,,,,,,
AEYE,10,10,-7.18,-5.29,16.72,-2.24,2.565,-4.09,-9.745,-1.2000000000000002,7.054999999999998,0.0,ADBE|BLIN|CDNS|DTST|GDDY|MDB|PCTY|SNPS|TWLO|VERI,ADBE|BLIN|CDNS|DTST|GDDY|MDB|PCTY|SNPS|TWLO|VERI
AFCG,10,10,-14.12,-12.09,-5.99,-14.86,2.995,-4.085,-17.115,-8.004999999999999,-9.33,0.0,ACB|CGC|CRON|GRWG|HLF|HYFM|IIPR|SMG|SNDL|TLRY,ACB|CGC|CRON|GRWG|HLF|HYFM|IIPR|SMG|SNDL|TLRY
AFG,10,10,-2.34,-3.32,1.02,0.0,-3.475,-4.845000000000001,1.1350000000000002,1.5250000000000008,3.7100000000000004,0.8,AIG|ALL|CB|CINF|HIG|L|MKL|PGR|TRV|WRB,AIG|ALL|CB|CINF|HIG|L|MKL|PGR|TRV|WRB
AFJK,0,0,-0.08,1.08,-57.55,0.0,,,,,,,,
AFL,10,10,-1.35,-2.51,-2.14,0.0,-2.625,-1.42,1.275,-1.0899999999999999,-9.42,0.6,AIG|CNO|GNW|HIG|LNC|MET|PFG|PRU|UNM|VOYA,AIG|CNO|GNW|HIG|LNC|MET|PFG|PRU|UNM|VOYA
AFRI,10,9,-0.09,2.17,8.98,0.0,-3.52,-8.97,3.43,11.14,7.32,1.0,ADM|BG|CAG|CPB|GIS|HAIN|HRL|K|KHC|SJM,ADM|BG|CAG|CPB|GIS|HAIN|HRL|KHC|SJM
AFRM,10,8,-3.94,-13.39,-12.15,-0.85,-2.245,-10.364999999999998,-1.6949999999999998,-3.025000000000002,-10.4,0.125,AXP|COIN|LC|LPRO|MELI|PYPL|SLM|SOFI|UPST|XYZ,AXP|COIN|MELI|PYPL|SLM|SOFI|UPST|XYZ
AFYA,10,9,-4.31,-9.04,-11.39,-3.89,-2.1,-6.0,-2.2099999999999995,-3.039999999999999,-12.540000000000001,0.0,ATGE|CHGG|EDU|LAUR|LOPE|LRN|STRA|TAL|UTI|WW,CHGG|EDU|LAUR|LOPE|LRN|STRA|TAL|UTI|WW
AG,10,8,-3.54,-11.49,13.94,-1.31,-4.58,-12.850000000000001,1.04,1.3600000000000012,-0.0600000000000005,0.875,B|CDE|EXK|FSM|GATO|HL|MAG|PAAS|SVM|USAS,B|CDE|EXK|FSM|HL|PAAS|SVM|USAS
AGCC,0,0,6.28,-3.99,-5.52,0.0,,,,,,,,
AGCO,10,10,1.49,10.49,6.2,0.0,-0.405,-2.07,1.895,12.56,10.885000000000002,0.7,ALG|CAT|DE|ETN|LNN|MWA|OSK|PLOW|TEX|TTC,ALG|CAT|DE|ETN|LNN|MWA|OSK|PLOW|TEX|TTC
AGEN,10,10,16.5,9.52,187.67,0.0,0.16999999999999998,-3.625,16.33,13.145,173.355,1.0,AMGN|BIIB|BMY|GILD|JNJ|LLY|MRK|PFE|REGN|VRTX,AMGN|BIIB|BMY|GILD|JNJ|LLY|MRK|PFE|REGN|VRTX
AGI,10,10,-4.4,-12.39,9.88,-0.88,-3.615,-12.805,-0.7850000000000001,0.41499999999999915,-9.464999999999998,0.2,AEM|B|EGO|HMY|IAG|KGC|MUX|NEM|NG|PAAS,AEM|B|EGO|HMY|IAG|KGC|MUX|NEM|NG|PAAS
AGIG,0,0,14.29,30.61,40.66,0.0,,,,,,,,
AGIO,10,8,3.76,4.75,-5.76,0.0,0.165,0.185,3.5949999999999998,4.565,-22.695,0.625,ALNY|AMGN|BLUE|FOLD|GILD|NBIX|NVAX|REGN|SRPT|VRTX,ALNY|AMGN|GILD|NBIX|NVAX|REGN|SRPT|VRTX
AGL,10,9,-5.17,-12.02,-21.16,0.0,-2.74,-4.03,-2.4299999999999997,-7.989999999999999,-16.88,0.2222222222222222,ACHC|AMED|CI|CNC|HUM|MOH|OSCR|TDOC|UHS|UNH,ACHC|CI|CNC|HUM|MOH|OSCR|TDOC|UHS|UNH
AGM,10,9,-1.58,-1.16,12.72,0.0,-2.81,-6.74,1.23,5.58,17.0,0.8888888888888888,BAC|BK|C|GS|JPM|MS|PNC|STT|USB|WFC,BAC|C|GS|JPM|MS|PNC|STT|USB|WFC
AGMH,10,10,-7.22,-28.69,-25.95,-1.46,0.34,-5.035,-7.56,-23.655,-41.765,0.1,EVTC|FDS|ICE|JEF|MKTX|MORN|MSCI|NDAQ|SPGI|VIRT,EVTC|FDS|ICE|JEF|MKTX|MORN|MSCI|NDAQ|SPGI|VIRT
AGNC,10,9,0.2,-8.98,-6.5,0.2,-1.57,-9.61,1.77,0.629999999999999,6.77,1.0,ADAM|ARR|CIM|DX|IVR|MFA|NLY|ORC|RITM|TWO,ADAM|ARR|CIM|DX|IVR|MFA|NLY|ORC|RITM
AGO,10,10,-3.23,-7.01,-11.92,0.0,-2.37,-5.665,-0.8599999999999999,-1.3449999999999998,-11.67,0.3,AIG|CINF|FG|GNW|LNC|MBI|MTG|ORI|PRU|RDN,AIG|CINF|FG|GNW|LNC|MBI|MTG|ORI|PRU|RDN
AGPU,10,9,-10.22,12.08,79.29,0.91,0.81,8.05,-11.030000000000001,4.029999999999999,66.71000000000001,0.0,CDNA|CRSP|EXAS|FLGT|GH|ILMN|MYGN|QGEN|TWST|VCYT,CDNA|CRSP|FLGT|GH|ILMN|MYGN|QGEN|TWST|VCYT
AGRO,10,10,-6.63,-3.64,19.1,0.0,-3.11,1.395,-3.52,-5.035,9.070000000000002,0.1,ADM|ANDE|BG|CF|CRESY|DE|FMC|MOS|NTR|TTC,ADM|ANDE|BG|CF|CRESY|DE|FMC|MOS|NTR|TTC
AGRZ,0,0,3.03,-6.21,-29.73,0.87,,,,,,,,
AGX,10,10,-2.63,-17.21,-50.48,-0.4,-0.71,-2.585,-1.92,-14.625,-37.905,0.3,DY|EME|FIX|FLR|IESC|KBR|MTRX|PWR|TBI|TTEK,DY|EME|FIX|FLR|IESC|KBR|MTRX|PWR|TBI|TTEK
AGYS,10,9,-4.06,-11.11,9.61,0.0,-2.71,-3.46,-1.3499999999999996,-7.6499999999999995,-31.21,0.2222222222222222,ADP|CRM|INTU|MSTR|NOW|ORCL|PAYC|PCTY|SAGE|SAP,ADP|CRM|INTU|MSTR|NOW|ORCL|PAYC|PCTY|SAP
AHCO,10,8,-3.55,1.24,-43.17,0.0,-3.205,-2.38,-0.34499999999999975,3.62,-56.18,0.375,ADUS|AMED|CHE|DVA|EHC|MD|MODV|OPCH|PNTG|RDNT,ADUS|CHE|DVA|EHC|MD|OPCH|PNTG|RDNT
AHG,10,10,3.33,-18.36,-42.97,0.0,-3.205,-4.970000000000001,6.535,-13.389999999999999,-34.955,1.0,AMWL|CI|CNC|CVS|EHTH|HUM|MOH|OFLX|OSCR|UNH,AMWL|CI|CNC|CVS|EHTH|HUM|MOH|OFLX|OSCR|UNH
AHMA,0,0,3.21,-6.9,-24.78,0.86,,,,,,,,
AHR,10,8,-2.71,-7.99,3.19,0.0,-1.495,-4.35,-1.2149999999999999,-3.6400000000000006,4.915,0.125,CTRE|DOC|GMRE|LTC|MPW|NHI|OHI|SBRA|VTR|WELL,CTRE|DOC|LTC|NHI|OHI|SBRA|VTR|WELL
AHT,10,10,-12.63,-23.12,-20.5,0.0,0.505,-5.32,-13.135000000000002,-17.8,-14.719999999999999,0.0,APLE|BHR|DRH|HST|HTHT|INN|PEB|RLJ|SHO|XHR,APLE|BHR|DRH|HST|HTHT|INN|PEB|RLJ|SHO|XHR
AI,10,8,-1.3,8.68,21.59,-2.03,6.275,10.58,-7.575,-1.9000000000000004,-23.099999999999998,0.25,ANSS|CFLT|DDOG|MDB|NICE|PATH|PLTR|SNOW|TEAM|TWLO,DDOG|MDB|NICE|PATH|PLTR|SNOW|TEAM|TWLO
AIFF,10,9,-12.5,8.74,-10.4,-2.61,-0.03,-3.26,-12.47,12.0,-13.22,0.0,ABT|BSM|BSX|DXCM|GMED|ISRG|MDT|NURO|NVCR|SYK,ABT|BSM|BSX|DXCM|GMED|ISRG|MDT|NVCR|SYK
AIFU,10,10,-5.38,-58.83,-78.86,0.39,-1.175,-1.605,-4.205,-57.225,-86.565,0.0,AFL|AIG|GL|HIG|LNC|MET|PFG|PRU|RGA|UNM,AFL|AIG|GL|HIG|LNC|MET|PFG|PRU|RGA|UNM
AIG,10,10,-0.13,-1.05,0.98,0.0,-2.865,-2.79,2.7350000000000003,1.74,1.07,1.0,AFL|ALL|CB|CINF|HIG|LNC|MET|PGR|PRU|TRV,AFL|ALL|CB|CINF|HIG|LNC|MET|PGR|PRU|TRV
AII,0,0,-4.55,-4.51,38.41,0.0,,,,,,,,
AIIA,0,0,0.29,0.59,0.49,0.0,,,,,,,,
AIIO,10,9,-1.31,-43.45,-61.28,0.67,-0.5,-4.3,-0.81,-39.150000000000006,-61.410000000000004,0.4444444444444444,BLNK|CHPT|LCID|LI|NIO|RIVN|SBLX|TSLA|WKHS|XPEV,BLNK|CHPT|LCID|LI|NIO|RIVN|TSLA|WKHS|XPEV
AIM,10,10,-5.66,-19.29,-42.32,-2.38,0.0,-2.4050000000000002,-5.66,-16.884999999999998,-55.25,0.0,AMGN|AZN|BMY|GILD|JNJ|LLY|MRNA|PFE|REGN|VRTX,AMGN|AZN|BMY|GILD|JNJ|LLY|MRNA|PFE|REGN|VRTX
AIMD,9,8,0.49,3.26,-16.82,7.33,-1.3,0.025000000000000022,1.79,3.235,-36.43,0.625,ACHV|ALT|CDMO|GILD|INVA|MRNA|RGEN|URGN|VTGN,ACHV|ALT|GILD|INVA|MRNA|RGEN|URGN|VTGN
AIN,10,10,0.95,4.17,-15.55,0.0,3.185,-3.12,-2.2350000000000003,7.29,-6.125,0.4,CR|DOV|GTX|ITT|KAI|KBR|MLI|MMM|NPO|ROK,CR|DOV|GTX|ITT|KAI|KBR|MLI|MMM|NPO|ROK
AIOT,9,7,-4.29,-3.65,-23.48,0.0,-1.21,-0.87,-3.08,-2.78,-32.86,0.0,ATSG|GRMN|HOLX|IOT|ITRI|MRCY|NMRK|TDY|TRMB,GRMN|IOT|ITRI|MRCY|NMRK|TDY|TRMB
AIP,10,9,3.62,-0.22,-46.82,-4.18,6.93,1.36,-3.3099999999999996,-1.58,-39.08,0.4444444444444444,ALTR|AMD|AVGO|CDNS|INTC|MPWR|MSFT|NVDA|QRVO|SNPS,AMD|AVGO|CDNS|INTC|MPWR|MSFT|NVDA|QRVO|SNPS
AIR,10,9,1.9,-11.27,-10.14,0.0,-2.13,-6.31,4.029999999999999,-4.96,-2.7600000000000007,0.7777777777777778,BA|GD|HEI|HII|HON|LMT|NOC|SPR|TDG|TXT,BA|GD|HEI|HII|HON|LMT|NOC|TDG|TXT
AIRE,9,7,1.46,-15.76,-23.63,0.72,-3.43,-19.94,4.890000000000001,4.1800000000000015,-4.82,1.0,EXPI|FOUR|FRSH|OPAD|OPEN|RDFN|REAL|RKT|ZG,FOUR|FRSH|OPAD|OPEN|REAL|RKT|ZG
AIRG,10,10,-1.69,0.38,-15.62,0.0,2.385,10.575,-4.074999999999999,-10.194999999999999,-6.199999999999999,0.2,AKTS|AVNW|CMTL|LSCC|MXL|QRVO|SIMO|SMTC|SWKS|TDY,AKTS|AVNW|CMTL|LSCC|MXL|QRVO|SIMO|SMTC|SWKS|TDY
AIRI,10,8,-2.59,13.36,-12.91,0.0,-2.165,-6.609999999999999,-0.4249999999999998,19.97,-6.8100000000000005,0.375,BA|GD|HII|HXL|LMT|NOC|SPR|TDG|TGI|TXT,BA|GD|HII|HXL|LMT|NOC|TDG|TXT
AIRJ,10,9,-2.11,-14.45,-12.36,0.02,-1.0,-6.22,-1.1099999999999999,-8.23,-3.7799999999999994,0.4444444444444444,BA|DCO|GD|HON|HXL|LMT|NOC|SPR|TDG|TXT,BA|DCO|GD|HON|HXL|LMT|NOC|TDG|TXT
AIRO,0,0,-0.42,-11.82,1.85,0.0,,,,,,,,
AIRS,10,9,-4.78,-17.98,-50.45,1.39,-1.78,-13.28,-3.0,-4.700000000000001,-29.180000000000003,0.2222222222222222,BKD|CDTX|DBVT|DERM|HROW|LGVN|PMVP|RCEL|TVRD|VRCA,BKD|DBVT|DERM|HROW|LGVN|PMVP|RCEL|TVRD|VRCA
AIRT,9,8,-1.41,-9.12,25.02,0.0,1.505,-5.9399999999999995,-2.915,-3.1799999999999997,45.129999999999995,0.125,AAL|ALK|CHR|DAL|JBLU|LUV|SAVE|SKYW|UAL,AAL|ALK|CHR|DAL|JBLU|LUV|SKYW|UAL
AISP,10,9,-1.14,-14.1,-25.09,-0.37,4.0,14.75,-5.14,-28.85,-70.98,0.1111111111111111,CFLT|CHKP|CRWD|DDOG|FTNT|NET|PANW|PLTR|SNOW|ZS,CHKP|CRWD|DDOG|FTNT|NET|PANW|PLTR|SNOW|ZS
AIT,10,7,5.83,-1.56,-0.09,0.0,3.93,1.77,1.9,-3.33,-5.38,0.7142857142857143,AMWD|CNM|DXPE|FAST|GWW|MRC|MSM|RYI|SNX|WCC,CNM|DXPE|FAST|GWW|MSM|SNX|WCC
AIV,10,8,-2.22,-15.38,-24.66,0.0,-2.5949999999999998,-10.625,0.37499999999999956,-4.755000000000001,-11.774999999999999,0.625,AVB|BRX|CPT|CSR|EQR|ESS|IRT|MAA|NXRT|UDR,BRX|CPT|CSR|ESS|IRT|MAA|NXRT|UDR
AIXC,10,9,60.23,78.86,58.7,0.39,-0.38,-1.75,60.61,80.61,49.18000000000001,1.0,ADMA|AIM|ALT|BNTX|CERS|INO|MRNA|NVAX|PDSB|VXRT,ADMA|AIM|ALT|BNTX|CERS|INO|MRNA|NVAX|PDSB
AIXI,10,10,-9.31,-79.28,-87.32,0.0,-2.705,-2.375,-6.605,-76.905,-105.38,0.0,ADBE|AMZN|CRM|GOOGL|IBM|INTU|META|MSFT|ORCL|SAP,ADBE|AMZN|CRM|GOOGL|IBM|INTU|META|MSFT|ORCL|SAP
AIZ,10,10,-5.85,-7.24,1.19,0.0,-2.865,-2.57,-2.9849999999999994,-4.67,-3.9150000000000005,0.1,AFL|ALL|GNW|HIG|LNC|MET|PGR|PRU|TRV|UNM,AFL|ALL|GNW|HIG|LNC|MET|PGR|PRU|TRV|UNM
AJG,8,8,-5.35,-14.9,4.88,-0.5,-4.975,-10.79,-0.375,-4.110000000000001,8.355,0.375,AON|BRO|CINF|ERIE|HMN|MRSH|PGR|TRV,AON|BRO|CINF|ERIE|HMN|MRSH|PGR|TRV
AKA,9,7,4.61,-0.09,17.35,0.0,1.96,-4.71,2.6500000000000004,4.62,13.89,0.7142857142857143,AEO|ANF|JWN|LB|PLCE|ROST|SCVL|TJX|URBN,AEO|ANF|LB|PLCE|ROST|TJX|URBN
AKAM,10,10,9.08,10.46,3.46,-1.38,1.81,6.615,7.27,3.8450000000000006,-21.58,0.8,AMZN|ATEN|CSCO|FSLY|GOOGL|MSFT|NET|RPD|VERI|ZS,AMZN|ATEN|CSCO|FSLY|GOOGL|MSFT|NET|RPD|VERI|ZS
AKAN,8,8,4.08,-38.18,-79.44,-1.61,3.085,-2.185,0.9950000000000001,-35.995,-88.99,0.625,ACB|CGC|CRON|IIPR|OGI|SNDL|TLRY|VFF,ACB|CGC|CRON|IIPR|OGI|SNDL|TLRY|VFF
AKBA,10,10,1.61,3.55,-12.02,0.0,-0.09,-1.74,1.7000000000000002,5.29,-22.6,0.7,ALKS|AMGN|AMRN|BIIB|EXEL|GILD|INCY|NBIX|REGN|VRTX,ALKS|AMGN|AMRN|BIIB|EXEL|GILD|INCY|NBIX|REGN|VRTX
AKO-A,10,9,0.0,-4.88,2.36,0.0,-1.2,-7.32,1.2,2.4400000000000004,4.57,0.6666666666666666,BUD|CELH|COKE|FIZZ|KDP|KO|MNST|PEP|PRMW|STZ,BUD|CELH|COKE|FIZZ|KDP|KO|MNST|PEP|STZ
AKO-B,10,9,4.05,-0.65,4.06,0.0,-1.2,-7.86,5.25,7.21,9.079999999999998,1.0,BF-B|CELH|FIZZ|KDP|KO|MNST|PEP|PRMW|STZ|ZVIA,BF-B|CELH|FIZZ|KDP|KO|MNST|PEP|STZ|ZVIA
AKR,10,9,-1.55,-10.45,-12.5,0.0,-1.11,-6.06,-0.43999999999999995,-4.39,-1.9399999999999995,0.3333333333333333,BRX|CBL|FRT|KIM|KRG|MAC|REG|SKT|SPG|WSR,BRX|CBL|FRT|KIM|KRG|MAC|REG|SKT|SPG
AKTS,0,0,-13.17,-24.1,-31.29,0.0,,,,,,,,
AKTX,10,8,-4.55,29.32,-10.18,0.0,-0.89,-3.56,-3.6599999999999997,32.88,-4.77,0.125,ADAP|ALNY|ARGX|CLLS|FATE|MCRB|NBIX|REGN|TGTX|VCNX,ALNY|ARGX|CLLS|FATE|MCRB|NBIX|REGN|TGTX
ALAB,10,10,18.2,22.77,-12.81,-3.73,3.7,3.655,14.5,19.115,-4.890000000000001,1.0,AMD|AVGO|INTC|LSCC|MPWR|MRVL|NVDA|POWI|SLAB|SMCI,AMD|AVGO|INTC|LSCC|MPWR|MRVL|NVDA|POWI|SLAB|SMCI
ALAR,10,9,-16.51,6.63,-77.82,-2.21,3.64,14.75,-20.150000000000002,-8.120000000000001,-108.47,0.0,BV|CHKP|CRWD|CYBR|FTNT|PANW|QLYS|TENB|VRNS|ZS,BV|CHKP|CRWD|FTNT|PANW|QLYS|TENB|VRNS|ZS
ALB,8,7,-4.15,-17.2,-21.82,-2.82,-2.09,-10.55,-2.0600000000000005,-6.649999999999999,-15.32,0.2857142857142857,ASH|AVNT|ENS|KRO|LAC|PLL|SQM|WLK,ASH|AVNT|ENS|KRO|LAC|SQM|WLK
ALC,10,10,-0.2,-11.34,-4.52,-0.52,1.195,-9.895,-1.395,-1.4450000000000003,-9.36,0.4,ABT|BAX|BDX|BSX|COO|ISRG|JNJ|MDT|SYK|ZBH,ABT|BAX|BDX|BSX|COO|ISRG|JNJ|MDT|SYK|ZBH
ALCO,10,9,0.05,-4.37,-2.98,0.0,-4.28,-8.97,4.33,4.6000000000000005,1.6400000000000001,1.0,AGRO|ANDE|CAG|CALM|DAR|FDP|FMC|INGR|LMNR|SMPL,AGRO|ANDE|CAG|CALM|DAR|FMC|INGR|LMNR|SMPL
ALDF,0,0,0.0,0.37,1.5,0.0,,,,,,,,
ALDX,10,8,-11.59,-21.29,-32.22,-9.63,-1.6849999999999998,-8.44,-9.905,-12.85,-23.03,0.0,ACAD|AUPH|BHVN|CRBP|IONS|ITCI|NBIX|PRTA|RIGL|XOMA,ACAD|AUPH|BHVN|CRBP|IONS|NBIX|PRTA|RIGL
ALEC,10,8,4.94,-12.17,12.85,0.0,0.0,-6.67,4.94,-5.5,5.494999999999999,0.875,ACAD|AVXL|BIIB|GILD|IONS|LLY|REGN|SAGE|SGMO|VRTX,ACAD|AVXL|BIIB|GILD|IONS|LLY|REGN|VRTX
ALF,0,0,0.09,-0.46,0.09,0.0,,,,,,,,
ALG,10,10,-2.24,-0.36,0.68,0.0,0.25,-4.1850000000000005,-2.49,3.8250000000000006,3.2800000000000002,0.2,AGCO|DE|FSS|LECO|LNN|MTD|OSK|PCAR|TRN|TTC,AGCO|DE|FSS|LECO|LNN|MTD|OSK|PCAR|TRN|TTC
ALGM,10,10,5.71,-6.52,-41.82,-0.31,4.65,2.4,1.0599999999999996,-8.92,-31.07,0.7,ADI|MCHP|MPWR|NXPI|ON|QRVO|SLAB|STX|SWKS|TXN,ADI|MCHP|MPWR|NXPI|ON|QRVO|SLAB|STX|SWKS|TXN
ALGN,9,8,-0.44,-6.61,-15.17,0.6,0.36,-2.5900000000000003,-0.8,-4.02,-16.58,0.125,DHR|HSIC|ITGR|JYNT|MMM|NVST|PDCO|SMMT|XRAY,DHR|HSIC|ITGR|JYNT|MMM|NVST|SMMT|XRAY
ALGS,10,8,10.1,-19.77,-0.27,0.0,-1.925,-7.9,12.025,-11.87,-9.155,1.0,ABUS|AKRO|ALT|AMLX|ARWR|BCRX|GILD|NBIX|RAPT|VRTX,ABUS|ALT|AMLX|ARWR|BCRX|GILD|NBIX|VRTX
ALGT,9,8,-3.01,-6.78,-30.27,-0.67,1.505,-5.9399999999999995,-4.515,-0.8400000000000007,-7.23,0.125,AAL|ALK|AZUL|DAL|JBLU|LUV|SAVE|SKYW|UAL,AAL|ALK|AZUL|DAL|JBLU|LUV|SKYW|UAL
ALH,0,0,-2.23,-11.62,-19.33,0.0,,,,,,,,
ALHC,10,10,-7.24,-40.62,-64.46,2.67,-2.8150000000000004,-4.2,-4.425,-36.419999999999995,-67.645,0.2,ACHC|AMN|CI|CNC|HCA|HUM|MOH|SCHW|UHS|UNH,ACHC|AMN|CI|CNC|HCA|HUM|MOH|SCHW|UHS|UNH
ALIS,0,0,0.49,1.27,2.17,0.0,,,,,,,,
ALIT,10,9,5.38,-15.67,9.46,0.0,-4.44,-9.95,9.82,-5.720000000000001,-8.14,1.0,ADP|CNDT|CSCO|FIS|G|INTU|IT|PAYX|VRSN|WNS,ADP|CNDT|CSCO|FIS|G|INTU|IT|PAYX|VRSN
ALK,9,8,-0.72,-8.33,-25.46,0.05,1.75,-4.529999999999999,-2.4699999999999998,-3.8000000000000007,-5.350000000000001,0.25,AAL|ALGT|DAL|JBLU|LTM|LUV|SAVE|SKYW|UAL,AAL|ALGT|DAL|JBLU|LTM|LUV|SKYW|UAL
ALKS,10,10,-8.55,-13.79,-16.49,0.0,0.16999999999999998,-3.625,-8.72,-10.165,-30.805,0.0,AMGN|BIIB|BMY|GILD|JNJ|LLY|MRK|PFE|REGN|VRTX,AMGN|BIIB|BMY|GILD|JNJ|LLY|MRK|PFE|REGN|VRTX
ALKT,10,10,-23.19,-28.42,-9.03,-1.3,-3.21,-10.61,-19.98,-17.810000000000002,-24.195,0.0,ADP|EPAM|FIS|GPN|JKHY|MA|PAYX|PYPL|V|XYZ,ADP|EPAM|FIS|GPN|JKHY|MA|PAYX|PYPL|V|XYZ
ALL,10,10,-10.39,-12.27,-2.41,0.16,-2.865,-2.615,-7.525,-9.655,-6.28,0.0,AIG|AIZ|CINF|HIG|LNC|MET|PGR|PRU|TRV|UNM,AIG|AIZ|CINF|HIG|LNC|MET|PGR|PRU|TRV|UNM
ALLE,9,9,0.84,-5.25,14.99,0.0,2.99,-3.18,-2.1500000000000004,-2.07,19.04,0.1111111111111111,AAON|AOS|AYI|DHR|HON|IR|JCI|MAS|MMM,AAON|AOS|AYI|DHR|HON|IR|JCI|MAS|MMM
ALLO,10,8,-3.47,-23.04,-18.93,0.0,-1.5550000000000002,-16.07,-1.915,-6.969999999999999,-7.125,0.125,BEAM|CLLS|CRSP|CYTK|DTIL|EDIT|FDMT|IOBT|NTLA|SGMO,BEAM|CLLS|CRSP|CYTK|DTIL|EDIT|FDMT|NTLA
ALLR,10,10,-9.96,-25.18,-20.0,0.0,-1.3900000000000001,-14.245,-8.57,-10.935,-15.115,0.0,ALKS|ARVN|AXSM|BCYC|BNTX|FATE|KOD|MRNA|NVAX|SRRK,ALKS|ARVN|AXSM|BCYC|BNTX|FATE|KOD|MRNA|NVAX|SRRK
ALLT,10,9,6.3,12.94,16.22,1.53,2.0,9.01,4.3,3.9299999999999997,1.2799999999999994,1.0,ANET|CHKP|CSCO|EXTR|FFIV|FTNT|JNPR|NTCT|PANW|RDWR,ANET|CHKP|CSCO|EXTR|FFIV|FTNT|NTCT|PANW|RDWR
ALLY,10,9,-4.53,-9.01,-16.32,0.47,-3.44,-7.5,-1.0900000000000003,-1.5099999999999998,-8.15,0.1111111111111111,BAC|BK|C|GS|JPM|MS|PNC|TFC|USB|WFC,BAC|C|GS|JPM|MS|PNC|TFC|USB|WFC
ALM,0,0,-4.6,-28.79,-18.05,-1.03,,,,,,,,
ALMS,10,10,-4.73,-68.91,-70.24,0.13,1.775,-0.815,-6.505000000000001,-68.095,-85.27,0.0,ABBV|AMGN|BIIB|BMY|GILD|INCY|MRNA|PFE|REGN|VRTX,ABBV|AMGN|BIIB|BMY|GILD|INCY|MRNA|PFE|REGN|VRTX
ALMU,0,0,12.6,-8.58,-36.27,-1.37,,,,,,,,
ALNT,10,9,16.44,23.95,12.85,1.58,0.23,4.4,16.21,19.549999999999997,-4.770000000000001,1.0,AKAM|ANET|BOX|CSCO|EXTR|FFIV|JNPR|MSI|NET|NOW,AKAM|ANET|BOX|CSCO|EXTR|FFIV|MSI|NET|NOW
ALNY,10,10,0.2,2.47,-16.09,-0.2,-0.7,-7.79,0.8999999999999999,10.26,-21.205,0.7,ARWR|BIIB|BMRN|CRSP|EDIT|IONS|NTLA|REGN|SRPT|VRTX,ARWR|BIIB|BMRN|CRSP|EDIT|IONS|NTLA|REGN|SRPT|VRTX
ALPS,0,0,0.0,26.98,-38.46,0.0,,,,,,,,
ALRM,10,10,-3.84,-7.35,19.97,0.0,3.9450000000000003,9.95,-7.785,-17.299999999999997,-23.284999999999997,0.1,ADT|AXON|CRWD|LIEN|OKTA|PANW|QLYS|RNG|VRTX|ZS,ADT|AXON|CRWD|LIEN|OKTA|PANW|QLYS|RNG|VRTX|ZS
ALRS,10,9,-3.84,-3.32,3.79,0.0,-3.64,-6.74,-0.19999999999999973,3.4200000000000004,8.07,0.3333333333333333,BAC|BK|C|CFG|JPM|PNC|STT|TFC|USB|WFC,BAC|C|CFG|JPM|PNC|STT|TFC|USB|WFC
ALSN,10,9,-3.41,-12.78,-4.25,0.0,-4.4,-5.92,0.9900000000000002,-6.859999999999999,3.54,0.5555555555555556,AXL|BWA|CMI|DAN|F|GM|LEA|OSK|PCAR|TEN,BWA|CMI|DAN|F|GM|LEA|OSK|PCAR|TEN
ALT,10,9,-2.47,-1.25,10.1,-0.94,3.31,-4.17,-5.78,2.92,0.5800000000000001,0.2222222222222222,ADMA|AGEN|ANIX|AVIR|BCRX|DTIL|INO|NVAX|VXRT|XFOR,ADMA|AGEN|ANIX|AVIR|BCRX|DTIL|INO|NVAX|XFOR
ALTG,10,9,3.26,-5.5,-16.53,0.0,1.89,-2.81,1.3699999999999999,-2.69,-11.760000000000002,1.0,CAT|CMCO|DE|HEES|MGRC|MTW|OSK|TEX|TITN|URI,CAT|CMCO|DE|MGRC|MTW|OSK|TEX|TITN|URI
ALTI,10,10,-3.8,-26.03,-4.4,0.0,-0.625,-8.495,-3.175,-17.535000000000004,-8.085,0.1,APO|BAM|BEN|BLK|BX|CG|IVZ|KKR|PFG|TROW,APO|BAM|BEN|BLK|BX|CG|IVZ|KKR|PFG|TROW
ALTO,10,10,-7.21,-10.98,-26.14,0.0,-6.15,0.47,-1.0599999999999996,-11.450000000000001,-37.285,0.3,ADM|AMTX|BIOX|CLNE|DAR|FCEL|GEVO|GPRE|MPC|VLO,ADM|AMTX|BIOX|CLNE|DAR|FCEL|GEVO|GPRE|MPC|VLO
ALUB,0,0,0.0,-0.3,0.7,0.0,,,,,,,,
ALV,10,9,-2.89,-7.96,-5.55,-1.13,-1.92,-5.8,-0.9700000000000002,-2.16,5.87,0.3333333333333333,ADNT|APTV|AXL|BWA|GNTX|LEA|MOD|TEN|THRM|VC,ADNT|APTV|BWA|GNTX|LEA|MOD|TEN|THRM|VC
ALVO,10,10,13.92,10.67,57.03,0.0,0.955,-3.61,12.965,14.28,42.715,1.0,ABBV|AMGN|BIIB|BMY|GILD|LLY|MRK|PFE|REGN|VRTX,ABBV|AMGN|BIIB|BMY|GILD|LLY|MRK|PFE|REGN|VRTX
ALX,10,9,0.64,-8.04,-6.76,0.0,-1.21,-7.76,1.85,-0.27999999999999936,5.870000000000001,0.7777777777777778,AKR|BRX|FRT|KIM|REG|ROIC|SITC|SPG|SRG|UE,AKR|BRX|FRT|KIM|REG|SITC|SPG|SRG|UE
ALXO,10,8,-16.48,-26.13,-17.88,0.0,-0.585,-5.905,-15.895,-20.224999999999998,-16.305,0.125,AFMD|BHVN|BPMC|IOVA|KPTI|SRRK|TGTX|TVRD|XNCR|ZLAB,BHVN|IOVA|KPTI|SRRK|TGTX|TVRD|XNCR|ZLAB
ALZN,10,10,6.01,25.16,41.61,0.0,0.16999999999999998,-4.53,5.84,29.69,29.505,0.9,ABBV|AMGN|AZN|BIIB|BMY|GILD|LLY|MRK|REGN|VRTX,ABBV|AMGN|AZN|BIIB|BMY|GILD|LLY|MRK|REGN|VRTX
AM,10,9,-0.33,-3.33,-6.65,-0.94,-1.65,-1.83,1.3199999999999998,-1.5,-8.3,0.7777777777777778,ENB|ENLC|EPD|ET|KMI|MPLX|OKE|PAA|TRP|WMB,ENB|EPD|ET|KMI|MPLX|OKE|PAA|TRP|WMB
AMAL,10,10,-0.13,-4.57,2.33,0.0,-3.645,-6.8100000000000005,3.515,2.24,9.39,1.0,BAC|C|CFG|FITB|JPM|PNC|RF|TFC|USB|WFC,BAC|C|CFG|FITB|JPM|PNC|RF|TFC|USB|WFC
AMAT,10,10,10.55,-3.87,-30.92,-2.73,7.165,-1.935,3.3850000000000007,-1.935,-5.68,0.7,ACLS|AEIS|ASML|ENTG|FORM|KLAC|LRCX|MKSI|ONTO|TER,ACLS|AEIS|ASML|ENTG|FORM|KLAC|LRCX|MKSI|ONTO|TER
AMBA,10,10,-1.2,-6.6,3.12,-2.23,4.65,2.725,-5.8500000000000005,-9.325,11.79,0.0,ADI|AVGO|INTC|MCHP|MPWR|NVDA|ON|QCOM|SWKS|TXN,ADI|AVGO|INTC|MCHP|MPWR|NVDA|ON|QCOM|SWKS|TXN
AMBO,10,10,-0.23,2.89,-9.7,0.0,-0.29500000000000004,-7.725,0.06500000000000003,10.615,-2.6149999999999993,0.5,ATI|CHGG|COUR|DAO|EDU|GOTU|JZ|LRN|TAL|UTI,ATI|CHGG|COUR|DAO|EDU|GOTU|JZ|LRN|TAL|UTI
AMBP,10,8,-5.72,-16.35,-0.67,0.0,-0.98,-12.32,-4.74,-4.030000000000001,11.854999999999999,0.0,ATR|BALL|BERY|CCK|GPK|OI|PACK|SEE|SLGN|TG,ATR|BALL|CCK|GPK|OI|PACK|SLGN|TG
AMBQ,0,0,9.0,13.04,-18.54,-1.69,,,,,,,,
AMBR,10,10,27.89,74.07,27.03,-2.08,1.965,-1.835,25.925,75.90499999999999,21.975,1.0,ATHM|BIDU|BZUN|EDU|HUYA|JOYY|MOMO|TAL|TME|WB,ATHM|BIDU|BZUN|EDU|HUYA|JOYY|MOMO|TAL|TME|WB
AMC,10,8,4.8,7.18,50.28,-1.04,-1.5099999999999998,-8.085,6.31,15.265,35.49,0.875,CMCSA|CNK|DIS|FOX|IMAX|LGF-A|LGF-B|MCS|NCMI|RDI,CMCSA|CNK|DIS|FOX|IMAX|MCS|NCMI|RDI
AMCI,0,0,-2.39,-33.27,-21.39,1.24,,,,,,,,
AMCR,9,7,0.9,-9.54,-0.23,-0.09,1.48,-11.93,-0.58,2.3900000000000006,5.21,0.42857142857142855,BALL|BERY|GPK|IP|MYE|OI|PKG|SEE|SON,BALL|GPK|IP|MYE|OI|PKG|SON
AMCX,10,10,-0.51,-8.87,23.92,-2.42,-2.755,-10.215,2.245,1.3450000000000006,20.705000000000002,0.9,CHTR|CMCSA|DIS|FOX|LBTYA|NFLX|ROKU|SONY|SPOT|TTWO,CHTR|CMCSA|DIS|FOX|LBTYA|NFLX|ROKU|SONY|SPOT|TTWO
AMD,10,10,10.0,25.13,12.59,-2.44,4.734999999999999,4.205,5.265000000000001,20.924999999999997,23.18,0.8,ADI|AMAT|AVGO|INTC|LRCX|MRVL|MU|NVDA|QCOM|TXN,ADI|AMAT|AVGO|INTC|LRCX|MRVL|MU|NVDA|QCOM|TXN
AME,10,10,5.18,1.94,2.28,0.0,3.98,-0.135,1.1999999999999997,2.075,0.855,0.9,DHR|EMR|FTV|HON|IEX|ITW|KEYS|MSI|ROK|TRMB,DHR|EMR|FTV|HON|IEX|ITW|KEYS|MSI|ROK|TRMB
AMG,10,9,6.81,2.01,7.98,0.0,-0.33,-10.11,7.14,12.12,4.620000000000001,1.0,APO|BAM|BEN|BLK|BX|CG|IVZ|JHG|KKR|TROW,APO|BAM|BEN|BLK|BX|CG|IVZ|KKR|TROW
AMGN,10,10,6.97,-8.14,15.14,0.04,1.775,0.43,5.195,-8.57,-1.0700000000000003,0.9,ABBV|BIIB|BMY|GILD|ILMN|MRNA|NBIX|PFE|REGN|VRTX,ABBV|BIIB|BMY|GILD|ILMN|MRNA|NBIX|PFE|REGN|VRTX
AMH,10,8,-1.43,-11.15,-5.59,0.0,-2.3150000000000004,-11.105,0.8850000000000005,-0.04499999999999993,6.359999999999999,0.75,AIV|AVB|CPT|EQR|ESS|INVH|IRT|MAA|TOWN|UDR,AIV|CPT|ESS|INVH|IRT|MAA|TOWN|UDR
AMIX,10,9,-6.54,-44.37,-37.3,0.5,-0.44,-6.61,-6.1,-37.76,-37.18,0.0,ABT|ALGN|BSX|EW|HOLX|ISRG|JNJ|MDT|SYK|ZBH,ABT|ALGN|BSX|EW|ISRG|JNJ|MDT|SYK|ZBH
AMKR,10,10,7.28,5.63,-39.92,-3.53,5.35,2.24,1.9300000000000006,3.3899999999999997,-28.645000000000003,0.7,ADI|ASX|AVGO|KLAC|LRCX|ON|QCOM|TER|TSM|TXN,ADI|ASX|AVGO|KLAC|LRCX|ON|QCOM|TER|TSM|TXN
AMLX,10,9,-6.21,-19.78,80.03,0.0,-3.89,-6.48,-2.32,-13.3,72.99,0.4444444444444444,ACAD|ALNY|BIIB|BMRN|CYTK|NBIX|RARE|SAGE|SRPT|VRTX,ACAD|ALNY|BIIB|BMRN|CYTK|NBIX|RARE|SRPT|VRTX
AMN,10,7,-2.89,-1.74,6.9,0.0,0.35,0.0,-3.24,-1.74,-6.08,0.42857142857142855,ACHC|CTLT|CYH|DGX|DVA|HCA|SEM|SSY|THC|UHS,ACHC|CYH|DGX|DVA|HCA|THC|UHS
AMOD,0,0,-13.85,-55.45,-57.79,1.72,,,,,,,,
AMP,10,10,-8.19,-10.58,10.53,-0.36,-3.51,-10.68,-4.68,0.09999999999999964,10.959999999999999,0.1,BAC|GS|HOOD|JPM|LPLA|MS|PERI|RJF|SCHW|SF,BAC|GS|HOOD|JPM|LPLA|MS|PERI|RJF|SCHW|SF
AMPG,10,10,-0.73,-6.63,-51.58,0.0,-0.36,1.7000000000000002,-0.37,-8.33,-36.96,0.4,ADTN|AIRG|ANET|AUDC|BELFB|CMTL|ELTK|GLW|MPTI|VISN,ADTN|AIRG|ANET|AUDC|BELFB|CMTL|ELTK|GLW|MPTI|VISN
AMPH,10,10,4.22,15.99,18.74,0.0,0.0,-2.4050000000000002,4.22,18.395,8.159999999999998,0.9,ABBV|AZN|BMY|GILD|JNJ|LLY|MRK|PFE|REGN|VRTX,ABBV|AZN|BMY|GILD|JNJ|LLY|MRK|PFE|REGN|VRTX
AMPL,10,10,-0.36,4.96,103.55,0.04,0.21500000000000002,4.355,-0.575,0.6049999999999995,61.214999999999996,0.3,APPF|CRWD|DDOG|MDB|MSFT|NCNO|OKTA|SNOW|TEAM|ZM,APPF|CRWD|DDOG|MDB|MSFT|NCNO|OKTA|SNOW|TEAM|ZM
AMPX,10,8,0.1,-6.19,-23.96,-1.85,-3.1950000000000003,-8.835,3.2950000000000004,2.6450000000000005,2.729999999999997,0.75,ALB|CBAT|ENVX|IONQ|NXU|PLL|QS|SES|SLDP|TE,ALB|CBAT|ENVX|IONQ|QS|SES|SLDP|TE
AMPY,10,8,-7.24,-11.51,6.55,0.0,-2.4050000000000002,-2.1149999999999998,-4.835,-9.395,-7.315,0.125,APA|AR|COP|DVN|EOG|FANG|HES|MRO|NOG|OXY,APA|AR|COP|DVN|EOG|FANG|NOG|OXY
AMR,10,9,-2.56,-16.52,7.03,-0.22,-1.7,-5.34,-0.8600000000000001,-11.18,-0.5299999999999994,0.2222222222222222,ARCH|ARLP|BTG|BTU|CNR|CNX|HCC|METC|NRP|SXC,ARLP|BTG|BTU|CNR|CNX|HCC|METC|NRP|SXC
AMRC,9,8,-4.66,2.38,-18.61,-0.59,-4.22,-10.635,-0.4400000000000004,13.015,-2.549999999999997,0.5,AES|AY|BEP|ENPH|FCEL|HASI|NEE|ORA|RUN,AES|BEP|ENPH|FCEL|HASI|NEE|ORA|RUN
AMRN,10,8,-0.87,-0.87,-16.39,0.0,0.0,0.375,-0.87,-1.245,-21.66,0.375,AKBA|DVAX|GILD|ITCI|MDGL|NBIX|REGN|SRPT|VKTX|VRTX,AKBA|GILD|MDGL|NBIX|REGN|SRPT|VKTX|VRTX
AMRX,9,9,4.21,6.31,9.99,-1.45,1.0,-1.5,3.21,7.81,0.120000000000001,0.8888888888888888,FMS|JNJ|NVS|PFE|PRGO|RDY|SNN|TAK|TEVA,FMS|JNJ|NVS|PFE|PRGO|RDY|SNN|TAK|TEVA
AMRZ,0,0,-1.36,-14.87,-32.43,-0.61,,,,,,,,
AMS,10,9,2.11,1.4,2.84,0.0,-1.03,0.0,3.1399999999999997,1.4,-11.82,1.0,ACHC|ADUS|CYH|EHC|HCA|MD|PNTG|SEM|THC|UHS,ACHC|ADUS|CYH|EHC|HCA|MD|PNTG|THC|UHS
AMSC,10,10,3.6,1.85,-25.02,-2.74,3.6,-2.635,0.0,4.484999999999999,-22.07,0.5,BA|DHR|EMR|ETN|GE|HON|IR|ITRI|MMM|ROK,BA|DHR|EMR|ETN|GE|HON|IR|ITRI|MMM|ROK
AMSF,10,10,-1.38,-7.74,-24.92,0.0,-4.355,-6.74,2.9750000000000005,-1.0,-22.53,0.8,AIG|ALL|CB|CINF|HIG|MCY|PGR|RLI|TRV|WRB,AIG|ALL|CB|CINF|HIG|MCY|PGR|RLI|TRV|WRB
AMST,10,10,-1.95,-9.83,-6.49,-2.89,-1.22,-3.87,-0.73,-5.96,9.679999999999998,0.4444444444444444,ATAI|CECO|CHGG|COUR|DUOL|EDU|LINC|NRDY|PRDO|UTI,ATAI|CECO|CHGG|COUR|DUOL|EDU|LINC|NRDY|PRDO|UTI
AMT,8,8,-2.72,-4.35,1.23,0.01,-2.3449999999999998,-6.63,-0.37500000000000044,2.2800000000000002,10.81,0.375,CCI|COR|DLR|EQIX|IRM|SBAC|UNIT|WY,CCI|COR|DLR|EQIX|IRM|SBAC|UNIT|WY
AMTB,10,10,-2.48,-0.28,16.3,0.0,-3.045,-4.525,0.565,4.245,23.715,0.8,BANC|CNOB|FFBC|FNB|FULT|HOMB|OZK|TCBI|UBSI|WAL,BANC|CNOB|FFBC|FNB|FULT|HOMB|OZK|TCBI|UBSI|WAL
AMTD,10,10,1.37,-9.98,-28.02,0.0,-3.0949999999999998,-9.09,4.465,-0.8900000000000006,-27.425,0.8,BAC|GS|HOOD|IBKR|JPM|LPLA|MS|RJF|SCHW|TDOC,BAC|GS|HOOD|IBKR|JPM|LPLA|MS|RJF|SCHW|TDOC
AMTM,0,0,-0.86,-1.74,-3.29,0.0,,,,,,,,
AMTX,10,9,1.6,0.0,18.63,0.53,-5.31,-4.85,6.91,4.85,15.059999999999999,0.7777777777777778,ADM|BIOX|CDXS|CLNE|DAR|FCEL|GEVO|NVVE|OPTT|RYAM,ADM|BIOX|CDXS|CLNE|DAR|FCEL|GEVO|OPTT|RYAM
AMWL,10,10,-0.9,10.82,55.59,0.0,-0.21499999999999997,-2.09,-0.685,12.91,67.9,0.5,CLOV|CNC|DOCS|EHTH|GDRX|GH|HIMS|MOH|OMCL|TDOC,CLOV|CNC|DOCS|EHTH|GDRX|GH|HIMS|MOH|OMCL|TDOC
AMX,10,10,-3.92,-7.23,-15.04,0.0,-2.875,-3.92,-1.045,-3.3100000000000005,-9.209999999999999,0.4,AD|ATNI|CCI|LILA|LUMN|SBAC|SHEN|T|TMUS|VZ,AD|ATNI|CCI|LILA|LUMN|SBAC|SHEN|T|TMUS|VZ
AMZE,10,9,-5.87,-30.15,-88.41,-2.63,-1.03,-10.0,-4.84,-20.15,-80.12,0.1111111111111111,BF-B|BLNE|BUD|CCU|DEO|NAPA|SAM|STZ|TAP|WVVI,BF-B|BLNE|BUD|CCU|DEO|SAM|STZ|TAP|WVVI
AMZN,10,10,-1.58,-5.3,8.9,-0.82,0.7150000000000001,-5.0649999999999995,-2.295,-0.23500000000000032,0.02999999999999936,0.4,BABA|COST|EBAY|GOOGL|JD|MELI|MSFT|SHOP|TGT|WMT,BABA|COST|EBAY|GOOGL|JD|MELI|MSFT|SHOP|TGT|WMT
AN,10,10,-15.52,-15.42,-15.29,0.0,-1.86,-6.23,-13.66,-9.19,-12.104999999999999,0.0,AAP|ABG|AZO|GPI|KMX|LAD|ORLY|PAG|SAH|TSLA,AAP|ABG|AZO|GPI|KMX|LAD|ORLY|PAG|SAH|TSLA
ANAB,10,9,-6.52,-13.12,-13.18,0.0,-0.09,-0.16,-6.43,-12.959999999999999,-21.689999999999998,0.1111111111111111,ALNY|BLUE|BMRN|EXEL|INCY|IONS|REGN|RGEN|SRPT|VRTX,ALNY|BMRN|EXEL|INCY|IONS|REGN|RGEN|SRPT|VRTX
ANDE,10,10,-5.66,2.48,-4.62,0.0,-3.1950000000000003,-6.205,-2.465,8.685,-4.075,0.4,ADM|AGRO|BG|CAG|CALM|DAR|FMC|INGR|MIDD|TSN,ADM|AGRO|BG|CAG|CALM|DAR|FMC|INGR|MIDD|TSN
ANDG,0,0,-1.93,7.92,46.84,0.0,,,,,,,,
ANET,10,9,-0.1,4.4,20.48,-2.03,-2.51,-0.78,2.4099999999999997,5.180000000000001,28.22,0.7777777777777778,AVGO|CSCO|DELL|EXTR|FFIV|HPE|IBM|JNPR|NOK|NTAP,AVGO|CSCO|DELL|EXTR|FFIV|HPE|IBM|NOK|NTAP
ANF,9,8,-4.57,21.45,48.02,0.01,3.09,-4.005,-7.66,25.455,58.77,0.0,AEO|BURL|DLTR|JWN|KSS|M|ROST|TJX|URBN,AEO|BURL|DLTR|KSS|M|ROST|TJX|URBN
ANGH,10,10,0.63,12.88,-27.61,0.0,-2.2199999999999998,-5.68,2.8499999999999996,18.560000000000002,-32.12,0.9,AAPL|AMZN|DIS|GOOGL|NFLX|ROKU|SIRI|SPOT|TME|WMG,AAPL|AMZN|DIS|GOOGL|NFLX|ROKU|SIRI|SPOT|TME|WMG
ANGI,10,8,-4.53,2.64,-0.39,0.2,-0.12000000000000002,-3.7700000000000005,-4.41,6.41,2.4299999999999993,0.0,ETH|HOFT|HVT|LZB|PRTS|RH|SCS|TCS|TREX|W,ETH|HOFT|HVT|LZB|PRTS|RH|TREX|W
ANGO,10,9,0.32,-1.65,19.77,0.0,-0.43,-9.37,0.75,7.719999999999999,19.09,0.5555555555555556,ABT|BAX|BSX|EW|HOLX|JNJ|MDT|SYK|XRAY|ZBH,ABT|BAX|BSX|EW|JNJ|MDT|SYK|XRAY|ZBH
ANGX,0,0,-8.49,6.83,53.48,0.0,,,,,,,,
ANIK,10,10,-2.23,-4.52,38.32,0.0,-0.11,-3.505,-2.12,-1.0149999999999997,24.115000000000002,0.4,AMGN|BIIB|BMRN|GILD|INCY|IONS|NBIX|REGN|SRPT|VRTX,AMGN|BIIB|BMRN|GILD|INCY|IONS|NBIX|REGN|SRPT|VRTX
ANIP,10,10,1.14,0.35,-10.02,0.0,0.020000000000000004,-3.505,1.1199999999999999,3.855,-24.225,0.6,AMGN|BIIB|BMRN|GILD|ILMN|INCY|NBIX|REGN|UTHR|VRTX,AMGN|BIIB|BMRN|GILD|ILMN|INCY|NBIX|REGN|UTHR|VRTX
ANIX,10,8,5.77,-24.03,0.36,0.0,-1.045,-1.7550000000000001,6.8149999999999995,-22.275000000000002,0.99,0.875,ADAP|AFMD|ARQT|BGMS|BNTC|FATE|INO|KPTI|MDGL|MRKR,ARQT|BGMS|BNTC|FATE|INO|KPTI|MDGL|MRKR
ANL,10,10,1.48,11.23,43.31,0.0,0.16999999999999998,-3.625,1.31,14.855,28.995,0.6,AMGN|BIIB|BMY|GILD|JNJ|LLY|MRK|PFE|REGN|VRTX,AMGN|BIIB|BMY|GILD|JNJ|LLY|MRK|PFE|REGN|VRTX
ANNA,0,0,-4.49,10.37,6.81,8.36,,,,,,,,
ANNX,10,7,-6.47,-24.27,-24.27,0.78,0.13,-9.62,-6.6,-14.65,-24.63,0.0,ALLO|BLUE|CRSP|EDIT|FOLD|MYO|NTLA|RARE|SGMO|VRTX,ALLO|CRSP|EDIT|MYO|NTLA|RARE|VRTX
ANPA,0,0,-1.99,-52.53,-54.19,0.0,,,,,,,,
ANRO,10,10,-8.33,-24.14,10.4,0.0,-4.66,-6.67,-3.67,-17.47,3.045,0.2,ACAD|AXSM|BIIB|BMY|CYTK|LLY|NBIX|REGN|SRPT|VRTX,ACAD|AXSM|BIIB|BMY|CYTK|LLY|NBIX|REGN|SRPT|VRTX
ANTA,0,0,1.21,-16.77,-39.09,8.06,,,,,,,,
ANTX,10,10,-9.55,-14.21,-7.12,0.0,1.0250000000000001,0.5700000000000001,-10.575000000000001,-14.780000000000001,-23.330000000000002,0.0,ALNY|BIIB|BMRN|BNTX|GILD|MRNA|NVAX|PFE|REGN|VRTX,ALNY|BIIB|BMRN|BNTX|GILD|MRNA|NVAX|PFE|REGN|VRTX
ANVS,10,9,20.0,-27.47,-20.0,3.94,-7.5,-16.94,27.5,-10.529999999999998,-12.34,1.0,ACAD|AVXL|AXSM|BIIB|NBIX|NERV|PRQR|PRTA|RNA|SAVA,ACAD|AVXL|AXSM|BIIB|NBIX|NERV|PRQR|PRTA|RNA
AOMR,10,9,-5.25,-10.4,-14.74,0.0,-1.57,-9.09,-3.6799999999999997,-1.3100000000000005,-0.08000000000000007,0.1111111111111111,AGNC|ARR|BXMT|CHMI|CIM|IVR|NLY|RWT|STWD|TWO,AGNC|ARR|BXMT|CHMI|CIM|IVR|NLY|RWT|STWD
AON,9,9,-4.21,-20.07,-10.24,0.71,-5.25,-12.48,1.04,-7.59,-11.67,0.7777777777777778,AJG|BRO|CINF|EIG|ERIE|MRSH|PRI|RLI|TRV,AJG|BRO|CINF|EIG|ERIE|MRSH|PRI|RLI|TRV
AORT,10,10,-1.01,-10.39,4.32,0.47,-1.96,-8.16,0.95,-2.2300000000000004,4.84,0.6,ABT|BSX|EW|IART|ISRG|MDT|NVCR|SYK|TFX|ZBH,ABT|BSX|EW|IART|ISRG|MDT|NVCR|SYK|TFX|ZBH
AOS,10,10,1.49,-7.94,-4.05,0.0,3.065,-3.46,-1.575,-4.48,0.3899999999999997,0.3,DOV|ETN|GNRC|IR|ITW|NDSN|PH|ROK|SWK|XYL,DOV|ETN|GNRC|IR|ITW|NDSN|PH|ROK|SWK|XYL
AOSL,10,10,9.76,3.94,-39.45,-0.14,3.215,1.48,6.545,2.46,-28.175000000000004,0.9,ADI|AVGO|MCHP|MPWR|NXPI|ON|PENG|QRVO|SLAB|TXN,ADI|AVGO|MCHP|MPWR|NXPI|ON|PENG|QRVO|SLAB|TXN
AOUT,10,9,3.45,55.28,66.25,-0.21,-2.2,-5.47,5.65,60.75,63.54,0.7777777777777778,CAT|GD|LMT|NOC|NPK|PODD|RGR|SWBI|VSTO|WRAP,CAT|GD|LMT|NOC|NPK|PODD|RGR|SWBI|WRAP
AP,10,8,3.82,-1.17,-14.26,0.0,-2.105,0.12000000000000002,5.925,-1.29,-12.14,1.0,ATI|CLF|CMC|MT|NUE|RS|STLD|TX|X|ZEUS,ATI|CLF|CMC|MT|NUE|RS|STLD|TX
APA,9,7,-2.97,6.67,31.99,0.94,-1.72,-0.36,-1.2500000000000002,7.03,17.909999999999997,0.2857142857142857,COP|CVX|DVN|EOG|FANG|HES|MRO|OXY|XOM,COP|CVX|DVN|EOG|FANG|OXY|XOM
APAC,0,0,0.63,0.63,1.37,0.0,,,,,,,,
APAM,10,8,-1.95,-17.12,2.21,0.0,0.29000000000000004,-6.865,-2.24,-10.255,0.2250000000000001,0.125,AB|AMP|BEN|BLK|EV|FHI|IVZ|JHG|NTRS|TROW,AB|AMP|BEN|BLK|FHI|IVZ|NTRS|TROW
APD,9,8,0.5,-5.37,2.72,0.2,1.87,-5.095,-1.37,-0.27500000000000036,10.22,0.375,ALB|CC|CE|DOW|EMN|LIN|LYB|PPG|PX,ALB|CC|CE|DOW|EMN|LIN|LYB|PPG
APEI,10,9,-6.88,-10.53,-20.62,0.0,-2.1,-4.76,-4.779999999999999,-5.77,-18.54,0.0,ATGE|BFAM|CHGG|EDU|LAUR|LINC|LOPE|NRDY|PRDO|STRA,BFAM|CHGG|EDU|LAUR|LINC|LOPE|NRDY|PRDO|STRA
APG,10,10,2.88,-7.12,-9.85,0.0,-2.435,-3.11,5.3149999999999995,-4.01,5.335000000000001,0.9,ACM|AGX|DY|FIX|FLR|J|PRIM|PWR|TPC|VSEC,ACM|AGX|DY|FIX|FLR|J|PRIM|PWR|TPC|VSEC
APH,9,9,2.83,1.51,-2.4,-1.95,2.09,1.51,0.7400000000000002,0.0,6.84,0.6666666666666666,ADI|GLW|ITRI|JBL|LITE|MXL|NOK|ROP|TEL,ADI|GLW|ITRI|JBL|LITE|MXL|NOK|ROP|TEL
API,10,10,1.98,0.24,6.44,-4.62,6.045,14.29,-4.0649999999999995,-14.049999999999999,-19.705000000000002,0.4,ADP|BAND|EGHT|ETSY|FIVN|NICE|RNG|TTEC|TWLO|ZM,ADP|BAND|EGHT|ETSY|FIVN|NICE|RNG|TTEC|TWLO|ZM
APLD,10,9,0.64,-7.97,-35.16,-2.5,8.6,10.7,-7.96,-18.669999999999998,-23.72,0.0,BITF|BTBT|CIFR|CLSK|FSLY|HIVE|HUT|IREN|MARA|RIOT,BTBT|CIFR|CLSK|FSLY|HIVE|HUT|IREN|MARA|RIOT
APLE,10,10,1.73,-5.26,-6.32,0.19,0.94,-5.265000000000001,0.79,0.005000000000000782,0.6449999999999996,0.8,AHT|BHR|CLDT|HST|INN|PEB|PK|RLJ|SHO|XHR,AHT|BHR|CLDT|HST|INN|PEB|PK|RLJ|SHO|XHR
APLM,10,9,5.86,1.27,14.15,0.0,-0.09,-2.61,5.95,3.88,0.6600000000000001,0.8888888888888888,AMGN|BIIB|BLUE|BMRN|EXEL|GILD|INCY|NBIX|REGN|VRTX,AMGN|BIIB|BMRN|EXEL|GILD|INCY|NBIX|REGN|VRTX
APO,10,10,-0.33,-5.7,3.36,0.99,-1.445,-15.17,1.115,9.469999999999999,3.77,0.8,ARES|BX|CG|EVR|FSK|HLNE|KKR|LAZ|MC|PAX,ARES|BX|CG|EVR|FSK|HLNE|KKR|LAZ|MC|PAX
APOG,10,9,-2.41,-11.05,-12.35,0.0,0.89,-7.02,-3.3000000000000003,-4.030000000000001,-4.619999999999999,0.2222222222222222,AMWD|AWI|BLDR|JELD|LPX|MAS|MHK|NVR|SWK|TREX,AWI|BLDR|JELD|LPX|MAS|MHK|NVR|SWK|TREX
APP,10,10,-3.22,0.22,-30.21,-1.28,0.18999999999999995,-0.47499999999999987,-3.41,0.6949999999999998,-37.975,0.2,APPS|CRTO|GOOGL|META|MGNI|PERI|PUBM|RBLX|SNAP|TTD,APPS|CRTO|GOOGL|META|MGNI|PERI|PUBM|RBLX|SNAP|TTD
APPF,10,10,-5.05,-6.7,41.13,0.0,-2.735,-1.5299999999999998,-2.315,-5.17,-2.4549999999999983,0.2,ADBE|CRM|DOCU|HUBS|INTU|NOW|ORCL|REZI|WDAY|YEXT,ADBE|CRM|DOCU|HUBS|INTU|NOW|ORCL|REZI|WDAY|YEXT
APPN,10,10,-2.36,-5.99,80.37,-1.98,-2.24,3.245,-0.11999999999999966,-9.235,32.95,0.5,CRM|MSFT|NOW|ORCL|PEGA|SNOW|TWLO|UBER|WDAY|ZS,CRM|MSFT|NOW|ORCL|PEGA|SNOW|TWLO|UBER|WDAY|ZS
APPS,8,8,3.28,4.52,11.41,-1.91,-0.7350000000000001,-1.83,4.015,6.35,10.085,0.875,CRTO|DV|FLNT|MGNI|PERI|PUBM|RAMP|TTD,CRTO|DV|FLNT|MGNI|PERI|PUBM|RAMP|TTD
APRE,10,10,6.78,-3.13,-3.5,0.0,0.16999999999999998,-4.18,6.61,1.0499999999999998,-18.53,0.9,AMGN|BIIB|BMY|GILD|INCY|MRK|NBIX|PFE|REGN|VRTX,AMGN|BIIB|BMY|GILD|INCY|MRK|NBIX|PFE|REGN|VRTX
APT,10,9,-1.73,-2.11,-1.73,0.0,2.27,-3.21,-4.0,1.1,5.289999999999999,0.3333333333333333,CODX|CTAS|EBS|HON|LAKE|MMM|MSA|NVAX|OSUR|WBA,CODX|CTAS|EBS|HON|LAKE|MMM|MSA|NVAX|OSUR
APTV,9,9,3.1,-3.56,-27.43,-0.44,-1.92,-5.8,5.02,2.2399999999999998,-20.86,1.0,ADNT|ALV|BWA|GNTX|LEA|MGA|SMP|STLD|TEN,ADNT|ALV|BWA|GNTX|LEA|MGA|SMP|STLD|TEN
APUS,0,0,35.33,-54.53,-73.66,-1.31,,,,,,,,
APVO,10,10,9.88,-21.58,-60.08,0.0,0.16999999999999998,-3.625,9.71,-17.955,-74.395,1.0,AMGN|BIIB|BMY|GILD|JNJ|LLY|MRK|PFE|REGN|VRTX,AMGN|BIIB|BMY|GILD|JNJ|LLY|MRK|PFE|REGN|VRTX
APWC,10,9,-2.21,-8.9,-30.73,0.0,0.22,-3.88,-2.43,-5.0200000000000005,-25.62,0.3333333333333333,AVY|BGC|DOW|EMN|GLW|KALU|KEM|LYB|PPG|STLD,AVY|BGC|DOW|EMN|GLW|KALU|LYB|PPG|STLD
APXT,0,0,-0.05,0.3,0.75,0.0,,,,,,,,
APYX,10,7,-1.99,-4.22,-28.4,0.0,-0.1,-6.03,-1.89,1.8100000000000005,-26.759999999999998,0.2857142857142857,ALGN|ATEC|CUTR|EOLS|INMD|IRIX|MLAB|PINC|RVNC|SRDX,ALGN|ATEC|EOLS|INMD|IRIX|MLAB|PINC
AQB,10,9,-7.22,-21.17,-2.93,0.81,-0.09,-8.14,-7.13,-13.030000000000001,-10.23,0.2222222222222222,ALKS|AMGN|ANIK|BIO|BMRN|CRIS|CTMX|EDIT|ESPR|EXEL,ALKS|AMGN|ANIK|BIO|BMRN|CRIS|CTMX|EDIT|EXEL
AQMS,10,10,10.84,-10.54,-17.06,0.0,-1.5150000000000001,-5.61,12.355,-4.929999999999999,-15.029999999999998,1.0,BMI|CLH|CWST|ECL|HDSN|MTRX|PESI|PNR|TTEK|VRSK,BMI|CLH|CWST|ECL|HDSN|MTRX|PESI|PNR|TTEK|VRSK
AQN,10,10,-4.89,-11.07,-15.38,0.0,-4.109999999999999,-7.445,-0.7800000000000002,-3.625,-2.8950000000000014,0.1,AEP|D|DUK|ED|ES|NEE|PEG|SO|SRE|XEL,AEP|D|DUK|ED|ES|NEE|PEG|SO|SRE|XEL
AQST,10,6,-2.49,-2.08,-5.81,0.0,-5.405,-10.27,2.915,8.19,2.55,1.0,ACRS|APLS|ASND|BPMC|CRSP|GERN|GLPG|MDGL|MGNX|XOMA,ACRS|ASND|CRSP|GERN|MDGL|MGNX
AR,10,8,0.22,-6.01,3.39,0.06,-1.425,-2.1149999999999998,1.645,-3.895,-7.33,0.875,APA|BKR|COP|DVN|EOG|FANG|HES|MRO|OXY|RRC,APA|BKR|COP|DVN|EOG|FANG|OXY|RRC
ARAI,0,0,-7.65,-2.86,-41.0,-4.94,,,,,,,,
ARAY,10,9,-6.35,-15.18,-28.85,0.09,-0.67,-6.48,-5.68,-8.7,-29.53,0.1111111111111111,BSX|CNMD|EW|HOLX|ISRG|MDT|PEN|STAA|VRTX|ZBH,BSX|CNMD|EW|ISRG|MDT|PEN|STAA|VRTX|ZBH
ARBB,10,10,-6.68,-6.54,-8.73,-0.48,-0.10499999999999998,6.449999999999999,-6.574999999999999,-12.989999999999998,-19.475,0.0,AAPL|AMD|AMZN|CRM|CSCO|GOOGL|INTC|MSFT|NVDA|RBLX,AAPL|AMD|AMZN|CRM|CSCO|GOOGL|INTC|MSFT|NVDA|RBLX
ARBE,10,10,1.42,-2.89,4.54,1.13,1.205,-2.125,0.21499999999999986,-0.7650000000000001,15.399999999999999,0.5,AEVA|AMBA|INTC|INVZ|LAZR|LIDR|MRAM|MVIS|NVDA|OUST,AEVA|AMBA|INTC|INVZ|LAZR|LIDR|MRAM|MVIS|NVDA|OUST
ARBK,10,9,-11.43,-16.5,-24.85,0.0,8.6,10.23,-20.03,-26.73,-13.410000000000002,0.1111111111111111,BITF|BTBT|CAN|CLSK|EBON|HIVE|HUT|MARA|RIOT|SOS,BTBT|CAN|CLSK|EBON|HIVE|HUT|MARA|RIOT|SOS
ARCB,10,10,0.85,-2.51,-9.71,0.0,-0.27,-4.5600000000000005,1.12,2.0500000000000007,4.004999999999999,0.8,CHRW|EXPD|JBHT|KNX|LSTR|ODFL|R|SAIA|SNDR|XPO,CHRW|EXPD|JBHT|KNX|LSTR|ODFL|R|SAIA|SNDR|XPO
ARCC,10,10,-2.36,-3.73,6.65,0.19,-1.585,-4.68,-0.7749999999999999,0.9499999999999997,0.3850000000000007,0.2,CGBD|GAIN|GSBD|HTGC|MAIN|PNNT|PSEC|SLRC|TCPC|TPVG,CGBD|GAIN|GSBD|HTGC|MAIN|PNNT|PSEC|SLRC|TCPC|TPVG
ARCO,10,10,-3.89,-8.41,-9.52,0.0,1.0499999999999998,-12.535,-4.9399999999999995,4.125,-10.084999999999999,0.0,BJRI|CMG|DPZ|DRI|EAT|MCD|QSR|SHAK|WEN|YUM,BJRI|CMG|DPZ|DRI|EAT|MCD|QSR|SHAK|WEN|YUM
ARCT,10,7,-18.78,-10.95,101.61,3.38,3.31,-1.47,-22.09,-9.479999999999999,85.87,0.0,ADAP|ADMA|ALT|BNTX|DVAX|INO|MRNA|NVAX|PFE|VXRT,ADMA|ALT|BNTX|INO|MRNA|NVAX|PFE
ARDT,10,8,-0.75,-5.42,13.19,0.0,-0.51,-0.365,-0.24,-5.055,-3.040000000000001,0.5,ACHC|ADUS|AHH|BKD|CYH|EHC|HCA|SEM|THC|UHS,ACHC|ADUS|BKD|CYH|EHC|HCA|THC|UHS
ARDX,10,10,1.48,-9.26,-43.4,-1.44,-2.18,-4.245,3.66,-5.015,-51.489999999999995,0.8,AKTX|AMGN|BMRN|ENTA|EXEL|IRWD|NBIX|REGN|SRPT|VRTX,AKTX|AMGN|BMRN|ENTA|EXEL|IRWD|NBIX|REGN|SRPT|VRTX
ARE,10,10,-9.37,-3.48,-4.18,-1.54,-2.0,-12.62,-7.369999999999999,9.139999999999999,2.005000000000001,0.0,BXP|CUZ|DEI|ESRT|HIW|HPP|KRC|PDM|SLG|VNO,BXP|CUZ|DEI|ESRT|HIW|HPP|KRC|PDM|SLG|VNO
AREC,10,9,-5.52,-30.53,3.17,0.24,-1.4,-6.73,-4.119999999999999,-23.8,-3.8600000000000003,0.1111111111111111,AMR|ARCH|ARLP|BTU|CNR|CNX|HCC|METC|SXC|TECK,AMR|ARLP|BTU|CNR|CNX|HCC|METC|SXC|TECK
ARES,10,10,-3.48,-15.27,7.55,-0.43,-1.445,-12.030000000000001,-2.035,-3.2399999999999984,4.38,0.3,APO|BAM|BX|BXMT|CG|HLNE|KKR|KYN|MC|WELL,APO|BAM|BX|BXMT|CG|HLNE|KKR|KYN|MC|WELL
ARGX,10,10,-4.49,-6.71,7.03,0.56,0.020000000000000004,-6.055,-4.51,-0.6550000000000002,0.96,0.3,BIIB|GILD|INCY|IONS|KYNB|NBIX|RCUS|REGN|VRTX|XBIT,BIIB|GILD|INCY|IONS|KYNB|NBIX|RCUS|REGN|VRTX|XBIT
ARHS,10,8,20.55,2.58,12.96,1.44,-0.07999999999999996,-5.505,20.63,8.085,9.775,1.0,AMWD|BSET|ETH|HVT|LEG|LOVE|MHK|RH|W|WSM,BSET|ETH|HVT|LOVE|MHK|RH|W|WSM
ARI,10,10,-2.95,-8.75,-12.98,0.0,-5.78,-11.785,2.83,3.035,0.625,0.6,ABR|ACRE|BXMT|CHMI|GPMT|KREF|LADR|RC|STWD|TRTX,ABR|ACRE|BXMT|CHMI|GPMT|KREF|LADR|RC|STWD|TRTX
ARKO,10,10,-2.76,-10.38,-45.06,0.0,-4.98,6.295,2.2200000000000006,-16.675,-95.025,0.7,CASY|CVI|DK|MPC|MUSA|PARR|PSX|SUN|VLO|XOM,CASY|CVI|DK|MPC|MUSA|PARR|PSX|SUN|VLO|XOM
ARKR,9,9,5.33,-13.19,-24.64,0.0,2.82,-15.24,2.5100000000000002,2.0500000000000007,-24.64,0.5555555555555556,BJRI|BLMN|CAKE|DIN|DRI|EAT|RRGB|TXRH|WING,BJRI|BLMN|CAKE|DIN|DRI|EAT|RRGB|TXRH|WING
ARL,10,8,-9.51,-6.63,-10.03,0.0,-2.105,-10.625,-7.404999999999999,3.995,0.6600000000000019,0.0,AVB|CPT|ELS|EQR|ESS|INVH|MAA|O|SUI|UDR,CPT|ELS|ESS|INVH|MAA|O|SUI|UDR
ARLO,10,9,1.94,4.35,9.98,0.0,-0.54,5.36,2.48,-1.0100000000000007,-10.5,0.7777777777777778,ADTN|ANET|CSCO|EXTR|HPE|JNPR|NET|NTGR|NTNX|S,ADTN|ANET|CSCO|EXTR|HPE|NET|NTGR|NTNX|S
ARLP,10,9,-1.16,-3.15,5.4,0.0,-1.76,-8.19,0.6000000000000001,5.039999999999999,0.6200000000000001,0.7777777777777778,ARCH|BHP|BTU|CNR|CNX|HNRG|NRP|RIO|SXC|VALE,BHP|BTU|CNR|CNX|HNRG|NRP|RIO|SXC|VALE
ARM,10,10,20.8,32.47,-7.97,-3.78,4.65,5.109999999999999,16.15,27.36,0.5200000000000005,1.0,ADI|AMD|AVGO|INTC|MRVL|MU|NVDA|QCOM|TSM|TXN,ADI|AMD|AVGO|INTC|MRVL|MU|NVDA|QCOM|TSM|TXN
ARMK,10,10,-3.19,-5.92,3.41,0.0,-2.1149999999999998,-7.17,-1.0750000000000002,1.25,5.34,0.2,ACH|CHE|CTAS|ECL|GWW|HCSG|HSIC|MCK|SYY|UNF,ACH|CHE|CTAS|ECL|GWW|HCSG|HSIC|MCK|SYY|UNF
ARMP,10,9,-6.34,-30.94,-40.92,5.49,-1.38,0.53,-4.96,-31.470000000000002,-44.24,0.3333333333333333,BCRX|CRBP|GALT|MNOV|OCUL|PTCT|SAGE|SRPT|TGTX|TXMD,BCRX|CRBP|GALT|MNOV|OCUL|PTCT|SRPT|TGTX|TXMD
AROC,10,10,-1.99,-0.36,-26.09,-0.78,-1.5899999999999999,-1.295,-0.40000000000000013,0.9349999999999999,-25.16,0.4,BKR|CLNE|ENB|EPD|KMI|MPLX|OKE|PAA|TRP|WMB,BKR|CLNE|ENB|EPD|KMI|MPLX|OKE|PAA|TRP|WMB
AROW,10,10,-3.32,-3.57,-8.4,0.0,-2.0549999999999997,-4.5,-1.2650000000000001,0.9300000000000002,-3.9800000000000004,0.2,ASB|BANF|BOKF|CHMG|EGBN|FFBC|GABC|SMBC|TMP|WAFD,ASB|BANF|BOKF|CHMG|EGBN|FFBC|GABC|SMBC|TMP|WAFD
ARQ,10,8,3.88,-1.38,-6.14,4.9,-1.78,0.5349999999999999,5.66,-1.9149999999999998,-22.405,0.875,APA|COP|CRK|CVX|DVN|FANG|HES|MRO|OXY|XOM,APA|COP|CRK|CVX|DVN|FANG|OXY|XOM
ARQQ,10,10,7.63,2.89,-23.1,-6.79,-2.14,-1.45,9.77,4.34,-20.41,0.9,AMZN|CSCO|GOOG|GOOGL|IBM|INTC|MSFT|NVDA|ORCL|QUBT,AMZN|CSCO|GOOG|GOOGL|IBM|INTC|MSFT|NVDA|ORCL|QUBT
ARQT,10,8,-0.3,6.11,-1.16,0.0,-4.885,-13.2,4.585,19.31,12.094999999999999,0.75,ANAB|BCRX|BMRN|CNTA|DERM|KZIA|RCUS|SLNO|TVRD|VERU,ANAB|BCRX|BMRN|DERM|KZIA|RCUS|TVRD|VERU
ARR,10,9,-1.57,-10.81,-14.66,0.18,-1.45,-9.09,-0.1200000000000001,-1.7200000000000006,-4.5,0.4444444444444444,ADAM|AGNC|AI|CIM|DX|IVR|MFA|NLY|ORC|TWO,ADAM|AGNC|AI|CIM|DX|IVR|MFA|NLY|ORC
ARRY,9,7,-9.67,-15.82,-50.2,-0.78,-5.1,-9.9,-4.57,-5.92,-19.930000000000003,0.0,CSIQ|ENPH|FSLR|JKS|MAXN|NOVA|RUN|SEDG|SHLS,CSIQ|ENPH|FSLR|JKS|RUN|SEDG|SHLS
ARTL,9,6,31.77,-18.95,-49.89,-28.44,8.94,0.7350000000000003,22.83,-19.685,-41.66,1.0,BPTH|CLSD|EPIX|LITS|MBIO|MTNB|ONCY|PULM|VSTM,LITS|MBIO|MTNB|ONCY|PULM|VSTM
ARTNA,9,9,-3.76,-5.96,2.21,0.0,-2.88,-6.3,-0.8799999999999999,0.33999999999999986,0.5700000000000001,0.4444444444444444,AWK|AWR|CWCO|CWT|HTO|MSEX|PCYO|WTRG|YORW,AWK|AWR|CWCO|CWT|HTO|MSEX|PCYO|WTRG|YORW
ARTV,10,9,-5.68,-32.37,-9.85,3.11,1.85,-1.47,-7.529999999999999,-30.9,-28.78,0.0,AMGN|BMY|GILD|MRNA|NTLA|NVAX|PFE|REGN|SAGE|VRTX,AMGN|BMY|GILD|MRNA|NTLA|NVAX|PFE|REGN|VRTX
ARTW,10,10,8.56,9.69,20.08,0.0,0.13,-1.765,8.43,11.455,21.685,1.0,AGCO|ALG|AOS|DCI|DE|FSTR|LCII|LNN|MMYT|TTC,AGCO|ALG|AOS|DCI|DE|FSTR|LCII|LNN|MMYT|TTC
ARVN,10,10,-4.04,-16.17,-2.73,0.0,-0.11,0.185,-3.93,-16.355,-10.82,0.3,ALNY|BIIB|BMRN|EXEL|GILD|IONS|NBIX|REGN|SRPT|VRTX,ALNY|BIIB|BMRN|EXEL|GILD|IONS|NBIX|REGN|SRPT|VRTX
ARW,10,9,5.48,11.97,-0.97,-0.0,-0.1,4.4,5.58,7.57,-17.029999999999998,0.7777777777777778,ANET|AVT|CDW|HPE|JNPR|MSI|NSIT|NTAP|NXPI|SNX,ANET|AVT|CDW|HPE|MSI|NSIT|NTAP|NXPI|SNX
ARWR,10,10,-0.99,-24.54,-15.39,0.16,-3.215,-9.469999999999999,2.2249999999999996,-15.07,-5.670000000000002,0.6,ALNY|CRSP|DTIL|EDIT|IONS|NBIX|NTLA|RGNX|SRPT|VRTX,ALNY|CRSP|DTIL|EDIT|IONS|NBIX|NTLA|RGNX|SRPT|VRTX
ARX,0,0,-0.6,0.31,47.49,0.0,,,,,,,,
AS,9,7,2.02,-15.16,-21.45,-0.37,-0.54,-9.12,2.56,-6.040000000000001,-7.8199999999999985,0.7142857142857143,COLM|DECK|GIL|HBI|LULU|NKE|SKX|UA|VFC,COLM|DECK|GIL|LULU|NKE|UA|VFC
ASAN,10,9,-5.65,0.85,48.98,0.53,-1.83,13.38,-3.8200000000000003,-12.530000000000001,-8.330000000000005,0.0,BOX|CRM|DOCU|FIVN|GOOGL|HUBS|MSFT|PD|SMAR|TEAM,BOX|CRM|DOCU|FIVN|GOOGL|HUBS|MSFT|PD|TEAM
ASB,10,10,-3.63,-7.18,-5.78,0.0,-3.44,-6.8100000000000005,-0.18999999999999995,-0.3699999999999992,1.2800000000000002,0.4,BAC|C|FITB|HBAN|JPM|KEY|PNC|TFC|USB|WFC,BAC|C|FITB|HBAN|JPM|KEY|PNC|TFC|USB|WFC
ASBP,0,0,-4.28,5.56,35.24,4.8,,,,,,,,
ASC,10,10,-7.47,-2.28,10.36,-0.17,-5.404999999999999,5.0,-2.0650000000000004,-7.279999999999999,-11.68,0.1,CMRE|DHT|FRO|GOGL|INSW|NAT|NMM|SFL|STNG|TNK,CMRE|DHT|FRO|GOGL|INSW|NAT|NMM|SFL|STNG|TNK
ASH,10,10,-2.09,-6.38,8.78,0.0,1.2999999999999998,-4.9,-3.3899999999999997,-1.4799999999999995,10.135,0.2,ALB|APD|AVY|CE|DD|ECL|EMN|IFF|LYB|PPG,ALB|APD|AVY|CE|DD|ECL|EMN|IFF|LYB|PPG
ASIC,0,0,-6.26,0.72,20.55,0.0,,,,,,,,
ASIX,10,10,-0.6,-1.61,-16.39,0.0,0.47,-4.805,-1.0699999999999998,3.1949999999999994,-11.315000000000001,0.3,APD|CE|DD|EMN|FUL|HUN|IOSP|LYB|MTX|WLK,APD|CE|DD|EMN|FUL|HUN|IOSP|LYB|MTX|WLK
ASLE,10,8,1.48,-2.32,-16.08,0.0,1.845,-6.32,-0.365,4.0,-6.304999999999998,0.375,AER|AIR|GATX|HEI|HON|HXL|MRCY|SPR|TDG|TGI,AER|AIR|GATX|HEI|HON|HXL|MRCY|TDG
ASM,10,9,-5.41,-20.56,1.54,-1.49,-3.78,-11.49,-1.6300000000000003,-9.069999999999999,-12.399999999999999,0.1111111111111111,AG|CDE|EXK|FSM|GORO|HL|MAG|MUX|PAAS|SSRM,AG|CDE|EXK|FSM|GORO|HL|MUX|PAAS|SSRM
ASMB,10,9,-4.89,-31.79,-0.66,0.54,-3.94,-6.35,-0.9499999999999997,-25.439999999999998,-0.56,0.3333333333333333,ABUS|ADAP|ENTA|GILD|IONS|LXRX|MDGL|NBIX|OMER|VKTX,ABUS|ENTA|GILD|IONS|LXRX|MDGL|NBIX|OMER|VKTX
ASML,10,10,4.22,-2.62,-7.75,-2.64,7.165,3.7199999999999998,-2.9450000000000003,-6.34,4.625,0.3,AMAT|AMD|AVGO|INTC|KLAC|LRCX|MU|NVDA|TER|TSM,AMAT|AMD|AVGO|INTC|KLAC|LRCX|MU|NVDA|TER|TSM
ASND,10,9,-9.92,-11.44,-6.25,0.0,-0.09,-2.61,-9.83,-8.83,-13.92,0.1111111111111111,ADVM|BIIB|DNLI|EXEL|INCY|NBIX|NKTR|REGN|SRPT|VRTX,BIIB|DNLI|EXEL|INCY|NBIX|NKTR|REGN|SRPT|VRTX
ASO,10,7,-4.18,4.68,-5.66,0.0,1.0,-5.49,-5.18,10.17,6.32,0.0,BGFV|CAL|COLM|CROX|DKS|FL|GCO|LEVI|NKE|VSTO,CAL|COLM|CROX|DKS|GCO|LEVI|NKE
ASPC,0,0,-0.82,-6.16,-0.82,0.0,,,,,,,,
ASPI,10,10,-7.24,-24.75,-52.6,0.0,-2.96,-22.065,-4.28,-2.6849999999999987,-41.19,0.0,AREC|BKU|CCJ|DNN|LEU|LTBR|NXE|UEC|URG|UUUU,AREC|BKU|CCJ|DNN|LEU|LTBR|NXE|UEC|URG|UUUU
ASPN,10,9,11.11,8.99,0.35,0.35,-0.61,-10.03,11.719999999999999,19.02,20.400000000000002,1.0,AWI|CRH|CX|EXP|MAS|MLM|OC|SUM|TREX|VMC,AWI|CRH|CX|EXP|MAS|MLM|OC|TREX|VMC
ASPS,10,7,-2.49,0.73,-23.64,0.0,-3.39,-10.1,0.8999999999999999,10.83,-25.0,0.5714285714285714,CBRE|CSGP|EXPI|JLL|RDFN|RDNT|REZI|RMAX|VREX|Z,CBRE|CSGP|JLL|RDNT|REZI|VREX|Z
ASR,10,9,-2.93,-9.63,-22.95,-0.39,1.39,-5.04,-4.32,-4.590000000000001,-10.809999999999999,0.2222222222222222,AAL|ALK|ARMK|DAL|LUV|OMAB|PAC|SAVE|UBER|VALE,AAL|ALK|ARMK|DAL|LUV|OMAB|PAC|UBER|VALE
ASRV,10,9,-3.69,-2.29,24.34,0.0,-3.81,-6.97,0.1200000000000001,4.68,33.0,0.5555555555555556,BOH|BPOP|CMA|FNB|HBAN|PB|PNC|TCBI|WAL|ZION,BOH|BPOP|FNB|HBAN|PB|PNC|TCBI|WAL|ZION
ASST,10,10,0.07,32.3,148.25,-2.38,-0.10499999999999998,4.87,0.175,27.429999999999996,132.735,0.5,AAPL|AKAM|AMZN|DIS|FSLY|GOOGL|META|MSFT|NET|NFLX,AAPL|AKAM|AMZN|DIS|FSLY|GOOGL|META|MSFT|NET|NFLX
ASTC,10,10,19.55,4.23,-26.0,-0.27,-3.15,-5.5,22.7,9.73,-26.82,1.0,AVAV|BA|GD|HII|LHX|LMT|NOC|RDW|SPCE|TXT,AVAV|BA|GD|HII|LHX|LMT|NOC|RDW|SPCE|TXT
ASTE,10,10,1.15,-5.09,-29.94,0.0,0.5800000000000001,-3.175,0.5699999999999998,-1.915,-24.815,0.6,CAT|CMI|DE|HRI|KMT|MTW|OSK|TEX|URI|WAB,CAT|CMI|DE|HRI|KMT|MTW|OSK|TEX|URI|WAB
ASTH,10,10,0.94,-7.95,-20.41,0.82,-2.975,-4.495,3.915,-3.455,-15.65,0.8,ACHC|CI|CNC|CVS|EVH|HCA|HUM|MCK|MOH|UNH,ACHC|CI|CNC|CVS|EVH|HCA|HUM|MCK|MOH|UNH
ASTI,9,7,4.68,-3.96,-42.03,0.0,-7.43,-11.86,12.11,7.8999999999999995,-5.910000000000004,1.0,ARRY|CSIQ|ENPH|FSLR|JKS|MAXN|NOVA|RUN|SEDG,ARRY|CSIQ|ENPH|FSLR|JKS|RUN|SEDG
ASTL,10,8,0.0,10.78,5.74,1.38,-3.3000000000000003,1.02,3.3000000000000003,9.76,-1.959999999999999,0.875,CLF|CMC|GGB|MT|NUE|RS|STLD|TX|X|ZEUS,CLF|CMC|GGB|MT|NUE|RS|STLD|TX
ASTS,10,9,-5.2,-4.13,-9.4,-0.88,-0.62,1.61,-4.58,-5.74,-8.190000000000001,0.1111111111111111,GILT|GSAT|IRDM|KTOS|RKLB|SATS|SPIR|TSAT|VISN|VSAT,GILT|GSAT|IRDM|KTOS|RKLB|SPIR|TSAT|VISN|VSAT
ASUR,10,10,-6.4,-9.2,-0.5,0.0,-2.995,-3.745,-3.4050000000000002,-5.454999999999999,-41.22,0.1,ADP|INTU|MSFT|NOW|ORCL|PAYC|PCTY|SAP|TNET|WDAY,ADP|INTU|MSFT|NOW|ORCL|PAYC|PCTY|SAP|TNET|WDAY
ASX,10,10,7.51,15.94,2.73,-2.14,3.5700000000000003,8.65,3.9399999999999995,7.289999999999999,9.43,0.8,AMD|AVGO|INTC|MRVL|MU|NVDA|QCOM|SWKS|TSM|TXN,AMD|AVGO|INTC|MRVL|MU|NVDA|QCOM|SWKS|TSM|TXN
ASYS,10,10,11.41,10.21,-20.99,0.0,7.165,-1.125,4.245,11.335,5.199999999999999,0.8,ACLS|AEIS|CAMT|COHU|FORM|KLAC|MKSI|ONTO|TER|UCTT,ACLS|AEIS|CAMT|COHU|FORM|KLAC|MKSI|ONTO|TER|UCTT
ATAI,9,8,,-0.41,76.26,0.0,-5.0600000000000005,-12.39,,11.98,75.64,,ANIX|CMPS|DFTX|GHRS|HELP|RGLS|RLMD|SLS|VNDA,ANIX|CMPS|DFTX|GHRS|HELP|RLMD|SLS|VNDA
ATAT,10,10,0.62,-7.14,1.06,0.0,1.7,-5.12,-1.08,-2.0199999999999996,10.045,0.1,APLE|CHH|H|HLT|HST|IHG|MAR|PEB|PK|WH,APLE|CHH|H|HLT|HST|IHG|MAR|PEB|PK|WH
ATCH,10,9,16.01,1.32,7.35,1.78,-3.44,-7.5,19.450000000000003,8.82,15.52,1.0,BAC|BK|C|GS|JPM|MS|PNC|TFC|USB|WFC,BAC|C|GS|JPM|MS|PNC|TFC|USB|WFC
ATCX,0,0,-5.2,-18.54,-20.79,-2.9,,,,,,,,
ATEC,10,10,-4.48,8.55,15.29,0.0,-0.8,-7.515000000000001,-3.6800000000000006,16.065,21.22,0.0,EOLS|GMED|IART|MEDP|OFIX|OSUR|SIBN|SNN|SYK|ZBH,EOLS|GMED|IART|MEDP|OFIX|OSUR|SIBN|SNN|SYK|ZBH
ATEN,10,8,-1.3,5.85,-23.43,-0.56,2.8200000000000003,10.34,-4.12,-4.49,-39.71,0.25,CHKP|CRWD|CSCO|DBX|FFIV|JNPR|NTCT|RDWR|SMAR|ZS,CHKP|CRWD|CSCO|DBX|FFIV|NTCT|RDWR|ZS
ATER,10,10,-7.18,52.27,-48.39,0.79,-1.11,-11.885,-6.069999999999999,64.155,-46.515,0.2,AMZN|CHWY|CMRC|EBAY|ETSY|FLWS|RVLV|SFIX|SHOP|WMT,AMZN|CHWY|CMRC|EBAY|ETSY|FLWS|RVLV|SFIX|SHOP|WMT
ATEX,10,8,10.18,-7.08,6.18,0.0,-0.6699999999999999,-7.734999999999999,10.85,0.6549999999999994,9.68,1.0,ADTN|CIEN|CMBM|CSCO|IT|JNPR|S|T|TMUS|VZ,ADTN|CIEN|CSCO|IT|S|T|TMUS|VZ
ATGL,10,10,4.17,-23.91,-54.23,-5.41,-2.935,0.04500000000000004,7.105,-23.955000000000002,-57.605,0.9,AAPL|AMZN|CSCO|DELL|GOOGL|HPQ|IBM|INTC|MSFT|ORCL,AAPL|AMZN|CSCO|DELL|GOOGL|HPQ|IBM|INTC|MSFT|ORCL
ATHE,10,9,-7.79,-22.32,-29.91,0.0,1.7,-13.25,-9.49,-9.07,-36.95,0.0,ABBV|ACAD|ANVS|BIIB|CYPH|INMB|IONS|LXRX|PRTA|SAVA,ABBV|ACAD|ANVS|BIIB|CYPH|INMB|IONS|LXRX|PRTA
ATHM,10,9,-0.28,-2.81,12.41,-1.12,-3.3,-13.41,3.0199999999999996,10.6,23.02,1.0,ABG|AN|CARG|CPRT|CVGI|CVNA|GPI|OPLN|PAG|TRUE,ABG|AN|CARG|CPRT|CVGI|CVNA|GPI|OPLN|PAG
ATHR,0,0,4.32,4.02,9.7,0.0,,,,,,,,
ATI,10,8,1.29,-13.58,-6.77,0.99,-3.2600000000000002,-0.475,4.550000000000001,-13.105,-1.9449999999999994,0.875,CMC|CRS|HAYN|NUE|RGLD|RS|STLD|SXC|TGLS|X,CMC|CRS|NUE|RGLD|RS|STLD|SXC|TGLS
ATII,0,0,0.19,0.28,-0.84,0.0,,,,,,,,
ATKR,10,8,-0.01,1.09,21.34,0.0,-0.755,-9.280000000000001,0.745,10.370000000000001,36.019999999999996,0.75,AXTA|CRH|EXP|MLM|NCSM|OC|PLL|TREX|VMI|WMS,AXTA|CRH|EXP|MLM|OC|TREX|VMI|WMS
ATLC,10,9,-2.39,-4.39,-12.98,0.0,-4.53,-9.01,2.14,4.62,-1.1600000000000001,0.8888888888888888,ALLY|CACC|COF|DFS|ENVA|NAVI|RM|SG|SLM|SSP,ALLY|CACC|COF|ENVA|NAVI|RM|SG|SLM|SSP
ATLO,10,10,-3.24,-2.39,1.37,0.0,-1.73,-1.51,-1.5100000000000002,-0.8800000000000001,-1.17,0.1,CAC|CCNE|CHCO|ESQ|FULT|SFNC|SRCE|TMP|UBSI|WSBC,CAC|CCNE|CHCO|ESQ|FULT|SFNC|SRCE|TMP|UBSI|WSBC
ATLX,10,9,-0.7,-17.44,-19.55,3.27,-2.56,-15.56,1.86,-1.8800000000000008,-6.640000000000001,0.7777777777777778,ALB|AMR|FMC|LAC|MP|OR|PLL|SGML|SLI|SQM,ALB|AMR|FMC|LAC|MP|OR|SGML|SLI|SQM
ATMU,10,9,1.51,-6.63,-11.34,0.0,-2.36,-5.8,3.87,-0.8300000000000001,-3.01,0.8888888888888888,ADNT|ALV|AXL|BWA|CMI|CVI|DAN|LCII|PKOH|WPRT,ADNT|ALV|BWA|CMI|CVI|DAN|LCII|PKOH|WPRT
ATNI,10,8,-2.28,-6.01,8.79,0.0,-2.1799999999999997,-4.38,-0.10000000000000009,-1.63,14.854999999999999,0.5,AD|CABO|CMCSA|CNSL|FYBR|LUMN|SHEN|T|TMUS|VZ,AD|CABO|CMCSA|LUMN|SHEN|T|TMUS|VZ
ATNM,10,7,-4.84,12.38,16.83,0.0,-1.37,-8.33,-3.4699999999999998,20.71,40.87,0.2857142857142857,AFMD|APTO|BLRX|CLLS|CUE|IMMP|KPTI|PDSB|PSTX|TGTX,BLRX|CLLS|CUE|IMMP|KPTI|PDSB|TGTX
ATO,10,10,-3.53,-6.9,-9.47,0.0,-3.785,-5.87,0.25500000000000034,-1.0300000000000002,4.24,0.6,AEE|CMS|DTE|EVRG|NI|OGS|PNW|SRE|WEC|XEL,AEE|CMS|DTE|EVRG|NI|OGS|PNW|SRE|WEC|XEL
ATOM,10,10,7.42,-6.45,-41.52,-0.81,4.65,8.24,2.7699999999999996,-14.690000000000001,-33.025000000000006,0.7,ADI|AMAT|AMD|ASML|INTC|MU|NVDA|QCOM|SWKS|TXN,ADI|AMAT|AMD|ASML|INTC|MU|NVDA|QCOM|SWKS|TXN
ATOS,9,7,-9.58,-19.03,22.6,-0.46,-1.68,-4.49,-7.9,-14.540000000000001,14.82,0.0,ADAP|AXSM|BNTX|CYTK|KPTI|MRNA|NVAX|RGLS|SRPT,AXSM|BNTX|CYTK|KPTI|MRNA|NVAX|SRPT
ATPC,10,7,-2.61,-5.88,-28.89,0.0,-0.54,-7.49,-2.07,1.6100000000000003,-8.61,0.14285714285714285,COLM|DECK|FL|GES|GOLF|NKE|RL|SKX|UA|VFC,COLM|DECK|GOLF|NKE|RL|UA|VFC
ATR,10,9,0.02,-7.43,0.37,0.0,-0.33,-8.49,0.35000000000000003,1.0600000000000005,4.33,0.5555555555555556,AVY|BALL|CCK|GPK|MYE|OI|PKG|SEE|SLGN|SON,AVY|BALL|CCK|GPK|MYE|OI|PKG|SLGN|SON
ATRA,10,8,-15.33,-9.51,-18.86,0.0,-0.89,-19.6,-14.44,10.090000000000002,-5.535,0.125,ADAP|ALLO|BLUE|CLLS|EDIT|FATE|GILD|IMMP|NVS|TVRD,ALLO|CLLS|EDIT|FATE|GILD|IMMP|NVS|TVRD
ATRC,10,10,4.93,21.66,112.0,0.0,-0.235,-3.24,5.165,24.9,111.72,1.0,ABT|BIO|BSX|EW|IART|ISRG|JNJ|LMAT|MDT|ZBH,ABT|BIO|BSX|EW|IART|ISRG|JNJ|LMAT|MDT|ZBH
ATRO,10,8,4.32,-7.51,-18.52,0.0,0.26,-7.705,4.0600000000000005,0.19500000000000028,-5.34,1.0,DCO|HEI|HWM|HXL|LHX|MRC|MRCY|SPR|TDG|TWST,DCO|HEI|HWM|HXL|LHX|MRCY|TDG|TWST
ATS,10,10,0.16,-0.1,-31.34,0.0,1.54,-2.23,-1.3800000000000001,2.13,-22.965,0.4,AME|CGNX|EMR|GNRC|HON|IR|ITRI|ROK|ST|XYL,AME|CGNX|EMR|GNRC|HON|IR|ITRI|ROK|ST|XYL
ATXG,9,9,-9.47,-7.03,-21.37,0.0,-1.23,-5.28,-8.24,-1.75,-14.34,0.1111111111111111,CNDT|CYRX|DAVA|HASI|IDT|IIIV|LDOS|OPI|VNET,CNDT|CYRX|DAVA|HASI|IDT|IIIV|LDOS|OPI|VNET
ATYR,10,8,2.26,-32.46,-31.21,2.61,-5.1,-7.9,7.359999999999999,-24.560000000000002,-16.355,1.0,ALNY|BLUE|BMRN|CSL|FOLD|IONS|NBIX|PTCT|SRPT|VRTX,ALNY|BMRN|CSL|IONS|NBIX|PTCT|SRPT|VRTX
AU,10,9,-4.26,-20.58,23.52,-0.75,-3.82,-12.05,-0.43999999999999995,-8.529999999999998,4.969999999999999,0.3333333333333333,AEM|AG|B|BTG|CDE|HL|KGC|NEM|PAAS|SAND,AEM|AG|B|BTG|CDE|HL|KGC|NEM|PAAS
AUB,10,9,-2.27,-6.52,-6.27,0.0,-3.44,-7.58,1.17,1.0600000000000005,2.3900000000000006,0.8888888888888888,CFG|CMA|FHN|FITB|HBAN|KEY|PNC|RF|TFC|USB,CFG|FHN|FITB|HBAN|KEY|PNC|RF|TFC|USB
AUBN,10,8,0.12,0.54,3.35,0.0,-2.335,-3.005,2.455,3.545,4.4,1.0,BHB|CATY|FFNW|GSBC|HTLF|INDB|LKFN|MCHB|NBTB|SRCE,BHB|CATY|GSBC|INDB|LKFN|MCHB|NBTB|SRCE
AUDC,10,9,2.89,5.2,14.54,-0.43,-0.54,-3.89,3.43,9.09,25.99,0.8888888888888888,ANET|CIEN|CSCO|ERIC|EXTR|FFIV|HPE|JNPR|MSI|NOK,ANET|CIEN|CSCO|ERIC|EXTR|FFIV|HPE|MSI|NOK
AUGO,0,0,-6.66,-8.48,35.45,-2.98,,,,,,,,
AUID,10,9,-15.88,-12.78,-62.39,-0.05,3.54,17.78,-19.42,-30.560000000000002,-114.95,0.0,BB|CRWD|CYBR|FORTY|NET|OKTA|QLYS|TENB|VRNS|ZS,BB|CRWD|FORTY|NET|OKTA|QLYS|TENB|VRNS|ZS
AUNA,10,7,-1.53,-3.01,4.46,0.0,0.35,0.0,-1.88,-3.01,-13.779999999999998,0.2857142857142857,ACHC|ADUS|AMED|CYH|EHC|HCA|SEM|SSY|THC|UHS,ACHC|ADUS|CYH|EHC|HCA|THC|UHS
AUPH,10,9,-3.3,-1.03,-11.92,0.0,0.13,-2.61,-3.4299999999999997,1.5799999999999998,-25.41,0.2222222222222222,ABBV|AMGN|BIIB|BMRN|GILD|INCY|NBIX|REGN|SAGE|VRTX,ABBV|AMGN|BIIB|BMRN|GILD|INCY|NBIX|REGN|VRTX
AUR,10,10,-3.85,8.15,0.0,-1.27,-0.72,-3.315,-3.13,11.465,-0.13,0.3,APTV|DDOG|GM|GOOGL|LAZR|LYFT|MBLY|NVDA|TSLA|UBER,APTV|DDOG|GM|GOOGL|LAZR|LYFT|MBLY|NVDA|TSLA|UBER
AURA,8,6,-3.95,-19.05,-7.73,5.15,-1.9200000000000002,-12.629999999999999,-2.0300000000000002,-6.420000000000002,-11.81,0.3333333333333333,ARVN|CRSP|EDIT|FATE|ITCI|KURA|LITS|RVNC,ARVN|CRSP|EDIT|FATE|KURA|LITS
AURE,10,9,-19.42,-32.93,-49.55,0.0,-2.81,-10.38,-16.610000000000003,-22.549999999999997,-48.949999999999996,0.0,AMP|BAC|BK|BLK|C|GS|JPM|MS|SCHW|TROW,AMP|BAC|BLK|C|GS|JPM|MS|SCHW|TROW
AUST,10,10,-1.75,-15.15,1.82,0.0,-3.835,-13.02,2.085,-2.130000000000001,-21.525,0.8,AGI|AU|B|BTG|EGO|GFI|HMY|IAG|KGC|NEM,AGI|AU|B|BTG|EGO|GFI|HMY|IAG|KGC|NEM
AUTL,10,8,4.28,-16.67,22.64,0.0,-1.345,-5.755,5.625,-10.915000000000003,21.18,1.0,ADPT|BLUE|BOLT|CRSP|EDIT|IOVA|NTLA|PSTX|SRPT|TCRT,ADPT|BOLT|CRSP|EDIT|IOVA|NTLA|SRPT|TCRT
AUUD,10,10,25.58,34.65,3.65,-0.31,-2.3200000000000003,-4.625,27.9,39.275,-6.505000000000001,1.0,AMZN|APPS|GOOGL|MSFT|NFLX|ROKU|SIRI|SONY|SPOT|TME,AMZN|APPS|GOOGL|MSFT|NFLX|ROKU|SIRI|SONY|SPOT|TME
AVA,10,10,-3.56,-6.09,-13.45,0.0,-3.68,-6.115,0.1200000000000001,0.025000000000000355,-1.8599999999999994,0.6,AEP|DUK|ED|EIX|ES|FE|LNT|PEG|PNW|POR,AEP|DUK|ED|EIX|ES|FE|LNT|PEG|PNW|POR
AVAH,10,7,-8.59,-6.03,50.59,-0.16,-2.74,-0.66,-5.85,-5.37,39.230000000000004,0.0,ADUS|AHCO|AMED|CHE|EHC|HUM|LFST|MODV|PROV|SEM,ADUS|AHCO|CHE|EHC|HUM|LFST|PROV
AVAL,10,10,-4.73,-9.04,-2.71,0.0,-3.385,-5.13,-1.3450000000000006,-3.9099999999999993,-6.465,0.4,BBD|BBVA|BMA|BSAC|CIB|GGAL|ITUB|SAN|SUPV|UBS,BBD|BBVA|BMA|BSAC|CIB|GGAL|ITUB|SAN|SUPV|UBS
AVAV,10,10,-5.77,4.44,12.64,-1.27,-3.15,-8.08,-2.6199999999999997,12.52,13.350000000000001,0.0,BA|GD|HII|KTOS|LDOS|LHX|LMT|NOC|RTX|TXT,BA|GD|HII|KTOS|LDOS|LHX|LMT|NOC|RTX|TXT
AVBC,0,0,-2.96,-1.86,7.03,0.0,,,,,,,,
AVBH,0,0,-0.73,-3.2,-4.25,0.0,,,,,,,,
AVBP,10,9,9.58,7.22,-5.37,0.0,0.13,-0.16,9.45,7.38,-20.51,0.8888888888888888,AMGN|BIIB|BLUE|GILD|IONS|MRNA|NBIX|REGN|SRPT|VRTX,AMGN|BIIB|GILD|IONS|MRNA|NBIX|REGN|SRPT|VRTX
AVD,10,10,-4.69,-6.45,-22.81,0.0,-3.26,-5.875,-1.4300000000000006,-0.5750000000000002,-17.04,0.2,ALB|APD|CF|CMP|DD|FMC|ICL|MOS|SMG|SQM,ALB|APD|CF|CMP|DD|FMC|ICL|MOS|SMG|SQM
AVGO,10,10,0.66,-2.01,-7.74,-1.52,5.835,4.699999999999999,-5.175,-6.709999999999999,2.8499999999999996,0.0,ADI|AMAT|AMD|INTC|LRCX|MRVL|MU|NVDA|QCOM|TXN,ADI|AMAT|AMD|INTC|LRCX|MRVL|MU|NVDA|QCOM|TXN
AVIR,10,8,2.52,-4.17,17.86,0.0,0.8600000000000001,-0.08499999999999996,1.66,-4.085,-2.2349999999999994,0.625,BNTX|CYCN|GILD|JNJ|MRNA|NVAX|PFE|PTGX|RIGL|VXRT,BNTX|GILD|JNJ|MRNA|NVAX|PFE|PTGX|RIGL
AVNT,10,10,0.1,-7.77,11.27,0.0,0.595,-6.15,-0.495,-1.6199999999999992,16.07,0.4,ASH|CC|DOW|EMN|FMC|IFF|LYB|PPG|RPM|SHW,ASH|CC|DOW|EMN|FMC|IFF|LYB|PPG|RPM|SHW
AVNW,10,8,-1.59,-3.87,-4.15,0.0,-1.525,-2.335,-0.06500000000000017,-1.5350000000000001,8.405,0.5,ANET|CIEN|CSCO|ERIC|EXTR|FFIV|HPE|INFN|JNPR|NOK,ANET|CIEN|CSCO|ERIC|EXTR|FFIV|HPE|NOK
AVO,10,7,1.84,-3.27,4.27,0.0,-1.36,-5.54,3.2,2.27,17.7,0.8571428571428571,BRID|COTY|CRESY|CVGW|FDP|LMNR|LWAY|STKL|UNFI|WEST,BRID|COTY|CRESY|LMNR|LWAY|UNFI|WEST
AVPT,10,10,-3.48,-0.15,26.09,-0.53,-2.705,2.9000000000000004,-0.7749999999999999,-3.0500000000000003,-17.444999999999997,0.2,BOX|CRM|DOCU|GOOGL|IBM|MSFT|NOW|ORCL|SNOW|ZS,BOX|CRM|DOCU|GOOGL|IBM|MSFT|NOW|ORCL|SNOW|ZS
AVR,0,0,-9.14,-13.95,-22.57,0.39,,,,,,,,
AVT,10,9,8.2,15.06,10.96,-0.39,-0.1,4.4,8.299999999999999,10.66,-3.209999999999999,0.8888888888888888,ANET|ARW|CDW|EXTR|HPE|HSIC|JNPR|MSI|NSIT|SNX,ANET|ARW|CDW|EXTR|HPE|HSIC|MSI|NSIT|SNX
AVTR,10,10,-5.45,3.51,52.32,0.0,0.555,2.465,-6.005,1.045,35.0,0.1,A|BIO|BRKR|DHR|IDXX|IQV|MTD|STE|TMO|WAT,A|BIO|BRKR|DHR|IDXX|IQV|MTD|STE|TMO|WAT
AVTX,10,10,-7.72,-20.6,-15.75,0.0,0.365,-1.385,-8.084999999999999,-19.215,-30.78,0.1,ALNY|AMGN|BIIB|GILD|ILMN|INCY|NBIX|ONC|REGN|VRTX,ALNY|AMGN|BIIB|GILD|ILMN|INCY|NBIX|ONC|REGN|VRTX
AVX,10,10,7.96,13.31,-31.39,-2.44,5.665,0.585,2.295,12.725000000000001,-40.875,0.8,ACB|CGC|CRON|GRWG|HYFM|SMG|SNDL|TER|TLRY|VFF,ACB|CGC|CRON|GRWG|HYFM|SMG|SNDL|TER|TLRY|VFF
AVXL,10,10,0.41,-32.02,-1.83,2.98,0.955,-3.61,-0.5449999999999999,-28.410000000000004,-16.145000000000003,0.5,ABBV|AMGN|BIIB|BMY|GILD|LLY|MRK|PFE|REGN|VRTX,ABBV|AMGN|BIIB|BMY|GILD|LLY|MRK|PFE|REGN|VRTX
AVY,9,7,0.22,-6.0,5.83,0.0,0.9,-11.98,-0.68,5.98,13.370000000000001,0.42857142857142855,AMCR|BERY|GPK|IP|OI|PKG|SEE|SLGN|SON,AMCR|GPK|IP|OI|PKG|SLGN|SON
AWI,10,10,3.83,-8.01,3.98,0.0,-0.05,-7.435,3.88,-0.5750000000000002,16.75,0.9,EXP|FND|MAS|MLM|OC|RPM|TREX|TTC|USG|VMC,EXP|FND|MAS|MLM|OC|RPM|TREX|TTC|USG|VMC
AWK,8,8,0.47,0.94,6.84,4.38,-3.94,-7.265000000000001,4.41,8.205,4.915,1.0,ARTNA|AWR|CWCO|CWT|HTO|MSEX|WTRG|YORW,ARTNA|AWR|CWCO|CWT|HTO|MSEX|WTRG|YORW
AWR,10,9,-4.55,-8.23,2.64,-0.52,-1.17,-5.96,-3.38,-2.2700000000000005,3.3200000000000003,0.1111111111111111,ARTNA|AWK|CWCO|CWT|DHR|HTO|MSEX|PCYO|PNR|SWTX,ARTNA|AWK|CWCO|CWT|DHR|HTO|MSEX|PCYO|PNR
AWRE,10,8,-3.33,-7.2,-15.94,0.0,3.9450000000000003,9.735,-7.275,-16.935,-33.925,0.125,AKAM|CHKP|CSCO|CYBR|FFIV|FTNT|JNPR|PANW|QLYS|RPD,AKAM|CHKP|CSCO|FFIV|FTNT|PANW|QLYS|RPD
AWX,10,8,0.78,-6.14,4.42,0.0,-1.9849999999999999,-4.785,2.7649999999999997,-1.3549999999999995,3.165,1.0,AWK|AWR|CLH|CWCO|CWST|DNMR|HTO|RSG|SRCL|WM,AWK|AWR|CLH|CWCO|CWST|HTO|RSG|WM
AX,10,10,-5.33,-9.62,-7.14,0.0,-2.4749999999999996,-3.315,-2.8550000000000004,-6.305,-2.5999999999999996,0.1,BOH|COLB|CUBI|CVBF|FIBK|FRME|HAFC|ONB|PFBC|WAL,BOH|COLB|CUBI|CVBF|FIBK|FRME|HAFC|ONB|PFBC|WAL
AXG,10,10,-19.7,-32.05,-51.82,-3.05,-3.0949999999999998,-9.705,-16.605,-22.345,-49.08,0.0,AMTD|BAC|GS|HOOD|IBKR|JPM|LMND|MS|RJF|SCHW,AMTD|BAC|GS|HOOD|IBKR|JPM|LMND|MS|RJF|SCHW
AXGN,10,9,-4.67,-12.0,1.88,0.0,-2.3,-6.95,-2.37,-5.05,5.109999999999999,0.0,BAX|EW|GMED|HOLX|IART|JNJ|MDT|PODD|SYK|ZBH,BAX|EW|GMED|IART|JNJ|MDT|PODD|SYK|ZBH
AXIL,10,9,8.91,-3.21,4.31,0.0,-1.5,-11.48,10.41,8.27,12.599999999999998,1.0,BF-B|BUD|CCU|DEO|MGPI|NAPA|SAM|STZ|TAP|WVVI,BF-B|BUD|CCU|DEO|MGPI|SAM|STZ|TAP|WVVI
AXIN,0,0,0.05,0.29,0.0,0.0,,,,,,,,
AXON,8,7,-1.65,-27.27,0.29,-1.02,-1.64,1.51,-0.010000000000000009,-28.78,3.85,0.42857142857142855,ADI|DLTH|KTOS|KUST|NPK|SPWH|SWBI|VSTO,ADI|DLTH|KTOS|KUST|NPK|SPWH|SWBI
AXP,10,9,-2.9,-10.06,-11.77,0.06,-2.31,-9.27,-0.5899999999999999,-0.7900000000000009,-7.92,0.3333333333333333,BAC|C|COF|DFS|GS|JPM|MA|PYPL|SYF|V,BAC|C|COF|GS|JPM|MA|PYPL|SYF|V
AXR,9,7,1.91,-0.17,-11.44,0.0,-1.66,-8.3,3.57,8.13,-0.33000000000000007,0.8571428571428571,ADC|BLD|CPT|EQR|FPI|GLPI|INVH|IRM|KIM,ADC|CPT|FPI|GLPI|INVH|IRM|KIM
AXS,10,10,-4.3,-4.06,-10.11,0.0,-2.455,-2.92,-1.8449999999999998,-1.1399999999999997,-9.364999999999998,0.2,ACGL|AIG|ALL|CB|HIG|MKL|RNR|SIGI|TRV|WRB,ACGL|AIG|ALL|CB|HIG|MKL|RNR|SIGI|TRV|WRB
AXSM,10,8,-8.41,-4.49,-17.31,1.45,0.03,-8.44,-8.44,3.9499999999999993,-8.719999999999999,0.125,ACAD|ALKS|AVDL|BHVN|BIIB|NBIX|PRTA|RARE|SAGE|VRTX,ACAD|ALKS|BHVN|BIIB|NBIX|PRTA|RARE|VRTX
AXTA,10,10,-0.4,-10.71,-6.42,0.22,0.355,-5.99,-0.755,-4.720000000000001,-3.38,0.3,APD|ASH|CBT|ECL|FUL|PPG|RPM|SHW|VAL|VHI,APD|ASH|CBT|ECL|FUL|PPG|RPM|SHW|VAL|VHI
AXTI,10,10,2.91,3.37,0.96,-4.47,5.745,-0.68,-2.835,4.05,30.6,0.2,AMAT|ASML|COHR|IPGP|KLIC|LRCX|MKSI|ONTO|PLAB|UCTT,AMAT|ASML|COHR|IPGP|KLIC|LRCX|MKSI|ONTO|PLAB|UCTT
AYI,10,10,3.06,-9.07,0.18,0.0,3.29,-0.735,-0.22999999999999998,-8.335,11.350000000000001,0.4,AME|CARR|EMR|ETN|GE|HON|HUBB|JCI|LII|ROK,AME|CARR|EMR|ETN|GE|HON|HUBB|JCI|LII|ROK
AYTU,10,8,12.5,-4.26,3.69,-1.32,-3.59,-5.62,16.09,1.3600000000000003,14.885,1.0,AMRX|AUPH|AXDX|BHC|CYTK|GERN|HRTX|INVA|IRWD|XOMA,AMRX|AUPH|BHC|CYTK|GERN|HRTX|INVA|IRWD
AZ,10,9,2.68,-18.79,6.48,0.0,4.21,-2.09,-1.5299999999999998,-16.7,5.49,0.3333333333333333,DHR|EMR|ETN|GE|HON|IRBTQ|ITRI|MMM|PH|ROK,DHR|EMR|ETN|GE|HON|ITRI|MMM|PH|ROK
AZI,10,10,4.24,-4.65,-37.88,0.0,0.35500000000000004,-9.11,3.8850000000000002,4.459999999999999,-45.24,0.9,AMZN|BABA|CHWY|EBAY|ETSY|JD|MELI|PDD|SHOP|WMT,AMZN|BABA|CHWY|EBAY|ETSY|JD|MELI|PDD|SHOP|WMT
AZN,10,10,-1.26,-3.31,-11.65,0.5,-0.039999999999999994,-6.305,-1.22,2.9949999999999997,-21.805,0.3,ABBV|AMGN|BMY|GSK|JNJ|LLY|MRK|NVS|PFE|SNY,ABBV|AMGN|BMY|GSK|JNJ|LLY|MRK|NVS|PFE|SNY
AZO,10,10,1.01,-5.09,-6.08,1.05,-1.86,-12.85,2.87,7.76,-0.6300000000000008,0.9,AAP|ABG|AN|CASY|GPC|KMX|LAD|ORLY|PAG|SAH,AAP|ABG|AN|CASY|GPC|KMX|LAD|ORLY|PAG|SAH
AZTA,10,8,0.74,2.02,37.56,-0.62,1.0150000000000001,2.465,-0.27500000000000013,-0.44499999999999984,19.250000000000004,0.5,A|BIO|CTLT|DHR|HOLX|ILMN|MMS|QGEN|TMO|WAT,A|BIO|DHR|ILMN|MMS|QGEN|TMO|WAT
AZTR,10,10,-7.02,5.08,-0.12,0.0,-2.17,-12.92,-4.85,18.0,13.135,0.1,AKTX|ANAB|ARMP|ARWR|BCRX|FATE|ORMP|PULM|TVRD|VYGR,AKTX|ANAB|ARMP|ARWR|BCRX|FATE|ORMP|PULM|TVRD|VYGR
AZZ,10,10,2.99,-0.61,-14.05,-0.1,2.5,-4.3,0.4900000000000002,3.69,-14.035,0.6,AEM|ATI|BA|DE|EMR|ETN|GE|IR|JCI|MMM,AEM|ATI|BA|DE|EMR|ETN|GE|IR|JCI|MMM
B,10,9,-3.41,-13.65,14.83,-0.68,-3.87,-11.86,0.45999999999999996,-1.790000000000001,-8.69,0.5555555555555556,AEM|AU|BTG|EGO|GFI|IAG|KGC|NEM|NGD|OR,AEM|AU|BTG|EGO|GFI|IAG|KGC|NEM|OR
BA,10,10,1.22,-5.53,-8.58,-0.26,-2.165,-8.055,3.385,2.5249999999999995,-6.665,0.7,GD|HEI|HII|HON|LDOS|LMT|NOC|RTX|TDG|TXT,GD|HEI|HII|HON|LDOS|LMT|NOC|RTX|TDG|TXT
BABA,10,10,2.85,-6.54,17.42,0.75,-1.1,-9.11,3.95,2.5699999999999994,13.64,0.8,AMZN|BIDU|CPNG|EBAY|JD|MELI|PDD|SHOP|TCOM|WMT,AMZN|BIDU|CPNG|EBAY|JD|MELI|PDD|SHOP|TCOM|WMT
BAC,10,10,-3.83,-10.38,-3.85,-0.09,-3.165,-7.865,-0.665,-2.5150000000000006,2.3749999999999996,0.3,C|COF|GS|JPM|MS|PNC|SCHW|TFC|USB|WFC,C|COF|GS|JPM|MS|PNC|SCHW|TFC|USB|WFC
BACC,0,0,-1.04,-0.28,1.16,0.0,,,,,,,,
BAER,10,10,-4.72,-27.56,-46.98,0.15,-3.37,-5.935,-1.3499999999999996,-21.625,-45.065,0.2,BA|BWXT|GD|HII|LDOS|LHX|LMT|MATX|NOC|TXT,BA|BWXT|GD|HII|LDOS|LHX|LMT|MATX|NOC|TXT
BAFN,10,9,-9.97,9.2,82.64,0.0,-2.81,-6.74,-7.16,15.94,86.92,0.0,BAC|BK|C|GS|JPM|MS|PNC|STT|USB|WFC,BAC|C|GS|JPM|MS|PNC|STT|USB|WFC
BAH,10,10,-3.52,0.57,20.69,0.0,-3.335,-5.455,-0.18500000000000005,6.025,8.825000000000001,0.4,ACN|BA|CACI|DXC|GD|LDOS|LHX|LMT|NOC|SAIC,ACN|BA|CACI|DXC|GD|LDOS|LHX|LMT|NOC|SAIC
BAK,10,10,-12.99,-16.3,-47.44,0.0,-2.215,-6.029999999999999,-10.775,-10.270000000000001,-39.974999999999994,0.0,ASH|CE|DOW|EMN|HUN|LYB|MTX|OI|PPG|WLK,ASH|CE|DOW|EMN|HUN|LYB|MTX|OI|PPG|WLK
BALL,9,7,-2.98,-8.02,-3.96,0.2,0.02,-11.93,-3.0,3.91,1.4800000000000004,0.14285714285714285,ATR|BERY|CCK|IP|OI|PKG|SEE|SLGN|SON,ATR|CCK|IP|OI|PKG|SLGN|SON
BALY,10,9,15.73,31.86,-15.56,0.0,-3.66,-13.95,19.39,45.81,2.0600000000000005,1.0,BYD|CHDN|CZR|GDEN|LVS|MGM|MSC|PENN|RRR|WYNN,BYD|CHDN|CZR|LVS|MGM|MSC|PENN|RRR|WYNN
BAM,10,10,-0.11,-13.58,1.59,0.24,-1.22,-10.41,1.1099999999999999,-3.17,-2.5999999999999996,0.8,APO|ARES|BLK|BX|CG|CNS|HLNE|IVZ|KKR|MS,APO|ARES|BLK|BX|CG|CNS|HLNE|IVZ|KKR|MS
BANC,10,10,-3.06,-4.99,-14.56,0.0,-3.1399999999999997,-3.075,0.07999999999999963,-1.915,-15.775,0.6,BMRC|CFFI|FBK|FMBH|HTB|INBK|MBWM|WABC|WAL|WTBA,BMRC|CFFI|FBK|FMBH|HTB|INBK|MBWM|WABC|WAL|WTBA
BAND,10,10,15.64,25.2,11.64,-1.22,6.96,17.435,8.68,7.765000000000001,-12.184999999999999,0.8,AKAM|CRNT|EGHT|FSLY|NET|RNG|SONM|TMDX|TWLO|ZM,AKAM|CRNT|EGHT|FSLY|NET|RNG|SONM|TMDX|TWLO|ZM
BANF,10,9,-2.42,-4.93,-6.36,0.0,-2.44,-5.84,0.020000000000000018,0.9100000000000001,-1.4500000000000002,0.5555555555555556,ASB|BOKF|COLB|FFIN|FIBK|GBCI|IBCP|IBTX|ONB|SFNC,ASB|BOKF|COLB|FFIN|FIBK|GBCI|IBCP|ONB|SFNC
BANL,10,8,-7.27,-61.51,2.98,0.0,-1.78,4.13,-5.489999999999999,-65.64,-17.9,0.125,BP|COP|CVX|HES|MRO|OXY|PSX|SHEL|VLO|XOM,BP|COP|CVX|OXY|PSX|SHEL|VLO|XOM
BANR,10,9,-4.23,-3.88,0.68,0.0,-2.93,-3.45,-1.3000000000000003,-0.4299999999999997,3.6300000000000003,0.2222222222222222,CIVB|COLB|CVBF|FULT|HOPE|HTLF|PROV|SFNC|UBSI|WAFD,CIVB|COLB|CVBF|FULT|HOPE|PROV|SFNC|UBSI|WAFD
BAOS,10,9,-2.03,-36.24,-89.28,4.87,-3.22,-5.06,1.1900000000000004,-31.180000000000003,-80.62,0.5555555555555556,CRTO|FLNT|IPG|IZEA|MCHX|MGNI|OMC|SCOR|TTD|WPP,CRTO|FLNT|IZEA|MCHX|MGNI|OMC|SCOR|TTD|WPP
BAP,10,10,1.11,1.49,2.36,0.0,-3.7250000000000005,-5.67,4.835000000000001,7.16,1.8649999999999998,0.9,AVAL|BBAR|BBD|BCH|BMA|BSAC|CIB|GGAL|ITUB|SUPV,AVAL|BBAR|BBD|BCH|BMA|BSAC|CIB|GGAL|ITUB|SUPV
BARK,9,8,-3.74,-19.23,-13.91,0.0,-3.5300000000000002,-13.685,-0.20999999999999996,-5.545,-7.82,0.5,CENT|CHWY|FRPT|HELE|SMPL|TRUP|WOOF|ZOM|ZTS,CENT|CHWY|FRPT|HELE|SMPL|TRUP|WOOF|ZTS
BATL,10,8,-9.76,-15.27,-11.9,0.91,-3.13,-1.23,-6.63,-14.04,-25.765,0.0,APA|COP|DVN|EQT|FANG|HES|MRO|MUR|OXY|SM,APA|COP|DVN|EQT|FANG|MUR|OXY|SM
BATRA,10,10,3.81,1.27,3.44,0.0,-0.84,-11.155000000000001,4.65,12.425,1.1400000000000001,1.0,AMCX|CMCSA|DIS|DPZ|FWONA|LYV|MANU|NFLX|ROKU|VIV,AMCX|CMCSA|DIS|DPZ|FWONA|LYV|MANU|NFLX|ROKU|VIV
BATRK,10,10,5.21,1.56,3.21,0.0,-0.7,-11.335,5.91,12.895000000000001,7.065,1.0,CMCSA|DAL|DIS|LYV|MANU|NFLX|ROKU|TRIP|UBER|YUM,CMCSA|DAL|DIS|LYV|MANU|NFLX|ROKU|TRIP|UBER|YUM
BAX,10,10,2.04,-10.65,9.0,0.0,0.1,-5.5649999999999995,1.94,-5.085000000000001,-1.295,0.7,ABT|BDX|BMY|DHR|ISRG|JNJ|MMM|RMD|SYK|ZBH,ABT|BDX|BMY|DHR|ISRG|JNJ|MMM|RMD|SYK|ZBH
BB,10,8,3.27,5.26,-20.7,-2.15,3.77,20.025,-0.5,-14.764999999999999,-63.519999999999996,0.375,ATEN|CRWD|CYBR|FTNT|NET|OKTA|PANW|TENB|VRNT|ZS,ATEN|CRWD|FTNT|NET|OKTA|PANW|TENB|ZS
BBAI,9,8,-1.07,-9.08,-17.61,-1.07,-2.305,4.630000000000001,1.235,-13.71,-38.75,0.625,AI|AVAV|BAH|CACI|INOD|LDOS|PLTR|SAIC|VRNT,AI|AVAV|BAH|CACI|INOD|LDOS|PLTR|SAIC
BBAR,10,10,-5.79,-7.38,-27.86,0.0,-3.7350000000000003,-4.24,-2.0549999999999997,-3.1399999999999997,-26.314999999999998,0.1,BAC|BMA|BSBR|C|GGAL|HSBC|ITUB|JPM|SAN|WFC,BAC|BMA|BSBR|C|GGAL|HSBC|ITUB|JPM|SAN|WFC
BBCP,10,9,-4.01,2.92,-13.22,0.0,0.35,-5.09,-4.359999999999999,8.01,10.97,0.2222222222222222,ASTE|CAT|GVA|HEES|MTW|OSK|PII|ROAD|TER|URI,ASTE|CAT|GVA|MTW|OSK|PII|ROAD|TER|URI
BBD,10,10,-0.28,6.78,3.7,0.29,-2.305,-3.445,2.0250000000000004,10.225,-0.4249999999999998,0.8,BAP|BBVA|BSBR|CIB|GGAL|HSBC|ITUB|PBR|SBAC|SUPV,BAP|BBVA|BSBR|CIB|GGAL|HSBC|ITUB|PBR|SBAC|SUPV
BBDC,10,10,-0.92,-8.36,7.05,0.0,-1.585,-3.685,0.6649999999999999,-4.674999999999999,0.7850000000000001,0.8,ARCC|CGBD|FDUS|GAIN|GSBD|HTGC|MAIN|PNNT|PSEC|TCPC,ARCC|CGBD|FDUS|GAIN|GSBD|HTGC|MAIN|PNNT|PSEC|TCPC
BBGI,10,8,-1.78,-15.82,-30.66,0.0,-4.9,-10.82,3.12,-5.0,-23.405,0.625,CMLS|GTN|IHRT|NCMI|NXST|SBGI|SIRI|SSP|TGNA|TSQ,GTN|IHRT|NCMI|NXST|SBGI|SIRI|SSP|TSQ
BBIO,10,8,-3.79,-18.95,-5.26,0.0,-1.6500000000000001,-7.02,-2.1399999999999997,-11.93,-2.71,0.375,ALNY|BLUE|BMRN|CRSP|FOLD|NBIX|PRTA|RARE|SRPT|VRTX,ALNY|BMRN|CRSP|NBIX|PRTA|RARE|SRPT|VRTX
BBLG,10,10,7.62,-11.04,-59.85,6.26,-2.8,-7.515000000000001,10.42,-3.5249999999999986,-58.83,1.0,ATEC|BAX|GMED|IART|JNJ|MDT|OFIX|SNN|SYK|ZBH,ATEC|BAX|GMED|IART|JNJ|MDT|OFIX|SNN|SYK|ZBH
BBNX,0,0,2.66,13.75,38.28,-0.86,,,,,,,,
BBOT,0,0,-12.61,-54.49,-44.09,0.0,,,,,,,,
BBSI,10,7,-4.93,-2.42,-4.65,0.0,-5.13,-6.55,0.20000000000000018,4.13,-30.33,0.5714285714285714,ADP|ATSG|CCRN|DHX|HSII|MAN|NSP|PAYX|RHI|TNET,ADP|DHX|MAN|NSP|PAYX|RHI|TNET
BBT,10,9,-10.31,-11.62,-8.79,0.0,-2.32,-3.86,-7.99,-7.76,-9.93,0.0,BFIN|INDB|OSBC|PFBC|SFBS|SYBT|TCBK|TMP|UBSI|WTFC,INDB|OSBC|PFBC|SFBS|SYBT|TCBK|TMP|UBSI|WTFC
BBUC,10,10,-0.2,-9.6,-21.45,0.0,-1.445,-14.600000000000001,1.245,5.000000000000002,-25.64,0.9,APO|ARES|BX|CG|EVR|HLNE|KKR|MC|TPG|VCTR,APO|ARES|BX|CG|EVR|HLNE|KKR|MC|TPG|VCTR
BBVA,10,10,-1.6,-2.0,15.65,1.0,-2.305,-2.84,0.7050000000000001,0.8399999999999999,11.895,0.6,BAP|BBD|BCH|BSBR|CIB|GGAL|ITUB|SAN|SUPV|WFC,BAP|BBD|BCH|BSBR|CIB|GGAL|ITUB|SAN|SUPV|WFC
BBW,10,10,2.08,-33.96,-18.75,0.15,-1.4500000000000002,-7.645,3.5300000000000002,-26.315,-17.6,0.9,DIS|FNKO|HAS|JAKK|MAT|NKE|ROST|TGT|UA|WMT,DIS|FNKO|HAS|JAKK|MAT|NKE|ROST|TGT|UA|WMT
BBWI,7,7,1.73,-11.22,-21.96,0.0,3.98,0.24,-2.25,-11.46,-38.93,0.42857142857142855,COTY|EL|HELE|IPAR|LB|SBH|ULTA,COTY|EL|HELE|IPAR|LB|SBH|ULTA
BBY,9,9,-4.19,6.23,17.83,-0.22,0.62,-5.5,-4.8100000000000005,11.73,21.95,0.0,AMZN|BURL|COST|FLWS|HD|LOW|RTH|TGT|WMT,AMZN|BURL|COST|FLWS|HD|LOW|RTH|TGT|WMT
BC,10,9,-2.46,-17.64,-24.78,-0.11,0.15,-10.37,-2.61,-7.270000000000001,-12.56,0.3333333333333333,DOO|FOUR|HZO|LAKE|MCFT|MPX|OSW|PII|THO|YETI,DOO|FOUR|HZO|LAKE|MCFT|OSW|PII|THO|YETI
BCAL,10,8,-0.51,0.23,4.36,0.0,-2.675,-3.37,2.165,3.6,6.66,1.0,CVBF|EWBC|FFWM|FULT|HAFC|HOPE|PPBI|PROV|UBSI|WAL,CVBF|EWBC|FULT|HAFC|HOPE|PROV|UBSI|WAL
BCAX,0,0,-11.47,-18.63,-24.07,-2.37,,,,,,,,
BCBP,10,9,-0.46,-0.12,-15.77,-0.46,-2.32,-4.89,1.8599999999999999,4.77,-14.549999999999999,0.8888888888888888,BANC|BSVN|CNOB|FFIC|FLG|KRNY|OCFC|RBB|TMP|UBSI,BANC|BSVN|CNOB|FLG|KRNY|OCFC|RBB|TMP|UBSI
BCC,10,9,3.25,-5.45,0.13,0.0,0.32,-7.02,2.93,1.5699999999999994,12.8,0.7777777777777778,BLDR|BXC|LPX|MAS|OC|PCH|TREX|UFPI|WFG|WY,BLDR|BXC|LPX|MAS|OC|TREX|UFPI|WFG|WY
BCDA,10,8,-0.9,-2.65,0.92,4.76,-2.4000000000000004,-12.89,1.5000000000000004,10.24,7.565,0.625,BLUE|BOLD|CLLS|CLRB|CRSP|EDIT|FATE|NTLA|QURE|SGMO,BOLD|CLLS|CLRB|CRSP|EDIT|FATE|NTLA|QURE
BCE,10,9,-3.96,-9.39,-6.85,0.0,-3.23,-1.83,-0.73,-7.5600000000000005,-6.67,0.4444444444444444,AD|CHTR|CMCSA|CNSL|LUMN|S|T|TMUS|VOD|VZ,AD|CHTR|CMCSA|LUMN|S|T|TMUS|VOD|VZ
BCG,10,10,-5.6,-19.18,-22.88,0.0,-1.58,-7.67,-4.02,-11.51,-27.235,0.0,APO|ARES|BX|CG|GAIN|GLAD|KKR|MAIN|PNNT|PSEC,APO|ARES|BX|CG|GAIN|GLAD|KKR|MAIN|PNNT|PSEC
BCH,10,10,1.7,-2.88,10.0,0.0,-1.465,-1.43,3.165,-1.45,3.0549999999999997,1.0,BAP|BBD|BBVA|BSAC|CIB|GGAL|ITUB|MFG|SAN|WF,BAP|BBD|BBVA|BSAC|CIB|GGAL|ITUB|MFG|SAN|WF
BCIC,0,0,0.42,-8.15,-0.7,0.0,,,,,,,,
BCML,10,9,-1.3,-1.59,-9.14,0.0,-1.92,-6.3,0.6199999999999999,4.71,-8.040000000000001,0.6666666666666666,BANR|BOH|CVBF|FCFS|GBCI|PFBC|PPBI|SFBS|WABC|WAFD,BANR|BOH|CVBF|FCFS|GBCI|PFBC|SFBS|WABC|WAFD
BCO,10,10,-3.19,-6.93,9.06,0.0,-3.62,-6.8149999999999995,0.43000000000000016,-0.11500000000000021,17.875,0.5,CHRW|CXW|EXP|FDX|GEO|JCI|RHI|UPS|XPO|ZTO,CHRW|CXW|EXP|FDX|GEO|JCI|RHI|UPS|XPO|ZTO
BCPC,10,10,0.38,-5.22,-0.61,0.0,-0.305,-5.71,0.685,0.4900000000000002,-1.9449999999999998,0.6,ADM|CARG|CLX|DSM|EL|IFF|INGR|KO|PG|UL,ADM|CARG|CLX|DSM|EL|IFF|INGR|KO|PG|UL
BCRX,10,9,-1.38,-12.72,-13.33,0.12,-3.43,-6.48,2.0500000000000003,-6.24,-15.89,0.5555555555555556,ALNY|BLUE|BMRN|CRSP|IONS|PTCT|RARE|REGN|SRPT|VRTX,ALNY|BMRN|CRSP|IONS|PTCT|RARE|REGN|SRPT|VRTX
BCS,10,9,-5.58,-11.09,-11.32,-0.33,-3.44,-7.5,-2.14,-3.59,-3.1500000000000004,0.1111111111111111,BAC|BK|C|GS|JPM|MS|PNC|TFC|USB|WFC,BAC|C|GS|JPM|MS|PNC|TFC|USB|WFC
BCSF,10,10,-0.09,-8.66,-7.6,0.0,-1.31,-3.9699999999999998,1.22,-4.69,-14.69,0.6,ARCC|GSBD|HTGC|MAIN|NMFC|PSEC|SLRC|TCPC|TPVG|TSLX,ARCC|GSBD|HTGC|MAIN|NMFC|PSEC|SLRC|TCPC|TPVG|TSLX
BCSS,0,0,0.68,-0.1,0.29,0.0,,,,,,,,
BCTX,10,8,12.64,15.9,32.34,0.0,-0.28,-2.4050000000000002,12.92,18.305,19.410000000000004,1.0,AMGN|AZN|BLUE|BMY|EXEL|FOLD|GILD|JNJ|MRK|PBYI,AMGN|AZN|BMY|EXEL|GILD|JNJ|MRK|PBYI
BCYC,10,8,-1.1,-16.86,-9.09,0.0,-0.25,1.795,-0.8500000000000001,-18.655,-21.72,0.25,ADAP|AFMD|AGEN|ARGX|EXEL|FATE|IMTX|IOVA|KPTI|MRNA,AGEN|ARGX|EXEL|FATE|IMTX|IOVA|KPTI|MRNA
BDC,10,10,1.43,-2.25,-3.68,0.0,2.355,-0.175,-0.925,-2.075,5.620000000000001,0.3,AOS|APH|AVNT|CSL|ENS|HUBB|NTGR|RBC|ROG|TEL,AOS|APH|AVNT|CSL|ENS|HUBB|NTGR|RBC|ROG|TEL
BDCI,0,0,-0.1,0.3,0.89,0.0,,,,,,,,
BDL,9,8,-2.22,-13.44,-0.86,0.0,4.225,-17.075,-6.445,3.635,-5.465000000000001,0.0,BJRI|BLMN|CAKE|DENN|DIN|DRI|EAT|RRGB|TXRH,BJRI|BLMN|CAKE|DIN|DRI|EAT|RRGB|TXRH
BDMD,10,10,-25.47,-31.9,-19.39,0.0,-0.7200000000000001,-5.3,-24.75,-26.599999999999998,-19.67,0.0,ABT|BDX|BSX|EW|ISRG|MDT|NVCR|PODD|SYK|ZBH,ABT|BDX|BSX|EW|ISRG|MDT|NVCR|PODD|SYK|ZBH
BDN,10,9,-1.02,-11.59,-7.94,-0.34,-1.97,-13.12,0.95,1.5299999999999994,-0.14000000000000057,0.7777777777777778,BXP|CUZ|DEI|ESRT|HIW|HPP|KRC|PGRE|SLG|VNO,BXP|CUZ|DEI|ESRT|HIW|HPP|KRC|SLG|VNO
BDRX,10,8,-11.21,-39.81,-71.59,3.02,-2.04,-4.37,-9.170000000000002,-35.440000000000005,-82.24000000000001,0.0,ATNM|BGMS|FATE|GERN|KPTI|MRKR|ONCT|PSTV|TGTX|XNCR,ATNM|BGMS|FATE|GERN|KPTI|MRKR|TGTX|XNCR
BDSX,10,9,2.56,15.36,56.88,0.0,0.04,2.77,2.52,12.59,45.690000000000005,0.8888888888888888,BEAM|CDNA|CRSP|EXAS|FLGT|GH|ILMN|PACB|QDEL|TWST,BEAM|CDNA|CRSP|FLGT|GH|ILMN|PACB|QDEL|TWST
BDTX,8,5,-2.07,-15.62,11.18,-0.53,-3.47,-24.52,1.4000000000000004,8.9,30.11,0.6,ADAP|ALLO|BPMC|CRBP|FATE|IGMS|TVRD|XFOR,ALLO|CRBP|FATE|TVRD|XFOR
BDX,10,9,0.63,-3.83,20.57,0.0,2.04,-6.61,-1.4100000000000001,2.7800000000000002,11.57,0.2222222222222222,ABT|ALGN|BAX|BSX|DHR|HOLX|ISRG|JNJ|TMO|XRAY,ABT|ALGN|BAX|BSX|DHR|ISRG|JNJ|TMO|XRAY
BE,9,9,-5.26,22.33,-13.97,-3.34,-5.1,-9.9,-0.16000000000000014,32.23,16.299999999999997,0.4444444444444444,ARRY|BLDP|ENPH|FCEL|FSLR|NEE|PLUG|RUN|SEDG,ARRY|BLDP|ENPH|FCEL|FSLR|NEE|PLUG|RUN|SEDG
BEAG,0,0,-1.2,-0.74,0.75,0.0,,,,,,,,
BEAM,10,7,-1.74,-21.88,-28.56,-0.53,-1.37,-9.62,-0.3699999999999999,-12.26,-12.469999999999999,0.42857142857142855,ADVM|ALNY|BLUE|CLLS|CRSP|EDIT|NTLA|SGMO|SRPT|VYGR,ALNY|CLLS|CRSP|EDIT|NTLA|SRPT|VYGR
BEAT,10,8,-3.53,-19.5,-36.73,4.11,-1.96,-6.78,-1.5699999999999998,-12.719999999999999,-30.955,0.125,ALGN|BSX|EW|HOLX|IART|ISRG|NVRO|PODD|SYK|ZBH,ALGN|BSX|EW|IART|ISRG|PODD|SYK|ZBH
BEEM,9,8,-9.65,-10.32,1.64,-0.43,-4.675,-10.235,-4.9750000000000005,-0.08500000000000085,28.509999999999998,0.0,BLDP|ENPH|FCEL|NIO|NKLA|PLUG|RUN|SEDG|TSLA,BLDP|ENPH|FCEL|NIO|PLUG|RUN|SEDG|TSLA
BEEP,10,10,-0.35,-1.05,64.16,0.0,-2.435,-6.63,2.085,5.58,70.795,0.7,AMT|CCI|COR|DLR|EQIX|FR|LADR|RHP|SBAC|UNIT,AMT|CCI|COR|DLR|EQIX|FR|LADR|RHP|SBAC|UNIT
BEKE,9,5,1.75,-9.61,13.85,-1.87,-5.32,-21.03,7.07,11.420000000000002,30.729999999999997,1.0,ADV|COMP|EXPI|HOUS|OPEN|RDFN|RMAX|VRM|Z,ADV|COMP|OPEN|VRM|Z
BELFA,0,0,1.76,-4.44,-25.99,-2.9,,,,,,,,
BELFB,10,10,8.3,2.46,-13.62,0.0,2.73,1.025,5.57,1.435,0.8550000000000022,0.9,ADI|LPL|MPWR|MTSI|NXPI|ON|ROP|ST|TEL|TXN,ADI|LPL|MPWR|MTSI|NXPI|ON|ROP|ST|TEL|TXN
BEN,9,7,-1.33,-6.85,-0.06,-0.24,-1.5,-6.88,0.16999999999999993,0.03000000000000025,-8.16,0.5714285714285714,AMP|BK|BLK|IVZ|JHG|NTRS|SCHW|STT|TROW,AMP|BLK|IVZ|NTRS|SCHW|STT|TROW
BENF,10,10,192.53,-20.0,-48.02,-37.24,-1.22,-10.41,193.75,-9.59,-51.705000000000005,1.0,APO|ARES|BLK|BX|CG|GS|IVZ|KKR|MS|TROW,APO|ARES|BLK|BX|CG|GS|IVZ|KKR|MS|TROW
BEP,10,10,-1.96,-11.37,-17.46,0.0,-4.26,-8.045,2.3,-3.3249999999999993,-4.810000000000002,1.0,AEP|D|DUK|ED|ES|NEE|PCG|PEG|SRE|XEL,AEP|D|DUK|ED|ES|NEE|PCG|PEG|SRE|XEL
BEPC,10,10,-2.59,-12.89,-22.69,-0.46,-4.26,-8.045,1.67,-4.845000000000001,-10.435000000000002,0.9,AEP|D|DUK|ED|ES|EXC|NEE|PCG|PEG|XEL,AEP|D|DUK|ED|ES|EXC|NEE|PCG|PEG|XEL
BETA,0,0,11.52,9.45,51.16,-0.58,,,,,,,,
BETR,10,9,-1.62,3.67,-53.57,0.0,-2.38,-6.82,0.7599999999999998,10.49,-48.04,0.7777777777777778,COOP|ESNT|HRTG|MTG|NMIH|PFSI|RDN|RKT|SIGI|UWMC,ESNT|HRTG|MTG|NMIH|PFSI|RDN|RKT|SIGI|UWMC
BF-A,10,10,-0.86,-7.95,-5.4,0.0,-1.115,-9.04,0.255,1.089999999999999,0.75,0.6,BF-B|BUD|CCU|DEO|KDP|MNST|NWL|SAM|STZ|TAP,BF-B|BUD|CCU|DEO|KDP|MNST|NWL|SAM|STZ|TAP
BF-B,8,7,-0.79,-6.71,-5.02,0.0,-1.5,-11.48,0.71,4.7700000000000005,2.2600000000000007,0.8571428571428571,BF-A|BUD|CCU|DEO|NAPA|SAM|STZ|TAP,BF-A|BUD|CCU|DEO|SAM|STZ|TAP
BFAM,10,9,-3.16,-10.22,-2.08,0.0,-2.1,-7.27,-1.06,-2.950000000000001,4.68,0.2222222222222222,ATGE|COE|GHC|HOFT|LOPE|LRN|STRA|TAL|UHAL|UTI,COE|GHC|HOFT|LOPE|LRN|STRA|TAL|UHAL|UTI
BFC,10,10,-1.43,-3.69,1.33,0.0,-3.54,-6.8100000000000005,2.1100000000000003,3.1200000000000006,8.39,0.8,BAC|C|FITB|JPM|KEY|PNC|RF|TFC|USB|WFC,BAC|C|FITB|JPM|KEY|PNC|RF|TFC|USB|WFC
BFH,10,7,-8.03,-5.7,-5.45,0.0,-2.9,-9.27,-5.129999999999999,3.5699999999999994,6.319999999999999,0.0,ALLY|AXP|CACC|COF|DFS|GDOT|LC|LPRO|SYF|UPST,ALLY|AXP|CACC|COF|GDOT|SYF|UPST
BFLY,10,9,14.95,1.22,14.09,-0.54,1.57,-0.65,13.379999999999999,1.87,2.5199999999999996,1.0,ABT|GE|HOLX|MRNA|NTRA|PHG|QDEL|SONO|TDOC|TMO,ABT|GE|MRNA|NTRA|PHG|QDEL|SONO|TDOC|TMO
BFRG,10,8,77.35,43.08,35.84,-12.63,-1.075,-4.755,78.425,47.835,25.580000000000005,1.0,ADPT|BEAM|BLUE|CRSP|EDIT|FATE|NTLA|RGEN|SGMO|SRPT,ADPT|BEAM|CRSP|EDIT|FATE|NTLA|RGEN|SRPT
BFRI,10,9,-8.52,-24.88,19.83,-1.37,-3.88,1.1,-4.64,-25.98,15.36,0.2222222222222222,ATNM|CLDX|DVAX|GERN|IMUX|MREO|PLX|RIGL|TGTX|TNXP,ATNM|CLDX|GERN|IMUX|MREO|PLX|RIGL|TGTX|TNXP
BFS,10,8,-1.78,-12.74,-19.64,0.0,-1.1600000000000001,-6.91,-0.6199999999999999,-5.83,-9.15,0.125,AKR|BRX|EQC|FRT|KIM|MAC|REG|ROIC|SLG|SPG,AKR|BRX|FRT|KIM|MAC|REG|SLG|SPG
BFST,10,9,-2.0,-3.04,0.66,0.0,-3.03,-3.71,1.0299999999999998,0.6699999999999999,5.57,0.6666666666666666,BANR|FIBK|FRBA|GNTY|HOMB|HTB|PB|SBSI|SFNC|TXN,BANR|FIBK|FRBA|HOMB|HTB|PB|SBSI|SFNC|TXN
BG,9,9,-6.29,0.08,0.22,0.29,-3.58,-4.31,-2.71,4.39,2.24,0.2222222222222222,ADM|ANDE|CARG|CF|INGR|MOS|SMG|TSN|VMI,ADM|ANDE|CARG|CF|INGR|MOS|SMG|TSN|VMI
BGC,10,10,-0.66,1.26,-4.35,0.0,-1.285,-7.195,0.6249999999999999,8.455,-13.764999999999999,0.5,BAC|CBOE|CME|GS|ICE|JPM|MKTX|MS|NDAQ|SCHW,BAC|CBOE|CME|GS|ICE|JPM|MKTX|MS|NDAQ|SCHW
BGIN,0,0,-8.18,-17.59,-6.14,-10.38,,,,,,,,
BGL,0,0,-8.27,5.34,-28.73,-2.29,,,,,,,,
BGLC,10,9,-0.68,-5.16,-29.83,0.0,-0.41,0.44,-0.2700000000000001,-5.6000000000000005,-42.41,0.4444444444444444,CGEN|CRSP|EDIT|EXAS|FATE|FLGT|GH|ILMN|MYGN|QGEN,CGEN|CRSP|EDIT|FATE|FLGT|GH|ILMN|MYGN|QGEN
BGM,10,10,-1.54,-3.77,-19.56,0.0,-0.405,-2.73,-1.135,-1.04,-37.995,0.3,A|BIO|CAH|CCEC|CRL|DGX|ILMN|LH|MCK|TMO,A|BIO|CAH|CCEC|CRL|DGX|ILMN|LH|MCK|TMO
BGMS,10,10,-2.83,10.53,51.1,0.0,0.020000000000000004,-4.18,-2.85,14.709999999999999,36.07,0.1,AMGN|BMY|EXEL|GILD|INCY|MRK|NBIX|PFE|REGN|VRTX,AMGN|BMY|EXEL|GILD|INCY|MRK|NBIX|PFE|REGN|VRTX
BGS,10,8,-5.1,-14.61,-24.94,0.0,-2.69,-8.475000000000001,-2.4099999999999997,-6.134999999999998,-26.195,0.0,CAG|CPB|GIS|HRL|K|KHC|MDLZ|POST|SJM|THS,CAG|CPB|GIS|HRL|KHC|MDLZ|POST|SJM
BGSF,10,8,-0.8,-7.98,-13.59,0.0,-0.6,-9.2,-0.20000000000000007,1.2199999999999989,-46.41,0.5,ASGN|CSTL|HSII|KELYA|KFRC|KFY|MAN|RHI|TBI|TTWO,CSTL|KELYA|KFRC|KFY|MAN|RHI|TBI|TTWO
BGSI,0,0,-4.14,-8.35,-16.24,0.0,,,,,,,,
BH,10,10,-1.6,-8.53,-7.62,0.1,-2.615,-3.72,1.0150000000000001,-4.809999999999999,-5.695,0.8,AIZ|BRK-A|CINF|GLRE|L|MKL|ORI|SAFT|TRV|WRB,AIZ|BRK-A|CINF|GLRE|L|MKL|ORI|SAFT|TRV|WRB
BHB,10,10,-2.5,-0.53,4.29,0.0,-3.2649999999999997,-6.215,0.7649999999999997,5.685,11.350000000000001,0.8,BAC|BKU|C|FITB|HBAN|JPM|PNC|TFC|USB|WFC,BAC|BKU|C|FITB|HBAN|JPM|PNC|TFC|USB|WFC
BHC,10,10,0.35,-14.52,14.43,0.0,-0.039999999999999994,-3.9400000000000004,0.38999999999999996,-10.579999999999998,8.55,0.6,AZN|GSK|JNJ|LLY|MRK|NVS|PFE|PRGO|RDY|TEVA,AZN|GSK|JNJ|LLY|MRK|NVS|PFE|PRGO|RDY|TEVA
BHE,10,9,12.54,15.88,-9.55,0.0,5.48,8.24,7.059999999999999,7.640000000000001,-8.58,1.0,ARW|AVT|IPGP|JBL|MRC|PLXS|SCSC|SNX|TEL|TTMI,ARW|AVT|IPGP|JBL|PLXS|SCSC|SNX|TEL|TTMI
BHF,10,10,6.56,0.17,-17.59,0.0,-1.725,-1.02,8.285,1.19,-26.025,1.0,AIG|CNO|GL|LNC|MET|PFG|PRU|RGA|UNM|VOYA,AIG|CNO|GL|LNC|MET|PFG|PRU|RGA|UNM|VOYA
BHM,10,8,5.52,1.43,-8.17,0.0,-1.815,-10.625,7.334999999999999,12.055,0.3699999999999992,1.0,AMH|AVB|CPT|ELS|EQR|ESS|INVH|MAA|SUI|UDR,AMH|CPT|ELS|ESS|INVH|MAA|SUI|UDR
BHP,10,9,-1.76,-13.83,4.78,0.11,-1.33,-9.85,-0.42999999999999994,-3.9800000000000004,-9.370000000000001,0.4444444444444444,AA|CLF|FCX|HL|NEM|RIO|SCCO|TECK|VALE|X,AA|CLF|FCX|HL|NEM|RIO|SCCO|TECK|VALE
BHR,10,10,-2.22,-14.15,-12.87,0.0,0.94,-5.12,-3.16,-9.030000000000001,-7.089999999999999,0.1,AHT|APLE|DRH|HST|INN|PEB|PK|RLJ|SHO|XHR,AHT|APLE|DRH|HST|INN|PEB|PK|RLJ|SHO|XHR
BHRB,10,9,-3.48,-5.25,-2.43,-1.23,-3.44,-7.58,-0.040000000000000036,2.33,6.700000000000001,0.4444444444444444,CMA|FITB|HBAN|KEY|OZK|PNC|RF|TFIN|USB|ZION,FITB|HBAN|KEY|OZK|PNC|RF|TFIN|USB|ZION
BHST,0,0,-12.05,-28.78,-49.83,0.0,,,,,,,,
BHVN,10,10,-0.07,-3.48,-9.52,1.54,-0.09,-1.385,0.01999999999999999,-2.0949999999999998,-21.235,0.6,ALNY|AMGN|BMRN|EXEL|GILD|INCY|NBIX|REGN|SRPT|VRTX,ALNY|AMGN|BMRN|EXEL|GILD|INCY|NBIX|REGN|SRPT|VRTX
BIAF,10,7,-12.57,47.4,-39.31,-3.65,-0.41,-9.1,-12.16,56.5,-41.870000000000005,0.0,AVDX|BLUE|BNGO|CDXS|CRSP|EDIT|GILD|NTLA|SGMO|VRTX,BNGO|CDXS|CRSP|EDIT|GILD|NTLA|VRTX
BIDU,10,10,-2.11,-5.67,-15.25,-1.84,1.23,-7.275,-3.34,1.6050000000000004,-19.655,0.2,BABA|BILI|GOOGL|IQ|JD|JOYY|MOMO|MSFT|NTES|WB,BABA|BILI|GOOGL|IQ|JD|JOYY|MOMO|MSFT|NTES|WB
BIIB,10,10,4.64,3.82,13.49,0.74,0.0,-6.115,4.64,9.935,0.5600000000000005,0.8,AMGN|BMY|GILD|JNJ|LLY|MRK|NBIX|PFE|REGN|VRTX,AMGN|BMY|GILD|JNJ|LLY|MRK|NBIX|PFE|REGN|VRTX
BILI,10,10,3.12,-10.38,-7.99,-1.07,0.785,-6.365,2.335,-4.015000000000001,-11.61,0.8,BZ|DOYU|HUYA|IQ|JD|JOYY|MOMO|TCOM|TME|WB,BZ|DOYU|HUYA|IQ|JD|JOYY|MOMO|TCOM|TME|WB
BILL,10,10,-3.51,-3.79,37.51,-0.04,-2.6799999999999997,-10.61,-0.8300000000000001,6.819999999999999,18.904999999999998,0.3,ADBE|FIS|GPN|INTU|MA|PAYC|PYPL|V|WDAY|XYZ,ADBE|FIS|GPN|INTU|MA|PAYC|PYPL|V|WDAY|XYZ
BIO,8,8,-0.04,-0.75,35.29,0.0,3.095,4.48,-3.1350000000000002,-5.23,17.97,0.0,A|ABBV|BAX|DHR|ILMN|MTD|TMO|WAT,A|ABBV|BAX|DHR|ILMN|MTD|TMO|WAT
BIOA,0,0,-2.47,-21.96,-65.12,0.0,,,,,,,,
BIOX,10,9,1.55,-4.85,14.09,0.0,-3.28,-4.2,4.83,-0.6499999999999995,14.97,0.8888888888888888,CF|CTVA|DD|FMC|IPI|LXU|MOS|NTR|SMG|SYT,CF|CTVA|DD|FMC|IPI|LXU|MOS|NTR|SMG
BIP,10,10,-0.9,-8.66,-3.64,0.0,-3.905,-7.425000000000001,3.005,-1.2349999999999994,8.614999999999998,0.8,AES|AWK|D|DUK|EXC|NEE|NRG|PCG|SO|WEC,AES|AWK|D|DUK|EXC|NEE|NRG|PCG|SO|WEC
BIPC,10,10,-0.62,-9.54,-8.72,0.0,-4.109999999999999,-7.09,3.4899999999999993,-2.4499999999999993,3.714999999999998,1.0,AEP|DUK|ED|ES|FE|NEE|PEG|PPL|SRE|XEL,AEP|DUK|ED|ES|FE|NEE|PEG|PPL|SRE|XEL
BIRD,10,8,-4.51,-1.69,-37.75,-1.69,0.22999999999999998,-5.48,-4.74,3.7900000000000005,-33.07,0.0,COLM|CROX|DECK|FL|NKE|RCKY|SHOO|SKX|VFC|WWW,COLM|CROX|DECK|NKE|RCKY|SHOO|VFC|WWW
BIRK,10,8,3.22,-10.99,-30.32,0.0,-0.7350000000000001,-6.96,3.955,-4.03,-18.195,0.75,COLM|CROX|DECK|FL|NKE|SHOO|SKX|UAA|VFC|WWW,COLM|CROX|DECK|NKE|SHOO|UAA|VFC|WWW
BIVI,10,9,-7.87,-21.53,-7.87,0.61,-0.29,-9.32,-7.58,-12.21,-0.20999999999999996,0.2222222222222222,ACAD|ANVS|AUTL|AXSM|BIIB|EQ|LLY|NBIX|PRTA|SAVA,ACAD|ANVS|AUTL|AXSM|BIIB|EQ|LLY|NBIX|PRTA
BIXI,0,0,-0.05,-0.1,0.9,0.0,,,,,,,,
BIYA,0,0,-1.88,-10.76,-48.19,0.01,,,,,,,,
BJ,9,8,-3.58,-4.63,4.28,0.02,-1.27,-2.77,-2.31,-1.8599999999999999,2.3350000000000004,0.125,AMZN|CNSL|COST|DG|DLTR|KR|OLLI|TGT|WMT,AMZN|COST|DG|DLTR|KR|OLLI|TGT|WMT
BJDX,10,9,14.47,5.58,-70.78,-0.15,-0.03,0.44,14.5,5.14,-83.36,1.0,ABT|BIO|DXCM|EXAS|FLGT|GH|MYGN|NTRA|QDEL|QGEN,ABT|BIO|DXCM|FLGT|GH|MYGN|NTRA|QDEL|QGEN
BJRI,10,10,2.65,-5.85,9.21,-0.03,3.425,-17.16,-0.7749999999999999,11.31,6.750000000000001,0.3,BLMN|CAKE|CMG|DIN|DPZ|DRI|EAT|RRGB|SHAK|TXRH,BLMN|CAKE|CMG|DIN|DPZ|DRI|EAT|RRGB|SHAK|TXRH
BKD,10,8,-4.28,-7.84,-23.96,0.0,-3.38,-5.21,-0.9000000000000004,-2.63,-33.205,0.125,ADUS|AMED|EHC|HEI|LRN|MDT|NHC|SEM|SENEA|UHT,ADUS|EHC|HEI|LRN|MDT|NHC|SENEA|UHT
BKE,9,8,3.44,-6.69,-7.02,0.0,2.365,-2.6550000000000002,1.0749999999999997,-4.035,-3.985,0.75,AEO|ANF|JWN|KSS|LB|M|ROST|TJX|URBN,AEO|ANF|KSS|LB|M|ROST|TJX|URBN
BKH,10,10,0.01,-2.11,-5.43,0.0,-3.815,-7.0,3.8249999999999997,4.890000000000001,7.995000000000001,1.0,AEP|D|DUK|EIX|ETR|NEE|SO|SRE|WEC|XEL,AEP|D|DUK|EIX|ETR|NEE|SO|SRE|WEC|XEL
BKHA,0,0,2.5,3.36,3.19,0.0,,,,,,,,
BKKT,10,10,17.02,1.16,11.49,-0.91,3.41,7.609999999999999,13.61,-6.449999999999999,14.275,1.0,APPS|CLOV|COIN|HUT|MARA|NET|PYPL|RIOT|SOS|XYZ,APPS|CLOV|COIN|HUT|MARA|NET|PYPL|RIOT|SOS|XYZ
BKNG,10,10,-8.4,-26.93,-11.78,0.14,-0.74,-9.805,-7.66,-17.125,-3.2349999999999994,0.3,ABNB|EXPE|H|HLT|IHG|MAR|SABR|TCOM|TRIP|WH,ABNB|EXPE|H|HLT|IHG|MAR|SABR|TCOM|TRIP|WH
BKR,10,10,3.51,-5.29,2.83,0.9,-2.0549999999999997,-3.6149999999999998,5.5649999999999995,-1.6750000000000003,-7.26,1.0,CLB|FTI|HAL|HP|INVX|NOV|OII|RES|SLB|SM,CLB|FTI|HAL|HP|INVX|NOV|OII|RES|SLB|SM
BKSY,10,9,-2.07,-11.58,-8.46,0.18,-2.13,-5.53,0.06000000000000005,-6.05,-11.170000000000002,0.5555555555555556,BA|IRDM|LHX|LLAP|LMT|NOC|PL|RTX|SATL|SPIR,BA|IRDM|LHX|LMT|NOC|PL|RTX|SATL|SPIR
BKTI,10,9,4.05,-1.35,-8.4,0.0,0.88,0.61,3.17,-1.96,-4.390000000000001,0.7777777777777778,EFX|FN|INFN|KULR|NSSC|NTGR|SPSC|VERI|VISN|VSAT,EFX|FN|KULR|NSSC|NTGR|SPSC|VERI|VISN|VSAT
BKU,10,10,-2.52,-6.31,-14.02,0.0,-3.54,-6.8100000000000005,1.02,0.5000000000000009,-6.959999999999999,0.8,BAC|C|FITB|HBAN|JPM|PNC|RF|TFC|USB|WFC,BAC|C|FITB|HBAN|JPM|PNC|RF|TFC|USB|WFC
BKV,0,0,2.11,-3.88,-9.74,0.0,,,,,,,,
BKYI,10,10,-13.45,-26.49,-49.55,-10.84,1.45,11.59,-14.899999999999999,-38.08,-69.78999999999999,0.0,AAPL|CSCO|FTNT|GOOGL|IBM|INTC|MSFT|OKTA|PANW|ZS,AAPL|CSCO|FTNT|GOOGL|IBM|INTC|MSFT|OKTA|PANW|ZS
BL,10,10,-0.11,-12.04,4.07,0.0,-2.735,-2.57,2.625,-9.469999999999999,-36.93,0.8,ADBE|CRM|INTU|MSFT|ORCL|PAYC|PCTY|SAP|TEAM|WDAY,ADBE|CRM|INTU|MSFT|ORCL|PAYC|PCTY|SAP|TEAM|WDAY
BLBD,10,9,-5.79,-1.46,-22.93,0.0,-2.39,-12.78,-3.4,11.32,-16.0,0.1111111111111111,ALSN|CMI|FSS|HOG|LCII|OSK|PCAR|REVG|THO|WGO,ALSN|CMI|FSS|HOG|LCII|OSK|PCAR|THO|WGO
BLCO,10,9,-0.12,-1.56,9.93,0.0,0.21,-5.75,-0.32999999999999996,4.1899999999999995,-4.6899999999999995,0.4444444444444444,ABT|ALGN|CRL|DHR|EXAS|JNJ|MRK|NVO|PFE|TEVA,ABT|ALGN|CRL|DHR|JNJ|MRK|NVO|PFE|TEVA
BLDP,10,7,0.0,-5.63,-39.61,-0.46,-5.1,-9.9,5.1,4.2700000000000005,-21.0,0.8571428571428571,ADN|AMRC|BE|BLNK|FCEL|HYZN|NKLA|PLUG|RUN|TE,AMRC|BE|BLNK|FCEL|PLUG|RUN|TE
BLDR,8,8,2.29,-14.94,-33.5,-0.27,-1.3599999999999999,-10.745000000000001,3.65,-4.1949999999999985,-19.12,1.0,CX|EXP|HD|LOW|MAS|MDU|OC|TREX,CX|EXP|HD|LOW|MAS|MDU|OC|TREX
BLFS,10,9,4.51,1.48,47.59,0.0,-0.41,-5.09,4.92,6.57,45.03,0.8888888888888888,ASTE|BIO|BMRN|CRSP|CYRX|FATE|KPTI|NARI|NTLA|VIVS,ASTE|BIO|BMRN|CRSP|CYRX|FATE|KPTI|NTLA|VIVS
BLIN,10,7,-4.08,-14.22,-24.48,0.0,0.32,0.5,-4.4,-14.72,-56.879999999999995,0.14285714285714285,FIVN|MANH|MEDP|MITK|MSTR|NCNO|PEGA|PRO|SPNS|VRNT,FIVN|MANH|MEDP|MITK|MSTR|NCNO|PEGA
BLIV,0,0,4.75,10.24,-1.49,0.0,,,,,,,,
BLK,10,9,-0.32,-10.71,8.1,-0.97,-1.5,-6.85,1.18,-3.860000000000001,1.9399999999999995,0.6666666666666666,AMG|AMP|BEN|BK|IVZ|MS|NTRS|SCHW|STT|TROW,AMG|AMP|BEN|IVZ|MS|NTRS|SCHW|STT|TROW
BLKB,10,9,-4.31,-10.78,55.34,0.0,-2.76,-5.18,-1.5499999999999998,-5.6,4.330000000000005,0.4444444444444444,ADBE|ADSK|CRM|CSCO|CTSH|EB|INTU|NOW|PAYC|WDAY,ADBE|ADSK|CRM|CSCO|CTSH|INTU|NOW|PAYC|WDAY
BLLN,0,0,10.43,18.28,6.2,0.0,,,,,,,,
BLMN,9,9,6.34,-25.26,0.0,0.0,2.69,-15.24,3.65,-10.020000000000001,0.09,0.8888888888888888,BJRI|CAKE|DIN|DRI|EAT|MCD|RRGB|TXRH|WEN,BJRI|CAKE|DIN|DRI|EAT|MCD|RRGB|TXRH|WEN
BLND,10,10,-15.79,-25.33,-34.12,0.0,-2.645,-13.565000000000001,-13.145,-11.764999999999997,-32.614999999999995,0.0,AFRM|DOCU|PYPL|RKT|ROKU|SOFI|UPST|XYZ|Z|ZM,AFRM|DOCU|PYPL|RKT|ROKU|SOFI|UPST|XYZ|Z|ZM
BLNE,10,9,7.02,4.99,-14.88,6.66,-0.89,-7.95,7.909999999999999,12.940000000000001,-9.240000000000002,1.0,BF-A|BF-B|BUD|DEO|KDP|MO|SAM|SBEV|STZ|TAP,BF-A|BF-B|BUD|DEO|KDP|MO|SAM|STZ|TAP
BLNK,9,7,3.79,-4.3,-5.75,0.39,-2.16,-3.08,5.95,-1.2199999999999998,10.25,1.0,CHPT|EVGO|LI|NIO|NKLA|SBLX|TSLA|WBX|XPEV,CHPT|EVGO|LI|NIO|TSLA|WBX|XPEV
BLRX,10,7,3.23,-14.67,-24.04,0.0,-4.49,-8.33,7.720000000000001,-6.34,-3.539999999999999,1.0,ADAP|AFMD|ARGX|BPMC|CTMX|FATE|IMMP|KPTI|MGNX|ONCY,ARGX|CTMX|FATE|IMMP|KPTI|MGNX|ONCY
BLSH,0,0,13.25,23.47,80.69,-1.43,,,,,,,,
BLTE,10,10,-1.38,3.91,12.13,-0.4,1.775,-0.815,-3.155,4.725,-2.1850000000000005,0.1,ABBV|AMGN|BIIB|BMY|GILD|LLY|MRNA|PFE|REGN|VRTX,ABBV|AMGN|BIIB|BMY|GILD|LLY|MRNA|PFE|REGN|VRTX
BLUW,0,0,-0.05,-0.19,0.49,0.0,,,,,,,,
BLX,10,10,3.06,2.98,-11.99,0.0,-1.745,0.05500000000000005,4.805,2.925,-17.84,1.0,BAP|BBD|BBVA|BSBR|CIB|GGAL|ITUB|SMFG|SUPV|WF,BAP|BBD|BBVA|BSBR|CIB|GGAL|ITUB|SMFG|SUPV|WF
BLZE,9,8,1.6,-8.31,4.4,-0.36,-2.4050000000000002,0.04500000000000004,4.005000000000001,-8.355,-25.345,1.0,AAPL|BOX|CFLT|DBX|GOOG|IBM|MSFT|NTNX|SNOW,AAPL|BOX|DBX|GOOG|IBM|MSFT|NTNX|SNOW
BLZR,0,0,0.05,0.39,1.09,0.0,,,,,,,,
BMA,10,10,-5.45,-6.07,-19.72,0.0,-2.305,-2.09,-3.145,-3.9800000000000004,-24.765,0.2,BAP|BBAR|BBD|BCH|BSBR|CIB|ITUB|SAN|SMFG|SUPV,BAP|BBAR|BBD|BCH|BSBR|CIB|ITUB|SAN|SMFG|SUPV
BMBL,10,9,-10.47,-6.69,-9.86,-1.12,-4.12,-8.6,-6.3500000000000005,1.9099999999999993,-10.229999999999999,0.1111111111111111,EBAY|GRPN|IAC|MTCH|PINS|SNAP|SPOT|YELP|ZG|ZM,EBAY|GRPN|MTCH|PINS|SNAP|SPOT|YELP|ZG|ZM
BMEA,10,7,-19.55,-16.76,17.07,0.0,-7.02,-19.5,-12.530000000000001,2.7399999999999984,11.5,0.0,BLUE|BNTC|FATE|GOSS|IGMS|KURA|MGTX|NRIX|REPL|SYBX,BNTC|FATE|GOSS|KURA|MGTX|NRIX|REPL
BMGL,0,0,-9.98,-19.17,-42.18,-5.13,,,,,,,,
BMHL,0,0,0.72,-6.51,-2.61,0.0,,,,,,,,
BMI,10,10,9.02,2.03,-1.26,4.61,-0.885,-5.23,9.905,7.26,-1.24,1.0,AWK|AWR|CWCO|CWT|IEX|MSEX|PNR|WTRG|WTS|XYL,AWK|AWR|CWCO|CWT|IEX|MSEX|PNR|WTRG|WTS|XYL
BMNR,0,0,12.85,8.62,102.39,-1.82,,,,,,,,
BMO,10,9,-1.97,-1.78,-2.53,0.0,-2.76,-5.64,0.7899999999999998,3.8599999999999994,1.0,0.7777777777777778,BAC|BK|C|CM|JPM|PNC|RY|TD|USB|WFC,BAC|C|CM|JPM|PNC|RY|TD|USB|WFC
BMR,10,9,9.76,4.65,-4.26,0.0,6.85,-4.99,2.91,9.64,2.5600000000000005,0.8888888888888888,ADBE|ADSK|CDNS|CMBM|LRCX|NICE|NVDA|PSN|SNPS|TER,ADBE|ADSK|CDNS|LRCX|NICE|NVDA|PSN|SNPS|TER
BMRA,10,9,9.92,55.06,48.86,0.0,0.65,-6.14,9.27,61.2,37.29,1.0,ABT|BAX|BDX|DXCM|HOLX|IDXX|ILMN|PODD|QDEL|TMO,ABT|BAX|BDX|DXCM|IDXX|ILMN|PODD|QDEL|TMO
BMRC,10,10,-0.68,1.73,3.92,0.0,-2.625,-4.945,1.9449999999999998,6.675000000000001,5.529999999999999,0.8,COLB|CUBI|CVBF|FBNC|HOPE|OZK|SBCF|SFBS|UBSI|WABC,COLB|CUBI|CVBF|FBNC|HOPE|OZK|SBCF|SFBS|UBSI|WABC
BMRN,10,9,-3.89,-4.4,8.51,0.0,0.13,-6.48,-4.0200000000000005,2.08,16.17,0.3333333333333333,ALNY|BLUE|EXEL|IONS|NBIX|PRTA|RARE|REGN|SRPT|VRTX,ALNY|EXEL|IONS|NBIX|PRTA|RARE|REGN|SRPT|VRTX
BMY,9,9,-2.4,-9.7,10.72,0.29,0.21,-3.31,-2.61,-6.389999999999999,0.28000000000000114,0.0,ABBV|AMGN|AZN|GILD|JNJ|LLY|MRK|NVS|PFE,ABBV|AMGN|AZN|GILD|JNJ|LLY|MRK|NVS|PFE
BN,10,10,-0.51,-12.16,-13.95,-0.24,-1.48,-12.030000000000001,0.97,-0.129999999999999,-18.14,0.7,APO|ARES|BAM|BX|BXMT|CG|HGTY|IVZ|KKR|TPG,APO|ARES|BAM|BX|BXMT|CG|HGTY|IVZ|KKR|TPG
BNAI,10,10,-4.76,-50.18,-63.04,3.02,-2.1950000000000003,-1.005,-2.5649999999999995,-49.175,-111.63,0.2,ADBE|CRM|HUBS|NOW|OKTA|ORCL|SAP|TEAM|WDAY|ZM,ADBE|CRM|HUBS|NOW|OKTA|ORCL|SAP|TEAM|WDAY|ZM
BNC,10,10,9.63,90.45,94.82,-2.75,4.08,-2.19,5.550000000000001,92.64,85.335,0.9,ACB|CGC|CRON|GRWG|HYFM|SMG|SNDL|TLRY|TVRD|VFF,ACB|CGC|CRON|GRWG|HYFM|SMG|SNDL|TLRY|TVRD|VFF
BNED,10,9,7.07,-9.67,0.27,0.0,-1.58,-5.3,8.65,-4.37,-1.94,1.0,AMZN|ATGE|BFAM|CHGG|EDU|LAUR|PSO|STRA|TAL|UAA,AMZN|BFAM|CHGG|EDU|LAUR|PSO|STRA|TAL|UAA
BNGO,10,10,-2.3,36.0,51.79,0.0,0.67,8.705,-2.9699999999999998,27.295,22.895,0.1,CDNA|FLGT|GH|ILMN|MYGN|ONC|PACB|QGEN|TWST|TXG,CDNA|FLGT|GH|ILMN|MYGN|ONC|PACB|QGEN|TWST|TXG
BNKK,10,10,7.23,22.3,2.06,3.48,-1.115,-7.695,8.345,29.995,6.295,1.0,BUD|CELH|DRI|FIZZ|KDP|KO|MNST|PEP|SBUX|TAP,BUD|CELH|DRI|FIZZ|KDP|KO|MNST|PEP|SBUX|TAP
BNL,10,10,-2.63,-10.8,-10.34,0.0,-0.46,-9.465,-2.17,-1.3350000000000009,0.5549999999999997,0.4,ADC|EPRT|FCPT|GNL|GTY|LXP|NNN|O|SITC|WPC,ADC|EPRT|FCPT|GNL|GTY|LXP|NNN|O|SITC|WPC
BNR,10,9,20.41,46.08,76.94,0.0,-1.66,9.36,22.07,36.72,48.209999999999994,1.0,BEAM|CDNA|CRSP|EXAS|FLGT|GH|ILMN|NTRA|TXG|VYGR,BEAM|CDNA|CRSP|FLGT|GH|ILMN|NTRA|TXG|VYGR
BNS,10,10,3.32,4.43,12.45,5.4,-2.67,-4.615,5.99,9.045,15.754999999999999,1.0,BAC|BMO|C|CM|JPM|PNC|RY|TD|USB|WFC,BAC|BMO|C|CM|JPM|PNC|RY|TD|USB|WFC
BNT,10,10,-0.82,-12.47,-13.98,-0.5,-2.46,-2.6,1.6400000000000001,-9.870000000000001,-14.91,0.7,ACGL|AIG|ALL|HIG|L|MET|MKL|PRE|RGA|TRV,ACGL|AIG|ALL|HIG|L|MET|MKL|PRE|RGA|TRV
BNTC,10,9,-10.96,-22.66,-27.88,0.0,-0.99,-9.62,-9.97,-13.040000000000001,-14.229999999999999,0.0,ALNY|ARWR|CRSP|EDIT|IONS|MRNA|NTLA|QURE|SGMO|SRPT,ALNY|ARWR|CRSP|EDIT|IONS|MRNA|NTLA|QURE|SRPT
BNTX,10,10,-1.68,-14.95,7.78,-1.48,-0.36,-2.4050000000000002,-1.3199999999999998,-12.544999999999998,-2.5149999999999997,0.3,AZN|BMY|GILD|GSK|JNJ|LLY|MRNA|NVAX|PFE|SNY,AZN|BMY|GILD|GSK|JNJ|LLY|MRNA|NVAX|PFE|SNY
BOC,10,10,-2.97,-4.43,1.21,0.0,-3.005,-4.845000000000001,0.0349999999999997,0.4150000000000009,5.35,0.5,AIG|BRK-B|CINF|HIG|L|MKL|PGR|SIGI|TRV|WRB,AIG|BRK-B|CINF|HIG|L|MKL|PGR|SIGI|TRV|WRB
BODI,10,9,-0.81,-20.33,-49.12,0.0,-0.99,-12.48,0.17999999999999994,-7.849999999999998,-39.79,0.5555555555555556,AMZN|EXPE|FNKO|HIMS|HLT|LULU|PLNT|PTON|TLGY|YTRA,AMZN|EXPE|FNKO|HIMS|HLT|LULU|PLNT|PTON|YTRA
BOF,10,10,-1.89,-8.31,-19.11,0.0,-3.46,-8.51,1.57,0.1999999999999993,-12.625,0.7,ADM|COST|GIS|HAIN|KR|PEP|SFM|UNFI|WW|YUM,ADM|COST|GIS|HAIN|KR|PEP|SFM|UNFI|WW|YUM
BOH,10,9,-6.04,-8.47,-13.96,0.0,-2.95,-5.67,-3.09,-2.8000000000000007,-5.630000000000001,0.0,BPOP|CBSH|CMA|CUBI|FHB|GBCI|PB|TBBK|WAL|ZION,BPOP|CBSH|CUBI|FHB|GBCI|PB|TBBK|WAL|ZION
BOKF,10,10,-1.69,-7.03,-4.7,0.0,-3.2649999999999997,-8.005,1.5749999999999997,0.9750000000000005,4.06,0.8,CFG|FITB|HBAN|KEY|MTB|PNC|RF|STI|USB|ZION,CFG|FITB|HBAN|KEY|MTB|PNC|RF|STI|USB|ZION
BOLD,10,8,-4.26,-8.78,3.85,0.0,-0.89,-8.605,-3.3699999999999997,-0.17499999999999893,4.505,0.0,BLUE|BNGO|CERS|CLLS|CRSP|EDIT|FATE|MESO|NTLA|SGMO,BNGO|CERS|CLLS|CRSP|EDIT|FATE|MESO|NTLA
BOLT,10,8,0.55,-2.41,-13.51,0.0,0.06500000000000003,-3.475,0.485,1.065,-3.5,0.625,ANAB|APLS|CLPT|CTMX|FATE|FOLD|IOVA|TGTX|TVRD|XBIT,ANAB|CLPT|CTMX|FATE|IOVA|TGTX|TVRD|XBIT
BON,10,10,5.76,4.82,-1.24,0.0,4.12,3.01,1.6399999999999997,1.8100000000000005,-6.9,0.6,ENTG|HELE|HLF|INSM|LGND|MED|NATR|NEOG|OPK|USNA,ENTG|HELE|HLF|INSM|LGND|MED|NATR|NEOG|OPK|USNA
BOOM,10,10,-4.16,-12.55,-0.66,1.18,2.4450000000000003,-1.6549999999999998,-6.605,-10.895000000000001,0.9149999999999999,0.2,CAT|DE|DOV|ETN|ITW|MTW|NUE|OSK|PH|URI,CAT|DE|DOV|ETN|ITW|MTW|NUE|OSK|PH|URI
BOOT,9,6,0.95,-22.35,-29.2,-0.39,3.34,-4.355,-2.3899999999999997,-17.995,-23.295,0.16666666666666666,BURL|FL|JWN|OLLI|ROST|SCVL|TJX|URBN|ZUMZ,BURL|OLLI|ROST|TJX|URBN|ZUMZ
BORR,9,9,0.23,-2.02,-0.23,0.23,-3.0,-4.52,3.23,2.4999999999999996,-14.14,0.8888888888888888,HP|NBR|NE|OII|PDS|PTEN|RIG|SDRL|TDW,HP|NBR|NE|OII|PDS|PTEN|RIG|SDRL|TDW
BOSC,10,8,-0.21,3.96,6.77,0.0,-0.32,-2.95,0.11000000000000001,6.91,16.365,0.5,ANET|AVGO|CIEN|CSCO|ERIC|EXTR|FFIV|HPE|INFN|JNPR,ANET|AVGO|CIEN|CSCO|ERIC|EXTR|FFIV|HPE
BOTJ,10,10,-2.79,-1.89,7.94,0.0,-3.54,-7.54,0.75,5.65,15.0,0.8,BAC|FITB|HBAN|JPM|KEY|PNC|RF|TFC|USB|WFC,BAC|FITB|HBAN|JPM|KEY|PNC|RF|TFC|USB|WFC
BOW,10,10,0.45,0.27,16.41,0.0,-3.855,-4.845000000000001,4.305,5.115,18.8,1.0,AJG|ALL|AON|BRK-B|CB|CINF|MKL|PGR|TRV|WRB,AJG|ALL|AON|BRK-B|CB|CINF|MKL|PGR|TRV|WRB
BOX,10,10,-5.48,-2.12,28.67,0.0,-2.88,-2.315,-2.6000000000000005,0.19499999999999984,13.155000000000001,0.1,AAPL|ADBE|AMZN|CRM|DBX|GOOG|GOOGL|IBM|MSFT|ORCL,AAPL|ADBE|AMZN|CRM|DBX|GOOG|GOOGL|IBM|MSFT|ORCL
BOXL,9,9,17.1,-9.87,1.02,0.0,-1.06,3.41,18.16,-13.28,-20.52,1.0,ADSK|DELL|HPQ|KOPN|LOGI|SONO|SONY|UEIC|VUZI,ADSK|DELL|HPQ|KOPN|LOGI|SONO|SONY|UEIC|VUZI
BP,10,9,-0.62,5.32,19.67,1.46,-2.97,4.02,2.35,1.3000000000000007,-1.3699999999999974,0.8888888888888888,APA|COP|CVX|EOG|HES|MPC|OXY|PSX|VLO|XOM,APA|COP|CVX|EOG|MPC|OXY|PSX|VLO|XOM
BPAC,0,0,0.39,0.39,1.09,0.0,,,,,,,,
BPOP,10,9,-1.29,-5.67,-4.09,0.0,-3.64,-6.74,2.35,1.0700000000000003,0.1900000000000004,0.8888888888888888,BAC|BK|C|JPM|PNC|RF|STT|TFC|USB|WFC,BAC|C|JPM|PNC|RF|STT|TFC|USB|WFC
BPRN,10,10,-1.12,0.38,12.74,0.0,-2.99,-5.43,1.87,5.81,17.455,0.9,BPOP|CBSH|EWBC|FLG|FULT|HSBC|PNC|RF|WABC|ZION,BPOP|CBSH|EWBC|FLG|FULT|HSBC|PNC|RF|WABC|ZION
BQ,9,9,7.4,-7.57,4.45,2.58,-2.5,-11.89,9.9,4.32,8.68,0.8888888888888888,CENT|CHWY|FRPT|HELE|PETS|RH|TRUP|WOOF|ZTS,CENT|CHWY|FRPT|HELE|PETS|RH|TRUP|WOOF|ZTS
BR,8,8,-0.19,-11.27,20.36,0.34,-5.75,-11.93,5.56,0.6600000000000001,1.634999999999998,1.0,ADP|FIS|GPN|INTU|IT|JKHY|PAYX|SSNC,ADP|FIS|GPN|INTU|IT|JKHY|PAYX|SSNC
BRAG,10,9,-2.07,-4.05,-16.47,0.0,-3.66,-13.95,1.5900000000000003,9.899999999999999,0.9800000000000004,0.7777777777777778,BRSL|BYD|CZR|DKNG|GDEN|LVS|MGM|PENN|RRR|WYNN,BRSL|BYD|CZR|DKNG|LVS|MGM|PENN|RRR|WYNN
BRBI,0,0,0.63,17.09,2.38,0.0,,,,,,,,
BRBR,10,9,-10.65,-24.35,-28.53,-3.55,-3.41,-8.97,-7.24,-15.38,-22.270000000000003,0.0,CAG|CPB|GIS|HAIN|HFFG|K|KHC|MDLZ|PEP|POST,CAG|CPB|GIS|HAIN|HFFG|KHC|MDLZ|PEP|POST
BRBS,10,8,-3.3,-3.05,9.48,0.0,-2.545,-4.14,-0.7549999999999999,1.0899999999999999,10.15,0.375,AUB|CARE|FFIC|FRBA|FVCB|FXNC|MSBI|OPOF|PEBK|SBCF,AUB|CARE|FRBA|FVCB|FXNC|MSBI|PEBK|SBCF
BRC,10,10,-0.92,-11.19,-4.36,0.0,3.04,-2.635,-3.96,-8.555,1.7649999999999997,0.0,DOV|EMR|ETN|GWW|HON|IR|ITW|MMM|PNR|ROK,DOV|EMR|ETN|GWW|HON|IR|ITW|MMM|PNR|ROK
BRCB,0,0,-2.09,-23.39,-2.91,-1.54,,,,,,,,
BRCC,10,9,-8.93,-3.86,-28.24,0.0,-0.98,-9.76,-7.949999999999999,5.9,-21.979999999999997,0.0,DNUT|DPZ|KDP|KO|LW|MNRO|MNST|PEP|SBUX|THS,DNUT|DPZ|KDP|KO|LW|MNRO|MNST|PEP|SBUX
BRFH,10,9,-7.14,-19.38,-49.76,0.0,0.4,-7.32,-7.54,-12.059999999999999,-50.71,0.0,ARTW|CELH|FARM|FIZZ|JVA|KDP|KO|MNST|PEP|ZVIA,ARTW|CELH|FIZZ|JVA|KDP|KO|MNST|PEP|ZVIA
BRIA,0,0,6.45,5.69,0.66,4.94,,,,,,,,
BRID,10,8,-1.36,-5.54,-13.43,0.0,-2.69,-9.355,1.3299999999999998,3.8150000000000004,-9.620000000000001,0.625,CAG|FDP|HRL|JJSF|KHC|LAND|MZTI|POST|THS|TSN,CAG|HRL|JJSF|KHC|LAND|MZTI|POST|TSN
BRK-A,10,10,-1.96,1.24,2.98,0.0,-2.975,-3.955,1.0150000000000001,5.195,1.51,0.7,AIG|ALL|AON|CB|L|MET|MRSH|PGR|PRU|TRV,AIG|ALL|AON|CB|L|MET|MRSH|PGR|PRU|TRV
BRK-B,10,10,-0.04,0.93,4.34,0.36,-2.975,-3.955,2.935,4.885,2.87,1.0,AIG|ALL|AON|CB|L|MET|MRSH|PGR|PRU|TRV,AIG|ALL|AON|CB|L|MET|MRSH|PGR|PRU|TRV
BRKR,10,10,-5.74,4.54,-2.4,-0.4,1.11,2.465,-6.8500000000000005,2.075,-23.409999999999997,0.0,A|BIO|DHR|IDXX|ILMN|MTD|QGEN|TECH|TMO|WAT,A|BIO|DHR|IDXX|ILMN|MTD|QGEN|TECH|TMO|WAT
BRLS,10,9,-2.99,-26.14,-4.41,0.0,-1.77,-9.48,-1.2200000000000002,-16.66,0.03000000000000025,0.2222222222222222,CPB|GIS|HRL|HSY|K|KHC|KO|MDLZ|PEP|TSN,CPB|GIS|HRL|HSY|KHC|KO|MDLZ|PEP|TSN
BRLT,9,9,-6.29,4.69,21.82,-6.29,0.5,-5.76,-6.79,10.45,34.09,0.0,FOSL|GIII|LEVI|LULU|MOV|NKE|RL|SIG|VRA,FOSL|GIII|LEVI|LULU|MOV|NKE|RL|SIG|VRA
BRN,9,7,-1.0,1.83,-4.81,0.0,-2.97,-1.93,1.9700000000000002,3.76,-18.89,0.8571428571428571,APA|COP|DVN|EOG|FANG|HES|MRO|NOG|OXY,APA|COP|DVN|EOG|FANG|NOG|OXY
BRO,9,9,-5.25,-15.87,1.43,0.0,-4.7,-8.48,-0.5499999999999998,-7.389999999999999,3.84,0.3333333333333333,AJG|ALL|AON|CB|CINF|HIG|MRSH|PGR|TRV,AJG|ALL|AON|CB|CINF|HIG|MRSH|PGR|TRV
BROS,10,10,-4.68,-25.06,-42.52,-0.39,-1.725,-11.69,-2.9549999999999996,-13.37,-37.970000000000006,0.0,CMG|DNUT|DPZ|DRI|JVA|MCD|QSR|SBUX|WEN|YUM,CMG|DNUT|DPZ|DRI|JVA|MCD|QSR|SBUX|WEN|YUM
BRSL,10,9,-2.56,-13.2,-5.18,0.0,-3.52,-11.43,0.96,-1.7699999999999996,10.38,0.6666666666666666,BALY|BYD|CHDN|CZR|GLPI|ISSC|LVS|MGM|PENN|WYNN,BALY|BYD|CHDN|CZR|GLPI|LVS|MGM|PENN|WYNN
BRSP,10,10,-5.59,-17.52,-26.76,0.0,-5.725,-11.635,0.1349999999999998,-5.885,-11.275000000000002,0.5,ABR|ADAM|ARI|BXMT|CIM|GPMT|LADR|RC|STWD|TRTX,ABR|ADAM|ARI|BXMT|CIM|GPMT|LADR|RC|STWD|TRTX
BRT,10,8,-0.79,-6.8,-7.36,0.0,-2.5949999999999998,-11.105,1.8049999999999997,4.305000000000001,5.534999999999999,0.875,AIV|ARE|AVB|CPT|EQR|ESS|IRT|MAA|NXRT|UDR,AIV|ARE|CPT|ESS|IRT|MAA|NXRT|UDR
BRTX,10,9,-0.19,-40.45,-66.37,1.92,1.56,-4.49,-1.75,-35.96,-64.7,0.4444444444444444,AXSM|BLFS|BLUE|CLPT|DFTX|FATE|MESO|PRGO|RCEL|STEM,AXSM|BLFS|CLPT|DFTX|FATE|MESO|PRGO|RCEL|STEM
BRX,9,8,-1.11,-5.97,-13.56,0.36,-1.4,-8.365,0.2899999999999998,2.3950000000000005,-1.5250000000000004,0.625,AKR|FCPT|FRT|HERZ|KIM|REG|ROIC|SRG|UE,AKR|FCPT|FRT|HERZ|KIM|REG|SRG|UE
BRZE,10,10,1.32,-17.99,29.08,-2.36,1.6849999999999998,4.74,-0.36499999999999977,-22.729999999999997,7.784999999999997,0.5,AMPL|APPS|CRWD|DDOG|FROG|MNDY|OKTA|PUBM|TTD|ZM,AMPL|APPS|CRWD|DDOG|FROG|MNDY|OKTA|PUBM|TTD|ZM
BSAA,0,0,0.27,-3.51,-14.05,0.0,,,,,,,,
BSAC,10,10,0.44,-4.99,9.03,0.0,-1.745,-1.69,2.185,-3.3000000000000003,0.08499999999999908,0.9,BBD|BBVA|BCH|BSBR|CIB|DB|ITUB|SAN|SMFG|WF,BBD|BBVA|BCH|BSBR|CIB|DB|ITUB|SAN|SMFG|WF
BSBK,10,9,1.28,-1.03,-0.05,0.0,-1.92,-3.37,3.2,2.34,1.03,1.0,ACNB|BCBP|FFIC|FULT|HIFS|LSBK|OCFC|TBBK|TMP|TRST,ACNB|BCBP|FULT|HIFS|LSBK|OCFC|TBBK|TMP|TRST
BSBR,10,10,-1.89,-1.38,10.89,0.0,-5.42,-6.725,3.5300000000000002,5.345,15.285,0.7,BBAR|BBD|BCS|BMA|BSAC|CIB|DB|GGAL|ITUB|SUPV,BBAR|BBD|BCS|BMA|BSAC|CIB|DB|GGAL|ITUB|SUPV
BSET,10,7,0.8,-6.83,5.9,0.0,2.06,-3.47,-1.26,-3.36,9.22,0.2857142857142857,FLXS|HNI|HOFT|HVT|LEG|RH|SGI|SNBR|TBHC|WSM,FLXS|HNI|HOFT|HVT|RH|SGI|WSM
BSM,10,9,-1.42,-3.26,2.82,0.0,-2.29,-1.83,0.8700000000000001,-1.4299999999999997,-0.6800000000000002,0.5555555555555556,AM|ENLC|EPD|ET|KMI|MPLX|OKE|PAA|TRGP|WES,AM|EPD|ET|KMI|MPLX|OKE|PAA|TRGP|WES
BSRR,10,9,-2.93,-0.63,-3.1,0.0,-3.44,-6.76,0.5099999999999998,6.13,5.5600000000000005,0.7777777777777778,BANC|CMA|FITB|HBAN|KEY|PNC|RF|USB|WAL|ZION,BANC|FITB|HBAN|KEY|PNC|RF|USB|WAL|ZION
BSVN,10,9,1.34,5.64,17.41,0.0,-3.64,-6.12,4.98,11.76,23.36,1.0,BAC|BK|C|CFG|FITB|JPM|PNC|TFC|USB|WFC,BAC|C|CFG|FITB|JPM|PNC|TFC|USB|WFC
BSX,10,9,2.18,-10.75,0.68,-0.27,-0.43,-4.46,2.6100000000000003,-6.29,0.8,0.7777777777777778,ABT|BDX|EW|HOLX|ISRG|JNJ|MDT|SYK|XRAY|ZBH,ABT|BDX|EW|ISRG|JNJ|MDT|SYK|XRAY|ZBH
BSY,10,9,4.17,-11.33,13.97,0.0,1.66,-0.3,2.51,-11.03,-10.769999999999998,0.5555555555555556,ADSK|ANSS|CDNS|DDD|MSFT|MSTR|PTC|SNPS|SSNC|VEEV,ADSK|CDNS|DDD|MSFT|MSTR|PTC|SNPS|SSNC|VEEV
BTBD,10,10,11.18,38.97,78.3,2.72,-1.82,-12.535,13.0,51.504999999999995,82.85,1.0,CMG|DPZ|DRI|JACK|MCD|QSR|SBUX|TXRH|WEN|YUM,CMG|DPZ|DRI|JACK|MCD|QSR|SBUX|TXRH|WEN|YUM
BTBT,10,9,14.5,10.88,-9.23,-1.02,5.19,7.62,9.309999999999999,3.2600000000000007,5.02,0.8888888888888888,ARBK|BITF|CAN|CIFR|EBON|HIVE|HUT|MARA|RIOT|SOS,ARBK|CAN|CIFR|EBON|HIVE|HUT|MARA|RIOT|SOS
BTCS,10,7,12.95,4.67,55.45,0.32,8.6,10.23,4.35,-5.5600000000000005,68.49000000000001,0.8571428571428571,ARBK|BITF|CAN|CLSK|GREE|HIVE|HUT|MARA|RIOT|SDIG,ARBK|CAN|CLSK|HIVE|HUT|MARA|RIOT
BTCT,10,9,1.28,-41.25,3.06,-2.09,10.33,10.7,-9.05,-51.95,16.099999999999998,0.2222222222222222,ARBK|BITF|BTBT|CAN|HIVE|HUT|MARA|MSTR|RIOT|SOS,ARBK|BTBT|CAN|HIVE|HUT|MARA|MSTR|RIOT|SOS
BTDR,10,7,6.23,5.76,-27.15,-3.01,10.33,10.7,-4.1,-4.9399999999999995,-15.709999999999999,0.2857142857142857,ANY|ARBK|BITF|BTBT|CAN|CLSK|HUT|MARA|RIOT|SDIG,ARBK|BTBT|CAN|CLSK|HUT|MARA|RIOT
BTE,10,8,-6.34,-2.97,17.14,0.0,-1.78,0.5349999999999999,-4.56,-3.505,0.875,0.0,APA|COP|CVX|DVN|EOG|FANG|HES|MRO|OXY|XOM,APA|COP|CVX|DVN|EOG|FANG|OXY|XOM
BTG,10,10,-2.22,-10.05,33.33,-1.31,-3.975,-13.655000000000001,1.755,3.6050000000000004,10.229999999999997,0.8,AEM|AGI|AU|B|EGO|HMY|IAG|KGC|NEM|NG,AEM|AGI|AU|B|EGO|HMY|IAG|KGC|NEM|NG
BTGO,0,0,17.01,11.41,64.79,-2.35,,,,,,,,
BTI,10,9,1.2,0.39,-9.27,1.5,-0.89,-5.54,2.09,5.93,9.71,0.7777777777777778,GNLN|KAVL|MO|PM|RLX|SRXH|TPB|TVRD|UVV|XXII,GNLN|MO|PM|RLX|SRXH|TPB|TVRD|UVV|XXII
BTMD,10,8,-2.99,-17.2,-38.1,0.0,0.11499999999999999,-5.0600000000000005,-3.1050000000000004,-12.139999999999999,-26.025000000000002,0.25,ARDX|AXSM|BTAI|CORT|GNFT|KNSA|MIRM|TGTX|VTGN|XBIT,ARDX|AXSM|CORT|KNSA|MIRM|TGTX|VTGN|XBIT
BTOC,10,10,-5.37,-13.1,-11.28,0.0,-1.1,-6.74,-4.27,-6.359999999999999,1.415000000000001,0.0,CHRW|EXPD|FDX|JBHT|KNX|LSTR|R|UPS|WERN|XPO,CHRW|EXPD|FDX|JBHT|KNX|LSTR|R|UPS|WERN|XPO
BTQ,0,0,0.37,-20.53,-50.0,-0.73,,,,,,,,
BTSG,10,8,-1.59,-2.67,-20.09,-0.14,-0.30000000000000004,-5.235,-1.29,2.5650000000000004,-21.2,0.375,ADUS|AMED|CHE|EHC|ENSG|FMS|HCSG|OPI|SSY|SVC,ADUS|CHE|EHC|ENSG|FMS|HCSG|OPI|SVC
BTTC,0,0,37.97,0.08,-32.57,-5.03,,,,,,,,
BTU,10,8,-3.44,-5.34,13.4,0.0,-1.1949999999999998,-5.67,-2.245,0.33000000000000007,6.450000000000001,0.125,ARCH|ARLP|CNR|CTRA|HCC|HNRG|METC|NRP|SXC|TECK,ARLP|CNR|HCC|HNRG|METC|NRP|SXC|TECK
BTX,0,0,4.35,2.82,0.33,1.45,,,,,,,,
BUD,10,10,-1.03,-1.0,-7.28,1.17,-1.35,-9.04,0.32000000000000006,8.04,-1.6400000000000006,0.6,BF-B|CCU|DEO|KDP|KO|MNST|PEP|SAM|STZ|TAP,BF-B|CCU|DEO|KDP|KO|MNST|PEP|SAM|STZ|TAP
BUDA,0,0,-1.31,-13.71,-7.36,0.0,,,,,,,,
BULL,0,0,-1.43,-14.99,16.74,-0.65,,,,,,,,
BUR,10,10,-5.76,-15.88,-8.07,-1.31,-1.29,-3.685,-4.47,-12.195,-15.16,0.1,ARCC|CGBD|GSBD|HTGC|MAIN|OFS|PFLT|TCPC|TPVG|TSLX,ARCC|CGBD|GSBD|HTGC|MAIN|OFS|PFLT|TCPC|TPVG|TSLX
BURL,9,8,11.54,-22.17,-23.82,0.0,2.365,-1.97,9.174999999999999,-20.200000000000003,-20.785,1.0,AEO|ANF|DDS|JWN|KSS|M|ROST|TJX|URBN,AEO|ANF|DDS|KSS|M|ROST|TJX|URBN
BURU,10,7,11.7,-34.38,-81.44,-0.94,0.88,1.95,10.819999999999999,-36.330000000000005,-94.39,1.0,DDD|DM|FARO|MKFG|MTLS|NNDM|PRLB|SPSC|SSYS|VIVS,DDD|MTLS|NNDM|PRLB|SPSC|SSYS|VIVS
BUSE,10,10,-1.98,-2.15,1.33,0.0,-2.76,-4.06,0.7799999999999998,1.9099999999999997,8.84,0.7,BKU|CBSH|FHN|FULT|HOMB|IBOC|NBHC|TCBI|UMBF|WAL,BKU|CBSH|FHN|FULT|HOMB|IBOC|NBHC|TCBI|UMBF|WAL
BUUU,0,0,2.1,62.15,103.97,0.0,,,,,,,,
BV,10,8,-6.63,-7.31,-27.73,0.0,-1.545,-9.855,-5.085,2.545000000000001,-22.61,0.0,AMH|AVB|BEKE|CBRE|EQR|EXR|FR|INVH|PLD|PSA,AMH|BEKE|CBRE|EXR|FR|INVH|PLD|PSA
BVC,10,10,-12.32,-12.01,35.17,0.0,-2.14,0.04500000000000004,-10.18,-12.055,31.795,0.0,AAPL|AMZN|CSCO|GOOGL|HPQ|IBM|INTC|MSFT|NVDA|ORCL,AAPL|AMZN|CSCO|GOOGL|HPQ|IBM|INTC|MSFT|NVDA|ORCL
BVFL,10,8,-0.62,-2.16,-2.44,0.0,-3.0,-2.56,2.38,0.3999999999999999,-7.535,1.0,ASB|CFFI|CHCO|FBMS|FSBC|FSFG|GABC|MSBI|NKSH|ONB,ASB|CFFI|CHCO|FSBC|GABC|MSBI|NKSH|ONB
BVN,10,9,1.06,-5.06,12.34,0.0,-3.82,-13.65,4.88,8.59,-2.49,1.0,AEM|AG|B|EXK|FSM|HL|KGC|NEM|PAAS|SILV,AEM|AG|B|EXK|FSM|HL|KGC|NEM|PAAS
BVS,10,10,8.47,-2.7,40.8,0.66,-1.2,-8.55,9.67,5.8500000000000005,45.47,1.0,BAX|CNMD|GMED|IART|MEDP|OFIX|PODD|SNN|XRAY|ZBH,BAX|CNMD|GMED|IART|MEDP|OFIX|PODD|SNN|XRAY|ZBH
BW,10,10,-10.54,-16.37,-55.99,-1.38,2.3600000000000003,-2.645,-12.899999999999999,-13.725000000000001,-52.035000000000004,0.0,BA|DHR|EMR|GE|HON|IR|JCI|MMM|SPB|TT,BA|DHR|EMR|GE|HON|IR|JCI|MMM|SPB|TT
BWA,10,9,-2.76,-5.92,-11.2,0.0,-1.22,-5.98,-1.5399999999999998,0.0600000000000005,-5.6499999999999995,0.4444444444444444,ALV|AXL|DAN|GNTX|GT|JCI|LEA|MGA|TEN|VC,ALV|DAN|GNTX|GT|JCI|LEA|MGA|TEN|VC
BWAY,10,7,-0.07,-5.21,-6.6,0.0,1.61,-16.94,-1.6800000000000002,11.73,8.790000000000001,0.2857142857142857,ACAD|AKBA|ARWR|BLUE|CODX|CORT|FOLD|KALA|MRNS|RARE,ACAD|AKBA|ARWR|CODX|CORT|KALA|RARE
BWB,10,9,-1.87,-5.54,-0.24,0.0,-3.81,-6.35,1.94,0.8099999999999996,7.93,0.7777777777777778,CFR|CMA|EWBC|FHN|FITB|HBAN|KEY|PB|TFC|WAL,CFR|EWBC|FHN|FITB|HBAN|KEY|PB|TFC|WAL
BWEN,10,8,8.54,-1.82,-4.64,0.0,-5.09,-7.92,13.629999999999999,6.1,15.989999999999998,1.0,AY|BE|CWEN|ENPH|FSLR|GE|NEE|RUN|SEDG|TPIC,BE|CWEN|ENPH|FSLR|GE|NEE|RUN|SEDG
BWFG,10,10,-1.84,-1.58,13.29,0.0,-2.295,-2.54,0.45499999999999985,0.96,11.555,0.6,CAC|CHCO|FMBH|FSBW|FUNC|RNST|SRCE|TMP|UBSI|WSFS,CAC|CHCO|FMBH|FSBW|FUNC|RNST|SRCE|TMP|UBSI|WSFS
BWIN,10,10,-0.59,1.76,28.07,0.0,-1.885,-1.605,1.295,3.365,20.365000000000002,0.7,AFL|AIG|ALL|HIG|LNC|MET|PFG|PRU|TRV|UNM,AFL|AIG|ALL|HIG|LNC|MET|PFG|PRU|TRV|UNM
BWLP,10,10,-5.47,-0.36,35.92,1.69,-6.055,5.0,0.585,-5.36,14.860000000000003,0.6,ASC|CMRE|DHT|FRO|INSW|NAT|NMM|SFL|STNG|TNK,ASC|CMRE|DHT|FRO|INSW|NAT|NMM|SFL|STNG|TNK
BWMN,10,10,0.24,0.07,46.51,0.0,-2.75,-4.57,2.99,4.640000000000001,53.675,0.9,ACM|DY|EME|FLR|GVA|J|KBR|PRIM|STN|TTEK,ACM|DY|EME|FLR|GVA|J|KBR|PRIM|STN|TTEK
BWMX,10,9,2.36,2.29,-6.41,0.0,-0.96,-5.3,3.32,7.59,-3.0900000000000003,0.7777777777777778,AMZN|BGFV|BURL|COST|DG|DLTR|ETSY|TGT|W|WSM,AMZN|BURL|COST|DG|DLTR|ETSY|TGT|W|WSM
BWXT,10,10,-3.38,-5.56,-30.95,-0.29,-2.5700000000000003,-6.96,-0.8099999999999996,1.4000000000000004,-29.035,0.3,BA|GD|HEI|HII|LDOS|LHX|LMT|NOC|TDY|TXT,BA|GD|HEI|HII|LDOS|LHX|LMT|NOC|TDY|TXT
BX,9,9,-5.3,-17.19,4.01,-0.43,-2.01,-10.48,-3.29,-6.710000000000001,0.6499999999999999,0.1111111111111111,APO|ARES|BXMT|CG|FTAI|HLNE|KKR|MC|PNNT,APO|ARES|BXMT|CG|FTAI|HLNE|KKR|MC|PNNT
BXC,10,8,5.72,-3.87,31.48,0.0,-1.0150000000000001,-9.905000000000001,6.734999999999999,6.035000000000001,45.1,1.0,AWI|BECN|BLDR|GMS|HD|LOW|PATK|TREX|UFPI|USLM,AWI|BLDR|HD|LOW|PATK|TREX|UFPI|USLM
BXMT,10,9,-6.96,-10.48,-27.61,-0.08,-2.06,-8.98,-4.9,-1.5,-13.459999999999999,0.0,AGNC|CIM|DX|IVR|MFA|MITT|NLY|RWT|STWD|TWO,AGNC|CIM|DX|IVR|MFA|MITT|NLY|RWT|STWD
BXP,9,9,-1.97,-13.12,-4.57,0.5,-2.03,-12.12,0.05999999999999983,-1.0,3.2299999999999995,0.5555555555555556,ARE|BFS|DEI|HIW|HPP|KRC|PDM|SLG|VNO,ARE|BFS|DEI|HIW|HPP|KRC|PDM|SLG|VNO
BXSL,10,10,-1.09,-1.52,3.84,0.0,-1.77,-3.91,0.6799999999999999,2.39,-0.585,0.6,ARCC|GLAD|GSBD|HTGC|MAIN|NMFC|PNNT|PSEC|SLRC|TCPC,ARCC|GLAD|GSBD|HTGC|MAIN|NMFC|PNNT|PSEC|SLRC|TCPC
BY,10,8,-1.97,-3.88,1.07,0.0,-2.89,-3.245,0.9200000000000002,-0.6349999999999998,-0.30000000000000004,0.625,BBT|CZNC|DCOM|FFWM|FMBH|HONE|HTB|MBWM|RVSB|SSBI,BBT|CZNC|DCOM|FMBH|HTB|MBWM|RVSB|SSBI
BYAH,0,0,9.96,-1.93,-73.98,-3.79,,,,,,,,
BYD,10,10,-5.11,-11.43,-17.45,0.0,-2.61,-15.39,-2.5000000000000004,3.960000000000001,-0.9699999999999989,0.3,CHDN|CZR|LVS|MGM|MLCO|MTN|NCLH|PENN|RCL|WYNN,CHDN|CZR|LVS|MGM|MLCO|MTN|NCLH|PENN|RCL|WYNN
BYFC,10,9,0.26,-0.16,24.65,0.0,-2.29,-1.53,2.55,1.37,21.02,1.0,BRKL|BY|FBIZ|FFWM|HAFC|HOPE|MGYR|OFG|ORRF|WASH,BRKL|BY|FBIZ|HAFC|HOPE|MGYR|OFG|ORRF|WASH
BYND,10,9,-14.44,-29.46,-51.24,-0.2,-1.77,-8.97,-12.67,-20.490000000000002,-52.09,0.0,CAG|GIS|HRL|K|KHC|MDLZ|MZTI|POST|SJM|TSN,CAG|GIS|HRL|KHC|MDLZ|MZTI|POST|SJM|TSN
BYRN,10,9,-2.43,0.0,-36.38,0.0,0.58,-1.25,-3.0100000000000002,1.25,-35.17,0.3333333333333333,AVAV|AXON|GPRO|KTOS|OPTT|OSIS|POLA|RGR|SWBI|VSTO,AVAV|AXON|GPRO|KTOS|OPTT|OSIS|POLA|RGR|SWBI
BYSI,9,8,2.99,1.36,-54.37,0.47,0.07,-10.14,2.9200000000000004,11.5,-54.449999999999996,0.75,AGEN|APLS|BNTX|IMMP|IMUX|ONC|RNTX|SRRK|ZLAB,AGEN|BNTX|IMMP|IMUX|ONC|RNTX|SRRK|ZLAB
BZ,10,10,-4.0,-6.67,9.67,0.0,1.375,-3.32,-5.375,-3.35,3.6399999999999997,0.1,BIDU|DOYU|EDU|HUYA|IQ|JD|MOMO|NTES|PDD|TAL,BIDU|DOYU|EDU|HUYA|IQ|JD|MOMO|NTES|PDD|TAL
BZAI,0,0,-13.04,13.28,-62.32,-3.66,,,,,,,,
BZFD,10,10,-3.76,-4.63,-21.0,2.78,-2.21,-7.835,-1.5499999999999998,3.205,-23.62,0.3,AMZN|CMCSA|DIS|GOOGL|NWSA|NYT|SNAP|TDAY|TGT|TTWO,AMZN|CMCSA|DIS|GOOGL|NWSA|NYT|SNAP|TDAY|TGT|TTWO
BZH,10,9,0.0,0.72,20.48,0.0,-0.32,-9.48,0.32,10.200000000000001,37.480000000000004,0.6666666666666666,DHI|HOV|KBH|LEN|LGIH|MTH|NVR|PHM|TMHC|TOL,DHI|HOV|KBH|LEN|LGIH|MTH|NVR|PHM|TOL
BZUN,10,10,8.7,6.38,4.17,0.0,0.35500000000000004,-9.11,8.344999999999999,15.489999999999998,-3.1900000000000004,1.0,AMZN|BABA|CHWY|EBAY|ETSY|GRPN|JD|MELI|PDD|SHOP,AMZN|BABA|CHWY|EBAY|ETSY|GRPN|JD|MELI|PDD|SHOP
C,10,9,-0.71,-1.12,-9.12,-0.13,-3.44,-7.5,2.73,6.38,-4.839999999999999,1.0,BAC|BK|CB|GS|JPM|MS|PNC|TFC|USB|WFC,BAC|CB|GS|JPM|MS|PNC|TFC|USB|WFC
CAAP,10,9,0.81,-0.5,-9.01,0.0,1.39,-5.36,-0.5799999999999998,4.86,12.47,0.4444444444444444,AAL|ALK|AZUL|DAL|JBLU|LUV|OTIS|SAVE|SKYW|UAL,AAL|ALK|AZUL|DAL|JBLU|LUV|OTIS|SKYW|UAL
CAAS,10,10,-0.2,6.83,16.25,0.0,-1.82,-3.54,1.62,10.370000000000001,15.845,0.7,F|GM|HMC|LCID|LI|NIO|RACE|TM|TSLA|XPEV,F|GM|HMC|LCID|LI|NIO|RACE|TM|TSLA|XPEV
CABA,10,7,-12.95,-30.25,-23.08,1.17,-0.78,-9.62,-12.17,-20.630000000000003,-23.439999999999998,0.0,ADAP|ALLO|ANIX|BLUE|BMRN|CRSP|EDIT|NTLA|SGMO|TGTX,ALLO|ANIX|BMRN|CRSP|EDIT|NTLA|TGTX
CABO,10,7,-16.42,-30.66,-65.04,0.0,-2.52,-6.01,-13.900000000000002,-24.65,-64.86,0.0,ATNI|ATUS|CHTR|CMCSA|CNSL|LILA|LUMN|TDS|VZ|WOW,ATNI|CHTR|CMCSA|LILA|LUMN|TDS|VZ
CABR,0,0,2.46,-7.41,8.7,0.0,,,,,,,,
CAC,10,10,-1.35,-0.93,5.98,0.0,-3.035,-3.4400000000000004,1.685,2.5100000000000002,4.265000000000001,0.8,BHB|CHCO|EWBC|FMBH|INDB|SRCE|SYBT|TMP|TRMK|WAFD,BHB|CHCO|EWBC|FMBH|INDB|SRCE|SYBT|TMP|TRMK|WAFD
CACC,10,8,-6.84,-8.98,-11.82,-0.92,-3.71,-9.14,-3.13,0.16000000000000014,-7.775,0.125,ALLY|COF|DFS|GDOT|LPRO|NAVI|ONEW|PRAA|SLM|SYF,ALLY|COF|GDOT|NAVI|ONEW|PRAA|SLM|SYF
CACI,10,10,-3.31,0.31,38.52,-0.43,-2.86,-6.54,-0.4500000000000002,6.85,34.89,0.4,BAH|GD|HII|KBR|LDOS|LMT|NOC|RTX|SAIC|VSEC,BAH|GD|HII|KBR|LDOS|LMT|NOC|RTX|SAIC|VSEC
CADL,10,8,-0.26,-16.84,19.43,0.18,-2.335,-12.485,2.075,-4.355,34.230000000000004,0.625,ADAP|ADIL|BLRX|CYPH|IMTX|LONA|MRNS|PPBT|XBIT|ZNTL,ADIL|BLRX|CYPH|IMTX|LONA|PPBT|XBIT|ZNTL
CAE,10,10,1.5,-1.33,-2.16,0.0,-0.45499999999999996,-7.5600000000000005,1.955,6.23,5.82,0.7,AIR|ATRO|BA|GD|HEI|HII|LMT|NOC|TDG|TXT,AIR|ATRO|BA|GD|HEI|HII|LMT|NOC|TDG|TXT
CAG,10,9,-2.44,-8.97,7.47,0.2,-2.94,-9.48,0.5,0.5099999999999998,9.5,0.5555555555555556,CPB|GIS|HRL|HSY|K|KHC|MDLZ|MKC|POST|SJM,CPB|GIS|HRL|HSY|KHC|MDLZ|MKC|POST|SJM
CAH,7,5,-2.24,-7.0,-5.74,0.0,-0.77,-5.74,-1.4700000000000002,-1.2599999999999998,-7.57,0.4,ACH|COR|CVS|HSIC|MCK|PDCO|WBA,ACH|COR|CVS|HSIC|MCK
CAI,0,0,-1.36,8.89,63.1,-3.63,,,,,,,,
CAKE,9,9,7.27,-9.38,30.09,-1.5,2.69,-18.91,4.58,9.53,30.18,1.0,BJRI|BLMN|DIN|DRI|EAT|FWRG|RAVE|RRGB|TXRH,BJRI|BLMN|DIN|DRI|EAT|FWRG|RAVE|RRGB|TXRH
CAL,10,8,2.83,-9.45,-4.7,0.0,0.22999999999999998,-5.625,2.6,-3.8249999999999993,7.425,0.75,COLM|CROX|DECK|FL|NKE|RL|SHOO|SKX|VFC|WWW,COLM|CROX|DECK|NKE|RL|SHOO|VFC|WWW
CALC,10,7,-10.15,-39.8,-43.47,-1.12,-3.0,-14.65,-7.15,-25.15,-35.6,0.14285714285714285,APLT|BIVI|COGT|DTIL|GALT|JAGX|LCTX|LVTX|PVLA|SYBX,BIVI|COGT|DTIL|GALT|JAGX|LCTX|PVLA
CALM,10,8,-3.45,-15.21,-9.23,0.0,-2.49,-10.76,-0.96,-4.450000000000001,-7.5600000000000005,0.25,CAG|FDP|HRL|HRZN|INGR|MKC|MZTI|PPC|THS|TSN,CAG|HRL|HRZN|INGR|MKC|MZTI|PPC|TSN
CALX,10,8,-2.54,-13.22,-5.47,0.0,0.5449999999999999,-4.535,-3.085,-8.685,14.32,0.125,ADTN|ANET|CIEN|CSCO|EXTR|FFIV|INFN|JNPR|LITE|VIAV,ADTN|ANET|CIEN|CSCO|EXTR|FFIV|LITE|VIAV
CALY,10,6,-1.62,-7.6,-19.3,0.0,-0.93,-10.125,-0.6900000000000001,2.5250000000000004,-1.2300000000000004,0.3333333333333333,COLM|DECK|FL|GOLF|HBI|LULU|NKE|SKX|UAA|VSTO,COLM|DECK|GOLF|LULU|NKE|UAA
CAMP,0,0,-3.63,-13.89,-7.69,0.0,,,,,,,,
CAMT,10,10,-0.46,-2.12,-14.58,-2.39,8.985,-2.21,-9.445,0.08999999999999986,13.15,0.0,AMAT|ASML|COHU|ICHR|KLAC|LRCX|ONTO|TER|UCTT|VECO,AMAT|ASML|COHU|ICHR|KLAC|LRCX|ONTO|TER|UCTT|VECO
CAN,10,8,18.2,-9.52,26.91,-2.36,6.935,10.465,11.265,-19.985,40.555,1.0,ARBK|BITF|BTBT|CLSK|CORZ|HIVE|HUT|MARA|RIOT|SDIG,ARBK|BTBT|CLSK|CORZ|HIVE|HUT|MARA|RIOT
CANF,10,8,-3.57,-34.94,-26.53,0.0,-3.87,-4.275,0.30000000000000027,-30.665,-25.69,0.5,AGEN|APLS|ATNM|BIVI|CASI|CGEN|CLRB|IMMP|PDSB|TGTX,AGEN|ATNM|BIVI|CGEN|CLRB|IMMP|PDSB|TGTX
CANG,10,9,-5.63,-12.61,-12.0,0.0,-0.28,-10.18,-5.35,-2.4299999999999997,10.850000000000001,0.2222222222222222,ATHM|FINV|GDS|JFIN|LKCO|LX|PDD|QFIN|UXIN|YRD,ATHM|FINV|GDS|JFIN|LX|PDD|QFIN|UXIN|YRD
CAPL,10,10,-1.35,-6.6,0.69,0.0,-4.31,2.7249999999999996,2.9599999999999995,-9.325,-18.895,0.8,CVX|DK|MPC|MPLX|OKE|PAA|PSX|SUN|VLO|XOM,CVX|DK|MPC|MPLX|OKE|PAA|PSX|SUN|VLO|XOM
CAPN,0,0,0.09,1.07,2.45,0.0,,,,,,,,
CAPR,10,8,-7.11,5.55,-71.22,0.92,-0.89,-13.34,-6.220000000000001,18.89,-67.53999999999999,0.25,BLUE|CLLS|CRSP|EDIT|FATE|NVS|RARE|SGMO|SRPT|TVRD,CLLS|CRSP|EDIT|FATE|NVS|RARE|SRPT|TVRD
CAPS,0,0,-7.4,-11.05,-28.12,-17.08,,,,,,,,
CAR,10,9,-5.85,-25.24,-34.32,2.68,-2.37,-3.86,-3.4799999999999995,-21.38,-30.08,0.1111111111111111,BP|GATX|HTZ|LYFT|OPLN|PAG|R|REVG|UBER|UHAL,BP|GATX|HTZ|LYFT|OPLN|PAG|R|UBER|UHAL
CARE,10,10,-2.13,-3.64,-7.91,0.0,-3.42,-5.949999999999999,1.29,2.309999999999999,-0.6299999999999999,0.8,BKU|BOKF|CFR|CUBI|FHN|HOMB|PB|WAL|WTFC|ZION,BKU|BOKF|CFR|CUBI|FHN|HOMB|PB|WAL|WTFC|ZION
CARG,10,9,-11.9,-17.84,-2.02,0.0,-3.51,-15.42,-8.39,-2.42,1.7999999999999998,0.2222222222222222,ABG|AN|CVNA|GPI|KMX|LAD|PAG|SAH|TRUE|VRM,ABG|AN|CVNA|GPI|KMX|LAD|PAG|SAH|VRM
CARL,0,0,-3.59,-6.58,33.09,0.0,,,,,,,,
CARR,10,10,1.12,-6.02,-27.63,-0.18,2.79,-2.635,-1.67,-3.385,-16.459999999999997,0.1,AAON|AOS|DOV|EMR|HON|IR|JCI|LII|ROK|TT,AAON|AOS|DOV|EMR|HON|IR|JCI|LII|ROK|TT
CARS,10,10,-9.08,-16.37,1.57,-0.29,-3.46,-12.85,-5.62,-3.5200000000000014,8.785,0.2,ABG|AN|CVNA|GPI|KMX|LAD|MPAA|PAG|SAH|VRM,ABG|AN|CVNA|GPI|KMX|LAD|MPAA|PAG|SAH|VRM
CART,10,10,-5.79,-16.91,-8.55,-0.37,-2.02,-4.574999999999999,-3.77,-12.335,-4.635000000000001,0.1,ACI|AMZN|BJ|COST|IMKTA|KR|NGVC|SFM|TGT|WMT,ACI|AMZN|BJ|COST|IMKTA|KR|NGVC|SFM|TGT|WMT
CASH,10,9,-6.6,-11.71,-15.25,0.0,-2.9,-8.49,-3.6999999999999997,-3.2200000000000006,-6.779999999999999,0.0,ALLY|AXP|CFG|COF|DFS|FITB|KEY|MTB|RF|USB,ALLY|AXP|CFG|COF|FITB|KEY|MTB|RF|USB
CASS,10,10,-2.33,-5.9,6.11,0.0,-4.295,-11.93,1.9649999999999999,6.029999999999999,-6.124999999999999,0.8,ADP|EVTC|FIS|GPN|JKHY|PAYX|PYPL|WEX|WU|XYZ,ADP|EVTC|FIS|GPN|JKHY|PAYX|PYPL|WEX|WU|XYZ
CASY,10,10,-1.19,-27.24,-23.51,0.49,-3.49,-5.0649999999999995,2.3000000000000003,-22.174999999999997,-19.595000000000002,0.8,ACI|BJ|COST|DG|FIVE|KR|SFM|SYY|TSN|WMT,ACI|BJ|COST|DG|FIVE|KR|SFM|SYY|TSN|WMT
CAT,9,9,0.35,-1.22,-24.19,-1.31,1.49,-5.09,-1.1400000000000001,3.87,-18.71,0.3333333333333333,AGCO|ASTE|CMI|DE|MTW|MTZ|OSK|TEX|URI,AGCO|ASTE|CMI|DE|MTW|MTZ|OSK|TEX|URI
CATO,9,8,5.13,-11.83,-23.12,0.0,3.09,-2.6550000000000002,2.04,-9.175,-12.370000000000001,0.75,AEO|ANF|JWN|KSS|M|PLCE|ROST|TJX|URBN,AEO|ANF|KSS|M|PLCE|ROST|TJX|URBN
CATX,10,7,-9.03,-20.36,-12.67,0.0,-0.78,-8.33,-8.25,-12.03,4.0699999999999985,0.14285714285714285,AVXL|CLPT|CYCN|IMUX|KALA|KPTI|MNOV|ONCT|TGTX|XOMA,AVXL|CLPT|IMUX|KALA|KPTI|MNOV|TGTX
CATY,10,9,-4.1,-3.89,-4.02,-1.64,-1.92,-3.43,-2.1799999999999997,-0.45999999999999996,-1.0699999999999994,0.1111111111111111,BANC|CVBF|EWBC|HAFC|HOPE|PFBC|PPBI|SFNC|TBBK|WAL,BANC|CVBF|EWBC|HAFC|HOPE|PFBC|SFNC|TBBK|WAL
CAVA,10,10,2.52,-24.23,-36.97,-1.13,1.6600000000000001,-14.885,0.8599999999999999,-9.345,-37.58,0.5,BLMN|CAKE|CMG|DPZ|QSR|RRGB|SHAK|TXRH|WING|YUM,BLMN|CAKE|CMG|DPZ|QSR|RRGB|SHAK|TXRH|WING|YUM
CB,10,10,-1.34,-1.69,1.96,0.63,-2.975,-4.025,1.635,2.3350000000000004,4.235,0.8,AFL|AIG|ALL|CINF|HIG|L|MET|PGR|PRU|TRV,AFL|AIG|ALL|CINF|HIG|L|MET|PGR|PRU|TRV
CBAN,10,9,-2.94,-4.4,-3.95,0.0,-3.05,-2.84,0.10999999999999988,-1.5600000000000005,-5.09,0.5555555555555556,BANC|BCBP|CNOB|EVBN|FISI|FUNC|OSBC|SFBC|SYBT|WTBA,BANC|BCBP|CNOB|FISI|FUNC|OSBC|SFBC|SYBT|WTBA
CBAT,10,10,39.62,55.79,134.47,1.37,-5.46,-11.785,45.08,67.575,156.71,1.0,BATL|BLNK|CHPT|ENPH|FCEL|LAC|NIO|PLUG|QS|SEDG,BATL|BLNK|CHPT|ENPH|FCEL|LAC|NIO|PLUG|QS|SEDG
CBC,0,0,-0.1,-3.36,6.56,0.0,,,,,,,,
CBFV,10,10,-0.27,-1.56,0.03,0.0,-3.2649999999999997,-7.68,2.9949999999999997,6.119999999999999,8.595,1.0,C|CFG|FITB|HBAN|KEY|MTB|PNC|RF|TFC|USB,C|CFG|FITB|HBAN|KEY|MTB|PNC|RF|TFC|USB
CBIO,10,6,-17.4,-16.38,-18.26,0.0,-4.82,-14.504999999999999,-12.579999999999998,-1.875,0.09499999999999531,0.0,AFMD|AXSM|CDTX|FATE|HOOK|IMMP|NERV|PVLA|SYBX|XFOR,AXSM|FATE|IMMP|NERV|PVLA|XFOR
CBK,0,0,-4.32,-7.25,-1.63,0.0,,,,,,,,
CBL,9,8,0.0,-4.76,4.06,0.0,-1.1600000000000001,-6.91,1.1600000000000001,2.1500000000000004,15.59,0.75,AKR|BRX|FRT|KIM|MAC|REG|ROIC|SKT|SPG,AKR|BRX|FRT|KIM|MAC|REG|SKT|SPG
CBLL,0,0,-3.59,-1.34,26.92,0.0,,,,,,,,
CBNA,0,0,5.28,5.99,29.19,0.0,,,,,,,,
CBNK,10,10,-1.95,-2.57,3.55,0.0,-2.505,-4.529999999999999,0.5549999999999999,1.9599999999999995,6.785,0.6,CAC|CVBF|FFBC|FVCB|HIFS|INDB|JBTM|SFBS|SLM|UMBF,CAC|CVBF|FFBC|FVCB|HIFS|INDB|JBTM|SFBS|SLM|UMBF
CBOE,10,10,-0.58,-12.73,7.72,0.0,1.175,-3.64,-1.755,-9.09,-8.285,0.2,CME|EVR|FDS|ICE|MCO|MKTX|MSCI|NDAQ|SCHW|SPGI,CME|EVR|FDS|ICE|MCO|MKTX|MSCI|NDAQ|SCHW|SPGI
CBRE,9,6,-2.09,-10.1,1.36,0.0,-1.1099999999999999,-15.004999999999999,-0.98,4.904999999999999,2.84,0.3333333333333333,CIGI|CWK|EXPI|FR|HST|JLL|PGRE|RMAX|SLG,CIGI|CWK|FR|HST|JLL|SLG
CBRL,9,9,6.88,-19.74,-3.21,-1.58,5.63,-18.91,1.25,-0.8299999999999983,-3.21,0.8888888888888888,BJRI|BLMN|CAKE|DIN|DRI|EAT|PLAY|RRGB|TXRH,BJRI|BLMN|CAKE|DIN|DRI|EAT|PLAY|RRGB|TXRH
CBSH,10,10,-2.95,-5.19,-1.82,0.0,-3.7199999999999998,-6.555,0.7699999999999996,1.3649999999999993,4.1850000000000005,0.7,ASB|BOKF|CFR|FHN|ONB|PB|PNFP|WAL|WTFC|ZION,ASB|BOKF|CFR|FHN|ONB|PB|PNFP|WAL|WTFC|ZION
CBT,10,10,0.43,-6.06,-14.25,0.0,0.04,-6.15,0.39,0.09000000000000075,-12.465,0.7,ASH|AVNT|EMN|FUL|IFF|KWR|MTX|NEU|OLN|RPM,ASH|AVNT|EMN|FUL|IFF|KWR|MTX|NEU|OLN|RPM
CBU,10,10,-3.31,-3.7,-8.87,0.0,-3.005,-4.625,-0.30500000000000016,0.9249999999999998,-5.614999999999998,0.2,CBSH|FFBC|FNB|FULT|HBAN|HOMB|PNFP|SFNC|SRCE|UBSI,CBSH|FFBC|FNB|FULT|HBAN|HOMB|PNFP|SFNC|SRCE|UBSI
CBUS,10,8,1.99,-10.98,12.41,0.0,-6.135,-6.205,8.125,-4.775,12.955,1.0,ADM|AGRO|BG|BYND|CALM|DAR|FDP|INGR|SANW|TSN,ADM|AGRO|BG|BYND|CALM|DAR|INGR|TSN
CBZ,10,10,0.11,0.11,75.08,0.0,-3.5999999999999996,-11.76,3.7099999999999995,11.87,69.52,0.8,CTAS|ECL|EFX|EXPO|MAN|OMC|PAYX|RHI|VRSK|WU,CTAS|ECL|EFX|EXPO|MAN|OMC|PAYX|RHI|VRSK|WU
CC,10,10,2.08,-6.53,-30.99,0.0,0.27,-5.095,1.81,-1.4350000000000005,-27.599999999999998,0.7,ASH|AVNT|CE|DD|DOW|EMN|HUN|LYB|PPG|WLK,ASH|AVNT|CE|DD|DOW|EMN|HUN|LYB|PPG|WLK
CCAP,10,10,-2.13,-9.79,-13.18,0.0,-1.88,-3.91,-0.25,-5.879999999999999,-17.64,0.5,ARCC|CSWC|FDUS|GSBD|HTGC|MAIN|NMFC|PSEC|SLRC|TCPC,ARCC|CSWC|FDUS|GSBD|HTGC|MAIN|NMFC|PSEC|SLRC|TCPC
CCB,10,10,-3.3,-6.49,-41.35,0.0,-2.645,-3.81,-0.6549999999999998,-2.68,-36.145,0.3,CIVB|CUBI|EWBC|FNB|HTB|INDB|PNFP|SFNC|TCBI|WAL,CIVB|CUBI|EWBC|FNB|HTB|INDB|PNFP|SFNC|TCBI|WAL
CCBG,10,10,-2.77,-5.54,0.39,0.0,-3.44,-7.905,0.6699999999999999,2.365,8.015,0.8,BAC|FITB|HBAN|KEY|MTB|PNC|RF|TFC|USB|WFC,BAC|FITB|HBAN|KEY|MTB|PNC|RF|TFC|USB|WFC
CCC,10,10,5.21,-11.2,48.33,0.0,-4.845000000000001,-7.03,10.055,-4.169999999999999,50.72,1.0,AFL|AIZ|ALL|CINF|HIG|PGR|RLI|SIGI|TRV|WRB,AFL|AIZ|ALL|CINF|HIG|PGR|RLI|SIGI|TRV|WRB
CCCC,10,10,-8.93,-25.95,-29.32,0.97,-0.09,-6.03,-8.84,-19.919999999999998,-37.045,0.0,BNTX|CRSP|EDIT|EXEL|GILD|INCY|MRNA|NTLA|ONC|VRTX,BNTX|CRSP|EDIT|EXEL|GILD|INCY|MRNA|NTLA|ONC|VRTX
CCEC,10,10,-1.18,-4.86,5.33,0.0,-6.055,3.935,4.875,-8.795,-17.314999999999998,1.0,DAC|DHT|FRO|INSW|LPG|MATX|NAT|NMM|SFL|STNG,DAC|DHT|FRO|INSW|LPG|MATX|NAT|NMM|SFL|STNG
CCEL,7,5,-9.52,-9.11,5.0,0.0,4.54,-5.02,-14.059999999999999,-4.09,6.61,0.2,ARCT|COOP|CYRX|KOD|KRYS|MRNS|VERU,ARCT|CYRX|KOD|KRYS|VERU
CCEP,10,9,0.15,-8.39,1.03,0.94,-1.2,-7.32,1.3499999999999999,-1.0700000000000003,3.24,0.5555555555555556,AKO-B|COKE|FIZZ|HSY|KDP|KO|MNST|PEP|PRMW|ZVIA,AKO-B|COKE|FIZZ|HSY|KDP|KO|MNST|PEP|ZVIA
CCG,10,10,-6.71,-23.25,-1.23,0.0,-2.5250000000000004,-4.635,-4.185,-18.615000000000002,1.1600000000000001,0.1,AFG|AIG|ALL|CINF|CNA|MKL|PGR|SIGI|TRV|WRB,AFG|AIG|ALL|CINF|CNA|MKL|PGR|SIGI|TRV|WRB
CCHH,0,0,-7.59,-17.2,-76.48,0.0,,,,,,,,
CCI,8,8,-4.68,-7.86,-11.62,0.09,-2.395,-5.995,-2.2849999999999997,-1.8650000000000002,-4.659999999999999,0.125,AMT|COR|DLR|EQIX|HASI|IRM|SBAC|UNIT,AMT|COR|DLR|EQIX|HASI|IRM|SBAC|UNIT
CCII,0,0,0.05,-0.19,-0.19,0.0,,,,,,,,
CCJ,10,10,-2.96,-15.81,-13.06,-0.83,-0.82,-18.0,-2.14,2.1899999999999995,-3.885,0.3,API|BMN|DNN|GLO|LEU|LTBR|NXE|UEC|URG|UUUU,API|BMN|DNN|GLO|LEU|LTBR|NXE|UEC|URG|UUUU
CCK,10,8,-0.33,-8.49,0.17,0.43,-0.705,-11.955,0.37499999999999994,3.465,6.66,0.5,AVY|BALL|BERY|GPK|IP|OI|PKG|SEE|SLGN|SON,AVY|BALL|GPK|IP|OI|PKG|SLGN|SON
CCL,10,10,-2.75,-17.52,-24.24,-1.1,-3.205,-16.705,0.45500000000000007,-0.8150000000000013,-15.665,0.5,ABNB|BKNG|EXPE|H|HLT|LIND|MAR|NCLH|RCL|VAC,ABNB|BKNG|EXPE|H|HLT|LIND|MAR|NCLH|RCL|VAC
CCLD,10,10,-1.44,-17.6,-5.94,0.0,-1.545,-1.7349999999999999,0.10499999999999998,-15.865000000000002,6.944999999999999,0.5,CLOV|EVH|GDRX|HIMS|HSTM|MD|OMCL|TDOC|TVRD|VEEV,CLOV|EVH|GDRX|HIMS|HSTM|MD|OMCL|TDOC|TVRD|VEEV
CCM,10,9,-1.79,-22.69,-18.43,0.0,-1.03,-2.78,-0.76,-19.91,-25.2,0.4444444444444444,CAH|CVS|HCA|HTHT|MD|SEM|SMP|THC|UHS|USPH,CAH|CVS|HCA|HTHT|MD|SMP|THC|UHS|USPH
CCNE,10,9,-1.64,-1.06,0.0,0.36,-2.29,-1.23,0.6500000000000001,0.16999999999999993,-3.9,0.6666666666666666,BHB|CZNC|ESQ|FUNC|HBNC|MBCN|MSBI|ORRF|TMP|UBCP,BHB|CZNC|ESQ|FUNC|HBNC|MSBI|ORRF|TMP|UBCP
CCO,10,9,-1.67,-0.42,-1.67,0.0,-2.28,-7.11,0.6099999999999999,6.69,-4.75,0.6666666666666666,ATNI|GTN|IHRT|LAMR|MCS|NCMI|OUT|SGA|STCN|TIGO,ATNI|GTN|IHRT|LAMR|MCS|NCMI|OUT|SGA|TIGO
CCOI,10,9,-11.96,-17.93,-38.38,-0.26,-2.72,-6.93,-9.24,-11.0,-39.61,0.0,AMT|CCI|CMCSA|CNSL|DIS|LUMN|NDAQ|SBAC|T|VZ,AMT|CCI|CMCSA|DIS|LUMN|NDAQ|SBAC|T|VZ
CCS,10,9,0.9,-11.54,-11.28,0.0,-0.16,-9.48,1.06,-2.0599999999999987,5.459999999999999,0.8888888888888888,BZH|DHI|KBH|LEN|LGIH|MTH|NVR|PHM|TMHC|TOL,BZH|DHI|KBH|LEN|LGIH|MTH|NVR|PHM|TOL
CCSI,10,10,-0.22,-7.91,2.4,0.2,-1.315,9.5,1.095,-17.41,-57.085,0.5,ADBE|CRM|DOCU|GOOGL|MSFT|NOW|TEAM|VEEV|WDAY|ZS,ADBE|CRM|DOCU|GOOGL|MSFT|NOW|TEAM|VEEV|WDAY|ZS
CCTG,10,9,0.61,-22.02,-40.7,0.0,-1.99,4.4,2.6,-26.42,-61.18000000000001,0.8888888888888888,AKAM|ANET|CSCO|DELL|EXTR|HPE|HPQ|JNPR|MSI|NTAP,AKAM|ANET|CSCO|DELL|EXTR|HPE|HPQ|MSI|NTAP
CCU,10,10,-2.28,-12.09,-0.09,0.0,-0.91,-8.195,-1.3699999999999997,-3.8949999999999996,5.55,0.1,BF-B|BUD|DEO|HSY|KDP|KO|MNST|PEP|SAM|TAP,BF-B|BUD|DEO|HSY|KDP|KO|MNST|PEP|SAM|TAP
CD,10,10,45.08,24.42,-9.51,0.0,-2.9749999999999996,-10.61,48.055,35.03,-14.395,1.0,AXP|FIS|GPN|INTU|JPM|MA|PYPL|V|WU|XYZ,AXP|FIS|GPN|INTU|JPM|MA|PYPL|V|WU|XYZ
CDE,10,9,-4.96,-12.05,18.75,-1.72,-3.78,-11.49,-1.1800000000000002,-0.5600000000000005,4.8100000000000005,0.3333333333333333,AG|EXK|FSM|HL|MAG|MUX|PAAS|SSRM|SVM|VGZ,AG|EXK|FSM|HL|MUX|PAAS|SSRM|SVM|VGZ
CDIO,10,9,-4.0,-0.26,-5.42,0.0,0.81,8.05,-4.8100000000000005,-8.31,-23.380000000000003,0.1111111111111111,CRSP|EXAS|FATE|GH|ILMN|MYGN|NTRA|QGEN|TXG|VCYT,CRSP|FATE|GH|ILMN|MYGN|NTRA|QGEN|TXG|VCYT
CDLR,9,9,-2.19,2.54,12.91,0.0,-1.31,-4.52,-0.8799999999999999,7.06,3.25,0.2222222222222222,BKR|FTI|HAL|NE|NOV|OII|RIG|SLB|TDW,BKR|FTI|HAL|NE|NOV|OII|RIG|SLB|TDW
CDLX,10,8,-12.24,-19.63,-35.82,0.0,2.3200000000000003,-7.3100000000000005,-14.56,-12.319999999999999,-35.375,0.0,APPS|FLNT|MCHX|MGNI|MRIN|OPT|PERI|PUBM|TTD|TTEC,APPS|FLNT|MCHX|MGNI|PERI|PUBM|TTD|TTEC
CDNA,10,9,1.42,14.34,100.18,0.0,0.04,8.05,1.38,6.289999999999999,71.45,0.7777777777777778,CRSP|EXAS|FLGT|GH|ILMN|NTRA|QGEN|TWST|TXG|VRTX,CRSP|FLGT|GH|ILMN|NTRA|QGEN|TWST|TXG|VRTX
CDNL,0,0,-9.92,-33.93,-68.9,-0.28,,,,,,,,
CDNS,9,8,8.99,-7.8,-16.9,-1.0,4.285,-2.995,4.705,-4.805,-5.959999999999999,0.875,ADSK|ANSS|CDLX|CSCO|KEYS|KLAC|LRCX|SNPS|TEL,ADSK|CDLX|CSCO|KEYS|KLAC|LRCX|SNPS|TEL
CDP,10,10,-1.6,-9.85,-3.43,0.0,-1.51,-5.995,-0.09000000000000008,-3.8549999999999995,2.2899999999999996,0.5,AMT|ARE|COR|DLR|EQIX|HPP|IRM|O|PLD|SBAC,AMT|ARE|COR|DLR|EQIX|HPP|IRM|O|PLD|SBAC
CDRE,10,9,1.06,-19.29,-7.13,0.0,-1.64,-5.47,2.7,-13.82,-7.42,0.7777777777777778,AXON|GD|KUST|LMT|NOC|OLN|RGR|RTX|SWBI|VSTO,AXON|GD|KUST|LMT|NOC|OLN|RGR|RTX|SWBI
CDRO,10,9,-4.75,1.76,-3.65,0.0,-5.11,-13.69,0.3600000000000003,15.45,11.91,0.5555555555555556,BALY|BYD|CHDN|CZR|DKNG|GAN|LVS|MGM|PENN|RSI,BALY|BYD|CHDN|CZR|DKNG|LVS|MGM|PENN|RSI
CDT,10,10,-24.64,-93.03,-98.0,5.86,0.039999999999999994,-4.53,-24.68,-88.5,-108.58,0.0,ABBV|AMGN|AZN|BMY|GILD|JNJ|LLY|MRK|NVS|PFE,ABBV|AMGN|AZN|BMY|GILD|JNJ|LLY|MRK|NVS|PFE
CDTG,10,9,-0.78,29.59,-33.51,4.96,-0.53,-10.53,-0.25,40.12,-16.45,0.4444444444444444,AQMS|BLDP|CLH|CWST|DWSN|ESLT|HDSN|NVVE|PLUG|VVV,AQMS|BLDP|CLH|CWST|DWSN|ESLT|HDSN|PLUG|VVV
CDW,7,7,-2.04,2.86,14.17,0.0,3.11,8.05,-5.15,-5.190000000000001,8.879999999999999,0.14285714285714285,ARW|AVT|CSCO|HSIC|MSFT|SCSC|SNX,ARW|AVT|CSCO|HSIC|MSFT|SCSC|SNX
CDXS,10,8,-1.01,-22.22,-41.92,-5.31,-1.9100000000000001,-6.324999999999999,0.9000000000000001,-15.895,-34.480000000000004,0.625,AVIR|BIOX|DSM|DTIL|DVAX|INVA|REGN|SGMO|TSN|VNRX,AVIR|BIOX|DSM|DTIL|INVA|REGN|TSN|VNRX
CDZI,10,10,14.44,-6.84,5.66,0.96,-3.32,-6.13,17.759999999999998,-0.71,3.7350000000000003,1.0,ARTNA|AWK|AWR|CWCO|CWT|HTO|MSEX|PCYO|WTRG|YORW,ARTNA|AWK|AWR|CWCO|CWT|HTO|MSEX|PCYO|WTRG|YORW
CE,10,10,3.33,8.65,-1.12,-0.25,-0.825,-6.029999999999999,4.155,14.68,6.345,1.0,ALB|APD|ASH|CC|DOW|EMN|HUN|LYB|PPG|WLK,ALB|APD|ASH|CC|DOW|EMN|HUN|LYB|PPG|WLK
CECO,10,8,8.02,5.17,-21.4,0.0,2.13,-0.7949999999999999,5.89,5.965,-21.189999999999998,0.875,ALG|DOV|EPAC|GTLS|HUBB|IEX|ITT|NNBR|TSE|XYL,ALG|DOV|EPAC|HUBB|IEX|ITT|NNBR|XYL
CEF,10,10,-1.67,-8.75,9.2,0.0,-2.8150000000000004,-10.955,1.1450000000000005,2.205,-14.129999999999999,0.6,AEM|AG|B|BTG|EGO|FNV|HMY|KGC|MUX|NEM,AEM|AG|B|BTG|EGO|FNV|HMY|KGC|MUX|NEM
CEG,10,10,-0.33,-5.93,-2.52,-0.74,-4.05,-7.425000000000001,3.7199999999999998,1.495000000000001,9.735,1.0,AEP|AES|D|DUK|ED|EXC|NEE|PEG|SO|XEL,AEP|AES|D|DUK|ED|EXC|NEE|PEG|SO|XEL
CELC,10,10,-6.37,-13.84,-17.13,-0.61,-2.0100000000000002,-3.9400000000000004,-4.359999999999999,-9.899999999999999,-24.299999999999997,0.3,ACAD|ALKS|BHVN|BIIB|BMRN|EXEL|GILD|INCY|IONS|NBIX,ACAD|ALKS|BHVN|BIIB|BMRN|EXEL|GILD|INCY|IONS|NBIX
CELH,10,10,2.36,-17.91,2.8,-0.58,-1.825,-7.695,4.185,-10.215,7.034999999999999,1.0,BRCC|CCEP|COKE|FIZZ|KDP|KO|MNST|PEP|PRMB|SAM,BRCC|CCEP|COKE|FIZZ|KDP|KO|MNST|PEP|PRMB|SAM
CELU,10,7,-10.85,48.43,70.07,0.0,-0.41,-9.62,-10.44,58.05,74.97999999999999,0.14285714285714285,ADVM|BLUE|CRSP|EDIT|FATE|KPTI|NTLA|SAGE|SANA|TVRD,CRSP|EDIT|FATE|KPTI|NTLA|SANA|TVRD
CELZ,8,5,7.12,-24.19,-53.0,-3.47,-9.58,-17.06,16.7,-7.130000000000003,-36.94,0.8,AIXC|ATOS|CLRB|CYCN|DYAI|HOOK|MBRX|VXRT,AIXC|ATOS|CLRB|DYAI|MBRX
CENN,10,8,4.4,12.19,24.24,0.0,-0.41500000000000004,-7.140000000000001,4.815,19.33,31.994999999999997,1.0,GOEV|HYLN|LCID|LI|NIO|RIVN|SBLX|TSLA|WKHS|XPEV,HYLN|LCID|LI|NIO|RIVN|TSLA|WKHS|XPEV
CENT,9,9,-2.78,-10.86,-12.54,0.0,-2.5,-7.31,-0.2799999999999998,-3.55,-3.59,0.4444444444444444,BARK|BV|FMC|HELE|IPAR|SJM|SMG|SPB|WOOF,BARK|BV|FMC|HELE|IPAR|SJM|SMG|SPB|WOOF
CENTA,10,9,-2.46,-10.95,-13.61,0.0,-3.58,-9.74,1.12,-1.209999999999999,-4.32,0.7777777777777778,BG|DAR|FDP|HAIN|HRL|JJSF|JVA|POST|SMG|TSN,BG|DAR|HAIN|HRL|JJSF|JVA|POST|SMG|TSN
CENX,10,9,-5.52,-12.9,-16.23,-0.82,0.25,-7.98,-5.77,-4.92,-18.95,0.1111111111111111,AA|ALEX|APD|BTU|CLF|CSTM|FCX|KALU|RIO|SCCO,AA|APD|BTU|CLF|CSTM|FCX|KALU|RIO|SCCO
CEPF,0,0,-0.92,-1.01,-0.77,0.0,,,,,,,,
CEPO,0,0,0.09,-0.37,7.6,0.0,,,,,,,,
CEPU,10,9,-1.61,0.83,-4.82,0.0,-4.02,-5.99,2.4099999999999993,6.82,4.48,0.8888888888888888,AES|AXIA|CIG|DUK|ED|FE|NRG|PCG|PPL|SRE,AES|CIG|DUK|ED|FE|NRG|PCG|PPL|SRE
CEPV,0,0,-1.25,-1.44,-0.78,0.0,,,,,,,,
CERS,10,9,-2.26,-4.41,-9.09,0.0,-0.99,-0.92,-1.2699999999999998,-3.49,-27.05,0.3333333333333333,AEMD|ARWR|AXDX|BIO|FATE|HCSG|INSP|MMSI|QDEL|XERS,AEMD|ARWR|BIO|FATE|HCSG|INSP|MMSI|QDEL|XERS
CERT,9,8,6.27,8.54,59.12,0.0,-0.565,-2.665,6.834999999999999,11.204999999999998,41.26,0.875,CERS|CRL|HCM|ICLR|IQV|MEDP|PDCO|QDEL|XERS,CERS|CRL|HCM|ICLR|IQV|MEDP|QDEL|XERS
CETX,10,10,-15.1,-22.39,-46.39,0.0,5.005,1.17,-20.105,-23.560000000000002,-38.21,0.0,AME|CGNX|COHR|KEYS|MKSI|PKE|ROK|TER|TRMB|UI,AME|CGNX|COHR|KEYS|MKSI|PKE|ROK|TER|TRMB|UI
CETY,9,9,3.06,2.03,23.02,0.0,-5.02,-10.57,8.08,12.6,46.04,1.0,BEP|CSIQ|ENPH|FSLR|NEE|ORA|PLUG|RUN|SEDG,BEP|CSIQ|ENPH|FSLR|NEE|ORA|PLUG|RUN|SEDG
CEVA,10,10,10.49,21.71,-24.91,-1.96,2.1550000000000002,2.37,8.335,19.34,-15.7,0.9,AVGO|MPWR|MRVL|MTSI|NXPI|ON|QCOM|SLAB|SWKS|TXN,AVGO|MPWR|MRVL|MTSI|NXPI|ON|QCOM|SLAB|SWKS|TXN
CF,8,8,-9.0,-4.31,15.43,0.94,-3.6550000000000002,-3.645,-5.345,-0.6649999999999996,12.629999999999999,0.0,FMC|IPI|LXU|MOS|NTR|SMG|SQM|UAN,FMC|IPI|LXU|MOS|NTR|SMG|SQM|UAN
CFBK,10,10,-2.73,-2.47,8.83,0.0,-3.1399999999999997,-4.625,0.4099999999999997,2.155,13.695,0.7,CFR|CINF|CIVB|FMAO|FULT|HBAN|HBT|HTB|TFSL|WSBC,CFR|CINF|CIVB|FMAO|FULT|HBAN|HBT|HTB|TFSL|WSBC
CFFI,10,8,-3.2,1.74,14.12,-0.43,-3.535,-6.744999999999999,0.33499999999999996,8.485,22.67,0.625,ASB|BKU|CMA|FHN|KEY|MTB|RF|SNV|TCBI|WAL,ASB|BKU|FHN|KEY|MTB|RF|TCBI|WAL
CFFN,10,9,-1.92,1.88,3.58,0.0,-1.82,-2.84,-0.09999999999999987,4.72,-0.31999999999999984,0.4444444444444444,BBT|BMRC|CAC|FFBC|FISI|FMBH|HTLF|SRCE|TMP|WASH,BBT|BMRC|CAC|FFBC|FISI|FMBH|SRCE|TMP|WASH
CFG,10,10,-4.44,-7.78,-8.86,-0.33,-3.44,-7.905,-1.0000000000000004,0.125,-2.344999999999999,0.1,BAC|FITB|HBAN|JPM|KEY|MTB|PNC|RF|USB|WFC,BAC|FITB|HBAN|JPM|KEY|MTB|PNC|RF|USB|WFC
CFND,0,0,9.31,28.86,-2.46,0.0,,,,,,,,
CFR,10,9,-4.16,-6.35,-0.33,-0.82,-3.09,-5.59,-1.0700000000000003,-0.7599999999999998,8.0,0.1111111111111111,BCBP|BOKF|CMA|EWBC|FHN|HBAN|ONB|PB|WAL|ZION,BCBP|BOKF|EWBC|FHN|HBAN|ONB|PB|WAL|ZION
CG,10,10,-0.92,-18.64,-5.01,-0.3,-1.87,-13.855,0.9500000000000001,-4.785,-9.2,0.8,APO|ARES|BAM|BX|GS|HLNE|KKR|MC|PAGP|TPG,APO|ARES|BAM|BX|GS|HLNE|KKR|MC|PAGP|TPG
CGAU,10,10,-0.92,-6.78,42.57,-0.31,-3.615,-12.805,2.6950000000000003,6.0249999999999995,19.225,1.0,AEM|B|BTG|GFI|HMY|IAG|KGC|NEM|PAAS|SSRM,AEM|B|BTG|GFI|HMY|IAG|KGC|NEM|PAAS|SSRM
CGBD,10,9,-1.49,-2.01,6.35,0.0,-2.23,-4.09,0.74,2.08,-0.3000000000000007,0.6666666666666666,ARCC|FSK|GBDC|GSBD|HTGC|MAIN|MRCC|PSEC|SLRC|TCPC,ARCC|FSK|GBDC|GSBD|HTGC|MAIN|PSEC|SLRC|TCPC
CGC,9,9,0.1,-12.15,2.95,0.49,3.57,-4.08,-3.4699999999999998,-8.07,-12.419999999999998,0.1111111111111111,ACB|CRBP|CRON|GRWG|IIPR|OGI|SNDL|TLRY|VFF,ACB|CRBP|CRON|GRWG|IIPR|OGI|SNDL|TLRY|VFF
CGEM,10,8,-22.28,-27.67,-10.17,-1.6,-0.905,-5.47,-21.375,-22.200000000000003,-16.619999999999997,0.0,BPMC|ESPR|EXEL|GILD|INCY|JAZZ|KPTI|KURA|NVAX|ONCY,EXEL|GILD|INCY|JAZZ|KPTI|KURA|NVAX|ONCY
CGEN,10,8,-2.9,-9.65,16.42,0.0,-0.41,-9.36,-2.4899999999999998,-0.2900000000000009,14.96,0.25,ALLO|BLUE|CLLS|CRSP|EDIT|FATE|MRNA|NTLA|SGMO|VRTX,ALLO|CLLS|CRSP|EDIT|FATE|MRNA|NTLA|VRTX
CGNT,10,10,1.16,4.18,9.55,-0.11,3.9450000000000003,16.630000000000003,-2.785,-12.450000000000003,-22.314999999999998,0.1,CHKP|CRWD|FFIV|FTNT|OKTA|PANW|QLYS|TENB|VRNS|ZS,CHKP|CRWD|FFIV|FTNT|OKTA|PANW|QLYS|TENB|VRNS|ZS
CGNX,10,10,-5.34,-3.71,-13.44,-1.01,7.135,-1.4,-12.475,-2.31,9.385000000000003,0.0,AMAT|ASML|COHU|ISRG|KLAC|LRCX|MKSI|ROK|TER|VECO,AMAT|ASML|COHU|ISRG|KLAC|LRCX|MKSI|ROK|TER|VECO
CGON,10,9,-1.03,-6.23,6.75,0.0,-3.88,-5.58,2.8499999999999996,-0.6500000000000004,1.1500000000000004,0.6666666666666666,BPMC|EXEL|FATE|GERN|IMMP|KURA|MGNX|ONC|PBYI|PTCT,EXEL|FATE|GERN|IMMP|KURA|MGNX|ONC|PBYI|PTCT
CGTL,0,0,-6.36,-17.77,-40.22,-4.5,,,,,,,,
CGTX,9,8,-6.86,-3.5,-6.86,0.0,-0.07999999999999999,-7.21,-6.78,3.71,-6.890000000000001,0.25,ACAD|AVXL|AZN|BIIB|BIVI|LLY|PRTA|SAVA|VRTX,ACAD|AVXL|AZN|BIIB|BIVI|LLY|PRTA|VRTX
CHA,0,0,-7.47,4.06,-4.0,0.0,,,,,,,,
CHAI,10,10,9.26,13.08,-57.41,-3.61,-0.25,-2.0999999999999996,9.51,15.18,-57.095,1.0,AAPL|AMZN|CSCO|GOOGL|INTC|MSFT|QCOM|T|TMUS|VZ,AAPL|AMZN|CSCO|GOOGL|INTC|MSFT|QCOM|T|TMUS|VZ
CHAR,0,0,0.23,0.69,1.9,0.0,,,,,,,,
CHCI,10,9,-2.23,11.55,33.47,0.0,-0.32,-9.48,-1.91,21.03,50.209999999999994,0.1111111111111111,BZH|DHI|KBH|LEN|LGIH|MHO|MTH|PHM|TMHC|TOL,BZH|DHI|KBH|LEN|LGIH|MHO|MTH|PHM|TOL
CHCO,10,10,-3.18,-3.92,6.05,0.0,-2.725,-2.565,-0.45500000000000007,-1.355,4.904999999999999,0.1,BOH|CAC|CCNE|FFBC|FMBH|FULT|NKSH|TMP|TRMK|WASH,BOH|CAC|CCNE|FFBC|FMBH|FULT|NKSH|TMP|TRMK|WASH
CHCT,10,8,-2.66,-5.68,-20.85,0.0,-1.4,-4.35,-1.2600000000000002,-1.33,-19.125,0.25,DOC|EPRT|GMRE|HR|LTC|MPW|OHI|SBRA|VTR|WELL,DOC|EPRT|HR|LTC|OHI|SBRA|VTR|WELL
CHD,8,8,1.0,-6.4,-2.19,-0.02,0.01,-3.3099999999999996,0.99,-3.0900000000000007,-1.045,0.875,CL|CLX|ENR|HELE|KMB|PG|SPB|UL,CL|CLX|ENR|HELE|KMB|PG|SPB|UL
CHDN,10,9,-2.65,-11.3,-4.9,0.0,-3.66,-13.69,1.0100000000000002,2.389999999999999,12.549999999999999,0.5555555555555556,BALY|BYD|CZR|FLL|GDEN|LVS|MCRI|MGM|PENN|WYNN,BALY|BYD|CZR|FLL|LVS|MCRI|MGM|PENN|WYNN
CHE,10,8,-2.32,-7.99,11.36,0.0,0.56,-0.325,-2.88,-7.665,1.8449999999999989,0.125,ACHC|AMED|CYH|EHC|ENSG|HCA|HUM|SEM|TDOC|UHS,ACHC|CYH|EHC|ENSG|HCA|HUM|TDOC|UHS
CHEC,0,0,0.19,0.29,1.18,0.0,,,,,,,,
CHEF,10,9,-0.72,-4.02,13.87,0.0,-2.44,-8.95,1.72,4.93,19.35,0.6666666666666666,CAG|INGR|MDLZ|PFGC|POST|SMG|SYY|THS|UNFI|USFD,CAG|INGR|MDLZ|PFGC|POST|SMG|SYY|UNFI|USFD
CHGG,10,8,-1.97,-7.76,-30.48,-0.38,-0.31,-4.04,-1.66,-3.7199999999999998,-21.93,0.375,AMBO|ATGE|COUR|EDU|INST|LINC|LRN|PRDO|PSO|SCHL,AMBO|COUR|EDU|LINC|LRN|PRDO|PSO|SCHL
CHH,10,10,3.51,-8.53,-9.28,0.0,1.29,-4.61,2.2199999999999998,-3.919999999999999,-0.7349999999999994,0.9,DRH|H|HLT|IHG|LQDT|MAR|PK|SHO|WH|XHR,DRH|H|HLT|IHG|LQDT|MAR|PK|SHO|WH|XHR
CHKP,10,8,3.64,9.01,14.94,0.02,3.645,15.115,-0.004999999999999893,-6.105,-16.924999999999997,0.5,CRWD|CSCO|CYBR|FTNT|JNPR|PANW|QLYS|TENB|VRNS|ZS,CRWD|CSCO|FTNT|PANW|QLYS|TENB|VRNS|ZS
CHMG,10,9,-2.79,-1.65,9.17,0.0,-1.35,-1.06,-1.44,-0.5899999999999999,4.72,0.0,CAC|CCNE|CTBI|EVBN|MGYR|NWBI|PBHC|TMP|TRST|WASH,CAC|CCNE|CTBI|MGYR|NWBI|PBHC|TMP|TRST|WASH
CHMI,10,9,-1.78,-5.8,15.0,0.0,-1.57,-9.09,-0.20999999999999996,3.29,29.66,0.3333333333333333,AGNC|ARR|CIM|DX|IVR|MITT|NLY|ORC|PMT|TWO,AGNC|ARR|CIM|DX|IVR|MITT|NLY|ORC|PMT
CHNR,10,10,2.7,-9.93,-7.3,0.0,-2.425,-10.125,5.125,0.19500000000000028,-20.985,1.0,AA|BHP|FCX|HL|MT|NEM|RIO|SCCO|TECK|VALE,AA|BHP|FCX|HL|MT|NEM|RIO|SCCO|TECK|VALE
CHOW,0,0,12.13,64.02,57.67,-4.92,,,,,,,,
CHPG,0,0,0.1,-0.19,0.73,0.0,,,,,,,,
CHPT,9,9,-7.76,56.68,72.97,-0.87,-4.85,-8.11,-2.91,64.78999999999999,97.41,0.2222222222222222,BLNK|ENPH|EVGO|FSLR|PLUG|QS|RUN|SEDG|TSLA,BLNK|ENPH|EVGO|FSLR|PLUG|QS|RUN|SEDG|TSLA
CHR,10,10,1.24,-10.93,-6.86,3.82,1.29,-6.08,-0.050000000000000044,-4.85,1.3499999999999988,0.4,CHH|H|HLT|IHG|MAR|PK|RLJ|SHO|VAC|WH,CHH|H|HLT|IHG|MAR|PK|RLJ|SHO|VAC|WH
CHRD,8,6,-6.33,-4.8,14.83,0.0,-2.4050000000000002,-1.145,-3.925,-3.655,0.9649999999999999,0.0,APA|COP|DVN|EOG|FANG|HES|MRO|OXY,APA|COP|DVN|EOG|FANG|OXY
CHRS,10,10,3.28,-7.35,-17.11,0.0,0.020000000000000004,-1.385,3.26,-5.965,-29.075,0.7,ABBV|AMGN|BIIB|BMRN|EXEL|GILD|INCY|NBIX|REGN|VRTX,ABBV|AMGN|BIIB|BMRN|EXEL|GILD|INCY|NBIX|REGN|VRTX
CHRW,9,9,-2.7,4.18,-17.01,0.0,-1.28,-7.81,-1.4200000000000002,11.989999999999998,-4.470000000000002,0.3333333333333333,FDX|JBHT|KNX|LSTR|R|SNDR|UPS|WERN|XPO,FDX|JBHT|KNX|LSTR|R|SNDR|UPS|WERN|XPO
CHSN,10,10,0.93,-3.6,0.94,0.0,-1.725,-12.535,2.6550000000000002,8.935,8.25,0.7,CMG|DNUT|DRI|MCD|PZZA|QSR|SBUX|SHAK|WEN|YUM,CMG|DNUT|DRI|MCD|PZZA|QSR|SBUX|SHAK|WEN|YUM
CHT,10,10,0.44,6.37,2.52,-0.61,-0.105,-4.029999999999999,0.545,10.399999999999999,6.02,0.7,CIEN|ERIC|KT|LUMN|NOK|S|SKM|T|TMUS|VZ,CIEN|ERIC|KT|LUMN|NOK|S|SKM|T|TMUS|VZ
CHTR,7,4,-12.55,-24.82,-10.04,0.02,-2.1799999999999997,-4.029999999999999,-10.370000000000001,-20.79,-10.709999999999999,0.0,ATUS|CMCSA|CNSL|LUMN|T|VZ|WOW,CMCSA|LUMN|T|VZ
CHWY,9,9,-11.53,-25.11,1.93,-0.32,-3.74,-13.19,-7.789999999999999,-11.92,10.879999999999999,0.0,ARKR|BARK|CENT|FRPT|NXDR|SMPL|TRUP|WOOF|ZTS,ARKR|BARK|CENT|FRPT|NXDR|SMPL|TRUP|WOOF|ZTS
CHYM,0,0,-15.36,-21.45,42.31,-1.74,,,,,,,,
CI,8,8,-3.22,-4.37,-5.24,-0.43,-3.5700000000000003,-4.970000000000001,0.3500000000000001,0.6000000000000005,-2.835,0.5,CNC|CVS|EHC|HCA|HQY|HUM|MOH|UNH,CNC|CVS|EHC|HCA|HQY|HUM|MOH|UNH
CIA,10,10,0.0,-10.41,-39.76,0.0,-1.925,-1.42,1.925,-8.99,-47.04,1.0,AFL|AIG|CNO|GNW|LNC|MET|PFG|PRU|UNM|VOYA,AFL|AIG|CNO|GNW|LNC|MET|PFG|PRU|UNM|VOYA
CIB,10,10,-2.72,-5.27,21.66,0.0,-1.6099999999999999,-3.935,-1.1100000000000003,-1.3349999999999995,18.63,0.4,BAP|BBAR|BBD|BCH|BMA|BSAC|BSBR|GGAL|ITUB|SUPV,BAP|BBAR|BBD|BCH|BMA|BSAC|BSBR|GGAL|ITUB|SUPV
CIEN,10,8,1.19,-10.14,-28.13,-2.13,-0.615,-4.535,1.805,-5.605,-15.575,0.625,ADTN|ANET|CSCO|ERIC|EXTR|FFIV|INFN|JNPR|NTCT|VIAV,ADTN|ANET|CSCO|ERIC|EXTR|FFIV|NTCT|VIAV
CIFR,10,7,5.19,9.26,-30.61,-2.89,10.33,10.7,-5.14,-1.4399999999999995,-17.57,0.2857142857142857,ANY|ARBK|BITF|BTBT|CAN|HIVE|HUT|MARA|RIOT|SDIG,ARBK|BTBT|CAN|HIVE|HUT|MARA|RIOT
CIG,10,10,-2.33,3.96,0.0,0.48,-3.8899999999999997,-6.835000000000001,1.5599999999999996,10.795000000000002,12.66,0.8,AEP|AES|DUK|ED|EIX|EXC|FE|PPL|SO|XEL,AEP|AES|DUK|ED|EIX|EXC|FE|PPL|SO|XEL
CIGI,10,10,2.43,-15.34,1.34,0.0,-2.03,-13.895,4.46,-1.4450000000000003,8.26,1.0,BXP|CBRE|CWK|DEI|ESRT|HST|JLL|REZI|SLG|VNO,BXP|CBRE|CWK|DEI|ESRT|HST|JLL|REZI|SLG|VNO
CIGL,0,0,0.19,1.45,-8.84,0.0,,,,,,,,
CIIT,0,0,12.81,-16.0,-62.08,4.4,,,,,,,,
CIM,10,9,-1.29,-7.49,-20.49,0.0,-2.3,-10.81,1.0099999999999998,3.3200000000000003,-6.339999999999998,0.7777777777777778,ADAM|AGNC|ARR|IVR|MFA|MITT|NLY|ORC|RWT|TWO,ADAM|AGNC|ARR|IVR|MFA|MITT|NLY|ORC|RWT
CINF,9,9,-4.7,-5.54,-8.9,-0.4,-3.5,-6.82,-1.2000000000000002,1.2800000000000002,-6.49,0.3333333333333333,AIG|ALL|CB|HIG|MCY|PGR|SIGI|TRV|WRB,AIG|ALL|CB|HIG|MCY|PGR|SIGI|TRV|WRB
CING,10,10,-6.73,-18.17,0.91,-3.55,-0.039999999999999994,-5.16,-6.69,-13.010000000000002,-9.245,0.0,ABBV|AMGN|AZN|BMY|GSK|JNJ|LLY|MRK|NVS|PFE,ABBV|AMGN|AZN|BMY|GSK|JNJ|LLY|MRK|NVS|PFE
CINT,10,10,-3.18,-11.88,-9.79,0.0,-4.07,-7.175,0.8900000000000001,-4.705000000000001,-38.019999999999996,0.7,ACN|CTSH|DOX|EPAM|EXLS|GLOB|HSIC|INFY|IT|WIT,ACN|CTSH|DOX|EPAM|EXLS|GLOB|HSIC|INFY|IT|WIT
CION,10,10,0.98,-2.71,19.27,0.0,-1.31,-3.79,2.29,1.08,10.364999999999998,0.9,ARCC|FSK|GLAD|GSBD|HTGC|MAIN|OXSQ|PSEC|TCPC|TSLX,ARCC|FSK|GLAD|GSBD|HTGC|MAIN|OXSQ|PSEC|TCPC|TSLX
CISO,10,10,1.34,13.19,-9.05,0.0,3.765,12.04,-2.425,1.1500000000000004,-40.915,0.2,CHKP|CRWD|CSCO|FTNT|OKTA|PANW|QLYS|RPD|TENB|VRNS,CHKP|CRWD|CSCO|FTNT|OKTA|PANW|QLYS|RPD|TENB|VRNS
CISS,10,10,-17.29,-58.8,-98.32,0.0,-2.705,-2.375,-14.584999999999999,-56.425,-115.41,0.0,AAPL|ADBE|AMZN|CRM|GOOGL|IBM|INTU|MSFT|ORCL|SAP,AAPL|ADBE|AMZN|CRM|GOOGL|IBM|INTU|MSFT|ORCL|SAP
CITR,0,0,-6.13,-29.92,-22.6,0.0,,,,,,,,
CIVB,10,10,-2.1,-3.45,-5.04,0.0,-2.575,-4.215,0.4750000000000001,0.7649999999999997,-0.375,0.8,BANF|CHCO|FFBC|FNB|FRME|LKFN|ONB|PEBO|PRK|SRCE,BANF|CHCO|FFBC|FNB|FRME|LKFN|ONB|PEBO|PRK|SRCE
CIX,10,10,-1.68,13.68,33.21,0.0,1.9700000000000002,-5.415,-3.6500000000000004,19.095,39.445,0.0,AME|AOS|DOV|IR|ITW|PNR|SNA|SWK|TT|XYL,AME|AOS|DOV|IR|ITW|PNR|SNA|SWK|TT|XYL
CJMB,0,0,-12.93,-5.61,162.34,-4.72,,,,,,,,
CKX,9,9,4.23,-2.62,-2.58,0.0,-1.58,-6.6,5.8100000000000005,3.9799999999999995,5.41,1.0,CPT|FPI|LAND|LMNR|LND|MNR|OHI|SBAC|TRC,CPT|FPI|LAND|LMNR|LND|MNR|OHI|SBAC|TRC
CL,9,9,-2.03,-5.89,-5.61,0.02,0.04,-6.4,-2.07,0.5100000000000007,-5.5200000000000005,0.0,CHD|CLX|EL|KMB|NUS|NWL|PG|SPB|UL,CHD|CLX|EL|KMB|NUS|NWL|PG|SPB|UL
CLAR,10,8,-1.41,-8.38,11.82,0.0,-0.31,-5.02,-1.0999999999999999,-3.360000000000001,28.51,0.25,BGFV|COLM|DKS|GOLF|NKE|NSSC|OLN|SWBI|UA|VSTO,COLM|DKS|GOLF|NKE|NSSC|OLN|SWBI|UA
CLB,10,10,-4.74,-9.95,-0.55,2.16,-0.73,-4.699999999999999,-4.01,-5.25,-8.775,0.0,BKR|FTI|HAL|INVX|NOV|OII|RES|SLB|WFRD|XPRO,BKR|FTI|HAL|INVX|NOV|OII|RES|SLB|WFRD|XPRO
CLBK,10,9,-2.44,-5.17,23.91,0.0,-2.32,-3.31,-0.1200000000000001,-1.8599999999999999,25.45,0.4444444444444444,EVBN|FLG|FULT|FUNC|KRNY|MCB|OCFC|PFIS|TRST|UBSI,FLG|FULT|FUNC|KRNY|MCB|OCFC|PFIS|TRST|UBSI
CLBT,10,10,-3.21,1.33,-9.42,-0.52,-1.495,-0.76,-1.7149999999999999,2.09,-5.025,0.3,AAPL|ADBE|CSCO|GOOGL|IBM|INTC|MSFT|NVDA|ORCL|SNPS,AAPL|ADBE|CSCO|GOOGL|IBM|INTC|MSFT|NVDA|ORCL|SNPS
CLDI,10,10,-14.94,-17.54,-54.93,-0.9,0.0,-3.99,-14.94,-13.549999999999999,-67.86,0.0,AMGN|BMY|BNTX|GILD|JNJ|LLY|MRNA|PFE|REGN|VRTX,AMGN|BMY|BNTX|GILD|JNJ|LLY|MRNA|PFE|REGN|VRTX
CLDT,10,10,1.87,-5.15,0.15,0.0,0.94,-5.12,0.9300000000000002,-0.03000000000000025,5.930000000000001,0.9,AHT|APLE|DRH|HST|INN|PEB|PK|RLJ|SHO|XHR,AHT|APLE|DRH|HST|INN|PEB|PK|RLJ|SHO|XHR
CLDX,10,10,-20.01,-24.36,-8.54,0.19,0.16999999999999998,-2.0549999999999997,-20.180000000000003,-22.305,-23.57,0.0,AMGN|BIIB|BMY|GILD|INCY|JNJ|MRK|PFE|REGN|VRTX,AMGN|BIIB|BMY|GILD|INCY|JNJ|MRK|PFE|REGN|VRTX
CLF,10,8,1.1,11.98,19.89,0.23,-2.105,0.12000000000000002,3.205,11.860000000000001,22.01,0.75,ATI|CMC|MT|NUE|RS|RYI|STLD|SXC|TX|X,ATI|CMC|MT|NUE|RS|STLD|SXC|TX
CLFD,10,9,1.4,5.5,-17.43,0.0,1.19,-3.89,0.20999999999999996,9.39,9.120000000000001,0.5555555555555556,CIEN|CSCO|EXTR|FN|INFN|LITE|NOK|VIAV|VISN|ZBRA,CIEN|CSCO|EXTR|FN|LITE|NOK|VIAV|VISN|ZBRA
CLGN,10,7,16.09,34.31,20.1,0.0,-0.41,-16.16,16.5,50.47,37.77,1.0,ADAP|ADVM|BLUE|CLLS|CRIS|DNLI|EDIT|FATE|NTLA|SRPT,CLLS|CRIS|DNLI|EDIT|FATE|NTLA|SRPT
CLH,10,9,-1.82,-0.19,4.81,0.0,-2.16,-6.02,0.3400000000000001,5.829999999999999,7.279999999999999,0.6666666666666666,CLX|CWST|GFL|PESI|RSG|SRCL|TTEK|VRSK|WCN|WM,CLX|CWST|GFL|PESI|RSG|TTEK|VRSK|WCN|WM
CLIK,0,0,-7.14,-13.97,-25.95,0.0,,,,,,,,
CLIR,9,8,0.57,-26.86,0.57,0.0,-4.55,-4.83,5.12,-22.03,22.585,0.875,AMSC|BE|BLDP|FCEL|FSLR|HY|PLUG|SEDG|VVPR,AMSC|BE|BLDP|FCEL|FSLR|HY|PLUG|SEDG
CLLS,10,7,-1.37,-57.89,-50.17,0.0,-3.83,-15.98,2.46,-41.91,-42.45,0.7142857142857143,ADAP|ARCT|BLUE|CRSP|CYTK|EDIT|NTLA|QURE|RCKT|SGMO,ARCT|CRSP|CYTK|EDIT|NTLA|QURE|RCKT
CLMB,10,10,8.46,11.54,38.35,0.0,1.505,8.485,6.955000000000001,3.0549999999999997,24.325000000000003,0.9,ANET|ARW|AVT|CDW|DGII|HPE|NSIT|PLUS|SCSC|SNX,ANET|ARW|AVT|CDW|DGII|HPE|NSIT|PLUS|SCSC|SNX
CLMT,10,10,-7.37,16.31,59.61,0.59,-4.87,8.645,-2.5,7.664999999999999,9.054999999999993,0.2,BP|COP|CVI|DK|FANG|MPC|PBF|PSX|VLO|XOM,BP|COP|CVI|DK|FANG|MPC|PBF|PSX|VLO|XOM
CLNE,10,10,-6.32,3.82,-8.94,0.62,-3.4450000000000003,-9.625,-2.875,13.445,3.610000000000001,0.2,ALTO|AMTX|BE|BLDP|CVI|DQ|FCEL|GEVO|HASI|PLUG,ALTO|AMTX|BE|BLDP|CVI|DQ|FCEL|GEVO|HASI|PLUG
CLNN,9,6,11.14,-3.27,-25.26,0.0,-0.13,-18.08,11.270000000000001,14.809999999999999,-6.02,1.0,CYCN|IMNM|KNSA|MTEM|NAII|PAVM|RARE|TERN|XAIR,IMNM|KNSA|NAII|PAVM|RARE|XAIR
CLOV,10,10,0.88,10.89,-12.1,0.21,-2.055,-4.2,2.935,15.09,-9.695,0.8,ACHC|CI|CNC|CVS|EHC|HCA|HUM|MOH|UHS|UNH,ACHC|CI|CNC|CVS|EHC|HCA|HUM|MOH|UHS|UNH
CLPR,10,8,0.88,0.58,11.65,0.0,-2.3150000000000004,-11.105,3.1950000000000003,11.685,24.545,1.0,AIV|AVB|BRT|CPT|EQR|ESS|IRT|MAA|NXRT|UDR,AIV|BRT|CPT|ESS|IRT|MAA|NXRT|UDR
CLPS,10,10,-1.46,-4.72,7.45,0.0,-4.265000000000001,-7.905,2.8050000000000006,3.1850000000000005,-20.765000000000004,0.8,ACN|CTSH|DXC|EPAM|GLOB|IBM|INFY|IT|TTEC|WIT,ACN|CTSH|DXC|EPAM|GLOB|IBM|INFY|IT|TTEC|WIT
CLPT,10,7,11.72,-1.32,-16.74,0.0,-2.02,-12.23,13.74,10.91,-2.129999999999999,1.0,ARVN|AXNX|BCLI|LAKE|LCTX|NNOX|NURO|NVCR|PAVM|STXS,ARVN|LAKE|LCTX|NNOX|NVCR|PAVM|STXS
CLRB,10,7,-11.06,-17.06,-16.06,0.0,-1.68,-19.3,-9.38,2.240000000000002,20.37,0.2857142857142857,APTO|CBIO|CLLS|CRIS|IMUX|KPTI|LITS|ONCT|PSTV|SLS,CBIO|CLLS|CRIS|IMUX|KPTI|LITS|SLS
CLRO,10,9,-0.97,-33.71,29.84,-3.08,-1.59,-3.87,0.6200000000000001,-29.84,34.019999999999996,0.6666666666666666,ADTN|AKTS|ANET|AVNW|CSCO|EXTR|FFIV|JNPR|LOGI|NTGR,ADTN|AKTS|ANET|AVNW|CSCO|EXTR|FFIV|LOGI|NTGR
CLS,10,9,6.7,14.73,-2.58,-2.7,4.59,1.1,2.1100000000000003,13.63,8.87,0.7777777777777778,ADI|AMAT|AVGO|CSCO|FLEX|INTC|JNPR|MCHP|QRVO|TXN,ADI|AMAT|AVGO|CSCO|FLEX|INTC|MCHP|QRVO|TXN
CLSK,10,9,5.27,10.23,-11.44,-2.81,10.33,10.7,-5.0600000000000005,-0.46999999999999886,-2.209999999999999,0.3333333333333333,BITF|BTBT|CIFR|COIN|CORZ|HUT|IREN|MARA|MSTR|RIOT,BTBT|CIFR|COIN|CORZ|HUT|IREN|MARA|MSTR|RIOT
CLST,10,10,0.22,3.86,8.41,0.0,-2.7,-1.8299999999999998,2.9200000000000004,5.6899999999999995,1.7750000000000004,1.0,ASRV|CAC|CCNE|CFFI|CZNC|FCBC|FFBC|HBT|MSBI|QCRH,ASRV|CAC|CCNE|CFFI|CZNC|FCBC|FFBC|HBT|MSBI|QCRH
CLVT,10,9,-2.14,-14.08,-8.96,0.0,-1.16,-6.24,-0.9800000000000002,-7.84,-17.58,0.3333333333333333,DNB|FDS|IHS|IQV|MORN|MSCI|RELX|SPGI|TRI|VRSK,FDS|IHS|IQV|MORN|MSCI|RELX|SPGI|TRI|VRSK
CLW,10,9,4.95,1.24,32.21,3.09,-0.61,-11.98,5.5600000000000005,13.22,39.75,1.0,AVY|BALL|EXP|GPK|IP|OI|PKG|SEE|SLGN|SON,AVY|BALL|EXP|GPK|IP|OI|PKG|SLGN|SON
CLWT,10,10,-1.63,-7.1,-8.79,0.0,-2.33,-7.265000000000001,0.7000000000000002,0.16500000000000092,-8.77,0.5,ARTNA|AWK|AWR|CWCO|CWT|MSEX|PNR|WTS|XYL|YORW,ARTNA|AWK|AWR|CWCO|CWT|MSEX|PNR|WTS|XYL|YORW
CLX,8,8,-0.59,-19.47,-11.3,0.67,0.01,-6.415,-0.6,-13.055,-9.41,0.25,CHD|ECL|KMB|MNST|NWL|PG|TSN|UL,CHD|ECL|KMB|MNST|NWL|PG|TSN|UL
CLYM,10,10,-10.95,-29.82,-1.11,0.0,-1.76,-9.21,-9.19,-20.61,6.3549999999999995,0.1,ALNY|BMRN|CRSP|EDIT|EXEL|IONS|NBIX|RARE|RNA|VRTX,ALNY|BMRN|CRSP|EDIT|EXEL|IONS|NBIX|RARE|RNA|VRTX
CM,10,10,-2.58,-6.32,-3.08,-0.54,-2.535,-2.915,-0.04499999999999993,-3.4050000000000002,-0.050000000000000266,0.5,BAC|BMO|BNS|C|JPM|MTB|RY|TD|USB|WFC,BAC|BMO|BNS|C|JPM|MTB|RY|TD|USB|WFC
CMBT,10,10,-5.68,5.94,32.12,0.47,-6.055,6.875,0.375,-0.9349999999999996,11.059999999999999,0.6,ASC|DHT|ESEA|FRO|INSW|NAT|SFL|STNG|TNK|TRMD,ASC|DHT|ESEA|FRO|INSW|NAT|SFL|STNG|TNK|TRMD
CMC,10,8,-1.76,-0.32,-9.29,0.0,-3.3000000000000003,1.54,1.5400000000000003,-1.86,-16.99,0.625,CLF|GGB|MT|NUE|RS|STLD|TS|TX|X|ZEUS,CLF|GGB|MT|NUE|RS|STLD|TS|TX
CMCL,10,9,-0.04,-3.48,23.18,0.0,-3.78,-13.65,3.7399999999999998,10.17,-0.33999999999999986,1.0,AEM|AU|B|BTG|FSM|HL|IAG|KGC|NEM|NGD,AEM|AU|B|BTG|FSM|HL|IAG|KGC|NEM
CMCM,10,9,-10.92,-12.54,-25.98,0.0,-0.8,-5.06,-10.12,-7.4799999999999995,-22.41,0.1111111111111111,APPS|CRTO|FLNT|IZEA|MAX|MGNI|PERI|PUBM|TERN|TTD,APPS|CRTO|FLNT|IZEA|MAX|MGNI|PERI|PUBM|TTD
CMCO,10,10,2.55,-8.02,18.35,0.0,1.3199999999999998,-1.62,1.23,-6.3999999999999995,29.57,0.7,AGCO|ASTE|CAT|DE|DOV|ETN|GRC|MTW|OSK|TEX,AGCO|ASTE|CAT|DE|DOV|ETN|GRC|MTW|OSK|TEX
CMCSA,8,8,-1.13,-16.42,-0.18,0.44,-2.17,-7.8149999999999995,1.04,-8.605000000000002,-3.65,0.625,CHTR|DIS|FOX|NFLX|S|T|TMUS|VZ,CHTR|DIS|FOX|NFLX|S|T|TMUS|VZ
CMCT,10,9,-13.87,-54.44,-37.0,0.0,-1.1,-7.7,-12.77,-46.739999999999995,-29.97,0.0,ALEX|CBL|DEA|ESRT|FSP|GNL|HIW|HPP|KRC|OPI,CBL|DEA|ESRT|FSP|GNL|HIW|HPP|KRC|OPI
CMDB,0,0,-4.78,10.39,26.67,0.0,,,,,,,,
CME,10,10,0.32,-1.91,20.9,0.45,2.0,-3.35,-1.68,1.4400000000000002,5.084999999999997,0.2,CBOE|COIN|FDS|ICE|INFO|MCO|MKTX|MSCI|NDAQ|SPGI,CBOE|COIN|FDS|ICE|INFO|MCO|MKTX|MSCI|NDAQ|SPGI
CMG,8,8,-2.5,-12.71,1.22,-0.11,-1.5100000000000002,-11.69,-0.9899999999999998,-1.0200000000000014,5.77,0.375,DPZ|DRI|MCD|QSR|SBUX|SHAK|WING|YUM,DPZ|DRI|MCD|QSR|SBUX|SHAK|WING|YUM
CMI,8,8,-0.74,-9.2,-28.53,-0.89,0.9199999999999999,-1.6400000000000001,-1.66,-7.559999999999999,-27.220000000000002,0.375,AGCO|CAT|DAN|DE|ETN|HON|OSK|PCAR,AGCO|CAT|DAN|DE|ETN|HON|OSK|PCAR
CMMB,10,8,-12.86,6.09,56.41,7.02,-0.915,-2.68,-11.945,8.77,48.595,0.125,AKRO|ARDX|ETNB|MDGL|MNOV|NBIX|ONC|PBYI|TXMD|VRTX,ARDX|MDGL|MNOV|NBIX|ONC|PBYI|TXMD|VRTX
CMND,10,9,-3.24,-51.45,-66.66,-2.33,-7.075,-8.88,3.835,-42.57,-68.50999999999999,0.875,ATAI|CMPS|DFTX|EOLS|GHRS|HELP|RLAY|RLMD|SAVA|TCRT,ATAI|CMPS|DFTX|EOLS|GHRS|HELP|RLAY|RLMD|TCRT
CMP,10,10,-2.81,-5.31,-19.05,0.0,-3.505,-5.465,0.6949999999999998,0.15500000000000025,-18.85,0.8,AVD|AXTA|CF|FMC|ICL|MOS|NTR|OLN|SQM|UAN,AVD|AXTA|CF|FMC|ICL|MOS|NTR|OLN|SQM|UAN
CMPR,10,10,-4.33,-11.25,-13.05,0.0,-2.6550000000000002,-7.6850000000000005,-1.6749999999999998,-3.5649999999999995,-31.110000000000003,0.3,ADBE|ADP|AMZN|CRM|INTU|MA|NFLX|PAYC|SHOP|VRSK,ADBE|ADP|AMZN|CRM|INTU|MA|NFLX|PAYC|SHOP|VRSK
CMPS,10,10,-8.67,-7.93,0.88,-0.36,-8.41,-7.59,-0.2599999999999998,-0.33999999999999986,13.115,0.4444444444444444,ATAI|AXSM|DFTX|GHRS|HELP|MNOV|PRTA|RLMD|TVRD|XENE,ATAI|AXSM|DFTX|GHRS|HELP|MNOV|PRTA|RLMD|TVRD|XENE
CMPX,9,7,-36.24,-53.38,-43.02,0.81,-0.41,-0.41,-35.830000000000005,-52.970000000000006,-50.690000000000005,0.0,ADAP|ARGX|BPMC|FATE|KPTI|MRNA|PGEN|TGTX|VRTX,ARGX|FATE|KPTI|MRNA|PGEN|TGTX|VRTX
CMRC,10,10,-5.54,44.0,16.13,0.0,-2.485,-10.364999999999998,-3.055,54.364999999999995,14.979999999999999,0.1,AMZN|CHWY|EBAY|ETSY|FVRR|MELI|PINS|SHOP|WIX|XYZ,AMZN|CHWY|EBAY|ETSY|FVRR|MELI|PINS|SHOP|WIX|XYZ
CMRE,10,10,-2.46,-5.78,-2.59,0.0,-3.73,-2.17,1.27,-3.6100000000000003,-22.88,0.8,ASC|CCEC|DAC|DSX|ESEA|GOGL|GSL|NMM|SB|SBLK,ASC|CCEC|DAC|DSX|ESEA|GOGL|GSL|NMM|SB|SBLK
CMS,10,10,0.35,-3.36,-13.84,5.2,-4.05,-7.425000000000001,4.3999999999999995,4.065000000000001,-1.1799999999999997,1.0,AEP|DTE|DUK|ED|ES|EXC|FE|PPL|SO|XEL,AEP|DTE|DUK|ED|ES|EXC|FE|PPL|SO|XEL
CMT,10,10,-2.05,-8.57,-2.88,0.0,0.87,-7.68,-2.92,-0.8900000000000006,5.5200000000000005,0.1,AVNT|AXTA|CC|CE|EMN|FUL|MTRN|OI|PPG|SHW,AVNT|AXTA|CC|CE|EMN|FUL|MTRN|OI|PPG|SHW
CMTG,10,10,-8.33,-23.26,-45.45,0.0,-5.78,-11.635,-2.55,-11.625000000000002,-31.845000000000002,0.1,ABR|AGNC|BXMT|KREF|LADR|NLY|RC|RWT|STWD|TRTX,ABR|AGNC|BXMT|KREF|LADR|NLY|RC|RWT|STWD|TRTX
CMTL,10,9,4.93,-9.89,-22.2,10.76,-3.99,-6.31,8.92,-3.580000000000001,-21.99,1.0,AVAV|GD|IRDM|KTOS|LHX|LMT|PL|SATS|TXT|VSAT,AVAV|GD|IRDM|KTOS|LHX|LMT|PL|TXT|VSAT
CNA,10,10,-2.02,-5.12,0.36,0.0,-4.075,-6.285,2.055,1.165,3.0500000000000003,0.8,AIG|ALL|CB|CINF|HIG|L|PGR|RLI|SIGI|TRV,AIG|ALL|CB|CINF|HIG|L|PGR|RLI|SIGI|TRV
CNC,6,6,-7.6,-4.62,-4.28,-0.13,-2.9800000000000004,-5.9,-4.619999999999999,1.2800000000000002,3.7350000000000003,0.16666666666666666,CI|CVS|HUM|MOH|UNH|VRTX,CI|CVS|HUM|MOH|UNH|VRTX
CNCK,0,0,-11.58,-22.22,-23.29,0.0,,,,,,,,
CNDT,10,10,-1.23,-0.62,20.3,0.0,-3.8150000000000004,-5.715,2.5850000000000004,5.095,-4.434999999999999,0.9,ACN|CSCO|CTSH|DXC|EXLS|G|HPE|IBM|LDOS|TTWO,ACN|CSCO|CTSH|DXC|EXLS|G|HPE|IBM|LDOS|TTWO
CNET,10,10,3.08,-5.63,39.58,0.0,-3.6100000000000003,-6.41,6.69,0.7800000000000002,34.415,1.0,ACIW|EVTC|FAF|FICO|GPN|JKHY|SSNC|STNE|TYL|WU,ACIW|EVTC|FAF|FICO|GPN|JKHY|SSNC|STNE|TYL|WU
CNEY,9,9,6.22,-12.5,8.02,-3.43,0.44,0.33,5.779999999999999,-12.83,6.3999999999999995,1.0,BCC|CLW|GPRE|LPX|NRP|REX|UFPI|WFG|WLKP,BCC|CLW|GPRE|LPX|NRP|REX|UFPI|WFG|WLKP
CNF,10,9,-4.92,-20.55,-40.0,0.0,-1.52,-23.83,-3.4,3.2799999999999976,-10.670000000000002,0.3333333333333333,AGM|AIHS|FINV|HTT|JFIN|LX|QFIN|SOS|XYF|YRD,AGM|FINV|HTT|JFIN|LX|QFIN|SOS|XYF|YRD
CNH,10,10,0.96,18.34,25.16,-0.51,0.9199999999999999,-2.255,0.040000000000000036,20.595,26.95,0.5,AGCO|CAT|DE|DOO|MTW|OSK|PCAR|TEX|TTC|WAB,AGCO|CAT|DE|DOO|MTW|OSK|PCAR|TEX|TTC|WAB
CNI,10,10,0.27,-5.45,-0.14,0.59,-0.019999999999999997,-6.12,0.29000000000000004,0.6699999999999999,4.515000000000001,0.6,CP|CSX|GBX|NSC|R|RAIL|TRN|UNP|WAB|XPO,CP|CSX|GBX|NSC|R|RAIL|TRN|UNP|WAB|XPO
CNK,10,9,3.88,-4.12,10.78,0.2,-0.51,-7.09,4.39,2.9699999999999998,5.359999999999999,0.7777777777777778,AMC|AMCX|CMCSA|DIS|EPR|IMAX|LGF-A|LYV|NFLX|RDI,AMC|AMCX|CMCSA|DIS|EPR|IMAX|LYV|NFLX|RDI
CNL,10,9,0.85,-21.07,3.17,-1.74,-3.08,-12.39,3.93,-8.68,-20.729999999999997,1.0,AEM|AGI|B|BTG|EQX|IAG|KGC|NEM|SAND|SSRM,AEM|AGI|B|BTG|EQX|IAG|KGC|NEM|SSRM
CNM,10,10,-0.14,-3.67,-9.27,0.0,0.785,-3.2750000000000004,-0.925,-0.3949999999999996,-4.994999999999999,0.3,AWK|BMI|FIX|GRC|NDSN|PNR|TTEK|WMS|WTRG|XYL,AWK|BMI|FIX|GRC|NDSN|PNR|TTEK|WMS|WTRG|XYL
CNMD,10,9,-0.67,-10.39,32.58,0.04,-2.3,-8.08,1.63,-2.3100000000000005,31.9,0.5555555555555556,BAX|BSX|HOLX|ISRG|JNJ|MDT|RMD|SNN|SYK|ZBH,BAX|BSX|ISRG|JNJ|MDT|RMD|SNN|SYK|ZBH
CNNE,10,10,4.02,2.6,12.87,0.0,-1.83,-6.245,5.85,8.845,8.299999999999999,0.9,AMP|BEN|BRK-A|IVZ|L|MKL|NDAQ|SCHW|STT|TROW,AMP|BEN|BRK-A|IVZ|L|MKL|NDAQ|SCHW|STT|TROW
CNO,10,10,-2.75,-0.41,3.61,0.0,-1.9000000000000001,-1.975,-0.8499999999999999,1.5650000000000002,-3.6699999999999995,0.3,AFL|AIG|GL|HIG|LNC|MET|PFG|PRU|UNM|VOYA,AFL|AIG|GL|HIG|LNC|MET|PFG|PRU|UNM|VOYA
CNOB,10,9,-3.3,-5.25,-8.6,0.0,-2.98,-4.06,-0.31999999999999984,-1.1900000000000004,-4.51,0.2222222222222222,BPOP|CFG|CUBI|FFBC|FULT|PPBI|SSB|TRMK|UBSI|WAL,BPOP|CFG|CUBI|FFBC|FULT|SSB|TRMK|UBSI|WAL
CNP,10,10,-3.05,-4.96,-15.28,0.0,-4.109999999999999,-7.445,1.0599999999999996,2.4850000000000003,-2.389999999999999,0.8,AEP|D|DUK|ED|ES|ETR|PEG|PPL|SO|XEL,AEP|D|DUK|ED|ES|ETR|PEG|PPL|SO|XEL
CNQ,10,8,-4.46,-2.48,22.12,1.51,-1.78,2.515,-2.6799999999999997,-4.995,2.535,0.125,APA|COP|CVX|DVN|EOG|HES|MRO|OXY|PSX|XOM,APA|COP|CVX|DVN|EOG|OXY|PSX|XOM
CNR,10,9,-0.87,-4.61,12.56,0.39,-1.4,-5.84,0.5299999999999999,1.2299999999999995,7.16,0.7777777777777778,AMR|ARCH|ARLP|BTU|CNX|EQT|HNRG|METC|NRP|SXC,AMR|ARLP|BTU|CNX|EQT|HNRG|METC|NRP|SXC
CNS,10,10,5.0,-9.28,0.6,0.0,-0.325,-8.495,5.325,-0.7850000000000001,-3.0849999999999995,0.9,AMG|APO|BEN|BLK|BX|CG|IVZ|KKR|LAZ|TROW,AMG|APO|BEN|BLK|BX|CG|IVZ|KKR|LAZ|TROW
CNSP,10,9,-6.36,-13.3,23.5,0.0,-1.68,-9.77,-4.680000000000001,-3.530000000000001,47.54,0.3333333333333333,AVTX|BLRX|BTAI|CAPR|IMMP|KPTI|OTLK|PCRX|SLS|VTVT,AVTX|BLRX|CAPR|IMMP|KPTI|OTLK|PCRX|SLS|VTVT
CNTB,10,10,-13.18,-54.29,-45.89,4.67,-0.09,-1.385,-13.09,-52.905,-60.095,0.0,AMGN|BIIB|BMRN|EXEL|GILD|INCY|NBIX|REGN|SRPT|VRTX,AMGN|BIIB|BMRN|EXEL|GILD|INCY|NBIX|REGN|SRPT|VRTX
CNTX,10,9,0.95,-17.79,-33.58,0.0,-1.39,-14.77,2.34,-3.0199999999999996,-24.49,0.8888888888888888,BCYC|CGTX|CULP|KYMR|NBTX|ONCT|RNAZ|TVRD|XCUR|ZNTL,BCYC|CGTX|CULP|KYMR|NBTX|RNAZ|TVRD|XCUR|ZNTL
CNTY,10,9,-1.74,-11.02,-12.4,1.8,-2.65,-13.95,0.9099999999999999,2.9299999999999997,5.220000000000001,0.6666666666666666,BALY|BYD|CHDN|FLL|GDEN|LVS|MGM|PENN|RRR|WYNN,BALY|BYD|CHDN|FLL|LVS|MGM|PENN|RRR|WYNN
CNVS,10,9,-4.67,-19.69,-27.14,0.0,0.41,-5.3,-5.08,-14.39,-37.92,0.2222222222222222,AMC|CNK|DIS|EPR|HOFV|IMAX|LYV|MCS|NCMI|RDI,AMC|CNK|DIS|EPR|IMAX|LYV|MCS|NCMI|RDI
CNX,9,9,-1.4,-8.19,-1.67,0.15,-0.21,-6.01,-1.19,-2.1799999999999997,-5.0600000000000005,0.4444444444444444,AR|CRK|EQT|EXE|GPOR|MTDR|NOG|OVV|RRC,AR|CRK|EQT|EXE|GPOR|MTDR|NOG|OVV|RRC
CNXC,10,10,4.16,9.86,31.08,-2.28,-4.265000000000001,-2.1,8.425,11.959999999999999,-4.280000000000001,1.0,ACN|ADP|CACI|CDW|CTSH|DXC|EPAM|GLOB|IBM|IT,ACN|ADP|CACI|CDW|CTSH|DXC|EPAM|GLOB|IBM|IT
CNXN,10,10,1.66,15.46,25.7,0.0,0.33999999999999997,5.455,1.3199999999999998,10.005,13.134999999999998,0.6,ARW|AVT|CDW|GPC|HSIC|IMKTA|MCK|NSIT|SCSC|SNX,ARW|AVT|CDW|GPC|HSIC|IMKTA|MCK|NSIT|SCSC|SNX
COCH,10,10,1.68,-3.24,14.44,0.0,-1.03,-7.99,2.71,4.75,14.16,0.6,ABT|ALGN|BAX|BSX|EW|ISRG|MDT|RMD|SYK|ZBH,ABT|ALGN|BAX|BSX|EW|ISRG|MDT|RMD|SYK|ZBH
COCO,10,9,2.47,-9.34,-30.19,-0.6,-1.2,-7.95,3.67,-1.3899999999999997,-24.79,1.0,BF-A|CELH|FIZZ|KDP|KO|MNST|PEP|PRMW|STZ|USNA,BF-A|CELH|FIZZ|KDP|KO|MNST|PEP|STZ|USNA
COCP,10,10,7.7,8.65,21.56,3.18,0.0,-1.4849999999999999,7.7,10.135,7.16,0.9,AZN|BNTX|GILD|JNJ|MRNA|NVAX|PFE|REGN|SNY|VRTX,AZN|BNTX|GILD|JNJ|MRNA|NVAX|PFE|REGN|SNY|VRTX
CODA,10,9,2.43,9.7,16.7,0.0,-0.21,-4.81,2.64,14.509999999999998,5.68,0.8888888888888888,BKR|BOOM|FET|FTI|HLX|INVX|OII|SLB|TDW|XOM,BKR|BOOM|FET|FTI|INVX|OII|SLB|TDW|XOM
CODI,9,9,3.7,-0.26,16.65,1.23,-1.04,-6.69,4.74,6.430000000000001,20.74,0.8888888888888888,AMN|BDL|BKE|BPOP|MSA|OLP|PFSI|TBI|VMI,AMN|BDL|BKE|BPOP|MSA|OLP|PFSI|TBI|VMI
COE,10,10,13.32,-31.13,-22.87,0.0,0.27,-0.685,13.05,-30.445,-47.1,1.0,CHGG|DAO|DUOL|EDU|EHTH|GOTU|HUYA|LRN|TAL|YQ,CHGG|DAO|DUOL|EDU|EHTH|GOTU|HUYA|LRN|TAL|YQ
COF,9,8,-2.89,-9.27,-4.25,0.05,-3.54,-7.175000000000001,0.6499999999999999,-2.094999999999999,1.5899999999999999,0.75,AXP|BAC|C|DFS|JPM|PNC|SYF|USB|WFC,AXP|BAC|C|JPM|PNC|SYF|USB|WFC
COFS,10,8,-2.76,-2.38,-1.96,0.0,-2.4000000000000004,-3.965,-0.35999999999999943,1.585,-4.68,0.375,BBT|CADE|CHCO|FISI|HBNC|HNVR|MBIN|MBWM|STEL|WSBF,BBT|CHCO|FISI|HBNC|HNVR|MBIN|MBWM|WSBF
COGT,10,8,-5.36,-14.65,-17.36,0.0,-0.41,-9.36,-4.95,-5.290000000000001,-18.82,0.0,ALLO|BEAM|BLUE|BPMC|CRSP|EDIT|FATE|GILD|NTLA|VRTX,ALLO|BEAM|CRSP|EDIT|FATE|GILD|NTLA|VRTX
COHN,10,10,2.5,-6.82,-16.6,0.0,-0.76,-11.065000000000001,3.26,4.245000000000001,-7.860000000000001,1.0,BCSF|EVR|JEF|LAZ|MC|OPFI|PIPR|PJT|SCM|SF,BCSF|EVR|JEF|LAZ|MC|OPFI|PIPR|PJT|SCM|SF
COHR,10,10,-1.43,1.26,-28.36,-2.94,7.105,-1.4,-8.535,2.66,-0.990000000000002,0.0,ACLS|ASML|COHU|FORM|IPGP|KLAC|LITE|MKSI|ONTO|VECO,ACLS|ASML|COHU|FORM|IPGP|KLAC|LITE|MKSI|ONTO|VECO
COHU,10,10,12.73,22.51,-7.96,-3.85,8.985,-2.21,3.745000000000001,24.720000000000002,19.77,0.9,AMAT|ASML|FORM|ICHR|KLAC|LRCX|ONTO|TER|UCTT|VECO,AMAT|ASML|FORM|ICHR|KLAC|LRCX|ONTO|TER|UCTT|VECO
COIN,10,10,11.79,3.91,36.46,-1.84,1.105,-5.5600000000000005,10.684999999999999,9.47,14.505000000000003,0.9,CME|GS|HOOD|IBKR|ICE|MS|MSTR|NDAQ|PYPL|SCHW,CME|GS|HOOD|IBKR|ICE|MS|MSTR|NDAQ|PYPL|SCHW
COKE,10,9,-5.81,-4.65,4.56,-0.05,-1.2,-8.07,-4.609999999999999,3.42,9.579999999999998,0.1111111111111111,BF-B|CELH|FIZZ|KDP|KO|MNST|PEP|PRMW|SAM|TAP,BF-B|CELH|FIZZ|KDP|KO|MNST|PEP|SAM|TAP
COLA,0,0,-1.2,-0.09,0.75,0.0,,,,,,,,
COLB,10,9,-2.93,-5.84,-8.5,0.0,-3.03,-5.85,0.09999999999999964,0.009999999999999787,-2.55,0.5555555555555556,BANR|BKU|FITB|FNB|FULT|HBAN|ONB|WASH|WBS|ZION,BANR|BKU|FITB|FNB|FULT|HBAN|ONB|WASH|ZION
COLD,10,10,-4.1,-8.01,-4.55,-0.84,-1.83,-6.38,-2.2699999999999996,-1.63,2.63,0.3,CCI|DLR|EQIX|EXR|IRM|PLD|PSA|SBAC|STAG|TRNO,CCI|DLR|EQIX|EXR|IRM|PLD|PSA|SBAC|STAG|TRNO
COLL,10,9,1.17,-17.92,-36.9,0.0,-0.25,-9.26,1.42,-8.660000000000002,-26.88,0.7777777777777778,AMRX|ANIP|ARDX|ASND|ASRT|EYPT|HRTX|LXRX|PCRX|PTGX,AMRX|ANIP|ARDX|ASND|EYPT|HRTX|LXRX|PCRX|PTGX
COLM,9,8,-0.54,-5.49,-11.98,0.0,0.3649999999999999,-7.89,-0.9049999999999999,2.3999999999999995,5.715,0.5,DECK|GES|LEVI|LULU|NKE|PVH|RL|UA|VFC,DECK|LEVI|LULU|NKE|PVH|RL|UA|VFC
COMP,10,7,-12.35,-22.16,-16.88,0.28,-2.09,-16.31,-10.26,-5.850000000000001,-16.669999999999998,0.0,BEKE|CBRE|CWK|EXPI|HOUS|JLL|OPEN|RDFN|REAL|ZG,BEKE|CBRE|CWK|JLL|OPEN|REAL|ZG
CON,10,10,-4.34,-0.57,19.39,0.0,-2.6500000000000004,-10.945,-1.6899999999999995,10.375,11.35,0.1,ADP|CSGP|CTAS|FLNT|G|HEI|MAN|RHI|VRSK|YELP,ADP|CSGP|CTAS|FLNT|G|HEI|MAN|RHI|VRSK|YELP
COO,10,9,2.67,-26.03,-18.54,0.0,-0.44,-9.37,3.11,-16.660000000000004,-18.419999999999998,0.8888888888888888,ALGN|BAX|BSX|HOLX|ISRG|JNJ|MDT|STE|SYK|ZBH,ALGN|BAX|BSX|ISRG|JNJ|MDT|STE|SYK|ZBH
COOK,9,8,-3.09,-15.65,-39.13,0.25,-0.55,-6.355,-2.54,-9.295,-29.860000000000003,0.0,BLDR|DRI|LCUT|LZB|SGI|SNA|SNBR|W|WHR,BLDR|DRI|LCUT|LZB|SGI|SNA|W|WHR
COOT,10,10,-0.17,5.0,-23.0,-2.76,-3.1950000000000003,-3.4,3.0250000000000004,8.4,-24.715,0.8,ADM|AVD|BG|BIOX|CALM|DAR|FMC|GPRE|INGR|MOS,ADM|AVD|BG|BIOX|CALM|DAR|FMC|GPRE|INGR|MOS
COP,9,7,-3.29,-2.3,21.04,0.56,-1.72,1.43,-1.57,-3.7299999999999995,6.959999999999999,0.14285714285714285,APA|CVX|DVN|EOG|FANG|HES|MRO|OXY|XOM,APA|CVX|DVN|EOG|FANG|OXY|XOM
COPL,0,0,0.05,0.33,1.1,0.0,,,,,,,,
COR,9,8,-0.06,-5.74,7.76,-0.98,-0.405,-3.1750000000000003,0.34500000000000003,-2.565,-5.65,0.5,ACH|BIO|CAH|DXCM|HCA|HSIC|LH|MCK|PDCO,ACH|BIO|CAH|DXCM|HCA|HSIC|LH|MCK
CORT,10,9,1.01,-8.36,38.47,0.0,-0.78,0.53,1.79,-8.889999999999999,38.57,0.5555555555555556,AKBA|ANAB|ARDX|LGND|MDGL|NBIX|PSTV|SRPT|TGTX|VKTX,AKBA|ANAB|ARDX|LGND|MDGL|NBIX|SRPT|TGTX|VKTX
CORZ,10,7,2.98,-2.11,-35.28,-2.49,4.92,8.08,-1.94,-10.19,-21.03,0.2857142857142857,ARBK|BITF|DGHI|HIVE|HUT|IREN|MARA|RIOT|SDIG|WULF,ARBK|HIVE|HUT|IREN|MARA|RIOT|WULF
COSM,9,7,35.0,94.74,115.87,-1.62,-0.39,-4.41,35.39,99.14999999999999,124.96000000000001,1.0,AUPH|CERS|HOOK|MBAI|NNVC|OPK|VNDA|VRTX|XOMA,AUPH|CERS|MBAI|NNVC|OPK|VNDA|VRTX
COSO,0,0,-3.38,-4.47,-3.17,0.0,,,,,,,,
COST,10,10,1.49,-5.5,-3.71,0.28,-2.4,-4.63,3.8899999999999997,-0.8700000000000001,-5.654999999999999,0.9,AMZN|BBY|BJ|DG|DLTR|HD|KR|LOW|TGT|WMT,AMZN|BBY|BJ|DG|DLTR|HD|KR|LOW|TGT|WMT
COTY,10,10,0.38,-5.38,35.38,0.0,0.01,-6.415,0.37,1.0350000000000001,37.575,0.6,CHD|CL|EL|ENR|HAIN|HRL|KMB|NWL|PG|UL,CHD|CL|EL|ENR|HAIN|HRL|KMB|NWL|PG|UL
COUR,10,9,-0.39,-17.12,-10.94,0.2,-2.2,-7.27,1.81,-9.850000000000001,-3.539999999999999,0.7777777777777778,APEI|ATGE|CHGG|EDU|GHC|LINC|LOPE|LRN|STRA|UTI,APEI|CHGG|EDU|GHC|LINC|LOPE|LRN|STRA|UTI
COYA,10,9,13.0,1.61,-5.26,0.0,-3.89,-6.48,16.89,8.09,-2.53,1.0,AKRO|ALNY|ARVN|ARWR|BMRN|IONS|MDGL|MRNA|NBIX|VRTX,ALNY|ARVN|ARWR|BMRN|IONS|MDGL|MRNA|NBIX|VRTX
CP,10,10,-0.06,-5.95,1.94,0.51,-0.01,-6.445,-0.049999999999999996,0.4950000000000001,2.37,0.4,BRK-B|CNI|CSX|GBX|NSC|R|TFII|UNP|WAB|XPO,BRK-B|CNI|CSX|GBX|NSC|R|TFII|UNP|WAB|XPO
CPA,9,8,1.34,-1.19,-17.17,0.0,1.505,-5.91,-0.1649999999999998,4.720000000000001,5.869999999999997,0.375,AAL|ALGT|ALK|DAL|JBLU|LUV|SAVE|SKYW|UAL,AAL|ALGT|ALK|DAL|JBLU|LUV|SKYW|UAL
CPAC,10,8,-2.38,3.88,2.67,0.0,-1.79,-10.43,-0.5899999999999999,14.309999999999999,23.65,0.5,CRH|CX|EXP|HEI|LYB|MLM|NUE|SUM|VMC|X,CRH|CX|EXP|HEI|LYB|MLM|NUE|VMC
CPAY,8,8,-2.27,-4.19,21.26,-0.02,-2.6799999999999997,-9.79,0.4099999999999997,5.599999999999999,3.1999999999999993,0.625,ADP|FIS|GPN|MA|PYPL|V|WEX|XYZ,ADP|FIS|GPN|MA|PYPL|V|WEX|XYZ
CPB,10,9,-3.97,-13.34,-8.99,0.0,-1.77,-7.98,-2.2,-5.359999999999999,-4.55,0.1111111111111111,CPRI|FLO|GIS|HRL|HSY|K|KHC|MDLZ|POST|SJM,CPRI|FLO|GIS|HRL|HSY|KHC|MDLZ|POST|SJM
CPBI,10,9,-5.89,-3.86,6.61,0.0,-3.44,-6.31,-2.4499999999999997,2.4499999999999997,10.89,0.1111111111111111,BAC|BK|BKU|C|JPM|PNC|STT|USB|WFC|ZION,BAC|BKU|C|JPM|PNC|STT|USB|WFC|ZION
CPF,10,10,-3.28,-3.79,-2.29,0.0,-1.58,-4.365,-1.6999999999999997,0.5750000000000002,2.125,0.3,BOH|BPOP|CATY|CUBI|CYN|EWBC|FHB|PFBC|PNFP|WABC,BOH|BPOP|CATY|CUBI|CYN|EWBC|FHB|PFBC|PNFP|WABC
CPHC,10,9,1.09,0.9,0.3,0.0,-2.65,-11.43,3.74,12.33,17.75,0.8888888888888888,BALY|BYD|CHDN|CRI|CZR|GDEN|MCRI|PENN|RRR|WYNN,BALY|BYD|CHDN|CRI|CZR|MCRI|PENN|RRR|WYNN
CPHI,10,10,3.22,-16.03,17.54,1.93,0.72,-0.255,2.5,-15.775,17.915,0.6,ACHC|AGEN|ALNY|LGND|LIVN|MDGL|PCRX|RCUS|RDY|SNY,ACHC|AGEN|ALNY|LGND|LIVN|MDGL|PCRX|RCUS|RDY|SNY
CPIX,10,10,13.75,1.28,69.24,0.0,-0.36,-4.08,14.11,5.36,62.06999999999999,1.0,ACAD|AMRX|BMRN|ENTA|EXEL|GILD|INVA|JNJ|LLY|NVS,ACAD|AMRX|BMRN|ENTA|EXEL|GILD|INVA|JNJ|LLY|NVS
CPK,10,10,-0.08,-4.15,6.23,0.0,-3.5,-5.85,3.42,1.6999999999999993,19.94,0.9,ATO|CMS|CNP|NI|NWN|OGS|PNW|SRE|WEC|XEL,ATO|CMS|CNP|NI|NWN|OGS|PNW|SRE|WEC|XEL
CPNG,10,10,-1.66,-14.8,-16.65,-0.42,-0.15,-9.11,-1.51,-5.690000000000001,-24.865,0.3,AMZN|BABA|EBAY|ETSY|JD|MELI|PDD|SE|SHOP|W,AMZN|BABA|EBAY|ETSY|JD|MELI|PDD|SE|SHOP|W
CPOP,10,10,40.32,-2.11,-67.17,0.97,-1.5099999999999998,-6.574999999999999,41.83,4.465,-72.85,1.0,CMCSA|DIS|HUYA|IQ|LYV|MTCH|NFLX|ROKU|SPOT|TME,CMCSA|DIS|HUYA|IQ|LYV|MTCH|NFLX|ROKU|SPOT|TME
CPRI,10,9,4.75,12.79,-19.34,0.0,-0.54,-5.76,5.29,18.549999999999997,-2.66,1.0,COLM|GES|LEVI|MOV|NKE|OXM|PVH|RL|TPR|VFC,COLM|LEVI|MOV|NKE|OXM|PVH|RL|TPR|VFC
CPRT,8,8,-2.7,-13.41,-3.96,-0.02,-1.06,-3.1149999999999998,-1.6400000000000001,-10.295,3.76,0.125,ASH|AZZ|CTAS|LKQ|MANH|OPLN|RBA|URI,ASH|AZZ|CTAS|LKQ|MANH|OPLN|RBA|URI
CPS,10,10,0.39,-13.2,-18.0,0.0,-3.2800000000000002,-5.95,3.6700000000000004,-7.249999999999999,-11.665,1.0,ALSN|BWA|DAN|F|GM|GNTX|LEA|MGA|TEN|VC,ALSN|BWA|DAN|F|GM|GNTX|LEA|MGA|TEN|VC
CPSH,10,9,-3.96,-4.2,-23.43,-0.48,2.34,1.81,-6.3,-6.01,-14.299999999999999,0.1111111111111111,GLW|IRDM|KN|MRCY|OSIS|PLAB|SCS|TDY|TTMI|ZBRA,GLW|IRDM|KN|MRCY|OSIS|PLAB|TDY|TTMI|ZBRA
CPSS,10,8,-1.58,1.97,-2.1,0.0,-5.33,-9.14,3.75,11.110000000000001,7.51,1.0,ALLY|CACC|COF|DFS|ENVA|LC|NAVI|RM|SLM|SYF,ALLY|CACC|COF|ENVA|NAVI|RM|SLM|SYF
CPT,9,7,-3.57,-10.51,-12.21,0.0,-2.41,-10.74,-1.1599999999999997,0.23000000000000043,-0.5200000000000014,0.0,APT|AVB|CSR|EQR|ESS|IRT|MAA|NXRT|UDR,APT|CSR|ESS|IRT|MAA|NXRT|UDR
CQP,9,9,-2.19,-5.53,12.75,0.0,-1.53,-1.36,-0.6599999999999999,-4.17,16.259999999999998,0.4444444444444444,ENB|ET|KMI|LNG|NEXT|OKE|SRE|TRGP|WMB,ENB|ET|KMI|LNG|NEXT|OKE|SRE|TRGP|WMB
CR,10,10,3.59,-0.97,-4.46,0.0,2.34,-3.475,1.25,2.505,-0.3600000000000003,0.6,AME|DOV|IR|ITT|KMT|LECO|MAS|MSA|NDSN|XYL,AME|DOV|IR|ITT|KMT|LECO|MAS|MSA|NDSN|XYL
CRAC,0,0,-0.1,0.0,0.89,0.0,,,,,,,,
CRAI,10,10,-3.26,-6.36,12.58,-0.66,-0.060000000000000005,-6.625,-3.1999999999999997,0.2649999999999997,-15.825000000000001,0.3,CBZ|EXPO|FCN|HURN|KFRC|MAN|NCI|NSP|RHI|TBI,CBZ|EXPO|FCN|HURN|KFRC|MAN|NCI|NSP|RHI|TBI
CRAN,0,0,-0.11,-0.26,-0.01,0.0,,,,,,,,
CRAQ,0,0,0.19,0.68,1.07,0.0,,,,,,,,
CRBG,10,10,-2.75,6.04,21.12,0.0,-2.42,-1.42,-0.33000000000000007,7.46,13.840000000000002,0.3,AFG|AIG|CNO|GNW|LNC|MET|PFG|PRU|UNM|VOYA,AFG|AIG|CNO|GNW|LNC|MET|PFG|PRU|UNM|VOYA
CRBP,10,8,3.57,-33.52,-8.86,-2.85,-0.75,-3.505,4.32,-30.015000000000004,-16.95,1.0,BMRN|EXEL|FOLD|GILD|INCY|NBIX|NKTR|PBYI|VRTX|XOMA,BMRN|EXEL|GILD|INCY|NBIX|NKTR|PBYI|VRTX
CRBU,10,7,-2.29,-27.27,-18.47,-0.78,-1.74,-16.16,-0.55,-11.11,-14.319999999999999,0.42857142857142855,BEAM|BLUE|CRSP|DTIL|EDIT|NTLA|PSTX|QURE|SGMO|VRTX,BEAM|CRSP|DTIL|EDIT|NTLA|QURE|VRTX
CRC,10,8,-4.35,-0.48,-2.47,0.0,-1.78,0.5349999999999999,-2.5699999999999994,-1.015,-18.735,0.125,APA|COP|CVX|DVN|EOG|FANG|HES|MRO|OXY|XOM,APA|COP|CVX|DVN|EOG|FANG|OXY|XOM
CRCL,0,0,6.24,-1.76,31.38,-1.44,,,,,,,,
CRCT,10,10,5.37,4.25,33.26,0.0,-0.405,5.6850000000000005,5.775,-1.4350000000000005,10.159999999999997,0.8,AAPL|ADBE|DELL|GPRO|HPQ|INTC|LOGI|MMM|MSFT|WDC,AAPL|ADBE|DELL|GPRO|HPQ|INTC|LOGI|MMM|MSFT|WDC
CRD-A,10,9,-0.56,-7.82,6.82,0.0,-2.56,-1.69,2.0,-6.130000000000001,9.190000000000001,0.7777777777777778,AIG|ALL|CB|CINF|ESGR|L|MKL|RNR|TRV|WRB,AIG|ALL|CB|CINF|L|MKL|RNR|TRV|WRB
CRD-B,10,10,4.61,-2.48,5.92,0.0,-4.845000000000001,-10.375,9.455000000000002,7.895,6.41,1.0,AJG|ALL|AON|BRO|CB|CINF|HIG|MRSH|PGR|TRV,AJG|ALL|AON|BRO|CB|CINF|HIG|MRSH|PGR|TRV
CRDF,9,6,0.0,27.45,7.44,-0.76,-2.04,-13.21,2.04,40.66,8.725000000000001,0.6666666666666666,AFMD|ATNM|BPMC|FOLD|KPTI|NERV|ONC|TVRD|XNCR,ATNM|KPTI|NERV|ONC|TVRD|XNCR
CRDL,10,8,-9.14,-15.5,62.5,-4.52,-3.57,-7.9,-5.57,-7.6,63.41,0.0,ACAD|AXSM|BPMC|CRBP|EYPT|MRNA|NBIX|PFE|SAGE|VRTX,ACAD|AXSM|CRBP|EYPT|MRNA|NBIX|PFE|VRTX
CRDO,10,9,10.4,-17.99,-30.7,-4.19,0.66,-3.89,9.74,-14.099999999999998,-22.96,1.0,ANET|AVGO|CIEN|CSCO|EXTR|JNPR|LITE|MSI|QCOM|VIAV,ANET|AVGO|CIEN|CSCO|EXTR|LITE|MSI|QCOM|VIAV
CRE,0,0,4.68,11.97,-9.63,0.0,,,,,,,,
CRESY,10,10,-0.94,12.48,15.23,0.0,-4.63,-1.78,3.69,14.26,5.200000000000001,0.9,ADM|AGRO|BG|CF|DE|INGR|MOS|NTR|PPC|TSN,ADM|AGRO|BG|CF|DE|INGR|MOS|NTR|PPC|TSN
CREX,10,9,-2.31,-10.88,-35.7,0.0,-3.23,-3.79,0.9199999999999999,-7.090000000000001,-76.52000000000001,0.6666666666666666,ACIW|APPN|BILL|BOX|DOMO|ESTC|FSLY|PCTY|PD|QTWO,ACIW|APPN|BILL|BOX|ESTC|FSLY|PCTY|PD|QTWO
CRGO,10,10,-3.7,-21.8,-24.64,0.0,-1.1,-4.115,-2.6,-17.685000000000002,-11.945,0.3,CHRW|EXPD|FDX|JBHT|KNX|LSTR|MATX|SAIA|UPS|XPO,CHRW|EXPD|FDX|JBHT|KNX|LSTR|MATX|SAIA|UPS|XPO
CRGY,10,8,-5.74,-1.12,31.68,0.91,-1.78,0.5349999999999999,-3.96,-1.655,15.415,0.0,APA|COP|CVX|DVN|EOG|FANG|HES|MRO|OXY|XOM,APA|COP|CVX|DVN|EOG|FANG|OXY|XOM
CRH,10,9,-2.68,-12.29,-25.36,-1.0,-0.04,-5.37,-2.64,-6.919999999999999,-6.210000000000001,0.2222222222222222,APD|CLF|CX|EXP|FLR|HUN|MLM|SCL|SUM|VMC,APD|CLF|CX|EXP|FLR|HUN|MLM|SCL|VMC
CRI,9,8,0.2,-12.27,-30.96,-0.07,3.09,-4.355,-2.8899999999999997,-7.914999999999999,-17.11,0.125,BURL|JWN|KSS|M|PLCE|ROST|TJX|URBN|ZUMZ,BURL|KSS|M|PLCE|ROST|TJX|URBN|ZUMZ
CRIS,9,7,-12.75,-40.19,-76.9,-0.09,-6.66,-11.44,-6.09,-28.75,-81.37,0.0,ASND|BIVI|BPMC|FATE|GOSS|KURA|RIGL|TGTX|XOMA,ASND|BIVI|FATE|GOSS|KURA|RIGL|TGTX
CRK,10,8,4.26,-4.94,-2.88,0.15,-2.4050000000000002,-2.015,6.665,-2.9250000000000003,-16.745,1.0,APA|AR|COP|DVN|EOG|FANG|HES|MRO|OXY|SM,APA|AR|COP|DVN|EOG|FANG|OXY|SM
CRL,9,9,1.43,-7.12,37.22,0.0,-1.45,-5.75,2.88,-1.37,18.529999999999998,0.7777777777777778,BMY|CVS|ILMN|IQV|LDOS|LH|MEDP|MRK|PFE,BMY|CVS|ILMN|IQV|LDOS|LH|MEDP|MRK|PFE
CRM,10,10,-2.71,14.86,57.31,-0.56,-2.1950000000000003,-2.855,-0.5149999999999997,17.715,20.820000000000007,0.4,ADBE|HUBS|INTU|MSFT|NOW|ORCL|SAP|SHOP|TEAM|WDAY,ADBE|HUBS|INTU|MSFT|NOW|ORCL|SAP|SHOP|TEAM|WDAY
CRMD,10,9,-1.16,-10.05,-0.26,0.13,2.53,-1.75,-3.6899999999999995,-8.3,9.76,0.3333333333333333,ADMA|AMRX|ANIP|BCRX|CLSD|CRVS|CTSO|NAII|RMTI|XTNT,ADMA|AMRX|ANIP|BCRX|CRVS|CTSO|NAII|RMTI|XTNT
CRML,10,10,11.5,-5.43,-17.28,-0.78,-1.615,-10.725000000000001,13.115,5.295000000000002,-31.770000000000003,1.0,AA|B|CLF|FCX|HL|MP|NEM|RIO|SCCO|TECK,AA|B|CLF|FCX|HL|MP|NEM|RIO|SCCO|TECK
CRMT,10,10,-7.73,-24.77,-53.22,0.0,-2.755,-8.69,-4.9750000000000005,-16.08,-44.875,0.2,AAP|ABG|AN|AZO|GPI|KMX|LAD|ORLY|PAG|SAH,AAP|ABG|AN|AZO|GPI|KMX|LAD|ORLY|PAG|SAH
CRNC,10,10,-0.98,0.62,-18.07,0.0,3.5700000000000003,4.205,-4.550000000000001,-3.585,-11.370000000000001,0.1,AMBA|AMD|AVGO|INTC|MSFT|MU|NVDA|QCOM|SNPS|TXN,AMBA|AMD|AVGO|INTC|MSFT|MU|NVDA|QCOM|SNPS|TXN
CRNT,10,9,2.37,4.35,-9.24,-1.37,-0.54,-0.78,2.91,5.13,-5.09,0.8888888888888888,ANET|AVNW|CSCO|ERIC|HPE|IDCC|JNPR|LITE|MXL|NOK,ANET|AVNW|CSCO|ERIC|HPE|IDCC|LITE|MXL|NOK
CRON,10,10,3.34,-0.29,25.46,0.0,3.2,-8.120000000000001,0.13999999999999968,7.830000000000001,22.12,0.5,ACB|CGC|CRBP|GRWG|IIPR|OGI|SNDL|TLRY|TVRD|VFF,ACB|CGC|CRBP|GRWG|IIPR|OGI|SNDL|TLRY|TVRD|VFF
CROX,10,8,1.0,1.09,4.5,-0.31,-0.7350000000000001,-7.43,1.735,8.52,16.625,0.75,COLM|DECK|FL|NKE|NWL|SHOO|SKX|UAA|VFC|WWW,COLM|DECK|NKE|NWL|SHOO|UAA|VFC|WWW
CRS,10,8,-4.07,-17.2,-32.0,0.0,-3.435,-0.475,-0.6350000000000002,-16.724999999999998,-25.33,0.5,AA|ATI|CENX|CMC|HAYN|NUE|RS|STLD|SXC|X,AA|ATI|CENX|CMC|NUE|RS|STLD|SXC
CRSP,10,8,-3.43,-9.1,2.56,-0.72,-0.89,-12.89,-2.54,3.790000000000001,11.845,0.125,ADPT|ALLO|BEAM|BLUE|CLLS|EDIT|GILD|NTLA|SGMO|VRTX,ADPT|ALLO|BEAM|CLLS|EDIT|GILD|NTLA|VRTX
CRSR,10,9,-2.44,11.32,49.77,-2.51,1.51,10.97,-3.95,0.34999999999999964,43.440000000000005,0.1111111111111111,AMD|EA|GPRO|INTC|LOGI|MSI|RBLX|SONO|TBCH|TTWO,AMD|GPRO|INTC|LOGI|MSI|RBLX|SONO|TBCH|TTWO
CRT,10,8,-6.11,11.5,36.45,0.0,-1.395,-1.92,-4.715,13.42,34.585,0.0,BPT|BSM|DMLP|KRP|MTR|MVO|PBT|PEO|SBR|SJT,BSM|DMLP|KRP|MTR|PBT|PEO|SBR|SJT
CRTO,10,10,-3.22,-3.16,-8.66,0.0,-0.47000000000000003,-1.16,-2.75,-2.0,-21.39,0.2,APPS|DV|FLNT|GOOGL|MGNI|PERI|PUBM|ROKU|TTD|ZD,APPS|DV|FLNT|GOOGL|MGNI|PERI|PUBM|ROKU|TTD|ZD
CRUS,10,10,2.08,7.89,-23.61,0.0,3.51,2.4,-1.4299999999999997,5.49,-14.94,0.4,AAPL|ADI|AVGO|MCHP|MPWR|NXPI|ON|QCOM|SWKS|TXN,AAPL|ADI|AVGO|MCHP|MPWR|NXPI|ON|QCOM|SWKS|TXN
CRVL,10,10,2.91,2.91,18.36,0.0,-4.975,-9.01,7.885,11.92,17.89,1.0,AJG|AON|BRO|CINF|GSHD|HCI|MKL|MRSH|THG|WRB,AJG|AON|BRO|CINF|GSHD|HCI|MKL|MRSH|THG|WRB
CRVO,10,8,-0.89,-4.63,-24.56,0.69,-2.145,-8.84,1.255,4.21,-20.889999999999997,0.5,ACAD|BIIB|BTAI|CORT|CYPH|CYTK|INVA|ITCI|LGVN|NBIX,ACAD|BIIB|CORT|CYPH|CYTK|INVA|LGVN|NBIX
CRVS,10,9,2.53,-11.0,-3.17,0.0,-0.13,-2.61,2.6599999999999997,-8.39,-13.89,0.8888888888888888,BLUE|BMRN|BMY|EXEL|GILD|INCY|IONS|REGN|SRPT|VRTX,BMRN|BMY|EXEL|GILD|INCY|IONS|REGN|SRPT|VRTX
CRWD,10,9,5.95,40.42,53.43,-0.83,3.64,15.48,2.31,24.94,20.35,0.7777777777777778,CHKP|CYBR|FTNT|NET|OKTA|PANW|RPD|TENB|VRNS|ZS,CHKP|FTNT|NET|OKTA|PANW|RPD|TENB|VRNS|ZS
CRWS,9,9,1.57,-13.09,-9.44,0.0,-1.32,-9.12,2.89,-3.9700000000000006,10.840000000000002,0.7777777777777778,COLM|CRI|GIII|LEVI|NKE|PVH|TPR|UAA|VFC,COLM|CRI|GIII|LEVI|NKE|PVH|TPR|UAA|VFC
CRWV,0,0,6.01,-3.82,-14.26,-2.55,,,,,,,,
CSAI,0,0,3.99,-30.3,-57.49,1.44,,,,,,,,
CSAN,10,10,-1.08,2.61,-4.84,0.0,-3.285,3.1550000000000002,2.205,-0.5450000000000004,-4.365,0.7,ADM|ANDE|BG|GGB|KRO|MDU|PBR|SBS|TS|VALE,ADM|ANDE|BG|GGB|KRO|MDU|PBR|SBS|TS|VALE
CSBR,10,8,1.41,1.01,-18.24,0.0,-0.89,-2.185,2.3,3.1950000000000003,-34.705,0.875,BPMC|FATE|IKT|INCY|KURA|LITS|ONCT|PBYI|XENE|ZLAB,FATE|IKT|INCY|KURA|LITS|PBYI|XENE|ZLAB
CSCO,9,8,-4.44,-5.18,-11.45,-1.01,1.115,9.0,-5.555000000000001,-14.18,-29.435,0.0,ANET|EXTR|FFIV|FTNT|HPE|JNPR|MSI|NTCT|PANW,ANET|EXTR|FFIV|FTNT|HPE|MSI|NTCT|PANW
CSGP,10,8,-3.81,-14.11,-1.61,-0.28,-2.76,-10.86,-1.0500000000000003,-3.25,-0.7450000000000002,0.375,APPF|CBRE|EXPI|INVH|JLL|RDFN|RDWR|REAL|REZI|Z,APPF|CBRE|INVH|JLL|RDWR|REAL|REZI|Z
CSIQ,9,7,-5.02,-21.85,-29.46,-1.59,-7.43,-9.9,2.41,-11.950000000000001,9.659999999999997,0.7142857142857143,ARRY|ENPH|FSLR|FTCI|JKS|MAXN|RUN|SEDG|SOL,ARRY|ENPH|FSLR|FTCI|JKS|RUN|SEDG
CSL,10,10,2.02,-10.64,-14.42,0.0,2.1799999999999997,-3.755,-0.1599999999999997,-6.885000000000001,-14.405,0.4,DHR|DOV|EMR|GE|HON|ITW|JCI|MAS|MMM|ROP,DHR|DOV|EMR|GE|HON|ITW|JCI|MAS|MMM|ROP
CSPI,10,9,-3.39,-1.46,-18.91,0.0,-0.19,4.71,-3.2,-6.17,-17.94,0.1111111111111111,ARW|CSCO|EXTR|FFIV|HPE|JNPR|NTAP|NTCT|SMCI|TDC,ARW|CSCO|EXTR|FFIV|HPE|NTAP|NTCT|SMCI|TDC
CSR,10,8,-3.25,2.02,-3.1,-0.16,-2.19,-11.105,-1.06,13.125,8.85,0.125,AVB|CPT|ELS|EQR|ESS|INVH|IRT|MAA|NXRT|UDR,CPT|ELS|ESS|INVH|IRT|MAA|NXRT|UDR
CSTE,10,10,-0.71,-17.21,44.56,0.0,-0.009999999999999995,-9.73,-0.7,-7.48,58.67,0.3,AIN|AWI|FND|JBI|JELD|LZB|MAS|MHK|TILE|TOL,AIN|AWI|FND|JBI|JELD|LZB|MAS|MHK|TILE|TOL
CSTL,10,9,-1.69,4.21,57.69,0.0,0.81,12.41,-2.5,-8.2,28.959999999999997,0.3333333333333333,CDNA|DGX|EXAS|FLGT|GH|ILMN|MYGN|NTRA|QDEL|TXG,CDNA|DGX|FLGT|GH|ILMN|MYGN|NTRA|QDEL|TXG
CSTM,10,9,-4.85,-7.98,-26.12,-0.16,-2.45,-0.32,-2.3999999999999995,-7.66,-19.35,0.3333333333333333,AA|ATI|CENX|CMC|KALU|NUE|RS|STLD|TX|X,AA|ATI|CENX|CMC|KALU|NUE|RS|STLD|TX
CSV,10,8,-0.78,-8.24,-17.91,0.0,-3.27,-3.83,2.49,-4.41,-21.935000000000002,0.875,ADUS|AMED|BKD|DNB|DVA|ELV|HCA|MATW|MD|SCI,ADUS|BKD|DVA|ELV|HCA|MATW|MD|SCI
CSW,10,10,3.52,-9.05,6.23,0.0,1.375,-4.555,2.145,-4.495000000000001,11.72,0.9,AOS|APD|APOG|BMI|DOV|ESE|FSS|MSM|NDSN|TWI,AOS|APD|APOG|BMI|DOV|ESE|FSS|MSM|NDSN|TWI
CSWC,10,10,-3.07,-7.45,0.13,0.53,-1.31,-3.9699999999999998,-1.7599999999999998,-3.4800000000000004,-6.285,0.1,ARCC|GAIN|GSBD|HTGC|MAIN|NMFC|PFLT|PNNT|TCPC|TSLX,ARCC|GAIN|GSBD|HTGC|MAIN|NMFC|PFLT|PNNT|TCPC|TSLX
CSX,8,8,-1.67,-8.56,-0.72,-0.19,-0.8,-5.734999999999999,-0.8699999999999999,-2.825000000000001,-1.32,0.125,CNI|CP|LSTR|NSC|RA|TRN|UNP|WAB,CNI|CP|LSTR|NSC|RA|TRN|UNP|WAB
CTAS,9,9,-3.14,-6.35,13.4,-0.11,0.99,-3.88,-4.13,-2.4699999999999998,15.67,0.3333333333333333,AIT|FAST|GWW|MSM|RHI|TFX|UNF|WSO|XEL,AIT|FAST|GWW|MSM|RHI|TFX|UNF|WSO|XEL
CTBI,10,10,-2.17,-2.32,4.45,0.19,-2.575,-3.71,0.40500000000000025,1.3900000000000001,8.285,0.8,BUSE|CHCO|FBK|FFBC|FMBH|FRME|HBNC|LKFN|MBIN|ONB,BUSE|CHCO|FBK|FFBC|FMBH|FRME|HBNC|LKFN|MBIN|ONB
CTEV,10,9,-25.39,-31.55,-17.87,0.0,-2.74,-4.37,-22.65,-27.18,-13.59,0.0,ACHC|CI|CNC|EVH|HCA|HUM|MOH|SEM|UHS|UNH,ACHC|CI|CNC|EVH|HCA|HUM|MOH|UHS|UNH
CTGO,10,10,-5.74,-11.56,20.98,-1.8,-3.245,-12.754999999999999,-2.495,1.1949999999999985,-2.474999999999998,0.2,AEM|B|BTG|GFI|HMY|IAG|KGC|NEM|RGLD|SSRM,AEM|B|BTG|GFI|HMY|IAG|KGC|NEM|RGLD|SSRM
CTKB,10,10,8.06,22.93,25.95,-0.88,0.915,2.075,7.1450000000000005,20.855,0.8000000000000007,1.0,A|BIO|BRKR|DHR|ILMN|QGEN|RGEN|TECH|TMO|WDAY,A|BIO|BRKR|DHR|ILMN|QGEN|RGEN|TECH|TMO|WDAY
CTM,10,8,5.76,7.44,-10.18,2.75,-0.38,-0.5650000000000002,6.14,8.005,-17.195,0.875,BNAI|CFLT|CLRO|DSGX|G|III|INOD|RSSS|VRAR|WYY,BNAI|CLRO|DSGX|G|III|INOD|RSSS|WYY
CTMX,10,9,0.54,-15.5,-16.27,0.0,-0.41,-7.56,0.95,-7.94,-8.61,0.5555555555555556,AFMD|ALXO|FATE|IMTX|PRTA|PVLA|RCUS|RNA|SRRK|XBIT,ALXO|FATE|IMTX|PRTA|PVLA|RCUS|RNA|SRRK|XBIT
CTNM,10,10,-9.08,-24.77,-2.42,0.0,0.99,-1.4849999999999999,-10.07,-23.285,-16.735,0.0,AMGN|BIIB|BMY|GILD|JNJ|LLY|MRNA|PFE|REGN|VRTX,AMGN|BIIB|BMY|GILD|JNJ|LLY|MRNA|PFE|REGN|VRTX
CTNT,10,10,-28.0,-97.9,-97.92,-15.63,-1.655,-8.125,-26.345,-89.775,-85.225,0.0,CHRW|EXPD|FDX|JBHT|KNX|ODFL|SNDR|UPS|WERN|XPO,CHRW|EXPD|FDX|JBHT|KNX|ODFL|SNDR|UPS|WERN|XPO
CTO,10,9,-2.17,-7.95,-4.71,0.0,-0.77,-8.3,-1.4,0.35000000000000053,6.430000000000001,0.1111111111111111,AKR|BFS|FRT|KIM|NNN|O|REG|ROIC|SITC|WPC,AKR|BFS|FRT|KIM|NNN|O|REG|SITC|WPC
CTOR,0,0,5.89,34.67,47.34,0.0,,,,,,,,
CTOS,10,10,5.08,-2.66,-16.58,0.0,-0.89,-10.42,5.97,7.76,-12.069999999999999,1.0,AGCO|ALSN|CMI|DE|HRI|MTW|OSK|PCAR|TEX|URI,AGCO|ALSN|CMI|DE|HRI|MTW|OSK|PCAR|TEX|URI
CTRE,10,9,-2.61,-6.83,-6.6,0.01,-1.58,-4.89,-1.0299999999999998,-1.9400000000000004,-4.05,0.3333333333333333,DOC|HR|LTC|MPW|NHI|OHI|SBRA|UHT|VTR|WELL,DOC|HR|LTC|NHI|OHI|SBRA|UHT|VTR|WELL
CTRI,10,8,2.98,-5.24,-38.15,-2.33,-0.755,-9.45,3.735,4.209999999999999,-24.255,0.875,APOG|BECN|BXC|EXP|MLM|OC|RKLB|SUM|TGLS|TREX,APOG|BXC|EXP|MLM|OC|RKLB|TGLS|TREX
CTRM,10,10,-10.5,-13.06,1.91,0.0,-4.91,-1.105,-5.59,-11.955,-20.0,0.0,ASC|DHT|DSX|GNK|INSW|MATX|NMM|SB|SBLK|TNK,ASC|DHT|DSX|GNK|INSW|MATX|NMM|SB|SBLK|TNK
CTRN,9,8,-13.13,-32.0,-20.3,0.0,2.685,-2.6550000000000002,-15.815000000000001,-29.345,-19.885,0.0,BURL|DDS|DG|DLTR|JWN|KSS|OLLI|ROST|TJX,BURL|DDS|DG|DLTR|KSS|OLLI|ROST|TJX
CTS,10,8,4.13,5.54,-11.6,0.0,1.33,-2.165,2.8,7.705,-3.6799999999999997,0.875,ALTR|APH|BELFB|CGNX|CRUS|DCO|EMKR|FN|IDT|ITRI,APH|BELFB|CGNX|CRUS|DCO|FN|IDT|ITRI
CTSH,8,8,-4.46,-6.25,51.01,-0.03,-4.07,-4.595,-0.3899999999999997,-1.6550000000000002,30.695,0.375,ACN|DOX|DXC|EPAM|GLOB|IBM|INFY|WIT,ACN|DOX|DXC|EPAM|GLOB|IBM|INFY|WIT
CTSO,10,10,-5.38,-23.3,-40.76,11.0,-0.8250000000000001,-8.065,-4.555,-15.235000000000001,-45.745,0.0,ABT|BAX|BSX|DXCM|EW|GMED|MDT|PEN|RMD|TFX,ABT|BAX|BSX|DXCM|EW|GMED|MDT|PEN|RMD|TFX
CTVA,8,7,-0.77,-2.59,-0.88,0.6,-3.28,-3.64,2.51,1.0500000000000003,-14.430000000000001,0.8571428571428571,ADM|AGRO|CF|DD|FMC|MOS|NTR|SYT,ADM|AGRO|CF|DD|FMC|MOS|NTR
CTW,0,0,-5.75,-24.47,-10.1,0.0,,,,,,,,
CTXR,7,6,-3.28,-5.81,4.31,0.0,-0.64,-6.05,-2.6399999999999997,0.2400000000000002,4.56,0.16666666666666666,ADMA|ANIP|EBS|GERN|PTGX|SCYX|XOMA,ADMA|ANIP|EBS|GERN|PTGX|SCYX
CUB,10,10,0.18,0.18,0.93,0.0,-3.15,-6.96,3.33,7.14,2.845,0.9,BA|BWXT|GD|HII|LDOS|LHX|LMT|NOC|RTX|TXT,BA|BWXT|GD|HII|LDOS|LHX|LMT|NOC|RTX|TXT
CUBE,10,9,-3.91,-6.77,-6.04,0.0,-1.12,-6.51,-2.79,-0.2599999999999998,-2.35,0.2222222222222222,EPR|EXR|FR|JLL|NSA|PLD|PSA|REXR|TRNO|WY,EPR|EXR|FR|JLL|PLD|PSA|REXR|TRNO|WY
CUBI,10,9,-1.82,-2.87,-2.44,0.0,-3.44,-7.78,1.6199999999999999,4.91,6.220000000000001,0.7777777777777778,BPOP|CFG|FITB|HBAN|KEY|MTB|PNC|RF|SNV|ZION,BPOP|CFG|FITB|HBAN|KEY|MTB|PNC|RF|ZION
CUE,10,9,-13.0,23.02,28.9,3.82,-0.09,-2.61,-12.91,25.63,13.979999999999999,0.0,AMGN|BIIB|BMRN|BMY|FATE|GILD|INCY|REGN|SAGE|VRTX,AMGN|BIIB|BMRN|BMY|FATE|GILD|INCY|REGN|VRTX
CULP,10,8,0.28,3.77,15.48,0.0,1.4300000000000002,-3.985,-1.1500000000000001,7.755,26.060000000000002,0.375,BSET|CRD-A|HNI|HOFT|LEG|LZB|SGI|SNBR|VFC|WSM,BSET|CRD-A|HNI|HOFT|LZB|SGI|VFC|WSM
CUPR,0,0,8.67,-35.62,-66.73,0.0,,,,,,,,
CURB,0,0,-1.85,-5.44,-9.97,0.0,,,,,,,,
CURI,9,9,0.91,3.69,15.59,-2.07,-1.89,-5.3,2.8,8.99,6.6899999999999995,1.0,AAPL|AMZN|CMCSA|DIS|FOX|GOOGL|NFLX|SONY|T,AAPL|AMZN|CMCSA|DIS|FOX|GOOGL|NFLX|SONY|T
CURR,10,9,-3.74,-16.71,9.96,0.0,10.33,10.7,-14.07,-27.41,19.19,0.3333333333333333,BITF|BTBT|BTCS|COIN|FTFT|HUT|MARA|NCTY|RELY|RIOT,BTBT|BTCS|COIN|FTFT|HUT|MARA|NCTY|RELY|RIOT
CURV,9,8,10.7,10.19,13.33,0.0,1.845,-4.865,8.854999999999999,15.055,17.585,0.875,AEO|ANF|BBWI|JWN|LB|PLCE|ROST|TJX|URBN,AEO|ANF|BBWI|LB|PLCE|ROST|TJX|URBN
CURX,0,0,6.8,-3.35,-15.57,0.0,,,,,,,,
CUZ,10,10,-0.07,-5.86,-1.53,0.0,-1.935,-9.91,1.865,4.05,2.8449999999999998,0.7,ARE|BXP|DEI|FRT|HIW|HPP|KRC|PEB|SLG|VNO,ARE|BXP|DEI|FRT|HIW|HPP|KRC|PEB|SLG|VNO
CV,0,0,1.0,3.77,-14.67,0.0,,,,,,,,
CVBF,10,9,-3.12,-1.92,-0.18,0.0,-3.28,-3.89,0.1599999999999997,1.9700000000000002,3.8399999999999994,0.5555555555555556,BANC|BOH|CATY|CPF|EWBC|HAFC|HOPE|PPBI|WABC|WAL,BANC|BOH|CATY|CPF|EWBC|HAFC|HOPE|WABC|WAL
CVCO,10,9,0.87,-6.99,-11.41,0.0,-0.98,-9.48,1.85,2.49,2.4399999999999995,0.8888888888888888,DHI|KBH|LCII|LEN|MHO|PATK|PHM|SKY|TMHC|TOL,DHI|KBH|LCII|LEN|MHO|PATK|PHM|SKY|TOL
CVE,10,8,-4.28,2.41,27.63,1.35,-1.78,2.515,-2.5,-0.10499999999999998,8.044999999999998,0.25,COP|CVX|DVN|EOG|HES|MRO|OXY|PSX|VLO|XOM,COP|CVX|DVN|EOG|OXY|PSX|VLO|XOM
CVEO,10,10,-1.25,-1.43,0.64,0.0,-2.885,-1.095,1.6349999999999998,-0.33499999999999996,-5.800000000000001,0.8,CMRE|DAC|FLNG|GLNG|GOGL|KNOP|NAT|PBF|SBLK|TRNO,CMRE|DAC|FLNG|GLNG|GOGL|KNOP|NAT|PBF|SBLK|TRNO
CVGI,10,9,-0.98,-0.98,-34.27,0.0,-1.22,-7.96,0.24,6.98,-26.480000000000004,0.5555555555555556,ALV|CMI|LEA|MOD|OSK|PCAR|REVG|THRM|WAB|WNC,ALV|CMI|LEA|MOD|OSK|PCAR|THRM|WAB|WNC
CVI,9,9,-2.36,36.21,93.28,0.0,-6.87,9.73,4.51,26.48,38.68,0.8888888888888888,CLMT|CQP|DINO|DK|MPC|PBF|PSX|SUN|VLO,CLMT|CQP|DINO|DK|MPC|PBF|PSX|SUN|VLO
CVKD,10,10,-2.9,-28.92,-61.98,-17.61,0.16999999999999998,-3.625,-3.07,-25.295,-74.91,0.0,ABBV|AMGN|BMY|GILD|JNJ|LLY|MRK|PFE|REGN|VRTX,ABBV|AMGN|BMY|GILD|JNJ|LLY|MRK|PFE|REGN|VRTX
CVLG,10,10,-0.7,-1.36,-20.25,0.0,-0.7849999999999999,-7.585,0.08499999999999996,6.225,-4.8100000000000005,0.6,AAL|ALK|CSX|DAL|JBLU|KEX|LUV|NSC|UAL|UNP,AAL|ALK|CSX|DAL|JBLU|KEX|LUV|NSC|UAL|UNP
CVLT,10,10,0.61,14.14,11.77,0.18,-0.955,3.5949999999999998,1.565,10.545000000000002,-20.224999999999998,0.6,CRWD|DELL|GOOGL|IBM|MDB|MSFT|NTAP|ORCL|PANW|VEEV,CRWD|DELL|GOOGL|IBM|MDB|MSFT|NTAP|ORCL|PANW|VEEV
CVM,10,7,13.51,21.74,68.84,0.0,-0.99,-9.82,14.5,31.56,82.17,0.8571428571428571,ABEO|AFMD|AGEN|ARWR|BCRX|CLSD|DNA|IMUX|KPTI|PSTV,ABEO|AGEN|ARWR|BCRX|DNA|IMUX|KPTI
CVNA,10,10,-3.3,-15.97,-3.82,-0.44,-4.135,-15.615,0.835,-0.3550000000000004,3.4650000000000003,0.7,ABG|AN|CARS|CPRT|CRMT|GPI|KMX|LAD|PAG|SAH,ABG|AN|CARS|CPRT|CRMT|GPI|KMX|LAD|PAG|SAH
CVR,10,10,2.53,0.89,0.74,0.0,3.02,-3.5300000000000002,-0.4900000000000002,4.42,6.210000000000001,0.4,DOV|FAST|GWW|IR|ITW|MSM|PNR|ROK|SNA|SWK,DOV|FAST|GWW|IR|ITW|MSM|PNR|ROK|SNA|SWK
CVRX,10,9,-9.93,-13.65,-47.24,0.0,-1.62,-9.37,-8.309999999999999,-4.280000000000001,-46.32,0.0,ABT|ALGN|BSX|EW|HOLX|ISRG|MDT|SYK|TFX|ZBH,ABT|ALGN|BSX|EW|ISRG|MDT|SYK|TFX|ZBH
CVS,10,9,-4.4,-7.1,-17.54,0.51,-2.24,-4.37,-2.16,-2.7299999999999995,-12.299999999999999,0.2222222222222222,CAH|CI|CNC|HUM|MCK|MOH|TDOC|UNH|WBA|WMT,CAH|CI|CNC|HUM|MCK|MOH|TDOC|UNH|WMT
CVU,10,9,2.0,-5.03,7.14,0.0,0.48,-7.51,1.52,2.4799999999999995,15.719999999999999,0.7777777777777778,ATRO|BA|GD|HEI|HWM|LMT|NOC|SPR|TDG|TXT,ATRO|BA|GD|HEI|HWM|LMT|NOC|TDG|TXT
CVV,10,10,-3.7,-38.9,-35.14,0.0,8.5,-1.525,-12.2,-37.375,-4.75,0.0,AEIS|AMAT|ASML|ENTG|KLAC|LRCX|MKSI|ON|UCTT|VECO,AEIS|AMAT|ASML|ENTG|KLAC|LRCX|MKSI|ON|UCTT|VECO
CVX,10,10,-1.72,4.02,20.72,1.18,-1.425,3.6550000000000002,-0.29499999999999993,0.3649999999999993,0.36499999999999844,0.5,BP|COP|EOG|MPC|OXY|PSX|SHEL|TTE|VLO|XOM,BP|COP|EOG|MPC|OXY|PSX|SHEL|TTE|VLO|XOM
CW,10,10,-4.41,-11.04,-29.35,-0.5,-2.165,-6.265,-2.245,-4.7749999999999995,-30.6,0.1,BA|DCO|GD|HEI|HII|LDOS|LMT|NOC|TDY|TXT,BA|DCO|GD|HEI|HII|LDOS|LMT|NOC|TDY|TXT
CWBC,10,9,-2.04,-2.27,-5.4,0.0,-3.06,-3.86,1.02,1.5899999999999999,-2.1300000000000003,0.5555555555555556,BANC|BMRC|CVBF|FFWM|FGBI|GBCI|HAFC|TCBK|WABC|WAFD,BANC|BMRC|CVBF|FGBI|GBCI|HAFC|TCBK|WABC|WAFD
CWCO,10,10,-0.87,-6.3,-2.91,0.51,-3.32,-8.815000000000001,2.4499999999999997,2.5150000000000015,-4.835,0.9,ARTNA|AWK|AWR|BDN|CWT|HTO|MSEX|PNR|WTRG|YORW,ARTNA|AWK|AWR|BDN|CWT|HTO|MSEX|PNR|WTRG|YORW
CWD,10,10,50.13,26.26,20.33,-3.45,-1.805,-9.425,51.935,35.685,16.14,1.0,ARES|BX|CBRE|EDF|JLL|KKR|MAIN|MS|NDAQ|NTRS,ARES|BX|CBRE|EDF|JLL|KKR|MAIN|MS|NDAQ|NTRS
CWEN,10,10,-2.71,-7.29,-18.24,0.0,-4.05,-7.425000000000001,1.3399999999999999,0.13500000000000068,-5.529999999999998,0.9,AEP|D|DUK|ED|EXC|NEE|PEG|SO|SRE|XEL,AEP|D|DUK|ED|EXC|NEE|PEG|SO|SRE|XEL
CWH,10,7,-3.6,-16.51,-29.1,0.0,-2.39,-13.33,-1.21,-3.1800000000000015,-20.410000000000004,0.14285714285714285,APOG|BRY|DOO|LCII|MPX|OSK|PATK|REVG|THO|WGO,APOG|DOO|LCII|OSK|PATK|THO|WGO
CWK,10,10,-1.67,-15.78,-5.15,0.0,-2.075,-8.335,0.40500000000000025,-7.4449999999999985,-3.6700000000000004,0.7,BVN|CBRE|FR|HFFG|JLL|KIM|MMI|REG|SLG|STWD,BVN|CBRE|FR|HFFG|JLL|KIM|MMI|REG|SLG|STWD
CWST,10,8,-5.84,-10.53,-7.06,0.0,-1.5150000000000001,-3.315,-4.324999999999999,-7.215,-9.399999999999999,0.125,BNR|CLH|GFL|MTRX|NVEE|PESI|RSG|SRCL|WCN|WM,BNR|CLH|GFL|MTRX|PESI|RSG|WCN|WM
CWT,10,10,-4.12,-9.4,-2.6,0.0,-3.73,-5.855,-0.3900000000000001,-3.545,-4.525,0.4,ARTNA|AWK|AWR|CNP|DTE|HTO|MSEX|PNW|WTRG|YORW,ARTNA|AWK|AWR|CNP|DTE|HTO|MSEX|PNW|WTRG|YORW
CX,10,9,-2.87,-10.03,-20.05,1.41,-1.33,-11.94,-1.54,1.9100000000000001,1.8599999999999994,0.2222222222222222,CRH|DY|EXP|HEI|MLM|OC|PRIM|SUM|TTEK|VMC,CRH|DY|EXP|HEI|MLM|OC|PRIM|TTEK|VMC
CXAI,10,10,-1.19,-35.73,-71.56,0.0,-2.1950000000000003,0.49,1.0050000000000003,-36.22,-113.89500000000001,0.6,ADBE|CRM|HUBS|MDB|MSFT|NOW|ORCL|SAP|TEAM|WDAY,ADBE|CRM|HUBS|MDB|MSFT|NOW|ORCL|SAP|TEAM|WDAY
CXDO,10,10,2.8,-6.97,-15.17,1.21,6.045,14.99,-3.245,-21.96,-47.685,0.4,BAND|BOX|EGHT|EGP|FIVN|MSTR|RNG|SSNC|TWLO|ZM,BAND|BOX|EGHT|EGP|FIVN|MSTR|RNG|SSNC|TWLO|ZM
CXM,10,10,-2.86,-26.92,8.38,0.0,-2.635,-1.005,-0.2250000000000001,-25.915000000000003,-32.519999999999996,0.3,ADBE|CRM|CSCO|HUBS|MSFT|NOW|ORCL|SAP|TEAM|WDAY,ADBE|CRM|CSCO|HUBS|MSFT|NOW|ORCL|SAP|TEAM|WDAY
CXT,10,10,6.87,-3.49,0.77,-0.04,4.785,-1.165,2.085,-2.325,5.209999999999999,1.0,AME|DOV|EMR|ETN|IR|ITW|PH|PWR|ROK|XYL,AME|DOV|EMR|ETN|IR|ITW|PH|PWR|ROK|XYL
CXW,10,8,-10.66,-4.19,8.07,-1.64,-0.78,-2.745,-9.88,-1.4450000000000003,-0.48499999999999943,0.0,ACHC|CYH|DLHC|GEO|HCA|HCSG|SEM|SSY|THC|UHS,ACHC|CYH|DLHC|GEO|HCA|HCSG|THC|UHS
CYCU,0,0,-10.82,-41.37,-35.15,1.33,,,,,,,,
CYD,10,10,2.13,-10.71,-24.75,0.0,-1.1,-8.185,3.23,-2.5250000000000004,-13.915,1.0,CNI|CSX|HUBG|JBHT|KNX|LSTR|NSC|R|UNP|WERN,CNI|CSX|HUBG|JBHT|KNX|LSTR|NSC|R|UNP|WERN
CYH,10,9,1.01,0.0,-4.75,0.0,-1.37,-1.54,2.38,1.54,-17.43,0.7777777777777778,ACHC|CNC|EHC|ENSG|HCA|HUM|SCNX|SEM|THC|UHS,ACHC|CNC|EHC|ENSG|HCA|HUM|SCNX|THC|UHS
CYN,10,10,5.63,-27.38,-33.64,0.0,4.734999999999999,4.699999999999999,0.8950000000000005,-32.08,-25.65,0.7,AMBA|AMD|INTC|MCHP|MRVL|NVDA|ON|QCOM|SWKS|TXN,AMBA|AMD|INTC|MCHP|MRVL|NVDA|ON|QCOM|SWKS|TXN
CYPH,10,6,12.38,110.37,476.44,-4.43,-2.615,-16.38,14.995000000000001,126.75,462.955,1.0,ADAP|AFMD|BGMS|BLRX|KZR|MTEM|NKTR|PRQR|RIGL|XNCR,BGMS|BLRX|NKTR|PRQR|RIGL|XNCR
CYRX,10,9,5.94,7.04,12.69,0.0,-0.04,2.54,5.98,4.5,-7.880000000000001,1.0,ADPT|AVTR|BDX|BIO|BRKR|CTLT|DHR|ICUI|STE|TMO,ADPT|AVTR|BDX|BIO|BRKR|DHR|ICUI|STE|TMO
CYTK,10,9,-6.92,-15.98,-19.46,-1.11,-0.09,-6.48,-6.83,-9.5,-32.95,0.2222222222222222,AMGN|ARRY|BIIB|EXAS|GILD|INCY|KYNB|NBIX|REGN|VRTX,AMGN|ARRY|BIIB|GILD|INCY|KYNB|NBIX|REGN|VRTX
CZFS,10,10,-3.75,-3.27,10.25,0.0,-3.37,-5.26,-0.3799999999999999,1.9899999999999998,17.6,0.3,FNB|FULT|HBAN|NBHC|OZK|RF|TMP|UBSI|WAL|WSBC,FNB|FULT|HBAN|NBHC|OZK|RF|TMP|UBSI|WAL|WSBC
CZNC,10,9,-2.85,-3.04,12.04,0.0,-3.08,-4.01,0.22999999999999998,0.9699999999999998,9.26,0.6666666666666666,AUB|CZFS|FCCO|FFNW|FNB|MBWM|MPB|SFBC|THFF|WSBF,AUB|CZFS|FCCO|FNB|MBWM|MPB|SFBC|THFF|WSBF
CZR,10,10,-0.2,-0.17,0.03,0.0,-2.795,-12.49,2.5949999999999998,12.32,15.479999999999999,0.8,BALY|BYD|CNTY|LVS|MCRI|MGM|MLCO|PENN|RICK|WYNN,BALY|BYD|CNTY|LVS|MCRI|MGM|MLCO|PENN|RICK|WYNN
CZWI,10,9,-1.16,1.68,-4.24,0.0,-1.56,-2.43,0.40000000000000013,4.11,-3.7,0.7777777777777778,BAC|BCML|BYFC|EWBC|FBMS|HAFC|HFBL|NWBI|OPBK|PFIS,BAC|BCML|BYFC|EWBC|HAFC|HFBL|NWBI|OPBK|PFIS
D,10,10,-4.74,-8.5,-11.9,0.11,-4.05,-7.425000000000001,-0.6900000000000004,-1.0749999999999993,1.205,0.2,AEP|DUK|ED|EXC|NEE|PCG|PEG|SO|SRE|XEL,AEP|DUK|ED|EXC|NEE|PCG|PEG|SO|SRE|XEL
DAAQ,0,0,-0.1,0.29,0.67,0.0,,,,,,,,
DAC,10,10,-2.98,2.6,23.25,0.0,-4.32,-0.24,1.3400000000000003,2.84,12.36,0.6,CMRE|DHT|ESEA|FLNG|GSL|KNOP|MATX|NMM|SFL|STNG,CMRE|DHT|ESEA|FLNG|GSL|KNOP|MATX|NMM|SFL|STNG
DAIC,0,0,-38.11,-15.46,81.22,-1.5,,,,,,,,
DAIO,10,10,2.14,-0.69,-23.32,0.0,4.65,1.48,-2.5100000000000002,-2.17,-14.65,0.4,ADI|AMD|AVGO|MCHP|MPWR|NXPI|ON|QRVO|SLAB|TXN,ADI|AMD|AVGO|MCHP|MPWR|NXPI|ON|QRVO|SLAB|TXN
DAKT,10,8,1.38,-7.48,-9.15,0.17,3.255,1.5999999999999999,-1.875,-9.08,-3.045,0.25,AYI|HUBB|IVAC|JNPR|LEDS|MSI|OESX|OLED|SYNA|TTMI,AYI|HUBB|LEDS|MSI|OESX|OLED|SYNA|TTMI
DAL,10,8,1.88,-3.22,-12.14,-1.01,1.505,-5.91,0.375,2.69,10.899999999999999,0.625,AAL|ALGT|ALK|ATSG|JBLU|LUV|MESA|SKYW|UAL|ULCC,AAL|ALGT|ALK|JBLU|LUV|SKYW|UAL|ULCC
DAN,10,9,-3.15,-2.06,3.83,-0.54,-2.76,-4.15,-0.3900000000000001,2.0900000000000003,9.379999999999999,0.3333333333333333,ALV|APTV|AXL|BWA|F|GM|LEA|MGA|RACE|TEN,ALV|APTV|BWA|F|GM|LEA|MGA|RACE|TEN
DAO,10,10,-0.2,-12.56,36.25,0.0,-0.39,-0.685,0.19,-11.875,12.02,0.5555555555555556,AFYA|ATAI|CHGG|COUR|DUOL|EDU|GOTU|LRN|TAL|U,AFYA|ATAI|CHGG|COUR|DUOL|EDU|GOTU|LRN|TAL|U
DAR,10,10,-7.72,-1.95,15.6,0.0,-4.47,-1.42,-3.25,-0.53,14.54,0.2,ADM|ANDE|BG|CARG|CF|FMC|INGR|MOS|NTR|TTC,ADM|ANDE|BG|CARG|CF|FMC|INGR|MOS|NTR|TTC
DARE,10,8,11.29,0.74,-61.18,0.0,-1.3,-0.765,12.59,1.505,-43.07,0.75,ADMA|AIM|BPMC|EPIX|IGC|MDGL|SEDG|TVRD|VKTX|VTGN,ADMA|AIM|IGC|MDGL|SEDG|TVRD|VKTX|VTGN
DASH,10,10,-4.09,-20.08,5.48,-1.41,-1.975,-12.385000000000002,-2.1149999999999998,-7.694999999999997,9.66,0.2,AMZN|DPZ|LYFT|MCD|PZZA|TGT|UBER|WING|WMT|YUM,AMZN|DPZ|LYFT|MCD|PZZA|TGT|UBER|WING|WMT|YUM
DAVA,10,10,-34.01,-40.31,-25.67,-3.0,-4.265000000000001,-4.3,-29.744999999999997,-36.010000000000005,-53.885000000000005,0.0,ACN|CTSH|DXC|EPAM|GLOB|IBM|INFY|IT|SAIC|WIT,ACN|CTSH|DXC|EPAM|GLOB|IBM|INFY|IT|SAIC|WIT
DAVE,10,9,-8.58,-6.74,0.98,-0.09,-2.9,-13.39,-5.68,6.65,12.75,0.1111111111111111,AFRM|ALLY|AXP|COIN|LC|OPFI|PYPL|SOFI|UPST|XYZ,AFRM|ALLY|AXP|COIN|OPFI|PYPL|SOFI|UPST|XYZ
DB,10,9,-9.73,-9.71,2.53,-1.73,-2.81,-6.74,-6.92,-2.9700000000000006,6.8100000000000005,0.0,BAC|BK|C|GS|JPM|MS|PNC|STT|USB|WFC,BAC|C|GS|JPM|MS|PNC|STT|USB|WFC
DBD,10,10,-2.88,-8.37,-24.38,0.0,-4.43,-8.91,1.5499999999999998,0.5400000000000009,-28.919999999999998,0.7,ADP|FIS|GPN|IBM|INTU|JPM|ORCL|PAYC|PAYX|WU,ADP|FIS|GPN|IBM|INTU|JPM|ORCL|PAYC|PAYX|WU
DBGI,0,0,24.66,-29.99,-80.17,-3.5,,,,,,,,
DBI,10,7,2.63,13.04,5.94,0.32,0.95,-8.43,1.68,21.47,10.64,0.7142857142857143,BOOT|CAL|CROX|FL|NKE|SCVL|SHOO|SKX|UA|WWW,BOOT|CAL|CROX|NKE|SHOO|UA|WWW
DBRG,10,9,0.94,0.56,2.16,0.44,-2.72,-5.79,3.66,6.35,7.29,0.8888888888888888,AMT|CCI|CNSL|COR|DLNG|DLR|EQIX|GDS|SBAC|UNIT,AMT|CCI|COR|DLNG|DLR|EQIX|GDS|SBAC|UNIT
DBVT,10,7,3.22,-13.93,-21.99,0.0,-6.52,-11.44,9.74,-2.49,-5.899999999999999,0.8571428571428571,ADMA|ALNY|ANAB|ARRY|ASND|AXSM|EHAB|RARE|VRNA|XOMA,ADMA|ALNY|ANAB|ARRY|ASND|AXSM|RARE
DBX,10,10,-12.76,-5.66,30.82,-4.12,-2.315,-3.01,-10.445,-2.6500000000000004,14.11,0.0,AAPL|ADBE|AMZN|BOX|CRWD|CSCO|GOOG|GOOGL|MSFT|ZM,AAPL|ADBE|AMZN|BOX|CRWD|CSCO|GOOG|GOOGL|MSFT|ZM
DC,10,9,9.7,4.38,63.48,0.45,-3.41,-12.39,13.11,16.77,39.58,1.0,AEM|AGI|B|BTG|EGO|HL|KGC|NEM|SAND|SSRM,AEM|AGI|B|BTG|EGO|HL|KGC|NEM|SSRM
DCBO,10,8,-6.23,-7.83,31.8,0.0,-1.885,-3.3600000000000003,-4.345000000000001,-4.47,2.535,0.0,ADSK|CRM|DOMO|NOW|SABA|SAP|TXRH|TYL|WDAY|ZUO,ADSK|CRM|NOW|SABA|SAP|TXRH|TYL|WDAY
DCGO,10,8,-4.83,-5.08,-28.21,0.0,-2.605,-3.31,-2.225,-1.77,-39.33,0.125,ADUS|AMED|AMN|BKD|CHE|EHC|HCSG|NHC|PNTG|SEM,ADUS|AMN|BKD|CHE|EHC|HCSG|NHC|PNTG
DCI,10,10,0.47,-6.16,0.78,0.0,1.9649999999999999,-4.005,-1.4949999999999999,-2.1550000000000002,6.25,0.3,AME|AOS|DOV|HRL|IR|ITT|NDSN|PNR|WTS|XYL,AME|AOS|DOV|HRL|IR|ITT|NDSN|PNR|WTS|XYL
DCO,10,9,0.58,-6.22,4.36,0.0,-1.0,-6.31,1.58,0.08999999999999986,12.940000000000001,0.6666666666666666,BA|GD|HON|HXL|LMT|NOC|RTX|SPR|TDG|TXT,BA|GD|HON|HXL|LMT|NOC|RTX|TDG|TXT
DCOM,10,8,-1.46,-1.14,0.45,0.0,-4.04,-6.305,2.58,5.165,9.11,1.0,BRKL|CFG|CUBI|FLG|FNB|JPM|PNC|SNV|WBS|WFC,BRKL|CFG|CUBI|FLG|FNB|JPM|PNC|WFC
DCOY,9,6,28.62,22.15,-38.49,-5.45,-6.09,-15.864999999999998,34.71,38.015,-18.440000000000005,1.0,ADAP|AFMD|ANAB|AVIR|BLRX|CLRB|EQ|IMUX|SYBX,ANAB|AVIR|BLRX|CLRB|EQ|IMUX
DCTH,9,3,-1.6,-4.72,30.39,0.0,-1.16,-10.05,-0.44000000000000017,5.330000000000001,30.650000000000002,0.3333333333333333,AVGR|BLRX|CRMD|CYCN|HOOK|MNOV|PSTV|SCPH|TTOO,BLRX|CRMD|MNOV
DCX,10,10,-70.73,-86.82,-87.37,76.57,-3.2350000000000003,-5.76,-67.495,-81.05999999999999,-87.525,0.0,F|GM|HMC|LCID|LI|NIO|RIVN|TM|TSLA|XPEV,F|GM|HMC|LCID|LI|NIO|RIVN|TM|TSLA|XPEV
DD,10,10,2.59,-4.24,-5.04,0.0,0.47,-4.9399999999999995,2.12,0.6999999999999993,-5.84,0.8,APD|ASH|AVY|CE|DOW|EMN|HUN|IFF|LYB|PPG,APD|ASH|AVY|CE|DOW|EMN|HUN|IFF|LYB|PPG
DDC,10,10,-10.82,-70.33,-77.99,-3.32,-2.705,-1.45,-8.115,-68.88,-81.365,0.0,AAPL|ADBE|AMZN|CRM|CSCO|GOOGL|IBM|INTC|MSFT|ORCL,AAPL|ADBE|AMZN|CRM|CSCO|GOOGL|IBM|INTC|MSFT|ORCL
DDD,10,8,-0.56,9.32,19.32,0.28,-0.545,1.23,-0.015000000000000013,8.09,15.775,0.5,CAMT|DM|FARO|HPQ|KNDI|MTLS|NNDM|PRLB|SSYS|VIVS,CAMT|HPQ|KNDI|MTLS|NNDM|PRLB|SSYS|VIVS
DDI,10,7,2.12,1.64,18.18,0.0,-2.44,-11.3,4.5600000000000005,12.940000000000001,23.08,1.0,CHDN|CRSR|DKNG|EA|GAN|MSGE|RBLX|SGHC|SKLZ|TTWO,CHDN|CRSR|DKNG|MSGE|RBLX|SGHC|TTWO
DDL,10,10,4.59,-3.39,11.22,0.0,2.125,-6.3,2.465,2.9099999999999997,6.165000000000001,0.6,BABA|BZUN|HUYA|IQ|JD|PDD|QFIN|TIGR|TME|YI,BABA|BZUN|HUYA|IQ|JD|PDD|QFIN|TIGR|TME|YI
DDOG,10,10,5.29,11.44,12.47,-1.19,3.7800000000000002,14.235,1.5099999999999998,-2.795,-42.525000000000006,0.5,CRWD|ESTC|FROG|MDB|NOW|OKTA|SNOW|TEAM|TWLO|ZS,CRWD|ESTC|FROG|MDB|NOW|OKTA|SNOW|TEAM|TWLO|ZS
DDS,9,8,0.91,0.43,10.11,-0.88,2.365,-2.6550000000000002,-1.455,3.0850000000000004,13.145,0.375,ANF|BURL|JWN|KSS|LB|M|ROST|TJX|URBN,ANF|BURL|KSS|LB|M|ROST|TJX|URBN
DE,9,9,2.91,11.88,11.86,-0.55,-0.74,-8.97,3.6500000000000004,20.85,22.53,1.0,AGCO|ALSN|ASTE|CAT|CMI|LKQ|PCAR|TEX|TSCO,AGCO|ALSN|ASTE|CAT|CMI|LKQ|PCAR|TEX|TSCO
DEA,10,10,-2.44,-9.2,-6.1,0.4,-1.935,-9.72,-0.5049999999999999,0.5200000000000014,2.085000000000001,0.3,BXP|DLR|FRT|KIM|O|PLD|PSA|SLG|SPG|VNO,BXP|DLR|FRT|KIM|O|PLD|PSA|SLG|SPG|VNO
DEC,10,8,0.65,-4.7,11.66,0.65,-1.78,0.5349999999999999,2.43,-5.235,-4.605,1.0,APA|COP|CVX|DVN|EOG|FANG|HES|MRO|OXY|XOM,APA|COP|CVX|DVN|EOG|FANG|OXY|XOM
DECK,8,5,-2.02,-11.99,-23.87,-0.62,-0.54,-5.49,-1.48,-6.5,-11.600000000000001,0.2,COLM|CROX|FL|GES|NKE|SKX|UAA|VFC,COLM|CROX|NKE|UAA|VFC
DEFT,0,0,10.6,-11.59,4.89,0.0,,,,,,,,
DEI,10,9,-4.54,-17.24,-13.93,0.0,-1.97,-12.12,-2.5700000000000003,-5.119999999999999,-7.62,0.1111111111111111,ARE|BXP|CUZ|DLR|EQC|ESRT|HPP|KRC|SLG|VNO,ARE|BXP|CUZ|DLR|ESRT|HPP|KRC|SLG|VNO
DELL,10,9,-8.91,18.72,30.91,-2.52,-0.54,4.4,-8.370000000000001,14.319999999999999,8.780000000000001,0.0,AAPL|ANET|CSCO|HPE|HPQ|IBM|NTAP|PSTG|SMCI|WDC,AAPL|ANET|CSCO|HPE|HPQ|IBM|NTAP|SMCI|WDC
DEO,10,10,0.17,-8.32,5.16,0.88,-1.5899999999999999,-8.355,1.7599999999999998,0.03500000000000014,12.145,0.9,ABEV|BF-B|BUD|CCU|FMX|KOF|SAM|STZ|TAP|WVVI,ABEV|BF-B|BUD|CCU|FMX|KOF|SAM|STZ|TAP|WVVI
DERM,10,7,-11.28,-13.28,4.98,0.46,-6.52,5.55,-4.76,-18.83,18.16,0.14285714285714285,ANAB|ATNM|AVDL|CAPR|CDTX|EBS|IRWD|MNOV|PTCT|RVNC,ANAB|ATNM|CAPR|EBS|IRWD|MNOV|PTCT
DFDV,10,6,12.8,23.14,128.34,-2.25,2.7350000000000003,-4.2,10.065000000000001,27.34,152.57,1.0,ASTE|ATRO|BW|BWEN|ENG|IESC|MYRG|NVEE|VVPR|ZYXI,ASTE|ATRO|BW|BWEN|IESC|MYRG
DFH,10,9,-3.16,-21.21,-30.48,0.0,-0.16,-8.58,-3.0,-12.63,-13.740000000000002,0.0,BZH|DHI|HOV|KBH|LEN|MTH|NVR|PHM|TMHC|TOL,BZH|DHI|HOV|KBH|LEN|MTH|NVR|PHM|TOL
DFIN,10,10,-0.61,2.57,18.97,0.0,-3.5700000000000003,-3.91,2.9600000000000004,6.48,-2.664999999999999,0.9,ACN|BAH|CTSH|DXC|GIB|IBM|IT|LDOS|NOC|SAIC,ACN|BAH|CTSH|DXC|GIB|IBM|IT|LDOS|NOC|SAIC
DFLI,9,7,2.97,-20.99,-50.08,2.38,-5.26,-9.9,8.23,-11.089999999999998,-19.81,1.0,BE|BLDP|CMBM|ENPH|FCEL|MAXN|PLUG|RUN|SEDG,BE|BLDP|ENPH|FCEL|PLUG|RUN|SEDG
DFSC,10,10,-4.88,-26.88,-61.13,0.0,-2.5700000000000003,-8.08,-2.3099999999999996,-18.799999999999997,-60.42,0.1,BA|GD|HEI|HII|KTOS|LDOS|LMT|NOC|RTX|TXT,BA|GD|HEI|HII|KTOS|LDOS|LMT|NOC|RTX|TXT
DFTX,9,8,-3.67,-16.85,-16.81,-1.04,-6.45,-7.545,2.7800000000000002,-9.305000000000001,-18.174999999999997,0.7142857142857143,ATAI|CMPS|FBRX|GHRS|HELP|PLRX|RLAY|RLMD|VTGN,ATAI|CMPS|GHRS|HELP|PLRX|RLAY|RLMD|VTGN
DG,8,8,-2.79,-0.91,3.32,0.71,-0.835,-4.63,-1.955,3.7199999999999998,7.234999999999999,0.125,BJ|CASY|COST|DLTR|OLLI|TGT|WMK|WMT,BJ|CASY|COST|DLTR|OLLI|TGT|WMK|WMT
DGICA,10,10,-4.58,-4.48,-0.77,0.0,-4.845000000000001,-6.04,0.26500000000000057,1.5599999999999996,1.62,0.6,AFG|ALL|CINF|HIG|KMPR|PGR|SIGI|THG|TRV|WRB,AFG|ALL|CINF|HIG|KMPR|PGR|SIGI|THG|TRV|WRB
DGII,10,9,7.37,1.87,11.16,0.0,-0.1,4.4,7.47,-2.5300000000000002,-4.899999999999999,1.0,ANET|CSCO|EXTR|FFIV|HPE|IDCC|JNPR|MSI|NTGR|NVT,ANET|CSCO|EXTR|FFIV|HPE|IDCC|MSI|NTGR|NVT
DGNX,0,0,4.82,10.29,73.87,0.54,,,,,,,,
DGX,6,4,-5.84,-4.71,12.98,0.0,-0.10499999999999998,12.075,-5.734999999999999,-16.785,-10.915,0.25,EXAS|LH|NEO|NTRA|OPK|PMD,LH|NEO|NTRA|OPK
DGXX,0,0,8.85,3.21,-27.81,-0.95,,,,,,,,
DH,10,9,4.66,40.1,32.89,0.0,0.74,-0.69,3.92,40.79,43.68,0.8888888888888888,AMWL|EHTH|HCSG|HIMS|MASI|MTD|OMCL|PINC|TDOC|VEEV,AMWL|EHTH|HCSG|HIMS|MTD|OMCL|PINC|TDOC|VEEV
DHC,10,8,2.39,1.63,-13.14,0.0,-1.495,-4.35,3.8850000000000002,5.9799999999999995,-11.415000000000001,1.0,DOC|GMRE|HR|LTC|MPW|NHI|OHI|SBRA|VTR|WELL,DOC|HR|LTC|NHI|OHI|SBRA|VTR|WELL
DHI,9,9,-0.98,-7.82,-16.74,-0.83,-0.16,-9.48,-0.82,1.6600000000000001,0.26000000000000156,0.1111111111111111,BZH|HOV|KBH|LEN|LGIH|MTH|NVR|PHM|TOL,BZH|HOV|KBH|LEN|LGIH|MTH|NVR|PHM|TOL
DHR,9,9,4.21,2.54,14.62,-0.05,2.27,-2.09,1.94,4.63,13.94,0.6666666666666666,ABT|BSX|GE|HON|KEYS|MMM|MTD|ROK|TMO,ABT|BSX|GE|HON|KEYS|MMM|MTD|ROK|TMO
DHT,10,10,-4.86,13.25,20.08,2.02,-6.055,3.935,1.1949999999999994,9.315,2.9450000000000003,0.6,ASC|CCEC|FRO|GNK|INSW|NAT|SBLK|SFL|STNG|TNK,ASC|CCEC|FRO|GNK|INSW|NAT|SBLK|SFL|STNG|TNK
DHX,10,9,-7.07,9.0,25.68,0.0,-1.22,-6.97,-5.8500000000000005,15.969999999999999,-2.5,0.0,ADP|HSII|KFRC|MAN|NSP|PAYC|RHI|TBI|TCBI|WEX,ADP|KFRC|MAN|NSP|PAYC|RHI|TBI|TCBI|WEX
DIBS,10,10,-6.94,-14.1,-9.87,0.0,-1.11,-8.395,-5.83,-5.705,-7.994999999999999,0.1,AMZN|BABA|EBAY|ETSY|RH|RVLV|SFIX|SHOP|W|WMT,AMZN|BABA|EBAY|ETSY|RH|RVLV|SFIX|SHOP|W|WMT
DIN,9,8,2.69,-19.08,-15.7,-0.03,4.225,-13.975000000000001,-1.5349999999999997,-5.104999999999997,-20.915,0.375,BJRI|BLMN|CAKE|CMG|DENN|DRI|EAT|RRGB|TXRH,BJRI|BLMN|CAKE|CMG|DRI|EAT|RRGB|TXRH
DINO,10,10,-6.87,11.52,61.41,0.0,-5.8149999999999995,6.785,-1.0550000000000006,4.734999999999999,26.164999999999992,0.3,BP|CVX|DK|LYB|MPC|OKE|PBF|PSX|VLO|XOM,BP|CVX|DK|LYB|MPC|OKE|PBF|PSX|VLO|XOM
DIOD,10,10,4.87,2.43,-17.19,-0.31,4.62,2.18,0.25,0.25,-5.915000000000001,0.7,ADI|AVGO|MCHP|MPWR|NXPI|ON|QCOM|STM|SWKS|TXN,ADI|AVGO|MCHP|MPWR|NXPI|ON|QCOM|STM|SWKS|TXN
DIS,10,10,-1.89,-7.09,5.42,-0.1,-1.205,-8.870000000000001,-0.6849999999999998,1.7800000000000011,-2.125,0.4,AMC|CMCSA|FUN|IMAX|LYV|NFLX|PARA|SONY|SPOT|WBD,AMC|CMCSA|FUN|IMAX|LYV|NFLX|PARA|SONY|SPOT|WBD
DIT,9,8,4.29,0.76,-7.33,0.0,-2.25,-8.695,6.54,9.455,-6.155,1.0,BDL|CHEF|FRSH|NSIT|PFGC|SPTN|SYY|UNFI|USFD,BDL|CHEF|FRSH|NSIT|PFGC|SYY|UNFI|USFD
DJCO,6,5,-2.31,8.59,21.68,0.0,-3.82,-9.21,1.5099999999999998,17.8,30.84,0.6,LEE|NXST|NYT|SSP|TDAY|TGNA,LEE|NXST|NYT|SSP|TDAY
DJT,10,10,3.71,-4.24,27.5,-0.64,-1.72,-6.03,5.43,1.79,14.83,0.9,GOOGL|META|MTCH|NFLX|PINS|RBLX|ROKU|SNAP|SPOT|ZM,GOOGL|META|MTCH|NFLX|PINS|RBLX|ROKU|SNAP|SPOT|ZM
DK,10,10,-9.63,9.04,56.24,1.99,-5.515000000000001,8.99,-4.115,0.049999999999998934,5.684999999999995,0.0,BP|CLMT|CVI|DKNG|MPC|PBF|PSX|SHEL|VLO|XOM,BP|CLMT|CVI|DKNG|MPC|PBF|PSX|SHEL|VLO|XOM
DKI,0,0,0.75,-29.87,-43.04,4.65,,,,,,,,
DKL,10,9,-2.29,2.02,12.16,0.0,-1.65,-1.83,-0.6400000000000001,3.85,10.51,0.3333333333333333,ENB|ENLC|EPD|ET|KMI|MPLX|OKE|PAA|TRP|WMB,ENB|EPD|ET|KMI|MPLX|OKE|PAA|TRP|WMB
DKNG,10,8,-5.83,-17.95,-8.4,-0.47,-4.385,-15.39,-1.4450000000000003,-2.5599999999999987,9.135,0.375,BALY|BYD|CZR|GAN|GDEN|LVS|MGM|PENN|RSI|WYNN,BALY|BYD|CZR|LVS|MGM|PENN|RSI|WYNN
DKS,10,8,6.34,6.01,-44.46,-0.44,-0.93,-7.305,7.27,13.315,-32.335,0.875,ASO|COLM|DECK|FL|LULU|NKE|SPWH|UAA|VSTO|YETI,ASO|COLM|DECK|LULU|NKE|SPWH|UAA|YETI
DLB,10,10,-1.21,-12.14,10.24,0.0,-0.595,-3.445,-0.615,-8.695,6.7700000000000005,0.4,AAPL|DIS|GOOGL|LOGI|LPL|NFLX|ROKU|SONO|T|VZ,AAPL|DIS|GOOGL|LOGI|LPL|NFLX|ROKU|SONO|T|VZ
DLHC,10,9,-3.51,-13.87,-30.0,0.0,-3.6,-5.81,0.0900000000000003,-8.059999999999999,-49.53,0.7777777777777778,AVA|BAH|CACI|ENG|FIS|ICFI|LDOS|MMS|PRDO|SAIC,AVA|BAH|CACI|FIS|ICFI|LDOS|MMS|PRDO|SAIC
DLNG,9,9,-5.04,-5.79,4.07,0.0,-3.57,-1.86,-1.4700000000000002,-3.9299999999999997,-5.369999999999999,0.3333333333333333,DAC|FLNG|GASS|GLNG|GNK|INSW|KEX|NMM|SFL,DAC|FLNG|GASS|GLNG|GNK|INSW|KEX|NMM|SFL
DLO,10,9,-2.3,-9.66,13.7,-0.21,-2.06,-9.96,-0.23999999999999977,0.3000000000000007,-0.8000000000000007,0.4444444444444444,FIS|GPN|IIIV|MA|NVEI|PYPL|RSKD|V|WEX|XYZ,FIS|GPN|IIIV|MA|PYPL|RSKD|V|WEX|XYZ
DLPN,10,9,-1.87,-10.26,-7.89,-4.55,-1.13,-8.87,-0.7400000000000002,-1.3900000000000006,-13.309999999999999,0.3333333333333333,AMCX|CMCSA|DIS|FOXA|LGF-A|NFLX|PARA|ROKU|SONO|TMUS,AMCX|CMCSA|DIS|FOXA|NFLX|PARA|ROKU|SONO|TMUS
DLR,8,8,-2.15,-6.25,-6.31,-0.63,-3.35,-5.765000000000001,1.2000000000000002,-0.48499999999999943,0.28000000000000025,0.625,AMT|CCI|COR|DLNG|EQIX|IRM|SBAC|UNIT,AMT|CCI|COR|DLNG|EQIX|IRM|SBAC|UNIT
DLTH,10,9,-1.81,8.4,-3.56,0.0,-0.54,-5.76,-1.27,14.16,15.15,0.3333333333333333,COLM|CROX|DECK|GIII|LEVI|PVH|RL|SKX|TPR|VFC,COLM|CROX|DECK|GIII|LEVI|PVH|RL|TPR|VFC
DLTR,8,8,-0.96,-15.75,-4.15,0.12,-2.02,-4.63,1.06,-11.120000000000001,-10.74,0.625,AMZN|BJ|COST|DG|FIVE|OLLI|TGT|WMT,AMZN|BJ|COST|DG|FIVE|OLLI|TGT|WMT
DLX,10,9,0.97,-0.83,1.62,0.0,-5.03,-9.76,6.0,8.93,-15.169999999999998,1.0,ADBE|ADP|BR|DOV|HPQ|INTU|PAYX|QUAD|XELA|XRX,ADBE|ADP|BR|DOV|HPQ|INTU|PAYX|QUAD|XRX
DLXY,0,0,-39.65,34.16,4.04,1.35,,,,,,,,
DMAA,0,0,0.09,1.02,1.97,0.0,,,,,,,,
DMAC,10,9,14.03,15.95,18.87,0.0,-0.99,-4.4,15.02,20.35,33.03,0.8888888888888888,AKBA|AKRO|ALKS|ANVS|ARWR|BMRN|EBS|LGND|RIGL|RNA,AKBA|ALKS|ANVS|ARWR|BMRN|EBS|LGND|RIGL|RNA
DMII,0,0,0.0,0.1,0.59,0.0,,,,,,,,
DMLP,10,9,-1.19,-0.31,13.62,0.0,-1.96,-2.08,0.77,1.77,11.969999999999999,0.7777777777777778,BEP|ENB|ENLC|EPD|KMI|MPLX|OKE|PAA|TRP|WES,BEP|ENB|EPD|KMI|MPLX|OKE|PAA|TRP|WES
DMRC,10,10,0.0,-17.97,-34.53,0.0,-3.62,-2.015,3.62,-15.954999999999998,-47.07,0.9,ACN|ADBE|CRM|CSCO|GOOGL|IBM|MSFT|NFLX|NTAP|ORCL,ACN|ADBE|CRM|CSCO|GOOGL|IBM|MSFT|NFLX|NTAP|ORCL
DNA,10,9,8.16,12.47,-11.39,-1.17,-0.41,-9.1,8.57,21.57,-11.75,1.0,BEAM|CERS|CRSP|DNLI|EDIT|FATE|NTLA|REGN|SGMO|TWST,BEAM|CERS|CRSP|DNLI|EDIT|FATE|NTLA|REGN|TWST
DNLI,10,10,1.14,-18.33,-17.67,-0.49,-2.11,-3.3200000000000003,3.25,-15.009999999999998,-15.270000000000001,0.7,ALNY|BIIB|IONS|MRNA|NBIX|PTCT|REGN|SRPT|UTHR|VRTX,ALNY|BIIB|IONS|MRNA|NBIX|PTCT|REGN|SRPT|UTHR|VRTX
DNMX,0,0,0.0,0.0,0.6,0.0,,,,,,,,
DNN,10,10,-3.46,-25.0,-9.12,-1.06,1.125,-13.945,-4.585,-11.055,2.290000000000001,0.1,ATOM|AZZ|CCJ|LEU|LTBR|LTRX|NXE|UEC|URG|UROY,ATOM|AZZ|CCJ|LEU|LTBR|LTRX|NXE|UEC|URG|UROY
DNOW,10,10,0.71,1.55,20.02,0.0,-0.845,-3.425,1.555,4.975,17.244999999999997,0.7,APD|BKR|ECL|FET|FTI|HAL|OIS|RES|SLB|WTTR,APD|BKR|ECL|FET|FTI|HAL|OIS|RES|SLB|WTTR
DNTH,10,10,-7.93,-16.96,1.67,-0.36,1.775,-0.815,-9.705,-16.145,-12.645000000000001,0.0,ABBV|AMGN|BIIB|BMY|GILD|LLY|MRNA|PFE|REGN|VRTX,ABBV|AMGN|BIIB|BMY|GILD|LLY|MRNA|PFE|REGN|VRTX
DNUT,10,10,-0.98,-15.17,-15.17,0.0,-2.4850000000000003,-12.535,1.5050000000000003,-2.635,-10.620000000000001,0.6,BROS|CMG|DPZ|DRI|MCD|QSR|SBUX|SHAK|WEN|YUM,BROS|CMG|DPZ|DRI|MCD|QSR|SBUX|SHAK|WEN|YUM
DOC,10,7,0.49,-4.89,-2.97,0.59,-1.58,-3.81,2.0700000000000003,-1.0799999999999996,-2.0700000000000003,1.0,GMRE|HCP|HR|LTC|MPW|NHI|OHI|SBRA|VTR|WELL,HR|LTC|NHI|OHI|SBRA|VTR|WELL
DOCN,10,10,3.55,22.32,-5.26,-2.49,-2.705,-1.45,6.255,23.77,-11.44,0.9,AKAM|AMZN|BOX|CRM|GOOGL|IBM|MSFT|NET|ORCL|VZ,AKAM|AMZN|BOX|CRM|GOOGL|IBM|MSFT|NET|ORCL|VZ
DOCS,10,10,-1.17,6.14,32.29,-1.17,-2.645,-2.43,1.475,8.57,37.05,0.6,AMWL|CI|CLOV|CNC|HIMS|LCID|MTCH|OSCR|TDOC|VEEV,AMWL|CI|CLOV|CNC|HIMS|LCID|MTCH|OSCR|TDOC|VEEV
DOCU,10,10,-2.83,13.38,61.66,-1.22,-2.965,-1.9,0.1349999999999998,15.280000000000001,31.914999999999996,0.5,ADBE|BOX|CRM|DBX|GOOGL|MSFT|ORCL|TEAM|WDAY|ZM,ADBE|BOX|CRM|DBX|GOOGL|MSFT|ORCL|TEAM|WDAY|ZM
DOGZ,9,9,1.12,-12.62,-19.64,0.0,-2.5,-10.95,3.62,-1.67,-15.41,0.8888888888888888,CENT|CENTA|CHWY|FRPT|HELE|TRUP|TSCO|WOOF|ZTS,CENT|CENTA|CHWY|FRPT|HELE|TRUP|TSCO|WOOF|ZTS
DOLE,10,9,-1.37,-4.01,-8.95,0.0,-3.4,-5.5,2.03,1.4900000000000002,-4.829999999999999,0.6666666666666666,ACI|BJ|CAG|COST|FDP|KR|SYY|TSN|UNFI|WMT,ACI|BJ|CAG|COST|KR|SYY|TSN|UNFI|WMT
DOMH,10,10,13.95,-5.41,-19.93,0.0,-0.935,0.04500000000000004,14.885,-5.455,-23.305,1.0,AAPL|AMZN|CSCO|GOOGL|IBM|INTC|META|MSFT|NVDA|ORCL,AAPL|AMZN|CSCO|GOOGL|IBM|INTC|META|MSFT|NVDA|ORCL
DOO,10,9,-3.4,-7.68,-8.69,0.0,-2.46,-16.51,-0.94,8.830000000000002,0.9900000000000002,0.3333333333333333,BC|CWH|FOXF|HOG|HZO|LCII|MCFT|PII|THO|VSTO,BC|CWH|FOXF|HOG|HZO|LCII|MCFT|PII|THO
DORM,10,9,-2.84,-7.38,-7.93,0.0,-1.35,-5.11,-1.4899999999999998,-2.2699999999999996,2.74,0.2222222222222222,AAP|AXL|AZO|BWA|DAN|GPC|LKQ|ORLY|VC|WSO,AAP|AZO|BWA|DAN|GPC|LKQ|ORLY|VC|WSO
DOUG,10,6,-9.88,-20.51,-11.93,0.65,-2.855,-16.12,-7.025,-4.390000000000001,-10.28,0.0,BEKE|EXPI|FNF|HOUS|OPEN|RDFN|RDNT|RMAX|Z|ZG,BEKE|FNF|OPEN|RDNT|Z|ZG
DOV,10,10,0.26,-6.1,-17.77,0.37,4.46,-2.09,-4.2,-4.01,-17.73,0.0,DHR|EMR|ETN|HON|IR|ITW|PH|ROK|SWK|XYL,DHR|EMR|ETN|HON|IR|ITW|PH|ROK|SWK|XYL
DOW,10,10,-2.34,-4.51,-1.74,0.52,0.47,-5.525,-2.8099999999999996,1.0150000000000006,3.335,0.3,ALB|APD|ASH|CE|DD|EMN|HUN|LYB|PPG|WLK,ALB|APD|ASH|CE|DD|EMN|HUN|LYB|PPG|WLK
DOX,10,10,-4.07,-6.84,16.4,-0.53,-3.805,-4.3,-0.2650000000000001,-2.54,-14.670000000000002,0.4,ACN|CTSH|DXC|EPAM|GIB|HPE|IBM|INFY|IT|WIT,ACN|CTSH|DXC|EPAM|GIB|HPE|IBM|INFY|IT|WIT
DOYU,10,10,0.22,9.65,1.3,-0.21,1.62,-7.049999999999999,-1.4000000000000001,16.7,-3.0150000000000006,0.2,BIDU|BILI|HUYA|IQ|JD|JOYY|MOMO|NTES|PDD|TME,BIDU|BILI|HUYA|IQ|JD|JOYY|MOMO|NTES|PDD|TME
DPRO,10,10,-8.0,22.17,7.52,-1.31,-2.165,-5.5,-5.835,27.67,8.23,0.0,AVAV|BA|GD|HEI|HON|KTOS|LMT|NOC|TDY|TXT,AVAV|BA|GD|HEI|HON|KTOS|LMT|NOC|TDY|TXT
DPZ,10,10,-0.55,-15.41,3.7,-0.15,-0.59,-13.36,0.039999999999999925,-2.0500000000000007,11.010000000000002,0.5,CAKE|DNUT|DRI|MCD|PZZA|QSR|SHAK|WEN|WING|YUM,CAKE|DNUT|DRI|MCD|PZZA|QSR|SHAK|WEN|WING|YUM
DQ,9,6,-2.26,-17.95,-11.13,-2.1,-6.265,-10.879999999999999,4.005,-7.07,22.064999999999998,1.0,AY|CSIQ|ENPH|FSLR|JKS|MAXN|NOVA|RUN|SEDG,CSIQ|ENPH|FSLR|JKS|RUN|SEDG
DRCT,10,10,-5.29,-30.0,-37.84,0.0,0.18999999999999995,-8.36,-5.48,-21.64,-37.395,0.2,APPS|CRTO|FLNT|IZEA|MCHX|MGNI|PERI|PUBM|QNST|TTD,APPS|CRTO|FLNT|IZEA|MCHX|MGNI|PERI|PUBM|QNST|TTD
DRD,10,10,-2.37,-18.38,19.62,0.0,-3.66,-13.84,1.29,-4.539999999999999,-3.8599999999999994,0.7,AEM|AU|B|BTG|EQX|GFI|HMY|IAG|KGC|NEM,AEM|AU|B|BTG|EQX|GFI|HMY|IAG|KGC|NEM
DRDB,0,0,0.47,0.75,1.8,0.0,,,,,,,,
DRH,10,10,-0.24,-3.92,0.41,0.0,1.21,-5.32,-1.45,1.4000000000000004,6.59,0.2,APLE|CUBE|HST|INVH|PEB|PK|RLJ|SHO|SVC|XHR,APLE|CUBE|HST|INVH|PEB|PK|RLJ|SHO|SVC|XHR
DRI,8,7,2.82,-3.56,-0.09,-0.52,5.63,-18.91,-2.81,15.35,-9.3,0.42857142857142855,BJRI|BLMN|CAKE|DENN|DIN|EAT|RRGB|TXRH,BJRI|BLMN|CAKE|DIN|EAT|RRGB|TXRH
DRIO,10,10,-0.59,-6.52,11.22,0.0,-2.315,-8.28,1.725,1.7599999999999998,8.755,0.7,ABT|BSX|DXCM|LIVN|MDT|PODD|QDEL|RMD|SYK|TNDM,ABT|BSX|DXCM|LIVN|MDT|PODD|QDEL|RMD|SYK|TNDM
DRMA,10,10,-2.61,-31.29,-7.44,0.0,0.0,-5.44,-2.61,-25.849999999999998,-15.530000000000001,0.2,ALNY|AMGN|BIIB|BMRN|GILD|IONS|LLY|REGN|VRTX|ZTS,ALNY|AMGN|BIIB|BMRN|GILD|IONS|LLY|REGN|VRTX|ZTS
DRS,10,10,-0.08,-2.96,-16.53,-1.02,-2.5700000000000003,-6.96,2.49,4.0,-10.430000000000001,0.8,BA|CW|GD|HII|HON|LHX|LMT|NOC|RTX|TXT,BA|CW|GD|HII|HON|LHX|LMT|NOC|RTX|TXT
DRTS,10,10,-3.46,-1.22,44.48,0.0,0.975,3.4050000000000002,-4.435,-4.625,13.844999999999999,0.0,A|BIO|CDNA|FATE|ILMN|IQV|ONC|RDY|TECH|TMO,A|BIO|CDNA|FATE|ILMN|IQV|ONC|RDY|TECH|TMO
DRUG,9,8,-2.01,-24.8,-12.53,0.0,-7.7,-7.775,5.69,-17.025,-15.735,0.8571428571428571,ATAI|CMPS|CYPH|DFTX|GHRS|HELP|NBIX|RLMD|SAGE,ATAI|CMPS|CYPH|DFTX|GHRS|HELP|NBIX|RLMD
DRVN,10,10,2.2,-5.33,-6.48,0.0,-1.86,-6.085,4.0600000000000005,0.7549999999999999,-4.760000000000001,1.0,AAP|ABG|AN|AZO|GPC|KMX|LAD|MUSA|ORLY|PAG,AAP|ABG|AN|AZO|GPC|KMX|LAD|MUSA|ORLY|PAG
DSGN,10,9,-3.43,-21.11,-7.96,0.08,0.13,-9.1,-3.56,-12.01,-15.629999999999999,0.0,BEAM|BNTX|CRSP|EDIT|MRNA|NTLA|PFE|REGN|SGMO|VRTX,BEAM|BNTX|CRSP|EDIT|MRNA|NTLA|PFE|REGN|VRTX
DSGR,10,9,0.29,0.4,27.09,0.0,3.0,1.77,-2.71,-1.37,24.759999999999998,0.2222222222222222,AIT|BECN|DXPE|FAST|GWW|MSM|POOL|RLGT|TITN|WCC,AIT|DXPE|FAST|GWW|MSM|POOL|RLGT|TITN|WCC
DSGX,10,10,0.21,2.94,20.16,-0.55,-2.635,0.49,2.8449999999999998,2.45,-23.374999999999996,0.8,ADBE|CRM|INTU|MSFT|NOW|ORCL|SAP|SNOW|TEAM|WDAY,ADBE|CRM|INTU|MSFT|NOW|ORCL|SAP|SNOW|TEAM|WDAY
DSP,10,10,-0.65,0.41,10.32,0.0,-1.315,-3.925,0.6649999999999999,4.335,-12.335,0.7,CXM|DV|FROG|HUBS|MGNI|PERI|PUBM|ROKU|SAP|TTD,CXM|DV|FROG|HUBS|MGNI|PERI|PUBM|ROKU|SAP|TTD
DSS,10,10,-6.51,24.81,13.9,0.0,-3.0,-1.45,-3.51,26.259999999999998,-6.9350000000000005,0.1,ACN|ADBE|CRM|DOCU|GOOGL|IBM|INTU|MSFT|ORCL|VRSN,ACN|ADBE|CRM|DOCU|GOOGL|IBM|INTU|MSFT|ORCL|VRSN
DSWL,10,9,1.29,-1.72,-14.66,0.0,-0.29,0.67,1.58,-2.39,-0.6400000000000006,0.6666666666666666,AAPL|ERIC|FLEX|JBL|JNPR|LOGI|NOK|PKE|SANM|TTMI,AAPL|ERIC|FLEX|JBL|LOGI|NOK|PKE|SANM|TTMI
DSX,10,10,-3.68,6.67,39.81,0.0,-4.5,-1.92,0.8199999999999998,8.59,19.520000000000003,0.6,ASC|CMRE|DAC|FRO|GNK|GOGL|INSW|NMM|SBLK|STNG,ASC|CMRE|DAC|FRO|GNK|GOGL|INSW|NMM|SBLK|STNG
DSY,10,10,2.56,-13.46,29.03,-1.64,-2.705,-2.375,5.265000000000001,-11.085,10.969999999999999,1.0,ADBE|AMZN|CRM|GOOGL|IBM|INTU|MSFT|NOW|ORCL|SAP,ADBE|AMZN|CRM|GOOGL|IBM|INTU|MSFT|NOW|ORCL|SAP
DT,10,10,3.9,15.85,44.01,-0.86,2.375,10.895,1.525,4.955,-10.550000000000004,0.6,APPN|DDOG|FROG|MDB|NET|NOW|OKTA|SNOW|TEAM|ZS,APPN|DDOG|FROG|MDB|NET|NOW|OKTA|SNOW|TEAM|ZS
DTCX,0,0,-2.88,-30.82,-4.72,0.0,,,,,,,,
DTE,10,10,-5.79,-9.73,-19.58,0.0,-4.05,-7.68,-1.7400000000000002,-2.0500000000000007,-6.869999999999997,0.0,AEP|DUK|ED|EIX|ES|EXC|NEE|PEG|SO|XEL,AEP|DUK|ED|EIX|ES|EXC|NEE|PEG|SO|XEL
DTI,10,10,-2.01,-2.79,13.49,0.0,-1.7650000000000001,-4.609999999999999,-0.24499999999999966,1.8199999999999994,10.940000000000001,0.4,BKR|BOOM|CLB|FTI|HAL|NBR|NOV|OIS|RES|SLB,BKR|BOOM|CLB|FTI|HAL|NBR|NOV|OIS|RES|SLB
DTIL,10,7,-3.0,-24.33,-4.15,1.73,-0.41,-9.62,-2.59,-14.709999999999999,-4.510000000000001,0.2857142857142857,ADAP|ALLO|BLUE|CLLS|CRSP|EDIT|IBRX|NTLA|SGMO|VRTX,ALLO|CLLS|CRSP|EDIT|IBRX|NTLA|VRTX
DTM,10,10,-0.08,-0.74,-15.99,-0.02,-1.195,-1.5950000000000002,1.115,0.8550000000000002,-17.805,0.8,AM|ENB|EPD|ET|KMI|MPLX|OKE|PAA|TRGP|WMB,AM|ENB|EPD|ET|KMI|MPLX|OKE|PAA|TRGP|WMB
DTSQ,0,0,-0.23,0.97,1.15,0.0,,,,,,,,
DTSS,10,9,-31.64,20.43,14.25,-7.68,3.64,14.75,-35.28,5.68,-15.41,0.0,ANET|CHKP|CRWD|CSCO|FTNT|JNPR|PANW|QLYS|VRNS|ZS,ANET|CHKP|CRWD|CSCO|FTNT|PANW|QLYS|VRNS|ZS
DTST,10,10,-2.1,-4.76,-24.12,0.0,-2.345,0.49,0.2450000000000001,-5.25,-40.995000000000005,0.5,AMZN|CSCO|DELL|HPE|IBM|MSFT|NTAP|ORCL|STX|WDAY,AMZN|CSCO|DELL|HPE|IBM|MSFT|NTAP|ORCL|STX|WDAY
DUK,10,10,-2.75,-5.19,-9.3,0.98,-4.109999999999999,-8.43,1.3599999999999994,3.2399999999999993,3.41,0.9,AEP|D|ED|EIX|ES|EXC|NEE|PCG|SO|XEL,AEP|D|ED|EIX|ES|EXC|NEE|PCG|SO|XEL
DUO,10,6,19.08,-7.76,-9.49,4.85,-4.225,-21.315,23.305,13.555000000000001,0.28500000000000014,1.0,COMP|CVNA|EXPI|HOUS|OPEN|RDFN|REZI|RMAX|Z|ZG,COMP|CVNA|OPEN|REZI|Z|ZG
DUOL,10,10,-1.22,-0.51,21.14,-0.47,-0.2,-4.81,-1.02,4.3,11.13,0.3333333333333333,ATAI|CHGG|CHNR|DAO|EDU|LRN|STG|TAL|UTI|YQ,ATAI|CHGG|CHNR|DAO|EDU|LRN|STG|TAL|UTI|YQ
DUOT,10,9,5.18,-12.52,-18.13,-0.45,-0.1,3.89,5.279999999999999,-16.41,-35.75,1.0,ANET|CSCO|FFIV|HPE|IBM|JNPR|MSFT|NTCT|ORCL|PANW,ANET|CSCO|FFIV|HPE|IBM|MSFT|NTCT|ORCL|PANW
DV,10,10,-0.67,0.75,29.47,0.0,-0.66,0.81,-0.010000000000000009,-0.06000000000000005,19.755,0.5,APPS|CNEY|FUBO|LOGI|MGNI|PERI|PUBM|RAMP|TTD|ZETA,APPS|CNEY|FUBO|LOGI|MGNI|PERI|PUBM|RAMP|TTD|ZETA
DVA,8,7,-5.53,3.76,-14.03,0.0,1.08,-3.56,-6.61,7.32,-23.03,0.0,AMED|BAX|DNLI|DXCM|FMS|MMSI|OMCL|UHS,BAX|DNLI|DXCM|FMS|MMSI|OMCL|UHS
DVLT,10,10,-6.55,-50.21,-54.21,-0.13,2.1350000000000002,4.46,-8.685,-54.67,-47.51,0.0,AMKR|AVGO|MPWR|NXPI|ON|PI|QCOM|SLAB|SWKS|XMTR,AMKR|AVGO|MPWR|NXPI|ON|PI|QCOM|SLAB|SWKS|XMTR
DVN,8,6,-0.25,3.6,14.08,1.17,-2.4050000000000002,-1.145,2.1550000000000002,4.745,-1.9700000000000006,0.8333333333333334,APA|COP|EOG|FANG|HES|MRO|OXY|XOM,APA|COP|EOG|FANG|OXY|XOM
DWSN,10,10,-8.05,-13.16,-31.72,0.0,-2.0549999999999997,-4.9399999999999995,-5.995000000000001,-8.22,-34.269999999999996,0.0,BKR|CLB|HAL|OIS|PTEN|PUMP|RES|SLB|TDW|WFRD,BKR|CLB|HAL|OIS|PTEN|PUMP|RES|SLB|TDW|WFRD
DWTX,10,9,-9.3,-41.79,5.41,3.31,-1.26,-4.15,-8.040000000000001,-37.64,17.060000000000002,0.1111111111111111,ANIP|ATNM|AZN|IRWD|NBIX|PRTA|RARE|RDHL|SAGE|XENE,ANIP|ATNM|AZN|IRWD|NBIX|PRTA|RARE|RDHL|XENE
DX,10,9,-4.31,-9.61,-10.16,0.26,-1.45,-8.98,-2.8599999999999994,-0.629999999999999,4.5,0.1111111111111111,ADAM|AGNC|ARR|CIM|EARN|IVR|MITT|NLY|PMT|TWO,ADAM|AGNC|ARR|CIM|EARN|IVR|MITT|NLY|PMT
DXC,10,10,-4.9,-0.09,32.2,0.0,-3.5700000000000003,-2.1,-1.33,2.0100000000000002,5.940000000000005,0.2,ACN|CTSH|EPAM|FFIV|GIB|HPE|IBM|IT|LDOS|SAIC,ACN|CTSH|EPAM|FFIV|GIB|HPE|IBM|IT|LDOS|SAIC
DXCM,10,10,-0.03,-1.41,28.04,0.19,-2.1849999999999996,-9.895,2.155,8.485,27.759999999999998,0.7,ABT|BSX|GMED|MDT|PODD|SENS|SYK|TDOC|TNDM|ZBH,ABT|BSX|GMED|MDT|PODD|SENS|SYK|TDOC|TNDM|ZBH
DXF,10,10,-13.17,-11.21,18.46,-6.08,-1.77,-10.705,-11.4,-0.5050000000000008,25.595,0.0,BRSL|FINV|FUTU|HTT|HUYA|IQ|LX|QFIN|TME|YRD,BRSL|FINV|FUTU|HTT|HUYA|IQ|LX|QFIN|TME|YRD
DXLG,9,8,-7.03,-7.95,-12.99,0.0,2.365,-1.97,-9.395,-5.98,-9.955,0.0,ANF|BBY|BURL|JWN|KSS|M|ROST|TJX|URBN,ANF|BBY|BURL|KSS|M|ROST|TJX|URBN
DXPE,10,8,3.93,1.56,14.61,0.16,3.555,0.10499999999999998,0.375,1.455,10.204999999999998,0.5,AIT|ALK|BECN|BXC|FAST|GWW|MSM|RYI|TITN|WCC,AIT|ALK|BXC|FAST|GWW|MSM|TITN|WCC
DXR,10,10,-7.68,8.15,3.0,0.0,0.045,0.895,-7.725,7.255000000000001,-8.145,0.0,A|BIO|BRKR|DHR|ILMN|MMI|QDEL|TMO|TRIB|VRTX,A|BIO|BRKR|DHR|ILMN|MMI|QDEL|TMO|TRIB|VRTX
DXST,0,0,-1.57,-5.28,35.68,0.0,,,,,,,,
DXYZ,0,0,-6.13,-15.61,17.9,-1.65,,,,,,,,
DY,10,10,-1.75,-20.27,-43.17,-0.16,1.185,-2.335,-2.935,-17.935,-30.595000000000002,0.3,AYI|EME|FIX|FLR|J|KBR|MTZ|MYRG|PRIM|PWR,AYI|EME|FIX|FLR|J|KBR|MTZ|MYRG|PRIM|PWR
DYAI,10,10,3.06,-38.92,-43.24,0.0,0.020000000000000004,-1.385,3.04,-37.535000000000004,-57.445,0.6,AMGN|BIIB|EXEL|GILD|ILMN|INCY|NBIX|NKTR|REGN|VRTX,AMGN|BIIB|EXEL|GILD|ILMN|INCY|NBIX|NKTR|REGN|VRTX
DYN,10,9,-8.64,-37.36,-19.94,1.66,0.13,-6.48,-8.770000000000001,-30.88,-22.5,0.0,ALNY|BIIB|BLUE|BMRN|CRSP|EDIT|NTLA|RARE|SRPT|VRTX,ALNY|BIIB|BMRN|CRSP|EDIT|NTLA|RARE|SRPT|VRTX
DYOR,0,0,0.0,0.25,0.8,0.0,,,,,,,,
E,10,8,-0.41,2.15,18.0,0.69,-1.78,3.4799999999999995,1.37,-1.3299999999999996,-2.1950000000000003,0.75,BP|COP|CVX|HES|KMI|MRO|OXY|PSX|VLO|XOM,BP|COP|CVX|KMI|OXY|PSX|VLO|XOM
EAF,10,8,40.07,75.85,61.13,0.0,-2.105,0.12000000000000002,42.175,75.72999999999999,63.25,1.0,ATI|CLF|CMC|MT|NUE|RS|RYI|STLD|TX|X,ATI|CLF|CMC|MT|NUE|RS|STLD|TX
EARN,10,9,0.0,-3.84,-5.12,1.19,-2.3,-9.61,2.3,5.77,11.419999999999998,0.8888888888888888,AGNC|CHMI|DX|IVR|MITT|ORC|PMT|RPT|RWT|TWO,AGNC|CHMI|DX|IVR|MITT|ORC|PMT|RPT|RWT
EAT,9,9,5.63,-15.24,21.56,0.0,4.03,-19.08,1.5999999999999996,3.839999999999998,21.56,0.5555555555555556,BJRI|BLMN|CAKE|DIN|DRI|PLAY|RRGB|SHAK|TXRH,BJRI|BLMN|CAKE|DIN|DRI|PLAY|RRGB|SHAK|TXRH
EBAY,8,8,-3.99,2.26,0.37,-0.63,0.9400000000000001,-10.215,-4.930000000000001,12.475,-7.845,0.0,AMZN|BABA|ETSY|JD|MELI|PDD|RVLV|SHOP,AMZN|BABA|ETSY|JD|MELI|PDD|RVLV|SHOP
EBC,10,10,-2.08,-6.63,-1.35,0.0,-3.645,-6.8100000000000005,1.565,0.1800000000000006,5.710000000000001,0.8,BAC|C|CFG|FITB|JPM|PNC|RF|TFC|USB|WFC,BAC|C|CFG|FITB|JPM|PNC|RF|TFC|USB|WFC
EBF,10,8,3.61,2.74,4.15,0.0,0.345,-8.675,3.2649999999999997,11.415000000000001,5.94,0.75,AVY|BRC|DCI|GPK|HI|MYE|OI|PKG|SEE|SON,AVY|BRC|DCI|GPK|MYE|OI|PKG|SON
EBMT,10,10,-3.37,-7.3,-10.77,0.0,-3.605,-5.515000000000001,0.23499999999999988,-1.7849999999999993,-7.05,0.6,BOH|COLB|FFIN|HOMB|HOPE|ONB|PB|SFNC|TCBK|WSBC,BOH|COLB|FFIN|HOMB|HOPE|ONB|PB|SFNC|TCBK|WSBC
EBON,10,8,-0.5,-12.42,-11.06,0.0,11.42,9.16,-11.92,-21.58,0.07499999999999929,0.125,ARBK|BITF|BKKT|BTBT|CAN|HIVE|HUT|MARA|RIOT|SDIG,ARBK|BKKT|BTBT|CAN|HIVE|HUT|MARA|RIOT
EBS,10,7,-2.42,21.45,-14.16,2.7,3.8,-1.75,-6.22,23.2,-23.68,0.2857142857142857,ADMA|DVAX|HEPA|INBX|MRNA|NVAX|OCGN|SNY|VXRT|XERS,ADMA|INBX|MRNA|NVAX|OCGN|SNY|XERS
EC,10,9,-3.57,-0.18,15.99,0.42,-2.97,4.02,-0.5999999999999996,-4.199999999999999,-5.049999999999999,0.3333333333333333,APA|COP|CVX|EOG|HES|MPC|OXY|PSX|VLO|XOM,APA|COP|CVX|EOG|MPC|OXY|PSX|VLO|XOM
ECBK,10,10,-3.33,-3.79,1.06,0.0,-2.075,-3.4000000000000004,-1.255,-0.3899999999999997,2.835,0.0,CHCO|CIVB|EVF|FUNC|HBNC|LSBK|MBIN|ONB|PLBC|SMBC,CHCO|CIVB|EVF|FUNC|HBNC|LSBK|MBIN|ONB|PLBC|SMBC
ECG,0,0,3.32,-4.58,-27.68,0.0,,,,,,,,
ECL,10,10,1.86,-4.43,-1.59,0.0,0.925,-5.55,0.935,1.12,0.15999999999999992,0.7,APD|CLX|DHR|EMN|FUL|IFF|MMM|PPG|SHW|WAT,APD|CLX|DHR|EMN|FUL|IFF|MMM|PPG|SHW|WAT
ECO,10,10,-9.17,20.52,51.09,0.46,-6.83,5.0,-2.34,15.52,30.030000000000005,0.2,ASC|DHT|FRO|INSW|LPG|MATX|NAT|STNG|TK|TNK,ASC|DHT|FRO|INSW|LPG|MATX|NAT|STNG|TK|TNK
ECOR,10,10,7.23,18.34,50.86,0.0,-0.36,-3.9400000000000004,7.590000000000001,22.28,40.705,1.0,ABBV|AZN|BMY|CVS|GILD|GSK|JNJ|LLY|MRK|PFE,ABBV|AZN|BMY|CVS|GILD|GSK|JNJ|LLY|MRK|PFE
ECPG,10,8,-5.3,-8.42,8.5,0.0,-3.27,-9.14,-2.03,0.7200000000000006,14.325,0.125,ALLY|AXP|BAC|C|COF|DFS|JPM|LC|PRAA|SYF,ALLY|AXP|BAC|C|COF|JPM|PRAA|SYF
ECVT,10,10,-5.06,2.58,-18.21,0.0,0.33,-5.529999999999999,-5.39,8.11,-16.975,0.1,ASH|CBT|FUL|IOSP|KWR|LOOP|NEU|NGVT|SCL|TROX,ASH|CBT|FUL|IOSP|KWR|LOOP|NEU|NGVT|SCL|TROX
ECX,10,8,2.91,-2.75,-10.92,0.0,-1.915,-11.395,4.825,8.645,-2.9850000000000003,1.0,BINI|FFAI|GOEV|LCID|LI|NIO|RIVN|TSLA|WKHS|XPEV,FFAI|LCID|LI|NIO|RIVN|TSLA|WKHS|XPEV
ED,10,10,-4.17,-4.18,-7.36,0.0,-4.035,-7.68,-0.1349999999999998,3.5,5.53,0.3,AEP|D|DUK|EXC|NEE|PEG|PPL|SO|SRE|XEL,AEP|D|DUK|EXC|NEE|PEG|PPL|SO|SRE|XEL
EDBL,10,10,-10.34,-14.03,-82.78,4.6,0.25,-4.73,-10.59,-9.299999999999999,-72.185,0.0,APD|BE|BLDP|FCEL|GRWG|HYFM|PLUG|RYM|SMG|VFF,APD|BE|BLDP|FCEL|GRWG|HYFM|PLUG|RYM|SMG|VFF
EDHL,0,0,10.56,28.25,16.33,0.0,,,,,,,,
EDIT,10,6,1.1,-16.16,0.36,2.23,-1.5550000000000002,-19.41,2.6550000000000002,3.25,26.555,0.8333333333333334,BEAM|BLUE|CLLS|CRSP|NTLA|PSTX|QURE|RARE|SGMO|VERV,BEAM|CLLS|CRSP|NTLA|QURE|RARE
EDN,10,10,-4.74,-4.58,-7.31,0.04,-3.73,-6.470000000000001,-1.0100000000000002,1.8900000000000006,5.795000000000001,0.1,AEP|AES|DUK|ED|EIX|EXC|PCG|PEG|PNW|SO,AEP|AES|DUK|ED|EIX|EXC|PCG|PEG|PNW|SO
EDRY,10,10,-28.55,-4.38,123.7,0.0,-3.91,-2.205,-24.64,-2.175,101.01,0.0,DAC|DSX|ESEA|GLBS|GNK|GOGL|NMM|SB|SBLK|SHIP,DAC|DSX|ESEA|GLBS|GNK|GOGL|NMM|SB|SBLK|SHIP
EDSA,10,10,-4.11,-10.79,-46.85,0.0,0.99,-0.815,-5.1000000000000005,-9.975,-63.06,0.0,AZN|BIIB|BNTX|GILD|JNJ|MRNA|NVAX|PFE|REGN|VRTX,AZN|BIIB|BNTX|GILD|JNJ|MRNA|NVAX|PFE|REGN|VRTX
EDTK,10,10,11.7,16.3,9.09,0.0,-1.97,-2.81,13.67,19.11,13.515,1.0,ATAI|CHGG|COUR|EDU|IREN|LOPE|LRN|PRDO|TAL|UTI,ATAI|CHGG|COUR|EDU|IREN|LOPE|LRN|PRDO|TAL|UTI
EDU,9,8,1.87,-0.86,27.32,0.89,-1.97,-2.585,3.84,1.725,30.845,0.5714285714285714,AIHS|ATAI|CHGG|FEDU|GOTU|LRN|PRDO|TAL|UTI,ATAI|CHGG|FEDU|GOTU|LRN|PRDO|TAL|UTI
EDUC,10,9,0.0,-4.76,-14.47,0.0,-2.1,-3.75,2.1,-1.0099999999999998,-15.620000000000001,0.6666666666666666,ATGE|CHGG|EDU|LAUR|LINC|LOPE|PRDO|STRA|TAL|UTI,CHGG|EDU|LAUR|LINC|LOPE|PRDO|STRA|TAL|UTI
EE,9,9,-9.92,-13.85,-4.85,0.0,-2.02,-0.62,-7.9,-13.23,-8.87,0.0,DLNG|EPD|FLNG|GLNG|HESM|KMI|LNG|LPG|NEXT,DLNG|EPD|FLNG|GLNG|HESM|KMI|LNG|LPG|NEXT
EEFT,10,10,-6.33,-7.92,-4.24,0.0,-2.9749999999999996,-10.61,-3.3550000000000004,2.6899999999999995,-16.155,0.1,ADP|AXP|FIS|GPN|JKHY|MA|PYPL|V|WU|XYZ,ADP|AXP|FIS|GPN|JKHY|MA|PYPL|V|WU|XYZ
EEIQ,10,9,9.27,51.92,20.43,0.0,-2.64,-7.27,11.91,59.19,27.83,1.0,APEI|ATGE|CHGG|GHC|LINC|LOPE|LRN|PRDO|STRA|UTI,APEI|CHGG|GHC|LINC|LOPE|LRN|PRDO|STRA|UTI
EFC,10,9,-0.95,-8.25,-8.72,0.4,-1.57,-9.09,0.6200000000000001,0.8399999999999999,5.43,0.7777777777777778,AGNC|ARR|CHMI|CIM|DX|IVR|MFA|NLY|RWT|TWO,AGNC|ARR|CHMI|CIM|DX|IVR|MFA|NLY|RWT
EFOI,10,9,1.53,-11.07,-11.07,0.0,1.47,-9.07,0.06000000000000005,-2.0,1.3200000000000003,0.5555555555555556,AYI|ETN|GE|HUBB|JNPR|LPL|MMM|OLED|PHG|PLUG,AYI|ETN|GE|HUBB|LPL|MMM|OLED|PHG|PLUG
EFSC,10,9,-3.55,-5.79,-8.68,0.0,-3.03,-4.06,-0.52,-1.7300000000000004,-3.9899999999999993,0.3333333333333333,ASB|CMA|FNB|FULT|FVCB|GBCI|HOMB|ONB|SFNC|WAL,ASB|FNB|FULT|FVCB|GBCI|HOMB|ONB|SFNC|WAL
EFSI,0,0,0.15,9.04,10.4,1.32,,,,,,,,
EFX,8,7,-6.4,-21.39,-0.71,-2.88,0.46,-6.24,-6.86,-15.15,-3.85,0.14285714285714285,DNB|FICO|INFO|MOOD|MSCI|SPGI|TRU|VRSK,FICO|INFO|MOOD|MSCI|SPGI|TRU|VRSK
EFXT,10,10,3.35,17.19,-4.15,0.0,-1.665,-2.6950000000000003,5.015000000000001,19.885,-11.715,0.9,BKR|BOOM|FTI|HAL|INVX|NOV|OIS|RES|SLB|WHD,BKR|BOOM|FTI|HAL|INVX|NOV|OIS|RES|SLB|WHD
EG,9,9,-1.43,-1.18,7.7,0.0,-4.21,-10.06,2.7800000000000002,8.88,10.11,0.8888888888888888,AJG|ALL|AON|AXP|CB|CINF|MRSH|PGR|TRV,AJG|ALL|AON|AXP|CB|CINF|MRSH|PGR|TRV
EGAN,10,10,10.02,-16.95,-10.02,0.0,-0.745,13.68,10.764999999999999,-30.63,-66.955,1.0,CRM|DOCU|FIVN|GEN|HUBS|NICE|NOW|RNG|SAP|TEAM,CRM|DOCU|FIVN|GEN|HUBS|NICE|NOW|RNG|SAP|TEAM
EGBN,10,9,-0.71,-0.18,-0.71,0.0,-2.15,-4.21,1.44,4.03,1.73,0.7777777777777778,AMAL|CNOB|CUBI|HNVR|MCHB|NBN|OPOF|SBSI|SSBI|WSBC,AMAL|CNOB|CUBI|HNVR|MCHB|NBN|SBSI|SSBI|WSBC
EGG,0,0,2.65,-17.38,-64.34,0.0,,,,,,,,
EGHA,0,0,0.17,0.29,0.97,0.0,,,,,,,,
EGHT,10,10,24.31,15.38,36.36,-1.75,0.21999999999999997,-2.0999999999999996,24.09,17.48,24.895,1.0,BAND|CSCO|EGAN|FIVN|GOOGL|MSFT|RNG|T|VZ|ZM,BAND|CSCO|EGAN|FIVN|GOOGL|MSFT|RNG|T|VZ|ZM
EGO,10,10,2.02,-10.16,42.12,0.95,-3.615,-12.805,5.635,2.6449999999999996,18.639999999999997,1.0,AEM|AU|B|BTG|HMY|IAG|KGC|NEM|PAAS|SSRM,AEM|AU|B|BTG|HMY|IAG|KGC|NEM|PAAS|SSRM
EGP,10,10,1.18,0.6,-0.34,0.69,-0.71,-3.955,1.89,4.555,3.83,1.0,EPRT|FR|GOOD|ILPT|LXP|MNR|PLD|REXR|STAG|TRNO,EPRT|FR|GOOD|ILPT|LXP|MNR|PLD|REXR|STAG|TRNO
EGY,10,8,-5.35,1.04,15.87,0.0,-3.755,-1.23,-1.5949999999999998,2.27,2.004999999999999,0.25,APA|CRK|DVN|FANG|HES|MRO|MUR|NOG|OXY|SM,APA|CRK|DVN|FANG|MUR|NOG|OXY|SM
EH,10,9,-1.06,-5.36,-27.56,-0.19,-2.13,-5.53,1.0699999999999998,0.16999999999999993,-27.349999999999998,0.5555555555555556,AVAV|BA|GD|HON|LMT|NOC|RTX|SPR|TDG|TXT,AVAV|BA|GD|HON|LMT|NOC|RTX|TDG|TXT
EHC,10,8,-1.37,1.07,19.52,0.0,-0.9849999999999999,-2.8049999999999997,-0.38500000000000023,3.875,6.07,0.5,ACHC|ADUS|AMED|BKD|CHE|CYH|HCA|SEM|THC|UHS,ACHC|ADUS|BKD|CHE|CYH|HCA|THC|UHS
EHGO,10,10,1.71,-25.21,-79.87,2.52,-0.935,4.275,2.645,-29.485,-84.825,0.7,AAPL|AMZN|CRM|GOOGL|INTC|META|MSFT|NFLX|ORCL|TSLA,AAPL|AMZN|CRM|GOOGL|INTC|META|MSFT|NFLX|ORCL|TSLA
EHLD,0,0,-12.77,16.34,50.0,0.0,,,,,,,,
EHTH,10,9,0.74,-28.42,-46.14,1.78,-1.8,-4.03,2.54,-24.39,-41.86,0.7777777777777778,AMED|CI|CLOV|CNC|GDDY|HCA|HUM|MCK|MOH|UNH,CI|CLOV|CNC|GDDY|HCA|HUM|MCK|MOH|UNH
EIG,10,10,-4.46,-2.85,-2.09,0.0,-2.49,-3.7350000000000003,-1.9699999999999998,0.8850000000000002,-1.3449999999999998,0.3,ACGL|AFG|AIG|ALL|CB|CINF|HIG|MKL|TRV|WRB,ACGL|AFG|AIG|ALL|CB|CINF|HIG|MKL|TRV|WRB
EIX,10,10,-3.28,-28.22,-28.19,0.32,-4.05,-7.425000000000001,0.77,-20.794999999999998,-15.085,0.8,AEP|DTE|DUK|ED|EXC|NEE|PCG|PNW|SO|XEL,AEP|DTE|DUK|ED|EXC|NEE|PCG|PNW|SO|XEL
EJH,10,8,8.85,-0.02,-17.2,8.12,-2.2399999999999998,-9.745000000000001,11.09,9.725000000000001,-31.655,1.0,AEG|BGSF|DLHC|HQI|HSII|KFY|MAN|RHI|STAF|TBI,AEG|BGSF|DLHC|HQI|KFY|MAN|RHI|TBI
EL,6,6,3.98,-6.91,19.75,-1.24,0.465,-4.945,3.515,-1.9649999999999999,17.13,0.8333333333333334,CHD|COTY|OMC|PG|SBH|UL,CHD|COTY|OMC|PG|SBH|UL
ELA,10,10,-2.81,-11.94,-53.3,0.0,-4.305,-12.850000000000001,1.4949999999999997,0.9100000000000019,-71.94999999999999,0.9,AEM|AG|B|CDE|GFI|HL|KGC|NEM|PAAS|WPM,AEM|AG|B|CDE|GFI|HL|KGC|NEM|PAAS|WPM
ELAB,10,10,-5.03,-30.52,-63.76,0.0,0.16999999999999998,-3.625,-5.2,-26.895,-76.69,0.0,ABBV|AMGN|BMY|GILD|JNJ|LLY|MRK|PFE|REGN|VRTX,ABBV|AMGN|BMY|GILD|JNJ|LLY|MRK|PFE|REGN|VRTX
ELAN,9,8,-1.27,-7.58,-5.8,0.0,0.43,-7.09,-1.7,-0.4900000000000002,-11.26,0.375,ABT|BIIB|IDXX|MRK|PETS|RDFN|SNY|VET|ZTS,ABT|BIIB|IDXX|MRK|PETS|SNY|VET|ZTS
ELBM,10,9,1.66,-9.02,2.47,0.0,0.61,-11.71,1.0499999999999998,2.6900000000000013,20.07,0.5555555555555556,ALB|CBAT|ENS|FMC|GSAT|JCI|LAC|PLL|SGML|SLI,ALB|CBAT|ENS|FMC|GSAT|JCI|LAC|SGML|SLI
ELDN,10,10,0.0,-23.63,-27.4,-2.57,0.165,-1.385,-0.165,-22.244999999999997,-41.605,0.4,ALNY|AMGN|BIIB|BMRN|GILD|ILMN|INCY|NBIX|REGN|VRTX,ALNY|AMGN|BIIB|BMRN|GILD|ILMN|INCY|NBIX|REGN|VRTX
ELE,0,0,2.05,-9.28,35.75,0.0,,,,,,,,
ELF,10,9,7.65,-5.02,54.34,-0.32,0.66,-0.38,6.99,-4.64,47.760000000000005,0.8888888888888888,COTY|ENR|HELE|ICLR|IPAR|LCUT|NUS|REVG|SBH|ULTA,COTY|ENR|HELE|ICLR|IPAR|LCUT|NUS|SBH|ULTA
ELLO,9,8,8.87,8.92,14.72,0.0,-5.205,-10.635,14.075,19.555,34.64,1.0,AY|BEP|CWEN|ENPH|FCEL|ORA|RUN|SEDG|XIFR,BEP|CWEN|ENPH|FCEL|ORA|RUN|SEDG|XIFR
ELMD,10,8,5.43,-31.57,-29.52,0.0,0.255,-6.375,5.175,-25.195,-30.345,1.0,ALGN|BAX|BSX|HOLX|IDXX|MASI|MDT|NVCR|PEN|PODD,ALGN|BAX|BSX|IDXX|MDT|NVCR|PEN|PODD
ELME,10,8,4.91,1.79,-15.35,0.0,-2.3150000000000004,-11.105,7.2250000000000005,12.895,-2.455,1.0,AIV|AVB|COLD|CPT|EQR|ESS|HPP|IRT|MAA|UDR,AIV|COLD|CPT|ESS|HPP|IRT|MAA|UDR
ELOG,0,0,-13.57,-40.41,-43.01,0.0,,,,,,,,
ELPW,0,0,3.2,-37.07,-94.27,-3.37,,,,,,,,
ELS,10,8,-1.97,-9.22,-5.72,0.0,-1.94,-10.945,-0.030000000000000027,1.7249999999999996,5.750000000000001,0.5,AIV|AMH|AVB|CPT|EQR|ESS|INVH|MAA|SUI|UDR,AIV|AMH|CPT|ESS|INVH|MAA|SUI|UDR
ELTK,10,10,-2.88,1.59,-10.63,0.0,8.73,-1.525,-11.61,3.115,17.299999999999997,0.0,AEIS|AMAT|COHR|FORM|LRCX|MKSI|ONTO|PLAB|UCTT|VECO,AEIS|AMAT|COHR|FORM|LRCX|MKSI|ONTO|PLAB|UCTT|VECO
ELTX,10,9,5.65,-37.25,-53.02,0.0,-0.41,-4.4,6.0600000000000005,-32.85,-61.53,0.8888888888888888,ALVR|BMRN|BNTX|CLLS|CRSP|INO|MRNA|NTLA|NVAX|PGEN,BMRN|BNTX|CLLS|CRSP|INO|MRNA|NTLA|NVAX|PGEN
ELUT,10,9,7.2,-9.08,-11.5,0.0,-1.62,-7.59,8.82,-1.4900000000000002,-12.18,1.0,ABT|ATEC|AXNX|BSX|EW|ISRG|MDT|SYK|TMDX|ZBH,ABT|ATEC|BSX|EW|ISRG|MDT|SYK|TMDX|ZBH
ELV,7,7,-3.79,-0.08,2.9,0.0,-3.22,-4.37,-0.5699999999999998,4.29,7.18,0.42857142857142855,CI|CNC|HCA|HUM|MOH|TEN|UNH,CI|CNC|HCA|HUM|MOH|TEN|UNH
ELVA,10,7,4.2,0.78,-32.46,0.0,-5.31,-13.06,9.51,13.84,-10.64,1.0,ALB|BLDP|ENS|FCEL|NVVE|PLL|PLUG|QS|SBEV|SLDP,ALB|BLDP|ENS|FCEL|PLUG|QS|SLDP
ELVN,10,10,-8.44,-24.6,-6.35,-0.2,0.020000000000000004,-4.99,-8.459999999999999,-19.61,-13.834999999999999,0.0,ALNY|BMRN|EXEL|INCY|IONS|NBIX|ONC|PRTA|REGN|VRTX,ALNY|BMRN|EXEL|INCY|IONS|NBIX|ONC|PRTA|REGN|VRTX
ELVR,0,0,-5.09,-34.67,-38.0,-2.69,,,,,,,,
ELWT,0,0,1.64,-2.53,16.8,0.0,,,,,,,,
EMA,0,0,-1.41,-4.35,-8.88,0.0,,,,,,,,
EMAT,0,0,-15.17,-13.45,-50.36,2.25,,,,,,,,
EMBC,10,10,8.77,11.82,80.0,0.0,-1.2149999999999999,-7.92,9.985,19.740000000000002,70.14,1.0,ABT|BAX|BMY|DXCM|LCTX|MDT|MRK|PODD|TNDM|VTRS,ABT|BAX|BMY|DXCM|LCTX|MDT|MRK|PODD|TNDM|VTRS
EMBJ,10,9,1.92,-1.09,22.31,0.0,-1.0,-6.91,2.92,5.82,29.689999999999998,0.8888888888888888,BA|GD|HEI|HXL|LMT|NOC|RTX|SPR|TDG|TXT,BA|GD|HEI|HXL|LMT|NOC|RTX|TDG|TXT
EME,10,10,1.61,0.15,-14.1,-1.44,2.1799999999999997,-5.075,-0.5699999999999996,5.2250000000000005,-3.764999999999999,0.3,CARR|CSL|DHR|GE|HON|IR|JCI|MMM|PCAR|TT,CARR|CSL|DHR|GE|HON|IR|JCI|MMM|PCAR|TT
EMIS,0,0,0.0,0.29,0.99,0.0,,,,,,,,
EML,10,9,1.27,-0.16,7.8,0.0,0.81,-3.85,0.45999999999999996,3.69,7.5,0.5555555555555556,GFF|IEX|KMT|MRC|NDSN|NX|TNC|TREX|WTS|XYL,GFF|IEX|KMT|NDSN|NX|TNC|TREX|WTS|XYL
EMN,9,9,2.66,-8.1,-5.11,0.0,-2.09,-4.51,4.75,-3.59,-3.99,0.8888888888888888,ASH|AVNT|CC|CE|DOW|HUN|LYB|MEOH|WLK,ASH|AVNT|CC|CE|DOW|HUN|LYB|MEOH|WLK
EMPD,10,8,-3.4,4.74,-12.97,0.0,0.29499999999999993,-7.92,-3.695,12.66,-13.675,0.25,DMF|HOG|MCFT|MLR|MPX|OESX|PII|RNGR|THO|WGO,HOG|MCFT|MLR|OESX|PII|RNGR|THO|WGO
EMR,9,9,4.88,-0.24,6.36,0.0,4.71,-2.09,0.16999999999999993,1.8499999999999999,13.25,0.6666666666666666,AME|DOV|ETN|GE|HON|IR|ITW|PH|ROK,AME|DOV|ETN|GE|HON|IR|ITW|PH|ROK
ENB,10,9,-1.53,-3.49,-14.57,0.32,-1.65,-2.08,0.11999999999999988,-1.4100000000000001,-11.06,0.5555555555555556,AM|BIP|ENLC|EPD|ET|KMI|OKE|PAA|TRP|WMB,AM|BIP|EPD|ET|KMI|OKE|PAA|TRP|WMB
ENGN,10,7,2.62,4.81,10.73,-2.0,-3.43,-15.23,6.050000000000001,20.04,24.380000000000003,1.0,ADAP|ADVM|BNTC|CRSP|EDIT|NTLA|QURE|SGMO|SRPT|VYGR,BNTC|CRSP|EDIT|NTLA|QURE|SRPT|VYGR
ENGS,0,0,8.24,-1.03,10.73,1.05,,,,,,,,
ENIC,10,10,-1.05,-6.46,-1.51,-1.51,-3.96,-7.425000000000001,2.91,0.9650000000000007,11.200000000000001,1.0,AEP|D|DUK|EIX|EXC|FE|NEE|PCG|SO|SRE,AEP|D|DUK|EIX|EXC|FE|NEE|PCG|SO|SRE
ENLT,10,10,-6.45,-13.29,-20.88,-3.53,-4.109999999999999,-7.234999999999999,-2.3400000000000007,-6.055,-8.625,0.0,AEP|D|DUK|ED|ES|ETR|EXC|NEE|SRE|XEL,AEP|D|DUK|ED|ES|ETR|EXC|NEE|SRE|XEL
ENLV,10,7,-14.05,-58.88,-92.82,-2.34,-0.41,-9.1,-13.64,-49.78,-93.17999999999999,0.0,ADAP|ALLO|BLUE|CRSP|EDIT|FATE|IOVA|KPTI|NTLA|SGMO,ALLO|CRSP|EDIT|FATE|IOVA|KPTI|NTLA
ENOV,10,10,-2.25,-27.65,-14.69,0.0,-1.0250000000000001,-6.27,-1.2249999999999999,-21.38,-14.17,0.4,BDX|BSX|COO|EW|ISRG|JNJ|MDT|SNN|SYK|ZBH,BDX|BSX|COO|EW|ISRG|JNJ|MDT|SNN|SYK|ZBH
ENPH,8,6,-8.61,-11.86,-30.27,-0.45,-5.06,-8.675,-3.55,-3.1849999999999987,2.5199999999999996,0.16666666666666666,ARRY|CSIQ|FSLR|MAXN|NOVA|RUN|SEDG|SHLS,ARRY|CSIQ|FSLR|RUN|SEDG|SHLS
ENR,10,10,0.5,-0.38,-2.2,-0.65,0.01,-6.145,0.49,5.765,-2.31,0.6,CHD|CL|CLX|EL|HELE|KMB|NWL|PG|SPB|UL,CHD|CL|CLX|EL|HELE|KMB|NWL|PG|SPB|UL
ENS,10,10,-20.22,-27.86,-38.08,-21.92,2.42,1.31,-22.64,-29.169999999999998,-37.635,0.0,AAPL|DHR|EMR|ETN|GE|HON|JCI|PHG|ROK|TSLA,AAPL|DHR|EMR|ETN|GE|HON|JCI|PHG|ROK|TSLA
ENSC,10,8,-11.25,-0.35,41.91,-3.11,-1.68,-10.405000000000001,-9.57,10.055000000000001,53.004999999999995,0.125,AXSM|BCRX|CRBP|DRRX|EPIX|KNSA|MNOV|OCUL|RARE|XFOR,AXSM|BCRX|CRBP|KNSA|MNOV|OCUL|RARE|XFOR
ENSG,9,7,0.77,-1.54,6.35,0.46,-2.74,-4.03,3.5100000000000002,2.49,-11.889999999999999,0.8571428571428571,ADUS|AMED|BKD|CRL|EHC|HUM|LFST|NHC|SEM,ADUS|BKD|CRL|EHC|HUM|LFST|NHC
ENTA,10,10,-5.91,-15.25,-12.9,0.0,0.915,-1.385,-6.825,-13.865,-27.105,0.1,ABBV|AMGN|BIIB|BMY|GILD|INCY|MRNA|NBIX|REGN|VRTX,ABBV|AMGN|BIIB|BMY|GILD|INCY|MRNA|NBIX|REGN|VRTX
ENTG,10,10,9.58,6.26,-16.29,-2.23,8.985,-3.245,0.5950000000000006,9.504999999999999,11.440000000000001,0.5,ACLS|AMAT|ASML|COHU|KLAC|LRCX|MKSI|ONTO|TER|UCTT,ACLS|AMAT|ASML|COHU|KLAC|LRCX|MKSI|ONTO|TER|UCTT
ENTX,10,10,-5.07,-17.84,82.47,0.0,-0.36,-6.67,-4.71,-11.17,73.7,0.1,AMGN|BIIB|BMY|GSK|JNJ|LLY|NBIX|PFE|SNY|VRTX,AMGN|BIIB|BMY|GSK|JNJ|LLY|NBIX|PFE|SNY|VRTX
ENVA,10,7,-6.57,-31.26,-24.43,-0.64,-3.05,-10.06,-3.5200000000000005,-21.200000000000003,-12.66,0.14285714285714285,ALLY|AXP|CACC|DFS|GDOT|LC|LPRO|PYPL|WU|XYZ,ALLY|AXP|CACC|GDOT|PYPL|WU|XYZ
ENVB,9,7,5.03,10.99,19.47,0.0,-7.075,-7.93,12.105,18.92,18.59,1.0,ATAI|AVXL|CMPS|DFTX|GHRS|HELP|NURO|RLMD|SAVA,ATAI|AVXL|CMPS|DFTX|GHRS|HELP|RLMD
ENVX,10,9,-0.03,-13.05,-51.42,-0.03,-5.26,-9.9,5.2299999999999995,-3.1500000000000004,-19.860000000000003,0.8888888888888888,BE|BLDP|EOSE|FCEL|FLNC|NOVA|PLUG|QS|RUN|SLDP,BE|BLDP|EOSE|FCEL|FLNC|PLUG|QS|RUN|SLDP
EOG,8,6,-1.01,-1.93,7.79,1.52,-2.4050000000000002,0.5349999999999999,1.3950000000000002,-2.465,-8.475000000000001,0.6666666666666666,APA|COP|DVN|FANG|HES|MRO|OXY|XOM,APA|COP|DVN|FANG|OXY|XOM
EOLS,10,8,0.13,-8.88,14.78,0.0,0.885,-5.605,-0.755,-3.2750000000000004,-0.21000000000000085,0.375,ABBV|AMGN|BMY|LLY|MRK|PFE|PRGO|PRPH|RVNC|TEVA,ABBV|AMGN|BMY|LLY|MRK|PFE|PRGO|TEVA
EONR,10,8,-9.02,10.15,10.15,1.19,-3.13,-2.015,-5.89,12.165000000000001,-3.715,0.0,APA|COP|DVN|EOG|FANG|HES|MRO|MTDR|OXY|SM,APA|COP|DVN|EOG|FANG|MTDR|OXY|SM
EOSE,9,7,-11.81,-0.85,-42.37,-1.96,-5.02,-9.9,-6.790000000000001,9.05,-12.909999999999997,0.0,AYI|CSIQ|ENPH|FSLR|MAXN|NOVA|PLUG|RUN|SEDG,AYI|CSIQ|ENPH|FSLR|PLUG|RUN|SEDG
EP,10,8,-13.2,-32.4,-20.22,0.0,-1.78,0.5349999999999999,-11.42,-32.934999999999995,-36.485,0.0,APA|COP|CVX|DVN|EOG|FANG|HES|MRO|OXY|XOM,APA|COP|CVX|DVN|EOG|FANG|OXY|XOM
EPAC,10,10,0.47,-3.07,-1.1,0.0,2.49,-4.43,-2.0200000000000005,1.3599999999999999,10.840000000000002,0.3,CSL|DOV|FLS|IR|ITW|JBTM|MWA|PNR|ROK|XYL,CSL|DOV|FLS|IR|ITW|JBTM|MWA|PNR|ROK|XYL
EPAM,8,8,-6.25,-1.85,41.89,-0.25,-4.265000000000001,-8.18,-1.9849999999999994,6.33,13.674999999999997,0.25,ACN|CTS|CTSH|DXC|GLOB|INFY|IT|WIT,ACN|CTS|CTSH|DXC|GLOB|INFY|IT|WIT
EPC,10,10,-1.03,-6.8,5.85,-0.37,-0.27499999999999997,-6.655,-0.7550000000000001,-0.14499999999999957,9.75,0.4,CHD|CL|CLX|EL|HELE|HNST|KMB|PG|REYN|UTHR,CHD|CL|CLX|EL|HELE|HNST|KMB|PG|REYN|UTHR
EPD,10,9,-2.29,-1.83,1.98,0.0,-1.53,-2.08,-0.76,0.25,5.49,0.3333333333333333,AM|ENB|ENLC|ET|KMI|MPLX|OKE|PAA|TRP|WMB,AM|ENB|ET|KMI|MPLX|OKE|PAA|TRP|WMB
EPM,10,9,-0.83,3.75,-5.76,0.0,-1.84,0.58,1.0100000000000002,3.17,-19.84,0.7777777777777778,APA|COP|CVX|DVN|EOG|FANG|MRO|MUR|OXY|XOM,APA|COP|CVX|DVN|EOG|FANG|MUR|OXY|XOM
EPOW,10,9,-9.8,-43.19,-62.44,-4.98,-2.96,-21.62,-6.840000000000001,-21.569999999999997,-53.32,0.1111111111111111,CCJ|DNN|LEU|MDRR|NXE|PED|UEC|URG|UUUU|VISL,CCJ|DNN|LEU|MDRR|NXE|PED|UEC|URG|UUUU
EPR,10,10,-0.05,-5.3,-3.24,0.37,-0.99,-8.21,0.94,2.910000000000001,7.365,0.8,ADC|FCPT|GTY|KIM|MAC|NNN|O|REG|SPG|WPC,ADC|FCPT|GTY|KIM|MAC|NNN|O|REG|SPG|WPC
EPRT,10,10,0.3,-13.27,-11.7,0.0,-2.16,-8.07,2.46,-5.199999999999999,-0.34499999999999886,1.0,ADC|BRX|CTRE|FCPT|GTY|KRG|NNN|O|PECO|WPC,ADC|BRX|CTRE|FCPT|GTY|KRG|NNN|O|PECO|WPC
EPRX,10,10,0.62,11.81,30.24,0.0,-0.09,-3.505,0.71,15.315000000000001,19.24,0.7,AMGN|BIIB|BMRN|EXEL|GILD|INCY|IONS|NBIX|REGN|VRTX,AMGN|BIIB|BMRN|EXEL|GILD|INCY|IONS|NBIX|REGN|VRTX
EPSM,0,0,11.63,-4.0,9.92,0.7,,,,,,,,
EPSN,10,9,-0.51,4.63,13.98,0.0,-2.97,-4.94,2.46,9.57,6.19,0.7777777777777778,APA|AR|CRK|EOG|GPOR|KOS|MRO|MTDR|NOG|OVV,APA|AR|CRK|EOG|GPOR|KOS|MTDR|NOG|OVV
EQ,10,9,-5.66,-20.45,-38.6,0.0,-1.98,-9.51,-3.68,-10.94,-43.34,0.3333333333333333,ADMA|ANAB|ATRA|BDTX|CLDX|CRBP|CYCN|FATE|KNSA|LGND,ADMA|ANAB|ATRA|BDTX|CLDX|CRBP|FATE|KNSA|LGND
EQBK,10,10,-2.87,-4.4,0.0,0.0,-3.03,-5.82,0.1599999999999997,1.42,4.695,0.8,ASB|BOKF|CBSH|FFBC|FNB|FULT|HBAN|HOMB|SSB|THFF,ASB|BOKF|CBSH|FFBC|FNB|FULT|HBAN|HOMB|SSB|THFF
EQH,10,10,-3.28,6.87,19.23,0.0,-1.735,-1.02,-1.5449999999999997,7.890000000000001,10.97,0.0,AIG|CNO|GL|LNC|MET|MFC|PRU|RGA|UNM|VOYA,AIG|CNO|GL|LNC|MET|MFC|PRU|RGA|UNM|VOYA
EQIX,7,7,0.57,-3.88,-5.13,-0.56,-2.15,-5.74,2.7199999999999998,1.8600000000000003,1.1799999999999997,0.8571428571428571,AMT|COR|CSTL|DLR|IRM|SBAC|UNIT,AMT|COR|CSTL|DLR|IRM|SBAC|UNIT
EQNR,10,9,-0.72,6.79,39.45,2.59,-1.72,1.43,1.0,5.36,21.000000000000004,0.6666666666666666,APA|BP|COP|CVX|DVN|EOG|FANG|MRO|OXY|XOM,APA|BP|COP|CVX|DVN|EOG|FANG|OXY|XOM
EQPT,0,0,-2.23,-2.76,-8.79,-0.66,,,,,,,,
EQS,10,10,0.5,-5.78,-20.33,0.0,-1.935,-3.91,2.435,-1.87,-26.564999999999998,1.0,ARCC|CGBD|CSWC|FDUS|GAIN|HRZN|HTGC|MAIN|PSEC|SAR,ARCC|CGBD|CSWC|FDUS|GAIN|HRZN|HTGC|MAIN|PSEC|SAR
EQT,9,9,0.99,-5.84,-1.55,-0.42,-1.4,-6.66,2.3899999999999997,0.8200000000000003,-4.94,0.8888888888888888,AR|CNX|CRK|EXE|GPOR|MTDR|NOG|OVV|RRC,AR|CNX|CRK|EXE|GPOR|MTDR|NOG|OVV|RRC
EQX,10,9,-1.64,-14.02,27.74,-0.25,-3.91,-13.66,2.2700000000000005,-0.35999999999999943,4.489999999999998,0.7777777777777778,AEM|AU|B|BTG|BVN|GFI|HMY|KGC|NEM|SAND,AEM|AU|B|BTG|BVN|GFI|HMY|KGC|NEM
ERAS,10,10,-9.21,-20.77,-7.34,0.0,-0.10499999999999998,-9.36,-9.105,-11.41,-8.8,0.1,ALNY|AMGN|BEAM|BNTX|CRSP|EDIT|MRNA|NTLA|PFE|RNA,ALNY|AMGN|BEAM|BNTX|CRSP|EDIT|MRNA|NTLA|PFE|RNA
ERIC,10,9,-7.19,-8.0,-13.66,-1.85,0.88,0.67,-8.07,-8.67,0.35999999999999943,0.0,ANET|CIEN|CSCO|FLEX|HPE|INFN|JBL|LITE|NOK|SANM,ANET|CIEN|CSCO|FLEX|HPE|JBL|LITE|NOK|SANM
ERIE,10,10,-8.07,-15.96,-1.64,0.0,-4.1,-6.18,-3.9700000000000006,-9.780000000000001,0.7500000000000002,0.1,AFG|ALL|CB|CINF|HIG|PGR|RLI|SIGI|TRV|WRB,AFG|ALL|CB|CINF|HIG|PGR|RLI|SIGI|TRV|WRB
ERII,10,9,-4.23,-12.82,-22.46,0.0,3.0,-3.45,-7.23,-9.370000000000001,-15.57,0.1111111111111111,AOS|CW|DOV|ETN|HI|IR|ITT|MIDD|NDSN|ROK,AOS|CW|DOV|ETN|IR|ITT|MIDD|NDSN|ROK
ERNA,10,7,-6.65,-27.51,-42.06,0.0,-1.37,-15.23,-5.28,-12.280000000000001,-28.410000000000004,0.0,BLUE|CLLS|CRSP|EDIT|NTLA|PSTX|QURE|REPL|SGMO|VYGR,CLLS|CRSP|EDIT|NTLA|QURE|REPL|VYGR
ERO,10,10,7.84,-11.16,36.1,-1.62,-1.545,-10.125,9.385,-1.0350000000000001,22.415,1.0,BHP|EXK|FCX|HL|NEM|RIO|SCCO|TECK|TGB|VALE,BHP|EXK|FCX|HL|NEM|RIO|SCCO|TECK|TGB|VALE
ES,10,10,-4.35,-8.9,-9.48,0.0,-4.05,-7.425000000000001,-0.2999999999999998,-1.4749999999999996,3.2300000000000004,0.3,AEP|D|DUK|ED|EXC|NEE|PCG|PNW|SO|XEL,AEP|D|DUK|ED|EXC|NEE|PCG|PNW|SO|XEL
ESAB,10,9,0.88,-16.41,-31.94,-0.1,2.65,-3.4,-1.77,-13.01,-32.93,0.2222222222222222,APD|BA|EMR|HON|ITW|LIN|MMM|PX|TXT|WCC,APD|BA|EMR|HON|ITW|LIN|MMM|TXT|WCC
ESBA,10,10,-1.69,-10.55,-18.92,0.0,-1.935,-7.73,0.2450000000000001,-2.8200000000000003,-12.735000000000001,0.6,ARE|BXP|DEI|FRT|HIW|KRC|REG|SLG|SPG|VNO,ARE|BXP|DEI|FRT|HIW|KRC|REG|SLG|SPG|VNO
ESCA,10,8,-2.8,-9.14,2.86,0.0,-0.93,-3.935,-1.8699999999999997,-5.205,19.134999999999998,0.25,ASO|BGFV|COLM|CROX|DECK|DKS|NKE|SKX|UA|VFC,ASO|COLM|CROX|DECK|DKS|NKE|UA|VFC
ESE,10,10,2.78,-3.42,-23.18,0.0,3.76,-0.31,-0.98,-3.11,-21.625,0.4,AME|AOS|CW|DHR|FLS|IEX|ITT|MOG-A|RBC|XYL,AME|AOS|CW|DHR|FLS|IEX|ITT|MOG-A|RBC|XYL
ESEA,10,10,-3.78,-6.8,4.85,0.0,-3.625,-2.02,-0.1549999999999998,-4.779999999999999,-17.840000000000003,0.4,CMRE|DAC|DSX|GNK|GOGL|GSL|NMM|SB|SBLK|SHIP,CMRE|DAC|DSX|GNK|GOGL|GSL|NMM|SB|SBLK|SHIP
ESI,10,10,6.12,-0.87,-26.26,-0.79,0.925,-6.225,5.195,5.3549999999999995,-19.310000000000002,1.0,ALB|CC|CE|EMN|FUL|IFF|LYB|PPG|RPM|SHW,ALB|CC|CE|EMN|FUL|IFF|LYB|PPG|RPM|SHW
ESLA,10,10,-26.24,-35.78,-51.84,0.0,0.0,-1.4849999999999999,-26.24,-34.295,-66.24000000000001,0.0,AZN|BNTX|GILD|JNJ|LLY|MRNA|NVAX|PFE|REGN|VRTX,AZN|BNTX|GILD|JNJ|LLY|MRNA|NVAX|PFE|REGN|VRTX
ESLT,10,10,-0.53,3.09,1.62,0.28,-2.5700000000000003,-5.545,2.04,8.635,7.72,0.7,BA|BWXT|GD|HII|HON|LHX|LMT|NOC|TDY|TXT,BA|BWXT|GD|HII|HON|LHX|LMT|NOC|TDY|TXT
ESNT,10,10,-2.56,-4.68,6.34,0.49,-2.37,-6.155,-0.18999999999999995,1.4750000000000005,6.64,0.5,ACGL|AIG|ALL|GNW|HIG|MTG|NMIH|ORI|PGR|RDN,ACGL|AIG|ALL|GNW|HIG|MTG|NMIH|ORI|PGR|RDN
ESOA,10,10,-2.61,-6.33,-39.38,0.0,1.185,-4.3,-3.795,-2.0300000000000002,-22.315,0.3,BKR|DY|EME|FIX|KBR|MTZ|MYRG|PRIM|PWR|TTEK,BKR|DY|EME|FIX|KBR|MTZ|MYRG|PRIM|PWR|TTEK
ESP,10,9,-2.35,2.39,-3.77,0.0,1.9,-6.91,-4.25,9.3,6.370000000000001,0.2222222222222222,AIR|ATRO|BELFB|CW|DCO|HEI|HXL|MRCY|TDY|TGI,AIR|ATRO|BELFB|CW|DCO|HEI|HXL|MRCY|TDY
ESQ,10,10,0.2,5.71,5.8,0.0,-3.03,-4.494999999999999,3.23,10.204999999999998,11.325,1.0,AX|BANF|BBT|BOH|CUBI|EFSC|FULT|HOMB|MSBI|NBTB,AX|BANF|BBT|BOH|CUBI|EFSC|FULT|HOMB|MSBI|NBTB
ESRT,10,10,-2.64,-15.09,-21.21,-1.94,-1.935,-9.91,-0.7050000000000001,-5.18,-15.025,0.4,ARE|BXP|CUZ|DEI|HIW|HPP|KRC|NYC|SLG|VNO,ARE|BXP|CUZ|DEI|HIW|HPP|KRC|NYC|SLG|VNO
ESS,9,7,0.78,-6.86,-2.9,0.0,-2.41,-11.47,3.1900000000000004,4.61,10.68,1.0,AIV|AVB|BRT|CPT|EQR|IRT|MAA|NXRT|UDR,AIV|BRT|CPT|IRT|MAA|NXRT|UDR
ESTA,10,10,-4.78,-5.97,-22.3,0.0,-1.96,-9.895,-2.8200000000000003,3.925,-18.805,0.2,ABT|ALGN|BSX|EW|MDT|PENN|SYK|TFX|XRAY|ZBH,ABT|ALGN|BSX|EW|MDT|PENN|SYK|TFX|XRAY|ZBH
ESTC,10,10,1.61,12.44,68.66,-0.96,6.175000000000001,13.094999999999999,-4.565,-0.6549999999999994,17.47,0.2,CRWD|DDOG|MDB|NOW|OKTA|PANW|PLTR|SNOW|TWLO|ZS,CRWD|DDOG|MDB|NOW|OKTA|PANW|PLTR|SNOW|TWLO|ZS
ET,9,8,-2.89,-2.75,6.58,-0.24,-1.195,-1.5950000000000002,-1.695,-1.1549999999999998,7.51,0.125,AM|ENB|ENLC|EPD|KMI|OKE|PAA|TRGP|WMB,AM|ENB|EPD|KMI|OKE|PAA|TRGP|WMB
ETD,10,8,-2.78,2.77,6.61,0.0,1.04,-3.825,-3.82,6.595000000000001,17.19,0.0,BSET|FLXS|HOFT|HVT|LZB|RH|SGI|SNBR|TBHC|WSM,BSET|FLXS|HOFT|HVT|LZB|RH|SGI|WSM
ETN,8,8,5.48,5.54,2.86,-1.57,2.6799999999999997,-2.09,2.8000000000000007,7.63,8.585,0.875,CAT|DOV|EMR|HON|ITW|PH|ROK|ROP,CAT|DOV|EMR|HON|ITW|PH|ROK|ROP
ETON,10,10,-1.31,-13.69,63.66,0.0,-0.07999999999999999,-6.67,-1.23,-7.02,54.89,0.3,BMY|JNJ|LLY|MRK|NVS|PFE|REGN|SNY|VRTX|ZTS,BMY|JNJ|LLY|MRK|NVS|PFE|REGN|SNY|VRTX|ZTS
ETOR,0,0,-3.79,-6.5,-25.6,0.0,,,,,,,,
ETR,10,10,-4.17,-6.81,-14.2,-0.23,-4.05,-7.68,-0.1200000000000001,0.8700000000000001,-1.5399999999999991,0.3,AEP|D|DUK|ED|EXC|NEE|PEG|PPL|SO|XEL,AEP|D|DUK|ED|EXC|NEE|PEG|PPL|SO|XEL
ETS,0,0,-25.16,108.85,129.53,3.55,,,,,,,,
ETSY,8,8,-0.64,-14.86,-7.49,-2.47,-0.79,-9.145,0.15000000000000002,-5.715,-11.27,0.5,AMZN|EBAY|JD|PINS|RVLV|SFIX|SHOP|W,AMZN|EBAY|JD|PINS|RVLV|SFIX|SHOP|W
EU,9,9,23.55,-12.73,-9.77,-1.64,-2.96,-21.62,26.51,8.89,1.0,1.0,BMN|CCJ|DNN|LEU|LTBR|NXE|UEC|URG|UUUU,BMN|CCJ|DNN|LEU|LTBR|NXE|UEC|URG|UUUU
EUDA,10,9,4.49,12.53,19.52,0.0,-0.9,6.14,5.390000000000001,6.39,1.2800000000000011,0.8888888888888888,ADUS|AMWL|CLOV|DOCS|GOCO|HIMS|NTRA|OSCR|TDOC|VEEV,ADUS|AMWL|CLOV|DOCS|HIMS|NTRA|OSCR|TDOC|VEEV
EURK,0,0,2.25,0.08,-2.09,1.72,,,,,,,,
EVAC,0,0,0.29,0.39,1.28,0.0,,,,,,,,
EVAX,9,6,1.86,-2.09,4.46,-0.0,0.8150000000000001,-7.0249999999999995,1.045,4.935,-14.04,0.5,ADAP|ALVR|ARCT|BNTX|IMMP|INO|MRNA|NVAX|VXRT,ARCT|BNTX|IMMP|INO|MRNA|NVAX
EVC,10,7,-0.13,-2.84,-29.71,0.0,-2.45,-9.08,2.3200000000000003,6.24,-37.18,0.8571428571428571,CMLS|DIS|FOX|GTN|IAC|NWS|NXST|SBGI|SSP|TGNA,DIS|FOX|GTN|NWS|NXST|SBGI|SSP
EVCM,10,9,4.65,-12.88,-5.45,0.0,-3.05,-7.05,7.7,-5.830000000000001,-29.169999999999998,0.8888888888888888,ADP|GDDY|HUBS|INTU|PAYC|PCTY|SHOP|WIX|XYZ|ZUO,ADP|GDDY|HUBS|INTU|PAYC|PCTY|SHOP|WIX|XYZ
EVER,10,9,-23.37,-34.67,-19.17,-0.51,-2.24,-3.58,-21.130000000000003,-31.090000000000003,-20.16,0.0,EGHT|GDDY|GRPN|HSTM|MMM|NAVI|RDFN|SSTK|TREE|Z,EGHT|GDDY|GRPN|HSTM|MMM|NAVI|SSTK|TREE|Z
EVEX,10,9,4.52,-16.13,-20.91,0.0,-0.21,-6.01,4.7299999999999995,-10.12,-19.7,0.7777777777777778,ACHR|AVAV|EH|JOBY|KAVL|KTOS|MOG-A|RRC|SRTA|UP,ACHR|AVAV|EH|JOBY|KTOS|MOG-A|RRC|SRTA|UP
EVGN,10,9,-8.77,-19.09,2.98,0.0,-1.94,-16.94,-6.83,-2.1499999999999986,8.79,0.1111111111111111,AQST|CRIS|DTIL|HOOK|IBIO|IBRX|INO|MRKR|OCGN|QURE,AQST|CRIS|DTIL|IBIO|IBRX|INO|MRKR|OCGN|QURE
EVGO,10,9,-2.16,-8.11,-24.44,0.0,-3.51,-10.32,1.3499999999999996,2.210000000000001,-24.62,0.6666666666666666,BEEM|BLNK|CHPT|LAD|LCID|PLUG|RIVN|SBLX|TSLA|WKHS,BEEM|BLNK|CHPT|LAD|LCID|PLUG|RIVN|TSLA|WKHS
EVH,10,9,-3.21,-23.31,-28.03,0.0,-3.22,-4.37,0.010000000000000231,-18.939999999999998,-27.5,0.5555555555555556,ACHC|AMED|CI|CNC|HQY|HUM|MOH|OPCH|UHS|UNH,ACHC|CI|CNC|HQY|HUM|MOH|OPCH|UHS|UNH
EVI,10,10,14.51,33.76,31.01,0.0,0.11000000000000004,-4.27,14.4,38.03,43.205,1.0,CLX|KEN|KMT|LCII|PNR|RBC|TNC|WTS|WWD|XYL,CLX|KEN|KMT|LCII|PNR|RBC|TNC|WTS|WWD|XYL
EVLV,10,10,-3.27,-7.05,-11.11,0.0,-0.75,0.04500000000000004,-2.52,-7.095,-14.485,0.2,AMZN|CRWD|CSCO|GOOGL|IBM|INTC|MSFT|OKTA|ORCL|PANW,AMZN|CRWD|CSCO|GOOGL|IBM|INTC|MSFT|OKTA|ORCL|PANW
EVMN,0,0,-3.51,-34.44,-62.53,3.09,,,,,,,,
EVO,10,8,-9.58,-20.11,-44.28,-1.95,-1.9200000000000002,-7.79,-7.66,-12.32,-49.395,0.125,ARRY|BLUE|CRSP|FATE|INCY|IONS|NBIX|REGN|SGMO|VRTX,ARRY|CRSP|FATE|INCY|IONS|NBIX|REGN|VRTX
EVOX,0,0,0.0,0.2,1.1,0.0,,,,,,,,
EVR,10,10,-0.74,-10.42,-26.42,0.0,-3.0949999999999998,-10.68,2.3549999999999995,0.2599999999999998,-23.490000000000002,0.9,BAC|GS|JPM|LAZ|LZ|MC|MS|PJT|RJF|SF,BAC|GS|JPM|LAZ|LZ|MC|MS|PJT|RJF|SF
EVRG,10,10,-2.99,-3.67,-9.51,0.0,-3.905,-7.790000000000001,0.9149999999999996,4.120000000000001,2.9749999999999996,0.8,AEP|D|DUK|EIX|ES|FE|NEE|PNW|SO|XEL,AEP|D|DUK|EIX|ES|FE|NEE|PNW|SO|XEL
EVTC,10,10,-2.55,-6.73,4.23,0.0,-3.21,-9.79,0.6600000000000001,3.0599999999999987,-10.934999999999999,0.6,ADP|FIS|GPN|JKHY|MA|PAGS|PYPL|V|WEX|XYZ,ADP|FIS|GPN|JKHY|MA|PAGS|PYPL|V|WEX|XYZ
EVTL,10,6,15.0,-10.14,-59.13,1.8,-0.35,-13.905000000000001,15.35,3.7650000000000006,-49.46,1.0,ACHR|GOEV|JOBY|LCID|LILM|NKLA|QS|REE|SRTA|WKHS,ACHR|JOBY|LCID|QS|SRTA|WKHS
EW,9,9,-1.62,-4.46,-3.23,0.0,-0.44,-10.42,-1.1800000000000002,5.96,-2.31,0.4444444444444444,ABT|ALGN|BSX|COO|ISRG|MDT|SYK|TFX|ZBH,ABT|ALGN|BSX|COO|ISRG|MDT|SYK|TFX|ZBH
EWBC,10,8,-1.34,-3.43,-4.74,0.0,-3.96,-6.609999999999999,2.62,3.1799999999999993,3.99,1.0,CBSH|CFR|CMA|FNB|HBAN|OZK|PB|SNV|WAL|ZION,CBSH|CFR|FNB|HBAN|OZK|PB|WAL|ZION
EWTX,10,9,-12.87,-7.49,-1.89,-0.37,-3.83,-12.27,-9.04,4.779999999999999,11.76,0.0,ALNY|BMRN|CRSP|PRQR|PTCT|QURE|RARE|SGMO|SRPT|VYGR,ALNY|BMRN|CRSP|PRQR|PTCT|QURE|RARE|SRPT|VYGR
EXC,10,10,-4.05,-7.66,-12.48,0.55,-4.035,-7.445,-0.01499999999999968,-0.21499999999999986,0.41000000000000014,0.4,AEP|D|DUK|ED|NEE|PEG|PPL|SO|SRE|XEL,AEP|D|DUK|ED|NEE|PEG|PPL|SO|SRE|XEL
EXE,10,8,0.03,-6.66,-0.1,1.51,-2.4050000000000002,-1.145,2.435,-5.515000000000001,-13.965,0.875,APA|AR|COP|CVE|DVN|EOG|FANG|HES|MRO|OXY,APA|AR|COP|CVE|DVN|EOG|FANG|OXY
EXEL,10,10,-0.09,4.0,7.3,0.0,0.020000000000000004,-3.505,-0.11,7.505,-3.7,0.4,ALNY|AMGN|BIIB|BMRN|GILD|INCY|IONS|NBIX|REGN|VRTX,ALNY|AMGN|BIIB|BMRN|GILD|INCY|IONS|NBIX|REGN|VRTX
EXFY,10,10,0.49,-10.25,66.77,0.06,-2.69,-9.485,3.1799999999999997,-0.7650000000000006,43.089999999999996,1.0,ADBE|CRM|CSGP|INTU|PYPL|SAP|TEAM|WK|XYZ|ZM,ADBE|CRM|CSGP|INTU|PYPL|SAP|TEAM|WK|XYZ|ZM
EXK,10,8,-10.53,-17.95,13.17,-1.74,-4.39,-11.75,-6.14,-6.199999999999999,-5.479999999999999,0.0,AG|CDE|FSM|HL|MAG|NGD|PAAS|SSRM|SVM|WPM,AG|CDE|FSM|HL|PAAS|SSRM|SVM|WPM
EXLS,10,10,-2.85,-7.51,32.23,0.0,-4.050000000000001,-6.545,1.2000000000000006,-0.9649999999999999,12.094999999999999,0.8,ACN|ADP|CTSH|DOX|DXC|EPAM|G|IBM|INFY|WIT,ACN|ADP|CTSH|DOX|DXC|EPAM|G|IBM|INFY|WIT
EXOD,0,0,23.58,-0.51,39.96,0.0,,,,,,,,
EXOZ,0,0,4.04,-14.48,-12.97,0.94,,,,,,,,
EXP,10,8,-0.61,-12.69,-23.67,0.0,-0.47000000000000003,-6.47,-0.13999999999999996,-6.22,-1.6700000000000017,0.5,ASTE|CAT|CRH|CX|DE|FLR|HEES|MLM|SUM|VMC,ASTE|CAT|CRH|CX|DE|FLR|MLM|VMC
EXPD,10,10,-0.56,-0.54,16.3,0.0,-1.1,-8.13,0.54,7.590000000000001,28.255,0.7,CHRW|FDX|JBHT|KNX|LSTR|NSC|R|UNP|UPS|XPO,CHRW|FDX|JBHT|KNX|LSTR|NSC|R|UNP|UPS|XPO
EXPE,10,10,-9.07,-23.44,3.11,-0.11,-0.74,-9.805,-8.33,-13.635000000000002,13.09,0.1,ABNB|BKNG|H|HLT|IHG|MAR|SABR|TCOM|TRIP|WH,ABNB|BKNG|H|HLT|IHG|MAR|SABR|TCOM|TRIP|WH
EXPO,10,9,-4.06,-6.7,12.79,0.02,4.21,6.42,-8.27,-13.120000000000001,-9.21,0.0,A|ALGN|BIO|DHR|HOLX|IQV|KEYS|MTD|TMO|VEEE,A|ALGN|BIO|DHR|IQV|KEYS|MTD|TMO|VEEE
EXR,8,6,-1.9,-8.49,-8.24,0.0,-2.185,-6.8,0.28500000000000014,-1.6900000000000004,-1.92,0.5,CTRE|CUBE|EQC|NSA|OUT|PSA|REXR|STAG,CTRE|CUBE|OUT|PSA|REXR|STAG
EXTR,10,8,-2.51,-3.89,-29.75,-1.27,0.065,-0.5900000000000001,-2.5749999999999997,-3.3,-36.525,0.25,ANET|CIEN|CSCO|ERIC|FFIV|HPE|INFN|JNPR|MSI|NTCT,ANET|CIEN|CSCO|ERIC|FFIV|HPE|MSI|NTCT
EYE,10,8,-0.55,-10.26,-7.1,0.0,-1.27,-5.4,0.72,-4.859999999999999,-3.1849999999999996,0.625,AMZN|COST|CVS|DG|DLTR|FLWS|TGT|VSTO|WBA|WMT,AMZN|COST|CVS|DG|DLTR|FLWS|TGT|WMT
EYPT,10,8,-7.27,-26.07,-73.01,-0.54,0.165,-5.44,-7.435,-20.63,-62.48500000000001,0.125,AGIO|ALNY|BLUE|BMRN|IONS|NBIX|RARE|REGN|SAGE|VRTX,AGIO|ALNY|BMRN|IONS|NBIX|RARE|REGN|VRTX
EZGO,10,7,0.14,-17.36,-37.1,-0.26,-0.33,-2.93,0.47000000000000003,-14.43,-26.29,0.5714285714285714,FRSX|GOEV|HYLN|KNDI|LI|NIU|NKLA|SBLX|WKHS|XPEV,FRSX|HYLN|KNDI|LI|NIU|WKHS|XPEV
EZPW,10,9,-1.79,-13.87,-6.91,0.0,-2.49,-7.68,0.7000000000000002,-6.1899999999999995,6.07,0.6666666666666666,ASPS|ATLC|ENVA|FCFS|HZO|OMCC|PBYI|QFIN|RM|WRLD,ASPS|ATLC|ENVA|FCFS|HZO|PBYI|QFIN|RM|WRLD
F,10,10,-5.06,-7.37,-8.42,-0.14,-3.2350000000000003,-7.61,-1.8249999999999993,0.2400000000000002,-8.575,0.1,GM|HMC|LCID|NIO|RACE|RIVN|STLA|TM|TSLA|XPEV,GM|HMC|LCID|NIO|RACE|RIVN|STLA|TM|TSLA|XPEV
FA,10,9,-7.24,-3.33,19.62,0.0,0.46,-6.24,-7.7,2.91,17.080000000000002,0.1111111111111111,DNB|ECL|EIG|FICO|MMM|MORN|MSCI|RHI|SPGI|TRU,ECL|EIG|FICO|MMM|MORN|MSCI|RHI|SPGI|TRU
FACT,0,0,0.19,0.37,0.75,0.0,,,,,,,,
FAF,10,10,-4.25,-5.77,1.25,0.0,-2.37,-5.665,-1.88,-0.10499999999999954,-5.395,0.2,CINF|ESNT|FNF|HZO|ITIC|MTG|NMIH|RDN|STC|TRV,CINF|ESNT|FNF|HZO|ITIC|MTG|NMIH|RDN|STC|TRV
FAMI,9,6,2.66,30.55,-89.75,-0.83,-1.0350000000000001,-7.470000000000001,3.6950000000000003,38.02,-85.77,0.6666666666666666,FLGC|GNPX|HOTH|IPHA|LRN|RNXT|SNDL|VERO|XPON,GNPX|IPHA|LRN|RNXT|SNDL|XPON
FANG,7,5,-4.54,-5.95,2.98,1.26,-1.84,-0.36,-2.7,-5.59,-11.1,0.0,APA|COP|DVN|EOG|HES|MRO|OXY,APA|COP|DVN|EOG|OXY
FAST,8,6,4.11,1.77,9.12,0.41,3.465,2.8099999999999996,0.6450000000000005,-1.0399999999999996,4.714999999999999,0.6666666666666666,AIT|DXPE|GWW|MRC|MSM|PDCO|TITN|WCC,AIT|DXPE|GWW|MSM|TITN|WCC
FATE,10,8,-0.41,-0.41,17.96,0.0,-0.89,-9.695,0.48000000000000004,9.285,25.0,0.5,BLUE|CLLS|CRSP|EDIT|GILD|NTLA|SGMO|SRPT|TVRD|VTVT,CLLS|CRSP|EDIT|GILD|NTLA|SRPT|TVRD|VTVT
FATN,0,0,-4.89,-11.02,-3.49,0.0,,,,,,,,
FBGL,0,0,0.0,-9.3,-26.61,-3.7,,,,,,,,
FBIN,10,10,-1.81,-14.54,-15.77,0.0,-0.43000000000000005,-8.65,-1.38,-5.889999999999999,-3.26,0.2,APOG|DHI|JELD|LEN|MAS|NVR|OC|PHM|SHW|WHR,APOG|DHI|JELD|LEN|MAS|NVR|OC|PHM|SHW|WHR
FBIO,10,9,-4.88,-20.14,-25.48,0.0,-3.83,-13.12,-1.0499999999999998,-7.020000000000001,-27.82,0.3333333333333333,ANAB|BMRN|CRSP|EDIT|FOLD|MGTX|PTGX|QURE|TGTX|XENE,ANAB|BMRN|CRSP|EDIT|MGTX|PTGX|QURE|TGTX|XENE
FBIZ,10,9,-3.27,-0.97,11.02,0.0,-2.98,-3.73,-0.29000000000000004,2.76,12.1,0.2222222222222222,CAC|CVBF|FFBC|FFIN|HIFS|HTLF|INDB|SFNC|TMP|WAL,CAC|CVBF|FFBC|FFIN|HIFS|INDB|SFNC|TMP|WAL
FBK,10,10,-2.79,-9.66,-3.73,0.0,-2.8049999999999997,-3.365,0.01499999999999968,-6.295,-2.14,0.5,BBT|CUBI|FHN|GBCI|HBT|HOMB|SRCE|TCBK|TRMK|WABC,BBT|CUBI|FHN|GBCI|HBT|HOMB|SRCE|TCBK|TRMK|WABC
FBLA,0,0,-0.31,1.58,7.97,0.0,,,,,,,,
FBLG,10,10,-6.99,-1.48,72.86,0.0,0.16999999999999998,-3.625,-7.16,2.145,58.545,0.0,AMGN|BIIB|BMY|GILD|JNJ|LLY|MRK|PFE|REGN|VRTX,AMGN|BIIB|BMY|GILD|JNJ|LLY|MRK|PFE|REGN|VRTX
FBNC,10,10,-0.64,-4.7,-0.78,0.0,-3.44,-8.005,2.8,3.3050000000000006,6.995,1.0,BAC|CFG|FITB|HBAN|KEY|MTB|PNC|RF|USB|WFC,BAC|CFG|FITB|HBAN|KEY|MTB|PNC|RF|USB|WFC
FBP,10,10,-3.47,-5.46,1.02,0.0,-2.54,-3.9749999999999996,-0.9300000000000002,-1.4850000000000003,5.449999999999999,0.3,BPOP|CATY|CUBI|FHN|FULT|HBAN|OFG|ONB|UMBF|WAL,BPOP|CATY|CUBI|FHN|FULT|HBAN|OFG|ONB|UMBF|WAL
FBRT,10,10,-3.49,-11.61,-10.34,0.0,-5.78,-13.73,2.29,2.120000000000001,3.2650000000000006,0.6,ABR|ARI|BXMT|GPMT|KREF|LADR|RC|SLG|STWD|TRTX,ABR|ARI|BXMT|GPMT|KREF|LADR|RC|SLG|STWD|TRTX
FBYD,10,10,-4.71,-38.21,-61.41,0.0,-0.82,-10.085,-3.89,-28.125,-58.339999999999996,0.1,AMCX|CHDN|CMCSA|DIS|EPR|FUN|GTIM|MTN|PENN|PLAY,AMCX|CHDN|CMCSA|DIS|EPR|FUN|GTIM|MTN|PENN|PLAY
FC,10,8,-3.43,-16.42,-27.58,0.0,-3.34,-7.665,-0.0900000000000003,-8.755000000000003,-27.645,0.5,AHH|ATGE|BFAM|EDU|GHC|HRB|LRN|MMS|SCI|STRA,BFAM|EDU|GHC|HRB|LRN|MMS|SCI|STRA
FCAP,10,10,0.77,0.36,-6.0,0.0,-3.03,-3.9899999999999998,3.8,4.35,-2.21,1.0,ASB|CAC|CHCO|FIBK|FRME|FULT|HOMB|OZK|SFBS|TRMK,ASB|CAC|CHCO|FIBK|FRME|FULT|HOMB|OZK|SFBS|TRMK
FCBC,10,10,-0.34,-5.63,4.82,0.0,-3.44,-7.54,3.1,1.9100000000000001,13.14,1.0,BAC|C|FITB|HBAN|KEY|PNC|RF|TFC|USB|WFC,BAC|C|FITB|HBAN|KEY|PNC|RF|TFC|USB|WFC
FCCO,10,10,-4.02,-4.19,-1.5,0.0,-2.7,-3.83,-1.3199999999999994,-0.3600000000000003,2.465,0.1,BANF|CASH|CIVB|EFSC|HBT|MSBI|PKBK|SBSI|SFBS|UBSI,BANF|CASH|CIVB|EFSC|HBT|MSBI|PKBK|SBSI|SFBS|UBSI
FCEL,10,7,-5.31,-13.06,-14.66,-2.39,-4.25,3.82,-1.0599999999999996,-16.88,-0.6899999999999995,0.2857142857142857,ADN|BE|BLDP|CLNE|FTEK|HYFM|HYZN|NKLA|OPAL|PLUG,BE|BLDP|CLNE|FTEK|HYFM|OPAL|PLUG
FCF,10,9,-2.78,-1.62,2.13,0.0,-2.93,-3.73,0.15000000000000036,2.11,2.87,0.5555555555555556,ASB|CADE|COLB|FULT|HFWA|NBTB|TMP|TOWN|TRMK|WASH,ASB|COLB|FULT|HFWA|NBTB|TMP|TOWN|TRMK|WASH
FCFS,10,9,-1.47,-8.44,-1.1,0.0,-3.8,-10.64,2.33,2.200000000000001,11.58,0.8888888888888888,ENVA|EZPW|GDOT|LC|OPRT|OZK|QFIN|RM|TBBK|WRLD,ENVA|EZPW|GDOT|OPRT|OZK|QFIN|RM|TBBK|WRLD
FCHL,0,0,-0.97,-7.27,-14.29,0.0,,,,,,,,
FCN,10,10,-8.02,-14.17,-7.52,0.0,-2.38,-6.470000000000001,-5.64,-7.699999999999999,-37.2,0.0,ACN|CBZ|CWT|EXPO|HURN|IT|LDOS|MORN|NCI|SPGI,ACN|CBZ|CWT|EXPO|HURN|IT|LDOS|MORN|NCI|SPGI
FCNCA,10,10,-2.87,-6.58,-3.68,0.0,-3.645,-6.8100000000000005,0.7749999999999999,0.23000000000000043,3.3800000000000003,0.7,BAC|C|CFG|FITB|JPM|PNC|RF|TFC|USB|WFC,BAC|C|CFG|FITB|JPM|PNC|RF|TFC|USB|WFC
FCPT,10,9,-3.56,-12.78,-11.57,0.0,-1.11,-8.3,-2.45,-4.479999999999999,0.129999999999999,0.2222222222222222,ADC|BRX|EPRT|GTY|KIM|KRG|NNN|O|ROIC|WPC,ADC|BRX|EPRT|GTY|KIM|KRG|NNN|O|WPC
FCRS,0,0,-0.15,0.1,0.49,0.0,,,,,,,,
FCUV,10,9,-6.95,-46.09,9.05,0.0,4.29,1.26,-11.24,-47.35,19.05,0.0,CGNX|COHR|FARO|ITRI|KEYS|MIND|MKSI|MLAB|NOVT|VTSI,CGNX|COHR|ITRI|KEYS|MIND|MKSI|MLAB|NOVT|VTSI
FCX,9,9,1.06,-10.4,14.15,-1.35,-1.33,-9.85,2.39,-0.5500000000000007,0.9299999999999997,0.6666666666666666,BHP|HBM|HL|NEM|RIO|SCCO|TECK|TGB|VALE,BHP|HBM|HL|NEM|RIO|SCCO|TECK|TGB|VALE
FDBC,10,10,-1.41,-0.02,6.41,0.0,-2.585,-2.745,1.175,2.725,5.41,0.9,CPF|CZNC|FRBA|FULT|NWBI|ORRF|STBA|TRST|UVSP|WASH,CPF|CZNC|FRBA|FULT|NWBI|ORRF|STBA|TRST|UVSP|WASH
FDMT,10,8,3.81,-3.05,32.29,1.6,-0.13999999999999999,-7.79,3.95,4.74,27.174999999999997,0.75,ARWR|BIIB|BLUE|CRSP|EDIT|NTLA|REGN|SGMO|SRPT|VRTX,ARWR|BIIB|CRSP|EDIT|NTLA|REGN|SRPT|VRTX
FDS,10,10,2.11,-3.83,36.34,1.9,-1.6600000000000001,-7.07,3.77,3.24,30.460000000000004,0.8,FICO|FIS|ICE|JPM|MORN|MSCI|NDAQ|SPGI|TRI|VRSK,FICO|FIS|ICE|JPM|MORN|MSCI|NDAQ|SPGI|TRI|VRSK
FDSB,10,10,-1.63,-1.25,14.33,0.0,-3.44,-6.43,1.81,5.18,19.445,0.8,BAC|C|FITB|JPM|KEY|PNC|STT|TFC|USB|WFC,BAC|C|FITB|JPM|KEY|PNC|STT|TFC|USB|WFC
FDUS,10,10,-0.88,-3.39,5.62,0.0,-1.8249999999999997,-4.68,0.9449999999999997,1.2899999999999996,0.3600000000000003,0.8,ARCC|GAIN|GSBD|HTGC|MAIN|NMFC|PNNT|PSEC|SLRC|TCPC,ARCC|GAIN|GSBD|HTGC|MAIN|NMFC|PNNT|PSEC|SLRC|TCPC
FDX,10,10,-4.54,-12.5,-11.37,0.16,-0.23500000000000004,-4.4,-4.305,-8.1,2.3450000000000006,0.1,ARCB|CHRW|EXPD|JBHT|KNX|ODFL|SAIA|UPS|WERN|XPO,ARCB|CHRW|EXPD|JBHT|KNX|ODFL|SAIA|UPS|WERN|XPO
FE,10,10,-4.66,-6.48,-9.19,-0.11,-4.035,-7.0,-0.625,0.5199999999999996,3.700000000000001,0.1,AEP|CMS|D|DUK|ED|ETR|EXC|PPL|SO|XEL,AEP|CMS|D|DUK|ED|ETR|EXC|PPL|SO|XEL
FEAM,8,6,31.07,54.29,106.11,2.27,-1.305,-16.38,32.375,70.67,125.82,1.0,ALB|LAC|MP|PLL|SGML|SLI|SQM|THR,ALB|LAC|MP|SGML|SLI|SQM
FEBO,10,10,-8.92,-6.9,-24.27,0.0,-2.49,-4.2,-6.43,-2.7,-19.509999999999998,0.0,CAH|CI|CNC|DVA|HCA|HUM|MCK|MOH|UHS|UNH,CAH|CI|CNC|DVA|HCA|HUM|MCK|MOH|UHS|UNH
FEDU,10,9,2.12,4.31,-2.64,0.0,-1.97,-4.76,4.09,9.07,4.76,0.6666666666666666,APEI|ATGE|CECO|CHGG|EDU|GOTU|LRN|PRDO|TAL|UTI,APEI|CECO|CHGG|EDU|GOTU|LRN|PRDO|TAL|UTI
FEIM,10,10,1.11,41.7,35.41,0.63,2.1550000000000002,2.4,-1.0450000000000002,39.300000000000004,44.08,0.3,ADI|AVGO|MPWR|MTSI|NXPI|ON|QCOM|QRVO|SWKS|TXN,ADI|AVGO|MPWR|MTSI|NXPI|ON|QCOM|QRVO|SWKS|TXN
FELE,10,10,0.21,-6.64,-8.18,0.0,2.23,-3.795,-2.02,-2.8449999999999998,-7.505,0.1,AIT|AOS|BMI|CSL|IEX|MSA|NDSN|PNR|WTS|XYL,AIT|AOS|BMI|CSL|IEX|MSA|NDSN|PNR|WTS|XYL
FEMY,10,9,-4.76,-14.79,-32.54,-5.87,-0.18,-4.49,-4.58,-10.299999999999999,-15.23,0.2222222222222222,AXSM|HOOK|HSDT|IOVA|KALA|LBRT|MANH|TMDX|VIVS|VRCA,AXSM|HSDT|IOVA|KALA|LBRT|MANH|TMDX|VIVS|VRCA
FENC,10,9,-0.38,-7.81,1.06,0.0,-6.31,-6.48,5.93,-1.3299999999999992,-5.98,0.6666666666666666,ACAD|AGEN|ALNY|BMRN|IONS|NBIX|PRQR|SRPT|VRTX|XOMA,ACAD|AGEN|ALNY|BMRN|IONS|NBIX|PRQR|SRPT|VRTX
FENG,10,10,0.69,-1.37,-6.45,0.0,1.23,-7.275,-0.54,5.905,-10.855,0.4,BABA|BIDU|IQ|JD|JOYY|MOMO|NTES|SOHU|TME|WB,BABA|BIDU|IQ|JD|JOYY|MOMO|NTES|SOHU|TME|WB
FER,10,10,1.1,-12.34,-21.3,-0.05,-1.73,-6.125,2.83,-6.215,-8.055,0.7,ACM|DY|EME|FLR|GVA|J|KBR|MTZ|PWR|ROAD,ACM|DY|EME|FLR|GVA|J|KBR|MTZ|PWR|ROAD
FERA,0,0,0.0,-0.19,0.86,0.0,,,,,,,,
FERG,10,9,3.18,-6.46,-6.55,0.0,3.0,-1.57,0.18000000000000016,-4.89,7.819999999999999,0.5555555555555556,AIT|BECN|FAST|GWW|HD|LOW|MSM|POOL|SITE|WSO,AIT|FAST|GWW|HD|LOW|MSM|POOL|SITE|WSO
FET,10,8,1.3,8.72,70.26,0.0,-3.2750000000000004,-6.6,4.575,15.32,67.03,1.0,CLB|ENSV|FTI|HLX|INVX|NBR|NINE|OII|PUMP|TDW,CLB|FTI|INVX|NBR|NINE|OII|PUMP|TDW
FF,10,9,-4.07,-5.64,24.76,0.0,-6.32,-1.95,2.25,-3.6899999999999995,21.19,0.6666666666666666,ADM|ALTO|AMTX|BIOX|BYND|CLNE|DAR|GEVO|GPRE|ORGN,ADM|ALTO|AMTX|BIOX|BYND|CLNE|DAR|GEVO|GPRE
FFAI,10,7,-19.77,-48.74,-96.01,2.16,-2.16,-11.07,-17.61,-37.67,-80.01,0.0,EVGO|GOEV|LCID|LI|NIO|NKLA|RIVN|SBLX|TSLA|XPEV,EVGO|LCID|LI|NIO|RIVN|TSLA|XPEV
FFBC,10,9,-2.98,-5.22,-5.16,0.0,-3.09,-7.58,0.10999999999999988,2.3600000000000003,3.5,0.5555555555555556,BKU|CMA|FITB|FNB|HBAN|KEY|MTB|PNC|RF|USB,BKU|FITB|FNB|HBAN|KEY|MTB|PNC|RF|USB
FFIN,10,9,-4.2,-6.01,-6.23,0.0,-3.8,-6.46,-0.40000000000000036,0.4500000000000002,2.4499999999999993,0.3333333333333333,BOH|BOKF|CFR|EFSC|FGBI|IBTX|OZK|PB|PBHC|SBSI,BOH|BOKF|CFR|EFSC|FGBI|OZK|PB|PBHC|SBSI
FFIV,9,8,4.46,18.62,17.62,-0.43,3.23,9.735,1.23,8.885000000000002,-1.7949999999999982,0.75,AKAM|ANET|CHKP|CRWD|CSCO|FTNT|JNPR|MSFT|PANW,AKAM|ANET|CHKP|CRWD|CSCO|FTNT|MSFT|PANW
FG,10,10,-5.9,-6.19,-17.97,0.0,-1.175,-1.42,-4.7250000000000005,-4.7700000000000005,-25.25,0.0,AFL|AIG|BHF|HIG|LNC|MET|PFG|PRU|UNM|VOYA,AFL|AIG|BHF|HIG|LNC|MET|PFG|PRU|UNM|VOYA
FGBI,10,7,-10.25,-12.81,-27.84,0.0,-2.52,-3.56,-7.73,-9.25,-23.82,0.0,BKU|CATY|EBTC|EVBN|FULT|PFBC|SNV|UBSI|UVSP|WASH,BKU|CATY|FULT|PFBC|UBSI|UVSP|WASH
FGI,10,10,-7.38,19.8,98.82,0.0,-0.009999999999999995,-7.800000000000001,-7.37,27.6,111.54499999999999,0.0,DHI|JELD|LECO|LEN|LII|MAS|NVR|OC|PHM|TOL,DHI|JELD|LECO|LEN|LII|MAS|NVR|OC|PHM|TOL
FGL,0,0,11.27,-78.36,-96.83,2.48,,,,,,,,
FGNX,10,10,27.21,8.82,51.66,0.0,-1.875,-11.844999999999999,29.085,20.665,47.974999999999994,1.0,APO|ARES|BAM|BX|CG|HLNE|KKR|MS|NDAQ|PSEC,APO|ARES|BAM|BX|CG|HLNE|KKR|MS|NDAQ|PSEC
FHB,10,9,-3.24,-4.84,-14.43,0.0,-3.48,-4.06,0.23999999999999977,-0.7800000000000002,-9.69,0.5555555555555556,BOH|CFR|CVBF|EWBC|FULT|PNFP|SNV|UBSI|WAL|ZION,BOH|CFR|CVBF|EWBC|FULT|PNFP|UBSI|WAL|ZION
FHI,10,9,1.53,-11.06,2.09,0.0,-1.0,-6.85,2.5300000000000002,-4.210000000000001,-6.01,0.7777777777777778,AB|AMP|BEN|BLK|IVZ|JHG|PFG|SCHW|STT|TROW,AB|AMP|BEN|BLK|IVZ|PFG|SCHW|STT|TROW
FHN,10,10,-3.98,-5.59,-9.81,0.15,-3.54,-7.54,-0.43999999999999995,1.9500000000000002,-3.585000000000001,0.1,BAC|C|COF|JPM|KEY|PNC|RF|TFC|USB|WFC,BAC|C|COF|JPM|KEY|PNC|RF|TFC|USB|WFC
FHTX,10,9,-7.73,-43.42,-3.84,0.14,-1.74,-9.82,-5.99,-33.6,9.81,0.1111111111111111,ABEO|BEAM|BLUE|CRSP|EDIT|NTLA|PASG|QURE|SRPT|VYGR,ABEO|BEAM|CRSP|EDIT|NTLA|PASG|QURE|SRPT|VYGR
FIBK,10,8,-2.44,-3.28,-4.91,0.0,-4.045,-5.8,1.605,2.52,2.37,0.75,BOH|CADE|CMA|EWBC|FFIN|FHN|HTH|PB|WAL|ZION,BOH|EWBC|FFIN|FHN|HTH|PB|WAL|ZION
FICO,10,10,-9.02,-22.68,-23.11,-0.05,-1.9849999999999999,-8.33,-7.035,-14.35,-33.37,0.0,ADBE|AXP|FLGT|INTU|MA|MSCI|PYPL|SPGI|TRU|V,ADBE|AXP|FLGT|INTU|MA|MSCI|PYPL|SPGI|TRU|V
FIEE,0,0,0.26,-15.28,-13.59,0.0,,,,,,,,
FIG,0,0,-7.82,-21.28,27.48,-1.34,,,,,,,,
FIGR,0,0,1.33,-16.97,26.94,-1.44,,,,,,,,
FIGS,9,8,-8.12,-18.26,8.21,0.25,0.7549999999999999,-6.67,-8.875,-11.590000000000002,22.685000000000002,0.0,COLM|LEVI|LULU|NKE|PVH|RL|SKX|UA|VFC,COLM|LEVI|LULU|NKE|PVH|RL|UA|VFC
FIGX,0,0,0.09,-0.29,1.08,0.0,,,,,,,,
FINS,10,9,-2.52,-4.61,-4.84,0.0,-3.44,-7.5,0.9199999999999999,2.8899999999999997,3.33,0.7777777777777778,BAC|BK|C|GS|JPM|MS|PNC|TFC|USB|WFC,BAC|C|GS|JPM|MS|PNC|TFC|USB|WFC
FINV,10,9,-1.52,-23.83,-29.33,4.34,-0.99,-13.27,-0.53,-10.559999999999999,-7.039999999999999,0.3333333333333333,AIHS|HTT|JFIN|LU|LX|QFIN|SOS|TIGR|XYF|YRD,HTT|JFIN|LU|LX|QFIN|SOS|TIGR|XYF|YRD
FINW,10,10,-11.91,-17.7,-21.99,0.0,-3.54,-8.49,-8.370000000000001,-9.209999999999999,-13.099999999999998,0.0,ALLY|AXP|BAC|C|GS|JPM|MS|PNC|TFC|WFC,ALLY|AXP|BAC|C|GS|JPM|MS|PNC|TFC|WFC
FIP,10,9,7.67,-17.6,-34.12,0.0,-1.9,-3.81,9.57,-13.790000000000001,-29.47,1.0,ARE|CCI|CUBE|FR|MPW|OHI|PLD|SBRA|STAG|VNO,ARE|CCI|CUBE|FR|OHI|PLD|SBRA|STAG|VNO
FIS,7,7,-5.22,-14.68,-8.8,-0.4,-5.36,-13.01,0.14000000000000057,-1.67,-20.85,0.5714285714285714,ADP|GPN|INTU|JKHY|PAYX|WU|XYZ,ADP|GPN|INTU|JKHY|PAYX|WU|XYZ
FISI,10,9,-1.42,-2.84,2.56,0.0,-2.47,-3.56,1.0500000000000003,0.7200000000000002,7.25,1.0,FFIC|FNB|FULT|GBCI|HAFC|HWC|OFG|RNST|UBSI|WAFD,FNB|FULT|GBCI|HAFC|HWC|OFG|RNST|UBSI|WAFD
FISV,10,10,-6.71,-12.3,-3.24,0.09,-3.21,-11.93,-3.5,-0.370000000000001,-15.155,0.1,ADP|FIS|GPN|JKHY|MA|PAYX|PYPL|V|WU|XYZ,ADP|FIS|GPN|JKHY|MA|PAYX|PYPL|V|WU|XYZ
FITB,10,10,-1.37,-5.85,-5.95,0.0,-3.54,-7.54,2.17,1.6900000000000004,2.37,0.9,BAC|C|HBAN|JPM|KEY|PNC|RF|TFC|USB|WFC,BAC|C|HBAN|JPM|KEY|PNC|RF|TFC|USB|WFC
FIVE,9,9,-4.98,-13.26,20.59,-1.06,3.41,-2.99,-8.39,-10.27,24.71,0.0,BURL|DG|DLTR|KSS|OLLI|ROST|TGT|TJX|WMT,BURL|DG|DLTR|KSS|OLLI|ROST|TGT|TJX|WMT
FIVN,10,10,7.25,14.6,89.65,-1.8,0.21500000000000002,14.42,7.035,0.17999999999999972,55.290000000000006,0.7,ADBE|CRM|CSCO|EGHT|HUBS|NICE|RNG|TEAM|TWLO|ZM,ADBE|CRM|CSCO|EGHT|HUBS|NICE|RNG|TEAM|TWLO|ZM
FIX,10,10,0.76,1.54,-21.39,-2.45,1.815,-2.59,-1.055,4.13,-7.130000000000001,0.3,AMRC|APG|CSL|DY|EME|FLEX|JCI|KBR|MTZ|PWR,AMRC|APG|CSL|DY|EME|FLEX|JCI|KBR|MTZ|PWR
FIZZ,10,8,-4.75,-7.32,0.95,0.0,-0.995,-7.390000000000001,-3.755,0.07000000000000028,4.5649999999999995,0.125,BF-B|CELH|COKE|FARM|KDP|KO|MNST|PEP|PRMW|SAM,BF-B|CELH|COKE|KDP|KO|MNST|PEP|SAM
FJET,0,0,10.99,-46.81,-53.12,9.8,,,,,,,,
FKWL,10,9,0.0,-2.47,-7.6,0.0,-1.59,-5.07,1.59,2.6,3.8499999999999996,0.5555555555555556,AVNW|CIEN|CSCO|ERIC|JNPR|MSI|NOK|QCOM|S|UIS,AVNW|CIEN|CSCO|ERIC|MSI|NOK|QCOM|S|UIS
FLD,0,0,9.65,16.33,8.14,0.0,,,,,,,,
FLEX,10,10,0.88,0.67,-31.81,-2.07,4.53,8.1,-3.6500000000000004,-7.43,-29.32,0.1,APH|ARW|AVT|CLS|GLW|HPQ|JBL|SANM|TEL|TTMI,APH|ARW|AVT|CLS|GLW|HPQ|JBL|SANM|TEL|TTMI
FLG,10,10,-2.23,-8.35,-18.44,0.0,-3.2649999999999997,-6.904999999999999,1.0349999999999997,-1.4450000000000003,-10.120000000000001,0.8,BAC|BKU|C|FITB|HBAN|PNC|RF|TFC|USB|WFC,BAC|BKU|C|FITB|HBAN|PNC|RF|TFC|USB|WFC
FLGT,10,8,-1.66,9.36,11.19,0.0,1.115,10.23,-2.775,-0.870000000000001,-17.705,0.125,CDNA|EXAS|GH|ILMN|MYGN|OMIC|ONC|QGEN|TXG|VCYT,CDNA|GH|ILMN|MYGN|ONC|QGEN|TXG|VCYT
FLL,10,9,4.09,-16.82,-34.56,0.0,-2.65,-13.69,6.74,-3.130000000000001,-17.110000000000003,0.8888888888888888,BALY|BYD|CHDN|CZR|GDEN|LVS|MGM|PENN|RRR|WYNN,BALY|BYD|CHDN|CZR|LVS|MGM|PENN|RRR|WYNN
FLNC,9,9,-3.37,-34.15,-61.81,-2.35,-5.08,-8.39,1.71,-25.759999999999998,-38.790000000000006,0.6666666666666666,AES|ENPH|FSLR|NEE|NOV|NRG|ORA|RUN|SEDG,AES|ENPH|FSLR|NEE|NOV|NRG|ORA|RUN|SEDG
FLNG,10,10,-1.94,-0.13,6.44,3.0,-5.0,-0.25,3.06,0.12,-4.71,0.8,CMRE|DHT|DLNG|GLNG|LNG|NMM|NVGS|SFL|STNG|TK,CMRE|DHT|DLNG|GLNG|LNG|NMM|NVGS|SFL|STNG|TK
FLNT,10,10,2.99,-17.27,2.68,0.0,0.25499999999999995,0.485,2.7350000000000003,-17.755,-1.2399999999999998,0.6,ACMR|APP|APPS|CRTO|DV|MGNI|PERI|PUBM|TTD|ZS,ACMR|APP|APPS|CRTO|DV|MGNI|PERI|PUBM|TTD|ZS
FLO,10,9,-4.6,-18.28,-23.55,0.0,-1.77,-9.74,-2.8299999999999996,-8.540000000000001,-21.52,0.1111111111111111,CPB|GIS|HRL|HSY|K|KHC|MDLZ|MKC|SJM|TSN,CPB|GIS|HRL|HSY|KHC|MDLZ|MKC|SJM|TSN
FLOC,0,0,-5.33,-10.25,-9.23,0.0,,,,,,,,
FLR,10,10,-4.33,2.57,-1.94,-0.91,0.31,-3.025,-4.64,5.595,9.780000000000001,0.0,ACM|DY|EME|FIX|GGG|KBR|MTZ|PWR|STN|TTEK,ACM|DY|EME|FIX|GGG|KBR|MTZ|PWR|STN|TTEK
FLS,10,10,3.77,-5.01,2.04,-0.86,4.605,-1.71,-0.8350000000000004,-3.3,4.99,0.4,AME|DOV|EMR|ETN|GE|IR|ITT|MMM|ROK|XYL,AME|DOV|EMR|ETN|GE|IR|ITT|MMM|ROK|XYL
FLUT,10,9,-7.15,-15.84,-10.71,0.0,-3.66,-17.09,-3.49,1.25,4.85,0.3333333333333333,BALY|CHDN|CZR|DKNG|GAN|LVS|MGM|PENN|RSI|WYNN,BALY|CHDN|CZR|DKNG|LVS|MGM|PENN|RSI|WYNN
FLUX,10,10,-8.03,-23.53,-34.95,1.74,-4.755,-9.25,-3.2749999999999995,-14.280000000000001,-17.115000000000002,0.2,AMD|BE|BLDP|ENPH|ENS|FCEL|JKS|NUV|PLUG|TSLA,AMD|BE|BLDP|ENPH|ENS|FCEL|JKS|NUV|PLUG|TSLA
FLWS,10,10,1.55,-32.65,-25.63,-6.38,-3.675,-7.1850000000000005,5.225,-25.464999999999996,-22.07,0.9,AMZN|CHWY|CMRC|EBAY|ETSY|FVRR|GRPN|PRTS|RVLV|SFIX,AMZN|CHWY|CMRC|EBAY|ETSY|FVRR|GRPN|PRTS|RVLV|SFIX
FLX,0,0,-11.5,-52.95,-59.0,0.0,,,,,,,,
FLXS,10,8,4.51,5.74,25.63,0.0,-1.96,-5.45,6.47,11.190000000000001,28.79,0.875,ARHS|BSET|FOUR|HNI|KTB|LEG|RH|SGI|SNBR|W,ARHS|BSET|FOUR|HNI|KTB|RH|SGI|W
FLY,0,0,-1.2,-3.59,-12.8,-2.01,,,,,,,,
FLYE,9,8,-4.44,-8.94,-23.74,1.18,1.505,-5.91,-5.945,-3.0299999999999994,-0.6999999999999993,0.0,AAL|ALGT|ALK|DAL|JBLU|LUV|SAVE|SKYW|UAL,AAL|ALGT|ALK|DAL|JBLU|LUV|SKYW|UAL
FLYW,10,10,-4.91,-12.23,-0.12,0.0,-3.21,-10.61,-1.7000000000000002,-1.620000000000001,-5.005,0.2,ADP|AFRM|FIS|GPN|JPM|MA|PYPL|V|WU|XYZ,ADP|AFRM|FIS|GPN|JPM|MA|PYPL|V|WU|XYZ
FLYX,9,8,-0.81,-5.38,-35.6,1.65,1.505,-5.91,-2.315,0.5300000000000002,-12.560000000000002,0.25,AAL|ALGT|ALK|DAL|JBLU|LUV|SAVE|SKYW|UAL,AAL|ALGT|ALK|DAL|JBLU|LUV|SKYW|UAL
FMAO,10,8,-3.35,1.74,17.1,0.0,-2.745,-3.945,-0.605,5.685,21.155,0.25,BANF|FFIC|FRME|FSBC|HBNC|HOMB|IBTX|ONB|PEBO|SBCF,BANF|FRME|FSBC|HBNC|HOMB|ONB|PEBO|SBCF
FMBH,10,10,-2.93,-3.45,2.29,0.0,-3.54,-7.13,0.6099999999999999,3.6799999999999997,10.704999999999998,0.8,BAC|C|HBAN|JPM|KEY|PNC|TFC|USB|WFC|ZION,BAC|C|HBAN|JPM|KEY|PNC|TFC|USB|WFC|ZION
FMC,10,10,-2.94,-11.37,-12.54,0.0,-2.455,-4.275,-0.4849999999999999,-7.094999999999999,-17.73,0.4,ALB|APD|ASH|CF|CTVA|DD|EMN|LYB|MOS|NTR,ALB|APD|ASH|CF|CTVA|DD|EMN|LYB|MOS|NTR
FMFC,0,0,-12.8,-24.51,-34.12,-11.08,,,,,,,,
FMNB,10,9,-3.19,-3.31,4.19,0.0,-2.87,-5.22,-0.31999999999999984,1.9099999999999997,8.88,0.2222222222222222,FCBC|FCNCA|FFBC|FFIN|FISI|FNB|FRME|FSFG|FULT|FUNC,FCBC|FCNCA|FFBC|FFIN|FISI|FNB|FRME|FULT|FUNC
FMS,10,9,1.0,-5.19,-4.13,-0.54,-2.81,-4.36,3.81,-0.8300000000000001,-9.39,0.7777777777777778,ACHC|ADUS|AMED|AMWL|DVA|HIMS|MEDP|NXRT|OPCH|PRVA,ACHC|ADUS|AMWL|DVA|HIMS|MEDP|NXRT|OPCH|PRVA
FMST,10,9,2.49,-34.05,-51.38,0.0,-4.15,-11.71,6.640000000000001,-22.339999999999996,-32.77,0.7777777777777778,ACDC|ALB|AMRC|CTGO|GFL|LAC|PLL|SGML|SLI|SQM,ACDC|ALB|AMRC|CTGO|GFL|LAC|SGML|SLI|SQM
FMX,10,10,-1.07,-1.86,-1.88,0.0,-1.115,-8.195,0.04499999999999993,6.335,3.4699999999999998,0.5,BUD|DEO|HSY|KDP|KO|KOF|MNST|PEP|STZ|TAP,BUD|DEO|HSY|KDP|KO|KOF|MNST|PEP|STZ|TAP
FN,10,8,2.65,-9.39,-31.14,-2.46,-0.4099999999999999,-4.5200000000000005,3.0599999999999996,-4.87,-2.460000000000001,0.875,AAOI|ADTN|CIEN|COHR|EXTR|INFN|JNPR|LITE|MKSI|NTGR,AAOI|ADTN|CIEN|COHR|EXTR|LITE|MKSI|NTGR
FNB,10,9,-5.26,-6.97,-10.71,-1.21,-3.44,-7.78,-1.8199999999999998,0.8100000000000005,-2.0500000000000007,0.0,CFG|CMA|FITB|HBAN|KEY|MTB|PNC|RF|USB|ZION,CFG|FITB|HBAN|KEY|MTB|PNC|RF|USB|ZION
FND,10,8,3.09,-13.63,-16.77,0.0,-0.755,-9.385,3.8449999999999998,-4.245000000000001,-5.51,0.75,AWI|BLD|FAST|HD|LOW|MAS|MHK|OC|TTSH|WMS,AWI|FAST|HD|LOW|MAS|MHK|OC|WMS
FNF,10,10,-2.32,-11.21,-8.76,0.52,-2.71,-5.85,0.3900000000000001,-5.360000000000001,-8.79,0.6,ES|ESNT|FAF|ITIC|LZ|MTG|NMIH|ORC|RDN|STC,ES|ESNT|FAF|ITIC|LZ|MTG|NMIH|ORC|RDN|STC
FNGR,10,10,-4.71,-20.66,-68.47,-2.45,-1.975,-6.949999999999999,-2.735,-13.71,-75.3,0.3,AAPL|AMZN|GOOGL|LYFT|MSFT|NFLX|SNAP|TSLA|UBER|ZM,AAPL|AMZN|GOOGL|LYFT|MSFT|NFLX|SNAP|TSLA|UBER|ZM
FNKO,10,10,-0.99,-21.14,-6.07,-0.24,-1.58,-4.824999999999999,0.5900000000000001,-16.315,-10.535,0.6,AMZN|BBY|COST|ELF|GOOGL|HAS|JAKK|MAT|TGT|WMT,AMZN|BBY|COST|ELF|GOOGL|HAS|JAKK|MAT|TGT|WMT
FNLC,10,9,-3.11,-1.68,-0.35,0.0,-2.95,-3.56,-0.1599999999999997,1.8800000000000001,1.4700000000000002,0.2222222222222222,ASB|CBSH|FULT|HOMB|ONB|SFNC|TMP|UBSI|VLY|WBS,ASB|CBSH|FULT|HOMB|ONB|SFNC|TMP|UBSI|VLY
FNV,10,9,-1.47,-3.35,25.08,0.67,-3.41,-10.16,1.9400000000000002,6.8100000000000005,1.1799999999999997,0.6666666666666666,AEM|AU|B|BTG|EGO|NEM|OR|RGLD|SAND|WPM,AEM|AU|B|BTG|EGO|NEM|OR|RGLD|WPM
FNWB,9,8,1.21,-8.97,-3.46,0.0,-2.5549999999999997,-3.46,3.7649999999999997,-5.510000000000001,-4.825,1.0,BANR|BFIN|BYFC|CFFI|CZNC|HBCP|HOPE|QCRH|TBBK,BANR|BYFC|CFFI|CZNC|HBCP|HOPE|QCRH|TBBK
FNWD,10,10,-2.75,-4.12,22.03,0.0,-2.88,-4.449999999999999,0.1299999999999999,0.3299999999999992,26.745,0.6,CBSH|EWBC|FHB|FULT|HBNC|HOMB|LZB|MTB|UBSI|ZION,CBSH|EWBC|FHB|FULT|HBNC|HOMB|LZB|MTB|UBSI|ZION
FOA,10,9,-0.34,-28.17,-32.56,0.0,-1.45,-8.98,1.1099999999999999,-19.19,-16.020000000000003,0.8888888888888888,AGNC|CIM|HTGC|IVR|NLY|PFSI|PMT|RKT|SACH|TWO,AGNC|CIM|HTGC|IVR|NLY|PFSI|PMT|RKT|SACH
FOFO,0,0,2.33,-28.16,-51.65,0.0,,,,,,,,
FOR,10,8,1.4,-7.47,-13.55,0.0,-0.08,-8.65,1.48,1.1800000000000006,1.7449999999999974,0.875,BZH|DHI|HOUS|KBH|LEN|MTH|NVR|PHM|TMHC|TOL,BZH|DHI|KBH|LEN|MTH|NVR|PHM|TOL
FORM,10,10,13.69,17.71,-14.76,-3.4,6.88,-1.125,6.81,18.835,11.790000000000001,1.0,AEIS|AMAT|ASML|COHR|COHU|KLAC|LRCX|MTSI|ONTO|TER,AEIS|AMAT|ASML|COHR|COHU|KLAC|LRCX|MTSI|ONTO|TER
FORR,10,10,1.38,-1.67,47.8,0.0,-3.04,-4.6,4.42,2.9299999999999997,12.125,1.0,ACN|ADP|CRM|HUBS|IBM|INTU|IT|MSFT|PAYX|SAP,ACN|ADP|CRM|HUBS|IBM|INTU|IT|MSFT|PAYX|SAP
FORTY,10,8,-4.74,-1.48,6.62,0.0,-4.265000000000001,-8.475,-0.47499999999999964,6.994999999999999,-24.99,0.375,ACN|CTSH|CYBR|DOX|EPAM|GLOB|INFY|IT|TCS|WIT,ACN|CTSH|DOX|EPAM|GLOB|INFY|IT|WIT
FOSL,9,8,15.98,10.77,53.1,0.0,-0.425,-4.5,16.405,15.27,67.75,1.0,GES|LB|LEVI|MOV|PVH|RL|SIG|UAA|VFC,LB|LEVI|MOV|PVH|RL|SIG|UAA|VFC
FOUR,10,10,-7.06,-19.94,-12.22,-0.08,-2.455,-9.79,-4.6049999999999995,-10.150000000000002,-31.490000000000002,0.0,FIS|GPN|JKHY|MA|PAYC|PYPL|V|WEX|XP|XYZ,FIS|GPN|JKHY|MA|PAYC|PYPL|V|WEX|XP|XYZ
FOX,8,8,-2.45,-9.08,28.41,0.07,-3.395,-10.085,0.9449999999999998,1.0050000000000008,25.195,0.5,AMCX|CHTR|CMCSA|DIS|NFLX|NWSA|SBGI|T,AMCX|CHTR|CMCSA|DIS|NFLX|NWSA|SBGI|T
FOXA,7,7,-1.57,-9.06,30.9,0.0,-1.89,-8.87,0.31999999999999984,-0.19000000000000128,25.479999999999997,0.5714285714285714,AMCX|CMCSA|DIS|NFLX|NWSA|SIRI|T,AMCX|CMCSA|DIS|NFLX|NWSA|SIRI|T
FOXF,10,9,-3.56,-11.96,-0.43,0.16,-1.92,-5.92,-1.6400000000000001,-6.040000000000001,9.81,0.1111111111111111,ADNT|ALV|AXL|BWA|DAN|GNTX|LEA|MGA|MOD|THRM,ADNT|ALV|BWA|DAN|GNTX|LEA|MGA|MOD|THRM
FOXX,0,0,5.11,-20.32,-16.84,0.0,,,,,,,,
FPH,10,9,-7.27,-8.53,-8.88,0.0,-0.16,-9.48,-7.109999999999999,0.9500000000000011,7.859999999999998,0.0,BZH|DHI|KBH|LEN|LGIH|MTH|NVR|PHM|TMHC|TOL,BZH|DHI|KBH|LEN|LGIH|MTH|NVR|PHM|TOL
FPI,10,10,0.0,4.15,11.01,0.0,-0.25,-1.92,0.25,6.07,13.025,0.5,COLD|DE|EGP|FR|LAND|PLD|REXR|REZI|STAG|TRNO,COLD|DE|EGP|FR|LAND|PLD|REXR|REZI|STAG|TRNO
FR,10,9,-0.55,-3.72,-3.69,0.0,-0.52,-4.19,-0.030000000000000027,0.4700000000000002,-3.35,0.4444444444444444,EGP|FRPH|GOOD|PLD|PLYM|REXR|SLG|STAG|TRNO|WPC,EGP|FRPH|GOOD|PLD|REXR|SLG|STAG|TRNO|WPC
FRAF,10,8,-3.64,-1.02,-1.13,0.0,-2.815,-2.825,-0.8250000000000002,1.8050000000000002,-0.22999999999999998,0.0,CAC|CFFI|FSFG|FULT|HBNC|NWBI|OSBC|SASR|THFF|UVSP,CAC|CFFI|FULT|HBNC|NWBI|OSBC|THFF|UVSP
FRBA,10,10,-1.68,-3.47,2.1,0.0,-3.005,-3.9,1.325,0.4299999999999997,7.025,0.7,BCBP|CPF|FFBC|FULT|OCFC|PROV|SBSI|TRST|VLY|WSBF,BCBP|CPF|FFBC|FULT|OCFC|PROV|SBSI|TRST|VLY|WSBF
FRD,10,8,-2.6,-6.28,16.8,0.0,-2.105,-0.475,-0.4950000000000001,-5.805000000000001,21.625,0.375,ATI|CMC|MT|NUE|RS|SIM|STLD|TX|X|ZEUS,ATI|CMC|MT|NUE|RS|SIM|STLD|TX
FRGT,10,10,-56.32,-71.75,-89.28,-12.94,-0.74,-6.74,-55.58,-65.01,-75.565,0.0,ARCB|CHRW|EXPD|JBHT|KNX|LSTR|ODFL|SNDR|WERN|XPO,ARCB|CHRW|EXPD|JBHT|KNX|LSTR|ODFL|SNDR|WERN|XPO
FRHC,10,10,5.41,9.73,27.52,0.0,-1.365,-10.2,6.775,19.93,36.26,1.0,AMTD|EVR|GS|IBKR|LAZ|MS|PIPR|RJF|SCHW|SF,AMTD|EVR|GS|IBKR|LAZ|MS|PIPR|RJF|SCHW|SF
FRME,10,10,-2.51,-4.51,-6.01,0.0,-3.03,-4.855,0.52,0.34500000000000064,-2.86,0.8,BBT|CCBG|FFBC|FULT|HBAN|HOMB|IBCP|ONB|THFF|TMP,BBT|CCBG|FFBC|FULT|HBAN|HOMB|IBCP|ONB|THFF|TMP
FRMI,0,0,-2.08,-19.35,-44.92,0.56,,,,,,,,
FRO,10,10,-9.9,12.01,26.54,0.84,-6.48,3.935,-3.42,8.075,5.48,0.0,ASC|DHT|FLEX|INSW|LPG|NAT|SB|SFL|STNG|TNK,ASC|DHT|FLEX|INSW|LPG|NAT|SB|SFL|STNG|TNK
FROG,10,9,-2.87,2.01,15.84,-1.14,5.29,12.44,-8.16,-10.43,-33.11,0.1111111111111111,DBX|DDOG|ESTC|MDB|OKTA|SMAR|SNOW|TEAM|TWLO|ZS,DBX|DDOG|ESTC|MDB|OKTA|SNOW|TEAM|TWLO|ZS
FRPH,10,10,-0.52,-7.46,-15.88,0.0,-0.9950000000000001,-5.35,0.4750000000000001,-2.1100000000000003,-10.760000000000002,0.7,AMH|EPRT|FR|GTY|ILPT|LAND|PLD|REXR|STAG|TRNO,AMH|EPRT|FR|GTY|ILPT|LAND|PLD|REXR|STAG|TRNO
FRPT,10,10,-4.55,-22.65,12.27,0.0,-2.69,-9.225000000000001,-1.8599999999999999,-13.424999999999997,11.015,0.1,CAG|CHWY|CPB|GIS|HRL|KHC|KR|MDLZ|SJM|TSN,CAG|CHWY|CPB|GIS|HRL|KHC|KR|MDLZ|SJM|TSN
FRSH,10,10,-2.28,-3.34,35.55,-3.42,-2.635,-1.005,0.355,-2.335,-5.350000000000001,0.6,ADBE|CRM|HUBS|INTU|MSFT|NOW|ORCL|SAP|TEAM|WDAY,ADBE|CRM|HUBS|INTU|MSFT|NOW|ORCL|SAP|TEAM|WDAY
FRST,10,9,-1.84,-4.97,-1.21,0.0,-3.64,-6.74,1.8,1.7700000000000005,3.0700000000000003,0.7777777777777778,BAC|BK|C|CFG|JPM|PNC|STT|TFC|USB|WFC,BAC|C|CFG|JPM|PNC|STT|TFC|USB|WFC
FRSX,10,9,13.46,0.85,-34.44,0.0,0.0,-4.15,13.46,5.0,-18.174999999999997,0.8888888888888888,GM|GOEV|INVZ|LAZR|LIDR|MVIS|NIO|NVDA|OUST|QS,GM|INVZ|LAZR|LIDR|MVIS|NIO|NVDA|OUST|QS
FRT,7,6,12.74,7.01,1.16,15.18,-1.23,-8.030000000000001,13.97,15.040000000000001,13.725000000000001,1.0,AKR|BRX|KIM|REG|ROIC|SPG|UE,AKR|BRX|KIM|REG|SPG|UE
FSBC,10,10,-3.79,-3.83,-8.17,0.0,-3.74,-7.13,-0.04999999999999982,3.3,0.15000000000000036,0.5,BAC|C|CFG|JPM|PNC|RF|TFC|USB|WFC|ZION,BAC|C|CFG|JPM|PNC|RF|TFC|USB|WFC|ZION
FSBW,10,10,-2.27,1.21,1.05,0.0,-2.955,-3.9,0.685,5.109999999999999,2.825,0.7,BANR|CAC|CHCO|COLB|EQBK|GBCI|HFWA|INDB|MBWM|UVSP,BANR|CAC|CHCO|COLB|EQBK|GBCI|HFWA|INDB|MBWM|UVSP
FSEA,10,9,0.0,0.64,1.42,0.0,-2.85,-3.56,2.85,4.2,6.11,1.0,BANF|BCBP|CCBG|CZNC|EFSC|FFBC|FFIC|FNLC|FULT|NBTB,BANF|BCBP|CCBG|CZNC|EFSC|FFBC|FNLC|FULT|NBTB
FSHP,0,0,-0.22,0.89,2.27,0.0,,,,,,,,
FSI,10,10,0.34,9.81,-9.07,0.0,0.47,-4.9399999999999995,-0.12999999999999995,14.75,-5.68,0.4,ALB|APD|ASH|CE|DD|DOW|EMN|HUN|LYB|PPG,ALB|APD|ASH|CE|DD|DOW|EMN|HUN|LYB|PPG
FSK,10,10,-3.12,-7.3,11.25,0.0,-1.8249999999999997,-4.68,-1.2950000000000004,-2.62,5.905,0.2,ARCC|GAIN|GLAD|HTGC|MAIN|NMFC|PNNT|PSEC|SLRC|TCPC,ARCC|GAIN|GLAD|HTGC|MAIN|NMFC|PNNT|PSEC|SLRC|TCPC
FSLR,8,7,-4.85,-7.45,-23.02,-0.29,-7.43,-11.86,2.58,4.409999999999999,13.099999999999998,0.8571428571428571,ARRY|CSIQ|ENPH|FSLY|JKS|MAXN|RUN|SEDG,ARRY|CSIQ|ENPH|FSLY|JKS|RUN|SEDG
FSLY,10,10,14.37,22.17,73.3,-5.23,1.81,4.345,12.559999999999999,17.825000000000003,62.614999999999995,1.0,AKAM|AMZN|DDOG|GOOGL|IBM|MSFT|NET|ORCL|RPD|ZS,AKAM|AMZN|DDOG|GOOGL|IBM|MSFT|NET|ORCL|RPD|ZS
FSM,10,9,-3.78,-7.87,36.39,-1.63,-3.91,-13.65,0.13000000000000034,5.78,20.46,0.6666666666666666,AEM|AG|B|HL|KGC|NEM|NG|PAAS|SAND|WPM,AEM|AG|B|HL|KGC|NEM|NG|PAAS|WPM
FSP,10,8,10.95,-20.0,-35.95,2.85,-1.935,-12.62,12.885,-7.380000000000001,-29.985000000000003,1.0,BRT|BXP|CUZ|EQC|ESRT|HIW|HPP|PGRE|SLG|VNO,BRT|BXP|CUZ|ESRT|HIW|HPP|SLG|VNO
FSS,10,10,-1.8,-5.45,-6.93,0.0,1.9100000000000001,-3.62,-3.71,-1.83,-10.195,0.1,AGCO|CAT|CMCO|DE|FLS|GGG|MTW|OSK|PLOW|TEX,AGCO|CAT|CMCO|DE|FLS|GGG|MTW|OSK|PLOW|TEX
FSTR,10,10,-0.21,-0.61,-13.95,0.0,0.10500000000000001,-5.734999999999999,-0.315,5.124999999999999,-14.549999999999999,0.4,CNI|CP|CSX|GATX|GBX|NSC|RAIL|TRN|UNP|WAB,CNI|CP|CSX|GATX|GBX|NSC|RAIL|TRN|UNP|WAB
FSUN,10,10,-2.32,-4.37,2.43,0.42,-3.54,-6.8100000000000005,1.2200000000000002,2.4400000000000004,9.49,0.8,BAC|C|CFG|FITB|JPM|KEY|PNC|TFC|USB|WFC,BAC|C|CFG|FITB|JPM|KEY|PNC|TFC|USB|WFC
FSV,10,9,-2.14,-9.96,-4.44,0.0,-1.37,-9.36,-0.77,-0.6000000000000014,-1.8600000000000003,0.2222222222222222,CBRE|CIGI|EXP|FR|HST|HTH|JLL|KW|OHI|SKT,CBRE|CIGI|EXP|FR|HST|HTH|JLL|OHI|SKT
FTAI,10,8,-3.97,-6.56,-30.21,0.7,1.4449999999999998,-6.970000000000001,-5.415,0.41000000000000103,-22.015,0.125,AER|AIR|AL|AVAV|CAAP|GE|HEI|LMT|SPR|TDG,AER|AIR|AVAV|CAAP|GE|HEI|LMT|TDG
FTCI,9,8,29.11,38.19,-39.69,8.27,-5.06,-8.675,34.17,46.864999999999995,-9.824999999999996,1.0,ACA|CSIQ|ENPH|FSLR|JKS|MAXN|RUN|SEDG|SHLS,ACA|CSIQ|ENPH|FSLR|JKS|RUN|SEDG|SHLS
FTDR,10,9,-8.18,-10.63,1.45,0.0,-0.18,-6.9,-8.0,-3.7300000000000004,4.77,0.0,ADNT|AWI|LEG|MAS|MHK|ROL|RSG|SERV|SPGI|WSM,ADNT|AWI|MAS|MHK|ROL|RSG|SERV|SPGI|WSM
FTEK,10,9,-5.71,19.57,-14.51,0.0,0.33,-10.54,-6.04,30.11,-2.1099999999999994,0.2222222222222222,AMSC|AQMS|BW|CLIR|CNTY|NAGE|NX|OPTT|PESI|VVPR,AMSC|AQMS|BW|CLIR|CNTY|NAGE|NX|OPTT|PESI
FTFT,10,9,-31.79,56.62,-59.6,-3.91,10.33,4.67,-42.12,51.949999999999996,-48.54,0.1111111111111111,ARBK|BITF|BTBT|BTCS|CAN|EBON|HIVE|MARA|RIOT|SOS,ARBK|BTBT|BTCS|CAN|EBON|HIVE|MARA|RIOT|SOS
FTHM,10,7,1.13,-20.74,-54.88,0.0,-2.01,-20.51,3.1399999999999997,-0.22999999999999687,-54.67,0.7142857142857143,APPF|DOUG|EXPI|HOUS|OPAD|OPEN|RDFN|REX|ZG|ZH,APPF|DOUG|OPAD|OPEN|REX|ZG|ZH
FTI,10,9,-1.59,-4.81,6.79,0.48,-0.25,-1.27,-1.34,-3.5399999999999996,-7.29,0.3333333333333333,BKR|COP|CVX|DVN|HAL|MRO|NOV|OII|SLB|XOM,BKR|COP|CVX|DVN|HAL|NOV|OII|SLB|XOM
FTK,10,10,8.18,27.22,39.97,0.0,-1.7650000000000001,-4.609999999999999,9.945,31.83,35.16,1.0,BKR|FTI|HAL|HP|NBR|NOV|OIS|RES|SLB|TTI,BKR|FTI|HAL|HP|NBR|NOV|OIS|RES|SLB|TTI
FTLF,10,10,0.75,-6.1,-21.16,0.0,-1.685,-5.734999999999999,2.435,-0.3650000000000002,-17.23,0.8,CELH|HLF|LFVN|MED|NATR|NBTB|NHTC|THG|USNA|VIV,CELH|HLF|LFVN|MED|NATR|NBTB|NHTC|THG|USNA|VIV
FTNT,8,7,2.82,15.48,18.35,-0.73,3.64,9.01,-0.8200000000000003,6.470000000000001,0.7300000000000004,0.2857142857142857,CHKP|CSCO|FFIV|JNPR|PANW|QLYS|VRNS|ZTWO,CHKP|CSCO|FFIV|PANW|QLYS|VRNS|ZTWO
FTRE,10,10,-2.25,6.61,14.69,0.0,0.16999999999999998,-3.625,-2.42,10.235,0.3749999999999982,0.1,AMGN|BIIB|BMY|GILD|JNJ|LLY|MRK|PFE|REGN|VRTX,AMGN|BIIB|BMY|GILD|JNJ|LLY|MRK|PFE|REGN|VRTX
FTS,10,10,-1.43,-2.49,-7.03,0.75,-4.05,-7.68,2.62,5.1899999999999995,5.63,1.0,AEP|D|DUK|ED|ES|EXC|PEG|PPL|SO|XEL,AEP|D|DUK|ED|ES|EXC|PEG|PPL|SO|XEL
FTV,9,9,2.16,-5.45,-8.86,0.0,2.99,-2.09,-0.8300000000000001,-3.3600000000000003,-9.85,0.3333333333333333,DHR|EMR|GE|HON|IEX|ITW|MMM|PLTK|ROP,DHR|EMR|GE|HON|IEX|ITW|MMM|PLTK|ROP
FTW,0,0,1.2,-11.05,-16.13,0.0,,,,,,,,
FUBO,10,9,-2.02,-11.42,19.9,0.73,-1.57,-7.09,-0.44999999999999996,-4.33,14.479999999999999,0.3333333333333333,ATUS|CMCSA|DIS|FOXA|GOOG|NFLX|PARA|ROKU|T|WBD,CMCSA|DIS|FOXA|GOOG|NFLX|PARA|ROKU|T|WBD
FUFU,10,8,11.29,-13.21,-9.21,0.0,9.465,9.98,1.8249999999999993,-23.19,4.434999999999999,0.625,ARBK|BITF|BTBT|CAN|CIFR|HIVE|HUT|MARA|RIOT|SDIG,ARBK|BTBT|CAN|CIFR|HIVE|HUT|MARA|RIOT
FUL,10,10,-0.02,-11.59,-18.64,0.38,1.2999999999999998,-5.525,-1.3199999999999998,-6.0649999999999995,-15.600000000000001,0.1,APD|ASIX|AVY|CC|CE|ECL|EMN|IFF|PPG|SHW,APD|ASIX|AVY|CC|CE|ECL|EMN|IFF|PPG|SHW
FULC,10,8,0.25,-2.08,4.7,-0.8,-1.9200000000000002,-9.21,2.17,7.130000000000001,3.24,0.875,BLUE|CRSP|EDIT|IONS|NBIX|NTLA|SGMO|SRPT|ULTA|VRTX,CRSP|EDIT|IONS|NBIX|NTLA|SRPT|ULTA|VRTX
FULT,10,9,-3.03,-3.56,-4.69,0.0,-3.44,-7.58,0.41000000000000014,4.02,3.7800000000000002,0.6666666666666666,CMA|FITB|HBAN|KEY|MTB|PNC|RF|USB|WFC|ZION,FITB|HBAN|KEY|MTB|PNC|RF|USB|WFC|ZION
FUN,10,10,-1.28,-25.56,-45.04,-0.64,-1.5099999999999998,-8.295,0.22999999999999976,-17.265,-44.089999999999996,0.5,CMCSA|CNK|DIS|IMAX|LYV|MTN|NCMI|PLNT|RDI|RICK,CMCSA|CNK|DIS|IMAX|LYV|MTN|NCMI|PLNT|RDI|RICK
FUNC,10,10,-1.7,-1.47,-1.54,0.0,-3.54,-6.8100000000000005,1.84,5.340000000000001,5.5200000000000005,0.8,BAC|C|FITB|HBAN|JPM|PNC|RF|TFC|USB|WFC,BAC|C|FITB|HBAN|JPM|PNC|RF|TFC|USB|WFC
FURY,10,10,1.17,-15.5,9.17,0.0,-4.085,-13.655000000000001,5.255,-1.8449999999999989,-13.835000000000003,1.0,AEM|AGI|AU|B|BTG|GFI|HMY|KGC|NEM|PAAS,AEM|AGI|AU|B|BTG|GFI|HMY|KGC|NEM|PAAS
FUSB,10,9,0.06,-0.84,0.85,0.0,-2.27,-4.93,2.33,4.09,5.54,1.0,BANF|CBFV|EFSC|FFIN|FSBW|FULT|OSBC|SASR|SFBS|TBBK,BANF|CBFV|EFSC|FFIN|FSBW|FULT|OSBC|SFBS|TBBK
FUSE,0,0,13.9,-23.91,-44.52,0.0,,,,,,,,
FUTU,10,10,-2.02,-13.15,11.2,-0.8,-2.4,-8.21,0.3799999999999999,-4.9399999999999995,14.889999999999999,0.5,AMTD|BAC|C|GS|HOOD|IBKR|JPM|MS|SCHW|WFC,AMTD|BAC|C|GS|HOOD|IBKR|JPM|MS|SCHW|WFC
FVCB,10,9,-2.21,-4.64,1.55,0.0,-0.68,-2.45,-1.5299999999999998,-2.1899999999999995,0.41000000000000014,0.4444444444444444,BMRC|BYFC|ESQ|EVBN|FMBH|ORRF|SFBS|SSBI|SYBT|UVSP,BMRC|BYFC|ESQ|FMBH|ORRF|SFBS|SSBI|SYBT|UVSP
FVN,0,0,-0.21,-53.07,-14.82,0.0,,,,,,,,
FVR,0,0,2.15,-9.9,-9.08,0.0,,,,,,,,
FVRR,10,9,-4.91,-9.07,-19.47,0.0,-2.04,-8.66,-2.87,-0.41000000000000014,-33.64,0.0,CDW|DLHC|HSII|KFY|MAN|NSIT|RHI|TBI|TTEC|UPWK,CDW|DLHC|KFY|MAN|NSIT|RHI|TBI|TTEC|UPWK
FWDI,10,8,28.06,31.24,124.29,-1.49,0.6849999999999999,-5.380000000000001,27.375,36.62,124.08500000000001,1.0,AIR|AVAV|CVU|ESLT|HEI|ISSC|KTOS|MRCY|PHLT|SIF,AIR|AVAV|CVU|ESLT|HEI|KTOS|MRCY|SIF
FWONA,10,10,-1.81,-12.81,3.59,0.0,-1.5099999999999998,-9.245000000000001,-0.30000000000000027,-3.5649999999999995,0.375,0.5,AAPL|AMCX|CHTR|CMCSA|DIS|FOX|LYV|NFLX|SIRI|T,AAPL|AMCX|CHTR|CMCSA|DIS|FOX|LYV|NFLX|SIRI|T
FWONK,10,9,-0.28,-10.13,3.83,0.71,-1.89,-9.41,1.6099999999999999,-0.7200000000000006,-1.5899999999999999,0.8888888888888888,AMCX|CHTR|CMCSA|DIS|FOXA|LBRDK|NFLX|NWS|SIRI|T,AMCX|CHTR|CMCSA|DIS|FOXA|NFLX|NWS|SIRI|T
FWRD,10,10,-2.78,-14.29,12.47,0.0,-0.74,-4.115,-2.04,-10.174999999999999,28.265,0.2,CHRW|EXPD|JBHT|KNX|LSTR|MATX|ODFL|SAIA|WERN|XPO,CHRW|EXPD|JBHT|KNX|LSTR|MATX|ODFL|SAIA|WERN|XPO
FWRG,10,10,1.04,-21.4,-16.31,0.1,2.67,-13.535,-1.63,-7.864999999999998,-16.264999999999997,0.4,BJRI|BLMN|CAKE|CMG|DIN|DRI|EAT|SBUX|TXRH|WING,BJRI|BLMN|CAKE|CMG|DIN|DRI|EAT|SBUX|TXRH|WING
FXNC,10,8,-4.7,-5.41,-1.84,0.0,-2.315,-3.615,-2.3850000000000002,-1.795,-4.565,0.125,BANF|CHCO|EVBN|FMNB|FVCB|HOPE|LSBK|NBHC|SASR|TMP,BANF|CHCO|FMNB|FVCB|HOPE|LSBK|NBHC|TMP
G,10,9,-4.03,-9.95,18.65,0.0,-4.07,-6.25,0.040000000000000036,-3.6999999999999993,-13.550000000000004,0.5555555555555556,ACN|CTSH|DXC|EPAM|IBM|INFY|IT|LDOS|TCS|WIT,ACN|CTSH|DXC|EPAM|IBM|INFY|IT|LDOS|WIT
GABC,10,10,-0.89,-1.77,4.14,0.27,-2.415,-3.475,1.525,1.705,5.6899999999999995,0.9,BANF|FFBC|FMBH|HBNC|LKFN|MBIN|ONB|PEBO|SFNC|SRCE,BANF|FFBC|FMBH|HBNC|LKFN|MBIN|ONB|PEBO|SFNC|SRCE
GAIA,10,10,0.0,-15.65,-47.46,0.0,-1.7349999999999999,-6.195,1.7349999999999999,-9.455,-58.935,0.9,AAPL|AMZN|CMCSA|DIS|FUBO|NFLX|PARA|ROKU|SONY|WBD,AAPL|AMZN|CMCSA|DIS|FUBO|NFLX|PARA|ROKU|SONY|WBD
GAIN,10,10,-1.64,-5.27,6.18,0.0,-1.75,-3.91,0.1100000000000001,-1.3599999999999994,0.75,0.5,ARCC|CGBD|CSWC|GBDC|GLAD|HTGC|MAIN|PNNT|PSEC|TCPC,ARCC|CGBD|CSWC|GBDC|GLAD|HTGC|MAIN|PNNT|PSEC|TCPC
GALT,10,10,10.05,4.38,3.32,0.0,1.775,0.43,8.275,3.9499999999999997,-13.02,1.0,ABBV|AMGN|BIIB|EXEL|GILD|MRK|NVAX|PFE|REGN|VRTX,ABBV|AMGN|BIIB|EXEL|GILD|MRK|NVAX|PFE|REGN|VRTX
GAME,10,8,-5.26,-3.32,-2.17,0.0,-0.87,-0.955,-4.39,-2.3649999999999998,-7.2,0.25,CHWY|DOYU|EA|HUYA|MTCH|RBLX|SKLZ|SPOT|TTWO|U,CHWY|DOYU|HUYA|MTCH|RBLX|SPOT|TTWO|U
GANX,10,10,6.98,-8.0,5.75,0.0,-3.66,-7.79,10.64,-0.20999999999999996,12.114999999999998,1.0,ALNY|BMRN|CRSP|FATE|IONS|NBIX|RARE|SRPT|TVRD|VRTX,ALNY|BMRN|CRSP|FATE|IONS|NBIX|RARE|SRPT|TVRD|VRTX
GAP,0,0,1.23,4.84,4.48,-0.72,,,,,,,,
GASS,10,10,-3.54,-6.54,8.04,0.0,-6.83,5.0,3.29,-11.54,-13.02,1.0,ASC|DHT|FRO|INSW|NAT|SB|SFL|STNG|TNK|TOPS,ASC|DHT|FRO|INSW|NAT|SB|SFL|STNG|TNK|TOPS
GATX,10,10,4.54,4.03,3.48,0.0,-0.019999999999999997,-5.734999999999999,4.56,9.765,3.91,0.9,CNI|CP|CSX|GBX|NSC|R|RAIL|TRN|UNP|WAB,CNI|CP|CSX|GBX|NSC|R|RAIL|TRN|UNP|WAB
GAU,10,9,1.48,-14.88,15.08,0.0,-3.91,-13.66,5.390000000000001,-1.2200000000000006,-8.17,1.0,AEM|AU|B|BVN|GFI|HMY|KGC|NEM|NGD|RGLD,AEM|AU|B|BVN|GFI|HMY|KGC|NEM|RGLD
GAUZ,10,10,-3.01,-17.42,-21.78,6.3,2.125,-5.395,-5.135,-12.025000000000002,-20.78,0.1,ALB|APD|AVNT|CE|CTVA|DD|EMN|MMM|PPG|SCL,ALB|APD|AVNT|CE|CTVA|DD|EMN|MMM|PPG|SCL
GBCI,10,10,-1.92,-7.37,-13.66,-0.61,-2.48,-3.815,0.56,-3.555,-8.835,0.6,BANR|BKU|BOH|COLB|EWBC|FIBK|HFWA|PROV|SFNC|WAFD,BANR|BKU|BOH|COLB|EWBC|FIBK|HFWA|PROV|SFNC|WAFD
GBDC,10,10,0.0,-5.97,0.81,0.0,-1.29,-3.91,1.29,-2.0599999999999996,-5.6899999999999995,0.7,ARCC|BDN|CGBD|FLEX|HTGC|MAIN|PSEC|SLRC|TCPC|TPVG,ARCC|BDN|CGBD|FLEX|HTGC|MAIN|PSEC|SLRC|TCPC|TPVG
GBFH,0,0,-4.79,-12.99,-37.53,0.0,,,,,,,,
GBLI,10,10,-17.83,-9.57,-0.09,0.0,-2.995,-3.615,-14.834999999999997,-5.955,2.3000000000000003,0.0,AIG|ALL|CB|CINF|HIG|PGR|RNR|SIGI|TRV|WRB,AIG|ALL|CB|CINF|HIG|PGR|RNR|SIGI|TRV|WRB
GBR,10,8,-4.08,-14.2,-3.68,0.0,-1.78,0.5349999999999999,-2.3,-14.735,-19.945,0.125,APA|COP|CVX|DVN|EOG|FANG|HES|MRO|OXY|XOM,APA|COP|CVX|DVN|EOG|FANG|OXY|XOM
GBTG,10,10,-0.11,-0.21,0.85,0.0,-3.565,-11.895,3.455,11.684999999999999,10.22,0.9,ALGT|BKNG|CHH|CNTY|CWT|EXPE|MMYT|SABR|TCOM|TRIP,ALGT|BKNG|CHH|CNTY|CWT|EXPE|MMYT|SABR|TCOM|TRIP
GBX,10,10,0.96,-6.6,-13.71,0.0,-0.019999999999999997,-5.734999999999999,0.98,-0.8650000000000002,-13.280000000000001,0.7,CNI|CP|CSX|NSC|R|RAIL|TRN|UNP|WAB|XPO,CNI|CP|CSX|NSC|R|RAIL|TRN|UNP|WAB|XPO
GCBC,10,10,-2.01,-2.01,15.88,0.0,-2.255,-3.075,0.2450000000000001,1.0650000000000004,12.965,0.6,ASRV|BMRC|CAC|CCNE|CIVB|FCBC|HBNC|MBWM|PEBO|SYBT,ASRV|BMRC|CAC|CCNE|CIVB|FCBC|HBNC|MBWM|PEBO|SYBT
GCDT,0,0,33.31,37.72,-10.3,1.74,,,,,,,,
GCL,0,0,12.98,-17.17,56.02,0.0,,,,,,,,
GCMG,10,10,1.97,-5.27,5.46,0.0,-1.22,-10.41,3.19,5.140000000000001,-0.5,0.8,APO|ARES|BLK|BX|CG|HLNE|IVZ|KKR|PAGP|TROW,APO|ARES|BLK|BX|CG|HLNE|IVZ|KKR|PAGP|TROW
GCO,10,8,2.31,-2.62,-3.28,0.0,-0.93,-6.9799999999999995,3.24,4.359999999999999,15.200000000000001,0.75,COLM|CROX|DECK|FL|NKE|RL|SKX|TPR|UA|VFC,COLM|CROX|DECK|NKE|RL|TPR|UA|VFC
GCT,10,10,-2.16,-0.42,63.88,-0.95,-0.05499999999999999,-7.289999999999999,-2.105,6.869999999999999,55.835,0.2,AMZN|BABA|EBAY|ETSY|JD|MELI|RVLV|SHOP|TGT|WMT,AMZN|BABA|EBAY|ETSY|JD|MELI|RVLV|SHOP|TGT|WMT
GCTK,10,10,79.45,-16.3,-13.98,110.81,-3.33,-2.2199999999999998,82.78,-14.080000000000002,-13.780000000000001,1.0,ABT|BBSI|DXCM|LCTX|LOCL|MDT|OSUR|PODD|SENS|TNDM,ABT|BBSI|DXCM|LCTX|LOCL|MDT|OSUR|PODD|SENS|TNDM
GCTS,10,10,1.94,14.13,-14.98,-2.78,3.51,2.4,-1.5699999999999998,11.73,-5.199999999999999,0.4,ADI|AVGO|MCHP|MRVL|NXPI|ON|QCOM|SLAB|SWKS|SYNA,ADI|AVGO|MCHP|MRVL|NXPI|ON|QCOM|SLAB|SWKS|SYNA
GD,10,10,-3.36,-8.66,-0.21,0.19,-2.5700000000000003,-6.96,-0.7899999999999996,-1.7000000000000002,5.89,0.4,BA|BWXT|HII|KTOS|LHX|LMT|NOC|RTX|TDG|TXT,BA|BWXT|HII|KTOS|LHX|LMT|NOC|RTX|TDG|TXT
GDC,10,10,13.24,3.36,-55.04,-1.91,1.375,-5.865,11.865,9.225,-58.66,1.0,BIDU|BILI|DOYU|HUYA|IQ|JD|JOYY|PDD|TME|WB,BIDU|BILI|DOYU|HUYA|IQ|JD|JOYY|PDD|TME|WB
GDDY,9,9,-1.8,-3.42,21.46,0.0,-0.29,-5.3,-1.51,1.88,18.77,0.3333333333333333,AAPL|AMZN|GOOGL|IBM|MSFT|NTES|SHOP|SPSM|TLS,AAPL|AMZN|GOOGL|IBM|MSFT|NTES|SHOP|SPSM|TLS
GDEV,8,6,-7.52,3.61,-11.26,0.0,1.395,-5.35,-8.915,8.959999999999999,-14.665,0.0,CRWD|EA|IMMR|NTES|PLTK|RBLX|SKLZ|TTWO,CRWD|IMMR|NTES|PLTK|RBLX|TTWO
GDHG,10,10,-0.32,-13.25,-6.08,-1.18,-1.585,-11.095,1.265,-2.1549999999999994,-2.1799999999999997,0.6,AMC|CHDN|CNK|DIS|FUN|MTN|PENN|PLAY|PLNT|RICK,AMC|CHDN|CNK|DIS|FUN|MTN|PENN|PLAY|PLNT|RICK
GDOT,10,9,-1.81,-2.98,-3.84,0.0,-2.9,-10.37,1.0899999999999999,7.389999999999999,-4.28,0.7777777777777778,AXP|DFS|FIS|GPN|JPM|MA|PYPL|V|WU|XYZ,AXP|FIS|GPN|JPM|MA|PYPL|V|WU|XYZ
GDRX,10,9,-2.06,-3.49,20.29,0.0,-2.74,-5.3,0.6800000000000002,1.8099999999999996,20.82,0.6666666666666666,AMZN|CAH|CI|CVS|DGX|HUM|LH|MCK|UNH|WBA,AMZN|CAH|CI|CVS|DGX|HUM|LH|MCK|UNH
GDS,10,10,5.46,0.06,12.55,-0.3,-3.05,-5.765000000000001,8.51,5.825,19.73,1.0,AMT|BWXT|CCI|COR|DLNG|DLR|EQIX|IRM|SBAC|UNIT,AMT|BWXT|CCI|COR|DLNG|DLR|EQIX|IRM|SBAC|UNIT
GDTC,10,6,2.71,-9.0,-8.08,0.0,-0.89,-9.36,3.6,0.35999999999999943,-9.54,1.0,ADAP|BLUE|CELU|CLLS|CRSP|EDIT|FATE|NTLA|PSTX|SGMO,CELU|CLLS|CRSP|EDIT|FATE|NTLA
GDYN,10,10,-3.84,-1.27,49.14,0.91,-4.68,-8.18,0.8399999999999999,6.91,20.924999999999997,0.7,ACN|CTSH|DXC|EPAM|GLOB|IBM|INFY|INTU|IT|WIT,ACN|CTSH|DXC|EPAM|GLOB|IBM|INFY|INTU|IT|WIT
GE,9,9,1.47,-9.0,-14.35,-0.54,-1.0,-6.31,2.4699999999999998,-2.6900000000000004,-5.77,0.8888888888888888,BA|HII|HXL|LMT|MOG-A|NOC|RTX|TDG|TXT,BA|HII|HXL|LMT|MOG-A|NOC|RTX|TDG|TXT
GECC,10,10,-0.38,-12.11,-4.68,0.0,-1.77,-3.9699999999999998,1.3900000000000001,-8.14,-10.175,0.7,ARCC|GSBD|HTGC|MAIN|NMFC|PNNT|PSEC|SLRC|TCPC|TSLX,ARCC|GSBD|HTGC|MAIN|NMFC|PNNT|PSEC|SLRC|TCPC|TSLX
GEF,10,8,1.56,-0.28,13.66,0.09,-0.98,-10.21,2.54,9.930000000000001,18.36,0.75,ATR|BALL|BERY|CCK|GPK|OI|PKG|SEE|SLGN|SON,ATR|BALL|CCK|GPK|OI|PKG|SLGN|SON
GEG,10,10,0.93,0.93,-12.85,0.0,-1.505,-6.14,2.435,7.069999999999999,-17.845,0.9,ARES|BX|CGBD|FDUS|GAIN|KKR|MAIN|NMFC|PFLT|SLRC,ARES|BX|CGBD|FDUS|GAIN|KKR|MAIN|NMFC|PFLT|SLRC
GEHC,8,8,2.38,-10.73,1.6,-0.17,1.195,-6.6,1.1849999999999998,-4.130000000000001,-4.1899999999999995,0.75,ABT|BDX|BSX|DHR|ISRG|MDT|SYK|ZBH,ABT|BDX|BSX|DHR|ISRG|MDT|SYK|ZBH
GEL,10,9,-4.31,-9.23,5.7,0.0,-1.53,-1.83,-2.7799999999999994,-7.4,4.050000000000001,0.0,AM|ENB|ENLC|EPD|ET|KMI|OKE|PAA|TRGP|WMB,AM|ENB|EPD|ET|KMI|OKE|PAA|TRGP|WMB
GELS,0,0,6.09,12.31,2.47,2.35,,,,,,,,
GEMI,0,0,23.93,17.81,40.41,-2.49,,,,,,,,
GEN,8,7,-13.94,-11.29,11.54,-0.88,3.89,14.75,-17.83,-26.04,-21.54,0.0,CHKP|CYBR|FTNT|OKTA|PANW|QLYS|TENB|ZS,CHKP|FTNT|OKTA|PANW|QLYS|TENB|ZS
GENC,10,10,1.52,-9.39,16.34,0.0,2.11,-1.29,-0.5899999999999999,-8.100000000000001,17.294999999999998,0.4,ASTE|CAT|CMCO|DE|ETN|MTW|PRIM|TEX|TITN|URI,ASTE|CAT|CMCO|DE|ETN|MTW|PRIM|TEX|TITN|URI
GENI,10,9,-4.63,-22.26,13.6,0.98,-2.65,-11.3,-1.98,-10.96,22.939999999999998,0.4444444444444444,BALY|BYD|CHDN|CNK|CZR|DKNG|GAN|MGM|RSI|SRAD,BALY|BYD|CHDN|CNK|CZR|DKNG|MGM|RSI|SRAD
GENK,9,9,5.94,-13.96,-18.51,0.0,4.03,-18.91,1.9100000000000001,4.949999999999999,-23.76,0.7777777777777778,BJRI|BLMN|CAKE|DIN|DRI|EAT|RRGB|SHAK|TXRH,BJRI|BLMN|CAKE|DIN|DRI|EAT|RRGB|SHAK|TXRH
GEO,10,9,-4.7,-4.76,4.43,0.03,-2.15,-4.19,-2.5500000000000003,-0.5699999999999994,4.56,0.1111111111111111,ABM|AMH|AWK|CCI|CWT|CXW|GFL|RSG|SRCL|WM,ABM|AMH|AWK|CCI|CWT|CXW|GFL|RSG|WM
GEOS,10,10,2.59,-4.28,-23.28,0.0,-1.565,-3.6149999999999998,4.154999999999999,-0.6650000000000005,-30.845,0.9,BKR|CLB|DWSN|FTI|HAL|INVX|NOV|OII|OIS|SLB,BKR|CLB|DWSN|FTI|HAL|INVX|NOV|OII|OIS|SLB
GERN,10,10,-3.88,-18.42,-10.47,0.0,-2.39,-8.925,-1.4899999999999998,-9.495000000000001,-22.535,0.4,ACAD|ALLO|ATNM|ETON|EXEL|FATE|GILD|IMMP|ONC|PTCT,ACAD|ALLO|ATNM|ETON|EXEL|FATE|GILD|IMMP|ONC|PTCT
GETY,10,9,-4.77,-13.88,-76.63,0.0,-3.17,-11.35,-1.5999999999999996,-2.530000000000001,-77.0,0.3333333333333333,ADBE|EBAY|EVCM|EVRI|GOOGL|NFLX|NTES|SSTK|TTWO|ZM,ADBE|EBAY|EVCM|GOOGL|NFLX|NTES|SSTK|TTWO|ZM
GEV,10,10,0.93,0.73,-14.0,-1.92,-4.449999999999999,-7.92,5.379999999999999,8.65,-0.22499999999999964,1.0,AES|BE|BEP|CWEN|DUK|ENPH|FSLR|NEE|NPWR|XEL,AES|BE|BEP|CWEN|DUK|ENPH|FSLR|NEE|NPWR|XEL
GEVO,10,9,-8.81,-14.2,3.57,0.0,-5.02,-10.57,-3.790000000000001,-3.629999999999999,24.580000000000002,0.0,AMTX|BIOX|CLNE|CREG|CSIQ|DYAI|ENPH|FCEL|PLUG|RUN,AMTX|BIOX|CLNE|CSIQ|DYAI|ENPH|FCEL|PLUG|RUN
GFAI,10,9,3.24,-18.88,-8.69,-0.68,0.11,-3.36,3.1300000000000003,-15.52,-9.68,1.0,ADT|CBZ|CMS|HON|IBM|JNPR|MAS|MMM|MSFT|MSI,ADT|CBZ|CMS|HON|IBM|MAS|MMM|MSFT|MSI
GFF,10,10,3.43,-5.1,0.3,-0.39,2.645,-7.24,0.7850000000000001,2.1400000000000006,13.830000000000002,0.9,AYI|CSL|EME|LII|MLM|NDSN|SWK|TTC|VMC|WMS,AYI|CSL|EME|LII|MLM|NDSN|SWK|TTC|VMC|WMS
GFI,10,9,-6.67,-17.23,23.25,-0.91,-3.41,-12.39,-3.26,-4.84,-0.19000000000000128,0.0,AEM|AGI|B|BTG|EGO|IAG|KGC|NEM|NG|SAND,AEM|AGI|B|BTG|EGO|IAG|KGC|NEM|NG
GFL,10,9,2.02,0.96,12.48,0.0,-2.17,-3.5,4.1899999999999995,4.46,12.610000000000001,1.0,CLH|CWST|DAR|NKSH|RGCO|RSG|SRCE|SRCL|WCN|WM,CLH|CWST|DAR|NKSH|RGCO|RSG|SRCE|WCN|WM
GFR,10,8,-6.32,-4.4,30.27,0.0,-1.78,0.5349999999999999,-4.54,-4.9350000000000005,14.004999999999999,0.0,APA|COP|CVX|DVN|EOG|FANG|HES|MRO|OXY|XOM,APA|COP|CVX|DVN|EOG|FANG|OXY|XOM
GFS,10,10,-1.09,-1.26,-47.35,-2.33,4.65,4.699999999999999,-5.74,-5.959999999999999,-38.86,0.0,ADI|AMD|AVGO|INTC|MRVL|NVDA|ON|QCOM|TSM|TXN,ADI|AMD|AVGO|INTC|MRVL|NVDA|ON|QCOM|TSM|TXN
GGAL,10,10,-5.39,-7.96,-18.38,0.0,-3.385,-3.895,-2.005,-4.0649999999999995,-23.424999999999997,0.3,BBAR|BBD|BMA|BSAC|BSBR|CIB|ITUB|SAN|SMFG|SUPV,BBAR|BBD|BMA|BSAC|BSBR|CIB|ITUB|SAN|SMFG|SUPV
GGB,10,8,-4.9,11.24,17.15,-0.61,-2.105,0.12000000000000002,-2.7950000000000004,11.120000000000001,19.27,0.125,ATI|CLF|CMC|MT|NUE|RS|STLD|TX|X|ZEUS,ATI|CLF|CMC|MT|NUE|RS|STLD|TX
GGG,10,10,2.74,-2.23,4.49,0.0,3.865,-4.77,-1.125,2.5399999999999996,7.51,0.4,AME|AOS|DOV|FLS|IR|ITT|LECO|PH|PNR|XYL,AME|AOS|DOV|FLS|IR|ITT|LECO|PH|PNR|XYL
GGR,10,8,10.82,1.37,-25.75,0.0,-3.365,-13.190000000000001,14.185,14.560000000000002,-12.344999999999999,1.0,FFAI|KNDI|LCID|LI|NIO|NKLA|RIVN|SBLX|TSLA|XPEV,FFAI|KNDI|LCID|LI|NIO|RIVN|TSLA|XPEV
GH,10,9,0.81,8.05,28.73,0.0,-0.04,12.41,0.8500000000000001,-4.359999999999999,-6.559999999999999,0.5555555555555556,BIO|CDNA|EXAS|FLGT|ILMN|MYGN|NTRA|QGEN|SRPT|TXG,BIO|CDNA|FLGT|ILMN|MYGN|NTRA|QGEN|SRPT|TXG
GHC,10,9,1.09,-2.38,-2.18,0.0,-0.86,-9.04,1.9500000000000002,6.659999999999999,-0.7500000000000002,0.7777777777777778,AMCX|GTN|LEE|NWSA|NXST|NYT|SCHL|SSP|TDAY|TGNA,AMCX|GTN|LEE|NWSA|NXST|NYT|SCHL|SSP|TDAY
GHG,10,10,-2.91,-9.91,-11.5,0.0,1.29,-5.18,-4.2,-4.73,-2.955,0.0,DRH|H|HLT|IHG|MAR|PK|RLJ|SHO|WH|XHR,DRH|H|HLT|IHG|MAR|PK|RLJ|SHO|WH|XHR
GHI,10,8,0.0,-10.38,1.71,0.0,-2.5949999999999998,-11.105,2.5949999999999998,0.7249999999999996,14.605,0.875,AIV|AVB|CPT|CSR|EQR|ESS|IRT|MAA|NXRT|UDR,AIV|CPT|CSR|ESS|IRT|MAA|NXRT|UDR
GHM,10,10,4.88,-5.9,-28.6,-0.11,1.15,-4.975,3.73,-0.9250000000000007,-22.725,0.9,AOS|CR|CW|DOV|IEX|ITT|PNR|SPXC|TDY|XYL,AOS|CR|CW|DOV|IEX|ITT|PNR|SPXC|TDY|XYL
GHRS,10,9,-6.45,-7.62,5.53,0.0,-0.09,-7.56,-6.36,-0.0600000000000005,2.66,0.1111111111111111,AGIO|ALT|CORT|EXEL|MNKD|NBIX|PRTA|SAGE|URGN|VKTX,AGIO|ALT|CORT|EXEL|MNKD|NBIX|PRTA|URGN|VKTX
GIB,10,10,-3.54,-7.88,10.27,-0.72,-4.265000000000001,-6.545,0.7250000000000005,-1.335,-17.945000000000004,0.7,ACN|CTSH|DOX|DXC|EPAM|GLOB|IBM|INFY|IT|WIT,ACN|CTSH|DOX|DXC|EPAM|GLOB|IBM|INFY|IT|WIT
GIBO,0,0,-1.98,-0.62,3.04,0.0,,,,,,,,
GIC,10,8,4.64,5.38,24.89,0.0,4.0200000000000005,1.665,0.6199999999999992,3.715,20.485,0.625,AIT|BECN|CNM|DXPE|FAST|GWW|MRC|MSM|NNBR|WCC,AIT|CNM|DXPE|FAST|GWW|MSM|NNBR|WCC
GIFT,10,10,6.25,-19.29,-28.78,0.0,-2.4850000000000003,-14.565000000000001,8.735,-4.724999999999998,-28.195,1.0,CMG|DASH|DPZ|EAT|LYFT|MCD|QSR|UBER|WEN|YUM,CMG|DASH|DPZ|EAT|LYFT|MCD|QSR|UBER|WEN|YUM
GIGM,10,10,-8.22,-6.94,-3.27,0.0,1.9500000000000002,-3.755,-10.170000000000002,-3.1850000000000005,-9.3,0.0,BABA|BILI|DOYU|HUYA|IQ|JOYY|MOMO|NTES|PDD|ZS,BABA|BILI|DOYU|HUYA|IQ|JOYY|MOMO|NTES|PDD|ZS
GIII,9,9,-4.37,-20.3,-21.69,0.0,-0.54,-5.02,-3.83,-15.280000000000001,-9.71,0.2222222222222222,AEO|ANF|COLM|KTB|LB|LEVI|PVH|RL|VFC,AEO|ANF|COLM|KTB|LB|LEVI|PVH|RL|VFC
GIL,9,8,-0.17,-15.39,-13.63,0.0,0.7549999999999999,-6.67,-0.9249999999999999,-8.72,0.8449999999999989,0.5,COLM|LEVI|LULU|NKE|PVH|RL|SKX|UA|VFC,COLM|LEVI|LULU|NKE|PVH|RL|UA|VFC
GILD,10,10,-0.13,1.3,21.69,-0.44,0.955,-3.625,-1.085,4.925,9.585,0.3,ABBV|AMGN|BIIB|BMY|JNJ|LLY|MRK|PFE|REGN|VRTX,ABBV|AMGN|BIIB|BMY|JNJ|LLY|MRK|PFE|REGN|VRTX
GILT,10,9,-2.37,-4.01,-17.96,-2.67,-2.13,-4.13,-0.2400000000000002,0.1200000000000001,-20.67,0.4444444444444444,ASTS|GSAT|IRDM|LHX|NOC|RDW|SATL|SATS|SPIR|VSAT,ASTS|GSAT|IRDM|LHX|NOC|RDW|SATL|SPIR|VSAT
GIPR,10,10,24.69,3.01,-68.86,3.77,-1.935,-12.45,26.625,15.459999999999999,-58.475,1.0,ADC|BXP|EPRT|FCPT|GTY|NNN|O|SLG|VNO|WPC,ADC|BXP|EPRT|FCPT|GTY|NNN|O|SLG|VNO|WPC
GIS,10,9,-1.77,-9.48,1.72,0.53,-2.44,-8.97,0.6699999999999999,-0.5099999999999998,3.75,0.6666666666666666,CAG|CPB|HRL|HSY|K|KHC|MDLZ|MKC|PEP|SJM,CAG|CPB|HRL|HSY|KHC|MDLZ|MKC|PEP|SJM
GITS,10,10,-4.74,36.73,-15.55,0.0,-1.355,-6.195,-3.3850000000000002,42.925,-26.82,0.2,AAPL|AMZN|CMCSA|DIS|NFLX|PARA|ROKU|SPOT|T|WBD,AAPL|AMZN|CMCSA|DIS|NFLX|PARA|ROKU|SPOT|T|WBD
GIW,0,0,-0.05,-0.15,0.84,0.0,,,,,,,,
GKOS,10,9,-5.03,-15.49,7.53,-0.12,-0.44,-9.37,-4.59,-6.120000000000001,8.450000000000001,0.0,ALGN|BAX|BSX|COO|EW|HOLX|ISRG|MDT|SYK|ZBH,ALGN|BAX|BSX|COO|EW|ISRG|MDT|SYK|ZBH
GL,10,10,-2.45,-2.53,-3.92,0.0,-1.175,-1.02,-1.2750000000000001,-1.5099999999999998,-11.2,0.4,AFL|AIG|BRK-B|CNO|LNC|MET|PFG|PRU|UNM|VOYA,AFL|AIG|BRK-B|CNO|LNC|MET|PFG|PRU|UNM|VOYA
GLBE,10,10,5.5,2.69,17.95,-1.82,-1.75,-10.305,7.25,12.995,4.609999999999999,0.9,AMZN|BABA|CMRC|EBAY|ETSY|MELI|PYPL|SHOP|WIX|XYZ,AMZN|BABA|CMRC|EBAY|ETSY|MELI|PYPL|SHOP|WIX|XYZ
GLBS,10,10,-6.05,-7.27,12.97,0.0,-3.8600000000000003,-1.92,-2.1899999999999995,-5.35,-9.72,0.3,DAC|DSX|GNK|GOGL|NMM|PANL|SB|SBLK|SHIP|TK,DAC|DSX|GNK|GOGL|NMM|PANL|SB|SBLK|SHIP|TK
GLDG,10,9,-0.98,-14.41,13.23,0.0,-3.91,-13.66,2.93,-0.75,-10.21,1.0,AEM|AU|B|BTG|GFI|HMY|IAG|KGC|NEM|NGD,AEM|AU|B|BTG|GFI|HMY|IAG|KGC|NEM
GLE,0,0,-13.81,17.65,30.8,2.54,,,,,,,,
GLIBA,0,0,-6.31,-10.87,14.23,0.0,,,,,,,,
GLIBK,0,0,-4.74,-8.07,17.62,0.0,,,,,,,,
GLNG,10,9,-0.83,-2.86,0.22,0.0,-5.04,-0.13,4.21,-2.73,-9.08,0.8888888888888888,ALTM|DLNG|FLNG|GLP|KNOP|LNG|NAT|NMM|NVGS|TK,DLNG|FLNG|GLP|KNOP|LNG|NAT|NMM|NVGS|TK
GLOB,10,9,-8.69,-14.05,24.23,0.0,-4.46,-6.25,-4.2299999999999995,-7.800000000000001,-7.970000000000002,0.0,ACN|CTSH|DXC|EPAM|FIS|IBM|INFY|IT|TCS|WIT,ACN|CTSH|DXC|EPAM|FIS|IBM|INFY|IT|WIT
GLOO,0,0,0.81,48.65,17.58,3.12,,,,,,,,
GLP,10,10,-5.08,-4.42,9.3,0.0,-4.98,8.645,-0.09999999999999964,-13.065,-41.25500000000001,0.5,CVI|DK|ENB|ET|MPC|MPLX|PBF|PSX|SUN|VLO,CVI|DK|ENB|ET|MPC|MPLX|PBF|PSX|SUN|VLO
GLPI,10,10,-3.52,-10.06,-14.11,-1.4,-3.2,-11.365,-0.31999999999999984,1.3049999999999997,1.3399999999999999,0.5,BALY|BYD|CHDN|CZR|LVS|MCRI|MGM|PENN|VICI|WYNN,BALY|BYD|CHDN|CZR|LVS|MCRI|MGM|PENN|VICI|WYNN
GLRE,10,8,-0.73,-3.29,-9.14,0.0,-3.005,-5.5600000000000005,2.275,2.2700000000000005,-8.395,0.875,ACGL|AIZ|AWH|L|MKL|PRA|RLI|RNR|SIGI|WRB,ACGL|AIZ|L|MKL|RLI|RNR|SIGI|WRB
GLSI,10,10,-4.46,-5.49,-4.15,0.34,-0.36,-2.4050000000000002,-4.1,-3.085,-14.445,0.0,AZN|BMY|BNTX|GSK|JNJ|LLY|MRNA|NVAX|PFE|REGN,AZN|BMY|BNTX|GSK|JNJ|LLY|MRNA|NVAX|PFE|REGN
GLUE,10,8,-6.01,-13.68,-42.97,0.0,-1.345,-4.755,-4.665,-8.925,-47.9,0.25,ADPT|BPMC|CRSP|EDIT|EXEL|FATE|NTLA|PTCT|SGMO|SRPT,ADPT|CRSP|EDIT|EXEL|FATE|NTLA|PTCT|SRPT
GLW,9,8,1.37,1.81,-34.29,-3.02,3.205,-1.5999999999999999,-1.835,3.41,-35.42,0.25,AMCR|APH|AVNT|DHR|EMN|IEX|PKG|SEE|TEL,AMCR|APH|AVNT|DHR|EMN|IEX|PKG|TEL
GLXG,0,0,5.38,-3.7,-20.61,0.0,,,,,,,,
GLXY,0,0,12.25,0.89,-11.5,-3.02,,,,,,,,
GM,9,9,-5.05,-4.15,4.74,-1.81,-0.5,-2.93,-4.55,-1.2200000000000002,4.0600000000000005,0.2222222222222222,F|HMC|HOG|LI|NIO|RACE|STLA|TM|TSLA,F|HMC|HOG|LI|NIO|RACE|STLA|TM|TSLA
GMAB,10,10,1.02,5.24,34.35,0.0,-0.039999999999999994,-5.16,1.06,10.4,24.055,0.6,AMGN|AZN|BMY|GSK|JNJ|LLY|MRK|NVS|PFE|REGN,AMGN|AZN|BMY|GSK|JNJ|LLY|MRK|NVS|PFE|REGN
GME,10,8,4.76,31.86,13.53,-1.43,-0.315,-1.4749999999999999,5.075,33.335,18.02,0.75,AEO|ASO|BBY|BGFV|DKS|ETSY|ODP|TSCO|ULTA|WSM,AEO|ASO|BBY|DKS|ETSY|TSCO|ULTA|WSM
GMED,10,9,-1.73,-12.04,-9.94,0.0,-0.43,-9.37,-1.3,-2.67,-10.62,0.4444444444444444,BAX|BSX|HOLX|IART|JNJ|MEDP|MTD|SYK|TFX|ZBH,BAX|BSX|IART|JNJ|MEDP|MTD|SYK|TFX|ZBH
GMHS,0,0,4.08,7.46,-23.68,0.0,,,,,,,,
GMM,10,8,-0.2,-19.84,-29.22,2.89,-0.10499999999999998,1.2000000000000002,-0.09500000000000003,-21.04,-45.59,0.5,AAPL|ADSK|GOOGL|MSFT|MTTR|NVDA|RBLX|SNAP|U|VRAR,AAPL|ADSK|GOOGL|MSFT|NVDA|RBLX|SNAP|U
GNE,10,10,-3.79,2.14,11.31,-0.57,-4.109999999999999,-7.68,0.3199999999999994,9.82,23.564999999999998,0.7,AEP|D|DUK|ED|ES|EXC|NEE|PEG|SO|XEL,AEP|D|DUK|ED|ES|EXC|NEE|PEG|SO|XEL
GNK,10,10,-3.57,-1.86,9.44,0.0,-3.91,-2.17,0.3400000000000003,0.30999999999999983,-12.6,0.7,ASC|CMRE|DAC|DSX|ESEA|GOGL|NAT|NMM|SB|SBLK,ASC|CMRE|DAC|DSX|ESEA|GOGL|NAT|NMM|SB|SBLK
GNL,10,10,-3.37,-7.14,-4.87,-0.92,-1.325,-10.805,-2.045,3.665,6.0249999999999995,0.2,EPRT|FCPT|GOOD|LXP|NNI|NNN|O|PINE|VICI|WPC,EPRT|FCPT|GOOD|LXP|NNI|NNN|O|PINE|VICI|WPC
GNLN,10,10,4.38,-2.96,16.43,-3.32,2.52,-0.81,1.8599999999999999,-2.15,11.094999999999999,0.7,ACB|BTI|CGC|CRON|GRWG|MO|OGI|PM|SNDL|TLRY,ACB|BTI|CGC|CRON|GRWG|MO|OGI|PM|SNDL|TLRY
GNLX,10,10,7.48,-7.54,-11.75,0.0,1.715,-3.975,5.765000000000001,-3.565,-26.065,0.9,AMGN|BIIB|BMY|GILD|LLY|MRNA|NVS|PFE|REGN|VRTX,AMGN|BIIB|BMY|GILD|LLY|MRNA|NVS|PFE|REGN|VRTX
GNPX,9,8,7.23,-7.25,-64.2,-1.07,2.855,-11.375,4.375,4.125,-61.89,0.75,ABEO|BMRN|BNTC|CRBP|IBIO|INO|MRKR|SGMO|VSTM,ABEO|BMRN|BNTC|CRBP|IBIO|INO|MRKR|VSTM
GNRC,9,9,-4.94,-2.37,-33.26,-1.22,4.71,-0.24,-9.65,-2.13,-35.54,0.0,AME|DHR|EMR|ETN|GE|HON|IR|ROK|ROP,AME|DHR|EMR|ETN|GE|HON|IR|ROK|ROP
GNS,10,9,7.84,-10.26,-16.2,3.81,-1.97,-7.69,9.81,-2.5699999999999994,-12.629999999999999,1.0,ATGE|CHGG|COUR|EDU|LAUR|LOPE|LRN|PERI|PRDO|STRA,CHGG|COUR|EDU|LAUR|LOPE|LRN|PERI|PRDO|STRA
GNSS,10,10,0.0,-10.71,-7.41,0.0,-2.5700000000000003,-6.96,2.5700000000000003,-3.750000000000001,-5.495,0.8,BA|CW|GD|HII|LHX|LMT|NOC|RTX|TDY|TXT,BA|CW|GD|HII|LHX|LMT|NOC|RTX|TDY|TXT
GNTA,10,8,-14.58,-43.55,-62.47,0.02,-2.35,-15.695,-12.23,-27.854999999999997,-44.555,0.0,ALLO|BEAM|CLLS|CRSP|EDIT|NTLA|PSTX|SGMO|SRPT|VYGR,ALLO|BEAM|CLLS|CRSP|EDIT|NTLA|SRPT|VYGR
GNTX,10,10,-0.58,-5.98,-11.42,0.0,-2.34,-2.215,1.7599999999999998,-3.7650000000000006,-5.904999999999999,0.8,ADNT|ALV|BWA|DAN|JCI|LEA|MOD|OSK|SRI|TEN,ADNT|ALV|BWA|DAN|JCI|LEA|MOD|OSK|SRI|TEN
GNW,10,10,-4.56,-2.63,3.66,0.0,-2.625,-1.42,-1.9349999999999996,-1.21,-5.26,0.2,AIG|AIZ|CRBG|HIG|LNC|MET|PRU|RGA|UNM|VOYA,AIG|AIZ|CRBG|HIG|LNC|MET|PRU|RGA|UNM|VOYA
GO,10,10,-3.27,-7.26,17.94,0.72,-3.49,-6.97,0.2200000000000002,-0.29000000000000004,21.855,0.6,ACI|BJ|CAKE|COST|KR|SFM|SYY|UNFI|USFD|WMT,ACI|BJ|CAKE|COST|KR|SFM|SYY|UNFI|USFD|WMT
GOGO,10,9,-9.8,-10.16,-29.66,0.0,1.84,2.85,-11.64,-13.01,-21.92,0.0,AVGO|GSAT|INTC|IRDM|NXPI|QCOM|RKLB|SATS|STM|VSAT,AVGO|GSAT|INTC|IRDM|NXPI|QCOM|RKLB|STM|VSAT
GOLD,10,9,-7.79,-5.78,6.5,-0.6,-3.82,-11.96,-3.97,6.180000000000001,-12.05,0.0,AEM|AG|B|FNV|HL|KGC|NEM|PAAS|SAND|WPM,AEM|AG|B|FNV|HL|KGC|NEM|PAAS|WPM
GOLF,10,7,0.29,-7.49,-24.25,0.0,-0.54,-8.2,0.8300000000000001,0.7099999999999991,-3.969999999999999,0.5714285714285714,BOOT|COLM|DECK|FL|HBI|NKE|PVH|SKX|UA|VFC,BOOT|COLM|DECK|NKE|PVH|UA|VFC
GOOD,10,10,0.0,-2.82,5.37,1.43,-1.225,-7.705,1.225,4.885,14.065000000000001,1.0,EPR|FR|KIM|NNN|O|REG|SLG|STAG|VNO|WPC,EPR|FR|KIM|NNN|O|REG|SLG|STAG|VNO|WPC
GOOG,10,10,-3.05,-2.95,-2.63,-0.53,-0.71,-7.1049999999999995,-2.34,4.154999999999999,-7.585,0.2,AAPL|AMZN|BIDU|CMCSA|META|MSFT|NFLX|PINS|SNAP|TMUS,AAPL|AMZN|BIDU|CMCSA|META|MSFT|NFLX|PINS|SNAP|TMUS
GOOGL,10,10,-3.17,-3.07,-2.15,-0.49,-0.935,-5.18,-2.235,2.11,-16.634999999999998,0.4,AAPL|AMZN|META|MSFT|NFLX|PINS|ROKU|SNAP|SPOT|TTD,AAPL|AMZN|META|MSFT|NFLX|PINS|ROKU|SNAP|SPOT|TTD
GOOS,9,8,1.74,-7.66,-18.21,0.93,0.7549999999999999,-7.4399999999999995,0.9850000000000001,-0.22000000000000064,-3.735000000000001,0.5,COLM|HBI|LULU|NKE|PVH|RL|TPR|UAA|VFC,COLM|LULU|NKE|PVH|RL|TPR|UAA|VFC
GORO,10,8,4.89,3.4,-20.65,0.0,-4.305,-12.855,9.195,16.255,-36.51,1.0,AEM|CDE|EXK|FSM|HL|KGC|MUX|NGD|PAAS|SAND,AEM|CDE|EXK|FSM|HL|KGC|MUX|PAAS
GOSS,10,8,-8.46,-33.19,-17.3,-0.55,-3.1950000000000003,-9.36,-5.265000000000001,-23.83,-18.76,0.0,ADAP|BLUE|BMRN|CRSP|EDIT|FATE|NTLA|QURE|SRPT|VYGR,BMRN|CRSP|EDIT|FATE|NTLA|QURE|SRPT|VYGR
GOTU,10,9,12.62,40.12,38.51,3.88,-0.63,-5.36,13.25,45.48,41.15,1.0,ATAI|CHGG|CLEU|DAO|EDU|EH|FEDU|JZ|LRN|TAL,ATAI|CHGG|DAO|EDU|EH|FEDU|JZ|LRN|TAL
GOVX,10,5,4.18,-37.84,-69.54,5.56,2.22,-1.25,1.9599999999999995,-36.59,-79.64,1.0,ALT|BNTX|CVAC|HEPA|HOOK|INO|ITRM|MOD|NVAX|VXRT,ALT|BNTX|INO|MOD|NVAX
GP,10,7,-3.33,-54.65,-40.86,0.0,-0.5,-11.07,-2.83,-43.58,-25.22,0.2857142857142857,GOEV|HYLN|LCID|LI|NIO|NKLA|RIVN|SBLX|TSLA|XPEV,HYLN|LCID|LI|NIO|RIVN|TSLA|XPEV
GPAT,0,0,-1.43,0.55,1.01,0.0,,,,,,,,
GPC,10,10,-1.35,-5.11,16.28,0.0,-1.46,-6.37,0.10999999999999988,1.2599999999999998,25.580000000000002,0.5,AAP|AN|AZO|DORM|KMX|LKQ|MNRO|ORLY|PAG|SAH,AAP|AN|AZO|DORM|KMX|LKQ|MNRO|ORLY|PAG|SAH
GPCR,10,10,3.05,-27.54,-25.04,0.61,0.020000000000000004,-4.545,3.03,-22.994999999999997,-39.245,0.6,AMGN|BIIB|BMY|GILD|INCY|MRNA|NBIX|NKTR|REGN|VRTX,AMGN|BIIB|BMY|GILD|INCY|MRNA|NBIX|NKTR|REGN|VRTX
GPI,9,9,-3.51,-7.1,-18.22,-0.61,-4.76,-15.81,1.25,8.71,-18.11,0.5555555555555556,ABG|AN|CARS|CVNA|KMX|LAD|PAG|SAH|VRM,ABG|AN|CARS|CVNA|KMX|LAD|PAG|SAH|VRM
GPK,10,7,-1.63,-15.24,-11.27,0.21,1.48,-11.93,-3.11,-3.3100000000000005,-5.829999999999999,0.2857142857142857,ARLP|BERY|GLT|IP|MYE|OI|PKG|SEE|SLGN|SON,ARLP|IP|MYE|OI|PKG|SLGN|SON
GPMT,10,10,-2.2,-16.04,-34.56,6.33,-5.725,-10.629999999999999,3.5249999999999995,-5.41,-21.790000000000003,0.8,ABR|ACRE|ADAM|ARI|BXMT|KREF|LADR|LOAN|STWD|TRTX,ABR|ACRE|ADAM|ARI|BXMT|KREF|LADR|LOAN|STWD|TRTX
GPN,9,9,-2.06,-10.85,22.71,-0.43,-3.05,-10.06,0.9899999999999998,-0.7899999999999991,10.66,0.7777777777777778,ADP|AXP|FIS|INTU|MA|PYPL|V|WEX|XYZ,ADP|AXP|FIS|INTU|MA|PYPL|V|WEX|XYZ
GPOR,9,8,-1.56,-9.0,-0.77,0.0,-1.61,-5.215,0.050000000000000044,-3.785,-10.75,0.5,APA|AR|DVN|EQT|MRO|MTDR|OVV|RRC|SM,APA|AR|DVN|EQT|MTDR|OVV|RRC|SM
GPRE,10,10,0.33,0.94,3.21,0.0,-6.335000000000001,3.55,6.665000000000001,-2.61,-13.149999999999999,0.8,ADM|ALTO|AMTX|ANDE|BIOX|CLMT|CVI|GEVO|PBF|VLO,ADM|ALTO|AMTX|ANDE|BIOX|CLMT|CVI|GEVO|PBF|VLO
GPRK,8,6,-0.27,14.17,21.93,0.09,-2.4050000000000002,-1.145,2.1350000000000002,15.315,8.065,0.8333333333333334,APA|COP|DVN|EOG|FANG|HES|MRO|OXY,APA|COP|DVN|EOG|FANG|OXY
GPRO,10,9,-4.46,110.44,66.25,-2.27,-0.58,-3.95,-3.88,114.39,65.1,0.0,AAPL|FNKO|GNTX|GRMN|HOG|LOGI|MSFT|NKE|SONY|VZIO,AAPL|FNKO|GNTX|GRMN|HOG|LOGI|MSFT|NKE|SONY
GPUS,10,10,-4.41,-56.6,-81.51,0.52,-1.105,-5.65,-3.305,-50.95,-74.33000000000001,0.2,AMT|BWXT|CCI|CIA|COR|DLR|EQIX|GDS|IRM|SBAC,AMT|BWXT|CCI|CIA|COR|DLR|EQIX|GDS|IRM|SBAC
GRAB,10,10,12.46,-11.73,-8.67,-1.25,-2.71,-14.375,15.170000000000002,2.6449999999999996,-13.745,1.0,ABNB|DASH|ETSY|LYFT|PINS|ROKU|SPOT|UBER|XYZ|ZM,ABNB|DASH|ETSY|LYFT|PINS|ROKU|SPOT|UBER|XYZ|ZM
GRAL,10,9,46.09,43.29,69.91,0.0,0.81,0.44,45.28,42.85,57.33,1.0,CDNA|CRSP|EDIT|EXAS|FULC|GH|ILMN|PACB|QGEN|TXG,CDNA|CRSP|EDIT|FULC|GH|ILMN|PACB|QGEN|TXG
GRAN,0,0,10.77,-9.3,-22.07,0.0,,,,,,,,
GRBK,10,9,1.42,-7.64,-16.22,0.0,-0.16,-9.48,1.5799999999999998,1.8400000000000007,0.5199999999999996,0.8888888888888888,BZH|DHI|KBH|LEN|LGIH|MTH|NVR|PHM|TMHC|TOL,BZH|DHI|KBH|LEN|LGIH|MTH|NVR|PHM|TOL
GRC,10,10,4.31,-2.02,-17.22,-0.05,2.245,-4.19,2.0649999999999995,2.1700000000000004,-14.2,0.8,AOS|CW|DOV|FLS|IEX|ITT|KMT|NDSN|PH|XYL,AOS|CW|DOV|FLS|IEX|ITT|KMT|NDSN|PH|XYL
GRCE,0,0,-0.93,-2.75,-9.01,0.0,,,,,,,,
GRDN,0,0,-7.01,14.75,12.86,0.0,,,,,,,,
GRDX,9,9,31.29,5.75,-12.67,0.0,-1.37,-10.35,32.66,16.1,0.3200000000000003,1.0,CBIO|CENTA|LGND|PBYI|PRTA|PTGX|RARE|VNDA|XENE,CBIO|CENTA|LGND|PBYI|PRTA|PTGX|RARE|VNDA|XENE
GRFS,10,10,-2.77,-9.95,-0.35,0.0,0.039999999999999994,-7.5,-2.81,-2.4499999999999993,-11.495,0.1,ABT|AMGN|BAX|BMY|CANF|GILD|JNJ|LLY|MRK|PFE,ABT|AMGN|BAX|BMY|CANF|GILD|JNJ|LLY|MRK|PFE
GRI,10,10,16.85,9.69,9.69,0.0,0.0,-4.8950000000000005,16.85,14.585,-2.415000000000001,1.0,AMGN|AZN|BIIB|BMY|GILD|IONS|LLY|MRNA|REGN|VRTX,AMGN|AZN|BIIB|BMY|GILD|IONS|LLY|MRNA|REGN|VRTX
GRMN,5,5,4.26,-0.47,21.95,-0.17,-0.29,1.31,4.55,-1.78,-0.17999999999999972,0.8,AAPL|GOOGL|GPRO|MSFT|TRMB,AAPL|GOOGL|GPRO|MSFT|TRMB
GRND,10,9,-0.65,-2.17,13.2,-0.58,0.0,-3.07,-0.65,0.8999999999999999,-1.3399999999999999,0.4444444444444444,BMBL|GOOGL|IAC|MSFT|MTCH|OKTA|PINS|SNAP|TWLO|ZM,BMBL|GOOGL|MSFT|MTCH|OKTA|PINS|SNAP|TWLO|ZM
GRNQ,10,10,13.22,-8.45,-32.62,0.0,-2.44,-5.98,15.66,-2.469999999999999,-33.75,1.0,ASPN|CTRM|DCBO|EIC|FROG|FTEK|GLBS|OPAD|SLF|XPOF,ASPN|CTRM|DCBO|EIC|FROG|FTEK|GLBS|OPAD|SLF|XPOF
GRNT,10,8,-8.89,-10.69,1.12,0.0,-1.78,0.5349999999999999,-7.11,-11.225,-15.145,0.0,APA|COP|CVX|DVN|EOG|FANG|HES|MRO|OXY|XOM,APA|COP|CVX|DVN|EOG|FANG|OXY|XOM
GRO,0,0,3.88,-5.12,22.34,0.0,,,,,,,,
GROV,10,10,3.96,14.13,-14.63,0.0,-0.305,-5.595,4.265,19.725,-13.49,1.0,AMZN|CHD|CL|CLX|HNST|KMB|PG|TGT|UL|WMT,AMZN|CHD|CL|CLX|HNST|KMB|PG|TGT|UL|WMT
GROW,10,8,0.0,-10.68,-6.6,0.0,-0.8250000000000001,-7.8149999999999995,0.8250000000000001,-2.865,-14.639999999999999,0.625,AMG|AMP|BEN|BK|BLK|IVZ|JHG|MS|SCHW|TROW,AMG|AMP|BEN|BLK|IVZ|MS|SCHW|TROW
GROY,10,9,-5.68,-9.16,19.31,0.55,-3.41,-10.16,-2.2699999999999996,1.0,-4.59,0.0,AEM|B|EGO|FNV|KGC|NEM|OR|RGLD|SAND|WPM,AEM|B|EGO|FNV|KGC|NEM|OR|RGLD|WPM
GRPN,10,9,7.66,3.37,-11.49,1.05,-7.11,-20.06,14.77,23.43,-11.1,1.0,ANGI|BKNG|EBAY|EXPE|MTCH|PINS|QVCGA|TRIP|W|YELP,ANGI|BKNG|EBAY|EXPE|MTCH|PINS|TRIP|W|YELP
GRRR,10,10,6.47,-1.5,-18.17,-1.71,4.23,17.05,2.2399999999999993,-18.55,-44.95,0.9,ANET|CRWD|CSCO|DDOG|FFIV|FTNT|NET|OKTA|PANW|ZS,ANET|CRWD|CSCO|DDOG|FFIV|FTNT|NET|OKTA|PANW|ZS
GRVY,8,7,-4.33,-6.67,-0.98,0.0,0.08,-5.3,-4.41,-1.37,-5.1,0.0,AMZN|EA|MSFT|NTES|RBLX|TTWO|U|XYZ,AMZN|MSFT|NTES|RBLX|TTWO|U|XYZ
GRWG,10,10,8.97,-4.09,25.19,1.86,3.73,-1.73,5.24,-2.36,15.705000000000002,0.9,ACB|CGC|CRON|HYFM|OGI|PKG|SMG|SNDL|TLRY|VFF,ACB|CGC|CRON|HYFM|OGI|PKG|SMG|SNDL|TLRY|VFF
GS,10,9,-1.99,-11.94,-12.45,-0.41,-3.44,-6.74,1.45,-5.199999999999999,-8.169999999999998,0.7777777777777778,BAC|BK|C|JPM|MS|PNC|STT|TFC|USB|WFC,BAC|C|JPM|MS|PNC|STT|TFC|USB|WFC
GSAT,10,9,0.61,1.21,3.84,0.63,0.08,-4.13,0.53,5.34,1.13,0.5555555555555556,ASTS|CMTL|GOGO|IRDM|LMT|MSFT|NOC|QCOM|SATS|VSAT,ASTS|CMTL|GOGO|IRDM|LMT|MSFT|NOC|QCOM|VSAT
GSBC,10,10,-1.44,-0.81,1.92,0.0,-2.5,-3.455,1.06,2.645,6.35,0.8,ASB|BCBP|BOKF|CBSH|CUBI|FULT|ONB|OZK|SFNC|WSFS,ASB|BCBP|BOKF|CBSH|CUBI|FULT|ONB|OZK|SFNC|WSFS
GSBD,10,10,-1.53,-3.31,3.3,0.0,-2.12,-6.615,0.5900000000000001,3.305,-4.055000000000001,0.6,ARCC|FSK|HTGC|MAIN|NMFC|OCSL|PNNT|PSEC|TCPC|TPVG,ARCC|FSK|HTGC|MAIN|NMFC|OCSL|PNNT|PSEC|TCPC|TPVG
GSHD,10,10,-22.93,-40.38,0.28,0.0,-4.6,-12.375,-18.33,-28.005000000000003,0.7700000000000001,0.0,AJG|ALL|AON|BRO|HIG|L|MRSH|PGR|TRV|WTW,AJG|ALL|AON|BRO|HIG|L|MRSH|PGR|TRV|WTW
GSHR,0,0,0.38,0.38,1.63,0.0,,,,,,,,
GSIT,10,10,4.98,-8.05,-20.46,-2.58,4.734999999999999,4.699999999999999,0.245000000000001,-12.75,-9.870000000000001,0.7,AMD|AVGO|INTC|MCHP|MRVL|MU|NVDA|NXPI|QCOM|TXN,AMD|AVGO|INTC|MCHP|MRVL|MU|NVDA|NXPI|QCOM|TXN
GSIW,10,8,-0.69,-11.29,-49.07,0.0,1.04,-4.125,-1.73,-7.164999999999999,-50.36,0.375,BSET|FLXS|HOFT|HVT|LEG|LOVE|RH|SNBR|W|WSM,BSET|FLXS|HOFT|HVT|LOVE|RH|W|WSM
GSK,10,10,-2.68,-4.57,-4.24,-0.04,-0.21,-4.53,-2.47,-0.040000000000000036,-14.395,0.1,ABBV|AZN|BMY|GILD|JNJ|LLY|MRK|NVS|PFE|SNY,ABBV|AZN|BMY|GILD|JNJ|LLY|MRK|NVS|PFE|SNY
GSL,10,10,-2.45,-0.66,18.14,1.03,-3.73,1.125,1.2799999999999998,-1.7850000000000001,4.16,0.9,CMRE|DAC|DSX|ESEA|GOGL|KEX|MATX|NAT|SFL|ZIM,CMRE|DAC|DSX|ESEA|GOGL|KEX|MATX|NAT|SFL|ZIM
GSM,10,9,-3.01,3.46,17.04,0.0,-2.96,-12.9,-0.04999999999999982,16.36,26.33,0.4444444444444444,AA|ATI|CCJ|CENX|CMC|MSB|NUE|RS|STLD|X,AA|ATI|CCJ|CENX|CMC|MSB|NUE|RS|STLD
GSRF,0,0,0.2,0.39,0.89,0.0,,,,,,,,
GSUN,10,8,2.48,-15.74,-40.88,2.6,-0.13999999999999999,-7.79,2.62,-7.95,-45.995000000000005,0.75,BLUE|CRSP|EDIT|FATE|ILMN|NTLA|NTRA|RGNX|SGMO|VRTX,CRSP|EDIT|FATE|ILMN|NTLA|NTRA|RGNX|VRTX
GT,10,10,2.91,-14.52,-17.7,-0.75,-1.2850000000000001,-2.5650000000000004,4.195,-11.954999999999998,-10.75,0.9,ALV|BWA|DKS|F|GM|GPC|HMC|LEA|TSLA|TWI,ALV|BWA|DKS|F|GM|GPC|HMC|LEA|TSLA|TWI
GTBP,10,10,-9.09,-7.13,-37.73,0.0,0.16999999999999998,-3.625,-9.26,-3.505,-49.834999999999994,0.0,ABBV|AMGN|BIIB|BMY|GILD|JNJ|LLY|MRK|REGN|VRTX,ABBV|AMGN|BIIB|BMY|GILD|JNJ|LLY|MRK|REGN|VRTX
GTE,10,8,-6.21,0.2,60.81,0.0,-1.78,0.5349999999999999,-4.43,-0.3349999999999999,44.545,0.0,APA|COP|CVX|DVN|EOG|FANG|HES|MRO|OXY|XOM,APA|COP|CVX|DVN|EOG|FANG|OXY|XOM
GTEC,10,10,9.26,31.07,118.48,0.0,0.29,-5.615,8.97,36.685,126.06,1.0,AGCO|CAT|CMI|DE|LCII|LECO|MTW|OSK|PLOW|TEX,AGCO|CAT|CMI|DE|LCII|LECO|MTW|OSK|PLOW|TEX
GTEN,0,0,-0.76,-1.6,0.29,0.0,,,,,,,,
GTERA,0,0,0.1,0.29,1.07,0.0,,,,,,,,
GTES,10,10,3.58,1.27,-3.27,0.0,3.42,-3.515,0.16000000000000014,4.785,2.1999999999999997,0.5,AME|AOS|DOV|GE|IEX|IR|ITW|PH|ROK|XYL,AME|AOS|DOV|GE|IEX|IR|ITW|PH|ROK|XYL
GTIM,10,10,0.33,-0.33,9.06,0.0,2.27,-13.885,-1.94,13.555,6.800000000000001,0.4,BJRI|CAKE|DPZ|JACK|MCD|QSR|RRGB|SHAK|WEN|YUM,BJRI|CAKE|DPZ|JACK|MCD|QSR|RRGB|SHAK|WEN|YUM
GTLB,10,10,-3.52,16.42,76.43,-1.04,-2.735,0.49,-0.7850000000000001,15.930000000000001,27.560000000000002,0.3,ADBE|CRM|GOOGL|INTU|MSFT|NOW|ORCL|TEAM|WDAY|ZS,ADBE|CRM|GOOGL|INTU|MSFT|NOW|ORCL|TEAM|WDAY|ZS
GTM,10,10,-3.23,0.78,49.04,-0.26,-2.635,-1.005,-0.5950000000000002,1.785,8.14,0.3,ADBE|CRM|CSCO|HUBS|MSFT|NOW|ORCL|SAP|TEAM|WDAY,ADBE|CRM|CSCO|HUBS|MSFT|NOW|ORCL|SAP|TEAM|WDAY
GTN,10,8,-0.86,-8.57,28.21,0.22,-1.35,-10.08,0.4900000000000001,1.5099999999999998,29.015,0.625,AMCX|CMCSA|CMLS|DIS|EVC|FOXA|IHRT|NXST|SBGI|TGNA,AMCX|CMCSA|DIS|EVC|FOXA|IHRT|NXST|SBGI
GTX,10,10,-2.41,-1.32,-23.47,0.0,-2.34,-5.859999999999999,-0.07000000000000028,4.539999999999999,-12.75,0.5,ADNT|ALSN|APTV|BWA|DAN|GNTX|LEA|MGA|TEN|VC,ADNT|ALSN|APTV|BWA|DAN|GNTX|LEA|MGA|TEN|VC
GTY,10,10,-6.05,-16.16,-17.08,-2.77,-0.745,-8.83,-5.305,-7.33,-7.284999999999998,0.0,BXP|EPRT|FPI|FRT|KIM|NNN|O|REG|SKT|WPC,BXP|EPRT|FPI|FRT|KIM|NNN|O|REG|SKT|WPC
GUG,0,0,-3.79,-8.22,-11.65,0.0,,,,,,,,
GURE,10,10,-7.03,-6.78,-20.8,-12.22,-1.5,-8.399999999999999,-5.53,1.6199999999999983,-8.395,0.0,ALB|ASH|CC|HUN|KRO|MTX|SQM|TROX|VHI|WLK,ALB|ASH|CC|HUN|KRO|MTX|SQM|TROX|VHI|WLK
GUTS,10,9,-17.91,-38.12,-39.29,-0.12,0.81,8.05,-18.72,-46.17,-68.02,0.0,CDNA|CYRX|EXAS|FLGT|GH|ILMN|PACB|QDEL|TWST|TXG,CDNA|CYRX|FLGT|GH|ILMN|PACB|QDEL|TWST|TXG
GVA,10,10,-2.72,-8.52,-25.83,0.0,-1.995,-3.11,-0.7250000000000001,-5.41,-12.584999999999997,0.4,ACM|DY|EME|FLR|KBR|MTZ|PRIM|PWR|ROAD|TPC,ACM|DY|EME|FLR|KBR|MTZ|PRIM|PWR|ROAD|TPC
GVH,9,9,-20.68,6.27,-71.57,0.42,-1.58,-5.3,-19.1,11.57,-78.75999999999999,0.0,AMZN|BABA|BBY|CHWY|COST|EBAY|JD|TGT|WMT,AMZN|BABA|BBY|CHWY|COST|EBAY|JD|TGT|WMT
GWAV,10,10,-16.49,-46.36,-24.53,-7.95,1.39,-3.755,-17.88,-42.605,-15.660000000000002,0.0,ASTE|ATRO|CLH|DWSN|MTRX|PESI|TISI|VEON|WLDN|WWD,ASTE|ATRO|CLH|DWSN|MTRX|PESI|TISI|VEON|WLDN|WWD
GWH,9,8,-0.91,-4.76,-52.87,-1.61,-5.18,-9.145,4.27,4.385,-27.229999999999997,0.875,BE|BLDP|ENPH|FCEL|MAXN|NEE|PLUG|RUN|SEDG,BE|BLDP|ENPH|FCEL|NEE|PLUG|RUN|SEDG
GWRE,10,10,4.42,-19.62,37.5,-0.98,-2.41,2.9000000000000004,6.83,-22.520000000000003,-7.984999999999999,0.9,ACN|ADBE|CRM|INTU|MSFT|NOW|ORCL|SNOW|TEAM|TWLO,ACN|ADBE|CRM|INTU|MSFT|NOW|ORCL|SNOW|TEAM|TWLO
GWRS,10,10,-7.23,-13.68,13.8,0.0,-3.32,-7.265000000000001,-3.9100000000000006,-6.414999999999999,11.875,0.0,ARTNA|AWK|AWR|CWCO|CWT|HTO|MSEX|PNR|WTRG|YORW,ARTNA|AWK|AWR|CWCO|CWT|HTO|MSEX|PNR|WTRG|YORW
GWW,10,9,0.99,-3.88,-5.36,0.0,3.93,1.56,-2.9400000000000004,-5.4399999999999995,-7.69,0.3333333333333333,AIT|DXPE|FAST|GMS|IPAR|KMT|MSM|OSK|RS|WCC,AIT|DXPE|FAST|IPAR|KMT|MSM|OSK|RS|WCC
GXAI,10,10,-7.04,-28.85,-49.56,-0.17,-2.14,0.04500000000000004,-4.9,-28.895000000000003,-67.48,0.0,AAPL|ADBE|AMZN|CRM|GOOG|IBM|META|MSFT|NVDA|ORCL,AAPL|ADBE|AMZN|CRM|GOOG|IBM|META|MSFT|NVDA|ORCL
GXO,10,10,-1.99,-3.72,-9.5,0.0,-2.545,-7.05,0.5549999999999999,3.3299999999999996,2.289999999999999,0.6,CHRW|EXPD|FDX|JBHT|MATX|R|SNDR|UPS|WERN|XPO,CHRW|EXPD|FDX|JBHT|MATX|R|SNDR|UPS|WERN|XPO
GYRE,10,10,10.45,14.91,14.2,0.0,-0.09,-3.505,10.54,18.415,3.1999999999999993,1.0,ACAD|AMGN|BIIB|BMRN|EXEL|GILD|INCY|NBIX|REGN|VRTX,ACAD|AMGN|BIIB|BMRN|EXEL|GILD|INCY|NBIX|REGN|VRTX
GYRO,10,8,-0.59,-7.04,-18.04,0.0,-3.015,-7.859999999999999,2.4250000000000003,0.8199999999999994,-6.799999999999999,0.875,AHT|ALEX|CHCT|CIO|EFC|FOR|GNL|PDM|SQFT|STC,AHT|CHCT|EFC|FOR|GNL|PDM|SQFT|STC
H,10,10,-0.86,-12.67,-20.29,0.0,1.4849999999999999,-6.86,-2.3449999999999998,-5.81,-12.08,0.2,APLE|CHH|HGV|HLT|IHG|MAR|PK|RHP|VAC|WH,APLE|CHH|HGV|HLT|IHG|MAR|PK|RHP|VAC|WH
HAE,10,9,0.55,-1.46,46.59,0.0,0.63,-10.42,-0.07999999999999996,8.96,45.910000000000004,0.4444444444444444,ABT|BAX|BDX|BSX|EW|HOLX|MDT|STE|TFX|XRAY,ABT|BAX|BDX|BSX|EW|MDT|STE|TFX|XRAY
HAFC,10,10,-1.56,1.15,-1.65,0.0,-3.09,-4.22,1.5299999999999998,5.369999999999999,3.8350000000000004,0.7,BANC|BOH|CATY|COLB|CVBF|EWBC|HOPE|WABC|WAL|WWD,BANC|BOH|CATY|COLB|CVBF|EWBC|HOPE|WABC|WAL|WWD
HAFN,10,10,-10.6,6.1,19.52,-4.51,-6.48,5.0,-4.119999999999999,1.0999999999999996,-3.2650000000000006,0.0,ASC|FRO|INSW|NAT|NMM|SFL|STNG|TK|TNK|TRMD,ASC|FRO|INSW|NAT|NMM|SFL|STNG|TK|TNK|TRMD
HAIN,10,8,-7.39,-39.35,-9.29,-3.62,-3.175,-10.629999999999999,-4.215,-28.720000000000002,-0.15499999999999936,0.0,CPB|FLO|GIS|HRL|K|KHC|MZTI|POST|SJM|STKL,CPB|FLO|GIS|HRL|KHC|MZTI|POST|SJM
HAL,10,10,-1.94,-1.27,-3.75,1.09,-1.565,-1.56,-0.375,0.29000000000000004,-11.315,0.4,BKR|CLB|FET|FTI|INVX|NOV|OIS|RES|SLB|WTTR,BKR|CLB|FET|FTI|INVX|NOV|OIS|RES|SLB|WTTR
HALO,10,10,2.59,2.93,54.91,0.07,0.020000000000000004,-1.385,2.57,4.315,44.33,0.7,ALNY|AMGN|BIIB|EXEL|GILD|INCY|IONS|NBIX|REGN|VRTX,ALNY|AMGN|BIIB|EXEL|GILD|INCY|IONS|NBIX|REGN|VRTX
HAO,10,10,-1.03,-16.91,-86.45,-8.24,1.605,-7.27,-2.635,-9.64,-90.69500000000001,0.1,BABA|DOYU|EDU|HCM|JD|JKS|NIO|PDD|TME|YSG,BABA|DOYU|EDU|HCM|JD|JKS|NIO|PDD|TME|YSG
HAS,7,6,-2.63,-10.67,1.82,-0.11,-1.2850000000000001,-9.219999999999999,-1.3449999999999998,-1.450000000000001,1.68,0.0,DIS|FNKO|GME|JAKK|MAT|TTWO|VZIO,DIS|FNKO|GME|JAKK|MAT|TTWO
HASI,10,10,-2.64,-8.68,-7.61,-0.03,-4.05,-6.825,1.4099999999999997,-1.8549999999999995,4.644999999999999,0.8,AEP|AES|DTE|DUK|ED|ES|EXC|NEE|SRE|XEL,AEP|AES|DTE|DUK|ED|ES|EXC|NEE|SRE|XEL
HAVA,0,0,0.0,0.29,0.99,0.0,,,,,,,,
HAYW,10,9,-1.39,-12.07,-19.1,0.0,1.68,-7.63,-3.07,-4.44,-6.140000000000001,0.0,AOS|CSL|GTLS|IEX|MSA|PNR|POOL|SITE|WMS|XYL,AOS|CSL|IEX|MSA|PNR|POOL|SITE|WMS|XYL
HBAN,9,8,-3.09,-9.2,-14.02,0.07,-3.44,-7.68,0.3500000000000001,-1.5199999999999996,-5.454999999999998,0.625,CFG|CMA|FITB|KEY|MTB|PNC|RF|USB|ZION,CFG|FITB|KEY|MTB|PNC|RF|USB|ZION
HBB,9,8,10.03,5.0,72.75,-0.98,-0.635,-7.55,10.665,12.55,82.355,1.0,KSS|LCII|LEG|NWL|PCAR|RBC|SNA|VC|WHR,KSS|LCII|NWL|PCAR|RBC|SNA|VC|WHR
HBCP,10,8,-2.16,-3.89,-1.48,0.0,-3.1500000000000004,-4.365,0.9900000000000002,0.4750000000000001,2.3049999999999997,0.625,BANC|CATY|EGBN|FFIC|FHB|GSBC|HFWA|HOPE|IBTX|OZK,BANC|CATY|EGBN|FHB|GSBC|HFWA|HOPE|OZK
HBIO,10,10,1.0,6.62,32.4,0.0,2.585,2.465,-1.585,4.155,9.809999999999999,0.4,A|BIO|DHR|ILMN|MTD|QGEN|RGEN|TECH|TMO|WAT,A|BIO|DHR|ILMN|MTD|QGEN|RGEN|TECH|TMO|WAT
HBM,10,10,-0.38,-14.45,11.94,-1.68,-1.545,-9.635,1.165,-4.8149999999999995,2.9399999999999995,0.6,AA|BHP|CLF|FCX|NEM|NUE|RIO|SCCO|TECK|VALE,AA|BHP|CLF|FCX|NEM|NUE|RIO|SCCO|TECK|VALE
HBNB,0,0,-12.16,-13.66,-10.78,-4.87,,,,,,,,
HBNC,10,9,-2.41,-3.5,-3.94,0.0,-3.48,-5.59,1.0699999999999998,2.09,1.4300000000000002,0.8888888888888888,ASB|CMA|FNB|FULT|HBAN|ONB|PNFP|SBCF|TCBK|WTFC,ASB|FNB|FULT|HBAN|ONB|PNFP|SBCF|TCBK|WTFC
HBT,10,8,-2.58,-2.28,11.57,0.0,-2.7,-2.41,0.1200000000000001,0.13000000000000034,14.375,0.5,BANF|FUNC|HTLF|IBTX|ONB|PFS|SBCF|TMP|UVSP|WTBA,BANF|FUNC|ONB|PFS|SBCF|TMP|UVSP|WTBA
HCA,8,7,1.62,1.69,12.68,-0.11,-1.2,-0.73,2.8200000000000003,2.42,-1.540000000000001,1.0,ACHC|CYH|EHC|HUM|SEM|THC|UHS|UNH,ACHC|CYH|EHC|HUM|THC|UHS|UNH
HCAI,0,0,-11.72,-88.77,-93.7,-3.0,,,,,,,,
HCAT,6,5,-0.58,8.18,0.0,0.0,-1.01,-0.65,0.43000000000000005,8.83,16.54,0.6,CDXS|HSTM|OMCL|RCM|TDOC|VEEV,CDXS|HSTM|OMCL|TDOC|VEEV
HCC,10,9,-1.7,-14.29,6.34,0.0,-1.16,-5.34,-0.54,-8.95,-1.2199999999999998,0.2222222222222222,ARCH|ARLP|BTU|CNR|CNX|HNRG|NRP|SCCO|SXC|TENX,ARLP|BTU|CNR|CNX|HNRG|NRP|SCCO|SXC|TENX
HCI,10,10,-6.35,-4.96,0.66,0.0,-3.6,-4.025,-2.7499999999999996,-0.9349999999999996,1.2400000000000002,0.1,AFL|AIG|ALL|CB|CINF|HIG|MET|PGR|RLI|TRV,AFL|AIG|ALL|CB|CINF|HIG|MET|PGR|RLI|TRV
HCKT,10,10,-5.82,-6.67,-1.8,0.0,-4.050000000000001,-6.88,-1.7699999999999996,0.20999999999999996,-34.015,0.2,ACN|CTSH|DXC|EDU|EPAM|EXLS|G|INFY|IT|WIT,ACN|CTSH|DXC|EDU|EPAM|EXLS|G|INFY|IT|WIT
HCM,10,10,1.81,14.76,36.73,-2.09,-2.61,-7.005,4.42,21.765,29.284999999999997,0.9,ADAG|ASND|HUYA|JNJ|JSPR|MGNX|NBP|ONC|WWW|ZLAB,ADAG|ASND|HUYA|JNJ|JSPR|MGNX|NBP|ONC|WWW|ZLAB
HCMA,0,0,-0.19,0.05,0.49,0.0,,,,,,,,
HCSG,10,8,-1.91,-8.11,-10.79,-0.8,-1.845,-2.675,-0.06499999999999995,-5.435,-27.02,0.5,ACHC|ADUS|AMED|CHE|CNC|EHC|HCA|SEM|THC|UHS,ACHC|ADUS|CHE|CNC|EHC|HCA|THC|UHS
HCTI,10,10,9.83,-6.44,-59.38,-14.4,-1.6349999999999998,-3.4050000000000002,11.465,-3.035,-54.620000000000005,1.0,ACHC|CI|CLOV|CNC|HCA|HUM|MD|MOH|TDOC|UNH,ACHC|CI|CLOV|CNC|HCA|HUM|MD|MOH|TDOC|UNH
HCWB,10,10,-8.72,-31.54,-73.51,7.23,-1.855,-12.82,-6.865,-18.72,-62.315000000000005,0.3,ARDX|AUPH|BYSI|CBIO|CRBP|FATE|GERN|IVA|LGND|TVRD,ARDX|AUPH|BYSI|CBIO|CRBP|FATE|GERN|IVA|LGND|TVRD
HD,10,10,-2.34,-12.56,-14.37,-0.43,1.2,-6.545,-3.54,-6.015000000000001,-10.454999999999998,0.2,BBY|BLDR|COST|FND|LOW|SHW|TGT|TSCO|WMT|WSM,BBY|BLDR|COST|FND|LOW|SHW|TGT|TSCO|WMT|WSM
HDB,1,1,1.83,-3.19,-10.84,0.0,-0.96,-8.16,2.79,4.970000000000001,-6.62,1.0,IBN,IBN
HDL,10,10,1.16,-16.11,-4.12,0.0,-2.4850000000000003,-12.535,3.6450000000000005,-3.5749999999999993,0.4299999999999997,0.7,CMG|DPZ|DRI|MCD|QSR|RRGB|SBUX|WEN|WING|YUM,CMG|DPZ|DRI|MCD|QSR|RRGB|SBUX|WEN|WING|YUM
HDSN,10,10,-0.05,-5.9,-7.59,0.14,2.3600000000000003,-3.955,-2.41,-1.9450000000000003,-0.9350000000000005,0.1,AIR|EME|HON|IEX|IR|JCI|LECO|SWK|TT|WM,AIR|EME|HON|IEX|IR|JCI|LECO|SWK|TT|WM
HE,10,10,-8.42,-18.73,-30.37,0.22,-3.96,-6.59,-4.46,-12.14,-17.265,0.0,AEP|D|DUK|ED|NEE|PEG|SO|SRE|WEC|XEL,AEP|D|DUK|ED|NEE|PEG|SO|SRE|WEC|XEL
HEI,10,9,3.72,-11.94,-7.38,0.0,-1.0,-5.53,4.720000000000001,-6.409999999999999,2.6499999999999995,0.8888888888888888,BA|HON|HXL|LHX|LMT|MOG-A|NOC|SPR|TDG|TXT,BA|HON|HXL|LHX|LMT|MOG-A|NOC|TDG|TXT
HEI-A,10,9,3.73,-10.89,-11.02,-0.87,-1.0,-5.53,4.73,-5.36,-1.6099999999999994,1.0,BA|GD|HON|HXL|LMT|NOC|RBC|SPR|TDG|TXT,BA|GD|HON|HXL|LMT|NOC|RBC|TDG|TXT
HELE,10,10,7.7,2.63,6.58,0.44,-0.06999999999999999,-6.67,7.7700000000000005,9.3,9.895,1.0,CHD|CL|CLX|EL|HSY|JNJ|KMB|NWL|PG|TPR,CHD|CL|CLX|EL|HSY|JNJ|KMB|NWL|PG|TPR
HELP,9,8,-7.7,-7.47,114.95,-0.61,-6.45,-8.625,-1.25,1.1550000000000002,120.625,0.42857142857142855,ATAI|AVXL|BHVN|BTAI|CMPS|DFTX|GHRS|NBIX|RLMD,ATAI|AVXL|BHVN|CMPS|DFTX|GHRS|NBIX|RLMD
HEPS,10,10,-2.7,-9.03,-12.5,0.0,0.8450000000000001,-9.11,-3.5450000000000004,0.08000000000000007,-20.715,0.1,AMZN|BABA|EBAY|ETSY|GRPN|JD|MELI|PDD|SE|SHOP,AMZN|BABA|EBAY|ETSY|GRPN|JD|MELI|PDD|SE|SHOP
HERE,10,10,-9.09,-11.29,-16.67,-0.6,-0.2,1.24,-8.89,-12.53,-47.255,0.2222222222222222,AMBO|ATAI|DAO|EDU|FEDU|GOTU|JZ|LXEH|TAL|YQ,AMBO|ATAI|DAO|EDU|FEDU|GOTU|JZ|LXEH|TAL|YQ
HERZ,0,0,-0.63,-1.26,-4.73,0.0,,,,,,,,
HESM,10,9,-2.02,-0.62,4.02,0.0,-0.86,-1.36,-1.1600000000000001,0.7400000000000001,2.0399999999999996,0.4444444444444444,AM|ENLC|EPD|KMI|MPLX|OKE|PAA|TRGP|WES|WMB,AM|EPD|KMI|MPLX|OKE|PAA|TRGP|WES|WMB
HFBL,10,10,3.31,-6.82,24.61,0.0,-2.725,-2.6950000000000003,6.035,-4.125,21.369999999999997,1.0,BANR|BCBP|BHB|CAC|FMBH|FMNB|HOMB|NBHC|SFBC|WASH,BANR|BCBP|BHB|CAC|FMBH|FMNB|HOMB|NBHC|SFBC|WASH
HFFG,10,9,-5.52,-14.92,-12.99,0.0,-0.72,-5.5,-4.8,-9.42,-8.870000000000001,0.1111111111111111,AMZN|CHEF|COST|IMKTA|SFM|SPTN|SYY|UNFI|USFD|WMT,AMZN|CHEF|COST|IMKTA|SFM|SYY|UNFI|USFD|WMT
HFWA,10,10,-0.21,-3.75,-3.55,0.0,-4.6850000000000005,-6.865,4.4750000000000005,3.115,6.370000000000002,1.0,BOH|COLB|EWBC|FNB|GBCI|HOPE|VLY|WAFD|WAL|ZION,BOH|COLB|EWBC|FNB|GBCI|HOPE|VLY|WAFD|WAL|ZION
HG,10,10,-4.83,-4.86,2.64,0.0,-2.975,-4.13,-1.855,-0.7300000000000004,3.22,0.3,AFL|AIG|ALL|CB|HIG|L|MET|MRSH|PGR|TRV,AFL|AIG|ALL|CB|HIG|L|MET|MRSH|PGR|TRV
HGBL,10,10,-3.62,16.67,7.26,0.0,-1.35,-6.449999999999999,-2.27,23.12,-2.610000000000001,0.1,ADP|CTAS|HQY|JCI|MAN|OPLN|RBA|RHI|SNPS|TBI,ADP|CTAS|HQY|JCI|MAN|OPLN|RBA|RHI|SNPS|TBI
HGTY,10,10,-1.44,2.24,19.34,0.0,-4.57,-6.470000000000001,3.1300000000000003,8.71,20.52,0.9,ALL|CB|KMPR|ORI|PGR|RLI|SIGI|THG|TRV|WRB,ALL|CB|KMPR|ORI|PGR|RLI|SIGI|THG|TRV|WRB
HGV,10,10,-4.07,-21.52,-34.88,0.0,0.505,-5.32,-4.575,-16.2,-28.150000000000002,0.0,APLE|DRH|H|HST|INN|MAR|RLJ|SHO|VAC|XHR,APLE|DRH|H|HST|INN|MAR|RLJ|SHO|VAC|XHR
HHH,10,9,2.67,-4.49,-8.79,0.0,-1.68,-7.76,4.35,3.2699999999999996,-4.219999999999999,0.8888888888888888,ARE|BXP|EQR|ESS|FRT|HST|KIM|SLG|SPG|VNO,ARE|BXP|ESS|FRT|HST|KIM|SLG|SPG|VNO
HHS,10,8,1.31,16.62,92.12,0.0,-2.6950000000000003,-7.3149999999999995,4.005000000000001,23.935000000000002,90.07000000000001,1.0,ACCO|DLX|EEX|EVC|IPG|LEE|NCMI|OMC|QUAD|WPP,ACCO|DLX|EVC|LEE|NCMI|OMC|QUAD|WPP
HIFS,10,8,-2.8,-3.73,-1.08,0.0,-2.835,-3.41,0.03500000000000014,-0.31999999999999984,-1.12,0.5,BHB|CVBF|FFWM|HOMB|INDB|LKFN|OCFC|PVBC|SHBI|WASH,BHB|CVBF|HOMB|INDB|LKFN|OCFC|SHBI|WASH
HIG,9,9,-4.99,-8.48,-2.97,-0.07,-3.45,-1.69,-1.54,-6.790000000000001,-0.6000000000000001,0.2222222222222222,AIG|ALL|CB|CINF|L|MET|PGR|TRV|WRB,AIG|ALL|CB|CINF|L|MET|PGR|TRV|WRB
HIHO,10,10,-0.53,3.12,16.87,0.0,2.63,-4.3,-3.16,7.42,22.34,0.1,AOS|DOV|EMR|GE|HON|IR|ITW|MMM|ROK|ROP,AOS|DOV|EMR|GE|HON|IR|ITW|MMM|ROK|ROP
HII,9,9,-2.94,-7.61,-3.62,-0.3,-3.36,-6.31,0.41999999999999993,-1.3000000000000007,3.76,0.5555555555555556,BA|BWXT|GD|HEI|KTOS|LHX|LMT|NOC|TXT,BA|BWXT|GD|HEI|KTOS|LHX|LMT|NOC|TXT
HIMS,10,10,1.25,-11.06,-13.67,-0.53,-0.43,0.9450000000000001,1.68,-12.005,-39.96,0.7,AMWL|CLOV|DOCS|ELF|GDRX|LFMD|PRGO|RXRX|TDOC|TWST,AMWL|CLOV|DOCS|ELF|GDRX|LFMD|PRGO|RXRX|TDOC|TWST
HIMX,10,10,6.58,6.58,-3.45,2.03,4.845,4.699999999999999,1.7350000000000003,1.8800000000000008,7.14,0.7,AMD|AVGO|INTC|MCHP|MRVL|MU|NVDA|ON|QCOM|TXN,AMD|AVGO|INTC|MCHP|MRVL|MU|NVDA|ON|QCOM|TXN
HIND,0,0,-4.59,-16.14,-11.37,-6.97,,,,,,,,
HIPO,10,10,-6.81,-10.65,11.48,0.0,-3.0300000000000002,-4.555,-3.7799999999999994,-6.095000000000001,13.870000000000001,0.1,AIG|ALL|CB|CINF|HCI|MKL|PGR|SIGI|TRV|WRB,AIG|ALL|CB|CINF|HCI|MKL|PGR|SIGI|TRV|WRB
HIT,0,0,3.82,-9.02,-11.01,0.0,,,,,,,,
HITI,8,8,1.12,10.57,23.08,0.0,4.08,-2.185,-2.96,12.755,8.619999999999997,0.25,ACB|CGC|CRON|GRWG|IIPR|SNDL|TLRY|VFF,ACB|CGC|CRON|GRWG|IIPR|SNDL|TLRY|VFF
HIVE,10,7,4.5,7.62,-14.25,-3.56,8.6,10.7,-4.1,-3.079999999999999,-1.2100000000000009,0.14285714285714285,ANY|ARBK|BITF|BTBT|CIFR|CLSK|HUT|MARA|RIOT|SDIG,ARBK|BTBT|CIFR|CLSK|HUT|MARA|RIOT
HIW,10,9,-3.29,-6.55,2.7,0.0,-1.9,-12.12,-1.3900000000000001,5.569999999999999,7.2700000000000005,0.2222222222222222,ARE|BXP|EQC|ESRT|FRT|HPP|KRC|PEB|SLG|VNO,ARE|BXP|ESRT|FRT|HPP|KRC|PEB|SLG|VNO
HKD,10,10,0.59,1.8,8.97,0.0,-2.005,-10.18,2.5949999999999998,11.98,11.71,0.8,AMTD|BAC|C|FUTU|GS|IBKR|JPM|MS|SCHW|TIGR,AMTD|BAC|C|FUTU|GS|IBKR|JPM|MS|SCHW|TIGR
HKIT,10,9,6.83,-11.33,-52.27,-4.32,-4.46,-6.25,11.29,-5.08,-84.47,1.0,ACN|BIDU|CTSH|DXC|EPAM|INFY|IT|JKHY|NTES|TCS,ACN|BIDU|CTSH|DXC|EPAM|INFY|IT|JKHY|NTES
HKPD,0,0,1.39,-68.84,-66.58,4.03,,,,,,,,
HL,10,9,-5.27,-14.15,18.55,-1.7,-3.78,-11.49,-1.4899999999999998,-2.66,5.380000000000001,0.2222222222222222,AG|CDE|EXK|FSM|GORO|MAG|MUX|PAAS|SSRM|SVM,AG|CDE|EXK|FSM|GORO|MUX|PAAS|SSRM|SVM
HLF,10,9,2.65,-7.12,0.25,0.08,-4.28,-7.69,6.93,0.5700000000000003,14.63,0.7777777777777778,FARM|HELE|INVA|LRN|MED|NATR|NHTC|OGI|TVRD|USNA,HELE|INVA|LRN|MED|NATR|NHTC|OGI|TVRD|USNA
HLI,10,10,-0.31,0.77,-5.84,0.0,-1.6800000000000002,-10.4,1.37,11.17,3.25,0.9,BAC|C|EVR|GS|JPM|LAZ|MC|MS|PJT|RJF,BAC|C|EVR|GS|JPM|LAZ|MC|MS|PJT|RJF
HLIO,10,10,3.67,-6.03,-22.38,0.0,1.15,-5.415,2.52,-0.6150000000000002,-10.724999999999998,0.8,AOS|CW|DOV|IR|ITW|PNR|ROK|SPXC|TT|XYL,AOS|CW|DOV|IR|ITW|PNR|ROK|SPXC|TT|XYL
HLIT,10,8,-2.14,-12.64,-27.58,-2.14,-1.305,-2.335,-0.8350000000000002,-10.305,-15.024999999999999,0.5,ANET|CIEN|CSCO|ERIC|EXTR|FFIV|INFN|JNPR|NOK|NTCT,ANET|CIEN|CSCO|ERIC|EXTR|FFIV|NOK|NTCT
HLLY,10,10,-5.7,-17.33,1.64,0.0,-0.17000000000000004,-5.235,-5.53,-12.094999999999999,10.940000000000001,0.0,AAP|ALV|AZO|BWA|DORM|GPC|LKQ|MNRO|MOD|ORLY,AAP|ALV|AZO|BWA|DORM|GPC|LKQ|MNRO|MOD|ORLY
HLMN,10,10,-2.46,-13.98,-12.98,0.0,3.465,-2.7199999999999998,-5.925,-11.260000000000002,-7.51,0.0,AIT|DXPE|FAST|GWW|HDSN|MSM|SNA|WDFC|WMS|WSO,AIT|DXPE|FAST|GWW|HDSN|MSM|SNA|WDFC|WMS|WSO
HLN,10,10,-0.96,-8.94,0.0,1.76,-0.11,-3.295,-0.85,-5.645,-5.359999999999999,0.3,ABBV|BMY|GSK|JNJ|MDLZ|MRK|NVS|PFE|PG|SNY,ABBV|BMY|GSK|JNJ|MDLZ|MRK|NVS|PFE|PG|SNY
HLNE,10,10,-4.65,-18.54,16.14,0.0,-2.175,-10.295,-2.4750000000000005,-8.245,16.965,0.2,APO|ARCC|ARES|BX|BXMT|C|CG|GS|KKR|MS,APO|ARCC|ARES|BX|BXMT|C|CG|GS|KKR|MS
HLP,10,8,0.07,55.5,297.15,-0.66,-0.4,-7.465,0.47000000000000003,62.965,299.16999999999996,0.75,CENN|GOEV|KNDI|LI|NIO|NIU|SBLX|WKHS|XPEV|ZEPP,CENN|KNDI|LI|NIO|NIU|WKHS|XPEV|ZEPP
HLT,9,9,1.3,-6.94,-10.01,-0.25,1.6,-5.38,-0.30000000000000004,-1.5600000000000005,-0.7300000000000004,0.4444444444444444,CHH|DRH|H|IHG|MAR|PK|RLJ|WH|XHR,CHH|DRH|H|IHG|MAR|PK|RLJ|WH|XHR
HMC,10,10,0.89,3.21,25.55,2.08,-3.42,-9.22,4.31,12.43,29.380000000000003,0.9,F|GM|HOG|LCID|NIO|PCAR|RIVN|STLA|TM|TSLA,F|GM|HOG|LCID|NIO|PCAR|RIVN|STLA|TM|TSLA
HMN,10,10,-5.73,-9.1,-7.97,0.0,-2.865,-2.79,-2.865,-6.31,-10.175,0.2,AFL|ALL|CINF|HIG|LNC|MET|PFG|PRI|TRV|UNM,AFL|ALL|CINF|HIG|LNC|MET|PFG|PRI|TRV|UNM
HMR,0,0,10.92,47.33,58.2,4.32,,,,,,,,
HMY,10,9,-7.1,-19.12,22.76,-0.9,-3.08,-13.66,-4.02,-5.460000000000001,-0.759999999999998,0.0,AEM|AU|BTG|DRD|EGO|GFI|IAG|KGC|NEM|NGD,AEM|AU|BTG|DRD|EGO|GFI|IAG|KGC|NEM
HNGE,0,0,-1.55,2.56,30.78,0.0,,,,,,,,
HNI,10,8,2.06,-3.79,26.33,0.0,-5.225,3.195,7.285,-6.984999999999999,19.13,1.0,AAPL|CSCO|DELL|HPQ|IAC|PBI|SCS|TILE|XRX|ZM,AAPL|CSCO|DELL|HPQ|PBI|TILE|XRX|ZM
HNNA,10,9,1.87,4.75,3.18,0.0,-0.32,-9.28,2.19,14.03,2.58,0.5555555555555556,AMG|APAM|BEN|BLK|CNS|IVZ|JHG|PJT|TROW|VRTS,AMG|APAM|BEN|BLK|CNS|IVZ|PJT|TROW|VRTS
HNRG,10,9,-1.23,-9.09,-18.02,0.0,-1.7,-5.34,0.47,-3.75,-24.36,0.6666666666666666,ARCH|ARLP|BTU|CNR|CNX|HCC|METC|NC|NRP|SXC,ARLP|BTU|CNR|CNX|HCC|METC|NC|NRP|SXC
HNST,10,10,-2.63,-5.9,45.51,0.0,-0.055,-5.199999999999999,-2.5749999999999997,-0.7000000000000011,45.4,0.1,CHD|CL|CLX|EPAM|HELE|KMB|NWL|PG|SPB|UL,CHD|CL|CLX|EPAM|HELE|KMB|NWL|PG|SPB|UL
HNVR,10,9,-1.17,-4.11,11.47,0.0,-3.81,-6.35,2.64,2.2399999999999993,17.700000000000003,1.0,CFG|CFR|CUBI|FLG|FNB|ONB|PB|SNV|UBSI|WAL,CFG|CFR|CUBI|FLG|FNB|ONB|PB|UBSI|WAL
HOFT,10,9,2.18,-3.47,-22.22,0.0,0.8,-4.18,1.3800000000000001,0.7099999999999995,-18.9,0.6666666666666666,BSET|FLXS|HNI|LZB|PRPL|RH|SGI|SNBR|W|WSM,BSET|FLXS|HNI|LZB|PRPL|RH|SGI|W|WSM
HOG,10,10,-3.13,-6.62,0.82,-1.19,-1.5,-11.275,-1.63,4.655,8.75,0.4,F|GM|HMC|LCII|MCFT|MVIS|OSK|PII|THO|WGO,F|GM|HMC|LCII|MCFT|MVIS|OSK|PII|THO|WGO
HOLO,10,6,4.12,-10.13,16.96,0.45,0.96,-8.754999999999999,3.16,-1.3750000000000018,15.010000000000002,0.8333333333333334,ARQQ|ASUR|BLZE|EXFY|GMGI|INSE|LAW|OCFT|ONTF|ZSPC,ARQQ|ASUR|BLZE|EXFY|INSE|LAW
HOMB,10,10,-3.03,-4.06,0.38,0.0,-3.8049999999999997,-7.54,0.7749999999999999,3.4800000000000004,9.850000000000001,0.9,FHN|FITB|FNB|HBAN|KEY|PNC|RF|TFC|WAFD|ZION,FHN|FITB|FNB|HBAN|KEY|PNC|RF|TFC|WAFD|ZION
HON,8,8,2.27,-2.09,-12.88,-0.66,4.785,-3.8550000000000004,-2.515,1.7650000000000006,-8.440000000000001,0.125,EMR|ETN|GE|IR|MMM|PH|ROK|TT,EMR|ETN|GE|IR|MMM|PH|ROK|TT
HOOD,10,10,9.05,6.83,28.12,-2.4,0.8450000000000001,-5.5600000000000005,8.205,12.39,12.115000000000002,0.9,AMTD|CME|COIN|GS|IBKR|ICE|MKTX|MS|NDAQ|SCHW,AMTD|CME|COIN|GS|IBKR|ICE|MKTX|MS|NDAQ|SCHW
HOPE,10,10,-5.67,-5.19,-2.95,-3.45,-3.54,-7.17,-2.13,1.9799999999999995,4.260000000000001,0.1,BAC|FITB|HBAN|JPM|KEY|PNC|RF|USB|WFC|ZION,BAC|FITB|HBAN|JPM|KEY|PNC|RF|USB|WFC|ZION
HOUR,10,10,1.23,-3.33,-6.95,0.0,-1.11,-9.11,2.34,5.779999999999999,-15.165,0.6,AMZN|BABA|CHWY|CMRC|EBAY|ETSY|JD|MELI|PDD|SHOP,AMZN|BABA|CHWY|CMRC|EBAY|ETSY|JD|MELI|PDD|SHOP
HOV,10,9,-0.74,-8.58,-18.79,0.0,-0.16,-9.48,-0.58,0.9000000000000004,-2.0500000000000007,0.3333333333333333,BZH|DHI|KBH|LEN|LGIH|MTH|NVR|PHM|TMHC|TOL,BZH|DHI|KBH|LEN|LGIH|MTH|NVR|PHM|TOL
HOVR,10,9,2.99,-8.51,-8.51,1.78,-2.13,-5.53,5.12,-2.9799999999999995,-8.299999999999999,1.0,AIR|AVAV|BA|EMBJ|GD|HXL|LMT|NOC|SPR|TXT,AIR|AVAV|BA|EMBJ|GD|HXL|LMT|NOC|TXT
HOWL,10,7,2.79,11.22,196.38,0.05,-3.43,-12.45,6.220000000000001,23.67,204.1,1.0,ADVM|BLUE|BMRN|CLLS|CRSP|EDIT|NTLA|RCKT|SGMO|SLDB,BMRN|CLLS|CRSP|EDIT|NTLA|RCKT|SLDB
HP,9,9,-5.04,-6.9,20.76,0.0,-1.94,-4.41,-3.1,-2.49,11.100000000000001,0.1111111111111111,BKR|HAL|NBR|NE|OII|PTEN|RIG|SLB|TDW,BKR|HAL|NBR|NE|OII|PTEN|RIG|SLB|TDW
HPAI,10,10,1.49,-31.76,-48.2,0.0,-0.935,2.8899999999999997,2.425,-34.65,-59.505,0.8,AAPL|AMZN|CRM|GOOGL|IBM|META|MSFT|NVDA|ORCL|TSLA,AAPL|AMZN|CRM|GOOGL|IBM|META|MSFT|NVDA|ORCL|TSLA
HPE,9,8,-0.54,13.6,29.94,-2.6,-2.37,2.085,1.83,11.515,12.615000000000002,0.75,ANET|CDW|CSCO|DELL|IBM|JNPR|MSFT|NTAP|ORCL,ANET|CDW|CSCO|DELL|IBM|MSFT|NTAP|ORCL
HPK,10,8,-5.52,0.13,12.97,-0.13,-3.755,-2.015,-1.7649999999999997,2.145,-0.4599999999999991,0.125,APA|DVN|EOG|FANG|HES|MRO|MTDR|OVV|OXY|SM,APA|DVN|EOG|FANG|MTDR|OVV|OXY|SM
HPP,10,10,2.36,-20.53,-18.71,0.0,-1.935,-7.125,4.295,-13.405000000000001,-14.775000000000002,1.0,ARE|BXP|CUZ|DEI|FR|HIW|KRC|PEB|SLG|VNO,ARE|BXP|CUZ|DEI|FR|HIW|KRC|PEB|SLG|VNO
HPQ,7,7,-8.05,7.96,39.05,-0.9,-0.29,8.43,-7.760000000000001,-0.46999999999999975,16.919999999999998,0.14285714285714285,AAPL|DELL|HPE|IBM|INTC|MSFT|ZM,AAPL|DELL|HPE|IBM|INTC|MSFT|ZM
HQI,10,8,-7.55,-10.83,24.28,-14.97,-0.6,-7.1850000000000005,-6.95,-3.6449999999999996,-1.9099999999999966,0.0,ASGN|CDW|DHI|HSII|KELYA|KFRC|MAN|NSP|RHI|TBI,CDW|DHI|KELYA|KFRC|MAN|NSP|RHI|TBI
HQY,10,9,-5.84,-14.24,6.34,0.0,-3.22,-4.62,-2.6199999999999997,-9.620000000000001,6.87,0.3333333333333333,CI|CNC|HCA|HUM|MHK|MOH|SEM|THC|UHS|UNH,CI|CNC|HCA|HUM|MHK|MOH|THC|UHS|UNH
HR,10,7,-2.92,-7.04,-12.05,0.0,-1.58,-3.81,-1.3399999999999999,-3.23,-11.15,0.2857142857142857,DOC|GMRE|HCP|LTC|MPW|OHI|SBRA|UHT|VTR|WELL,DOC|LTC|OHI|SBRA|UHT|VTR|WELL
HRB,10,9,-4.55,-19.59,19.54,0.54,-3.37,-10.37,-1.1799999999999997,-9.22,10.209999999999999,0.3333333333333333,ADP|DFS|GPN|INTU|JPM|MA|PAYX|V|WU|XYZ,ADP|GPN|INTU|JPM|MA|PAYX|V|WU|XYZ
HRI,10,8,-3.84,-13.15,-4.19,0.0,1.57,-3.175,-5.41,-9.975000000000001,0.3199999999999994,0.125,ALSN|CWST|GATX|GTLS|HEES|KMT|MTW|TEX|URI|WAB,ALSN|CWST|GATX|KMT|MTW|TEX|URI|WAB
HRL,9,8,-2.94,-15.26,-22.56,1.15,-1.85,-9.355,-1.0899999999999999,-5.904999999999999,-21.669999999999998,0.375,CAG|K|MDLZ|MKC|MZTI|POST|PPC|SJM|TSN,CAG|MDLZ|MKC|MZTI|POST|PPC|SJM|TSN
HRMY,10,10,-5.99,3.16,17.73,-0.74,0.16999999999999998,-3.625,-6.16,6.785,3.414999999999999,0.1,AMGN|BIIB|GILD|JNJ|LLY|MRK|NBIX|PFE|REGN|VRTX,AMGN|BIIB|GILD|JNJ|LLY|MRK|NBIX|PFE|REGN|VRTX
HROW,10,8,-1.78,-15.58,-21.27,0.0,-3.63,-12.629999999999999,1.8499999999999999,-2.950000000000001,-16.36,0.75,AKTX|ALDX|BNGO|CRSP|EDIT|EYPT|OCUL|PRPH|QURE|TTOO,AKTX|ALDX|BNGO|CRSP|EDIT|EYPT|OCUL|QURE
HRTG,10,10,-5.41,-4.39,29.48,0.0,-4.1,-6.18,-1.3100000000000005,1.79,31.87,0.3,ACGL|ALL|CINF|HIG|PGR|RLI|RNR|SIGI|TRV|WRB,ACGL|ALL|CINF|HIG|PGR|RLI|RNR|SIGI|TRV|WRB
HRTX,10,10,-4.97,-7.15,-26.83,3.09,0.16999999999999998,-3.625,-5.14,-3.5250000000000004,-39.76,0.0,ABBV|AMGN|BMY|GILD|JNJ|LLY|MRK|PFE|REGN|VRTX,ABBV|AMGN|BMY|GILD|JNJ|LLY|MRK|PFE|REGN|VRTX
HRZN,10,10,-2.54,-2.94,6.29,-0.22,-1.585,-4.68,-0.9550000000000001,1.7399999999999998,-0.125,0.2,ARCC|GAIN|GSBD|HTGC|MAIN|PFLT|PNNT|SLRC|TCPC|TPVG,ARCC|GAIN|GSBD|HTGC|MAIN|PFLT|PNNT|SLRC|TCPC|TPVG
HSAI,10,9,-3.87,-11.15,8.26,-0.31,0.93,-2.01,-4.8,-9.14,26.314999999999998,0.0,AEVA|AVGO|CPTN|LAZR|LIDR|LITE|MVIS|NVTS|ON|OUST,AEVA|AVGO|LAZR|LIDR|LITE|MVIS|NVTS|ON|OUST
HSBC,10,9,-3.46,-4.89,4.44,-0.97,-3.44,-7.5,-0.020000000000000018,2.6100000000000003,12.61,0.4444444444444444,BAC|BK|C|GS|JPM|MS|PNC|TFC|USB|WFC,BAC|C|GS|JPM|MS|PNC|TFC|USB|WFC
HSCS,10,10,1.45,63.67,64.21,8.63,-1.0250000000000001,-7.539999999999999,2.475,71.21000000000001,54.77499999999999,0.6,ABT|BAX|BSX|EW|JNJ|MDT|RMD|SYK|TMO|ZBH,ABT|BAX|BSX|EW|JNJ|MDT|RMD|SYK|TMO|ZBH
HSDT,10,8,30.57,39.72,100.67,3.82,-0.44999999999999996,-6.234999999999999,31.02,45.955,91.505,1.0,ATRA|GANX|MDXG|QGEN|SENS|SIBN|SRTS|VCEL|XOMA|ZYXI,ATRA|GANX|MDXG|QGEN|SENS|SIBN|SRTS|VCEL
HSHP,10,10,-3.09,12.17,40.64,1.71,-3.625,-3.46,0.5350000000000001,15.629999999999999,20.35,0.7,CCEC|CMRE|DAC|DSX|ESEA|GNK|GOGL|NMM|SB|SBLK,CCEC|CMRE|DAC|DSX|ESEA|GNK|GOGL|NMM|SB|SBLK
HSIC,10,9,0.21,-4.94,1.83,0.2,-0.44,-8.08,0.65,3.1399999999999997,4.08,0.6666666666666666,ALGN|BDX|BIO|MCK|NVST|PDCO|SNN|STE|XRAY|ZBH,ALGN|BDX|BIO|MCK|NVST|SNN|STE|XRAY|ZBH
HST,7,7,1.14,-3.7,-8.69,0.0,1.6,-5.15,-0.4600000000000002,1.4500000000000002,-5.069999999999999,0.42857142857142855,APLE|CLDT|DRH|PEB|RLJ|SHO|XHR,APLE|CLDT|DRH|PEB|RLJ|SHO|XHR
HSTM,9,8,-2.24,-0.07,10.15,0.0,-1.32,-0.48,-0.9200000000000002,0.41,-12.389999999999999,0.25,ANIK|EHC|ELAN|HAE|MASI|MEDP|STAA|TXG|UHS,ANIK|EHC|ELAN|HAE|MEDP|STAA|TXG|UHS
HSY,10,9,0.3,-9.8,-4.44,0.23,-1.77,-8.07,2.07,-1.7300000000000004,-5.29,0.7777777777777778,CAG|GIS|HAIN|K|KDP|KO|MDLZ|MKC|PEP|SJM,CAG|GIS|HAIN|KDP|KO|MDLZ|MKC|PEP|SJM
HTB,10,9,-3.19,-3.71,-7.7,0.0,-2.16,-4.06,-1.0299999999999998,0.34999999999999964,-4.8100000000000005,0.2222222222222222,BKU|EFSC|FISI|FSBC|GSBC|HOMB|IBTX|ONB|SFBS|SSB,BKU|EFSC|FISI|FSBC|GSBC|HOMB|ONB|SFBS|SSB
HTCO,0,0,25.7,-7.38,-35.14,11.85,,,,,,,,
HTCR,10,10,2.57,-20.05,-36.93,0.0,-0.745,10.405000000000001,3.315,-30.455000000000002,-93.86500000000001,0.7,ADBE|AKAM|CRM|HUBS|NOW|OKTA|TEAM|TTD|WDAY|ZS,ADBE|AKAM|CRM|HUBS|NOW|OKTA|TEAM|TTD|WDAY|ZS
HTFL,0,0,-4.38,-4.99,35.51,0.02,,,,,,,,
HTGC,10,10,-5.01,-4.09,11.16,-0.58,-1.81,-5.075,-3.1999999999999997,0.9850000000000003,7.34,0.0,ARCC|CSWC|GSBD|MAIN|PNNT|PSEC|SLRC|SUNS|TCPC|TPVG,ARCC|CSWC|GSBD|MAIN|PNNT|PSEC|SLRC|SUNS|TCPC|TPVG
HTH,10,9,-1.37,-1.29,-2.58,0.0,-3.44,-6.12,2.07,4.83,3.37,0.7777777777777778,BAC|BK|C|FITB|JPM|KEY|PNC|TFC|USB|WFC,BAC|C|FITB|JPM|KEY|PNC|TFC|USB|WFC
HTHT,10,10,-2.01,-14.41,2.3,-1.03,1.635,-6.08,-3.6449999999999996,-8.33,11.915,0.0,APLE|CHH|H|HLT|IHG|MAR|PK|RLJ|WH|XHR,APLE|CHH|H|HLT|IHG|MAR|PK|RLJ|WH|XHR
HTLD,10,10,-1.68,-6.63,-19.95,0.0,-0.41500000000000004,-7.5,-1.265,0.8700000000000001,-1.3150000000000013,0.3,ARCB|JBHT|KNX|LSTR|MRTN|ODFL|PATK|SAIA|WERN|XPO,ARCB|JBHT|KNX|LSTR|MRTN|ODFL|PATK|SAIA|WERN|XPO
HTLM,0,0,0.0,-2.2,-10.1,0.0,,,,,,,,
HTO,10,10,-1.49,-3.55,5.12,0.0,-3.94,-7.08,2.45,3.5300000000000002,3.1950000000000003,0.7,ARTNA|AWK|AWR|CCI|CWCO|CWT|DHR|MSEX|WTRG|YORW,ARTNA|AWK|AWR|CCI|CWCO|CWT|DHR|MSEX|WTRG|YORW
HTOO,10,8,4.69,10.95,-16.17,0.0,-3.79,-4.42,8.48,15.37,0.9549999999999983,1.0,AMRC|BE|BLDP|FCEL|GP|HYLN|HYZN|NKLA|PLUG|WKHS,AMRC|BE|BLDP|FCEL|GP|HYLN|PLUG|WKHS
HTT,10,9,-1.21,-3.56,-22.29,0.0,-6.57,-31.26,5.36,27.700000000000003,10.509999999999998,0.7777777777777778,AIHS|ENVA|FINV|JFIN|LX|OPFI|QFIN|SOS|UPST|YRD,ENVA|FINV|JFIN|LX|OPFI|QFIN|SOS|UPST|YRD
HTZ,10,9,-7.48,-22.83,-35.79,-1.1,-4.07,-15.42,-3.41,-7.409999999999998,-25.18,0.2222222222222222,ABG|AN|CAR|LAD|OPLN|PAG|R|SAH|TRUE|UHAL,ABG|AN|CAR|LAD|OPLN|PAG|R|SAH|UHAL
HUBB,9,9,3.45,-1.23,-14.47,-1.12,4.88,-0.03,-1.4299999999999997,-1.2,-16.38,0.3333333333333333,AME|EMR|ETN|GE|HON|IEX|ITW|ROK|TDY,AME|EMR|ETN|GE|HON|IEX|ITW|ROK|TDY
HUBC,10,9,-38.24,-83.37,-91.55,-0.62,3.89,14.75,-42.13,-98.12,-124.63,0.0,CHKP|CRWD|CYBR|FTNT|PANW|QLYS|RPD|TENB|VRNS|ZS,CHKP|CRWD|FTNT|PANW|QLYS|RPD|TENB|VRNS|ZS
HUBG,10,10,-5.19,-21.91,-26.98,0.0,-0.74,-6.74,-4.45,-15.17,-11.184999999999999,0.0,CHRW|EXPD|JBHT|KNX|LSTR|ODFL|SAIA|SNDR|WERN|XPO,CHRW|EXPD|JBHT|KNX|LSTR|ODFL|SAIA|SNDR|WERN|XPO
HUBS,10,10,-1.83,-5.17,32.36,-0.28,-2.735,0.49,0.9049999999999998,-5.66,-8.54,0.7,ADBE|CRM|CSCO|MSFT|NOW|ORCL|PEGA|SAP|TEAM|WDAY,ADBE|CRM|CSCO|MSFT|NOW|ORCL|PEGA|SAP|TEAM|WDAY
HUDI,10,8,-8.1,-16.26,-16.64,0.0,-2.105,0.12000000000000002,-5.994999999999999,-16.380000000000003,-9.97,0.0,AA|ATI|CLF|CMC|MTRN|NUE|RS|STLD|X|ZEUS,AA|ATI|CLF|CMC|MTRN|NUE|RS|STLD
HUHU,0,0,45.84,35.84,-33.33,4.07,,,,,,,,
HUIZ,10,10,-1.38,-2.72,24.79,0.0,-1.185,-1.605,-0.19499999999999984,-1.1150000000000002,17.259999999999998,0.4,AFL|AIG|GNW|L|LNC|MET|MFC|PFG|PRU|UNM,AFL|AIG|GNW|L|LNC|MET|MFC|PFG|PRU|UNM
HUM,7,7,-2.74,-4.03,-0.53,-0.21,-3.22,-4.37,0.48,0.33999999999999986,3.75,0.5714285714285714,CI|CNC|ELV|GILD|HCA|MOH|UNH,CI|CNC|ELV|GILD|HCA|MOH|UNH
HUMA,10,9,-1.95,-19.58,-9.05,-0.32,-0.39,-1.76,-1.56,-17.819999999999997,-35.54,0.4444444444444444,ARCT|ATEC|AXGN|CRBP|MDXG|MIRM|NVRO|RGEN|XGN|ZLAB,ARCT|ATEC|AXGN|CRBP|MDXG|MIRM|RGEN|XGN|ZLAB
HUN,10,10,0.44,-3.88,-19.15,0.66,-0.9949999999999999,-6.029999999999999,1.4349999999999998,2.1499999999999995,-15.759999999999998,0.6,ALB|ASH|AVNT|DD|DOW|EMN|FMC|IOSP|LYB|PPG,ALB|ASH|AVNT|DD|DOW|EMN|FMC|IOSP|LYB|PPG
HURA,0,0,0.99,-4.65,-18.65,0.0,,,,,,,,
HURC,10,6,-6.44,-6.36,-6.73,0.0,0.785,1.0350000000000001,-7.2250000000000005,-7.3950000000000005,-21.155,0.0,AMT|ANSS|AZPN|DMRC|FARO|IAC|ITRI|MTD|TMO|VEEV,AMT|DMRC|ITRI|MTD|TMO|VEEV
HURN,10,10,3.82,-1.65,65.66,0.0,-4.0649999999999995,-5.31,7.885,3.6599999999999997,42.739999999999995,0.9,ACN|CBZ|EXPO|FTI|HCKT|ICFI|IT|MMS|NCI|SAIC,ACN|CBZ|EXPO|FTI|HCKT|ICFI|IT|MMS|NCI|SAIC
HUT,10,6,8.6,15.57,-16.03,-3.56,7.8,10.465,0.7999999999999998,5.105,-5.695,0.5,ANY|ARBK|BITF|BTBT|CLSK|GREE|IREN|MARA|RIOT|SDIG,ARBK|BTBT|CLSK|IREN|MARA|RIOT
HUYA,10,10,12.62,7.91,5.94,0.0,1.23,-5.865,11.389999999999999,13.775,3.9450000000000003,1.0,BIDU|BILI|BZUN|DOYU|IQ|JD|JOYY|NTES|TME|WB,BIDU|BILI|BZUN|DOYU|IQ|JD|JOYY|NTES|TME|WB
HVMC,0,0,0.19,0.49,1.38,0.0,,,,,,,,
HVT,10,7,1.28,1.32,9.79,0.36,0.8,-4.18,0.48,5.5,13.11,0.5714285714285714,BSET|FLXS|HOFT|LEG|LZB|RH|SNBR|TBHC|W|WSM,BSET|FLXS|HOFT|LZB|RH|W|WSM
HWBK,10,10,-0.52,-2.46,-3.2,0.0,-3.005,-4.455,2.485,1.995,-1.35,0.9,BKU|FBK|FFBC|HOMB|IBCP|INDB|LARK|MBWM|SFBS|UBSI,BKU|FBK|FFBC|HOMB|IBCP|INDB|LARK|MBWM|SFBS|UBSI
HWC,10,10,-2.9,-3.3,-0.84,0.0,-2.75,-5.529999999999999,-0.1499999999999999,2.2299999999999995,8.215,0.5,BANR|BKU|CAC|COLB|FFBC|FNB|GBCI|HBNC|IBOC|OZK,BANR|BKU|CAC|COLB|FFBC|FNB|GBCI|HBNC|IBOC|OZK
HWKN,10,10,2.05,4.71,-25.09,0.0,0.265,-6.22,1.7849999999999997,10.93,-17.17,0.8,ALB|ASH|AVNT|CBT|CC|ECL|FUL|IFF|KWR|OLN,ALB|ASH|AVNT|CBT|CC|ECL|FUL|IFF|KWR|OLN
HWM,10,9,0.48,-14.08,-16.95,-0.84,-2.13,-6.91,2.61,-7.17,-8.37,0.6666666666666666,ATI|BA|CW|HII|HXL|LMT|NOC|SPR|TDG|TXT,ATI|BA|CW|HII|HXL|LMT|NOC|TDG|TXT
HXHX,0,0,5.06,-25.61,-12.32,0.0,,,,,,,,
HXL,10,9,-1.0,-6.91,-9.41,1.21,-2.13,-6.31,1.13,-0.6000000000000005,-2.0300000000000002,0.5555555555555556,BA|GD|HEI|HII|HON|LMT|NOC|SPR|TDG|TXT,BA|GD|HEI|HII|HON|LMT|NOC|TDG|TXT
HY,10,10,-1.94,-4.03,-8.49,0.0,-0.12,-4.275,-1.8199999999999998,0.2450000000000001,-2.96,0.2,AGCO|CAT|CMCO|DE|MTW|OSK|PCAR|SNA|TEX|WNC,AGCO|CAT|CMCO|DE|MTW|OSK|PCAR|SNA|TEX|WNC
HYFM,10,10,6.51,7.72,15.24,0.0,3.085,-4.085,3.425,11.805,5.690000000000001,0.7,ACB|CGC|CRON|GRWG|IIPR|OGI|SMG|SNDL|TLRY|VFF,ACB|CGC|CRON|GRWG|IIPR|OGI|SMG|SNDL|TLRY|VFF
HYFT,9,7,23.01,0.72,-10.32,0.0,-3.77,-9.1,26.78,9.82,-28.28,1.0,ABCL|ADAP|ANTX|CABA|CRSP|ENTX|FATE|IGMS|ONC,ABCL|ANTX|CABA|CRSP|ENTX|FATE|ONC
HYLN,10,9,0.49,26.54,-15.64,-0.97,-3.51,-4.3,4.0,30.84,-15.770000000000001,0.7777777777777778,BLNK|CHPT|F|GM|LCID|NKLA|QS|RIVN|TSLA|WKHS,BLNK|CHPT|F|GM|LCID|QS|RIVN|TSLA|WKHS
HYMC,10,9,-2.42,-19.52,-4.11,-1.27,-3.82,-11.96,1.4,-7.559999999999999,-22.66,0.7777777777777778,AG|BTG|CDE|GFI|HL|IAG|KGC|MUX|PAAS|SAND,AG|BTG|CDE|GFI|HL|IAG|KGC|MUX|PAAS
HYNE,0,0,0.0,0.18,-0.18,0.0,,,,,,,,
HYPD,10,8,8.07,9.97,26.69,-4.34,0.17500000000000004,-13.58,7.8950000000000005,23.55,31.315,0.875,ALDX|CRVS|EDIT|KALA|NCNA|OCUL|OPTN|PRPH|PRQR|XERS,ALDX|CRVS|EDIT|KALA|NCNA|OCUL|PRQR|XERS
HYPR,10,8,5.29,-6.45,-51.85,3.0,-0.765,-7.754999999999999,6.055,1.3049999999999988,-55.555,1.0,CNMD|CUTR|GKOS|IRTC|ITGR|MMSI|PODD|SRDX|TCMD|ZBH,CNMD|GKOS|IRTC|ITGR|MMSI|PODD|TCMD|ZBH
HZO,10,9,0.15,0.56,41.37,0.0,-0.51,-17.72,0.66,18.279999999999998,57.04,0.5555555555555556,BC|LCII|MBUU|MCFT|MPX|PATK|PII|THO|WGO|YETI,BC|LCII|MBUU|MCFT|PATK|PII|THO|WGO|YETI
IAG,10,10,-3.08,-11.86,23.44,-1.76,-3.975,-15.445,0.895,3.585000000000001,0.05500000000000327,0.7,AEM|AU|B|BTG|EGO|GFI|HMY|KGC|NEM|NG,AEM|AU|B|BTG|EGO|GFI|HMY|KGC|NEM|NG
IART,10,9,-3.3,-6.95,-12.65,0.0,-1.62,-9.37,-1.6799999999999997,2.419999999999999,-13.33,0.3333333333333333,BAX|BDX|BSX|EW|HOLX|JNJ|MDT|SYK|TFX|ZBH,BAX|BDX|BSX|EW|JNJ|MDT|SYK|TFX|ZBH
IAUX,10,10,-2.86,-11.46,22.3,-2.86,-3.66,-13.655000000000001,0.8000000000000003,2.1950000000000003,-1.1799999999999997,0.7,AEM|AU|B|EGO|HMY|IAG|KGC|NEM|NG|SSRM,AEM|AU|B|EGO|HMY|IAG|KGC|NEM|NG|SSRM
IBAC,0,0,4.3,4.68,5.65,0.0,,,,,,,,
IBCP,10,10,-3.21,-4.49,-0.81,0.0,-2.355,-3.58,-0.855,-0.9100000000000001,1.3649999999999998,0.1,ASB|FMBH|FNWB|FSBW|GABC|HFWA|HTB|LKFN|PRK|TMP,ASB|FMBH|FNWB|FSBW|GABC|HFWA|HTB|LKFN|PRK|TMP
IBEX,10,10,5.91,15.8,42.58,0.0,-3.8150000000000004,-4.595,9.725000000000001,20.395,22.665,1.0,ACN|CNDT|DOX|EPAM|G|IT|LDOS|TASK|TEL|TTEC,ACN|CNDT|DOX|EPAM|G|IT|LDOS|TASK|TEL|TTEC
IBG,0,0,-9.51,0.02,-16.66,0.0,,,,,,,,
IBIO,10,9,2.4,-12.93,-19.5,2.81,3.31,-3.1,-0.9100000000000001,-9.83,-29.6,0.4444444444444444,ADMA|ALT|APRE|ARCT|CODX|IBRX|INO|NVAX|OCGN|VXRT,ADMA|ALT|APRE|ARCT|CODX|IBRX|INO|NVAX|OCGN
IBKR,10,10,2.58,-7.67,-1.63,-0.98,-3.51,-9.705,6.09,2.035,4.8549999999999995,1.0,ALLY|AMTD|BAC|C|GS|JPM|LPLA|MS|RJF|SCHW,ALLY|AMTD|BAC|C|GS|JPM|LPLA|MS|RJF|SCHW
IBM,10,10,-2.7,-1.22,-10.43,-0.61,-4.255000000000001,0.61,1.5550000000000006,-1.83,-40.855000000000004,0.7,ACN|CSCO|DELL|DXC|GOOGL|HPE|HPQ|INTC|MSFT|ORCL,ACN|CSCO|DELL|DXC|GOOGL|HPE|HPQ|INTC|MSFT|ORCL
IBN,10,10,-0.96,-8.16,-4.22,0.0,-4.045,-2.995,3.085,-5.165,-9.58,0.9,BBVA|BCS|DB|HDB|HSBC|ING|MUFG|SAN|SMFG|UBS,BBVA|BCS|DB|HDB|HSBC|ING|MUFG|SAN|SMFG|UBS
IBO,10,10,5.49,15.97,5.56,0.0,-0.11,-1.385,5.6000000000000005,17.355,-5.44,1.0,ALNY|BIIB|BMRN|GILD|INCY|IONS|NBIX|REGN|SRPT|VRTX,ALNY|BIIB|BMRN|GILD|INCY|IONS|NBIX|REGN|SRPT|VRTX
IBOC,10,9,-2.57,-3.4,-9.61,0.0,-3.98,-6.35,1.4100000000000001,2.9499999999999997,-1.2799999999999994,0.5555555555555556,BOKF|CFR|CMA|EWBC|FHN|FNB|ONB|PB|TCBI|ZION,BOKF|CFR|EWBC|FHN|FNB|ONB|PB|TCBI|ZION
IBP,10,8,1.91,-17.87,-10.65,0.03,-0.395,-10.795,2.3049999999999997,-7.075000000000001,-5.960000000000001,0.875,ALLE|AWI|BLD|EXP|JELD|MAS|MHK|OC|SUM|VMC,ALLE|AWI|EXP|JELD|MAS|MHK|OC|VMC
IBRX,10,10,1.4,4.74,10.12,-0.6,2.825,0.5700000000000001,-1.4250000000000003,4.17,-6.915000000000001,0.4,ALNY|AMGN|BIIB|BNTX|GILD|MRNA|NVAX|PFE|REGN|VRTX,ALNY|AMGN|BIIB|BNTX|GILD|MRNA|NVAX|PFE|REGN|VRTX
IBTA,10,10,-0.89,7.21,28.86,0.0,-2.185,-3.895,1.295,11.105,32.775,0.6,AMZN|BJ|COST|CRTO|DG|EBAY|GRPN|RARE|RKT|WMT,AMZN|BJ|COST|CRTO|DG|EBAY|GRPN|RARE|RKT|WMT
ICCC,10,9,3.95,1.52,2.04,0.0,-0.04,-3.43,3.99,4.95,-10.54,0.8888888888888888,BIO|CTLT|ELAN|IDXX|ONC|OPK|PAHC|PGEN|QGEN|ZTS,BIO|ELAN|IDXX|ONC|OPK|PAHC|PGEN|QGEN|ZTS
ICCM,10,10,-6.03,-17.98,-73.36,0.0,-1.505,-5.074999999999999,-4.525,-12.905000000000001,-72.175,0.2,ANIK|BLFS|BMRN|CRIS|NBIX|OSUR|QURE|TGTX|VRTX|XBIT,ANIK|BLFS|BMRN|CRIS|NBIX|OSUR|QURE|TGTX|VRTX|XBIT
ICE,9,9,1.89,-3.45,25.47,-0.09,0.32,-3.25,1.5699999999999998,-0.20000000000000018,16.85,0.7777777777777778,AON|BR|CBOE|CME|INFO|MKTX|MSCI|NDAQ|SPGI,AON|BR|CBOE|CME|INFO|MKTX|MSCI|NDAQ|SPGI
ICFI,10,10,-4.32,-5.81,23.26,0.0,-3.455,-6.225,-0.8650000000000002,0.41500000000000004,20.220000000000002,0.2,ACN|AON|CACI|EFX|FTI|HLIT|LDOS|MMS|SAIC|VERI,ACN|AON|CACI|EFX|FTI|HLIT|LDOS|MMS|SAIC|VERI
ICG,10,10,3.08,2.04,35.87,0.0,4.65,4.88,-1.5700000000000003,-2.84,44.36,0.4,ADI|AMD|AVGO|INTC|MCHP|MU|NVDA|QCOM|TSM|TXN,ADI|AMD|AVGO|INTC|MCHP|MU|NVDA|QCOM|TSM|TXN
ICHR,10,10,3.94,-3.62,-42.08,-5.75,7.135,-1.44,-3.195,-2.18,-19.615,0.2,AEHR|AMAT|ASML|COHU|KLAC|LRCX|ONTO|PLAB|TER|UCTT,AEHR|AMAT|ASML|COHU|KLAC|LRCX|ONTO|PLAB|TER|UCTT
ICL,10,10,-4.52,-6.38,6.02,-0.38,-3.4299999999999997,-4.095,-1.0899999999999999,-2.285,4.744999999999999,0.3,AAON|ALB|AVD|CF|EMN|IFF|LYB|MOS|NTR|SMG,AAON|ALB|AVD|CF|EMN|IFF|LYB|MOS|NTR|SMG
ICLR,10,10,-5.77,-5.52,3.62,0.0,0.16999999999999998,-3.625,-5.9399999999999995,-1.8949999999999996,-9.309999999999999,0.0,ABBV|AMGN|BMY|GILD|JNJ|LLY|MRK|PFE|REGN|VRTX,ABBV|AMGN|BMY|GILD|JNJ|LLY|MRK|PFE|REGN|VRTX
ICMB,10,10,1.17,4.84,-30.39,0.0,-1.5499999999999998,-3.9699999999999998,2.7199999999999998,8.809999999999999,-36.525,1.0,ARCC|CSWC|FDUS|HTGC|MAIN|NMFC|PNNT|PSEC|TCPC|TSLX,ARCC|CSWC|FDUS|HTGC|MAIN|NMFC|PNNT|PSEC|TCPC|TSLX
ICON,10,8,12.68,-1.98,16.47,0.0,-1.78,0.5349999999999999,14.459999999999999,-2.5149999999999997,0.2049999999999983,1.0,APA|COP|CVX|DVN|EOG|FANG|HES|MRO|OXY|XOM,APA|COP|CVX|DVN|EOG|FANG|OXY|XOM
ICU,10,9,14.61,10.66,14.24,0.0,-1.62,-10.42,16.23,21.08,13.56,1.0,ABT|BAX|BSX|EW|HOLX|ISRG|MDT|RMD|SYK|TFX,ABT|BAX|BSX|EW|ISRG|MDT|RMD|SYK|TFX
ICUI,10,10,4.95,-10.53,14.25,0.0,-0.21000000000000002,-7.395,5.16,-3.135,13.815,1.0,ABT|BAX|BDX|EW|ISRG|MDT|MMM|STE|SYK|ZBH,ABT|BAX|BDX|EW|ISRG|MDT|MMM|STE|SYK|ZBH
IDA,10,9,-3.04,-6.92,-12.64,0.0,-3.36,-5.95,0.31999999999999984,-0.9699999999999998,-2.7300000000000004,0.5555555555555556,ALE|AVA|EE|HE|NWE|NWN|OGE|ORA|PNW|POR,AVA|EE|HE|NWE|NWN|OGE|ORA|PNW|POR
IDAI,10,9,7.22,5.41,136.36,6.12,3.89,15.48,3.3299999999999996,-10.07,82.93,0.8888888888888888,CRWD|CYBR|FTNT|MSFT|OKTA|QLYS|RPD|TENB|VRNS|ZS,CRWD|FTNT|MSFT|OKTA|QLYS|RPD|TENB|VRNS|ZS
IDCC,10,10,0.56,-6.31,18.5,-0.86,2.29,4.435,-1.73,-10.745,26.990000000000002,0.2,ADI|AVGO|MRVL|NXPI|ON|QCOM|QRVO|SWKS|TSM|TXN,ADI|AVGO|MRVL|NXPI|ON|QCOM|QRVO|SWKS|TSM|TXN
IDN,10,6,1.69,-15.73,-40.49,2.99,-2.1100000000000003,-6.6899999999999995,3.8000000000000003,-9.040000000000001,-72.88,0.6666666666666666,CSGS|DOMO|EEFT|ENV|GPN|PRGS|PRO|RPD|VRSK|WK,EEFT|GPN|PRGS|RPD|VRSK|WK
IDR,10,8,7.21,-6.83,-5.18,0.0,-2.88,-10.955,10.09,4.125,-21.425,1.0,AG|BTG|CDE|EXK|GORO|HL|MUX|NGD|SA|SAND,AG|BTG|CDE|EXK|GORO|HL|MUX|SA
IDT,10,9,-2.42,-0.62,21.89,0.0,-1.77,-6.93,-0.6499999999999999,6.31,31.93,0.4444444444444444,CHTR|CMCSA|CNSL|LUMN|SHEN|T|TMUS|TU|VIV|VZ,CHTR|CMCSA|LUMN|SHEN|T|TMUS|TU|VIV|VZ
IDXX,7,7,0.65,-7.32,-8.14,-2.35,-1.9,-7.32,2.55,0.0,-2.3400000000000007,0.8571428571428571,ELAN|HCSG|LRN|NEOG|OHI|PAHC|ZTS,ELAN|HCSG|LRN|NEOG|OHI|PAHC|ZTS
IDYA,10,8,-4.14,-12.88,1.98,-1.2,-2.45,-8.015,-1.6899999999999995,-4.865,4.915,0.5,ARGX|BPMC|ENTA|EXEL|FATE|GOSS|INCY|NBIX|NERV|YMAB,ARGX|ENTA|EXEL|FATE|GOSS|INCY|NBIX|NERV
IE,10,10,16.33,-7.64,10.76,0.0,-1.545,-10.41,17.875,2.7700000000000005,-2.9250000000000007,1.0,BHP|FCX|HL|MUX|NEM|NG|RIO|SCCO|TECK|VALE,BHP|FCX|HL|MUX|NEM|NG|RIO|SCCO|TECK|VALE
IEP,10,10,1.42,7.38,-1.52,0.49,-1.73,-12.365,3.15,19.745,-1.435,1.0,AIV|APO|ARES|BAM|BX|CG|HY|IIPR|KKR|SCM,AIV|APO|ARES|BAM|BX|CG|HY|IIPR|KKR|SCM
IESC,10,10,-0.21,1.04,-17.42,-1.01,0.3,-4.0200000000000005,-0.51,5.0600000000000005,0.3249999999999993,0.4,APOG|DY|EME|FIX|FLR|GVA|MTH|MYRG|PWR|TT,APOG|DY|EME|FIX|FLR|GVA|MTH|MYRG|PWR|TT
IEX,9,9,3.75,-0.03,0.94,0.24,3.09,-2.09,0.6600000000000001,2.06,-0.97,0.5555555555555556,AME|DHR|ETN|HON|ITW|MMM|PH|ROP|XYL,AME|DHR|ETN|HON|ITW|MMM|PH|ROP|XYL
IFBD,10,10,-0.45,-1.45,2.66,0.0,-2.635,-1.005,2.1849999999999996,-0.44500000000000006,-38.239999999999995,0.7,ADBE|CRM|HUBS|INTU|MSFT|NOW|ORCL|SAP|TEAM|WDAY,ADBE|CRM|HUBS|INTU|MSFT|NOW|ORCL|SAP|TEAM|WDAY
IFF,10,9,0.94,-1.66,14.16,0.0,-2.56,-5.68,3.5,4.02,19.2,0.7777777777777778,ADM|ANDE|APD|DD|DSM|FMC|FUTU|PPG|RKT|TSE,ADM|ANDE|APD|DD|DSM|FMC|FUTU|PPG|RKT
IFRX,10,10,-2.91,-18.7,7.53,2.04,-1.185,-2.82,-1.725,-15.879999999999999,-6.45,0.2,ALT|ARWR|AVIR|BCRX|CYTK|GSK|MRNA|NVAX|PFE|SRPT,ALT|ARWR|AVIR|BCRX|CYTK|GSK|MRNA|NVAX|PFE|SRPT
IFS,10,10,0.95,0.56,0.97,0.0,-3.505,-5.13,4.455,5.6899999999999995,4.66,0.9,BAC|BAP|BMA|BSAC|C|CHCO|CIB|GGAL|UBS|WFC,BAC|BAP|BMA|BSAC|C|CHCO|CIB|GGAL|UBS|WFC
IGAC,0,0,0.3,0.5,0.9,0.0,,,,,,,,
IGC,9,7,1.35,-11.36,3.09,-5.63,3.34,-12.15,-1.9899999999999998,0.7900000000000009,0.13999999999999968,0.42857142857142855,ACB|CGC|CRON|DFTX|GNLN|PHGE|RVNC|TLRY|TVRD,ACB|CGC|CRON|DFTX|GNLN|TLRY|TVRD
IGIC,10,10,-2.43,-7.79,-4.86,0.0,-2.005,-2.92,-0.42500000000000027,-4.87,-5.79,0.4,ACGL|AIG|ALLE|CB|HIG|MKL|PGR|RNR|TRV|WRB,ACGL|AIG|ALLE|CB|HIG|MKL|PGR|RNR|TRV|WRB
IH,10,9,0.85,-3.28,-15.71,0.0,-2.035,-0.86,2.8850000000000002,-2.42,-19.85,0.75,ATAI|ATGE|CHGG|DUOL|EDU|LOPE|LRN|PRDO|TAL|UTI,ATAI|CHGG|DUOL|EDU|LOPE|LRN|PRDO|TAL|UTI
IHG,10,10,2.42,-4.24,-9.95,0.44,1.01,-7.295,1.41,3.0549999999999997,1.4900000000000002,0.8,BHR|CHH|H|HGV|HLT|INN|MAR|PK|RLJ|WH,BHR|CHH|H|HGV|HLT|INN|MAR|PK|RLJ|WH
IHRT,10,7,-7.84,-12.31,-41.18,0.0,-0.39,-10.21,-7.45,-2.0999999999999996,-34.04,0.0,BBGI|CMLS|GTN|MEG|NXST|SIRI|TGNA|TSQ|TV|UONE,BBGI|GTN|NXST|SIRI|TSQ|TV|UONE
IHS,10,10,-0.47,0.84,2.06,-0.12,-1.27,-5.995,0.8,6.835,7.779999999999999,0.5,AMT|CCI|COR|DLR|EQIX|GDS|IRDM|SBAC|TSQ|UNIT,AMT|CCI|COR|DLR|EQIX|GDS|IRDM|SBAC|TSQ|UNIT
IHT,10,10,8.33,-3.38,-19.21,0.0,1.21,-5.265000000000001,7.12,1.8850000000000007,-13.055000000000001,1.0,AHT|BHR|CLDT|DRH|HST|PEB|PK|RLJ|SVC|XHR,AHT|BHR|CLDT|DRH|HST|PEB|PK|RLJ|SVC|XHR
III,10,9,1.52,7.65,30.49,0.0,-2.85,-6.67,4.37,14.32,-1.7399999999999984,0.8888888888888888,CBZ|EXLS|FCN|G|HCKT|HSII|HURN|MAN|MORN|TNET,CBZ|EXLS|FCN|G|HCKT|HURN|MAN|MORN|TNET
IIIN,10,8,-2.38,-2.35,-1.5,0.0,-2.105,-0.475,-0.2749999999999999,-1.875,0.6200000000000001,0.5,ATI|CMC|HAYN|MT|NUE|RS|SCCO|STLD|WOR|X,ATI|CMC|MT|NUE|RS|SCCO|STLD|WOR
IIIV,10,9,2.65,-9.96,-25.94,0.0,-3.05,-10.37,5.699999999999999,0.40999999999999837,-47.56,1.0,ADP|CUBI|EVRI|FIS|GPN|JKHY|PAYC|PYPL|WEX|XYZ,ADP|CUBI|FIS|GPN|JKHY|PAYC|PYPL|WEX|XYZ
IIPR,10,10,-2.04,-4.08,-9.61,0.0,-0.71,-5.045,-1.33,0.9649999999999999,-5.4399999999999995,0.4,AMT|CCI|COR|DLR|EQIX|FR|LXP|PLD|SBAC|TRNO,AMT|CCI|COR|DLR|EQIX|FR|LXP|PLD|SBAC|TRNO
IKT,10,9,-6.93,-14.0,14.97,0.0,-1.37,-8.14,-5.56,-5.859999999999999,18.85,0.2222222222222222,ALNY|AMGN|ARWR|CLSD|JAZZ|NBIX|OCUL|PBYI|PTCT|SUPN,ALNY|AMGN|ARWR|JAZZ|NBIX|OCUL|PBYI|PTCT|SUPN
ILAG,10,9,11.11,-0.96,-8.01,0.0,-0.32,-7.82,11.43,6.86,4.77,1.0,ADT|ALRM|DHI|IRBTQ|KBH|LEN|NVR|PHM|TOL|VSAT,ADT|ALRM|DHI|KBH|LEN|NVR|PHM|TOL|VSAT
ILMN,10,9,4.15,13.49,43.74,-0.01,0.04,0.44,4.11,13.05,31.160000000000004,1.0,BIO|GH|IONS|MYGN|OMIC|PACB|QGEN|TWST|TXG|VRTX,BIO|GH|IONS|MYGN|PACB|QGEN|TWST|TXG|VRTX
ILPT,10,9,-2.86,-11.28,-14.14,0.0,-0.55,-2.82,-2.3099999999999996,-8.459999999999999,-13.8,0.1111111111111111,EGP|FR|GOOD|LXP|MNR|PLD|PLYM|REXR|STAG|TRNO,EGP|FR|GOOD|LXP|MNR|PLD|REXR|STAG|TRNO
IMA,0,0,-1.83,-13.88,-19.33,0.0,,,,,,,,
IMAX,10,8,4.92,0.89,25.42,2.03,-2.475,-5.605,7.395,6.495,17.32,1.0,AMC|CMCSA|CNK|DIS|LGF-A|LGF-B|NCMI|NFLX|RDI|SONY,AMC|CMCSA|CNK|DIS|NCMI|NFLX|RDI|SONY
IMCC,7,7,55.75,-16.97,-35.98,-6.87,2.83,-4.08,52.92,-12.889999999999999,-39.709999999999994,1.0,ACB|CGC|IIPR|OGI|SNDL|TLRY|VFF,ACB|CGC|IIPR|OGI|SNDL|TLRY|VFF
IMCR,10,10,-0.16,-13.85,5.17,0.0,1.9649999999999999,-1.385,-2.125,-12.465,-9.860000000000001,0.2,AMGN|BIIB|BMY|BNTX|GILD|INCY|MRNA|NVAX|REGN|VRTX,AMGN|BIIB|BMY|BNTX|GILD|INCY|MRNA|NVAX|REGN|VRTX
IMDX,10,9,9.22,-9.49,-27.32,0.0,-1.66,9.36,10.88,-18.85,-38.51,1.0,BNTX|CDNA|CRSP|EXAS|FLGT|GH|ILMN|MYGN|RCKT|TXG,BNTX|CDNA|CRSP|FLGT|GH|ILMN|MYGN|RCKT|TXG
IMKTA,10,10,0.47,-2.79,-7.88,0.0,-2.625,-4.63,3.0949999999999998,1.8399999999999999,-3.965,0.8,ACI|BJ|CASY|COST|DG|DLTR|KR|SFM|TGT|WMT,ACI|BJ|CASY|COST|DG|DLTR|KR|SFM|TGT|WMT
IMMP,10,10,-11.52,-26.58,-31.43,5.37,-0.11,-1.385,-11.41,-25.194999999999997,-42.43,0.0,ALNY|BIIB|BMRN|GILD|INCY|IONS|NBIX|REGN|SRPT|VRTX,ALNY|BIIB|BMRN|GILD|INCY|IONS|NBIX|REGN|SRPT|VRTX
IMMR,10,10,3.51,-2.25,13.38,0.0,-0.10499999999999998,5.855,3.6149999999999998,-8.105,2.075000000000001,0.9,AAPL|AMZN|GOOG|HPQ|INTC|MSFT|NVDA|QCOM|SONY|TSLA,AAPL|AMZN|GOOG|HPQ|INTC|MSFT|NVDA|QCOM|SONY|TSLA
IMMX,10,8,0.0,-12.42,18.73,0.0,-1.555,-23.384999999999998,1.555,10.964999999999998,28.835,0.625,ADAP|ADCT|ADIL|AFMD|APVO|AXON|CLPS|CRIS|KALA|MGNX,ADCT|ADIL|APVO|AXON|CLPS|CRIS|KALA|MGNX
IMNM,10,10,3.32,-13.46,22.73,0.0,-0.27,-0.815,3.59,-12.645000000000001,3.900000000000002,0.7,BEAM|BNTX|CRSP|GILD|MRNA|NTLA|NVAX|PFE|REGN|SRPT,BEAM|BNTX|CRSP|GILD|MRNA|NTLA|NVAX|PFE|REGN|SRPT
IMNN,10,8,8.7,-9.64,-12.79,2.04,2.915,4.105,5.784999999999999,-13.745000000000001,-25.419999999999998,0.875,ADMA|AVIR|BNTX|CLOV|DVAX|INO|MRNA|NVAX|PDSB|VXRT,ADMA|AVIR|BNTX|CLOV|INO|MRNA|NVAX|PDSB
IMO,10,8,-4.26,-8.91,10.89,0.0,-3.915,2.7249999999999996,-0.34499999999999975,-11.635,-9.989999999999998,0.5,COP|CVX|FANG|HES|MPC|MRO|OXY|PSX|VLO|XOM,COP|CVX|FANG|MPC|OXY|PSX|VLO|XOM
IMOS,10,10,24.85,23.79,18.26,2.09,3.5700000000000003,10.615,21.28,13.174999999999999,24.96,1.0,AMD|ASX|AVGO|INTC|MRVL|NVDA|QCOM|TSM|TXN|UMC,AMD|ASX|AVGO|INTC|MRVL|NVDA|QCOM|TSM|TXN|UMC
IMPP,10,10,-1.01,12.38,17.45,8.14,-6.055,6.875,5.045,5.505000000000001,-3.6099999999999994,1.0,ASC|DHT|ESEA|FRO|INSW|NAT|SFL|STNG|TNK|TRMD,ASC|DHT|ESEA|FRO|INSW|NAT|SFL|STNG|TNK|TRMD
IMRN,10,8,-5.19,-1.87,0.78,-4.38,-2.205,-8.445,-2.9850000000000003,6.575,8.92,0.125,ALT|AQST|AVIR|BCRX|DVAX|GERN|MCRB|MNOV|OCGN|TFFP,ALT|AQST|AVIR|BCRX|GERN|MCRB|MNOV|OCGN
IMRX,10,7,-2.47,-16.83,-3.97,-0.68,-12.95,-20.91,10.479999999999999,4.080000000000002,3.7499999999999996,0.7142857142857143,ADAP|CABA|CUE|MGTX|RCKT|RNA|SRRK|STRO|SYRS|UBX,CABA|CUE|MGTX|RCKT|RNA|SRRK|STRO
IMSR,0,0,0.0,-21.41,-35.32,-1.01,,,,,,,,
IMTE,10,10,-2.87,1.4,0.3,0.0,-1.67,-2.72,-1.2000000000000002,4.12,-3.18,0.2,AMBA|DSS|GOGO|GSAT|GTEC|HLIT|IRT|LMT|TRMB|VNET,AMBA|DSS|GOGO|GSAT|GTEC|HLIT|IRT|LMT|TRMB|VNET
IMTX,10,7,-0.46,-1.04,-14.17,0.0,-1.68,-14.95,1.22,13.91,-8.34,0.7142857142857143,ADAP|ALLO|BLUE|BNTX|CLLS|FATE|GOSS|MRNA|PSTX|TIL,ALLO|BNTX|CLLS|FATE|GOSS|MRNA|TIL
IMUX,10,8,-7.44,-41.66,-36.43,2.24,-0.435,-1.4,-7.005000000000001,-40.26,-38.325,0.125,ADAP|AFMD|AGEN|ALDX|FATE|IMTX|IOVA|KPTI|MCRB|ZLAB,AGEN|ALDX|FATE|IMTX|IOVA|KPTI|MCRB|ZLAB
IMVT,10,10,-9.3,-21.49,-10.7,-1.13,-0.13999999999999999,-7.79,-9.16,-13.7,-18.79,0.1,ARCT|BMRN|CRSP|EDIT|MRNA|NTLA|RARE|REGN|SRPT|VRTX,ARCT|BMRN|CRSP|EDIT|MRNA|NTLA|RARE|REGN|SRPT|VRTX
IMXI,10,10,-13.47,-19.51,-14.12,0.0,-2.6799999999999997,-9.145,-10.790000000000001,-10.365000000000002,-19.14,0.0,ADP|EEFT|FIS|GPN|MA|PAYO|PYPL|V|WU|XYZ,ADP|EEFT|FIS|GPN|MA|PAYO|PYPL|V|WU|XYZ
INAB,10,8,8.91,-6.78,-25.67,0.0,-0.41,-9.36,9.32,2.579999999999999,-27.130000000000003,1.0,ADAP|BLUE|CLLS|CRSP|EDIT|FATE|GILD|IBRX|NTLA|TCRT,CLLS|CRSP|EDIT|FATE|GILD|IBRX|NTLA|TCRT
INAC,0,0,0.29,0.68,1.37,0.0,,,,,,,,
INBK,10,9,-5.34,-8.75,-0.91,0.0,-2.9,-9.01,-2.44,0.2599999999999998,8.209999999999999,0.0,ALLY|AXP|BAC|C|COF|DFS|FITB|GS|JPM|KEY,ALLY|AXP|BAC|C|COF|FITB|GS|JPM|KEY
INBS,10,8,-10.5,-24.15,-16.74,1.13,-1.9200000000000002,-9.469999999999999,-8.58,-14.68,-9.274999999999999,0.125,BLUE|CABA|CDMO|CRSP|EDIT|GILD|IONS|MRNA|NBIX|NTLA,CABA|CRSP|EDIT|GILD|IONS|MRNA|NBIX|NTLA
INBX,9,6,-4.09,-18.15,5.39,0.12,-1.525,-6.955,-2.565,-11.194999999999999,3.1049999999999995,0.16666666666666666,ADAP|ARVN|BPMC|EXEL|IGMS|KPTI|ONC|PBYI|PTCT,ARVN|EXEL|KPTI|ONC|PBYI|PTCT
INCR,9,8,3.01,-0.18,9.4,0.0,4.08,-2.19,-1.0700000000000003,2.01,-10.88,0.375,ACB|CGC|CRON|FLGC|GRWG|OGI|SNDL|TLRY|VFF,ACB|CGC|CRON|GRWG|OGI|SNDL|TLRY|VFF
INCY,10,10,-0.09,-2.61,14.92,0.0,0.0,-6.115,-0.09,3.5050000000000003,1.9900000000000002,0.5,AMGN|BMY|GILD|IONS|JNJ|LLY|MRK|PFE|REGN|VRTX,AMGN|BMY|GILD|IONS|JNJ|LLY|MRK|PFE|REGN|VRTX
INDB,10,8,-3.26,-4.42,-4.83,0.0,-3.075,-3.645,-0.1849999999999996,-0.7749999999999999,-3.75,0.25,BRKL|CVBF|EBC|FULT|HIFS|NWBI|SBSI|STER|WBS|WSBC,BRKL|CVBF|EBC|FULT|HIFS|NWBI|SBSI|WSBC
INDI,10,10,-3.19,-23.48,-17.89,-1.3,4.65,2.4,-7.84,-25.88,-8.11,0.0,ADI|AVGO|MCHP|MPWR|MRVL|NXPI|ON|QCOM|SWKS|TXN,ADI|AVGO|MCHP|MPWR|MRVL|NXPI|ON|QCOM|SWKS|TXN
INDO,9,9,1.04,3.18,10.19,2.1,-3.0,-4.41,4.04,7.59,-3.3200000000000003,1.0,HAL|HP|NBR|NE|PDS|PTEN|RIG|SDRL|TDW,HAL|HP|NBR|NE|PDS|PTEN|RIG|SDRL|TDW
INDP,9,7,-3.31,247.03,16.56,0.8,6.7,-1.75,-10.01,248.78,1.4199999999999982,0.0,ADMA|AFMD|AGEN|AMGN|AVIR|IBIO|MRNA|PDSB|VXRT,ADMA|AGEN|AMGN|AVIR|IBIO|MRNA|PDSB
INDV,10,10,-0.78,-1.56,-14.24,-1.39,-0.21,-1.4849999999999999,-0.5700000000000001,-0.07500000000000018,-24.82,0.3,ABBV|BIIB|BMY|GILD|JNJ|LLY|NBIX|PFE|TEVA|VRTX,ABBV|BIIB|BMY|GILD|JNJ|LLY|NBIX|PFE|TEVA|VRTX
INEO,0,0,-1.05,-11.52,-7.57,0.0,,,,,,,,
INFU,10,7,2.01,6.28,38.8,0.0,-2.74,-4.03,4.75,10.31,27.439999999999998,1.0,ADUS|AMED|ASRT|CHE|CVS|EHC|ENSG|HUM|MODV|PNTG,ADUS|CHE|CVS|EHC|ENSG|HUM|PNTG
INFY,10,9,-3.34,-11.06,1.23,-0.47,-4.07,-2.35,0.7300000000000004,-8.71,-30.970000000000002,0.6666666666666666,ACN|CTS|CTSH|DXC|EPAM|GIB|IBM|IT|TCS|WIT,ACN|CTS|CTSH|DXC|EPAM|GIB|IBM|IT|WIT
ING,10,10,-3.11,1.33,15.31,-0.42,-3.755,-3.8449999999999998,0.645,5.175,16.6,0.6,BBVA|BCS|BMO|DB|HSBC|LYG|RY|SAN|TD|UBS,BBVA|BCS|BMO|DB|HSBC|LYG|RY|SAN|TD|UBS
INGM,0,0,0.48,-5.89,-1.37,0.0,,,,,,,,
INGN,10,10,-0.78,-7.45,-24.7,0.0,0.17,-7.539999999999999,-0.9500000000000001,0.08999999999999897,-30.95,0.3,AAPL|ABT|BDX|BSX|GEHC|ISRG|MDT|PHG|RMD|ZBH,AAPL|ABT|BDX|BSX|GEHC|ISRG|MDT|PHG|RMD|ZBH
INGR,10,9,-1.69,-8.77,-1.31,0.0,-5.98,-8.07,4.290000000000001,-0.6999999999999993,-1.53,0.8888888888888888,ADM|BG|CARG|DAR|GIS|HRL|K|KO|MGPI|PEP,ADM|BG|CARG|DAR|GIS|HRL|KO|MGPI|PEP
INHD,10,10,-11.24,-52.05,-92.0,0.32,-2.14,-1.45,-9.1,-50.599999999999994,-96.955,0.0,AAPL|ADBE|AMZN|GOOGL|IBM|MSFT|NFLX|NVDA|ORCL|TSLA,AAPL|ADBE|AMZN|GOOGL|IBM|MSFT|NFLX|NVDA|ORCL|TSLA
INKT,10,8,6.56,4.48,1.98,0.0,-0.435,-6.03,6.994999999999999,10.510000000000002,-10.065000000000001,1.0,ADAP|AFMD|CGEN|FATE|IMTX|KPTI|ONC|PGEN|TVRD|VRTX,CGEN|FATE|IMTX|KPTI|ONC|PGEN|TVRD|VRTX
INLF,0,0,-6.14,-33.1,-52.83,-2.75,,,,,,,,
INLX,10,9,4.12,-4.75,-9.54,0.0,0.04,-2.12,4.08,-2.63,-38.21,0.7777777777777778,ACIW|BOX|DOCU|GSIT|IRM|MSTR|NTNX|OTEX|PUBM|ZUO,ACIW|BOX|DOCU|GSIT|IRM|MSTR|NTNX|OTEX|PUBM
INM,10,8,7.81,-3.5,-10.97,0.0,-2.205,-17.82,10.015,14.32,-6.900000000000001,0.875,ABEO|ALT|ASRT|AVDL|AYTU|CRBP|CTXR|EYPT|OCGN|TVRD,ABEO|ALT|AYTU|CRBP|CTXR|EYPT|OCGN|TVRD
INMB,10,9,-6.78,-16.37,36.38,1.6,-3.94,-6.35,-2.8400000000000003,-10.020000000000001,42.46,0.4444444444444444,ABUS|BGMS|CYPH|IMUX|LITS|ONCY|PDSB|PRQR|SLNO|TNXP,ABUS|BGMS|CYPH|IMUX|LITS|ONCY|PDSB|PRQR|TNXP
INMD,10,9,-2.67,-6.03,-4.06,0.0,-0.44,-4.41,-2.23,-1.62,0.4200000000000008,0.2222222222222222,ALGN|CERS|CLGN|CUTR|HAE|IRTC|MDXG|NVCR|PODD|VCEL,ALGN|CERS|CLGN|HAE|IRTC|MDXG|NVCR|PODD|VCEL
INN,10,10,-0.35,-7.65,-15.5,0.0,0.94,-5.18,-1.29,-2.4700000000000006,-8.535,0.2,AHT|BHR|DRH|HST|PEB|PK|RLJ|SHO|SVC|XHR,AHT|BHR|DRH|HST|PEB|PK|RLJ|SHO|SVC|XHR
INNV,10,7,-15.05,-16.76,-12.17,1.0,-2.74,-7.99,-12.31,-8.770000000000001,-4.97,0.0,ADUS|AMED|CHE|DNUT|EHAB|HUM|OPFI|PRVA|SEM|VITL,ADUS|CHE|DNUT|HUM|OPFI|PRVA|VITL
INO,10,9,3.31,-3.1,15.74,0.0,-0.43,-1.75,3.74,-1.35,5.870000000000001,0.6666666666666666,ADMA|ARCT|AZN|BNTX|GSK|JNJ|MRNA|NVAX|PFE|VXRT,ADMA|ARCT|AZN|BNTX|GSK|JNJ|MRNA|NVAX|PFE
INOD,9,9,22.5,22.09,-4.62,-3.04,-4.46,-2.35,26.96,24.44,-36.82,1.0,ACN|AI|CTSH|DOX|DXC|EPAM|GLOB|IBM|IT,ACN|AI|CTSH|DOX|DXC|EPAM|GLOB|IBM|IT
INR,0,0,-1.66,-12.49,1.16,0.0,,,,,,,,
INSE,10,8,-8.15,-25.21,-43.98,0.0,-3.1550000000000002,-12.315,-4.995,-12.895000000000001,-31.489999999999995,0.125,BRSL|BYD|CHDN|CZR|EVRI|GDEN|LVS|MCRI|PENN|RRR,BRSL|BYD|CHDN|CZR|LVS|MCRI|PENN|RRR
INSG,10,9,-13.73,-22.3,-64.62,-14.04,-1.59,-0.78,-12.14,-21.52,-58.96000000000001,0.0,AVNW|CRNT|CSCO|ERIC|HPE|HPQ|JNPR|MSI|NOK|QCOM,AVNW|CRNT|CSCO|ERIC|HPE|HPQ|MSI|NOK|QCOM
INSM,10,10,-5.63,-5.56,11.99,-1.13,-0.11,-2.2800000000000002,-5.52,-3.2799999999999994,3.9000000000000004,0.2,BIIB|BMRN|EXEL|GILD|NBIX|RARE|REGN|SRPT|UTHR|VRTX,BIIB|BMRN|EXEL|GILD|NBIX|RARE|REGN|SRPT|UTHR|VRTX
INSP,10,10,-5.16,12.97,58.78,-0.1,-2.0149999999999997,-9.879999999999999,-3.1450000000000005,22.85,60.455,0.0,BSX|CNMD|EW|GMED|IART|MDT|PEN|SYK|TFX|ZBH,BSX|CNMD|EW|GMED|IART|MDT|PEN|SYK|TFX|ZBH
INSW,10,10,-6.7,4.12,26.56,1.15,-5.685,6.875,-1.0150000000000006,-2.755,6.375,0.3,ASC|CCEC|DHT|FRO|NAT|SBLK|SFL|STNG|TNK|TRMD,ASC|CCEC|DHT|FRO|NAT|SBLK|SFL|STNG|TNK|TRMD
INTA,10,10,0.76,-9.19,67.89,1.4,-2.635,-1.005,3.3949999999999996,-8.184999999999999,26.990000000000002,0.9,ADBE|BOX|CRM|HUBS|MSFT|NOW|ORCL|SAP|TEAM|WDAY,ADBE|BOX|CRM|HUBS|MSFT|NOW|ORCL|SAP|TEAM|WDAY
INTC,10,10,8.86,35.39,-10.86,-3.39,3.51,4.699999999999999,5.35,30.69,-2.369999999999999,0.9,ADI|AMD|AVGO|MRVL|MU|NVDA|NXPI|QCOM|TSM|TXN,ADI|AMD|AVGO|MRVL|MU|NVDA|NXPI|QCOM|TSM|TXN
INTG,10,10,-2.6,8.97,-21.7,0.0,-1.425,-6.3,-1.175,15.27,-23.985,0.2,APO|BAM|BEN|BRK-A|BX|CG|IVZ|KKR|L|MKL,APO|BAM|BEN|BRK-A|BX|CG|IVZ|KKR|L|MKL
INTJ,10,10,-14.66,-28.22,-41.12,0.0,-0.61,4.48,-14.05,-32.7,-54.269999999999996,0.0,AI|AMD|DOCN|GOOGL|IBM|MSFT|NVDA|PLTR|SNOW|UPST,AI|AMD|DOCN|GOOGL|IBM|MSFT|NVDA|PLTR|SNOW|UPST
INTR,10,10,-3.85,-5.76,-0.76,0.0,-3.755,-3.8449999999999998,-0.0950000000000002,-1.915,-3.875,0.5,BAP|BBAR|BBD|BCS|BSBR|DB|HSBC|ITUB|SAN|UBS,BAP|BBAR|BBD|BCS|BSBR|DB|HSBC|ITUB|SAN|UBS
INTS,10,10,7.61,-13.68,0.49,0.0,0.16999999999999998,-3.625,7.44,-10.055,-12.44,1.0,ABBV|AMGN|BMY|GILD|JNJ|LLY|MRK|PFE|REGN|VRTX,ABBV|AMGN|BMY|GILD|JNJ|LLY|MRK|PFE|REGN|VRTX
INTT,10,10,6.29,1.68,-31.69,0.0,5.215,2.42,1.0750000000000002,-0.74,-17.020000000000003,0.5,AEHR|AXTI|CAMT|COHU|FORM|KLIC|MMSI|ONTO|TER|UCTT,AEHR|AXTI|CAMT|COHU|FORM|KLIC|MMSI|ONTO|TER|UCTT
INTU,10,10,-8.73,-20.05,12.05,-0.35,-2.735,-2.375,-5.995000000000001,-17.675,-11.629999999999999,0.0,ADBE|ADSK|CRM|GOOGL|MSFT|NOW|ORCL|PYPL|WDAY|XYZ,ADBE|ADSK|CRM|GOOGL|MSFT|NOW|ORCL|PYPL|WDAY|XYZ
INTZ,10,9,-0.16,26.65,10.35,-0.01,3.89,17.78,-4.05,8.869999999999997,-42.21,0.0,CHKP|CRWD|CYBR|FTNT|NET|OKTA|PANW|QLYS|VRNS|ZS,CHKP|CRWD|FTNT|NET|OKTA|PANW|QLYS|VRNS|ZS
INUV,10,10,4.83,-14.82,-50.97,2.01,-0.47000000000000003,-3.49,5.3,-11.33,-58.015,1.0,APPS|BLIN|CRTO|DV|FLNT|MGNI|PERI|PUBM|ROKU|TTD,APPS|BLIN|CRTO|DV|FLNT|MGNI|PERI|PUBM|ROKU|TTD
INV,0,0,23.54,-44.82,-83.06,1.77,,,,,,,,
INVA,10,10,-4.53,-3.76,-14.38,0.0,0.955,-2.135,-5.485,-1.625,-28.695,0.0,ABBV|AMGN|BIIB|BMY|GILD|MRK|PFE|REGN|SAN|VRTX,ABBV|AMGN|BIIB|BMY|GILD|MRK|PFE|REGN|SAN|VRTX
INVE,10,10,-6.25,-16.08,-34.96,0.0,2.395,1.765,-8.645,-17.845,-30.895000000000003,0.1,AXTI|CAMT|LSCC|MTSI|PERI|PXLW|QUIK|SMTC|SONO|SSYS,AXTI|CAMT|LSCC|MTSI|PERI|PXLW|QUIK|SMTC|SONO|SSYS
INVH,9,7,-1.66,-11.62,-10.73,-0.85,-2.24,-10.74,0.5800000000000003,-0.879999999999999,0.9599999999999991,0.5714285714285714,AMH|AVB|CPT|EQR|ESS|IRT|MAA|SUI|UDR,AMH|CPT|ESS|IRT|MAA|SUI|UDR
INVX,10,10,-3.1,-0.7,11.02,0.0,-0.73,-3.6149999999999998,-2.37,2.915,6.209999999999999,0.1,BKR|CLB|FET|FTI|HAL|NOV|OII|RES|SLB|TS,BKR|CLB|FET|FTI|HAL|NOV|OII|RES|SLB|TS
INVZ,10,10,26.07,19.35,-27.16,-0.69,-0.25,-3.8550000000000004,26.32,23.205000000000002,-18.11,1.0,APTV|F|GM|LAZR|LI|LIDR|MVIS|NIO|OUST|TSLA,APTV|F|GM|LAZR|LI|LIDR|MVIS|NIO|OUST|TSLA
IONQ,10,10,1.86,-2.28,-18.73,-3.41,-2.6,2.8899999999999997,4.46,-5.17,-16.28,0.8,DELL|GOOGL|HPQ|IBM|INTC|MSFT|NVDA|QBTS|QUBT|RGTI,DELL|GOOGL|HPQ|IBM|INTC|MSFT|NVDA|QBTS|QUBT|RGTI
IONR,10,9,-1.83,-0.93,-21.52,0.0,-5.61,-13.7,3.7800000000000002,12.77,10.04,0.7777777777777778,ALB|ENVX|LAC|PLL|QS|SEDG|SLDP|SQM|STEM|TE,ALB|ENVX|LAC|QS|SEDG|SLDP|SQM|STEM|TE
IONS,10,9,-6.31,-31.1,-44.09,-0.3,0.13,-0.16,-6.4399999999999995,-30.94,-51.760000000000005,0.2222222222222222,ALNY|ARWR|BIIB|FOLD|GILD|NBIX|PRTA|REGN|SRPT|VRTX,ALNY|ARWR|BIIB|GILD|NBIX|PRTA|REGN|SRPT|VRTX
IOR,10,9,-1.46,-8.94,1.91,0.0,-1.55,-10.45,0.09000000000000008,1.5099999999999998,13.05,0.5555555555555556,AKR|BRX|FCPT|IRM|LTC|MPW|NNN|O|VICI|WPC,AKR|BRX|FCPT|IRM|LTC|NNN|O|VICI|WPC
IOSP,10,10,3.67,2.37,16.65,0.0,0.675,-5.845,2.995,8.215,21.45,1.0,ALB|ASH|CE|CMP|ECL|EMN|FUL|HUN|IFF|SHW,ALB|ASH|CE|CMP|ECL|EMN|FUL|HUN|IFF|SHW
IOT,10,10,-3.0,-0.87,33.89,-0.72,-1.845,-5.24,-1.155,4.37,30.515,0.4,ADBE|ADSK|AMZN|CSCO|GE|GOOGL|MSFT|NTGR|ORCL|PTC,ADBE|ADSK|AMZN|CSCO|GE|GOOGL|MSFT|NTGR|ORCL|PTC
IOTR,0,0,28.16,-13.9,-17.71,7.27,,,,,,,,
IOVA,10,8,1.2,20.14,140.86,-0.49,-1.9200000000000002,-9.36,3.12,29.5,144.51000000000002,0.875,ADAP|BMRN|CRSP|EDIT|FATE|NTLA|PRTA|QURE|SGMO|TVRD,BMRN|CRSP|EDIT|FATE|NTLA|PRTA|QURE|TVRD
IP,8,7,1.48,-11.98,-7.54,1.06,0.22,-11.93,1.26,-0.05000000000000071,-2.0999999999999996,0.7142857142857143,AMCR|AVY|GPK|OI|PKG|SEE|SLGN|SON,AMCR|AVY|GPK|OI|PKG|SLGN|SON
IPAR,9,9,4.23,0.51,12.61,0.0,0.66,-3.35,3.5700000000000003,3.8600000000000003,-4.359999999999999,0.6666666666666666,COTY|EL|NUS|PETS|PG|REGN|SBH|UL|WDAY,COTY|EL|NUS|PETS|PG|REGN|SBH|UL|WDAY
IPDN,10,8,37.18,17.39,-74.4,-12.93,-2.2399999999999998,-9.745000000000001,39.42,27.135,-100.63000000000001,1.0,ASGN|DLHC|HQI|HSII|KELYA|KFY|MAN|NSP|RHI|TBI,DLHC|HQI|KELYA|KFY|MAN|NSP|RHI|TBI
IPEX,0,0,-5.87,-11.85,-11.34,0.0,,,,,,,,
IPGP,10,10,-0.81,5.26,-31.51,-2.18,1.9849999999999999,1.1400000000000001,-2.795,4.119999999999999,-14.32,0.1,AVGO|COHR|LITE|LPL|MKSI|MTSI|PLAB|QCOM|TEL|VSH,AVGO|COHR|LITE|LPL|MKSI|MTSI|PLAB|QCOM|TEL|VSH
IPHA,10,6,-6.81,-21.59,-0.56,1.14,-0.435,-8.27,-6.375,-13.32,9.6,0.3333333333333333,AFMD|BPMC|CTMX|FATE|IMTX|IMUX|NKTR|ONCT|PDSB|SWTX,CTMX|FATE|IMTX|IMUX|NKTR|PDSB
IPI,10,10,-3.8,-3.09,9.71,0.0,-3.6550000000000002,-5.845,-0.14499999999999957,2.755,9.950000000000001,0.4,ALB|CF|CMP|FMC|ICL|MOS|NTR|SMG|SQM|UAN,ALB|CF|CMP|FMC|ICL|MOS|NTR|SMG|SQM|UAN
IPM,10,10,-0.36,-4.07,6.09,0.0,-2.035,-6.955,1.6750000000000003,2.885,-6.32,0.6,BIDU|GME|MTCH|NFLX|RBLX|SNAP|SPOT|TTWO|TWLO|ZM,BIDU|GME|MTCH|NFLX|RBLX|SNAP|SPOT|TTWO|TWLO|ZM
IPSC,10,8,-6.54,-19.03,-23.6,-0.16,-1.075,-13.555,-5.465,-5.475000000000001,-2.8500000000000014,0.25,ARCT|BEAM|CARR|CRSP|DNLI|EDIT|NTLA|SGMO|VERV|ZNTL,ARCT|BEAM|CARR|CRSP|DNLI|EDIT|NTLA|ZNTL
IPST,0,0,0.7,-62.98,8.27,0.7,,,,,,,,
IPW,10,10,-31.11,-42.33,-94.66,0.0,4.08,-2.19,-35.19,-40.14,-104.145,0.0,ACB|CGC|CRON|GRWG|HYFM|OGI|RYM|SMG|SNDL|TLRY,ACB|CGC|CRON|GRWG|HYFM|OGI|RYM|SMG|SNDL|TLRY
IPWR,9,8,4.37,-12.69,-22.81,0.0,-5.205,-11.215,9.575,-1.4749999999999996,10.385000000000002,1.0,BLDP|CSIQ|ENPH|FCEL|JKS|NOVA|PLUG|RUN|SEDG,BLDP|CSIQ|ENPH|FCEL|JKS|PLUG|RUN|SEDG
IPX,10,7,2.81,-8.94,-28.63,0.0,-2.45,-0.63,5.26,-8.309999999999999,-22.06,1.0,ATI|CMC|HAYN|NUE|PKX|RS|RYI|STLD|TEX|X,ATI|CMC|NUE|PKX|RS|STLD|TEX
IQ,10,10,-7.27,-0.97,6.12,0.99,-1.7349999999999999,-8.075,-5.535,7.1049999999999995,-1.04,0.1,AMZN|CHTR|CMCSA|DIS|FOXA|NFLX|ROKU|SIRI|SONY|T,AMZN|CHTR|CMCSA|DIS|FOXA|NFLX|ROKU|SIRI|SONY|T
IQST,0,0,-0.99,5.84,-37.11,-2.91,,,,,,,,
IQV,7,6,-1.45,2.35,42.42,-0.87,0.66,-2.295,-2.11,4.645,26.725,0.16666666666666666,CRL|CROX|CTLT|ICON|INCY|LH|MEDP,CRL|CROX|ICON|INCY|LH|MEDP
IR,10,9,4.71,-3.18,-6.89,-0.2,3.09,-2.09,1.62,-1.0900000000000003,-0.17999999999999972,0.6666666666666666,DOV|EMR|ETN|HON|IRBTQ|ITW|MMM|PNR|ROK|YUM,DOV|EMR|ETN|HON|ITW|MMM|PNR|ROK|YUM
IRD,0,0,-10.8,14.6,26.61,-2.48,,,,,,,,
IRDM,10,9,0.8,1.61,14.39,-0.91,0.35,-1.13,0.45000000000000007,2.74,10.55,0.6666666666666666,GILT|GSAT|LMT|QCOM|S|SATS|T|TMUS|VSAT|VZ,GILT|GSAT|LMT|QCOM|S|T|TMUS|VSAT|VZ
IREN,10,8,4.92,8.08,-4.44,-3.0,9.465,9.16,-4.545,-1.08,7.61,0.375,ARBK|BITF|BTBT|CAN|EBON|HIVE|HUT|MARA|RIOT|SDIG,ARBK|BTBT|CAN|EBON|HIVE|HUT|MARA|RIOT
IRIX,10,9,4.45,-15.06,-46.72,0.0,-1.62,-14.58,6.07,-0.4800000000000004,-33.3,1.0,ALGN|BSX|COO|CUTR|EW|GKOS|PAVM|STAA|SYK|ZBH,ALGN|BSX|COO|EW|GKOS|PAVM|STAA|SYK|ZBH
IRM,9,8,2.2,-3.63,-11.11,1.23,-1.83,-6.38,4.03,2.75,-5.199999999999999,1.0,COR|CUBE|DLR|EXR|NSA|PLD|PSA|REXR|STAG,COR|CUBE|DLR|EXR|PLD|PSA|REXR|STAG
IRMD,10,8,4.35,-1.74,-8.02,-0.01,-1.69,-6.8100000000000005,6.039999999999999,5.07,-14.129999999999999,1.0,CNMD|HOLX|INMD|INSP|MASI|PEN|RMD|STAA|STE|TMDX,CNMD|INMD|INSP|PEN|RMD|STAA|STE|TMDX
IRON,10,8,-5.32,-20.52,-6.64,-0.89,-1.075,-9.36,-4.245,-11.16,1.2250000000000005,0.25,ALNY|BEAM|BLUE|CRSP|EDIT|IONS|NTLA|SGMO|SRPT|VRTX,ALNY|BEAM|CRSP|EDIT|IONS|NTLA|SRPT|VRTX
IRS,10,10,-1.88,0.2,-4.61,0.0,-1.935,-12.62,0.05500000000000016,12.819999999999999,3.5149999999999997,0.6,AIV|BXP|CUZ|ESRT|HIW|HPP|KRC|SLG|VNO|WPC,AIV|BXP|CUZ|ESRT|HIW|HPP|KRC|SLG|VNO|WPC
IRT,10,8,-2.41,-13.63,-11.69,0.0,-2.795,-13.425,0.3849999999999998,-0.20500000000000007,3.799999999999999,0.625,AIV|AVB|CPT|EQR|ESS|MAA|MNR|NXRT|RENT|UDR,AIV|CPT|ESS|MAA|MNR|NXRT|RENT|UDR
IRTC,10,10,-0.86,-9.99,-4.48,-0.86,-0.24,-1.08,-0.62,-8.91,0.13999999999999968,0.4,ALGN|BIO|DXCM|ISRG|JAZZ|PODD|QDEL|STM|TDOC|VEEV,ALGN|BIO|DXCM|ISRG|JAZZ|PODD|QDEL|STM|TDOC|VEEV
IRWD,10,10,-0.47,-4.09,9.64,-1.4,0.020000000000000004,0.43,-0.49,-4.52,-0.9399999999999995,0.2,ABBV|ALNY|BIIB|BMY|EXEL|GILD|INCY|NBIX|REGN|VRTX,ABBV|ALNY|BIIB|BMY|EXEL|GILD|INCY|NBIX|REGN|VRTX
ISBA,0,0,-2.23,-6.12,-6.66,0.0,,,,,,,,
ISOU,0,0,-4.95,-16.67,-3.73,0.0,,,,,,,,
ISPC,10,10,-11.04,-24.94,-53.27,-0.74,1.0150000000000001,3.54,-12.055,-28.48,-74.28,0.0,A|BIO|BRKR|DHR|ILMN|MTD|QGEN|TECH|TMO|WAT,A|BIO|BRKR|DHR|ILMN|MTD|QGEN|TECH|TMO|WAT
ISPR,9,9,1.92,-3.28,-27.2,0.0,3.34,-12.15,-1.42,8.870000000000001,-42.57,0.3333333333333333,ACB|CGC|CRON|GRWG|OGI|SMG|TLRY|TVRD|VFF,ACB|CGC|CRON|GRWG|OGI|SMG|TLRY|TVRD|VFF
ISRG,9,9,3.25,6.5,-0.92,-0.58,-1.62,-9.37,4.87,15.87,-1.6,1.0,ABT|BSX|EW|GMED|JNJ|MDT|SYK|TMDX|ZBH,ABT|BSX|EW|GMED|JNJ|MDT|SYK|TMDX|ZBH
ISTR,10,7,-3.2,-3.13,-2.04,0.0,-2.04,-3.54,-1.1600000000000001,0.41000000000000014,0.3999999999999999,0.14285714285714285,BTBT|CUBI|CWBC|EBC|EFSC|FFWM|HTBK|IBTX|OSBC|SFST,BTBT|CUBI|CWBC|EBC|EFSC|OSBC|SFST
IT,9,8,-6.28,-10.11,38.99,-1.41,-2.295,-4.3,-3.9850000000000003,-5.81,8.385000000000002,0.0,ACN|CTSH|DDD|EPAM|FORR|G|IDCC|NXST|TWKS,ACN|CTSH|DDD|EPAM|FORR|G|IDCC|NXST
ITGR,10,10,0.17,1.0,38.24,0.0,-2.315,-9.195,2.485,10.195,39.915,0.7,ABT|BSX|EW|MDT|PODD|RMD|STAA|SYK|XRAY|ZBH,ABT|BSX|EW|MDT|PODD|RMD|STAA|SYK|XRAY|ZBH
ITIC,9,9,-2.86,-2.27,9.91,0.0,-2.32,-5.91,-0.54,3.64,8.48,0.3333333333333333,ESNT|FAF|FNF|GNW|LND|MTG|NMIH|RDN|STC,ESNT|FAF|FNF|GNW|LND|MTG|NMIH|RDN|STC
ITOC,0,0,8.9,18.24,4.16,0.0,,,,,,,,
ITP,10,8,0.61,-10.51,-12.12,2.28,2.205,-4.535,-1.5950000000000002,-5.975,-10.94,0.125,BDC|CLW|GEF|GLT|IP|PKG|SEE|SON|UFPI|UFPT,BDC|CLW|GEF|IP|PKG|SON|UFPI|UFPT
ITRG,10,8,-2.86,-8.46,15.4,-3.21,-3.825,-11.165,0.9650000000000003,2.7049999999999983,-7.869999999999999,0.75,AG|CDE|EXK|FSM|MAG|MTA|OR|SILV|VZLA|WPM,AG|CDE|EXK|FSM|MTA|OR|VZLA|WPM
ITRI,10,10,-1.21,-8.56,8.83,-1.14,-4.32,-4.93,3.1100000000000003,-3.630000000000001,26.880000000000003,0.7,AES|DTE|ENPH|ESI|HUBB|NEE|NI|NRG|SRE|VST,AES|DTE|ENPH|ESI|HUBB|NEE|NI|NRG|SRE|VST
ITRN,10,9,-0.46,2.36,-15.5,0.19,-3.12,-6.1,2.66,8.459999999999999,-22.97,0.6666666666666666,GRMN|KTCC|MSGS|NOK|OTEX|SIRI|SPOT|SSP|STRM|TRMB,GRMN|KTCC|MSGS|NOK|OTEX|SIRI|SPOT|SSP|TRMB
ITT,10,10,4.5,2.89,5.93,0.0,3.49,-3.515,1.0099999999999998,6.405,13.02,0.5,AOS|DOV|EMR|ETN|GE|HON|IR|PH|ROK|XYL,AOS|DOV|EMR|ETN|GE|HON|IR|PH|ROK|XYL
ITUB,10,10,-1.33,8.78,3.81,0.0,-2.755,-1.1199999999999999,1.4249999999999998,9.899999999999999,-3.94,0.7,BBD|BCH|BKSY|BMA|BSBR|GGAL|KB|MFG|SMFG|WF,BBD|BCH|BKSY|BMA|BSBR|GGAL|KB|MFG|SMFG|WF
ITW,10,10,3.09,-2.09,1.91,0.86,4.41,-1.165,-1.3200000000000003,-0.9249999999999998,6.35,0.4,AME|DOV|EMR|FAST|HON|IR|MSM|PH|ROK|TXT,AME|DOV|EMR|FAST|HON|IR|MSM|PH|ROK|TXT
IVA,10,9,-10.13,-28.14,-3.71,-2.32,-0.13,-6.48,-10.0,-21.66,-11.379999999999999,0.0,ABBV|BMRN|CRSP|EDIT|GILD|NBIX|NTLA|PFE|SGMO|VRTX,ABBV|BMRN|CRSP|EDIT|GILD|NBIX|NTLA|PFE|VRTX
IVDA,10,9,-0.1,-2.04,-21.56,-3.87,-0.1,-1.46,0.0,-0.5800000000000001,-37.62,0.4444444444444444,ANET|CSCO|CSPI|EQIX|EXTR|FFIV|HPE|JNPR|MSI|NET,ANET|CSCO|CSPI|EQIX|EXTR|FFIV|HPE|MSI|NET
IVF,10,10,11.96,-1.89,-16.13,1.96,0.955,-3.61,11.005,1.72,-30.445,1.0,ABBV|AMGN|BIIB|BMY|GILD|LLY|MRK|PFE|REGN|VRTX,ABBV|AMGN|BIIB|BMY|GILD|LLY|MRK|PFE|REGN|VRTX
IVR,10,9,-0.73,-12.74,-17.09,0.5,-1.69,-8.98,0.96,-3.76,-3.8000000000000007,0.8888888888888888,AGNC|BXMT|CIM|EFC|MFA|NLY|ORC|PMT|RC|TWO,AGNC|BXMT|CIM|EFC|MFA|NLY|ORC|PMT|RC
IVT,10,8,-1.56,-7.56,-14.44,0.0,-1.1600000000000001,-6.26,-0.3999999999999999,-1.2999999999999998,-4.76,0.25,AKR|BRX|CUZ|FRT|HIW|KIM|REG|ROIC|SPG|WSR,AKR|BRX|CUZ|FRT|HIW|KIM|REG|SPG
IVVD,10,10,28.37,2.05,9.0,3.77,-0.28,-2.4050000000000002,28.650000000000002,4.455,-4.704999999999998,1.0,AZN|BNTX|GILD|GSK|JNJ|MRK|MRNA|NVAX|PFE|SNY,AZN|BNTX|GILD|GSK|JNJ|MRK|MRNA|NVAX|PFE|SNY
IVZ,8,6,2.19,-5.27,18.37,0.0,-1.415,-6.865,3.605,1.5950000000000006,15.275,1.0,AMP|BEN|BK|BLK|JHG|NTRS|STT|TROW,AMP|BEN|BLK|NTRS|STT|TROW
IX,10,10,-1.24,-0.03,1.96,0.0,-1.425,-9.295,0.18500000000000005,9.265,-1.7249999999999996,0.6,APO|ARES|BEN|BX|CG|HLNE|KKR|PIPR|STEP|TROW,APO|ARES|BEN|BX|CG|HLNE|KKR|PIPR|STEP|TROW
IXHL,9,9,-5.01,-9.07,6.56,-1.02,-7.075,-7.93,2.0650000000000004,-1.1400000000000006,18.21,0.625,ATAI|AZN|CMPS|COMP|DFTX|FEMY|GHRS|HELP|RLMD,ATAI|AZN|CMPS|COMP|DFTX|FEMY|GHRS|HELP|RLMD
IZEA,10,10,-3.38,-12.59,-26.15,0.0,-2.66,-4.109999999999999,-0.7199999999999998,-8.48,-25.31,0.3,APPS|CRTO|INVE|MGNI|MMYT|PERI|PUBM|QTWO|TTD|TTGT,APPS|CRTO|INVE|MGNI|MMYT|PERI|PUBM|QTWO|TTD|TTGT
IZM,10,10,0.0,7.63,-28.15,0.0,4.79,3.615,-4.79,4.015,-16.875,0.2,ADI|ARW|AVT|DIOD|MCHP|NXPI|ON|QRVO|SWKS|TXN,ADI|ARW|AVT|DIOD|MCHP|NXPI|ON|QRVO|SWKS|TXN
J,9,9,-1.65,-6.92,15.63,0.0,-2.24,-3.82,0.5900000000000003,-3.1,17.57,0.6666666666666666,ACM|DVN|DY|FLR|GVA|KBR|PWR|STN|TPC,ACM|DVN|DY|FLR|GVA|KBR|PWR|STN|TPC
JACK,10,10,1.89,-24.51,0.82,0.0,1.0499999999999998,-14.06,0.8400000000000001,-10.450000000000001,1.405,0.5,BJRI|CMG|DPZ|MCD|PLAY|QSR|RRGB|SHAK|WEN|YUM,BJRI|CMG|DPZ|MCD|PLAY|QSR|RRGB|SHAK|WEN|YUM
JACS,0,0,-0.09,0.37,1.32,0.0,,,,,,,,
JAGX,10,8,182.51,-44.0,-81.03,-12.8,-1.275,-4.109999999999999,183.785,-39.89,-66.935,1.0,AMRN|CHRS|ENTA|KPTI|MNOV|MRSN|NBIX|ONCT|TGTX|VSTM,AMRN|CHRS|ENTA|KPTI|MNOV|NBIX|TGTX|VSTM
JAKK,10,8,0.74,-4.27,7.11,0.0,-1.2850000000000001,-12.2,2.0250000000000004,7.93,8.77,1.0,AMCX|DIS|EA|FNKO|HAS|MAT|MCW|NCMI|NWL|PLBY,AMCX|DIS|FNKO|HAS|MAT|NCMI|NWL|PLBY
JANX,10,7,-0.62,-10.31,14.92,1.42,-3.89,-12.27,3.27,1.959999999999999,9.32,0.7142857142857143,ADAP|ALLO|AVIR|BLUE|BMRN|BPMC|FATE|KURA|PTCT|TVRD,ALLO|AVIR|BMRN|FATE|KURA|PTCT|TVRD
JAZZ,10,9,-3.58,-9.66,3.93,0.09,-0.09,-2.61,-3.49,-7.050000000000001,-4.58,0.3333333333333333,BIIB|BMRN|EXEL|GILD|INCY|NBIX|REGN|SAGE|UTHR|VRTX,BIIB|BMRN|EXEL|GILD|INCY|NBIX|REGN|UTHR|VRTX
JBDI,0,0,-6.72,-19.57,-1.07,0.0,,,,,,,,
JBGS,10,10,-5.42,-14.8,-25.89,0.0,-2.335,-12.62,-3.085,-2.1800000000000015,-19.634999999999998,0.1,ARE|BDN|BXP|DEI|ESRT|FSP|HIW|PDM|SLG|VNO,ARE|BDN|BXP|DEI|ESRT|FSP|HIW|PDM|SLG|VNO
JBHT,9,9,-0.92,-10.51,-14.58,-0.0,-1.28,-7.81,0.36,-2.7,-1.7300000000000004,0.5555555555555556,FDX|KNX|LSTR|ODFL|SAIA|SNDR|UPS|WERN|XPO,FDX|KNX|LSTR|ODFL|SAIA|SNDR|UPS|WERN|XPO
JBI,10,9,-2.29,-16.47,-23.38,0.0,0.32,-8.01,-2.61,-8.459999999999999,-10.419999999999998,0.1111111111111111,AWI|BLD|OC|POOL|SITE|SSD|TREX|UFPI|VSEC|WMS,AWI|OC|POOL|SITE|SSD|TREX|UFPI|VSEC|WMS
JBIO,10,9,-11.65,-31.04,-32.83,0.0,-0.41,-8.36,-11.24,-22.68,-35.39,0.0,AGIO|BLUE|BMRN|CORT|CRSP|EDIT|FATE|NTLA|RGNX|VRTX,AGIO|BMRN|CORT|CRSP|EDIT|FATE|NTLA|RGNX|VRTX
JBL,9,9,2.39,-1.84,-19.12,-1.86,3.58,8.24,-1.19,-10.08,-16.54,0.3333333333333333,APH|AVT|CLS|FLEX|GLW|HPE|SANM|TEL|TTMI,APH|AVT|CLS|FLEX|GLW|HPE|SANM|TEL|TTMI
JBLU,9,8,-2.7,-14.76,-26.86,-1.37,1.505,-4.13,-4.205,-10.629999999999999,-6.75,0.125,AAL|ALGT|ALK|CPA|DAL|LUV|SAVE|SKYW|UAL,AAL|ALGT|ALK|CPA|DAL|LUV|SKYW|UAL
JBS,0,0,-3.81,-17.44,-3.57,0.78,,,,,,,,
JBSS,10,9,-1.25,-10.33,-18.7,0.0,-2.44,-9.48,1.19,-0.8499999999999996,-19.509999999999998,0.6666666666666666,CAG|GIS|HRL|HSY|K|LW|MDLZ|MKC|POST|SJM,CAG|GIS|HRL|HSY|LW|MDLZ|MKC|POST|SJM
JBTM,10,9,2.96,-3.71,-17.47,0.25,1.99,-3.45,0.97,-0.2599999999999998,-6.809999999999999,0.5555555555555556,DOV|FELE|GFF|GTLS|KAI|KMT|MIDD|PKG|REX|TRS,DOV|FELE|GFF|KAI|KMT|MIDD|PKG|REX|TRS
JCAP,0,0,-6.88,-13.7,5.71,0.0,,,,,,,,
JCI,10,10,2.09,1.54,-1.02,-1.3,3.04,-2.635,-0.9500000000000002,4.175,7.155000000000001,0.2,DOV|EMR|ETN|GE|HON|IR|ITW|MMM|ROK|TT,DOV|EMR|ETN|GE|HON|IR|ITW|MMM|ROK|TT
JCSE,9,9,0.0,-11.08,15.6,0.0,-5.08,-9.9,5.08,-1.1799999999999997,45.06,1.0,AES|CSIQ|ENPH|FSLR|JKS|NEE|ORA|RUN|SEDG,AES|CSIQ|ENPH|FSLR|JKS|NEE|ORA|RUN|SEDG
JCTC,10,10,-1.36,-0.34,40.1,0.0,-0.405,-9.195,-0.9550000000000001,8.855,52.870000000000005,0.4,BLDR|HAYW|JELD|MAS|MHK|SSYS|TREX|TTC|VSEC|WMS,BLDR|HAYW|JELD|MAS|MHK|SSYS|TREX|TTC|VSEC|WMS
JD,9,9,1.35,-8.04,7.19,-0.59,1.11,-8.01,0.24,-0.02999999999999936,6.58,0.5555555555555556,BABA|BIDU|DOYU|DQ|MOMO|NTES|PDD|TME|WB,BABA|BIDU|DOYU|DQ|MOMO|NTES|PDD|TME|WB
JDZG,10,10,-2.41,-9.26,-91.98,-3.12,1.62,-5.865,-4.03,-3.3949999999999996,-96.295,0.1,BABA|BIDU|DOYU|HUYA|IQ|JOYY|MOMO|NTES|PDD|TME,BABA|BIDU|DOYU|HUYA|IQ|JOYY|MOMO|NTES|PDD|TME
JEF,10,9,-0.78,-9.5,-18.92,0.0,-1.7,-8.75,0.9199999999999999,-0.75,-18.950000000000003,0.7777777777777778,AMTD|BK|BPOP|GS|MS|MSCI|NTRS|RJF|SCHW|STT,AMTD|BPOP|GS|MS|MSCI|NTRS|RJF|SCHW|STT
JELD,10,9,-4.08,-24.46,9.87,0.72,0.32,-6.9,-4.4,-17.560000000000002,22.54,0.0,ALLE|BXC|EXP|HWKN|MAS|OC|SEE|SNA|TREX|WMS,ALLE|BXC|EXP|HWKN|MAS|OC|SNA|TREX|WMS
JEM,0,0,-2.72,-45.31,-88.14,-0.9,,,,,,,,
JENA,0,0,-0.86,0.19,0.39,0.0,,,,,,,,
JF,10,10,-5.17,2.66,-10.49,0.0,-1.365,-13.21,-3.8049999999999997,15.870000000000001,5.199999999999999,0.3,FINV|FUTU|HTT|JFIN|LX|LXEH|QFIN|TIGR|XYF|YRD,FINV|FUTU|HTT|JFIN|LX|LXEH|QFIN|TIGR|XYF|YRD
JFIN,10,9,3.87,-33.19,-48.5,0.0,-1.52,-20.55,5.390000000000001,-12.639999999999997,-19.17,0.8888888888888888,AIHS|CNF|FINV|HTT|LX|QFIN|SOS|TIGR|XYF|YRD,CNF|FINV|HTT|LX|QFIN|SOS|TIGR|XYF|YRD
JFU,10,9,17.95,2.99,0.0,0.0,-1.52,-23.83,19.47,26.82,29.33,1.0,AIHS|FINV|JFIN|LX|MFIN|OCSL|ONEW|QFIN|SOS|YRD,FINV|JFIN|LX|MFIN|OCSL|ONEW|QFIN|SOS|YRD
JG,10,10,5.83,-0.47,45.98,0.0,-0.145,-5.484999999999999,5.975,5.015,41.224999999999994,1.0,AAPL|AMZN|BIDU|BILI|GOOGL|JOYY|MSFT|PINS|SNAP|TME,AAPL|AMZN|BIDU|BILI|GOOGL|JOYY|MSFT|PINS|SNAP|TME
JHX,10,10,0.04,-11.09,3.99,0.0,-0.23,-8.18,0.27,-2.91,15.25,0.6,AWI|LPX|MAS|MHK|OC|PATK|SHW|TREX|UFPI|WHR,AWI|LPX|MAS|MHK|OC|PATK|SHW|TREX|UFPI|WHR
JILL,10,9,0.88,20.69,61.32,0.0,2.59,-5.72,-1.71,26.41,57.86,0.3333333333333333,ANF|BKE|CATO|GES|LB|PLCE|ROST|SMRT|TJX|URBN,ANF|BKE|CATO|LB|PLCE|ROST|SMRT|TJX|URBN
JJSF,10,9,-3.77,-13.28,4.03,0.0,-2.15,-8.44,-1.62,-4.84,3.18,0.1111111111111111,CAG|CPB|GIS|HSY|K|KHC|KO|MDLZ|PEP|SYY,CAG|CPB|GIS|HSY|KHC|KO|MDLZ|PEP|SYY
JKHY,9,9,-6.7,-13.01,15.83,0.0,-3.37,-11.27,-3.33,-1.7400000000000002,3.7799999999999994,0.2222222222222222,ADP|BR|EVTC|FIS|GPN|INTU|PAYX|SSNC|WU,ADP|BR|EVTC|FIS|GPN|INTU|PAYX|SSNC|WU
JKS,9,7,-7.43,-35.74,-41.41,0.5,-5.1,-9.9,-2.33,-25.840000000000003,-11.139999999999997,0.42857142857142855,ARRY|CSIQ|ENPH|FSLR|MAXN|NOVA|RUN|SEDG|SHLS,ARRY|CSIQ|ENPH|FSLR|RUN|SEDG|SHLS
JL,10,9,9.86,-1.47,-16.43,0.0,-0.4,-6.38,10.26,4.91,-10.01,1.0,ASH|AXTA|CC|FUL|IOSP|KOP|MTX|NEU|OLN|TSE,ASH|AXTA|CC|FUL|IOSP|KOP|MTX|NEU|OLN
JLHL,0,0,2.39,-14.94,-60.48,-0.89,,,,,,,,
JLL,10,9,-4.74,-16.31,8.1,0.0,-1.97,-13.12,-2.7700000000000005,-3.1899999999999995,12.67,0.1111111111111111,ARE|BXP|CBRE|CIGI|ESRT|HPP|HST|KW|SLG|VNO,ARE|BXP|CBRE|CIGI|ESRT|HPP|HST|SLG|VNO
JMIA,10,10,-2.39,1.31,11.04,0.0,-1.11,-9.11,-1.28,10.42,3.6599999999999984,0.2,AMZN|BABA|EBAY|ETSY|JD|MELI|PDD|SFIX|SHOP|W,AMZN|BABA|EBAY|ETSY|JD|MELI|PDD|SFIX|SHOP|W
JMSB,10,8,-1.26,-1.09,3.87,0.0,-2.335,-0.8200000000000001,1.075,-0.27,0.9900000000000002,0.75,BHB|FFBC|FFIC|FUNC|MGYR|NKSH|OPOF|PKBK|TMP|UVSP,BHB|FFBC|FUNC|MGYR|NKSH|PKBK|TMP|UVSP
JNJ,10,10,-0.43,-1.5,9.87,-0.04,-0.039999999999999994,-7.5,-0.39,6.0,-0.9400000000000013,0.4,ABT|AMGN|BMY|GSK|LLY|MDT|MRK|NVS|PFE|SYK,ABT|AMGN|BMY|GSK|LLY|MDT|MRK|NVS|PFE|SYK
JOB,10,8,0.78,-9.38,12.74,-1.45,-0.6,-8.385,1.38,-0.995000000000001,-4.834999999999999,0.75,ASGN|CTSH|DLX|HCSG|KFRC|MAN|RCM|RGP|RHI|TBI,CTSH|DLX|HCSG|KFRC|MAN|RGP|RHI|TBI
JOBY,10,10,-0.16,-14.4,-30.33,-1.12,0.425,-5.7,-0.585,-8.7,-26.04,0.5,ACHR|AVAV|BA|EH|EMBJ|EVEX|HXL|SPCE|SRTA|TDG,ACHR|AVAV|BA|EH|EMBJ|EVEX|HXL|SPCE|SRTA|TDG
JOE,10,9,2.49,-6.01,-1.45,0.0,-0.16,-8.58,2.6500000000000004,2.5700000000000003,15.29,1.0,BZH|DHI|HOV|KBH|LEN|MTH|NVR|PHM|TMHC|TOL,BZH|DHI|HOV|KBH|LEN|MTH|NVR|PHM|TOL
JOUT,10,9,-0.5,-6.06,-4.45,0.0,0.29,-14.65,-0.79,8.59,16.95,0.3333333333333333,BC|CWH|GOLF|MCFT|MTN|PII|THO|VSTO|WGO|YETI,BC|CWH|GOLF|MCFT|MTN|PII|THO|WGO|YETI
JOYY,10,10,2.06,9.41,21.95,0.0,1.255,-7.035,0.8050000000000002,16.445,20.994999999999997,0.7,BIDU|BILI|DOYU|HUYA|IQ|MOMO|NTES|PDD|TME|WB,BIDU|BILI|DOYU|HUYA|IQ|MOMO|NTES|PDD|TME|WB
JPM,10,9,-3.64,-5.64,0.44,-0.28,-2.89,-8.23,-0.75,2.5900000000000007,8.61,0.3333333333333333,BAC|BK|C|COF|GS|MS|PNC|TFC|USB|WFC,BAC|C|COF|GS|MS|PNC|TFC|USB|WFC
JRSH,10,9,2.67,2.49,24.41,0.0,-0.54,-5.76,3.21,8.25,41.09,0.8888888888888888,COLM|CRI|GES|KTB|LEVI|OXM|PVH|RL|TLYS|VFC,COLM|CRI|KTB|LEVI|OXM|PVH|RL|TLYS|VFC
JRVR,10,10,-6.99,-12.65,-13.7,0.0,-3.0300000000000002,-4.845000000000001,-3.96,-7.805,-11.009999999999998,0.1,AIG|ALL|CB|CINF|HIG|MKL|PGR|SIGI|TRV|WRB,AIG|ALL|CB|CINF|HIG|MKL|PGR|SIGI|TRV|WRB
JSPR,10,6,-10.61,-21.3,28.0,0.0,-1.5550000000000002,-18.53,-9.055,-2.7699999999999996,43.775,0.16666666666666666,ADAP|AFMD|BEAM|BLUE|CLLS|CRSP|EDIT|NTLA|RCKT|SGMO,BEAM|CLLS|CRSP|EDIT|NTLA|RCKT
JTAI,9,8,13.67,2.6,141.54,-2.47,1.505,-5.91,12.165,8.51,164.57999999999998,1.0,AAL|ALGT|ALK|DAL|JBLU|LUV|SAVE|SKYW|UAL,AAL|ALGT|ALK|DAL|JBLU|LUV|SKYW|UAL
JUNS,0,0,-5.57,-45.02,-83.98,-4.3,,,,,,,,
JVA,10,8,1.19,22.83,28.4,5.2,-1.565,-5.73,2.755,28.56,44.83,0.625,BCC|BRCC|BROS|FARM|JOE|LSF|MIDD|REYN|SBUX|THS,BCC|BRCC|BROS|JOE|LSF|MIDD|REYN|SBUX
JWEL,10,10,4.0,-4.88,-2.54,0.0,1.965,-7.289999999999999,2.035,2.4099999999999993,-9.9,0.9,BABA|BILI|EDU|JD|JOYY|NTES|PDD|QFIN|TAL|TME,BABA|BILI|EDU|JD|JOYY|NTES|PDD|QFIN|TAL|TME
JXG,10,10,-7.41,-1.25,-25.0,0.0,-7.0,-20.785,-0.41000000000000014,19.535,-19.8,0.5,ABNB|BKNG|EXPE|MMYT|SABR|TCOM|TME|TNL|TRIP|YELP,ABNB|BKNG|EXPE|MMYT|SABR|TCOM|TME|TNL|TRIP|YELP
JXN,10,10,-5.38,-1.96,21.38,0.0,-1.925,-1.42,-3.455,-0.54,16.299999999999997,0.1,AFL|AIG|BHF|CNO|LNC|MET|PRI|PRU|UNM|VOYA,AFL|AIG|BHF|CNO|LNC|MET|PRI|PRU|UNM|VOYA
JYD,10,10,14.57,13.16,14.14,0.0,-1.48,-4.5600000000000005,16.05,17.72,26.095,1.0,CHRW|EXPD|FDX|HTLD|LSTR|MATX|R|SAIA|UPS|XPO,CHRW|EXPD|FDX|HTLD|LSTR|MATX|R|SAIA|UPS|XPO
JYNT,9,9,0.0,-0.24,-8.47,1.08,2.69,-15.24,-2.69,15.0,-8.38,0.3333333333333333,BJRI|BLMN|CAKE|DIN|DRI|EAT|PTLO|TXRH|WING,BJRI|BLMN|CAKE|DIN|DRI|EAT|PTLO|TXRH|WING
JZ,10,8,-27.3,-76.15,-87.42,6.27,-0.52,0.5800000000000001,-26.78,-76.73,-103.15,0.0,ATGE|BEDU|CHGG|DAO|EDU|FEDU|LOPE|LRN|TAL|YQ,CHGG|DAO|EDU|FEDU|LOPE|LRN|TAL|YQ
JZXN,10,9,-4.35,-1.79,-9.84,0.0,-3.14,-4.15,-1.2099999999999995,2.3600000000000003,-9.97,0.3333333333333333,F|GM|HMC|LI|NIO|NKLA|STLA|TM|TSLA|XPEV,F|GM|HMC|LI|NIO|STLA|TM|TSLA|XPEV
KAI,10,10,3.38,-8.81,-14.25,-0.79,2.62,-4.91,0.7599999999999998,-3.9000000000000004,-8.58,0.5,AOS|BMI|DOV|ENS|IEX|ITT|LECO|MWA|NPO|XYL,AOS|BMI|DOV|ENS|IEX|ITT|LECO|MWA|NPO|XYL
KALA,9,7,7.36,-29.6,-81.33,0.0,-2.47,-16.16,9.83,-13.440000000000001,-78.6,1.0,ALDX|APLS|ARVN|CLSD|CRVS|EDIT|EYPT|NSPR|OCUL,ALDX|ARVN|CRVS|EDIT|EYPT|NSPR|OCUL
KALU,10,9,0.25,1.09,-14.45,-0.51,-4.15,-0.63,4.4,1.7200000000000002,-7.879999999999999,0.8888888888888888,AA|ATI|CENX|CMC|MT|NUE|RS|STLD|TX|X,AA|ATI|CENX|CMC|MT|NUE|RS|STLD|TX
KAPA,0,0,-2.95,1.11,-33.05,1.54,,,,,,,,
KARO,10,8,-4.93,-0.1,33.91,0.0,-0.85,-7.185,-4.08,7.085,41.4,0.125,BLNK|CALM|CMI|FLL|GOGO|HUBS|ISSC|NVEE|SPOK|TRMB,BLNK|CALM|CMI|FLL|GOGO|HUBS|SPOK|TRMB
KB,10,10,-3.44,3.82,25.37,-0.02,-4.175,-1.96,0.7349999999999999,5.779999999999999,20.01,0.7,BCS|C|DB|HSBC|LYG|MFG|SAN|SHG|SMFG|WF,BCS|C|DB|HSBC|LYG|MFG|SAN|SHG|SMFG|WF
KBDC,10,10,0.23,-2.75,-3.68,0.0,-1.51,-3.91,1.74,1.1600000000000001,-10.18,0.8,ARCC|CGBD|FSK|GSBD|HTGC|MAIN|NMFC|PFLT|TCBX|TCPC,ARCC|CGBD|FSK|GSBD|HTGC|MAIN|NMFC|PFLT|TCBX|TCPC
KBH,10,9,-3.12,-15.26,-23.35,0.0,-0.16,-8.58,-2.96,-6.68,-6.610000000000003,0.0,BZH|DHI|HOV|LEN|LGIH|MTH|NVR|PHM|TMHC|TOL,BZH|DHI|HOV|LEN|LGIH|MTH|NVR|PHM|TOL
KBR,10,10,-2.78,-5.33,10.64,0.96,-2.185,-2.9699999999999998,-0.5949999999999998,-2.3600000000000003,22.36,0.4,ACM|EME|FLR|GVA|J|MTZ|PRIM|PWR|STN|TTEK,ACM|EME|FLR|GVA|J|MTZ|PRIM|PWR|STN|TTEK
KBSX,0,0,24.55,28.04,60.65,-0.36,,,,,,,,
KC,10,10,3.41,-7.71,11.24,0.21,-2.63,-3.55,6.04,-4.16,7.865,1.0,AMZN|BABA|CSCO|FDX|GOOGL|IBM|MSFT|NTNX|ORCL|SAP,AMZN|BABA|CSCO|FDX|GOOGL|IBM|MSFT|NTNX|ORCL|SAP
KCHV,0,0,0.1,0.19,0.77,0.0,,,,,,,,
KD,10,10,-6.56,-7.07,12.14,-0.08,-3.705,-2.015,-2.8549999999999995,-5.055,-3.4450000000000003,0.0,ACN|CSCO|CTSH|DXC|HPE|IBM|INFY|NTNX|ORCL|WIT,ACN|CSCO|CTSH|DXC|HPE|IBM|INFY|NTNX|ORCL|WIT
KDK,0,0,-21.15,-24.31,-41.25,1.68,,,,,,,,
KDP,8,7,1.18,-0.13,-2.21,0.13,-1.2,-7.32,2.38,7.19,-3.16,0.8571428571428571,COKE|FIZZ|KO|MNST|MZTI|PEP|PRMW|VFF,COKE|FIZZ|KO|MNST|MZTI|PEP|VFF
KE,10,10,7.27,14.25,10.15,-0.96,6.305,7.245,0.9649999999999999,7.005,21.119999999999997,0.6,APH|AVT|CLS|FLEX|JBL|MEI|PLXS|SANM|TEL|TTMI,APH|AVT|CLS|FLEX|JBL|MEI|PLXS|SANM|TEL|TTMI
KELYA,10,9,0.92,-2.03,41.44,0.0,-3.51,-10.83,4.43,8.8,17.24,0.8888888888888888,ADP|DLHC|HQI|HSII|KFY|MAN|NSP|PAYX|RHI|TBI,ADP|DLHC|HQI|KFY|MAN|NSP|PAYX|RHI|TBI
KEN,10,10,-2.6,-3.2,-3.11,-1.63,-4.05,-6.425000000000001,1.4499999999999997,3.2250000000000005,8.855,0.7,AEP|AES|D|DD|DUK|ED|EXC|NEE|NRG|XEL,AEP|AES|D|DD|DUK|ED|EXC|NEE|NRG|XEL
KEP,10,10,-3.18,-7.12,-12.04,0.64,-4.05,-7.745,0.8699999999999997,0.625,0.21499999999999986,0.8,AEP|D|DUK|ED|ES|EXC|NEE|PPL|SO|XEL,AEP|D|DUK|ED|ES|EXC|NEE|PPL|SO|XEL
KEQU,10,9,-4.28,-8.64,0.09,0.0,-0.73,-6.99,-3.5500000000000003,-1.6500000000000004,5.57,0.2222222222222222,CVCO|GFF|MATW|MLKN|NPO|OSK|PDCO|SNA|STE|WAB,CVCO|GFF|MATW|MLKN|NPO|OSK|SNA|STE|WAB
KEX,10,10,-6.03,-5.52,-6.14,0.0,-5.835,1.7,-0.19500000000000028,-7.22,-24.895000000000003,0.4,ASC|CMRE|DSX|INSW|MATX|NMM|SB|SFL|STNG|TNK,ASC|CMRE|DSX|INSW|MATX|NMM|SB|SFL|STNG|TNK
KEY,10,9,-3.44,-7.58,-13.58,-0.05,-3.09,-8.23,-0.3500000000000001,0.6500000000000004,-4.92,0.3333333333333333,CFG|CMA|FITB|HBAN|MTB|PNC|RF|STI|USB|ZION,CFG|FITB|HBAN|MTB|PNC|RF|STI|USB|ZION
KEYS,6,6,4.99,8.7,-3.35,-1.52,7.135,0.9850000000000001,-2.1449999999999996,7.714999999999999,21.604999999999997,0.0,A|AMAT|COHU|KLAC|MKSI|TER,A|AMAT|COHU|KLAC|MKSI|TER
KFFB,10,10,-2.62,-0.27,15.29,0.0,-2.6799999999999997,-2.31,0.05999999999999961,2.04,14.719999999999999,0.5,BMRC|CAC|CCNE|CFFI|FFIN|FULT|PFBC|SFST|SYBT|THFF,BMRC|CAC|CCNE|CFFI|FFIN|FULT|PFBC|SFST|SYBT|THFF
KFII,0,0,0.09,0.19,1.14,0.0,,,,,,,,
KFRC,10,8,-0.23,-9.74,10.95,0.0,0.76,-4.484999999999999,-0.99,-5.255000000000001,-20.645,0.375,ABM|ASGN|BBSI|DLX|HSII|IT|KELYA|MAN|RHI|TBI,ABM|BBSI|DLX|IT|KELYA|MAN|RHI|TBI
KFY,10,6,-4.48,-12.71,4.71,0.0,-0.12,-7.605,-4.36,-5.105,-21.479999999999997,0.16666666666666666,ASGN|HEI|HSII|MAN|MD|NSP|RCM|RHI|TBI|THR,HEI|MAN|MD|NSP|RHI|TBI
KG,10,10,-11.84,-33.82,-52.3,0.0,-2.935,-5.5600000000000005,-8.905,-28.259999999999998,-52.3,0.0,ACGL|AIG|ALL|HIG|KMPR|L|PGR|RGA|RNR|TRV,ACGL|AIG|ALL|HIG|KMPR|L|PGR|RGA|RNR|TRV
KGC,10,9,-4.7,-18.91,12.94,-1.7,-3.91,-13.65,-0.79,-5.26,-10.31,0.2222222222222222,AEM|AGI|AU|B|BVN|GFI|HMY|IAG|NEM|SAND,AEM|AGI|AU|B|BVN|GFI|HMY|IAG|NEM
KGEI,10,8,-5.55,8.19,41.58,0.0,-1.78,0.5349999999999999,-3.7699999999999996,7.654999999999999,25.314999999999998,0.0,APA|COP|CVX|DVN|EOG|FANG|HES|MRO|OXY|XOM,APA|COP|CVX|DVN|EOG|FANG|OXY|XOM
KGS,10,10,-8.75,-9.94,-24.56,0.0,-1.91,-3.075,-6.84,-6.864999999999999,-28.189999999999998,0.0,BKR|HAL|LBRT|NBR|NOV|OIS|PDS|PTEN|RES|SLB,BKR|HAL|LBRT|NBR|NOV|OIS|PDS|PTEN|RES|SLB
KHC,10,9,-3.52,-5.77,1.66,0.29,-0.95,-8.07,-2.5700000000000003,2.3000000000000007,0.8099999999999999,0.1111111111111111,CAG|CPB|GIS|HSY|K|KDP|KO|MDLZ|PEP|SJM,CAG|CPB|GIS|HSY|KDP|KO|MDLZ|PEP|SJM
KIDS,10,9,-3.54,-10.93,16.67,0.0,-2.3,-6.95,-1.2400000000000002,-3.9799999999999995,7.670000000000002,0.3333333333333333,ATEC|BAX|BVS|GMED|HOLX|IART|JNJ|MDT|SYK|ZBH,ATEC|BAX|BVS|GMED|IART|JNJ|MDT|SYK|ZBH
KIDZ,0,0,-13.87,-43.67,-78.48,-5.15,,,,,,,,
KIM,7,5,-1.68,-8.3,-12.63,0.0,-1.11,-5.97,-0.5699999999999998,-2.330000000000001,-0.13000000000000078,0.2,AKR|BRX|FRT|KRG|REG|ROIC|WSR,AKR|BRX|FRT|KRG|REG
KINS,10,10,1.62,1.77,18.84,9.11,-3.0300000000000002,-4.25,4.65,6.02,21.23,1.0,AFG|ALL|HIG|MKL|NJR|RLI|SIGI|THG|TRV|WRB,AFG|ALL|HIG|MKL|NJR|RLI|SIGI|THG|TRV|WRB
KITT,10,10,-16.4,-37.17,-52.63,-0.48,-2.165,-7.040000000000001,-14.235,-30.130000000000003,-55.515,0.0,AVAV|BA|HEI|KTOS|LDOS|LHX|LMT|NOC|RTX|TDY,AVAV|BA|HEI|KTOS|LDOS|LHX|LMT|NOC|RTX|TDY
KKR,7,7,-1.52,-10.11,4.37,-0.52,-1.75,-14.13,0.22999999999999998,4.020000000000001,0.3600000000000003,0.5714285714285714,APO|ARES|BX|BXMT|CG|MAIN|TPG,APO|ARES|BX|BXMT|CG|MAIN|TPG
KLAC,9,9,7.42,-1.0,-29.86,-3.38,6.85,-1.88,0.5700000000000003,0.8799999999999999,-9.809999999999999,0.5555555555555556,AEHR|AMAT|ASML|COHU|LRCX|MKSI|NVDA|TER|UCTT,AEHR|AMAT|ASML|COHU|LRCX|MKSI|NVDA|TER|UCTT
KLAR,0,0,-7.53,-9.67,-32.62,-0.39,,,,,,,,
KLC,0,0,-5.98,-15.71,-47.37,0.0,,,,,,,,
KLIC,10,10,8.64,5.29,-32.31,-2.04,4.08,-2.25,4.5600000000000005,7.54,-5.330000000000002,0.9,AEHR|AMKR|ASML|COHR|ICHR|IPGP|LRCX|MKSI|ONTO|TER,AEHR|AMKR|ASML|COHR|ICHR|IPGP|LRCX|MKSI|ONTO|TER
KLRS,0,0,-1.89,-23.9,-29.09,0.0,,,,,,,,
KLTR,10,9,-6.01,-18.4,-1.48,0.0,0.08,-3.07,-6.09,-15.329999999999998,-2.7800000000000002,0.0,AKAM|CSCO|DOYU|EA|GOOGL|HUYA|MSFT|NFLX|TTWO|ZM,AKAM|CSCO|DOYU|GOOGL|HUYA|MSFT|NFLX|TTWO|ZM
KLXE,10,10,-1.34,-1.48,-30.29,0.0,-1.665,-2.6950000000000003,0.32499999999999996,1.2150000000000003,-35.1,0.7,BKR|FTI|HAL|LBRT|NOV|OIS|PUMP|RES|SLB|WHD,BKR|FTI|HAL|LBRT|NOV|OIS|PUMP|RES|SLB|WHD
KMB,9,9,0.04,-11.52,-9.13,0.54,-0.43,-5.89,0.47,-5.63,-6.940000000000001,0.6666666666666666,CHD|CL|CLX|HSY|JNJ|KHC|PEP|PG|UL,CHD|CL|CLX|HSY|JNJ|KHC|PEP|PG|UL
KMDA,10,9,7.08,4.03,22.92,0.0,-1.38,-4.41,8.46,8.440000000000001,36.25,0.8888888888888888,AKTX|ALNY|APVO|BCRX|BMRN|CERS|CTMX|ITOS|NVAX|XTLB,AKTX|ALNY|APVO|BCRX|BMRN|CERS|CTMX|NVAX|XTLB
KMI,8,8,1.72,2.94,-3.51,1.53,-1.9100000000000001,-1.955,3.63,4.895,-5.324999999999999,1.0,AM|ENB|EPD|ET|OKE|PAA|TRGP|WMB,AM|ENB|EPD|ET|OKE|PAA|TRGP|WMB
KMPR,10,10,-5.66,-6.54,-0.88,0.0,-4.355,-6.18,-1.3049999999999997,-0.3600000000000003,1.8100000000000005,0.2,AIG|ALL|CINF|HIG|MCY|PGR|SIGI|THG|TRV|WRB,AIG|ALL|CINF|HIG|MCY|PGR|SIGI|THG|TRV|WRB
KMRK,0,0,0.21,-20.0,-7.57,0.0,,,,,,,,
KMT,10,10,0.81,2.18,-13.09,0.0,2.715,-4.005,-1.9049999999999998,6.1850000000000005,-14.54,0.1,ALLE|AME|IR|ITW|MMM|MSA|PNR|SWK|WTS|XYL,ALLE|AME|IR|ITW|MMM|MSA|PNR|SWK|WTS|XYL
KMTS,0,0,5.94,-5.2,15.53,0.0,,,,,,,,
KMX,10,10,-1.3,-10.28,8.92,0.28,-4.135,-7.234999999999999,2.835,-3.045,13.065,0.9,ABG|AN|F|GM|GPI|HOG|LAD|PAG|SAH|TSLA,ABG|AN|F|GM|GPI|HOG|LAD|PAG|SAH|TSLA
KN,10,10,2.34,7.79,-11.11,-1.28,3.215,1.435,-0.875,6.355,0.16500000000000092,0.5,ADI|AKTS|AVGO|MCHP|MPWR|NXPI|ON|QRVO|SWKS|TXN,ADI|AKTS|AVGO|MCHP|MPWR|NXPI|ON|QRVO|SWKS|TXN
KNDI,10,8,-5.28,-14.66,-10.81,0.0,-0.41500000000000004,-4.4399999999999995,-4.865,-10.22,-0.41000000000000014,0.0,ALV|BIDU|GOEV|HYLN|LI|NIO|SBLX|TSLA|WKHS|XPEV,ALV|BIDU|HYLN|LI|NIO|TSLA|WKHS|XPEV
KNF,10,8,-4.11,-20.59,-43.76,1.59,-1.115,-11.385,-2.995,-9.205,-22.779999999999998,0.125,BECN|CRH|CX|EXP|HEI|MLM|OC|SUM|TTEK|VMC,CRH|CX|EXP|HEI|MLM|OC|TTEK|VMC
KNOP,10,10,-2.79,0.94,6.1,0.0,-6.48,5.0,3.6900000000000004,-4.0600000000000005,-14.959999999999999,1.0,ASC|DHT|FRO|INSW|MATX|NAT|NVGS|SB|STNG|TNK,ASC|DHT|FRO|INSW|MATX|NAT|NVGS|SB|STNG|TNK
KNRX,0,0,-1.33,-27.15,-25.71,0.0,,,,,,,,
KNSA,10,9,-1.98,-4.16,28.67,0.0,-0.09,-2.61,-1.89,-1.5500000000000003,15.180000000000001,0.2222222222222222,AMGN|BIIB|BMRN|EXEL|GILD|INCY|NBIX|REGN|SAGE|VRTX,AMGN|BIIB|BMRN|EXEL|GILD|INCY|NBIX|REGN|VRTX
KNSL,10,9,-5.92,-14.19,9.34,0.0,-2.56,-5.37,-3.36,-8.82,11.71,0.2222222222222222,ACGL|ALL|AWH|CINF|MKL|RLI|SAFT|SIGI|TRV|WRB,ACGL|ALL|CINF|MKL|RLI|SAFT|SIGI|TRV|WRB
KNTK,10,9,-1.23,-2.23,10.41,0.19,-1.65,-2.08,0.41999999999999993,-0.1499999999999999,13.92,0.6666666666666666,AM|ENB|ENLC|EPD|ET|KMI|OKE|PAA|TRP|WMB,AM|ENB|EPD|ET|KMI|OKE|PAA|TRP|WMB
KNX,10,10,0.75,-1.94,-12.85,0.0,-1.1,-6.91,1.85,4.970000000000001,2.945000000000002,0.7,ARCB|CHRW|EXPD|HTLD|JBHT|LSTR|ODFL|SNDR|WERN|XPO,ARCB|CHRW|EXPD|HTLD|JBHT|LSTR|ODFL|SNDR|WERN|XPO
KO,10,10,0.4,-3.52,9.94,0.36,-1.825,-9.075,2.225,5.555,14.174999999999999,0.8,CCEP|CELH|COKE|FIZZ|KDP|MNST|PEP|SAM|STZ|TAP,CCEP|CELH|COKE|FIZZ|KDP|MNST|PEP|SAM|STZ|TAP
KOD,10,9,-3.53,-19.69,-7.04,0.54,0.13,-0.16,-3.6599999999999997,-19.53,-14.71,0.2222222222222222,ALNY|BIIB|BLUE|CRSP|GILD|IONS|NBIX|NVAX|REGN|VRTX,ALNY|BIIB|CRSP|GILD|IONS|NBIX|NVAX|REGN|VRTX
KODK,10,10,2.55,-0.21,2.88,0.0,-2.935,7.65,5.484999999999999,-7.86,-9.739999999999998,0.9,AAPL|ADBE|DELL|GOOGL|HPQ|IBM|INTC|MSFT|NTGR|XRX,AAPL|ADBE|DELL|GOOGL|HPQ|IBM|INTC|MSFT|NTGR|XRX
KOF,10,9,-2.84,-6.49,3.13,-1.14,-2.15,-7.86,-0.69,1.37,5.34,0.3333333333333333,CELH|COKE|FIZZ|KDP|KO|MNST|PEP|PRMW|SBUX|ZVIA,CELH|COKE|FIZZ|KDP|KO|MNST|PEP|SBUX|ZVIA
KOP,10,10,-0.98,0.94,5.42,0.0,0.63,-6.43,-1.6099999999999999,7.369999999999999,13.024999999999999,0.0,AXTA|CC|FUL|HBM|IFF|LPX|NGVT|RPM|SCL|TREX,AXTA|CC|FUL|HBM|IFF|LPX|NGVT|RPM|SCL|TREX
KOPN,10,10,-1.06,-3.11,23.48,-3.9,0.445,-6.605,-1.5050000000000001,3.4950000000000006,40.18,0.1,AME|HIMX|INVZ|LGVN|LPL|MVIS|NBIX|OLED|TDG|VUZI,AME|HIMX|INVZ|LGVN|LPL|MVIS|NBIX|OLED|TDG|VUZI
KOS,10,9,-4.93,-1.1,23.85,1.89,-1.84,1.43,-3.09,-2.5300000000000002,5.400000000000002,0.2222222222222222,APA|COP|CVX|DVN|EOG|HES|MPC|MUR|OXY|XOM,APA|COP|CVX|DVN|EOG|MPC|MUR|OXY|XOM
KOSS,10,9,13.03,15.65,1.01,1.01,1.51,5.26,11.52,10.39,-17.88,1.0,BB|FTNT|GPRO|JNPR|LOGI|PANW|SNAP|SONY|TBCH|UEIC,BB|FTNT|GPRO|LOGI|PANW|SNAP|SONY|TBCH|UEIC
KOYN,0,0,-0.05,-0.0,0.94,0.0,,,,,,,,
KPLT,10,9,-23.66,22.94,8.4,0.0,-4.11,-13.39,-19.55,36.33,21.08,0.0,AFRM|ENVA|LC|OPRT|QFIN|QNST|RM|UPST|WRLD|XYF,AFRM|ENVA|OPRT|QFIN|QNST|RM|UPST|WRLD|XYF
KPRX,10,9,0.77,-4.73,1.16,0.0,-1.38,-8.09,2.15,3.3599999999999994,-1.3,0.6666666666666666,ALDX|ARWR|CLSD|EYPT|IRD|OCUL|PRQR|PULM|RGEN|VSTM,ALDX|ARWR|EYPT|IRD|OCUL|PRQR|PULM|RGEN|VSTM
KPTI,10,10,-1.68,-8.33,-81.4,0.57,0.16999999999999998,-3.625,-1.8499999999999999,-4.705,-95.715,0.1,AMGN|BIIB|BMY|GILD|JNJ|LLY|MRK|PFE|REGN|VRTX,AMGN|BIIB|BMY|GILD|JNJ|LLY|MRK|PFE|REGN|VRTX
KR,10,10,-4.36,-0.6,0.57,0.8,-2.395,-4.63,-1.9650000000000003,4.03,6.57,0.1,ACI|BJ|CASS|COST|IMKTA|NGVC|SFM|SMPL|TGT|WMT,ACI|BJ|CASS|COST|IMKTA|NGVC|SFM|SMPL|TGT|WMT
KRC,10,9,-1.1,-7.7,-7.8,0.0,-2.64,-13.12,1.54,5.419999999999999,-3.2299999999999995,0.7777777777777778,ARE|BMR|BXP|DEI|EQC|ESRT|HIW|HPP|SLG|VNO,ARE|BMR|BXP|DEI|ESRT|HIW|HPP|SLG|VNO
KREF,10,10,-13.18,-19.31,-13.92,0.0,-2.575,-9.285,-10.605,-10.024999999999999,0.9949999999999992,0.0,ARI|BXMT|CIM|GPMT|LADR|NLY|PMT|RC|STWD|TRTX,ARI|BXMT|CIM|GPMT|LADR|NLY|PMT|RC|STWD|TRTX
KRG,10,8,-4.25,-8.02,-16.17,-1.5,-1.23,-7.265,-3.02,-0.7549999999999999,-4.710000000000001,0.0,AKR|BRX|CUBE|EQR|FRT|KIM|REG|ROIC|SPG|UE,AKR|BRX|CUBE|FRT|KIM|REG|SPG|UE
KRKR,10,10,-1.66,0.65,5.98,0.0,-1.1,-16.674999999999997,-0.5599999999999998,17.324999999999996,31.79,0.3,CAN|FINV|HTT|HUYA|JFIN|LX|QFIN|SOS|TME|YRD,CAN|FINV|HTT|HUYA|JFIN|LX|QFIN|SOS|TME|YRD
KRMD,10,9,2.19,1.55,-21.96,0.0,0.63,-10.42,1.56,11.97,-22.64,1.0,ABT|BAX|BDX|BSX|CAH|HOLX|STE|SYK|TMO|ZBH,ABT|BAX|BDX|BSX|CAH|STE|SYK|TMO|ZBH
KRMN,0,0,-5.39,-32.21,-27.92,0.91,,,,,,,,
KRNT,10,9,-0.65,-7.92,-4.89,0.0,-0.95,7.96,0.29999999999999993,-15.879999999999999,-21.68,0.5555555555555556,DBD|DDD|FARO|HPQ|MTLS|PRLB|QUAD|SSRM|SSYS|XRX,DBD|DDD|HPQ|MTLS|PRLB|QUAD|SSRM|SSYS|XRX
KRNY,10,9,-3.21,-4.89,5.06,0.0,-3.3,-3.44,0.08999999999999986,-1.4499999999999997,13.23,0.5555555555555556,BCML|CNOB|CUBI|EBMT|FSBC|MPB|OCFC|PCB|PWOD|SMBK,BCML|CNOB|CUBI|EBMT|FSBC|MPB|OCFC|PCB|SMBK
KRO,10,10,2.55,-5.39,27.15,0.0,0.925,-6.029999999999999,1.6249999999999998,0.6399999999999997,30.265,0.9,ALB|APD|ASH|CC|DOW|ECL|EMN|IFF|PPG|SHW,ALB|APD|ASH|CC|DOW|ECL|EMN|IFF|PPG|SHW
KROS,10,9,2.55,-0.26,11.91,0.17,-1.37,-14.14,3.92,13.88,28.0,1.0,ALNY|ARWR|BLUE|IONS|MCRB|PBYI|RGNX|SRPT|TVRD|VRTX,ALNY|ARWR|IONS|MCRB|PBYI|RGNX|SRPT|TVRD|VRTX
KRP,10,8,-1.37,-6.79,-1.5,0.0,-1.78,0.5349999999999999,0.4099999999999999,-7.325,-17.765,0.625,APA|COP|CVX|DVN|EOG|FANG|HES|MRO|OXY|XOM,APA|COP|CVX|DVN|EOG|FANG|OXY|XOM
KRRO,10,9,-28.92,-24.79,-28.61,0.0,-2.29,-15.23,-26.630000000000003,-9.559999999999999,-11.71,0.0,ARVN|BEAM|CRBU|CRSP|EDIT|FDMT|NTLA|RGNX|SGMO|VYGR,ARVN|BEAM|CRBU|CRSP|EDIT|FDMT|NTLA|RGNX|VYGR
KRSP,0,0,0.76,-0.09,1.15,0.0,,,,,,,,
KRT,10,9,6.96,9.34,73.03,0.0,-0.33,-8.49,7.29,17.83,72.86,1.0,ATR|CCK|FFIN|GPK|MYE|OI|PKG|SEE|SON|SSRM,ATR|CCK|FFIN|GPK|MYE|OI|PKG|SON|SSRM
KRUS,10,10,5.14,-25.03,-29.33,0.0,-0.375,-17.615000000000002,5.515,-7.414999999999999,-23.18,0.7,BROS|CAKE|CMG|DPZ|PLAY|PZZA|RRGB|SHAK|TXRH|WING,BROS|CAKE|CMG|DPZ|PLAY|PZZA|RRGB|SHAK|TXRH|WING
KRYS,10,10,4.54,-0.58,-1.61,3.62,-1.96,-4.445,6.5,3.865,-12.61,0.7,AMGN|AXSM|BIIB|BMRN|INCY|NBIX|QURE|REGN|SRPT|VRTX,AMGN|AXSM|BIIB|BMRN|INCY|NBIX|QURE|REGN|SRPT|VRTX
KSCP,10,10,-15.68,-28.61,-49.58,0.0,-1.095,-5.609999999999999,-14.584999999999999,-23.0,-50.754999999999995,0.0,ADT|ALLE|AOS|AVT|AXON|BAH|CSCO|HPE|LECO|TXT,ADT|ALLE|AOS|AVT|AXON|BAH|CSCO|HPE|LECO|TXT
KSPI,10,10,-4.03,-14.02,7.66,-0.38,0.025000000000000022,-10.215,-4.055000000000001,-3.8049999999999997,-4.695,0.0,AAPL|AMZN|BABA|JD|MELI|PDD|PYPL|SE|SHOP|XYZ,AAPL|AMZN|BABA|JD|MELI|PDD|PYPL|SE|SHOP|XYZ
KSS,9,7,3.41,-2.32,-9.53,1.35,1.96,-1.62,1.4500000000000002,-0.6999999999999997,-12.989999999999998,0.7142857142857143,ANF|BURL|DDS|FL|JWN|M|ROST|TJX|URBN,ANF|BURL|DDS|M|ROST|TJX|URBN
KT,9,7,0.0,2.64,9.21,0.0,-0.21,-7.23,0.21,9.870000000000001,11.830000000000002,0.5714285714285714,AMX|ATUS|PHI|SKM|TDS|TEF|TMUS|VEON|VOD,AMX|PHI|SKM|TDS|TMUS|VEON|VOD
KTB,10,9,-3.92,-21.07,-15.78,0.0,0.91,-5.76,-4.83,-15.31,2.4300000000000015,0.1111111111111111,COLM|CRI|GES|GOOS|LEVI|MOV|OXM|PVH|RL|VFC,COLM|CRI|GOOS|LEVI|MOV|OXM|PVH|RL|VFC
KTCC,10,9,-5.08,-40.43,-41.21,0.0,5.76,7.96,-10.84,-48.39,-29.76,0.1111111111111111,AMD|CSCO|FLEX|HPQ|JNPR|LPTH|PLXS|PXLW|SANM|TTMI,AMD|CSCO|FLEX|HPQ|LPTH|PLXS|PXLW|SANM|TTMI
KTOS,10,10,-3.99,-13.07,-1.21,-0.87,-2.5700000000000003,-6.96,-1.42,-6.11,4.29,0.2,BA|BWXT|GD|HEI|HII|LHX|LMT|NOC|RTX|TXT,BA|BWXT|GD|HEI|HII|LHX|LMT|NOC|RTX|TXT
KTTA,9,9,4.63,1.52,-7.77,0.0,-5.405,-10.11,10.035,11.629999999999999,-8.65,1.0,ATAI|CMPS|DFTX|GHRS|HELP|PALI|RLMD|SLS|WKSP,ATAI|CMPS|DFTX|GHRS|HELP|PALI|RLMD|SLS|WKSP
KULR,10,10,3.31,-8.47,-33.43,3.31,-2.6550000000000002,-6.300000000000001,5.965,-2.17,-10.945,0.8,ALNT|AMPX|BLDP|CHPT|ENPH|FCEL|KOPN|MRAM|PLUG|QS,ALNT|AMPX|BLDP|CHPT|ENPH|FCEL|KOPN|MRAM|PLUG|QS
KURA,8,6,-6.66,-19.5,5.6,-0.91,-0.25,1.795,-6.41,-21.295,-0.28500000000000014,0.0,ADAP|AGIO|BLUE|EXEL|FATE|IOVA|KPTI|KYNB,AGIO|EXEL|FATE|IOVA|KPTI|KYNB
KUST,10,10,-1.64,-33.74,-58.04,-8.4,-0.405,-1.17,-1.2349999999999999,-32.57,-58.365,0.3,AAPL|AXON|CRNT|CSCO|GOOGL|KOPN|LOGI|MSFT|REKR|VUZI,AAPL|AXON|CRNT|CSCO|GOOGL|KOPN|LOGI|MSFT|REKR|VUZI
KVHI,10,9,1.56,-4.41,-23.01,0.0,0.61,0.43,0.9500000000000001,-4.84,-21.05,0.6666666666666666,CMTL|GILT|GSAT|INSG|IRDM|RELL|SATS|SPIR|VRSN|VSAT,CMTL|GILT|GSAT|INSG|IRDM|RELL|SPIR|VRSN|VSAT
KVUE,9,9,-0.73,-8.23,-6.43,0.4,0.01,-5.89,-0.74,-2.3400000000000007,-6.34,0.2222222222222222,CHD|CL|EL|JNJ|KMB|PG|REYN|UL|ULTA,CHD|CL|EL|JNJ|KMB|PG|REYN|UL|ULTA
KVYO,10,10,3.25,-6.9,16.79,-2.35,-0.87,5.01,4.12,-11.91,-35.965,0.9,ADBE|CRM|HUBS|MNDY|NOW|PD|TEAM|TWLO|WDAY|ZM,ADBE|CRM|HUBS|MNDY|NOW|PD|TEAM|TWLO|WDAY|ZM
KWR,10,10,2.09,-3.48,1.54,0.09,0.13,-5.8,1.96,2.32,3.205,0.9,ASH|CE|CLB|DOW|ECL|FUL|LYB|PPG|RPM|SHW,ASH|CE|CLB|DOW|ECL|FUL|LYB|PPG|RPM|SHW
KXIN,10,9,-12.0,-72.0,-63.51,-3.75,-4.76,-15.81,-7.24,-56.19,-59.69,0.2222222222222222,ABG|AN|CARG|CVNA|GPI|KMX|LAD|SAH|TRUE|VRM,ABG|AN|CARG|CVNA|GPI|KMX|LAD|SAH|VRM
KYIV,0,0,0.08,-4.25,-11.28,2.07,,,,,,,,
KYMR,9,7,-0.74,-4.61,15.62,0.0,-0.98,-9.26,0.24,4.6499999999999995,29.27,0.5714285714285714,ARDX|CRNC|KPTI|MREO|NRIX|ONCT|QURE|RVNC|SRRK,ARDX|CRNC|KPTI|MREO|NRIX|QURE|SRRK
KYNB,10,10,-4.73,-9.15,4.47,0.0,-1.99,-5.44,-2.74,-3.71,1.0049999999999994,0.2,ALNY|ARGX|BMRN|EXEL|IONS|MDGL|NBIX|PRTA|REGN|VRTX,ALNY|ARGX|BMRN|EXEL|IONS|MDGL|NBIX|PRTA|REGN|VRTX
KYTX,10,10,2.46,-14.2,-17.98,0.0,0.99,-1.4849999999999999,1.47,-12.715,-35.015,0.6,AMGN|BMRN|BMY|GILD|JNJ|MRNA|NVAX|PFE|REGN|VRTX,AMGN|BMRN|BMY|GILD|JNJ|MRNA|NVAX|PFE|REGN|VRTX
KZIA,8,7,-5.88,-27.27,-34.38,0.0,-3.3,-1.03,-2.58,-26.24,-41.68,0.2857142857142857,AUPH|EXEL|FATE|JAZZ|NBIX|ONCT|SRPT|XNCR,AUPH|EXEL|FATE|JAZZ|NBIX|SRPT|XNCR
L,10,10,-3.45,-5.75,-6.15,0.0,-3.965,-4.305,0.5149999999999997,-1.4450000000000003,-3.875,0.5,AFL|AIG|ALL|CINF|HIG|LNC|MET|PGR|PRI|TRV,AFL|AIG|ALL|CINF|HIG|LNC|MET|PGR|PRI|TRV
LAB,10,10,4.64,14.15,-1.46,0.0,1.5150000000000001,2.6550000000000002,3.1249999999999996,11.495000000000001,-24.05,0.8,A|BIO|DHR|DNA|ILMN|PACB|QGEN|TECH|TMO|TWST,A|BIO|DHR|DNA|ILMN|PACB|QGEN|TECH|TMO|TWST
LAC,4,3,-0.71,-11.71,-25.47,-1.05,-4.15,-17.2,3.4400000000000004,5.489999999999998,-7.869999999999997,0.6666666666666666,ALB|PLL|SGML|SQM,ALB|SGML|SQM
LAD,10,9,-4.76,-17.62,3.25,-0.21,-3.51,-15.81,-1.25,-1.8100000000000005,13.86,0.4444444444444444,ABG|AN|CARG|CRMT|CVNA|GPI|KMX|PAG|SAH|TRUE,ABG|AN|CARG|CRMT|CVNA|GPI|KMX|PAG|SAH
LADR,10,10,-4.73,-9.48,-11.34,0.0,-2.745,-10.629999999999999,-1.9850000000000003,1.1499999999999986,3.8900000000000006,0.4,ABR|ACRE|ARI|BXMT|BXSL|GPMT|KREF|PMT|STWD|TRTX,ABR|ACRE|ARI|BXMT|BXSL|GPMT|KREF|PMT|STWD|TRTX
LAES,10,10,-1.3,-10.63,-28.39,-1.3,7.76,2.635,-9.06,-13.265,-2.9400000000000013,0.0,AAOI|AEHR|AOSL|ICHR|IMOS|MPWR|PENG|PXLW|UCTT|WOLF,AAOI|AEHR|AOSL|ICHR|IMOS|MPWR|PENG|PXLW|UCTT|WOLF
LAFA,0,0,0.2,0.3,0.69,0.0,,,,,,,,
LAKE,10,9,-2.02,-10.37,-7.02,0.0,2.99,-3.21,-5.01,-7.159999999999999,-8.01,0.1111111111111111,ANSS|CR|CW|DHR|FLS|HON|MMM|MSA|TDY|XYL,CR|CW|DHR|FLS|HON|MMM|MSA|TDY|XYL
LAMR,10,10,-2.24,-5.54,-6.19,0.0,-1.62,-6.140000000000001,-0.6200000000000001,0.6000000000000005,-4.445,0.3,CBSH|CCO|CMCSA|DIS|FOXA|GOOGL|MMT|NCMI|OUT|T,CBSH|CCO|CMCSA|DIS|FOXA|GOOGL|MMT|NCMI|OUT|T
LAND,10,10,1.65,7.93,10.81,0.0,-0.075,-7.615,1.7249999999999999,15.545,20.095,1.0,ADC|EPRT|FPI|LXP|NNN|O|PINE|REXR|TRNO|WPC,ADC|EPRT|FPI|LXP|NNN|O|PINE|REXR|TRNO|WPC
LANV,9,9,-2.83,-5.5,-31.33,0.0,2.59,-5.76,-5.42,0.2599999999999998,-19.349999999999998,0.1111111111111111,CAL|COLM|CPRI|EL|LEVI|PVH|RL|TPR|VNCE,CAL|COLM|CPRI|EL|LEVI|PVH|RL|TPR|VNCE
LAR,10,9,-1.04,-15.03,-28.98,-1.21,-1.9,-16.52,0.8599999999999999,1.4900000000000002,-16.07,0.5555555555555556,ALB|AMR|FMC|LAC|MP|PLL|SGML|SLI|SQM|TMC,ALB|AMR|FMC|LAC|MP|SGML|SLI|SQM|TMC
LARK,10,9,-5.35,-3.23,2.02,0.0,-2.32,-3.71,-3.03,0.48,2.8,0.1111111111111111,ACNB|CCNE|FBNC|FFIC|FRME|GABC|HTB|SFBS|UBSI|VLY,ACNB|CCNE|FBNC|FRME|GABC|HTB|SFBS|UBSI|VLY
LASE,10,10,-6.45,-40.48,-52.82,-2.11,6.82,-2.21,-13.27,-38.269999999999996,-23.71,0.0,AMAT|ASML|COHR|IPGP|KLAC|LRCX|MKSI|ONTO|TER|VECO,AMAT|ASML|COHR|IPGP|KLAC|LRCX|MKSI|ONTO|TER|VECO
LASR,10,10,5.98,-5.94,-34.77,-0.61,3.805,2.415,2.1750000000000003,-8.355,-12.445000000000004,0.7,AMAT|AXTI|COHR|ENTG|IPGP|KEYS|LITE|MKSI|PLAB|VIAV,AMAT|AXTI|COHR|ENTG|IPGP|KEYS|LITE|MKSI|PLAB|VIAV
LATA,0,0,-0.2,0.2,0.79,0.0,,,,,,,,
LAUR,10,9,2.9,-3.75,1.15,0.54,-1.97,-7.27,4.87,3.5199999999999996,30.0,1.0,ATGE|CHGG|COUR|GHC|LINC|LOPE|NRDY|STG|STRA|UTI,CHGG|COUR|GHC|LINC|LOPE|NRDY|STG|STRA|UTI
LAW,10,10,1.43,0.95,20.34,0.0,-0.87,0.835,2.3,0.11499999999999999,-41.535,0.8,ACIW|APPN|HUBS|NOW|OKTA|PD|PEGA|TEAM|WDAY|ZM,ACIW|APPN|HUBS|NOW|OKTA|PD|PEGA|TEAM|WDAY|ZM
LAZ,10,10,0.57,-16.45,-9.06,0.0,-1.6800000000000002,-10.4,2.25,-6.049999999999999,-2.575000000000001,1.0,BAC|BLK|C|EVR|GS|JPM|MC|MS|PJT|RJF,BAC|BLK|C|EVR|GS|JPM|MC|MS|PJT|RJF
LB,10,10,-4.7,-4.71,34.44,-0.27,-2.975,-4.970000000000001,-1.725,0.2600000000000007,36.845,0.3,CI|CNC|EVH|HCA|HQY|HUM|MD|MOH|PRGO|UNH,CI|CNC|EVH|HCA|HQY|HUM|MD|MOH|PRGO|UNH
LBGJ,0,0,13.77,-25.18,-98.99,2.66,,,,,,,,
LBRT,10,10,-1.88,2.01,-31.19,2.63,-1.7650000000000001,-1.845,-0.11499999999999977,3.8549999999999995,-36.0,0.5,BKR|CLB|FTI|HAL|INVX|NOV|OIS|RES|SLB|WTTR,BKR|CLB|FTI|HAL|INVX|NOV|OIS|RES|SLB|WTTR
LBRX,0,0,-7.94,-18.71,28.58,0.0,,,,,,,,
LBTYA,10,9,-8.85,-11.57,-14.75,0.0,-1.89,-9.06,-6.96,-2.51,-15.76,0.1111111111111111,ATUS|CHTR|CMCSA|DIS|FOXA|NFLX|SIRI|T|TMUS|VZ,CHTR|CMCSA|DIS|FOXA|NFLX|SIRI|T|TMUS|VZ
LBTYK,10,10,-7.97,-11.92,-13.81,0.0,-1.73,-8.965,-6.24,-2.955,-17.28,0.1,AMCX|CHTR|CMCSA|DIS|FOXA|NFLX|ROKU|SIRI|T|VZ,AMCX|CHTR|CMCSA|DIS|FOXA|NFLX|ROKU|SIRI|T|VZ
LCCC,0,0,0.85,1.33,2.11,0.0,,,,,,,,
LCFY,10,10,11.78,13.97,-30.95,0.0,-2.88,-2.315,14.66,16.285,-51.459999999999994,1.0,AAPL|ADBE|AMZN|CRM|GOOG|INTU|MSFT|ORCL|SNAP|YEXT,AAPL|ADBE|AMZN|CRM|GOOG|INTU|MSFT|ORCL|SNAP|YEXT
LCID,10,10,-3.51,-21.49,-19.34,-0.73,-1.82,-3.54,-1.6899999999999997,-17.95,-19.77,0.2,F|GM|LI|NIO|RACE|RIVN|TM|TSLA|VFS|XPEV,F|GM|LI|NIO|RACE|RIVN|TM|TSLA|VFS|XPEV
LCII,10,9,-2.39,-18.64,-9.68,0.0,-1.22,-5.92,-1.1700000000000002,-12.72,-1.75,0.3333333333333333,AXL|BWA|DAN|DORM|JCI|LEA|MOD|PATK|THO|WGO,BWA|DAN|DORM|JCI|LEA|MOD|PATK|THO|WGO
LCNB,10,8,-3.54,-4.83,5.1,0.0,-2.745,-4.035,-0.7949999999999999,-0.7949999999999999,9.53,0.125,ASB|CAC|FFBC|FRME|FULT|HBNC|HTLF|ONB|SASR|THFF,ASB|CAC|FFBC|FRME|FULT|HBNC|ONB|THFF
LCTX,7,7,-10.59,-12.23,-24.07,0.0,-0.41,-10.18,-10.18,-2.0500000000000007,-18.73,0.2857142857142857,FATE|MDXG|MESO|MRKR|STEM|TVRD|VCEL,FATE|MDXG|MESO|MRKR|STEM|TVRD|VCEL
LCUT,9,9,4.85,-8.76,4.22,0.0,0.38,-5.38,4.47,-3.38,3.9099999999999997,0.7777777777777778,CHD|CL|CLX|COTY|ENR|HELE|NWL|SCL|SPB,CHD|CL|CLX|COTY|ENR|HELE|NWL|SCL|SPB
LDI,10,7,-7.03,-27.47,-43.7,-0.42,-1.04,-11.25,-5.99,-16.22,-24.890000000000004,0.0,ARR|COOP|EFC|FOA|GHLD|IVR|MITT|PFSI|RKT|TWO,ARR|EFC|FOA|IVR|MITT|PFSI|RKT
LDOS,9,9,-3.6,-9.93,19.53,0.0,-2.2,-5.47,-1.4,-4.46,16.470000000000002,0.0,BA|BAH|CACI|GD|HII|LMT|NOC|RTX|SAIC,BA|BAH|CACI|GD|HII|LMT|NOC|RTX|SAIC
LE,9,7,-0.1,-16.15,-13.76,0.0,0.2,-2.32,-0.30000000000000004,-13.829999999999998,-6.74,0.42857142857142855,ANF|ASO|BKE|CRI|FL|JWN|KSS|PLCE|URBN,ANF|ASO|BKE|CRI|KSS|PLCE|URBN
LEA,10,9,-1.22,-0.98,-10.24,0.0,-2.76,-5.92,1.5399999999999998,4.9399999999999995,0.9599999999999991,0.6666666666666666,ADNT|ALV|AXL|BWA|DAN|GNTX|MGA|MOD|TEN|VC,ADNT|ALV|BWA|DAN|GNTX|MGA|MOD|TEN|VC
LECO,10,10,3.96,-5.97,-1.31,0.0,3.855,-2.0999999999999996,0.10499999999999998,-3.87,1.98,0.5,AME|DOV|EMR|ETN|HON|IR|NDSN|ROK|SPB|XYL,AME|DOV|EMR|ETN|HON|IR|NDSN|ROK|SPB|XYL
LEDS,10,10,6.98,24.32,34.5,0.0,2.12,3.1950000000000003,4.86,21.125,47.705,0.7,AOSL|AXTI|COHR|LITE|LPTH|OESX|OLED|SANM|TSM|VECO,AOSL|AXTI|COHR|LITE|LPTH|OESX|OLED|SANM|TSM|VECO
LEE,10,8,-7.24,-17.55,-22.31,0.0,-4.995,-9.31,-2.245,-8.24,-18.474999999999998,0.125,CMLS|NWS|NWSA|NXST|NYT|SCHL|SIRI|SSP|TDAY|TGNA,NWS|NWSA|NXST|NYT|SCHL|SIRI|SSP|TDAY
LEGH,10,9,4.78,0.77,14.25,0.0,0.0,-7.82,4.78,8.59,28.1,1.0,BZH|DHI|KBH|LEN|MTH|NVR|PHM|SKY|TMHC|TOL,BZH|DHI|KBH|LEN|MTH|NVR|PHM|SKY|TOL
LEGN,10,8,3.24,-14.79,-36.16,-1.63,-0.89,-9.66,4.13,-5.129999999999999,-37.62,1.0,ALLO|BLUE|BMY|CLLS|CRSP|EDIT|FATE|GILD|NTLA|SGMO,ALLO|BMY|CLLS|CRSP|EDIT|FATE|GILD|NTLA
LEN,9,8,1.46,-7.78,-13.85,-0.81,-0.24,-10.145,1.7,2.3649999999999993,3.019999999999998,1.0,BZH|DHI|KBH|LGIH|MTH|NVR|PHM|TMHC|TOL,BZH|DHI|KBH|LGIH|MTH|NVR|PHM|TOL
LENZ,10,10,-7.75,-18.42,-30.85,1.33,0.0,-5.44,-7.75,-12.98,-40.465,0.1,ALNY|AMGN|BIIB|BMRN|BMY|GILD|IONS|NBIX|REGN|VRTX,ALNY|AMGN|BIIB|BMRN|BMY|GILD|IONS|NBIX|REGN|VRTX
LESL,10,9,-5.61,-28.9,-95.07,3.01,0.33,-4.43,-5.94,-24.47,-82.19999999999999,0.0,ECL|FORTY|PATK|PEN|POOL|SITE|TREX|TTC|TTSH|WMS,ECL|FORTY|PATK|PEN|POOL|SITE|TREX|TTC|WMS
LEU,10,10,0.0,-22.51,-12.05,-0.96,-3.4299999999999997,-15.095,3.4299999999999997,-7.415000000000001,0.7199999999999989,0.8,CCJ|DNN|DTE|EXC|LTBR|NXE|UEC|URG|UUUU|WEC,CCJ|DNN|DTE|EXC|LTBR|NXE|UEC|URG|UUUU|WEC
LEVI,9,8,-1.76,-7.58,-18.71,-0.66,0.7549999999999999,-5.255,-2.5149999999999997,-2.325,-4.830000000000002,0.375,AEO|COLM|HBI|KTB|LB|PVH|RL|UA|VFC,AEO|COLM|KTB|LB|PVH|RL|UA|VFC
LEXX,10,10,4.52,-69.31,-60.57,0.0,2.83,-5.265000000000001,1.6899999999999995,-64.045,-60.845,0.7,ACB|APH|CGC|CRON|IIPR|OGEN|OGI|TLRY|TVRD|VFF,ACB|APH|CGC|CRON|IIPR|OGEN|OGI|TLRY|TVRD|VFF
LFCR,10,10,5.77,-3.3,-24.14,0.0,-0.645,-9.895,6.414999999999999,6.595,-24.42,1.0,ABT|BAX|BSX|EW|ISRG|MDT|PEN|SYK|TFX|ZBH,ABT|BAX|BSX|EW|ISRG|MDT|PEN|SYK|TFX|ZBH
LFMD,10,8,-4.69,-6.15,-27.38,0.0,-1.72,-0.655,-2.9700000000000006,-5.495,-42.82,0.125,AMED|AMWL|CHE|CVS|DOCS|EHC|HIMS|LFST|SEM|TDOC,AMWL|CHE|CVS|DOCS|EHC|HIMS|LFST|TDOC
LFS,0,0,1.85,-4.76,-3.51,1.85,,,,,,,,
LFST,10,10,-5.55,-0.66,25.18,0.0,-2.205,-2.675,-3.3449999999999998,2.0149999999999997,15.67,0.4,ACHC|AMWL|CNC|CYH|HCA|HQY|MOH|PRVA|THC|UHS,ACHC|AMWL|CNC|CYH|HCA|HQY|MOH|PRVA|THC|UHS
LFT,10,9,-12.79,-17.6,-45.94,8.73,-1.45,-9.09,-11.34,-8.510000000000002,-32.67,0.0,AGNC|ARR|CIM|DX|EFC|IVR|MFA|NLY|ORC|TWO,AGNC|ARR|CIM|DX|EFC|IVR|MFA|NLY|ORC
LFUS,10,10,4.02,3.11,-12.41,-1.05,3.2350000000000003,2.025,0.7849999999999993,1.085,-9.92,0.6,APH|CHKP|CLS|CTS|DHR|EMN|HON|ITGR|MLAB|RBC,APH|CHKP|CLS|CTS|DHR|EMN|HON|ITGR|MLAB|RBC
LFVN,10,8,-1.44,-10.66,-8.11,-1.44,-1.655,-6.635,0.21500000000000008,-4.025,5.455,0.625,CELH|HLF|LFMD|MED|NATR|NHTC|OPRX|PRPH|RBOT|USNA,CELH|HLF|LFMD|MED|NATR|NHTC|OPRX|USNA
LFWD,10,8,1.45,-3.84,1.01,0.0,-0.885,-6.545,2.335,2.705,10.139999999999999,0.875,ARAY|BIO|CUTR|GMED|HAE|IART|ISRG|MASI|PODD|STXS,ARAY|BIO|GMED|HAE|IART|ISRG|PODD|STXS
LGCL,10,10,-5.85,-44.24,-97.4,-3.16,0.7050000000000001,-5.525,-6.555,-38.715,-94.36,0.0,ALB|APD|ASH|CE|ECL|FMC|IFF|OLN|PPG|SHW,ALB|APD|ASH|CE|ECL|FMC|IFF|OLN|PPG|SHW
LGCY,0,0,-3.26,-5.08,-8.61,-2.23,,,,,,,,
LGHL,10,10,11.32,-34.61,-89.98,0.42,0.0,-7.289999999999999,11.32,-27.32,-94.985,1.0,BABA|BIDU|FUTU|GCBC|GROW|JD|ORIO|RILY|TIGR|TRC,BABA|BIDU|FUTU|GCBC|GROW|JD|ORIO|RILY|TIGR|TRC
LGIH,10,9,-0.88,-16.57,-20.9,0.0,-0.16,-8.58,-0.72,-7.99,-4.16,0.2222222222222222,BZH|DHI|HOV|KBH|LEN|MTH|NVR|PHM|TMHC|TOL,BZH|DHI|HOV|KBH|LEN|MTH|NVR|PHM|TOL
LGL,10,10,5.14,-7.46,0.87,0.0,0.035,-2.17,5.1049999999999995,-5.29,8.745,0.9,AVNW|CTS|EXTR|IDT|KVHI|LFUS|MSI|SPT|SWKS|TTMI,AVNW|CTS|EXTR|IDT|KVHI|LFUS|MSI|SPT|SWKS|TTMI
LGN,0,0,-1.71,-6.14,-33.68,0.0,,,,,,,,
LGND,10,10,8.43,6.51,4.74,0.0,3.245,-0.815,5.185,7.324999999999999,-10.290000000000001,0.9,AMGN|BIIB|BMY|GILD|INCY|MRNA|PFE|RDY|REGN|VRTX,AMGN|BIIB|BMY|GILD|INCY|MRNA|PFE|RDY|REGN|VRTX
LGO,10,9,9.86,-0.13,11.05,3.31,-0.61,-8.21,10.469999999999999,8.08,31.1,1.0,BXC|CRH|CX|EXP|KRO|MLM|SUM|TREX|USLM|VMC,BXC|CRH|CX|EXP|KRO|MLM|TREX|USLM|VMC
LGPS,0,0,-1.48,-6.71,22.89,1.0,,,,,,,,
LGVN,9,8,0.24,-60.05,-62.74,4.48,6.415,-3.89,-6.175,-56.16,-46.295,0.25,ADMA|APRE|CAPR|CVM|HOOK|HURA|JAGX|MTNB|SVRA,ADMA|APRE|CAPR|CVM|HURA|JAGX|MTNB|SVRA
LH,6,6,-5.8,-9.97,14.14,0.01,-5.609999999999999,-0.6000000000000001,-0.1900000000000004,-9.370000000000001,0.6050000000000004,0.3333333333333333,AVTR|DGX|ICLR|NEO|OPK|QDEL,AVTR|DGX|ICLR|NEO|OPK|QDEL
LHAI,0,0,-16.41,21.73,50.6,0.0,,,,,,,,
LHSW,0,0,48.52,-79.99,-53.99,-1.49,,,,,,,,
LHX,10,10,-4.54,-8.8,-17.13,-0.05,-3.15,-6.02,-1.3900000000000001,-2.780000000000001,-15.215,0.1,BA|BAH|CW|GD|HII|LMT|MRCY|NOC|RTX|TXT,BA|BAH|CW|GD|HII|LMT|MRCY|NOC|RTX|TXT
LI,10,7,-0.5,-2.93,0.68,1.79,-3.4,-11.07,2.9,8.14,9.1,0.7142857142857143,F|GM|GOEV|HYZN|LCID|NIO|NKLA|RIVN|TSLA|XPEV,F|GM|LCID|NIO|RIVN|TSLA|XPEV
LICN,10,9,7.28,-10.02,-33.19,7.28,-1.21,-13.15,8.49,3.130000000000001,-24.099999999999998,0.8888888888888888,FINV|FUTU|HTT|LU|LX|OCFT|QFIN|TIGR|XYF|YRD,FINV|FUTU|HTT|LU|LX|QFIN|TIGR|XYF|YRD
LIDR,10,9,-3.04,-4.62,-9.05,-0.58,0.93,-2.89,-3.97,-1.73,4.425000000000001,0.2222222222222222,AEVA|ARBE|INDI|INVZ|KOPN|LAZR|MVIS|OUST|QUBT|RBOT,AEVA|ARBE|INDI|INVZ|KOPN|LAZR|MVIS|OUST|QUBT
LIEN,10,10,1.27,1.97,-1.05,0.0,-1.31,-3.79,2.58,5.76,-7.5200000000000005,0.9,ARCC|GSBD|HRZN|MAIN|NMFC|PNNT|SLRC|TCPC|TPVG|TSLX,ARCC|GSBD|HRZN|MAIN|NMFC|PNNT|SLRC|TCPC|TPVG|TSLX
LIF,10,10,1.51,-8.17,-16.41,0.39,-0.935,-0.8799999999999999,2.4450000000000003,-7.29,-21.365000000000002,0.8,AAPL|ADBE|AMZN|CSCO|GOOGL|INTC|MSFT|NFLX|NVDA|TSLA,AAPL|ADBE|AMZN|CSCO|GOOGL|INTC|MSFT|NFLX|NVDA|TSLA
LII,10,10,3.13,-6.71,-32.52,0.0,2.4450000000000003,-2.7750000000000004,0.6849999999999996,-3.9349999999999996,-27.050000000000004,0.6,AAON|AOS|CARR|EMR|GNRC|IEX|IR|JCI|TT|WTS,AAON|AOS|CARR|EMR|GNRC|IEX|IR|JCI|TT|WTS
LILA,9,9,-2.52,1.19,29.09,0.0,-1.77,-0.78,-0.75,1.97,27.57,0.4444444444444444,AMX|NOK|SKM|T|TEO|TIMB|VEON|VIV|VZ,AMX|NOK|SKM|T|TEO|TIMB|VEON|VIV|VZ
LILAK,10,8,-3.21,1.08,28.85,0.0,-2.1799999999999997,-7.08,-1.0300000000000002,8.16,28.18,0.5,AMX|ATUS|CHTR|CMCSA|T|TEF|TMUS|VOD|VZ|WBD,AMX|CHTR|CMCSA|T|TMUS|VOD|VZ|WBD
LIMN,0,0,17.99,-13.23,-19.19,-0.74,,,,,,,,
LIN,8,7,2.65,-3.4,-9.89,0.2,0.5,-1.56,2.15,-1.8399999999999999,-4.15,0.5714285714285714,AIT|APD|MEOH|NEE|PX|ROK|WDFC|WLKP,AIT|APD|MEOH|NEE|ROK|WDFC|WLKP
LINC,10,9,-4.29,-2.98,-49.66,0.0,-2.64,-7.69,-1.65,4.710000000000001,-38.72,0.2222222222222222,APEI|ATGE|CHGG|COUR|LOPE|LRN|PRDO|RM|STRA|UTI,APEI|CHGG|COUR|LOPE|LRN|PRDO|RM|STRA|UTI
LIND,10,10,-0.69,-14.64,0.93,0.0,-2.66,-18.145,1.9700000000000002,3.504999999999999,16.965,0.8,BKNG|CCL|DIS|EXPE|H|MAR|MTN|NCLH|RCL|TRIP,BKNG|CCL|DIS|EXPE|H|MAR|MTN|NCLH|RCL|TRIP
LINE,10,10,-4.27,-10.98,-11.31,0.0,-2.63,-2.375,-1.6399999999999997,-8.605,-14.685,0.3,AAPL|ADBE|AMZN|CSCO|GOOGL|IBM|INTC|MSFT|ORCL|SAP,AAPL|ADBE|AMZN|CSCO|GOOGL|IBM|INTC|MSFT|ORCL|SAP
LINK,10,10,0.43,0.83,25.35,-3.65,5.335,5.755,-4.905,-4.925,34.49,0.3,COHU|FFIV|HIMX|LOGI|MRVL|NOK|QUIK|SMTC|SYNA|TTMI,COHU|FFIV|HIMX|LOGI|MRVL|NOK|QUIK|SMTC|SYNA|TTMI
LION,0,0,-1.41,-3.46,-27.31,0.0,,,,,,,,
LIQT,9,9,-3.48,15.03,-18.78,0.0,1.38,-6.84,-4.859999999999999,21.869999999999997,-19.35,0.1111111111111111,AQMS|CDZI|CLIR|DAKT|DWSN|ESLT|NNBR|NNVC|WPRT,AQMS|CDZI|CLIR|DAKT|DWSN|ESLT|NNBR|NNVC|WPRT
LITB,10,10,2.3,6.51,1.3,0.0,-1.11,-9.11,3.41,15.62,-6.080000000000001,0.8,AMZN|BABA|EBAY|ETSY|JD|MELI|PDD|SFIX|SHOP|W,AMZN|BABA|EBAY|ETSY|JD|MELI|PDD|SFIX|SHOP|W
LITE,10,9,2.09,3.02,5.84,-2.64,0.31,-5.15,1.7799999999999998,8.17,34.2,0.7777777777777778,AAOI|AVGO|CIEN|COHR|FN|IPGP|JNPR|LPL|MKSI|NOK,AAOI|AVGO|CIEN|COHR|FN|IPGP|LPL|MKSI|NOK
LITS,9,7,22.12,20.95,55.41,7.63,-1.68,-8.33,23.8,29.28,65.88,1.0,APLS|ARQT|ENTA|FATE|GERN|IMMP|IOVA|KPTI|ONCT,ARQT|ENTA|FATE|GERN|IMMP|IOVA|KPTI
LIVE,8,8,1.67,-15.91,-23.46,0.0,-2.195,-3.925,3.8649999999999998,-11.985,-15.795000000000002,0.875,CENTA|GSBC|HRTG|IHT|LION|MBOT|RICK|SMBK,CENTA|GSBC|HRTG|IHT|LION|MBOT|RICK|SMBK
LIVN,10,10,-1.72,-1.41,-3.49,0.0,-1.675,-8.48,-0.04499999999999993,7.07,-3.7700000000000005,0.5,ABT|BSX|EW|GMED|MDT|NVCR|PODD|SYK|TMDX|ZBH,ABT|BSX|EW|GMED|MDT|NVCR|PODD|SYK|TMDX|ZBH
LKFN,10,10,-2.64,-3.09,-5.17,0.0,-3.08,-3.8899999999999997,0.43999999999999995,0.7999999999999998,-3.84,0.7,CHCO|CIVB|FFBC|FHB|FMAO|HBNC|MBIN|PEBO|TCBK|WSBC,CHCO|CIVB|FFBC|FHB|FMAO|HBNC|MBIN|PEBO|TCBK|WSBC
LKQ,10,10,1.87,-8.97,-10.67,0.0,-2.29,-5.235,4.16,-3.7350000000000003,1.2599999999999998,0.9,AAP|ABG|AN|AZO|GPC|GPI|OPLN|ORLY|PAG|SAH,AAP|ABG|AN|AZO|GPC|GPI|OPLN|ORLY|PAG|SAH
LKSP,0,0,0.05,0.39,0.89,0.0,,,,,,,,
LLY,10,10,-0.29,-6.86,1.89,-0.17,-0.845,-5.16,0.5549999999999999,-1.7000000000000002,-8.264999999999999,0.6,ABBV|AMGN|AZN|BMY|GSK|JNJ|MRK|NVO|PFE|SNY,ABBV|AMGN|AZN|BMY|GSK|JNJ|MRK|NVO|PFE|SNY
LLYVA,10,10,-0.46,-6.96,-1.4,0.0,-1.85,-9.455,1.3900000000000001,2.495,-3.6999999999999997,0.8,AMCX|CMCSA|DIS|FWONA|LYV|NFLX|SIRI|SPOT|T|UBER,AMCX|CMCSA|DIS|FWONA|LYV|NFLX|SIRI|SPOT|T|UBER
LLYVK,10,10,-0.47,-7.51,-1.35,0.0,-1.73,-8.965,1.26,1.455,-4.5649999999999995,0.8,AAPL|AMCX|CHTR|CMCSA|DIS|FOXA|GOOGL|NFLX|ROKU|SIRI,AAPL|AMCX|CHTR|CMCSA|DIS|FOXA|GOOGL|NFLX|ROKU|SIRI
LMAT,10,9,1.6,2.24,-14.04,0.2,1.76,-9.02,-0.15999999999999992,11.26,-13.12,0.4444444444444444,ABT|BSX|COO|EW|HOLX|ISRG|JNJ|MDT|SYK|XRAY,ABT|BSX|COO|EW|ISRG|JNJ|MDT|SYK|XRAY
LMB,10,9,-2.74,22.56,-36.32,0.0,-0.16,-5.33,-2.58,27.89,-22.22,0.2222222222222222,DY|EME|FIX|FLR|J|KBR|MTH|PWR|TOL|TPH,DY|EME|FIX|FLR|J|KBR|MTH|PWR|TOL
LMND,10,10,-9.43,-19.15,-21.41,-0.81,-3.63,-6.18,-5.8,-12.969999999999999,-18.72,0.1,AIG|ALL|CINF|ERIE|HIG|MKL|PGR|SAFT|SIGI|TRV,AIG|ALL|CINF|ERIE|HIG|MKL|PGR|SAFT|SIGI|TRV
LMNR,10,7,-4.43,-13.7,-7.99,0.0,-5.52,-3.64,1.0899999999999999,-10.059999999999999,-9.42,0.5714285714285714,AGRO|ALCO|BG|CVGW|FDP|HFFG|LND|SANW|TRMD|TWN,AGRO|ALCO|BG|HFFG|LND|TRMD|TWN
LMRI,0,0,-12.93,-16.9,-5.2,-1.08,,,,,,,,
LMT,10,10,-2.2,-5.44,4.2,0.3,-2.535,-8.525,0.33499999999999996,3.085,6.115,0.5,AXON|BA|GD|HII|LDOS|LHX|NOC|RTX|TDG|TXT,AXON|BA|GD|HII|LDOS|LHX|NOC|RTX|TDG|TXT
LNAI,9,7,-1.38,0.47,-37.61,0.0,-5.1,-9.9,3.7199999999999998,10.370000000000001,-7.34,1.0,AY|CSIQ|ENPH|FSLR|JKS|NEE|NOVA|RUN|SEDG,CSIQ|ENPH|FSLR|JKS|NEE|RUN|SEDG
LNC,10,10,-3.23,-3.07,13.39,0.0,-1.925,-1.42,-1.305,-1.65,8.285,0.2,AFL|AIG|CNO|GNW|L|MET|PFG|PRU|UNM|VOYA,AFL|AIG|CNO|GNW|L|MET|PFG|PRU|UNM|VOYA
LND,10,6,-1.39,-6.6,1.43,0.0,-3.9250000000000003,-7.005000000000001,2.535,0.40500000000000114,-4.695,0.6666666666666666,AGRO|ALCO|CRESY|ENFY|FARM|FDP|LMNR|OTLY|SANW|SEED,AGRO|ALCO|CRESY|LMNR|OTLY|SEED
LNG,10,9,3.18,-0.13,18.43,1.77,-1.53,-1.83,4.71,1.7000000000000002,16.78,1.0,AM|ENB|ENLC|EPD|ET|KMI|OKE|PAA|TRGP|WMB,AM|ENB|EPD|ET|KMI|OKE|PAA|TRGP|WMB
LNKS,10,10,5.17,14.84,-53.85,0.0,3.015,-2.9699999999999998,2.155,17.81,-50.7,0.8,DOV|EMR|ETN|GE|HON|ITW|MMM|ROK|SWK|XYL,DOV|EMR|ETN|GE|HON|ITW|MMM|ROK|SWK|XYL
LNN,10,10,-2.02,-0.34,-3.89,0.0,-0.245,-6.555,-1.775,6.215,1.2349999999999999,0.1,AGCO|ALK|DE|MLM|OSK|PLOW|TEX|TSCO|TTC|URI,AGCO|ALK|DE|MLM|OSK|PLOW|TEX|TSCO|TTC|URI
LNSR,9,8,0.99,-22.54,17.99,0.0,-0.8549999999999999,-2.935,1.8449999999999998,-19.605,15.409999999999998,0.625,ATEC|CERS|CUTR|HAE|IART|ICUI|LMAT|MLAB|STAA,ATEC|CERS|HAE|IART|ICUI|LMAT|MLAB|STAA
LNT,10,10,-3.66,-6.91,-15.74,0.0,-3.935,-6.3149999999999995,0.2749999999999999,-0.5950000000000006,-2.16,0.7,AEE|CMS|DTE|ES|EVRG|PNW|PPL|SRE|WEC|XEL,AEE|CMS|DTE|ES|EVRG|PNW|PPL|SRE|WEC|XEL
LNTH,10,9,-0.82,-0.89,-8.29,0.0,0.65,-1.41,-1.47,0.5199999999999999,-9.26,0.1111111111111111,ABT|BAX|BIO|DXCM|HOLX|IDXX|ISRG|LMAT|PEN|ZBH,ABT|BAX|BIO|DXCM|IDXX|ISRG|LMAT|PEN|ZBH
LNZA,9,8,-0.51,-6.51,1.73,0.0,-2.475,-3.435,1.965,-3.0749999999999997,-2.5850000000000004,0.625,CLNE|DNMR|FULC|GEVO|JAZZ|LPTH|MYE|PBYI|TMO,CLNE|FULC|GEVO|JAZZ|LPTH|MYE|PBYI|TMO
LOAN,10,10,-0.51,-3.94,-12.56,0.0,-5.16,-11.635,4.65,7.695,2.924999999999999,1.0,ABR|BRSP|BXMT|GPMT|HASI|LADR|RC|SACH|STWD|TRTX,ABR|BRSP|BXMT|GPMT|HASI|LADR|RC|SACH|STWD|TRTX
LOAR,10,10,-0.98,-12.94,-17.73,0.0,-2.5700000000000003,-5.545,1.5900000000000003,-7.395,-11.63,0.8,BA|BE|BWXT|ESLT|GD|HII|HXL|LMT|NOC|TXT,BA|BE|BWXT|ESLT|GD|HII|HXL|LMT|NOC|TXT
LOB,10,9,-2.8,-7.97,-7.97,0.0,-3.05,-9.27,0.25,1.2999999999999998,-4.119999999999999,0.7777777777777778,ALLY|AXP|BAC|C|COF|DFS|JPM|PYPL|WFC|XYZ,ALLY|AXP|BAC|C|COF|JPM|PYPL|WFC|XYZ
LOBO,10,8,3.05,-14.66,-20.9,-3.96,-3.365,-9.22,6.415,-5.4399999999999995,-16.755,1.0,F|GM|HYZN|LCID|LI|NIO|NKLA|RIVN|TSLA|XPEV,F|GM|LCID|LI|NIO|RIVN|TSLA|XPEV
LOCL,10,9,-4.67,0.99,-20.93,0.0,1.16,-4.09,-5.83,5.08,-24.74,0.0,AVX|CAG|CIM|CNTY|FARM|GRWG|HYFM|SMPL|VFF|VLGEA,AVX|CAG|CIM|CNTY|GRWG|HYFM|SMPL|VFF|VLGEA
LOCO,10,10,-1.72,-10.19,-12.01,0.0,-0.375,-14.06,-1.345,3.870000000000001,-10.77,0.4,CMG|DPZ|DRI|JACK|MCD|PZZA|QSR|RRGB|WEN|YUM,CMG|DPZ|DRI|JACK|MCD|PZZA|QSR|RRGB|WEN|YUM
LODE,10,10,7.63,-24.08,-34.79,0.0,-3.475,-11.629999999999999,11.105,-12.45,-43.36,1.0,AG|ASM|B|GORO|HL|MUX|NEM|PAAS|SVM|USAU,AG|ASM|B|GORO|HL|MUX|NEM|PAAS|SVM|USAU
LOGI,10,10,-0.52,3.41,1.15,-2.52,-3.5700000000000003,0.91,3.0500000000000003,2.5,-11.469999999999999,0.8,AAPL|ADBE|CREX|CSCO|DELL|HPQ|IBM|MSFT|SSYS|XRX,AAPL|ADBE|CREX|CSCO|DELL|HPQ|IBM|MSFT|SSYS|XRX
LOMA,10,9,-1.46,-1.87,-17.31,0.0,-0.9,-8.52,-0.5599999999999999,6.6499999999999995,4.600000000000001,0.4444444444444444,CRH|CX|EXP|FLR|GVA|MAS|MLM|RPM|SUM|VMC,CRH|CX|EXP|FLR|GVA|MAS|MLM|RPM|VMC
LONA,10,8,-14.68,-25.97,-31.76,0.68,-1.4449999999999998,-8.44,-13.235,-17.53,-18.975,0.0,ANVS|AUPH|AVXL|BIIB|INVA|NBIX|PRTA|QURE|SAGE|SAVA,ANVS|AUPH|AVXL|BIIB|INVA|NBIX|PRTA|QURE
LOOP,10,10,-10.93,-19.34,-42.06,0.0,0.27,-5.95,-11.2,-13.39,-38.635000000000005,0.0,ALB|APD|AVNT|CC|CE|DOW|EMN|HUN|LYB|WLK,ALB|APD|AVNT|CC|CE|DOW|EMN|HUN|LYB|WLK
LOPE,10,9,-2.1,2.02,4.14,0.0,-1.97,-7.69,-0.13000000000000012,9.71,11.54,0.4444444444444444,APEI|ATGE|CHGG|COUR|EDU|LAUR|LRN|STRA|TAL|UTI,APEI|CHGG|COUR|EDU|LAUR|LRN|STRA|TAL|UTI
LOT,10,8,-8.51,-24.78,-19.91,-1.37,-2.745,-11.395,-5.765,-13.385000000000002,-2.2399999999999984,0.125,EVGO|FFAI|GOEV|LCID|LI|NIO|NKLA|RIVN|TSLA|XPEV,EVGO|FFAI|LCID|LI|NIO|RIVN|TSLA|XPEV
LOVE,10,8,-0.96,-8.58,-9.61,0.0,0.12,-4.125,-1.08,-4.455,-10.9,0.375,BSET|HNI|HVT|LEG|LZB|RH|SGI|SNBR|W|WSM,BSET|HNI|HVT|LZB|RH|SGI|W|WSM
LOW,9,9,-2.16,-11.46,-14.39,-0.71,1.28,-8.7,-3.4400000000000004,-2.7600000000000016,-11.07,0.1111111111111111,BLDR|FAST|FND|HD|HVT|MAS|TILE|TSCO|WSM,BLDR|FAST|FND|HD|HVT|MAS|TILE|TSCO|WSM
LPA,10,10,-1.31,-5.92,-24.88,0.0,-0.71,-2.225,-0.6000000000000001,-3.695,-25.154999999999998,0.3,EGP|FR|GEO|LXP|MLP|PDM|PLD|REXR|STAG|TRNO,EGP|FR|GEO|LXP|MLP|PDM|PLD|REXR|STAG|TRNO
LPAA,0,0,0.3,0.47,-0.37,0.0,,,,,,,,
LPBB,0,0,0.01,0.37,1.03,0.0,,,,,,,,
LPCN,8,7,-1.85,2.91,-14.17,0.0,0.13,-8.88,-1.98,11.790000000000001,-1.2699999999999996,0.42857142857142855,ANIP|ARDX|AXSM|CORT|DVAX|ENTA|EOLS|MNKD,ANIP|ARDX|AXSM|CORT|ENTA|EOLS|MNKD
LPG,10,10,-8.12,3.59,36.17,0.0,-6.48,5.0,-1.6399999999999988,-1.4100000000000001,16.175000000000004,0.2,ASC|DHT|FRO|GASS|INSW|NAT|SFL|STNG|TK|TNK,ASC|DHT|FRO|GASS|INSW|NAT|SFL|STNG|TK|TNK
LPL,10,10,-0.67,-12.43,-25.25,0.68,3.1849999999999996,-1.7,-3.8549999999999995,-10.73,-14.095,0.2,AMAT|ASML|CSCO|GLW|INTC|NEON|OLED|PANL|TSM|TXN,AMAT|ASML|CSCO|GLW|INTC|NEON|OLED|PANL|TSM|TXN
LPLA,10,9,-9.18,-16.94,7.2,0.0,-3.38,-9.43,-5.8,-7.510000000000002,7.17,0.0,AMP|BK|GS|MS|NTRS|RJF|SCHW|STT|UBS|WFC,AMP|GS|MS|NTRS|RJF|SCHW|STT|UBS|WFC
LPTH,10,9,-4.65,-30.09,-29.27,-1.73,0.31,0.69,-4.96,-30.78,-0.2699999999999996,0.1111111111111111,AAOI|COHR|EMKR|FN|IPGP|LITE|LPL|MTSI|SMTC|VIAV,AAOI|COHR|FN|IPGP|LITE|LPL|MTSI|SMTC|VIAV
LPX,10,8,4.07,-6.33,-14.64,0.0,-0.395,-11.145,4.465,4.8149999999999995,-0.26000000000000156,1.0,BLUE|EXP|HD|LOW|MAS|MSM|SUM|TREX|VMC|WY,EXP|HD|LOW|MAS|MSM|TREX|VMC|WY
LQDA,10,10,-1.3,-4.24,-12.25,0.01,-1.6949999999999998,-3.3200000000000003,0.3949999999999998,-0.9199999999999999,-16.035,0.5,ALNY|ARWR|IONS|MDGL|NBIX|REGN|RGEN|SRPT|VRTX|XNCR,ALNY|ARWR|IONS|MDGL|NBIX|REGN|RGEN|SRPT|VRTX|XNCR
LQDT,9,9,-1.04,-1.18,9.82,0.0,-1.58,-6.54,0.54,5.36,2.63,0.5555555555555556,AMZN|BABA|EBAY|JD|RBA|RVLV|SHOP|TDUP|W,AMZN|BABA|EBAY|JD|RBA|RVLV|SHOP|TDUP|W
LRCX,10,10,11.01,-4.99,-25.6,-2.7,7.135,-2.21,3.875,-2.7800000000000002,4.789999999999999,0.8,AMAT|ASML|COHU|ICHR|KLAC|MKSI|ONTO|TER|UCTT|VECO,AMAT|ASML|COHU|ICHR|KLAC|MKSI|ONTO|TER|UCTT|VECO
LRE,10,8,-11.21,-23.61,-19.35,-8.26,-2.095,-10.625,-9.115,-12.985,-7.880000000000001,0.0,AIV|AVB|CPT|ELS|EQR|ESS|INVH|MAA|SUI|UDR,AIV|CPT|ELS|ESS|INVH|MAA|SUI|UDR
LRHC,10,10,-6.69,-11.13,-57.94,-0.75,-2.13,-10.620000000000001,-4.5600000000000005,-0.5099999999999998,-51.464999999999996,0.0,CBRE|CIGI|CTO|EXR|FR|HST|JLL|PSA|REAL|WY,CBRE|CIGI|CTO|EXR|FR|HST|JLL|PSA|REAL|WY
LRMR,10,7,-1.65,-4.57,6.47,0.0,-3.43,-6.48,1.7800000000000002,1.9100000000000001,-1.2000000000000002,0.5714285714285714,ARWR|BMRN|CRSP|FOLD|ONCT|QURE|RIGL|RPTX|SRPT|VRTX,ARWR|BMRN|CRSP|QURE|RIGL|SRPT|VRTX
LRN,10,9,-4.28,-7.69,-7.4,0.0,-2.1,-7.76,-2.18,0.0699999999999994,6.959999999999999,0.1111111111111111,APEI|ATGE|CHGG|COUR|EDU|LOPE|NRDY|STRA|UTI|WW,APEI|CHGG|COUR|EDU|LOPE|NRDY|STRA|UTI|WW
LSAK,10,10,-0.71,-7.88,-8.48,0.0,-4.295,-10.61,3.585,2.7299999999999995,-10.635000000000002,0.9,ADP|EEFT|EVTC|FIS|GPN|JKHY|PAYX|PSFE|WU|XYZ,ADP|EEFT|EVTC|FIS|GPN|JKHY|PAYX|PSFE|WU|XYZ
LSBK,10,9,-0.55,4.65,7.33,0.0,-2.98,-3.12,2.4299999999999997,7.7700000000000005,7.33,1.0,CCNE|CLBK|FBIZ|FFBC|FFWM|FUNC|INDB|NWBI|OCFC|WSFS,CCNE|CLBK|FBIZ|FFBC|FUNC|INDB|NWBI|OCFC|WSFS
LSCC,10,10,10.02,2.84,-17.2,-1.86,4.65,4.205,5.369999999999999,-1.3650000000000002,-8.709999999999999,1.0,ADI|AMD|AVGO|INTC|MCHP|NVDA|ON|QCOM|SWKS|TXN,ADI|AMD|AVGO|INTC|MCHP|NVDA|ON|QCOM|SWKS|TXN
LSE,0,0,0.0,-1.79,41.03,0.0,,,,,,,,
LSF,10,7,2.57,-4.77,-19.69,0.0,-4.19,-18.77,6.76,14.0,2.0299999999999976,0.8571428571428571,BRBR|BYND|CVGW|FMC|MAPS|OTLY|REAL|SMPL|TAIT|VFF,BRBR|BYND|FMC|OTLY|REAL|SMPL|VFF
LSPD,10,10,-0.62,-9.19,-0.72,0.0,-3.48,-10.309999999999999,2.86,1.1199999999999992,-20.43,0.7,ADBE|CMRC|INTU|NET|PYPL|SHOP|TTD|WIX|XYZ|ZM,ADBE|CMRC|INTU|NET|PYPL|SHOP|TTD|WIX|XYZ|ZM
LSTA,10,9,-2.38,-18.47,-58.28,0.0,-3.43,-14.14,1.0500000000000003,-4.329999999999998,-47.81,0.5555555555555556,ALLO|BCLI|BEAM|CRSP|EDIT|FATE|GERN|NTLA|RGNX|SRPT,ALLO|BEAM|CRSP|EDIT|FATE|GERN|NTLA|RGNX|SRPT
LSTR,10,10,-1.28,-7.19,-19.6,0.0,-0.74,-7.05,-0.54,-0.14000000000000057,-3.8049999999999997,0.4,CHRW|EXPD|JBHT|KNX|MRTN|ODFL|SAIA|SNDR|WERN|XPO,CHRW|EXPD|JBHT|KNX|MRTN|ODFL|SAIA|SNDR|WERN|XPO
LTBR,9,9,3.86,-13.51,-25.91,0.0,-4.25,-5.56,8.11,-7.95,-11.56,1.0,BE|BLDP|BWXT|CLNE|CVI|FCEL|FLR|GE|PLUG,BE|BLDP|BWXT|CLNE|CVI|FCEL|FLR|GE|PLUG
LTC,10,8,-3.66,3.0,9.0,-1.48,-1.495,-5.859999999999999,-2.165,8.86,11.76,0.0,CTRE|DOC|HCP|HR|MPW|NHI|OHI|SBRA|VTR|WELL,CTRE|DOC|HR|NHI|OHI|SBRA|VTR|WELL
LTH,10,9,-2.6,-13.25,2.06,0.0,-1.93,-10.89,-0.6700000000000002,-2.3599999999999994,19.97,0.4444444444444444,CCL|CSV|CWH|FUN|HAS|MCW|MTN|PLNT|RICK|TH,CCL|CSV|CWH|FUN|HAS|MTN|PLNT|RICK|TH
LTM,9,8,2.24,-4.02,-7.73,0.08,1.505,-5.91,0.7350000000000003,1.8900000000000006,15.309999999999999,0.875,AAL|ALGT|ALK|DAL|JBLU|LUV|SAVE|SKYW|UAL,AAL|ALGT|ALK|DAL|JBLU|LUV|SKYW|UAL
LTRN,9,6,-18.71,-36.24,-62.13,0.0,1.31,-0.98,-20.02,-35.260000000000005,-54.24,0.0,ARDX|DNLI|EXAI|FATE|IMTX|KRYS|RAPT|RPTX|XERS,ARDX|DNLI|FATE|IMTX|KRYS|XERS
LTRX,10,9,6.01,5.29,15.98,-3.59,-0.19,4.71,6.2,0.5800000000000001,12.52,0.6666666666666666,AKAM|BELFB|CSCO|DDOG|EXTR|HPE|JNPR|NTGR|SMCI|ZBRA,AKAM|BELFB|CSCO|DDOG|EXTR|HPE|NTGR|SMCI|ZBRA
LU,10,9,8.47,-4.48,4.07,4.92,-0.99,-13.15,9.46,8.67,13.16,1.0,DADA|FINV|FUTU|HTT|JFIN|LX|TIGR|TME|YMM|YRD,FINV|FUTU|HTT|JFIN|LX|TIGR|TME|YMM|YRD
LUCD,10,9,0.3,-16.11,-17.75,0.0,3.89,12.86,-3.5900000000000003,-28.97,-46.480000000000004,0.2222222222222222,BNR|CDNA|CSTL|EXAS|FLGT|GH|MYGN|NTRA|QTRX|VCYT,BNR|CDNA|CSTL|FLGT|GH|MYGN|NTRA|QTRX|VCYT
LUCK,0,0,-1.12,-21.31,-30.98,0.0,,,,,,,,
LUCY,10,9,2.44,-14.02,21.05,-0.22,1.51,5.26,0.9299999999999999,-19.28,14.72,0.6666666666666666,BB|BBY|GRMN|KOSS|LOGI|NTGR|SONY|TBCH|UEIC|VSTO,BB|BBY|GRMN|KOSS|LOGI|NTGR|SONY|TBCH|UEIC
LUD,0,0,-0.6,-1.07,-19.87,0.0,,,,,,,,
LULU,8,8,2.22,-14.14,-9.33,-0.66,0.7549999999999999,-5.1,1.4650000000000003,-9.040000000000001,2.795,0.625,COLM|LB|NKE|PVH|RL|TSLA|UAA|VFC,COLM|LB|NKE|PVH|RL|TSLA|UAA|VFC
LUMN,10,6,-5.74,3.7,-26.58,-0.36,-5.75,-10.73,0.009999999999999787,14.43,-22.354999999999997,0.5,ATUS|CHTR|CMCSA|CNSL|GOGO|SBGI|T|VZ|VZIO|WOW,CHTR|CMCSA|GOGO|SBGI|T|VZ
LUNG,10,9,2.56,-12.28,43.88,0.0,-0.44,-6.61,3.0,-5.669999999999999,44.800000000000004,0.6666666666666666,ALGN|BSX|DHR|EW|HOLX|ISRG|MDT|SYK|XRAY|ZBH,ALGN|BSX|DHR|EW|ISRG|MDT|SYK|XRAY|ZBH
LUNR,10,10,1.89,-9.22,-19.41,-1.12,-0.32,-5.5,2.21,-3.7200000000000006,-17.06,0.9,BA|BKSY|GNSS|HWM|LMT|NOC|RKLB|RTX|SPCE|VSAT,BA|BKSY|GNSS|HWM|LMT|NOC|RKLB|RTX|SPCE|VSAT
LUV,8,7,1.39,0.2,-21.48,-0.34,1.62,-6.78,-0.2300000000000002,6.98,3.120000000000001,0.42857142857142855,AAL|ALGT|ALK|DAL|JBLU|SAVE|SKYW|UAL,AAL|ALGT|ALK|DAL|JBLU|SKYW|UAL
LUXE,10,10,1.25,14.21,15.54,0.0,-0.15,-11.94,1.4,26.15,8.329999999999998,0.7,BABA|ETSY|JD|LYFT|MELI|REAL|RVLV|SE|SHOP|W,BABA|ETSY|JD|LYFT|MELI|REAL|RVLV|SE|SHOP|W
LVLU,9,8,6.67,-20.48,37.68,0.0,2.685,-3.85,3.985,-16.63,39.46,0.875,ANF|BKE|JWN|KSS|LB|PLCE|ROST|TJX|URBN,ANF|BKE|KSS|LB|PLCE|ROST|TJX|URBN
LVO,10,9,-30.09,-36.29,-54.31,0.0,-1.89,-7.09,-28.2,-29.2,-63.21,0.0,AAPL|AMZN|CMLS|DIS|IHRT|MSFT|NFLX|ROKU|SIRI|SPOT,AAPL|AMZN|DIS|IHRT|MSFT|NFLX|ROKU|SIRI|SPOT
LVS,10,9,-3.66,-17.11,-15.34,-0.03,-1.31,-13.55,-2.35,-3.5599999999999987,2.1099999999999994,0.3333333333333333,AGS|BALY|BYD|CHDN|CZR|FLL|MGM|MLCO|PENN|WYNN,BALY|BYD|CHDN|CZR|FLL|MGM|MLCO|PENN|WYNN
LVWR,10,9,-4.93,9.76,33.66,-0.74,-2.39,-9.22,-2.5399999999999996,18.98,42.349999999999994,0.0,DOO|FOXF|HOG|LCII|MCFT|PII|THO|TWI|VSTO|YETI,DOO|FOXF|HOG|LCII|MCFT|PII|THO|TWI|YETI
LW,10,9,-3.06,-18.64,0.81,0.0,-2.94,-9.48,-0.1200000000000001,-9.16,2.84,0.4444444444444444,CPB|GIS|HRL|K|KHC|MDLZ|MKC|POST|SJM|TSN,CPB|GIS|HRL|KHC|MDLZ|MKC|POST|SJM|TSN
LWAC,0,0,0.68,0.48,1.76,0.0,,,,,,,,
LWAY,10,8,-8.64,-15.28,-25.01,0.0,-2.2,-5.95,-6.44,-9.329999999999998,-24.19,0.0,COCO|GIS|HNST|K|KDP|KR|POST|PRMW|SJM|WW,COCO|GIS|HNST|KDP|KR|POST|SJM|WW
LWLG,9,9,1.59,-14.14,-37.5,-3.23,4.22,-2.62,-2.63,-11.52,-7.640000000000001,0.1111111111111111,AMAT|AMKR|ASML|CIEN|FN|KLAC|LITE|MKSI|TSM,AMAT|AMKR|ASML|CIEN|FN|KLAC|LITE|MKSI|TSM
LX,10,10,-10.17,-43.65,-62.82,1.2,-1.365,-18.055,-8.805,-25.595,-41.185,0.3,FINV|HTT|JFIN|LEGH|LXEH|QFIN|SOS|UPLD|XYF|YRD,FINV|HTT|JFIN|LEGH|LXEH|QFIN|SOS|UPLD|XYF|YRD
LXEH,10,9,-13.77,-12.28,3.45,-5.66,1.995,-0.41,-15.765,-11.87,-30.400000000000002,0.0,ATAI|BEDU|COE|DAO|EDU|FEDU|GOTU|STG|TAL|YQ,ATAI|COE|DAO|EDU|FEDU|GOTU|STG|TAL|YQ
LXEO,10,7,-18.18,-33.33,-27.23,-2.84,-1.74,-16.16,-16.44,-17.169999999999998,-13.58,0.0,ADVM|BEAM|BLUE|CRSP|EDIT|NTLA|QURE|RARE|SGMO|SRPT,BEAM|CRSP|EDIT|NTLA|QURE|RARE|SRPT
LXFR,10,9,0.35,0.88,-5.27,0.0,-4.07,-0.63,4.42,1.51,1.5,0.8888888888888888,AA|ATI|CMC|CRS|KALU|MT|NUE|RS|STLD|X,AA|ATI|CMC|CRS|KALU|MT|NUE|RS|STLD
LXP,10,9,0.05,-0.39,13.16,0.0,-1.12,-3.72,1.1700000000000002,3.33,17.34,0.7777777777777778,ARE|COLD|EGP|FR|ILPT|PLD|PLYM|REXR|STAG|TRNO,ARE|COLD|EGP|FR|ILPT|PLD|REXR|STAG|TRNO
LXRX,10,10,-0.25,-13.25,-11.35,-1.46,-1.035,-4.28,0.7849999999999999,-8.969999999999999,-19.439999999999998,0.5,ALLO|ALNY|BIIB|BMRN|INCY|IONS|KNSA|NBIX|REGN|VRTX,ALLO|ALNY|BIIB|BMRN|INCY|IONS|KNSA|NBIX|REGN|VRTX
LXU,10,10,-7.14,-4.2,-4.11,0.0,0.36,-4.529999999999999,-7.5,0.3299999999999992,2.839999999999999,0.0,ALB|CE|DD|DOW|EMN|HUN|LYB|OLN|PPG|RPM,ALB|CE|DD|DOW|EMN|HUN|LYB|OLN|PPG|RPM
LYB,10,10,-6.43,-3.88,7.66,0.25,-2.215,-6.029999999999999,-4.215,2.1499999999999995,15.125,0.1,ALB|ASH|CE|CF|DOW|EMN|FMC|HUN|PPG|WLK,ALB|ASH|CE|CF|DOW|EMN|FMC|HUN|PPG|WLK
LYEL,10,8,-1.48,-31.31,-14.81,1.04,-1.5299999999999998,-3.695,0.04999999999999982,-27.615,-19.845,0.5,ADPT|AFMD|ALLO|FATE|IGMS|KURA|NKTR|TGTX|XBIT|ZLAB,ADPT|ALLO|FATE|KURA|NKTR|TGTX|XBIT|ZLAB
LYFT,10,10,-4.84,-16.43,4.76,-0.14,-1.975,-5.96,-2.8649999999999998,-10.469999999999999,1.9799999999999995,0.2,AAPL|AMZN|DASH|F|GM|HOG|NIO|RACE|TSLA|UBER,AAPL|AMZN|DASH|F|GM|HOG|NIO|RACE|TSLA|UBER
LYG,10,10,-5.22,-7.4,-2.09,-0.18,-3.54,-7.640000000000001,-1.6799999999999997,0.2400000000000002,6.324999999999999,0.1,BAC|C|CFG|GS|JPM|MS|PNC|TFC|USB|WFC,BAC|C|CFG|GS|JPM|MS|PNC|TFC|USB|WFC
LYTS,10,10,-1.33,-3.0,-25.26,-1.04,3.515,-0.09499999999999997,-4.845000000000001,-2.9050000000000002,-17.085,0.0,AOS|AYI|ETN|GE|HUBB|IESC|IR|ROG|ROK|TEL,AOS|AYI|ETN|GE|HUBB|IESC|IR|ROG|ROK|TEL
LYV,6,6,0.41,-9.5,-3.47,0.0,-3.335,-8.41,3.745,-1.0899999999999999,-10.995,1.0,CMCSA|NWSA|ROKU|SIRI|SPOT|WMG,CMCSA|NWSA|ROKU|SIRI|SPOT|WMG
LZ,10,10,-4.46,-3.5,-1.19,0.0,-2.94,-4.0600000000000005,-1.52,0.5600000000000005,-27.560000000000002,0.4,ADBE|BOX|CRM|CYTK|DOCU|GOOG|HUBS|INTU|MSFT|PYPL,ADBE|BOX|CRM|CYTK|DOCU|GOOG|HUBS|INTU|MSFT|PYPL
LZB,10,7,-0.56,-6.57,-28.29,0.0,1.28,-4.18,-1.84,-2.3900000000000006,-24.97,0.2857142857142857,BSET|HOFT|HVT|LCUT|LEG|RH|SCS|SGI|SNBR|WSM,BSET|HOFT|HVT|LCUT|RH|SGI|WSM
LZM,10,10,-1.04,-17.35,-5.93,-3.79,-1.545,-10.125,0.5049999999999999,-7.225000000000001,-19.615000000000002,0.6,AA|BHP|CLF|FCX|HL|NEM|RIO|SCCO|TECK|VALE,AA|BHP|CLF|FCX|HL|NEM|RIO|SCCO|TECK|VALE
LZMH,0,0,1.27,-2.44,-8.4,0.0,,,,,,,,
M,9,7,2.77,-1.55,-13.46,0.0,3.41,-2.32,-0.6400000000000001,0.7699999999999998,-3.9300000000000015,0.42857142857142855,AEO|ANF|BURL|DDS|FL|JWN|KSS|TJX|URBN,AEO|ANF|BURL|DDS|KSS|TJX|URBN
MA,10,9,-1.05,-6.6,14.5,-0.02,-2.9,-10.37,1.8499999999999999,3.7699999999999996,18.75,0.8888888888888888,AXP|COF|COST|DFS|FDX|FIS|PYPL|SYF|V|XYZ,AXP|COF|COST|FDX|FIS|PYPL|SYF|V|XYZ
MAA,10,8,-2.78,-10.74,-14.69,0.02,-2.3150000000000004,-11.545,-0.4649999999999994,0.8049999999999997,-2.74,0.375,AIV|AVB|CPT|CSR|CWH|EQR|ESS|INVH|IRT|UDR,AIV|CPT|CSR|CWH|ESS|INVH|IRT|UDR
MAAS,10,10,1.85,9.96,-5.44,9.56,-2.145,-0.18499999999999994,3.995,10.145000000000001,-16.745,0.9,AAPL|ADBE|AMZN|CRM|GOOGL|MSFT|NFLX|NVDA|ORCL|TSLA,AAPL|ADBE|AMZN|CRM|GOOGL|MSFT|NFLX|NVDA|ORCL|TSLA
MAC,10,10,1.06,-6.06,-10.56,0.53,-1.1600000000000001,-7.89,2.22,1.83,1.325000000000001,0.9,BRX|CBL|FRT|KIM|KRG|NNN|REG|SPG|SRG|UE,BRX|CBL|FRT|KIM|KRG|NNN|REG|SPG|SRG|UE
MACI,0,0,0.62,1.26,1.91,0.0,,,,,,,,
MAGN,0,0,0.1,-8.08,-5.71,-0.92,,,,,,,,
MAIA,10,7,-6.97,-7.63,-3.53,-1.33,-0.38,-1.75,-6.59,-5.88,-13.049999999999999,0.0,ADMA|AFMD|AVXL|BCLI|FATE|IONS|ONCT|PDSB|PTGX|VSTM,ADMA|AVXL|FATE|IONS|PDSB|PTGX|VSTM
MAIN,10,10,-1.09,-3.64,12.39,1.87,-1.585,-3.9699999999999998,0.4949999999999999,0.3299999999999996,6.125000000000001,0.7,ARCC|CGBD|GAIN|GSBD|HTGC|NMFC|PSEC|SLRC|TCPC|TSLX,ARCC|CGBD|GAIN|GSBD|HTGC|NMFC|PSEC|SLRC|TCPC|TSLX
MAMA,10,8,-6.67,-19.39,-30.87,0.0,-3.88,-9.355,-2.79,-10.035,-22.765,0.25,BYND|CAG|FARM|HRL|KR|PPC|SYY|THS|TSN|UNFI,BYND|CAG|HRL|KR|PPC|SYY|TSN|UNFI
MAMO,10,9,0.64,-0.84,-2.39,0.0,-1.62,-9.37,2.2600000000000002,8.53,-2.27,0.6666666666666666,ABT|BDX|BSX|EW|HOLX|ISRG|MDT|SYK|TFX|ZBH,ABT|BDX|BSX|EW|ISRG|MDT|SYK|TFX|ZBH
MAN,10,8,-0.97,-6.55,76.04,0.0,-3.44,-10.685,2.4699999999999998,4.135000000000001,53.13000000000001,0.625,ADP|ASGN|DLHC|HSII|KELYA|KFY|NSP|PAYX|RHI|TBI,ADP|DLHC|KELYA|KFY|NSP|PAYX|RHI|TBI
MANH,10,10,-0.39,-1.45,64.23,-0.18,-2.735,-2.015,2.3449999999999998,0.5650000000000002,21.10000000000001,0.8,ACN|ADBE|CRM|INTU|MSFT|NOW|ORCL|PAYC|SAP|WDAY,ACN|ADBE|CRM|INTU|MSFT|NOW|ORCL|PAYC|SAP|WDAY
MANU,10,9,3.77,-13.31,-5.77,0.99,-1.58,-10.13,5.35,-3.1799999999999997,-2.8699999999999997,1.0,CHDN|DIS|DKNG|EA|FWONK|HAS|LYV|MAT|MTN|ROKU,CHDN|DIS|DKNG|FWONK|HAS|LYV|MAT|MTN|ROKU
MAR,10,10,5.34,-1.66,-7.14,0.05,1.29,-5.12,4.05,3.46,1.8449999999999998,1.0,APLE|CHH|DRH|H|HLT|HST|IHG|PK|SHO|WH,APLE|CHH|DRH|H|HLT|HST|IHG|PK|SHO|WH
MARA,10,9,12.51,10.7,-5.65,-1.9,8.6,10.23,3.91,0.46999999999999886,7.389999999999999,0.7777777777777778,BITF|BTBT|CIFR|CLSK|COIN|HIVE|HUT|MSTR|RIOT|SOS,BTBT|CIFR|CLSK|COIN|HIVE|HUT|MSTR|RIOT|SOS
MARPS,10,8,-3.1,-10.51,-0.23,0.0,-2.3200000000000003,-2.6350000000000002,-0.7799999999999998,-7.875,-7.2,0.5,BPT|CRT|DMLP|KRP|MTR|MVO|OR|PBT|SBR|SJT,CRT|DMLP|KRP|MTR|OR|PBT|SBR|SJT
MAS,10,9,-0.18,-6.9,-12.67,0.0,-0.32,-9.48,0.14,2.58,4.0699999999999985,0.5555555555555556,DHI|KBH|LEN|LGIH|MTH|NVR|PHM|TMHC|TOL|WHD,DHI|KBH|LEN|LGIH|MTH|NVR|PHM|TOL|WHD
MASK,0,0,-2.83,-34.07,-57.07,-2.33,,,,,,,,
MASS,9,9,10.28,0.18,21.96,0.0,0.26,2.39,10.02,-2.21,7.340000000000002,1.0,A|BIO|BRKR|CAMT|DHR|IART|MTD|TECH|WAT,A|BIO|BRKR|CAMT|DHR|IART|MTD|TECH|WAT
MAT,10,9,-1.58,-14.15,-5.14,0.15,-1.44,-10.66,-0.14000000000000012,-3.49,0.9300000000000006,0.4444444444444444,EA|FNKO|GME|HAS|JAKK|LFVN|NCTY|NWL|TTWO|XELB,FNKO|GME|HAS|JAKK|LFVN|NCTY|NWL|TTWO|XELB
MATH,10,7,-1.96,31.39,0.0,0.0,10.33,10.7,-12.29,20.69,11.44,0.14285714285714285,ANY|ARBK|BITF|BTBT|CAN|CLSK|HUT|MARA|RIOT|SDIG,ARBK|BTBT|CAN|CLSK|HUT|MARA|RIOT
MATV,10,8,2.08,0.33,52.29,0.0,0.825,-11.955,1.2550000000000001,12.285,58.78,0.75,AVY|BDC|BERY|GPK|IP|OI|PKG|SEE|SLGN|SON,AVY|BDC|GPK|IP|OI|PKG|SLGN|SON
MATW,10,9,-1.2,-7.12,-25.14,0.0,-1.23,-5.97,0.030000000000000027,-1.1500000000000004,-30.29,0.5555555555555556,ACCO|CNDT|CSV|DRD|DSS|HASI|HI|INTC|LECO|SCI,ACCO|CNDT|CSV|DRD|DSS|HASI|INTC|LECO|SCI
MATX,10,10,-5.82,-0.35,13.46,0.0,-1.1,-6.74,-4.720000000000001,6.390000000000001,25.835,0.0,CHRW|EXPD|FDX|JBHT|LSTR|R|SAIA|SNDR|UPS|XPO,CHRW|EXPD|FDX|JBHT|LSTR|R|SAIA|SNDR|UPS|XPO
MAX,10,10,-10.91,-26.72,-14.39,0.29,-0.97,-4.109999999999999,-9.94,-22.61,-12.59,0.2,APPS|BV|CMCM|CRTO|FLNT|MGNI|PERI|PUBM|RAMP|TTD,APPS|BV|CMCM|CRTO|FLNT|MGNI|PERI|PUBM|RAMP|TTD
MAYS,10,10,1.32,-4.35,1.63,0.0,-0.36,-5.609999999999999,1.6800000000000002,1.2599999999999998,11.309999999999999,0.7,AMC|CBL|FRT|GME|KIM|MAC|O|REG|SPG|UE,AMC|CBL|FRT|GME|KIM|MAC|O|REG|SPG|UE
MAZE,0,0,17.46,-5.1,5.32,0.0,,,,,,,,
MB,0,0,4.74,-11.95,-24.46,2.94,,,,,,,,
MBAI,8,7,-13.59,-31.97,-39.42,0.0,0.81,14.34,-14.4,-46.31,-68.15,0.0,BNGO|CDNA|EXAS|FLGT|GH|MYGN|NTRA|OCGN,BNGO|CDNA|FLGT|GH|MYGN|NTRA|OCGN
MBBC,0,0,0.97,0.13,1.37,0.0,,,,,,,,
MBC,9,6,8.58,-22.64,-22.81,0.0,0.13,-6.7,8.45,-15.940000000000001,-14.304999999999998,1.0,AOS|BSET|HNI|LEG|LZB|SCS|SGI|SNBR|WHR,AOS|BSET|HNI|LZB|SGI|WHR
MBI,10,10,-0.66,-8.15,-27.84,0.0,-2.315,-5.85,1.6549999999999998,-2.3000000000000007,-28.77,0.9,ACGL|AGO|AIG|ESNT|GNW|KG|MTG|NMIH|ORI|RDN,ACGL|AGO|AIG|ESNT|GNW|KG|MTG|NMIH|ORI|RDN
MBIN,10,9,-2.39,-5.01,2.66,0.0,-3.03,-3.56,0.6399999999999997,-1.4499999999999997,6.83,0.6666666666666666,ASB|CAC|FMBH|FNB|FULT|HBAN|ONB|OPOF|SST|WSBC,ASB|CAC|FMBH|FNB|FULT|HBAN|ONB|SST|WSBC
MBIO,10,7,2.28,-7.24,-26.93,0.0,-0.41,-9.1,2.69,1.8599999999999994,-29.49,1.0,ADAP|BLUE|CLLS|CRSP|EDIT|FATE|IOVA|NTLA|PGEN|SGMO,CLLS|CRSP|EDIT|FATE|IOVA|NTLA|PGEN
MBLY,10,10,-5.72,-12.67,-3.56,-0.39,1.955,5.855,-7.675,-18.525,-2.55,0.0,AAPL|AMD|AVGO|GOOGL|INTC|MSFT|NVDA|QCOM|TSLA|TXN,AAPL|AMD|AVGO|GOOGL|INTC|MSFT|NVDA|QCOM|TSLA|TXN
MBOT,10,10,-8.45,-13.33,-26.55,-0.76,-0.5800000000000001,-4.145,-7.869999999999999,-9.185,-31.94,0.0,ABT|BDX|EW|GMED|ISRG|MDT|SYK|TMO|WAT|ZBH,ABT|BDX|EW|GMED|ISRG|MDT|SYK|TMO|WAT|ZBH
MBRX,10,7,-32.31,-13.58,-82.34,0.02,-0.78,-4.17,-31.53,-9.41,-61.040000000000006,0.0,ADAP|AFMD|AVIR|BYSI|FATE|HOOK|IMMP|KPTI|TGTX|XFOR,AVIR|BYSI|FATE|IMMP|KPTI|TGTX|XFOR
MBUU,10,9,-0.51,-21.24,-15.26,0.0,-1.44,-10.67,0.9299999999999999,-10.569999999999999,0.41000000000000014,0.5555555555555556,BC|CWH|HAS|HUM|HZO|LFVN|MCFT|MPX|OSW|YETI,BC|CWH|HAS|HUM|HZO|LFVN|MCFT|OSW|YETI
MBVI,0,0,0.0,0.1,0.99,0.0,,,,,,,,
MBWM,10,9,-3.09,-2.7,5.18,0.0,-2.41,-2.87,-0.6799999999999997,0.16999999999999993,2.8899999999999997,0.0,CAC|CCNE|CUBI|FMBH|FULT|HBNC|HTBK|MPB|MSBI|TMP,CAC|CCNE|CUBI|FMBH|FULT|HBNC|MPB|MSBI|TMP
MBX,0,0,-5.98,-12.8,19.61,0.0,,,,,,,,
MC,10,10,-1.37,-15.07,-10.7,0.0,-1.625,-10.4,0.2549999999999999,-4.67,-4.244999999999999,0.5,BAC|C|EVR|GS|LAZ|MS|OPY|PJT|RJF|SF,BAC|C|EVR|GS|LAZ|MS|OPY|PJT|RJF|SF
MCB,10,9,-2.24,-3.03,-10.0,0.0,-3.44,-7.5,1.1999999999999997,4.470000000000001,-1.83,0.7777777777777778,BAC|BK|C|GS|JPM|MS|PNC|TFC|USB|WFC,BAC|C|GS|JPM|MS|PNC|TFC|USB|WFC
MCBS,10,9,-1.85,-2.99,-2.05,0.0,-2.33,-3.56,0.48,0.5699999999999998,-1.8699999999999999,0.5555555555555556,BANF|BYFC|FFIC|HNNA|INBK|LOAN|MBWM|PEBO|SFST|UNB,BANF|BYFC|HNNA|INBK|LOAN|MBWM|PEBO|SFST|UNB
MCD,9,9,-3.84,-10.88,-9.68,0.26,1.89,-12.71,-5.7299999999999995,1.83,-9.59,0.0,CMG|DRI|EAT|JACK|QSR|SBUX|SHAK|WEN|YUM,CMG|DRI|EAT|JACK|QSR|SBUX|SHAK|WEN|YUM
MCFT,10,9,2.35,-21.63,-21.4,0.0,0.15,-11.2,2.2,-10.43,-5.729999999999999,0.7777777777777778,BC|HZO|KNX|LAD|LMB|MPX|OSW|PII|SWIM|YETI,BC|HZO|KNX|LAD|LMB|OSW|PII|SWIM|YETI
MCGA,0,0,0.14,0.68,1.37,0.0,,,,,,,,
MCHB,10,10,-2.15,-7.18,-4.28,0.0,-3.54,-6.8100000000000005,1.3900000000000001,-0.3699999999999992,2.7800000000000002,0.8,BAC|C|CFG|FITB|JPM|KEY|PNC|TFC|USB|WFC,BAC|C|CFG|FITB|JPM|KEY|PNC|TFC|USB|WFC
MCHP,10,10,4.93,1.1,-21.05,-1.62,4.65,4.205,0.27999999999999936,-3.105,-11.27,0.7,ADI|AMD|AVGO|INTC|MRVL|NVDA|NXPI|ON|QCOM|TXN,ADI|AMD|AVGO|INTC|MRVL|NVDA|NXPI|ON|QCOM|TXN
MCHX,9,9,3.1,-24.43,-10.74,0.0,-0.8,-0.5,3.9000000000000004,-23.93,-30.64,0.7777777777777778,APPS|DOCU|EGHT|FUBO|MGNI|PERI|RAMP|TTD|YEXT,APPS|DOCU|EGHT|FUBO|MGNI|PERI|RAMP|TTD|YEXT
MCK,8,7,-0.77,0.77,14.87,0.0,-1.58,-4.37,0.81,5.140000000000001,17.419999999999998,0.5714285714285714,CAH|CI|COR|CVS|HCA|OHI|UHS|WBA,CAH|CI|COR|CVS|HCA|OHI|UHS
MCO,10,10,2.44,-7.79,7.82,-0.15,0.39,-4.88,2.05,-2.91,-12.809999999999999,0.9,BR|CME|FDS|ICE|MA|MORN|MSCI|NDAQ|SPGI|V,BR|CME|FDS|ICE|MA|MORN|MSCI|NDAQ|SPGI|V
MCRB,10,8,-1.0,-18.82,-40.7,7.09,-1.345,-12.89,0.345,-5.93,-38.425000000000004,0.5,ADPT|BLUE|BPMC|CLRB|CRSP|EDIT|FATE|NTLA|SANA|XBIO,ADPT|CLRB|CRSP|EDIT|FATE|NTLA|SANA|XBIO
MCRI,10,9,-4.75,-5.4,-9.64,0.0,-2.65,-13.69,-2.1,8.29,7.809999999999999,0.3333333333333333,BALY|BYD|CHDN|CZR|GDEN|LVS|MGM|PENN|RRR|WYNN,BALY|BYD|CHDN|CZR|LVS|MGM|PENN|RRR|WYNN
MCRP,0,0,-2.06,-27.44,-54.18,-5.42,,,,,,,,
MCS,10,10,0.94,-10.06,18.8,0.0,0.18,-6.859999999999999,0.76,-3.200000000000001,21.985,0.6,AMC|CNK|DIS|FUN|IMAX|LYV|MGM|MTN|NCMI|RGC,AMC|CNK|DIS|FUN|IMAX|LYV|MGM|MTN|NCMI|RGC
MCY,10,10,-4.01,-7.94,-8.55,0.0,-4.1,-5.645,0.08999999999999986,-2.295000000000001,-6.16,0.5,AIG|ALL|CB|CINF|HIG|KMPR|L|PGR|TRV|WRB,AIG|ALL|CB|CINF|HIG|KMPR|L|PGR|TRV|WRB
MD,10,9,-1.03,-2.78,6.77,0.0,0.35,-0.73,-1.38,-2.05,-7.450000000000001,0.4444444444444444,ACHC|ADUS|BKD|CYH|EHC|ENSG|HCA|SEM|THC|UHS,ACHC|ADUS|BKD|CYH|EHC|ENSG|HCA|THC|UHS
MDAI,10,7,5.66,3.07,0.6,1.2,7.36,-4.22,-1.7000000000000002,7.289999999999999,-4.380000000000001,0.42857142857142855,APYX|AXDX|BMRA|DERM|FAT|HYPD|KALA|PAVM|VERO|XGN,APYX|BMRA|DERM|HYPD|KALA|PAVM|XGN
MDB,10,10,7.26,4.22,43.49,-1.48,-2.335,0.04500000000000004,9.594999999999999,4.175,8.21,1.0,AMZN|CRM|GOOGL|HPE|IBM|MSFT|NOW|ORCL|SAP|SNOW,AMZN|CRM|GOOGL|HPE|IBM|MSFT|NOW|ORCL|SAP|SNOW
MDBH,10,9,-6.37,-21.51,-9.91,0.0,-2.81,-6.74,-3.56,-14.770000000000001,-6.0600000000000005,0.0,BAC|BK|C|GS|JPM|MS|SCHW|STT|USB|WFC,BAC|C|GS|JPM|MS|SCHW|STT|USB|WFC
MDCX,0,0,-7.09,-39.27,-64.38,-0.56,,,,,,,,
MDGL,10,9,-3.95,0.22,-0.1,0.05,-3.16,-12.45,-0.79,12.67,12.8,0.4444444444444444,AKRO|ENTA|GILD|LXRX|NBIX|NBP|RDHL|SLDB|TSHA|VKTX,ENTA|GILD|LXRX|NBIX|NBP|RDHL|SLDB|TSHA|VKTX
MDIA,10,8,1.85,3.77,39.24,0.0,-0.565,-8.99,2.415,12.76,39.800000000000004,0.875,CMLS|GTN|IHRT|NXST|ROKU|SBGI|SIRI|SONO|SPB|TGNA,GTN|IHRT|NXST|ROKU|SBGI|SIRI|SONO|SPB
MDLN,0,0,6.66,-3.87,-9.29,-0.12,,,,,,,,
MDLZ,10,9,-0.52,-2.02,0.85,0.46,-2.94,-9.8,2.42,7.780000000000001,5.29,0.8888888888888888,CAG|CPB|GIS|HRL|HSY|K|KHC|MKC|MZTI|POST,CAG|CPB|GIS|HRL|HSY|KHC|MKC|MZTI|POST
MDRR,10,9,2.07,4.49,4.49,0.0,-1.9,-10.81,3.9699999999999998,15.3,9.36,1.0,BXP|EPR|FPI|GNL|NNN|O|PGRE|SLG|VNO|WPC,BXP|EPR|FPI|GNL|NNN|O|SLG|VNO|WPC
MDT,10,10,-3.74,-2.02,10.9,0.0,0.095,-8.725,-3.8350000000000004,6.705,11.42,0.0,ABT|ALGN|BAX|BDX|BSX|EW|ISRG|SNN|SYK|ZBH,ABT|ALGN|BAX|BDX|BSX|EW|ISRG|SNN|SYK|ZBH
MDU,10,10,-1.39,-7.87,-15.1,0.0,-4.035,-7.32,2.6450000000000005,-0.5499999999999998,-1.3899999999999988,0.9,AEP|CMS|DTE|ES|ETR|NI|NRG|PPL|WEC|XEL,AEP|CMS|DTE|ES|ETR|NI|NRG|PPL|WEC|XEL
MDWD,10,8,3.25,5.0,-8.08,0.0,-0.735,-4.85,3.985,9.85,-10.93,0.875,ABEO|AVIR|CLGN|DERM|LRMR|MRNS|OCGN|UBX|VRCA|XCUR,ABEO|AVIR|CLGN|DERM|LRMR|OCGN|VRCA|XCUR
MDXG,10,9,2.76,11.04,26.49,1.03,-0.04,-4.22,2.8,15.259999999999998,13.799999999999999,0.7777777777777778,APYX|AXGN|BIO|CNMD|CYRX|HAE|PODD|RGEN|SAGE|VRTX,APYX|AXGN|BIO|CNMD|CYRX|HAE|PODD|RGEN|VRTX
MDXH,10,9,-11.05,-18.32,28.88,0.0,-0.04,0.44,-11.010000000000002,-18.76,16.299999999999997,0.0,AZN|BIO|CRSP|EXAS|FLGT|GH|ILMN|NTRA|QGEN|VCYT,AZN|BIO|CRSP|FLGT|GH|ILMN|NTRA|QGEN|VCYT
MEC,10,10,0.75,-17.53,-49.26,0.0,3.07,-3.825,-2.32,-13.705000000000002,-40.705,0.2,ASTE|ATRO|B|CMCO|CR|HURC|MTRN|NPO|VPG|WLDN,ASTE|ATRO|B|CMCO|CR|HURC|MTRN|NPO|VPG|WLDN
MED,10,9,-0.08,-0.42,15.35,0.0,-3.41,-8.77,3.33,8.35,29.71,0.8888888888888888,BRBR|FARM|HAIN|HLF|INGR|LWAY|MZTI|POST|USNA|WW,BRBR|HAIN|HLF|INGR|LWAY|MZTI|POST|USNA|WW
MEDP,10,9,0.32,0.5,18.69,0.0,-0.41,-5.58,0.73,6.08,2.2200000000000024,0.6666666666666666,ALLO|CRL|CTLT|FATE|ICON|INCY|IQV|KOD|LH|ONC,ALLO|CRL|FATE|ICON|INCY|IQV|KOD|LH|ONC
MEGL,10,10,-6.25,-10.26,-9.87,-6.26,-2.4,-4.615,-3.85,-5.645,-8.325,0.0,BAC|C|CME|GS|ICE|JPM|MS|NDAQ|SCHW|WFC,BAC|C|CME|GS|ICE|JPM|MS|NDAQ|SCHW|WFC
MEI,10,10,8.65,-8.47,-18.39,-0.94,4.085,2.55,4.565,-11.02,-4.210000000000001,1.0,A|ADI|APH|AVT|GLW|JBL|MCHP|NXPI|TEL|TTMI,A|ADI|APH|AVT|GLW|JBL|MCHP|NXPI|TEL|TTMI
MELI,10,10,-1.92,-10.36,10.55,-0.51,0.8450000000000001,-9.11,-2.765,-1.25,3.1900000000000004,0.1,AMZN|BABA|CPNG|EBAY|ETSY|JD|PDD|SE|SHOP|WMT,AMZN|BABA|CPNG|EBAY|ETSY|JD|PDD|SE|SHOP|WMT
MENS,0,0,3.88,-3.6,22.99,0.0,,,,,,,,
MEOH,10,10,-3.16,3.54,21.81,-0.08,-0.515,-4.529999999999999,-2.645,8.07,25.235,0.2,ASH|CE|DOW|EMN|HUN|IFF|LYB|OLN|PPG|WLK,ASH|CE|DOW|EMN|HUN|IFF|LYB|OLN|PPG|WLK
MERC,10,10,-10.46,-19.3,-51.38,6.66,0.29,-9.525,-10.75,-9.775,-43.415000000000006,0.0,CR|GPK|IP|MATW|MYE|OC|PKG|RYN|SLGN|SON,CR|GPK|IP|MATW|MYE|OC|PKG|RYN|SLGN|SON
MESO,10,8,6.11,-8.11,-1.67,0.0,-5.1,-6.365,11.21,-1.7449999999999992,16.104999999999997,1.0,ALNY|BLUE|BMRN|CYTK|FATE|IONS|KPTI|SGMO|SRPT|TVRD,ALNY|BMRN|CYTK|FATE|IONS|KPTI|SRPT|TVRD
MET,9,9,-2.5,-0.99,12.16,-2.35,-1.35,-1.79,-1.15,0.8,5.61,0.3333333333333333,AFL|AIG|CNO|GL|LNC|PFG|PRU|UNM|VOYA,AFL|AIG|CNO|GL|LNC|PFG|PRU|UNM|VOYA
META,10,10,6.16,27.07,33.43,-2.63,-0.935,-4.56,7.095000000000001,31.63,21.955,1.0,AAPL|AMZN|GOOGL|MSFT|NFLX|PINS|RBLX|ROKU|SNAP|SPOT,AAPL|AMZN|GOOGL|MSFT|NFLX|PINS|RBLX|ROKU|SNAP|SPOT
METC,10,9,-6.31,-28.86,-27.35,-0.96,-1.7,-4.61,-4.609999999999999,-24.25,-34.38,0.0,AMR|ARCH|ARLP|BTU|CNR|CRS|HCC|NRP|SXC|TKO,AMR|ARLP|BTU|CNR|CRS|HCC|NRP|SXC|TKO
MFA,10,9,-2.74,-6.48,-14.15,-0.63,-1.57,-9.61,-1.1700000000000002,3.129999999999999,-4.18,0.2222222222222222,ADAM|AGNC|ARR|CHMI|DX|EFC|IVR|NLY|ORC|TWO,ADAM|AGNC|ARR|CHMI|DX|EFC|IVR|NLY|ORC
MFC,10,10,-1.02,1.0,8.51,0.0,-1.175,-1.02,0.15500000000000003,2.02,1.2300000000000004,0.5,AFL|AIG|BHF|CNO|LNC|MET|PFG|PRU|UNM|VOYA,AFL|AIG|BHF|CNO|LNC|MET|PFG|PRU|UNM|VOYA
MFG,10,10,-6.78,-0.86,7.61,-3.91,-3.54,-6.8100000000000005,-3.24,5.95,13.835,0.0,BAC|C|GS|JPM|MS|PNC|SMFG|TFC|USB|WFC,BAC|C|GS|JPM|MS|PNC|SMFG|TFC|USB|WFC
MFI,10,9,1.46,0.8,-3.19,0.0,-3.44,-7.5,4.9,8.3,4.98,1.0,BAC|BK|C|GS|JPM|MS|PNC|TFC|USB|WFC,BAC|C|GS|JPM|MS|PNC|TFC|USB|WFC
MFIC,10,10,-3.79,-8.22,-9.39,-0.22,-2.12,-5.26,-1.67,-2.960000000000001,-13.21,0.1,ARCC|CSWC|FDUS|GSBD|HTGC|MAIN|NMFC|PNNT|PSEC|SLRC,ARCC|CSWC|FDUS|GSBD|HTGC|MAIN|NMFC|PNNT|PSEC|SLRC
MFIN,10,8,-1.52,-2.34,17.35,1.39,-4.885,-8.995000000000001,3.3649999999999998,6.655000000000001,28.93,1.0,ALLY|CACC|COF|DFS|FG|LADR|MRCC|OFS|RM|SLM,ALLY|CACC|COF|FG|LADR|OFS|RM|SLM
MG,10,10,8.16,9.63,11.03,0.0,4.46,-1.165,3.7,10.795000000000002,13.979999999999999,0.9,DHR|EMR|GE|HON|IR|MMM|MTD|ROK|TDY|XYL,DHR|EMR|GE|HON|IR|MMM|MTD|ROK|TDY|XYL
MGA,10,9,-0.02,-6.0,-0.53,0.0,-2.76,-5.36,2.7399999999999998,-0.6399999999999997,10.67,0.8888888888888888,AAP|ALV|APTV|AXL|BWA|DAN|GNTX|LEA|TEN|VC,AAP|ALV|APTV|BWA|DAN|GNTX|LEA|TEN|VC
MGEE,10,10,-5.91,-10.67,-9.98,0.0,-3.83,-6.905,-2.08,-3.7649999999999997,3.7300000000000004,0.0,AEE|ATO|CMS|DTE|ES|LNT|NI|PEG|WEC|XEL,AEE|ATO|CMS|DTE|ES|LNT|NI|PEG|WEC|XEL
MGIH,10,9,-2.51,-3.13,1.39,-3.44,-2.71,-3.07,0.20000000000000018,-0.06000000000000005,-30.97,0.6666666666666666,ACN|ADBE|CRM|GOOGL|HUBS|IBM|IPG|MSFT|OMC|WPP,ACN|ADBE|CRM|GOOGL|HUBS|IBM|MSFT|OMC|WPP
MGLD,10,10,2.59,-5.88,-13.51,0.0,-4.6899999999999995,-11.23,7.279999999999999,5.3500000000000005,-16.46,1.0,AMP|CAR|HRB|JEF|LAZ|LPLA|MCO|MS|SCHW|SF,AMP|CAR|HRB|JEF|LAZ|LPLA|MCO|MS|SCHW|SF
MGM,10,10,-10.47,-20.86,-27.33,-9.38,-1.98,-13.620000000000001,-8.49,-7.239999999999998,-10.825,0.1,BALY|BYD|CHDN|CZR|FLL|LVS|MLCO|PENN|RRR|WYNN,BALY|BYD|CHDN|CZR|FLL|LVS|MLCO|PENN|RRR|WYNN
MGN,0,0,2.93,25.13,-32.65,-3.06,,,,,,,,
MGNI,10,10,1.18,2.12,31.55,0.0,-0.7350000000000001,-4.109999999999999,1.915,6.2299999999999995,29.18,0.7,ADT|APPS|CRTO|DV|FLNT|IZEA|PERI|PUBM|TTD|YEXT,ADT|APPS|CRTO|DV|FLNT|IZEA|PERI|PUBM|TTD|YEXT
MGNX,10,9,-6.86,-5.47,-20.5,0.0,-0.09,2.47,-6.7700000000000005,-7.9399999999999995,-42.19,0.0,AGEN|ALNY|DLTH|EXEL|GILD|INCY|MRNA|ONC|UBX|ZLAB,AGEN|ALNY|DLTH|EXEL|GILD|INCY|MRNA|ONC|ZLAB
MGPI,10,10,-9.89,-27.91,-22.79,0.0,-1.35,-9.04,-8.540000000000001,-18.87,-16.02,0.0,BF-B|BUD|CCU|DEO|KDP|MNST|PEP|SAM|STZ|TAP,BF-B|BUD|CCU|DEO|KDP|MNST|PEP|SAM|STZ|TAP
MGRC,10,9,1.82,-2.81,-7.02,0.0,-1.8,-5.45,3.62,2.64,-0.08999999999999986,0.8888888888888888,ALSN|FSS|HEES|HRI|MLR|OPLN|R|TEX|URI|WSC,ALSN|FSS|HRI|MLR|OPLN|R|TEX|URI|WSC
MGRT,0,0,1.69,27.16,55.82,0.0,,,,,,,,
MGRX,10,10,0.85,15.79,21.36,-0.02,-0.21,-2.4050000000000002,1.06,18.195,10.78,0.7,ABBV|AZN|BIIB|BMY|GILD|GSK|JNJ|LLY|MRK|PFE,ABBV|AZN|BIIB|BMY|GILD|GSK|JNJ|LLY|MRK|PFE
MGTX,10,7,-9.58,-20.91,2.34,0.43,-1.68,-14.95,-7.9,-5.960000000000001,1.98,0.0,ADVM|AGIO|ALLO|BLUE|BNTX|CLLS|CRSP|EDIT|EPIX|SRPT,AGIO|ALLO|BNTX|CLLS|CRSP|EDIT|SRPT
MGX,10,8,0.88,-5.79,-4.2,0.88,-0.84,-13.555,1.72,7.765,-3.12,0.75,ARCT|BEAM|CRSP|DNLI|EDIT|NTLA|PRME|SGMO|VERV|VRTX,ARCT|BEAM|CRSP|DNLI|EDIT|NTLA|PRME|VRTX
MGY,10,8,-3.89,-6.66,-9.26,1.06,-2.4050000000000002,-2.015,-1.4849999999999999,-4.645,-23.125,0.25,APA|COP|DVN|EOG|EQT|FANG|HES|MRO|OXY|SM,APA|COP|DVN|EOG|EQT|FANG|OXY|SM
MGYR,10,10,-0.16,-0.16,6.83,0.0,-2.87,-3.33,2.71,3.17,12.030000000000001,0.9,BBT|FNLC|GABC|HBAN|HUBB|NWBI|ONB|UBSI|WAL|ZION,BBT|FNLC|GABC|HBAN|HUBB|NWBI|ONB|UBSI|WAL|ZION
MH,0,0,3.23,-0.15,41.75,0.0,,,,,,,,
MHH,10,9,0.69,-1.75,-4.33,0.0,-4.03,-6.25,4.720000000000001,4.5,-23.86,0.8888888888888888,ACN|CTSH|DXC|EPAM|G|INFY|LDOS|LSCC|TCS|WIT,ACN|CTSH|DXC|EPAM|G|INFY|LDOS|LSCC|WIT
MHK,8,8,-6.3,-10.76,0.47,0.0,-0.515,-8.145,-5.785,-2.615,1.695,0.0,BSET|HD|HVT|LOW|RH|SHW|TILE|W,BSET|HD|HVT|LOW|RH|SHW|TILE|W
MHO,10,9,-1.93,-9.39,-13.26,0.0,-0.16,-9.48,-1.77,0.08999999999999986,3.4799999999999986,0.1111111111111111,BZH|DHI|KBH|LEN|LGIH|MTH|NVR|PHM|TMHC|TOL,BZH|DHI|KBH|LEN|LGIH|MTH|NVR|PHM|TOL
MI,10,9,10.23,-15.36,-78.44,-1.66,10.33,7.62,-0.09999999999999964,-22.98,-65.4,0.4444444444444444,ARBK|BITF|BTBT|CAN|COIN|HIVE|HUT|MARA|RIOT|SOS,ARBK|BTBT|CAN|COIN|HIVE|HUT|MARA|RIOT|SOS
MIAX,0,0,-5.65,-18.49,-1.64,0.0,,,,,,,,
MICC,0,0,1.58,-5.22,11.74,0.89,,,,,,,,
MIDD,10,10,-0.95,-3.45,-18.13,0.0,1.9700000000000002,-5.415,-2.92,1.9649999999999999,-12.459999999999999,0.1,AOS|CMCO|DOV|EMR|ITW|JBTM|MKC|PNR|TT|XYL,AOS|CMCO|DOV|EMR|ITW|JBTM|MKC|PNR|TT|XYL
MIMI,0,0,-7.86,-57.34,-75.17,2.45,,,,,,,,
MIND,10,10,7.69,3.23,-7.05,0.22,-1.565,-0.985,9.255,4.215,-16.05,1.0,BKR|CVX|FTI|HAL|INVX|NOV|OIS|RIG|SLB|XOM,BKR|CVX|FTI|HAL|INVX|NOV|OIS|RIG|SLB|XOM
MIR,10,10,3.41,11.58,-10.05,0.0,6.76,2.21,-3.3499999999999996,9.370000000000001,4.594999999999999,0.1,A|ADI|AMAT|KEYS|LRCX|NVMI|TDY|TER|VECO|ZBRA,A|ADI|AMAT|KEYS|LRCX|NVMI|TDY|TER|VECO|ZBRA
MIRA,8,8,19.19,8.83,-5.79,0.0,1.72,-8.115,17.470000000000002,16.945,-3.565,1.0,ACB|CGC|CRON|DFTX|IIPR|TLRY|TVRD|VFF,ACB|CGC|CRON|DFTX|IIPR|TLRY|TVRD|VFF
MIRM,10,7,-8.42,-7.73,-22.83,1.32,-3.95,-6.48,-4.47,-1.25,-22.729999999999997,0.0,AKRO|DVAX|ENTA|GILD|GLMD|MDGL|NBIX|PTCT|VKTX|VRTX,ENTA|GILD|MDGL|NBIX|PTCT|VKTX|VRTX
MIST,9,8,-3.06,-17.12,-32.13,0.0,-5.83,-11.575,2.77,-5.545000000000002,-18.715000000000003,0.625,ACAD|AXSM|BHVN|BPMC|IKT|KYNB|RARE|VTGN|XENE,ACAD|AXSM|BHVN|IKT|KYNB|RARE|VTGN|XENE
MITK,10,9,1.16,-2.89,-0.85,-1.07,-2.83,-10.85,3.99,7.959999999999999,-15.35,1.0,DOCU|EVRI|FIS|GPN|INTU|JKHY|MA|PYPL|V|XYZ,DOCU|FIS|GPN|INTU|JKHY|MA|PYPL|V|XYZ
MITQ,10,8,-4.93,-0.41,4.88,-6.29,-2.475,-4.035,-2.4549999999999996,3.625,-10.295000000000002,0.25,AMC|CNK|DIS|IMAX|LGF-A|LGF-B|NCMI|NFLX|RDI|SONY,AMC|CNK|DIS|IMAX|NCMI|NFLX|RDI|SONY
MITT,10,9,-2.97,-7.74,-23.17,0.16,-1.57,-9.09,-1.4000000000000001,1.3499999999999996,-9.900000000000002,0.1111111111111111,ARR|CIM|DX|EFC|IVR|MFA|NLY|ORC|STWD|TWO,ARR|CIM|DX|EFC|IVR|MFA|NLY|ORC|STWD
MKC,10,9,-4.69,-13.05,-2.03,-3.5,-2.44,-8.44,-2.2500000000000004,-4.610000000000001,0.16000000000000014,0.0,CAG|CHD|CPB|GIS|HRL|K|KHC|MDLZ|PEP|SYY,CAG|CHD|CPB|GIS|HRL|KHC|MDLZ|PEP|SYY
MKDW,10,10,-78.85,-86.52,-85.49,-0.64,-2.14,-1.45,-76.71,-85.07,-88.865,0.0,AAPL|ADBE|AMZN|CSCO|GOOGL|IBM|INTC|MSFT|NVDA|ORCL,AAPL|ADBE|AMZN|CSCO|GOOGL|IBM|INTC|MSFT|NVDA|ORCL
MKL,10,10,-2.56,-4.15,-8.34,0.0,-2.935,-2.0999999999999996,0.375,-2.0500000000000007,-6.085,0.5,AFL|AIG|ALL|BRK-B|CB|CINF|L|PGR|TRV|WRB,AFL|AIG|ALL|BRK-B|CB|CINF|L|PGR|TRV|WRB
MKLY,0,0,0.0,0.29,0.89,0.0,,,,,,,,
MKSI,10,9,6.79,-5.15,-37.48,-2.35,6.91,-0.17,-0.1200000000000001,-4.98,-7.619999999999997,0.3333333333333333,AEIS|AMAT|COHR|IPGP|KLAC|LRCX|NOVA|ON|TER|UCTT,AEIS|AMAT|COHR|IPGP|KLAC|LRCX|ON|TER|UCTT
MKTW,10,9,5.87,2.46,9.01,0.0,0.46,-6.24,5.41,8.7,0.39000000000000057,0.8888888888888888,DNB|EAF|FDS|MORN|MSCI|NDAQ|RELY|SPGI|TRU|VRSK,EAF|FDS|MORN|MSCI|NDAQ|RELY|SPGI|TRU|VRSK
MKTX,10,9,0.22,0.77,44.29,0.0,-0.58,-5.64,0.7999999999999999,6.41,39.769999999999996,0.5555555555555556,BAC|BK|CBOE|CME|GS|ICE|JPM|MS|MSGS|NDAQ,BAC|CBOE|CME|GS|ICE|JPM|MS|MSGS|NDAQ
MKZR,0,0,0.0,-10.16,-23.03,0.0,,,,,,,,
MLAB,10,10,4.29,4.12,35.1,-0.31,0.36,2.37,3.93,1.75,14.090000000000003,0.8,A|BIO|BRKR|COHR|IDXX|IQV|MTD|TECH|TMO|WAT,A|BIO|BRKR|COHR|IDXX|IQV|MTD|TECH|TMO|WAT
MLCI,0,0,4.06,6.73,15.62,0.0,,,,,,,,
MLCO,10,9,3.51,-13.55,-13.71,0.0,-2.65,-11.3,6.16,-2.25,1.629999999999999,0.8888888888888888,BALY|CHDN|CZR|GDEN|LVS|MCRI|MGM|PENN|RICK|WYNN,BALY|CHDN|CZR|LVS|MCRI|MGM|PENN|RICK|WYNN
MLEC,10,10,-9.79,-21.73,-26.82,-10.22,-4.485,-10.56,-5.304999999999999,-11.17,-25.15,0.1,ADM|BG|BYND|CAG|CALM|DAR|HRL|INGR|MKC|SMPL,ADM|BG|BYND|CAG|CALM|DAR|HRL|INGR|MKC|SMPL
MLGO,10,10,3.21,-14.2,-11.86,4.43,-2.0700000000000003,0.04500000000000004,5.28,-14.245,-16.375,0.9,AMZN|CRM|GOOGL|IBM|INTC|MSFT|NVDA|ORCL|SAP|TSLA,AMZN|CRM|GOOGL|IBM|INTC|MSFT|NVDA|ORCL|SAP|TSLA
MLI,10,10,-0.35,-4.92,-9.39,0.0,1.55,-4.404999999999999,-1.9,-0.5150000000000006,3.834999999999999,0.3,AAON|AMRC|AOS|APOG|ATKR|B|CSL|EME|GFF|JBTM,AAON|AMRC|AOS|APOG|ATKR|B|CSL|EME|GFF|JBTM
MLKN,10,8,-5.34,-13.86,3.68,-0.1,0.83,-9.219999999999999,-6.17,-4.640000000000001,2.555,0.125,ADSK|AIT|FUL|HNI|MSA|SCS|SWK|TGLS|WBS|WFCF,ADSK|AIT|FUL|HNI|MSA|SWK|TGLS|WFCF
MLM,8,7,-0.9,-7.85,-22.09,-0.09,-0.61,-11.09,-0.29000000000000004,3.24,-2.039999999999999,0.42857142857142855,CRH|CX|EXP|HEI|JHX|ORI|SUM|VMC,CRH|CX|EXP|HEI|JHX|ORI|VMC
MLP,10,9,1.82,2.86,-8.57,0.0,-0.94,-3.11,2.76,5.97,-3.8600000000000003,1.0,AGRO|ALEX|CRESY|CTO|FPH|FPI|LAND|LMNR|REZI|TRC,AGRO|CRESY|CTO|FPH|FPI|LAND|LMNR|REZI|TRC
MLR,10,10,-0.55,-4.51,6.69,0.0,-0.89,-8.285,0.33999999999999997,3.7750000000000004,13.325,0.6,AGCO|ALSN|CAT|CMI|DE|F|OSK|PCAR|TEX|WAB,AGCO|ALSN|CAT|CMI|DE|F|OSK|PCAR|TEX|WAB
MLSS,10,10,4.0,-12.05,34.24,0.0,-1.6749999999999998,-10.059999999999999,5.675,-1.990000000000002,43.260000000000005,0.9,ALGN|BSX|IART|MDT|NVST|PENN|STE|SYK|XRAY|ZBH,ALGN|BSX|IART|MDT|NVST|PENN|STE|SYK|XRAY|ZBH
MLTX,10,9,3.53,-16.07,-35.5,0.0,0.13,-0.16,3.4,-15.91,-50.42,0.6666666666666666,ALNY|AMGN|BIIB|BLUE|BMRN|GILD|INCY|REGN|SRPT|VRTX,ALNY|AMGN|BIIB|BMRN|GILD|INCY|REGN|SRPT|VRTX
MLYS,10,9,-2.36,6.41,4.33,0.0,-0.38,-7.81,-1.98,14.219999999999999,10.48,0.1111111111111111,ACXP|AKBA|ARDX|ATHE|CRVS|EOLS|ESPR|FENC|KNSA|PDSB,ACXP|AKBA|ARDX|ATHE|CRVS|EOLS|FENC|KNSA|PDSB
MMA,10,10,7.28,-13.34,-17.0,0.0,0.94,-5.065,6.34,-8.274999999999999,-12.57,1.0,AHT|APLE|CLDT|DRH|HST|INN|PEB|PK|RLJ|SHO,AHT|APLE|CLDT|DRH|HST|INN|PEB|PK|RLJ|SHO
MMI,10,10,-3.44,-7.25,1.38,0.0,-1.395,-8.305,-2.045,1.0549999999999997,2.78,0.1,CBRE|CIGI|CWK|FR|JLL|NMRK|PLD|REXR|STAG|TRNO,CBRE|CIGI|CWK|FR|JLL|NMRK|PLD|REXR|STAG|TRNO
MMLP,10,10,-2.41,-4.93,-3.27,0.0,-1.9100000000000001,-1.955,-0.5,-2.9749999999999996,-5.085,0.3,AM|ENB|EPD|ET|KMI|OKE|PAA|TRGP|WES|WMB,AM|ENB|EPD|ET|KMI|OKE|PAA|TRGP|WES|WMB
MMM,10,10,2.99,-5.42,0.99,-0.39,3.335,-2.635,-0.34499999999999975,-2.785,5.43,0.3,DOV|EMR|GE|HON|IR|ITW|PH|ROK|SWK|TEL,DOV|EMR|GE|HON|IR|ITW|PH|ROK|SWK|TEL
MMS,10,10,-6.63,-7.64,-5.27,0.0,-4.265000000000001,-6.46,-2.3649999999999993,-1.1799999999999997,-26.325,0.1,ACN|CTSH|DXC|EPAM|FCN|GIB|HCKT|LDOS|SAIC|WIT,ACN|CTSH|DXC|EPAM|FCN|GIB|HCKT|LDOS|SAIC|WIT
MMSI,10,9,1.08,-3.56,25.82,0.0,0.63,-9.37,0.45000000000000007,5.809999999999999,25.14,0.5555555555555556,ABT|BAX|BDX|BSX|EW|HOLX|ISRG|MDT|SYK|ZBH,ABT|BAX|BDX|BSX|EW|ISRG|MDT|SYK|ZBH
MMTX,0,0,0.2,0.29,0.79,0.0,,,,,,,,
MMYT,10,10,-2.24,-22.44,-9.46,0.0,-3.2849999999999997,-14.865,1.0449999999999995,-7.575000000000001,-4.0150000000000015,0.5,ABNB|BKNG|DPZ|EXPE|H|IHG|SABR|TCOM|TNL|TRIP,ABNB|BKNG|DPZ|EXPE|H|IHG|SABR|TCOM|TNL|TRIP
MNDO,10,10,-2.86,0.99,0.99,0.0,-2.735,-0.775,-0.125,1.7650000000000001,-31.355,0.4,ADBE|CRM|IBM|INTU|MSFT|NOW|ORCL|PEGA|SAP|WDAY,ADBE|CRM|IBM|INTU|MSFT|NOW|ORCL|PEGA|SAP|WDAY
MNDR,10,10,-8.33,-18.01,-57.2,-5.04,-1.3050000000000002,-1.7349999999999999,-7.025,-16.275000000000002,-49.18000000000001,0.0,AMWL|AMZN|CLOV|EVH|HIMS|HQY|MD|OMCL|PGNY|TDOC,AMWL|AMZN|CLOV|EVH|HIMS|HQY|MD|OMCL|PGNY|TDOC
MNDY,10,9,-5.82,-8.79,26.75,-1.64,-1.83,1.31,-3.99,-10.1,-29.810000000000002,0.0,ASAN|BOX|DOCU|HUBS|MSFT|NOW|PD|SMAR|TEAM|WDAY,ASAN|BOX|DOCU|HUBS|MSFT|NOW|PD|TEAM|WDAY
MNKD,10,9,-6.15,-19.23,-14.5,0.6,0.13,-9.76,-6.28,-9.47,-16.39,0.1111111111111111,ABT|DIOD|DNLI|GNFT|LLY|NVO|PFE|SNY|TNDM|VRTX,ABT|DIOD|DNLI|LLY|NVO|PFE|SNY|TNDM|VRTX
MNOV,10,10,-23.48,68.15,101.53,-5.71,0.020000000000000004,-6.115,-23.5,74.265,87.325,0.0,ACAD|AMGN|BIIB|BMY|GILD|INCY|MRK|NBIX|REGN|VRTX,ACAD|AMGN|BIIB|BMY|GILD|INCY|MRK|NBIX|REGN|VRTX
MNPR,10,6,-11.9,-19.74,0.44,0.0,-0.705,-15.94,-11.195,-3.799999999999999,17.705000000000002,0.16666666666666666,ADAP|ADVM|AFMD|CBIO|CTMX|CYCN|EYPT|FATE|MCRB|XBIT,CBIO|CTMX|EYPT|FATE|MCRB|XBIT
MNR,10,10,-3.85,-17.09,-16.29,0.0,-1.195,-1.5950000000000002,-2.6550000000000002,-15.495,-18.105,0.1,AM|ENB|EPD|ET|KMI|MPLX|OKE|PAA|TRGP|WMB,AM|ENB|EPD|ET|KMI|MPLX|OKE|PAA|TRGP|WMB
MNRO,10,10,16.33,2.08,-11.21,1.64,-1.86,-7.82,18.189999999999998,9.9,-8.025,1.0,AAP|ABG|AN|AZO|GPC|KMX|LAD|ORLY|PAG|SAH,AAP|ABG|AN|AZO|GPC|KMX|LAD|ORLY|PAG|SAH
MNSB,10,9,-0.76,-1.27,0.24,0.0,-2.98,-3.56,2.2199999999999998,2.29,-1.67,0.7777777777777778,ASRV|EVBN|FBK|FFBC|HTB|JBTM|PEBO|PFIS|SBFG|TMP,ASRV|FBK|FFBC|HTB|JBTM|PEBO|PFIS|SBFG|TMP
MNSO,10,10,2.79,-19.66,-19.95,0.73,-1.27,-4.63,4.0600000000000005,-15.030000000000001,-23.75,0.8,AMZN|BBY|BJ|BURL|COST|DG|DLTR|ROST|TGT|WMT,AMZN|BBY|BJ|BURL|COST|DG|DLTR|ROST|TGT|WMT
MNST,10,10,-1.2,-9.76,-8.22,0.15,1.33,-1.825,-2.5300000000000002,-7.935,-10.095,0.2,AMD|CELH|COTY|FIZZ|KDP|KO|LSCC|NVDA|PEP|TSLA,AMD|CELH|COTY|FIZZ|KDP|KO|LSCC|NVDA|PEP|TSLA
MNTK,9,9,4.55,26.37,53.33,1.1,-5.02,-9.9,9.57,36.27,82.78999999999999,1.0,AMRC|CSIQ|ENPH|FLNC|FSLR|NEE|ORA|RUN|SEDG,AMRC|CSIQ|ENPH|FLNC|FSLR|NEE|ORA|RUN|SEDG
MNTN,0,0,-9.53,-22.47,22.02,-2.94,,,,,,,,
MNTS,10,10,-3.69,-1.18,-42.42,-1.18,-1.97,-5.455,-1.72,4.275,-39.485,0.2,BA|IRDM|LHX|LMT|NOC|PL|RKLB|SATL|SPCE|SPIR,BA|IRDM|LHX|LMT|NOC|PL|RKLB|SATL|SPCE|SPIR
MNY,10,7,-9.81,-20.32,-26.51,0.0,-4.53,-9.01,-5.28,-11.31,-15.330000000000002,0.0,ALLY|COOP|EIG|ENVA|LPRO|MFIN|OMCC|OZK|SLM|WU,ALLY|EIG|ENVA|MFIN|OZK|SLM|WU
MO,5,5,-0.89,1.48,-5.64,0.19,0.46,-3.35,-1.35,4.83,3.63,0.4,BTI|PM|RLX|UVV|XXII,BTI|PM|RLX|UVV|XXII
MOB,10,10,1.48,-12.79,-1.5,-0.53,-3.15,-6.02,4.63,-6.77,4.6,1.0,AVAV|BA|GD|HII|LHX|LMT|MRCY|NOC|TDG|TXT,AVAV|BA|GD|HII|LHX|LMT|MRCY|NOC|TDG|TXT
MOBX,10,10,-13.56,-33.14,-58.08,1.1,3.215,2.18,-16.775,-35.32,-46.805,0.0,ADI|AVGO|MCHP|NXPI|ON|QRVO|SLAB|STM|SWKS|TXN,ADI|AVGO|MCHP|NXPI|ON|QRVO|SLAB|STM|SWKS|TXN
MOD,10,9,2.22,0.51,-33.38,-2.14,-2.76,-2.06,4.98,2.5700000000000003,-27.830000000000002,1.0,ADNT|ALV|AXL|BWA|DAN|LEA|LXFR|SMP|TEN|VC,ADNT|ALV|BWA|DAN|LEA|LXFR|SMP|TEN|VC
MODD,10,9,2.33,-41.95,-46.6,-0.9,-0.28,-6.61,2.6100000000000003,-35.34,-50.85,0.7777777777777778,ALGN|DXCM|ICUI|ITGR|MNKD|PODD|RSLS|SENS|TNDM|XWEL,ALGN|DXCM|ICUI|ITGR|MNKD|PODD|SENS|TNDM|XWEL
MOG-A,10,10,5.31,-0.59,-10.03,-0.13,-1.565,-6.609999999999999,6.875,6.02,-1.0349999999999984,1.0,BA|CW|GD|HEI|HON|HXL|LMT|NOC|TDG|TXT,BA|CW|GD|HEI|HON|HXL|LMT|NOC|TDG|TXT
MOGU,10,10,1.55,-4.12,14.11,-5.84,1.375,-8.245,0.17500000000000004,4.124999999999999,12.459999999999999,0.6,BABA|BILI|BZUN|JD|NTES|PDD|QFIN|TME|VIPS|WB,BABA|BILI|BZUN|JD|NTES|PDD|QFIN|TME|VIPS|WB
MOH,8,8,-7.85,-5.32,-12.52,-0.2,-0.425,-4.2,-7.425,-1.12,-10.114999999999998,0.0,ACHC|CI|CNC|EHTH|HCA|HUM|UHS|UNH,ACHC|CI|CNC|EHTH|HCA|HUM|UHS|UNH
MOLN,10,9,9.69,-2.27,13.16,0.0,-0.41,-2.61,10.1,0.33999999999999986,28.45,1.0,ALNY|ARWR|BPMC|EXEL|FATE|INCY|IONS|NBIX|RARE|SRPT,ALNY|ARWR|EXEL|FATE|INCY|IONS|NBIX|RARE|SRPT
MOMO,10,9,1.84,-13.52,-7.59,1.22,0.0,-6.06,1.84,-7.46,-8.89,0.6666666666666666,BMBL|DOYU|HUYA|IAC|JOYY|MTCH|PINS|SNAP|TME|WB,BMBL|DOYU|HUYA|JOYY|MTCH|PINS|SNAP|TME|WB
MORN,10,10,-1.16,-7.9,30.73,0.0,1.175,-7.015000000000001,-2.335,-0.8849999999999998,20.865000000000002,0.4,CRIS|FDS|ICE|MCO|MSCI|NDAQ|SCHW|SPGI|TRI|VRSK,CRIS|FDS|ICE|MCO|MSCI|NDAQ|SCHW|SPGI|TRI|VRSK
MOS,8,8,-2.82,1.66,13.55,1.24,-3.7649999999999997,-3.645,0.9449999999999998,5.305,4.595000000000001,0.75,ADM|APD|BCPC|CF|IPI|LXU|NTR|UAN,ADM|APD|BCPC|CF|IPI|LXU|NTR|UAN
MOV,10,8,0.91,-4.29,-12.62,0.0,2.32,-3.925,-1.4099999999999997,-0.3650000000000002,-7.795,0.375,FOSL|GES|NKE|PVH|RL|SHOO|SIG|SKX|TPR|VFC,FOSL|NKE|PVH|RL|SHOO|SIG|TPR|VFC
MOVE,10,8,4.58,32.95,-46.74,0.0,-2.795,-6.085,7.375,39.035000000000004,-44.935,1.0,DXCM|HOLX|IART|INMD|LIVN|MASI|NVCR|PODD|TNDM|ZBH,DXCM|IART|INMD|LIVN|NVCR|PODD|TNDM|ZBH
MP,1,0,-1.9,-19.49,-12.91,-0.92,,,,,,,REE,
MPAA,10,10,-0.85,-8.65,-29.65,0.0,-0.93,-5.1,0.08000000000000007,-3.5500000000000007,-22.645,0.5,AAP|AZO|BWA|DORM|GPC|LKQ|MOD|ORLY|SMP|TEN,AAP|AZO|BWA|DORM|GPC|LKQ|MOD|ORLY|SMP|TEN
MPB,10,10,-2.58,-3.44,4.7,0.0,-2.475,-2.555,-0.10499999999999998,-0.8849999999999998,4.925,0.5,BMRC|CIVB|CZNC|FULT|FUNC|MBWM|OCFC|STBA|TRST|UVSP,BMRC|CIVB|CZNC|FULT|FUNC|MBWM|OCFC|STBA|TRST|UVSP
MPC,7,7,-7.1,10.46,54.6,0.93,-5.2,9.04,-1.8999999999999995,1.4200000000000017,3.259999999999998,0.2857142857142857,CVI|DK|MUR|PBF|PSX|VLO|XOM,CVI|DK|MUR|PBF|PSX|VLO|XOM
MPLT,0,0,-5.53,-5.19,-64.86,0.0,,,,,,,,
MPLX,10,10,1.52,0.6,4.59,0.0,-1.775,-1.5950000000000002,3.295,2.1950000000000003,2.775,0.9,AM|ENB|EPD|ET|HESM|KMI|OKE|PAA|TRGP|WMB,AM|ENB|EPD|ET|HESM|KMI|OKE|PAA|TRGP|WMB
MPTI,10,10,-3.4,-7.0,-18.42,0.0,4.359999999999999,2.8449999999999998,-7.76,-9.844999999999999,-6.425000000000001,0.0,ADI|CTS|KN|LSCC|MPWR|NXPI|OLED|ROP|STM|TXN,ADI|CTS|KN|LSCC|MPWR|NXPI|OLED|ROP|STM|TXN
MPU,10,7,-13.47,-35.39,-57.61,0.0,2.42,4.96,-15.89,-40.35,-117.17,0.0,AMPL|AVPT|CFLT|DOMO|FROG|PD|PLAB|S|VRNT|ZS,AMPL|AVPT|FROG|PD|PLAB|S|ZS
MPWR,10,10,13.02,1.36,-8.1,-2.48,4.62,2.8449999999999998,8.399999999999999,-1.4849999999999997,7.154999999999999,1.0,ADI|AVGO|LSCC|MCHP|NXPI|ON|QRVO|STM|SWKS|TXN,ADI|AVGO|LSCC|MCHP|NXPI|ON|QRVO|STM|SWKS|TXN
MQ,10,10,1.32,-1.29,1.39,0.0,-3.495,-12.120000000000001,4.815,10.830000000000002,-5.5,1.0,AFRM|CDLX|DLO|FIS|FOUR|GPN|PYPL|RPAY|WEX|XYZ,AFRM|CDLX|DLO|FIS|FOUR|GPN|PYPL|RPAY|WEX|XYZ
MRAM,10,10,11.41,-6.41,-24.45,-3.45,7.605,4.205,3.8049999999999997,-10.615,-10.849999999999998,0.9,AMAT|AMD|INTC|MCHP|MU|NVDA|ON|STX|TXN|WDC,AMAT|AMD|INTC|MCHP|MU|NVDA|ON|STX|TXN|WDC
MRBK,10,10,-1.34,-2.64,-3.63,0.0,-2.495,-3.2350000000000003,1.155,0.5950000000000002,-3.15,0.7,CTBI|CVBF|FBNC|HTB|MSBI|OCFC|ONB|PFBC|SFBS|WSFS,CTBI|CVBF|FBNC|HTB|MSBI|OCFC|ONB|PFBC|SFBS|WSFS
MRCY,10,10,-4.03,-5.73,-21.65,-0.01,-3.15,-6.96,-0.8800000000000003,1.2299999999999995,-20.939999999999998,0.3,AVAV|BA|GD|HII|KTOS|LHX|LMT|NOC|RTX|TXT,AVAV|BA|GD|HII|KTOS|LHX|LMT|NOC|RTX|TXT
MREO,10,7,13.75,17.19,9.63,-3.03,-6.66,-0.92,20.41,18.110000000000003,-7.4,1.0,ADVM|CLSD|FATE|IMUX|KURA|MTEM|PRQR|RIGL|SRPT|XERS,FATE|IMUX|KURA|PRQR|RIGL|SRPT|XERS
MRK,10,10,0.21,-5.75,17.54,-0.42,-0.36,-5.715,0.57,-0.03500000000000014,11.66,0.6,ABBV|AMGN|AZN|BMY|GSK|JNJ|LLY|NVS|PFE|SNY,ABBV|AMGN|AZN|BMY|GSK|JNJ|LLY|NVS|PFE|SNY
MRKR,10,9,8.77,-17.33,-5.34,0.0,-1.68,-4.41,10.45,-12.919999999999998,3.75,0.8888888888888888,ADAP|AGEN|ALLO|CERS|IOVA|KPTI|MGNX|NVAX|TVRD|TXMD,AGEN|ALLO|CERS|IOVA|KPTI|MGNX|NVAX|TVRD|TXMD
MRM,10,8,-6.43,-22.64,-31.31,0.0,0.6799999999999999,0.535,-7.109999999999999,-23.175,-47.54,0.0,ACHC|ADUS|AMED|CYH|EHC|HCA|SEM|SGRY|THC|UHS,ACHC|ADUS|CYH|EHC|HCA|SGRY|THC|UHS
MRNA,10,10,11.98,11.44,196.23,-2.81,0.020000000000000004,0.185,11.96,11.254999999999999,182.02499999999998,1.0,ALNY|BIIB|BMRN|BNTX|GILD|INCY|NVAX|REGN|SRPT|VRTX,ALNY|BIIB|BMRN|BNTX|GILD|INCY|NVAX|REGN|SRPT|VRTX
MRNO,10,10,8.69,4.37,-1.65,-4.25,-1.22,-11.325,9.91,15.695,-4.125,1.0,APO|ARES|BAM|BLK|BX|C|CG|GS|KKR|MS,APO|ARES|BAM|BLK|BX|C|CG|GS|KKR|MS
MRP,0,0,-7.39,-12.13,-8.81,0.0,,,,,,,,
MRSH,6,6,-3.61,-12.48,2.66,0.0,-5.3,-15.385,1.69,2.9049999999999994,0.685,0.8333333333333334,AJG|AON|BRO|PGR|RYAN|TRV,AJG|AON|BRO|PGR|RYAN|TRV
MRT,10,8,-2.46,-6.6,20.0,0.0,-3.405,-16.06,0.9449999999999998,9.459999999999999,24.03,0.625,CARG|CVNA|EVGO|GOEV|HYFM|LCID|LYFT|NKLA|QS|UBER,CARG|CVNA|EVGO|HYFM|LCID|LYFT|QS|UBER
MRTN,10,10,-3.73,-10.22,-21.79,0.0,-1.48,-8.125,-2.25,-2.0950000000000006,-5.614999999999998,0.1,HTLD|JBHT|KNX|LSTR|ODFL|PATK|R|SNDR|ULH|WERN,HTLD|JBHT|KNX|LSTR|ODFL|PATK|R|SNDR|ULH|WERN
MRVI,10,9,7.75,-12.57,27.95,0.0,1.55,-0.75,6.2,-11.82,13.33,1.0,ACRS|ALDX|APLS|BIO|BIOX|BMRN|DHR|ILMN|RGEN|TMO,ACRS|ALDX|BIO|BIOX|BMRN|DHR|ILMN|RGEN|TMO
MRVL,10,10,4.76,4.93,-10.32,-3.33,4.65,4.205,0.10999999999999943,0.7249999999999996,-0.2699999999999996,0.6,ADI|AMD|AVGO|INTC|LRCX|MU|NVDA|NXPI|QCOM|TXN,ADI|AMD|AVGO|INTC|LRCX|MU|NVDA|NXPI|QCOM|TXN
MRX,10,10,-2.29,1.04,11.65,0.0,-1.35,-4.545,-0.94,5.585,5.875000000000001,0.4,BAC|C|COIN|GS|ICE|JPM|MKTX|MS|NDAQ|SCHW,BAC|C|COIN|GS|ICE|JPM|MKTX|MS|NDAQ|SCHW
MS,10,9,-2.81,-8.75,-10.51,-0.3,-3.38,-6.74,0.5699999999999998,-2.01,-6.98,0.5555555555555556,BAC|BK|C|GS|JPM|RJF|SCHW|STT|USB|WFC,BAC|C|GS|JPM|RJF|SCHW|STT|USB|WFC
MSA,10,10,1.68,-3.21,10.62,0.0,3.04,-2.09,-1.36,-1.12,9.17,0.3,AOS|DHR|EMR|ETN|HON|ITW|MMM|ROK|ROP|XYL,AOS|DHR|EMR|ETN|HON|ITW|MMM|ROK|ROP|XYL
MSAI,10,10,3.46,-8.69,-11.21,0.0,-0.795,2.8899999999999997,4.255,-11.579999999999998,-15.725000000000001,0.9,AAPL|AI|AMZN|GOOGL|IBM|INTC|MSFT|NVDA|ORCL|TSLA,AAPL|AI|AMZN|GOOGL|IBM|INTC|MSFT|NVDA|ORCL|TSLA
MSB,10,9,1.56,-13.28,-17.03,0.0,-1.76,-9.42,3.3200000000000003,-3.8599999999999994,-21.810000000000002,1.0,BHP|CLF|FCX|NEM|NUE|RIO|SCCO|STLD|VALE|X,BHP|CLF|FCX|NEM|NUE|RIO|SCCO|STLD|VALE
MSBI,10,10,-2.82,-1.23,7.29,0.0,-3.0599999999999996,-5.205,0.23999999999999977,3.975,12.215,0.8,ASB|BOH|CBSH|FFBC|FULT|HBAN|ONB|PNFP|SSB|TRMK,ASB|BOH|CBSH|FFBC|FULT|HBAN|ONB|PNFP|SSB|TRMK
MSC,10,10,-23.31,-58.99,-61.36,-4.99,-3.115,-17.1,-20.195,-41.89,-38.885,0.0,BYD|CHH|CZR|LVS|MGM|NCLH|PENN|RCL|WYNN|XPOF,BYD|CHH|CZR|LVS|MGM|NCLH|PENN|RCL|WYNN|XPOF
MSCI,10,10,2.21,-0.42,3.14,1.07,1.095,-4.734999999999999,1.115,4.3149999999999995,-5.079999999999998,0.8,CME|FDS|ICE|INFO|JPM|MCO|NDAQ|SPGI|TRU|VRSK,CME|FDS|ICE|INFO|JPM|MCO|NDAQ|SPGI|TRU|VRSK
MSDL,10,10,-2.17,-6.31,-4.26,0.0,-1.51,-3.79,-0.6599999999999999,-2.5199999999999996,-10.76,0.4,ARCC|CGBD|GSBD|HTGC|MAIN|NMFC|PSEC|SLRC|TCPC|TSLX,ARCC|CGBD|GSBD|HTGC|MAIN|NMFC|PSEC|SLRC|TCPC|TSLX
MSEX,10,10,-4.72,-9.79,-0.68,0.0,-2.185,-4.755,-2.5349999999999997,-5.034999999999999,-3.105,0.1,ARTNA|AWK|AWR|BMI|CWCO|CWT|DHR|HTO|WTRG|YORW,ARTNA|AWK|AWR|BMI|CWCO|CWT|DHR|HTO|WTRG|YORW
MSFT,10,10,0.08,1.31,41.18,-0.49,-2.705,-1.45,2.785,2.76,37.805,0.7,ADBE|AMZN|CRM|CSCO|GOOGL|IBM|INTC|NVDA|ORCL|PANW,ADBE|AMZN|CRM|CSCO|GOOGL|IBM|INTC|NVDA|ORCL|PANW
MSGE,10,9,-1.03,-1.38,2.59,0.0,-0.05,-7.09,-0.98,5.71,4.31,0.4444444444444444,AMC|CNK|DIS|EVRI|FUN|IMAX|LYV|MTN|RICK|XPOF,AMC|CNK|DIS|FUN|IMAX|LYV|MTN|RICK|XPOF
MSGM,8,7,1.16,7.41,7.67,0.0,1.68,0.89,-0.52,6.5200000000000005,1.3399999999999999,0.2857142857142857,CNK|EA|IMAX|NCTY|RBLX|TBCH|TTWO|U,CNK|IMAX|NCTY|RBLX|TBCH|TTWO|U
MSGS,9,9,0.31,-2.73,4.52,0.27,-1.13,-9.5,1.44,6.77,4.699999999999999,0.8888888888888888,AMCX|CHDN|CMCSA|DIS|FOX|FWONK|LYV|MTN|SGHC,AMCX|CHDN|CMCSA|DIS|FOX|FWONK|LYV|MTN|SGHC
MSGY,0,0,-1.45,-9.33,-49.0,0.49,,,,,,,,
MSI,9,8,0.23,-5.07,16.06,0.07,-1.325,0.2550000000000001,1.555,-5.325,23.875,0.75,ANET|CIEN|CSCO|ERIC|EXTR|FFIV|HPE|JNPR|NTGR,ANET|CIEN|CSCO|ERIC|EXTR|FFIV|HPE|NTGR
MSIF,0,0,0.49,-2.81,10.88,0.0,,,,,,,,
MSM,10,8,3.0,4.06,6.48,0.0,4.915,1.665,-1.915,2.3949999999999996,0.7550000000000008,0.125,AIT|BXC|DXPE|FAST|GWW|MRC|RYI|SCSC|WCC|WSO,AIT|BXC|DXPE|FAST|GWW|SCSC|WCC|WSO
MSN,10,10,0.02,4.3,41.15,7.63,-0.53,0.835,0.55,3.465,23.75,0.6,BBY|GPRO|HRB|JBL|LOGI|SBH|SONY|TBCH|UEIC|WHR,BBY|GPRO|HRB|JBL|LOGI|SBH|SONY|TBCH|UEIC|WHR
MSS,10,9,18.3,22.3,-44.56,-13.81,-2.46,-4.63,20.76,26.93,-47.88,1.0,AMZN|BBY|BJ|COST|DG|DLTR|KR|TGT|WBA|WMT,AMZN|BBY|BJ|COST|DG|DLTR|KR|TGT|WMT
MSTR,10,10,19.26,24.36,84.84,-2.76,-2.735,-1.45,21.995,25.81,43.940000000000005,1.0,ADBE|CRM|CTSH|IBM|INTU|MSFT|NOW|ORCL|SAP|WDAY,ADBE|CRM|CTSH|IBM|INTU|MSFT|NOW|ORCL|SAP|WDAY
MT,10,7,-4.15,-2.12,16.56,0.19,-2.45,0.56,-1.7000000000000002,-2.68,19.64,0.42857142857142855,ATI|CMC|GGB|HAYN|NUE|RS|STLD|TX|X|ZEUS,ATI|CMC|GGB|NUE|RS|STLD|TX
MTA,10,8,0.6,-10.84,46.03,0.8,-1.225,-7.455,1.8250000000000002,-3.385,24.64,0.75,EMX|FNV|GLDG|GROY|OR|RGLD|SAND|TFPM|VZLA|WPM,FNV|GLDG|GROY|OR|RGLD|TFPM|VZLA|WPM
MTB,10,10,-2.81,-8.49,-7.08,0.19,-3.54,-6.8100000000000005,0.73,-1.6799999999999997,-0.019999999999999574,0.7,BAC|C|FITB|JPM|KEY|PNC|RF|TFC|USB|WFC,BAC|C|FITB|JPM|KEY|PNC|RF|TFC|USB|WFC
MTC,10,10,-0.47,71.6,150.17,-5.64,-3.2300000000000004,-9.620000000000001,2.7600000000000007,81.22,138.23999999999998,0.8,CNS|EVR|FCN|FSV|GSHD|HURN|ICFI|IQV|IT|NSP,CNS|EVR|FCN|FSV|GSHD|HURN|ICFI|IQV|IT|NSP
MTCH,7,6,-7.11,-3.0,14.54,0.0,-3.585,-7.465,-3.5250000000000004,4.465,11.12,0.3333333333333333,BMBL|IAC|SNAP|SPOT|TME|XYZ|YALA,BMBL|SNAP|SPOT|TME|XYZ|YALA
MTD,9,9,5.81,6.42,20.02,0.0,0.46,2.54,5.35,3.88,-1.9800000000000004,1.0,A|BIO|BRKR|DHR|IART|ILMN|TECH|TMO|WAT,A|BIO|BRKR|DHR|IART|ILMN|TECH|TMO|WAT
MTDR,10,8,-8.1,-4.59,5.66,1.69,-1.425,-2.015,-6.675,-2.5749999999999997,-5.0600000000000005,0.0,APA|AR|DVN|EOG|FANG|HES|MRO|OXY|RRC|SM,APA|AR|DVN|EOG|FANG|OXY|RRC|SM
MTEK,10,10,0.11,-11.39,-15.18,0.0,7.355,1.405,-7.245,-12.795,3.990000000000002,0.1,CEVA|DAIO|DIOD|KRNT|LSCC|MPWR|ON|QUIK|SLAB|SYNA,CEVA|DAIO|DIOD|KRNT|LSCC|MPWR|ON|QUIK|SLAB|SYNA
MTEN,10,10,0.0,0.98,-38.32,1.98,-0.935,0.04500000000000004,0.935,0.9349999999999999,-42.835,0.6,AAPL|ADBE|AMZN|CSCO|GOOGL|IBM|INTC|MSFT|NVDA|TSLA,AAPL|ADBE|AMZN|CSCO|GOOGL|IBM|INTC|MSFT|NVDA|TSLA
MTEX,9,9,0.0,18.76,50.49,0.0,-1.6,-7.12,1.6,25.880000000000003,57.89,0.7777777777777778,AMTX|HLF|LRN|MED|NATR|NU|TXRH|USNA|WW,AMTX|HLF|LRN|MED|NATR|NU|TXRH|USNA|WW
MTG,10,10,-0.68,-5.79,8.32,0.0,-2.315,-5.455,1.6349999999999998,-0.33499999999999996,7.390000000000001,0.8,ACGL|AIG|CINF|ESNT|GNW|KMPR|NMIH|ORI|PRU|RDN,ACGL|AIG|CINF|ESNT|GNW|KMPR|NMIH|ORI|PRU|RDN
MTH,10,9,-0.16,-11.94,-22.49,0.0,-0.32,-8.58,0.16,-3.3599999999999994,-5.75,0.5555555555555556,BZH|DHI|HOV|KBH|LEN|LGIH|NVR|PHM|TMHC|TOL,BZH|DHI|HOV|KBH|LEN|LGIH|NVR|PHM|TOL
MTLS,10,7,3.77,19.43,20.15,0.0,-0.63,0.51,4.4,18.919999999999998,8.499999999999998,0.8571428571428571,ADSK|ALSN|CDMO|DDD|DM|MKFG|NNDM|PRLB|SSYS|VIVS,ADSK|ALSN|DDD|NNDM|PRLB|SSYS|VIVS
MTN,10,10,-0.05,-6.63,-2.9,0.0,-1.9249999999999998,-16.23,1.8749999999999998,9.600000000000001,9.845,0.6,BKNG|CHH|EXPE|FUN|HLT|MAR|MLCO|NCLH|PENN|PLNT,BKNG|CHH|EXPE|FUN|HLT|MAR|MLCO|NCLH|PENN|PLNT
MTNB,9,9,6.13,-12.32,-72.22,-1.14,-0.87,-5.88,7.0,-6.44,-74.67999999999999,0.7777777777777778,ACHV|AGEN|AMRN|ATNM|CLRB|LTBR|OCUL|VNDA|XERS,ACHV|AGEN|AMRN|ATNM|CLRB|LTBR|OCUL|VNDA|XERS
MTR,10,8,-3.27,-8.85,-25.71,0.0,-1.2,-0.44499999999999995,-2.0700000000000003,-8.405,-27.575,0.25,BPT|BSM|CRT|DMLP|MTRN|MTRX|MVO|PBT|SBR|SJT,BSM|CRT|DMLP|MTRN|MTRX|PBT|SBR|SJT
MTRN,10,9,0.83,8.62,-10.38,-0.86,-2.45,-0.63,3.2800000000000002,9.25,-1.0900000000000016,0.8888888888888888,ATI|CMC|CRS|HWM|KALU|NUE|RS|RSI|STLD|X,ATI|CMC|CRS|HWM|KALU|NUE|RS|RSI|STLD
MTRX,10,10,-1.21,-8.6,-26.91,0.0,-1.5350000000000001,-2.335,0.3250000000000002,-6.265,1.7100000000000009,0.6,AGX|DY|EME|FLR|KBR|MTZ|MYRG|ORN|PRIM|PWR,AGX|DY|EME|FLR|KBR|MTZ|MYRG|ORN|PRIM|PWR
MTSI,10,10,1.88,0.69,-31.29,-2.81,3.215,2.4,-1.335,-1.71,-22.619999999999997,0.5,ADI|AVGO|MCHP|MPWR|NXPI|ON|QRVO|SMTC|SWKS|TXN,ADI|AVGO|MCHP|MPWR|NXPI|ON|QRVO|SMTC|SWKS|TXN
MTUS,10,8,-2.9,-0.05,-4.34,0.0,-1.75,0.12000000000000002,-1.15,-0.17000000000000004,0.4850000000000003,0.25,ATI|CLF|CMC|HAYN|NUE|RS|SIM|STLD|TX|X,ATI|CLF|CMC|NUE|RS|SIM|STLD|TX
MTVA,0,0,0.63,-2.44,4.58,-1.84,,,,,,,,
MTW,10,10,2.33,14.78,54.63,-0.53,0.98,-0.625,1.35,15.405,65.35,0.8,AGCO|ASTE|CAT|CMI|DE|IEX|KMT|OSK|TEX|TWI,AGCO|ASTE|CAT|CMI|DE|IEX|KMT|OSK|TEX|TWI
MTX,10,10,-2.96,-7.02,-14.99,0.0,0.675,-4.779999999999999,-3.635,-2.24,-8.975,0.3,ALB|ASH|CE|HUN|IP|LIN|NUE|PPG|SHW|UAN,ALB|ASH|CE|HUN|IP|LIN|NUE|PPG|SHW|UAN
MTZ,10,10,3.22,-13.13,-46.86,-1.42,-1.7,-1.7400000000000002,4.92,-11.39,-33.614999999999995,0.8,ACM|DY|EME|FIX|FLR|J|MYRG|PRIM|PWR|TTEK,ACM|DY|EME|FIX|FLR|J|MYRG|PRIM|PWR|TTEK
MU,10,10,6.91,12.01,-13.89,-2.48,7.86,2.89,-0.9500000000000002,9.12,-1.8049999999999997,0.4,AMAT|AMD|AVGO|INTC|KLAC|LRCX|NVDA|QCOM|TXN|WDC,AMAT|AMD|AVGO|INTC|KLAC|LRCX|NVDA|QCOM|TXN|WDC
MUFG,10,10,-4.04,1.44,12.64,-1.18,-3.135,-5.265,-0.9050000000000002,6.705,16.330000000000002,0.2,BAC|C|GS|HSBC|JPM|MS|RY|TD|UBS|WFC,BAC|C|GS|HSBC|JPM|MS|RY|TD|UBS|WFC
MUR,10,8,-5.18,0.58,2.93,0.0,-1.78,0.5349999999999999,-3.3999999999999995,0.04500000000000004,-13.335,0.0,APA|COP|CVX|DVN|EOG|FANG|HES|MRO|OXY|XOM,APA|COP|CVX|DVN|EOG|FANG|OXY|XOM
MUSA,10,8,-2.98,-6.81,-3.15,0.2,-4.98,6.295,2.0000000000000004,-13.105,-53.115,0.75,CASY|CVI|DK|HES|MARPS|MRO|PARR|PSX|SUN|VLO,CASY|CVI|DK|MARPS|PARR|PSX|SUN|VLO
MUX,10,9,3.52,-10.42,10.45,0.0,-3.41,-13.65,6.93,3.2300000000000004,-13.07,0.8888888888888888,AEM|AU|B|EGO|GBR|IAG|KGC|NEM|SA|SAND,AEM|AU|B|EGO|GBR|IAG|KGC|NEM|SA
MVBF,10,7,-3.88,-1.85,4.36,0.0,-2.4,-2.32,-1.48,0.46999999999999975,-0.08999999999999986,0.0,ACNB|CAC|CFFI|CTBI|FFIC|FULT|HTLF|OPOF|THFF|TMP,ACNB|CAC|CFFI|CTBI|FULT|THFF|TMP
MVIS,10,10,-0.61,-4.71,-65.31,0.0,-1.055,-3.755,0.44499999999999995,-0.9550000000000001,-56.25,0.5,AEVA|ARBE|CODA|INVZ|LADR|LAZR|LIDR|MBLY|OUST|QS,AEVA|ARBE|CODA|INVZ|LADR|LAZR|LIDR|MBLY|OUST|QS
MVST,10,10,7.8,-12.12,-38.67,-1.0,-4.779999999999999,-2.03,12.579999999999998,-10.09,-26.330000000000002,0.9,BLDP|CBAT|CHPT|EOSE|FCEL|FLUX|PLUG|PRTS|SLDP|WKHS,BLDP|CBAT|CHPT|EOSE|FCEL|FLUX|PLUG|PRTS|SLDP|WKHS
MWA,10,10,-4.49,-13.64,-17.19,0.0,2.7199999999999998,-3.795,-7.21,-9.845,-16.880000000000003,0.0,AME|BMI|DOV|FSS|IEX|ITT|NDSN|PNR|WTS|XYL,AME|BMI|DOV|FSS|IEX|ITT|NDSN|PNR|WTS|XYL
MWG,10,10,-0.77,2.38,-5.84,0.0,-0.195,-4.48,-0.575,6.86,0.7949999999999999,0.4,AGCO|CAT|CMI|DE|F|MTW|OSK|PCAR|TEX|WAB,AGCO|CAT|CMI|DE|F|MTW|OSK|PCAR|TEX|WAB
MWYN,0,0,9.45,0.95,-3.64,0.0,,,,,,,,
MX,10,10,13.88,-2.14,-34.83,-0.62,4.65,3.615,9.23,-5.755000000000001,-21.229999999999997,1.0,ADI|AMKR|AVGO|MCHP|MU|NXPI|ON|QCOM|SWKS|TXN,ADI|AMKR|AVGO|MCHP|MU|NXPI|ON|QCOM|SWKS|TXN
MXC,10,8,-3.18,9.8,43.4,0.0,-2.4050000000000002,-2.015,-0.7749999999999999,11.815000000000001,29.534999999999997,0.375,APA|AR|DVN|EOG|FANG|HES|MRO|NOG|OXY|SM,APA|AR|DVN|EOG|FANG|NOG|OXY|SM
MXCT,9,8,0.85,-14.39,0.0,0.0,-2.015,-19.02,2.865,4.629999999999999,18.7,0.875,ABCL|ALLO|BEAM|CDXS|CRBU|CRSP|EDIT|NTLA|SGMO,ABCL|ALLO|BEAM|CDXS|CRBU|CRSP|EDIT|NTLA
MXL,10,10,7.47,21.44,-14.69,-4.42,3.215,4.205,4.255,17.235,-6.199999999999999,0.8,ADI|AMD|AVGO|INTC|NVDA|NXPI|ON|QRVO|SWKS|TXN,ADI|AMD|AVGO|INTC|NVDA|NXPI|ON|QRVO|SWKS|TXN
MYE,10,9,3.44,-4.79,7.1,0.0,0.81,-3.79,2.63,-1.0,16.65,0.7777777777777778,BHE|CR|DORM|ENS|GTLS|HNI|JBTM|KMT|MLI|PATK,BHE|CR|DORM|ENS|HNI|JBTM|KMT|MLI|PATK
MYFW,10,10,-0.16,-1.72,-1.24,0.0,-3.54,-6.85,3.38,5.13,5.970000000000001,1.0,BAC|C|CFG|FITB|JPM|KEY|PNC|RF|USB|WFC,BAC|C|CFG|FITB|JPM|KEY|PNC|RF|USB|WFC
MYGN,10,9,3.89,31.48,-23.18,0.0,-0.09,2.77,3.98,28.71,-51.91,0.8888888888888888,CDNA|CRSP|EXAS|GH|ILMN|INCY|NTLA|QGEN|TWST|TXG,CDNA|CRSP|GH|ILMN|INCY|NTLA|QGEN|TWST|TXG
MYND,10,10,14.53,-14.52,-14.34,0.0,-1.665,2.8899999999999997,16.195,-17.41,-40.239999999999995,1.0,AI|BBAI|CRM|GOOGL|MSFT|NVDA|PATH|PLTR|SNOW|SOFI,AI|BBAI|CRM|GOOGL|MSFT|NVDA|PATH|PLTR|SNOW|SOFI
MYO,10,9,21.05,8.78,49.07,-1.83,0.32,-4.47,20.73,13.25,35.24,1.0,ATEC|BLFS|INSP|OFIX|RCEL|SIBN|SRDX|STXS|TNDM|ZBH,ATEC|BLFS|INSP|OFIX|RCEL|SIBN|STXS|TNDM|ZBH
MYPS,9,7,-11.98,-12.35,-12.82,0.0,-1.96,-11.3,-10.02,-1.049999999999999,-7.92,0.0,CHDN|CZR|DKNG|EA|MGM|NTES|SKLZ|TTWO|U,CHDN|CZR|DKNG|MGM|NTES|TTWO|U
MYRG,10,10,7.19,-3.31,-37.21,0.0,-0.765,-0.47500000000000003,7.955,-2.835,-13.600000000000001,1.0,DY|EME|FIX|GVA|IESC|MTZ|ORN|PRIM|PWR|STRL,DY|EME|FIX|GVA|IESC|MTZ|ORN|PRIM|PWR|STRL
MYSE,10,9,-8.87,-35.92,-27.75,-0.9,1.84,9.33,-10.709999999999999,-45.25,-58.4,0.0,CRWD|CYBR|MOMO|OKTA|PANW|PINS|SNAP|TENB|ZM|ZS,CRWD|MOMO|OKTA|PANW|PINS|SNAP|TENB|ZM|ZS
MYSZ,10,10,-2.34,-28.08,-46.39,-1.3,2.34,8.094999999999999,-4.68,-36.175,-57.355000000000004,0.2,APPS|AUUD|CLBT|INTZ|PEGA|RDWR|RSKD|SMWB|TONX|TZOO,APPS|AUUD|CLBT|INTZ|PEGA|RDWR|RSKD|SMWB|TONX|TZOO
MZTI,10,9,-0.82,-11.78,-9.28,0.0,-4.26,-13.28,3.44,1.5,0.009999999999999787,1.0,FLO|HAIN|HRL|INGR|JJSF|MKC|POST|PPC|SFM|THS,FLO|HAIN|HRL|INGR|JJSF|MKC|POST|PPC|SFM
NAAS,10,10,10.5,4.27,10.68,0.0,-3.42,-4.225,13.92,8.495,13.49,1.0,BLNK|CHPT|EVGO|F|GM|HMC|LCID|RIVN|TSLA|WBX,BLNK|CHPT|EVGO|F|GM|HMC|LCID|RIVN|TSLA|WBX
NABL,10,8,7.79,15.28,27.69,0.0,-0.565,-4.3950000000000005,8.355,19.675,8.73,0.875,ADBE|ADSK|ANSS|AZPN|CDNS|CRM|MSFT|ORCL|PTC|SNPS,ADBE|ADSK|CDNS|CRM|MSFT|ORCL|PTC|SNPS
NAGE,10,10,0.33,-8.26,-9.37,0.0,-0.19499999999999995,-4.505000000000001,0.5249999999999999,-3.754999999999999,-15.285,0.5,ACET|AUPH|BMRN|CHD|GALT|MNOV|NBTX|PLX|PRGO|SCYX,ACET|AUPH|BMRN|CHD|GALT|MNOV|NBTX|PLX|PRGO|SCYX
NAII,10,9,-5.61,-14.35,-23.87,0.0,-1.44,-2.92,-4.17,-11.43,-15.760000000000002,0.1111111111111111,AMTX|HSDT|LFVN|MED|NATR|NBTB|NHTC|USNA|VTVT|ZYXI,AMTX|HSDT|LFVN|MED|NATR|NBTB|NHTC|USNA|VTVT
NAK,10,10,11.81,-20.67,-21.55,0.71,-3.56,-13.004999999999999,15.370000000000001,-7.665000000000003,-38.790000000000006,1.0,BTG|EXK|GFI|HL|IAG|KGC|MUX|NG|SA|TKO,BTG|EXK|GFI|HL|IAG|KGC|MUX|NG|SA|TKO
NAKA,10,9,8.12,28.35,132.66,-0.05,-1.17,-0.65,9.29,29.0,144.76,1.0,ACCD|ALHC|AMWL|CLOV|DOCS|EVH|HIMS|OSCR|SLP|TDOC,ALHC|AMWL|CLOV|DOCS|EVH|HIMS|OSCR|SLP|TDOC
NAMI,0,0,-18.84,-30.86,-61.29,4.35,,,,,,,,
NAMM,0,0,-0.79,-14.02,-25.88,3.18,,,,,,,,
NAMS,10,10,0.96,-19.02,-30.22,-2.38,0.16999999999999998,-3.625,0.79,-15.395,-44.535,0.6,AMGN|BIIB|BMY|GILD|JNJ|LLY|MRK|PFE|REGN|VRTX,AMGN|BIIB|BMY|GILD|JNJ|LLY|MRK|PFE|REGN|VRTX
NAT,10,10,-6.26,10.72,22.04,0.26,-5.404999999999999,3.935,-0.8550000000000004,6.785,1.9600000000000009,0.4,ASC|DHT|FRO|GLNG|GOGL|INSW|NMM|SFL|STNG|TNK,ASC|DHT|FRO|GLNG|GOGL|INSW|NMM|SFL|STNG|TNK
NATH,10,10,-4.33,-3.54,-6.34,0.0,-1.5100000000000002,-14.885,-2.82,11.344999999999999,-5.555,0.1,CMG|DPZ|JACK|MCD|QSR|RRGB|SHAK|WEN|WING|YUM,CMG|DPZ|JACK|MCD|QSR|RRGB|SHAK|WEN|WING|YUM
NATL,10,10,-0.67,-1.55,5.27,0.0,-4.43,-12.14,3.76,10.59,0.7299999999999995,0.9,ADP|BR|FICO|FIS|GPN|JKHY|JPM|PAYX|WU|XYZ,ADP|BR|FICO|FIS|GPN|JKHY|JPM|PAYX|WU|XYZ
NATR,10,9,-1.6,-9.23,-37.69,-0.54,0.66,-0.42,-2.2600000000000002,-8.81,-37.94,0.2222222222222222,HLF|IPAR|LFVN|MED|NUS|PAHC|STKL|TRC|USNA|VFF,HLF|IPAR|LFVN|MED|NUS|PAHC|TRC|USNA|VFF
NAUT,10,8,-1.87,8.98,-59.58,0.0,1.115,10.23,-2.9850000000000003,-1.25,-95.815,0.25,CDNA|EXAS|GH|ILMN|OMIC|PACB|QDEL|QTRX|TWST|TXG,CDNA|GH|ILMN|PACB|QDEL|QTRX|TWST|TXG
NAVI,10,9,-7.01,-3.58,8.16,-0.11,-2.81,-8.98,-4.199999999999999,5.4,12.41,0.0,AIG|ALLY|CACC|CME|COF|DFS|MS|NLY|PRU|SLM,AIG|ALLY|CACC|CME|COF|MS|NLY|PRU|SLM
NAVN,0,0,-11.16,-32.88,-8.94,0.0,,,,,,,,
NB,10,9,-3.29,-21.03,-23.26,0.57,-1.9,-11.77,-1.3900000000000001,-9.260000000000002,-29.950000000000003,0.4444444444444444,ALB|FCX|HMY|LAC|MP|PLL|SCCO|SQM|SVM|TAK,ALB|FCX|HMY|LAC|MP|SCCO|SQM|SVM|TAK
NBBK,10,10,-1.5,-0.53,6.57,0.0,-3.165,-7.865,1.665,7.335,12.795,0.9,BAC|C|COF|GS|JPM|MS|PNC|TFC|USB|WFC,BAC|C|COF|GS|JPM|MS|PNC|TFC|USB|WFC
NBHC,10,10,-1.73,-2.08,-9.17,1.43,-3.645,-6.8100000000000005,1.915,4.73,-2.1099999999999994,0.8,BAC|C|CFG|FITB|JPM|PNC|RF|TFC|USB|WFC,BAC|C|CFG|FITB|JPM|PNC|RF|TFC|USB|WFC
NBIS,0,0,2.62,0.78,-12.83,-1.28,,,,,,,,
NBIX,10,9,-8.4,-9.32,-15.29,-0.29,-0.09,-0.16,-8.31,-9.16,-22.96,0.0,ACAD|ALNY|BIIB|EXEL|GILD|INCY|IONS|REGN|SAGE|VRTX,ACAD|ALNY|BIIB|EXEL|GILD|INCY|IONS|REGN|VRTX
NBN,10,9,-2.66,-0.4,0.41,0.0,-3.64,-6.74,0.98,6.34,4.69,0.7777777777777778,BAC|BK|C|CFG|JPM|PNC|STT|TFC|USB|WFC,BAC|C|CFG|JPM|PNC|STT|TFC|USB|WFC
NBP,10,10,-4.29,-19.17,-2.5,1.96,1.17,-5.82,-5.46,-13.350000000000001,-16.365000000000002,0.0,BBIO|CANF|HCM|LEGN|MRNA|OCGN|ONC|RGEN|TME|ZLAB,BBIO|CANF|HCM|LEGN|MRNA|OCGN|ONC|RGEN|TME|ZLAB
NBR,9,9,-3.45,-4.41,-0.33,1.0,-1.59,-4.52,-1.86,0.10999999999999943,-9.99,0.2222222222222222,BKR|FTI|HAL|HP|NE|OII|PTEN|RIG|SLB,BKR|FTI|HAL|HP|NE|OII|PTEN|RIG|SLB
NBTB,10,10,-2.17,-2.92,3.61,0.0,-2.63,-2.725,0.45999999999999996,-0.19499999999999984,0.48,0.6,BMRC|CHCO|CTBI|CZNC|FFBC|FULT|HBNC|TMP|TRST|UVSP,BMRC|CHCO|CTBI|CZNC|FFBC|FULT|HBNC|TMP|TRST|UVSP
NBTX,10,9,-1.39,-14.77,2.76,0.4,-1.74,-9.1,0.3500000000000001,-5.67,2.4,0.5555555555555556,BEAM|BMRN|CRSP|EDIT|FATE|IMTX|IONS|NTLA|SGMO|SRPT,BEAM|BMRN|CRSP|EDIT|FATE|IMTX|IONS|NTLA|SRPT
NC,10,9,-5.88,-11.34,-29.83,0.0,-1.7,-5.34,-4.18,-6.0,-36.86,0.1111111111111111,AMR|ARCH|ARLP|BTU|CNR|HCC|HNRG|METC|NRP|SXC,AMR|ARLP|BTU|CNR|HCC|HNRG|METC|NRP|SXC
NCDL,10,10,-2.96,-4.3,-3.37,0.0,-1.51,-3.9699999999999998,-1.45,-0.33000000000000007,-7.1899999999999995,0.2,ARCC|CGBD|FLEX|GBDC|GSBD|HTGC|PFLT|PNNT|SLRC|TSLX,ARCC|CGBD|FLEX|GBDC|GSBD|HTGC|PFLT|PNNT|SLRC|TSLX
NCEL,9,8,-15.63,-17.34,-20.33,0.0,0.050000000000000044,-8.675,-15.680000000000001,-8.665,5.780000000000001,0.125,ALDX|ANVS|ARDX|GNPX|HYPD|MNOV|OCUL|RLMD|VRNA,ALDX|ANVS|ARDX|GNPX|HYPD|MNOV|OCUL|RLMD
NCEW,0,0,-3.19,3.98,-10.53,0.0,,,,,,,,
NCI,10,10,9.86,7.75,28.63,0.0,-0.935,-0.18499999999999994,10.795,7.935,28.06,1.0,AAPL|AMZN|CSCO|GOOGL|INTC|MSFT|NFLX|NVDA|ORCL|TSLA,AAPL|AMZN|CSCO|GOOGL|INTC|MSFT|NFLX|NVDA|ORCL|TSLA
NCLH,10,10,-2.57,-18.77,-33.17,-1.13,-2.32,-16.08,-0.25,-2.6900000000000013,-23.525000000000002,0.5,BKNG|CCL|CHH|DIS|EXPE|HLT|LIND|MCS|RCL|TRIP,BKNG|CCL|CHH|DIS|EXPE|HLT|LIND|MCS|RCL|TRIP
NCMI,10,10,-5.98,-17.6,-38.55,0.0,1.575,-1.615,-7.555000000000001,-15.985000000000001,-53.339999999999996,0.0,AMC|CMCSA|CNK|DIS|EVI|IMAX|LYV|MCS|RDI|SNDL,AMC|CMCSA|CNK|DIS|EVI|IMAX|LYV|MCS|RDI|SNDL
NCNA,10,10,-0.75,-10.2,-17.5,0.76,0.955,-3.61,-1.705,-6.59,-31.815,0.1,ABBV|AMGN|BIIB|BMY|GILD|LLY|MRK|PFE|REGN|VRTX,ABBV|AMGN|BIIB|BMY|GILD|LLY|MRK|PFE|REGN|VRTX
NCNO,10,10,-11.26,-8.7,32.4,-1.2,-3.815,-10.82,-7.445,2.120000000000001,14.305,0.0,ACIW|ADBE|BR|FIS|INTU|JKHY|MORN|PAYC|SSNC|XYZ,ACIW|ADBE|BR|FIS|INTU|JKHY|MORN|PAYC|SSNC|XYZ
NCPL,10,10,146.85,139.66,166.79,32.77,-2.23,-9.64,149.07999999999998,149.3,184.70499999999998,1.0,ACHR|EVEX|MNTS|PL|QS|RDW|RKLB|SPCE|SPIR|SRTA,ACHR|EVEX|MNTS|PL|QS|RDW|RKLB|SPCE|SPIR|SRTA
NCRA,10,9,-4.04,9.2,-31.75,3.26,-3.4,-9.74,-0.6400000000000001,18.939999999999998,-26.27,0.2222222222222222,GIS|HRL|KHC|MKC|MZTI|POST|PPC|SYY|THS|TSN,GIS|HRL|KHC|MKC|MZTI|POST|PPC|SYY|TSN
NCT,0,0,-38.31,-95.11,-92.63,-2.58,,,,,,,,
NCTY,8,7,-6.15,-34.29,-26.06,0.0,10.33,10.7,-16.48,-44.989999999999995,-14.999999999999998,0.14285714285714285,ANY|BTBT|CAN|EBON|HUT|MARA|RIOT|SOS,BTBT|CAN|EBON|HUT|MARA|RIOT|SOS
NDAQ,10,10,4.61,-3.25,23.01,0.08,0.39,-3.64,4.220000000000001,0.3900000000000001,13.145000000000003,1.0,CBOE|CME|FDS|ICE|MKTX|MOOD|MSCI|NLY|SCHW|SPGI,CBOE|CME|FDS|ICE|MKTX|MOOD|MSCI|NLY|SCHW|SPGI
NDLS,10,10,-0.3,-16.63,-11.68,0.0,-0.375,-11.620000000000001,0.07500000000000001,-5.009999999999998,-10.44,0.5,BJRI|CAKE|CMG|DPZ|DRI|MCD|PZZA|QSR|WEN|YUM,BJRI|CAKE|CMG|DPZ|DRI|MCD|PZZA|QSR|WEN|YUM
NDMO,0,0,-3.05,-10.47,-14.6,0.0,,,,,,,,
NDRA,9,4,22.64,42.54,3.67,0.0,4.395,6.2,18.245,36.339999999999996,-51.405,1.0,AXDX|BFLY|BNBX|CASI|CDNA|DXCM|MRSN|TTOO|XGN,BFLY|CDNA|DXCM|XGN
NDSN,10,10,3.0,-3.74,5.4,-0.1,2.6550000000000002,-3.865,0.34499999999999975,0.125,8.735,0.5,AME|DOV|GWW|HON|IR|ITW|LECO|ROP|SWK|XYL,AME|DOV|GWW|HON|IR|ITW|LECO|ROP|SWK|XYL
NE,9,8,0.63,-2.96,13.91,0.0,-1.7650000000000001,-4.664999999999999,2.395,1.7049999999999992,5.6850000000000005,0.875,BKR|FTI|HAL|HLX|OII|RIG|SDRL|SLB|TDW,BKR|FTI|HAL|OII|RIG|SDRL|SLB|TDW
NECB,10,9,-2.98,-0.42,-1.6,0.0,-2.52,-4.89,-0.45999999999999996,4.47,7.0,0.4444444444444444,BKU|CNOB|FBIZ|FFIC|FLG|KRNY|OCFC|SFNC|TCBI|UBSI,BKU|CNOB|FBIZ|FLG|KRNY|OCFC|SFNC|TCBI|UBSI
NEE,10,10,-5.08,-8.39,-12.03,0.17,-3.96,-7.425000000000001,-1.12,-0.9649999999999999,1.075000000000001,0.1,AEP|D|DUK|ED|EIX|EXC|PCG|PEG|SO|SRE,AEP|D|DUK|ED|EIX|EXC|PCG|PEG|SO|SRE
NEGG,10,10,8.74,-20.67,-14.74,0.0,-1.81,-2.81,10.55,-17.860000000000003,-18.54,1.0,AMZN|BBY|CDW|COST|EBAY|FLWS|M|TGT|W|WMT,AMZN|BBY|CDW|COST|EBAY|FLWS|M|TGT|W|WMT
NEM,7,7,-1.33,-9.18,28.72,-0.66,-3.41,-13.66,2.08,4.48,5.199999999999999,1.0,AEM|AU|B|BTG|EQX|IAG|KGC,AEM|AU|B|BTG|EQX|IAG|KGC
NEN,10,8,-3.0,-0.15,-12.75,0.0,-2.5949999999999998,-11.105,-0.40500000000000025,10.955,0.14499999999999957,0.25,AIV|AVB|CPT|CSR|EQR|ESS|IRT|MAA|NXRT|UDR,AIV|CPT|CSR|ESS|IRT|MAA|NXRT|UDR
NEO,10,9,-7.74,9.29,33.65,-0.05,0.18,0.44,-7.92,8.85,11.649999999999999,0.0,A|BIO|DGX|EXAS|GH|ILMN|LH|NVCR|QGEN|TMO,A|BIO|DGX|GH|ILMN|LH|NVCR|QGEN|TMO
NEOG,10,9,7.17,18.13,44.58,1.33,-0.04,0.18,7.21,17.95,30.33,1.0,AVTR|BIO|BRKR|CTLT|ICUI|STAA|STE|TECH|TMO|WAT,AVTR|BIO|BRKR|ICUI|STAA|STE|TECH|TMO|WAT
NEON,10,10,10.06,-1.73,-8.17,0.0,6.285,1.3050000000000002,3.7750000000000004,-3.035,8.879999999999997,0.9,ADI|CDNS|CEVA|HIMX|IMMR|LSCC|MCHP|OLED|ON|SYNA,ADI|CDNS|CEVA|HIMX|IMMR|LSCC|MCHP|OLED|ON|SYNA
NEOV,9,9,-29.8,-27.73,28.27,-22.71,-5.1,-9.9,-24.700000000000003,-17.83,58.54,0.0,ARRY|CSIQ|ENPH|FSLR|JKS|RUN|SEDG|SHLS|SLP,ARRY|CSIQ|ENPH|FSLR|JKS|RUN|SEDG|SHLS|SLP
NEPH,10,10,-0.23,-2.72,28.06,0.0,-2.1550000000000002,-8.18,1.9250000000000003,5.459999999999999,24.435,0.6,ACH|BAX|DXR|FMS|FSP|KNSA|MTD|NXRT|RMD|TNDM,ACH|BAX|DXR|FMS|FSP|KNSA|MTD|NXRT|RMD|TNDM
NERV,10,9,0.14,-27.44,-19.4,0.0,-6.92,-8.27,7.06,-19.17,-6.929999999999998,0.8888888888888888,ACAD|ALKS|AXSM|BIIB|BMRN|CYTK|NBIX|SAGE|UTHR|VRTX,ACAD|ALKS|AXSM|BIIB|BMRN|CYTK|NBIX|UTHR|VRTX
NESR,0,0,4.19,-1.83,30.35,0.0,,,,,,,,
NET,10,10,3.54,24.57,52.56,-1.86,3.015,5.885000000000001,0.5249999999999999,18.685,27.520000000000003,0.5,AKAM|AMZN|CRWD|CSCO|FSLY|GOOGL|MSFT|OKTA|VZ|ZS,AKAM|AMZN|CRWD|CSCO|FSLY|GOOGL|MSFT|OKTA|VZ|ZS
NEU,10,10,-0.22,-5.0,12.51,0.0,-1.83,2.7249999999999996,1.61,-7.725,-7.6850000000000005,0.7,BKR|BP|COP|CVX|HAL|MPC|PSX|SLB|VLO|XOM,BKR|BP|COP|CVX|HAL|MPC|PSX|SLB|VLO|XOM
NEUP,10,8,-1.11,-4.82,-15.54,-0.17,-1.4849999999999999,-8.73,0.3749999999999998,3.91,-14.465,0.5,AKRO|ARWR|BHVN|BPMC|CORT|CRSP|FATE|KNSA|NKTR|QURE,ARWR|BHVN|CORT|CRSP|FATE|KNSA|NKTR|QURE
NEWP,10,9,4.4,-13.03,59.71,-5.84,-4.96,-11.96,9.36,-1.0699999999999985,45.77,1.0,AG|AUMN|CDE|EXK|FSM|HL|PAAS|SVM|USAS|WPM,AG|CDE|EXK|FSM|HL|PAAS|SVM|USAS|WPM
NEWT,10,10,-4.71,-8.41,-19.76,0.0,-1.31,-3.79,-3.4,-4.62,-26.85,0.1,ARCC|GLAD|GSBD|HTGC|MAIN|PSEC|SLRC|TCPC|TPVG|TSLX,ARCC|GLAD|GSBD|HTGC|MAIN|PSEC|SLRC|TCPC|TPVG|TSLX
NEXA,10,10,5.79,-16.03,4.64,0.0,-2.425,-10.725000000000001,8.215,-5.305,-8.440000000000001,1.0,AA|BHP|FCX|HL|KGC|NEM|RIO|SCCO|TECK|VALE,AA|BHP|FCX|HL|KGC|NEM|RIO|SCCO|TECK|VALE
NEXM,0,0,-6.06,-16.22,-2.25,0.0,,,,,,,,
NEXN,10,10,-5.58,-13.7,0.82,0.0,-1.2650000000000001,-9.06,-4.3149999999999995,-4.639999999999999,6.46,0.1,BF-B|BUD|CCU|DEO|HSY|KDP|PEP|SAM|STZ|TAP,BF-B|BUD|CCU|DEO|HSY|KDP|PEP|SAM|STZ|TAP
NEXT,9,8,-4.43,-10.44,-10.08,0.15,-1.385,-1.5950000000000002,-3.045,-8.844999999999999,-12.82,0.0,ENLC|EPD|ET|FLNG|GLNG|KMI|LNG|SRE|TRGP,EPD|ET|FLNG|GLNG|KMI|LNG|SRE|TRGP
NFE,9,8,-49.15,-56.0,-66.13,-1.41,-0.22999999999999998,-5.895,-48.92,-50.105000000000004,-76.11,0.0,APA|AR|DVN|EQT|FANG|LNG|MRO|OVV|RRC,APA|AR|DVN|EQT|FANG|LNG|OVV|RRC
NFG,10,10,-2.33,-5.0,1.99,-0.74,-2.24,-1.955,-0.08999999999999986,-3.045,-1.2950000000000002,0.4,CQP|EPD|ET|KMI|MPLX|OKE|PAA|PBA|TRP|TTE,CQP|EPD|ET|KMI|MPLX|OKE|PAA|PBA|TRP|TTE
NFGC,10,9,4.05,-5.26,22.45,0.0,-3.91,-13.66,7.96,8.4,-0.8000000000000007,0.8888888888888888,AEM|B|EGO|GFI|HMY|KGC|NEM|NG|SA|SAND,AEM|B|EGO|GFI|HMY|KGC|NEM|NG|SA
NFLX,10,10,-4.9,-12.9,1.01,0.36,-1.355,-6.195,-3.5450000000000004,-6.705,-6.15,0.1,AAPL|AMZN|CMCSA|DIS|FUBO|GOOGL|LYV|PARA|ROKU|WBD,AAPL|AMZN|CMCSA|DIS|FUBO|GOOGL|LYV|PARA|ROKU|WBD
NG,10,9,-4.04,-27.02,15.93,-1.79,-3.91,-13.66,-0.1299999999999999,-13.36,-7.32,0.4444444444444444,AEM|AU|B|BVN|GFI|HMY|KGC|NEM|NGD|SSRM,AEM|AU|B|BVN|GFI|HMY|KGC|NEM|SSRM
NGEN,0,0,-7.98,-2.0,-1.51,0.0,,,,,,,,
NGG,10,10,-1.03,-6.43,-9.15,0.0,-4.05,-7.425000000000001,3.0199999999999996,0.995000000000001,3.5600000000000005,1.0,AEP|D|DUK|ED|EXC|NEE|PCG|SO|SRE|XEL,AEP|D|DUK|ED|EXC|NEE|PCG|SO|SRE|XEL
NGL,10,9,-2.39,-2.39,1.59,0.0,-2.38,-1.83,-0.010000000000000231,-0.56,-0.3899999999999999,0.4444444444444444,ENLC|EPD|ET|KMI|OKE|PAA|PLUG|TRGP|WES|WMB,EPD|ET|KMI|OKE|PAA|PLUG|TRGP|WES|WMB
NGNE,10,8,-10.79,-21.97,2.86,0.0,-7.635,-10.795,-3.1549999999999994,-11.174999999999999,19.159999999999997,0.125,ACAD|AXSM|BLUE|BTAI|FATE|NBIX|PRTA|PTCT|RARE|RNA,ACAD|AXSM|FATE|NBIX|PRTA|PTCT|RARE|RNA
NGS,10,10,-8.22,-4.57,-22.73,0.0,-0.79,-1.06,-7.430000000000001,-3.5100000000000002,-25.080000000000002,0.0,APD|EPD|ET|KMI|LNG|MPLX|OKE|SRE|TRGP|WMB,APD|EPD|ET|KMI|LNG|MPLX|OKE|SRE|TRGP|WMB
NGVC,10,10,1.71,5.55,-9.27,0.0,-2.865,-5.0649999999999995,4.575,10.614999999999998,-3.2699999999999996,0.9,ACI|CASY|COST|GO|IMKTA|KR|SFM|TGT|UNFI|WMT,ACI|CASY|COST|GO|IMKTA|KR|SFM|TGT|UNFI|WMT
NGVT,10,10,5.16,4.27,-4.01,0.0,0.97,-5.8,4.19,10.07,2.9399999999999995,1.0,ALB|ASH|CE|EMN|FUL|IOSP|KWR|OLN|PPG|RPM,ALB|ASH|CE|EMN|FUL|IOSP|KWR|OLN|PPG|RPM
NHC,10,8,-0.22,-1.54,10.88,0.0,0.56,-1.135,-0.78,-0.405,-2.5699999999999985,0.375,ACHC|ADUS|AMED|BKD|CYH|ENSG|HCA|SEM|THC|UHS,ACHC|ADUS|BKD|CYH|ENSG|HCA|THC|UHS
NHI,10,8,-1.41,-8.03,-10.65,0.0,-1.7850000000000001,-4.35,0.3750000000000002,-3.6799999999999997,-8.925,0.625,DOC|GMRE|HCP|HR|LTC|OHI|SBRA|UHT|VTR|WELL,DOC|HR|LTC|OHI|SBRA|UHT|VTR|WELL
NHIC,0,0,-8.09,-18.64,-21.17,0.0,,,,,,,,
NHTC,10,10,-30.0,-40.0,-39.66,0.0,0.29500000000000004,-6.145,-30.295,-33.855000000000004,-38.519999999999996,0.0,CHD|CL|EL|HELE|HLF|KMB|MED|NATR|PG|USNA,CHD|CL|EL|HELE|HLF|KMB|MED|NATR|PG|USNA
NI,10,10,-3.47,-3.87,-17.59,0.0,-3.68,-5.87,0.20999999999999996,2.0,-4.344999999999999,0.6,AEE|CMS|D|DUK|EVRG|LNT|OGE|PNW|SRE|XEL,AEE|CMS|D|DUK|EVRG|LNT|OGE|PNW|SRE|XEL
NIC,10,10,-1.82,-4.72,5.37,0.0,-2.4000000000000004,-3.5300000000000002,0.5800000000000003,-1.1899999999999995,9.1,0.7,BCBP|BMRC|CIVB|EQBK|FNB|FULT|HBNC|MBIN|SBCF|WNEB,BCBP|BMRC|CIVB|EQBK|FNB|FULT|HBNC|MBIN|SBCF|WNEB
NICE,10,10,8.75,13.98,30.67,-2.82,-1.96,-2.015,10.71,15.995000000000001,-1.9549999999999983,0.9,ACN|ADBE|ADSK|CDNS|CRM|INTU|MSFT|NOW|ORCL|VEEV,ACN|ADBE|ADSK|CDNS|CRM|INTU|MSFT|NOW|ORCL|VEEV
NINE,10,10,-9.59,-17.87,-24.0,0.0,-1.81,-3.35,-7.779999999999999,-14.520000000000001,-28.810000000000002,0.0,BKR|CLB|FTI|HAL|LBRT|OIS|PTEN|RES|SLB|WHD,BKR|CLB|FTI|HAL|LBRT|OIS|PTEN|RES|SLB|WHD
NIO,10,10,0.0,-18.65,-23.47,-1.36,-3.2350000000000003,-3.68,3.2350000000000003,-14.969999999999999,-23.9,0.8,F|GM|HMC|LCID|LI|RIVN|TM|TSLA|WKHS|XPEV,F|GM|HMC|LCID|LI|RIVN|TM|TSLA|WKHS|XPEV
NIPG,10,10,-1.62,-1.91,52.17,0.0,-3.63,-6.18,2.01,4.27,54.86,0.8,AIG|ALL|CB|CINF|HIG|MKL|PGR|RLI|SIGI|TRV,AIG|ALL|CB|CINF|HIG|MKL|PGR|RLI|SIGI|TRV
NIU,10,9,2.42,8.16,6.53,-0.47,-3.14,-4.15,5.5600000000000005,12.31,6.3500000000000005,0.8888888888888888,F|GM|GOEV|HMC|LCID|LI|NIO|RIVN|TM|TSLA,F|GM|HMC|LCID|LI|NIO|RIVN|TM|TSLA
NIVF,10,8,-17.21,-64.08,-89.02,0.34,2.035,1.8900000000000001,-19.245,-65.97,-102.58,0.0,A|DGX|EXAS|HOLX|ILMN|LH|MYGN|NTRA|NVCR|QDEL,A|DGX|ILMN|LH|MYGN|NTRA|NVCR|QDEL
NIXX,10,9,-5.81,-48.99,-73.33,-0.22,-1.96,-10.78,-3.8499999999999996,-38.21,-78.03999999999999,0.0,FVRR|HSII|KFY|MAN|PYPL|RHI|TTEC|TTWO|UPWK|WIX,FVRR|KFY|MAN|PYPL|RHI|TTEC|TTWO|UPWK|WIX
NJR,10,10,-2.39,-2.83,-7.67,0.0,-3.73,-6.195,1.3399999999999999,3.365,4.735000000000001,0.9,AEE|ATO|CNP|D|NI|NWE|PNW|SO|SWX|UGI,AEE|ATO|CNP|D|NI|NWE|PNW|SO|SWX|UGI
NKE,10,9,-1.32,-9.12,-12.27,-0.47,1.0,-8.43,-2.3200000000000003,-0.6899999999999995,5.990000000000002,0.2222222222222222,BIRK|COLM|CROX|DECK|LULU|ONON|SKX|UAA|VFC|WWW,BIRK|COLM|CROX|DECK|LULU|ONON|UAA|VFC|WWW
NKLR,0,0,-12.57,-35.63,-21.51,0.0,,,,,,,,
NKSH,10,8,-2.17,0.36,13.33,0.0,-3.33,-6.385,1.1600000000000001,6.745,24.275,1.0,ASB|BKU|CBSH|CMA|FNB|FULT|OZK|VLY|WBS|WTFC,ASB|BKU|CBSH|FNB|FULT|OZK|VLY|WTFC
NKTR,10,10,-13.53,-21.14,-4.71,2.51,-0.09,-1.385,-13.44,-19.755,-18.915,0.0,AMGN|BIIB|EXEL|GILD|INCY|IONS|NBIX|REGN|SRPT|VRTX,AMGN|BIIB|EXEL|GILD|INCY|IONS|NBIX|REGN|SRPT|VRTX
NKTX,10,8,-3.83,6.56,-4.5,0.0,-0.89,-12.145,-2.94,18.705,4.785,0.125,ALLO|BLRX|BLUE|BMRN|CLLS|CRSP|EDIT|FATE|NTLA|SGMO,ALLO|BLRX|BMRN|CLLS|CRSP|EDIT|FATE|NTLA
NL,10,10,-0.14,7.93,17.23,0.0,2.315,-4.335,-2.455,12.265,18.585,0.2,ASH|CC|CE|DD|ECL|EMN|HUN|KRO|LYB|SCL,ASH|CC|CE|DD|ECL|EMN|HUN|KRO|LYB|SCL
NLOP,10,9,-4.39,-11.19,-8.9,0.0,-0.72,-10.81,-3.67,-0.379999999999999,2.24,0.1111111111111111,ADC|EPRT|FCPT|GTY|NNN|O|REG|ROIC|SITC|WPC,ADC|EPRT|FCPT|GTY|NNN|O|REG|SITC|WPC
NLY,10,9,-1.45,-9.09,-6.91,-0.19,-1.69,-8.98,0.24,-0.10999999999999943,6.359999999999999,0.6666666666666666,AGNC|ARR|CHMI|DX|EFC|IVR|MITT|ORC|PMT|TWO,AGNC|ARR|CHMI|DX|EFC|IVR|MITT|ORC|PMT
NMAI,0,0,2.75,-0.14,3.81,0.0,,,,,,,,
NMAX,0,0,4.41,3.02,55.27,0.0,,,,,,,,
NMFC,10,10,1.0,-7.59,1.58,0.0,-1.29,-3.79,2.29,-3.8,-4.404999999999999,0.9,ARCC|CGBD|FDUS|GBDC|GSBD|MAIN|PSEC|SLRC|TPVG|TSLX,ARCC|CGBD|FDUS|GBDC|GSBD|MAIN|PSEC|SLRC|TPVG|TSLX
NMG,10,9,0.75,-6.9,-5.59,0.0,-2.96,-11.71,3.71,4.8100000000000005,1.0300000000000002,0.8888888888888888,ALB|BTG|CCJ|FCX|LAC|MP|PLL|RIO|SQM|VALE,ALB|BTG|CCJ|FCX|LAC|MP|RIO|SQM|VALE
NMIH,10,10,-1.88,-7.21,6.95,0.0,-2.24,-5.85,0.3600000000000003,-1.3600000000000003,5.9750000000000005,0.6,ACT|AIG|ESNT|GNW|MFA|MTG|ORI|PMT|RDN|RITM,ACT|AIG|ESNT|GNW|MFA|MTG|ORI|PMT|RDN|RITM
NMM,10,10,-4.96,-1.98,23.53,0.0,-3.73,-0.505,-1.23,-1.475,5.390000000000001,0.4,CMRE|DAC|DSX|ESEA|GOGL|GSL|MATX|NAT|SB|SFL,CMRE|DAC|DSX|ESEA|GOGL|GSL|MATX|NAT|SB|SFL
NMP,0,0,0.1,0.29,0.88,0.0,,,,,,,,
NMR,10,9,-3.81,-0.71,11.95,0.0,-1.99,-8.75,-1.82,8.04,11.51,0.2222222222222222,BAC|BK|BLK|C|CME|GS|JPM|MS|MSCI|SCHW,BAC|BLK|C|CME|GS|JPM|MS|MSCI|SCHW
NMRA,10,9,-3.99,-51.99,-52.31,-1.53,-0.07,-7.56,-3.9200000000000004,-44.43,-44.650000000000006,0.4444444444444444,ACAD|ALKS|AVXL|AXSM|BHVN|BIIB|NBIX|PRTA|SAGE|VRTX,ACAD|ALKS|AVXL|AXSM|BHVN|BIIB|NBIX|PRTA|VRTX
NMRK,10,8,-1.79,-15.08,-9.54,3.48,-1.1099999999999999,-7.54,-0.6800000000000002,-7.54,-9.239999999999998,0.375,CBRE|CIGI|CWK|EXPI|FLR|FR|HST|JLL|KW|PK,CBRE|CIGI|CWK|FLR|FR|HST|JLL|PK
NMTC,9,8,-3.68,-39.35,-59.06,-2.24,-0.24500000000000002,-5.825,-3.435,-33.525,-60.485,0.125,AXGN|CERS|CNMD|INGN|NVCR|PEN|SENS|STXS|TTOO,AXGN|CERS|CNMD|INGN|NVCR|PEN|SENS|STXS
NN,10,9,0.13,-4.66,-10.38,3.82,-2.13,-4.18,2.26,-0.4800000000000004,-1.8000000000000007,0.5555555555555556,ASTS|BA|GSAT|IRDM|LHX|LLAP|NOC|RDW|RKLB|SPIR,ASTS|BA|GSAT|IRDM|LHX|NOC|RDW|RKLB|SPIR
NNBR,10,10,12.17,7.08,41.04,-2.07,-2.0549999999999997,-5.515000000000001,14.225,12.595,48.935,1.0,ALV|APTV|BWA|DAN|GNTX|GPC|LEA|MGA|TEN|VC,ALV|APTV|BWA|DAN|GNTX|GPC|LEA|MGA|TEN|VC
NNDM,8,6,1.29,1.95,12.95,0.0,-0.595,4.915,1.885,-2.965,9.405,0.6666666666666666,CHGG|DDD|DM|MKFG|MTLS|PRLB|SSYS|XPOF,CHGG|DDD|MTLS|PRLB|SSYS|XPOF
NNE,10,9,-1.6,-13.21,-19.14,-1.84,-4.25,-10.57,2.65,-2.6400000000000006,-4.48,0.5555555555555556,BE|BWEN|ENPH|FCEL|GE|KRNT|OPTT|PLUG|SMR|TPIC,BE|BWEN|ENPH|FCEL|GE|KRNT|OPTT|PLUG|SMR
NNI,10,8,-1.88,-2.1,-6.13,0.0,-2.8049999999999997,-8.344999999999999,0.9249999999999998,6.244999999999999,5.515,0.5,ALLY|COOP|GDOT|LPRO|ONEW|OZK|PFSI|RM|SLM|SST,ALLY|GDOT|ONEW|OZK|PFSI|RM|SLM|SST
NNN,9,9,-0.77,-10.81,-11.14,0.0,-1.11,-8.3,0.3400000000000001,-2.51,0.4299999999999997,0.5555555555555556,ADC|BRX|EPRT|FCPT|GTY|KIM|O|REG|WPC,ADC|BRX|EPRT|FCPT|GTY|KIM|O|REG|WPC
NNNN,0,0,8.21,-22.61,-62.36,0.0,,,,,,,,
NNOX,10,9,-5.61,-14.25,-15.85,6.05,1.47,-9.0,-7.08,-5.25,-14.93,0.0,ABT|ALGN|BSX|EW|GE|HOLX|ISRG|PHG|TMO|ZBH,ABT|ALGN|BSX|EW|GE|ISRG|PHG|TMO|ZBH
NNVC,10,9,9.96,19.33,18.42,1.95,1.85,-1.47,8.110000000000001,20.799999999999997,8.320000000000002,0.8888888888888888,ADMA|AIM|ALT|BNTX|GILD|GOVX|MRNA|NVAX|PFE|VXRT,ADMA|AIM|ALT|BNTX|GILD|GOVX|MRNA|NVAX|PFE
NOA,10,10,-2.72,-6.79,-7.13,0.0,2.085,-0.535,-4.805,-6.255,5.444999999999999,0.2,CAT|DE|EME|FIX|FLR|MTZ|PRIM|PWR|URI|WLDN,CAT|DE|EME|FIX|FLR|MTZ|PRIM|PWR|URI|WLDN
NOAH,10,10,-0.25,-8.05,-15.41,0.0,-3.51,-9.905000000000001,3.26,1.8550000000000004,-11.72,1.0,BAC|BLK|C|GS|JPM|MS|RJF|SCHW|UBS|WFC,BAC|BLK|C|GS|JPM|MS|RJF|SCHW|UBS|WFC
NOC,8,8,-2.13,-5.47,2.71,-0.3,-3.15,-6.96,1.02,1.4900000000000002,13.975000000000001,0.75,BA|BWXT|GD|HII|LHX|LMT|TDG|TXT,BA|BWXT|GD|HII|LHX|LMT|TDG|TXT
NODK,10,10,-2.83,-2.38,-6.35,0.0,-4.845000000000001,-6.04,2.0150000000000006,3.66,-3.9599999999999995,0.7,AIG|ALL|CINF|HIG|KMPR|PGR|SIGI|THG|TRV|WRB,AIG|ALL|CINF|HIG|KMPR|PGR|SIGI|THG|TRV|WRB
NOEM,0,0,-0.94,-3.73,1.63,0.0,,,,,,,,
NOG,10,8,-8.61,-13.79,18.73,0.0,-3.43,-3.3449999999999998,-5.18,-10.445,9.075,0.0,APA|DVN|EQT|FANG|HES|MGY|MRO|MTDR|OXY|SM,APA|DVN|EQT|FANG|MGY|MTDR|OXY|SM
NOK,10,10,-3.12,-0.78,-26.55,-3.39,-1.06,-0.18499999999999994,-2.06,-0.5950000000000001,-20.4,0.4,AMZN|BB|CSCO|ERIC|GOOGL|HPE|INTC|MSFT|ORCL|QCOM,AMZN|BB|CSCO|ERIC|GOOGL|HPE|INTC|MSFT|ORCL|QCOM
NOMA,0,0,7.59,-33.9,-53.15,0.0,,,,,,,,
NOMD,10,9,-2.55,-11.49,0.56,0.0,-2.44,-8.97,-0.10999999999999988,-2.5199999999999996,-0.2899999999999999,0.4444444444444444,CAG|CPB|GIS|HRL|K|KHC|MDLZ|MZTI|POST|SJM,CAG|CPB|GIS|HRL|KHC|MDLZ|MZTI|POST|SJM
NOV,10,10,-1.31,2.63,10.52,0.0,-1.7650000000000001,-5.05,0.45500000000000007,7.68,2.295,0.6,BKR|FET|FTI|HAL|INVX|OII|PUMP|RES|SLB|TDW,BKR|FET|FTI|HAL|INVX|OII|PUMP|RES|SLB|TDW
NOVT,10,10,7.94,3.22,-10.15,-0.19,5.105,1.1400000000000001,2.835,2.08,21.760000000000005,0.6,COHR|COHU|IPGP|KLIC|MKSI|MTSI|ONTO|UCTT|VECO|VSH,COHR|COHU|IPGP|KLIC|MKSI|MTSI|ONTO|UCTT|VECO|VSH
NOW,9,9,1.21,10.35,56.56,-0.45,-2.76,1.31,3.9699999999999998,9.04,10.670000000000002,0.8888888888888888,ADBE|CRM|DOCU|INTU|MSFT|ORCL|SNOW|VEEV|WDAY,ADBE|CRM|DOCU|INTU|MSFT|ORCL|SNOW|VEEV|WDAY
NP,0,0,-9.04,-16.23,-4.24,0.0,,,,,,,,
NPAC,0,0,0.1,0.24,1.07,0.0,,,,,,,,
NPB,0,0,-6.84,-9.23,-16.33,0.0,,,,,,,,
NPCE,10,9,2.12,2.05,-11.67,1.69,-2.3,-6.14,4.42,8.19,-8.44,0.7777777777777778,BSX|EW|ISRG|LIVN|MDT|NVRO|PODD|STAA|SYK|ZBH,BSX|EW|ISRG|LIVN|MDT|PODD|STAA|SYK|ZBH
NPK,10,8,-4.43,-5.85,15.94,0.0,0.75,-5.18,-5.18,-0.6699999999999999,27.909999999999997,0.0,CENTA|HELE|HNI|KTB|LCUT|LEG|LZB|ODC|SGI|SNBR,CENTA|HELE|HNI|KTB|LCUT|LZB|ODC|SGI
NPKI,10,10,-8.86,-11.7,-25.13,-0.77,-1.8399999999999999,-3.6900000000000004,-7.02,-8.009999999999998,-29.939999999999998,0.0,BKR|FISV|FTI|HAL|INVX|NBR|OIS|RES|SLB|WHD,BKR|FISV|FTI|HAL|INVX|NBR|OIS|RES|SLB|WHD
NPO,10,10,6.37,0.31,-16.77,0.0,1.05,-4.529999999999999,5.32,4.839999999999999,-8.004999999999999,1.0,ALB|CE|DD|DOW|EMN|FUL|HUN|NGVT|OLN|PPG,ALB|CE|DD|DOW|EMN|FUL|HUN|NGVT|OLN|PPG
NPT,0,0,-3.87,-20.32,26.81,0.0,,,,,,,,
NPWR,10,10,-4.95,-11.28,-2.26,1.17,-0.76,-2.255,-4.19,-9.024999999999999,-2.705,0.0,BKR|FLR|FMC|FTI|GE|HAL|HON|NOV|SLB|XOM,BKR|FLR|FMC|FTI|GE|HAL|HON|NOV|SLB|XOM
NRC,10,7,-2.18,-1.6,4.2,0.0,-1.37,-2.78,-0.81,1.1799999999999997,-2.1399999999999997,0.2857142857142857,ACHC|EHC|ENSV|HCSG|HQY|MD|SGRP|SGRY|SMLR|STAA,ACHC|EHC|HCSG|HQY|MD|SGRY|STAA
NRDS,10,10,-13.92,-20.12,-6.03,0.0,-1.55,-11.879999999999999,-12.37,-8.240000000000002,-3.95,0.0,AFRM|ETSY|GDDY|GRPN|MORN|PYPL|ROKU|TREE|UBER|XYZ,AFRM|ETSY|GDDY|GRPN|MORN|PYPL|ROKU|TREE|UBER|XYZ
NRDY,10,10,-0.23,-16.86,-36.39,0.0,-2.1,-6.015,1.87,-10.844999999999999,-27.22,0.7777777777777778,APEI|ATAI|CHGG|COUR|EDU|LOPE|LRN|PRDO|THRY|UTI,APEI|ATAI|CHGG|COUR|EDU|LOPE|LRN|PRDO|THRY|UTI
NREF,10,10,-1.13,-10.12,4.77,0.0,-5.78,-11.635,4.65,1.5150000000000006,18.375,0.9,ABR|ARI|BXMT|EFC|GPMT|KREF|LADR|RC|STWD|TRTX,ABR|ARI|BXMT|EFC|GPMT|KREF|LADR|RC|STWD|TRTX
NRG,10,10,-5.22,-11.38,-31.56,-0.04,-4.26,-7.68,-0.96,-3.700000000000001,-19.305,0.1,AEP|D|DUK|ED|ES|EXC|NEE|PCG|PEG|SO,AEP|D|DUK|ED|ES|EXC|NEE|PCG|PEG|SO
NRGV,10,10,3.31,11.2,2.58,-1.35,-4.05,-7.425000000000001,7.359999999999999,18.625,15.290000000000001,1.0,AEP|D|DUK|ED|EXC|NEE|PEG|SO|SRE|XEL,AEP|D|DUK|ED|EXC|NEE|PEG|SO|SRE|XEL
NRIM,10,10,-4.03,-4.81,-8.06,0.0,-2.5300000000000002,-2.125,-1.5,-2.6849999999999996,-13.21,0.0,ASRV|BSRR|CAC|CTBI|CZNC|FMBH|FUNC|MBWM|PLBC|SRCE,ASRV|BSRR|CAC|CTBI|CZNC|FMBH|FUNC|MBWM|PLBC|SRCE
NRIX,10,9,-7.02,-12.02,5.57,-0.71,-2.9,-9.62,-4.119999999999999,-2.4000000000000004,5.21,0.1111111111111111,BLUE|BMRN|CRSP|EDIT|FATE|KPTI|NTLA|PTGX|RGNX|TVRD,BMRN|CRSP|EDIT|FATE|KPTI|NTLA|PTGX|RGNX|TVRD
NRP,10,9,-1.94,0.33,7.56,0.0,-1.7,-9.09,-0.24,9.42,1.2199999999999998,0.4444444444444444,AMR|ARCH|ARLP|BTU|CNR|HCC|HNRG|METC|NC|SXC,AMR|ARLP|BTU|CNR|HCC|HNRG|METC|NC|SXC
NRSN,10,10,4.91,-7.79,-53.56,-4.73,0.365,-2.87,4.545,-4.92,-67.875,0.7,ALNY|AMGN|BIIB|GILD|LLY|MRNA|NBIX|ONC|REGN|VRTX,ALNY|AMGN|BIIB|GILD|LLY|MRNA|NBIX|ONC|REGN|VRTX
NRT,10,9,-2.65,2.56,20.63,0.0,-1.19,-0.58,-1.46,3.14,19.72,0.3333333333333333,BPT|CRT|DMLP|KRP|MARPS|MTR|PVL|SBR|SJT|VOC,CRT|DMLP|KRP|MARPS|MTR|PVL|SBR|SJT|VOC
NRXP,10,9,-8.55,-15.53,-12.92,-1.9,1.48,-18.42,-10.030000000000001,2.8900000000000023,0.41000000000000014,0.1111111111111111,ALDX|ANVS|APVO|ARDX|BCRX|CRBP|DVAX|GERN|KYNB|LGND,ALDX|ANVS|APVO|ARDX|BCRX|CRBP|GERN|KYNB|LGND
NRXS,10,10,5.33,20.43,7.5,0.0,-1.03,-6.16,6.36,26.59,7.22,1.0,ABT|ALGN|BIO|BSX|EW|ISRG|MDT|RMD|SYK|ZBH,ABT|ALGN|BIO|BSX|EW|ISRG|MDT|RMD|SYK|ZBH
NSC,6,6,-0.85,-9.96,1.34,0.39,0.10500000000000001,-6.275,-0.955,-3.6850000000000005,1.77,0.3333333333333333,CNI|CP|CSX|GBX|RAIL|UNP,CNI|CP|CSX|GBX|RAIL|UNP
NSIT,10,10,-4.2,8.92,39.67,0.0,-0.41500000000000004,10.2,-3.785,-1.2799999999999994,21.520000000000003,0.2,AAPL|ARW|AVT|CDW|DELL|HPE|HPQ|IBM|MSFT|SNX,AAPL|ARW|AVT|CDW|DELL|HPE|HPQ|IBM|MSFT|SNX
NSP,10,8,-5.13,-6.31,28.18,0.0,-3.3,-7.01,-1.83,0.7000000000000002,3.240000000000002,0.375,ADP|ASGN|DHX|HSII|KFRC|MAN|PAYX|PCTY|RHI|TNET,ADP|DHX|KFRC|MAN|PAYX|PCTY|RHI|TNET
NSPR,10,8,-2.47,-13.67,7.27,0.0,-1.315,-9.879999999999999,-1.1550000000000002,-3.790000000000001,6.989999999999999,0.25,ABT|AORT|BSX|EW|HOLX|ISRG|MDT|NVRO|SYK|ZBH,ABT|AORT|BSX|EW|ISRG|MDT|SYK|ZBH
NSRX,0,0,5.2,-10.57,10.3,0.0,,,,,,,,
NSSC,10,8,-0.08,-1.4,-4.01,-0.11,-1.685,-4.17,1.605,2.77,-11.705,0.625,ADT|ALRM|AXON|BCO|CRWD|JNPR|LIVN|PANW|SCWX|TBCH,ADT|ALRM|AXON|BCO|CRWD|LIVN|PANW|TBCH
NSTS,10,10,0.61,1.19,2.82,0.0,-1.9100000000000001,-3.615,2.52,4.805,0.19499999999999984,1.0,BFC|BMRC|CASH|CIVB|HNVR|MBWM|MSBI|OSBC|SFST|SMBC,BFC|BMRC|CASH|CIVB|HNVR|MBWM|MSBI|OSBC|SFST|SMBC
NSYS,10,10,-1.65,-2.83,-29.86,0.0,1.635,-0.585,-3.285,-2.245,-14.285,0.3,CLS|FLEX|HXL|JBL|LHX|MRCY|NOC|PLXS|SANM|TTMI,CLS|FLEX|HXL|JBL|LHX|MRCY|NOC|PLXS|SANM|TTMI
NTAP,9,8,-1.99,2.97,24.85,-1.7,-2.73,2.035,0.74,0.935,-0.35999999999999943,0.625,ANET|CSCO|DELL|HPE|IBM|NTNX|ORCL|PSTG|WDAY,ANET|CSCO|DELL|HPE|IBM|NTNX|ORCL|WDAY
NTB,10,9,-1.56,-0.73,-0.84,0.0,-3.44,-7.5,1.88,6.77,7.33,0.8888888888888888,BAC|BK|C|GS|JPM|MS|PNC|TFC|USB|WFC,BAC|C|GS|JPM|MS|PNC|TFC|USB|WFC
NTCL,0,0,-1.42,-13.28,-73.03,1.95,,,,,,,,
NTCT,10,8,2.0,3.89,-2.51,0.0,0.065,-2.95,1.935,6.84,-6.669999999999999,0.75,ANET|AVGO|CDNS|CSCO|EXTR|FFIV|HPE|JNPR|MSI|PSTG,ANET|AVGO|CDNS|CSCO|EXTR|FFIV|HPE|MSI
NTES,10,10,1.11,-8.45,2.69,0.76,1.62,-6.84,-0.51,-1.6099999999999994,-2.3649999999999998,0.3,BIDU|BILI|BZUN|HUYA|IQ|JD|JOYY|MOMO|PDD|WB,BIDU|BILI|BZUN|HUYA|IQ|JD|JOYY|MOMO|PDD|WB
NTGR,10,9,-2.11,7.34,-4.18,0.0,-2.51,1.85,0.3999999999999999,5.49,-20.24,0.5555555555555556,ANET|CSCO|DELL|EXTR|FFIV|HPQ|JNPR|MSI|NOK|VISN,ANET|CSCO|DELL|EXTR|FFIV|HPQ|MSI|NOK|VISN
NTHI,9,8,7.69,-31.34,-31.63,0.0,2.095,4.555,5.595000000000001,-35.894999999999996,-51.239999999999995,0.75,AGEN|ARCT|BNTX|CLOV|FATE|INO|MRNA|NVAX|VXRT,AGEN|ARCT|BNTX|CLOV|FATE|INO|MRNA|NVAX
NTIC,10,9,1.81,-2.48,-5.42,0.0,-1.63,-6.02,3.44,3.5399999999999996,0.020000000000000462,0.6666666666666666,CLH|GPK|IP|MYE|PKG|ROL|RSG|SEE|SON|WM,CLH|GPK|IP|MYE|PKG|ROL|RSG|SON|WM
NTIP,10,10,0.65,0.32,6.12,0.0,0.78,4.205,-0.13,-3.8850000000000002,10.025,0.5,AAPL|AMD|CSCO|GOOGL|IBM|INTC|MSFT|NVDA|QCOM|TXN,AAPL|AMD|CSCO|GOOGL|IBM|INTC|MSFT|NVDA|QCOM|TXN
NTLA,10,8,-0.41,-9.62,-23.83,-0.97,-1.525,-13.425,1.115,3.8050000000000015,-29.0,0.625,ADPT|BEAM|BNTX|CLLS|CRSP|EDIT|FDMT|PSTX|REPL|SGMO,ADPT|BEAM|BNTX|CLLS|CRSP|EDIT|FDMT|REPL
NTNX,10,10,0.04,5.36,49.13,0.46,-2.4050000000000002,0.04500000000000004,2.4450000000000003,5.315,32.255,0.9,AMZN|CSCO|DELL|GOOG|HPE|IBM|MSFT|NTAP|ORCL|SNOW,AMZN|CSCO|DELL|GOOG|HPE|IBM|MSFT|NTAP|ORCL|SNOW
NTR,10,10,-3.28,1.13,24.45,0.0,-3.975,-7.84,0.6950000000000003,8.969999999999999,25.349999999999998,0.7,ADM|ALB|BG|CARG|CF|FMC|IPI|MOS|SMG|TROX,ADM|ALB|BG|CARG|CF|FMC|IPI|MOS|SMG|TROX
NTRA,10,9,6.5,15.87,49.62,-0.17,0.04,12.41,6.46,3.459999999999999,5.8799999999999955,1.0,BNGO|CDNA|EXAS|FLGT|GH|ILMN|MYGN|QGEN|TWST|TXG,BNGO|CDNA|FLGT|GH|ILMN|MYGN|QGEN|TWST|TXG
NTRB,10,10,4.4,43.84,134.08,0.0,0.16999999999999998,-6.115,4.23,49.955000000000005,121.55000000000001,0.8,ABT|AMGN|BIIB|BMY|GILD|JNJ|LLY|MRK|PFE|VRTX,ABT|AMGN|BIIB|BMY|GILD|JNJ|LLY|MRK|PFE|VRTX
NTRP,10,10,8.99,53.36,-2.02,0.0,-7.0,-17.865,15.99,71.225,-4.225,1.0,ABNB|ALIT|BKNG|DFIN|DOYU|EXPE|SABR|TCOM|TRIP|YELP,ABNB|ALIT|BKNG|DFIN|DOYU|EXPE|SABR|TCOM|TRIP|YELP
NTRS,10,9,-1.5,-6.79,0.03,0.0,-2.81,-6.74,1.31,-0.04999999999999982,4.3100000000000005,0.8888888888888888,BAC|BK|C|GS|JPM|MS|PNC|STT|USB|WFC,BAC|C|GS|JPM|MS|PNC|STT|USB|WFC
NTSK,0,0,6.22,35.41,85.02,-1.56,,,,,,,,
NTST,10,9,0.66,-11.68,-9.86,0.0,-0.15,-8.12,0.81,-3.5600000000000005,0.7900000000000009,0.7777777777777778,ADC|EPRT|FRT|KIM|NNN|O|REG|ROIC|SITC|WPC,ADC|EPRT|FRT|KIM|NNN|O|REG|SITC|WPC
NTWK,10,10,4.69,10.95,-4.5,0.0,-3.5300000000000002,-3.7649999999999997,8.22,14.715,-19.98,1.0,ACN|BAH|CSCO|CTSH|EPAM|GIB|IBM|INFY|MSFT|WIT,ACN|BAH|CSCO|CTSH|EPAM|GIB|IBM|INFY|MSFT|WIT
NTWO,0,0,0.05,-4.84,2.59,0.0,,,,,,,,
NU,10,10,-1.81,-10.24,9.07,-0.22,-1.865,-11.875,0.05499999999999994,1.6349999999999998,13.620000000000001,0.5,AFRM|COIN|GDOT|GLBE|LMND|MELI|PYPL|SOFI|STNE|UPST,AFRM|COIN|GDOT|GLBE|LMND|MELI|PYPL|SOFI|STNE|UPST
NUAI,0,0,16.52,33.53,15.14,-3.15,,,,,,,,
NUE,9,7,-7.22,-0.63,-1.16,-0.4,-1.76,0.56,-5.46,-1.19,1.9200000000000002,0.0,ATI|CLF|CMC|MT|RS|STLD|TX|X|ZEUS,ATI|CLF|CMC|MT|RS|STLD|TX
NUS,10,10,0.66,-3.35,-9.78,0.0,-1.37,-0.875,2.0300000000000002,-2.475,-16.54,0.8,HELE|HLF|LRN|MED|MTEX|NSP|PM|USNA|VOD|WW,HELE|HLF|LRN|MED|MTEX|NSP|PM|USNA|VOD|WW
NUTX,9,7,-5.21,8.0,36.24,0.64,0.35,0.0,-5.56,8.0,22.020000000000003,0.0,ACHC|AMN|CYH|EHC|HCA|SEM|SSY|THC|UHS,ACHC|AMN|CYH|EHC|HCA|THC|UHS
NUVB,10,10,-5.6,-19.3,-1.38,0.35,0.99,-3.975,-6.59,-15.325000000000001,-15.695,0.0,AMGN|BIIB|BMY|GILD|LLY|MRNA|PFE|REGN|SNY|VRTX,AMGN|BIIB|BMY|GILD|LLY|MRNA|PFE|REGN|SNY|VRTX
NUWE,10,9,-23.86,-13.48,-74.94,-2.25,-0.67,-6.95,-23.189999999999998,-6.53,-75.91,0.0,ATEC|BAX|CNMD|EW|GMED|IART|ICUI|OFIX|PEN|ZYXI,ATEC|BAX|CNMD|EW|GMED|IART|ICUI|OFIX|PEN
NVA,10,10,-6.98,2.0,-3.95,0.0,-3.66,-13.655000000000001,-3.3200000000000003,15.655000000000001,-27.09,0.1,AEM|AU|B|BVN|EGO|HMY|KGC|NEM|NG|SA,AEM|AU|B|BVN|EGO|HMY|KGC|NEM|NG|SA
NVAX,10,10,3.8,9.96,21.26,-1.61,-0.125,-3.0700000000000003,3.925,13.030000000000001,11.130000000000003,0.8,AZN|BNTX|GSK|INO|JNJ|MRNA|NVCR|PFE|SNY|VIR,AZN|BNTX|GSK|INO|JNJ|MRNA|NVCR|PFE|SNY|VIR
NVCR,10,10,0.18,-3.04,10.39,0.0,-1.96,-6.16,2.14,3.12,10.91,0.7,ALGN|BSX|EW|ISRG|MDT|PEN|RMD|SYK|TFX|ZBH,ALGN|BSX|EW|ISRG|MDT|PEN|RMD|SYK|TFX|ZBH
NVCT,10,10,-3.66,-11.73,-13.93,0.0,2.14,-1.385,-5.800000000000001,-10.345,-28.96,0.1,AMGN|BIIB|BMY|GILD|ILMN|INCY|MRNA|NBIX|REGN|VRTX,AMGN|BIIB|BMY|GILD|ILMN|INCY|MRNA|NBIX|REGN|VRTX
NVDA,10,10,1.48,4.47,13.71,-1.3,5.835,5.109999999999999,-4.355,-0.6399999999999997,23.490000000000002,0.1,ADI|AMAT|AMD|AVGO|INTC|LRCX|MRVL|MU|QCOM|TSM,ADI|AMAT|AMD|AVGO|INTC|LRCX|MRVL|MU|QCOM|TSM
NVEC,10,10,11.62,2.02,19.36,0.0,4.62,2.18,6.999999999999999,-0.16000000000000014,30.634999999999998,0.9,ADI|AVGO|MCHP|MPWR|NXPI|ON|QRVO|STM|SWKS|TXN,ADI|AVGO|MCHP|MPWR|NXPI|ON|QRVO|STM|SWKS|TXN
NVGS,10,10,-5.92,3.18,6.96,0.0,-4.91,3.175,-1.0099999999999998,0.0050000000000003375,-13.119999999999997,0.3,ASC|DAC|DHT|DSX|GNK|GOGL|INSW|NMM|SFL|STNG,ASC|DAC|DHT|DSX|GNK|GOGL|INSW|NMM|SFL|STNG
NVMI,10,10,2.33,-3.28,-33.33,-2.61,8.985,-1.56,-6.654999999999999,-1.7199999999999998,-10.864999999999998,0.1,AMAT|ASML|CAMT|COHU|FORM|KLAC|LRCX|ONTO|TER|UCTT,AMAT|ASML|CAMT|COHU|FORM|KLAC|LRCX|ONTO|TER|UCTT
NVNI,10,9,-2.05,-9.87,-3.34,0.0,-2.36,2.01,0.31000000000000005,-11.879999999999999,-19.56,0.5555555555555556,AEVA|ALLT|APPN|CRM|CYN|FROG|INTZ|PEGA|TONX|ULY,AEVA|ALLT|APPN|CRM|CYN|FROG|INTZ|PEGA|TONX
NVNO,10,10,-0.99,-13.43,-21.2,0.0,-1.675,-9.895,0.685,-3.535,-20.68,0.6,ABT|BSX|DXCM|EW|GMED|ISRG|MDT|SYK|TFX|ZBH,ABT|BSX|DXCM|EW|GMED|ISRG|MDT|SYK|TFX|ZBH
NVO,10,10,-12.64,-22.46,-20.8,-1.15,-0.36,-5.16,-12.280000000000001,-17.3,-30.955,0.0,ABBV|AMGN|AZN|BMY|GSK|JNJ|LLY|MRK|PFE|SNY,ABBV|AMGN|AZN|BMY|GSK|JNJ|LLY|MRK|PFE|SNY
NVR,10,9,0.89,-2.44,-7.73,0.0,-0.32,-9.48,1.21,7.040000000000001,9.009999999999998,0.8888888888888888,BZH|DHI|KBH|LEN|LGIH|MHO|MTH|PHM|TMHC|TOL,BZH|DHI|KBH|LEN|LGIH|MHO|MTH|PHM|TOL
NVRI,10,9,-4.18,-8.93,-4.32,1.34,-2.15,-8.03,-2.03,-0.9000000000000004,2.3099999999999996,0.2222222222222222,CLH|CWST|GFL|NPKI|RSG|SNDR|SRCL|VVV|WCN|WM,CLH|CWST|GFL|NPKI|RSG|SNDR|VVV|WCN|WM
NVS,10,10,1.58,-10.52,-7.72,0.32,0.16999999999999998,-3.625,1.4100000000000001,-6.895,-20.65,0.6,ABBV|AMGN|BMY|GILD|JNJ|LLY|MRK|PFE|REGN|VRTX,ABBV|AMGN|BMY|GILD|JNJ|LLY|MRK|PFE|REGN|VRTX
NVST,10,9,0.51,-13.32,-10.62,-0.04,0.21,-9.02,0.30000000000000004,-4.300000000000001,-9.7,0.5555555555555556,ABT|ALGN|BDX|HSIC|ISRG|PDCO|STE|SYK|XRAY|ZBH,ABT|ALGN|BDX|HSIC|ISRG|STE|SYK|XRAY|ZBH
NVT,10,10,5.73,5.62,-6.93,-1.75,3.895,-1.165,1.8350000000000004,6.785,-1.46,0.9,AOS|DHR|DOV|EMR|ETN|GE|HON|IR|ROK|TEL,AOS|DHR|DOV|EMR|ETN|GE|HON|IR|ROK|TEL
NVTS,10,10,2.69,-8.04,-35.37,-3.38,4.65,3.615,-1.9600000000000004,-11.655,-25.589999999999996,0.4,ADI|AMD|AVGO|MCHP|MRVL|NVDA|NXPI|ON|QCOM|TXN,ADI|AMD|AVGO|MCHP|MRVL|NVDA|NXPI|ON|QCOM|TXN
NVX,10,9,-5.68,-33.59,-37.76,0.0,-5.05,-7.37,-0.6299999999999999,-26.220000000000002,-27.74,0.2222222222222222,ALB|AMTX|ENS|F|GM|MP|PLL|QS|SLDP|TSLA,ALB|AMTX|ENS|F|GM|MP|QS|SLDP|TSLA
NWBI,10,10,-2.65,-2.15,0.33,0.0,-2.23,-4.005,-0.41999999999999993,1.855,4.445,0.3,BANC|CBSH|FNB|FRME|GABC|HBNC|NBHC|ONB|SFBS|UBCP,BANC|CBSH|FNB|FRME|GABC|HBNC|NBHC|ONB|SFBS|UBCP
NWE,10,10,-0.87,-3.08,-3.84,0.0,-3.26,-5.84,2.3899999999999997,2.76,10.629999999999999,0.8,ATO|AVA|BKH|CMS|CNP|DTE|LNT|MDU|NI|POR,ATO|AVA|BKH|CMS|CNP|DTE|LNT|MDU|NI|POR
NWFL,10,10,-4.33,-2.23,7.48,0.0,-2.35,-2.05,-1.98,-0.18000000000000016,4.25,0.0,CHMG|CZNC|ESQ|FISI|FULT|HBNC|ORRF|RRBI|TMP|UVSP,CHMG|CZNC|ESQ|FISI|FULT|HBNC|ORRF|RRBI|TMP|UVSP
NWG,10,9,-5.04,-4.69,3.66,0.42,-3.44,-7.5,-1.6,2.8099999999999996,11.83,0.1111111111111111,BAC|BK|C|GS|JPM|MS|PNC|TFC|USB|WFC,BAC|C|GS|JPM|MS|PNC|TFC|USB|WFC
NWGL,10,9,-18.01,96.72,440.1,-6.38,0.0,-7.25,-18.01,103.97,454.74,0.0,BCC|GNPX|LPX|MERC|PCH|RGLD|TAC|TGLS|UFPI|WY,BCC|GNPX|LPX|MERC|RGLD|TAC|TGLS|UFPI|WY
NWL,10,10,-0.18,-6.43,3.09,0.0,-0.024999999999999998,-6.145,-0.155,-0.28500000000000014,4.2299999999999995,0.4,CHD|CL|CLX|EL|HELE|HRL|JNJ|KMB|PG|SPB,CHD|CL|CLX|EL|HELE|HRL|JNJ|KMB|PG|SPB
NWN,10,10,-2.96,-5.95,-6.53,0.0,-3.5,-5.455,0.54,-0.4950000000000001,7.180000000000001,0.8,ATO|CMS|CNP|DTE|NFG|NI|OGS|PNW|SWX|WEC,ATO|CMS|CNP|DTE|NFG|NI|OGS|PNW|SWX|WEC
NWPX,10,10,-0.39,-7.21,-30.01,0.0,2.51,-3.455,-2.9,-3.755,-23.185000000000002,0.4,ACM|ATER|BMI|CSL|DY|EMR|LII|NDSN|PKG|RTX,ACM|ATER|BMI|CSL|DY|EMR|LII|NDSN|PKG|RTX
NWS,6,6,-6.64,-10.93,9.43,0.0,-1.5099999999999998,-8.975,-5.13,-1.955,-0.10000000000000142,0.16666666666666666,AMCX|CMCSA|DIS|FOX|NYT|T,AMCX|CMCSA|DIS|FOX|NYT|T
NWSA,8,7,-6.86,-8.58,11.45,0.0,1.0,-8.87,-7.86,0.28999999999999915,20.61,0.2857142857142857,AMCX|AOUT|LEE|NYT|SCHL|TDAY|TGNA|TTT,AMCX|AOUT|LEE|NYT|SCHL|TDAY|TTT
NWTG,10,9,5.05,-10.39,11.17,0.0,-0.54,-7.66,5.59,-2.7300000000000004,30.47,1.0,CALY|COLM|DECK|GOLF|GOOS|LULU|NKE|SKX|UA|VFC,CALY|COLM|DECK|GOLF|GOOS|LULU|NKE|UA|VFC
NX,10,9,-4.57,-0.6,11.59,0.0,-0.18,-8.01,-4.390000000000001,7.41,21.439999999999998,0.1111111111111111,AWI|BLD|EXP|JELD|LPX|MAS|MHK|OC|SWK|TREX,AWI|EXP|JELD|LPX|MAS|MHK|OC|SWK|TREX
NXDR,10,9,-4.03,0.42,9.68,0.0,-3.05,-8.24,-0.9800000000000004,8.66,-1.6099999999999994,0.4444444444444444,ANET|GOOG|IAC|MTCH|PINS|RBLX|SNAP|SPOT|YELP|ZM,ANET|GOOG|MTCH|PINS|RBLX|SNAP|SPOT|YELP|ZM
NXDT,10,8,-3.19,-4.44,11.69,0.0,-1.73,-8.379999999999999,-1.46,3.9399999999999986,21.244999999999997,0.25,AVB|CPT|EQR|ESS|HST|MAA|O|SPG|SUI|VTR,CPT|ESS|HST|MAA|O|SPG|SUI|VTR
NXE,10,10,1.57,-14.38,-0.54,-0.33,-2.96,-18.715,4.53,4.334999999999999,10.870000000000001,0.7,APPF|ATOM|CBAT|CCJ|DNN|LEU|LTBR|UEC|URG|UUUU,APPF|ATOM|CBAT|CCJ|DNN|LEU|LTBR|UEC|URG|UUUU
NXGL,10,9,2.78,-25.22,-48.28,-0.75,0.63,-5.71,2.15,-19.509999999999998,-57.28,0.7777777777777778,BAX|BDX|HOLX|ISRG|MTD|RMD|STE|SYK|TMO|ZBH,BAX|BDX|ISRG|MTD|RMD|STE|SYK|TMO|ZBH
NXL,10,9,-2.2,-49.14,-52.09,0.0,-3.67,-16.85,1.4699999999999998,-32.29,-29.840000000000003,0.5555555555555556,AXNX|DFTX|HELP|HRTX|KALA|NERV|NVCR|RLMD|TDOC|TVRD,DFTX|HELP|HRTX|KALA|NERV|NVCR|RLMD|TDOC|TVRD
NXPI,10,10,1.84,3.29,-22.27,-1.4,4.734999999999999,4.205,-2.8949999999999996,-0.915,-12.489999999999998,0.2,ADI|AMD|AVGO|INTC|MCHP|MRVL|NVDA|ON|QCOM|TXN,ADI|AMD|AVGO|INTC|MCHP|MRVL|NVDA|ON|QCOM|TXN
NXPL,10,10,3.17,-0.27,40.43,0.0,0.35500000000000004,-7.289999999999999,2.815,7.02,32.215,0.8,AMZN|BABA|EBAY|ETSY|JD|MELI|PDD|SHOP|TGT|WMT,AMZN|BABA|EBAY|ETSY|JD|MELI|PDD|SHOP|TGT|WMT
NXRT,10,8,-2.81,-16.03,-25.21,0.0,-2.3150000000000004,-10.625,-0.49499999999999966,-5.405000000000001,-13.260000000000002,0.25,AIV|AVB|BRT|CPT|CSR|EQR|ESS|IRT|MAA|UDR,AIV|BRT|CPT|CSR|ESS|IRT|MAA|UDR
NXST,10,9,1.16,-11.1,-1.43,0.0,-1.89,-7.09,3.05,-4.01,-15.07,0.8888888888888888,CBSH|CMCSA|DIS|FOX|GTN|MTCH|SBGI|T|TGNA|WBD,CBSH|CMCSA|DIS|FOX|GTN|MTCH|SBGI|T|WBD
NXT,10,9,-1.63,-3.31,-27.55,0.23,-5.1,-9.9,3.4699999999999998,6.59,2.719999999999999,0.7777777777777778,ARRY|CSIQ|ENPH|FSLR|JKS|MAXN|RUN|SEDG|SHLS|SLP,ARRY|CSIQ|ENPH|FSLR|JKS|RUN|SEDG|SHLS|SLP
NXTC,10,7,-20.07,-18.17,172.32,0.0,-3.47,-13.12,-16.6,-5.0500000000000025,153.59,0.0,ACHV|ALLO|ANAB|ANGO|FOLD|IGMS|NKTR|ONCT|SRPT|XNCR,ACHV|ALLO|ANAB|ANGO|NKTR|SRPT|XNCR
NXTT,10,10,7.75,-26.17,-95.29,0.0,-2.14,-1.45,9.89,-24.720000000000002,-98.665,0.9,AAPL|ADBE|AMZN|CSCO|GOOGL|IBM|INTC|META|MSFT|ORCL,AAPL|ADBE|AMZN|CSCO|GOOGL|IBM|INTC|META|MSFT|ORCL
NXXT,10,10,-19.43,-58.94,-76.35,2.95,-6.895,8.645,-12.535,-67.585,-127.1,0.0,ALTO|CASY|CVI|DK|MPC|PARR|PBF|PSX|SUN|VLO,ALTO|CASY|CVI|DK|MPC|PARR|PBF|PSX|SUN|VLO
NYAX,10,10,-0.65,-7.69,-36.11,0.0,-2.455,-6.43,1.8050000000000002,-1.2600000000000007,-51.64,0.8,FIS|GPN|MA|PAYC|PSFE|RPAY|TNET|V|WEX|XYZ,FIS|GPN|MA|PAYC|PSFE|RPAY|TNET|V|WEX|XYZ
NYC,10,8,6.47,-3.25,-22.46,0.0,-1.545,-10.945,8.015,7.695,-10.99,1.0,AIV|AMH|AVB|CLPR|CPT|EQR|ESS|INVH|MAA|UDR,AIV|AMH|CLPR|CPT|ESS|INVH|MAA|UDR
NYT,10,10,-10.94,-9.21,-9.16,0.64,-1.0899999999999999,-3.135,-9.85,-6.075000000000001,-14.875,0.0,AAPL|DIS|DJCO|GOOG|LEE|MSFT|NWSA|PSO|SCHL|TDAY,AAPL|DIS|DJCO|GOOG|LEE|MSFT|NWSA|PSO|SCHL|TDAY
NYXH,10,9,-10.74,-18.9,-18.4,0.0,-2.92,-6.14,-7.82,-12.759999999999998,-22.65,0.0,BFLY|GMED|IART|INSP|NVRO|PODD|SENS|SGHT|TNDM|ZBH,BFLY|GMED|IART|INSP|PODD|SENS|SGHT|TNDM|ZBH
O,10,10,-3.3,-11.78,-10.65,-0.32,-0.745,-7.9399999999999995,-2.5549999999999997,-3.84,-0.41999999999999993,0.0,ADC|BNL|EPR|FRT|KIM|NNN|REG|SPG|VICI|WPC,ADC|BNL|EPR|FRT|KIM|NNN|REG|SPG|VICI|WPC
OABI,10,7,10.32,5.11,95.15,2.26,0.13,-5.58,10.19,10.690000000000001,89.55000000000001,1.0,ADAP|EBS|FOLD|KURA|MGNX|ONC|ONCT|REGN|VRTX|XBIT,EBS|KURA|MGNX|ONC|REGN|VRTX|XBIT
OACC,0,0,-0.2,0.09,0.84,0.0,,,,,,,,
OBA,0,0,0.0,0.29,0.88,0.0,,,,,,,,
OBDC,10,10,-3.96,-3.88,2.24,-0.46,-2.12,-6.195,-1.8399999999999999,2.3150000000000004,-3.255,0.1,ARCC|CSWC|GBDC|HTGC|MAIN|PNNT|PSEC|SLRC|TCPC|TPVG,ARCC|CSWC|GBDC|HTGC|MAIN|PNNT|PSEC|SLRC|TCPC|TPVG
OBE,10,8,-7.66,-2.69,39.78,0.0,-1.8900000000000001,-0.815,-5.77,-1.875,25.915,0.0,APA|COP|DVN|EOG|FANG|HAL|HES|MRO|OXY|XOM,APA|COP|DVN|EOG|FANG|HAL|OXY|XOM
OBIO,10,10,3.63,11.75,53.59,1.01,-0.74,-8.83,4.37,20.58,54.375,1.0,ABT|BSX|GMED|IART|JNJ|MDT|PEN|STE|STXS|SYK,ABT|BSX|GMED|IART|JNJ|MDT|PEN|STE|STXS|SYK
OBK,10,9,-1.4,-0.77,2.72,0.0,-3.06,-5.25,1.6600000000000001,4.48,8.950000000000001,1.0,BANC|CNOB|CUBI|FFIN|FHN|FRBA|HOMB|IBTX|SBCF|TBBK,BANC|CNOB|CUBI|FFIN|FHN|FRBA|HOMB|SBCF|TBBK
OBT,10,9,-1.13,-0.24,2.28,0.94,-1.92,-2.87,0.79,2.63,6.82,0.6666666666666666,AMAL|BCBP|CFFI|COLB|CUBI|FFIC|FULT|TBBK|TMP|UVSP,AMAL|BCBP|CFFI|COLB|CUBI|FULT|TBBK|TMP|UVSP
OC,10,9,-1.33,-16.21,-9.85,-0.03,0.32,-7.94,-1.6500000000000001,-8.27,2.5,0.3333333333333333,ALLE|AOS|APOG|AWI|BLD|JELD|MAS|PATK|SSD|TREX,ALLE|AOS|APOG|AWI|JELD|MAS|PATK|SSD|TREX
OCC,10,9,2.98,7.44,-24.76,0.0,-0.1,-5.6,3.08,13.04,4.66,1.0,ADTN|ANET|CIEN|CMBM|EXTR|FN|FOUR|IPGP|LITE|VIAV,ADTN|ANET|CIEN|EXTR|FN|FOUR|IPGP|LITE|VIAV
OCFC,10,9,-6.29,-9.92,-9.96,-0.06,-2.93,-3.92,-3.36,-6.0,-10.340000000000002,0.1111111111111111,CHCO|COLB|FNB|HOMB|PPBI|QCRH|TCBI|UBSI|WAFD|WASH,CHCO|COLB|FNB|HOMB|QCRH|TCBI|UBSI|WAFD|WASH
OCG,10,10,-1.37,-2.62,-13.14,-2.0,-1.11,-7.289999999999999,-0.26,4.669999999999999,-20.520000000000003,0.5,AMZN|BABA|BIDU|EBAY|ETSY|JD|MELI|PDD|SHOP|W,AMZN|BABA|BIDU|EBAY|ETSY|JD|MELI|PDD|SHOP|W
OCGN,10,8,-1.94,-27.86,-26.28,1.0,2.58,-2.425,-4.52,-25.435,-38.91,0.0,ADMA|BNTX|INO|MCRB|MRNA|NVAX|PFE|SAGE|VTVT|VXRT,ADMA|BNTX|INO|MCRB|MRNA|NVAX|PFE|VTVT
OCS,10,10,0.81,-24.2,-13.58,0.0,-2.41,-5.44,3.22,-18.759999999999998,-23.195,0.7,BMRN|BMY|EBS|GEN|NBIX|PFE|REGN|RGEN|SNY|VRTX,BMRN|BMY|EBS|GEN|NBIX|PFE|REGN|RGEN|SNY|VRTX
OCSL,10,10,-3.25,-7.0,7.18,0.33,-1.31,-3.79,-1.94,-3.21,1.045,0.1,ARCC|FDUS|GSBD|HTGC|MAIN|NMFC|PNNT|PSEC|TCPC|TSLX,ARCC|FDUS|GSBD|HTGC|MAIN|NMFC|PNNT|PSEC|TCPC|TSLX
OCUL,10,10,-1.38,-8.09,2.46,0.0,-0.21,-3.505,-1.17,-4.585,-6.7299999999999995,0.2,AGIO|ALKS|AMGN|BIIB|BMRN|ELAN|GILD|INCY|JNJ|LLY,AGIO|ALKS|AMGN|BIIB|BMRN|ELAN|GILD|INCY|JNJ|LLY
ODC,10,7,3.05,-1.53,-10.33,0.24,1.48,-11.93,1.5699999999999998,10.4,-4.89,0.5714285714285714,AVY|BERY|CLW|GLT|GPK|IP|PKG|SEE|SLGN|SON,AVY|CLW|GPK|IP|PKG|SLGN|SON
ODD,10,10,-1.71,30.81,38.54,0.0,0.52,-2.665,-2.23,33.475,26.23,0.1,BBWI|COTY|EL|IPAR|LFVN|NUS|RDNT|SBH|SKIN|ULTA,BBWI|COTY|EL|IPAR|LFVN|NUS|RDNT|SBH|SKIN|ULTA
ODFL,10,10,1.2,-10.66,-19.5,-0.3,-0.74,-4.5600000000000005,1.94,-6.1,-6.805,0.9,CHRW|EXPD|FDX|JBHT|KNX|LSTR|R|SAIA|UPS|XPO,CHRW|EXPD|FDX|JBHT|KNX|LSTR|R|SAIA|UPS|XPO
ODYS,0,0,-5.07,-12.88,-21.29,2.58,,,,,,,,
OEC,10,10,3.43,1.01,-16.02,0.33,-1.055,-7.074999999999999,4.485,8.084999999999999,-12.905,1.0,ALB|ASH|AVNT|CE|EMN|FUL|HUN|LYB|MOS|WLK,ALB|ASH|AVNT|CE|EMN|FUL|HUN|LYB|MOS|WLK
OESX,10,10,1.65,35.4,196.97,0.0,3.0949999999999998,-5.455,-1.4449999999999998,40.855,206.81,0.3,AYI|COLM|ETN|GE|HUBB|LEDS|LII|MMM|PHG|ROK,AYI|COLM|ETN|GE|HUBB|LEDS|LII|MMM|PHG|ROK
OFAL,0,0,2.16,-43.81,-65.8,0.0,,,,,,,,
OFG,10,8,-1.77,-1.53,6.29,0.0,-3.73,-6.215,1.96,4.685,15.09,0.75,BPOP|CMA|FHN|FNB|HWBK|KEY|RF|SNV|WAL|ZION,BPOP|FHN|FNB|HWBK|KEY|RF|WAL|ZION
OFIX,10,10,3.15,-6.23,-1.92,0.0,-2.8,-9.879999999999999,5.949999999999999,3.6499999999999986,-2.2,1.0,ATEC|BSX|CNMD|GMED|IART|JNJ|MDT|NUVB|SYK|ZBH,ATEC|BSX|CNMD|GMED|IART|JNJ|MDT|NUVB|SYK|ZBH
OFLX,10,9,-3.19,-6.6,-17.23,0.0,1.49,-3.74,-4.68,-2.8599999999999994,-13.18,0.0,AOS|DOV|EPAC|GTLS|ITW|LECO|MIDD|NDSN|PNR|RBC,AOS|DOV|EPAC|ITW|LECO|MIDD|NDSN|PNR|RBC
OFS,10,10,-10.78,-0.56,6.27,0.0,-1.29,-5.845,-9.489999999999998,5.285,0.004999999999999893,0.0,CGBD|GAIN|MAIN|NMFC|PNNT|PSEC|SLRC|TCPC|TPVG|TSLX,CGBD|GAIN|MAIN|NMFC|PNNT|PSEC|SLRC|TCPC|TPVG|TSLX
OGE,10,10,-2.83,-2.72,-8.0,0.0,-4.109999999999999,-7.445,1.2799999999999994,4.725,4.890000000000001,0.8,AEP|D|DUK|ED|ETR|NEE|PEG|PPL|SO|XEL,AEP|D|DUK|ED|ETR|NEE|PEG|PPL|SO|XEL
OGEN,10,8,-2.8,-6.45,-17.14,0.0,-3.355,-20.2,0.5550000000000002,13.75,10.544999999999998,0.625,AIM|AVGR|AYTU|CTSO|CTXR|DSGN|HOTH|OTLK|PAVM|VNRX,AIM|AYTU|CTSO|CTXR|DSGN|OTLK|PAVM|VNRX
OGI,6,6,2.83,-13.49,15.37,0.0,4.08,-2.19,-1.25,-11.3,0.9099999999999984,0.3333333333333333,ACB|CGC|CRON|GRWG|SNDL|TLRY,ACB|CGC|CRON|GRWG|SNDL|TLRY
OGN,10,10,0.29,-0.15,1.93,0.0,-0.039999999999999994,-3.9400000000000004,0.32999999999999996,3.7900000000000005,-8.225,0.6,ABBV|AZN|BIIB|BMY|GSK|JNJ|LLY|MRK|NVS|PFE,ABBV|AZN|BIIB|BMY|GSK|JNJ|LLY|MRK|NVS|PFE
OGS,10,10,-5.44,-10.03,-7.4,0.0,-3.5,-5.355,-1.9400000000000004,-4.674999999999999,1.334999999999999,0.0,ATO|CNP|NI|NJR|NWN|OGE|PNW|SRE|SWX|UGI,ATO|CNP|NI|NJR|NWN|OGE|PNW|SRE|SWX|UGI
OHI,10,8,-1.58,-0.9,-2.55,0.0,-1.7,-5.965,0.11999999999999988,5.0649999999999995,-0.6149999999999998,0.5,DOC|GMRE|HR|LTC|MPW|NHI|SBRA|UHT|VTR|WELL,DOC|HR|LTC|NHI|SBRA|UHT|VTR|WELL
OI,10,8,-2.9,-19.84,-35.96,-0.82,0.13,-9.77,-3.03,-10.07,-31.26,0.125,ATR|AVY|BALL|BERY|CLX|IP|KMB|PKG|SEE|SON,ATR|AVY|BALL|CLX|IP|KMB|PKG|SON
OII,10,10,0.09,-7.35,17.45,0.0,-1.4500000000000002,-2.6399999999999997,1.5400000000000003,-4.71,9.225,0.8,BKR|FET|FTI|GLNG|HAL|INVX|NOV|RIG|SLB|TDW,BKR|FET|FTI|GLNG|HAL|INVX|NOV|RIG|SLB|TDW
OIS,10,10,-1.54,0.0,8.34,0.0,-1.655,-0.985,0.11499999999999999,0.985,-2.4299999999999997,0.6,BKR|COP|CVX|FTI|HAL|INVX|NOV|PSX|SLB|XOM,BKR|COP|CVX|FTI|HAL|INVX|NOV|PSX|SLB|XOM
OKE,10,10,-2.38,-0.76,1.65,0.51,-1.195,-2.415,-1.1849999999999998,1.655,2.415,0.2,AM|BKR|ENB|EPD|ET|KMI|MPLX|PAA|TRP|WMB,AM|BKR|ENB|EPD|ET|KMI|MPLX|PAA|TRP|WMB
OKLO,10,10,-3.66,-13.71,-25.11,-1.6,-3.905,-8.025,0.24499999999999966,-5.6850000000000005,-12.399999999999999,0.6,CEG|DUK|EXC|LEU|NEE|NNE|PCG|SMR|SO|VST,CEG|DUK|EXC|LEU|NEE|NNE|PCG|SMR|SO|VST
OKTA,10,9,6.4,54.79,69.52,-1.55,2.82,14.75,3.5800000000000005,40.04,28.339999999999996,0.7777777777777778,ADBE|AKAM|CRM|CYBR|FTNT|MSFT|NET|PANW|WDAY|ZS,ADBE|AKAM|CRM|FTNT|MSFT|NET|PANW|WDAY|ZS
OKUR,10,8,-3.38,-25.71,-32.23,-2.72,-4.4350000000000005,-11.915,1.0550000000000006,-13.795000000000002,-33.69,0.75,AKRO|ARCT|AXSM|CMRX|IDYA|KYNB|MLTX|PRLD|PTGX|RNA,ARCT|AXSM|IDYA|KYNB|MLTX|PRLD|PTGX|RNA
OKYO,10,10,-0.75,-12.0,-14.84,0.0,0.895,-2.4050000000000002,-1.645,-9.594999999999999,-24.994999999999997,0.3,ABBV|AZN|BMY|GSK|JNJ|MRK|NVS|PFE|REGN|ROG,ABBV|AZN|BMY|GSK|JNJ|MRK|NVS|PFE|REGN|ROG
OLB,10,9,1.33,-36.62,-46.3,-2.69,-2.06,-1.04,3.39,-35.58,-49.73,0.8888888888888888,DXC|EBAY|EVRI|FLNT|GPN|PAGS|PYPL|RPAY|STNE|XYZ,DXC|EBAY|FLNT|GPN|PAGS|PYPL|RPAY|STNE|XYZ
OLED,10,10,0.53,-9.44,-12.39,0.0,4.465,3.615,-3.9349999999999996,-13.055,-0.3049999999999997,0.2,AAPL|AMAT|ASML|INTC|KLAC|LRCX|NVDA|NXPI|QRVO|TXN,AAPL|AMAT|ASML|INTC|KLAC|LRCX|NVDA|NXPI|QRVO|TXN
OLLI,9,9,8.61,10.92,15.89,0.18,1.49,-5.5,7.119999999999999,16.42,19.6,0.8888888888888888,BURL|COST|DG|DLTR|FIVE|ROST|TGT|TJX|WMT,BURL|COST|DG|DLTR|FIVE|ROST|TGT|TJX|WMT
OLMA,10,10,-9.8,-18.15,-21.87,1.13,0.020000000000000004,-4.095,-9.82,-14.055,-36.075,0.0,ACAD|AMGN|BIIB|EXEL|GILD|INCY|NBIX|ONC|REGN|VRTX,ACAD|AMGN|BIIB|EXEL|GILD|INCY|NBIX|ONC|REGN|VRTX
OLN,10,10,-1.47,-4.55,-20.1,0.0,0.13,-5.8,-1.6,1.25,-13.150000000000002,0.4,ASH|CE|DOW|EMN|FUL|HUN|LYB|PPG|RPM|WLK,ASH|CE|DOW|EMN|FUL|HUN|LYB|PPG|RPM|WLK
OLP,10,10,-2.09,-8.51,-5.51,-0.75,-0.9400000000000001,-9.555,-1.15,1.045,5.845000000000001,0.3,ADC|BRX|EPRT|FCPT|GTY|KIM|NNN|O|REG|WPC,ADC|BRX|EPRT|FCPT|GTY|KIM|NNN|O|REG|WPC
OM,10,7,-0.96,-26.25,-33.26,0.0,1.0,-5.71,-1.96,-20.54,-42.26,0.42857142857142855,AXNX|BAX|FMS|INSP|MDXG|NARI|NVRO|OFIX|PODD|RMD,BAX|FMS|INSP|MDXG|OFIX|PODD|RMD
OMAB,10,8,4.25,-1.56,-5.9,0.0,1.505,-5.9399999999999995,2.745,4.379999999999999,16.314999999999998,1.0,AAL|AC|ALK|ASR|DAL|JBLU|LUV|PAC|SAVE|UAL,AAL|ALK|ASR|DAL|JBLU|LUV|PAC|UAL
OMC,6,5,-4.84,-15.12,2.48,0.0,1.31,-2.35,-6.15,-12.77,-42.6,0.0,ACN|HHS|IPG|MCHX|TDAY|WPP,ACN|HHS|MCHX|TDAY|WPP
OMCL,10,9,1.13,-0.69,-16.54,0.0,-0.77,-0.07,1.9,-0.6199999999999999,-31.409999999999997,0.7777777777777778,ADUS|AMWL|EHTH|GEHC|HSIC|HSTM|INSP|MCK|MDB|PDCO,ADUS|AMWL|EHTH|GEHC|HSIC|HSTM|INSP|MCK|MDB
OMDA,0,0,2.87,-14.79,7.94,-1.4,,,,,,,,
OMER,10,10,12.2,7.37,93.1,-0.19,-0.11,-3.505,12.309999999999999,10.875,81.38499999999999,1.0,AMGN|BMRN|EXEL|GILD|INCY|IONS|NBIX|REGN|SRPT|VRTX,AMGN|BMRN|EXEL|GILD|INCY|IONS|NBIX|REGN|SRPT|VRTX
OMEX,10,10,3.25,-19.4,-14.13,0.0,-0.875,-2.61,4.125,-16.79,-28.365000000000002,0.8,BKR|CLB|FET|FTK|INVX|OII|OIS|RIG|TDW|XOM,BKR|CLB|FET|FTK|INVX|OII|OIS|RIG|TDW|XOM
OMF,10,8,-5.48,-8.97,-2.27,0.0,-4.32,-9.14,-1.1600000000000001,0.16999999999999993,11.8,0.375,ALLY|CACC|COF|DFS|ENVA|LC|OPRT|RM|SYF|UPST,ALLY|CACC|COF|ENVA|OPRT|RM|SYF|UPST
OMH,10,5,0.4,-49.24,-92.19,0.0,-1.56,-21.52,1.96,-27.720000000000002,-76.46,1.0,AVB|EQR|EXPI|HGV|OPEN|PLD|RDFN|REZI|RMAX|ZG,HGV|OPEN|PLD|REZI|ZG
OMSE,0,0,-2.28,-4.69,7.86,0.0,,,,,,,,
ON,10,10,5.99,-0.17,-39.03,-2.31,4.65,4.205,1.3399999999999999,-4.375,-28.98,0.7,ADI|AMD|AVGO|INTC|MCHP|MU|NVDA|NXPI|QCOM|TXN,ADI|AMD|AVGO|INTC|MCHP|MU|NVDA|NXPI|QCOM|TXN
ONB,10,9,-2.05,-3.35,-4.17,0.24,-3.14,-6.97,1.0900000000000003,3.6199999999999997,4.49,1.0,CMA|FNB|FULT|HBAN|KEY|PNC|RF|TRMK|UBSI|WTFC,FNB|FULT|HBAN|KEY|PNC|RF|TRMK|UBSI|WTFC
ONC,10,9,0.53,-5.58,29.06,-2.64,-0.09,-4.4,0.62,-1.1799999999999997,20.549999999999997,0.7777777777777778,AMGN|BLUE|BMRN|EXEL|GILD|INCY|IONS|KPTI|REGN|VRTX,AMGN|BMRN|EXEL|GILD|INCY|IONS|KPTI|REGN|VRTX
ONCH,0,0,0.0,0.19,0.78,0.0,,,,,,,,
ONCO,10,8,16.2,19.91,-21.31,-15.27,11.170000000000002,12.365,5.029999999999998,7.545,-27.625,0.75,BCTX|BFRG|BTAI|CBIO|CYPH|LONA|MIRA|NNVC|OKUR|SYBX,BCTX|BFRG|CBIO|CYPH|LONA|MIRA|NNVC|OKUR
ONCY,10,7,-12.01,-19.86,-26.59,0.0,-0.41,-9.62,-11.6,-10.24,-26.95,0.14285714285714285,ADAP|BLUE|CLLS|CRSP|EDIT|FATE|IOVA|NTLA|PSTX|TCRT,CLLS|CRSP|EDIT|FATE|IOVA|NTLA|TCRT
ONDS,10,9,-1.35,-11.53,-5.02,-1.49,0.8,1.21,-2.1500000000000004,-12.739999999999998,-8.86,0.1111111111111111,ADTN|AUDC|AVNW|CMBM|CMTL|GNSS|GSAT|IRDM|LTRX|SILC,ADTN|AUDC|AVNW|CMTL|GNSS|GSAT|IRDM|LTRX|SILC
ONEG,0,0,0.0,-0.97,-37.42,0.0,,,,,,,,
ONEW,10,9,4.3,-17.3,-12.11,0.0,-0.51,-10.66,4.81,-6.640000000000001,3.1500000000000004,1.0,BC|BCO|HZO|LFVN|MBUU|MCFT|MPX|MTN|PII|YETI,BC|BCO|HZO|LFVN|MBUU|MCFT|MTN|PII|YETI
ONFO,9,9,4.65,-36.48,-93.26,10.67,-3.91,-10.78,8.56,-25.699999999999996,-92.87,0.8888888888888888,ANGI|ETSY|GDDY|PINS|SHOP|TTD|WIX|Z|ZG,ANGI|ETSY|GDDY|PINS|SHOP|TTD|WIX|Z|ZG
ONIT,10,9,-7.82,-12.12,-13.92,0.0,-0.18,-6.43,-7.640000000000001,-5.6899999999999995,-11.73,0.0,CHD|CLX|ENR|GTX|HAS|HOG|LEG|NWL|SPB|WDFC,CHD|CLX|ENR|GTX|HAS|HOG|NWL|SPB|WDFC
ONL,10,9,2.06,-15.65,-9.49,0.0,-1.97,-11.59,4.03,-4.0600000000000005,0.629999999999999,1.0,ADC|BDN|BXP|EPRT|EQC|FCPT|GNL|HIW|NNN|O,ADC|BDN|BXP|EPRT|FCPT|GNL|HIW|NNN|O
ONMD,8,8,6.35,10.91,3.72,0.0,-0.435,0.35,6.784999999999999,10.56,-0.5349999999999997,1.0,CLOV|HSTM|IQV|MCK|OMCL|PINC|TDOC|VEEV,CLOV|HSTM|IQV|MCK|OMCL|PINC|TDOC|VEEV
ONON,10,9,9.4,3.71,-18.26,-0.86,-0.54,-8.2,9.940000000000001,11.91,-1.5800000000000018,1.0,COLM|CROX|DECK|LULU|NKE|RL|SKX|UA|UAA|VFC,COLM|CROX|DECK|LULU|NKE|RL|UA|UAA|VFC
ONTO,10,10,3.42,-11.33,-24.88,-8.4,8.985,-1.81,-5.5649999999999995,-9.52,5.510000000000002,0.0,ACLS|AMAT|AMKR|ASML|COHU|KLAC|LRCX|MKSI|TER|UCTT,ACLS|AMAT|AMKR|ASML|COHU|KLAC|LRCX|MKSI|TER|UCTT
OOMA,10,10,-2.35,3.81,19.25,0.0,6.045,14.99,-8.395,-11.18,3.4450000000000003,0.3,ALRM|BAND|CALX|COHU|EGHT|FIVN|RNG|SGI|TWLO|UI,ALRM|BAND|CALX|COHU|EGHT|FIVN|RNG|SGI|TWLO|UI
OPAD,10,7,-2.01,-20.51,-23.54,0.0,-1.9,-11.62,-0.10999999999999988,-8.890000000000002,-15.299999999999999,0.42857142857142855,AMH|AVB|EQR|EXR|INVH|MAA|OPEN|RDFN|Z|ZG,AMH|EXR|INVH|MAA|OPEN|Z|ZG
OPAL,10,9,-3.12,-11.43,-7.46,0.0,-5.26,-4.3,2.1399999999999997,-7.13,6.510000000000001,0.6666666666666666,BE|BLNK|CLNE|ENPH|FCEL|GEVO|HYLN|NKLA|PLUG|RCEL,BE|BLNK|CLNE|ENPH|FCEL|GEVO|HYLN|PLUG|RCEL
OPBK,10,9,-3.57,-2.43,-0.54,-0.07,-1.34,-1.92,-2.2299999999999995,-0.5100000000000002,2.41,0.2222222222222222,BCML|CARR|CATY|CVBF|EWBC|HAFC|HOPE|IBTX|PFBC|WABC,BCML|CARR|CATY|CVBF|EWBC|HAFC|HOPE|PFBC|WABC
OPCH,10,8,-7.71,-4.36,5.26,-3.13,-2.76,-4.625,-4.95,0.2649999999999997,6.395,0.0,ADUS|AMED|CI|CMG|CVS|EHC|ELV|LIVN|SEM|UNH,ADUS|CI|CMG|CVS|EHC|ELV|LIVN|UNH
OPEN,10,7,-1.56,-30.0,-41.4,-2.33,-5.05,-20.74,3.4899999999999998,-9.260000000000002,-38.31,0.5714285714285714,APPF|COMP|EXPI|FTHM|HOUS|LAND|RDFN|REZI|Z|ZG,APPF|COMP|FTHM|LAND|REZI|Z|ZG
OPFI,10,8,-10.65,-13.84,-32.8,0.16,-4.785,-9.605,-5.865,-4.234999999999999,-19.97,0.0,ALLY|ATLC|CACC|ENVA|LC|LPRO|PBH|RM|SLM|WRLD,ALLY|ATLC|CACC|ENVA|PBH|RM|SLM|WRLD
OPHC,10,9,-1.76,-1.98,53.97,0.0,-3.09,-7.58,1.3299999999999998,5.6,62.629999999999995,0.6666666666666666,BEN|BK|C|FITB|HBAN|JPM|KEY|MS|PNC|RF,BEN|C|FITB|HBAN|JPM|KEY|MS|PNC|RF
OPK,10,8,5.59,14.86,14.09,0.0,-0.065,-5.57,5.655,20.43,0.5299999999999994,1.0,BCRX|CMRX|CRL|DGX|EXAS|LH|MEDP|MYGN|TECH|VNDA,BCRX|CRL|DGX|LH|MEDP|MYGN|TECH|VNDA
OPLN,10,10,-2.48,0.41,-13.25,0.0,-3.46,-12.33,0.98,12.74,-1.42,0.7,ABG|AN|CMPR|CPRT|GPI|LAD|MAN|R|RBA|SAH,ABG|AN|CMPR|CPRT|GPI|LAD|MAN|R|RBA|SAH
OPRA,10,10,-3.55,-9.07,-2.7,-0.45,-0.935,-5.484999999999999,-2.6149999999999998,-3.585000000000001,-17.055,0.1,AAPL|AMZN|BABA|BIDU|GOOGL|META|MSFT|SNAP|UBER|ZM,AAPL|AMZN|BABA|BIDU|GOOGL|META|MSFT|SNAP|UBER|ZM
OPRT,10,9,6.09,13.72,49.04,0.71,-3.81,-10.64,9.9,24.36,61.72,1.0,CSGP|ENVA|FCFS|FINV|GDOT|LC|QFIN|RM|WRLD|XYF,CSGP|ENVA|FCFS|FINV|GDOT|QFIN|RM|WRLD|XYF
OPRX,9,9,-1.71,-5.09,52.24,-1.84,-2.06,4.47,0.3500000000000001,-9.559999999999999,42.09,0.6666666666666666,DHX|GDRX|HIMX|HSTM|HUT|OTLK|PEGA|TDOC|VEEV,DHX|GDRX|HIMX|HSTM|HUT|OTLK|PEGA|TDOC|VEEV
OPTT,10,9,14.51,-60.44,-70.18,0.45,0.0,-7.65,14.51,-52.79,-53.120000000000005,1.0,AMSC|AQMS|BLDP|CLNE|CPST|FCEL|HASI|PLUG|POWI|VVPR,AMSC|AQMS|BLDP|CLNE|CPST|FCEL|HASI|PLUG|POWI
OPTU,0,0,0.99,18.62,-36.65,0.0,,,,,,,,
OPTX,10,10,19.0,-8.56,-26.62,0.0,1.2249999999999999,0.995,17.775,-9.555,-14.535,1.0,ADI|COHR|INTC|KOPN|LITE|LPTH|MVIS|NVMI|TXN|VUZI,ADI|COHR|INTC|KOPN|LITE|LPTH|MVIS|NVMI|TXN|VUZI
OPXS,10,10,-1.79,-4.15,-16.77,0.0,-3.285,-5.92,1.495,1.7699999999999996,-14.855,0.9,AVAV|BA|CW|GD|HII|KRNY|LHX|LMT|NOC|TXT,AVAV|BA|CW|GD|HII|KRNY|LHX|LMT|NOC|TXT
OPY,10,10,1.96,-0.33,9.92,0.0,-2.4,-11.23,4.359999999999999,10.9,19.705,1.0,AMTD|EVR|GS|LAZ|LPLA|MC|MS|RJF|SCHW|SF,AMTD|EVR|GS|LAZ|LPLA|MC|MS|RJF|SCHW|SF
OR,10,8,-3.87,-8.63,13.03,-1.41,-3.67,-11.795,-0.20000000000000018,3.164999999999999,-10.464999999999998,0.5,AGI|AU|EGO|FNV|IAG|KGC|NGD|RGLD|SAND|WPM,AGI|AU|EGO|FNV|IAG|KGC|RGLD|WPM
ORA,10,10,-3.36,-11.43,-21.6,-1.81,-3.665,-6.790000000000001,0.30500000000000016,-4.639999999999999,-8.175,0.5,AEP|AES|CMS|DTE|DUK|ED|EIX|NEE|PCG|XEL,AEP|AES|CMS|DTE|DUK|ED|EIX|NEE|PCG|XEL
ORBS,10,10,10.31,24.98,33.32,-5.66,-0.935,-0.18499999999999994,11.245000000000001,25.165,22.015,1.0,AAPL|AMZN|BABA|CRM|GOOGL|MSFT|NFLX|NVDA|ORCL|TSLA,AAPL|AMZN|BABA|CRM|GOOGL|MSFT|NFLX|NVDA|ORCL|TSLA
ORC,10,9,-2.3,-11.46,-13.27,0.17,-1.57,-9.09,-0.7299999999999998,-2.370000000000001,-3.1099999999999994,0.3333333333333333,ADAM|AGNC|ARR|CHMI|CIM|DX|IVR|MFA|NLY|TWO,ADAM|AGNC|ARR|CHMI|CIM|DX|IVR|MFA|NLY
ORCL,10,10,-5.48,-1.68,-6.64,-1.54,-2.705,-2.145,-2.7750000000000004,0.4650000000000001,-38.985,0.1,ADBE|AMZN|CRM|GOOGL|IBM|INTU|MSFT|NOW|SAP|WDAY,ADBE|AMZN|CRM|GOOGL|IBM|INTU|MSFT|NOW|SAP|WDAY
ORGO,10,9,7.35,-16.09,-39.92,0.69,-0.43,-4.46,7.779999999999999,-11.629999999999999,-39.800000000000004,1.0,BSX|DHR|EW|HOLX|ISRG|JNJ|MDT|SYK|XRAY|ZBH,BSX|DHR|EW|ISRG|JNJ|MDT|SYK|XRAY|ZBH
ORI,10,10,-2.67,-6.4,-1.48,3.02,-2.975,-3.85,0.30500000000000016,-2.5500000000000003,-0.7649999999999999,0.5,AIG|ALL|CB|CINF|HIG|L|MET|PGR|PRU|TRV,AIG|ALL|CB|CINF|HIG|L|MET|PGR|PRU|TRV
ORIC,10,10,6.3,-0.97,41.36,0.0,0.955,-3.61,5.345,2.6399999999999997,27.044999999999998,0.9,ABBV|AMGN|BIIB|BMY|GILD|LLY|MRK|PFE|REGN|VRTX,ABBV|AMGN|BIIB|BMY|GILD|LLY|MRK|PFE|REGN|VRTX
ORIO,10,9,0.98,17.05,18.19,0.0,-2.46,-13.74,3.44,30.79,23.450000000000003,1.0,AFRM|FOUR|GPN|LC|MA|PYPL|SOFI|TREE|UPST|XYZ,AFRM|FOUR|GPN|MA|PYPL|SOFI|TREE|UPST|XYZ
ORIQ,0,0,0.29,0.87,1.16,0.0,,,,,,,,
ORKA,0,0,-8.24,-11.92,3.52,-0.27,,,,,,,,
ORKT,10,10,1.92,6.0,-11.67,0.0,-2.705,-1.45,4.625,7.45,-15.045,0.9,AAPL|ADBE|AMZN|CRM|CSCO|GOOGL|IBM|INTC|MSFT|ORCL,AAPL|ADBE|AMZN|CRM|CSCO|GOOGL|IBM|INTC|MSFT|ORCL
ORLY,9,9,2.07,-4.06,-0.29,0.87,-2.1,-10.28,4.17,6.22,5.79,1.0,AAP|ABG|AN|AZO|GPC|KMX|LAD|PAG|SAH,AAP|ABG|AN|AZO|GPC|KMX|LAD|PAG|SAH
ORMP,9,9,2.16,-2.07,9.77,0.0,0.39,-0.92,1.77,-1.15,5.52,0.5555555555555556,AQST|CAPR|LGND|MNKD|NVAX|RIGL|TNDM|VTVT|XERS,AQST|CAPR|LGND|MNKD|NVAX|RIGL|TNDM|VTVT|XERS
ORN,10,10,-1.32,-1.1,-43.64,0.0,-1.73,-4.71,0.4099999999999999,3.61,-22.93,0.6,DY|EME|FIX|GVA|MTZ|PRIM|PWR|ROAD|TPC|TTEK,DY|EME|FIX|GVA|MTZ|PRIM|PWR|ROAD|TPC|TTEK
ORRF,10,10,-2.29,-2.45,0.91,0.0,-2.2199999999999998,-2.3899999999999997,-0.07000000000000028,-0.0600000000000005,-2.1849999999999996,0.4,AUB|CTBI|ESQ|FMBH|FMNB|GSBC|HWBK|PFIS|TMP|UVSP,AUB|CTBI|ESQ|FMBH|FMNB|GSBC|HWBK|PFIS|TMP|UVSP
OSBC,10,8,-1.72,-3.54,7.25,0.0,-2.9400000000000004,-4.095,1.2200000000000004,0.5549999999999997,8.035,1.0,BUSE|CADE|CBSH|CUBI|FULT|HTLF|PFS|SRCE|TOWN|WSBC,BUSE|CBSH|CUBI|FULT|PFS|SRCE|TOWN|WSBC
OSCR,10,10,-5.08,-1.86,5.88,-0.57,-1.9700000000000002,-4.495,-3.11,2.635,8.285,0.2,ACHC|CI|CNC|EHTH|HUM|MD|MOH|THC|UHS|UNH,ACHC|CI|CNC|EHTH|HUM|MD|MOH|THC|UHS|UNH
OSG,10,10,-5.15,-5.99,-31.06,2.17,-2.625,-6.275,-2.5250000000000004,0.28500000000000014,-30.035,0.1,ACGL|AGO|AIG|ALL|CINF|CNA|HIG|MCO|MCY|PRU,ACGL|AGO|AIG|ALL|CINF|CNA|HIG|MCO|MCY|PRU
OSIS,10,10,0.58,-1.25,-7.96,-0.73,-1.595,-5.5,2.175,4.25,0.020000000000000462,0.7,BA|CUB|EH|GD|HEI|HON|LHX|LMT|NOC|TXT,BA|CUB|EH|GD|HEI|HON|LHX|LMT|NOC|TXT
OSK,10,10,-6.58,-13.33,-5.48,0.0,0.9199999999999999,-5.25,-7.5,-8.08,-2.6750000000000003,0.0,AGCO|CAT|CMI|DE|HII|LECO|PCAR|PH|TEX|WAB,AGCO|CAT|CMI|DE|HII|LECO|PCAR|PH|TEX|WAB
OSPN,10,9,-0.78,15.72,31.63,-1.11,3.89,22.17,-4.67,-6.450000000000001,-21.8,0.0,CRWD|CYBR|FSLY|FTNT|NET|OKTA|QLYS|TENB|VRNS|ZS,CRWD|FSLY|FTNT|NET|OKTA|QLYS|TENB|VRNS|ZS
OSS,10,10,-0.66,-18.9,-44.38,-1.85,-2.345,3.7199999999999998,1.685,-22.619999999999997,-57.53,0.6,AMD|AVGO|CSCO|DELL|HPE|HPQ|IBM|NTAP|NVDA|ORCL,AMD|AVGO|CSCO|DELL|HPE|HPQ|IBM|NTAP|NVDA|ORCL
OSTX,10,10,-5.71,6.45,-8.33,0.0,0.16999999999999998,-3.625,-5.88,10.075,-22.645000000000003,0.0,AMGN|BIIB|BMY|GILD|JNJ|LLY|MRK|PFE|REGN|VRTX,AMGN|BIIB|BMY|GILD|JNJ|LLY|MRK|PFE|REGN|VRTX
OSUR,10,9,11.75,3.17,-11.56,-2.26,0.63,-9.97,11.12,13.14,-20.560000000000002,1.0,ABT|BAX|BDX|DGX|FMS|HOLX|LH|MBAI|MYGN|QDEL,ABT|BAX|BDX|DGX|FMS|LH|MBAI|MYGN|QDEL
OSW,9,8,2.63,-16.03,-19.41,0.0,4.225,-17.075,-1.5949999999999998,1.0449999999999982,-24.015,0.125,BJRI|BLMN|CAKE|DENN|DIN|DRI|EAT|RRGB|TXRH,BJRI|BLMN|CAKE|DIN|DRI|EAT|RRGB|TXRH
OTEX,10,10,-1.37,-6.1,8.87,0.0,-2.73,-0.775,1.3599999999999999,-5.324999999999999,-32.03,0.7,ADBE|BOX|DOCU|IBM|MSFT|NOW|ORCL|SAP|TEAM|WDAY,ADBE|BOX|DOCU|IBM|MSFT|NOW|ORCL|SAP|TEAM|WDAY
OTF,0,0,-1.7,-5.95,2.15,0.0,,,,,,,,
OTGA,0,0,0.17,0.46,1.16,0.0,,,,,,,,
OTIS,4,4,-1.34,-5.36,-5.93,0.0,-0.96,-3.825,-0.3800000000000001,-1.5350000000000001,6.129999999999999,0.25,HYD|RIME|SCHP|TKR,HYD|RIME|SCHP|TKR
OTLK,10,9,-1.82,4.47,-58.47,1.04,-1.38,-9.32,-0.44000000000000017,13.79,-46.45,0.4444444444444444,ADMA|AKBA|ALDX|CLSD|EDIT|EYPT|KALA|KYNB|NBIX|OCUL,ADMA|AKBA|ALDX|EDIT|EYPT|KALA|KYNB|NBIX|OCUL
OTLY,10,10,-4.19,-22.93,35.54,-1.82,-3.23,-14.254999999999999,-0.9600000000000004,-8.675,47.769999999999996,0.4,BRBR|BYND|DNUT|GIS|HAIN|HRL|KHC|KO|PEP|STZ,BRBR|BYND|DNUT|GIS|HAIN|HRL|KHC|KO|PEP|STZ
OTTR,10,9,0.13,-3.15,0.37,0.0,-3.05,-5.75,3.1799999999999997,2.6,13.639999999999999,0.8888888888888888,AEE|AEP|ALE|CMS|CNP|IDA|LNT|MGEE|NWE|PNW,AEE|AEP|CMS|CNP|IDA|LNT|MGEE|NWE|PNW
OUST,10,9,8.81,4.97,-9.06,-3.43,1.18,0.37,7.630000000000001,4.6,8.99,0.8888888888888888,AEVA|CPTN|INVZ|LAZR|LEDS|LIDR|LITE|MGNI|MVIS|VIAV,AEVA|INVZ|LAZR|LEDS|LIDR|LITE|MGNI|MVIS|VIAV
OUT,9,7,2.23,-7.11,-10.02,0.96,-2.24,-5.7,4.470000000000001,-1.4100000000000001,-12.5,1.0,APO|CCO|IPG|LAMR|NCMI|OMC|QNST|SPI|WPP,APO|CCO|LAMR|NCMI|OMC|QNST|WPP
OVBC,10,9,-2.83,-3.5,-1.82,0.0,-3.03,-4.06,0.19999999999999973,0.5599999999999996,2.87,0.7777777777777778,ASB|BANR|FFBC|FULT|HOMB|ONB|PNFP|SFNC|VLY|WBS,ASB|BANR|FFBC|FULT|HOMB|ONB|PNFP|SFNC|VLY
OVID,10,7,-4.1,-8.87,2.8,0.0,-3.43,-12.27,-0.6699999999999995,3.4000000000000004,16.45,0.2857142857142857,BLUE|CRSP|EDIT|FOLD|NTLA|PTCT|QURE|RARE|SGMO|SRPT,CRSP|EDIT|NTLA|PTCT|QURE|RARE|SRPT
OVLY,10,10,-2.21,-2.27,-0.97,0.0,-2.645,-3.16,0.43500000000000005,0.8900000000000001,2.96,0.6,COLB|CWBC|CZNC|FIBK|HOPE|OCFC|PACB|PFBC|TRMK|WABC,COLB|CWBC|CZNC|FIBK|HOPE|OCFC|PACB|PFBC|TRMK|WABC
OVV,10,8,-4.84,-9.39,13.21,0.0,-1.78,0.5349999999999999,-3.0599999999999996,-9.925,-3.0549999999999997,0.0,APA|COP|CVX|DVN|EOG|FANG|HES|MRO|OXY|XOM,APA|COP|CVX|DVN|EOG|FANG|OXY|XOM
OWL,10,10,-3.02,-18.07,13.91,0.62,-1.635,-12.120000000000001,-1.385,-5.949999999999999,9.72,0.3,APO|ARES|BX|CG|HNNA|KKR|MC|PAGP|STEP|TPG,APO|ARES|BX|CG|HNNA|KKR|MC|PAGP|STEP|TPG
OWLS,0,0,2.95,0.36,0.18,0.0,,,,,,,,
OWLT,10,10,14.76,2.56,-6.96,0.0,-0.015,-2.225,14.775,4.785,-9.15,1.0,ALGN|DXCM|IDXX|NEO|NTRA|NVCR|PINS|PODD|SENS|TDOC,ALGN|DXCM|IDXX|NEO|NTRA|NVCR|PINS|PODD|SENS|TDOC
OXBR,10,10,-2.11,8.59,37.62,0.0,-3.475,-5.77,1.3650000000000002,14.36,39.245,0.6,ACGL|HIG|KMPR|L|MCY|MTG|PGR|RGA|RNR|WRB,ACGL|HIG|KMPR|L|MCY|MTG|PGR|RGA|RNR|WRB
OXM,9,9,-9.95,-27.95,-26.47,0.0,-1.76,-4.71,-8.19,-23.24,-14.499999999999998,0.0,AEO|ANF|KTB|LB|LEVI|PVH|RL|URBN|VFC,AEO|ANF|KTB|LB|LEVI|PVH|RL|URBN|VFC
OXSQ,10,10,-0.79,-8.03,-5.26,-0.79,-2.295,-6.425,1.505,-1.6049999999999995,-12.615,0.7,ARCC|FSK|HTGC|MAIN|NMFC|OCSL|PSEC|SLRC|TCPC|TPVG,ARCC|FSK|HTGC|MAIN|NMFC|OCSL|PSEC|SLRC|TCPC|TPVG
OXY,10,9,-1.84,-0.36,13.65,1.46,-1.72,0.58,-0.1200000000000001,-0.94,-0.4299999999999997,0.4444444444444444,APA|COP|CVX|DVN|EOG|FANG|HES|MUR|SLB|XOM,APA|COP|CVX|DVN|EOG|FANG|MUR|SLB|XOM
OYSE,0,0,0.1,0.1,0.97,0.0,,,,,,,,
OZ,10,8,-5.24,-7.75,-4.75,0.0,-1.2149999999999999,-7.71,-4.025,-0.040000000000000036,0.6099999999999994,0.0,AMH|AVB|EQIX|EQR|ESS|INVH|PLD|PSA|SPG|VTR,AMH|EQIX|ESS|INVH|PLD|PSA|SPG|VTR
OZK,10,10,-3.8,-6.46,-11.18,-0.15,-3.44,-7.68,-0.3599999999999999,1.2199999999999998,-2.6149999999999984,0.3,CFG|FITB|HBAN|KEY|MTB|PNC|RF|TFC|USB|ZION,CFG|FITB|HBAN|KEY|MTB|PNC|RF|TFC|USB|ZION
PAA,10,10,-3.86,-2.08,13.83,0.0,-1.5899999999999999,-0.69,-2.27,-1.3900000000000001,12.015,0.0,ENB|EPD|ET|HESM|KMI|MPLX|OKE|PBR|TRP|WMB,ENB|EPD|ET|HESM|KMI|MPLX|OKE|PBR|TRP|WMB
PAAS,10,9,-3.82,-11.96,6.08,-0.8,-4.04,-11.77,0.2200000000000002,-0.19000000000000128,-12.47,0.5555555555555556,AG|CDE|EXK|FSM|HL|MAG|NG|SSRM|SVM|TGB,AG|CDE|EXK|FSM|HL|NG|SSRM|SVM|TGB
PAC,10,9,2.83,0.97,-15.54,0.0,-1.87,-5.52,4.7,6.489999999999999,-7.6499999999999995,0.8888888888888888,ASR|CAAP|DLPN|GSL|HASI|OMAB|SATS|TAP|TRN|USPH,ASR|CAAP|DLPN|GSL|HASI|OMAB|TAP|TRN|USPH
PACB,10,10,1.46,-7.88,-12.49,-0.7,-0.185,5.41,1.645,-13.29,-41.385,0.9,CDNA|CRSP|FATE|FLGT|GH|ILMN|ONC|QGEN|TWST|TXG,CDNA|CRSP|FATE|FLGT|GH|ILMN|ONC|QGEN|TWST|TXG
PACH,0,0,0.0,0.29,0.98,0.0,,,,,,,,
PACK,10,8,2.26,-19.37,-43.65,-2.39,1.19,-10.735,1.0699999999999998,-8.635000000000002,-40.815,0.75,AMCR|ATR|BERY|GEF|IP|OI|PKG|SEE|SLGN|SON,AMCR|ATR|GEF|IP|OI|PKG|SLGN|SON
PACS,10,10,-2.73,-6.9,0.57,-0.34,-4.050000000000001,-4.335,1.3200000000000007,-2.5650000000000004,-26.82,0.8,ACN|BBSI|CTSH|DXC|EXLS|G|HCKT|HURN|LDOS|SAIC,ACN|BBSI|CTSH|DXC|EXLS|G|HCKT|HURN|LDOS|SAIC
PAG,10,10,-2.1,-3.86,14.29,0.0,-4.135,-15.615,2.0349999999999997,11.755,21.505,0.9,ABG|AN|CRMT|CVNA|GPI|KMX|LAD|RUSHA|SAH|VRM,ABG|AN|CRMT|CVNA|GPI|KMX|LAD|RUSHA|SAH|VRM
PAGP,10,10,-2.8,-0.77,16.36,0.97,-1.5899999999999999,-2.29,-1.21,1.52,21.439999999999998,0.2,AM|ENB|EPD|ET|KMI|MPLX|OKE|PPL|TRP|WMB,AM|ENB|EPD|ET|KMI|MPLX|OKE|PPL|TRP|WMB
PAGS,10,10,-5.44,0.11,3.43,-0.55,-2.9749999999999996,-10.375,-2.4650000000000007,10.485,3.17,0.0,AXP|BAC|FIS|GPN|JPM|MA|PYPL|V|WU|XYZ,AXP|BAC|FIS|GPN|JPM|MA|PYPL|V|WU|XYZ
PAHC,10,9,-3.4,-3.43,8.74,0.0,-0.77,-4.09,-2.63,0.6599999999999997,14.54,0.2222222222222222,CTLT|ELAN|IDXX|IRWD|KMDA|MNOV|MWG|NEOG|PTCT|ZTS,ELAN|IDXX|IRWD|KMDA|MNOV|MWG|NEOG|PTCT|ZTS
PAII,0,0,0.0,0.29,0.98,0.0,,,,,,,,
PAL,10,10,-4.92,-26.19,-43.76,3.45,-0.45,-8.125,-4.47,-18.065,-30.044999999999998,0.2,ARCB|CAR|HTZ|JBHT|KNX|ODFL|R|SNDR|WERN|XPO,ARCB|CAR|HTZ|JBHT|KNX|ODFL|R|SNDR|WERN|XPO
PALI,9,6,-4.36,-21.46,-9.68,1.61,-4.895,-14.625,0.5349999999999993,-6.835000000000001,-11.93,0.5,CYPH|ENTA|GERN|HEPA|IKT|IMMP|LVTX|NRT|ONCT,CYPH|ENTA|GERN|IKT|IMMP|NRT
PAM,10,10,-3.19,1.38,1.16,0.66,-4.05,-7.745,0.8599999999999999,9.125,13.415,0.8,AEP|D|DUK|ED|ES|EXC|NEE|PPL|SO|XEL,AEP|D|DUK|ED|ES|EXC|NEE|PPL|SO|XEL
PAMT,10,10,-6.15,6.23,-23.49,0.0,-1.1,-7.5,-5.050000000000001,13.73,-4.855,0.0,ARCB|HTLD|JBHT|KNX|LSTR|MRTN|ODFL|SAIA|SNDR|WERN,ARCB|HTLD|JBHT|KNX|LSTR|MRTN|ODFL|SAIA|SNDR|WERN
PANL,10,10,-0.72,-1.67,13.07,0.0,-4.5,-2.02,3.7800000000000002,0.3500000000000001,-6.84,1.0,ASC|CCEC|DSX|GNK|GOGL|NMM|SB|SBLK|STNG|TK,ASC|CCEC|DSX|GNK|GOGL|NMM|SB|SBLK|STNG|TK
PANW,10,8,4.0,14.75,33.08,-0.83,3.59,20.025,0.41000000000000014,-5.274999999999999,-8.525000000000006,0.625,CHKP|CRWD|CSCO|CYBR|FTNT|JNPR|NET|OKTA|TENB|ZS,CHKP|CRWD|CSCO|FTNT|NET|OKTA|TENB|ZS
PAPL,0,0,-1.07,-18.04,12.38,0.0,,,,,,,,
PAR,10,10,-5.51,-22.0,-5.15,2.86,-2.825,-8.67,-2.6849999999999996,-13.33,-23.875,0.2,ADP|EVTC|FIS|GPN|JKHY|MSTR|PAYC|PAYX|SSNC|XYZ,ADP|EVTC|FIS|GPN|JKHY|MSTR|PAYC|PAYX|SSNC|XYZ
PARK,0,0,-0.84,-2.71,16.65,0.0,,,,,,,,
PARR,10,10,-9.34,3.55,50.16,0.0,-4.245,8.645,-5.095,-5.095,-0.39500000000001023,0.1,BP|COP|CVI|DK|MPC|OXY|PBF|PSX|VLO|XOM,BP|COP|CVI|DK|MPC|OXY|PBF|PSX|VLO|XOM
PASG,9,8,2.88,10.86,-14.97,0.0,-1.825,-14.030000000000001,4.705,24.89,-16.32,1.0,ADPT|BLUE|CLLS|CRSP|EDIT|MGTX|NTLA|QURE|REPL,ADPT|CLLS|CRSP|EDIT|MGTX|NTLA|QURE|REPL
PASW,0,0,-8.17,-13.87,-21.57,-2.98,,,,,,,,
PATH,10,10,-6.03,-22.39,30.21,-0.84,-2.705,-0.775,-3.325,-21.615000000000002,-10.689999999999998,0.1,ADBE|CRM|IBM|INTU|MSFT|NOW|ORCL|SAP|TEAM|WDAY,ADBE|CRM|IBM|INTU|MSFT|NOW|ORCL|SAP|TEAM|WDAY
PATK,10,9,-1.75,-18.73,-23.37,0.0,-0.51,-16.51,-1.24,-2.219999999999999,-13.690000000000001,0.4444444444444444,BC|CWH|DOO|HZO|LCII|MBUU|MCFT|MPX|THO|WGO,BC|CWH|DOO|HZO|LCII|MBUU|MCFT|THO|WGO
PAVM,10,6,1.72,-21.81,-14.61,0.0,3.085,-8.415,-1.365,-13.395,-13.795,0.3333333333333333,AVGR|AXGN|BLFS|BMTX|ICAD|MLSS|NUWE|RVP|SINT|SMLR,AXGN|BLFS|MLSS|NUWE|RVP|SINT
PAVS,10,9,4.6,-19.5,-49.64,0.48,-1.13,-4.12,5.7299999999999995,-15.379999999999999,-60.42,0.7777777777777778,AMC|CMCSA|CNK|DIS|IMAX|LGF-A|NCMI|NFLX|RDI|ROKU,AMC|CMCSA|CNK|DIS|IMAX|NCMI|NFLX|RDI|ROKU
PAX,10,10,1.79,-10.8,-4.83,0.0,-2.16,-14.425,3.95,3.625,-10.79,0.9,APO|ARES|BAM|BX|CG|FIGS|HLNE|KKR|NDAQ|PAGP,APO|ARES|BAM|BX|CG|FIGS|HLNE|KKR|NDAQ|PAGP
PAY,10,10,-18.26,-25.01,37.83,0.0,-2.8,-10.61,-15.46,-14.400000000000002,25.915,0.0,ADP|EVTC|FIS|GPN|JKHY|MA|PYPL|V|WU|XYZ,ADP|EVTC|FIS|GPN|JKHY|MA|PYPL|V|WU|XYZ
PAYC,8,7,-2.6,-3.46,74.25,0.0,-3.23,-6.97,0.6299999999999999,3.51,33.63,0.7142857142857143,ADP|INTU|NOW|PAYX|PCTY|SAP|WDAY|ZUO,ADP|INTU|NOW|PAYX|PCTY|SAP|WDAY
PAYO,10,10,-0.14,0.42,0.71,0.0,-3.21,-9.79,3.07,10.209999999999999,-18.015,1.0,ADP|DXC|FIS|GPN|JKHY|MA|PYPL|V|WEX|XYZ,ADP|DXC|FIS|GPN|JKHY|MA|PYPL|V|WEX|XYZ
PAYS,10,10,2.25,-10.18,64.51,0.24,-2.8,-10.61,5.05,0.4299999999999997,57.730000000000004,1.0,DLO|EVTC|FIS|FOUR|GPN|JKHY|MA|V|WU|XYZ,DLO|EVTC|FIS|FOUR|GPN|JKHY|MA|V|WU|XYZ
PAYX,9,9,-9.81,-15.93,8.64,0.56,-3.37,-9.21,-6.44,-6.719999999999999,-14.07,0.0,ADP|FIS|GPN|INTU|PAYC|PCTY|TNET|WEX|XYZ,ADP|FIS|GPN|INTU|PAYC|PCTY|TNET|WEX|XYZ
PB,10,10,-4.36,-7.25,-8.33,0.0,-3.645,-6.8100000000000005,-0.7150000000000003,-0.4399999999999995,-1.2699999999999996,0.2,BAC|C|CFG|FITB|JPM|PNC|RF|TFC|USB|WFC,BAC|C|CFG|FITB|JPM|PNC|RF|TFC|USB|WFC
PBA,10,10,-2.7,-5.95,-1.42,0.0,-1.5899999999999999,-1.3,-1.1100000000000003,-4.65,-0.49,0.2,AM|ENB|EPD|ET|KMI|MPLX|OKE|PAGP|TRP|WMB,AM|ENB|EPD|ET|KMI|MPLX|OKE|PAGP|TRP|WMB
PBF,9,9,-6.69,8.25,70.25,2.17,-6.43,9.04,-0.2600000000000007,-0.7899999999999991,20.090000000000003,0.4444444444444444,CVI|DK|LYB|MPC|PARR|PSX|SUN|UAN|VLO,CVI|DK|LYB|MPC|PARR|PSX|SUN|UAN|VLO
PBFS,10,9,-3.64,0.93,1.28,0.0,-3.09,-7.78,-0.5500000000000003,8.71,10.139999999999999,0.3333333333333333,CFG|CFR|FLG|FULT|HBAN|HOMB|KEY|MTB|VLY|WBS,CFG|CFR|FLG|FULT|HBAN|HOMB|KEY|MTB|VLY
PBH,10,10,-0.58,-10.2,-2.08,0.61,-0.51,-6.655,-0.06999999999999995,-3.544999999999999,3.545,0.5,CHD|CL|CLX|EL|JNJ|KMB|MO|PG|REYN|TSN,CHD|CL|CLX|EL|JNJ|KMB|MO|PG|REYN|TSN
PBHC,10,8,8.42,10.18,14.1,0.0,-2.545,-3.09,10.965,13.27,14.57,1.0,BCBP|CARV|FFIC|FSBC|HIFS|KRNY|OCFC|ORRF|TMP|WABC,BCBP|FSBC|HIFS|KRNY|OCFC|ORRF|TMP|WABC
PBI,10,10,-6.01,-1.57,-6.33,0.0,-2.635,-6.914999999999999,-3.375,5.344999999999999,-18.064999999999998,0.3,BR|DBD|EFX|HPQ|PAYC|RHI|RSG|VRSK|WK|XRX,BR|DBD|EFX|HPQ|PAYC|RHI|RSG|VRSK|WK|XRX
PBM,10,9,-3.32,43.09,125.46,-3.17,-5.6850000000000005,-7.93,2.3650000000000007,51.02,124.58,0.625,ATAI|CMPS|DFTX|FENC|HELP|IQV|MCRB|RLMD|SCPH|XENE,ATAI|CMPS|DFTX|FENC|HELP|IQV|MCRB|RLMD|XENE
PBR,10,8,2.2,19.89,29.54,1.23,-1.78,0.5349999999999999,3.9800000000000004,19.355,13.274999999999999,1.0,APA|COP|CVX|DVN|EOG|FANG|HES|MRO|OXY|XOM,APA|COP|CVX|DVN|EOG|FANG|OXY|XOM
PBR-A,10,8,2.32,20.67,30.24,0.83,-1.22,3.085,3.54,17.585,10.044999999999998,1.0,APA|BP|COP|CVX|E|EQNR|HES|MRO|OXY|XOM,APA|BP|COP|CVX|E|EQNR|OXY|XOM
PBT,10,8,-4.96,-4.69,33.49,0.0,-1.28,-1.92,-3.6799999999999997,-2.7700000000000005,32.7,0.125,BPT|BSM|CRT|DMLP|KRP|MSB|MTR|MVO|SBR|SJT,BSM|CRT|DMLP|KRP|MSB|MTR|SBR|SJT
PBYI,10,8,-1.37,0.75,22.43,1.19,-0.885,-1.04,-0.4850000000000001,1.79,16.41,0.5,AFMD|BPMC|EXEL|INCY|KPTI|KYNB|LGND|MRNA|NKTR|SRPT,EXEL|INCY|KPTI|KYNB|LGND|MRNA|NKTR|SRPT
PCAP,0,0,0.0,0.19,0.97,0.0,,,,,,,,
PCAR,9,9,-4.4,-13.17,-7.79,0.1,-0.74,-4.15,-3.66,-9.02,-2.3099999999999996,0.3333333333333333,ALK|CAT|CMI|DAN|DE|F|GM|OSK|TSLA,ALK|CAT|CMI|DAN|DE|F|GM|OSK|TSLA
PCB,10,10,-2.77,-2.14,-3.47,-0.66,-1.38,-2.77,-1.3900000000000001,0.6299999999999999,-1.905,0.4,CATY|CVBF|EWBC|FISI|HFWA|HOPE|MBWM|TMP|UBCP|WABC,CATY|CVBF|EWBC|FISI|HFWA|HOPE|MBWM|TMP|UBCP|WABC
PCG,10,10,-7.03,-32.24,-27.17,0.24,-3.905,-7.425000000000001,-3.1250000000000004,-24.815,-14.065000000000001,0.0,AEP|CMS|D|DUK|ED|EIX|EXC|PEG|SO|XEL,AEP|CMS|D|DUK|ED|EIX|EXC|PEG|SO|XEL
PCLA,0,0,1.99,-4.14,133.88,-0.97,,,,,,,,
PCOR,10,10,-1.75,-17.76,30.92,0.0,-2.4000000000000004,-2.955,0.6500000000000004,-14.805000000000001,-3.030000000000001,0.6,ADSK|APPF|BILL|BOX|HUBS|NOW|ORCL|TEAM|TYL|WEAV,ADSK|APPF|BILL|BOX|HUBS|NOW|ORCL|TEAM|TYL|WEAV
PCRX,10,9,-0.08,-4.19,0.37,-0.69,-1.37,-8.36,1.29,4.169999999999999,-6.93,0.7777777777777778,ACAD|AMLX|ANAB|CORT|ENTA|EXEL|INCY|LGND|PBYI|RDUS,ACAD|AMLX|ANAB|CORT|ENTA|EXEL|INCY|LGND|PBYI
PCSA,9,8,-1.05,-13.76,-0.53,-0.53,-2.865,-3.0250000000000004,1.8150000000000002,-10.735,-9.54,0.75,ARWR|BGMS|HRTX|LCTX|MNOV|PSTV|PTGX|PVLA|TGTX,ARWR|BGMS|HRTX|LCTX|MNOV|PTGX|PVLA|TGTX
PCT,10,10,-9.49,-22.9,-34.81,0.0,0.36,-3.88,-9.85,-19.02,-27.860000000000003,0.0,ASIX|CC|CE|DOW|EMN|HUN|LYB|MEOH|RPM|WEST,ASIX|CC|CE|DOW|EMN|HUN|LYB|MEOH|RPM|WEST
PCTY,10,10,-3.23,-7.05,40.82,-1.45,-3.21,-3.625,-0.020000000000000018,-3.425,11.255000000000003,0.5,ADP|BILL|INTU|NOW|ORCL|PAYC|PAYX|TEAM|WDAY|XYZ,ADP|BILL|INTU|NOW|ORCL|PAYC|PAYX|TEAM|WDAY|XYZ
PCVX,10,10,-6.42,-7.52,5.24,0.0,-0.10500000000000001,-2.27,-6.3149999999999995,-5.25,-3.584999999999999,0.0,ALNY|AZN|BNTX|GSK|JNJ|MRNA|NVAX|NVCR|PFE|VNDA,ALNY|AZN|BNTX|GSK|JNJ|MRNA|NVAX|NVCR|PFE|VNDA
PCYO,10,10,-1.17,-5.5,-3.25,0.0,-3.32,-6.13,2.15,0.6299999999999999,-5.675,0.7,ARTNA|AWK|AWR|CWCO|CWT|DHR|HTO|MSEX|WTRG|YORW,ARTNA|AWK|AWR|CWCO|CWT|DHR|HTO|MSEX|WTRG|YORW
PD,9,9,2.42,19.6,67.19,0.0,5.29,13.38,-2.87,6.220000000000001,10.629999999999995,0.4444444444444444,CRWD|CSCO|DDOG|DOCU|FSLY|MDB|NOW|TEAM|ZS,CRWD|CSCO|DDOG|DOCU|FSLY|MDB|NOW|TEAM|ZS
PDCC,0,0,-3.84,-1.87,-15.98,0.0,,,,,,,,
PDD,10,10,1.4,-10.18,7.53,-0.48,-1.11,-7.289999999999999,2.51,-2.8900000000000006,-2.195000000000001,0.8,AMZN|BABA|CMRC|EBAY|ETSY|JD|MELI|SE|SHOP|W,AMZN|BABA|CMRC|EBAY|ETSY|JD|MELI|SE|SHOP|W
PDEX,10,9,0.13,7.6,11.16,0.0,0.65,2.39,-0.52,5.209999999999999,-8.86,0.2222222222222222,A|BIO|BRKR|HOLX|IDXX|MSA|MTD|TECH|TMO|WAT,A|BIO|BRKR|IDXX|MSA|MTD|TECH|TMO|WAT
PDFS,10,10,15.39,9.92,-23.8,0.0,7.175,-3.245,8.215,13.165,-2.5500000000000007,1.0,ADBE|AEIS|AMAT|ASML|CDNS|KLAC|LAMR|LRCX|SNPS|UCTT,ADBE|AEIS|AMAT|ASML|CDNS|KLAC|LAMR|LRCX|SNPS|UCTT
PDLB,10,8,-1.66,-1.27,2.54,0.0,-3.0700000000000003,-3.22,1.4100000000000004,1.9500000000000002,4.59,0.875,BCBP|BRKL|CNOB|FFIC|FMBH|FUNC|KRNY|MCBS|OCFC|TBNK,BCBP|BRKL|CNOB|FMBH|FUNC|KRNY|MCBS|OCFC
PDM,10,10,-2.03,-6.73,3.27,0.0,-2.06,-9.91,0.03000000000000025,3.1799999999999997,8.709999999999999,0.5,ARE|BXP|CUZ|DLR|ESRT|HIW|HPP|KRC|SLG|VNO,ARE|BXP|CUZ|DLR|ESRT|HIW|HPP|KRC|SLG|VNO
PDS,9,9,-5.04,-5.15,4.43,0.0,-1.94,-4.41,-3.1,-0.7400000000000002,-3.91,0.1111111111111111,BKR|FTI|HAL|HP|NBR|OIS|PTEN|SLB|TDW,BKR|FTI|HAL|HP|NBR|OIS|PTEN|SLB|TDW
PDSB,10,10,-0.38,278.78,-6.15,1.83,-1.23,-6.945,0.85,285.72499999999997,-15.4,0.6,AMGN|BMY|BNTX|GSK|MRK|NKTR|NVAX|ONCY|PFE|TGTX,AMGN|BMY|BNTX|GSK|MRK|NKTR|NVAX|ONCY|PFE|TGTX
PDX,0,0,-2.18,-6.61,-3.72,0.0,,,,,,,,
PDYN,10,10,-5.57,-7.34,-6.86,-0.18,-0.75,2.8899999999999997,-4.82,-10.23,-20.01,0.0,AAPL|ADSK|AMD|CRM|CSCO|GOOGL|IBM|INTC|MSFT|NVDA,AAPL|ADSK|AMD|CRM|CSCO|GOOGL|IBM|INTC|MSFT|NVDA
PEB,10,10,2.13,-0.55,-2.15,0.0,0.94,-6.515000000000001,1.19,5.965000000000001,8.129999999999999,0.9,AHT|APLE|BHR|DRH|HST|INN|PK|RLJ|SVC|XHR,AHT|APLE|BHR|DRH|HST|INN|PK|RLJ|SVC|XHR
PEBK,10,10,-3.4,-3.31,-2.87,0.0,-2.295,-3.955,-1.105,0.645,-4.215,0.1,BMRC|FCBC|FFBC|FVCB|HBT|LFUS|QCRH|RNST|SFST|SYBT,BMRC|FCBC|FFBC|FVCB|HBT|LFUS|QCRH|RNST|SFST|SYBT
PEBO,10,9,-2.98,-3.56,1.91,0.0,-2.98,-4.51,0.0,0.9499999999999997,6.6000000000000005,0.4444444444444444,CADE|CBSH|FFBC|FRME|FULT|HBAN|ONB|TCBK|VLY|WASH,CBSH|FFBC|FRME|FULT|HBAN|ONB|TCBK|VLY|WASH
PECO,10,8,-1.71,-7.99,-13.01,0.0,-0.915,-5.5649999999999995,-0.7949999999999999,-2.4250000000000007,-0.4449999999999985,0.0,AKR|BRX|EQIX|FRT|KIM|REG|ROIC|SITC|UE|WSR,AKR|BRX|EQIX|FRT|KIM|REG|SITC|UE
PED,6,5,-14.4,-2.21,11.15,0.0,-7.24,-4.94,-7.16,2.7300000000000004,5.49,0.0,AMPY|CRK|MRO|MTDR|REI|SD,AMPY|CRK|MTDR|REI|SD
PEG,10,10,-4.71,-7.7,-18.14,0.49,-4.05,-7.0,-0.6600000000000001,-0.7000000000000002,-5.43,0.1,AEP|D|DUK|ED|ES|ETR|EXC|SO|WEC|XEL,AEP|D|DUK|ED|ES|ETR|EXC|SO|WEC|XEL
PEGA,10,10,-3.85,2.0,21.06,-1.42,-2.735,-1.005,-1.1150000000000002,3.005,-22.069999999999997,0.4,ACN|ADBE|CRM|INTU|MSFT|NOW|ORCL|SAP|TWLO|WDAY,ACN|ADBE|CRM|INTU|MSFT|NOW|ORCL|SAP|TWLO|WDAY
PEN,10,9,0.33,-1.33,0.97,0.0,-1.62,-9.37,1.9500000000000002,8.04,1.0899999999999999,0.6666666666666666,ABT|BSX|EW|HOLX|ISRG|JNJ|MDT|SYK|TFX|ZBH,ABT|BSX|EW|ISRG|JNJ|MDT|SYK|TFX|ZBH
PENG,10,10,-0.76,3.51,-21.9,-3.21,5.92,4.205,-6.68,-0.6950000000000003,-9.814999999999998,0.1,AMD|INTC|KLAC|LRCX|MCHP|MU|NVDA|QRVO|TXN|WDAY,AMD|INTC|KLAC|LRCX|MCHP|MU|NVDA|QRVO|TXN|WDAY
PENN,10,9,-12.26,-13.69,-27.34,-1.54,-1.93,-11.3,-10.33,-2.389999999999999,-12.0,0.0,BALY|BYD|CHDN|CNTY|CZR|GDEN|LVS|MGM|RICK|WYNN,BALY|BYD|CHDN|CNTY|CZR|LVS|MGM|RICK|WYNN
PEP,10,10,-2.15,-8.07,-6.26,0.47,-0.525,-7.82,-1.625,-0.25,-7.25,0.3,ABEV|CCEP|CELH|COKE|DEO|FIZZ|KDP|KO|MNST|STZ,ABEV|CCEP|CELH|COKE|DEO|FIZZ|KDP|KO|MNST|STZ
PEPG,10,10,-8.42,-20.58,59.06,0.0,-7.145,-18.925,-1.2750000000000004,-1.6549999999999976,73.93,0.4,ALNY|ARCT|BMRN|IONS|MGTX|QURE|RARE|RNA|SRPT|WVE,ALNY|ARCT|BMRN|IONS|MGTX|QURE|RARE|RNA|SRPT|WVE
PERF,10,10,-0.52,1.59,16.36,0.0,0.52,-2.665,-1.04,4.255,1.5700000000000003,0.3,COTY|EL|HELE|IPAR|LFVN|NUS|RDNT|SBH|THC|ULTA,COTY|EL|HELE|IPAR|LFVN|NUS|RDNT|SBH|THC|ULTA
PERI,10,10,-0.8,-11.66,-3.57,0.0,0.45499999999999996,1.1099999999999999,-1.255,-12.77,-20.545,0.3,APPS|CRTO|DV|FUBO|MDB|MGNI|PUBM|ROKU|SRAD|TTD,APPS|CRTO|DV|FUBO|MDB|MGNI|PUBM|ROKU|SRAD|TTD
PESI,10,9,-13.24,-3.13,43.81,0.0,-1.82,-2.81,-11.42,-0.31999999999999984,43.17,0.0,AWK|AWR|BMI|CLH|CVEO|CWST|CWT|MNTX|NWPX|WTRG,AWK|AWR|BMI|CLH|CVEO|CWST|CWT|NWPX|WTRG
PETS,10,8,4.94,-3.41,-3.95,9.68,-1.425,-7.21,6.365,3.8,2.925,1.0,AMZN|CVS|ELAN|HSIC|IDXX|PDCO|WBA|WMT|WOOF|ZTS,AMZN|CVS|ELAN|HSIC|IDXX|WMT|WOOF|ZTS
PETZ,10,10,-4.96,10.29,-0.74,0.0,-2.6399999999999997,-11.905,-2.3200000000000003,22.195,6.135,0.2,CENT|CHWY|ELAN|FRPT|IDXX|NEOG|SMG|TRUP|WOOF|ZTS,CENT|CHWY|ELAN|FRPT|IDXX|NEOG|SMG|TRUP|WOOF|ZTS
PEW,0,0,3.35,-11.11,-6.49,0.0,,,,,,,,
PFAI,0,0,6.76,0.0,-19.79,0.0,,,,,,,,
PFBC,10,10,-0.36,1.67,1.79,0.0,-3.09,-3.9749999999999996,2.73,5.645,6.17,0.9,BANC|CATY|CVBF|EWBC|HAFC|HOPE|SFNC|WAL|WTFC|ZION,BANC|CATY|CVBF|EWBC|HAFC|HOPE|SFNC|WAL|WTFC|ZION
PFE,10,10,1.85,-1.47,18.93,-0.11,-0.36,-6.305,2.21,4.835,13.05,0.9,ABBV|AMGN|AZN|BMY|GSK|JNJ|LLY|MRK|NVS|SNY,ABBV|AMGN|AZN|BMY|GSK|JNJ|LLY|MRK|NVS|SNY
PFG,9,9,-1.0,2.86,8.86,0.75,-2.45,-2.51,1.4500000000000002,5.369999999999999,7.879999999999999,0.6666666666666666,AFL|AIG|CINF|GL|HMN|LNC|MET|PRU|UNM,AFL|AIG|CINF|GL|HMN|LNC|MET|PRU|UNM
PFGC,10,9,-0.3,-14.17,-14.7,0.0,-2.94,-4.09,2.64,-10.08,-11.079999999999998,0.6666666666666666,CHEF|DAR|GWW|HII|HTGC|SAIA|SPTN|SYY|UNFI|USFD,CHEF|DAR|GWW|HII|HTGC|SAIA|SYY|UNFI|USFD
PFIS,10,9,-3.38,-3.02,5.4,0.0,-2.64,-3.5,-0.7399999999999998,0.48,5.4,0.4444444444444444,CCNE|CFR|FNB|GABC|HBNC|LKFN|SYBT|TRST|WBS|WSBC,CCNE|CFR|FNB|GABC|HBNC|LKFN|SYBT|TRST|WSBC
PFLT,10,10,0.0,-5.85,-2.1,0.0,-1.51,-3.91,1.51,-1.9399999999999995,-8.084999999999999,0.9,ARCC|BBDC|CCAP|CGBD|FDUS|GSBD|HTGC|OXSQ|PNNT|TCPC,ARCC|BBDC|CCAP|CGBD|FDUS|GSBD|HTGC|OXSQ|PNNT|TCPC
PFS,10,9,-3.2,-4.88,-4.07,0.0,-2.98,-6.31,-0.2200000000000002,1.4299999999999997,5.1,0.3333333333333333,BKU|CMA|FLG|FNB|HBAN|NBHC|ONB|PEBO|PNFP|SBCF,BKU|FLG|FNB|HBAN|NBHC|ONB|PEBO|PNFP|SBCF
PFSA,0,0,12.78,-59.4,-82.8,-0.98,,,,,,,,
PFSI,10,8,-1.04,-11.25,-21.92,0.32,-1.5699999999999998,-9.035,0.5299999999999998,-2.215,-8.665000000000003,0.625,ADAM|AGNC|COOP|EFC|IVR|MITT|NLY|PMT|RKT|TWO,ADAM|AGNC|EFC|IVR|MITT|NLY|PMT|RKT
PFX,10,10,1.41,-13.87,8.73,0.0,-1.77,-3.91,3.1799999999999997,-9.959999999999999,2.2300000000000004,0.9,ARCC|CGBD|GSBD|HTGC|MAIN|PNNT|PSEC|SLRC|TCPC|TPVG,ARCC|CGBD|GSBD|HTGC|MAIN|PNNT|PSEC|SLRC|TCPC|TPVG
PG,9,9,0.55,2.04,-0.09,0.66,-1.2,-8.07,1.75,10.11,5.5200000000000005,0.8888888888888888,CHD|CL|CLX|GIS|KHC|KMB|MNST|PEP|UL,CHD|CL|CLX|GIS|KHC|KMB|MNST|PEP|UL
PGAC,0,0,0.28,0.94,1.41,0.0,,,,,,,,
PGC,10,8,-1.44,-2.1,-4.11,0.0,-3.795,-6.865,2.355,4.765000000000001,4.885000000000001,1.0,CFG|CFR|CMA|FNB|HBAN|HTLF|ONB|PNFP|WTFC|ZION,CFG|CFR|FNB|HBAN|ONB|PNFP|WTFC|ZION
PGEN,10,9,0.07,3.77,37.78,0.0,0.13,-0.16,-0.06,3.93,22.64,0.4444444444444444,AMGN|ARWR|BIIB|BLUE|GILD|ILMN|INCY|REGN|SRPT|VRTX,AMGN|ARWR|BIIB|GILD|ILMN|INCY|REGN|SRPT|VRTX
PGNY,10,10,-5.66,1.49,-3.94,0.0,-2.9800000000000004,-4.2,-2.6799999999999997,5.69,0.8199999999999998,0.2,AMWL|CI|CLOV|CNC|CVS|GDRX|HUM|MOH|OSCR|UNH,AMWL|CI|CLOV|CNC|CVS|GDRX|HUM|MOH|OSCR|UNH
PGR,9,9,-5.64,-8.1,-5.31,0.48,-2.56,-5.37,-3.0799999999999996,-2.7299999999999995,-2.8999999999999995,0.1111111111111111,ACGL|ALL|CB|CINF|HIG|MKL|SIGI|TRV|WRB,ACGL|ALL|CB|CINF|HIG|MKL|SIGI|TRV|WRB
PGY,10,9,-10.51,-17.34,18.86,-1.71,-2.46,-13.74,-8.05,-3.5999999999999996,31.009999999999998,0.0,AFRM|AI|ENVA|FICO|LC|MQ|OPRT|SOFI|TREE|UPST,AFRM|AI|ENVA|FICO|MQ|OPRT|SOFI|TREE|UPST
PH,10,10,4.86,-4.53,-1.99,-0.1,3.9,-2.635,0.9600000000000004,-1.8950000000000005,-0.2649999999999999,0.6,AME|DOV|EMR|ETN|GWW|HWM|IR|ITW|ROK|SWK,AME|DOV|EMR|ETN|GWW|HWM|IR|ITW|ROK|SWK
PHAR,10,10,-0.93,-9.26,-19.52,-0.84,0.020000000000000004,-7.3100000000000005,-0.9500000000000001,-1.9499999999999993,-30.1,0.3,AMGN|BBIO|BIIB|GILD|INCY|NBIX|QURE|RARE|REGN|VRTX,AMGN|BBIO|BIIB|GILD|INCY|NBIX|QURE|RARE|REGN|VRTX
PHAT,10,7,-9.17,-19.34,-34.17,0.0,-7.5,-9.32,-1.67,-10.02,-34.07,0.14285714285714285,ACAD|AXSM|BPMC|BTAI|MDGL|NBIX|PTGX|RDUS|VKTX|XENE,ACAD|AXSM|MDGL|NBIX|PTGX|VKTX|XENE
PHG,10,10,-0.73,-10.68,-10.22,0.2,1.05,-7.21,-1.78,-3.4699999999999998,-11.055,0.3,BAX|BDX|BSX|GE|ISRG|JNJ|MDT|MMM|SYK|ZBH,BAX|BDX|BSX|GE|ISRG|JNJ|MDT|MMM|SYK|ZBH
PHI,10,9,-2.84,-10.05,-2.62,0.0,0.0,-1.13,-2.84,-8.920000000000002,-5.140000000000001,0.2222222222222222,AMX|CHT|KT|SKM|T|TEF|TMUS|VEON|VIV|VZ,AMX|CHT|KT|SKM|T|TMUS|VEON|VIV|VZ
PHIN,10,9,-2.63,-14.88,-28.98,-0.03,-2.76,-5.92,0.1299999999999999,-8.96,-18.740000000000002,0.5555555555555556,ALV|APTV|AXL|BWA|DAN|GNTX|LEA|MGA|TEN|VC,ALV|APTV|BWA|DAN|GNTX|LEA|MGA|TEN|VC
PHIO,10,8,0.0,-14.29,6.27,0.0,2.775,-2.5,-2.775,-11.79,3.1899999999999995,0.375,AEON|ALZN|BCLI|BTAI|DRMA|GTBP|QNRX|REGN|SNGX|VRTX,AEON|ALZN|DRMA|GTBP|QNRX|REGN|SNGX|VRTX
PHM,9,8,-0.32,-9.48,-12.78,-0.21,-0.08,-9.315000000000001,-0.24,-0.16499999999999915,4.089999999999998,0.375,BZH|DHI|KBH|LEN|LGIH|MTH|NVR|TMHC|TOL,BZH|DHI|KBH|LEN|LGIH|MTH|NVR|TOL
PHOE,0,0,-3.37,-5.53,12.81,0.0,,,,,,,,
PHR,10,9,-5.47,-17.19,0.94,0.0,-2.07,-6.97,-3.4,-10.220000000000002,-0.6600000000000001,0.0,ADP|BLKB|EVH|GEHC|HIMS|HSTM|MASI|TDOC|UNH|VEEV,ADP|BLKB|EVH|GEHC|HIMS|HSTM|TDOC|UNH|VEEV
PHUN,10,8,-1.49,-4.81,3.66,0.0,-0.09000000000000008,0.8450000000000002,-1.4,-5.654999999999999,-50.425,0.5,APPF|DOMO|PAYC|PCTY|PD|QLYS|SPNS|TWLO|WK|ZS,APPF|PAYC|PCTY|PD|QLYS|TWLO|WK|ZS
PHVS,10,8,-11.93,-11.36,-0.66,0.0,-2.4000000000000004,-9.36,-9.53,-2.0,-2.12,0.125,AKRO|AVIR|BPMC|CRSP|EDIT|NTLA|PBYI|QURE|RNA|SRPT,AVIR|CRSP|EDIT|NTLA|PBYI|QURE|RNA|SRPT
PHYS,10,10,-2.18,-9.46,5.93,-0.88,-3.66,-13.655000000000001,1.48,4.195,-17.55,0.8,AEM|AU|B|BTG|EGO|GFI|HMY|IAG|KGC|NEM,AEM|AU|B|BTG|EGO|GFI|HMY|IAG|KGC|NEM
PI,10,10,-0.22,10.06,38.46,0.0,1.55,1.6599999999999997,-1.77,8.4,45.160000000000004,0.2,AVGO|COHU|INVE|MRVL|QCOM|SKY|ST|SWKS|TEL|USIO,AVGO|COHU|INVE|MRVL|QCOM|SKY|ST|SWKS|TEL|USIO
PII,10,10,-4.23,-17.72,-25.35,0.0,-0.30500000000000005,-11.935,-3.9250000000000003,-5.784999999999998,-21.695,0.1,BC|FWDI|GM|HOG|LCII|MCFT|PATK|THO|TSLA|WGO,BC|FWDI|GM|HOG|LCII|MCFT|PATK|THO|TSLA|WGO
PIII,10,8,-6.83,-29.31,-36.36,0.0,-1.9700000000000002,-2.9450000000000003,-4.859999999999999,-26.365,-33.475,0.125,ACHC|AMED|CI|CLOV|HCA|HUM|MOH|OSCR|SEM|UNH,ACHC|CI|CLOV|HCA|HUM|MOH|OSCR|UNH
PINE,10,9,-6.22,-15.39,-16.35,0.0,-0.77,-8.02,-5.449999999999999,-7.370000000000001,-5.700000000000001,0.0,ADC|BRX|FRT|KIM|KRG|NNN|O|REG|ROIC|WPC,ADC|BRX|FRT|KIM|KRG|NNN|O|REG|WPC
PINS,10,10,0.0,-22.61,-6.01,-0.76,-1.845,-5.484999999999999,1.845,-17.125,-16.104999999999997,0.7,AAPL|AMZN|BABA|BIDU|GOOG|GOOGL|MSFT|NFLX|SNAP|ZM,AAPL|AMZN|BABA|BIDU|GOOG|GOOGL|MSFT|NFLX|SNAP|ZM
PIPR,10,10,1.49,-3.18,-8.42,0.0,-3.0949999999999998,-9.905000000000001,4.585,6.725000000000001,-1.9649999999999999,1.0,BAC|C|EVR|GS|JPM|LAZ|MS|RJF|SCHW|WFC,BAC|C|EVR|GS|JPM|LAZ|MS|RJF|SCHW|WFC
PJT,10,10,-1.26,-14.48,-2.01,0.0,-2.4,-10.415,1.14,-4.065000000000001,7.08,0.7,BAC|C|EVR|GS|JPM|LAZ|MC|MS|RF|UBS,BAC|C|EVR|GS|JPM|LAZ|MC|MS|RF|UBS
PK,10,9,1.28,-4.98,5.09,0.0,0.68,-7.65,0.6,2.67,13.78,0.7777777777777778,AHT|BHR|DRH|HST|INN|PEB|RHP|RLJ|SOHO|XHR,AHT|BHR|DRH|HST|INN|PEB|RHP|RLJ|XHR
PKBK,10,10,-3.25,-1.83,1.86,0.0,-2.7,-3.3049999999999997,-0.5499999999999998,1.4749999999999996,2.04,0.3,ABCB|BBT|FULT|GABC|HWC|OCFC|SFNC|TMP|UBSI|WSFS,ABCB|BBT|FULT|GABC|HWC|OCFC|SFNC|TMP|UBSI|WSFS
PKE,10,8,-5.62,-10.51,-6.9,0.0,2.81,-7.21,-8.43,-3.3,2.8199999999999985,0.0,AIR|ATRO|CW|DCO|HEI|HXL|MOG-A|SPR|TDY|TGI,AIR|ATRO|CW|DCO|HEI|HXL|MOG-A|TDY
PKG,8,7,4.12,-3.17,1.32,0.0,0.9,-11.93,3.22,8.76,6.760000000000001,0.8571428571428571,AMCR|BALL|GPK|IP|MYE|SEE|SLGN|SON,AMCR|BALL|GPK|IP|MYE|SLGN|SON
PKOH,10,9,3.86,4.44,28.14,0.0,0.81,-5.09,3.05,9.530000000000001,27.36,0.8888888888888888,ASTE|B|CMCO|DCI|EPAC|FLS|GD|GTLS|ITT|KMT,ASTE|B|CMCO|DCI|EPAC|FLS|GD|ITT|KMT
PKX,10,9,-6.14,-5.08,8.11,0.23,-2.45,-0.32,-3.6899999999999995,-4.76,11.19,0.1111111111111111,ATI|CMC|CSTM|MT|NUE|RS|STLD|TX|WOR|X,ATI|CMC|CSTM|MT|NUE|RS|STLD|TX|WOR
PL,10,8,-4.77,-24.92,-38.97,-1.22,-1.94,-1.5499999999999998,-2.8299999999999996,-23.37,-35.665,0.125,ASTS|BKSY|IRDM|LLAP|NOVA|RDW|RKLB|SATL|SPCE|SPIR,ASTS|BKSY|IRDM|RDW|RKLB|SATL|SPCE|SPIR
PLAB,10,10,4.7,1.81,-9.13,-1.65,8.985,-1.81,-4.284999999999999,3.62,16.11,0.3,AMAT|ASML|COHU|FORM|ICHR|KLAC|LRCX|ONTO|TER|UCTT,AMAT|ASML|COHU|FORM|ICHR|KLAC|LRCX|ONTO|TER|UCTT
PLAG,10,10,0.16,-4.19,-61.01,-3.86,-2.26,-8.915,2.42,4.724999999999999,-55.76,0.7,CELH|FIZZ|HAIN|KDP|KO|MNST|PEP|SFM|UBER|WW,CELH|FIZZ|HAIN|KDP|KO|MNST|PEP|SFM|UBER|WW
PLAY,9,8,6.11,-31.09,-38.59,1.9,4.225,-17.075,1.8850000000000007,-14.015,-43.19500000000001,0.75,BJRI|BLMN|CAKE|DIN|DRI|EAT|FAT|RRGB|TXRH,BJRI|BLMN|CAKE|DIN|DRI|EAT|RRGB|TXRH
PLBC,10,9,-2.21,-0.68,5.85,0.0,-2.93,-3.89,0.7200000000000002,3.21,8.8,0.5555555555555556,BOH|CATY|COLB|HAFC|HOPE|OZK|SSBK|TMP|TRST|WABC,BOH|CATY|COLB|HAFC|HOPE|OZK|TMP|TRST|WABC
PLBL,0,0,5.44,-4.6,-28.8,-3.01,,,,,,,,
PLBY,10,9,-0.83,-13.73,-20.81,-1.75,-1.37,-7.09,0.5400000000000001,-6.640000000000001,-17.34,0.5555555555555556,CMLS|DIS|EL|HAS|LYV|MC|MTN|PRSU|UONE|WW,DIS|EL|HAS|LYV|MC|MTN|PRSU|UONE|WW
PLCE,9,8,25.87,-5.95,-14.24,14.48,2.365,-2.6550000000000002,23.505000000000003,-3.295,-5.965000000000002,1.0,ANF|BKE|CRI|JWN|KSS|M|ROST|TJX|URBN,ANF|BKE|CRI|KSS|M|ROST|TJX|URBN
PLD,9,7,-0.87,-6.51,-4.65,0.03,-3.57,-8.49,2.6999999999999997,1.9800000000000004,3.59,0.8571428571428571,AMT|AVB|BX|CCI|CPT|EQR|EXR|FR|PSA,AMT|BX|CCI|CPT|EXR|FR|PSA
PLG,10,10,-4.96,-15.72,3.08,-1.47,-4.33,-14.93,-0.6299999999999999,-0.7900000000000009,-19.925000000000004,0.3,AEM|AGI|AU|BTG|GFI|HMY|KGC|NEM|PAAS|SBSW,AEM|AGI|AU|BTG|GFI|HMY|KGC|NEM|PAAS|SBSW
PLMK,0,0,0.0,0.99,0.75,0.0,,,,,,,,
PLMR,10,10,-9.64,-4.37,6.98,0.0,-2.5250000000000004,-4.76,-7.115,0.3899999999999997,9.370000000000001,0.1,ACGL|AIG|ALL|CB|HIG|MKL|PGR|SIGI|TRV|WRB,ACGL|AIG|ALL|CB|HIG|MKL|PGR|SIGI|TRV|WRB
PLNT,10,10,-17.65,-21.77,-20.87,0.24,-1.7349999999999999,-12.41,-15.915,-9.36,-10.465000000000002,0.0,CWH|DIS|FUN|HAS|LYV|MAT|MTN|NCLH|RCL|YETI,CWH|DIS|FUN|HAS|LYV|MAT|MTN|NCLH|RCL|YETI
PLOW,10,10,0.23,-5.26,-21.59,0.0,0.9199999999999999,-1.6549999999999998,-0.69,-3.605,-14.955,0.4,AGCO|CAT|CMI|DE|ETN|HON|MTW|OSK|PCAR|TEX,AGCO|CAT|CMI|DE|ETN|HON|MTW|OSK|PCAR|TEX
PLPC,10,10,0.96,1.0,2.96,-2.41,1.095,-1.095,-0.135,2.0949999999999998,15.34,0.5,BMI|CHRW|EME|ENS|FUL|HUBB|ITRI|OSIS|ROK|TRS,BMI|CHRW|EME|ENS|FUL|HUBB|ITRI|OSIS|ROK|TRS
PLRX,10,8,5.14,-1.32,-0.44,0.0,-2.21,-7.79,7.35,6.47,5.975,1.0,ALNY|ARWR|BLUE|BMRN|CRSP|IONS|RARE|SGMO|SRPT|VRTX,ALNY|ARWR|BMRN|CRSP|IONS|RARE|SRPT|VRTX
PLRZ,10,8,4.79,4.3,-6.53,0.0,-0.38,-14.709999999999999,5.17,19.009999999999998,8.329999999999998,0.75,BBLG|BCDA|HYFT|NERV|PALI|PMCB|REVB|SLXN|SNSE|THAR,BBLG|BCDA|HYFT|NERV|PALI|PMCB|REVB|SLXN
PLSE,10,7,4.78,5.8,103.05,0.0,-0.86,-4.52,5.640000000000001,10.32,76.56,1.0,ANIK|CUTR|IART|IRTC|ITGR|MDXG|NEO|NVRO|STER|TMDX,ANIK|IART|IRTC|ITGR|MDXG|NEO|TMDX
PLTK,8,6,-5.58,-9.09,-42.86,0.0,-1.115,-3.885,-4.465,-5.205,-59.67,0.0,CHDN|EA|MSFT|NET|ROKU|SKLZ|SONY|TTWO,CHDN|MSFT|NET|ROKU|SONY|TTWO
PLTR,10,10,7.54,9.72,76.68,-1.19,0.21000000000000002,13.094999999999999,7.33,-3.3749999999999982,33.14500000000001,0.9,ADBE|CRM|CRWD|DDOG|MSFT|ORCL|PANW|SNOW|TEAM|ZS,ADBE|CRM|CRWD|DDOG|MSFT|ORCL|PANW|SNOW|TEAM|ZS
PLUG,10,9,-4.25,-10.57,-21.01,-0.49,-5.1,-8.39,0.8499999999999996,-2.1799999999999997,9.259999999999998,0.7777777777777778,AYI|BE|BLDP|ENPH|FCEL|GNRC|NEE|NOVA|RUN|SEDG,AYI|BE|BLDP|ENPH|FCEL|GNRC|NEE|RUN|SEDG
PLUR,10,10,-7.02,-32.05,-50.0,0.0,-0.10499999999999998,2.8899999999999997,-6.914999999999999,-34.94,-54.955,0.0,AAPL|AMZN|GOOGL|INTC|META|MSFT|NFLX|NVDA|ORCL|TSLA,AAPL|AMZN|GOOGL|INTC|META|MSFT|NFLX|NVDA|ORCL|TSLA
PLUS,10,9,-0.37,6.69,13.88,0.0,-2.04,7.96,1.67,-1.2699999999999996,2.92,0.5555555555555556,ARW|AVT|CDW|CSCO|HPQ|IBM|JNPR|MSFT|NSIT|SNX,ARW|AVT|CDW|CSCO|HPQ|IBM|MSFT|NSIT|SNX
PLUT,0,0,-10.98,-16.7,-24.75,0.0,,,,,,,,
PLX,10,8,4.48,16.18,25.0,0.0,-1.995,-12.99,6.4750000000000005,29.17,26.895,1.0,ABEO|ALNY|ARWR|BLUE|BMRN|DTIL|EDIT|FOLD|QURE|SRPT,ABEO|ALNY|ARWR|BMRN|DTIL|EDIT|QURE|SRPT
PLXS,10,10,8.9,11.06,-7.92,0.0,3.205,1.6600000000000001,5.695,9.4,8.65,0.9,APH|ETN|FLEX|GLW|JBL|MCHP|RAMP|SANM|TEL|TTMI,APH|ETN|FLEX|GLW|JBL|MCHP|RAMP|SANM|TEL|TTMI
PM,4,4,0.46,-1.33,6.94,0.27,-2.05,-2.34,2.51,1.0099999999999998,19.25,1.0,CIG|MO|UVV|XXII,CIG|MO|UVV|XXII
PMAX,10,9,-1.94,-23.41,-60.41,2.29,4.71,-2.09,-6.65,-21.32,-53.519999999999996,0.0,AIT|DOV|EMR|ETN|GE|HON|IR|MMM|ROK|SPR,AIT|DOV|EMR|ETN|GE|HON|IR|MMM|ROK
PMCB,10,10,2.96,-18.38,-44.21,0.0,0.020000000000000004,-1.385,2.94,-16.994999999999997,-55.21,0.6,AMGN|BIIB|BMRN|EXEL|GILD|INCY|LGND|NBIX|REGN|VRTX,AMGN|BIIB|BMRN|EXEL|GILD|INCY|LGND|NBIX|REGN|VRTX
PMEC,10,10,4.63,29.82,-19.24,0.0,0.5800000000000001,-3.8550000000000004,4.05,33.675,-11.899999999999999,0.8,CAT|CMI|DE|IR|KMT|MTW|OSK|PCAR|PH|TEX,CAT|CMI|DE|IR|KMT|MTW|OSK|PCAR|PH|TEX
PMI,0,0,-22.29,-54.43,-45.63,-4.35,,,,,,,,
PMN,10,9,0.47,-12.57,26.37,0.0,0.13,-7.56,0.33999999999999997,-5.010000000000001,24.48,0.6666666666666666,ACAD|AVXL|BIIB|IONS|LLY|NBIX|PRTA|REGN|SAVA|VRTX,ACAD|AVXL|BIIB|IONS|LLY|NBIX|PRTA|REGN|VRTX
PMT,10,9,-1.69,-6.03,-16.54,0.0,-1.57,-9.09,-0.11999999999999988,3.0599999999999996,-3.2699999999999996,0.4444444444444444,AGNC|AI|ARR|CHMI|IVR|MITT|NLY|ORC|RWT|TWO,AGNC|AI|ARR|CHMI|IVR|MITT|NLY|ORC|RWT
PMTR,0,0,0.05,0.14,0.14,0.0,,,,,,,,
PMTS,10,10,2.65,-14.39,29.18,0.0,-2.9749999999999996,-10.61,5.625,-3.780000000000001,24.64,1.0,AXP|FIS|GPN|JPM|MA|PAYX|PYPL|V|WU|XYZ,AXP|FIS|GPN|JPM|MA|PAYX|PYPL|V|WU|XYZ
PMVP,10,9,-4.2,4.98,16.1,0.0,0.2,-0.16,-4.4,5.140000000000001,1.1800000000000015,0.1111111111111111,ALNY|AMGN|BIIB|BLUE|GILD|INCY|MRNA|NBIX|REGN|VRTX,ALNY|AMGN|BIIB|GILD|INCY|MRNA|NBIX|REGN|VRTX
PN,0,0,11.41,10.57,-19.06,3.72,,,,,,,,
PNBK,10,10,2.21,-11.28,-12.93,0.0,-2.83,-5.185,5.04,-6.095,-7.129999999999999,1.0,BKU|CASH|CUBI|FNB|GBCI|PNFP|TRMK|UBSI|WABC|WAL,BKU|CASH|CUBI|FNB|GBCI|PNFP|TRMK|UBSI|WABC|WAL
PNC,10,9,-3.44,-8.23,-8.66,0.0,-2.81,-6.12,-0.6299999999999999,-2.1100000000000003,-4.38,0.4444444444444444,BAC|BK|C|GS|JPM|MS|RY|TFC|USB|WFC,BAC|C|GS|JPM|MS|RY|TFC|USB|WFC
PNFP,10,10,-3.48,-7.31,-5.37,0.0,-3.545,-7.54,0.06499999999999995,0.23000000000000043,2.255,0.5,BAC|FITB|HBAN|KEY|MTB|RF|TFC|USB|WFC|ZION,BAC|FITB|HBAN|KEY|MTB|RF|TFC|USB|WFC|ZION
PNNT,10,10,-2.01,-8.53,4.34,0.0,-1.88,-3.91,-0.1299999999999999,-4.619999999999999,-2.16,0.5,ARCC|CGBD|FSK|GSBD|HTGC|MAIN|NMFC|PSEC|SLRC|TCPC,ARCC|CGBD|FSK|GSBD|HTGC|MAIN|NMFC|PSEC|SLRC|TCPC
PNR,10,10,-0.9,-11.6,-27.35,-0.06,2.7199999999999998,-3.795,-3.6199999999999997,-7.805,-26.875,0.0,AOS|AWK|CECO|DHR|ECL|ITW|LII|NDSN|WTS|XYL,AOS|AWK|CECO|DHR|ECL|ITW|LII|NDSN|WTS|XYL
PNRG,10,8,-7.16,-4.86,15.36,0.19,-3.13,0.10999999999999999,-4.03,-4.970000000000001,-4.365000000000002,0.125,APA|COP|CVX|HES|MRO|MUR|NOG|OXY|SM|XOM,APA|COP|CVX|MUR|NOG|OXY|SM|XOM
PNTG,10,7,-6.66,1.95,14.66,0.0,-1.37,-3.81,-5.29,5.76,8.31,0.0,AMED|BKD|BROG|CIVI|CSV|EHC|ENSG|NHC|SBRA|THC,BKD|CSV|EHC|ENSG|NHC|SBRA|THC
PNW,10,10,-3.7,-5.75,-14.2,0.0,-4.05,-7.68,0.34999999999999964,1.9299999999999997,-1.4899999999999984,0.7,AEP|D|DUK|ED|EIX|ES|EXC|PEG|SO|XEL,AEP|D|DUK|ED|EIX|ES|EXC|PEG|SO|XEL
POAS,0,0,0.6,0.6,-41.81,0.0,,,,,,,,
POCI,10,10,14.03,7.22,-7.49,0.0,2.285,0.0050000000000000044,11.745,7.215,20.439999999999998,1.0,AEIS|CAMT|COHR|FORM|IPGP|LITE|MKSI|NTGR|VECO|VIAV,AEIS|CAMT|COHR|FORM|IPGP|LITE|MKSI|NTGR|VECO|VIAV
PODC,10,10,-1.34,-16.6,-45.3,0.0,-1.7349999999999999,-6.195,0.3949999999999998,-10.405000000000001,-52.459999999999994,0.6,AAPL|AMZN|CMCSA|DIS|GOOGL|NFLX|ROKU|SIRI|SPOT|T,AAPL|AMZN|CMCSA|DIS|GOOGL|NFLX|ROKU|SIRI|SPOT|T
PODD,10,10,-2.92,-6.14,-8.32,0.0,-1.0250000000000001,-7.4399999999999995,-1.8949999999999998,1.2999999999999998,-14.945,0.2,ABT|BAX|BSX|DXCM|EW|JNJ|LIVN|MDT|SYK|TNDM,ABT|BAX|BSX|DXCM|EW|JNJ|LIVN|MDT|SYK|TNDM
POET,10,10,1.73,-5.45,-24.58,-2.05,1.765,1.27,-0.03499999999999992,-6.720000000000001,3.6700000000000017,0.5,AAOI|AEIS|IPGP|LITE|MKSI|MTSI|OESX|SMTC|VIAV|VISN,AAOI|AEIS|IPGP|LITE|MKSI|MTSI|OESX|SMTC|VIAV|VISN
POLA,9,7,5.6,-13.73,-26.67,0.0,-5.1,-9.9,10.7,-3.83,3.599999999999998,1.0,BLDP|ENPH|FCEL|MAXN|NOVA|PLUG|RUN|SEDG|SHLS,BLDP|ENPH|FCEL|PLUG|RUN|SEDG|SHLS
POLE,0,0,0.09,-0.92,-0.19,0.0,,,,,,,,
POM,0,0,-0.07,-17.12,-39.84,0.0,,,,,,,,
PONY,0,0,4.3,-4.83,3.55,-1.16,,,,,,,,
POOL,9,9,-0.62,-10.6,-19.66,0.0,0.99,-3.88,-1.6099999999999999,-6.72,-14.3,0.4444444444444444,AIT|FAST|GWW|HD|LOW|MSM|SNA|TSCO|WSO,AIT|FAST|GWW|HD|LOW|MSM|SNA|TSCO|WSO
POR,10,10,-2.07,-5.59,-9.91,0.0,-3.945,-6.645,1.875,1.0549999999999997,3.5150000000000006,1.0,AEP|DUK|ED|EIX|ETR|FE|LNT|PPL|SRE|XEL,AEP|DUK|ED|EIX|ETR|FE|LNT|PPL|SRE|XEL
POST,10,8,-3.41,-7.98,-16.55,0.0,-2.69,-9.64,-0.7200000000000002,1.6600000000000001,-16.365000000000002,0.375,CAG|CPB|GIS|HRL|HSY|K|KHC|MKC|SJM|THS,CAG|CPB|GIS|HRL|HSY|KHC|MKC|SJM
POWI,10,10,2.64,-7.65,-40.51,-1.18,4.65,1.9700000000000002,-2.0100000000000002,-9.620000000000001,-29.235,0.4,ADI|DIOD|MCHP|MPWR|NXPI|ON|QRVO|SLAB|SMTC|TXN,ADI|DIOD|MCHP|MPWR|NXPI|ON|QRVO|SLAB|SMTC|TXN
POWL,10,10,6.11,-1.39,-39.34,-2.63,4.785,-0.135,1.3250000000000002,-1.255,-40.765,1.0,AME|DHR|EMR|ETN|HON|IEX|IR|ITW|PH|ROK,AME|DHR|EMR|ETN|HON|IEX|IR|ITW|PH|ROK
POWW,10,8,9.0,2.68,-1.71,0.0,0.019999999999999962,-5.02,8.98,7.699999999999999,0.10000000000000009,0.75,BGFV|COLM|DCO|HII|NPK|OLN|RGR|SPWH|SWBI|VSTO,COLM|DCO|HII|NPK|OLN|RGR|SPWH|SWBI
PPBT,10,4,-4.21,-10.3,-15.43,-0.34,-0.435,5.755000000000001,-3.775,-16.055,-10.955,0.25,ADAP|AFMD|AMRN|APVO|ATNM|CRDF|DVAX|GNFT|ONCT|RDUS,AMRN|APVO|ATNM|CRDF
PPC,10,9,-6.84,-13.09,0.25,0.0,-2.94,-8.97,-3.9,-4.119999999999999,5.73,0.1111111111111111,BG|CAG|CALM|DAR|FDP|HRL|INGR|PFGC|SYY|TSN,BG|CAG|CALM|DAR|HRL|INGR|PFGC|SYY|TSN
PPCB,0,0,-1.59,-45.13,-58.94,-1.27,,,,,,,,
PPG,10,10,1.66,-5.68,-12.42,0.0,0.39,-6.225,1.27,0.5449999999999999,-6.965,0.7,APD|AVNT|AXTA|CC|ECL|FUL|LIN|RPM|SHW|VAL,APD|AVNT|AXTA|CC|ECL|FUL|LIN|RPM|SHW|VAL
PPHC,0,0,-0.76,5.68,52.6,0.0,,,,,,,,
PPIH,10,8,1.85,16.07,12.47,0.0,0.535,-4.87,1.315,20.94,24.205,0.75,AVY|CRS|DOV|GTLS|HAYN|KMT|MTRN|NDSN|RBC|SNA,AVY|CRS|DOV|KMT|MTRN|NDSN|RBC|SNA
PPL,10,10,-4.02,-7.83,-12.84,0.0,-4.05,-7.425000000000001,0.03000000000000025,-0.40499999999999936,-0.129999999999999,0.6,AEP|D|DUK|ED|ES|EXC|PEG|SO|WEC|XEL,AEP|D|DUK|ED|ES|EXC|PEG|SO|WEC|XEL
PPSI,10,10,-3.68,14.91,-14.04,1.08,4.145,0.32,-7.824999999999999,14.59,-8.57,0.0,AME|AOS|EMR|ETN|GE|HUBB|IR|RBC|ROK|TEL,AME|AOS|EMR|ETN|GE|HUBB|IR|RBC|ROK|TEL
PPTA,10,10,3.6,-10.07,10.42,0.0,-3.975,-13.02,7.575,2.9499999999999993,-12.964999999999998,1.0,AEM|AGI|AU|B|FNV|GFI|NEM|NG|PAAS|WPM,AEM|AGI|AU|B|FNV|GFI|NEM|NG|PAAS|WPM
PR,10,8,-5.78,-6.18,15.91,0.83,-2.4050000000000002,-1.145,-3.375,-5.035,2.045,0.0,APA|COP|DVN|EOG|FANG|HES|MRO|OVV|OXY|XOM,APA|COP|DVN|EOG|FANG|OVV|OXY|XOM
PRAA,10,10,0.2,-0.3,11.72,0.0,-5.17,-8.995000000000001,5.37,8.695,17.545,1.0,ALLY|CACC|COF|ECPG|FCFS|OMF|RM|SLM|SYF|WRLD,ALLY|CACC|COF|ECPG|FCFS|OMF|RM|SLM|SYF|WRLD
PRAX,10,8,-9.81,-23.92,-14.6,-0.75,-7.6,-8.395,-2.210000000000001,-15.525000000000002,-0.4599999999999991,0.125,ACAD|AXSM|BHVN|DFTX|HELP|ITCI|NBIX|RLMD|SAGE|VNDA,ACAD|AXSM|BHVN|DFTX|HELP|NBIX|RLMD|VNDA
PRCH,10,7,4.53,-2.64,26.31,0.0,-4.53,-21.03,9.06,18.39,42.04,1.0,ANGI|COMP|EXPI|HOUS|OPAD|OPEN|RDFN|REZI|Z|ZG,ANGI|COMP|OPAD|OPEN|REZI|Z|ZG
PRCT,10,10,-6.94,-14.87,-13.24,0.0,-1.96,-9.895,-4.98,-4.975,-11.165,0.0,ABT|BSX|COO|EW|ISRG|MDT|PODD|SYK|TFX|ZBH,ABT|BSX|COO|EW|ISRG|MDT|PODD|SYK|TFX|ZBH
PRDO,10,9,-5.5,-4.76,-4.41,0.0,-2.2,-7.69,-3.3,2.9300000000000006,-2.23,0.1111111111111111,APEI|ATGE|BFAM|CHGG|EDU|GHC|LOPE|LRN|STRA|UTI,APEI|BFAM|CHGG|EDU|GHC|LOPE|LRN|STRA|UTI
PRE,10,9,4.28,8.49,27.72,11.07,0.81,12.41,3.47,-3.92,-1.0100000000000016,0.8888888888888888,CDNA|EXAS|FLGT|GH|ILMN|LMND|MYGN|NTRA|QDEL|TXG,CDNA|FLGT|GH|ILMN|LMND|MYGN|NTRA|QDEL|TXG
PRFX,10,7,0.95,3.51,-35.64,2.97,0.49,-8.68,0.45999999999999996,12.19,-14.330000000000002,0.5714285714285714,ADXN|AIMD|BCLI|GLTO|ONCO|PCSA|PHIO|SXTP|VRPX|YCBD,ADXN|AIMD|ONCO|PCSA|PHIO|SXTP|YCBD
PRG,9,9,-9.61,-17.4,-21.9,0.0,0.15,0.56,-9.76,-17.959999999999997,-29.13,0.0,BBY|GME|HZO|RH|TBCH|TGT|W|WMT|WSM,BBY|GME|HZO|RH|TBCH|TGT|W|WMT|WSM
PRGO,10,10,1.56,-5.46,41.43,-1.08,-0.36,-3.9400000000000004,1.92,-1.5199999999999996,33.355000000000004,0.7,ABBV|AZN|BMY|GSK|JNJ|LLY|MRK|NVS|PFE|SAN,ABBV|AZN|BMY|GSK|JNJ|LLY|MRK|NVS|PFE|SAN
PRGS,10,10,3.67,-2.15,42.07,3.22,3.25,7.42,0.41999999999999993,-9.57,-2.6199999999999974,0.5,CDNS|DDOG|MDB|MSFT|NOW|OKTA|ORCL|SNOW|TEAM|ZS,CDNS|DDOG|MDB|MSFT|NOW|OKTA|ORCL|SNOW|TEAM|ZS
PRHI,10,10,-1.79,13.23,66.67,0.79,-4.1,-5.645,2.3099999999999996,18.875,69.36,1.0,AIZ|ALL|CINF|CNA|HIG|L|MKL|SIGI|THG|WRB,AIZ|ALL|CINF|CNA|HIG|L|MKL|SIGI|THG|WRB
PRI,10,10,-5.89,-8.42,-2.42,0.0,-2.825,-2.335,-3.0649999999999995,-6.085,-9.7,0.1,AFL|AMP|CINF|CNO|GNW|LNC|MET|PRU|UNM|VOYA,AFL|AMP|CINF|CNO|GNW|LNC|MET|PRU|UNM|VOYA
PRIM,10,10,-3.67,-1.36,-20.03,0.0,-1.7,-4.57,-1.97,3.21,-13.535,0.2,ACM|DY|FLR|J|KBR|MTZ|MYRG|PWR|STN|TTEK,ACM|DY|FLR|J|KBR|MTZ|MYRG|PWR|STN|TTEK
PRK,10,10,-2.44,-11.91,-0.89,0.0,-3.645,-7.54,1.205,-4.37,6.170000000000001,0.9,BAC|CFG|FITB|JPM|KEY|PNC|RF|TFC|USB|WFC,BAC|CFG|FITB|JPM|KEY|PNC|RF|TFC|USB|WFC
PRKS,10,10,-9.19,-26.71,-30.0,0.0,-0.665,-9.635,-8.524999999999999,-17.075000000000003,-26.815,0.1,AMC|CNK|CWH|DIS|FUN|LYV|MTN|PLNT|RICK|YUM,AMC|CNK|CWH|DIS|FUN|LYV|MTN|PLNT|RICK|YUM
PRLB,10,6,7.08,16.08,11.65,0.0,-0.595,1.23,7.675,14.849999999999998,-1.7499999999999982,1.0,ADSK|ANSS|DDD|DM|FARO|MKFG|MTLS|NNDM|SSYS|VIVS,ADSK|DDD|MTLS|NNDM|SSYS|VIVS
PRLD,9,8,-3.58,-33.38,0.94,0.0,-4.005,-15.25,0.4249999999999998,-18.130000000000003,-0.2749999999999999,0.5,ALXO|ARGX|BPMC|CABA|CRVS|KURA|LYEL|RVMD|ZLAB,ALXO|ARGX|CABA|CRVS|KURA|LYEL|RVMD|ZLAB
PRM,10,10,-11.35,-7.76,-20.87,0.0,0.47,-4.9,-11.82,-2.8599999999999994,-17.555,0.0,ALB|APD|ASH|CE|CF|DD|ECL|EMN|FMC|HUN,ALB|APD|ASH|CE|CF|DD|ECL|EMN|FMC|HUN
PRMB,0,0,-6.49,-15.42,-20.94,0.0,,,,,,,,
PRME,10,7,-1.27,-16.44,-2.52,-0.96,-0.41,-18.33,-0.8600000000000001,1.889999999999997,15.150000000000002,0.42857142857142855,ALLO|BEAM|CRSP|DNLI|EDIT|IGMS|NTLA|PSTX|SANA|VERV,ALLO|BEAM|CRSP|DNLI|EDIT|NTLA|SANA
PROF,10,7,-1.63,-15.66,-11.9,0.0,0.63,-3.83,-2.26,-11.83,-10.98,0.42857142857142855,ATEC|BDX|BSX|CLPT|CUTR|EDAP|HOLX|INMD|ISRG|NUWE,ATEC|BDX|BSX|CLPT|INMD|ISRG|NUWE
PROK,10,10,-7.78,-4.05,-2.35,0.61,1.24,0.8999999999999999,-9.02,-4.949999999999999,-5.045,0.0,ADMA|AKBA|ARDX|DVA|FMS|MNKD|NEPH|OPK|PDEX|RMTI,ADMA|AKBA|ARDX|DVA|FMS|MNKD|NEPH|OPK|PDEX|RMTI
PROP,10,8,4.69,-22.22,-39.92,1.2,-1.78,0.5349999999999999,6.470000000000001,-22.755,-56.185,1.0,APA|COP|CVX|DVN|EOG|FANG|HES|MRO|OXY|XOM,APA|COP|CVX|DVN|EOG|FANG|OXY|XOM
PROV,10,9,-0.76,0.55,7.24,0.0,-3.21,-4.49,2.45,5.04,6.74,1.0,FFIC|FHB|FSBC|IBCP|RY|SBCF|SSB|STBA|UBSI|WSBC,FHB|FSBC|IBCP|RY|SBCF|SSB|STBA|UBSI|WSBC
PRPL,10,8,4.84,-47.58,-74.53,-3.49,-1.96,-5.375,6.8,-42.205,-73.105,1.0,HVT|LEG|LZB|MHK|MLKN|RH|SGI|SNBR|W|WSM,HVT|LZB|MHK|MLKN|RH|SGI|W|WSM
PRPO,10,9,-10.58,-23.39,3.82,0.0,-1.22,9.29,-9.36,-32.68,-10.32,0.0,BIO|CDNA|DGX|FLGT|HOLX|LH|NEO|NTRA|QGEN|VERI,BIO|CDNA|DGX|FLGT|LH|NEO|NTRA|QGEN|VERI
PRQR,10,8,-8.6,-30.04,-6.08,0.0,-3.8600000000000003,-15.540000000000001,-4.739999999999999,-14.499999999999998,8.44,0.0,ADVM|ALNY|ARWR|BBIO|BLUE|BMRN|IONS|QURE|RGNX|SRPT,ALNY|ARWR|BBIO|BMRN|IONS|QURE|RGNX|SRPT
PRSO,10,10,7.93,-26.29,-39.77,0.0,4.65,3.615,3.2799999999999994,-29.905,-27.955000000000002,1.0,ADI|AVGO|MCHP|MRVL|MU|NXPI|ON|QRVO|SWKS|TXN,ADI|AVGO|MCHP|MRVL|MU|NXPI|ON|QRVO|SWKS|TXN
PRSU,10,10,-1.7,-1.41,-10.05,0.0,-1.365,-6.525,-0.33499999999999996,5.115,-15.115,0.5,ABM|CTAS|EFX|EVI|EXPO|FCN|LYV|ROL|SITE|TITN,ABM|CTAS|EFX|EVI|EXPO|FCN|LYV|ROL|SITE|TITN
PRT,10,9,-3.35,-8.18,-12.17,0.0,-1.19,-0.31,-2.16,-7.87,-26.25,0.1111111111111111,APA|COP|CVX|DMLP|DVN|EOG|FANG|MRO|SLB|XOM,APA|COP|CVX|DMLP|DVN|EOG|FANG|SLB|XOM
PRTA,10,10,5.34,-7.56,-7.66,0.0,-3.65,-7.9,8.99,0.34000000000000075,-6.91,1.0,ACAD|ALNY|ARWR|BIIB|CLDX|EXEL|IONS|NBIX|SRPT|VRTX,ACAD|ALNY|ARWR|BIIB|CLDX|EXEL|IONS|NBIX|SRPT|VRTX
PRTH,10,9,30.92,38.61,11.13,-0.13,-3.37,-13.01,34.29,51.62,-4.699999999999999,1.0,ADP|EVRI|FIS|GPN|INTU|JKHY|PAYC|PYPL|WU|XYZ,ADP|FIS|GPN|INTU|JKHY|PAYC|PYPL|WU|XYZ
PRTS,10,10,-3.36,26.94,34.08,0.0,-0.93,-5.1,-2.4299999999999997,32.04,42.455,0.2,AAP|AN|AZO|GPC|LKQ|MNRO|ORLY|PAG|SAH|SMP,AAP|AN|AZO|GPC|LKQ|MNRO|ORLY|PAG|SAH|SMP
PRU,10,10,-0.32,-2.16,9.83,-0.03,-2.475,-1.42,2.1550000000000002,-0.7400000000000002,4.75,0.9,AFL|AIG|CNO|GL|HIG|LNC|MET|PFG|UNM|VOYA,AFL|AIG|CNO|GL|HIG|LNC|MET|PFG|UNM|VOYA
PRVA,10,10,-6.23,-9.13,-22.07,0.0,-1.9700000000000002,-5.28,-4.26,-3.8500000000000005,-10.625,0.0,AGL|CLOV|CVS|DOCS|EHTH|HIMS|HUM|MDGL|OSCR|UNH,AGL|CLOV|CVS|DOCS|EHTH|HIMS|HUM|MDGL|OSCR|UNH
PRZO,10,10,-5.82,-19.04,30.95,4.19,-3.15,-6.96,-2.6700000000000004,-12.079999999999998,33.365,0.0,BA|BWXT|GD|HII|KTOS|LHX|LMT|NOC|RTX|TXT,BA|BWXT|GD|HII|KTOS|LHX|LMT|NOC|RTX|TXT
PSA,9,8,-4.66,-11.14,-10.6,0.0,-1.51,-6.369999999999999,-3.1500000000000004,-4.770000000000001,-3.459999999999999,0.0,BRX|COLD|CUBE|EPR|EXR|IRT|JYNT|NSA|REXR,BRX|COLD|CUBE|EPR|EXR|IRT|JYNT|REXR
PSBD,10,10,1.27,-0.1,-3.36,0.0,-1.31,-3.685,2.58,3.585,-8.424999999999999,1.0,ARCC|CSWC|FDUS|GLAD|GSBD|HTGC|MAIN|NMFC|PSEC|TCPC,ARCC|CSWC|FDUS|GLAD|GSBD|HTGC|MAIN|NMFC|PSEC|TCPC
PSEC,10,10,-2.23,-6.81,-3.52,0.92,-1.29,-3.79,-0.94,-3.0199999999999996,-10.61,0.3,ARCC|CGBD|GSBD|HTGC|MAIN|NMFC|SLRC|TCPC|TPVG|TSLX,ARCC|CGBD|GSBD|HTGC|MAIN|NMFC|SLRC|TCPC|TPVG|TSLX
PSFE,10,10,3.04,-3.01,-4.44,0.0,-2.6799999999999997,-10.61,5.72,7.6,-16.355,1.0,FIS|GPN|JKHY|MA|PAGS|PYPL|RPAY|V|WU|XYZ,FIS|GPN|JKHY|MA|PAGS|PYPL|RPAY|V|WU|XYZ
PSHG,10,10,5.26,3.45,5.88,0.0,-6.055,5.0,11.315,-1.5499999999999998,-14.305,1.0,ASC|DHT|FRO|GLNG|INSW|NAT|SBLK|SFL|STNG|TNK,ASC|DHT|FRO|GLNG|INSW|NAT|SBLK|SFL|STNG|TNK
PSIG,10,10,13.58,93.33,-63.29,0.0,-1.1,-7.8149999999999995,14.68,101.145,-49.56,1.0,CHRW|EXP|FDX|HON|JBHT|LSTR|MATX|ODFL|R|SNDR,CHRW|EXP|FDX|HON|JBHT|LSTR|MATX|ODFL|R|SNDR
PSIX,0,0,-2.24,22.91,15.03,-5.01,,,,,,,,
PSKY,0,0,-6.26,-6.7,5.57,-0.05,,,,,,,,
PSLV,10,9,-2.69,-9.19,12.41,-1.53,-5.05,-11.96,2.36,2.7700000000000014,-1.5299999999999994,0.8888888888888888,AG|ASM|CDE|EXK|HL|MAG|PAAS|SSRM|SVM|WPM,AG|ASM|CDE|EXK|HL|PAAS|SSRM|SVM|WPM
PSMT,10,9,3.38,-1.27,-8.32,0.0,-2.46,-4.63,5.84,3.36,-11.64,0.8888888888888888,AMZN|BBY|BJ|COST|DG|DLTR|KR|TGT|WBA|WMT,AMZN|BBY|BJ|COST|DG|DLTR|KR|TGT|WMT
PSN,10,10,-5.05,-8.74,-6.82,0.05,-3.125,-6.54,-1.9249999999999998,-2.2,-9.705,0.0,BAH|CACI|CUB|GD|HII|LDOS|LHX|NOC|RTX|SAIC,BAH|CACI|CUB|GD|HII|LDOS|LHX|NOC|RTX|SAIC
PSNL,10,9,1.49,-4.16,43.93,0.0,1.42,13.49,0.07000000000000006,-17.65,0.18999999999999773,0.5555555555555556,BNR|CDNA|EXAS|FATE|FLGT|GH|ILMN|MYGN|NTRA|TXG,BNR|CDNA|FATE|FLGT|GH|ILMN|MYGN|NTRA|TXG
PSNY,10,9,-1.64,-44.25,-64.4,0.0,-0.5,-11.07,-1.14,-33.18,-48.760000000000005,0.4444444444444444,FFAI|GOEV|HYLN|LCID|LI|NIO|RIVN|TSLA|WKHS|XPEV,FFAI|HYLN|LCID|LI|NIO|RIVN|TSLA|WKHS|XPEV
PSO,10,8,0.25,-3.32,6.01,0.94,-2.04,-7.225,2.29,3.905,11.375,0.625,ATGE|BIDU|CHGG|GHC|HUYA|INST|MCY|RELX|SCHL|TRI,BIDU|CHGG|GHC|HUYA|MCY|RELX|SCHL|TRI
PSQH,10,10,-12.81,-33.72,-21.39,-13.31,1.175,-3.64,-13.985000000000001,-30.08,-45.63,0.0,COIN|FDS|ICE|MKTX|MORN|MSCI|NDAQ|SPGI|TW|VIRT,COIN|FDS|ICE|MKTX|MORN|MSCI|NDAQ|SPGI|TW|VIRT
PSTL,10,10,-2.54,1.69,-0.85,0.0,-1.37,-7.629999999999999,-1.17,9.319999999999999,5.8100000000000005,0.4,ADC|BXP|EPR|ESRT|GEO|GNL|LXP|NNN|O|WPC,ADC|BXP|EPR|ESRT|GEO|GNL|LXP|NNN|O|WPC
PSX,7,7,-5.2,9.73,51.34,1.35,-6.69,9.04,1.4900000000000002,0.6900000000000013,-3.259999999999998,0.5714285714285714,CVI|CVX|DK|MPC|PBF|VLO|XOM,CVI|CVX|DK|MPC|PBF|VLO|XOM
PTC,10,9,4.43,-7.11,24.74,0.0,0.08,-1.22,4.35,-5.890000000000001,31.38,0.7777777777777778,ADSK|ANSS|CDNS|DSGX|IBM|MSFT|ORCL|SAP|SNPS|TDC,ADSK|CDNS|DSGX|IBM|MSFT|ORCL|SAP|SNPS|TDC
PTCT,10,9,-7.77,-12.27,-26.15,0.0,-0.09,-6.48,-7.68,-5.789999999999999,-10.759999999999998,0.1111111111111111,ALNY|ARWR|BIIB|BLUE|EXEL|IONS|RARE|SRPT|VRTX|VYGR,ALNY|ARWR|BIIB|EXEL|IONS|RARE|SRPT|VRTX|VYGR
PTEN,10,10,-7.81,-3.73,13.51,0.18,-2.0549999999999997,-1.845,-5.755,-1.885,11.985,0.0,HAL|HP|LBRT|NBR|NOV|OIS|PUMP|RES|SLB|WTTR,HAL|HP|LBRT|NBR|NOV|OIS|PUMP|RES|SLB|WTTR
PTGX,10,7,-2.9,-10.35,13.55,0.0,0.13,-9.1,-3.03,-1.25,10.99,0.14285714285714285,AKRO|AMGN|ARWR|BLUE|CRSP|EDIT|NTLA|REGN|SGMO|VRTX,AMGN|ARWR|CRSP|EDIT|NTLA|REGN|VRTX
PTHS,10,9,21.11,-11.65,-18.08,0.0,-0.13,-4.4,21.24,-7.25,-26.589999999999996,1.0,ALNY|AMGN|BLUE|BMRN|GILD|IONS|NBIX|REGN|SRPT|VRTX,ALNY|AMGN|BMRN|GILD|IONS|NBIX|REGN|SRPT|VRTX
PTLE,0,0,3.3,-7.1,37.14,0.0,,,,,,,,
PTLO,10,10,-1.88,-26.71,-15.9,0.0,1.1349999999999998,-12.535,-3.0149999999999997,-14.175,-16.465,0.4,CAKE|CMG|DPZ|DRI|MCD|QSR|RRGB|SHAK|WEN|YUM,CAKE|CMG|DPZ|DRI|MCD|QSR|RRGB|SHAK|WEN|YUM
PTN,0,0,-2.59,-2.03,-0.88,-1.07,,,,,,,,
PTON,10,9,-3.9,-12.48,-17.54,-1.9,-0.54,-8.2,-3.36,-4.280000000000001,-1.8699999999999992,0.2222222222222222,ADNT|BC|COLM|DKS|EVCM|LULU|PLNT|UA|VSTO|YETI,ADNT|BC|COLM|DKS|EVCM|LULU|PLNT|UA|YETI
PTRN,0,0,-1.43,-9.87,-11.15,0.0,,,,,,,,
PUBM,10,10,3.59,6.69,46.43,0.0,-0.47000000000000003,-3.63,4.06,10.32,36.879999999999995,1.0,APPS|CRTO|DV|FLNT|MGNI|PERI|QNST|ROKU|STGW|TTD,APPS|CRTO|DV|FLNT|MGNI|PERI|QNST|ROKU|STGW|TTD
PUK,10,10,-5.57,-11.68,-5.78,-0.59,-1.185,-1.605,-4.385,-10.075,-13.309999999999999,0.0,AFL|AIG|GL|HIG|LNC|MET|MFC|PFG|PRU|UNM,AFL|AIG|GL|HIG|LNC|MET|MFC|PFG|PRU|UNM
PULM,10,9,20.36,8.71,10.13,0.0,-4.89,-9.26,25.25,17.97,27.439999999999998,1.0,ACET|ACHV|ACRS|AKBA|ALDX|ARDX|ASMB|AXSM|BLRX|CLSD,ACET|ACHV|ACRS|AKBA|ALDX|ARDX|ASMB|AXSM|BLRX
PUMP,10,9,-4.59,-5.85,-32.57,1.84,-1.59,-1.27,-3.0,-4.58,-35.4,0.2222222222222222,BKR|CHX|CLB|DNOW|FTI|HAL|LBRT|NOV|SLB|WTTR,BKR|CLB|DNOW|FTI|HAL|LBRT|NOV|SLB|WTTR
PURR,0,0,4.83,13.31,67.71,-3.52,,,,,,,,
PVH,9,9,2.05,0.71,4.22,-0.45,-3.92,-7.58,5.97,8.29,22.93,0.7777777777777778,COLM|GIII|KTB|LB|LEVI|OXM|RL|UAA|VFC,COLM|GIII|KTB|LB|LEVI|OXM|RL|UAA|VFC
PVL,10,8,-0.54,1.1,2.79,0.0,-2.2350000000000003,-2.6350000000000002,1.6950000000000003,3.7350000000000003,2.0,1.0,BPT|CRT|DMLP|KRP|MARPS|MTR|MVO|PBT|SBR|SJT,CRT|DMLP|KRP|MARPS|MTR|PBT|SBR|SJT
PVLA,10,7,-1.23,2.61,15.19,0.0,-0.41,0.53,-0.8200000000000001,2.08,-3.540000000000001,0.42857142857142855,ADAP|AGEN|BLUE|CRSP|FATE|KURA|MRNA|NVAX|SGMO|SRPT,AGEN|CRSP|FATE|KURA|MRNA|NVAX|SRPT
PW,10,10,-3.52,-16.14,-30.69,0.0,-1.51,-6.8100000000000005,-2.01,-9.33,-22.44,0.2,AMT|CCI|DLR|EQIX|IRM|NNN|O|PLD|SBAC|WPC,AMT|CCI|DLR|EQIX|IRM|NNN|O|PLD|SBAC|WPC
PWP,10,10,5.02,-18.65,-17.14,0.0,-1.6800000000000002,-10.7,6.699999999999999,-7.949999999999999,-7.355,1.0,EVR|GS|HL|JEF|LAZ|MC|MS|PIPR|RJF|SF,EVR|GS|HL|JEF|LAZ|MC|MS|PIPR|RJF|SF
PWR,9,9,3.67,5.86,-11.05,0.67,-1.65,-3.82,5.32,9.68,1.3399999999999999,0.8888888888888888,ACM|DY|EME|FLR|J|MTZ|MYRG|PKE|STN,ACM|DY|EME|FLR|J|MTZ|MYRG|PKE|STN
PXED,0,0,-1.73,-6.97,-17.01,0.0,,,,,,,,
PXLW,10,10,5.76,3.81,26.94,0.0,4.82,8.24,0.9399999999999995,-4.43,36.24,0.6,AMD|AVGO|INTC|MCHP|MU|NVDA|ON|QCOM|SWKS|TXN,AMD|AVGO|INTC|MCHP|MU|NVDA|ON|QCOM|SWKS|TXN
PXS,10,10,-4.15,23.16,52.62,0.0,-6.055,6.875,1.9049999999999994,16.285,31.56,0.8,ASC|CCEC|DHT|FRO|INSW|NAT|SFL|STNG|TNK|TRMD,ASC|CCEC|DHT|FRO|INSW|NAT|SFL|STNG|TNK|TRMD
PYPD,9,6,1.15,5.72,10.71,0.0,-3.1500000000000004,-16.43,4.300000000000001,22.15,26.270000000000003,0.6666666666666666,ANIP|ATHE|AUTL|AVDL|BCTX|EPIX|IMUX|MRNS|XTLB,ANIP|ATHE|AUTL|BCTX|IMUX|XTLB
PYPL,10,9,-1.3,-16.09,23.29,-0.5,-2.46,-13.39,1.16,-2.6999999999999993,28.549999999999997,0.8888888888888888,AFRM|AXP|DFS|FIS|GPN|INTU|MA|SOFI|UPST|V,AFRM|AXP|FIS|GPN|INTU|MA|SOFI|UPST|V
PYXS,9,6,-5.57,5.23,44.39,0.0,-0.435,-3.255,-5.135000000000001,8.485,49.45,0.16666666666666666,ADAP|AFMD|EXEL|FATE|IMTX|MGNX|MRSN|NBP|SRRK,EXEL|FATE|IMTX|MGNX|NBP|SRRK
PZG,10,10,6.25,-12.26,25.93,0.0,-4.085,-13.655000000000001,10.335,1.3950000000000014,2.5450000000000017,1.0,AEM|AU|B|BTG|CDE|GFI|HL|KGC|NEM|SSRM,AEM|AU|B|BTG|CDE|GFI|HL|KGC|NEM|SSRM
PZZA,10,10,-0.2,-16.32,-44.06,0.0,-1.5100000000000002,-10.95,1.3100000000000003,-5.370000000000001,-42.82,0.6,BJRI|CAKE|CMG|DPZ|DRI|MCD|QSR|SBUX|WING|YUM,BJRI|CAKE|CMG|DPZ|DRI|MCD|QSR|SBUX|WING|YUM
Q,0,0,3.73,-4.04,-27.46,-2.41,,,,,,,,
QBTS,10,10,-6.73,-14.73,-24.69,-1.84,-0.10499999999999998,2.8899999999999997,-6.625,-17.62,-22.240000000000002,0.1,AAPL|GOOGL|HPQ|IBM|INTC|IONQ|MSFT|NVDA|QUBT|RGTI,AAPL|GOOGL|HPQ|IBM|INTC|IONQ|MSFT|NVDA|QUBT|RGTI
QCLS,10,10,19.71,-62.71,-75.48,3.46,0.16999999999999998,-3.625,19.54,-59.085,-88.41,1.0,ABBV|AMGN|BMY|GILD|JNJ|LLY|MRK|PFE|REGN|VRTX,ABBV|AMGN|BMY|GILD|JNJ|LLY|MRK|PFE|REGN|VRTX
QCOM,10,10,2.43,20.39,-5.66,-2.0,4.734999999999999,8.469999999999999,-2.3049999999999993,11.920000000000002,3.370000000000001,0.4,AMAT|AMD|AVGO|INTC|MRVL|MU|NVDA|QRVO|SWKS|TXN,AMAT|AMD|AVGO|INTC|MRVL|MU|NVDA|QRVO|SWKS|TXN
QCRH,10,8,-2.26,-1.38,2.05,-0.57,-2.71,-3.71,0.4500000000000002,2.33,0.2999999999999998,0.625,CAC|CHCO|FFIN|FULT|GABC|HTLF|IBTX|MBIN|SFNC|TCBK,CAC|CHCO|FFIN|FULT|GABC|MBIN|SFNC|TCBK
QDEL,10,9,-3.99,-28.64,-15.32,0.0,-0.04,-5.71,-3.95,-22.93,-28.3,0.2222222222222222,ABT|ALC|BDX|BIO|COO|DGX|HOLX|LH|RMD|TMO,ABT|ALC|BDX|BIO|COO|DGX|LH|RMD|TMO
QETA,0,0,1.81,0.6,0.94,0.0,,,,,,,,
QFIN,10,10,-8.32,-34.08,-49.37,-0.13,-1.1,-7.289999999999999,-7.220000000000001,-26.79,-37.199999999999996,0.2,BABA|BIDU|FINV|HTT|JD|LX|SOS|TME|XYF|YRD,BABA|BIDU|FINV|HTT|JD|LX|SOS|TME|XYF|YRD
QGEN,10,9,-1.22,0.44,12.58,0.3,1.57,4.54,-2.79,-4.1,-9.42,0.1111111111111111,A|BIO|BRKR|DHR|HOLX|ILMN|MTD|TECH|TMO|WAT,A|BIO|BRKR|DHR|ILMN|MTD|TECH|TMO|WAT
QH,10,10,0.5,-6.98,-40.48,0.85,1.73,-6.3,-1.23,-0.6800000000000006,-46.51,0.3,BABA|BILI|DOYU|HUYA|IQ|JD|JOYY|PDD|TCOM|TME,BABA|BILI|DOYU|HUYA|IQ|JD|JOYY|PDD|TCOM|TME
QLYS,10,9,3.89,5.15,59.22,0.11,3.64,17.78,0.25,-12.63,26.14,0.5555555555555556,CHKP|CRWD|CYBR|FTNT|NET|OKTA|PANW|TENB|VRNS|ZS,CHKP|CRWD|FTNT|NET|OKTA|PANW|TENB|VRNS|ZS
QMCO,10,9,1.72,13.31,96.21,-2.31,-0.19,4.71,1.91,8.600000000000001,71.35999999999999,0.7777777777777778,DELL|HPE|IBM|NTAP|NTNX|NVDA|PSTG|SMCI|STX|WDC,DELL|HPE|IBM|NTAP|NTNX|NVDA|SMCI|STX|WDC
QNCX,10,9,10.97,-9.95,58.4,0.0,-1.4,-16.16,12.370000000000001,6.210000000000001,58.04,1.0,BEAM|CRSP|EDIT|IMCR|MGTX|NTLA|PRME|RNA|RPRX|VERV,BEAM|CRSP|EDIT|IMCR|MGTX|NTLA|PRME|RNA|RPRX
QNRX,9,8,-2.17,24.54,76.24,0.0,-3.455,-7.795,1.2850000000000001,32.335,87.815,0.625,ADAP|ASND|CRIS|MDGL|MREO|RDHL|TGTX|VYGR|XENE,ASND|CRIS|MDGL|MREO|RDHL|TGTX|VYGR|XENE
QNST,10,8,-22.39,-30.31,7.69,0.0,-1.13,-7.055,-21.26,-23.255,13.255,0.0,ANGI|BR|CNSL|EVC|FLNT|IAC|MCHX|TDOC|TREE|TRVG,ANGI|BR|EVC|FLNT|MCHX|TDOC|TREE|TRVG
QNTM,10,10,4.84,18.9,-0.76,0.52,0.16999999999999998,-3.625,4.67,22.525,-15.075000000000001,0.8,AMGN|BIIB|BMY|GILD|JNJ|LLY|MRK|PFE|REGN|VRTX,AMGN|BIIB|BMY|GILD|JNJ|LLY|MRK|PFE|REGN|VRTX
QRHC,10,9,0.0,-6.76,-0.72,0.0,-2.15,-6.02,2.15,-0.7400000000000002,0.95,0.8888888888888888,CLH|CNX|CWST|PESI|RSG|SRCL|TTEK|VVV|WCN|WM,CLH|CNX|CWST|PESI|RSG|TTEK|VVV|WCN|WM
QRVO,10,10,-0.58,25.95,24.59,-0.64,3.215,2.4,-3.795,23.55,35.865,0.1,ADI|AMKR|AVGO|MCHP|NXPI|ON|SLAB|SMTC|SWKS|TXN,ADI|AMKR|AVGO|MCHP|NXPI|ON|SLAB|SMTC|SWKS|TXN
QS,10,10,-5.61,-16.15,-31.56,-0.61,-1.92,-4.42,-3.6900000000000004,-11.729999999999999,-14.069999999999997,0.2,BE|BLDP|CHPT|ENVX|HYLN|LCID|MVST|PLUG|SLDP|WKHS,BE|BLDP|CHPT|ENVX|HYLN|LCID|MVST|PLUG|SLDP|WKHS
QSEA,0,0,0.19,0.28,1.24,0.0,,,,,,,,
QSI,10,9,-3.9,-12.66,-13.68,-2.46,1.42,6.45,-5.32,-19.11,-57.42,0.0,BIO|BNGO|CDNA|EXAS|ILMN|NTLA|NTRA|PACB|TMO|TWST,BIO|BNGO|CDNA|ILMN|NTLA|NTRA|PACB|TMO|TWST
QSR,10,10,-2.47,-12.36,-2.39,-0.25,-0.375,-15.29,-2.095,2.9299999999999997,1.0099999999999998,0.3,CMG|DNUT|DPZ|DRI|MCD|PZZA|RRGB|SHAK|WEN|YUM,CMG|DNUT|DPZ|DRI|MCD|PZZA|RRGB|SHAK|WEN|YUM
QTRX,10,9,8.59,12.86,-16.4,0.0,1.57,2.77,7.02,10.09,-48.61,1.0,ABT|BIO|DHR|EXAS|GH|ILMN|NTRA|QGEN|TMO|TWST,ABT|BIO|DHR|GH|ILMN|NTRA|QGEN|TMO|TWST
QTTB,10,10,-12.93,-41.56,-14.34,0.0,-3.92,-6.595000000000001,-9.01,-34.965,-15.8,0.1,ARGX|BMRN|CRSP|EDIT|GTX|MDGL|PTCT|SRPT|VRTX|XENE,ARGX|BMRN|CRSP|EDIT|GTX|MDGL|PTCT|SRPT|VRTX|XENE
QTWO,10,8,-6.53,-13.28,23.61,0.0,-2.935,-12.14,-3.595,-1.1399999999999988,14.125,0.125,BR|CSGP|ENV|EVRI|FIS|GPN|JKHY|MSCI|SSNC|WU,BR|CSGP|FIS|GPN|JKHY|MSCI|SSNC|WU
QUAD,10,8,-3.95,-9.76,16.79,0.0,-3.875,-6.960000000000001,-0.07500000000000018,-2.799999999999999,22.67,0.5,DLX|EVC|IPG|LEE|LXU|NYT|OMC|SGA|TGNA|VRTS,DLX|EVC|LEE|LXU|NYT|OMC|SGA|VRTS
QUBT,10,10,4.74,4.49,-2.75,-3.07,-0.5449999999999999,-1.75,5.285,6.24,4.72,0.8,AMD|GOOGL|IBM|INTC|IONQ|MSFT|NVDA|QBTS|RGTI|SOUN,AMD|GOOGL|IBM|INTC|IONQ|MSFT|NVDA|QBTS|RGTI|SOUN
QUIK,10,9,12.19,-0.35,-36.66,0.0,5.99,2.84,6.199999999999999,-3.19,-23.349999999999994,0.8888888888888888,ADI|ALTR|LSCC|MPWR|MXL|ON|SLAB|SMTC|TER|TXN,ADI|LSCC|MPWR|MXL|ON|SLAB|SMTC|TER|TXN
QUMS,0,0,0.0,0.19,1.08,0.0,,,,,,,,
QURE,10,7,-3.83,-16.94,-13.65,-0.84,-3.89,-9.1,0.06000000000000005,-7.840000000000002,-16.21,0.5714285714285714,ADVM|BLUE|BMRN|BOLD|CRSP|EDIT|NTLA|RCKT|SGMO|SRPT,BMRN|BOLD|CRSP|EDIT|NTLA|RCKT|SRPT
QXO,10,10,4.47,-12.2,-32.44,-0.98,-2.4,-2.77,6.869999999999999,-9.43,-32.91,1.0,AMZN|BBY|COST|DG|EBAY|HD|KR|LOW|TGT|WMT,AMZN|BBY|COST|DG|EBAY|HD|KR|LOW|TGT|WMT
R,10,10,0.02,-2.83,-8.82,0.0,-0.74,-6.74,0.76,3.91,6.975000000000001,0.6,CHRW|EXPD|JBHT|KNX|LSTR|ODFL|SAIA|SNDR|WERN|XPO,CHRW|EXPD|JBHT|KNX|LSTR|ODFL|SAIA|SNDR|WERN|XPO
RAC,0,0,-0.09,0.38,1.34,0.0,,,,,,,,
RACE,9,9,-0.39,-2.25,17.08,-0.16,-3.14,-4.15,2.75,1.9000000000000004,16.95,0.6666666666666666,APTV|BWA|F|GM|HMC|LAD|TM|TSLA|XPEV,APTV|BWA|F|GM|HMC|LAD|TM|TSLA|XPEV
RADX,0,0,-2.69,-33.4,-60.75,0.0,,,,,,,,
RAIL,10,10,2.92,3.5,-20.09,0.0,-0.24,-5.904999999999999,3.16,9.405,-16.345,0.8,CNI|CSX|GBX|KNX|NSC|RA|TRN|UNP|WAB|XPO,CNI|CSX|GBX|KNX|NSC|RA|TRN|UNP|WAB|XPO
RAIN,0,0,49.49,-12.82,-49.0,0.99,,,,,,,,
RAL,0,0,3.57,11.18,-3.06,0.0,,,,,,,,
RAMP,10,9,-1.14,-0.5,-0.03,0.0,-0.67,-3.16,-0.46999999999999986,2.66,-11.44,0.3333333333333333,APPS|CRTO|DV|FLNT|FUBO|LGF-A|MGNI|PERI|PUBM|TTD,APPS|CRTO|DV|FLNT|FUBO|MGNI|PERI|PUBM|TTD
RAND,10,10,-7.1,-6.93,-2.22,0.0,-0.8300000000000001,-3.79,-6.27,-3.1399999999999997,-8.690000000000001,0.0,ARCC|GBDC|GLAD|HRZN|HTGC|MAIN|NMFC|PNNT|TCPC|TSLX,ARCC|GBDC|GLAD|HRZN|HTGC|MAIN|NMFC|PNNT|TCPC|TSLX
RANG,0,0,0.18,0.46,2.17,0.0,,,,,,,,
RANI,10,8,-4.88,-9.09,9.12,5.61,-1.9200000000000002,-6.75,-2.96,-2.34,3.584999999999999,0.25,ASND|BLUE|BMRN|CRSP|EDIT|FATE|LBPH|NTLA|REGN|SRPT,ASND|BMRN|CRSP|EDIT|FATE|NTLA|REGN|SRPT
RAPP,10,8,-19.43,-33.95,-13.13,-0.97,0.615,-7.79,-20.044999999999998,-26.160000000000004,-20.485,0.0,ACAD|BIIB|BLUE|CRSP|EDIT|MRNA|NBIX|REGN|SAGE|VRTX,ACAD|BIIB|CRSP|EDIT|MRNA|NBIX|REGN|VRTX
RARE,10,10,2.07,-44.07,-49.4,-0.54,-0.6200000000000001,-5.44,2.69,-38.63,-57.489999999999995,0.7,ALNY|AMGN|BIIB|BMRN|CRSP|IONS|NBIX|PBYI|REGN|VRTX,ALNY|AMGN|BIIB|BMRN|CRSP|IONS|NBIX|PBYI|REGN|VRTX
RAVE,10,9,-3.51,-11.29,-14.6,0.0,-0.55,-14.36,-2.96,3.0700000000000003,-7.89,0.1111111111111111,CAKE|CMG|DPZ|LOCO|PBPB|PTLO|PZZA|SHAK|WING|YUM,CAKE|CMG|DPZ|LOCO|PTLO|PZZA|SHAK|WING|YUM
RAYA,10,10,-7.87,-11.98,-27.97,3.7,3.065,-2.09,-10.935,-9.89,-24.195,0.0,AME|CMI|DOV|EMR|ETN|GE|HON|ITW|ROK|SWK,AME|CMI|DOV|EMR|ETN|GE|HON|ITW|ROK|SWK
RBA,10,9,-1.73,-1.47,-26.41,0.0,1.89,-1.22,-3.62,-0.25,-21.64,0.0,ASTE|CAT|CMI|DE|GATX|HEES|MTW|TEX|TITN|URI,ASTE|CAT|CMI|DE|GATX|MTW|TEX|TITN|URI
RBB,10,10,-1.35,-1.17,-1.22,0.0,-3.105,-3.0650000000000004,1.755,1.8950000000000005,1.0799999999999998,0.8,BANC|CATY|CVBF|EWBC|HAFC|HOPE|MBWM|OPBK|PFBC|WAL,BANC|CATY|CVBF|EWBC|HAFC|HOPE|MBWM|OPBK|PFBC|WAL
RBBN,10,7,9.76,-11.76,-22.08,0.0,-2.51,-0.78,12.27,-10.98,-10.629999999999999,1.0,ANET|CSCO|ERIC|EXTR|HPE|INFN|JNPR|NOK|PSTG|QCOM,ANET|CSCO|ERIC|EXTR|HPE|NOK|QCOM
RBC,10,10,2.69,0.88,-21.7,0.0,-0.37,-5.395,3.06,6.2749999999999995,-26.585,0.8,ATKR|B|DHR|FLS|GOLD|ITGR|MWA|PDM|SNA|TWI,ATKR|B|DHR|FLS|GOLD|ITGR|MWA|PDM|SNA|TWI
RBCAA,10,9,-0.81,-1.74,6.21,0.0,-2.93,-3.92,2.12,2.1799999999999997,10.379999999999999,1.0,BANF|CBSH|CHCO|FFIN|FMBH|FRME|HTLF|IBOC|ONB|PEBO,BANF|CBSH|CHCO|FFIN|FMBH|FRME|IBOC|ONB|PEBO
RBKB,10,8,-0.47,-0.7,4.22,0.0,-2.9299999999999997,-5.13,2.46,4.43,9.030000000000001,1.0,ASB|BBT|FFIC|FLG|HWBK|NFBK|NWE|OCFC|SIEB|TMP,ASB|BBT|FLG|HWBK|NWE|OCFC|SIEB|TMP
RBLX,9,8,1.68,23.47,4.12,-1.41,-1.7349999999999999,-3.51,3.415,26.979999999999997,-10.114999999999998,0.875,AAPL|AMZN|DIS|EA|GOOGL|MSFT|SONY|TTWO|U,AAPL|AMZN|DIS|GOOGL|MSFT|SONY|TTWO|U
RBNE,0,0,2.3,0.89,-73.35,8.13,,,,,,,,
RBRK,10,10,5.4,22.67,60.03,-1.66,3.95,20.885,1.4500000000000002,1.7850000000000001,7.034999999999997,0.6,CRWD|DT|FSLY|NET|OKTA|PANW|PD|SNOW|VRNS|ZS,CRWD|DT|FSLY|NET|OKTA|PANW|PD|SNOW|VRNS|ZS
RC,10,10,-7.98,-24.62,-13.29,2.74,-3.8400000000000003,-10.3,-4.140000000000001,-14.32,0.16000000000000014,0.1,ABR|ARI|BXMT|EFC|GPMT|KREF|LADR|NREF|STWD|TRTX,ABR|ARI|BXMT|EFC|GPMT|KREF|LADR|NREF|STWD|TRTX
RCAT,10,9,-7.4,-27.8,-26.26,-0.3,0.58,-4.63,-7.98,-23.17,-18.3,0.1111111111111111,AVAV|DAKT|DPRO|EVLV|FARO|KTOS|LASR|OSIS|OUST|UAVS,AVAV|DAKT|DPRO|EVLV|KTOS|LASR|OSIS|OUST|UAVS
RCEL,10,10,4.78,10.49,177.22,0.0,-0.36,-6.914999999999999,5.140000000000001,17.405,176.94,1.0,ABT|BDX|BSX|EW|ISRG|MDT|PEN|STE|SYK|ZBH,ABT|BDX|BSX|EW|ISRG|MDT|PEN|STE|SYK|ZBH
RCI,10,9,-7.3,-8.55,-6.2,0.0,-1.77,-6.93,-5.529999999999999,-1.620000000000001,-2.5900000000000003,0.2222222222222222,AD|CHTR|CMCSA|CNSL|LUMN|SKM|T|TMUS|VIV|VZ,AD|CHTR|CMCSA|LUMN|SKM|T|TMUS|VIV|VZ
RCKT,10,7,-14.57,-20.9,-7.72,-0.99,-3.43,-15.23,-11.14,-5.669999999999998,5.930000000000001,0.0,ADVM|ALLO|BLUE|CRSP|EDIT|NTLA|QURE|SGMO|SRPT|VYGR,ALLO|CRSP|EDIT|NTLA|QURE|SRPT|VYGR
RCKY,10,9,3.85,-2.46,10.26,0.0,-0.54,-8.43,4.390000000000001,5.97,22.53,0.7777777777777778,BURL|COLM|CROX|DECK|LULU|NKE|SKX|UA|VFC|WWW,BURL|COLM|CROX|DECK|LULU|NKE|UA|VFC|WWW
RCL,10,10,-8.69,-21.99,-29.33,-0.99,-2.23,-16.08,-6.459999999999999,-5.91,-20.755,0.2,CCL|DIS|EXPE|HGV|HLT|LIND|MAR|MTN|NCLH|TRIP,CCL|DIS|EXPE|HGV|HLT|LIND|MAR|MTN|NCLH|TRIP
RCMT,10,9,2.67,-1.92,43.27,0.0,-0.97,-7.51,3.6399999999999997,5.59,19.070000000000004,0.8888888888888888,ASGN|CDW|CTSH|EXLS|KFRC|KFY|MAN|RHI|STRR|TBI,CDW|CTSH|EXLS|KFRC|KFY|MAN|RHI|STRR|TBI
RCON,10,10,3.88,-34.31,-98.28,-2.19,-1.565,-3.6149999999999998,5.445,-30.695000000000004,-107.28,1.0,BKR|CLB|FTI|HAL|INVX|NOV|OIS|SLB|TDW|XPRO,BKR|CLB|FTI|HAL|INVX|NOV|OIS|SLB|TDW|XPRO
RCT,0,0,-5.09,-5.09,-32.1,-0.98,,,,,,,,
RCUS,10,10,3.56,-16.22,-12.56,0.23,0.16999999999999998,-3.625,3.39,-12.594999999999999,-23.14,0.9,ABBV|BMY|GILD|JNJ|LLY|MRK|NVS|PFE|REGN|VRTX,ABBV|BMY|GILD|JNJ|LLY|MRK|NVS|PFE|REGN|VRTX
RDAC,0,0,5.19,10.53,5.0,6.14,,,,,,,,
RDAG,0,0,-0.29,0.19,0.87,0.0,,,,,,,,
RDCM,10,8,1.48,1.08,-18.51,0.0,0.71,0.2550000000000001,0.77,0.825,-32.36,0.625,ANET|BAND|CIEN|CSCO|EXTR|FFIV|INFN|JNPR|MSI|RNG,ANET|BAND|CIEN|CSCO|EXTR|FFIV|MSI|RNG
RDDT,10,10,-2.19,-7.98,-5.4,-1.64,-4.51,-8.42,2.32,0.4399999999999995,-11.55,0.7,BMBL|GOOGL|META|MTCH|NFLX|PINS|SNAP|SPOT|YELP|ZM,BMBL|GOOGL|META|MTCH|NFLX|PINS|SNAP|SPOT|YELP|ZM
RDGT,10,9,-8.41,17.1,-43.59,0.0,-2.06,-5.3,-6.35,22.400000000000002,-44.160000000000004,0.0,AMZN|COST|CVS|GDRX|KR|LLY|SNY|TGT|WBA|WMT,AMZN|COST|CVS|GDRX|KR|LLY|SNY|TGT|WMT
RDHL,9,9,-2.16,-4.15,-32.57,6.79,-1.38,-9.26,-0.7800000000000002,5.109999999999999,-19.240000000000002,0.4444444444444444,ACAD|AMRN|ARDX|AXSM|BCRX|FATE|GERN|LGND|MNKD,ACAD|AMRN|ARDX|AXSM|BCRX|FATE|GERN|LGND|MNKD
RDI,10,8,-5.85,6.04,44.57,0.0,2.41,-5.605,-8.26,11.645,36.47,0.125,AMC|CNK|DIS|IMAX|LGF-A|LGF-B|MCS|NCMI|NFLX|RGC,AMC|CNK|DIS|IMAX|MCS|NCMI|NFLX|RGC
RDN,10,9,-2.07,-5.91,-5.53,0.0,-1.88,-6.48,-0.18999999999999995,0.5700000000000003,-9.190000000000001,0.4444444444444444,AGNC|CHMI|ESNT|GNW|IVR|MFA|MTG|NMIH|ORC|TWO,AGNC|CHMI|ESNT|GNW|IVR|MFA|MTG|NMIH|ORC
RDNT,10,9,-3.39,-1.98,25.88,0.0,-0.1,0.0,-3.29,-1.98,11.659999999999998,0.2222222222222222,ACHC|ADUS|AMED|CYH|DVA|HCA|MD|THC|UHS|USPH,ACHC|ADUS|CYH|DVA|HCA|MD|THC|UHS|USPH
RDNW,10,9,7.27,2.02,-5.91,0.0,-4.76,-15.42,12.03,17.44,-1.9500000000000002,1.0,ABG|AN|CARG|CPRT|GPI|KMX|LAD|SAH|TRUE|VRM,ABG|AN|CARG|CPRT|GPI|KMX|LAD|SAH|VRM
RDVT,10,9,-1.7,8.59,37.08,0.0,-4.07,-10.11,2.37,18.7,34.54,0.7777777777777778,ACN|CSGP|DNB|EFX|FICO|IT|MSCI|SPGI|TRU|VRSK,ACN|CSGP|EFX|FICO|IT|MSCI|SPGI|TRU|VRSK
RDW,10,10,-4.76,-4.18,1.85,-2.4,-2.165,-6.02,-2.5949999999999998,1.8399999999999999,2.56,0.1,BA|GD|HXL|KTOS|LMT|MRCY|NOC|RTX|SPCE|TXT,BA|GD|HXL|KTOS|LMT|MRCY|NOC|RTX|SPCE|TXT
RDWR,10,9,1.8,11.67,10.52,2.17,3.64,14.75,-1.84,-3.08,-7.830000000000002,0.2222222222222222,AKAM|ANET|CHKP|CRWD|CSCO|FFIV|FTNT|JNPR|NET|PANW,AKAM|ANET|CHKP|CRWD|CSCO|FFIV|FTNT|NET|PANW
RDY,10,10,5.74,4.46,-15.48,4.04,-0.36,-5.16,6.1000000000000005,9.620000000000001,-25.634999999999998,1.0,ABBV|BMY|GSK|JNJ|LLY|MRK|NVS|PFE|SNY|TEVA,ABBV|BMY|GSK|JNJ|LLY|MRK|NVS|PFE|SNY|TEVA
RDZN,10,9,-0.85,-24.76,-18.75,0.0,-4.7,-5.54,3.85,-19.220000000000002,-16.34,0.8888888888888888,AFG|ALL|CB|CINF|ESGR|LMND|PGR|ROOT|SAFT|TRV,AFG|ALL|CB|CINF|LMND|PGR|ROOT|SAFT|TRV
REAL,10,10,-3.43,-18.77,-28.81,0.0,-0.05499999999999999,-10.215,-3.375,-8.555,-33.37,0.3,AMZN|BABA|CHWY|EBAY|ETSY|JD|PDD|RVLV|SFIX|SHOP,AMZN|BABA|CHWY|EBAY|ETSY|JD|PDD|RVLV|SFIX|SHOP
REAX,10,6,-14.82,-47.24,-13.29,-0.86,-5.1,-21.880000000000003,-9.72,-25.36,-3.3049999999999997,0.0,APPF|COMP|EXPI|HOUS|OPEN|RDFN|RMAX|RPID|Z|ZG,APPF|COMP|OPEN|RPID|Z|ZG
REBN,10,9,30.62,-19.3,-25.38,-0.05,-2.47,-12.36,33.09,-6.940000000000001,-18.669999999999998,1.0,CMG|DPZ|FARM|JVA|MCD|PZZA|QSR|SBUX|WEN|YUM,CMG|DPZ|JVA|MCD|PZZA|QSR|SBUX|WEN|YUM
RECT,10,10,-1.55,-0.78,2.42,0.0,-0.935,-0.8799999999999999,-0.615,0.09999999999999987,-2.535,0.5,AAPL|ADBE|AMZN|CSCO|GOOGL|INTC|MSFT|NFLX|NVDA|TSLA,AAPL|ADBE|AMZN|CSCO|GOOGL|INTC|MSFT|NFLX|NVDA|TSLA
REED,0,0,-20.63,-41.13,-40.29,-0.06,,,,,,,,
REFI,10,10,-2.91,-0.93,-2.46,0.0,-5.78,-14.415,2.87,13.485,13.34,0.8,ABR|ARI|BXMT|GPMT|KREF|LADR|RC|RWT|STWD|TRTX,ABR|ARI|BXMT|GPMT|KREF|LADR|RC|RWT|STWD|TRTX
REFR,10,10,83.62,48.52,14.48,-0.56,1.5150000000000001,-5.55,82.105,54.07,17.905,1.0,APD|AVNT|CE|DOW|EMN|FSLR|GLW|GT|MMM|PPG,APD|AVNT|CE|DOW|EMN|FSLR|GLW|GT|MMM|PPG
REG,8,7,-0.72,-5.16,-8.94,0.0,-1.55,-8.3,0.8300000000000001,3.1400000000000006,4.620000000000001,0.8571428571428571,AKR|BRX|FRT|KIM|KRG|ROIC|SRG|UE,AKR|BRX|FRT|KIM|KRG|SRG|UE
REGN,9,9,5.42,-0.16,34.2,3.79,-0.09,-2.61,5.51,2.4499999999999997,20.71,0.7777777777777778,AMGN|BIIB|BMRN|EXEL|GILD|INCY|IONS|MRNA|VRTX,AMGN|BIIB|BMRN|EXEL|GILD|INCY|IONS|MRNA|VRTX
REI,4,4,-7.53,-6.25,29.81,1.5,-6.81,-4.765000000000001,-0.7200000000000006,-1.4849999999999994,17.615,0.5,CRK|MTDR|NOG|SM,CRK|MTDR|NOG|SM
REKR,10,8,0.07,-26.32,-29.15,0.26,-0.42999999999999994,0.22999999999999998,0.49999999999999994,-26.55,-51.745,0.5,ABM|AXON|BLD|EXLS|FFIV|FN|HUBS|NEO|VRNT|VSAT,ABM|AXON|EXLS|FFIV|FN|HUBS|NEO|VSAT
RELL,10,10,4.92,2.68,-1.96,0.0,2.71,4.77,2.21,-2.0899999999999994,5.87,0.7,ADI|AVGO|DCO|MEI|NXPI|PLXS|QRVO|SWKS|TEL|TTMI,ADI|AVGO|DCO|MEI|NXPI|PLXS|QRVO|SWKS|TEL|TTMI
RELX,10,10,-2.62,-6.69,8.28,0.78,-1.185,-7.07,-1.435,0.3799999999999999,-1.1500000000000004,0.3,DLB|FDS|MORN|NYT|SPGI|TDAY|TMO|TRI|TTGT|VRSK,DLB|FDS|MORN|NYT|SPGI|TDAY|TMO|TRI|TTGT|VRSK
RELY,10,10,-7.09,-23.0,-7.13,0.0,-3.21,-9.145,-3.88,-13.855,-12.42,0.0,ADP|EEFT|FAF|FIS|GPN|MA|PYPL|V|WU|XYZ,ADP|EEFT|FAF|FIS|GPN|MA|PYPL|V|WU|XYZ
RENT,9,8,-11.92,-53.42,-45.16,0.0,-3.665,-7.74,-8.254999999999999,-45.68,-29.659999999999997,0.125,BURL|EBAY|JWN|M|MTCH|PTON|REAL|SFIX|URBN,BURL|EBAY|M|MTCH|PTON|REAL|SFIX|URBN
RENX,10,9,13.92,-9.09,4.05,-0.55,-0.16,-9.48,14.08,0.39000000000000057,20.79,1.0,BZH|DHI|KBH|LEN|LGIH|MTH|NVR|PHM|TMHC|TOL,BZH|DHI|KBH|LEN|LGIH|MTH|NVR|PHM|TOL
REPL,10,7,0.0,-11.9,15.0,0.0,-0.41,-8.33,0.41,-3.5700000000000003,-2.960000000000001,0.5714285714285714,ADAP|ALVR|ANIX|BNTX|ENTX|FATE|KPTI|MRNA|PGEN|SGMO,ANIX|BNTX|ENTX|FATE|KPTI|MRNA|PGEN
REPX,7,7,-4.67,9.17,25.63,0.0,-2.97,-1.93,-1.6999999999999997,11.1,11.979999999999999,0.2857142857142857,APA|DVN|EOG|FANG|MTDR|OXY|SM,APA|DVN|EOG|FANG|MTDR|OXY|SM
RERE,10,10,0.76,0.76,6.72,-0.25,1.375,-5.92,-0.615,6.68,-0.6400000000000006,0.4,AAPL|AMZN|BABA|CPNG|EBAY|JD|PDD|SHOP|TSLA|WMT,AAPL|AMZN|BABA|CPNG|EBAY|JD|PDD|SHOP|TSLA|WMT
RES,10,10,-2.17,-5.65,2.27,0.0,-1.91,-4.07,-0.26,-1.58,-2.5400000000000005,0.4,BKR|FTI|HAL|HP|LBRT|NBR|OIS|PTEN|PUMP|SLB,BKR|FTI|HAL|HP|LBRT|NBR|OIS|PTEN|PUMP|SLB
RETO,10,9,-13.92,-88.9,-92.28,14.82,-0.04,-5.32,-13.88,-83.58000000000001,-73.67,0.0,AMRC|CAT|EXP|JCI|MLM|PRLB|SUM|TREX|TTEK|VMC,AMRC|CAT|EXP|JCI|MLM|PRLB|TREX|TTEK|VMC
REVB,10,10,-2.11,-7.0,-3.12,-0.47,-0.69,-6.29,-1.42,-0.71,-11.850000000000001,0.3,AVIR|AXSM|BCRX|CYTK|IMUX|MRNA|NVAX|OCUL|PGEN|REPL,AVIR|AXSM|BCRX|CYTK|IMUX|MRNA|NVAX|OCUL|PGEN|REPL
REX,10,9,3.94,3.8,1.62,0.0,-5.66,-4.85,9.6,8.649999999999999,2.93,1.0,ADM|AGRO|ANDE|BF-B|BIOX|CALM|DAR|FDP|INGR|MGPI,ADM|AGRO|ANDE|BF-B|BIOX|CALM|DAR|INGR|MGPI
REXR,10,9,-1.12,1.01,13.43,-0.39,-1.76,-5.52,0.6399999999999999,6.529999999999999,17.12,0.5555555555555556,COLD|EGP|EXR|FR|FRPT|ICLR|MYD|PLD|STAG|TRNO,COLD|EGP|EXR|FR|FRPT|ICLR|PLD|STAG|TRNO
REYN,10,10,-2.18,-13.25,-14.73,0.0,0.01,-6.145,-2.19,-7.105,-13.59,0.1,BJ|CHD|CL|CLX|EL|KMB|NWL|PG|UL|WMT,BJ|CHD|CL|CLX|EL|KMB|NWL|PG|UL|WMT
REZI,10,10,0.05,-3.11,-15.73,0.0,1.4649999999999999,-4.215,-1.4149999999999998,1.105,-10.815000000000001,0.4,ALLE|ALSN|AME|HON|IR|JCI|MAS|ROCK|SNA|TEL,ALLE|ALSN|AME|HON|IR|JCI|MAS|ROCK|SNA|TEL
RF,9,9,-3.65,-10.41,-8.47,0.18,-3.44,-6.12,-0.20999999999999996,-4.29,-2.5200000000000005,0.3333333333333333,BAC|C|FITB|JPM|KEY|PNC|TFC|USB|WFC,BAC|C|FITB|JPM|KEY|PNC|TFC|USB|WFC
RFAI,0,0,-17.07,-33.26,209.16,-0.37,,,,,,,,
RFIL,10,9,2.07,-21.63,-56.72,0.0,2.65,3.02,-0.5800000000000001,-24.65,-47.48,0.3333333333333333,ADI|AMAT|FN|INFN|LITE|MTSI|MXL|QRVO|SWKS|TEL,ADI|AMAT|FN|LITE|MTSI|MXL|QRVO|SWKS|TEL
RFL,10,7,-1.94,-7.76,-27.6,0.0,-0.41,-1.04,-1.53,-6.72,-37.120000000000005,0.2857142857142857,ADMA|AGEN|ALKS|BPMC|CVAC|FATE|FOLD|IMTX|OPK|XENE,ADMA|AGEN|ALKS|FATE|IMTX|OPK|XENE
RFM,0,0,-1.37,-7.82,-8.86,0.0,,,,,,,,
RFMZ,0,0,-2.35,-8.23,-10.68,0.0,,,,,,,,
RGA,10,10,1.55,2.1,19.71,1.15,-1.185,-1.605,2.7350000000000003,3.705,12.180000000000001,1.0,AFL|AIG|AXS|HIG|LNC|MET|MFC|PFG|PRU|UNM,AFL|AIG|AXS|HIG|LNC|MET|MFC|PFG|PRU|UNM
RGC,10,10,5.28,13.04,-30.14,0.0,-0.36,-5.16,5.640000000000001,18.2,-36.02,1.0,ABBV|AZN|BMY|GSK|JNJ|LLY|MRK|NVO|NVS|PFE,ABBV|AZN|BMY|GSK|JNJ|LLY|MRK|NVO|NVS|PFE
RGCO,10,10,-3.55,-6.77,-17.5,0.0,-3.05,-5.475,-0.5,-1.295,-15.21,0.3,ATO|CPK|NFG|NJR|NWN|OGS|PNRG|SPH|SR|UGI,ATO|CPK|NFG|NJR|NWN|OGS|PNRG|SPH|SR|UGI
RGEN,10,10,3.6,1.61,27.12,0.04,1.0150000000000001,3.54,2.585,-1.93,6.110000000000003,0.6,A|BIO|BRKR|DHR|ILMN|MTD|QGEN|TECH|TMO|WAT,A|BIO|BRKR|DHR|ILMN|MTD|QGEN|TECH|TMO|WAT
RGLD,10,9,0.47,-5.65,23.47,-0.06,-3.87,-11.73,4.34,6.08,-0.4299999999999997,1.0,AEM|AU|B|BTG|FNV|KGC|NEM|OR|SAND|WPM,AEM|AU|B|BTG|FNV|KGC|NEM|OR|WPM
RGNT,0,0,29.77,8.66,-45.28,8.14,,,,,,,,
RGNX,10,8,-6.88,-14.14,-25.29,2.0,-3.1950000000000003,-12.425,-3.6849999999999996,-1.7149999999999999,-18.645,0.125,ADVM|BLUE|BMRN|CLLS|CRSP|EDIT|NTLA|QURE|SRPT|VYGR,BMRN|CLLS|CRSP|EDIT|NTLA|QURE|SRPT|VYGR
RGP,10,8,-3.47,-9.11,-6.04,0.0,-0.515,-8.32,-2.955,-0.7899999999999991,-14.965,0.125,AMN|ASGN|BGSF|HSII|KFRC|KFY|MAN|RHI|STRR|TBI,AMN|BGSF|KFRC|KFY|MAN|RHI|STRR|TBI
RGR,10,9,13.0,8.94,8.69,0.0,-2.94,-5.56,15.94,14.5,17.27,1.0,BA|BWXT|GD|HII|LHX|LMT|NOC|SWBI|TXT|VSTO,BA|BWXT|GD|HII|LHX|LMT|NOC|SWBI|TXT
RGS,10,9,-0.25,2.8,5.8,0.0,0.01,-5.38,-0.26,8.18,-6.21,0.4444444444444444,COTY|CUTR|EL|HAIN|HRB|MIDD|NUS|PLNT|SBH|ULTA,COTY|EL|HAIN|HRB|MIDD|NUS|PLNT|SBH|ULTA
RGTI,10,10,-2.5,-7.97,-15.32,-2.59,1.6,6.225,-4.1,-14.195,-28.47,0.2,AAPL|AMD|HPQ|IBM|INTC|IONQ|MSFT|NVDA|QMCO|QUBT,AAPL|AMD|HPQ|IBM|INTC|IONQ|MSFT|NVDA|QMCO|QUBT
RH,10,8,-1.83,-11.89,-22.15,-0.07,0.31000000000000005,-6.7,-2.14,-5.19,-20.724999999999998,0.25,BSET|DECK|FND|HVT|LEG|LZB|MHK|NWL|SNBR|WSM,BSET|DECK|FND|HVT|LZB|MHK|NWL|WSM
RHI,10,8,0.73,-17.2,24.2,0.0,-3.42,-8.885,4.15,-8.315,17.525,0.875,ADP|ASGN|HSII|KFY|MAN|PAYX|RGP|TBI|TTWO|UPWK,ADP|KFY|MAN|PAYX|RGP|TBI|TTWO|UPWK
RHLD,0,0,4.77,-2.4,2.61,0.0,,,,,,,,
RHP,10,10,0.68,-7.92,-6.96,0.0,0.94,-5.12,-0.2599999999999999,-2.8,-1.1799999999999997,0.4,AHT|APLE|DRH|HST|INN|PEB|PK|RLJ|SHO|XHR,AHT|APLE|DRH|HST|INN|PEB|PK|RLJ|SHO|XHR
RIBB,0,0,7.63,-24.75,-24.54,0.0,,,,,,,,
RICK,9,8,-1.93,-10.89,-1.72,0.0,5.6899999999999995,-18.994999999999997,-7.619999999999999,8.104999999999997,-6.325,0.0,BJRI|BLMN|CAKE|DENN|DIN|EAT|PLAY|RRGB|TXRH,BJRI|BLMN|CAKE|DIN|EAT|PLAY|RRGB|TXRH
RIG,8,8,-3.0,-4.52,5.37,0.37,-2.83,-4.07,-0.16999999999999993,-0.4499999999999993,-8.34,0.5,HP|INVX|NBR|NE|OII|PTEN|TDW|VAL,HP|INVX|NBR|NE|OII|PTEN|TDW|VAL
RIGL,10,10,8.21,6.69,31.68,0.0,-0.9299999999999999,-7.864999999999999,9.14,14.555,27.445,0.9,ACAD|AMRN|ANAB|ARWR|ENTA|GILD|INCY|KURA|NVAX|VKTX,ACAD|AMRN|ANAB|ARWR|ENTA|GILD|INCY|KURA|NVAX|VKTX
RILY,10,9,-4.49,-20.36,-19.13,-0.52,-3.64,-9.98,-0.8500000000000001,-10.379999999999999,-12.78,0.3333333333333333,AMTD|BAC|BK|C|GS|JPM|MS|SCHW|UBS|WFC,AMTD|BAC|C|GS|JPM|MS|SCHW|UBS|WFC
RIME,10,9,-17.98,-39.23,-69.47,-4.73,2.33,3.81,-20.310000000000002,-43.04,-91.00999999999999,0.0,ATOM|GPRO|KOPN|LTRX|PXLW|SONO|SONY|UEIC|VOXX|VUZI,ATOM|GPRO|KOPN|LTRX|PXLW|SONO|SONY|UEIC|VUZI
RIO,10,9,-3.09,-11.05,-0.11,-0.25,-1.33,-9.85,-1.7599999999999998,-1.200000000000001,-14.26,0.3333333333333333,AA|B|BHP|CLF|FCX|NEM|SCCO|TECK|VALE|X,AA|B|BHP|CLF|FCX|NEM|SCCO|TECK|VALE
RIOT,10,9,10.33,13.33,-13.04,-2.23,5.27,9.26,5.0600000000000005,4.07,2.990000000000002,0.6666666666666666,ARBK|BITF|BTBT|CIFR|CLSK|COIN|CORZ|HUT|MARA|NCTY,ARBK|BTBT|CIFR|CLSK|COIN|CORZ|HUT|MARA|NCTY
RITM,10,9,-0.84,-7.47,0.97,-0.11,-1.57,-9.09,0.7300000000000001,1.62,14.24,0.7777777777777778,AGNC|ARR|CIM|DX|IVR|MFA|NLY|ORC|STWD|TWO,AGNC|ARR|CIM|DX|IVR|MFA|NLY|ORC|STWD
RITR,9,9,,-33.83,-84.55,0.0,-0.55,-2.82,,-31.009999999999998,-84.21,,COLD|EGP|FR|GOOD|LXP|PLD|REXR|STAG|TRNO,COLD|EGP|FR|GOOD|LXP|PLD|REXR|STAG|TRNO
RIVN,10,10,-3.33,-11.07,0.18,-0.89,-3.27,-5.76,-0.06000000000000005,-5.3100000000000005,4.324999999999999,0.5,F|GM|HMC|LCID|LI|NIO|STLA|TM|TSLA|XPEV,F|GM|HMC|LCID|LI|NIO|STLA|TM|TSLA|XPEV
RJET,0,0,27.23,14.82,21.67,17.51,,,,,,,,
RJF,10,10,-3.38,-9.43,5.12,0.0,-3.7350000000000003,-9.565000000000001,0.3550000000000004,0.13500000000000156,6.665,0.6,AMP|BAC|C|GS|JPM|LPLA|MS|PFG|SCHW|WFC,AMP|BAC|C|GS|JPM|LPLA|MS|PFG|SCHW|WFC
RKDA,10,10,-35.08,-36.73,-54.07,-27.23,-3.26,-4.245,-31.82,-32.485,-53.74,0.0,ADM|AGRO|AVD|BG|BIOX|CTVA|FMC|INGR|MOS|SMG,ADM|AGRO|AVD|BG|BIOX|CTVA|FMC|INGR|MOS|SMG
RKLB,10,10,1.22,2.6,-14.92,-2.36,-0.8,-5.5,2.02,8.1,-17.805,0.6,AIR|AVAV|BA|HEI|KTOS|LMT|NOC|RTX|SPCE|TDY,AIR|AVAV|BA|HEI|KTOS|LMT|NOC|RTX|SPCE|TDY
RKT,10,9,-4.53,-16.08,-18.81,-1.23,-0.32,-9.39,-4.21,-6.689999999999998,-4.959999999999999,0.0,BZH|DHI|KBH|LEN|LGIH|MHO|NVR|PHM|TMHC|TOL,BZH|DHI|KBH|LEN|LGIH|MHO|NVR|PHM|TOL
RL,9,9,2.59,-5.76,-16.68,1.25,-1.32,-7.66,3.91,1.9000000000000004,1.5300000000000011,0.8888888888888888,COLM|GOOS|LB|NKE|OXM|PVH|TPR|UAA|VFC,COLM|GOOS|LB|NKE|OXM|PVH|TPR|UAA|VFC
RLAY,10,8,-5.37,-11.72,1.85,0.72,-1.075,-7.79,-4.295,-3.9300000000000006,0.3900000000000001,0.0,ADPT|BEAM|BLUE|BMRN|CRSP|EDIT|IONQ|NTLA|SGMO|VRTX,ADPT|BEAM|BMRN|CRSP|EDIT|IONQ|NTLA|VRTX
RLGT,10,10,0.08,3.34,-2.87,2.62,-1.1,-6.74,1.1800000000000002,10.08,9.825,0.8,CHRW|EXP|FDX|JBHT|KNX|LSTR|MATX|R|UPS|XPO,CHRW|EXP|FDX|JBHT|KNX|LSTR|MATX|R|UPS|XPO
RLI,10,10,-6.1,-14.67,3.84,0.0,-3.0300000000000002,-4.845000000000001,-3.0699999999999994,-9.825,7.9799999999999995,0.0,AIG|CB|CFG|CINF|HIG|MKL|PGR|SIGI|TRV|WRB,AIG|CB|CFG|CINF|HIG|MKL|PGR|SIGI|TRV|WRB
RLJ,10,10,0.74,-5.38,-3.62,0.0,1.21,-5.065,-0.47,-0.3149999999999995,2.16,0.4,AHT|APLE|CLDT|DRH|HST|INN|PEB|PK|SHO|XHR,AHT|APLE|CLDT|DRH|HST|INN|PEB|PK|SHO|XHR
RLMD,10,8,-10.43,-17.47,-41.94,0.0,-5.8,-8.614999999999998,-4.63,-8.855,-38.58,0.125,ACAD|AXSM|BHVN|CORT|ITCI|NBIX|OVID|SAGE|VKTX|XENE,ACAD|AXSM|BHVN|CORT|NBIX|OVID|VKTX|XENE
RLX,10,9,0.58,-3.35,-3.35,0.58,0.46,-0.29,0.11999999999999994,-3.06,2.2899999999999996,0.5555555555555556,BATRA|BTI|CRON|KAVL|MO|PM|TPB|UVV|VFF|XXII,BATRA|BTI|CRON|MO|PM|TPB|UVV|VFF|XXII
RLYB,10,9,-1.35,0.36,5.9,0.0,-1.38,-9.26,0.029999999999999805,9.62,19.23,0.5555555555555556,ADVM|AKBA|ANAB|ARDX|ASMB|AXSM|BCRX|CYTK|VTGN|XERS,AKBA|ANAB|ARDX|ASMB|AXSM|BCRX|CYTK|VTGN|XERS
RM,10,9,-4.11,-7.68,-20.94,0.2,-2.39,-8.44,-1.7200000000000002,0.7599999999999998,-14.030000000000001,0.4444444444444444,ALLY|ATLC|ENVA|EZPW|FCFS|LC|NAVI|OPRT|PRAA|WRLD,ALLY|ATLC|ENVA|EZPW|FCFS|NAVI|OPRT|PRAA|WRLD
RMBI,10,8,-4.81,-6.87,-1.44,0.0,-2.5,-3.9050000000000002,-2.3099999999999996,-2.965,1.5100000000000002,0.125,BBT|CATY|CHCO|CUBI|FFWM|FISI|FNWB|HTBK|INDB|SRCE,BBT|CATY|CHCO|CUBI|FISI|FNWB|INDB|SRCE
RMBS,10,10,16.72,11.54,-18.97,-3.13,3.5700000000000003,8.24,13.149999999999999,3.299999999999999,-9.669999999999998,1.0,AMD|AVGO|INTC|MCHP|MU|NVDA|NXPI|QCOM|SWKS|TXN,AMD|AVGO|INTC|MCHP|MU|NVDA|NXPI|QCOM|SWKS|TXN
RMCF,10,9,0.0,-27.35,-43.33,0.0,-2.94,-13.28,2.94,-14.070000000000002,-44.18,0.7777777777777778,FRPT|HAIN|HRL|HSY|JJSF|LIND|MDLZ|THC|THS|TR,FRPT|HAIN|HRL|HSY|JJSF|LIND|MDLZ|THC|TR
RMCO,10,9,0.38,-8.07,4.8,0.0,-2.76,-5.92,3.1399999999999997,-2.1500000000000004,15.04,0.7777777777777778,ALV|APTV|AXL|BWA|DORM|LEA|MGA|MOD|TEN|VC,ALV|APTV|BWA|DORM|LEA|MGA|MOD|TEN|VC
RMD,10,10,-2.33,-5.71,12.33,0.36,-0.23000000000000004,-7.984999999999999,-2.1,2.2749999999999995,14.005,0.3,BAX|BDX|COO|EW|HSIC|IART|TFX|VNT|XRAY|ZBH,BAX|BDX|COO|EW|HSIC|IART|TFX|VNT|XRAY|ZBH
RMMZ,0,0,-2.72,-7.37,-8.62,0.0,,,,,,,,
RMNI,10,10,-3.8,-17.47,1.9,0.0,-4.050000000000001,-4.3,0.2500000000000009,-13.169999999999998,-25.490000000000002,0.6,ACN|CTSH|DXC|EPAM|G|IBM|INFY|IT|LDOS|SAIC,ACN|CTSH|DXC|EPAM|G|IBM|INFY|IT|LDOS|SAIC
RMR,10,8,-0.53,-4.37,-9.17,0.0,-2.095,-9.865,1.5650000000000002,5.495,0.11000000000000121,0.875,AIV|AVB|CPT|ELS|EQR|ESS|MAA|SUI|UDR|VTR,AIV|CPT|ELS|ESS|MAA|SUI|UDR|VTR
RMSG,0,0,9.53,-14.99,-38.76,-5.33,,,,,,,,
RMTI,9,9,15.97,15.46,40.95,7.04,1.48,-9.26,14.49,24.72,47.2,1.0,AKBA|ARDX|ASND|CRIS|CRMD|FENC|OPK|PAVM|SGRY,AKBA|ARDX|ASND|CRIS|CRMD|FENC|OPK|PAVM|SGRY
RNA,10,8,-14.02,-41.29,-35.68,-1.32,-0.54,-2.975,-13.48,-38.315,-31.685,0.0,ALNY|ARWR|BLUE|EXEL|IONS|MRNA|NBIX|SGMO|SRPT|VRTX,ALNY|ARWR|EXEL|IONS|MRNA|NBIX|SRPT|VRTX
RNAC,10,9,-0.51,-21.77,-18.36,0.0,-0.99,-6.48,0.48,-15.29,-20.919999999999998,0.5555555555555556,ALNY|ARWR|BLUE|CRSP|EDIT|GILD|IONS|PBYI|SRPT|VRTX,ALNY|ARWR|CRSP|EDIT|GILD|IONS|PBYI|SRPT|VRTX
RNAZ,10,10,1.74,-30.83,-61.54,4.17,1.725,0.5700000000000001,0.014999999999999902,-31.4,-75.745,0.5,ALNY|AMGN|BIIB|GILD|INCY|ISRG|MRNA|NBIX|REGN|VRTX,ALNY|AMGN|BIIB|GILD|INCY|ISRG|MRNA|NBIX|REGN|VRTX
RNG,10,10,4.84,19.49,126.26,-1.05,0.21500000000000002,7.955,4.625,11.534999999999998,102.26,0.6,BAND|CSCO|EGHT|FIVN|LYFT|MSFT|TEAM|TWLO|UBER|ZM,BAND|CSCO|EGHT|FIVN|LYFT|MSFT|TEAM|TWLO|UBER|ZM
RNGR,10,10,-4.92,-2.25,3.16,0.0,-2.0549999999999997,-3.415,-2.865,1.165,0.6100000000000003,0.2,BKR|FET|HAL|HP|NBR|OIS|RES|SLB|TTI|WTTR,BKR|FET|HAL|HP|NBR|OIS|RES|SLB|TTI|WTTR
RNGT,0,0,-0.1,0.3,0.79,0.0,,,,,,,,
RNR,10,9,0.11,-0.19,6.04,0.0,-2.56,-5.37,2.67,5.18,8.41,1.0,ACGL|AFL|ALL|AWH|MKL|PGR|RLI|SIGI|TRV|WRB,ACGL|AFL|ALL|MKL|PGR|RLI|SIGI|TRV|WRB
RNST,10,9,-2.47,-3.63,-8.81,-0.45,-3.14,-5.59,0.6699999999999999,1.96,-3.4400000000000004,0.7777777777777778,COLB|FFIN|FHN|HOMB|PNFP|SHBI|SNV|TRMK|UBSI|WAFD,COLB|FFIN|FHN|HOMB|PNFP|SHBI|TRMK|UBSI|WAFD
RNTX,9,5,9.71,-3.71,-23.73,0.0,3.12,2.54,6.590000000000001,-6.25,-42.46,0.6,AGEN|BLUE|BPMC|CYCN|FATE|MRNA|RXRX|SGMO|SRPT,AGEN|FATE|MRNA|RXRX|SRPT
RNW,10,10,0.15,0.59,7.54,0.15,-4.05,-6.825,4.2,7.415,19.794999999999998,1.0,AEP|AES|D|DUK|ED|EXC|NEE|PCG|SRE|XEL,AEP|AES|D|DUK|ED|EXC|NEE|PCG|SRE|XEL
RNXT,9,7,5.16,30.4,71.04,0.0,-0.41,-9.62,5.57,40.019999999999996,86.43,1.0,ADVM|ALNY|ARWR|BLUE|CLLS|CRSP|EDIT|FATE|NTLA,ALNY|ARWR|CLLS|CRSP|EDIT|FATE|NTLA
ROAD,10,10,-1.71,-15.22,-26.07,-0.47,-1.7,-3.705,-0.010000000000000009,-11.515,-10.53,0.5,DY|FIX|FLR|J|KBR|MTZ|MYRG|PRIM|PWR|TPC,DY|FIX|FLR|J|KBR|MTZ|MYRG|PRIM|PWR|TPC
ROCK,10,10,-10.26,-13.03,-6.84,0.0,0.99,-7.515,-11.25,-5.515,5.93,0.0,AWI|BXC|CRH|CSL|JELD|LII|MAS|OC|SSD|TREX,AWI|BXC|CRH|CSL|JELD|LII|MAS|OC|SSD|TREX
ROG,10,9,5.88,11.1,-17.06,-0.62,0.43,-6.06,5.45,17.16,-11.95,0.8888888888888888,ASH|AVY|CBT|CC|CE|CF|EMN|ENTG|FUL|IPG,ASH|AVY|CBT|CC|CE|CF|EMN|ENTG|FUL
ROIV,10,10,-6.95,1.27,8.26,0.0,0.020000000000000004,-5.44,-6.97,6.710000000000001,3.1449999999999996,0.1,ALNY|BIIB|BMRN|CRSP|EDIT|INCY|IONS|NBIX|REGN|VRTX,ALNY|BIIB|BMRN|CRSP|EDIT|INCY|IONS|NBIX|REGN|VRTX
ROK,7,7,5.85,1.08,-9.46,0.27,3.75,-2.09,2.0999999999999996,3.17,-2.570000000000001,1.0,DOV|EMR|ETN|GE|HON|IEX|IR,DOV|EMR|ETN|GE|HON|IEX|IR
ROKU,10,10,-0.27,-3.82,14.05,0.11,-1.7349999999999999,-6.195,1.4649999999999999,2.3750000000000004,2.780000000000001,0.9,AAPL|AMZN|CMCSA|DIS|FOXA|GOOGL|NFLX|SONY|SPOT|T,AAPL|AMZN|CMCSA|DIS|FOXA|GOOGL|NFLX|SONY|SPOT|T
ROL,9,9,-3.18,-12.13,-25.35,-1.66,-1.52,-6.33,-1.6600000000000001,-5.800000000000001,-23.76,0.2222222222222222,ABM|CHE|CLH|ECL|HRB|SERV|TER|TNC|UNF,ABM|CHE|CLH|ECL|HRB|SERV|TER|TNC|UNF
ROLR,0,0,-3.84,-2.59,1.86,0.0,,,,,,,,
ROMA,10,10,-4.9,-0.17,12.77,0.0,-2.12,-3.91,-2.7800000000000002,3.74,8.344999999999999,0.2,AFCG|ARCC|GLAD|GSBD|HRZN|HTGC|MAIN|OXSQ|PNNT|PSEC,AFCG|ARCC|GLAD|GSBD|HRZN|HTGC|MAIN|OXSQ|PNNT|PSEC
ROOT,10,10,-4.82,-16.22,-7.47,3.38,-4.355,-7.380000000000001,-0.46499999999999986,-8.839999999999998,-3.33,0.4,AFG|ALL|CINF|ERIE|HIG|MCY|MKL|PGR|SIGI|TRV,AFG|ALL|CINF|ERIE|HIG|MCY|MKL|PGR|SIGI|TRV
ROP,10,10,-2.29,-11.42,10.16,-0.05,3.37,-1.165,-5.66,-10.254999999999999,9.195,0.0,DHR|EMR|ETN|GE|HON|IEX|IR|MMM|WAT|XYL,DHR|EMR|ETN|GE|HON|IEX|IR|MMM|WAT|XYL
ROST,10,9,1.96,-2.99,8.76,0.0,3.41,-2.32,-1.4500000000000002,-0.6700000000000004,12.91,0.3333333333333333,BURL|DG|DLTR|JWN|KSS|M|OLLI|TGT|TJX|WMT,BURL|DG|DLTR|KSS|M|OLLI|TGT|TJX|WMT
RPAY,10,10,0.0,-1.04,16.56,0.0,-2.8,-9.79,2.8,8.75,4.645,1.0,EEFT|EVTC|FIS|GPN|JKHY|MA|PYPL|V|WEX|XYZ,EEFT|EVTC|FIS|GPN|JKHY|MA|PYPL|V|WEX|XYZ
RPD,10,9,5.06,7.38,84.89,0.0,3.89,15.48,1.1699999999999995,-8.100000000000001,51.81,0.6666666666666666,CHKP|CRWD|CYBR|FTNT|OKTA|PANW|QLYS|TENB|VRNS|ZS,CHKP|CRWD|FTNT|OKTA|PANW|QLYS|TENB|VRNS|ZS
RPGL,0,0,-28.47,-46.67,-47.59,5.47,,,,,,,,
RPID,10,10,0.0,-33.13,-33.93,0.0,3.095,4.48,-3.095,-37.61,-54.94,0.1,A|BAX|BIO|DHR|ILMN|MRNA|MTD|PFE|TMO|WAT,A|BAX|BIO|DHR|ILMN|MRNA|MTD|PFE|TMO|WAT
RPM,10,10,0.28,-5.92,-8.79,0.0,0.925,-5.84,-0.645,-0.08000000000000007,-3.9899999999999984,0.3,APD|AVY|AXTA|ECL|EMN|FMC|IFF|LIN|PPG|SHW,APD|AVY|AXTA|ECL|EMN|FMC|IFF|LIN|PPG|SHW
RPRX,10,10,-1.4,-6.0,6.21,0.0,-0.09,0.03,-1.3099999999999998,-6.03,-1.2749999999999995,0.3,ALNY|BIIB|DKNG|EXEL|GILD|INCY|MDGL|NBIX|REGN|VRTX,ALNY|BIIB|DKNG|EXEL|GILD|INCY|MDGL|NBIX|REGN|VRTX
RPT,10,10,-5.28,-15.43,-22.87,0.0,-2.745,-9.285,-2.535,-6.145,-10.71,0.2,ACRE|ARI|BXMT|CHMI|LADR|NLY|PMT|RC|RWT|STWD,ACRE|ARI|BXMT|CHMI|LADR|NLY|PMT|RC|RWT|STWD
RR,10,8,-5.28,-17.78,-14.3,-1.84,-0.325,-7.140000000000001,-4.955,-10.64,-9.535,0.25,BWEN|HURC|IVAC|JCSE|KRNT|LASE|OPTT|SYM|TPIC|XMTR,BWEN|HURC|JCSE|KRNT|LASE|OPTT|SYM|XMTR
RRBI,10,10,-1.17,-0.75,9.97,0.0,-3.12,-4.665,1.9500000000000002,3.915,13.5,0.8,BOH|CFR|FHB|GABC|HOMB|IBCP|ONB|PNFP|SFBS|TCBI,BOH|CFR|FHB|GABC|HOMB|IBCP|ONB|PNFP|SFBS|TCBI
RRC,9,7,-0.21,-6.01,6.75,0.0,-0.25,-5.84,0.04000000000000001,-0.16999999999999993,3.36,0.5714285714285714,APA|AR|DVN|EQT|EXE|FANG|HES|MRO|OXY,APA|AR|DVN|EQT|EXE|FANG|OXY
RRGB,10,10,5.75,-23.69,16.77,0.0,2.735,-11.620000000000001,3.015,-12.07,16.405,0.9,BJRI|CAKE|DRI|EAT|JACK|MCD|QSR|SHAK|WEN|YUM,BJRI|CAKE|DRI|EAT|JACK|MCD|QSR|SHAK|WEN|YUM
RRR,10,9,-2.65,-13.95,-19.16,0.96,-2.65,-13.69,0.0,-0.2599999999999998,-1.7100000000000009,0.4444444444444444,BALY|BYD|CHDN|CZR|FLL|GDEN|LVS|MGM|PENN|WYNN,BALY|BYD|CHDN|CZR|FLL|LVS|MGM|PENN|WYNN
RRX,10,10,2.3,-6.68,-33.38,-0.7,4.795,-1.165,-2.495,-5.515,-25.205000000000002,0.3,AME|DOV|EMR|ETN|HON|IR|ITW|NPO|PNR|ROK,AME|DOV|EMR|ETN|HON|IR|ITW|NPO|PNR|ROK
RS,10,8,-2.45,0.56,-3.08,0.0,-2.955,0.58,0.5049999999999999,-0.019999999999999907,-10.78,0.5,ATI|CLF|CMC|GGB|MT|NUE|STLD|TX|X|ZEUS,ATI|CLF|CMC|GGB|MT|NUE|STLD|TX
RSF,0,0,0.18,-1.34,-1.95,0.0,,,,,,,,
RSG,8,7,-2.6,-3.5,-0.13,0.06,-2.15,-6.02,-0.4500000000000002,2.5199999999999996,6.29,0.42857142857142855,CLH|CWST|DAR|GFL|ROL|SRCL|WCN|WM,CLH|CWST|DAR|GFL|ROL|WCN|WM
RSI,10,9,-17.7,-20.23,-31.55,1.07,-3.66,-13.69,-14.04,-6.540000000000001,-15.99,0.0,BALY|BYD|CHDN|CZR|DKNG|GDEN|LVS|MGM|PENN|WYNN,BALY|BYD|CHDN|CZR|DKNG|LVS|MGM|PENN|WYNN
RSKD,10,10,13.47,20.54,45.82,0.28,-2.77,-8.425,16.240000000000002,28.965,22.315,1.0,ADBE|BILL|CRM|DOCU|INTU|MA|PYPL|SHOP|V|XYZ,ADBE|BILL|CRM|DOCU|INTU|MA|PYPL|SHOP|V|XYZ
RSSS,10,8,2.91,-4.07,-5.78,0.0,-1.985,-7.295,4.8950000000000005,3.2249999999999996,-9.145,1.0,DNB|ELV|FWONA|MORN|MSCI|RELX|SPGI|TRU|VRSK|WTO,ELV|FWONA|MORN|MSCI|RELX|SPGI|TRU|VRSK
RSVR,10,10,1.16,-2.45,-6.37,0.0,-1.8399999999999999,-5.005,3.0,2.5549999999999997,-8.475,0.9,AAPL|CMCSA|GOOGL|LYV|MSFT|SIRI|SONY|SPOT|TME|WMG,AAPL|CMCSA|GOOGL|LYV|MSFT|SIRI|SONY|SPOT|TME|WMG
RTAC,0,0,0.19,-0.19,0.19,0.0,,,,,,,,
RTO,10,10,-3.08,-11.47,-27.07,-1.59,-1.26,-4.76,-1.82,-6.710000000000001,-23.795,0.2,AWK|CINT|CLH|GFL|ROL|RSG|SERV|TISI|WCN|WM,AWK|CINT|CLH|GFL|ROL|RSG|SERV|TISI|WCN|WM
RTX,10,9,-0.64,-8.55,3.06,0.06,-2.2,-6.31,1.56,-2.240000000000001,11.64,0.6666666666666666,BA|GD|HII|HON|LHX|LMT|NOC|SPR|TDG|TXT,BA|GD|HII|HON|LHX|LMT|NOC|TDG|TXT
RUBI,0,0,-23.78,-38.76,-81.76,-5.22,,,,,,,,
RUM,10,10,-7.76,-19.85,31.41,-0.85,-1.145,-6.03,-6.615,-13.82,16.925,0.1,FUBO|GOOGL|META|NFLX|PINS|RBLX|ROKU|SNAP|SPOT|UPXI,FUBO|GOOGL|META|NFLX|PINS|RBLX|ROKU|SNAP|SPOT|UPXI
RUN,9,7,-5.1,-9.9,-39.12,-0.84,-5.08,-11.43,-0.019999999999999574,1.5299999999999994,-9.659999999999997,0.42857142857142855,AY|CSIQ|ENPH|FSLR|JKS|NEE|NOVA|ORA|SEDG,CSIQ|ENPH|FSLR|JKS|NEE|ORA|SEDG
RUSHA,10,10,-3.3,-6.55,-1.62,0.0,-0.8300000000000001,-8.125,-2.4699999999999998,1.5750000000000002,10.91,0.3,CMI|JBHT|KNX|OSK|PCAR|R|SAIA|SNDR|TTC|WERN,CMI|JBHT|KNX|OSK|PCAR|R|SAIA|SNDR|TTC|WERN
RVLV,10,10,0.53,-13.52,-9.68,0.0,-1.11,-10.305,1.6400000000000001,-3.215,-17.04,0.6,AMZN|BABA|CHWY|ETSY|JD|MELI|PDD|REAL|SFIX|SHOP,AMZN|BABA|CHWY|ETSY|JD|MELI|PDD|REAL|SFIX|SHOP
RVMD,10,10,-3.52,-10.11,6.64,-0.39,3.0,0.5700000000000001,-6.52,-10.68,-10.395,0.0,AMGN|BIIB|BMY|EXEL|GILD|ILMN|MRNA|PFE|REGN|VRTX,AMGN|BIIB|BMY|EXEL|GILD|ILMN|MRNA|PFE|REGN|VRTX
RVP,10,9,2.17,-4.83,-3.51,0.0,0.33,-9.37,1.8399999999999999,4.539999999999999,-4.1899999999999995,0.8888888888888888,ABT|BDX|BSX|EW|HOLX|PEN|STE|SYK|TMO|ZBH,ABT|BDX|BSX|EW|PEN|STE|SYK|TMO|ZBH
RVSB,10,10,5.16,14.31,4.6,0.0,-2.9450000000000003,-5.0600000000000005,8.105,19.37,7.52,1.0,BANF|BOH|CAC|CHCO|CVBF|GBCI|HOPE|PCB|SFBS|WSBC,BANF|BOH|CAC|CHCO|CVBF|GBCI|HOPE|PCB|SFBS|WSBC
RVSN,10,10,6.84,-28.44,-16.29,0.0,-0.45499999999999996,-6.275,7.295,-22.165,-15.86,1.0,CNI|CP|CSX|GBX|JBHT|NSC|RAIL|TRN|UNP|WAB,CNI|CP|CSX|GBX|JBHT|NSC|RAIL|TRN|UNP|WAB
RVTY,8,8,-3.36,13.59,24.9,-0.22,2.8600000000000003,5.48,-6.220000000000001,8.11,3.8900000000000006,0.125,A|BIO|BRKR|DHR|ILMN|MTD|TMO|WAT,A|BIO|BRKR|DHR|ILMN|MTD|TMO|WAT
RWAY,10,10,2.59,2.59,27.65,0.0,-1.585,-3.91,4.175,6.5,21.235,1.0,ARCC|FDUS|GAIN|GSBD|HTGC|MAIN|PNNT|PSEC|TCPC|TPVG,ARCC|FDUS|GAIN|GSBD|HTGC|MAIN|PNNT|PSEC|TCPC|TPVG
RWT,10,9,-4.57,-20.34,-20.51,1.08,-1.57,-9.09,-3.0,-11.25,-7.240000000000002,0.1111111111111111,AGNC|ARR|CIM|DX|HTGC|IVR|MFA|NLY|ORC|TWO,AGNC|ARR|CIM|DX|HTGC|IVR|MFA|NLY|ORC
RXO,10,10,-1.79,-8.34,-26.43,-0.45,-1.835,-7.8149999999999995,0.04499999999999993,-0.5250000000000004,-12.715,0.5,CHRW|EXPD|FDX|JBHT|KNX|LSTR|MRTN|SAIA|SNDR|UPS,CHRW|EXPD|FDX|JBHT|KNX|LSTR|MRTN|SAIA|SNDR|UPS
RXRX,10,10,3.12,2.54,9.29,-1.34,-2.585,-9.469999999999999,5.705,12.009999999999998,16.755,1.0,ABCL|BEAM|CRSP|DNLI|EDIT|NBIX|NTLA|RGNX|SDGR|VRTX,ABCL|BEAM|CRSP|DNLI|EDIT|NBIX|NTLA|RGNX|SDGR|VRTX
RXST,10,10,-10.19,-22.52,-8.66,0.0,-1.03,-10.59,-9.16,-11.93,-5.165,0.0,ALGN|BAX|BSX|EW|ICUI|MDT|STAA|SYK|TFX|XRAY,ALGN|BAX|BSX|EW|ICUI|MDT|STAA|SYK|TFX|XRAY
RXT,10,10,2.81,18.53,-36.64,-0.49,-2.935,-1.45,5.745,19.98,-56.06,1.0,ACN|AMZN|CSCO|DELL|GOOGL|HPE|IBM|MSFT|NTNX|ORCL,ACN|AMZN|CSCO|DELL|GOOGL|HPE|IBM|MSFT|NTNX|ORCL
RY,10,9,-1.4,-2.24,-1.34,0.0,-2.81,-6.12,1.4100000000000001,3.88,2.9400000000000004,0.8888888888888888,BAC|BK|C|GS|JPM|MS|PNC|TD|USB|WFC,BAC|C|GS|JPM|MS|PNC|TD|USB|WFC
RYAAY,9,8,0.24,-6.37,-16.43,-1.94,1.505,-5.91,-1.265,-0.45999999999999996,6.609999999999999,0.375,AAL|ALGT|ALK|DAL|JBLU|LUV|SAVE|SKYW|UAL,AAL|ALGT|ALK|DAL|JBLU|LUV|SKYW|UAL
RYAM,10,9,10.65,9.72,14.39,0.0,2.29,-4.51,8.36,14.23,16.13,1.0,BDC|CLW|DOW|GLT|IP|MYE|NOV|PKG|SON|WMS,BDC|CLW|DOW|IP|MYE|NOV|PKG|SON|WMS
RYAN,10,10,-10.23,-18.43,2.52,0.0,-3.91,-10.48,-6.32,-7.949999999999999,3.825,0.0,AJG|AON|BRO|CNA|EHTH|HIG|L|MRSH|PGR|TRV,AJG|AON|BRO|CNA|EHTH|HIG|L|MRSH|PGR|TRV
RYDE,10,10,14.4,9.59,21.21,3.9,-3.71,-15.16,18.11,24.75,17.275000000000002,0.9,ABNB|BKKT|BKNG|DASH|EXPE|GRAB|HOOD|LYFT|RIVN|UBER,ABNB|BKKT|BKNG|DASH|EXPE|GRAB|HOOD|LYFT|RIVN|UBER
RYET,0,0,11.99,-15.47,-19.69,0.0,,,,,,,,
RYM,10,10,10.23,0.22,-7.22,0.0,4.08,-2.19,6.15,2.41,-22.525,1.0,ACB|CGC|CRON|GRWG|HYFM|OGI|SMG|SNDL|TLRY|VFF,ACB|CGC|CRON|GRWG|HYFM|OGI|SMG|SNDL|TLRY|VFF
RYN,10,9,-0.9,-6.41,-8.39,0.0,-0.28,-8.52,-0.62,2.1099999999999994,6.25,0.4444444444444444,BCPC|BLDR|GPK|GVA|LPX|PCH|PKG|SLGN|UFPI|WY,BCPC|BLDR|GPK|GVA|LPX|PKG|SLGN|UFPI|WY
RYOJ,0,0,2.77,-21.23,64.16,0.0,,,,,,,,
RYTM,10,10,0.23,-11.84,-8.66,0.0,-0.915,-6.67,1.145,-5.17,-12.905000000000001,0.9,LLY|MRK|NBIX|NVO|PFE|SNY|TAK|VRTX|VTRS|XENE,LLY|MRK|NBIX|NVO|PFE|SNY|TAK|VRTX|VTRS|XENE
RZLT,9,6,0.5,-20.16,-20.48,0.0,-1.4949999999999999,-5.555,1.9949999999999999,-14.605,-10.27,0.6666666666666666,ASND|IMTX|KRYS|LGND|RAPT|RKDA|SVRA|SWTX|UBX,ASND|IMTX|KRYS|LGND|RKDA|SVRA
RZLV,10,10,0.04,-23.28,-9.88,-0.39,-2.735,-1.45,2.775,-21.830000000000002,-42.225,0.8,ADBE|CRM|GOOGL|IBM|INTU|MSFT|NOW|ORCL|SAP|WDAY,ADBE|CRM|GOOGL|IBM|INTU|MSFT|NOW|ORCL|SAP|WDAY
S,10,9,2.93,17.53,59.56,-0.95,3.89,15.48,-0.96,2.0500000000000007,26.480000000000004,0.2222222222222222,CHKP|CRWD|CYBR|FTNT|OKTA|PANW|QLYS|TENB|VRNS|ZS,CHKP|CRWD|FTNT|OKTA|PANW|QLYS|TENB|VRNS|ZS
SA,10,10,6.7,-5.54,26.06,0.0,-3.865,-12.22,10.565000000000001,6.680000000000001,12.059999999999999,1.0,AEM|AGI|B|BVN|CDE|EXK|KGC|NEM|PAAS|SSRM,AEM|AGI|B|BVN|CDE|EXK|KGC|NEM|PAAS|SSRM
SABR,10,10,-5.6,-3.1,17.11,0.0,-2.9850000000000003,-12.719999999999999,-2.6149999999999993,9.62,26.755,0.4,ABNB|BKNG|BYD|CHH|EXPE|H|HLT|MAR|TCOM|TRIP,ABNB|BKNG|BYD|CHH|EXPE|H|HLT|MAR|TCOM|TRIP
SABS,10,9,0.0,-6.35,-11.72,0.0,-1.37,-5.58,1.37,-0.7699999999999996,-16.19,0.8888888888888888,AFMD|ALLO|FATE|GILD|IONS|KOD|NKTR|ONC|PBYI|TGTX,ALLO|FATE|GILD|IONS|KOD|NKTR|ONC|PBYI|TGTX
SACH,10,9,-3.66,5.01,-1.78,0.0,-2.95,-9.09,-0.71,14.1,11.200000000000001,0.4444444444444444,ABR|AGNC|ARI|BXMT|CIM|LADR|NLY|RC|STWD|TWO,ABR|AGNC|ARI|BXMT|CIM|LADR|NLY|RC|STWD
SAFE,10,9,-6.58,-16.87,-17.98,0.0,-1.9,-8.49,-4.68,-8.38,-7.860000000000001,0.0,ADC|CUBE|EPR|EXR|FCPT|NNN|NSA|O|PSA|WPC,ADC|CUBE|EPR|EXR|FCPT|NNN|O|PSA|WPC
SAFT,10,10,-0.04,-0.23,40.7,0.0,-5.055,-6.04,5.015,5.81,42.325,1.0,AFG|ALL|CINF|HRTG|KMPR|PGR|RLI|SIGI|TRV|WRB,AFG|ALL|CINF|HRTG|KMPR|PGR|RLI|SIGI|TRV|WRB
SAFX,0,0,-6.52,21.5,-17.81,1.11,,,,,,,,
SAGT,0,0,8.08,0.0,-56.32,2.95,,,,,,,,
SAH,9,9,-14.2,-17.19,-25.41,0.0,-3.41,-15.42,-10.79,-1.7700000000000014,-21.59,0.1111111111111111,ABG|AN|CVNA|CWH|GPI|KMX|LAD|PAG|RUSHA,ABG|AN|CVNA|CWH|GPI|KMX|LAD|PAG|RUSHA
SAIA,10,10,0.09,-1.63,-19.74,0.0,-0.91,-7.5,1.0,5.87,-6.024999999999999,0.6,ARCB|HTLD|JBHT|KNX|LSTR|ODFL|SNDR|TFII|WERN|XPO,ARCB|HTLD|JBHT|KNX|LSTR|ODFL|SNDR|TFII|WERN|XPO
SAIC,10,10,0.26,4.82,22.58,0.0,-3.335,-5.5,3.5949999999999998,10.32,21.33,0.8,BA|BAH|CACI|GD|HON|LDOS|LHX|LMT|MMS|NOC,BA|BAH|CACI|GD|HON|LDOS|LHX|LMT|MMS|NOC
SAIH,10,8,12.52,23.92,149.08,0.0,9.465,10.465,3.0549999999999997,13.455000000000002,161.32000000000002,0.75,APLD|ARBK|BITF|BTBT|CAN|CLSK|HUT|MARA|RIOT|SDIG,APLD|ARBK|BTBT|CAN|CLSK|HUT|MARA|RIOT
SAIL,0,0,4.9,18.52,66.9,-1.07,,,,,,,,
SAM,10,10,-1.5,-11.48,-8.29,0.0,-1.03,-6.755,-0.47,-4.7250000000000005,-4.674999999999999,0.4,ABEV|BF-B|BUD|CCU|DEO|EPC|KDP|NWL|STZ|TAP,ABEV|BF-B|BUD|CCU|DEO|EPC|KDP|NWL|STZ|TAP
SAMG,10,9,2.76,-1.91,-4.66,0.4,-1.33,-6.85,4.09,4.9399999999999995,-10.82,1.0,AMP|BEN|BLK|IVZ|JHG|MS|NTRS|PFG|STT|TROW,AMP|BEN|BLK|IVZ|MS|NTRS|PFG|STT|TROW
SAN,10,10,-4.05,-2.8,6.28,0.14,-0.9550000000000001,0.05500000000000005,-3.0949999999999998,-2.855,-3.2350000000000003,0.1,BAP|BBD|BBVA|BCH|BSAC|BSBR|GGAL|ITUB|SHG|WF,BAP|BBD|BBVA|BCH|BSAC|BSBR|GGAL|ITUB|SHG|WF
SANA,10,9,0.0,-24.39,-4.91,0.65,-1.74,-17.76,1.74,-6.629999999999999,13.559999999999999,0.7777777777777778,BEAM|CABA|CRBU|EDIT|MGTX|NTLA|PGEN|PRME|TSHA|VERV,BEAM|CABA|CRBU|EDIT|MGTX|NTLA|PGEN|PRME|TSHA
SANG,9,9,-2.42,-11.43,-5.24,0.0,-2.33,3.81,-0.08999999999999986,-15.24,-16.880000000000003,0.3333333333333333,BAND|CALX|CAMP|CASS|EGHT|FIVN|NBIX|OOMA|RNG,BAND|CALX|CAMP|CASS|EGHT|FIVN|NBIX|OOMA|RNG
SANM,10,10,11.19,14.07,-14.02,-1.75,2.6100000000000003,4.385,8.579999999999998,9.685,6.364999999999998,1.0,APH|AVT|CLS|FLEX|IPGP|JBL|MRCY|PENG|TEL|TTMI,APH|AVT|CLS|FLEX|IPGP|JBL|MRCY|PENG|TEL|TTMI
SAP,10,10,-2.56,-4.03,40.62,-1.15,-2.735,-1.45,0.17499999999999982,-2.58,22.559999999999995,0.7,ADBE|AMZN|CRM|CSCO|IBM|INTU|MSFT|NOW|ORCL|WDAY,ADBE|AMZN|CRM|CSCO|IBM|INTU|MSFT|NOW|ORCL|WDAY
SAR,10,10,-0.74,-5.57,-21.0,0.0,-1.77,-3.91,1.03,-1.6600000000000001,-27.5,0.8,ARCC|CGBD|FSK|GSBD|HTGC|MAIN|PFLT|PNNT|SLRC|TCPC,ARCC|CGBD|FSK|GSBD|HTGC|MAIN|PFLT|PNNT|SLRC|TCPC
SARO,0,0,0.13,-9.58,-18.78,-0.04,,,,,,,,
SATL,10,8,-1.81,1.03,18.12,-1.81,-3.44,-4.154999999999999,1.63,5.185,21.895000000000003,0.625,ASTS|BWXT|GSAT|IRDM|LLAP|PL|RDW|SATS|SPIR|VSAT,ASTS|BWXT|GSAT|IRDM|PL|RDW|SPIR|VSAT
SB,10,10,-8.44,-5.17,25.0,-1.43,-3.625,-2.17,-4.8149999999999995,-3.0,14.64,0.0,ASC|CCEC|CMRE|DSX|GNK|GOGL|KNOP|NMM|SBLK|SHIP,ASC|CCEC|CMRE|DSX|GNK|GOGL|KNOP|NMM|SBLK|SHIP
SBAC,9,8,-5.27,-7.86,-8.05,0.0,-2.68,-5.3,-2.5899999999999994,-2.5600000000000005,-1.0900000000000007,0.125,AMT|CCI|CNSL|DLR|EQIX|HASI|IRDM|LUMN|UNIT,AMT|CCI|DLR|EQIX|HASI|IRDM|LUMN|UNIT
SBC,0,0,8.26,16.87,57.98,0.0,,,,,,,,
SBCF,10,9,-4.14,-5.59,0.5,0.0,-3.06,-3.86,-1.0799999999999996,-1.73,3.77,0.1111111111111111,ASB|BANC|BANF|CUBI|FFWM|FULT|HOPE|OPBK|TCBK|TRST,ASB|BANC|BANF|CUBI|FULT|HOPE|OPBK|TCBK|TRST
SBET,10,9,17.29,16.03,112.46,-1.24,-4.06,-13.69,21.349999999999998,29.72,127.8,1.0,AGYS|BALY|CHDN|CZR|DKNG|GAN|LVS|MGM|PENN|RSI,AGYS|BALY|CHDN|CZR|DKNG|LVS|MGM|PENN|RSI
SBFG,10,10,2.73,8.11,26.5,0.0,-3.0599999999999996,-6.66,5.789999999999999,14.77,31.82,1.0,CFR|CUBI|FBK|FITB|FNB|FULT|HBAN|KEY|ONB|PNC,CFR|CUBI|FBK|FITB|FNB|FULT|HBAN|KEY|ONB|PNC
SBFM,10,10,7.72,-20.53,-57.66,3.45,0.020000000000000004,0.03,7.7,-20.560000000000002,-68.24,1.0,ALNY|AMGN|BIIB|EXEL|GILD|INCY|MDGL|NBIX|REGN|VRTX,ALNY|AMGN|BIIB|EXEL|GILD|INCY|MDGL|NBIX|REGN|VRTX
SBGI,10,9,-8.27,-11.3,-8.27,0.0,-1.57,-9.41,-6.699999999999999,-1.8900000000000006,-11.86,0.1111111111111111,AMCX|CHTR|CMCSA|FOXA|FWONA|GTN|NXST|SIRI|SSP|TGNA,AMCX|CHTR|CMCSA|FOXA|FWONA|GTN|NXST|SIRI|SSP
SBH,10,10,4.62,0.24,16.97,0.0,-0.035,-6.09,4.655,6.33,7.674999999999999,0.9,COTY|DOCU|EL|EPC|HELE|HLF|LFVN|MED|SAH|ULTA,COTY|DOCU|EL|EPC|HELE|HLF|LFVN|MED|SAH|ULTA
SBLK,10,10,-4.04,-2.06,20.29,0.23,-3.73,-2.165,-0.31000000000000005,0.10499999999999998,-2.400000000000002,0.4,CMRE|DAC|DSX|ESEA|GNK|GOGL|NMM|SB|SFL|SHIP,CMRE|DAC|DSX|ESEA|GNK|GOGL|NMM|SB|SFL|SHIP
SBR,10,9,-0.65,-0.58,0.91,0.0,-1.37,-1.17,0.7200000000000001,0.59,-1.9099999999999997,0.7777777777777778,BSM|CRT|DMLP|KRP|MTR|MVO|PBT|PVL|SJT|VOC,BSM|CRT|DMLP|KRP|MTR|PBT|PVL|SJT|VOC
SBRA,10,8,-1.99,-3.81,3.14,0.0,-1.495,-5.965,-0.4949999999999999,2.155,5.9,0.375,DOC|HCP|HR|LTC|MPW|NHI|OHI|UHT|VTR|WELL,DOC|HR|LTC|NHI|OHI|UHT|VTR|WELL
SBS,10,10,-2.08,11.66,-6.51,0.0,-3.32,-6.13,1.2399999999999998,17.79,-8.434999999999999,0.6,ARTNA|AWK|AWR|CWCO|CWT|GDC|HTO|MSEX|WTRG|YORW,ARTNA|AWK|AWR|CWCO|CWT|GDC|HTO|MSEX|WTRG|YORW
SBSI,10,8,-3.12,-4.21,-12.01,0.0,-3.5949999999999998,-5.4350000000000005,0.47499999999999964,1.2250000000000005,-4.7299999999999995,0.5,BOH|CFR|FFIN|HOMB|HTLF|IBTX|PB|SFNC|TCBI|WTFC,BOH|CFR|FFIN|HOMB|PB|SFNC|TCBI|WTFC
SBSW,10,10,-12.86,-16.2,19.32,-0.47,-3.865,-12.805,-8.995,-3.3949999999999996,-4.174999999999997,0.0,AEM|AU|B|FNV|HL|KGC|NEM|PAAS|RGLD|WPM,AEM|AU|B|FNV|HL|KGC|NEM|PAAS|RGLD|WPM
SBUX,10,10,-2.66,-11.02,-8.78,-0.04,-0.86,-12.535,-1.8000000000000003,1.5150000000000006,-4.2299999999999995,0.2,CAKE|CMG|DPZ|DRI|MCD|PZZA|QSR|TXRH|WEN|YUM,CAKE|CMG|DPZ|DRI|MCD|PZZA|QSR|TXRH|WEN|YUM
SBXD,0,0,3.86,0.8,4.44,0.0,,,,,,,,
SCAG,0,0,0.95,-11.53,-61.35,4.84,,,,,,,,
SCCO,10,10,1.47,-9.42,15.26,-1.46,-3.315,-11.27,4.785,1.8499999999999996,1.2149999999999999,0.9,AG|BHP|CDE|FCX|HL|NEM|RIO|SVM|TGB|VALE,AG|BHP|CDE|FCX|HL|NEM|RIO|SVM|TGB|VALE
SCHL,10,9,1.0,-12.26,-17.56,0.0,0.14,-7.69,0.86,-4.569999999999999,-10.159999999999998,0.6666666666666666,APEI|ATGE|CHGG|COUR|EDU|GHC|LAUR|LRN|NERV|PSO,APEI|CHGG|COUR|EDU|GHC|LAUR|LRN|NERV|PSO
SCHW,10,9,-5.02,-11.48,11.11,-0.12,-3.38,-8.75,-1.6399999999999997,-2.7300000000000004,14.639999999999999,0.2222222222222222,AMP|BAC|BK|C|GS|JPM|MS|NTRS|RJF|WFC,AMP|BAC|C|GS|JPM|MS|NTRS|RJF|WFC
SCI,10,8,-3.52,-7.57,5.15,0.0,-1.45,-1.8649999999999998,-2.0700000000000003,-5.705,13.98,0.0,CSV|CTBI|CVI|EVRI|HASI|MATW|NPO|PRAA|PRSU|RMAX,CSV|CTBI|CVI|HASI|MATW|NPO|PRAA|PRSU
SCKT,10,10,2.7,-19.84,-17.92,0.0,3.39,2.12,-0.69,-21.96,1.2449999999999974,0.5,CRUS|DIOD|HIMX|MTSI|MVIS|OLED|ON|PLAB|QRVO|SYNA,CRUS|DIOD|HIMX|MTSI|MVIS|OLED|ON|PLAB|QRVO|SYNA
SCL,10,10,5.04,4.36,17.84,0.0,0.04,-7.935,5.0,12.295,22.915,1.0,ALB|ASH|AVNT|AXTA|CE|DD|ECL|EMN|FMC|FUL,ALB|ASH|AVNT|AXTA|CE|DD|ECL|EMN|FMC|FUL
SCLX,9,9,-1.35,-9.89,-25.66,0.0,1.56,-1.47,-2.91,-8.42,-40.5,0.2222222222222222,ABBV|AMPH|BHC|MRK|NBIX|PFE|PRGO|RDY|TEVA,ABBV|AMPH|BHC|MRK|NBIX|PFE|PRGO|RDY|TEVA
SCM,10,10,0.51,-11.15,-1.76,0.0,-1.585,-3.91,2.0949999999999998,-7.24,-7.66,0.8,ARCC|FDUS|GAIN|GSBD|HTGC|MAIN|NMFC|PSEC|SLRC|TCPC,ARCC|FDUS|GAIN|GSBD|HTGC|MAIN|NMFC|PSEC|SLRC|TCPC
SCNI,10,10,13.58,-36.11,-27.84,-7.07,0.99,-1.4849999999999999,12.59,-34.625,-44.875,1.0,AMGN|BMY|BNTX|GILD|JNJ|MRNA|NVAX|PFE|REGN|VRTX,AMGN|BMY|BNTX|GILD|JNJ|MRNA|NVAX|PFE|REGN|VRTX
SCNX,10,9,-7.41,-29.82,-20.63,0.1,-0.77,-5.74,-6.640000000000001,-24.08,-14.889999999999999,0.0,AHCO|CAH|COR|CVS|EHTH|HCSG|HSIC|MCK|OPRT|WBA,AHCO|CAH|COR|CVS|EHTH|HCSG|HSIC|MCK|OPRT
SCOR,10,10,-4.26,1.86,-28.46,0.0,-0.535,-5.574999999999999,-3.7249999999999996,7.435,-37.215,0.2,ACIW|APPS|EVLV|FLNT|FUBO|MGNI|PERI|PUBM|ROKU|TTD,ACIW|APPS|EVLV|FLNT|FUBO|MGNI|PERI|PUBM|ROKU|TTD
SCSC,10,10,3.11,8.05,17.65,0.0,3.4250000000000003,5.89,-0.3150000000000004,2.160000000000001,14.089999999999998,0.5,ARW|AVT|CDW|GLW|HSIC|IT|NSIT|PLXS|SNX|SYNX,ARW|AVT|CDW|GLW|HSIC|IT|NSIT|PLXS|SNX|SYNX
SCWO,10,10,-5.54,29.54,55.05,0.0,-3.32,-7.265000000000001,-2.22,36.805,54.57,0.1,ARTNA|AWK|AWR|CWCO|CWT|MSEX|PNR|WTRG|XYL|YORW,ARTNA|AWK|AWR|CWCO|CWT|MSEX|PNR|WTRG|XYL|YORW
SCYX,10,10,12.77,-11.88,19.77,0.0,0.0,-3.035,12.77,-8.845,9.19,1.0,ABBV|BMY|GILD|GSK|JNJ|LLY|MRK|PFE|REGN|VRTX,ABBV|BMY|GILD|GSK|JNJ|LLY|MRK|PFE|REGN|VRTX
SD,10,8,-2.3,0.29,2.11,0.0,-2.4050000000000002,-2.015,0.10500000000000043,2.305,-11.755,0.5,APA|COP|DVN|EOG|EXE|FANG|HES|MRO|OXY|SM,APA|COP|DVN|EOG|EXE|FANG|OXY|SM
SDA,10,9,-16.4,-43.24,-45.21,-7.69,-5.61,-10.32,-10.79,-32.92,-24.2,0.0,BEEM|BLNK|CHPT|EVGO|PLUG|QS|RIVN|SBLX|TE|WBX,BEEM|BLNK|CHPT|EVGO|PLUG|QS|RIVN|TE|WBX
SDGR,10,9,-4.76,44.07,78.44,-1.47,-0.09,-2.61,-4.67,46.68,69.92999999999999,0.2222222222222222,BIIB|BMRN|EXEL|GILD|INCY|IONS|NBIX|REGN|SAGE|VRTX,BIIB|BMRN|EXEL|GILD|INCY|IONS|NBIX|REGN|VRTX
SDHC,10,9,-0.1,-16.91,-28.03,0.0,-0.16,-8.58,0.06,-8.33,-11.290000000000003,0.5555555555555556,BZH|DHI|HOV|KBH|LEN|MTH|NVR|PHM|TMHC|TOL,BZH|DHI|HOV|KBH|LEN|MTH|NVR|PHM|TOL
SDHI,0,0,0.0,0.19,1.06,0.0,,,,,,,,
SDHY,0,0,-0.78,-4.87,-5.93,0.0,,,,,,,,
SDOT,10,10,-8.38,-31.8,80.42,0.54,-4.78,-3.9749999999999996,-3.6000000000000005,-27.825000000000003,76.21000000000001,0.2,ADM|AGRO|BG|CARG|CF|FMC|INGR|MOS|NTR|SMG,ADM|AGRO|BG|CARG|CF|FMC|INGR|MOS|NTR|SMG
SDRL,9,9,-2.95,-0.71,23.16,0.0,-1.94,-4.41,-1.0100000000000002,3.7,5.710000000000001,0.3333333333333333,CVX|HAL|HP|NBR|NE|OII|RIG|TDW|XOM,CVX|HAL|HP|NBR|NE|OII|RIG|TDW|XOM
SDST,10,10,-52.62,-70.65,-92.36,3.03,-4.17,-7.445,-48.449999999999996,-63.205000000000005,-79.875,0.0,AEP|D|DUK|ED|ES|ETR|NEE|PEG|SO|XEL,AEP|D|DUK|ED|ES|ETR|NEE|PEG|SO|XEL
SE,10,10,0.34,-17.51,14.16,-1.63,0.35500000000000004,-7.289999999999999,-0.015000000000000013,-10.220000000000002,6.8,0.5,AMZN|BABA|BIDU|EBAY|ETSY|JD|MELI|PDD|SHOP|TME,AMZN|BABA|BIDU|EBAY|ETSY|JD|MELI|PDD|SHOP|TME
SEAT,10,9,-8.88,-44.29,-47.44,0.0,-1.89,-7.09,-6.990000000000001,-37.2,-51.04,0.0,CMCSA|DIS|EB|IQ|LYV|NFLX|ROKU|SPOT|TME|WMG,CMCSA|DIS|IQ|LYV|NFLX|ROKU|SPOT|TME|WMG
SEB,10,9,-8.11,-6.07,-16.82,0.0,-2.94,-9.74,-5.17,3.67,-15.33,0.0,BRFS|CAG|CALM|HRL|KHC|MDLZ|PPC|SYY|TSN|USFD,CAG|CALM|HRL|KHC|MDLZ|PPC|SYY|TSN|USFD
SEDG,10,8,-7.94,10.91,-36.12,-0.63,-5.06,-13.84,-2.880000000000001,24.75,-6.2549999999999955,0.25,ARRY|CSIQ|DQ|ENPH|FSLR|JKS|MAXN|NOVA|RUN|SHLS,ARRY|CSIQ|DQ|ENPH|FSLR|JKS|RUN|SHLS
SEED,10,9,-3.66,-9.64,-8.91,0.0,-3.73,-3.64,0.06999999999999984,-6.0,-22.46,0.5555555555555556,AGRO|AVD|CF|ENFY|FMC|IPI|MOS|NTR|SMG|UAN,AGRO|AVD|CF|FMC|IPI|MOS|NTR|SMG|UAN
SEER,10,9,-6.77,-12.25,3.47,-0.56,0.81,8.05,-7.58,-20.3,-30.18,0.1111111111111111,CDNA|EXAS|GH|ILMN|NDAQ|NEO|PACB|QGEN|TWST|TXG,CDNA|GH|ILMN|NDAQ|NEO|PACB|QGEN|TWST|TXG
SEG,10,10,-3.09,-12.2,-11.81,0.0,-1.5099999999999998,-8.725,-1.58,-3.4749999999999996,-20.244999999999997,0.4,AMCX|CMCSA|DIS|IMAX|LYV|NFLX|NWSA|PARA|RDI|WBD,AMCX|CMCSA|DIS|IMAX|LYV|NFLX|NWSA|PARA|RDI|WBD
SEGG,10,9,-14.07,13.44,-55.19,0.0,-2.65,-11.43,-11.42,24.869999999999997,-42.79,0.0,BRSL|BYD|CHDN|CNTY|CZR|EVRI|LVS|MCRI|MGM|WYNN,BRSL|BYD|CHDN|CNTY|CZR|LVS|MCRI|MGM|WYNN
SEI,10,10,-3.5,26.3,-15.9,-0.93,-1.91,-4.16,-1.59,30.46,-17.135,0.3,BKR|CLB|HAL|LBRT|OIS|PTEN|PUMP|RES|SLB|WFRD,BKR|CLB|HAL|LBRT|OIS|PTEN|PUMP|RES|SLB|WFRD
SEIC,10,9,0.25,-5.35,17.93,0.0,-1.33,-6.85,1.58,1.5,11.77,0.6666666666666666,AMP|BEN|BLK|FHI|IVZ|JHG|NTRS|STT|TROW|VOYA,AMP|BEN|BLK|FHI|IVZ|NTRS|STT|TROW|VOYA
SELF,10,9,-1.76,-11.64,-2.53,0.0,-1.76,-3.72,0.0,-7.92,3.5100000000000002,0.4444444444444444,BLNE|CUBE|EGP|EXR|FR|NSA|PSA|REXR|STAG|WY,BLNE|CUBE|EGP|EXR|FR|PSA|REXR|STAG|WY
SENEA,10,9,-3.84,-5.54,7.61,0.0,-2.44,-9.74,-1.4,4.2,12.05,0.2222222222222222,CAG|CPB|GIS|HRL|HSY|K|MKC|POST|SJM|TSN,CAG|CPB|GIS|HRL|HSY|MKC|POST|SJM|TSN
SENS,10,9,10.1,6.34,75.0,0.0,-1.72,-10.42,11.82,16.759999999999998,70.75,1.0,ABT|BAX|BSX|DXCM|HOLX|LIVN|MDT|PODD|SYK|TNDM,ABT|BAX|BSX|DXCM|LIVN|MDT|PODD|SYK|TNDM
SEPN,0,0,0.03,-5.11,6.66,0.0,,,,,,,,
SER,10,10,-1.35,-18.89,20.33,0.0,0.16999999999999998,-3.625,-1.52,-15.265,6.014999999999997,0.1,AMGN|BIIB|BMY|GILD|JNJ|LLY|MRK|PFE|REGN|VRTX,AMGN|BIIB|BMY|GILD|JNJ|LLY|MRK|PFE|REGN|VRTX
SERA,10,9,1.98,-5.5,14.44,0.0,0.81,-0.75,1.17,-4.75,-14.62,0.6666666666666666,BIO|CDNA|EXAS|GH|ILMN|NTRA|ONC|QDEL|RCKT|VERU,BIO|CDNA|GH|ILMN|NTRA|ONC|QDEL|RCKT|VERU
SERV,10,10,0.93,-11.07,-26.44,0.7,3.165,-1.6,-2.235,-9.47,-24.8,0.3,AME|AOS|CR|CXT|GGG|KRNT|ROK|RR|SYM|XMTR,AME|AOS|CR|CXT|GGG|KRNT|ROK|RR|SYM|XMTR
SES,10,10,-2.24,-4.62,-40.92,-0.59,-1.865,-7.4350000000000005,-0.3750000000000002,2.8150000000000004,-27.910000000000004,0.5,BLNK|CENN|CHPT|MVST|NIO|PLUG|QS|SLDP|WKHS|XPEV,BLNK|CENN|CHPT|MVST|NIO|PLUG|QS|SLDP|WKHS|XPEV
SEV,0,0,-4.31,-16.14,-9.09,2.04,,,,,,,,
SEVN,10,10,-1.49,-6.57,-14.1,0.0,-5.78,-11.635,4.29,5.0649999999999995,1.700000000000001,0.9,ABR|ARI|BXMT|CIM|GPMT|KREF|LADR|RC|STWD|TRTX,ABR|ARI|BXMT|CIM|GPMT|KREF|LADR|RC|STWD|TRTX
SEZL,9,9,-6.26,-14.57,-35.26,-0.83,-1.81,-5.93,-4.449999999999999,-8.64,-35.339999999999996,0.0,AFRM|CLSK|GDOT|HUM|MA|OPRT|PYPL|V|XYZ,AFRM|CLSK|GDOT|HUM|MA|OPRT|PYPL|V|XYZ
SF,10,10,-4.83,-10.98,-1.3,0.0,-3.0949999999999998,-9.09,-1.7350000000000003,-1.8900000000000006,2.3899999999999997,0.2,AMTD|BAC|C|GS|IBKR|JPM|MS|RJF|SCHW|WFC,AMTD|BAC|C|GS|IBKR|JPM|MS|RJF|SCHW|WFC
SFBC,10,10,-3.05,-0.23,6.62,-0.84,-2.59,-3.075,-0.45999999999999996,2.845,4.42,0.4,BBT|CIVB|CTBI|EFSC|MBWM|NBN|NKSH|SBCF|TMP|WASH,BBT|CIVB|CTBI|EFSC|MBWM|NBN|NKSH|SBCF|TMP|WASH
SFBS,10,9,-0.27,-6.3,-2.89,0.0,-3.65,-6.97,3.38,0.6699999999999999,6.24,1.0,CFR|CMA|FHN|FNB|HBAN|KEY|PNFP|RF|TCBI|ZION,CFR|FHN|FNB|HBAN|KEY|PNFP|RF|TCBI|ZION
SFD,0,0,-3.74,-14.38,-21.96,0.63,,,,,,,,
SFHG,0,0,2.28,-5.49,-4.68,0.0,,,,,,,,
SFIX,9,8,-20.62,-27.13,-46.28,-18.09,0.18999999999999995,-3.85,-20.810000000000002,-23.279999999999998,-52.39,0.0,AMZN|ANF|JWN|LB|PLCE|ROST|TJX|URBN|WMT,AMZN|ANF|LB|PLCE|ROST|TJX|URBN|WMT
SFL,10,10,-5.85,3.75,13.98,0.0,-5.5600000000000005,3.3600000000000003,-0.28999999999999915,0.3899999999999997,-6.014999999999997,0.5,CMRE|DAC|DHT|FRO|GSL|INSW|KNOP|NAT|STNG|TK,CMRE|DAC|DHT|FRO|GSL|INSW|KNOP|NAT|STNG|TK
SFM,10,9,-4.26,-22.43,-18.74,0.91,-2.46,-4.63,-1.7999999999999998,-17.8,-14.619999999999997,0.3333333333333333,ACI|COST|IMKTA|KR|SYY|TGT|TR|UNFI|WBA|WMT,ACI|COST|IMKTA|KR|SYY|TGT|TR|UNFI|WMT
SFNC,10,8,0.35,-0.35,0.84,0.0,-3.005,-5.615,3.355,5.265000000000001,6.535,1.0,BANF|FFBC|FFIN|FULT|GBCI|IBTX|OZK|PRK|TRMK|WBS,BANF|FFBC|FFIN|FULT|GBCI|OZK|PRK|TRMK
SFST,10,10,-2.33,-5.02,-0.18,0.0,-2.9349999999999996,-3.51,0.6049999999999995,-1.5099999999999998,-0.39499999999999996,0.6,EFSC|EGBN|FISI|FSBC|HTB|MSBI|PZZA|SFBC|SYBT|UBSI,EFSC|EGBN|FISI|FSBC|HTB|MSBI|PZZA|SFBC|SYBT|UBSI
SFWL,10,10,-3.28,-34.83,-34.09,2.59,-0.74,-6.74,-2.54,-28.089999999999996,-20.375000000000004,0.2,CHRW|EXPD|FDX|JBHT|KNX|LSTR|ODFL|SAIA|UPS|XPO,CHRW|EXPD|FDX|JBHT|KNX|LSTR|ODFL|SAIA|UPS|XPO
SG,10,10,16.47,9.99,-13.37,0.0,-1.7999999999999998,-13.535,18.27,23.525,-8.82,1.0,BROS|CAKE|CMG|JACK|LOCO|PTLO|QSR|SHAK|WING|YUM,BROS|CAKE|CMG|JACK|LOCO|PTLO|QSR|SHAK|WING|YUM
SGA,10,8,-2.91,-4.71,3.08,0.0,-0.32999999999999996,-11.2,-2.58,6.489999999999999,16.345,0.25,BBGI|CMLS|CRI|GTN|IHRT|NXST|SBGI|TDAY|TV|VZIO,BBGI|CRI|GTN|IHRT|NXST|SBGI|TDAY|TV
SGC,10,9,1.05,-1.57,-6.28,0.0,0.2,-5.95,0.8500000000000001,4.38,12.43,0.6666666666666666,COLM|CRI|GES|GIII|LEVI|MOV|OXM|PLCE|PVH|VFC,COLM|CRI|GIII|LEVI|MOV|OXM|PLCE|PVH|VFC
SGHC,10,10,-5.61,-13.39,-9.63,0.43,-3.1550000000000002,-13.82,-2.455,0.4299999999999997,6.874999999999998,0.3,BALY|BYD|CHDN|CZR|DKNG|LVS|MGM|PENN|RRR|WYNN,BALY|BYD|CHDN|CZR|DKNG|LVS|MGM|PENN|RRR|WYNN
SGHT,10,8,4.42,1.43,54.55,0.0,-0.555,-6.925000000000001,4.975,8.355,43.879999999999995,0.875,ALGN|ARAY|CNMD|CUTR|INSP|IRTC|MMSI|RCEL|SMLR|STXS,ALGN|ARAY|CNMD|INSP|IRTC|MMSI|RCEL|STXS
SGI,10,8,-2.09,-2.24,-17.84,0.0,1.73,-5.375,-3.82,3.135,-5.105,0.0,BSET|FLXS|HOFT|HVT|LEG|LZB|PRPL|RH|SNBR|WSM,BSET|FLXS|HOFT|HVT|LZB|PRPL|RH|WSM
SGLY,10,10,-8.77,-51.63,-75.4,0.0,3.5700000000000003,5.109999999999999,-12.34,-56.74,-66.37,0.0,AMD|AVGO|INTC|MRVL|MU|NVDA|NXPI|QCOM|TSM|TXN,AMD|AVGO|INTC|MRVL|MU|NVDA|NXPI|QCOM|TSM|TXN
SGML,10,9,12.74,-18.8,-17.6,-1.27,-1.9,-9.42,14.64,-9.38,-11.100000000000001,1.0,ALB|AMRC|GM|LAC|MP|PLL|SCCO|SQM|TGB|TSLA,ALB|AMRC|GM|LAC|MP|SCCO|SQM|TGB|TSLA
SGMT,10,10,-8.24,-0.39,49.42,-1.63,0.020000000000000004,-1.385,-8.26,0.995,35.215,0.1,AMGN|BIIB|BMRN|EXEL|GILD|ILMN|INCY|NBIX|REGN|VRTX,AMGN|BIIB|BMRN|EXEL|GILD|ILMN|INCY|NBIX|REGN|VRTX
SGRY,10,8,4.52,4.37,-4.34,0.0,-0.34,-0.365,4.859999999999999,4.735,-20.57,1.0,ACHC|ADUS|AMED|CYH|EHC|HCA|MD|SEM|THC|UHS,ACHC|ADUS|CYH|EHC|HCA|MD|THC|UHS
SGU,10,10,0.08,1.35,1.43,0.0,-3.66,-4.33,3.74,5.68,5.67,1.0,ATO|CLNE|CPK|GNE|HTGC|NJR|NWN|SPH|SWX|UGI,ATO|CLNE|CPK|GNE|HTGC|NJR|NWN|SPH|SWX|UGI
SHAK,10,10,4.03,-21.53,5.25,-0.6,0.08999999999999986,-10.95,3.9400000000000004,-10.580000000000002,6.49,0.8,BJRI|CAKE|CMG|DRI|MCD|QSR|RRGB|SBUX|WEN|YUM,BJRI|CAKE|CMG|DRI|MCD|QSR|RRGB|SBUX|WEN|YUM
SHBI,10,8,-2.11,-2.11,0.26,0.0,-2.8899999999999997,-3.81,0.7799999999999998,1.7000000000000002,1.155,0.625,CATY|EGBN|FFBC|HIFS|LSBK|NFBK|SASR|TMP|VLY|WSBC,CATY|EGBN|FFBC|HIFS|LSBK|TMP|VLY|WSBC
SHC,10,9,-5.38,-4.59,9.59,0.0,-1.22,-0.75,-4.16,-3.84,-4.550000000000001,0.4444444444444444,BIO|CRL|CTLT|DGX|ICLR|LH|OPK|QGEN|RGEN|SRPT,BIO|CRL|DGX|ICLR|LH|OPK|QGEN|RGEN|SRPT
SHEL,10,9,0.33,4.24,24.32,0.76,-1.72,4.02,2.05,0.22000000000000064,3.6000000000000014,0.8888888888888888,BP|COP|CVX|E|MRO|OXY|PBR|PSX|SU|XOM,BP|COP|CVX|E|OXY|PBR|PSX|SU|XOM
SHEN,10,8,4.31,-1.71,-17.31,0.0,-2.875,-4.38,7.185,2.67,-15.415,1.0,AD|CMCSA|CNSL|LILA|LUMN|SPIR|T|TMUS|VZ|WOW,AD|CMCSA|LILA|LUMN|SPIR|T|TMUS|VZ
SHFS,10,9,-6.66,-1.83,-31.15,-2.83,-2.89,-10.06,-3.77,8.23,-27.31,0.1111111111111111,AXP|COF|DFS|FICO|GDOT|MA|PYPL|TREE|V|XYZ,AXP|COF|FICO|GDOT|MA|PYPL|TREE|V|XYZ
SHG,10,10,-2.11,6.38,27.69,0.0,-2.54,-0.22499999999999998,0.43000000000000016,6.6049999999999995,21.895000000000003,0.5,BBD|BMO|BSAC|DB|ING|KB|RY|SMFG|UBS|WF,BBD|BMO|BSAC|DB|ING|KB|RY|SMFG|UBS|WF
SHIM,10,9,0.0,-10.94,-6.04,0.0,-2.72,-2.12,2.72,-8.82,8.059999999999999,0.7777777777777778,ACM|DY|EME|FLR|GVA|KBR|PRIM|PWR|ROAD|TPIC,ACM|DY|EME|FLR|GVA|KBR|PRIM|PWR|ROAD
SHIP,10,10,-6.66,-2.35,22.69,-0.02,-3.73,-2.02,-2.93,-0.33000000000000007,2.400000000000002,0.1,CMRE|DAC|DSX|ESEA|GNK|GOGL|NMM|SB|SBLK|SFL,CMRE|DAC|DSX|ESEA|GNK|GOGL|NMM|SB|SBLK|SFL
SHLS,9,7,1.96,13.21,-20.89,1.17,-7.43,-11.86,9.39,25.07,15.229999999999997,1.0,ARRY|CSIQ|ENPH|FSLR|JKS|MAXN|NOVA|RUN|SEDG,ARRY|CSIQ|ENPH|FSLR|JKS|RUN|SEDG
SHMD,10,10,5.37,9.06,-34.45,1.36,7.35,0.405,-1.9799999999999995,8.655000000000001,-6.720000000000002,0.2,AMAT|AMKR|ASML|COHU|KLAC|LRCX|MKSI|PLAB|TER|UCTT,AMAT|AMKR|ASML|COHU|KLAC|LRCX|MKSI|PLAB|TER|UCTT
SHO,10,10,0.27,-2.48,-5.24,0.0,0.94,-5.32,-0.6699999999999999,2.8400000000000003,2.2649999999999997,0.4,AHT|APLE|BHR|DRH|HST|INN|PEB|PK|RLJ|XHR,AHT|APLE|BHR|DRH|HST|INN|PEB|PK|RLJ|XHR
SHOO,10,7,4.55,-5.47,2.62,0.0,-0.54,-9.12,5.09,3.6499999999999995,14.600000000000001,1.0,BOOT|CAL|COLM|CROX|DECK|FL|NKE|SCVL|SKX|WWW,BOOT|CAL|COLM|CROX|DECK|NKE|WWW
SHOP,10,10,7.39,-10.25,23.72,-2.98,-1.8599999999999999,-10.57,9.25,0.3200000000000003,4.924999999999997,1.0,ADBE|AMZN|CMRC|CRM|ETSY|GDDY|MELI|PINS|PYPL|WIX,ADBE|AMZN|CMRC|CRM|ETSY|GDDY|MELI|PINS|PYPL|WIX
SHPH,10,8,4.14,2.33,-6.88,-1.95,-1.185,-13.254999999999999,5.324999999999999,15.584999999999999,5.795000000000001,1.0,ADAP|AKBA|ALKS|ARWR|BCRX|BLUE|CTMX|GERN|MDGL|PDSB,AKBA|ALKS|ARWR|BCRX|CTMX|GERN|MDGL|PDSB
SHW,10,10,0.91,-7.59,-4.49,-0.8,0.36,-5.055,0.55,-2.535,3.1149999999999993,0.6,AXTA|CC|ECL|FMC|HUN|IFF|NUE|PPG|RPM|VAL,AXTA|CC|ECL|FMC|HUN|IFF|NUE|PPG|RPM|VAL
SI,0,0,-2.91,-21.83,-12.14,0.0,,,,,,,,
SIBN,10,10,0.32,-4.47,13.83,0.0,-2.0149999999999997,-6.59,2.3349999999999995,2.12,9.39,0.7,ATEC|BAX|BVS|GMED|IART|JNJ|MDT|OFIX|SYK|ZBH,ATEC|BAX|BVS|GMED|IART|JNJ|MDT|OFIX|SYK|ZBH
SID,10,9,-2.54,12.75,20.2,0.88,-2.45,0.56,-0.08999999999999986,12.19,21.36,0.4444444444444444,ATI|CLF|CMC|GGB|MT|NUE|RS|STLD|TX|X,ATI|CLF|CMC|GGB|MT|NUE|RS|STLD|TX
SIDU,10,10,-0.5,-11.45,-19.6,0.0,-1.515,-5.455,1.015,-5.994999999999999,-20.35,0.7,ASTS|BA|BKSY|KTOS|LMT|NOC|RKLB|RTX|SPCE|VSAT,ASTS|BA|BKSY|KTOS|LMT|NOC|RKLB|RTX|SPCE|VSAT
SIEB,10,9,-5.22,3.32,15.34,0.0,-2.81,-9.43,-2.4099999999999997,12.75,14.9,0.1111111111111111,AMTD|BK|GS|HOOD|IBKR|JPM|LPLA|MS|RJF|SCHW,AMTD|GS|HOOD|IBKR|JPM|LPLA|MS|RJF|SCHW
SIF,10,8,2.39,1.32,4.02,0.0,1.355,-7.705,1.0350000000000001,9.025,13.739999999999998,0.625,ATI|BWXT|HEI|HWM|HXL|MOG-A|SPR|TDG|TDY|TGI,ATI|BWXT|HEI|HWM|HXL|MOG-A|TDG|TDY
SIFY,10,8,3.0,-3.85,-7.48,0.0,-1.925,-3.4749999999999996,4.925,-0.37500000000000044,-6.720000000000001,0.875,AMT|CMCSA|CNSL|FYBR|LUMN|RCI|SHEN|SPOK|T|VZ,AMT|CMCSA|LUMN|RCI|SHEN|SPOK|T|VZ
SIG,10,8,-2.74,19.98,17.66,0.0,2.32,-0.8049999999999999,-5.0600000000000005,20.785,28.735,0.125,BGI|CPRI|FOSL|JWN|KSS|MOV|PVH|REAL|RL|VRA,CPRI|FOSL|KSS|MOV|PVH|REAL|RL|VRA
SIGA,10,10,2.26,7.82,-26.62,0.0,2.725,-0.815,-0.4650000000000003,8.635,-46.715,0.5,AMGN|GILD|GSK|INVA|JNJ|MRNA|NVAX|PFE|REGN|RGEN,AMGN|GILD|GSK|INVA|JNJ|MRNA|NVAX|PFE|REGN|RGEN
SIGI,10,10,-2.49,-6.82,-9.5,0.0,-3.475,-4.845000000000001,0.9849999999999999,-1.9749999999999996,-6.81,0.8,ALL|CB|CINF|HIG|L|MKL|PGR|SIG|TRV|WRB,ALL|CB|CINF|HIG|L|MKL|PGR|SIG|TRV|WRB
SII,10,9,1.02,-7.47,17.54,0.0,0.25,-6.79,0.77,-0.6799999999999997,9.559999999999999,0.6666666666666666,AB|AMG|AMP|BEN|BLK|IVZ|JHG|NTRS|SEIC|TROW,AB|AMG|AMP|BEN|BLK|IVZ|NTRS|SEIC|TROW
SILC,10,9,2.86,8.11,15.61,-3.66,-0.54,-0.78,3.4,8.889999999999999,21.27,0.8888888888888888,ADTN|ANET|CSCO|EXTR|FFIV|HPE|JNPR|MSI|NOK|QCOM,ADTN|ANET|CSCO|EXTR|FFIV|HPE|MSI|NOK|QCOM
SILO,10,9,0.57,-31.4,-71.54,0.0,-5.0600000000000005,-7.93,5.630000000000001,-23.47,-69.71000000000001,0.875,ATAI|AVXL|CMPS|CYCN|DFTX|GHRS|MNOV|NERV|RLMD|RLX,ATAI|AVXL|CMPS|DFTX|GHRS|MNOV|NERV|RLMD|RLX
SIM,10,9,3.98,-6.95,-8.89,0.0,-2.45,0.56,6.43,-7.51,-7.73,1.0,ATI|CLF|CMC|GGB|MT|NUE|RS|STLD|TX|X,ATI|CLF|CMC|GGB|MT|NUE|RS|STLD|TX
SIMA,0,0,-1.35,-0.18,0.37,0.0,,,,,,,,
SIMO,10,10,6.66,11.72,-16.93,-2.3,5.835,7.21,0.8250000000000002,4.510000000000001,-6.34,0.5,AMD|AVGO|INTC|MRVL|MU|NVDA|QCOM|STX|TXN|WDC,AMD|AVGO|INTC|MRVL|MU|NVDA|QCOM|STX|TXN|WDC
SINT,10,8,5.95,16.34,-9.18,0.0,1.205,2.475,4.745,13.865,-15.105,0.875,CAMT|DDD|DM|FARO|MTLS|PKOH|PRLB|SSYS|VIVS|WFRD,CAMT|DDD|MTLS|PKOH|PRLB|SSYS|VIVS|WFRD
SION,0,0,-22.98,-11.52,-87.07,0.36,,,,,,,,
SIRI,10,10,-6.17,-9.41,-6.24,-0.96,-1.355,-4.56,-4.8149999999999995,-4.8500000000000005,-17.509999999999998,0.0,AAPL|AMZN|CMCSA|DIS|GOOGL|MSFT|NFLX|ROKU|SPOT|T,AAPL|AMZN|CMCSA|DIS|GOOGL|MSFT|NFLX|ROKU|SPOT|T
SITC,10,7,2.06,-3.26,-18.75,0.0,-0.77,-6.86,2.83,3.6000000000000005,-7.609999999999999,0.8571428571428571,AKR|AVB|BRX|EQR|ESS|FRT|KIM|NNN|REG|ROIC,AKR|BRX|ESS|FRT|KIM|NNN|REG
SITE,10,9,6.05,-1.57,-15.92,0.0,2.29,-8.89,3.76,7.32,-1.5500000000000007,0.8888888888888888,BLDR|FAST|FERG|GMS|HD|LOW|POOL|TSCO|WMT|WSO,BLDR|FAST|FERG|HD|LOW|POOL|TSCO|WMT|WSO
SITM,10,10,-0.6,0.15,-11.94,-2.28,4.65,2.175,-5.25,-2.025,-0.6649999999999991,0.0,ADI|AVGO|LSCC|MCHP|MPWR|NXPI|ON|QCOM|SWKS|TXN,ADI|AVGO|LSCC|MCHP|MPWR|NXPI|ON|QCOM|SWKS|TXN
SJ,10,10,-10.29,-39.0,-35.02,-10.29,1.62,-5.865,-11.91,-33.135,-35.975,0.0,BIDU|BILI|DOYU|HUYA|IQ|JOYY|MOMO|PDD|TME|WB,BIDU|BILI|DOYU|HUYA|IQ|JOYY|MOMO|PDD|TME|WB
SJM,10,9,-0.95,-2.3,8.95,0.13,-2.94,-9.48,1.99,7.180000000000001,10.979999999999999,0.7777777777777778,CAG|CPB|GIS|HRL|HSY|K|KHC|MDLZ|MKC|POST,CAG|CPB|GIS|HRL|HSY|KHC|MDLZ|MKC|POST
SJT,9,8,-0.66,8.63,0.67,0.0,-0.9199999999999999,-0.44499999999999995,0.2599999999999999,9.075000000000001,-7.535,0.5,BPT|CRT|DMLP|MTR|MTRN|PBT|PVL|SBR|VOC,CRT|DMLP|MTR|MTRN|PBT|PVL|SBR|VOC
SKE,10,10,5.7,-9.99,23.55,0.0,-3.865,-12.175,9.565000000000001,2.1850000000000005,-0.16000000000000014,1.0,AEM|AGI|AU|B|EGO|FNV|KGC|NEM|PAAS|WPM,AEM|AGI|AU|B|EGO|FNV|KGC|NEM|PAAS|WPM
SKIL,10,9,-2.95,-25.44,-16.38,0.0,-2.1,-7.69,-0.8500000000000001,-17.75,-14.299999999999999,0.3333333333333333,ATGE|BFAM|CHGG|COUR|LAUR|LOPE|LRN|PRDO|PSO|STRA,BFAM|CHGG|COUR|LAUR|LOPE|LRN|PRDO|PSO|STRA
SKIN,10,10,-0.5,4.09,5.78,0.0,0.195,-4.4,-0.6950000000000001,8.49,-8.709999999999997,0.3,COTY|EL|EPC|IRWD|LB|NUS|SBH|ULTA|VICI|VRME,COTY|EL|EPC|IRWD|LB|NUS|SBH|ULTA|VICI|VRME
SKK,0,0,-4.6,-10.37,-14.96,0.0,,,,,,,,
SKM,10,9,0.59,-9.86,6.56,-0.28,-1.77,-6.93,2.36,-2.9299999999999997,9.18,0.8888888888888888,AD|CHTR|CMCSA|PHI|S|T|TEF|TMUS|VIV|VZ,AD|CHTR|CMCSA|PHI|S|T|TMUS|VIV|VZ
SKT,10,8,-2.52,-9.36,-15.21,-0.8,-0.385,-5.635,-2.135,-3.7249999999999996,-5.530000000000001,0.0,BRX|CBL|EPR|FRT|KIM|MAC|REG|ROIC|SPG|WSR,BRX|CBL|EPR|FRT|KIM|MAC|REG|SPG
SKWD,10,9,-4.26,-5.32,0.83,0.0,-4.7,-5.54,0.4400000000000004,0.21999999999999975,2.4699999999999998,0.5555555555555556,ACGL|AJG|AWH|CINF|ERIE|MKL|RLI|SIGI|THG|WRB,ACGL|AJG|CINF|ERIE|MKL|RLI|SIGI|THG|WRB
SKY,10,9,0.67,-6.63,-3.14,0.0,-0.16,-9.48,0.8300000000000001,2.8500000000000005,13.599999999999998,0.7777777777777778,BZH|DHI|KBH|LEN|LGIH|MTH|NVR|PHM|TMHC|TOL,BZH|DHI|KBH|LEN|LGIH|MTH|NVR|PHM|TOL
SKYE,10,10,5.88,-17.05,-66.86,0.0,-3.92,-5.945,9.8,-11.105,-66.115,1.0,ACAD|BMRN|CRIS|MDGL|NBIX|PCRX|PRGO|TBPH|VNDA|XENE,ACAD|BMRN|CRIS|MDGL|NBIX|PCRX|PRGO|TBPH|VNDA|XENE
SKYH,10,8,0.1,-5.6,4.85,0.0,-2.035,-11.31,2.1350000000000002,5.710000000000001,16.799999999999997,0.875,AMH|AVB|CPT|EQR|ESS|INVH|IRT|MAA|NXRT|UDR,AMH|CPT|ESS|INVH|IRT|MAA|NXRT|UDR
SKYQ,0,0,-12.11,-3.79,-3.79,0.0,,,,,,,,
SKYW,9,7,2.2,-2.37,2.66,0.0,1.39,-6.78,0.8100000000000003,4.41,27.26,0.8571428571428571,AAL|ALGT|ALK|DAL|JBLU|LUV|MESA|SAVE|UAL,AAL|ALGT|ALK|DAL|JBLU|LUV|UAL
SKYX,10,9,-0.79,-0.79,20.19,0.81,0.08,3.41,-0.87,-4.2,-1.3499999999999979,0.1111111111111111,AAPL|BB|GOOGL|GRMN|HBB|LOGI|MSFT|ROKU|SONO|VZIO,AAPL|BB|GOOGL|GRMN|HBB|LOGI|MSFT|ROKU|SONO
SLAB,10,10,0.7,1.45,1.49,0.0,4.62,2.18,-3.92,-0.7300000000000002,12.765,0.3,ADI|AVGO|MCHP|MPWR|NXPI|ON|QRVO|STM|SWKS|TXN,ADI|AVGO|MCHP|MPWR|NXPI|ON|QRVO|STM|SWKS|TXN
SLB,9,9,-0.15,-2.42,9.66,0.25,-1.31,-4.81,1.1600000000000001,2.3899999999999997,2.87,0.5555555555555556,BKR|FTI|HAL|INVX|NOV|OII|RES|WFRD|XPRO,BKR|FTI|HAL|INVX|NOV|OII|RES|WFRD|XPRO
SLDB,10,9,-8.03,-12.45,-13.3,0.0,-0.41,-9.62,-7.619999999999999,-2.83,-14.020000000000001,0.0,ABEO|BLUE|BMRN|EDIT|NTLA|PFE|QURE|RGEN|SRPT|VYGR,ABEO|BMRN|EDIT|NTLA|PFE|QURE|RGEN|SRPT|VYGR
SLDE,0,0,-10.56,-2.88,25.4,0.0,,,,,,,,
SLDP,10,9,-8.07,-0.02,-10.02,-0.45,-2.24,-11.07,-5.83,11.05,9.32,0.0,BLNK|CHPT|ENVX|LCID|NIO|PLL|QS|RIVN|SES|TSLA,BLNK|CHPT|ENVX|LCID|NIO|QS|RIVN|SES|TSLA
SLE,9,8,13.04,31.31,68.83,-1.14,0.21000000000000002,-3.475,12.829999999999998,34.785,54.985,1.0,EA|GME|MSFT|MTCH|NTES|RBLX|SE|SONY|TTWO,GME|MSFT|MTCH|NTES|RBLX|SE|SONY|TTWO
SLF,9,9,-0.39,1.15,3.49,0.0,-2.5,-0.99,2.11,2.1399999999999997,-5.02,0.7777777777777778,CNO|L|LNC|MET|MFC|PFG|PRU|UNM|VOYA,CNO|L|LNC|MET|MFC|PFG|PRU|UNM|VOYA
SLG,10,10,-3.42,-14.67,0.73,0.0,-2.0,-9.91,-1.42,-4.76,6.915000000000001,0.2,ARE|BFS|BXP|DEI|ESRT|FRT|HIW|KRC|PDM|VNO,ARE|BFS|BXP|DEI|ESRT|FRT|HIW|KRC|PDM|VNO
SLGB,0,0,-12.5,-48.05,-47.97,-8.29,,,,,,,,
SLGL,7,6,-5.88,-22.85,-18.65,0.0,-2.585,-24.43,-3.295,1.5799999999999983,-7.629999999999999,0.3333333333333333,ANAB|CRBP|MCRB|MRNS|PRQR|PTGX|XAIR,ANAB|CRBP|MCRB|PRQR|PTGX|XAIR
SLGN,10,8,-3.66,-12.59,-16.83,0.0,0.85,-10.21,-4.51,-2.379999999999999,-14.194999999999999,0.0,AVY|BERY|CCK|GPK|IP|MYE|OI|PKG|SEE|SON,AVY|CCK|GPK|IP|MYE|OI|PKG|SON
SLI,10,7,3.83,-15.56,-25.94,1.4,-3.47,-13.7,7.300000000000001,-1.8600000000000012,-8.34,0.8571428571428571,ALB|AMLI|ENS|FMC|LAC|LITM|NI|PLL|SGML|SQM,ALB|ENS|FMC|LAC|NI|SGML|SQM
SLM,10,8,-5.04,-10.35,-3.58,0.51,-5.46,-8.995000000000001,0.41999999999999993,-1.3549999999999986,2.245,0.625,ALLY|CACC|COF|DFS|ECPG|ENVA|LC|NAVI|PRAA|SYF,ALLY|CACC|COF|ECPG|ENVA|NAVI|PRAA|SYF
SLMT,10,8,32.76,-7.82,-17.58,0.52,0.18,-10.4,32.58,2.58,-6.859999999999999,1.0,CHDN|CWH|DKS|LYV|MANU|MCW|MTN|PLNT|VSTO|YETI,CHDN|CWH|DKS|LYV|MANU|MTN|PLNT|YETI
SLN,10,8,-7.92,-13.39,25.66,0.0,-3.9949999999999997,-19.744999999999997,-3.9250000000000003,6.354999999999997,36.394999999999996,0.375,ALNY|ARWR|BNTX|IONS|MRNA|PRQR|RGLS|RNA|SGMO|SRPT,ALNY|ARWR|BNTX|IONS|MRNA|PRQR|RNA|SRPT
SLND,10,10,9.15,-10.45,-5.22,2.98,-1.73,-0.9850000000000001,10.88,-9.465,18.39,1.0,ACM|DY|EME|FIX|FLR|GVA|MTZ|PWR|ROAD|STRL,ACM|DY|EME|FIX|FLR|GVA|MTZ|PWR|ROAD|STRL
SLNG,9,9,6.29,-7.42,19.36,0.0,-2.29,-0.76,8.58,-6.66,17.38,1.0,CQP|DVN|EPD|KMI|LNG|LPG|NEXT|OKE|SRE,CQP|DVN|EPD|KMI|LNG|LPG|NEXT|OKE|SRE
SLNH,10,7,0.98,-2.3,-16.55,-3.09,8.6,10.7,-7.619999999999999,-13.0,-3.5100000000000016,0.14285714285714285,ANY|ARBK|BITF|BTBT|CIFR|HUT|IBRX|MARA|RIOT|SDIG,ARBK|BTBT|CIFR|HUT|IBRX|MARA|RIOT
SLP,10,10,-0.05,0.11,1.38,0.0,-2.0100000000000002,-5.44,1.9600000000000002,5.550000000000001,-9.620000000000001,0.6,ACAD|ALKS|AMGN|BIIB|BMRN|GILD|NBIX|REGN|SRPT|VRTX,ACAD|ALKS|AMGN|BIIB|BMRN|GILD|NBIX|REGN|SRPT|VRTX
SLQT,10,7,-12.72,-44.21,-54.4,0.0,-3.22,-5.32,-9.5,-38.89,-43.61,0.0,CI|CNC|CVS|EHTH|GOCO|HUM|MOH|TGNA|UNH|WBA,CI|CNC|CVS|EHTH|HUM|MOH|UNH
SLRC,10,10,-3.76,-6.43,-4.22,0.17,-1.29,-3.685,-2.4699999999999998,-2.7449999999999997,-10.719999999999999,0.1,ARCC|CGBD|FDUS|GSBD|HTGC|MAIN|NMFC|PNNT|TCPC|TPVG,ARCC|CGBD|FDUS|GSBD|HTGC|MAIN|NMFC|PNNT|TCPC|TPVG
SLS,9,6,-1.39,-19.3,7.98,-1.3,-1.5299999999999998,-6.470000000000001,0.1399999999999999,-12.83,14.095,0.5,ACET|ADAP|AFMD|AVDL|BCRX|IMMP|KPTI|TGTX|TLSA,ACET|BCRX|IMMP|KPTI|TGTX|TLSA
SLSN,0,0,-6.83,-13.13,-25.79,0.0,,,,,,,,
SLSR,10,9,3.88,-16.44,-8.95,0.0,-3.09,-11.05,6.97,-5.390000000000001,-23.1,0.8888888888888888,BHP|FCX|HL|HMY|NGD|PAAS|RIO|SCCO|TGB|VALE,BHP|FCX|HL|HMY|PAAS|RIO|SCCO|TGB|VALE
SLVM,6,6,1.83,-0.73,-7.99,0.0,4.355,-7.55,-2.5250000000000004,6.82,-5.93,0.3333333333333333,CLW|IP|MERC|PKG|SCL|SON,CLW|IP|MERC|PKG|SCL|SON
SLXN,0,0,-31.61,-28.79,-90.48,-17.57,,,,,,,,
SM,10,8,-5.52,-2.1,31.71,1.81,-2.4050000000000002,-3.26,-3.1149999999999993,1.1599999999999997,20.990000000000002,0.25,APA|CRK|DVN|EOG|FANG|HES|MRO|MTDR|NOG|OXY,APA|CRK|DVN|EOG|FANG|MTDR|NOG|OXY
SMA,0,0,-1.8,-6.44,-3.56,0.0,,,,,,,,
SMBC,10,9,-1.64,-4.07,-4.14,0.0,-1.72,-3.31,0.08000000000000007,-0.7600000000000002,-4.9799999999999995,0.5555555555555556,CAC|CNOB|EGBN|FFIN|FULT|GSBC|IBTX|OSBC|SFNC|UBSI,CAC|CNOB|EGBN|FFIN|FULT|GSBC|OSBC|SFNC|UBSI
SMBK,10,10,-3.37,-2.46,8.03,0.0,-2.98,-4.035,-0.3900000000000001,1.5750000000000002,7.27,0.3,CIVB|ESQ|FFIN|FMBH|HOMB|OZK|SBSI|SRCE|SYBT|WSBF,CIVB|ESQ|FFIN|FMBH|HOMB|OZK|SBSI|SRCE|SYBT|WSBF
SMC,10,10,-3.45,-6.53,7.84,0.0,-1.195,-1.5950000000000002,-2.255,-4.9350000000000005,6.025,0.1,AM|ENB|EPD|ET|KMI|MPLX|OKE|PAA|TRGP|WMB,AM|ENB|EPD|ET|KMI|MPLX|OKE|PAA|TRGP|WMB
SMCI,10,9,-0.19,4.71,27.12,-2.82,-0.54,5.85,0.35000000000000003,-1.1399999999999997,2.2699999999999996,0.6666666666666666,ANET|ATEN|DELL|HPE|HPQ|LOGI|NTAP|NTNX|PSTG|STX,ANET|ATEN|DELL|HPE|HPQ|LOGI|NTAP|NTNX|STX
SMFG,10,10,-4.3,1.55,7.89,-1.08,-3.415,-2.0100000000000002,-0.8849999999999998,3.5600000000000005,6.289999999999999,0.3,BCS|BMO|BNS|HSBC|MFG|MUFG|RY|SMBK|TD|UBS,BCS|BMO|BNS|HSBC|MFG|MUFG|RY|SMBK|TD|UBS
SMG,10,9,-3.58,-12.95,-22.92,0.0,-3.28,-2.59,-0.30000000000000027,-10.36,-24.82,0.4444444444444444,ADM|BG|CF|CTVA|FMC|MOS|NTR|SQM|SYT|TTC,ADM|BG|CF|CTVA|FMC|MOS|NTR|SQM|TTC
SMHI,10,10,-6.16,-9.44,22.13,0.0,-4.45,1.875,-1.71,-11.315,1.9450000000000003,0.4,DHT|FRO|GLNG|GNK|INSW|SBLK|STNG|TDW|TK|TNK,DHT|FRO|GLNG|GNK|INSW|SBLK|STNG|TDW|TK|TNK
SMID,10,8,-2.54,-12.11,-18.65,0.0,-3.0999999999999996,-1.7400000000000002,0.5599999999999996,-10.37,-11.485,0.75,ACM|FIX|FLR|J|KBR|NVEE|PRIM|STER|STRL|TTEK,ACM|FIX|FLR|J|KBR|PRIM|STRL|TTEK
SMJF,0,0,58.11,-84.97,-68.67,4.75,,,,,,,,
SMMT,10,10,-7.67,22.46,15.37,-0.55,0.165,0.185,-7.835,22.275000000000002,4.789999999999999,0.2,AKTX|ALNY|AMGN|BIIB|GILD|NBIX|PRTA|REGN|SRPT|VRTX,AKTX|ALNY|AMGN|BIIB|GILD|NBIX|PRTA|REGN|SRPT|VRTX
SMP,10,9,-0.51,-0.56,-5.38,0.0,-2.76,-5.92,2.25,5.359999999999999,2.55,0.8888888888888888,AAP|ALV|AXL|BWA|DORM|GPC|LEA|MGA|TEN|VC,AAP|ALV|BWA|DORM|GPC|LEA|MGA|TEN|VC
SMPL,10,9,-4.28,-12.15,-21.72,0.31,-1.77,-7.98,-2.5100000000000002,-4.17,-17.279999999999998,0.1111111111111111,CPB|GIS|HRL|HSY|K|LSF|MCK|MDLZ|POST|SUN,CPB|GIS|HRL|HSY|LSF|MCK|MDLZ|POST|SUN
SMR,10,10,-6.08,-13.46,-15.69,-2.19,-3.065,-5.789999999999999,-3.015,-7.670000000000002,-2.264999999999999,0.0,BE|BWX|BWXT|CARR|DUK|EXC|FSLR|GE|HON|NEE,BE|BWX|BWXT|CARR|DUK|EXC|FSLR|GE|HON|NEE
SMRT,10,10,2.59,-17.36,4.39,2.59,-2.315,-1.365,4.904999999999999,-15.995,3.295,0.8,ADT|ALRM|AMZN|APP|BB|CSCO|GOOG|MSFT|S|TSLA,ADT|ALRM|AMZN|APP|BB|CSCO|GOOG|MSFT|S|TSLA
SMSI,10,10,-6.64,-10.55,-3.26,0.0,-2.705,-1.45,-3.9349999999999996,-9.100000000000001,-13.25,0.0,AAPL|ADBE|CRM|CSCO|GOOGL|IBM|INTC|MSFT|ORCL|SAP,AAPL|ADBE|CRM|CSCO|GOOGL|IBM|INTC|MSFT|ORCL|SAP
SMTC,10,10,-8.47,27.9,0.51,-3.68,4.79,2.635,-13.260000000000002,25.265,15.76,0.0,ADI|DIOD|LSCC|MCHP|MPWR|NXPI|ON|QRVO|SWKS|TXN,ADI|DIOD|LSCC|MCHP|MPWR|NXPI|ON|QRVO|SWKS|TXN
SMTI,10,10,0.14,2.24,53.56,0.0,-1.335,-9.895,1.475,12.135,54.080000000000005,0.7,ABT|BSX|EW|GMED|ISRG|JNJ|MDT|STE|SYK|ZBH,ABT|BSX|EW|GMED|ISRG|JNJ|MDT|STE|SYK|ZBH
SMTK,10,10,-30.08,-55.41,-85.81,-1.79,4.734999999999999,4.435,-34.815,-59.845,-75.22,0.0,AMD|AVGO|INTC|MCHP|MRVL|OLED|ON|QCOM|SWKS|TXN,AMD|AVGO|INTC|MCHP|MRVL|OLED|ON|QCOM|SWKS|TXN
SMWB,10,10,2.88,-4.56,66.28,0.0,-2.4050000000000002,0.04500000000000004,5.285,-4.6049999999999995,37.53,0.8,ADBE|AMZN|CRM|GOOG|IBM|META|MSFT|ORCL|SNOW|ZS,ADBE|AMZN|CRM|GOOG|IBM|META|MSFT|ORCL|SNOW|ZS
SMX,10,9,-42.96,-41.58,-36.75,0.0,0.58,1.31,-43.54,-42.89,-53.45,0.0,AAON|CODA|CTSH|DSGX|HRMY|OSIS|RBC|TRMB|VNT|VRNT,AAON|CODA|CTSH|DSGX|HRMY|OSIS|RBC|TRMB|VNT
SMXT,9,7,25.77,-29.68,-37.15,0.0,-7.43,-11.86,33.2,-17.82,-1.0300000000000011,1.0,ARRY|CSIQ|ENPH|FSLR|JKS|MAXN|NOVA|RUN|SEDG,ARRY|CSIQ|ENPH|FSLR|JKS|RUN|SEDG
SN,10,10,7.73,-2.61,25.31,6.24,-0.36,-11.094999999999999,8.09,8.485,27.924999999999997,1.0,CLX|EL|HAS|HELE|HRL|KMB|MAT|NWL|PG|WHR,CLX|EL|HAS|HELE|HRL|KMB|MAT|NWL|PG|WHR
SNA,10,10,-0.73,-6.14,-5.58,0.0,1.24,-5.4350000000000005,-1.97,-0.7049999999999992,0.5449999999999999,0.2,AOS|CAT|CMI|DOV|FSS|GWW|IR|ITT|MMM|SWK,AOS|CAT|CMI|DOV|FSS|GWW|IR|ITT|MMM|SWK
SNAL,8,6,0.78,-13.04,-12.18,-2.26,-3.535,-10.219999999999999,4.315,-2.8200000000000003,-7.49,0.8333333333333334,CRSR|EA|GENI|PLTK|RBLX|RSI|SKLZ|TTWO,CRSR|GENI|PLTK|RBLX|RSI|TTWO
SNAP,10,10,-8.67,-12.84,18.89,-2.46,-1.7349999999999999,-6.38,-6.9350000000000005,-6.46,11.73,0.0,AAPL|AMZN|BIDU|DIS|GOOG|MSFT|NFLX|PINS|SPOT|ZM,AAPL|AMZN|BIDU|DIS|GOOG|MSFT|NFLX|PINS|SPOT|ZM
SND,7,7,-2.12,8.8,11.39,0.0,-3.45,-4.41,1.33,13.21,9.120000000000001,0.7142857142857143,HP|HTO|LBRT|NBR|PTEN|PUMP|RES,HP|HTO|LBRT|NBR|PTEN|PUMP|RES
SNDA,10,10,-4.21,-4.09,-2.1,0.0,-1.7850000000000001,-5.965,-2.425,1.875,0.6599999999999997,0.2,BKD|DOC|HR|LTC|NHI|OHI|SBRA|UHT|VTR|WELL,BKD|DOC|HR|LTC|NHI|OHI|SBRA|UHT|VTR|WELL
SNDK,0,0,9.29,19.16,-24.44,-2.87,,,,,,,,
SNDL,4,4,2.21,1.46,3.73,-0.71,4.08,-6.22,-1.87,7.68,-10.475,0.25,ACB|CGC|CRON|TLRY,ACB|CGC|CRON|TLRY
SNDR,10,10,-2.39,-8.44,-12.21,-1.36,-1.1,-7.5,-1.29,-0.9399999999999995,6.424999999999997,0.3,HTLD|JBHT|KNX|LSTR|MRTN|ODFL|SAIA|ULH|WERN|XPO,HTLD|JBHT|KNX|LSTR|MRTN|ODFL|SAIA|ULH|WERN|XPO
SNDX,10,10,2.08,-9.86,-11.71,0.0,0.0,-5.075,2.08,-4.784999999999999,-24.64,0.8,AMGN|BMRN|BMY|GILD|JNJ|LLY|MRK|PFE|REGN|VRTX,AMGN|BMRN|BMY|GILD|JNJ|LLY|MRK|PFE|REGN|VRTX
SNES,10,9,-9.64,-36.97,-50.66,-3.77,-3.28,-4.31,-6.360000000000001,-32.66,-45.62,0.0,AVD|CF|DD|ENFY|FMC|ICL|MOS|NTR|ROG|SMG,AVD|CF|DD|FMC|ICL|MOS|NTR|ROG|SMG
SNEX,10,10,1.6,-3.55,-26.58,-0.87,-0.12999999999999998,-9.365,1.73,5.815,-32.445,0.7,AMTD|BX|CBOE|CME|GS|IBKR|ICE|MS|NDAQ|SCHW,AMTD|BX|CBOE|CME|GS|IBKR|ICE|MS|NDAQ|SCHW
SNFCA,10,10,-0.58,-2.05,-6.21,0.0,-1.75,-1.02,1.17,-1.0299999999999998,-13.915,0.6,AIG|CNO|GNW|L|LNC|MET|PFG|PRU|RGA|UNM,AIG|CNO|GNW|L|LNC|MET|PFG|PRU|RGA|UNM
SNGX,10,9,6.97,-4.84,-1.51,0.0,-1.38,-4.17,8.35,-0.6699999999999999,0.21999999999999997,1.0,AKBA|APT|AVIR|BCRX|FENC|KPTI|MDGL|ONCT|TGTX|TNXP,AKBA|APT|AVIR|BCRX|FENC|KPTI|MDGL|TGTX|TNXP
SNN,10,10,-3.31,-8.08,-11.12,0.15,-1.08,-9.895,-2.23,1.8149999999999995,-11.399999999999999,0.3,ABT|BSX|GMED|HCA|ISRG|JNJ|MDT|SYK|TFX|ZBH,ABT|BSX|GMED|HCA|ISRG|JNJ|MDT|SYK|TFX|ZBH
SNOA,10,6,1.63,-6.72,8.7,0.0,-8.969999999999999,-14.829999999999998,10.599999999999998,8.11,3.4099999999999993,0.8333333333333334,ADMA|CBIO|CLDX|CUTR|DERM|EVOK|KURA|PBYI|VRNA|XOMA,ADMA|CBIO|CLDX|DERM|KURA|PBYI
SNOW,10,9,-2.11,4.49,45.89,-1.06,-1.58,-1.22,-0.5299999999999998,5.71,33.42,0.4444444444444444,AMZN|DDOG|ESTC|GOOGL|IBM|INFA|MDB|MSFT|ORCL|SAP,AMZN|DDOG|ESTC|GOOGL|IBM|MDB|MSFT|ORCL|SAP
SNPS,8,7,6.93,-0.3,-10.43,-1.33,-1.21,-4.03,8.14,3.7300000000000004,-24.28,0.7142857142857143,ADSK|ANSS|CDNS|INTC|MSFT|ORCL|PCTY|SAP,ADSK|CDNS|INTC|MSFT|ORCL|PCTY|SAP
SNT,10,8,-1.44,-14.58,-24.63,0.0,1.73,10.49,-3.17,-25.07,-56.14,0.375,ADT|ALRM|CSCO|HPE|JNPR|OKTA|PANW|RPD|VRNT|ZS,ADT|ALRM|CSCO|HPE|OKTA|PANW|RPD|ZS
SNTG,10,10,-7.06,-4.62,-20.67,-2.37,-1.365,-18.549999999999997,-5.694999999999999,13.929999999999996,5.139999999999997,0.3,FINV|HTT|JFIN|LX|PAGS|QFIN|SOS|TIGR|XYF|YRD,FINV|HTT|JFIN|LX|PAGS|QFIN|SOS|TIGR|XYF|YRD
SNTI,10,8,10.83,-11.26,-67.58,2.63,-0.41,-9.36,11.24,-1.9000000000000004,-71.645,1.0,BEAM|BLUE|CRSP|EDIT|FATE|GILD|IOVA|NRIX|NTLA|SGMO,BEAM|CRSP|EDIT|FATE|GILD|IOVA|NRIX|NTLA
SNWV,0,0,11.49,-0.32,-45.1,0.0,,,,,,,,
SNX,10,9,10.55,16.28,5.29,1.53,-0.1,4.4,10.65,11.88,-5.670000000000001,1.0,ANET|ARW|AVT|CSCO|DELL|HPE|JNPR|MSI|ORCL|WDC,ANET|ARW|AVT|CSCO|DELL|HPE|MSI|ORCL|WDC
SNY,10,10,-3.73,-9.76,-0.65,-0.31,-0.039999999999999994,-5.16,-3.69,-4.6,-10.805,0.0,ABBV|AMGN|AZN|BMY|GSK|JNJ|LLY|MRK|NVS|PFE,ABBV|AMGN|AZN|BMY|GSK|JNJ|LLY|MRK|NVS|PFE
SNYR,0,0,-67.02,-13.4,-56.68,0.0,,,,,,,,
SO,10,10,-3.76,-7.19,-12.94,0.04,-4.109999999999999,-8.025,0.34999999999999964,0.835,-0.6850000000000005,0.7,AEP|D|DUK|ED|ES|EXC|NEE|PCG|PNW|XEL,AEP|D|DUK|ED|ES|EXC|NEE|PCG|PNW|XEL
SOAR,9,8,-2.46,14.26,18.97,-2.56,1.505,-5.91,-3.965,20.17,42.01,0.25,AAL|ALGT|ALK|DAL|JBLU|LUV|SAVE|SKYW|UAL,AAL|ALGT|ALK|DAL|JBLU|LUV|SKYW|UAL
SOBO,0,0,-3.29,-7.85,-3.99,0.0,,,,,,,,
SOC,10,8,-2.3,-9.77,-44.01,2.41,-1.78,0.5349999999999999,-0.5199999999999998,-10.305,-60.275,0.375,APA|COP|CVX|DVN|EOG|FANG|HES|MRO|OXY|XOM,APA|COP|CVX|DVN|EOG|FANG|OXY|XOM
SOCA,0,0,-0.05,0.0,0.58,0.0,,,,,,,,
SOFI,10,9,-2.03,-13.74,-5.26,-0.97,-4.53,-16.08,2.5000000000000004,2.339999999999998,6.890000000000001,0.8888888888888888,AFRM|ALLY|COF|FIS|LC|NRDS|PYPL|RKT|TREE|UPST,AFRM|ALLY|COF|FIS|NRDS|PYPL|RKT|TREE|UPST
SOGP,10,10,2.9,-6.47,8.03,0.0,-0.795,-0.8799999999999999,3.695,-5.59,-3.2750000000000004,0.9,AAPL|ADBE|AMZN|GOOGL|INTC|MSFT|NFLX|NVDA|PYPL|TSLA,AAPL|ADBE|AMZN|GOOGL|INTC|MSFT|NFLX|NVDA|PYPL|TSLA
SOHU,10,10,-3.71,-9.77,8.17,0.0,1.045,-7.275,-4.755,-2.494999999999999,2.49,0.0,ATHM|BABA|BIDU|BZUN|FUTU|JD|JOYY|NTES|VIPS|WB,ATHM|BABA|BIDU|BZUN|FUTU|JD|JOYY|NTES|VIPS|WB
SOLS,0,0,-0.1,5.76,-32.41,1.31,,,,,,,,
SOLV,10,10,0.88,-3.61,13.32,-0.08,0.19,-7.0600000000000005,0.69,3.4500000000000006,20.925,0.6,ALB|AVNT|AXTA|CC|ECL|FUL|PPG|RPM|SHW|VAL,ALB|AVNT|AXTA|CC|ECL|FUL|PPG|RPM|SHW|VAL
SON,10,8,4.59,-11.93,-5.44,0.0,-0.705,-10.0,5.295,-1.9299999999999997,0.3099999999999996,1.0,AVY|BALL|BERY|GPK|IP|MYE|OI|PKG|SEE|SLGN,AVY|BALL|GPK|IP|MYE|OI|PKG|SLGN
SONM,10,10,39.53,26.49,-12.5,14.4,-2.355,-2.44,41.885,28.93,-7.595,1.0,AVNW|BB|CSCO|CURV|ERIC|IDCC|NOK|QCOM|UI|VZ,AVNW|BB|CSCO|CURV|ERIC|IDCC|NOK|QCOM|UI|VZ
SONO,10,8,9.62,10.97,21.54,0.0,-0.405,0.17000000000000015,10.024999999999999,10.8,20.205,0.875,AAPL|ALGM|AMZN|BHE|DENN|GOOGL|LGF-A|LOGI|UEIC|VZ,AAPL|ALGM|AMZN|BHE|GOOGL|LOGI|UEIC|VZ
SONY,10,8,-3.06,-3.95,19.57,-0.43,-1.7349999999999999,-4.56,-1.3250000000000002,0.6099999999999994,12.41,0.25,AAPL|AMZN|DIS|EA|GOOGL|LGF-A|MSFT|NFLX|ROKU|TTWO,AAPL|AMZN|DIS|GOOGL|MSFT|NFLX|ROKU|TTWO
SOPH,10,9,1.32,-4.38,46.38,0.0,0.81,0.44,0.51,-4.82,43.82,0.6666666666666666,CRSP|DNA|EDIT|GH|ILMN|NTLA|OMIC|PACB|QGEN|TXG,CRSP|DNA|EDIT|GH|ILMN|NTLA|PACB|QGEN|TXG
SORA,0,0,-1.32,3.23,4.67,0.0,,,,,,,,
SOS,10,7,-61.71,-69.51,-72.06,-14.81,10.33,10.7,-72.04,-80.21000000000001,-61.0,0.0,ANY|ARBK|BITF|BTBT|CAN|EBON|HUT|MARA|RIOT|SLAI,ARBK|BTBT|CAN|EBON|HUT|MARA|RIOT
SOTK,10,10,8.97,-8.82,-7.6,0.0,9.615,3.1950000000000003,-0.6449999999999996,-12.015,15.334999999999999,0.5,ASYS|AXTI|COHU|FORM|KLIC|LITE|MKSI|ONTO|UCTT|VECO,ASYS|AXTI|COHU|FORM|KLIC|LITE|MKSI|ONTO|UCTT|VECO
SOUL,0,0,0.0,0.19,1.06,0.0,,,,,,,,
SOUN,10,10,-1.17,-15.89,-4.51,-1.33,-2.0,1.08,0.8300000000000001,-16.97,-31.504999999999995,0.6,AI|ASAN|CRM|CRNC|GOOGL|IBM|MSFT|NCNO|NVDA|PLTR,AI|ASAN|CRM|CRNC|GOOGL|IBM|MSFT|NCNO|NVDA|PLTR
SOWG,9,8,-12.59,-19.48,-3.85,0.0,-4.27,-13.66,-8.32,-5.82,16.379999999999995,0.125,BYND|DNUT|LWAY|MZTI|NATR|PRMW|SFM|SMPL|UNFI,BYND|DNUT|LWAY|MZTI|NATR|SFM|SMPL|UNFI
SPAI,0,0,-2.41,-15.24,12.66,-1.77,,,,,,,,
SPB,10,10,-0.09,-2.11,0.31,0.0,0.27,-6.67,-0.36,4.5600000000000005,1.45,0.4,CHD|CLX|EL|ENR|HAS|HRL|JAKK|KMB|NWL|PG,CHD|CLX|EL|ENR|HAS|HRL|JAKK|KMB|NWL|PG
SPCB,10,10,-1.84,-11.29,-10.46,0.0,-0.215,-11.035,-1.625,-0.254999999999999,-2.950000000000001,0.3,ADT|ALLE|AQMS|BKYI|INVE|NSSC|ONDS|RVSN|VRME|VTSI,ADT|ALLE|AQMS|BKYI|INVE|NSSC|ONDS|RVSN|VRME|VTSI
SPCE,10,8,-0.96,3.7,23.2,-1.28,-2.165,-5.5,1.205,9.2,27.595,0.625,BA|GD|IRDM|LLAP|LMT|NOC|NOVA|RKLB|SPIR|TXT,BA|GD|IRDM|LMT|NOC|RKLB|SPIR|TXT
SPEG,0,0,0.19,0.0,1.07,0.0,,,,,,,,
SPFI,10,8,-1.24,-2.05,2.18,0.0,-2.715,-4.605,1.4749999999999999,2.5550000000000006,7.8149999999999995,0.875,ABCB|BANF|CASH|EBTC|EFSC|FIBK|FMBH|HTLF|SFNC|SYBT,ABCB|BANF|CASH|EFSC|FIBK|FMBH|SFNC|SYBT
SPG,7,6,-1.21,-7.76,-10.42,-1.06,-0.36,-5.609999999999999,-0.85,-2.1500000000000004,-0.6699999999999999,0.3333333333333333,BFS|CBL|FRT|KIM|MAC|REG|WSR,BFS|CBL|FRT|KIM|MAC|REG
SPGI,10,9,0.46,-6.24,8.62,-0.13,1.89,-3.45,-1.43,-2.79,2.889999999999999,0.3333333333333333,DNB|FCN|FDS|ICE|IHS|INFO|MCO|MSCI|NDAQ|VRSK,FCN|FDS|ICE|IHS|INFO|MCO|MSCI|NDAQ|VRSK
SPH,10,10,-2.59,-6.65,-1.95,0.0,-2.385,-4.6850000000000005,-0.20500000000000007,-1.9649999999999999,-4.8500000000000005,0.4,ATO|CCEC|CQP|E|NJR|OKE|PBA|SRE|UGI|UGP,ATO|CCEC|CQP|E|NJR|OKE|PBA|SRE|UGI|UGP
SPHL,0,0,33.87,29.5,14.13,37.57,,,,,,,,
SPHR,10,9,-6.04,-14.81,-15.6,0.21,-0.51,-8.87,-5.53,-5.940000000000001,-26.38,0.0,AMCX|CMCSA|CNK|DIS|FUBO|IMAX|LGF-A|LYV|NFLX|ROKU,AMCX|CMCSA|CNK|DIS|FUBO|IMAX|LYV|NFLX|ROKU
SPIR,10,9,-3.5,-14.68,-26.74,-4.06,0.61,1.21,-4.11,-15.89,-30.58,0.2222222222222222,BA|GSAT|IRDM|PL|RDW|RKLB|SATL|SATX|SPCE|TRMB,BA|GSAT|IRDM|PL|RDW|RKLB|SATL|SPCE|TRMB
SPKL,0,0,0.17,0.48,-5.27,0.0,,,,,,,,
SPMC,10,9,-8.6,-9.09,-12.5,0.0,-1.49,-6.42,-7.109999999999999,-2.67,-18.85,0.0,APO|ARES|BX|CGBD|CIF|HTGC|KKR|NMFC|TCPC|TPVG,APO|ARES|BX|CGBD|HTGC|KKR|NMFC|TCPC|TPVG
SPNT,10,10,3.88,5.83,8.45,0.0,-2.23,-1.8599999999999999,6.109999999999999,7.6899999999999995,9.08,1.0,ACGL|AFL|AIG|ALL|HIG|MET|RNR|TEAD|TRV|WRB,ACGL|AFL|AIG|ALL|HIG|MET|RNR|TEAD|TRV|WRB
SPOK,10,10,-0.96,-2.6,-1.34,-0.96,-1.835,-7.465,0.875,4.865,8.35,0.6,AD|ADTN|CALX|CMTL|CSCO|ERIC|INTC|T|TMUS|VZ,AD|ADTN|CALX|CMTL|CSCO|ERIC|INTC|T|TMUS|VZ
SPOT,10,10,-4.12,-8.24,14.92,-0.66,-1.7349999999999999,-6.574999999999999,-2.3850000000000002,-1.665000000000001,11.705,0.3,AAPL|AMZN|DIS|GOOGL|LYV|NFLX|ROKU|SIRI|SNAP|TME,AAPL|AMZN|DIS|GOOGL|LYV|NFLX|ROKU|SIRI|SNAP|TME
SPPL,10,9,14.81,-4.82,-41.67,0.0,1.21,10.35,13.600000000000001,-15.17,-108.86,1.0,APPN|ASAN|CXM|MDB|NOW|OKTA|PD|SMAR|TEAM|ZS,APPN|ASAN|CXM|MDB|NOW|OKTA|PD|TEAM|ZS
SPPP,4,4,-0.36,-6.37,13.77,0.0,-4.9399999999999995,-16.66,4.579999999999999,10.29,31.775,1.0,NCMI|PAL|PDLB|PLG,NCMI|PAL|PDLB|PLG
SPRB,0,0,-8.76,-15.75,-4.73,0.0,,,,,,,,
SPRC,10,8,9.66,-27.06,-20.26,-2.59,4.51,-9.885,5.15,-17.174999999999997,-17.21,0.75,AFMD|BCTX|BFRG|CMND|GOVX|HCWB|MRKR|MTVA|QNTM|SYBX,BCTX|BFRG|CMND|GOVX|HCWB|MRKR|MTVA|QNTM
SPRO,10,9,14.89,4.62,-36.3,2.13,0.99,-4.65,13.9,9.27,-26.279999999999998,1.0,AMRX|ANIP|AVIR|CBIO|CDTX|CSBR|DSGN|FENC|HURA|TVRD,AMRX|ANIP|AVIR|CBIO|CSBR|DSGN|FENC|HURA|TVRD
SPRU,9,8,26.99,-3.27,-19.46,7.81,-6.265,-10.879999999999999,33.254999999999995,7.609999999999999,13.735,1.0,ARRY|CSIQ|ENPH|FSLR|JKS|MAXN|NEE|RUN|SEDG,ARRY|CSIQ|ENPH|FSLR|JKS|NEE|RUN|SEDG
SPRY,10,10,0.36,-21.87,-60.34,0.0,-6.109999999999999,-13.344999999999999,6.47,-8.525000000000002,-45.0,0.9,ALNY|ARWR|ASND|ENTA|IONS|NBIX|RARE|RNA|SRPT|VRTX,ALNY|ARWR|ASND|ENTA|IONS|NBIX|RARE|RNA|SRPT|VRTX
SPSC,10,10,0.88,0.61,45.49,-0.3,-2.635,-2.855,3.5149999999999997,3.465,13.145000000000003,0.9,ADBE|AMZN|CRM|INTU|MANH|MSFT|ORCL|SAP|SHOP|WDAY,ADBE|AMZN|CRM|INTU|MANH|MSFT|ORCL|SAP|SHOP|WDAY
SPT,10,10,-11.67,-3.72,48.58,0.0,-0.875,5.83,-10.795,-9.55,-4.175000000000004,0.0,ADBE|CRM|DOCU|HUBS|MSFT|NOW|TEAM|TWLO|WDAY|ZM,ADBE|CRM|DOCU|HUBS|MSFT|NOW|TEAM|TWLO|WDAY|ZM
SPWH,10,8,12.73,8.77,0.0,0.0,0.645,-6.49,12.085,15.26,16.275,1.0,BGFV|COLM|CROX|DECK|DKS|GOLF|LULU|NKE|TTSH|VFC,COLM|CROX|DECK|DKS|GOLF|LULU|NKE|VFC
SPWR,10,9,-14.52,2.65,-51.64,0.67,-6.74,-9.9,-7.779999999999999,12.55,-21.37,0.0,ARRY|CSIQ|ENPH|FSLR|JKS|MAXN|RUN|SEDG|TSLA|XIFR,ARRY|CSIQ|ENPH|FSLR|JKS|RUN|SEDG|TSLA|XIFR
SPXC,10,10,-3.89,-14.07,-29.38,-0.51,4.795,-0.135,-8.685,-13.935,-28.825,0.0,AIT|AME|DOV|EMR|ETN|IEX|IR|JCI|ROK|XYL,AIT|AME|DOV|EMR|ETN|IEX|IR|JCI|ROK|XYL
SQFT,10,10,-5.38,-16.89,-51.76,-10.22,-1.335,-11.295,-4.045,-5.595000000000001,-45.004999999999995,0.0,BXP|CUZ|FRT|HIW|HPP|NNN|O|REG|SLG|VNO,BXP|CUZ|FRT|HIW|HPP|NNN|O|REG|SLG|VNO
SQM,10,9,-4.79,-13.7,-6.5,-1.04,-2.82,-11.37,-1.9700000000000002,-2.33,11.100000000000001,0.1111111111111111,ALB|ASX|AVD|CMP|FMC|LAC|MOS|PLL|SGML|SVM,ALB|ASX|AVD|CMP|FMC|LAC|MOS|SGML|SVM
SQNS,10,10,1.71,-1.0,-3.26,0.0,3.54,4.699999999999999,-1.83,-5.699999999999999,5.770000000000001,0.3,AMD|AVGO|INTC|MRVL|NVDA|NXPI|QCOM|STM|SWKS|TXN,AMD|AVGO|INTC|MRVL|NVDA|NXPI|QCOM|STM|SWKS|TXN
SR,10,10,-3.14,-6.05,-2.63,0.0,-3.615,-5.85,0.4750000000000001,-0.20000000000000018,10.615000000000002,0.8,AEE|ATO|CMS|DTE|NI|NWN|OGS|PNW|UGI|WEC,AEE|ATO|CMS|DTE|NI|NWN|OGS|PNW|UGI|WEC
SRAD,10,9,5.99,1.47,-9.34,-0.53,-5.61,-13.69,11.600000000000001,15.16,0.2900000000000009,0.8888888888888888,BALY|CHDN|CZR|DKNG|GAN|GENI|MGM|PENN|RSI|SGHC,BALY|CHDN|CZR|DKNG|GENI|MGM|PENN|RSI|SGHC
SRBK,10,9,-1.54,-1.99,-0.98,0.0,-3.44,-7.5,1.9,5.51,7.1899999999999995,0.8888888888888888,BAC|BK|C|GS|JPM|MS|PNC|TFC|USB|WFC,BAC|C|GS|JPM|MS|PNC|TFC|USB|WFC
SRCE,10,10,-1.82,-1.96,5.12,0.0,-2.58,-5.58,0.76,3.62,6.375,0.9,CFFN|FNB|GBCI|HOMB|NKSH|PB|SFBS|UBSI|WSBC|WTFC,CFFN|FNB|GBCI|HOMB|NKSH|PB|SFBS|UBSI|WSBC|WTFC
SRE,10,10,-3.87,-5.99,-15.44,0.0,-4.05,-7.68,0.17999999999999972,1.6899999999999995,-2.7799999999999994,0.7,AEP|D|DUK|ED|EXC|NEE|PEG|PPL|SO|XEL,AEP|D|DUK|ED|EXC|NEE|PEG|PPL|SO|XEL
SRFM,9,8,37.81,31.44,-3.85,-1.0,1.505,-5.9399999999999995,36.305,37.38,19.189999999999998,1.0,AAL|ALK|AZUL|DAL|JBLU|LUV|SAVE|SKYW|UAL,AAL|ALK|AZUL|DAL|JBLU|LUV|SKYW|UAL
SRG,10,9,-5.13,-12.32,-28.85,0.0,-1.21,-7.76,-3.92,-4.5600000000000005,-18.29,0.0,AKR|BFS|CBL|FRT|KIM|MAC|REG|ROIC|SPG|UE,AKR|BFS|CBL|FRT|KIM|MAC|REG|SPG|UE
SRI,10,9,-1.13,-2.37,0.43,0.0,-1.92,-5.8,0.79,3.4299999999999997,11.629999999999999,0.6666666666666666,ADNT|ALV|APTV|AXL|BWA|LEA|MGA|MOD|TEN|VC,ADNT|ALV|APTV|BWA|LEA|MGA|MOD|TEN|VC
SRL,10,9,-0.48,-10.29,-14.61,0.0,-1.65,-1.83,1.17,-8.459999999999999,-13.19,0.7777777777777778,ENB|ENLC|EPD|ET|KMI|MPLX|OKE|PBA|TRP|WMB,ENB|EPD|ET|KMI|MPLX|OKE|PBA|TRP|WMB
SRPT,10,8,-7.98,0.53,18.73,0.37,0.020000000000000004,-5.44,-8.0,5.970000000000001,18.91,0.0,ALNY|BLUE|BMRN|EXEL|IONS|PFE|PRTA|PTCT|RDUS|VRTX,ALNY|BMRN|EXEL|IONS|PFE|PRTA|PTCT|VRTX
SRRK,10,8,1.37,-14.7,-7.62,-0.32,-5.1,-7.9,6.47,-6.799999999999999,-3.8100000000000005,0.75,BLUE|BMRN|FOLD|IONS|NBIX|RARE|REGN|SRPT|TVRD|VRTX,BMRN|IONS|NBIX|RARE|REGN|SRPT|TVRD|VRTX
SRTA,10,9,-0.37,-13.41,0.0,-0.37,1.39,-5.04,-1.7599999999999998,-8.370000000000001,21.48,0.3333333333333333,AAL|ALGT|ALK|CPA|DAL|JBLU|LUV|SAVE|SKYW|UAL,AAL|ALGT|ALK|CPA|DAL|JBLU|LUV|SKYW|UAL
SRTS,10,8,-1.3,-13.18,0.0,0.0,3.0100000000000002,-6.635,-4.3100000000000005,-6.545,7.8100000000000005,0.25,ARAY|CUTR|CYRX|HOLX|ICUI|INMD|IRIX|OSUR|STXS|TMO,ARAY|CYRX|ICUI|INMD|IRIX|OSUR|STXS|TMO
SRXH,9,9,4.96,-5.54,-67.96,0.02,-2.78,-10.86,7.74,5.319999999999999,-59.739999999999995,0.8888888888888888,BRBR|BV|CENT|FRPT|HELE|JWEL|MNST|NOMD|SMPL,BRBR|BV|CENT|FRPT|HELE|JWEL|MNST|NOMD|SMPL
SRZN,10,9,-4.55,-32.58,-34.71,0.0,-0.41,-9.1,-4.14,-23.479999999999997,-35.07,0.2222222222222222,ALNY|ARWR|BIIB|BLUE|CRSP|EDIT|IONS|NTLA|SRPT|VRTX,ALNY|ARWR|BIIB|CRSP|EDIT|IONS|NTLA|SRPT|VRTX
SSB,10,10,-2.16,-4.95,1.87,0.0,-3.44,-6.755000000000001,1.2799999999999998,1.8050000000000006,10.435000000000002,0.8,BOKF|CFR|FHN|HBAN|KEY|PNC|RF|SFNC|WSBC|WTFC,BOKF|CFR|FHN|HBAN|KEY|PNC|RF|SFNC|WSBC|WTFC
SSBI,10,10,-0.33,-3.6,-10.91,0.0,-2.89,-2.7350000000000003,2.56,-0.8649999999999998,-11.415000000000001,1.0,CZNC|FMBH|FUNC|FVCB|HBT|OPBK|PEBK|RBB|SFBC|VLY,CZNC|FMBH|FUNC|FVCB|HBT|OPBK|PEBK|RBB|SFBC|VLY
SSD,10,9,1.66,-6.67,-15.28,0.0,-0.16,-7.82,1.8199999999999998,1.1500000000000004,-2.41,0.7777777777777778,AMWD|BLDR|DHI|LPX|MAS|MTH|NVR|OC|PHM|TREX,BLDR|DHI|LPX|MAS|MTH|NVR|OC|PHM|TREX
SSEA,0,0,0.43,0.39,1.56,0.0,,,,,,,,
SSII,0,0,-4.89,-11.14,-11.65,0.0,,,,,,,,
SSL,10,9,1.13,24.89,40.89,0.07,-3.29,1.43,4.42,23.46,20.17,1.0,COP|CVX|EOG|FANG|HES|MPC|OXY|PSX|VLO|XOM,COP|CVX|EOG|FANG|MPC|OXY|PSX|VLO|XOM
SSM,0,0,-23.29,-60.14,-73.77,-4.27,,,,,,,,
SSNC,10,10,-0.4,-3.94,26.5,0.0,-3.1,-8.915,2.7,4.975,-2.7650000000000006,0.9,ADSK|BLKB|FIS|INTU|PAYC|PAYX|PCTY|SAP|TYL|VEEV,ADSK|BLKB|FIS|INTU|PAYC|PAYX|PCTY|SAP|TYL|VEEV
SSP,10,8,-3.82,-9.04,7.47,0.0,-1.41,-10.09,-2.41,1.0500000000000007,12.32,0.25,CHTR|CMLS|FOX|GTN|NXST|ROKU|SBGI|TGNA|TMUS|TTWO,CHTR|FOX|GTN|NXST|ROKU|SBGI|TMUS|TTWO
SSRM,10,10,-0.95,-8.7,25.79,-1.38,-3.865,-13.655000000000001,2.915,4.955000000000002,4.890000000000001,0.9,AEM|B|EGO|GFI|HL|IAG|KGC|NEM|NG|PAAS,AEM|B|EGO|GFI|HL|IAG|KGC|NEM|NG|PAAS
SST,10,10,1.29,62.69,31.93,0.0,-2.94,-6.949999999999999,4.23,69.64,20.259999999999998,1.0,ADBE|AMZN|CRM|GOOGL|INTU|MSFT|NFLX|ORCL|PYPL|ZM,ADBE|AMZN|CRM|GOOGL|INTU|MSFT|NFLX|ORCL|PYPL|ZM
SSTI,10,10,-4.86,-5.65,-31.57,0.0,3.95,15.3,-8.81,-20.950000000000003,-70.11500000000001,0.0,AXON|DT|OKTA|PANW|QLYS|RPD|TENB|VERI|VRNS|ZS,AXON|DT|OKTA|PANW|QLYS|RPD|TENB|VERI|VRNS|ZS
SSTK,10,10,-12.96,-19.78,-69.7,0.0,-1.905,-12.615,-11.055000000000001,-7.165000000000001,-75.85000000000001,0.0,AAPL|ADBE|ETSY|GETY|GOOGL|MSFT|NFLX|PINS|SNAP|ZM,AAPL|ADBE|ETSY|GETY|GOOGL|MSFT|NFLX|PINS|SNAP|ZM
SSYS,10,8,-0.63,0.51,-4.56,-1.0,0.365,3.22,-0.995,-2.71,-21.145,0.375,ADSK|DDD|DM|MKFG|MTLS|NNDM|PRLB|PTC|SNOW|VIVS,ADSK|DDD|MTLS|NNDM|PRLB|PTC|SNOW|VIVS
ST,10,10,-1.78,-1.61,-15.64,-0.05,3.985,0.32,-5.765,-1.9300000000000002,-9.67,0.1,AMPH|FLEX|GRMN|HON|IEX|LDOS|ON|RBC|TDY|TER,AMPH|FLEX|GRMN|HON|IEX|LDOS|ON|RBC|TDY|TER
STAA,10,10,-6.78,-14.58,-36.56,0.0,-0.435,-8.435,-6.345000000000001,-6.145,-34.485,0.0,ABT|ALGN|BSX|EW|EYE|ISRG|JNJ|MDT|NVS|SYK,ABT|ALGN|BSX|EW|EYE|ISRG|JNJ|MDT|NVS|SYK
STAG,10,10,-1.76,-0.73,-5.78,0.0,-0.71,-5.35,-1.05,4.619999999999999,0.8300000000000001,0.3,CIA|CPT|DEI|EGP|FR|MLP|PLD|PSA|REXR|TRNO,CIA|CPT|DEI|EGP|FR|MLP|PLD|PSA|REXR|TRNO
STAK,0,0,-8.89,-27.25,-75.93,3.71,,,,,,,,
STBA,10,10,-1.52,-2.29,1.09,0.0,-2.75,-3.5300000000000002,1.23,1.2400000000000002,0.19500000000000006,0.9,FFBC|FNB|HBNC|MBWM|ONB|PEBO|TMP|UBSI|WASH|WSBC,FFBC|FNB|HBNC|MBWM|ONB|PEBO|TMP|UBSI|WASH|WSBC
STC,10,10,-5.48,-11.37,-8.93,0.0,-2.44,-5.779999999999999,-3.0400000000000005,-5.59,-12.725,0.0,CIM|ESNT|FAF|FNF|HTGC|ITIC|MTG|ORC|RCG|RPT,CIM|ESNT|FAF|FNF|HTGC|ITIC|MTG|ORC|RCG|RPT
STE,9,9,-1.05,-12.93,-2.25,-1.96,1.76,-4.94,-2.81,-7.989999999999999,-4.08,0.2222222222222222,ABT|BDX|BSX|DHR|HSIC|ISRG|SYK|WST|ZBH,ABT|BDX|BSX|DHR|HSIC|ISRG|SYK|WST|ZBH
STEM,9,7,-14.54,-30.04,-48.72,0.0,-5.08,-8.39,-9.459999999999999,-21.65,-19.259999999999998,0.0,AES|AY|CSIQ|ENPH|FSLR|NEE|NOVA|RUN|SEDG,AES|CSIQ|ENPH|FSLR|NEE|RUN|SEDG
STEP,10,10,-6.75,-8.48,9.35,0.0,-1.22,-7.445,-5.53,-1.0350000000000001,5.16,0.0,APO|ARES|BX|CG|FSK|ICMB|KKR|NMFC|PAGP|TPVG,APO|ARES|BX|CG|FSK|ICMB|KKR|NMFC|PAGP|TPVG
STEX,0,0,30.95,10.17,12.67,0.0,,,,,,,,
STFS,0,0,0.32,-16.01,-73.44,0.0,,,,,,,,
STG,10,9,0.34,-2.35,-28.85,0.0,-0.2,-0.86,0.54,-1.4900000000000002,-56.17,0.5555555555555556,ATHM|BEDU|CHGG|DAO|EDU|FEDU|GOTU|LX|TAL|YQ,ATHM|CHGG|DAO|EDU|FEDU|GOTU|LX|TAL|YQ
STGW,10,9,1.2,-3.44,23.86,-0.83,-4.06,-6.7,5.26,3.2600000000000002,7.07,0.8888888888888888,ACN|EXPO|FCN|HHS|IPG|IT|OMC|PRSU|QUAD|WPP,ACN|EXPO|FCN|HHS|IT|OMC|PRSU|QUAD|WPP
STHO,10,10,-2.81,-7.7,-0.11,0.0,-0.625,-9.695,-2.185,1.995,-3.7949999999999995,0.2,APO|ARES|BAM|BX|CG|CNS|IVZ|KKR|PAGP|TROW,APO|ARES|BAM|BX|CG|CNS|IVZ|KKR|PAGP|TROW
STI,10,10,0.64,-10.04,-46.81,-1.9,5.8100000000000005,4.205,-5.170000000000001,-14.245,-36.760000000000005,0.0,ADI|AMAT|AMD|AVGO|INTC|LRCX|MU|NVDA|QCOM|TXN,ADI|AMAT|AMD|AVGO|INTC|LRCX|MU|NVDA|QCOM|TXN
STIM,9,7,4.35,-0.35,128.57,0.0,0.18,-3.04,4.17,2.69,149.87,0.7142857142857143,BLDR|CANF|COHR|GNFT|NOVA|NVCR|SENS|XERS|XFOR,BLDR|CANF|COHR|NVCR|SENS|XERS|XFOR
STKE,0,0,40.69,19.05,59.12,1.15,,,,,,,,
STKH,10,9,-0.14,-41.28,-2.74,2.04,-2.94,-11.49,2.8,-29.79,6.539999999999999,1.0,BRFS|BYND|CAG|HRL|KHC|MZTI|NOMD|POST|PPC|TSN,BYND|CAG|HRL|KHC|MZTI|NOMD|POST|PPC|TSN
STKS,9,9,7.19,-0.61,-12.77,0.0,5.63,-18.91,1.5600000000000005,18.3,-12.77,0.8888888888888888,BJRI|BLMN|CAKE|DIN|DRI|EAT|PLAY|RRGB|TXRH,BJRI|BLMN|CAKE|DIN|DRI|EAT|PLAY|RRGB|TXRH
STLA,10,10,-8.71,-12.36,-19.69,-0.22,-3.2350000000000003,-5.76,-5.4750000000000005,-6.6,-19.845000000000002,0.0,F|GM|HMC|LCID|LI|NIO|RIVN|TM|TSLA|XPEV,F|GM|HMC|LCID|LI|NIO|RIVN|TM|TSLA|XPEV
STLD,7,5,-4.42,1.48,-6.57,0.09,-2.45,-0.63,-1.9699999999999998,2.11,-3.49,0.2,ATI|CMC|MT|NUE|RS|X|ZEUS,ATI|CMC|MT|NUE|RS
STM,10,10,4.65,2.85,-32.06,-3.03,3.215,1.48,1.4350000000000005,1.37,-23.39,0.6,ADI|AVGO|MCHP|MPWR|NXPI|ON|QRVO|SLAB|SWKS|TXN,ADI|AVGO|MCHP|MPWR|NXPI|ON|QRVO|SLAB|SWKS|TXN
STN,10,9,-0.14,-3.82,3.99,0.0,-2.78,-5.33,2.6399999999999997,1.5100000000000002,5.93,0.7777777777777778,ACM|FLR|GVA|ICFI|J|KBR|NVEE|PWR|TOL|TTEK,ACM|FLR|GVA|ICFI|J|KBR|PWR|TOL|TTEK
STNE,10,10,-0.35,-0.66,-9.96,2.38,-2.185,-10.395,1.835,9.735,-13.145000000000001,0.9,AFRM|EVR|FIS|GPN|ITT|JPM|MA|PYPL|V|XYZ,AFRM|EVR|FIS|GPN|ITT|JPM|MA|PYPL|V|XYZ
STNG,10,10,-6.96,5.88,8.32,0.6,-5.355,3.935,-1.6049999999999995,1.9449999999999998,-8.71,0.2,ASC|DHT|ESEA|FRO|GASS|HASI|INSW|NAT|SFL|TNK,ASC|DHT|ESEA|FRO|GASS|HASI|INSW|NAT|SFL|TNK
STOK,10,9,-6.45,-19.21,-14.08,0.0,-0.41,-9.62,-6.04,-9.590000000000002,1.3100000000000005,0.2222222222222222,ALNY|ARWR|CRSP|EDIT|FOLD|NTLA|PTCT|RARE|SRPT|VRTX,ALNY|ARWR|CRSP|EDIT|NTLA|PTCT|RARE|SRPT|VRTX
STRA,10,9,-2.64,-8.99,2.21,0.08,-2.2,-7.51,-0.43999999999999995,-1.4800000000000004,9.61,0.4444444444444444,APEI|ATGE|CHGG|EXLS|LAUR|LOPE|LRN|NRDY|PRDO|UTI,APEI|CHGG|EXLS|LAUR|LOPE|LRN|NRDY|PRDO|UTI
STRC,0,0,0.78,2.85,34.98,-0.01,,,,,,,,
STRL,10,10,-3.11,0.74,-44.44,-4.3,-2.2350000000000003,-6.12,-0.8749999999999996,6.86,-27.374999999999996,0.3,ACM|DY|EME|FLR|GVA|J|MTZ|PRIM|ROAD|TTEK,ACM|DY|EME|FLR|GVA|J|MTZ|PRIM|ROAD|TTEK
STRO,10,6,1.61,-26.63,-46.77,0.0,-0.925,-12.45,2.535,-14.18,-35.14,1.0,ADAP|ARVN|BCYC|IMTX|KPTI|NCNA|ONCT|PSTX|SRRK|SYBX,ARVN|BCYC|IMTX|KPTI|NCNA|SRRK
STRR,10,10,2.63,2.23,-6.48,0.0,-2.055,-6.33,4.6850000000000005,8.56,-33.849999999999994,0.8,BBSI|CTAS|HQI|INSW|KELYA|MAN|NSP|RCMT|RHI|TBI,BBSI|CTAS|HQI|INSW|KELYA|MAN|NSP|RCMT|RHI|TBI
STRT,10,10,-2.26,-13.76,-16.85,0.0,-2.34,-5.99,0.08000000000000007,-7.77,-6.130000000000003,0.5,ADNT|ALV|BWA|DORM|GNTX|LEA|MGA|MOD|THRM|VC,ADNT|ALV|BWA|DORM|GNTX|LEA|MGA|MOD|THRM|VC
STRW,10,9,-0.51,-2.23,2.95,0.0,-1.11,-8.02,0.6000000000000001,5.789999999999999,14.09,0.7777777777777778,AKR|BRX|FRT|KIM|KRG|NNN|O|REG|ROIC|WPC,AKR|BRX|FRT|KIM|KRG|NNN|O|REG|WPC
STRZ,0,0,-10.92,-19.11,-8.73,0.0,,,,,,,,
STT,10,9,-1.7,-6.74,6.16,0.0,-1.5,-6.88,-0.19999999999999996,0.13999999999999968,6.13,0.4444444444444444,BAC|BEN|BK|BLK|GS|IVZ|JPM|NTRS|SCHW|TROW,BAC|BEN|BLK|GS|IVZ|JPM|NTRS|SCHW|TROW
STTK,9,6,8.16,-19.49,5.82,0.0,-4.83,-20.395,12.99,0.9050000000000011,14.98,1.0,ADAP|AFMD|ALDX|ALXO|DTIL|FATE|HOOK|IMTX|KURA,ALDX|ALXO|DTIL|FATE|IMTX|KURA
STUB,0,0,-11.11,-22.47,-54.17,-0.56,,,,,,,,
STVN,10,10,-3.73,-2.6,25.81,0.0,1.665,0.895,-5.395,-3.495,8.489999999999998,0.1,ABT|BDX|BIO|BRKR|DHR|ILMN|MMM|MTD|TMO|ZBH,ABT|BDX|BIO|BRKR|DHR|ILMN|MMM|MTD|TMO|ZBH
STWD,10,10,-2.06,-8.37,-11.08,0.48,-5.78,-13.73,3.72,5.360000000000001,2.5250000000000004,1.0,ABR|ACRE|ARI|BXMT|GPMT|KREF|LADR|RC|SLG|TRTX,ABR|ACRE|ARI|BXMT|GPMT|KREF|LADR|RC|SLG|TRTX
STX,10,10,12.02,9.49,-12.26,-2.62,4.845,4.699999999999999,7.175,4.790000000000001,-1.67,1.0,AMD|AVGO|INTC|MCHP|MRVL|MU|NVDA|QRVO|TXN|WDC,AMD|AVGO|INTC|MCHP|MRVL|MU|NVDA|QRVO|TXN|WDC
STXS,10,9,1.39,-7.24,-19.27,-0.92,-1.62,-9.37,3.01,2.129999999999999,-19.15,0.6666666666666666,ABT|BSX|EW|GMED|ISRG|JNJ|MASI|MDT|SYK|ZBH,ABT|BSX|EW|GMED|ISRG|JNJ|MDT|SYK|ZBH
STZ,8,8,-4.45,-13.34,-19.0,0.37,-1.2650000000000001,-7.515000000000001,-3.185,-5.824999999999999,-16.445,0.125,BAP|BF-B|BUD|CCBG|CCU|DEO|SAM|TAP,BAP|BF-B|BUD|CCBG|CCU|DEO|SAM|TAP
SU,10,9,-2.0,4.19,25.28,0.18,-3.29,1.43,1.29,2.7600000000000007,4.560000000000002,0.5555555555555556,COP|CVX|EOG|FANG|HES|MPC|OXY|PSX|VLO|XOM,COP|CVX|EOG|FANG|MPC|OXY|PSX|VLO|XOM
SUGP,10,9,-5.29,-59.38,-89.51,-1.73,-2.9,-10.06,-2.39,-49.32,-85.66000000000001,0.1111111111111111,AXP|BAC|BK|BLK|C|GS|JPM|MS|SCHW|WFC,AXP|BAC|BLK|C|GS|JPM|MS|SCHW|WFC
SUI,10,8,-2.24,-9.0,-6.35,0.0,-1.815,-10.625,-0.42500000000000027,1.625,1.875,0.25,AIV|AMH|AVB|CPT|ELS|EQR|ESS|INVH|MAA|UMH,AIV|AMH|CPT|ELS|ESS|INVH|MAA|UMH
SUIG,10,10,39.18,27.52,19.31,-5.44,-0.9850000000000001,-4.97,40.165,32.49,14.245,1.0,ARCC|FDUS|GLAD|HTGC|MAIN|NMFC|PFLT|PNNT|PSEC|TPVG,ARCC|FDUS|GLAD|HTGC|MAIN|NMFC|PFLT|PNNT|PSEC|TPVG
SUN,10,9,-4.76,0.62,15.98,0.0,-6.69,9.04,1.9300000000000006,-8.42,-35.36,0.7777777777777778,CVI|DK|MPC|MUR|NGL|PARR|PBF|PSX|RYI|VLO,CVI|DK|MPC|MUR|NGL|PARR|PBF|PSX|VLO
SUNC,0,0,-4.99,-0.14,22.08,0.0,,,,,,,,
SUNE,10,10,-11.68,16.29,0.78,0.0,-3.96,-6.59,-7.72,22.88,13.264999999999999,0.0,AWK|D|DUK|ED|NEE|PEG|PNW|SO|SRE|XEL,AWK|D|DUK|ED|NEE|PEG|PNW|SO|SRE|XEL
SUNS,10,10,-1.61,-3.42,-14.04,0.0,-1.4449999999999998,-9.555,-0.16500000000000026,6.135,-4.539999999999999,0.5,BXP|FRT|KIM|NNN|O|REG|SLG|SPG|VNO|WPC,BXP|FRT|KIM|NNN|O|REG|SLG|SPG|VNO|WPC
SUPN,10,8,4.86,-3.81,-3.88,0.0,-6.825,-10.795,11.685,6.984999999999999,9.605,1.0,ACAD|AXNX|DRRX|INSM|MNKD|NBIX|PTCT|TEVA|UTHR|XENE,ACAD|INSM|MNKD|NBIX|PTCT|TEVA|UTHR|XENE
SUPV,10,10,-9.08,-10.99,-18.61,0.0,-1.72,0.47,-7.36,-11.46,-25.03,0.0,BBAR|BBD|BCH|BMA|BSAC|GGAL|ITUB|KB|SHG|WF,BBAR|BBD|BCH|BMA|BSAC|GGAL|ITUB|KB|SHG|WF
SUPX,10,10,-4.96,-28.86,-3.11,2.47,-2.145,-0.18499999999999994,-2.815,-28.675,-18.625,0.2,AAPL|ADBE|AMZN|CRM|GOOGL|INTC|META|MSFT|NFLX|ORCL,AAPL|ADBE|AMZN|CRM|GOOGL|INTC|META|MSFT|NFLX|ORCL
SURG,10,10,-4.34,-18.97,-60.55,-0.6,-0.54,-4.175,-3.8,-14.794999999999998,-61.224999999999994,0.1,ATHM|ATNI|EGHT|IDT|NCMI|NTES|PERI|SPOK|TDS|TKC,ATHM|ATNI|EGHT|IDT|NCMI|NTES|PERI|SPOK|TDS|TKC
SUZ,10,8,-0.32,2.21,13.95,0.22,0.85,-11.955,-1.17,14.165,20.439999999999998,0.375,AVY|CLW|GLT|GPK|IP|MERC|PKG|SEE|SON|WY,AVY|CLW|GPK|IP|MERC|PKG|SON|WY
SVC,10,10,2.44,-15.45,-20.82,2.75,0.94,-5.32,1.5,-10.129999999999999,-13.315000000000001,1.0,AHT|APLE|BHR|DRH|HST|INN|PEB|PK|RLJ|XHR,AHT|APLE|BHR|DRH|HST|INN|PEB|PK|RLJ|XHR
SVCC,0,0,0.0,0.28,1.33,0.0,,,,,,,,
SVCO,10,9,19.37,17.62,-32.97,-3.03,1.48,-0.3,17.89,17.92,-22.54,1.0,ADBE|ANSS|AVGO|CDNS|CSCO|INTC|MSFT|NVDA|SNPS|TXN,ADBE|AVGO|CDNS|CSCO|INTC|MSFT|NVDA|SNPS|TXN
SVM,10,9,-6.83,-11.77,6.69,-1.65,-3.82,-11.73,-3.0100000000000002,-0.03999999999999915,-12.059999999999999,0.1111111111111111,AG|CDE|EXK|FSM|HL|NEM|PAAS|SAND|SSRM|WPM,AG|CDE|EXK|FSM|HL|NEM|PAAS|SSRM|WPM
SVRA,10,10,-2.53,-10.07,-14.24,0.0,-2.29,-9.34,-0.23999999999999977,-0.7300000000000004,-2.115,0.5,ACAD|ARWR|AXSM|BMRN|CRBP|HRTX|KPTI|NVAX|PTGX|RARE,ACAD|ARWR|AXSM|BMRN|CRBP|HRTX|KPTI|NVAX|PTGX|RARE
SVRE,10,9,1.86,-23.16,-35.96,0.0,3.89,17.78,-2.0300000000000002,-40.94,-88.52000000000001,0.1111111111111111,CRWD|CYBR|FTNT|NET|OKTA|PANW|QLYS|TENB|VRNS|ZS,CRWD|FTNT|NET|OKTA|PANW|QLYS|TENB|VRNS|ZS
SVRN,10,10,123.4,281.47,322.1,-2.61,-3.625,-2.02,127.025,283.49,301.81,1.0,CMRE|DAC|DSX|ESEA|GNK|GOGL|NMM|PANL|SB|SBLK,CMRE|DAC|DSX|ESEA|GNK|GOGL|NMM|PANL|SB|SBLK
SVV,9,9,-1.21,-17.49,-11.93,0.0,1.96,-4.63,-3.17,-12.86,-15.25,0.3333333333333333,BURL|DG|DLTR|FIVE|OLLI|ROST|TGT|TJX|WMT,BURL|DG|DLTR|FIVE|OLLI|ROST|TGT|TJX|WMT
SW,9,7,1.58,-6.53,-1.37,-0.62,0.22,-11.93,1.36,5.3999999999999995,4.07,0.7142857142857143,ATR|AVY|BERY|GPK|IP|OI|PKG|SEE|SON,ATR|AVY|GPK|IP|OI|PKG|SON
SWAG,10,10,-3.14,-12.0,-30.63,0.0,-2.13,-6.995,-1.0100000000000002,-5.005,-4.68,0.1,ALGT|FIX|GVA|LNN|MTZ|NWPX|ROAD|STRL|TPC|VSEC,ALGT|FIX|GVA|LNN|MTZ|NWPX|ROAD|STRL|TPC|VSEC
SWBI,10,9,7.04,2.42,-13.28,0.0,-2.13,-5.44,9.17,7.86,-13.069999999999999,0.6666666666666666,GD|HII|LMT|NOC|OLN|POWW|RGR|SPWH|TXT|VSTO,GD|HII|LMT|NOC|OLN|POWW|RGR|SPWH|TXT
SWIM,10,10,1.6,-11.2,0.0,0.0,-0.4,-7.324999999999999,2.0,-3.875,12.77,0.8,GNRC|HAYW|JELD|MAS|OC|POOL|RPM|TREX|TTC|WMS,GNRC|HAYW|JELD|MAS|OC|POOL|RPM|TREX|TTC|WMS
SWK,10,9,3.04,-6.85,2.34,0.0,0.81,-6.1,2.23,-0.75,9.23,0.6666666666666666,AIT|CMI|CSL|DOV|IR|ITW|LEG|ROP|SNAP|XYL,AIT|CMI|CSL|DOV|IR|ITW|ROP|SNAP|XYL
SWKS,9,9,-0.16,38.77,30.35,-0.31,4.59,1.45,-4.75,37.32,39.59,0.1111111111111111,ADI|AVGO|MCHP|MPWR|NXPI|ON|QRVO|SLAB|TXN,ADI|AVGO|MCHP|MPWR|NXPI|ON|QRVO|SLAB|TXN
SWVL,10,8,-13.09,74.21,167.36,0.52,-2.885,-14.275,-10.205,88.485,174.88500000000002,0.0,GOEV|KNDI|LCID|LYFT|NIO|TSLA|UBER|WKHS|XPEV|ZOM,KNDI|LCID|LYFT|NIO|TSLA|UBER|WKHS|XPEV
SWX,10,10,-5.07,-8.07,-7.24,0.0,-3.435,-5.455,-1.6350000000000002,-2.615,4.130000000000001,0.1,AEP|ATO|CNP|NI|NWN|OGS|PNW|SR|UGI|WEC,AEP|ATO|CNP|NI|NWN|OGS|PNW|SR|UGI|WEC
SXC,10,9,3.52,2.46,18.91,0.5,-1.7,-6.73,5.22,9.190000000000001,11.879999999999999,1.0,AMR|ARCH|ARLP|BTU|CNR|HCC|HNRG|METC|NRP|TECK,AMR|ARLP|BTU|CNR|HCC|HNRG|METC|NRP|TECK
SXI,10,10,7.38,-9.16,-18.13,-0.03,1.245,-3.795,6.135,-5.365,-19.58,1.0,ALG|DOV|ITW|LZB|MMM|MSA|NDSN|SSP|TEL|XYL,ALG|DOV|ITW|LZB|MMM|MSA|NDSN|SSP|TEL|XYL
SXT,10,10,0.02,-5.58,6.06,0.27,-0.06999999999999999,-8.115,0.09,2.535,9.379999999999999,0.5,ADM|CLX|ENR|FMC|HSY|IFF|KMB|MGPI|NWL|PG,ADM|CLX|ENR|FMC|HSY|IFF|KMB|MGPI|NWL|PG
SXTC,10,10,1.86,-30.72,-98.68,-1.18,0.039999999999999994,-4.53,1.82,-26.189999999999998,-109.26,0.9,ABBV|AMGN|AZN|BMY|GILD|JNJ|LLY|MRK|NVS|PFE,ABBV|AMGN|AZN|BMY|GILD|JNJ|LLY|MRK|NVS|PFE
SXTP,10,10,25.54,7.41,-31.36,0.0,-0.36,-3.9400000000000004,25.9,11.350000000000001,-39.435,1.0,ABBV|AZN|BMY|GSK|JNJ|LLY|MRK|NVS|PFE|SAN,ABBV|AZN|BMY|GSK|JNJ|LLY|MRK|NVS|PFE|SAN
SY,10,10,1.07,20.85,102.86,0.0,1.995,1.25,-0.925,19.6,87.78999999999999,0.4,COE|DAO|EDU|FEDU|GOTU|HTHT|TAL|TIGR|WAFU|YQ,COE|DAO|EDU|FEDU|GOTU|HTHT|TAL|TIGR|WAFU|YQ
SYBT,10,9,-3.92,-4.28,1.14,-0.66,-3.18,-4.84,-0.7399999999999998,0.5599999999999996,9.47,0.2222222222222222,BKU|BOH|CHCO|CUBI|FHB|FULT|OZK|PB|SFNC|WBS,BKU|BOH|CHCO|CUBI|FHB|FULT|OZK|PB|SFNC
SYF,10,9,-5.62,-11.68,-7.4,0.0,-2.9,-9.01,-2.72,-2.67,-3.12,0.1111111111111111,ALLY|AXP|BAC|C|COF|DFS|GS|JPM|USB|WFC,ALLY|AXP|BAC|C|COF|GS|JPM|USB|WFC
SYK,10,10,-2.3,-17.21,-13.42,0.1,-0.74,-9.895,-1.5599999999999998,-7.315000000000001,-13.7,0.3,ABT|BAX|BSX|EW|ISRG|JNJ|MDT|STE|TFX|ZBH,ABT|BAX|BSX|EW|ISRG|JNJ|MDT|STE|TFX|ZBH
SYM,10,10,-3.41,6.62,5.68,-1.38,1.175,-1.165,-4.585,7.785,0.9699999999999998,0.0,AMZN|EMR|GOOGL|HON|INTC|MSFT|ROK|RTX|SAP|TDY,AMZN|EMR|GOOGL|HON|INTC|MSFT|ROK|RTX|SAP|TDY
SYNA,10,10,8.72,4.43,-21.14,0.99,3.51,1.48,5.210000000000001,2.9499999999999997,-12.47,0.9,ADI|AVGO|MCHP|MPWR|NXPI|ON|QCOM|SLAB|SWKS|TXN,ADI|AVGO|MCHP|MPWR|NXPI|ON|QCOM|SLAB|SWKS|TXN
SYNX,10,10,17.35,-5.08,-12.31,0.0,-2.165,-5.92,19.515,0.8399999999999999,-8.515,1.0,BA|CW|GD|HEI|LHX|LMT|MSI|NOC|TDY|TXT,BA|CW|GD|HEI|LHX|LMT|MSI|NOC|TDY|TXT
SYPR,10,9,4.12,-1.67,-23.71,0.0,2.04,-9.02,2.08,7.35,-32.71,0.5555555555555556,AMPH|BAX|BDX|HOLX|ICUI|MDT|NPO|STE|XRAY|ZBH,AMPH|BAX|BDX|ICUI|MDT|NPO|STE|XRAY|ZBH
SYRE,10,10,-3.29,-17.33,2.24,0.0,1.715,-3.975,-5.005,-13.354999999999999,-12.075000000000001,0.0,AMGN|BIIB|BMY|GILD|LLY|MRNA|NVS|PFE|REGN|VRTX,AMGN|BIIB|BMY|GILD|LLY|MRNA|NVS|PFE|REGN|VRTX
SYY,10,8,-3.4,-8.44,-5.48,-0.93,-0.62,-7.225,-2.78,-1.2149999999999999,-2.8800000000000003,0.375,CHEF|COST|K|KR|MDLZ|PFGC|SFM|SPTN|UNFI|USFD,CHEF|COST|KR|MDLZ|PFGC|SFM|UNFI|USFD
SZZL,0,0,0.1,0.34,1.06,0.0,,,,,,,,
T,9,8,0.35,-1.13,13.64,0.71,-0.6699999999999999,-4.38,1.02,3.25,18.275,0.625,AD|CHTR|CMCSA|CNSL|INTC|QCOM|S|TMUS|VZ,AD|CHTR|CMCSA|INTC|QCOM|S|TMUS|VZ
TAC,10,10,0.0,-1.24,-12.71,0.0,-3.665,-5.835000000000001,3.665,4.595000000000001,-0.5199999999999996,1.0,AEP|AES|CNP|D|DUK|ED|EIX|ETR|EXC|FE,AEP|AES|CNP|D|DUK|ED|EIX|ETR|EXC|FE
TACH,0,0,0.0,-0.05,0.96,0.0,,,,,,,,
TACO,0,0,0.1,-0.19,0.58,0.0,,,,,,,,
TACT,10,9,-0.99,5.25,-6.18,0.0,-2.56,-12.39,1.57,17.64,-20.68,0.8888888888888888,ADBE|ATUS|BRSL|CTSH|FIS|GPN|JPM|MA|PYPL|ULBI,ADBE|BRSL|CTSH|FIS|GPN|JPM|MA|PYPL|ULBI
TAK,10,10,-1.54,2.21,19.85,-0.29,-0.36,-5.16,-1.1800000000000002,7.37,13.970000000000002,0.3,ABBV|AZN|BMY|GSK|JNJ|LLY|MRK|NVS|PFE|SNY,ABBV|AZN|BMY|GSK|JNJ|LLY|MRK|NVS|PFE|SNY
TAL,10,8,2.39,3.36,33.85,0.0,0.74,-4.255,1.6500000000000001,7.615,35.480000000000004,0.625,AMC|ATGE|CHGG|COUR|EDU|GOTU|INST|LAUR|PRDO|UTI,AMC|CHGG|COUR|EDU|GOTU|LAUR|PRDO|UTI
TALO,10,8,-4.94,-2.19,20.79,0.0,-1.78,0.5349999999999999,-3.16,-2.7249999999999996,4.524999999999999,0.0,APA|COP|CVX|DVN|EOG|FANG|HES|MRO|OXY|XOM,APA|COP|CVX|DVN|EOG|FANG|OXY|XOM
TANH,9,8,-3.28,-20.34,-35.52,0.0,-6.265,-13.84,2.985,-6.5,-2.325000000000003,0.875,ARRY|CSIQ|DQ|ENPH|FSLR|JKS|MAXN|RUN|SEDG,ARRY|CSIQ|DQ|ENPH|FSLR|JKS|RUN|SEDG
TAOP,10,9,-10.69,-37.32,-59.45,-7.06,-0.8,-1.31,-9.889999999999999,-36.01,-70.86,0.1111111111111111,APPS|CXM|DDI|ITI|MGNI|PERI|PUBM|QUAD|TBLA|TTGT,APPS|CXM|DDI|MGNI|PERI|PUBM|QUAD|TBLA|TTGT
TAOX,10,9,2.94,6.33,23.89,-2.89,-3.3,-7.93,6.24,14.26,31.55,0.5555555555555556,ACAD|ALEC|ANVS|AUPH|AXSM|BIIB|CABA|CMPS|PRTA|SAVA,ACAD|ALEC|ANVS|AUPH|AXSM|BIIB|CABA|CMPS|PRTA
TAP,6,6,-5.96,-12.52,-9.35,0.36,-1.2650000000000001,-9.844999999999999,-4.695,-2.6750000000000007,-4.6049999999999995,0.0,BEP|BUD|CCU|DEO|KDP|SAM,BEP|BUD|CCU|DEO|KDP|SAM
TARA,10,8,-3.51,-10.08,-10.75,0.85,-3.1950000000000003,-9.36,-0.3149999999999995,-0.7200000000000006,-5.205,0.375,BLUE|BMRN|CRSP|NTLA|PGEN|QURE|RARE|SGMO|SRPT|VYGR,BMRN|CRSP|NTLA|PGEN|QURE|RARE|SRPT|VYGR
TARS,10,6,-5.35,4.69,16.26,0.69,-7.875,-6.025,2.5250000000000004,10.715,28.745,0.6666666666666666,APLT|AXSM|BTAI|FOLD|PRTA|PTCT|RDUS|SRPT|VKTX|XENE,AXSM|PRTA|PTCT|SRPT|VKTX|XENE
TASK,10,9,4.3,6.66,85.78,0.95,-4.07,-7.51,8.370000000000001,14.17,69.38,1.0,CTSH|DAVA|DOX|EPAM|EXLS|FVRR|G|INFY|UPWK|WNS,CTSH|DAVA|DOX|EPAM|EXLS|FVRR|G|INFY|UPWK
TATT,10,9,4.53,4.69,-10.1,3.27,1.42,-6.91,3.1100000000000003,11.600000000000001,3.8499999999999996,0.8888888888888888,AER|ATRO|CW|HEI|HXL|LUV|MOG-A|SPR|TDG|TXT,AER|ATRO|CW|HEI|HXL|LUV|MOG-A|TDG|TXT
TAVI,0,0,0.0,-0.09,1.03,0.0,,,,,,,,
TAYD,10,10,4.96,8.43,9.3,0.0,1.3199999999999998,-6.220000000000001,3.64,14.65,18.295,1.0,ATRO|BA|GD|HEI|HON|HXL|LMT|NOC|TDG|WWD,ATRO|BA|GD|HEI|HON|HXL|LMT|NOC|TDG|WWD
TBBB,10,9,1.16,1.14,21.43,-0.47,-2.15,-8.07,3.3099999999999996,9.21,19.77,1.0,CAG|GIS|HRL|K|KHC|KO|MDLZ|MKC|PEP|SJM,CAG|GIS|HRL|KHC|KO|MDLZ|MKC|PEP|SJM
TBBK,10,10,-1.92,-25.83,-19.75,0.28,-3.54,-6.8100000000000005,1.62,-19.019999999999996,-12.69,0.8,BAC|C|FITB|HBAN|JPM|PNC|RF|TFC|USB|WFC,BAC|C|FITB|HBAN|JPM|PNC|RF|TFC|USB|WFC
TBCH,10,9,1.51,1.43,6.33,0.0,0.08,4.47,1.43,-3.04,-7.199999999999999,0.6666666666666666,AMD|CRSR|EA|GME|LOGI|MSFT|NVDA|RBLX|SONY|TTWO,AMD|CRSR|GME|LOGI|MSFT|NVDA|RBLX|SONY|TTWO
TBI,10,7,8.28,-8.66,50.23,0.0,-0.97,-10.83,9.25,2.17,25.949999999999996,1.0,ASGN|DLHC|HQI|HSII|KELYA|KFY|MAN|RCMT|RHI|STAF,DLHC|HQI|KELYA|KFY|MAN|RCMT|RHI
TBLA,10,10,-10.76,-6.85,-26.88,0.0,-3.1950000000000003,-5.18,-7.5649999999999995,-1.67,-22.799999999999997,0.3,AMZN|CRTO|GOOGL|MSFT|PINS|ROKU|SFIX|SNAP|TTD|YELP,AMZN|CRTO|GOOGL|MSFT|PINS|ROKU|SFIX|SNAP|TTD|YELP
TBN,10,8,-6.73,-5.45,10.0,0.0,-1.78,0.5349999999999999,-4.95,-5.985,-6.265000000000001,0.0,APA|COP|CVX|DVN|EOG|FANG|HES|MRO|OXY|XOM,APA|COP|CVX|DVN|EOG|FANG|OXY|XOM
TBPH,10,10,0.0,0.12,-1.39,0.0,-2.0100000000000002,-1.385,2.0100000000000002,1.505,-9.48,0.7,ALNY|BMRN|GILD|INCY|IONS|MDGL|NBIX|REGN|SRPT|VRTX,ALNY|BMRN|GILD|INCY|IONS|MDGL|NBIX|REGN|SRPT|VRTX
TC,10,10,-4.04,-2.56,-74.67,-2.06,-4.135,-15.615,0.09499999999999975,13.055,-67.455,0.5,ABG|AN|CARG|CVNA|GPI|LAD|OPLN|PAG|SAH|VRM,ABG|AN|CARG|CVNA|GPI|LAD|OPLN|PAG|SAH|VRM
TCBI,10,9,-1.22,-3.91,-8.63,0.0,-3.65,-7.58,2.4299999999999997,3.67,0.22999999999999865,1.0,BOKF|CFG|CFR|CMA|FHN|HBAN|KEY|PNC|RF|ZION,BOKF|CFG|CFR|FHN|HBAN|KEY|PNC|RF|ZION
TCBK,10,8,-3.54,-3.86,-3.27,0.7,-2.725,-4.785,-0.815,0.9250000000000003,1.0699999999999998,0.25,BOH|CMA|COLB|CVBF|GBCI|HTLF|SRCE|WABC|WASH|ZION,BOH|COLB|CVBF|GBCI|SRCE|WABC|WASH|ZION
TCBS,10,9,0.29,-2.26,-3.34,0.0,-2.64,-3.09,2.93,0.8300000000000001,-3.7199999999999998,1.0,BBT|BCBP|CIVB|FFWM|HOMB|LKFN|MVBF|PLBC|SPFI|SYBT,BBT|BCBP|CIVB|HOMB|LKFN|MVBF|PLBC|SPFI|SYBT
TCBX,10,10,-3.09,-5.94,5.66,0.0,-3.645,-6.8100000000000005,0.5550000000000002,0.8700000000000001,12.72,0.7,BAC|C|CFG|FITB|JPM|PNC|RF|TFC|USB|WFC,BAC|C|CFG|FITB|JPM|PNC|RF|TFC|USB|WFC
TCI,10,9,2.9,6.45,0.17,0.0,-1.9,-14.67,4.8,21.12,1.7,1.0,AAT|CBRE|CIGI|CUZ|EQC|HPP|JLL|NMRK|SLG|VNO,AAT|CBRE|CIGI|CUZ|HPP|JLL|NMRK|SLG|VNO
TCMD,10,10,1.17,-3.98,-18.41,0.0,-0.49500000000000005,-7.515000000000001,1.665,3.5350000000000006,-17.89,0.6,ABT|BDX|BSX|EW|GMED|IART|ISRG|MLAB|SNN|ZBH,ABT|BDX|BSX|EW|GMED|IART|ISRG|MLAB|SNN|ZBH
TCOM,10,10,-0.62,-12.77,-0.94,-1.28,-7.0,-21.515,6.38,8.745000000000001,9.680000000000001,0.9,ABNB|BKNG|EXPE|HGV|MMYT|SABR|TNL|TRIP|YELP|YTRA,ABNB|BKNG|EXPE|HGV|MMYT|SABR|TNL|TRIP|YELP|YTRA
TCPC,10,10,1.0,-3.35,28.66,0.0,-1.8249999999999997,-3.9699999999999998,2.8249999999999997,0.6199999999999997,22.395,1.0,ARCC|CGBD|GAIN|GSBD|HTGC|MAIN|PNNT|PSEC|SLRC|TSLX,ARCC|CGBD|GAIN|GSBD|HTGC|MAIN|PNNT|PSEC|SLRC|TSLX
TCRT,10,8,-32.5,-39.66,-47.83,-6.09,-0.41,-4.6850000000000005,-32.09,-34.974999999999994,-40.925,0.0,ADAP|BEAM|EDIT|FATE|IMTX|KPTI|MRNA|NTLA|PGEN|SGMO,BEAM|EDIT|FATE|IMTX|KPTI|MRNA|NTLA|PGEN
TCRX,10,8,9.97,-54.46,-58.68,0.0,-0.41,-9.36,10.38,-45.1,-60.14,1.0,ADAP|ALLO|BLUE|CLLS|CRSP|EDIT|FATE|GILD|NTLA|PGEN,ALLO|CLLS|CRSP|EDIT|FATE|GILD|NTLA|PGEN
TCX,10,10,2.74,13.16,-22.12,0.0,3.7199999999999998,8.92,-0.9799999999999995,4.24,-59.535,0.3,AKAM|BOX|DBX|DT|FSLY|GDDY|IMMR|NET|RPD|ZS,AKAM|BOX|DBX|DT|FSLY|GDDY|IMMR|NET|RPD|ZS
TD,10,9,-2.31,-0.06,-1.24,-0.34,-3.44,-7.5,1.13,7.44,6.93,0.7777777777777778,BAC|BK|C|GS|JPM|MS|PNC|TFC|USB|WFC,BAC|C|GS|JPM|MS|PNC|TFC|USB|WFC
TDAC,0,0,0.09,0.32,1.3,0.0,,,,,,,,
TDAY,9,7,2.69,0.0,-18.26,1.56,-3.82,-9.04,6.51,9.04,-16.830000000000002,1.0,GTN|LEE|MEG|NWSA|NXST|NYT|SGBX|SSP|TKO,GTN|LEE|NWSA|NXST|NYT|SSP|TKO
TDC,10,10,0.14,6.14,-7.83,0.0,-2.335,2.7649999999999997,2.475,3.375,-50.165,0.7,ADBE|CRM|IBM|MDB|MSFT|NOW|ORCL|PLTR|SAP|SNOW,ADBE|CRM|IBM|MDB|MSFT|NOW|ORCL|PLTR|SAP|SNOW
TDG,8,8,1.42,-8.5,-18.11,-1.27,-2.165,-5.92,3.585,-2.58,-7.379999999999999,0.75,BA|GD|GE|HON|LHX|LMT|NOC|TXT,BA|GD|GE|HON|LHX|LMT|NOC|TXT
TDIC,0,0,1.55,-25.1,-69.74,2.6,,,,,,,,
TDOC,10,10,-2.07,-0.65,-22.25,0.33,-0.9650000000000001,-1.295,-1.1049999999999998,0.6449999999999999,-32.745000000000005,0.2,ACHC|AMWL|CLOV|DOCS|GDRX|HIMS|MD|OSCR|RMTI|TVRD,ACHC|AMWL|CLOV|DOCS|GDRX|HIMS|MD|OSCR|RMTI|TVRD
TDS,10,9,0.08,6.74,-3.06,-0.91,-3.23,-1.83,3.31,8.57,0.5499999999999998,0.6666666666666666,AD|CNSL|GOGO|LUMN|S|SHEN|T|TMUS|VZ|ZG,AD|GOGO|LUMN|S|SHEN|T|TMUS|VZ|ZG
TDTH,10,10,8.72,-1.58,19.87,0.0,5.92,4.88,2.8000000000000007,-6.46,29.17,0.6,AMAT|AMD|AVGO|INTC|LRCX|MCHP|MU|NVDA|QCOM|TSM,AMAT|AMD|AVGO|INTC|LRCX|MCHP|MU|NVDA|QCOM|TSM
TDUP,10,9,-4.55,-16.3,-65.26,1.32,-1.58,-14.86,-2.9699999999999998,-1.4400000000000013,-59.25000000000001,0.2222222222222222,AMZN|BABA|CHWY|EBAY|ETSY|JWN|PINS|REAL|RVLV|SFIX,AMZN|BABA|CHWY|EBAY|ETSY|PINS|REAL|RVLV|SFIX
TDW,9,8,-2.56,-7.54,32.99,0.0,-1.605,-3.9699999999999998,-0.9550000000000001,-3.5700000000000003,26.130000000000003,0.375,BORR|FTI|HLX|NBR|NE|OII|RIG|SDRL|VAL,BORR|FTI|NBR|NE|OII|RIG|SDRL|VAL
TDWD,0,0,0.2,0.6,0.9,0.0,,,,,,,,
TDY,10,10,13.96,9.43,9.38,10.46,-2.7800000000000002,-5.630000000000001,16.740000000000002,15.06,13.775000000000002,1.0,AVAV|BA|GD|HON|LHX|LMT|MRCY|NOC|RTX|TXT,AVAV|BA|GD|HON|LHX|LMT|MRCY|NOC|RTX|TXT
TE,10,9,-6.98,-13.98,-52.94,-0.99,-0.71,-11.71,-6.2700000000000005,-2.2699999999999996,-27.47,0.1111111111111111,ALB|AMTX|CBAT|ENVX|LAC|PLL|QS|SES|SLDP|SLI,ALB|AMTX|CBAT|ENVX|LAC|QS|SES|SLDP|SLI
TEAD,10,10,-2.04,-26.02,-61.43,0.0,-0.7350000000000001,-1.83,-1.305,-24.189999999999998,-61.31,0.3,APPS|CRTO|DV|MGNI|PERI|PUBM|RAMP|TTD|TTEC|ZG,APPS|CRTO|DV|MGNI|PERI|PUBM|RAMP|TTD|TTEC|ZG
TEAM,10,10,0.34,16.03,158.68,-0.97,-2.27,-1.005,2.61,17.035,121.91000000000001,0.8,ADBE|CRM|HUBS|INTU|MSFT|NOW|OKTA|ORCL|WDAY|ZM,ADBE|CRM|HUBS|INTU|MSFT|NOW|OKTA|ORCL|WDAY|ZM
TECH,8,8,0.26,0.18,23.18,0.0,2.8600000000000003,6.4350000000000005,-2.6000000000000005,-6.255000000000001,-3.9250000000000007,0.375,A|BIO|DHR|ILMN|MTD|NEO|QGEN|TMO,A|BIO|DHR|ILMN|MTD|NEO|QGEN|TMO
TECK,10,9,2.42,-6.73,13.22,0.0,-1.76,-9.85,4.18,3.119999999999999,8.440000000000001,1.0,AA|BHP|CLF|FCX|NEM|NUE|RIO|SCCO|VALE|X,AA|BHP|CLF|FCX|NEM|NUE|RIO|SCCO|VALE
TECX,10,10,-10.5,-31.51,-18.68,0.0,0.020000000000000004,-1.385,-10.52,-30.125,-32.885,0.0,AMGN|BIIB|BMRN|EXEL|GILD|INCY|NBIX|REGN|RGEN|VRTX,AMGN|BIIB|BMRN|EXEL|GILD|INCY|NBIX|REGN|RGEN|VRTX
TEL,9,9,3.58,6.25,6.96,-0.18,3.72,1.51,-0.14000000000000012,4.74,14.7,0.4444444444444444,ADI|APH|AVGO|AVT|BELFB|HEI|ITW|JBL|TXN,ADI|APH|AVGO|AVT|BELFB|HEI|ITW|JBL|TXN
TELA,10,9,10.17,98.78,73.31,0.0,-1.73,-9.37,11.9,108.15,73.43,1.0,ALGN|BSX|GMED|HOLX|JNJ|MDT|NKTR|PEN|SYK|ZBH,ALGN|BSX|GMED|JNJ|MDT|NKTR|PEN|SYK|ZBH
TELO,10,10,9.29,3.73,-0.49,0.33,0.020000000000000004,-1.385,9.27,5.115,-11.49,1.0,ALNY|AMGN|BIIB|BMRN|EXEL|GILD|INCY|NBIX|REGN|VRTX,ALNY|AMGN|BIIB|BMRN|EXEL|GILD|INCY|NBIX|REGN|VRTX
TEM,10,9,-6.63,9.17,36.75,-2.03,0.81,2.77,-7.4399999999999995,6.4,8.02,0.0,CDNA|CRSP|EDIT|EXAS|GH|ILMN|NTLA|PACB|TWST|TXG,CDNA|CRSP|EDIT|GH|ILMN|NTLA|PACB|TWST|TXG
TEN,10,10,-10.15,10.25,20.08,0.0,-6.48,5.0,-3.67,5.25,-2.705000000000002,0.0,ASC|DHT|FRO|INSW|NAT|NMM|SB|SFL|STNG|TNK,ASC|DHT|FRO|INSW|NAT|NMM|SB|SFL|STNG|TNK
TENB,10,9,-0.58,9.33,30.65,-1.05,4.0,15.48,-4.58,-6.15,-22.78,0.0,CHKP|CRWD|CYBR|FTNT|NET|OKTA|PANW|QLYS|RPD|ZS,CHKP|CRWD|FTNT|NET|OKTA|PANW|QLYS|RPD|ZS
TENX,10,8,1.61,-18.53,-85.34,-0.53,1.755,-5.265000000000001,-0.1449999999999998,-13.265,-104.155,0.5,ACHV|AVIR|EPIX|HURA|LXRX|MRKR|MRSN|PBYI|PLX|SCYX,ACHV|AVIR|HURA|LXRX|MRKR|PBYI|PLX|SCYX
TEO,10,9,1.3,3.17,9.73,0.0,-1.13,-6.01,2.4299999999999997,9.18,13.34,0.7777777777777778,AD|AMX|ATNI|CMCSA|FYBR|SHEN|SUPN|T|TMUS|VZ,AD|AMX|ATNI|CMCSA|SHEN|SUPN|T|TMUS|VZ
TER,10,10,6.85,2.97,-20.05,-3.04,6.390000000000001,-2.25,0.4599999999999991,5.220000000000001,7.460000000000001,0.6,A|AEHR|AMAT|ASML|COHU|KLAC|LRCX|MKSI|ON|VIAV,A|AEHR|AMAT|ASML|COHU|KLAC|LRCX|MKSI|ON|VIAV
TEVA,10,10,-1.48,1.34,14.84,-1.03,0.885,-3.035,-2.365,4.375,4.625,0.2,ABBV|AMRX|BMY|GSK|JNJ|MRK|NVS|PFE|PRGO|VTRS,ABBV|AMRX|BMY|GSK|JNJ|MRK|NVS|PFE|PRGO|VTRS
TEX,10,10,-1.04,-11.64,-16.96,0.0,0.5800000000000001,0.4800000000000001,-1.62,-12.120000000000001,-10.325000000000001,0.3,AGCO|CAT|CMI|DE|KMT|MTW|OSK|PCAR|TITN|TXT,AGCO|CAT|CMI|DE|KMT|MTW|OSK|PCAR|TITN|TXT
TFC,10,9,-3.96,-7.5,-8.17,-1.0,-3.64,-6.74,-0.31999999999999984,-0.7599999999999998,-3.8899999999999997,0.2222222222222222,BAC|BK|C|CFG|JPM|PNC|RF|STT|USB|WFC,BAC|C|CFG|JPM|PNC|RF|STT|USB|WFC
TFII,10,10,-0.9,-8.0,-12.73,0.0,-0.27,-4.5600000000000005,-0.63,-3.4399999999999995,3.0650000000000013,0.4,CHRW|EXPD|JBHT|KNX|LSTR|ODFL|R|SAIA|WERN|XPO,CHRW|EXPD|JBHT|KNX|LSTR|ODFL|R|SAIA|WERN|XPO
TFIN,10,9,-3.6,-16.75,-18.85,0.0,-2.9,-8.23,-0.7000000000000002,-8.52,-10.190000000000001,0.3333333333333333,AXP|BAC|BK|C|GS|JPM|MS|PNC|USB|WFC,AXP|BAC|C|GS|JPM|MS|PNC|USB|WFC
TFPM,10,10,1.78,-6.28,15.85,0.0,-3.245,-11.795,5.025,5.515,-7.834999999999999,1.0,AEM|B|FNV|HMY|IAG|KGC|NEM|RGLD|SSRM|WPM,AEM|B|FNV|HMY|IAG|KGC|NEM|RGLD|SSRM|WPM
TFSL,10,9,-1.84,-7.25,-5.77,0.0,-3.44,-7.58,1.5999999999999999,0.33000000000000007,3.09,0.8888888888888888,CFG|CFR|CMA|FITB|FLG|FULT|HBAN|KEY|RF|ZION,CFG|CFR|FITB|FLG|FULT|HBAN|KEY|RF|ZION
TFX,10,9,-4.88,-11.97,-3.76,0.0,-0.43,-4.46,-4.45,-7.510000000000001,-12.76,0.0,ABT|BAX|BDX|EW|HOLX|ISRG|JNJ|MDT|SYK|ZBH,ABT|BAX|BDX|EW|ISRG|JNJ|MDT|SYK|ZBH
TG,9,8,1.74,-12.05,-13.78,0.0,1.19,-11.955,0.55,-0.09500000000000064,-7.289999999999999,0.625,AMCR|BALL|GPK|IP|OI|PACK|PKG|SEE|SON,AMCR|BALL|GPK|IP|OI|PACK|PKG|SON
TGB,10,10,4.52,-7.9,33.31,-3.33,-2.425,-11.505,6.944999999999999,3.6050000000000004,19.650000000000002,1.0,BHP|BVN|CDE|EXK|FCX|HL|NEM|PAAS|RIO|SCCO,BHP|BVN|CDE|EXK|FCX|HL|NEM|PAAS|RIO|SCCO
TGE,0,0,0.45,-9.17,-24.96,0.0,,,,,,,,
TGEN,0,0,0.64,-1.57,-39.81,-0.63,,,,,,,,
TGHL,0,0,0.91,2.23,80.26,-0.69,,,,,,,,
TGL,10,10,-9.95,-7.01,-48.04,-2.45,-0.795,-4.125,-9.155,-2.885,-61.2,0.0,AAPL|AMZN|BABA|EBAY|GOOG|MSFT|PYPL|SHOP|WMT|XYZ,AAPL|AMZN|BABA|EBAY|GOOG|MSFT|PYPL|SHOP|WMT|XYZ
TGLS,10,10,-4.47,-13.24,-22.22,0.0,-0.29500000000000004,-9.325,-4.175,-3.915000000000001,-11.649999999999999,0.1,AGX|APOG|AWI|CSL|JELD|MLR|NX|RPM|TREX|VMC,AGX|APOG|AWI|CSL|JELD|MLR|NX|RPM|TREX|VMC
TGS,10,10,-5.68,-3.89,-6.9,0.0,-1.97,-2.875,-3.71,-1.0150000000000001,-4.4350000000000005,0.0,AM|ENB|EPD|ET|KMI|NFG|OKE|PBA|TRP|WMB,AM|ENB|EPD|ET|KMI|NFG|OKE|PBA|TRP|WMB
TGT,9,9,-2.46,-4.63,11.7,-0.23,1.49,-2.99,-3.95,-1.6399999999999997,15.41,0.2222222222222222,AMZN|COST|DG|DLTR|KR|M|ROST|TJX|WMT,AMZN|COST|DG|DLTR|KR|M|ROST|TJX|WMT
TGTX,10,8,-0.78,1.1,4.47,0.05,-3.44,-5.175,2.66,6.275,16.439999999999998,0.625,AKBA|AUPH|BLUE|GILD|JAZZ|NBIX|PTCT|RARE|SRPT|XOMA,AKBA|AUPH|GILD|JAZZ|NBIX|PTCT|RARE|SRPT
TH,10,9,13.01,18.9,5.95,0.0,-0.56,-7.27,13.57,26.169999999999998,17.36,1.0,CVCO|KBH|LZB|MHO|NBR|SKY|TGNA|THO|UTI|WGO,CVCO|KBH|LZB|MHO|NBR|SKY|THO|UTI|WGO
THC,10,9,-3.51,-7.95,40.16,0.0,0.77,0.0,-4.279999999999999,-7.95,27.479999999999997,0.0,ACHC|ADUS|CYH|EHC|ENSG|HCA|HCSG|SEM|SGRY|UHS,ACHC|ADUS|CYH|EHC|ENSG|HCA|HCSG|SGRY|UHS
THCH,10,10,0.0,12.17,-11.03,0.0,-2.4850000000000003,-12.535,2.4850000000000003,24.705,-6.4799999999999995,0.7,CAKE|CMG|DPZ|MCD|QSR|SBUX|SHAK|WEN|WING|YUM,CAKE|CMG|DPZ|MCD|QSR|SBUX|SHAK|WEN|WING|YUM
THFF,10,9,-3.08,-6.42,-2.13,0.0,-2.51,-4.51,-0.5700000000000003,-1.9100000000000001,3.0300000000000002,0.2222222222222222,BANF|FFBC|FFIN|FMBH|FRME|HTLF|ONB|TMP|UBSI|VLY,BANF|FFBC|FFIN|FMBH|FRME|ONB|TMP|UBSI|VLY
THG,10,10,-6.12,-4.35,3.41,0.0,-3.005,-4.845000000000001,-3.115,0.495000000000001,7.27,0.1,AIG|ALL|CB|CINF|L|MKL|PGR|SIGI|TRV|WRB,AIG|ALL|CB|CINF|L|MKL|PGR|SIGI|TRV|WRB
THH,0,0,3.86,-29.96,-47.0,3.25,,,,,,,,
THM,10,10,19.57,1.81,48.68,0.0,-3.475,-11.91,23.045,13.72,25.2,1.0,AEM|AG|AU|B|BTG|IAG|KGC|NEM|PAAS|SSRM,AEM|AG|AU|B|BTG|IAG|KGC|NEM|PAAS|SSRM
THO,10,9,4.81,-9.22,-7.44,-0.22,-2.46,-17.64,7.27,8.42,13.959999999999997,1.0,BC|CWH|DOO|HOG|LCII|MCFT|MPX|PATK|PII|WGO,BC|CWH|DOO|HOG|LCII|MCFT|PATK|PII|WGO
THRM,10,10,-6.4,-12.07,-2.46,0.0,-1.5699999999999998,-4.68,-4.83,-7.390000000000001,8.849999999999998,0.1,ADNT|ALV|APTV|BWA|GNTX|JCI|LEA|MOD|TEN|VC,ADNT|ALV|APTV|BWA|GNTX|JCI|LEA|MOD|TEN|VC
THRY,10,10,0.54,-3.63,-49.73,1.09,-3.95,-5.58,4.49,1.9500000000000002,-49.9,1.0,APPN|EBAY|GOOGL|HUBS|RAMP|SPT|TRIP|WIX|YELP|ZG,APPN|EBAY|GOOGL|HUBS|RAMP|SPT|TRIP|WIX|YELP|ZG
TIC,0,0,0.44,-7.28,10.38,1.23,,,,,,,,
TIGO,10,10,-3.33,-2.87,4.57,0.65,-3.575,-4.38,0.2450000000000001,1.5099999999999998,6.465,0.5,AD|AMX|CHTR|CMCSA|KT|LUMN|T|TMUS|VOD|VZ,AD|AMX|CHTR|CMCSA|KT|LUMN|T|TMUS|VOD|VZ
TIGR,10,10,0.0,-13.27,2.82,0.64,-2.4,-8.21,2.4,-5.059999999999999,6.51,0.7,AMTD|BAC|C|GS|HOOD|IBKR|JPM|MS|SCHW|WFC,AMTD|BAC|C|GS|HOOD|IBKR|JPM|MS|SCHW|WFC
TII,0,0,7.78,7.78,41.62,-1.0,,,,,,,,
TIL,10,7,-2.57,-7.57,-5.83,-2.9,-1.37,-4.4,-1.1999999999999997,-3.17,-14.34,0.42857142857142855,ADAP|BLUE|BMRN|CLLS|CRSP|EDIT|FATE|IOVA|PSTX|SRPT,BMRN|CLLS|CRSP|EDIT|FATE|IOVA|SRPT
TILE,10,7,0.81,-8.7,2.04,0.0,-0.18,-6.85,0.99,-1.8499999999999996,3.06,0.5714285714285714,AAP|HNI|JCI|LEG|MAS|MHK|SCS|SWK|TTSH|WHR,AAP|HNI|JCI|MAS|MHK|SWK|WHR
TIMB,10,8,-4.06,-0.27,-16.93,-0.71,-1.6700000000000002,-3.09,-2.3899999999999997,2.82,-15.74,0.25,AD|AMT|CCI|CNSL|S|T|TEF|TMUS|VISN|VZ,AD|AMT|CCI|S|T|TMUS|VISN|VZ
TIPT,10,10,-1.2,-6.58,-1.76,0.0,-3.755,-5.605,2.5549999999999997,-0.9749999999999996,-2.76,0.9,AFG|AIG|AIZ|HRTG|MCY|PGR|RLI|SIGI|TRV|WRB,AFG|AIG|AIZ|HRTG|MCY|PGR|RLI|SIGI|TRV|WRB
TISI,10,10,7.36,25.82,71.11,0.0,-1.605,-2.9749999999999996,8.965,28.795,62.815,1.0,BKR|FTI|HAL|KBR|LTBR|OXY|SLB|TX|VAL|XOM,BKR|FTI|HAL|KBR|LTBR|OXY|SLB|TX|VAL|XOM
TITN,10,10,1.89,27.07,15.39,0.0,0.5800000000000001,-2.535,1.3099999999999998,29.605,20.810000000000002,0.8,AGCO|ALG|CAT|DE|GWW|MTW|OSK|PLOW|TEX|XYL,AGCO|ALG|CAT|DE|GWW|MTW|OSK|PLOW|TEX|XYL
TJGC,0,0,105.27,244.51,417.16,-2.92,,,,,,,,
TJX,8,7,3.91,-5.72,-15.27,-0.07,1.96,-1.62,1.9500000000000002,-4.1,-18.73,0.8571428571428571,ANF|BURL|DDS|JWN|KSS|M|ROST|URBN,ANF|BURL|DDS|KSS|M|ROST|URBN
TK,10,10,-9.27,-0.37,19.91,-1.55,-6.055,5.0,-3.215,-5.37,0.6550000000000011,0.1,ASC|DHT|FRO|GLNG|INSW|LNG|NAT|SFL|STNG|TNK,ASC|DHT|FRO|GLNG|INSW|LNG|NAT|SFL|STNG|TNK
TKC,10,10,0.39,-5.54,-14.95,-0.78,-2.1799999999999997,-4.38,2.57,-1.1600000000000001,-8.885,0.8,AD|CHTR|CMCSA|LUMN|NCMI|S|SHEN|T|TMUS|VZ,AD|CHTR|CMCSA|LUMN|NCMI|S|SHEN|T|TMUS|VZ
TKLF,10,10,1.24,-5.62,-17.65,0.0,0.52,-4.365,0.72,-1.255,-26.025,0.6,COTY|EL|HLF|IPAR|LFVN|LGND|MED|NATR|NUS|ULTA,COTY|EL|HLF|IPAR|LFVN|LGND|MED|NATR|NUS|ULTA
TKNO,10,10,25.6,21.66,71.73,0.0,0.455,1.49,25.145000000000003,20.17,49.14,1.0,A|BIO|DGX|DHR|IDXX|ILMN|NEO|QGEN|TECH|TMO,A|BIO|DGX|DHR|IDXX|ILMN|NEO|QGEN|TECH|TMO
TKO,10,10,0.36,-1.77,-6.78,0.48,-1.47,-9.29,1.83,7.52,-8.485,0.9,AMCX|CMCSA|DIS|DKNG|FOX|FWONA|LYV|MTN|PLNT|ROKU,AMCX|CMCSA|DIS|DKNG|FOX|FWONA|LYV|MTN|PLNT|ROKU
TKR,10,10,1.22,-3.54,-18.06,0.31,1.475,-3.4050000000000002,-0.2550000000000001,-0.1349999999999998,-15.044999999999998,0.5,AME|BDN|CMI|DOV|ETN|ITW|PH|RBC|TSI|UNP,AME|BDN|CMI|DOV|ETN|ITW|PH|RBC|TSI|UNP
TLF,10,9,-1.51,0.38,12.99,0.0,2.05,-4.71,-3.5599999999999996,5.09,26.62,0.2222222222222222,COLM|DKS|GCO|GIL|LB|PVH|RL|SCVL|TPR|VFC,COLM|DKS|GCO|GIL|LB|PVH|RL|TPR|VFC
TLIH,0,0,-2.54,-0.69,35.61,0.0,,,,,,,,
TLK,10,10,-8.12,-10.32,-5.34,0.0,0.185,-4.88,-8.305,-5.44,-7.359999999999999,0.0,AMX|CHT|PHI|R|S|SKM|T|TEO|TMUS|VZ,AMX|CHT|PHI|R|S|SKM|T|TEO|TMUS|VZ
TLN,10,10,1.54,-3.19,-28.54,-0.83,-4.109999999999999,-7.425000000000001,5.6499999999999995,4.235000000000001,-15.829999999999998,1.0,AEP|D|DUK|ED|EIX|EXC|FE|NRG|PEG|SO,AEP|D|DUK|ED|EIX|EXC|FE|NRG|PEG|SO
TLNC,0,0,0.0,0.0,-0.1,0.0,,,,,,,,
TLPH,10,10,-2.52,-2.52,9.43,0.0,0.16999999999999998,-3.625,-2.69,1.105,-4.885000000000002,0.0,AMGN|BIIB|BMY|GILD|JNJ|LLY|MRK|PFE|REGN|VRTX,AMGN|BIIB|BMY|GILD|JNJ|LLY|MRK|PFE|REGN|VRTX
TLRY,10,10,4.82,-15.37,-7.4,0.49,3.085,-3.52,1.7350000000000003,-11.85,-23.299999999999997,0.7,ACB|CGC|CRON|GNLN|GRWG|IIPR|OGI|SMG|SNDL|VFF,ACB|CGC|CRON|GNLN|GRWG|IIPR|OGI|SMG|SNDL|VFF
TLS,10,9,0.25,-6.62,-5.76,0.0,0.08,1.31,0.16999999999999998,-7.93,-24.11,0.5555555555555556,BAH|CHKP|CSCO|FTNT|GD|IBM|JNPR|MSFT|PANW|SAIC,BAH|CHKP|CSCO|FTNT|GD|IBM|MSFT|PANW|SAIC
TLSA,10,10,17.77,2.92,1.1,8.8,0.16999999999999998,-4.18,17.599999999999998,7.1,-13.930000000000001,1.0,AMGN|BIIB|BMY|GILD|INCY|MRK|NBIX|PFE|REGN|VRTX,AMGN|BIIB|BMY|GILD|INCY|MRK|NBIX|PFE|REGN|VRTX
TLSI,10,7,-3.88,-6.36,7.78,-5.8,-0.46,-9.1,-3.42,2.7399999999999993,7.42,0.2857142857142857,ADAP|BLUE|CELU|CRSP|EDIT|FATE|IMTX|NTLA|SGMO|SLDB,CELU|CRSP|EDIT|FATE|IMTX|NTLA|SLDB
TLX,10,10,-10.02,-3.74,3.61,-0.16,0.16999999999999998,-5.075,-10.19,1.335,-8.495000000000001,0.0,AMGN|BIIB|BMRN|BMY|JNJ|LLY|MRK|PFE|REGN|VRTX,AMGN|BIIB|BMRN|BMY|JNJ|LLY|MRK|PFE|REGN|VRTX
TLYS,9,8,-5.71,10.43,-3.95,0.0,3.035,-4.005,-8.745000000000001,14.434999999999999,-2.1700000000000004,0.0,AEO|ANF|BKE|DBI|JWN|PLCE|ROST|TJX|URBN,AEO|ANF|BKE|DBI|PLCE|ROST|TJX|URBN
TM,9,9,-3.14,-2.66,12.8,-1.33,-0.5,-4.15,-2.64,1.4900000000000002,12.67,0.4444444444444444,F|GM|HMC|LI|NIO|RACE|STLA|TSLA|XPEV,F|GM|HMC|LI|NIO|RACE|STLA|TSLA|XPEV
TMC,10,10,9.63,-17.34,-7.66,0.86,-1.545,-10.725000000000001,11.175,-6.614999999999998,-17.125,1.0,AA|ATI|BHP|CLF|FCX|HL|NEM|RIO|SCCO|VALE,AA|ATI|BHP|CLF|FCX|HL|NEM|RIO|SCCO|VALE
TMCI,10,9,-3.97,-9.56,-2.25,-3.55,-2.3,-9.37,-1.6700000000000004,-0.19000000000000128,0.98,0.1111111111111111,AIRS|BSX|EW|GMED|HOLX|IART|JNJ|MDT|SYK|ZBH,AIRS|BSX|EW|GMED|IART|JNJ|MDT|SYK|ZBH
TMDE,0,0,2.28,3.27,-0.96,3.27,,,,,,,,
TMDX,10,10,-0.18,-7.59,11.25,-0.57,0.41500000000000004,-5.890000000000001,-0.595,-1.6999999999999993,10.97,0.4,ABT|BSX|EW|IDXX|ISRG|MDT|NVCR|SYK|TMO|ZBH,ABT|BSX|EW|IDXX|ISRG|MDT|NVCR|SYK|TMO|ZBH
TME,10,10,5.66,-6.06,0.61,-0.12,-2.3200000000000003,-3.885,7.98,-2.175,-10.865000000000002,1.0,AAPL|AMZN|GOOGL|MSFT|NFLX|QCOM|ROKU|SIRI|SONY|SPOT,AAPL|AMZN|GOOGL|MSFT|NFLX|QCOM|ROKU|SIRI|SONY|SPOT
TMO,8,8,1.57,6.45,32.21,0.5,0.36,2.37,1.21,4.08,11.200000000000003,0.625,A|BIO|DHR|IQV|LH|MTD|TECH|WAT,A|BIO|DHR|IQV|LH|MTD|TECH|WAT
TMP,10,10,-1.13,-0.78,3.9,0.26,-3.3499999999999996,-5.77,2.2199999999999998,4.989999999999999,8.215,1.0,CBSH|CFR|FNB|FULT|HBNC|LKFN|OZK|SHBI|VLY|WSBC,CBSH|CFR|FNB|FULT|HBNC|LKFN|OZK|SHBI|VLY|WSBC
TMQ,10,10,1.54,-14.32,-1.5,-0.6,-1.545,-10.125,3.085,-4.195,-16.205,0.9,BHP|CDE|FCX|HL|NEM|RGLD|RIO|SCCO|TECK|VALE,BHP|CDE|FCX|HL|NEM|RGLD|RIO|SCCO|TECK|VALE
TMUS,6,5,-0.21,-8.54,-8.52,0.27,-3.23,-1.13,3.02,-7.409999999999999,-10.04,0.6,AD|CNSL|LUMN|S|T|VZ,AD|LUMN|S|T|VZ
TNC,10,10,-1.52,-6.33,-27.95,-0.53,1.5,-6.475,-3.02,0.14499999999999957,-22.48,0.1,ALB|AOS|DOV|IR|ITW|PNR|SWK|UFI|WTS|XYL,ALB|AOS|DOV|IR|ITW|PNR|SWK|UFI|WTS|XYL
TNDM,10,10,-4.64,-23.86,4.25,0.31,-0.8250000000000001,-5.79,-3.8149999999999995,-18.07,-3.3000000000000007,0.0,ABT|AMGN|BIIB|BSX|DXCM|EW|LMT|MDT|PODD|SYK,ABT|AMGN|BIIB|BSX|DXCM|EW|LMT|MDT|PODD|SYK
TNET,10,9,-5.74,-6.26,38.19,0.0,-3.23,-6.97,-2.5100000000000002,0.71,16.569999999999997,0.2222222222222222,ADP|CTAS|GDDY|INSW|INTU|PAYC|PCTY|SAGE|WIX|XYZ,ADP|CTAS|GDDY|INSW|INTU|PAYC|PCTY|WIX|XYZ
TNGX,10,7,3.66,-1.7,-19.21,-0.41,1.1,-9.1,2.56,7.3999999999999995,-18.77,0.5714285714285714,AFMD|BEAM|CRSP|EDIT|FDMT|KRYS|NTLA|PLRX|SGMO|VCNX,BEAM|CRSP|EDIT|FDMT|KRYS|NTLA|PLRX
TNK,10,10,-3.67,7.87,38.19,2.73,-6.48,3.935,2.8100000000000005,3.935,17.13,0.9,ASC|DHT|FRO|GSL|INSW|NAT|NMM|SB|SFL|STNG,ASC|DHT|FRO|GSL|INSW|NAT|NMM|SB|SFL|STNG
TNL,10,10,-0.97,-14.32,-17.21,0.05,-2.35,-13.195,1.3800000000000001,-1.125,-6.315000000000001,0.5,BKNG|EXPE|H|HGV|HLT|IHG|MAR|TRIP|VAC|WH,BKNG|EXPE|H|HGV|HLT|IHG|MAR|TRIP|VAC|WH
TNMG,0,0,61.71,-4.61,11.88,-4.19,,,,,,,,
TNON,10,10,-23.79,-43.04,-81.44,-2.11,-2.8,-10.01,-20.99,-33.03,-76.41,0.0,BAX|BSX|GMED|IART|JNJ|MDT|SNN|STAA|SYK|ZBH,BAX|BSX|GMED|IART|JNJ|MDT|SNN|STAA|SYK|ZBH
TNXP,10,10,-10.25,-24.96,-14.44,0.1,-2.505,-15.8,-7.745,-9.16,-8.685,0.1,ACIU|BTMD|DMAC|ELDN|INBX|INMB|KRRO|SOPH|TVGN|VYGR,ACIU|BTMD|DMAC|ELDN|INBX|INMB|KRRO|SOPH|TVGN|VYGR
TNYA,10,7,-4.78,-8.74,-9.85,-3.21,-1.74,-9.62,-3.04,0.879999999999999,-10.57,0.14285714285714285,ABEO|BEAM|BLUE|BMRN|CRSP|EDIT|NTLA|PSTX|SGMO|SRPT,ABEO|BEAM|BMRN|CRSP|EDIT|NTLA|SRPT
TOL,10,9,0.16,-10.81,-17.0,-0.55,-0.32,-8.58,0.48,-2.2300000000000004,-0.26000000000000156,0.7777777777777778,BZH|DHI|HOV|KBH|KG|LEN|MTH|NVR|PHM|TMHC,BZH|DHI|HOV|KBH|KG|LEN|MTH|NVR|PHM
TOMZ,10,10,-9.77,-17.03,-35.66,0.0,-0.04999999999999999,-6.529999999999999,-9.719999999999999,-10.500000000000002,-41.94,0.0,A|ABT|BDX|DHR|IQV|MMM|MMS|PHG|SNN|STE,A|ABT|BDX|DHR|IQV|MMM|MMS|PHG|SNN|STE
TONX,10,10,30.32,30.32,66.26,0.0,-2.77,-0.18499999999999994,33.09,30.505,25.360000000000007,1.0,ADBE|CRM|CSCO|DOCU|GOOGL|MSFT|ORCL|SAP|SNOW|TEAM,ADBE|CRM|CSCO|DOCU|GOOGL|MSFT|ORCL|SAP|SNOW|TEAM
TOON,10,10,0.59,-11.56,-21.97,-0.45,-2.17,-9.875,2.76,-1.6850000000000005,-25.59,0.9,AMCX|CMCSA|DIS|FOX|HAS|MAT|NFLX|PARA|SONY|WBD,AMCX|CMCSA|DIS|FOX|HAS|MAT|NFLX|PARA|SONY|WBD
TOP,10,9,-1.38,-2.47,110.39,-0.07,-2.81,-6.79,1.4300000000000002,4.32,113.92,0.8888888888888888,BAC|BK|C|GS|JPM|MS|NTRS|SCHW|STT|WFC,BAC|C|GS|JPM|MS|NTRS|SCHW|STT|WFC
TOPP,0,0,-13.5,-35.61,-88.23,-3.87,,,,,,,,
TOPS,10,10,-8.46,-15.88,-17.95,-6.32,-6.48,5.0,-1.9800000000000004,-20.880000000000003,-37.94499999999999,0.2,ASC|DHT|FRO|GNK|INSW|MATX|NAT|STNG|TK|TNK,ASC|DHT|FRO|GNK|INSW|MATX|NAT|STNG|TK|TNK
TORO,10,10,-7.42,-6.06,14.57,0.0,0.9199999999999999,-4.630000000000001,-8.34,-1.4299999999999988,14.615,0.0,AGCO|CAT|CMI|DE|ITRI|LMT|MMYT|PH|TT|TTC,AGCO|CAT|CMI|DE|ITRI|LMT|MMYT|PH|TT|TTC
TOST,10,10,-2.77,-19.02,15.64,-0.03,-3.21,-10.61,0.43999999999999995,-8.41,12.585,0.6,ADP|FIS|FLNT|FOUR|GPN|MITK|PAGS|PAYC|PAYX|XYZ,ADP|FIS|FLNT|FOUR|GPN|MITK|PAGS|PAYC|PAYX|XYZ
TOUR,10,10,1.3,2.12,8.92,0.0,-0.31,-5.9399999999999995,1.61,8.059999999999999,20.880000000000003,0.6,AAL|BKNG|DAL|EXPE|FLGT|LUV|TCOM|TRIP|UAL|YTRA,AAL|BKNG|DAL|EXPE|FLGT|LUV|TCOM|TRIP|UAL|YTRA
TOVX,10,6,-3.93,-2.11,-2.72,-0.94,-3.3000000000000003,-4.550000000000001,-0.6299999999999999,2.440000000000001,-13.105,0.5,ACET|ADAP|ARCT|AVDL|AVIR|AXSM|BPMC|CRBP|FATE|XOMA,ACET|ARCT|AVIR|AXSM|CRBP|FATE
TOWN,10,10,-2.93,-4.63,0.25,0.0,-3.54,-7.68,0.6099999999999999,3.05,7.460000000000001,0.8,BAC|CFG|FITB|HBAN|JPM|KEY|PNC|RF|USB|WFC,BAC|CFG|FITB|HBAN|JPM|KEY|PNC|RF|USB|WFC
TOYO,10,10,0.8,-6.54,-40.86,0.57,-1.9899999999999998,-5.99,2.79,-0.5499999999999998,-30.14,0.8,ALSN|BWA|DAN|GNTX|GT|LEA|MGA|MOD|THRM|VC,ALSN|BWA|DAN|GNTX|GT|LEA|MGA|MOD|THRM|VC
TPB,9,9,-11.47,-29.2,-27.6,0.4,1.2,-1.33,-12.67,-27.869999999999997,-34.54,0.0,ACB|BTI|CRON|GNLN|MO|OGI|PM|UVV|XXII,ACB|BTI|CRON|GNLN|MO|OGI|PM|UVV|XXII
TPC,10,10,-2.24,-4.1,2.69,-0.72,-1.7,-9.0,-0.5400000000000003,4.9,17.580000000000002,0.4,ACM|DY|FLR|GVA|J|KBH|MTZ|PHM|PWR|TOL,ACM|DY|FLR|GVA|J|KBH|MTZ|PHM|PWR|TOL
TPCS,10,10,-0.56,-8.32,37.4,0.0,6.82,0.31000000000000005,-7.380000000000001,-8.63,63.589999999999996,0.1,AEIS|CGNX|COHU|FORM|MKSI|ONTO|TER|TTMI|UCTT|VIAV,AEIS|CGNX|COHU|FORM|MKSI|ONTO|TER|TTMI|UCTT|VIAV
TPET,10,6,-6.88,-4.84,-32.1,0.0,-7.385,-10.475,0.5049999999999999,5.635,-35.26,0.6666666666666666,AMPY|BATL|BRY|MARPS|NCSM|NEXT|PED|REI|USEG|VTLE,AMPY|BATL|MARPS|NEXT|PED|REI
TPG,10,10,-1.75,-14.13,13.47,1.07,-2.445,-10.295,0.6949999999999998,-3.835000000000001,8.195,0.5,APO|ARES|BX|BXMT|CG|GAIN|HLNE|KKR|MAIN|OCSL,APO|ARES|BX|BXMT|CG|GAIN|HLNE|KKR|MAIN|OCSL
TPL,10,8,-2.65,-9.33,-13.56,0.68,-2.4050000000000002,-2.1149999999999998,-0.24499999999999966,-7.215,-27.425,0.5,APA|COP|DVN|EOG|EXE|FANG|HES|MRO|NOG|OXY,APA|COP|DVN|EOG|EXE|FANG|NOG|OXY
TPR,7,6,-4.34,-14.69,-23.97,0.44,0.7549999999999999,-3.935,-5.095,-10.754999999999999,-9.639999999999999,0.16666666666666666,ANF|COLM|GES|LEVI|PVH|RL|VFC,ANF|COLM|LEVI|PVH|RL|VFC
TPST,10,7,-0.47,-19.75,-15.16,-3.38,-4.84,-17.33,4.37,-2.4200000000000017,2.1999999999999993,0.5714285714285714,ADAP|AFMD|AGEN|ATNM|COGT|HOOK|IMMP|KALA|MRKR|ONCY,AGEN|ATNM|COGT|IMMP|KALA|MRKR|ONCY
TPVG,10,10,1.86,-6.42,7.53,0.0,-1.88,-3.91,3.74,-2.51,3.6250000000000004,1.0,ARCC|CSWC|GLAD|GSBD|HTGC|MAIN|NMFC|PSEC|SLRC|TCPC,ARCC|CSWC|GLAD|GSBD|HTGC|MAIN|NMFC|PSEC|SLRC|TCPC
TR,10,9,0.03,-8.37,0.08,0.0,-1.69,-8.77,1.72,0.40000000000000036,2.21,0.6666666666666666,CAG|HSY|INGR|JJSF|K|KDP|MDLZ|SBUX|THFF|TRT,CAG|HSY|INGR|JJSF|KDP|MDLZ|SBUX|THFF|TRT
TRAK,9,9,-0.73,2.63,-8.6,0.0,3.54,17.53,-4.27,-14.900000000000002,-75.78999999999999,0.0,DDOG|ESTC|MDB|MSTR|NET|OKTA|PD|S|TEAM,DDOG|ESTC|MDB|MSTR|NET|OKTA|PD|S|TEAM
TRAW,10,10,-5.55,-10.07,-41.51,0.0,0.16999999999999998,-3.625,-5.72,-6.445,-54.44,0.0,ABBV|AMGN|BMY|GILD|JNJ|LLY|MRK|PFE|REGN|VRTX,ABBV|AMGN|BMY|GILD|JNJ|LLY|MRK|PFE|REGN|VRTX
TRC,10,10,1.69,-0.18,-12.16,0.0,-0.635,-4.835,2.325,4.655,-9.05,0.9,ALCO|CTO|DHC|EPR|FPI|LAND|LMNR|LTC|SAFE|VTR,ALCO|CTO|DHC|EPR|FPI|LAND|LMNR|LTC|SAFE|VTR
TRDA,10,10,-5.66,-11.32,-13.79,0.0,0.020000000000000004,-0.815,-5.68,-10.505,-32.62,0.2,BNTX|GILD|INCY|MRNA|NVAX|PFE|REGN|RNA|SRPT|VRTX,BNTX|GILD|INCY|MRNA|NVAX|PFE|REGN|RNA|SRPT|VRTX
TREE,10,9,-6.61,-20.48,-36.25,1.25,-3.54,-4.83,-3.0700000000000003,-15.65,-32.41,0.1111111111111111,ALLY|ATLC|ECPG|ENVA|GDOT|LC|LCNB|MFIN|PAGP|WRLD,ALLY|ATLC|ECPG|ENVA|GDOT|LCNB|MFIN|PAGP|WRLD
TREX,10,9,0.32,-7.02,-12.87,-0.16,2.29,-6.9,-1.97,-0.11999999999999922,-13.34,0.3333333333333333,ALLE|AWI|AZEK|BCC|BLDR|BXC|JELD|LPX|MAS|MHK,ALLE|AWI|BCC|BLDR|BXC|JELD|LPX|MAS|MHK
TRGP,9,7,-0.72,-1.36,3.5,0.0,-2.29,-0.76,1.57,-0.6000000000000001,1.52,0.7142857142857143,ALTM|ENLC|EPD|ET|KMI|MPLX|OKE|PAGP|WMB,EPD|ET|KMI|MPLX|OKE|PAGP|WMB
TRI,10,10,-2.82,-9.36,21.57,0.0,-1.6800000000000002,-6.465,-1.1399999999999997,-2.8949999999999996,16.09,0.2,AAPL|AMZN|BBGI|GOOGL|MCO|MSCI|NFLX|RELX|SPGI|VRSK,AAPL|AMZN|BBGI|GOOGL|MCO|MSCI|NFLX|RELX|SPGI|VRSK
TRIB,10,9,-0.28,-32.14,-31.68,0.0,1.08,-3.56,-1.36,-28.580000000000002,-45.82,0.3333333333333333,ABT|BIO|DGX|HOLX|LH|MMSI|NTRA|OSUR|QDEL|TMO,ABT|BIO|DGX|LH|MMSI|NTRA|OSUR|QDEL|TMO
TRIN,10,10,-2.55,-6.15,3.85,0.0,-2.295,-5.845,-0.2549999999999999,-0.3050000000000006,-2.565,0.4,ARCC|CSWC|GAIN|HTGC|MAIN|NEWT|PSEC|SLRC|TCPC|TPVG,ARCC|CSWC|GAIN|HTGC|MAIN|NEWT|PSEC|SLRC|TCPC|TPVG
TRIP,10,10,-9.02,-20.06,-36.95,0.37,-3.5949999999999998,-15.115,-5.425,-4.9449999999999985,-28.375000000000004,0.3,ABNB|BKNG|EXPE|H|HLT|MAR|SABR|TCOM|TZOO|YELP,ABNB|BKNG|EXPE|H|HLT|MAR|SABR|TCOM|TZOO|YELP
TRMB,9,6,5.02,1.31,19.84,1.5,2.19,-2.8249999999999997,2.8299999999999996,4.135,9.219999999999999,0.8333333333333334,ADSK|ALTR|CSCO|DE|FARO|GE|GRMN|JNPR|TDY,ADSK|CSCO|DE|GE|GRMN|TDY
TRMD,10,10,-5.52,9.98,24.94,0.55,-6.48,5.0,0.9600000000000009,4.98,3.8800000000000026,0.7,ASC|CCEC|DHT|FRO|INSW|NAT|SB|SFL|STNG|TNK,ASC|CCEC|DHT|FRO|INSW|NAT|SB|SFL|STNG|TNK
TRMK,10,9,-3.14,-1.68,-0.74,0.0,-3.03,-5.85,-0.11000000000000032,4.17,6.34,0.4444444444444444,CFR|FHN|FITB|FULT|HWC|MTB|PNC|RF|SNV|WTFC,CFR|FHN|FITB|FULT|HWC|MTB|PNC|RF|WTFC
TRN,10,10,-0.99,-5.52,-20.58,0.0,-0.019999999999999997,-6.275,-0.97,0.7550000000000008,-20.15,0.3,CNI|CP|CSX|GBX|NSC|PATK|R|RAIL|UNP|WAB,CNI|CP|CSX|GBX|NSC|PATK|R|RAIL|UNP|WAB
TRNO,10,9,0.62,-4.19,0.89,0.0,-0.87,-3.72,1.49,-0.4700000000000002,4.58,0.7777777777777778,EGP|FR|FRPH|FRT|GTY|PDM|PLD|REXR|ROIC|STAG,EGP|FR|FRPH|FRT|GTY|PDM|PLD|REXR|STAG
TRNR,10,9,-6.88,-15.6,-31.71,-3.02,-0.51,-9.39,-6.37,-6.209999999999999,-22.380000000000003,0.1111111111111111,CLAR|CMBM|FITB|FN|LULU|MBUU|MTEX|PLNT|PTON|TRX,CLAR|FITB|FN|LULU|MBUU|MTEX|PLNT|PTON|TRX
TRNS,10,10,3.6,0.18,-3.84,-0.79,4.52,2.58,-0.9199999999999995,-2.4,-11.23,0.4,A|AME|KBR|MMS|MRCY|NDSN|NOVT|PKOH|PRLB|TDY,A|AME|KBR|MMS|MRCY|NDSN|NOVT|PKOH|PRLB|TDY
TRON,10,9,2.8,-27.94,2.8,0.0,-1.13,-10.67,3.9299999999999997,-17.270000000000003,0.9799999999999998,0.8888888888888888,CMCSA|DIS|EA|FNKO|GME|HAS|JAKK|MAT|NFLX|ROKU,CMCSA|DIS|FNKO|GME|HAS|JAKK|MAT|NFLX|ROKU
TROO,10,8,-12.44,-3.17,-29.34,0.0,-0.51,-9.42,-11.93,6.25,-30.88,0.0,CNS|CXM|GOTU|IPG|NCMI|OMC|OUT|TTEC|WK|ZENV,CNS|CXM|GOTU|NCMI|OMC|OUT|TTEC|WK
TROW,10,8,2.12,-6.88,-0.6,0.0,-0.8300000000000001,-6.765000000000001,2.95,-0.11499999999999932,-7.67,0.75,AMG|APO|BEN|BK|BLK|IVZ|JHG|NTRS|SCHW|STT,AMG|APO|BEN|BLK|IVZ|NTRS|SCHW|STT
TROX,10,10,0.23,-20.22,-37.23,0.0,0.36,-5.8,-0.12999999999999998,-14.419999999999998,-26.624999999999996,0.4,ALB|AXTA|CC|CE|HUN|OLN|PPG|RPM|SHW|VAL,ALB|AXTA|CC|CE|HUN|OLN|PPG|RPM|SHW|VAL
TRP,10,9,-1.65,-3.0,-13.21,0.0,-1.53,-0.76,-0.11999999999999988,-2.24,-14.860000000000001,0.4444444444444444,AM|ENB|ENLC|EPD|ET|KMI|MPLX|OKE|PBF|WMB,AM|ENB|EPD|ET|KMI|MPLX|OKE|PBF|WMB
TRS,10,8,1.99,-0.96,-10.66,0.43,0.04000000000000001,-6.265,1.95,5.305,-7.565,0.75,AFL|AMWD|AOS|DOV|ITT|LECO|NWL|PKE|PNR|TGI,AFL|AOS|DOV|ITT|LECO|NWL|PKE|PNR
TRSG,10,10,-2.38,-2.78,-14.62,0.0,-2.705,-1.45,0.3250000000000002,-1.3299999999999998,-17.994999999999997,0.6,AAPL|ADBE|AMZN|CRM|CSCO|GOOGL|IBM|INTC|MSFT|ORCL,AAPL|ADBE|AMZN|CRM|CSCO|GOOGL|IBM|INTC|MSFT|ORCL
TRST,10,10,-1.3,-2.41,2.36,0.0,-3.645,-6.8100000000000005,2.3449999999999998,4.4,9.42,0.9,BAC|C|CFG|FITB|JPM|PNC|RF|TFC|USB|WFC,BAC|C|CFG|FITB|JPM|PNC|RF|TFC|USB|WFC
TRT,10,10,1.78,10.65,-5.3,-0.17,7.465,2.42,-5.685,8.23,22.43,0.0,AMKR|ASX|COHU|FORM|ICHR|KLAC|LRCX|MTSI|TER|UCTT,AMKR|ASX|COHU|FORM|ICHR|KLAC|LRCX|MTSI|TER|UCTT
TRTX,10,10,-6.83,-12.79,-20.42,0.0,-3.8400000000000003,-10.629999999999999,-2.9899999999999998,-2.16,-6.815000000000001,0.4,ABR|ACRE|ARI|BXMT|GPMT|KREF|LADR|MFA|RC|STWD,ABR|ACRE|ARI|BXMT|GPMT|KREF|LADR|MFA|RC|STWD
TRU,10,10,-6.03,-19.19,2.54,-3.17,-1.7650000000000001,-13.73,-4.265000000000001,-5.460000000000001,-3.34,0.3,ADBE|EFX|FICO|INTU|MC|MORN|MSCI|PYPL|SPGI|VRSK,ADBE|EFX|FICO|INTU|MC|MORN|MSCI|PYPL|SPGI|VRSK
TRUG,10,8,12.04,-26.5,-65.6,-5.49,-0.515,-7.545,12.555,-18.955,-49.815,1.0,ASO|CAL|CALY|CROX|CWH|DKS|GOLF|NKE|SKX|VSTO,ASO|CAL|CALY|CROX|CWH|DKS|GOLF|NKE
TRUP,10,8,-10.73,-27.96,-4.23,0.0,-2.665,-9.66,-8.065000000000001,-18.3,-5.235,0.125,AMZN|CHWY|DOCU|FVRR|PETS|PSTG|SHOP|WOOF|XYZ|ZUO,AMZN|CHWY|DOCU|FVRR|PETS|SHOP|WOOF|XYZ
TRV,9,9,-2.42,0.17,16.34,2.75,-4.7,-5.54,2.2800000000000002,5.71,18.75,0.7777777777777778,AIG|ALL|CB|CINF|HIG|MKL|PGR|RLI|WRB,AIG|ALL|CB|CINF|HIG|MKL|PGR|RLI|WRB
TRVG,10,10,-19.28,-2.17,8.87,2.66,-7.285,-20.785,-11.995000000000001,18.615000000000002,13.065,0.0,ABNB|BKNG|EXPE|GOOGL|MMYT|SABR|SIRI|TCOM|TRIP|YELP,ABNB|BKNG|EXPE|GOOGL|MMYT|SABR|SIRI|TCOM|TRIP|YELP
TRVI,10,10,-4.47,-19.05,-19.28,0.48,0.915,-2.2800000000000002,-5.385,-16.77,-31.245,0.1,ABBV|AMGN|BIIB|BMRN|GILD|LLY|MRNA|NBIX|REGN|VRTX,ABBV|AMGN|BIIB|BMRN|GILD|LLY|MRNA|NBIX|REGN|VRTX
TRX,10,9,4.04,6.58,59.75,-1.44,-3.91,-13.66,7.95,20.240000000000002,36.31,1.0,AEM|AU|B|EGO|GFI|HMY|IAG|KGC|NEM|NGD,AEM|AU|B|EGO|GFI|HMY|IAG|KGC|NEM
TS,10,9,0.3,3.83,-1.17,1.65,-1.31,-2.42,1.61,6.25,-10.83,0.7777777777777778,BKR|FET|FTI|HAL|HLX|INVX|NOV|OII|RES|SLB,BKR|FET|FTI|HAL|INVX|NOV|OII|RES|SLB
TSAT,10,10,-6.04,14.56,16.23,3.06,-1.5,0.16499999999999998,-4.54,14.395000000000001,12.025,0.1,FSTR|GSAT|IRDM|KNOP|LUMN|SIRI|T|TIGO|VSAT|VZ,FSTR|GSAT|IRDM|KNOP|LUMN|SIRI|T|TIGO|VSAT|VZ
TSBK,10,7,-3.03,-2.37,0.47,0.0,-3.67,-6.01,0.6400000000000001,3.6399999999999997,3.42,0.5714285714285714,FFIN|HOPE|HTLF|IBTX|OCFC|SFNC|SSB|TBBK|WBS|WSBC,FFIN|HOPE|OCFC|SFNC|SSB|TBBK|WSBC
TSCO,8,7,-1.79,-8.89,4.82,-0.18,-2.16,-5.5,0.3700000000000001,-3.3900000000000006,8.940000000000001,0.5714285714285714,AMZN|COST|FARM|HD|LOW|SFM|TGT|WMT,AMZN|COST|HD|LOW|SFM|TGT|WMT
TSEM,10,10,2.64,5.79,-16.62,-2.38,5.8100000000000005,4.88,-3.1700000000000004,0.9100000000000001,-7.315000000000001,0.3,AMAT|AMD|ASML|INTC|LRCX|MU|NVDA|QCOM|TSM|TXN,AMAT|AMD|ASML|INTC|LRCX|MU|NVDA|QCOM|TSM|TXN
TSHA,10,6,-3.16,-17.76,-29.25,0.0,-1.9200000000000002,-9.36,-1.24,-8.400000000000002,-30.71,0.5,ADVM|BLUE|CRSP|EDIT|GNFT|IOVA|NTLA|QURE|SGMO|SRPT,CRSP|EDIT|IOVA|NTLA|QURE|SRPT
TSLA,10,10,2.57,7.24,0.13,-1.19,-3.365,-9.22,5.9350000000000005,16.46,4.25,1.0,F|GM|HMC|LCID|LI|NIO|RIVN|STLA|TM|XPEV,F|GM|HMC|LCID|LI|NIO|RIVN|STLA|TM|XPEV
TSLX,10,10,0.33,-3.85,12.65,0.0,-1.29,-3.91,1.62,0.06000000000000005,5.800000000000001,0.7,ARCC|BBDC|CGBD|GSBD|HTGC|MAIN|NMFC|PSEC|TCPC|TPVG,ARCC|BBDC|CGBD|GSBD|HTGC|MAIN|NMFC|PSEC|TCPC|TPVG
TSM,10,10,2.15,5.29,1.04,-1.58,5.8100000000000005,4.205,-3.6600000000000006,1.085,10.344999999999999,0.2,AMAT|AMD|ASML|AVGO|INTC|LRCX|MU|NVDA|QCOM|TXN,AMAT|AMD|ASML|AVGO|INTC|LRCX|MU|NVDA|QCOM|TXN
TSN,9,9,-1.26,-9.74,-10.73,0.47,-3.4,-8.97,2.1399999999999997,-0.7699999999999996,-9.24,0.8888888888888888,CAG|HRL|KHC|PPC|SMPL|SYY|TSCO|UNFI|USFD,CAG|HRL|KHC|PPC|SMPL|SYY|TSCO|UNFI|USFD
TSQ,10,9,-0.39,-10.54,-21.93,0.0,-0.86,-9.41,0.47,-1.129999999999999,-14.79,0.5555555555555556,BBGI|CMLS|CSTL|EVC|GTN|IHRT|NXST|SIRI|TV|UONE,BBGI|CSTL|EVC|GTN|IHRT|NXST|SIRI|TV|UONE
TSSI,0,0,11.25,12.56,-17.68,3.34,,,,,,,,
TT,10,10,2.45,-4.73,-13.85,-0.77,2.48,-2.635,-0.029999999999999805,-2.0950000000000006,1.4749999999999996,0.5,AAON|CARR|DOV|EMR|HON|IR|JCI|LII|RBC|VRSK,AAON|CARR|DOV|EMR|HON|IR|JCI|LII|RBC|VRSK
TTAM,0,0,-2.32,-10.54,-28.08,0.0,,,,,,,,
TTAN,0,0,12.39,-33.63,-3.83,-1.1,,,,,,,,
TTC,10,10,4.61,-2.92,1.9,0.0,1.31,-2.09,3.3000000000000003,-0.8300000000000001,0.44999999999999996,0.9,CAT|DE|GD|HON|ITW|LMT|MMM|MTD|PCAR|XOM,CAT|DE|GD|HON|ITW|LMT|MMM|MTD|PCAR|XOM
TTD,9,9,-11.78,-5.06,-27.41,-0.79,-0.27,-3.82,-11.51,-1.2399999999999998,-41.46,0.0,APPS|GOOGL|MGNI|PERI|PUBM|ROKU|SNAP|SPOT|TME,APPS|GOOGL|MGNI|PERI|PUBM|ROKU|SNAP|SPOT|TME
TTE,10,9,-0.07,3.07,16.93,-0.15,-2.38,4.24,2.31,-1.1700000000000004,-4.109999999999999,0.8888888888888888,BP|COP|CVX|HES|MPC|OKE|PSX|SHEL|VLO|XOM,BP|COP|CVX|MPC|OKE|PSX|SHEL|VLO|XOM
TTEC,10,9,1.65,-9.56,-41.71,0.0,-3.6,-2.37,5.25,-7.19,-61.24,0.8888888888888888,ACN|CASS|CBZ|CNXC|EXLS|G|GNRC|LDOS|RCM|XRX,ACN|CASS|CBZ|CNXC|EXLS|G|GNRC|LDOS|XRX
TTEK,10,10,-4.3,-5.32,22.11,0.0,-2.9349999999999996,-2.9699999999999998,-1.3650000000000002,-2.3500000000000005,28.924999999999997,0.3,ACM|CWST|EME|FLR|GVA|J|KBR|PRIM|STLD|STN,ACM|CWST|EME|FLR|GVA|J|KBR|PRIM|STLD|STN
TTGT,10,10,-3.08,-1.31,1.89,0.0,-3.62,-2.015,0.54,0.7050000000000001,-29.64,0.6,ACN|ADBE|CRM|CSCO|FORR|GOOGL|IBM|IT|MSFT|ORCL,ACN|ADBE|CRM|CSCO|FORR|GOOGL|IBM|IT|MSFT|ORCL
TTI,10,10,-4.07,-12.85,-42.16,-1.17,-1.7650000000000001,-4.699999999999999,-2.305,-8.15,-44.709999999999994,0.2,BKR|CLB|FTI|HAL|INVX|NPKI|OIS|RES|SLB|WFRD,BKR|CLB|FTI|HAL|INVX|NPKI|OIS|RES|SLB|WFRD
TTMI,10,9,5.91,8.24,-42.28,-3.39,3.58,1.51,2.33,6.73,-28.26,0.7777777777777778,APH|AVT|EMKR|ETN|FLEX|HUBB|JBL|MCHP|SANM|TEL,APH|AVT|ETN|FLEX|HUBB|JBL|MCHP|SANM|TEL
TTRX,0,0,-1.53,39.57,121.84,0.0,,,,,,,,
TTWO,4,3,-1.96,-11.35,-13.5,0.09,0.08,1.31,-2.04,-12.66,-17.62,0.3333333333333333,EA|GOOGL|MSFT|RBLX,GOOGL|MSFT|RBLX
TU,10,9,-4.94,-13.84,-23.56,-0.35,-4.68,-7.86,-0.2600000000000007,-5.9799999999999995,-15.509999999999998,0.4444444444444444,AD|CCI|CHTR|CMCSA|CNSL|LUMN|SBAC|T|TMUS|VZ,AD|CCI|CHTR|CMCSA|LUMN|SBAC|T|TMUS|VZ
TURB,10,8,-22.63,-9.84,-32.68,-0.31,-3.365,-9.22,-19.265,-0.6199999999999992,-28.535,0.0,F|GM|GOEV|LCID|LI|NIO|NKLA|RIVN|TSLA|XPEV,F|GM|LCID|LI|NIO|RIVN|TSLA|XPEV
TUSK,10,10,-3.31,-6.11,-4.26,0.0,-1.91,-3.6149999999999998,-1.4000000000000001,-2.4950000000000006,-6.81,0.2,BKR|CLB|FTI|HAL|INVX|LBRT|NOV|PUMP|RES|SLB,BKR|CLB|FTI|HAL|INVX|LBRT|NOV|PUMP|RES|SLB
TUYA,10,10,-1.68,-3.32,-1.68,0.03,-1.845,-0.18499999999999994,0.16500000000000004,-3.135,-12.985,0.5,AAPL|ADBE|AMZN|BIDU|CRM|GOOGL|INTC|MSFT|NVDA|ORCL,AAPL|ADBE|AMZN|BIDU|CRM|GOOGL|INTC|MSFT|NVDA|ORCL
TV,10,10,7.94,-8.49,-7.14,3.94,-1.73,-9.995000000000001,9.67,1.5050000000000008,-9.76,1.0,AMCX|CHTR|CMCSA|DIS|EVC|FOXA|NWS|NWSA|NXST|SBGI,AMCX|CHTR|CMCSA|DIS|EVC|FOXA|NWS|NWSA|NXST|SBGI
TVA,0,0,0.0,0.28,0.96,0.0,,,,,,,,
TVAI,0,0,0.19,0.19,0.87,0.0,,,,,,,,
TVGN,10,7,-2.05,12.19,-22.2,0.0,-0.41,-1.04,-1.64,13.23,-24.759999999999998,0.2857142857142857,ADAP|ALLO|BLUE|CRSP|EDIT|FATE|GILD|IMTX|MRNA|PSTX,ALLO|CRSP|EDIT|FATE|GILD|IMTX|MRNA
TVRD,10,9,-16.67,-25.82,-42.8,2.27,-0.13,-0.87,-16.540000000000003,-24.95,-47.54,0.0,AMRN|ARWR|AVXL|BPMC|GILD|LGND|NKTR|OPK|SRPT|VRTX,AMRN|ARWR|AVXL|GILD|LGND|NKTR|OPK|SRPT|VRTX
TVTX,10,9,-8.56,-11.65,0.29,-1.05,-2.96,-9.1,-5.6000000000000005,-2.5500000000000007,6.05,0.0,AGIO|BMRN|CLLS|CRSP|FOLD|PFE|QURE|RARE|SRPT|VYGR,AGIO|BMRN|CLLS|CRSP|PFE|QURE|RARE|SRPT|VYGR
TW,10,10,-2.09,-7.52,4.35,0.0,-0.18,-4.545,-1.91,-2.9749999999999996,-5.0649999999999995,0.3,CBOE|CME|GS|ICE|JPM|MKTX|MS|MSCI|NDAQ|SCHW,CBOE|CME|GS|ICE|JPM|MKTX|MS|MSCI|NDAQ|SCHW
TWAV,10,10,24.03,14.29,24.03,0.63,-0.22,2.3600000000000003,24.25,11.93,6.350000000000001,1.0,ADBE|CRWD|CSCO|GOOGL|LOGI|MSFT|PENG|TEAM|TWLO|ZM,ADBE|CRWD|CSCO|GOOGL|LOGI|MSFT|PENG|TEAM|TWLO|ZM
TWFG,10,10,-9.93,-21.12,14.87,-0.57,-4.845000000000001,-10.375,-5.084999999999999,-10.745000000000001,15.895,0.1,AJG|ALL|AON|BRO|CINF|CNA|HIG|MRSH|PGR|TRV,AJG|ALL|AON|BRO|CINF|CNA|HIG|MRSH|PGR|TRV
TWG,10,9,-11.14,-44.46,-85.81,14.21,-1.99,-6.74,-9.15,-37.72,-82.28,0.0,BAC|BK|C|GS|JPM|MS|NTRS|PFG|STT|WFC,BAC|C|GS|JPM|MS|NTRS|PFG|STT|WFC
TWI,10,9,1.26,0.7,-8.35,0.0,-2.26,-8.67,3.5199999999999996,9.37,2.8499999999999996,0.8888888888888888,AXL|BWA|CPS|DAN|GT|LEA|MGA|STRT|THRM|VC,BWA|CPS|DAN|GT|LEA|MGA|STRT|THRM|VC
TWIN,10,10,6.29,14.28,15.56,0.0,0.29,-3.425,6.0,17.705,22.195,1.0,AGCO|CAT|CMI|DE|MTW|OSK|PCAR|PLOW|TEX|WAB,AGCO|CAT|CMI|DE|MTW|OSK|PCAR|PLOW|TEX|WAB
TWLO,10,10,15.46,26.94,48.95,-2.2,1.255,9.205,14.205000000000002,17.735,21.145000000000003,0.8,BAND|CCOI|CSCO|EGHT|FIVN|OOMA|PD|RNG|WK|ZM,BAND|CCOI|CSCO|EGHT|FIVN|OOMA|PD|RNG|WK|ZM
TWLV,0,0,0.0,0.2,0.7,0.0,,,,,,,,
TWST,10,9,0.04,2.77,61.01,-1.82,1.46,-8.14,-1.42,10.91,58.449999999999996,0.3333333333333333,AMGN|BEAM|BIIB|CRSP|EDIT|ILMN|NTLA|PACB|REGN|SGMO,AMGN|BEAM|BIIB|CRSP|EDIT|ILMN|NTLA|PACB|REGN
TX,10,9,-1.74,1.6,24.53,0.0,-2.94,-0.32,1.2,1.9200000000000002,27.61,0.7777777777777778,ATI|CLF|CMC|GGB|HII|MT|NUE|RS|STLD|X,ATI|CLF|CMC|GGB|HII|MT|NUE|RS|STLD
TXG,10,9,-5.48,12.41,103.61,-3.8,1.42,9.36,-6.9,3.0500000000000007,74.88,0.0,CDNA|EXAS|FLGT|GH|ILMN|MYGN|NTRA|PACB|QDEL|TWST,CDNA|FLGT|GH|ILMN|MYGN|NTRA|PACB|QDEL|TWST
TXMD,10,10,-0.46,4.83,7.96,0.0,0.30999999999999994,-5.074999999999999,-0.77,9.905,11.58,0.5,ARCT|ATNM|GNPX|HRTG|IBRX|ONCY|SNDX|TGTX|VERU|VRCA,ARCT|ATNM|GNPX|HRTG|IBRX|ONCY|SNDX|TGTX|VERU|VRCA
TXN,9,9,4.71,3.94,-13.31,-0.85,4.59,2.85,0.1200000000000001,1.0899999999999999,-4.07,0.6666666666666666,ADI|AMD|AVGO|MCHP|NXPI|ON|QRVO|STM|SWKS,ADI|AMD|AVGO|MCHP|NXPI|ON|QRVO|STM|SWKS
TXNM,10,9,-0.38,2.17,1.48,0.0,-2.97,4.02,2.5900000000000003,-1.8499999999999996,-19.56,0.7777777777777778,APA|COP|CVX|DVN|HES|MPC|OXY|PSX|VLO|XOM,APA|COP|CVX|DVN|MPC|OXY|PSX|VLO|XOM
TXO,10,8,-4.05,0.78,15.07,0.0,-1.78,0.5349999999999999,-2.2699999999999996,0.2450000000000001,-1.1950000000000003,0.125,APA|COP|CVX|DVN|EOG|FANG|HES|MRO|OXY|XOM,APA|COP|CVX|DVN|EOG|FANG|OXY|XOM
TXRH,9,8,-1.17,-18.91,-13.52,0.0,5.6899999999999995,-17.16,-6.859999999999999,-1.75,-18.125,0.0,BJRI|BLMN|CAKE|DENN|DIN|DRI|EAT|PLAY|RRGB,BJRI|BLMN|CAKE|DIN|DRI|EAT|PLAY|RRGB
TXT,8,8,-5.28,-6.31,-13.95,-0.22,-2.165,-8.135,-3.115,1.8250000000000002,-8.45,0.0,BA|GD|GE|HEI|HII|LHX|LMT|NOC,BA|GD|GE|HEI|HII|LHX|LMT|NOC
TYGO,9,7,-6.73,-12.38,-60.52,3.37,-7.43,-11.86,0.6999999999999993,-0.5200000000000014,-24.400000000000006,0.5714285714285714,ARRY|CSIQ|ENPH|FSLR|JKS|MAXN|NOVA|RUN|SEDG,ARRY|CSIQ|ENPH|FSLR|JKS|RUN|SEDG
TYL,8,8,-2.97,-5.32,17.91,-0.33,-2.6550000000000002,-2.57,-0.31499999999999995,-2.7500000000000004,-22.99,0.375,ADBE|CRM|INTU|MSFT|NOW|ORCL|PAYC|SAP,ADBE|CRM|INTU|MSFT|NOW|ORCL|PAYC|SAP
TYRA,10,7,-4.6,-10.96,-23.51,0.0,-0.78,-7.57,-3.8199999999999994,-3.3900000000000006,-17.68,0.14285714285714285,ADAP|FATE|HOOK|MCRB|MREO|PSTX|SRRK|TGTX|TIL|XFOR,FATE|MCRB|MREO|SRRK|TGTX|TIL|XFOR
TZOO,10,10,-1.59,-17.46,-47.95,0.0,-4.63,-16.415,3.04,-1.0450000000000017,-38.30500000000001,0.5,ABNB|BKNG|CHH|EXPE|H|HLT|MAR|TCOM|TRIP|YELP,ABNB|BKNG|CHH|EXPE|H|HLT|MAR|TCOM|TRIP|YELP
U,10,8,8.7,1.09,70.27,3.13,-1.585,0.7599999999999998,10.285,0.3300000000000003,57.64,1.0,ADSK|APPS|CRSR|EA|MTCH|PLTK|PUBM|RBLX|SKLZ|TTWO,ADSK|APPS|CRSR|MTCH|PLTK|PUBM|RBLX|TTWO
UA,9,8,-5.17,-8.2,-22.07,3.15,0.7549999999999999,-6.855,-5.925,-1.3449999999999989,-9.440000000000001,0.125,COLM|DECK|DXLG|LULU|NKE|PVH|RL|SKX|VFC,COLM|DECK|DXLG|LULU|NKE|PVH|RL|VFC
UAA,9,5,-8.45,-11.13,-25.16,0.44,2.22,-5.76,-10.67,-5.370000000000001,-12.89,0.0,COLM|FL|GES|HBI|LULU|NKE|RL|SKX|VFC,COLM|LULU|NKE|RL|VFC
UAL,9,8,1.62,-6.84,-18.74,-1.21,1.6349999999999998,-4.13,-0.01499999999999968,-2.71,4.300000000000001,0.5,AAL|ALGT|ALK|DAL|JBLU|LUV|SAVE|SKYW|ULCC,AAL|ALGT|ALK|DAL|JBLU|LUV|SKYW|ULCC
UAMY,10,10,-1.08,-12.31,-33.53,-0.87,-2.36,-10.725000000000001,1.2799999999999998,-1.584999999999999,-43.485,0.7,BHP|CCJ|FCX|HL|NEM|RIO|SCCO|SVM|TECK|VALE,BHP|CCJ|FCX|HL|NEM|RIO|SCCO|SVM|TECK|VALE
UAN,10,10,-3.73,2.21,18.32,0.0,-3.935,-4.975,0.20500000000000007,7.185,15.52,0.6,ALTO|CF|FF|FMC|IPI|LXU|MOS|NTR|SMG|SQM,ALTO|CF|FF|FMC|IPI|LXU|MOS|NTR|SMG|SQM
UAVS,10,10,3.54,-4.63,25.66,4.78,-2.165,-5.5,5.705,0.8700000000000001,26.37,0.8,AVAV|BA|GD|HEI|HON|KTOS|LMT|NOC|TDY|TXT,AVAV|BA|GD|HEI|HON|KTOS|LMT|NOC|TDY|TXT
UBCP,10,9,0.0,-0.84,-4.06,0.0,-2.42,-3.5,2.42,2.66,-5.199999999999999,1.0,ACNB|BANF|FMNB|FRME|HBNC|NBTB|PRK|SASR|SYBT|TMP,ACNB|BANF|FMNB|FRME|HBNC|NBTB|PRK|SYBT|TMP
UBER,10,10,-2.37,-13.89,-4.24,-0.33,-3.57,-10.4,1.1999999999999997,-3.49,-6.6850000000000005,0.6,ABNB|AMZN|APPS|BKNG|DASH|FVRR|GOOG|GRAB|LYFT|TSLA,ABNB|AMZN|APPS|BKNG|DASH|FVRR|GOOG|GRAB|LYFT|TSLA
UBS,10,8,-7.61,-13.76,-6.35,-2.03,-2.4,-6.765000000000001,-5.210000000000001,-6.994999999999999,-2.6599999999999997,0.0,BAC|BK|C|CMA|GS|JPM|MS|NTRS|STT|WFC,BAC|C|GS|JPM|MS|NTRS|STT|WFC
UBSI,10,8,-2.32,-3.31,1.18,0.0,-3.2649999999999997,-7.68,0.9449999999999998,4.369999999999999,9.94,0.875,BKU|CFG|CMA|FITB|HBAN|KEY|PNC|RF|SNV|USB,BKU|CFG|FITB|HBAN|KEY|PNC|RF|USB
UCAR,10,7,19.48,-61.36,-82.03,0.0,-0.5,-11.07,19.98,-50.29,-82.16,1.0,GOEV|LCID|LI|NIO|NKLA|RIVN|SBLX|TSLA|WKHS|XPEV,LCID|LI|NIO|RIVN|TSLA|WKHS|XPEV
UCB,10,10,-3.82,-5.34,-3.01,0.0,-3.74,-7.54,-0.07999999999999963,2.2,5.5550000000000015,0.5,BAC|FHN|FITB|FNB|HBAN|KEY|PNC|RF|TFC|WFC,BAC|FHN|FITB|FNB|HBAN|KEY|PNC|RF|TFC|WFC
UCL,10,10,0.59,-1.54,-62.07,0.0,-0.10499999999999998,2.625,0.695,-4.165,-58.165,0.6,AAPL|AMZN|CSCO|ERIC|GOOGL|INTC|MSFT|NVDA|QCOM|TXN,AAPL|AMZN|CSCO|ERIC|GOOGL|INTC|MSFT|NVDA|QCOM|TXN
UCTT,10,10,10.59,1.87,-38.1,-3.36,7.135,-2.21,3.455,4.08,-10.370000000000001,0.7,AMAT|ASML|COHU|ICHR|KLAC|LRCX|MTSI|OLED|TER|VECO,AMAT|ASML|COHU|ICHR|KLAC|LRCX|MTSI|OLED|TER|VECO
UDR,9,7,-1.23,-11.47,-13.58,0.0,-2.41,-11.62,1.1800000000000002,0.14999999999999858,-1.3699999999999992,0.8571428571428571,AIV|AVB|CPT|EQR|ESS|INVH|IRT|MAA|NXRT,AIV|CPT|ESS|INVH|IRT|MAA|NXRT
UE,10,8,-1.25,-8.43,-14.85,0.0,-0.915,-6.015,-0.33499999999999996,-2.415,-2.2849999999999984,0.375,AKR|BRX|FRT|KIM|MAC|REG|ROIC|SITC|SKT|WSR,AKR|BRX|FRT|KIM|MAC|REG|SITC|SKT
UEC,7,7,-2.96,-26.0,-7.27,-1.31,-2.96,-21.62,0.0,-4.379999999999999,3.5,0.42857142857142855,BMN|CCJ|DNN|LEU|NXE|URG|UUUU,BMN|CCJ|DNN|LEU|NXE|URG|UUUU
UEIC,10,10,2.33,19.27,30.21,0.0,-0.10499999999999998,-1.155,2.435,20.425,24.73,0.7,AAPL|ADT|AMZN|BB|GE|GRMN|JBL|LOGI|MSFT|SONY,AAPL|ADT|AMZN|BB|GE|GRMN|JBL|LOGI|MSFT|SONY
UFCS,10,10,-2.24,-0.63,4.95,0.0,-4.1,-6.18,1.8599999999999994,5.55,7.34,0.8,AIG|ALL|CINF|CNA|HIG|PGR|RLI|SIGI|TRV|WRB,AIG|ALL|CINF|CNA|HIG|PGR|RLI|SIGI|TRV|WRB
UFG,0,0,-14.26,-14.67,-43.52,-4.34,,,,,,,,
UFI,10,8,1.51,-12.29,43.68,0.0,0.385,-3.88,1.125,-8.41,47.105,0.75,AIN|CE|DOW|EMN|HUN|LYB|MHK|PX|TSE|WLKP,AIN|CE|DOW|EMN|HUN|LYB|MHK|WLKP
UFPI,10,8,-0.28,-8.35,-8.93,0.0,-0.76,-12.965,0.48,4.615,11.204999999999998,0.625,BLDR|EXP|LPX|PATK|PCH|SUM|TGLS|UFPT|VMI|WY,BLDR|EXP|LPX|PATK|TGLS|UFPT|VMI|WY
UFPT,10,9,2.85,-5.9,18.29,0.0,0.44,-6.0,2.41,0.09999999999999964,23.4,0.7777777777777778,AVY|DOW|EMN|GPK|HUN|IP|LYB|PKG|SEE|SON,AVY|DOW|EMN|GPK|HUN|IP|LYB|PKG|SON
UG,10,10,-0.14,-0.28,-0.97,0.0,-0.039999999999999994,-6.305,-0.10000000000000002,6.0249999999999995,-11.125,0.5,ABBV|ABT|BMY|GSK|JNJ|LLY|MRK|NVS|PFE|SNY,ABBV|ABT|BMY|GSK|JNJ|LLY|MRK|NVS|PFE|SNY
UGI,10,10,-4.04,-4.51,4.15,0.0,-3.0949999999999998,-6.0,-0.9450000000000003,1.4900000000000002,12.72,0.1,ATO|CNP|IDA|NI|NJR|NWN|OGS|PNW|SPH|SR,ATO|CNP|IDA|NI|NJR|NWN|OGS|PNW|SPH|SR
UGP,10,10,1.32,13.99,56.97,0.0,-5.140000000000001,8.645,6.460000000000001,5.345000000000001,6.414999999999992,1.0,CVI|DK|FANG|GLP|MPC|PBF|PSX|SUN|VLO|XOM,CVI|DK|FANG|GLP|MPC|PBF|PSX|SUN|VLO|XOM
UHAL,10,10,-4.07,-11.39,-6.76,-0.03,-1.325,-4.31,-2.745,-7.080000000000001,4.075000000000001,0.1,CAR|GATX|HRI|JBHT|KNX|PAG|R|RBA|URI|WERN,CAR|GATX|HRI|JBHT|KNX|PAG|R|RBA|URI|WERN
UHAL-B,10,10,-5.08,-12.68,-7.7,-1.0,-2.0,-7.63,-3.08,-5.05,3.1350000000000007,0.2,CAR|CUBE|EXR|FWRD|HTZ|JBHT|KNX|PAG|R|SAIA,CAR|CUBE|EXR|FWRD|HTZ|JBHT|KNX|PAG|R|SAIA
UHS,7,6,0.35,3.2,25.56,0.0,-0.18000000000000005,-0.365,0.53,3.5650000000000004,12.11,0.5,ACHC|CHE|CYH|EHC|HCA|SEM|THC,ACHC|CHE|CYH|EHC|HCA|THC
UHT,10,8,-5.91,-8.22,-7.85,0.0,-2.3,-6.9350000000000005,-3.6100000000000003,-1.2850000000000001,-3.0649999999999995,0.0,CTRE|DOC|HCP|HR|MPW|NXRT|O|SBRA|VTR|WELL,CTRE|DOC|HR|NXRT|O|SBRA|VTR|WELL
UI,10,9,-4.43,-1.01,5.34,-0.59,-0.54,2.97,-3.8899999999999997,-3.9800000000000004,-12.280000000000001,0.2222222222222222,ANET|AVGO|CSCO|DELL|EXTR|FFIV|HPE|JNPR|MSI|NTAP,ANET|AVGO|CSCO|DELL|EXTR|FFIV|HPE|MSI|NTAP
UIS,10,10,-4.44,-11.9,-32.29,0.0,-3.835,-1.7850000000000001,-0.6050000000000004,-10.115,-63.36,0.4,ACN|CTSH|DXC|GIB|HPE|HPQ|IBM|IT|LDOS|SAIC,ACN|CTSH|DXC|GIB|HPE|HPQ|IBM|IT|LDOS|SAIC
UK,10,10,-1.99,-5.74,-1.99,0.0,-2.735,7.345000000000001,0.7449999999999999,-13.085,-55.120000000000005,0.6,BOX|CRM|DOCU|GOOGL|HQY|MSFT|OKTA|TEAM|TWLO|WDAY,BOX|CRM|DOCU|GOOGL|HQY|MSFT|OKTA|TEAM|TWLO|WDAY
UL,10,10,-0.02,-4.51,2.76,0.08,-0.925,-7.235,0.905,2.7250000000000005,6.66,0.7,CHD|CL|CLX|GIS|KHC|KMB|MDLZ|PEP|PG|TSN,CHD|CL|CLX|GIS|KHC|KMB|MDLZ|PEP|PG|TSN
ULBI,10,10,8.26,-12.85,-5.3,0.0,-0.535,-9.785,8.795,-3.0649999999999995,9.204999999999998,1.0,AES|BLDP|ENR|FCEL|GE|ITRI|NRG|ODFL|PHG|PLUG,AES|BLDP|ENR|FCEL|GE|ITRI|NRG|ODFL|PHG|PLUG
ULCC,9,8,4.1,0.86,-21.4,0.0,1.505,-5.91,2.5949999999999998,6.7700000000000005,1.6400000000000006,1.0,AAL|ALGT|ALK|DAL|JBLU|LUV|SAVE|SKYW|UAL,AAL|ALGT|ALK|DAL|JBLU|LUV|SKYW|UAL
ULH,10,10,-9.2,-15.09,7.55,0.8,-1.1,-6.91,-8.1,-8.18,25.805000000000003,0.0,CHRW|EXPD|HTLD|JBHT|KNX|LSTR|MRTN|ODFL|SAIA|SNDR,CHRW|EXPD|HTLD|JBHT|KNX|LSTR|MRTN|ODFL|SAIA|SNDR
ULS,10,10,1.52,-11.61,-31.75,0.03,3.65,-2.09,-2.13,-9.52,-33.2,0.2,DHR|EMR|ETN|GE|HON|IR|ITW|MMM|ROK|ROP,DHR|EMR|ETN|GE|HON|IR|ITW|MMM|ROK|ROP
ULTA,7,7,0.01,1.23,12.01,0.0,0.38,-5.38,-0.37,6.609999999999999,-4.959999999999999,0.2857142857142857,CL|CNI|COTY|EL|LB|PG|SBH,CL|CNI|COTY|EL|LB|PG|SBH
UMAC,0,0,-5.69,-7.51,19.73,-0.75,,,,,,,,
UMBF,10,10,-0.38,-6.49,-6.39,0.3,-3.7249999999999996,-6.609999999999999,3.3449999999999998,0.11999999999999922,2.410000000000001,1.0,BKU|BOKF|CBSH|FHN|HBAN|OZK|PB|RF|WAL|ZION,BKU|BOKF|CBSH|FHN|HBAN|OZK|PB|RF|WAL|ZION
UMC,10,10,-2.13,22.19,-13.63,-2.96,5.8100000000000005,4.88,-7.94,17.310000000000002,-4.325000000000001,0.0,AMAT|AMD|ASML|INTC|LRCX|MU|NVDA|QCOM|TSM|TXN,AMAT|AMD|ASML|INTC|LRCX|MU|NVDA|QCOM|TSM|TXN
UMH,10,8,-1.16,-7.34,0.46,0.0,-2.2300000000000004,-10.625,1.0700000000000005,3.285,13.355,0.875,AIV|AVB|CPT|ELS|EQR|ESS|MAA|NXRT|SUI|UDR,AIV|CPT|ELS|ESS|MAA|NXRT|SUI|UDR
UNB,10,10,-0.89,-1.31,-6.33,0.0,-3.545,-7.54,2.655,6.23,2.235000000000001,1.0,CFG|FITB|HBAN|KEY|PNC|RF|TFC|USB|WFC|ZION,CFG|FITB|HBAN|KEY|PNC|RF|TFC|USB|WFC|ZION
UNCY,9,7,-0.39,-13.14,-42.13,-1.22,0.24,-9.26,-0.63,-3.880000000000001,-22.130000000000003,0.2857142857142857,ANVS|ARDX|BTAI|CAPR|CRBP|CRDF|CUE|LGVN|RAPT,ANVS|ARDX|CAPR|CRBP|CRDF|CUE|LGVN
UNF,10,10,-3.19,-11.7,-2.27,0.0,3.0549999999999997,-1.565,-6.244999999999999,-10.135,-6.675000000000001,0.0,AIT|CHEF|CTAS|FAST|MATW|MSM|SCSC|SITE|TNC|WCC,AIT|CHEF|CTAS|FAST|MATW|MSM|SCSC|SITE|TNC|WCC
UNFI,10,10,-6.39,-8.95,-13.84,-0.91,-0.985,-3.655,-5.404999999999999,-5.295,-7.84,0.0,ACI|COST|IMKTA|KR|MDLZ|SFM|TGT|TSN|WMK|WMT,ACI|COST|IMKTA|KR|MDLZ|SFM|TGT|TSN|WMK|WMT
UNH,10,10,-1.2,-6.53,-10.79,-0.16,-4.095000000000001,-4.665,2.8950000000000005,-1.8650000000000002,-11.975,0.9,CI|CNC|CVS|DGX|ELV|HCA|HUM|LH|MOH|THC,CI|CNC|CVS|DGX|ELV|HCA|HUM|LH|MOH|THC
UNIT,10,10,-3.98,-7.01,-19.08,0.0,-1.015,-5.045,-2.965,-1.9649999999999999,-14.229999999999999,0.2,AMT|BXP|CCI|COR|DLR|EQIX|FRT|IRM|LXP|SBAC,AMT|BXP|CCI|COR|DLR|EQIX|FRT|IRM|LXP|SBAC
UNM,10,10,-0.38,5.55,6.55,0.0,-2.625,-2.335,2.245,7.885,2.915,0.8,AFL|AIG|CINF|CNO|GNW|HIG|LNC|MET|PFG|PRU,AFL|AIG|CINF|CNO|GNW|HIG|LNC|MET|PFG|PRU
UNP,8,8,-2.65,-11.17,2.72,-0.19,-0.405,-5.734999999999999,-2.245,-5.4350000000000005,3.1500000000000004,0.0,CNI|CP|CSX|GBX|NSC|RA|TRN|WAB,CNI|CP|CSX|GBX|NSC|RA|TRN|WAB
UNTY,10,10,-3.7,-3.84,-1.86,0.0,-2.89,-4.025,-0.81,0.1850000000000005,1.175,0.0,CNOB|CZNC|FFBC|FMBH|FRME|HBNC|NWBI|OSBC|PFS|THFF,CNOB|CZNC|FFBC|FMBH|FRME|HBNC|NWBI|OSBC|PFS|THFF
UONE,10,8,1.17,-10.21,-21.06,0.0,-1.32,-10.82,2.49,0.6099999999999994,-13.805,1.0,BBGI|CMLS|CURI|GTN|IHRT|NXST|SBGI|SIRI|TGNA|TSQ,BBGI|CURI|GTN|IHRT|NXST|SBGI|SIRI|TSQ
UP,9,8,21.2,-24.46,-44.81,0.0,1.505,-5.91,19.695,-18.55,-21.770000000000003,1.0,AAL|ALGT|ALK|DAL|JBLU|LUV|SAVE|SKYW|UAL,AAL|ALGT|ALK|DAL|JBLU|LUV|SKYW|UAL
UPB,0,0,-2.26,-27.72,-18.4,0.0,,,,,,,,
UPBD,8,8,-10.07,-16.59,-18.38,0.0,0.5,-3.81,-10.57,-12.78,-17.98,0.0,BBY|BURL|DG|DLTR|ROST|TGT|TJX|WMT,BBY|BURL|DG|DLTR|ROST|TGT|TJX|WMT
UPC,10,10,3.58,-2.19,73.24,4.89,0.16999999999999998,-6.115,3.41,3.9250000000000003,58.925,0.7,AMGN|BIIB|BMY|GILD|LLY|MRK|PFE|REGN|VRTX|ZTS,AMGN|BIIB|BMY|GILD|LLY|MRK|PFE|REGN|VRTX|ZTS
UPLD,10,10,-10.27,-25.32,-20.98,0.0,-2.635,-1.005,-7.635,-24.315,-61.879999999999995,0.0,ADBE|BOX|CRM|HUBS|MSFT|NOW|ORCL|SAP|TEAM|WDAY,ADBE|BOX|CRM|HUBS|MSFT|NOW|ORCL|SAP|TEAM|WDAY
UPS,10,10,-4.56,-9.07,-12.54,-0.23,-0.74,-6.91,-3.8199999999999994,-2.16,-0.75,0.0,CHRW|EXPD|FDX|JBHT|LSTR|ODFL|R|SKY|SNDR|XPO,CHRW|EXPD|FDX|JBHT|LSTR|ODFL|R|SKY|SNDR|XPO
UPST,10,9,-2.46,-20.99,-26.72,-1.19,-2.03,-13.74,-0.43000000000000016,-7.249999999999998,-21.46,0.4444444444444444,AFRM|CUBI|ENVA|GDOT|LC|NRDS|OPRT|PYPL|SOFI|TREE,AFRM|CUBI|ENVA|GDOT|NRDS|OPRT|PYPL|SOFI|TREE
UPWK,10,8,-3.58,-6.06,4.45,0.37,-4.34,-5.66,0.7599999999999998,-0.39999999999999947,1.4450000000000003,0.625,ASGN|DLHC|DOYU|ETWO|FVRR|KFY|NSIT|TASK|TNET|TTD,DLHC|DOYU|FVRR|KFY|NSIT|TASK|TNET|TTD
UPXI,10,6,9.12,5.61,51.47,-1.61,0.925,-16.85,8.194999999999999,22.46,76.08500000000001,0.6666666666666666,BTBT|CNF|FUTU|JFIN|JFU|NISN|OCFT|SOS|STCN|UOKA,BTBT|CNF|FUTU|JFIN|JFU|SOS
URBN,9,8,-2.93,-1.62,3.46,0.0,3.425,-4.865,-6.355,3.245,8.629999999999999,0.375,AEO|ANF|BKE|JWN|KSS|LB|TJX|URGN|WSM,AEO|ANF|BKE|KSS|LB|TJX|URGN|WSM
URG,8,8,-4.92,-21.62,-10.77,0.0,-2.96,-23.755000000000003,-1.96,2.1350000000000016,1.7850000000000001,0.125,BKYI|CCJ|DNN|LEU|LTBR|NXE|UEC|UUUU,BKYI|CCJ|DNN|LEU|LTBR|NXE|UEC|UUUU
URGN,10,9,-4.28,-9.81,17.53,0.0,-1.37,0.75,-2.91,-10.56,10.23,0.4444444444444444,ACAD|BIIB|EXEL|FOLD|HALO|IONS|NBIX|PBYI|SRPT|VKTX,ACAD|BIIB|EXEL|HALO|IONS|NBIX|PBYI|SRPT|VKTX
URI,8,7,2.56,-4.76,-4.77,0.0,1.15,-1.22,1.4100000000000001,-3.54,0.7100000000000009,0.8571428571428571,AGCO|ASTE|CAT|DE|HEES|MTW|OSK|TEX,AGCO|ASTE|CAT|DE|MTW|OSK|TEX
UROY,10,10,0.68,1.14,58.99,0.0,-2.36,-22.065,3.04,23.205000000000002,68.935,0.7,BHP|BMN|CCJ|DNN|LEU|LODE|NXE|UEC|URG|UUUU,BHP|BMN|CCJ|DNN|LEU|LODE|NXE|UEC|URG|UUUU
USAC,10,10,-1.19,-2.31,4.11,0.0,-0.73,-5.97,-0.45999999999999996,3.6599999999999997,-0.6449999999999996,0.5,ALSN|APD|DOV|EQT|FMC|FTI|HP|NOV|OII|SLB,ALSN|APD|DOV|EQT|FMC|FTI|HP|NOV|OII|SLB
USAR,0,0,0.0,-19.47,-24.35,-1.26,,,,,,,,
USAS,10,9,-4.2,-13.75,1.2,-0.05,-4.04,-12.39,-0.16000000000000014,-1.3599999999999994,-11.97,0.4444444444444444,AGI|CDE|EXK|FSM|HL|MUX|NAK|NG|PAAS|SILV,AGI|CDE|EXK|FSM|HL|MUX|NAK|NG|PAAS
USAU,10,10,1.12,-5.17,6.57,-1.6,-3.66,-13.84,4.78,8.67,-16.91,1.0,AEM|AU|B|BTG|EQX|GFI|IAG|KGC|NEM|NG,AEM|AU|B|BTG|EQX|GFI|IAG|KGC|NEM|NG
USB,10,10,-2.76,-6.12,-4.28,0.19,-3.54,-7.54,0.7800000000000002,1.42,2.7800000000000002,0.8,BAC|C|COF|FITB|JPM|KEY|PNC|RF|TFC|WFC,BAC|C|COF|FITB|JPM|KEY|PNC|RF|TFC|WFC
USBC,10,10,10.29,11.25,46.62,0.0,0.25,-2.225,10.04,13.475,35.64,1.0,A|ABT|BIIB|DXCM|LMAT|MEDP|NVCR|PODD|QDEL|TNDM,A|ABT|BIIB|DXCM|LMAT|MEDP|NVCR|PODD|QDEL|TNDM
USCB,10,9,-2.14,0.0,12.31,0.0,-3.14,-4.28,1.0,4.28,17.0,0.8888888888888888,BOH|COLB|EFSC|FULT|FUNC|HOMB|PB|SYBT|TRMK|WBS,BOH|COLB|EFSC|FULT|FUNC|HOMB|PB|SYBT|TRMK
USEA,10,10,-0.98,10.18,13.91,0.0,-6.04,5.0,5.0600000000000005,5.18,-6.379999999999999,1.0,ASC|DHT|FRO|GOGL|INSW|MATX|NAT|SBLK|STNG|TNK,ASC|DHT|FRO|GOGL|INSW|MATX|NAT|SBLK|STNG|TNK
USFD,10,10,1.53,-14.12,-1.49,0.0,-2.165,-8.725,3.6950000000000003,-5.395,5.055,1.0,CHEF|DAR|HAIN|HASI|INGR|MDLZ|PFGC|SYY|TSN|UNFI,CHEF|DAR|HAIN|HASI|INGR|MDLZ|PFGC|SYY|TSN|UNFI
USGO,10,10,-9.4,-28.45,-12.59,-1.98,-3.245,-11.955,-6.155,-16.494999999999997,-33.685,0.0,AEM|B|CDE|EGO|HL|IAG|MUX|NEM|NG|SA,AEM|B|CDE|EGO|HL|IAG|MUX|NEM|NG|SA
USIO,10,9,3.08,-20.41,8.84,3.08,-3.05,-10.37,6.13,-10.040000000000001,-0.4900000000000002,1.0,EVRI|FIS|FOUR|GPN|JPM|MA|PYPL|V|WEX|XYZ,FIS|FOUR|GPN|JPM|MA|PYPL|V|WEX|XYZ
USLM,10,10,-4.49,-8.21,2.0,-0.11,-0.03,-7.72,-4.46,-0.4900000000000011,20.845,0.0,BCPC|CMP|EXP|FMC|FUL|HWKN|MLM|SCL|SHW|VMC,BCPC|CMP|EXP|FMC|FUL|HWKN|MLM|SCL|SHW|VMC
USNA,9,8,-4.55,3.39,-29.59,0.0,0.725,-7.220000000000001,-5.2749999999999995,10.610000000000001,-30.19,0.25,FIZZ|HELE|HLF|LFVN|MED|NHTC|PRGO|THS|USFD,FIZZ|HELE|HLF|LFVN|MED|NHTC|PRGO|USFD
USPH,9,6,-0.1,7.35,25.15,0.42,-3.6500000000000004,-6.359999999999999,3.5500000000000003,13.709999999999999,12.979999999999999,1.0,ADUS|AMED|ATIP|BKD|CHE|DGX|EHC|PRVA|SEM,ADUS|BKD|CHE|DGX|EHC|PRVA
UTHR,10,10,-4.35,-8.27,-12.47,-2.82,0.16999999999999998,-3.625,-4.52,-4.645,-26.785000000000004,0.0,AMGN|BIIB|BMY|GILD|JNJ|LLY|MRK|PFE|REGN|VRTX,AMGN|BIIB|BMY|GILD|JNJ|LLY|MRK|PFE|REGN|VRTX
UTI,10,9,-2.2,-7.27,-48.13,0.0,-2.64,-7.69,0.43999999999999995,0.4200000000000008,-46.050000000000004,0.5555555555555556,APEI|ATGE|BFAM|CHGG|EDU|LINC|LOPE|LRN|STRA|TAL,APEI|BFAM|CHGG|EDU|LINC|LOPE|LRN|STRA|TAL
UTL,10,10,-2.9,-5.11,-4.07,0.0,-4.05,-7.68,1.15,2.5699999999999994,8.64,0.8,AEP|D|DUK|ED|EIX|EXC|NEE|PEG|SO|XEL,AEP|D|DUK|ED|EIX|EXC|NEE|PEG|SO|XEL
UTMD,10,9,1.11,5.71,12.17,0.0,-1.05,-10.42,2.16,16.13,11.49,0.6666666666666666,ABT|BAX|BDX|BSX|EW|HOLX|MDT|STE|SYK|ZBH,ABT|BAX|BDX|BSX|EW|MDT|STE|SYK|ZBH
UTSI,10,9,6.85,-0.43,-0.43,0.0,-2.7,-0.78,9.55,0.35000000000000003,10.0,1.0,ANET|CIEN|CSCO|DELL|ERIC|FFIV|HPE|IBM|JNPR|NOK,ANET|CIEN|CSCO|DELL|ERIC|FFIV|HPE|IBM|NOK
UTZ,10,9,-0.21,0.14,93.61,0.0,-2.15,-9.74,1.94,9.88,102.6,1.0,CPB|FLO|HRL|K|KHC|MDLZ|MZTI|PEP|SJM|TSN,CPB|FLO|HRL|KHC|MDLZ|MZTI|PEP|SJM|TSN
UUU,10,10,3.06,-21.83,8.6,0.0,-1.7799999999999998,-6.09,4.84,-15.739999999999998,8.965,0.9,ADT|ALLE|AXON|BCO|CSR|HCSG|JCI|KNDI|LEA|MYE,ADT|ALLE|AXON|BCO|CSR|HCSG|JCI|KNDI|LEA|MYE
UUUU,9,9,-4.26,-28.18,-20.46,-1.12,0.0,-21.62,-4.26,-6.559999999999999,-11.340000000000002,0.1111111111111111,CCJ|DNN|LEU|LTBR|NXE|UEC|URG|UROY|UUU,CCJ|DNN|LEU|LTBR|NXE|UEC|URG|UROY|UUU
UVE,10,10,-3.81,-2.59,4.32,0.0,-4.1,-6.18,0.2899999999999996,3.59,7.010000000000001,0.5,AIZ|ALL|CINF|HIG|MKL|PGR|RNR|SIGI|TRV|WRB,AIZ|ALL|CINF|HIG|MKL|PGR|RNR|SIGI|TRV|WRB
UVSP,10,8,-2.98,-0.86,-4.54,0.0,-2.17,-3.645,-0.81,2.785,-0.9749999999999996,0.125,CBSH|COLB|CUBI|FULT|IBTX|NBHC|STBA|TCBI|WASH|WBS,CBSH|COLB|CUBI|FULT|NBHC|STBA|TCBI|WASH
UVV,9,9,-3.99,-6.16,-18.98,0.0,0.58,-1.33,-4.57,-4.83,-15.63,0.1111111111111111,ACB|BTI|CRON|MO|OGI|PM|RLX|TPB|XXII,ACB|BTI|CRON|MO|OGI|PM|RLX|TPB|XXII
UWMC,10,10,-2.38,-18.54,-41.98,0.82,-3.1799999999999997,-7.355,0.7999999999999998,-11.184999999999999,-30.4,0.6,CACC|EFC|ESNT|LADR|OPRT|OZK|PFSI|PMT|RKT|WD,CACC|EFC|ESNT|LADR|OPRT|OZK|PFSI|PMT|RKT|WD
UXIN,10,10,15.73,5.92,-22.85,13.76,-6.245,-15.89,21.975,21.810000000000002,-10.920000000000002,1.0,ABG|AN|CARG|CRMT|CVNA|GPI|LAD|OPLN|SAH|VRM,ABG|AN|CARG|CRMT|CVNA|GPI|LAD|OPLN|SAH|VRM
UYSC,0,0,-0.09,1.38,2.71,0.0,,,,,,,,
V,10,9,-2.31,-5.93,9.33,-0.04,-2.9,-10.85,0.5899999999999999,4.92,13.58,0.6666666666666666,AFRM|AXP|COF|DFS|FIS|GPN|JPM|MA|PYPL|WU,AFRM|AXP|COF|FIS|GPN|JPM|MA|PYPL|WU
VABK,10,10,-0.3,0.59,3.94,0.0,-3.005,-3.8099999999999996,2.705,4.3999999999999995,6.279999999999999,1.0,FCBC|FFBC|FULT|HBNC|HOMB|LKFN|OZK|TRMK|UBSI|WSBC,FCBC|FFBC|FULT|HBNC|HOMB|LKFN|OZK|TRMK|UBSI|WSBC
VAC,10,10,-3.84,-13.72,2.26,0.11,0.22000000000000003,-10.6,-4.06,-3.120000000000001,13.124999999999998,0.3,BKNG|CHH|DRH|EXPE|H|HGV|IHG|MLCO|RHP|WH,BKNG|CHH|DRH|EXPE|H|HGV|IHG|MLCO|RHP|WH
VACI,0,0,-12.71,-27.5,-27.4,0.0,,,,,,,,
VAL,9,8,-1.62,-3.53,6.93,0.15,-2.7800000000000002,-3.685,1.1600000000000001,0.15500000000000025,-5.535,0.625,BORR|HLX|INVX|NBR|NE|OII|RIG|TDW|WTI,BORR|INVX|NBR|NE|OII|RIG|TDW|WTI
VALE,10,9,-4.49,-9.85,-6.62,0.0,-3.09,-9.42,-1.4000000000000004,-0.4299999999999997,-11.4,0.2222222222222222,AA|BHP|CLF|FCX|MT|NUE|RIO|SCCO|STLD|X,AA|BHP|CLF|FCX|MT|NUE|RIO|SCCO|STLD
VALN,10,9,-3.7,-6.68,21.44,-0.36,-1.26,-1.5,-2.4400000000000004,-5.18,11.570000000000002,0.2222222222222222,AZN|BNTX|GSK|INBX|JNJ|MRNA|NVAX|PFE|SRPT|VXRT,AZN|BNTX|GSK|INBX|JNJ|MRNA|NVAX|PFE|SRPT
VALU,10,9,-1.19,1.53,9.53,0.0,-1.14,-3.83,-0.050000000000000044,5.36,6.389999999999999,0.3333333333333333,BBGI|DNB|FDS|ICE|MORN|MSCI|NDAQ|RAMP|TRU|UPST,BBGI|FDS|ICE|MORN|MSCI|NDAQ|RAMP|TRU|UPST
VANI,10,9,0.82,-10.87,0.82,0.0,-1.62,-9.37,2.44,-1.5,0.1399999999999999,0.5555555555555556,ABT|BAX|BSX|EW|HOLX|ISRG|MDT|RMD|SYK|ZBH,ABT|BAX|BSX|EW|ISRG|MDT|RMD|SYK|ZBH
VATE,10,10,2.4,2.54,-59.21,0.0,3.65,-2.09,-1.25,4.63,-61.305,0.3,AME|DHR|EMR|ETN|GE|HON|IR|ITW|MMM|ROP,AME|DHR|EMR|ETN|GE|HON|IR|ITW|MMM|ROP
VBNK,10,9,1.95,18.56,19.79,0.0,-3.44,-9.01,5.39,27.57,28.259999999999998,1.0,ALLY|AX|BK|C|COF|GS|JPM|MTB|PNC|RF,ALLY|AX|C|COF|GS|JPM|MTB|PNC|RF
VC,10,9,-4.56,-8.67,-21.27,0.0,-2.26,-5.98,-2.3,-2.6899999999999995,-11.03,0.2222222222222222,ADNT|ALV|BWA|GNTX|LEA|MGA|STRT|SUP|TEN|THRM,ADNT|ALV|BWA|GNTX|LEA|MGA|STRT|TEN|THRM
VCEL,10,7,-3.02,-10.18,-9.51,0.08,2.76,-4.22,-5.779999999999999,-5.96,-23.759999999999998,0.0,APYX|ATRC|CUTR|ENZ|HAE|ICUI|MDXG|OFIX|PODD|RVNC,APYX|ATRC|HAE|ICUI|MDXG|OFIX|PODD
VCIG,10,10,-7.34,-42.25,-97.1,0.0,-3.21,-10.61,-4.13,-31.64,-106.085,0.1,ADP|FIS|GPN|JPM|MA|PAYX|PYPL|V|WU|XYZ,ADP|FIS|GPN|JPM|MA|PAYX|PYPL|V|WU|XYZ
VCTR,10,10,2.5,-8.35,27.36,0.0,0.9,-6.865,1.6,-1.4849999999999994,21.314999999999998,0.7,AMG|APO|BEN|BLK|CBOE|CNS|IVZ|KKR|NDAQ|TROW,AMG|APO|BEN|BLK|CBOE|CNS|IVZ|KKR|NDAQ|TROW
VCYT,10,9,7.1,-1.34,-25.79,-0.84,1.42,9.36,5.68,-10.7,-61.08,1.0,BIO|CDNA|CRL|EXAS|FLGT|GH|ILMN|MYGN|NTRA|QGEN,BIO|CDNA|CRL|FLGT|GH|ILMN|MYGN|NTRA|QGEN
VECO,10,10,11.89,-1.8,-35.47,0.0,8.985,-0.15500000000000003,2.905000000000001,-1.645,-10.229999999999997,0.8,AMAT|ASML|COHU|FORM|KLAC|LRCX|MTSI|ONTO|TEL|UCTT,AMAT|ASML|COHU|FORM|KLAC|LRCX|MTSI|ONTO|TEL|UCTT
VEEA,0,0,-41.44,19.86,-48.32,-3.07,,,,,,,,
VEEE,10,9,46.03,26.96,172.03,0.04,1.14,-16.03,44.89,42.99,191.44,1.0,BC|HZO|LCII|MBC|MCFT|MPAA|MPX|OSW|THO|WGO,BC|HZO|LCII|MBC|MCFT|MPAA|OSW|THO|WGO
VEEV,10,10,1.66,8.65,69.62,-0.97,-1.3,5.56,2.96,3.0900000000000007,12.685000000000002,0.8,ADBE|CRM|HUBS|MCK|NOW|OKTA|ORCL|TEAM|WDAY|ZS,ADBE|CRM|HUBS|MCK|NOW|OKTA|ORCL|TEAM|WDAY|ZS
VEL,10,9,-4.41,-14.21,-10.77,0.0,-1.45,-11.25,-2.96,-2.960000000000001,6.91,0.3333333333333333,ABR|AGNC|CIM|IVR|NLY|PFSI|PMT|RKT|RWT|TWO,ABR|AGNC|CIM|IVR|NLY|PFSI|PMT|RKT|RWT
VELO,0,0,-1.21,-17.57,-39.01,-3.37,,,,,,,,
VENU,0,0,-13.02,-19.67,-55.32,0.0,,,,,,,,
VEON,9,8,2.7,15.06,36.46,0.0,-2.3049999999999997,-4.38,5.005,19.44,39.575,1.0,AD|AMX|CHT|PHI|T|TEF|TMUS|VIV|VZ,AD|AMX|CHT|PHI|T|TMUS|VIV|VZ
VERA,10,9,-2.28,-5.07,-17.31,1.33,-0.09,-11.0,-2.19,5.93,-22.049999999999997,0.3333333333333333,ALXO|ARVN|AVIR|BCRX|CRVS|INCY|ITCI|KURA|LGND|RIGL,ALXO|ARVN|AVIR|BCRX|CRVS|INCY|KURA|LGND|RIGL
VERI,10,10,15.99,43.99,-2.13,-2.89,-2.875,-3.01,18.865000000000002,47.0,-14.04,1.0,ADBE|AI|AMZN|GOOG|GOOGL|IBM|MSFT|NFLX|PLTR|SPOT,ADBE|AI|AMZN|GOOG|GOOGL|IBM|MSFT|NFLX|PLTR|SPOT
VERU,10,8,6.03,-5.02,-17.17,0.0,-2.105,-13.190000000000001,8.135,8.170000000000002,-8.760000000000002,0.875,ASRT|CDTX|CRBP|DSGN|HRTX|MNKD|TGTX|TNXP|TXMD|XERS,CRBP|DSGN|HRTX|MNKD|TGTX|TNXP|TXMD|XERS
VERX,10,10,-6.84,-14.33,5.3,0.0,-2.635,0.49,-4.205,-14.82,-38.235,0.1,ADBE|CRM|INTU|MSFT|NOW|ORCL|SAP|SNOW|TEAM|WDAY,ADBE|CRM|INTU|MSFT|NOW|ORCL|SAP|SNOW|TEAM|WDAY
VET,10,9,-7.45,-6.86,23.99,0.0,-1.84,-1.93,-5.61,-4.930000000000001,14.329999999999998,0.0,APA|BKR|COP|DVN|EOG|FANG|HAL|MRO|OXY|SLB,APA|BKR|COP|DVN|EOG|FANG|HAL|OXY|SLB
VFC,9,8,4.56,-2.38,-20.28,0.0,-0.93,-7.62,5.489999999999999,5.24,-4.050000000000001,1.0,COLM|GOOS|HBI|KTB|LEVI|NKE|PVH|RL|TPR,COLM|GOOS|KTB|LEVI|NKE|PVH|RL|TPR
VFF,10,10,6.69,5.21,64.67,-0.16,2.52,-7.725,4.17,12.934999999999999,61.260000000000005,0.8,ACB|CGC|CRON|GRWG|IGC|IIPR|OGI|SNDL|TLRY|TVRD,ACB|CGC|CRON|GRWG|IGC|IIPR|OGI|SNDL|TLRY|TVRD
VFS,10,8,0.23,3.75,5.43,1.64,-3.42,-5.76,3.65,9.51,5.2749999999999995,0.75,F|GM|GOEV|HMC|LCID|NKLA|RIVN|STLA|TM|TSLA,F|GM|HMC|LCID|RIVN|STLA|TM|TSLA
VG,0,0,-6.38,-4.05,24.65,1.73,,,,,,,,
VGAS,10,7,-17.91,-19.71,-27.15,0.0,-5.26,-5.63,-12.65,-14.080000000000002,-13.179999999999998,0.0,AMTX|BE|BLDP|CLNE|FCEL|GEVO|HYZN|NKLA|ORGN|PLUG,AMTX|BE|BLDP|CLNE|FCEL|GEVO|PLUG
VGZ,10,10,26.27,13.69,42.71,0.0,-3.615,-12.175,29.884999999999998,25.865000000000002,23.025,1.0,AEM|AGI|B|IAG|KGC|NEM|NG|PAAS|RGLD|SSRM,AEM|AGI|B|IAG|KGC|NEM|NG|PAAS|RGLD|SSRM
VHC,10,10,10.14,1.02,9.58,2.13,-0.10499999999999998,2.625,10.245000000000001,-1.605,16.28,1.0,AAPL|AVGO|CSCO|GOOGL|HPQ|IBM|INTC|MSFT|QCOM|TXN,AAPL|AVGO|CSCO|GOOGL|HPQ|IBM|INTC|MSFT|QCOM|TXN
VHI,10,10,-0.91,-9.78,21.23,0.0,0.255,-7.3149999999999995,-1.165,-2.465,32.35,0.2,AXTA|CC|EMN|FUL|HUN|LYB|PPG|RPM|TROX|WLK,AXTA|CC|EMN|FUL|HUN|LYB|PPG|RPM|TROX|WLK
VIA,0,0,3.3,3.12,87.12,-2.64,,,,,,,,
VIAV,10,8,2.48,-5.6,-29.42,-2.28,-0.36,-6.640000000000001,2.84,1.040000000000001,-9.905000000000001,0.875,ADTN|ANET|CALX|CIEN|EXTR|FN|INFN|JNPR|LITE|VISN,ADTN|ANET|CALX|CIEN|EXTR|FN|LITE|VISN
VICI,10,9,-2.74,-10.8,-11.61,-1.05,-2.15,-7.86,-0.5900000000000003,-2.9400000000000004,-2.92,0.3333333333333333,AVB|BXP|CCI|DLR|HST|O|PLD|PSA|VTR|WY,BXP|CCI|DLR|HST|O|PLD|PSA|VTR|WY
VICR,10,10,26.62,40.79,-17.37,-3.23,4.82,2.4,21.8,38.39,-7.32,1.0,ADI|AMD|AVGO|INTC|MCHP|MPWR|NXPI|ON|QCOM|TXN,ADI|AMD|AVGO|INTC|MCHP|MPWR|NXPI|ON|QCOM|TXN
VIK,10,10,-5.1,-12.72,-21.77,0.25,-1.74,-2.79,-3.3599999999999994,-9.93,-25.96,0.1,AFL|BRK-A|BX|CCEC|GPRE|KKR|LNC|MET|PAGP|PNR,AFL|BRK-A|BX|CCEC|GPRE|KKR|LNC|MET|PAGP|PNR
VINP,10,10,0.86,-3.42,-2.41,0.0,-1.22,-11.844999999999999,2.08,8.424999999999999,-6.6,0.8,APO|ARES|BAM|BX|CG|GCMG|HLNE|ICMB|KKR|PAGP,APO|ARES|BAM|BX|CG|GCMG|HLNE|ICMB|KKR|PAGP
VIOT,10,9,-3.28,54.88,45.68,-9.23,-3.06,-4.15,-0.21999999999999975,59.03,45.55,0.3333333333333333,AAPL|AMZN|GM|GOOGL|LCID|NIO|SONY|TSLA|VZIO|XPEV,AAPL|AMZN|GM|GOOGL|LCID|NIO|SONY|TSLA|XPEV
VIPS,10,10,0.98,-13.62,-7.69,0.0,1.855,-3.46,-0.875,-10.16,-15.05,0.2,BABA|BZUN|DOYU|EDU|JD|MOMO|PDD|TAL|TME|YQ,BABA|BZUN|DOYU|EDU|JD|MOMO|PDD|TAL|TME|YQ
VIR,10,10,5.42,11.91,11.46,0.0,-0.21,-1.4849999999999999,5.63,13.395,-2.9399999999999977,0.8,AZN|BNTX|GILD|JNJ|LLY|MRNA|NVAX|PFE|REGN|SNY,AZN|BNTX|GILD|JNJ|LLY|MRNA|NVAX|PFE|REGN|SNY
VIRC,10,8,6.48,9.68,-2.67,0.0,1.185,-5.0600000000000005,5.295,14.74,0.6200000000000001,1.0,BSET|CRWS|ESCA|FLXS|HNI|HOFT|SCS|SGI|SNBR|TNC,BSET|CRWS|ESCA|FLXS|HNI|HOFT|SGI|TNC
VIRT,10,10,-8.31,-19.48,-14.0,-0.96,-0.18,-8.21,-8.13,-11.27,-18.08,0.0,AMTD|CBOE|GS|IBKR|ICE|JPM|MKTX|MS|NDAQ|SCHW,AMTD|CBOE|GS|IBKR|ICE|JPM|MKTX|MS|NDAQ|SCHW
VISN,10,9,-0.62,1.85,-10.9,-0.62,-0.1,-1.13,-0.52,2.98,-12.42,0.3333333333333333,ANET|CIEN|CSCO|EXTR|FFIV|HPE|JNPR|NTCT|T|VZ,ANET|CIEN|CSCO|EXTR|FFIV|HPE|NTCT|T|VZ
VIST,10,8,-3.21,3.76,9.12,1.01,-2.4050000000000002,1.71,-0.8049999999999997,2.05,-8.885,0.375,APA|COP|DVN|EC|FANG|HES|MRO|OXY|PBR|YPF,APA|COP|DVN|EC|FANG|OXY|PBR|YPF
VITL,10,10,2.79,-6.95,-7.2,0.0,-3.4050000000000002,-9.344999999999999,6.195,2.3949999999999987,4.88,1.0,BRID|CALM|FLO|HRL|MDLZ|POST|PPC|SYY|TSN|UNFI,BRID|CALM|FLO|HRL|MDLZ|POST|PPC|SYY|TSN|UNFI
VIV,10,10,-1.77,1.75,-11.41,0.0,-0.045,-1.48,-1.725,3.23,-13.43,0.3,AD|AMX|CHT|KT|S|SPB|T|TEO|TMUS|VZ,AD|AMX|CHT|KT|S|SPB|T|TEO|TMUS|VZ
VIVS,10,8,-11.42,-21.3,-78.55,0.17,-0.41,-9.36,-11.01,-11.940000000000001,-80.00999999999999,0.0,ALLO|BLUE|CRSP|CYRX|EDIT|FATE|MDXG|NTLA|SGMO|VCEL,ALLO|CRSP|CYRX|EDIT|FATE|MDXG|NTLA|VCEL
VKTX,10,7,29.6,11.35,2.87,-8.64,-4.26,-9.15,33.86,20.5,14.89,1.0,AKBA|AKRO|ARDX|ATON|BOLD|EYPT|GLMD|KYNB|MDGL|TVRD,AKBA|ARDX|BOLD|EYPT|KYNB|MDGL|TVRD
VLGEA,10,10,1.16,0.95,3.81,0.0,-1.99,-5.01,3.15,5.96,7.945,0.8,ACI|CASY|COST|DG|DLTR|GO|IMKTA|KR|SFM|WMT,ACI|CASY|COST|DG|DLTR|GO|IMKTA|KR|SFM|WMT
VLN,10,10,14.72,3.31,-8.33,-2.6,3.215,2.175,11.505,1.1350000000000002,2.9450000000000003,1.0,ADI|AMBA|AVGO|LSCC|MCHP|NVDA|NXPI|ON|QRVO|TXN,ADI|AMBA|AVGO|LSCC|MCHP|NVDA|NXPI|ON|QRVO|TXN
VLO,7,7,-7.4,12.22,49.77,1.64,-6.69,9.04,-0.71,3.1800000000000015,-4.829999999999998,0.2857142857142857,CVI|DK|MPC|PBF|PSX|TTE|VET,CVI|DK|MPC|PBF|PSX|TTE|VET
VLRS,9,8,5.26,-4.63,-28.42,1.04,0.815,-6.605,4.445,1.9750000000000005,-5.380000000000003,1.0,AAL|ALK|AZUL|DAL|JBLU|LUV|RYAAY|SAVE|UAL,AAL|ALK|AZUL|DAL|JBLU|LUV|RYAAY|UAL
VLTO,9,9,0.14,-3.51,11.08,0.0,0.46,2.54,-0.32,-6.05,-8.94,0.3333333333333333,A|BRKR|DHR|IQV|LDOS|MTD|TECH|TMO|WAT,A|BRKR|DHR|IQV|LDOS|MTD|TECH|TMO|WAT
VLY,10,10,-6.36,-9.22,-13.4,-0.54,-3.44,-7.68,-2.9200000000000004,-1.540000000000001,-4.640000000000001,0.0,CFG|FNB|FULT|HBAN|KEY|MTB|PNC|RF|TCBI|ZION,CFG|FNB|FULT|HBAN|KEY|MTB|PNC|RF|TCBI|ZION
VMAR,10,10,2.67,4.43,-60.73,0.54,-2.425,-17.075000000000003,5.095,21.505000000000003,-48.26,0.9,BC|CWH|DOO|FOXF|LCII|MBUU|MCFT|PII|THO|WGO,BC|CWH|DOO|FOXF|LCII|MBUU|MCFT|PII|THO|WGO
VMC,8,5,-0.04,-10.83,-21.91,0.0,-0.9,-11.59,0.86,0.7599999999999998,0.17999999999999972,0.8,CRH|CX|EXP|FUL|HEES|MLM|SUM|X,CRH|CX|EXP|FUL|MLM
VMD,10,8,-1.57,-3.19,-23.28,0.0,-2.5300000000000002,-4.195,0.9600000000000002,1.0050000000000003,-29.085,0.75,ADUS|AHCO|AMED|CHE|EHC|ENSG|HCSG|HUM|OPCH|SEM,ADUS|AHCO|CHE|EHC|ENSG|HCSG|HUM|OPCH
VMI,10,10,-0.91,-2.17,-16.4,0.0,0.07999999999999996,-5.305,-0.99,3.135,-11.714999999999998,0.5,AGCO|ASTE|CMCO|DE|LNN|MTW|OSK|PCAR|TEX|TRN,AGCO|ASTE|CMCO|DE|LNN|MTW|OSK|PCAR|TEX|TRN
VNCE,10,10,28.89,76.35,49.33,0.0,-1.15,-6.67,30.04,83.02,67.025,1.0,COLM|CPRI|GIII|KTB|LEVI|OXM|PVH|RL|SHOO|TPR,COLM|CPRI|GIII|KTB|LEVI|OXM|PVH|RL|SHOO|TPR
VNDA,10,7,-0.39,-6.43,-12.99,0.99,-6.66,-9.32,6.2700000000000005,2.8900000000000006,-5.33,0.7142857142857143,ACAD|ARDX|EPIX|ITCI|KURA|MDGL|NBIX|PRTA|SAGE|XENE,ACAD|ARDX|KURA|MDGL|NBIX|PRTA|XENE
VNET,10,10,13.14,0.0,-10.52,-0.43,-2.435,-5.045,15.575000000000001,5.045,-4.8,1.0,AMT|COR|DLNG|DLR|EQIX|GDS|IRON|LUMN|RXT|SBAC,AMT|COR|DLNG|DLR|EQIX|GDS|IRON|LUMN|RXT|SBAC
VNME,0,0,-0.15,0.15,0.83,0.0,,,,,,,,
VNO,10,10,-1.9,-12.12,-10.06,0.0,-1.595,-9.77,-0.30499999999999994,-2.3499999999999996,-3.4300000000000006,0.5,ARE|BXP|ESRT|FRT|HPP|HST|O|SLG|SPG|VTR,ARE|BXP|ESRT|FRT|HPP|HST|O|SLG|SPG|VTR
VNOM,10,8,0.9,-1.71,0.15,5.83,-1.9900000000000002,-4.025,2.89,2.3150000000000004,-10.785,1.0,APA|AR|DVN|EOG|FANG|HES|MRO|NOG|RRC|SM,APA|AR|DVN|EOG|FANG|NOG|RRC|SM
VNRX,10,9,-14.6,-36.74,-81.14,-1.5,0.81,6.45,-15.41,-43.190000000000005,-113.35,0.0,BIO|CRL|DGX|EXAS|GH|ILMN|MYGN|NEO|QGEN|TMO,BIO|CRL|DGX|GH|ILMN|MYGN|NEO|QGEN|TMO
VNT,10,10,-0.67,-5.78,3.54,0.0,3.285,-1.165,-3.955,-4.615,0.9700000000000002,0.1,A|AME|DOV|EMR|ETN|GE|HON|MMM|ROP|TEL,A|AME|DOV|EMR|ETN|GE|HON|MMM|ROP|TEL
VNTG,0,0,22.54,17.07,-6.1,0.08,,,,,,,,
VOC,9,7,0.0,-1.17,26.22,0.0,-0.66,-0.58,0.66,-0.59,25.31,0.8571428571428571,BPT|CRT|MSB|MTR|MVO|PBT|PVL|SBR|SJT,CRT|MSB|MTR|PBT|PVL|SBR|SJT
VOD,10,9,-5.82,2.29,19.05,0.92,-0.21,-1.83,-5.61,4.12,22.66,0.1111111111111111,AD|AMX|S|SHEN|T|TDS|TEF|TMUS|TU|VZ,AD|AMX|S|SHEN|T|TDS|TMUS|TU|VZ
VOR,10,9,-11.48,-19.3,29.79,0.04,0.13,-6.48,-11.610000000000001,-12.82,19.07,0.0,BLUE|BMY|CRSP|EDIT|GILD|MRNA|NTLA|PFE|REGN|VRTX,BMY|CRSP|EDIT|GILD|MRNA|NTLA|PFE|REGN|VRTX
VOXR,10,8,1.09,-4.62,17.26,0.0,-2.06,-8.895,3.1500000000000004,4.2749999999999995,-7.014999999999997,0.875,EMX|FNV|GROY|MTA|OR|RGLD|SAND|TPL|VGZ|WPM,FNV|GROY|MTA|OR|RGLD|TPL|VGZ|WPM
VOYA,10,10,-2.9,-1.79,8.01,0.0,-1.9000000000000001,-1.605,-0.9999999999999998,-0.18500000000000005,2.9299999999999997,0.2,AFL|AIG|CNO|GL|L|LNC|MET|PFG|PRU|UNM,AFL|AIG|CNO|GL|L|LNC|MET|PFG|PRU|UNM
VOYG,0,0,-15.26,-10.13,5.77,-1.23,,,,,,,,
VPG,10,10,10.84,6.73,-48.67,-1.49,4.82,3.615,6.02,3.115,-35.07,1.0,ADI|AVT|INTC|MCHP|MTSI|MU|NXPI|ON|QRVO|TXN,ADI|AVT|INTC|MCHP|MTSI|MU|NXPI|ON|QRVO|TXN
VRA,10,9,0.5,27.44,4.66,0.0,-0.54,-6.35,1.04,33.79,21.34,0.5555555555555556,CFR|COLM|CPRI|GES|LEVI|LULU|OXM|PVH|RL|TPR,CFR|COLM|CPRI|LEVI|LULU|OXM|PVH|RL|TPR
VRAX,9,8,2.41,-15.0,-22.73,0.0,0.7100000000000001,-2.3,1.7000000000000002,-12.7,-39.155,0.625,BNTX|CERS|INO|JNJ|MRNA|NVAX|PFE|SABR|VXRT,BNTX|CERS|INO|JNJ|MRNA|NVAX|PFE|SABR
VRCA,10,9,1.99,-5.13,-21.03,0.0,-1.68,-7.15,3.67,2.0200000000000005,-17.150000000000002,0.5555555555555556,ACRS|ADMA|CLSD|DERM|DMAC|EYPT|HRTX|KPTI|SUPN|XERS,ACRS|ADMA|DERM|DMAC|EYPT|HRTX|KPTI|SUPN|XERS
VRDN,10,9,-4.5,-10.78,23.73,0.0,-0.09,-0.16,-4.41,-10.62,16.060000000000002,0.2222222222222222,ADAP|ALNY|BMRN|EXEL|IONS|PBYI|RARE|REGN|SRPT|VRTX,ALNY|BMRN|EXEL|IONS|PBYI|RARE|REGN|SRPT|VRTX
VREX,10,9,-0.11,-0.38,77.92,0.0,1.57,-6.61,-1.6800000000000002,6.23,77.24,0.2222222222222222,ABT|ALGN|BDX|BSX|DHR|GE|HOLX|ISRG|STE|TMO,ABT|ALGN|BDX|BSX|DHR|GE|ISRG|STE|TMO
VRM,10,10,-7.79,-4.3,-0.11,0.0,-4.135,-15.89,-3.6550000000000002,11.59,7.1049999999999995,0.3,ABG|AN|CARG|CRMT|CVNA|GPI|KMX|LAD|PAG|SAH,ABG|AN|CARG|CRMT|CVNA|GPI|KMX|LAD|PAG|SAH
VRME,10,9,57.14,65.03,98.36,5.22,1.86,-9.87,55.28,74.9,109.57,1.0,AIRI|BOXL|MSAI|NCTY|NVEE|OSIS|RVSN|SPCB|SVRE|TRMB,AIRI|BOXL|MSAI|NCTY|OSIS|RVSN|SPCB|SVRE|TRMB
VRNS,10,9,3.4,17.78,29.66,0.0,3.89,15.48,-0.4900000000000002,2.3000000000000007,-22.900000000000002,0.2222222222222222,CHKP|CRWD|CYBR|FTNT|NET|OKTA|PANW|QLYS|TENB|ZS,CHKP|CRWD|FTNT|NET|OKTA|PANW|QLYS|TENB|ZS
VRRM,10,10,-0.59,-23.48,-19.09,0.3,-2.59,-5.72,2.0,-17.76,-13.665,0.7,AN|AZO|CPRT|CTAS|CVNA|LAD|OPLN|R|RBA|URI,AN|AZO|CPRT|CTAS|CVNA|LAD|OPLN|R|RBA|URI
VRSK,8,7,-2.16,-8.4,-2.47,0.5,1.73,-6.24,-3.89,-2.16,-8.200000000000001,0.2857142857142857,DNB|EFX|FDS|INFO|MCO|MSCI|SPGI|TRU,EFX|FDS|INFO|MCO|MSCI|SPGI|TRU
VRSN,10,10,-2.33,0.43,17.6,0.59,1.81,5.885000000000001,-4.140000000000001,-5.455000000000001,11.420000000000002,0.3,AKAM|AMZN|CSCO|DDOG|FSLY|GOOGL|IBM|INTC|MSFT|NET,AKAM|AMZN|CSCO|DDOG|FSLY|GOOGL|IBM|INTC|MSFT|NET
VRT,10,10,0.5,-5.1,-25.45,-2.44,3.255,-0.735,-2.755,-4.364999999999999,-17.255,0.3,AMSC|AOS|ATKR|AYI|EMR|ENS|GNRC|HUBB|NVT|ROK,AMSC|AOS|ATKR|AYI|EMR|ENS|GNRC|HUBB|NVT|ROK
VRTS,10,9,-2.11,-23.99,-7.65,0.0,-0.11,-9.28,-1.9999999999999998,-14.709999999999999,-8.25,0.1111111111111111,AMP|BAM|BEN|BLK|CNS|IVZ|JHG|LAZ|NTRS|TROW,AMP|BAM|BEN|BLK|CNS|IVZ|LAZ|NTRS|TROW
VRTX,9,9,0.13,-6.48,7.67,0.13,0.2,1.3,-0.07,-7.78,-7.25,0.4444444444444444,ALNY|AMGN|BIIB|EXEL|GILD|INCY|MRNA|NBIX|REGN,ALNY|AMGN|BIIB|EXEL|GILD|INCY|MRNA|NBIX|REGN
VS,10,9,0.91,-14.62,-9.76,0.0,-1.58,1.09,2.49,-15.709999999999999,-23.29,0.6666666666666666,AMZN|CHWY|CRSR|EA|GME|MSFT|RBLX|SONY|TTWO|U,AMZN|CHWY|CRSR|GME|MSFT|RBLX|SONY|TTWO|U
VSA,10,9,5.22,-26.38,-37.94,-31.63,0.25,-4.76,4.97,-21.619999999999997,-33.53,1.0,ATGE|CHGG|COUR|EDU|GHC|LRN|PRDO|PSO|SCHL|TAL,CHGG|COUR|EDU|GHC|LRN|PRDO|PSO|SCHL|TAL
VSAT,10,9,4.82,5.63,27.57,3.88,-0.96,1.21,5.78,4.42,23.73,1.0,ASTS|BA|GSAT|IRDM|LLAP|RKLB|SATL|SPCE|SPIR|TSAT,ASTS|BA|GSAT|IRDM|RKLB|SATL|SPCE|SPIR|TSAT
VSEC,10,10,-3.39,-16.96,-17.98,0.0,-3.44,-6.02,0.04999999999999982,-10.940000000000001,-19.23,0.5,BAH|CACI|GD|HII|LDOS|LHX|LMT|MRCY|NOC|TXT,BAH|CACI|GD|HII|LDOS|LHX|LMT|MRCY|NOC|TXT
VSH,10,10,-0.69,1.02,-47.2,-2.98,4.65,3.615,-5.34,-2.595,-37.42,0.0,ADI|AMD|AVGO|MCHP|MRVL|NXPI|ON|QRVO|SWKS|TXN,ADI|AMD|AVGO|MCHP|MRVL|NXPI|ON|QRVO|SWKS|TXN
VSME,10,9,-9.71,-27.13,-53.07,0.0,-3.05,-7.09,-6.660000000000001,-20.04,-61.97,0.0,AMZN|DIS|GOOG|IAC|MTCH|NFLX|PINS|ROKU|SNAP|SPOT,AMZN|DIS|GOOG|MTCH|NFLX|PINS|ROKU|SNAP|SPOT
VSNT,0,0,-8.34,-16.48,-7.11,0.79,,,,,,,,
VST,10,10,-4.77,-1.67,-18.51,-0.91,-3.295,-6.19,-1.4749999999999996,4.5200000000000005,-5.800000000000001,0.2,AEP|AES|DUK|EXC|NEE|NRG|OGE|PEG|SO|TLN,AEP|AES|DUK|EXC|NEE|NRG|OGE|PEG|SO|TLN
VSTM,10,9,11.75,19.24,112.47,0.0,0.13,-2.61,11.62,21.849999999999998,94.93,1.0,AMGN|BMY|GILD|INCY|LUMO|MRK|PFE|REGN|SRPT|VRTX,AMGN|BMY|GILD|INCY|MRK|PFE|REGN|SRPT|VRTX
VSTS,9,7,0.0,7.45,0.73,-0.22,-0.54,-7.58,0.54,15.030000000000001,17.41,0.5714285714285714,COLM|GES|HBI|LEVI|LULU|NKE|RL|UA|VFC,COLM|LEVI|LULU|NKE|RL|UA|VFC
VTAK,10,9,2.35,-25.46,-87.06,-1.26,-1.05,-6.95,3.4000000000000004,-18.51,-84.81,0.8888888888888888,BDX|BSX|EW|GMED|IART|JNJ|MDT|NVRO|STE|XRAY,BDX|BSX|EW|GMED|IART|JNJ|MDT|STE|XRAY
VTEX,10,10,-3.29,-2.49,-4.08,-2.22,-2.045,-6.67,-1.245,4.18,-12.295,0.3,AMZN|CMRC|EBAY|FVRR|JD|JMIA|MELI|PDD|SHOP|W,AMZN|CMRC|EBAY|FVRR|JD|JMIA|MELI|PDD|SHOP|W
VTGN,10,10,43.41,34.86,-45.67,-9.07,-0.10499999999999998,-3.305,43.51499999999999,38.165,-49.370000000000005,1.0,ACAD|ALNY|AUPH|BIIB|CORT|EDIT|FATE|MDGL|NBIX|ONC,ACAD|ALNY|AUPH|BIIB|CORT|EDIT|FATE|MDGL|NBIX|ONC
VTMX,10,8,-0.27,-7.47,1.52,0.0,-1.565,-9.5,1.295,2.0300000000000002,10.94,0.875,AVB|CPT|EQR|ESS|EXR|FR|MAA|PLD|PSA|UDR,CPT|ESS|EXR|FR|MAA|PLD|PSA|UDR
VTOL,10,10,3.58,-6.83,4.03,0.0,-1.56,-3.0250000000000004,5.140000000000001,-3.8049999999999997,14.510000000000002,1.0,CHRW|DAL|EXPD|JBLU|KNX|MATX|R|TDW|UPS|XPO,CHRW|DAL|EXPD|JBLU|KNX|MATX|R|TDW|UPS|XPO
VTR,9,8,-1.22,-7.66,-0.9,0.0,-1.7850000000000001,-4.35,0.5650000000000002,-3.3100000000000005,1.8599999999999999,0.75,DOC|GMRE|HR|LTC|NHI|OHI|SBRA|UHT|WELL,DOC|HR|LTC|NHI|OHI|SBRA|UHT|WELL
VTRS,10,10,0.0,2.45,6.6,0.06,-0.039999999999999994,-6.305,0.039999999999999994,8.754999999999999,-3.5549999999999997,0.5,ABBV|AMGN|BMY|GSK|JNJ|LLY|MRK|NVS|PFE|SNY,ABBV|AMGN|BMY|GSK|JNJ|LLY|MRK|NVS|PFE|SNY
VTS,10,8,-4.22,0.8,9.61,0.0,-1.78,0.5349999999999999,-2.4399999999999995,0.2650000000000001,-6.655000000000001,0.125,APA|COP|CVX|DVN|EOG|FANG|HES|MRO|OXY|XOM,APA|COP|CVX|DVN|EOG|FANG|OXY|XOM
VTSI,10,10,-0.35,-3.68,-10.0,0.0,-2.7800000000000002,-5.545,2.43,1.8649999999999998,-9.29,0.8,AVAV|AXON|BA|BWXT|GD|HON|KTOS|LMT|NOC|TXT,AVAV|AXON|BA|BWXT|GD|HON|KTOS|LMT|NOC|TXT
VTVT,10,10,0.39,-9.77,-14.44,0.0,0.020000000000000004,-4.545,0.37,-5.225,-28.645,0.6,AMGN|BIIB|GILD|INCY|IONS|NBIX|PTCT|REGN|RGEN|VRTX,AMGN|BIIB|GILD|INCY|IONS|NBIX|PTCT|REGN|RGEN|VRTX
VUZI,10,10,0.36,0.73,0.36,-3.16,-0.745,-0.8799999999999999,1.105,1.6099999999999999,-15.940000000000001,0.7,AAPL|AMBA|GM|GOOGL|META|MSFT|NVDA|QCOM|SNAP|SONY,AAPL|AMBA|GM|GOOGL|META|MSFT|NVDA|QCOM|SNAP|SONY
VVOS,10,7,-14.89,-43.51,-65.48,0.6,0.21,-9.02,-15.100000000000001,-34.489999999999995,-55.540000000000006,0.0,ALGN|GMED|HSIC|MMSI|NVST|PDCO|SMLR|STAA|XRAY|ZYXI,ALGN|GMED|HSIC|MMSI|NVST|STAA|XRAY
VVV,10,10,5.97,-13.84,-27.42,0.0,-4.98,8.645,10.95,-22.485,-77.97500000000001,1.0,BP|CVI|CVX|DK|MPC|PBF|PSX|SUN|VLO|XOM,BP|CVI|CVX|DK|MPC|PBF|PSX|SUN|VLO|XOM
VVX,10,10,-0.49,-3.39,-1.43,0.0,-3.15,-6.609999999999999,2.66,3.2199999999999993,0.21500000000000008,1.0,BAH|CW|GD|HII|HXL|LDOS|LMT|NOC|RS|TXT,BAH|CW|GD|HII|HXL|LDOS|LMT|NOC|RS|TXT
VWAV,0,0,-22.87,-74.13,-93.49,-1.4,,,,,,,,
VYGR,10,7,-2.96,-15.23,-16.9,2.79,-3.43,-9.1,0.4700000000000002,-6.130000000000001,-19.459999999999997,0.5714285714285714,ADVM|BLUE|BOLD|CRSP|EDIT|NTLA|PGEN|QURE|SGMO|SRPT,BOLD|CRSP|EDIT|NTLA|PGEN|QURE|SRPT
VYX,10,10,0.28,-10.43,-4.93,0.0,-3.21,-11.93,3.49,1.5,-20.095,1.0,ADP|FIS|GPN|JKHY|MA|PAYC|PAYX|PYPL|WU|XYZ,ADP|FIS|GPN|JKHY|MA|PAYC|PAYX|PYPL|WU|XYZ
VZ,10,8,-3.23,-6.93,1.52,0.54,-2.905,-7.885,-0.3250000000000002,0.9550000000000001,5.035,0.5,AMX|ATUS|BCE|CHTR|CMCSA|DIS|LBRDA|T|TMUS|VOD,AMX|BCE|CHTR|CMCSA|DIS|T|TMUS|VOD
VZLA,10,9,0.75,0.0,29.07,0.0,-4.2,-11.96,4.95,11.96,10.52,1.0,AG|CDE|EXK|FSM|HL|MAG|PAAS|SSRM|USAS|WPM,AG|CDE|EXK|FSM|HL|PAAS|SSRM|USAS|WPM
W,10,10,-2.17,-4.07,7.23,0.78,-1.11,-4.965,-1.0599999999999998,0.8949999999999996,11.145,0.3,AMZN|BBY|COST|ETSY|GRPN|RH|SFIX|TGT|WMT|WSM,AMZN|BBY|COST|ETSY|GRPN|RH|SFIX|TGT|WMT|WSM
WAB,8,8,4.81,-1.59,3.46,0.0,-0.019999999999999997,-6.445,4.829999999999999,4.855,3.89,1.0,CNI|CP|CSX|GBX|NSC|R|UNP|XPO,CNI|CP|CSX|GBX|NSC|R|UNP|XPO
WABC,10,9,-0.74,1.54,0.14,0.0,-3.03,-4.06,2.29,5.6,6.37,1.0,BKU|CMA|CUBI|EWBC|FULT|HBAN|KEY|ONB|WAL|ZION,BKU|CUBI|EWBC|FULT|HBAN|KEY|ONB|WAL|ZION
WAFD,10,7,-6.37,-15.4,-18.65,0.0,-3.65,-6.76,-2.72,-8.64,-10.019999999999998,0.0,CFR|CMA|FHN|FLG|PNFP|RF|SNV|TCBI|WBS|ZION,CFR|FHN|FLG|PNFP|RF|TCBI|ZION
WAFU,10,8,10.89,14.99,2.81,-2.98,0.8350000000000001,1.0150000000000001,10.055,13.975,-9.53,0.875,AMBO|ATGE|BEDU|CHGG|DAO|EDU|FEDU|GOTU|LRN|TAL,AMBO|CHGG|DAO|EDU|FEDU|GOTU|LRN|TAL
WAL,10,9,-3.81,-4.06,-6.23,1.06,-3.44,-8.23,-0.3700000000000001,4.170000000000001,2.629999999999999,0.2222222222222222,CFG|CMA|FITB|HBAN|KEY|MTB|PNC|RF|STI|ZION,CFG|FITB|HBAN|KEY|MTB|PNC|RF|STI|ZION
WALD,10,10,-10.53,-23.31,-33.33,0.0,-0.305,-6.345,-10.225,-16.965,-35.57,0.0,CL|CLX|COTY|EL|EPC|GIS|KMB|PG|SJM|UL,CL|CLX|COTY|EL|EPC|GIS|KMB|PG|SJM|UL
WASH,10,9,-2.52,-3.73,6.19,0.0,-3.44,-7.78,0.9199999999999999,4.050000000000001,14.36,0.8888888888888888,BK|CFG|FITB|HBAN|MTB|PNC|RF|TFC|USB|WFC,CFG|FITB|HBAN|MTB|PNC|RF|TFC|USB|WFC
WAT,8,8,0.46,2.39,13.92,0.0,0.9500000000000001,3.54,-0.49000000000000005,-1.15,-7.089999999999998,0.5,A|BIO|BRKR|DHR|IQV|MTD|PEN|TMO,A|BIO|BRKR|DHR|IQV|MTD|PEN|TMO
WATT,10,9,18.54,11.9,-43.69,0.0,4.26,-0.47,14.28,12.370000000000001,-35.73,1.0,CGNX|FARO|GRMN|KEYS|MKSI|MLAB|OSIS|ST|TER|VRNS,CGNX|GRMN|KEYS|MKSI|MLAB|OSIS|ST|TER|VRNS
WAVE,10,8,-5.12,-14.18,-36.25,0.0,-4.965,-8.535,-0.15500000000000025,-5.645,-13.939999999999998,0.25,AY|CWEN|ENPH|FSLR|HASI|NEE|ORA|RUN|SEDG|TPIC,CWEN|ENPH|FSLR|HASI|NEE|ORA|RUN|SEDG
WAY,10,10,-6.88,-2.33,30.32,0.0,-1.9899999999999998,-9.445,-4.890000000000001,7.115,32.775,0.0,AMWL|BLKB|EHTH|EVH|HCSG|HIMS|HQY|OSCR|TDOC|VEEV,AMWL|BLKB|EHTH|EVH|HCSG|HIMS|HQY|OSCR|TDOC|VEEV
WB,10,10,0.0,-8.01,-9.15,-0.15,1.23,-1.8900000000000001,-1.23,-6.119999999999999,-15.18,0.3,ATHM|BABA|BIDU|BZUN|DOYU|HUYA|IQ|JD|JOYY|NTES,ATHM|BABA|BIDU|BZUN|DOYU|HUYA|IQ|JD|JOYY|NTES
WBD,9,8,8.99,6.51,14.08,0.07,-2.17,-8.975,11.16,15.485,4.345000000000001,1.0,AMCX|CMCSA|DIS|FOX|LGF-A|NFLX|PARA|ROKU|SONY,AMCX|CMCSA|DIS|FOX|NFLX|PARA|ROKU|SONY
WBI,0,0,-6.3,-8.32,1.94,0.0,,,,,,,,
WBTN,10,9,3.68,13.44,-2.9,-0.19,-2.02,-10.38,5.7,23.82,-11.8,1.0,AMZN|BILI|DIS|EA|FUBO|NFLX|ROKU|SNAP|SPOT|ZG,AMZN|BILI|DIS|FUBO|NFLX|ROKU|SNAP|SPOT|ZG
WBUY,10,10,-10.33,2.58,11.5,-0.47,0.35500000000000004,-9.625,-10.685,12.205,4.14,0.0,AMZN|BABA|BILI|EBAY|ETSY|FVRR|JD|MELI|PDD|SHOP,AMZN|BABA|BILI|EBAY|ETSY|FVRR|JD|MELI|PDD|SHOP
WBX,10,9,-9.0,-3.08,-25.33,0.0,-2.16,-4.3,-6.84,1.2199999999999998,-19.58,0.0,BLNK|CHPT|EVGO|F|GM|HYLN|NIO|NKLA|RIVN|TSLA,BLNK|CHPT|EVGO|F|GM|HYLN|NIO|RIVN|TSLA
WCC,10,10,7.82,7.94,2.33,0.0,2.29,-2.985,5.53,10.925,3.4,1.0,AOS|CBT|CNMD|EMR|ENS|ETN|FAST|GWW|HUBB|ITW,AOS|CBT|CNMD|EMR|ENS|ETN|FAST|GWW|HUBB|ITW
WCN,9,8,-0.7,-8.03,-6.63,0.0,-1.9849999999999999,-2.96,1.285,-5.069999999999999,-7.04,0.625,AES|CLH|CWST|DNMR|RSG|SLB|TTEK|VECO|WM,AES|CLH|CWST|RSG|SLB|TTEK|VECO|WM
WCT,0,0,-4.33,67.65,25.33,0.0,,,,,,,,
WD,10,8,-5.88,-6.38,-30.26,0.0,-2.03,-11.11,-3.85,4.7299999999999995,-28.535,0.125,ARE|BXP|CBRE|FRT|HST|JLL|KW|PGRE|SLG|VNO,ARE|BXP|CBRE|FRT|HST|JLL|SLG|VNO
WDAY,10,10,-2.76,-0.33,70.33,0.73,-2.58,-0.18499999999999994,-0.17999999999999972,-0.14500000000000007,21.459999999999994,0.3,ADBE|CRM|INTU|MSFT|NOW|ORCL|PAYC|SAP|TEAM|ZS,ADBE|CRM|INTU|MSFT|NOW|ORCL|PAYC|SAP|TEAM|ZS
WDC,10,10,8.3,1.84,-32.03,-2.9,5.92,6.98,2.380000000000001,-5.140000000000001,-20.470000000000002,0.6,AMAT|AMD|AVGO|INTC|MCHP|MU|NVDA|QCOM|STX|TXN,AMAT|AMD|AVGO|INTC|MCHP|MU|NVDA|QCOM|STX|TXN
WDFC,10,9,5.11,-7.67,-18.33,0.0,0.28,-5.92,4.83,-1.75,-11.909999999999998,1.0,APD|AVD|AXTA|FUL|PPG|RPM|SCL|SHW|TSE|VAL,APD|AVD|AXTA|FUL|PPG|RPM|SCL|SHW|VAL
WDH,10,10,2.94,5.63,-5.41,0.0,-0.6950000000000001,0.585,3.635,5.045,-14.094999999999999,0.9,AFL|BHF|LNC|MET|MFC|PFG|PRU|RGA|SLF|UNM,AFL|BHF|LNC|MET|MFC|PFG|PRU|RGA|SLF|UNM
WDI,0,0,-2.21,-6.12,-10.34,0.0,,,,,,,,
WDS,10,8,-3.86,-6.88,16.37,0.0,-1.78,0.5349999999999999,-2.08,-7.415,0.10500000000000043,0.125,APA|COP|CVX|DVN|EOG|FANG|HES|MRO|OXY|XOM,APA|COP|CVX|DVN|EOG|FANG|OXY|XOM
WEAV,10,9,0.55,0.96,35.54,0.0,0.09,10.06,0.4600000000000001,-9.100000000000001,16.29,0.5555555555555556,BAND|CALX|EGHT|MRCY|OOMA|PI|RNG|TIVC|ZM|ZS,BAND|CALX|EGHT|MRCY|OOMA|PI|RNG|ZM|ZS
WEC,10,10,-3.4,-5.16,-13.58,0.0,-3.71,-7.050000000000001,0.31000000000000005,1.8900000000000006,-0.15499999999999936,0.6,AEP|CMS|DTE|DUK|ES|LNT|NWE|PEG|SO|XEL,AEP|CMS|DTE|DUK|ES|LNT|NWE|PEG|SO|XEL
WELL,10,7,0.4,-3.3,4.23,1.45,-1.41,-8.03,1.81,4.7299999999999995,14.88,0.8571428571428571,AVB|CPT|EQR|ESS|HCP|MAA|NHI|OHI|UDR|VTR,CPT|ESS|MAA|NHI|OHI|UDR|VTR
WEN,10,10,-3.43,-25.99,-7.91,0.3,-0.29000000000000015,-10.95,-3.14,-15.04,-6.67,0.2,BJRI|CAKE|CMG|DRI|JACK|MCD|QSR|SBUX|WING|YUM,BJRI|CAKE|CMG|DRI|JACK|MCD|QSR|SBUX|WING|YUM
WENN,0,0,0.14,0.24,1.17,0.0,,,,,,,,
WERN,10,10,-3.37,-7.81,-17.77,0.84,-1.3,-7.535,-2.0700000000000003,-0.27499999999999947,-1.9749999999999979,0.2,ARCB|CHRW|HTLD|JBHT|KNX|MRTN|ODFL|SAIA|SNDR|ULH,ARCB|CHRW|HTLD|JBHT|KNX|MRTN|ODFL|SAIA|SNDR|ULH
WES,10,10,-2.67,-5.93,8.41,0.0,-1.97,-2.2350000000000003,-0.7,-3.6949999999999994,9.37,0.2,AM|ENB|EPD|ET|KMI|NGL|OKE|PAA|TRP|WMB,AM|ENB|EPD|ET|KMI|NGL|OKE|PAA|TRP|WMB
WEST,10,10,2.83,-1.6,-17.78,-0.99,-1.6749999999999998,-8.915,4.505,7.3149999999999995,-13.545000000000002,0.9,BROS|CELH|FIZZ|JMIA|KDP|KO|MNST|PEP|SBUX|YUM,BROS|CELH|FIZZ|JMIA|KDP|KO|MNST|PEP|SBUX|YUM
WETH,10,10,0.24,-4.78,2.62,9.87,0.91,-3.35,-0.67,-1.4300000000000002,11.175,0.3,AAOI|AVNW|COHU|DAKT|NNDM|NSYS|OLED|PMTS|SYNA|VREX,AAOI|AVNW|COHU|DAKT|NNDM|NSYS|OLED|PMTS|SYNA|VREX
WETO,0,0,16.67,-92.33,-97.49,50.32,,,,,,,,
WEX,10,8,-6.41,-9.21,37.22,0.0,-2.9749999999999996,-10.61,-3.4350000000000005,1.3999999999999986,18.494999999999997,0.125,ADP|AXP|DFS|EVRI|FIS|GPN|JKHY|PYPL|XYZ|YEXT,ADP|AXP|FIS|GPN|JKHY|PYPL|XYZ|YEXT
WEYS,10,8,5.11,2.79,19.23,0.0,0.22999999999999998,-5.625,4.880000000000001,8.415,31.355,1.0,COLM|CROX|DECK|FL|NKE|RL|SHOO|SKX|VFC|WWW,COLM|CROX|DECK|NKE|RL|SHOO|VFC|WWW
WF,10,10,-0.58,10.75,37.03,1.51,-4.175,-2.09,3.5949999999999998,12.84,29.28,0.9,BBAR|BMA|BSAC|BSBR|GGAL|KB|MFG|SAN|SHG|SMFG,BBAR|BMA|BSAC|BSBR|GGAL|KB|MFG|SAN|SHG|SMFG
WFC,10,9,-5.92,-3.59,-3.53,-0.18,-3.44,-7.78,-2.48,4.19,5.130000000000001,0.0,BAC|BK|C|CFG|GS|JPM|MS|PNC|TFC|USB,BAC|C|CFG|GS|JPM|MS|PNC|TFC|USB
WFCF,10,9,-13.21,-12.2,-6.77,0.0,-3.45,-1.95,-9.760000000000002,-10.25,-6.989999999999999,0.0,ADM|AGCO|AVAV|BG|CALM|DAR|FDP|HRL|INGR|TSN,ADM|AGCO|AVAV|BG|CALM|DAR|HRL|INGR|TSN
WFF,0,0,-1.48,6.97,-24.89,2.32,,,,,,,,
WFG,10,9,0.44,6.56,5.33,0.0,-0.28,-6.33,0.72,12.89,14.26,0.6666666666666666,ACHC|CMC|HBM|JBLU|LPX|PCH|RGLD|UFPI|VTRS|WY,ACHC|CMC|HBM|JBLU|LPX|RGLD|UFPI|VTRS|WY
WFRD,10,10,2.87,-4.59,0.2,0.0,-1.7650000000000001,-3.6149999999999998,4.635,-0.9750000000000001,-8.025,0.9,BKR|FTI|HAL|INVX|NOV|OII|RES|SLB|TDW|WTTR,BKR|FTI|HAL|INVX|NOV|OII|RES|SLB|TDW|WTTR
WGO,10,8,1.14,-14.65,0.59,0.0,-2.0700000000000003,-17.115000000000002,3.21,2.4650000000000016,16.13,0.75,CWH|DOO|LCII|MCFT|MPX|OII|PATK|PII|REVG|THO,CWH|DOO|LCII|MCFT|OII|PATK|PII|THO
WGS,10,8,-20.91,-5.04,20.87,-2.58,1.115,10.77,-22.025,-15.809999999999999,-15.364999999999998,0.0,CDNA|CRSP|EXAS|GH|ILMN|MYGN|NTRA|QDEL|TWST|VERV,CDNA|CRSP|GH|ILMN|MYGN|NTRA|QDEL|TWST
WH,10,10,1.67,-6.78,-19.23,0.0,0.54,-7.734999999999999,1.13,0.9549999999999992,-9.615000000000002,0.7,BYD|CHH|CZR|H|HLN|HLT|IHG|MAR|MGM|PK,BYD|CHH|CZR|H|HLN|HLT|IHG|MAR|MGM|PK
WHD,10,10,-1.74,-2.97,29.52,0.0,-1.425,-1.845,-0.31499999999999995,-1.1250000000000002,20.52,0.4,BKR|BOOM|FET|HAL|INVX|NINE|NOV|OIS|SLB|XPRO,BKR|BOOM|FET|HAL|INVX|NINE|NOV|OIS|SLB|XPRO
WHF,10,10,-3.01,1.0,8.73,0.0,-1.88,-5.029999999999999,-1.13,6.029999999999999,3.905000000000001,0.3,ARCC|CGBD|FSK|GBDC|GSBD|HTGC|MAIN|NMFC|PSEC|SLRC,ARCC|CGBD|FSK|GBDC|GSBD|HTGC|MAIN|NMFC|PSEC|SLRC
WHG,10,7,0.49,-2.82,3.15,0.0,-0.32,-6.88,0.81,4.0600000000000005,-0.20999999999999996,0.7142857142857143,APO|BEN|BK|BLK|DHIL|GROW|IVZ|JHG|KKR|TROW,APO|BEN|BLK|GROW|IVZ|KKR|TROW
WHLR,10,9,44.96,-62.7,-98.55,-9.54,-1.25,-8.43,46.21,-54.27,-85.92,1.0,BFS|BRX|FRT|KIM|NNN|O|REG|ROIC|SRG|UE,BFS|BRX|FRT|KIM|NNN|O|REG|SRG|UE
WHR,10,9,-0.54,-19.33,-12.96,-0.24,1.47,-4.15,-2.01,-15.179999999999998,-0.08000000000000007,0.3333333333333333,AAON|CARR|F|GE|GM|HON|IR|LGF-A|PHI|TER,AAON|CARR|F|GE|GM|HON|IR|PHI|TER
WHWK,10,8,-5.45,-21.72,-12.98,0.0,-2.38,-5.555,-3.0700000000000003,-16.165,-1.9050000000000011,0.25,ADAP|AFMD|AGIO|AMRN|ARGX|ATRA|BMRN|GILD|RARE|VIVS,AGIO|AMRN|ARGX|ATRA|BMRN|GILD|RARE|VIVS
WIMI,10,9,-14.91,-36.79,-39.39,-0.01,0.36,-3.11,-15.27,-33.68,-35.94,0.0,CDLX|FLNT|HIMX|IMMR|KOPN|MCHX|MVIS|SCOR|VRAR|VUZI,CDLX|FLNT|HIMX|IMMR|KOPN|MCHX|MVIS|SCOR|VUZI
WINA,9,9,-1.22,-16.97,-32.3,0.0,3.44,-5.02,-4.66,-11.95,-32.57,0.2222222222222222,AEO|ANF|BKE|BNED|GME|PLCE|RGS|URBN|ZUMZ,AEO|ANF|BKE|BNED|GME|PLCE|RGS|URBN|ZUMZ
WING,10,10,-6.03,-14.36,-41.06,-0.39,3.26,-13.8,-9.29,-0.5599999999999987,-45.535000000000004,0.0,BJRI|CAKE|DPZ|EAT|MCD|PZZA|QSR|RRGB|SHAK|YUM,BJRI|CAKE|DPZ|EAT|MCD|PZZA|QSR|RRGB|SHAK|YUM
WIT,10,9,0.0,-10.64,-23.29,-0.59,-4.07,-2.35,4.07,-8.290000000000001,-47.519999999999996,1.0,ACN|CDW|CTSH|DXC|EPAM|GLOB|IBM|INFY|LDOS|MPW,ACN|CDW|CTSH|DXC|EPAM|GLOB|IBM|INFY|LDOS
WIX,9,9,-3.91,-10.78,84.04,-0.03,-0.64,-3.79,-3.27,-6.989999999999999,62.580000000000005,0.1111111111111111,BAND|BILL|DOCU|ETSY|FVRR|GDDY|SHOP|TEAM|ZM,BAND|BILL|DOCU|ETSY|FVRR|GDDY|SHOP|TEAM|ZM
WK,10,10,-2.67,-5.46,48.0,0.0,-2.94,-1.9,0.27,-3.56,13.355000000000004,0.6,ADBE|BOX|CRM|GOOGL|INTU|MSFT|NOW|ORCL|SAP|TEAM,ADBE|BOX|CRM|GOOGL|INTU|MSFT|NOW|ORCL|SAP|TEAM
WKC,10,10,1.61,1.18,14.05,0.0,-5.1899999999999995,8.645,6.8,-7.465,-36.50500000000001,1.0,BP|CVI|DK|MPC|MUR|PBF|PSX|SUN|VLO|XOM,BP|CVI|DK|MPC|MUR|PBF|PSX|SUN|VLO|XOM
WKEY,10,8,2.94,-5.71,-17.7,0.0,3.7,9.28,-0.7600000000000002,-14.989999999999998,-40.345,0.375,CYBR|DVLT|FTNT|MAXN|OKTA|PANW|PRSO|PXLW|SQNS|VRNS,DVLT|FTNT|OKTA|PANW|PRSO|PXLW|SQNS|VRNS
WKHS,10,8,-0.33,-3.21,9.42,0.0,-3.42,-9.22,3.09,6.010000000000001,21.450000000000003,0.625,F|FFAI|GM|GOEV|HYLN|LCID|NIO|NKLA|RIVN|TSLA,F|FFAI|GM|HYLN|LCID|NIO|RIVN|TSLA
WKSP,10,9,0.11,-10.11,-54.4,-0.97,-2.37,-7.1,2.48,-3.01,-44.16,0.6666666666666666,DORM|DRD|F|GM|GPI|LEA|MOD|MVST|SWBI|VSTO,DORM|DRD|F|GM|GPI|LEA|MOD|MVST|SWBI
WLDN,10,10,3.8,-2.56,0.78,0.0,-1.7,-6.125,5.5,3.565,21.490000000000002,1.0,BLDR|DY|FIX|FLR|GVA|IESC|J|KBR|MTRX|PRIM,BLDR|DY|FIX|FLR|GVA|IESC|J|KBR|MTRX|PRIM
WLDS,10,10,6.25,-36.25,-10.47,-2.82,-2.12,-3.51,8.370000000000001,-32.74,-24.705,1.0,AAPL|AMZN|GOOGL|GRMN|HPQ|MSFT|NKE|SBUX|SONY|VZ,AAPL|AMZN|GOOGL|GRMN|HPQ|MSFT|NKE|SBUX|SONY|VZ
WLFC,10,10,-1.38,-1.4,-24.57,0.0,1.305,-6.8100000000000005,-2.6849999999999996,5.41,-9.13,0.2,AER|ALGT|ALK|BA|DAL|HEI|HXL|JBLU|LUV|UAL,AER|ALGT|ALK|BA|DAL|HEI|HXL|JBLU|LUV|UAL
WLK,10,10,-3.17,-10.55,-9.82,0.0,0.13,-5.115,-3.3,-5.4350000000000005,4.585000000000001,0.1,ASIX|CC|DOW|EMN|FUL|HUN|LYB|OLN|PPG|RPM,ASIX|CC|DOW|EMN|FUL|HUN|LYB|OLN|PPG|RPM
WLKP,10,10,0.33,-0.61,-5.74,0.0,-0.515,-4.96,0.845,4.35,-2.315,0.5,APD|ASH|CE|DOW|EMN|FMC|HUN|LYB|OLN|PPG,APD|ASH|CE|DOW|EMN|FMC|HUN|LYB|OLN|PPG
WLTH,0,0,-1.49,5.51,23.3,1.12,,,,,,,,
WLY,10,10,-3.61,-10.24,7.84,0.0,-2.1,-5.995,-1.5099999999999998,-4.245,4.775,0.2,AAPL|ADBE|AMZN|GOOGL|MSFT|NYT|RELX|RGP|SCHL|TDAY,AAPL|ADBE|AMZN|GOOGL|MSFT|NYT|RELX|RGP|SCHL|TDAY
WM,8,6,-2.15,-6.02,-6.42,0.42,-1.26,-2.96,-0.8899999999999999,-3.0599999999999996,-8.76,0.3333333333333333,CLH|CWST|GFL|ODP|RSG|SLB|SRCL|WCN,CLH|CWST|GFL|RSG|SLB|WCN
WMB,9,9,-0.86,0.15,-8.18,0.11,-1.53,-1.83,0.67,1.98,-10.16,0.5555555555555556,AM|ENB|EPD|ET|KMI|MPLX|OKE|PAA|TRGP,AM|ENB|EPD|ET|KMI|MPLX|OKE|PAA|TRGP
WMG,10,10,-2.55,-2.94,3.6,0.28,-4.51,-7.15,1.96,4.210000000000001,0.03500000000000014,0.7,IMAX|IQ|LYV|MTCH|NFLX|RCL|SIRI|SONY|SPOT|TME,IMAX|IQ|LYV|MTCH|NFLX|RCL|SIRI|SONY|SPOT|TME
WMK,10,10,-0.71,2.01,-9.82,0.0,-2.865,-4.63,2.1550000000000002,6.64,-5.905,0.7,ACI|BJ|CENTA|COST|GO|IMKTA|KR|SFM|TGT|WMT,ACI|BJ|CENTA|COST|GO|IMKTA|KR|SFM|TGT|WMT
WMS,10,9,2.29,-7.63,-12.96,0.0,-0.18,-7.85,2.47,0.21999999999999975,-0.2900000000000009,1.0,ALLE|AOS|CMC|CSL|EXP|MAS|MLM|NUE|SUM|VMC,ALLE|AOS|CMC|CSL|EXP|MAS|MLM|NUE|VMC
WMT,10,10,3.95,5.34,-4.12,0.43,-2.4,-5.4,6.35,10.74,-6.0649999999999995,1.0,AMZN|BJ|COST|DG|DLTR|FIVE|HD|KR|LOW|TGT,AMZN|BJ|COST|DG|DLTR|FIVE|HD|KR|LOW|TGT
WNC,10,10,-0.59,-2.41,-10.23,0.0,-0.89,-5.76,0.30000000000000004,3.3499999999999996,-2.125,0.6,AGCO|CAT|CMI|DE|F|GM|KMT|OSK|PCAR|TEX,AGCO|CAT|CMI|DE|F|GM|KMT|OSK|PCAR|TEX
WNEB,10,9,-0.58,-1.3,-3.52,0.0,-2.5,-2.7,1.92,1.4000000000000001,-6.08,1.0,BHB|CFFI|EBC|FFIC|FISI|GSBC|MBWM|NWBI|UBSI|WASH,BHB|CFFI|EBC|FISI|GSBC|MBWM|NWBI|UBSI|WASH
WNW,10,10,0.85,-4.05,-32.86,-1.66,2.9850000000000003,-7.289999999999999,-2.1350000000000002,3.2399999999999993,-36.135,0.2,BABA|BILI|EJH|GOTU|HUYA|JD|PDD|QFIN|TCOM|TME,BABA|BILI|EJH|GOTU|HUYA|JD|PDD|QFIN|TCOM|TME
WOK,10,10,-2.58,-18.82,-17.37,-0.48,-0.94,-6.914999999999999,-1.6400000000000001,-11.905000000000001,-22.21,0.2,ABT|BAX|BSX|EW|IQV|ISRG|JNJ|MDT|SYK|ZBH,ABT|BAX|BSX|EW|IQV|ISRG|JNJ|MDT|SYK|ZBH
WOLF,10,10,10.15,3.4,-45.28,-3.65,4.65,2.4,5.5,1.0,-34.53,0.8,ADI|AVGO|MCHP|MPWR|NXPI|ON|QRVO|STX|SWKS|TXN,ADI|AVGO|MCHP|MPWR|NXPI|ON|QRVO|STX|SWKS|TXN
WOOF,10,9,-2.5,-15.22,-8.95,1.3,-2.46,-4.63,-0.040000000000000036,-10.59,-10.879999999999999,0.4444444444444444,AMZN|BJ|CHWY|COST|DG|DLTR|KR|TGT|WBA|WMT,AMZN|BJ|CHWY|COST|DG|DLTR|KR|TGT|WMT
WOR,10,9,1.46,5.12,4.19,0.0,-2.45,0.56,3.91,4.5600000000000005,5.3500000000000005,1.0,ATI|CLF|CMC|GGB|MT|NUE|RS|STLD|TX|X,ATI|CLF|CMC|GGB|MT|NUE|RS|STLD|TX
WPC,10,10,-0.15,-7.11,-8.45,0.0,-1.69,-9.465,1.54,2.3549999999999995,1.9350000000000005,0.6,ADC|CTRE|EPR|FCPT|GTY|LTC|NNN|NTST|O|SITC,ADC|CTRE|EPR|FCPT|GTY|LTC|NNN|NTST|O|SITC
WPM,10,9,-5.05,-11.73,27.79,-0.65,-3.82,-11.96,-1.23,0.23000000000000043,9.04,0.0,AEM|B|CDE|EGO|FNV|KGC|NEM|OR|PAAS|SAND,AEM|B|CDE|EGO|FNV|KGC|NEM|OR|PAAS
WPP,10,9,-1.44,-4.87,52.74,1.0,-4.06,-8.66,2.6199999999999997,3.79,48.03,0.5555555555555556,ACN|EXPO|FCN|HLT|HURN|IPG|KFY|MC|OMC|TBI,ACN|EXPO|FCN|HLT|HURN|KFY|MC|OMC|TBI
WPRT,10,8,-0.5,8.2,-8.33,0.0,-2.755,-3.8449999999999998,2.255,12.044999999999998,1.665000000000001,0.625,BLDP|CLNE|CVI|DAN|FCEL|FELE|GTLS|NKLA|PLUG|PWR,BLDP|CLNE|CVI|DAN|FCEL|FELE|PLUG|PWR
WRAP,10,8,-10.81,-8.48,32.1,-5.06,-0.97,-4.13,-9.84,-4.3500000000000005,30.725,0.0,AXON|CZR|KUST|OCUL|RELL|RGR|STER|TPCS|VISL|VRSN,AXON|CZR|KUST|OCUL|RELL|RGR|TPCS|VRSN
WRB,9,9,-3.5,-1.21,-2.37,-0.03,-4.7,-5.54,1.2000000000000002,4.33,0.040000000000000036,0.6666666666666666,AIG|ALL|AXS|CB|CINF|HIG|PGR|RLI|TRV,AIG|ALL|AXS|CB|CINF|HIG|PGR|RLI|TRV
WRBY,10,9,-5.71,-12.31,-17.09,-2.36,-0.96,-2.32,-4.75,-9.99,-13.379999999999999,0.0,AMZN|BBY|COST|DG|DLTR|JWN|KSS|M|TGT|WMT,AMZN|BBY|COST|DG|DLTR|KSS|M|TGT|WMT
WRD,10,10,4.11,-4.11,7.56,-0.34,-1.975,-3.6100000000000003,6.085000000000001,-0.5,2.8099999999999996,1.0,AAPL|AMZN|F|GM|GOOGL|LYFT|MSFT|NVDA|TSLA|UBER,AAPL|AMZN|F|GM|GOOGL|LYFT|MSFT|NVDA|TSLA|UBER
WRLD,10,10,-8.36,-10.64,-12.68,0.0,-4.195,-8.065,-4.164999999999999,-2.575000000000001,-3.0700000000000003,0.0,AGM|ALLY|ATLC|CACC|ENVA|FCFS|LRN|OMF|OPRT|RM,AGM|ALLY|ATLC|CACC|ENVA|FCFS|LRN|OMF|OPRT|RM
WRN,10,10,6.22,-6.27,14.35,0.0,-2.425,-10.725000000000001,8.645,4.455000000000002,0.6649999999999991,1.0,AA|B|BHP|FCX|HL|NEM|RIO|SCCO|TECK|VALE,AA|B|BHP|FCX|HL|NEM|RIO|SCCO|TECK|VALE
WS,10,8,4.14,3.98,-12.39,0.0,-3.3000000000000003,1.02,7.4399999999999995,2.96,-20.09,1.0,CLF|CMC|GGB|MT|NUE|RS|STLD|TX|X|ZEUS,CLF|CMC|GGB|MT|NUE|RS|STLD|TX
WSBC,10,10,-3.67,-6.48,0.61,0.0,-3.03,-3.8099999999999996,-0.6400000000000001,-2.670000000000001,3.605,0.2,ASB|BCBP|CBSH|CFR|FNB|FULT|HOMB|ONB|TRMK|UBSI,ASB|BCBP|CBSH|CFR|FNB|FULT|HOMB|ONB|TRMK|UBSI
WSBF,9,8,-2.31,-4.01,2.78,0.0,-1.865,-1.5799999999999998,-0.44500000000000006,-2.4299999999999997,5.635,0.375,CTBI|FFBC|FFNW|FSBC|GSBC|HAFC|HTB|PFBC|UBCP,CTBI|FFBC|FSBC|GSBC|HAFC|HTB|PFBC|UBCP
WSBK,0,0,-0.7,-1.39,-0.97,0.0,,,,,,,,
WSC,10,9,-2.98,-16.49,-38.89,-0.76,-0.16,-9.48,-2.82,-7.009999999999998,-21.89,0.1111111111111111,DHI|HEES|KBH|LEN|MLM|MTH|PHM|TOL|URI|VMC,DHI|KBH|LEN|MLM|MTH|PHM|TOL|URI|VMC
WSFS,10,10,-3.28,-3.12,0.48,0.0,-3.545,-7.234999999999999,0.2650000000000001,4.114999999999999,9.375,0.7,BKU|FITB|FNB|HBAN|KEY|PNC|RF|TFC|WAL|ZION,BKU|FITB|FNB|HBAN|KEY|PNC|RF|TFC|WAL|ZION
WSHP,0,0,0.2,22.41,21.89,-0.67,,,,,,,,
WSM,9,6,4.41,-4.18,-3.32,0.0,-1.395,-10.235,5.805,6.055,6.324999999999999,1.0,BSET|HVT|LCII|LEG|LOVE|RH|SNBR|TBHC|TPR,BSET|HVT|LCII|LOVE|RH|TPR
WSO,10,9,6.96,4.69,-18.86,0.0,3.04,-6.02,3.92,10.71,-14.809999999999999,0.8888888888888888,AAON|AOS|CARR|CSL|EMR|GTLS|JCI|LII|SWK|TWIN,AAON|AOS|CARR|CSL|EMR|JCI|LII|SWK|TWIN
WST,9,9,2.29,7.61,8.21,-0.23,0.63,-3.83,1.6600000000000001,11.440000000000001,-5.709999999999999,0.7777777777777778,BAX|BDX|DHR|JNJ|MRK|STE|TMO|WAT|XRAY,BAX|BDX|DHR|JNJ|MRK|STE|TMO|WAT|XRAY
WSTN,0,0,0.39,0.25,0.74,0.0,,,,,,,,
WT,10,9,6.56,-0.5,33.03,0.0,-1.33,-6.85,7.89,6.35,24.93,1.0,AMP|BEN|BK|BLK|IVZ|NTRS|SCHW|SEIC|STT|TROW,AMP|BEN|BLK|IVZ|NTRS|SCHW|SEIC|STT|TROW
WTBA,10,10,-3.19,0.32,9.4,0.0,-2.285,-3.1100000000000003,-0.9049999999999998,3.43,10.99,0.1,BKU|CAC|CUBI|FHN|FULT|MBWM|ONB|OSBC|TRMK|WABC,BKU|CAC|CUBI|FHN|FULT|MBWM|ONB|OSBC|TRMK|WABC
WTF,0,0,-8.71,-17.32,-3.98,0.0,,,,,,,,
WTFC,10,9,-2.84,-4.86,-11.21,0.02,-3.64,-6.12,0.8000000000000003,1.2599999999999998,-6.930000000000001,0.6666666666666666,ALLY|BAC|BK|C|JPM|PNC|TD|TFC|USB|WFC,ALLY|BAC|C|JPM|PNC|TD|TFC|USB|WFC
WTG,0,0,0.08,0.55,1.76,0.0,,,,,,,,
WTI,10,8,-3.32,5.28,18.81,1.34,-4.075,0.10999999999999999,0.7550000000000003,5.17,3.834999999999999,0.5,APA|DVN|EGY|EOG|HES|MRO|MUR|NOG|OXY|SM,APA|DVN|EGY|EOG|MUR|NOG|OXY|SM
WTM,10,10,-1.47,-4.7,0.47,0.0,-2.935,-3.615,1.465,-1.085,1.185,0.6,AIG|ALL|BRK-B|CB|CINF|HIG|L|PGR|RNR|TRV,AIG|ALL|BRK-B|CB|CINF|HIG|L|PGR|RNR|TRV
WTRG,10,10,-2.88,-2.81,6.35,0.0,-4.07,-6.895,1.1900000000000004,4.084999999999999,3.925,0.7,ARTNA|AWK|AWR|CWT|DHR|HTO|MSEX|NWG|PPL|YORW,ARTNA|AWK|AWR|CWT|DHR|HTO|MSEX|NWG|PPL|YORW
WTS,10,10,2.44,-4.16,0.64,0.0,3.335,-3.795,-0.895,-0.3650000000000002,2.725,0.4,AOS|BMI|CWCO|FLS|ITT|NDSN|PNR|PWR|TTC|XYL,AOS|BMI|CWCO|FLS|ITT|NDSN|PNR|PWR|TTC|XYL
WTTR,10,10,-5.06,1.9,0.78,0.21,-1.7349999999999999,-1.845,-3.3249999999999997,3.745,-4.03,0.0,BKR|FET|FTI|HAL|INVX|LBRT|OIS|PUMP|RES|SLB,BKR|FET|FTI|HAL|INVX|LBRT|OIS|PUMP|RES|SLB
WTW,9,9,-4.02,-13.93,15.84,-0.16,-4.21,-12.48,0.1900000000000004,-1.4499999999999993,14.41,0.5555555555555556,AJG|AON|BRO|ERIE|MET|MRSH|PGR|TRV|WRB,AJG|AON|BRO|ERIE|MET|MRSH|PGR|TRV|WRB
WU,10,10,-5.36,-15.8,-14.88,1.48,-2.9749999999999996,-9.635000000000002,-2.3850000000000007,-6.164999999999999,-21.26,0.3,AXP|EEFT|FIS|GPN|MA|PAGS|PYPL|V|WEX|XYZ,AXP|EEFT|FIS|GPN|MA|PAGS|PYPL|V|WEX|XYZ
WULF,10,9,-3.1,-2.21,-38.76,-2.39,5.27,10.23,-8.37,-12.440000000000001,-24.509999999999998,0.2222222222222222,APLD|ARBK|BITF|BTBT|CLSK|HIVE|HUT|MARA|RIOT|SOS,APLD|ARBK|BTBT|CLSK|HIVE|HUT|MARA|RIOT|SOS
WVE,10,10,-12.32,-22.85,-33.61,0.0,-0.43,-7.9,-11.89,-14.950000000000001,-26.965,0.0,ALNY|ARWR|BIIB|EDIT|IONS|MRNA|NBIX|QURE|SRPT|VRTX,ALNY|ARWR|BIIB|EDIT|IONS|MRNA|NBIX|QURE|SRPT|VRTX
WVVI,10,9,2.59,-10.0,-17.5,4.76,-1.5,-8.32,4.09,-1.6799999999999997,-12.48,1.0,BF-B|BUD|CCU|COKE|DEO|KDP|NAPA|SAM|STZ|TAP,BF-B|BUD|CCU|COKE|DEO|KDP|SAM|STZ|TAP
WW,0,0,-2.66,-6.0,-14.36,0.0,,,,,,,,
WWD,10,8,1.63,-4.38,-25.59,-0.45,1.3199999999999998,-6.0649999999999995,0.31000000000000005,1.6849999999999996,-14.419999999999998,0.75,BA|BECN|DAN|GBX|GE|HON|HXL|ROK|SPR|TDG,BA|DAN|GBX|GE|HON|HXL|ROK|TDG
WWR,10,9,-2.76,-11.37,8.65,0.21,-1.9,-15.56,-0.8599999999999999,4.190000000000001,21.560000000000002,0.3333333333333333,ALB|AMR|FMC|LAC|MP|PLL|SGML|SLI|SQM|TSLA,ALB|AMR|FMC|LAC|MP|SGML|SLI|SQM|TSLA
WWW,10,7,-0.93,-8.43,8.95,0.0,-1.32,-7.58,0.39,-0.8499999999999996,25.63,0.5714285714285714,COLM|CROX|DECK|FL|GES|GIII|LEVI|NKE|RL|SKX,COLM|CROX|DECK|GIII|LEVI|NKE|RL
WXM,0,0,6.67,-11.11,-14.35,0.0,,,,,,,,
WY,9,7,-2.54,-13.59,-18.05,-0.28,-0.28,-6.33,-2.26,-7.26,-9.66,0.14285714285714285,BDC|GEF|LPX|PCH|REXR|RYN|SEE|SLGN|UFPI,BDC|GEF|LPX|REXR|RYN|SLGN|UFPI
WYFI,0,0,3.47,-9.41,-49.81,-2.99,,,,,,,,
WYHG,0,0,-6.62,-18.2,3.54,-0.24,,,,,,,,
WYNN,9,8,-1.31,-17.09,-17.62,0.52,-3.1550000000000002,-12.559999999999999,1.8450000000000002,-4.530000000000001,-1.2250000000000014,0.875,BYD|CHDN|CNTY|CZR|GDEN|LVS|MGM|PENN|RRR,BYD|CHDN|CNTY|CZR|LVS|MGM|PENN|RRR
WYY,10,9,-9.33,23.43,-36.61,0.0,-2.16,-6.7,-7.17,30.13,-39.15,0.0,DNB|EVC|EXPO|FCN|G|PD|SNPS|SPSC|TRU|VRSK,EVC|EXPO|FCN|G|PD|SNPS|SPSC|TRU|VRSK
XAIR,10,10,-2.27,-39.56,-68.47,0.0,0.0,-3.75,-2.27,-35.81,-74.15,0.3,ABT|BSX|EW|INSP|ISRG|MDT|NVCR|PEN|SYK|TMDX,ABT|BSX|EW|INSP|ISRG|MDT|NVCR|PEN|SYK|TMDX
XBIO,10,7,-4.88,-38.74,-17.02,-7.14,-1.38,0.53,-3.5,-39.27,-35.75,0.14285714285714285,BCRX|DVAX|GERN|KPTI|LITS|MRSN|NVAX|SGMO|SRPT|VSTM,BCRX|GERN|KPTI|LITS|NVAX|SRPT|VSTM
XBIT,10,10,1.4,-5.63,-6.84,0.0,0.165,-1.385,1.2349999999999999,-4.245,-21.045,0.6,ALNY|AMGN|BIIB|BMRN|GILD|ILMN|INCY|NBIX|REGN|VRTX,ALNY|AMGN|BIIB|BMRN|GILD|ILMN|INCY|NBIX|REGN|VRTX
XBP,10,9,2.2,16.07,40.69,-0.46,2.77,-2.99,-0.5699999999999998,19.060000000000002,44.809999999999995,0.4444444444444444,BURL|COST|DG|JWN|KSS|M|ROST|TGT|TJX|WMT,BURL|COST|DG|KSS|M|ROST|TGT|TJX|WMT
XCH,0,0,1.4,-30.4,-80.25,0.0,,,,,,,,
XCUR,10,9,-6.77,7.83,-53.9,0.0,0.13,-2.61,-6.8999999999999995,10.44,-67.39,0.1111111111111111,ALNY|AMGN|BIIB|GILD|INCY|LLY|NBIX|REGN|SAGE|VRTX,ALNY|AMGN|BIIB|GILD|INCY|LLY|NBIX|REGN|VRTX
XEL,10,10,-4.05,-8.47,-13.58,-0.01,-4.035,-7.68,-0.01499999999999968,-0.7900000000000009,-0.9199999999999999,0.4,AEP|D|DUK|ED|EIX|EXC|NEE|PEG|PPL|SO,AEP|D|DUK|ED|EIX|EXC|NEE|PEG|PPL|SO
XELB,10,9,-3.98,4.32,-55.76,0.0,-0.54,-5.49,-3.44,9.81,-43.489999999999995,0.3333333333333333,COLM|FOSL|GIII|HBI|LB|NKE|PVH|RL|TPR|VFC,COLM|FOSL|GIII|LB|NKE|PVH|RL|TPR|VFC
XENE,10,9,-36.29,-39.52,-35.65,-0.05,-0.99,-9.26,-35.3,-30.260000000000005,-41.25,0.0,ACAD|AGEN|AKRO|ARDX|ARGX|ARWR|CRSP|EDIT|KURA|ONC,ACAD|AGEN|ARDX|ARGX|ARWR|CRSP|EDIT|KURA|ONC
XERS,9,9,11.31,-0.92,17.03,0.0,-0.87,-3.81,12.18,2.89,30.36,1.0,ALKS|AMRN|ANIP|BCRX|ECOR|LGND|MNKD|RDHL|SUPN,ALKS|AMRN|ANIP|BCRX|ECOR|LGND|MNKD|RDHL|SUPN
XFOR,10,7,-10.29,-24.52,-21.3,0.96,-1.0,-14.14,-9.29,-10.379999999999999,-13.64,0.0,ADAP|ADVM|BMRN|CLLS|KRYS|MCRB|ONCT|PRTA|RGNX|SRRK,BMRN|CLLS|KRYS|MCRB|PRTA|RGNX|SRRK
XGN,10,10,7.37,11.18,82.11,-1.17,1.115,8.705,6.255,2.4749999999999996,61.455,1.0,CDNA|FLGT|GH|ILMN|MYGN|NTRA|ONC|PRPO|QGEN|VCYT,CDNA|FLGT|GH|ILMN|MYGN|NTRA|ONC|PRPO|QGEN|VCYT
XHG,10,10,-11.97,-43.28,147.02,0.0,-2.705,-0.775,-9.265,-42.505,106.12,0.0,ADBE|CRM|CRWD|IBM|INTU|MSFT|NOW|ORCL|SAP|WDAY,ADBE|CRM|CRWD|IBM|INTU|MSFT|NOW|ORCL|SAP|WDAY
XHLD,0,0,26.08,44.01,912.83,1.45,,,,,,,,
XHR,10,10,1.6,-9.36,-11.87,0.0,0.94,-5.12,0.6600000000000001,-4.239999999999999,-6.089999999999999,0.7,AHT|APLE|BHR|DRH|HST|PEB|PK|RLJ|SHO|SVC,AHT|APLE|BHR|DRH|HST|PEB|PK|RLJ|SHO|SVC
XIFR,10,9,-6.74,-9.86,-9.16,-1.5,-2.99,-7.29,-3.75,-2.5699999999999994,0.34999999999999964,0.0,AES|AY|BEP|CWEN|D|DUK|ED|ES|EVRG|NEE,AES|BEP|CWEN|D|DUK|ED|ES|EVRG|NEE
XLO,10,9,-0.45,-2.72,-0.78,0.0,-2.28,-9.32,1.8299999999999998,6.6,1.95,0.7777777777777778,ADPT|ALXO|ARVN|AZN|BNTX|FOLD|IMVT|MRNA|NBIX|VRTX,ADPT|ALXO|ARVN|AZN|BNTX|IMVT|MRNA|NBIX|VRTX
XMTR,9,7,8.13,17.34,11.32,-1.91,-0.56,0.88,8.690000000000001,16.46,15.879999999999999,1.0,AI|DDD|DM|FARO|FSS|MKSI|RBC|SSYS|TRMB,AI|DDD|FSS|MKSI|RBC|SSYS|TRMB
XNCR,10,7,-2.4,-18.09,62.82,-1.07,0.13,-0.16,-2.53,-17.93,49.33,0.14285714285714285,ADAP|ALNY|BIIB|BLUE|INCY|KYNB|PGEN|REGN|SGMO|VRTX,ALNY|BIIB|INCY|KYNB|PGEN|REGN|VRTX
XNET,10,10,3.26,2.22,4.32,0.0,1.375,-6.3,1.8849999999999998,8.52,-1.71,0.8,BABA|BIDU|HUYA|IQ|JD|JOYY|NTES|PDD|TME|WB,BABA|BIDU|HUYA|IQ|JD|JOYY|NTES|PDD|TME|WB
XOM,10,10,-0.21,1.43,18.45,1.05,-1.78,4.13,1.57,-2.7,-2.4299999999999997,0.8,BP|COP|CVX|EOG|MPC|OXY|PSX|SHEL|TTE|VLO,BP|COP|CVX|EOG|MPC|OXY|PSX|SHEL|TTE|VLO
XOS,10,7,-1.92,-27.56,-9.89,0.0,-3.33,-3.21,1.4100000000000001,-24.349999999999998,0.129999999999999,0.5714285714285714,FFAI|GOEV|HYLN|LCID|NKLA|RIVN|SBLX|SLDP|TSLA|WKHS,FFAI|HYLN|LCID|RIVN|SLDP|TSLA|WKHS
XP,10,10,5.67,22.32,34.19,0.0,-3.225,-9.365,8.895,31.685000000000002,39.29,1.0,AMTD|BAC|C|GS|IBKR|JPM|MS|SCHW|UBS|WFC,AMTD|BAC|C|GS|IBKR|JPM|MS|SCHW|UBS|WFC
XPEL,10,10,-2.67,-11.98,-2.88,0.0,0.7050000000000001,-5.96,-3.375,-6.0200000000000005,1.9200000000000008,0.1,APD|AVY|AXTA|CE|EMN|FMC|IFF|PPG|RPM|SHW,APD|AVY|AXTA|CE|EMN|FMC|IFF|PPG|RPM|SHW
XPER,10,10,-0.72,-12.7,-28.57,0.0,4.79,1.9700000000000002,-5.51,-14.67,-17.295,0.0,ADI|DIOD|ENTG|MCHP|MPWR|ON|QRVO|SLAB|SWKS|TXN,ADI|DIOD|ENTG|MCHP|MPWR|ON|QRVO|SLAB|SWKS|TXN
XPEV,10,9,-3.4,-11.72,-16.0,-0.49,-0.5,-11.07,-2.9,-0.6500000000000004,-16.13,0.3333333333333333,FFAI|GOEV|KNDI|LCID|LI|NIO|NIU|RIVN|TSLA|WKHS,FFAI|KNDI|LCID|LI|NIO|NIU|RIVN|TSLA|WKHS
XPL,10,8,7.22,-19.27,-14.14,0.0,-3.99,-11.235,11.21,-8.035,-30.0,1.0,BTG|CDE|EXK|FSM|GORO|HL|MUX|NGD|SAND|USAS,BTG|CDE|EXK|FSM|GORO|HL|MUX|USAS
XPO,10,10,3.16,-6.29,-8.59,0.0,-1.9900000000000002,-7.5,5.15,1.21,7.205000000000002,1.0,CHRW|EXPD|FDX|JBHT|KNX|LSTR|MRTN|SAIA|UPS|WERN,CHRW|EXPD|FDX|JBHT|KNX|LSTR|MRTN|SAIA|UPS|WERN
XPOF,10,9,-1.86,-27.59,-47.37,0.0,-1.93,-8.11,0.06999999999999984,-19.48,-45.65,0.6666666666666666,CCRN|EYE|FOXF|HCSG|HZO|MMI|MOV|PLNT|RICK|SCI,EYE|FOXF|HCSG|HZO|MMI|MOV|PLNT|RICK|SCI
XPON,9,8,-5.84,-9.23,-11.61,1.56,-4.975,-8.675,-0.8650000000000002,-0.5549999999999997,15.035,0.25,BLDP|ENPH|FCEL|FSLR|NOVA|PLUG|RUN|SEDG|TSLA,BLDP|ENPH|FCEL|FSLR|PLUG|RUN|SEDG|TSLA
XPRO,10,10,0.43,-7.82,26.13,0.0,-1.565,-1.845,1.9949999999999999,-5.9750000000000005,18.564999999999998,0.8,BKR|CLB|FET|FTI|HAL|INVX|NOV|OIS|RES|SLB,BKR|CLB|FET|FTI|HAL|INVX|NOV|OIS|RES|SLB
XRAY,10,8,6.45,-9.02,-7.42,2.04,0.024999999999999998,-5.775,6.425,-3.244999999999999,-13.98,1.0,ALGN|BDX|BIO|HOLX|HSIC|MTD|PDCO|STE|SYK|ZM,ALGN|BDX|BIO|HSIC|MTD|STE|SYK|ZM
XRPN,0,0,3.51,3.32,4.81,3.12,,,,,,,,
XRTX,10,8,3.84,-23.73,-20.16,1.4,-0.41,-8.715,4.25,-15.015,-21.62,1.0,ATRA|BLUE|CRSP|EDIT|FATE|IOVA|KPTI|NTLA|ONC|SGMO,ATRA|CRSP|EDIT|FATE|IOVA|KPTI|NTLA|ONC
XRX,10,10,-8.29,12.54,3.11,-4.32,-0.029999999999999985,-0.775,-8.26,13.315,-15.985,0.1,AAPL|CAN|DELL|HPQ|IBM|MMM|MSI|RYAAY|STX|WDAY,AAPL|CAN|DELL|HPQ|IBM|MMM|MSI|RYAAY|STX|WDAY
XTIA,10,10,11.74,-27.49,-36.04,7.43,-0.8500000000000001,-7.210000000000001,12.59,-20.279999999999998,-31.645,0.9,ACHR|BA|EH|EVTL|GD|JOBY|LHX|LMT|NOC|RTX,ACHR|BA|EH|EVTL|GD|JOBY|LHX|LMT|NOC|RTX
XTLB,10,10,-7.95,-16.19,-21.1,0.0,-0.905,-8.344999999999999,-7.045,-7.845000000000002,-20.135,0.0,ARDX|ATNM|AVXL|CORT|CYTK|GERN|GILD|KPTI|LITS|MDGL,ARDX|ATNM|AVXL|CORT|CYTK|GERN|GILD|KPTI|LITS|MDGL
XTNT,10,9,12.02,14.5,-13.1,-2.32,-2.3,-8.08,14.32,22.58,-1.9800000000000004,1.0,ATEC|BAX|CUTR|ELMD|IART|OFIX|OSUR|SNN|SYK|ZBH,ATEC|BAX|ELMD|IART|OFIX|OSUR|SNN|SYK|ZBH
XWEL,10,8,-0.28,-9.75,-17.95,0.0,-2.75,-9.98,2.4699999999999998,0.23000000000000043,-2.419999999999998,0.625,AHT|APLE|BKD|CWH|HGV|MAC|RDFN|RLJ|SOHO|VNO,AHT|APLE|BKD|CWH|HGV|MAC|RLJ|VNO
XXI,0,0,19.78,2.48,28.55,-1.89,,,,,,,,
XXII,10,10,-1.77,-42.24,-64.15,-25.7,-0.215,-3.1550000000000002,-1.555,-39.085,-59.65500000000001,0.3,BTI|CIG|CNTY|GNLN|GRWG|MO|PM|RLX|TPB|UVV,BTI|CIG|CNTY|GNLN|GRWG|MO|PM|RLX|TPB|UVV
XYF,10,9,4.08,-5.9,6.69,-2.49,-1.52,-23.83,5.6,17.93,36.019999999999996,1.0,FINV|HTT|JFIN|LX|LXEH|QFIN|SOS|TIGR|XWIN|YRD,FINV|HTT|JFIN|LX|LXEH|QFIN|SOS|TIGR|YRD
XYL,9,9,0.81,-3.85,-7.29,-0.16,-3.76,-8.23,4.57,4.380000000000001,-8.93,1.0,ARTNA|AWK|AWR|CWCO|CWT|MSEX|PNR|WTRG|YORW,ARTNA|AWK|AWR|CWCO|CWT|MSEX|PNR|WTRG|YORW
XYZ,9,9,-3.05,-10.37,0.08,-0.72,-1.3,-8.24,-1.7499999999999998,-2.129999999999999,-14.42,0.3333333333333333,AFRM|COIN|DKNG|MA|PYPL|RBLX|SHOP|SPOT|V,AFRM|COIN|DKNG|MA|PYPL|RBLX|SHOP|SPOT|V
XZO,0,0,-6.76,-12.31,6.1,0.0,,,,,,,,
YAAS,0,0,1.04,-49.29,-67.49,0.27,,,,,,,,
YALA,10,10,0.0,-1.44,6.23,0.0,1.375,-5.865,-1.375,4.425000000000001,2.6100000000000003,0.2,BIDU|BILI|DOYU|HUYA|IQ|JD|JOYY|PDD|TME|WB,BIDU|BILI|DOYU|HUYA|IQ|JD|JOYY|PDD|TME|WB
YB,0,0,-0.98,-12.44,-16.91,-0.82,,,,,,,,
YCBD,7,7,-6.4,-9.65,-33.43,2.32,3.57,-13.49,-9.97,3.84,-26.03,0.14285714285714285,ACB|CRBP|IIPR|OGI|TLRY|TVRD|VFF,ACB|CRBP|IIPR|OGI|TLRY|TVRD|VFF
YCY,0,0,0.0,-0.29,0.49,0.0,,,,,,,,
YDDL,0,0,-3.07,-15.95,-30.1,-0.41,,,,,,,,
YDES,0,0,-12.7,-30.69,22.81,0.0,,,,,,,,
YDKG,10,10,6.41,-14.13,-0.47,0.0,2.225,1.25,4.1850000000000005,-15.38,-6.5,0.8,ATHM|BILI|BZUN|DOYU|EDU|HUYA|IQ|JOYY|TAL|TME,ATHM|BILI|BZUN|DOYU|EDU|HUYA|IQ|JOYY|TAL|TME
YELP,10,10,-12.48,-25.15,-22.6,0.06,-4.6850000000000005,-4.835,-7.795,-20.314999999999998,-24.34,0.0,ANGI|BZ|EBAY|EXPE|GOOG|LYFT|MTCH|RNG|TRIP|ZG,ANGI|BZ|EBAY|EXPE|GOOG|LYFT|MTCH|RNG|TRIP|ZG
YETI,10,10,3.23,-2.83,-15.67,0.0,-0.93,-3.935,4.16,1.105,-0.4299999999999997,0.8,ASO|COLM|CROX|DECK|DKS|GOOS|NKE|SIG|UA|VFC,ASO|COLM|CROX|DECK|DKS|GOOS|NKE|SIG|UA|VFC
YEXT,10,10,0.78,-1.38,54.81,0.0,-0.73,9.5,1.51,-10.879999999999999,-2.125,0.6,BOX|CRM|GDDY|HUBS|NOW|PD|TEAM|TWLO|VEEV|WDAY,BOX|CRM|GDDY|HUBS|NOW|PD|TEAM|TWLO|VEEV|WDAY
YHC,10,9,-3.1,-24.7,-98.68,-3.85,-1.5,-10.0,-1.6,-14.7,-91.4,0.2222222222222222,ABEV|BF-B|BUD|CCU|DEO|NAPA|SAM|STZ|TAP|WVVI,ABEV|BF-B|BUD|CCU|DEO|SAM|STZ|TAP|WVVI
YHGJ,10,10,12.83,2.4,-0.91,11.16,-2.66,-15.39,15.49,17.79,20.02,0.9,BALY|BYD|CCL|CHH|DIS|MGM|NCLH|PENN|RCL|WYNN,BALY|BYD|CCL|CHH|DIS|MGM|NCLH|PENN|RCL|WYNN
YHNA,0,0,-0.89,0.63,2.21,0.0,,,,,,,,
YI,10,10,9.76,5.1,-7.48,0.0,2.345,-7.289999999999999,7.414999999999999,12.389999999999999,-10.215,0.9,BABA|BILI|BZUN|DOYU|HUYA|JD|MOMO|PDD|TME|VIPS,BABA|BILI|BZUN|DOYU|HUYA|JD|MOMO|PDD|TME|VIPS
YIBO,10,10,-5.98,-9.09,1.85,-5.98,-0.41500000000000004,8.195,-5.565,-17.285,-17.244999999999997,0.3,AAPL|CAN|DELL|HIMX|HPE|HPQ|IBM|INTC|MSI|XRX,AAPL|CAN|DELL|HIMX|HPE|HPQ|IBM|INTC|MSI|XRX
YJ,10,10,-7.21,-32.83,16.05,0.56,1.375,-7.289999999999999,-8.585,-25.54,10.995000000000001,0.1,BABA|BZUN|DOYU|FUTU|HUYA|JD|PDD|QFIN|TME|VIPS,BABA|BZUN|DOYU|FUTU|HUYA|JD|PDD|QFIN|TME|VIPS
YMAT,0,0,-16.27,-38.57,-62.48,-4.5,,,,,,,,
YMM,10,10,3.35,-1.07,6.79,0.0,-1.1400000000000001,-12.81,4.49,11.74,15.419999999999998,0.9,CARG|CVNA|GRAB|JBLU|KNX|LYFT|SAIA|UAL|UBER|XPO,CARG|CVNA|GRAB|JBLU|KNX|LYFT|SAIA|UAL|UBER|XPO
YMT,0,0,-15.04,-43.84,-80.83,-6.73,,,,,,,,
YORW,10,10,-6.24,-10.56,1.64,0.0,-2.185,-6.13,-4.055,-4.430000000000001,0.875,0.0,ARTNA|AWK|AWR|BMI|CWCO|CWT|HTO|MSEX|PNR|WTRG,ARTNA|AWK|AWR|BMI|CWCO|CWT|HTO|MSEX|PNR|WTRG
YOU,10,10,-0.27,-9.69,-24.78,2.83,-5.29,-13.725,5.02,4.035,-30.655,0.9,BKNG|EXPE|FIS|GDS|MA|PAYX|SABR|TCOM|V|WU,BKNG|EXPE|FIS|GDS|MA|PAYX|SABR|TCOM|V|WU
YOUL,0,0,-13.37,-6.18,9.52,-2.54,,,,,,,,
YPF,10,9,0.81,9.82,20.02,1.84,-1.72,5.32,2.5300000000000002,4.5,-7.609999999999999,0.8888888888888888,BP|CVE|CVX|ENB|HES|MPC|PBR|PSX|VLO|XOM,BP|CVE|CVX|ENB|MPC|PBR|PSX|VLO|XOM
YQ,10,9,-0.84,49.37,70.91,0.0,6.965,0.0,-7.805,49.37,43.589999999999996,0.0,ATAI|BEDU|COE|DAO|EDU|FEDU|GOTU|TAL|VNET|ZH,ATAI|COE|DAO|EDU|FEDU|GOTU|TAL|VNET|ZH
YRD,10,9,-0.99,-8.26,-9.09,0.0,-1.21,-5.9,0.21999999999999997,-2.3599999999999994,13.2,0.5555555555555556,AIHS|AMBO|CD|CLPS|FINV|HTT|JFIN|LX|QFIN|XYF,AMBO|CD|CLPS|FINV|HTT|JFIN|LX|QFIN|XYF
YSG,10,10,5.75,-8.0,-17.37,0.0,2.3499999999999996,-6.145,3.4000000000000004,-1.8550000000000004,-21.59,1.0,COTY|EL|HLF|LCUT|NUS|PERI|PVH|SBH|THO|ULTA,COTY|EL|HLF|LCUT|NUS|PERI|PVH|SBH|THO|ULTA
YSXT,0,0,12.9,40.0,12.9,0.0,,,,,,,,
YTRA,10,10,0.0,7.75,9.47,0.0,-3.23,-12.719999999999999,3.23,20.47,17.68,0.7,ABNB|BKNG|CHH|EXPE|H|HLT|MAR|SABR|TCOM|TRIP,ABNB|BKNG|CHH|EXPE|H|HLT|MAR|SABR|TCOM|TRIP
YUM,10,10,3.87,-9.77,-6.71,0.26,-1.82,-12.535,5.69,2.7650000000000006,-5.47,0.9,BJRI|CMG|DPZ|DRI|EAT|MCD|QSR|SBUX|TXRH|WEN,BJRI|CMG|DPZ|DRI|EAT|MCD|QSR|SBUX|TXRH|WEN
YUMC,10,10,-0.05,-14.91,2.86,1.18,-1.5100000000000002,-14.06,1.4600000000000002,-0.8499999999999996,2.495,0.6,CMG|DPZ|DRI|JACK|MCD|QSR|RRGB|SBUX|SHAK|WEN,CMG|DPZ|DRI|JACK|MCD|QSR|RRGB|SBUX|SHAK|WEN
YXT,10,10,5.68,-18.52,-34.56,1.68,2.985,11.94,2.695,-30.46,-77.785,0.8,CRWD|DDOG|DOCN|ESTC|FROG|GWRE|HUBS|NOW|PD|TWLO,CRWD|DDOG|DOCN|ESTC|FROG|GWRE|HUBS|NOW|PD|TWLO
YYAI,10,10,6.16,-29.09,-99.43,-1.02,-1.8,-7.074999999999999,7.96,-22.015,-90.435,0.9,AMZN|DECK|HZO|LULU|PESI|PLCE|PLNT|RMD|RYTM|UA,AMZN|DECK|HZO|LULU|PESI|PLCE|PLNT|RMD|RYTM|UA
Z,10,6,-5.32,-21.03,-3.09,-0.52,-3.435,-20.185000000000002,-1.8850000000000002,-0.8449999999999989,13.215,0.16666666666666666,COMP|EXPI|HOUS|MMI|OPEN|RDFN|REAL|REZI|RMAX|ZG,COMP|MMI|OPEN|REAL|REZI|ZG
ZBAO,10,10,-19.91,-49.84,-81.93,-2.99,-0.10499999999999998,2.8899999999999997,-19.805,-52.730000000000004,-86.44500000000001,0.0,AAPL|AMZN|CSCO|GOOGL|INTC|META|MSFT|NVDA|ORCL|TSLA,AAPL|AMZN|CSCO|GOOGL|INTC|META|MSFT|NVDA|ORCL|TSLA
ZBH,9,9,-3.61,-9.37,-0.12,-0.03,-2.3,-6.14,-1.31,-3.2299999999999995,-0.8,0.2222222222222222,ABT|BSX|EW|JNJ|MDT|PODD|RMD|SYK|TFX,ABT|BSX|EW|JNJ|MDT|PODD|RMD|SYK|TFX
ZBIO,0,0,-8.32,-6.38,35.92,0.0,,,,,,,,
ZBRA,10,9,6.67,2.91,52.44,0.0,4.43,0.51,2.24,2.4000000000000004,38.589999999999996,0.7777777777777778,ADSK|ANSS|CDNS|GRMN|NTGR|PTC|RPD|SSYS|TDY|TRMB,ADSK|CDNS|GRMN|NTGR|PTC|RPD|SSYS|TDY|TRMB
ZCMD,9,9,21.86,31.96,-12.09,-2.78,-1.37,-9.1,23.23,41.06,-12.45,1.0,ACHV|APRE|ARWR|AXSM|BNTX|CLLS|CRSP|EDIT|FATE,ACHV|APRE|ARWR|AXSM|BNTX|CLLS|CRSP|EDIT|FATE
ZD,10,9,-4.03,2.42,16.89,0.0,-4.12,-8.24,0.08999999999999986,10.66,15.88,0.5555555555555556,AMZN|GOOG|IAC|META|NFLX|PINS|SNAP|SPOT|TRIP|TTD,AMZN|GOOG|META|NFLX|PINS|SNAP|SPOT|TRIP|TTD
ZDAI,10,10,-6.21,-11.38,-31.16,-8.64,-4.265000000000001,-2.1,-1.9449999999999994,-9.280000000000001,-66.755,0.3,ACN|CDW|CTSH|DXC|EPAM|GIB|HPQ|IBM|IT|LDOS,ACN|CDW|CTSH|DXC|EPAM|GIB|HPQ|IBM|IT|LDOS
ZDGE,10,9,-0.98,3.06,0.66,0.0,-0.29,-3.85,-0.69,6.91,8.14,0.4444444444444444,AAPL|BAND|CCOI|CSCO|MSFT|NVDA|SIFY|TTWO|TWO|TZOO,AAPL|BAND|CCOI|CSCO|MSFT|NVDA|SIFY|TTWO|TZOO
ZENA,0,0,-2.0,-19.67,5.0,-1.34,,,,,,,,
ZEO,10,8,47.74,28.81,-44.93,-4.21,-1.78,0.5349999999999999,49.52,28.275,-61.195,1.0,APA|COP|CVX|DVN|EOG|FANG|HES|MRO|OXY|XOM,APA|COP|CVX|DVN|EOG|FANG|OXY|XOM
ZEPP,10,10,-0.47,-15.03,-4.72,0.0,0.6,0.975,-1.0699999999999998,-16.005,-7.989999999999999,0.4,AAPL|AMZN|BBY|COST|GOOGL|GRMN|MU|NKE|RGR|SWBI,AAPL|AMZN|BBY|COST|GOOGL|GRMN|MU|NKE|RGR|SWBI
ZETA,10,10,-3.35,5.28,64.16,-1.47,-0.875,0.49,-2.475,4.79,19.095,0.2,ADBE|CRM|HUBS|MSFT|NOW|ORCL|PLTR|SHOP|TWLO|WDAY,ADBE|CRM|HUBS|MSFT|NOW|ORCL|PLTR|SHOP|TWLO|WDAY
ZG,9,7,-5.15,-21.6,-0.21,-0.92,-3.3,-18.77,-1.8500000000000005,-2.830000000000002,18.529999999999998,0.14285714285714285,CVNA|EXPI|OPEN|RDFN|REAL|REZI|RVLV|SFIX|SFM,CVNA|OPEN|REAL|REZI|RVLV|SFIX|SFM
ZGN,9,9,5.42,-10.25,-5.11,0.0,1.74,-5.76,3.6799999999999997,-4.49,13.600000000000001,1.0,COLM|CPRI|GOOS|LEVI|PVH|RL|TPR|UAA|VFC,COLM|CPRI|GOOS|LEVI|PVH|RL|TPR|UAA|VFC
ZH,10,10,11.54,10.13,17.97,-0.57,1.635,-7.035,9.905,17.165,13.029999999999998,1.0,BIDU|BILI|EDU|JD|JOYY|NTES|PDD|TAL|TME|WB,BIDU|BILI|EDU|JD|JOYY|NTES|PDD|TAL|TME|WB
ZIM,10,10,-0.5,7.58,17.09,0.39,-3.73,-1.32,3.23,8.9,-1.0500000000000007,1.0,CMRE|DAC|DSX|ESEA|GOGL|GSL|NMM|SBLK|SFL|STNG,CMRE|DAC|DSX|ESEA|GOGL|GSL|NMM|SBLK|SFL|STNG
ZION,10,9,-4.11,-6.76,-9.13,0.56,-3.44,-7.58,-0.6700000000000004,0.8200000000000003,-0.47000000000000064,0.1111111111111111,CMA|FHN|FITB|FLG|HBAN|KEY|PNC|RF|USB|WFC,FHN|FITB|FLG|HBAN|KEY|PNC|RF|USB|WFC
ZIP,10,8,-6.53,-21.15,8.16,0.0,-1.4649999999999999,-6.449999999999999,-5.065,-14.7,-4.015000000000001,0.125,BBSI|CTAS|DOYU|HSII|KFRC|MAN|MTCH|RHI|STAF|TTWO,BBSI|CTAS|DOYU|KFRC|MAN|MTCH|RHI|TTWO
ZJK,0,0,-2.34,-18.04,0.48,0.0,,,,,,,,
ZJYL,10,10,3.54,-25.99,-11.64,0.0,-2.215,-9.9,5.755,-16.089999999999996,-4.870000000000001,1.0,BUD|CCU|COKE|DEO|KO|MGPI|PEP|SAM|STZ|TAP,BUD|CCU|COKE|DEO|KO|MGPI|PEP|SAM|STZ|TAP
ZKH,10,10,-1.06,-5.74,8.56,-0.71,-1.6,-4.68,0.54,-1.0600000000000005,6.295,0.6,AAP|AMZN|BBY|FAST|GWW|HD|LOW|MSM|ORLY|TSCO,AAP|AMZN|BBY|FAST|GWW|HD|LOW|MSM|ORLY|TSCO
ZKIN,10,9,64.55,52.96,33.09,6.47,-2.45,0.56,67.0,52.4,18.940000000000005,1.0,CLF|CMC|FCX|GGB|MT|NUE|RS|STLD|TX|X,CLF|CMC|FCX|GGB|MT|NUE|RS|STLD|TX
ZLAB,10,9,-0.39,-1.76,38.82,-2.76,0.13,-2.61,-0.52,0.8499999999999999,23.9,0.2222222222222222,AMGN|BIIB|BMY|GILD|INCY|MRNA|NBIX|REGN|SAGE|VRTX,AMGN|BIIB|BMY|GILD|INCY|MRNA|NBIX|REGN|VRTX
ZM,10,10,0.09,-8.6,11.29,0.37,-1.615,2.3600000000000003,1.705,-10.96,-21.335,0.7,ADBE|CRM|CSCO|FIVN|GOOG|GOOGL|LOGI|MSFT|RNG|TEAM,ADBE|CRM|CSCO|FIVN|GOOG|GOOGL|LOGI|MSFT|RNG|TEAM
ZNB,10,10,2.94,-20.0,-70.07,1.45,-5.065,7.005,8.005,-27.005,-32.78999999999999,0.8,AEHL|ARTW|DLPN|DSS|DVLT|IPDN|IZEA|NCTY|SEGG|XELB,AEHL|ARTW|DLPN|DSS|DVLT|IPDN|IZEA|NCTY|SEGG|XELB
ZNTL,10,10,-11.09,-29.43,-27.75,-4.59,0.16999999999999998,-3.625,-11.26,-25.805,-42.065,0.0,AMGN|BIIB|BMY|GILD|JNJ|LLY|MRK|PFE|REGN|VRTX,AMGN|BIIB|BMY|GILD|JNJ|LLY|MRK|PFE|REGN|VRTX
ZONE,10,9,-0.83,-4.54,-82.35,-1.38,-2.15,-4.43,1.3199999999999998,-0.11000000000000032,-80.75999999999999,0.6666666666666666,AWK|CLH|CWST|ECL|ROL|RSG|SRCL|TMO|VRSK|WM,AWK|CLH|CWST|ECL|ROL|RSG|TMO|VRSK|WM
ZOOZ,9,8,5.87,19.16,32.85,-2.89,-6.535,-9.215,12.405000000000001,28.375,50.685,1.0,BEEM|BLNK|CHPT|ENPH|EVGO|FCEL|NOVA|PLUG|SEDG,BEEM|BLNK|CHPT|ENPH|EVGO|FCEL|PLUG|SEDG
ZS,10,9,7.58,26.14,71.6,-0.94,3.64,15.48,3.94,10.66,38.519999999999996,1.0,CHKP|CRWD|CYBR|FTNT|NET|OKTA|PANW|QLYS|TENB|VRNS,CHKP|CRWD|FTNT|NET|OKTA|PANW|QLYS|TENB|VRNS
ZTO,10,10,-4.94,-7.34,-9.04,1.12,-0.74,-6.74,-4.2,-0.5999999999999996,4.675000000000001,0.0,CHRW|EXPD|FDX|JBHT|KNX|LSTR|ODFL|SAIA|UPS|XPO,CHRW|EXPD|FDX|JBHT|KNX|LSTR|ODFL|SAIA|UPS|XPO
ZTS,6,5,-1.9,-7.32,-7.95,0.03,0.0,-4.52,-1.9,-2.8000000000000007,-6.34,0.2,ANIK|CTLT|ELAN|IDXX|KRYS|VTRS,ANIK|ELAN|IDXX|KRYS|VTRS
ZUMZ,9,9,2.77,-25.72,-28.05,0.0,2.22,-5.45,0.5499999999999998,-20.27,-18.72,0.5555555555555556,AEO|ANF|BCC|CCI|LULU|PLCE|ROST|TJX|URBN,AEO|ANF|BCC|CCI|LULU|PLCE|ROST|TJX|URBN
ZURA,10,10,-6.07,-31.27,1.64,0.0,0.020000000000000004,-3.505,-6.09,-27.765,-9.36,0.2,ALNY|AMGN|BIIB|BMRN|GILD|INCY|IONS|NBIX|REGN|VRTX,ALNY|AMGN|BIIB|BMRN|GILD|INCY|IONS|NBIX|REGN|VRTX
ZVIA,10,10,-3.01,-7.86,-12.84,0.0,-1.35,-8.915,-1.6599999999999997,1.0549999999999988,-8.605,0.2,BUD|CCU|CELH|FIZZ|KDP|KO|MNST|PEP|SAM|TAP,BUD|CCU|CELH|FIZZ|KDP|KO|MNST|PEP|SAM|TAP
ZVRA,10,9,-4.13,-5.73,-14.2,0.27,-0.13,-0.16,-4.0,-5.57,-21.869999999999997,0.3333333333333333,ALNY|BLUE|BMRN|EXEL|GILD|IONS|NBIX|REGN|SRPT|VRTX,ALNY|BMRN|EXEL|GILD|IONS|NBIX|REGN|SRPT|VRTX
ZWS,10,10,1.94,-4.26,-6.81,0.0,-0.2,-5.9,2.14,1.6400000000000006,-3.1599999999999997,0.8,AOS|AWK|BMI|CWCO|FOUR|PCYO|PNR|WMS|WTRG|XYL,AOS|AWK|BMI|CWCO|FOUR|PCYO|PNR|WMS|WTRG|XYL
ZYBT,0,0,-2.19,-29.1,76.06,-2.19,,,,,,,,
ZYME,10,10,4.8,-4.41,13.17,0.0,0.020000000000000004,-1.385,4.78,-3.0250000000000004,2.59,0.8,ALNY|AMGN|BIIB|EXEL|GILD|INCY|IONS|NBIX|REGN|VRTX,ALNY|AMGN|BIIB|EXEL|GILD|INCY|IONS|NBIX|REGN|VRTX
