Ticker,date,join,gen,sector,ab,peer,vol,heat,n_red,n_print,blue,white,alarm,fade,cond,region,points,setups,first_crack,rsi_b,relvol_b,sma20_b,short_b,gap_b,perf_w_b,earn_b,qc_delta,qc_analyst,qc_hot,ins_buy,ins_sell,peer_q,join_rank,join_up,ab_score,ab_up,ab_good,peer_good,vol_good,join_good,catal,sector_name,ret_1d,ret_2d,ret_3d,ret_1w,ret_2w,steady,fat,xs_1d,xs_2d,xs_3d,xs_1w,xs_2w
HIG,2026-08-19,good,bad,bad,missing,missing,missing,missing,2,4,False,False,False,False,bad,neutral,7,,False,mid,dead,below,low,flat,mid,missing,,missing,False,False,False,missing,,False,9.0,False,False,False,False,True,False,Financial,-0.298,-1.04,,,,False,False,0.32650000000000007,-1.1745,,,
ACGL,2026-08-19,good,bad,bad,missing,missing,missing,missing,2,4,False,False,False,False,bad,neutral,7,,False,mid,dead,below,low,flat,mid,missing,,missing,False,False,True,missing,,False,9.0,False,False,False,False,True,False,Financial,0.792,0.873,,,,False,False,1.4165,0.7384999999999999,,,
CB,2026-08-19,good,bad,bad,missing,missing,missing,missing,2,4,False,False,False,False,bad,neutral,7,,False,mid,normal,below,low,flat,mid,missing,,missing,False,False,False,missing,,False,5.0,False,False,False,False,True,False,Financial,0.572,0.021,,,,False,False,1.1965,-0.1135,,,
AFL,2026-08-19,good,bad,bad,missing,missing,missing,missing,2,4,False,False,False,False,bad,neutral,7,,False,mid,normal,below,low,flat,mid,missing,,missing,False,False,True,missing,,False,2.0,False,False,False,False,True,False,Financial,-0.292,-0.378,,,,False,False,0.3325000000000001,-0.5125,,,
BRK-B,2026-08-19,good,bad,bad,missing,missing,missing,missing,2,4,False,False,False,False,bad,neutral,7,,False,mid,normal,below,low,flat,mid,missing,,missing,False,False,False,missing,,False,6.0,False,False,False,False,True,False,Financial,-0.552,-0.761,,,,False,False,0.07250000000000001,-0.8955,,,
PDD,2026-08-19,good,bad,bad,missing,missing,missing,missing,2,4,False,False,False,False,bad,neutral,7,,False,mid,dead,below,low,flat,mid,missing,,missing,False,False,False,missing,,False,-5.0,False,False,False,False,True,False,Consumer Cyclical,-0.754,-2.018,,,,False,False,-0.12949999999999995,-2.1525,,,
NTES,2026-08-19,good,bad,bad,missing,missing,missing,missing,2,4,False,False,False,False,bad,neutral,7,,False,mid,normal,below,low,flat,mid,missing,,missing,False,False,False,missing,,False,7.0,False,False,False,False,True,False,Communication Services,-5.847,0.723,,,,False,False,-5.2225,0.5885,,,
TRV,2026-08-19,good,bad,bad,missing,missing,missing,missing,2,4,False,False,False,False,bad,neutral,7,,False,mid,dead,below,mid,flat,mid,missing,,missing,False,False,False,missing,,False,6.0,False,False,False,False,True,False,Financial,0.627,0.375,,,,False,False,1.2515,0.2405,,,
MDT,2026-08-19,good,bad,good,missing,missing,missing,missing,1,4,False,False,False,False,good,neutral,9,,False,overbought,dead,above,low,flat,mid,missing,,missing,False,False,False,missing,,False,4.0,False,False,False,False,True,False,Healthcare,-1.944,-0.829,,,,False,False,-1.3195,-0.9635,,,
ACN,2026-08-19,good,bad,bad,missing,missing,missing,missing,2,4,False,False,False,False,bad,neutral,7,,False,mid,normal,above,mid,flat,mid,missing,,missing,False,False,True,missing,,False,1.0,False,False,False,False,True,False,Technology,-0.994,1.152,,,,False,False,-0.36949999999999994,1.0174999999999998,,,
BEKE,2026-08-19,good,bad,bad,missing,missing,missing,missing,2,4,False,False,False,False,bad,neutral,7,,False,mid,dead,above,low,flat,mid,missing,,missing,False,False,False,missing,,False,9.0,False,False,False,False,True,False,Real Estate,-2.244,2.129,,,,False,False,-1.6195000000000002,1.9945,,,
CBOE,2026-08-19,good,bad,bad,missing,missing,missing,missing,2,4,False,False,False,False,bad,neutral,7,,False,mid,dead,above,mid,flat,mid,missing,,missing,False,False,False,missing,,False,11.0,False,False,False,False,True,False,Financial,4.759,7.12,,,,False,False,5.383500000000001,6.9855,,,
JKHY,2026-08-19,good,bad,bad,missing,missing,missing,missing,2,4,False,False,False,False,bad,neutral,7,,False,mid,normal,above,mid,flat,mid,missing,,missing,False,False,False,missing,,False,10.0,False,False,False,False,True,False,Technology,1.239,1.926,,,,False,False,1.8635000000000002,1.7914999999999999,,,
CTSH,2026-08-19,good,bad,bad,missing,missing,missing,missing,2,4,False,False,False,False,bad,neutral,7,,False,mid,dead,above,high,flat,mid,missing,,missing,False,False,False,missing,,False,-1.0,False,False,False,False,True,False,Technology,-0.016,1.543,,,,False,False,0.6085,1.4084999999999999,,,
O,2026-08-19,good,bad,bad,missing,missing,missing,missing,2,4,False,False,False,False,bad,neutral,7,,False,mid,dead,below,mid,flat,mid,missing,,missing,False,False,False,missing,,False,5.0,False,False,False,False,True,False,Real Estate,0.349,-0.556,,,,False,False,0.9735,-0.6905000000000001,,,
GL,2026-08-19,good,bad,bad,missing,missing,missing,missing,2,4,False,False,False,False,bad,neutral,7,,False,mid,dead,below,low,flat,mid,missing,,missing,False,False,False,missing,,False,7.0,False,False,False,False,True,False,Financial,-0.566,-0.222,,,,False,False,0.05850000000000011,-0.35650000000000004,,,
WTW,2026-08-19,good,bad,bad,missing,missing,missing,missing,2,4,False,False,False,False,bad,neutral,7,,False,mid,dead,above,mid,flat,mid,missing,,missing,False,False,False,missing,,False,9.0,False,False,False,False,True,False,Financial,1.696,1.947,,,,False,False,2.3205,1.8125,,,
LIN,2026-08-19,good,bad,bad,missing,missing,missing,missing,2,4,False,False,False,False,bad,neutral,7,,False,mid,normal,below,low,flat,mid,missing,,missing,False,False,False,missing,,False,9.0,False,False,False,False,True,False,Basic Materials,0.033,1.339,,,,False,False,0.6575000000000001,1.2045,,,
ALL,2026-08-19,good,bad,bad,missing,missing,missing,missing,2,4,False,False,False,False,bad,neutral,7,,False,mid,dead,above,low,flat,mid,missing,,missing,False,False,True,missing,,False,8.0,False,False,False,False,True,False,Financial,-2.002,-2.275,,,,False,False,-1.3774999999999997,-2.4095,,,
STE,2026-08-19,good,bad,good,missing,missing,missing,missing,1,4,False,False,False,False,good,neutral,9,,False,mid,dead,above,mid,flat,mid,missing,,missing,False,False,False,missing,,False,10.0,False,False,False,False,True,False,Healthcare,-0.494,0.431,,,,True,False,0.13050000000000006,0.2965,,,
ES,2026-08-19,good,bad,good,missing,missing,missing,missing,1,4,False,False,False,False,good,neutral,9,,False,mid,dead,below,low,flat,mid,missing,,missing,False,False,False,missing,,False,6.0,False,False,False,False,True,False,Utilities,0.222,-2.473,,,,True,False,0.8465,-2.6075,,,
WRB,2026-08-19,good,bad,bad,missing,missing,missing,missing,2,4,False,False,False,False,bad,neutral,7,,False,mid,dead,below,mid,flat,mid,missing,,missing,False,False,False,missing,,False,10.0,False,False,False,False,True,False,Financial,-0.618,-1.451,,,,False,False,0.006500000000000061,-1.5855000000000001,,,
CME,2026-08-19,good,bad,bad,missing,missing,missing,missing,2,4,False,False,False,False,bad,neutral,7,,False,mid,dead,above,low,flat,mid,missing,,missing,False,False,False,missing,,False,10.0,False,False,False,False,True,False,Financial,1.472,3.012,,,,False,False,2.0965,2.8775,,,
PHM,2026-08-19,good,bad,bad,missing,missing,missing,missing,2,4,False,False,False,False,bad,neutral,7,,False,mid,dead,below,mid,flat,mid,missing,,missing,False,False,False,missing,,False,9.0,False,False,False,False,True,False,Consumer Cyclical,-2.303,-1.286,,,,False,False,-1.6784999999999999,-1.4205,,,
MTB,2026-08-19,good,bad,bad,missing,missing,missing,missing,2,4,False,False,False,False,bad,neutral,7,,False,mid,dead,above,mid,flat,mid,missing,,missing,False,False,False,missing,,False,4.0,False,False,False,False,True,False,Financial,-2.576,-1.722,,,,False,False,-1.9515,-1.8565,,,
PGR,2026-08-19,good,bad,bad,missing,missing,missing,missing,2,4,False,False,False,False,bad,neutral,7,,False,mid,normal,below,low,flat,mid,missing,,missing,False,False,False,missing,,False,6.0,False,False,False,False,True,False,Financial,1.413,0.925,,,,False,False,2.0375,0.7905,,,
AIG,2026-08-19,good,bad,bad,missing,missing,missing,missing,2,4,False,False,False,False,bad,neutral,7,,False,mid,dead,below,low,flat,mid,missing,,missing,False,True,True,missing,,False,1.0,False,False,False,False,True,False,Financial,0.066,0.555,,,,False,False,0.6905000000000001,0.42050000000000004,,,
TRI,2026-08-19,good,bad,good,missing,missing,missing,missing,1,4,False,False,False,False,good,neutral,9,,False,mid,hot,above,high,flat,mid,missing,,missing,False,False,False,missing,,False,8.0,False,False,False,False,True,False,Industrials,0.886,0.553,,,,True,False,1.5105,0.41850000000000004,,,
RMD,2026-08-19,good,bad,good,missing,missing,missing,missing,1,4,False,False,False,False,good,neutral,9,,False,mid,dead,above,high,flat,mid,missing,,missing,False,False,False,missing,,False,3.0,False,False,False,False,True,False,Healthcare,-0.674,0.665,,,,True,False,-0.04949999999999999,0.5305,,,
ATO,2026-08-19,good,bad,good,missing,missing,missing,missing,1,4,False,False,False,False,good,neutral,9,,False,mid,dead,below,low,flat,mid,missing,,missing,False,False,False,missing,,False,3.0,False,False,False,False,True,False,Utilities,-0.461,-2.603,,,,True,False,0.16350000000000003,-2.7375000000000003,,,
ED,2026-08-19,good,bad,good,missing,missing,missing,missing,1,4,False,False,False,False,good,neutral,9,,False,mid,hot,below,mid,flat,mid,missing,,missing,False,False,False,missing,,False,11.0,False,False,False,False,True,False,Utilities,0.287,-1.528,,,,True,False,0.9115,-1.6625,,,
BABA,2026-08-19,good,bad,bad,missing,missing,missing,missing,2,4,False,False,False,False,bad,neutral,7,,False,mid,normal,above,low,flat,mid,missing,,missing,False,False,True,missing,,False,-2.0,False,False,False,False,True,False,Consumer Cyclical,1.265,-7.417,,,,False,False,1.8895,-7.5515,,,
VICI,2026-08-19,good,bad,bad,missing,missing,missing,missing,2,4,False,False,False,False,bad,neutral,7,,False,mid,dead,below,low,flat,mid,missing,,missing,False,False,False,missing,,False,6.0,False,False,False,False,True,False,Real Estate,0.758,0.531,,,,False,False,1.3825,0.3965,,,
CVS,2026-08-19,good,bad,good,missing,missing,missing,missing,1,4,False,False,False,False,good,neutral,9,,False,mid,dead,below,low,flat,mid,missing,,missing,False,False,False,missing,,False,12.0,False,False,False,False,True,False,Healthcare,0.0,-0.673,,,,True,False,0.6245,-0.8075000000000001,,,
REG,2026-08-19,good,bad,bad,missing,missing,missing,missing,2,4,False,False,False,False,bad,neutral,7,,False,mid,dead,below,low,flat,mid,missing,,missing,False,False,False,missing,,False,9.0,False,False,False,False,True,False,Real Estate,0.144,-0.445,,,,False,False,0.7685000000000001,-0.5795,,,
MKC,2026-08-19,good,bad,good,missing,missing,missing,missing,1,4,False,False,False,False,good,neutral,9,,False,mid,dead,above,mid,flat,mid,missing,,missing,False,False,False,missing,,False,11.0,False,False,False,False,True,False,Consumer Defensive,-2.231,-1.894,,,,True,False,-1.6064999999999998,-2.0284999999999997,,,
MO,2026-08-19,good,bad,good,missing,missing,missing,missing,1,4,False,False,False,False,good,neutral,9,,False,mid,normal,below,mid,flat,mid,missing,,missing,False,False,False,missing,,False,4.0,False,False,False,False,True,False,Consumer Defensive,1.378,0.091,,,,True,False,2.0025,-0.04350000000000001,,,
TT,2026-08-19,good,bad,good,missing,missing,missing,missing,1,4,False,False,False,False,good,neutral,9,,False,mid,dead,below,low,flat,mid,missing,,missing,False,False,False,missing,,False,5.0,False,False,False,False,True,False,Industrials,-0.962,-0.45,,,,True,False,-0.3374999999999999,-0.5845,,,
REGN,2026-08-19,good,bad,good,missing,missing,missing,missing,1,4,False,False,False,False,good,neutral,9,,False,overbought,dead,above,mid,flat,mid,missing,,missing,False,False,False,missing,,False,8.0,False,False,False,False,True,False,Healthcare,-1.689,-0.809,,,,False,False,-1.0645,-0.9435,,,
ABEV,2026-08-19,good,bad,good,missing,missing,missing,missing,1,4,False,False,False,False,good,neutral,9,,False,oversold,dead,below,low,flat,mid,missing,,missing,False,False,True,missing,,False,3.0,False,False,False,False,True,False,Consumer Defensive,0.712,2.491,,,,False,False,1.3365,2.3565,,,
AEE,2026-08-19,good,bad,good,missing,missing,missing,missing,1,4,False,False,False,False,good,neutral,9,,False,mid,dead,above,mid,flat,mid,missing,,missing,False,False,True,missing,,False,5.0,False,False,False,False,True,False,Utilities,-0.448,-2.883,,,,False,False,0.17650000000000005,-3.0175,,,
LULU,2026-08-19,good,bad,bad,missing,missing,missing,missing,2,4,False,False,False,False,bad,neutral,7,,False,mid,normal,above,high,flat,mid,missing,,missing,False,False,False,missing,,False,5.0,False,False,False,False,True,False,Consumer Cyclical,-3.148,1.356,,,,False,False,-2.5235000000000003,1.2215,,,
FHB,2026-08-19,good,bad,bad,missing,missing,missing,missing,2,4,False,False,False,False,bad,neutral,7,,False,mid,dead,below,high,flat,mid,missing,,missing,False,False,False,missing,,False,4.0,False,False,False,False,True,False,Financial,-0.598,-1.681,,,,False,False,0.02650000000000008,-1.8155000000000001,,,
TROW,2026-08-19,good,bad,bad,missing,missing,missing,missing,2,4,False,False,False,False,bad,neutral,7,,False,mid,dead,below,high,flat,mid,missing,,missing,False,False,False,missing,,False,6.0,False,False,False,False,True,False,Financial,-0.036,-0.642,,,,False,False,0.5885,-0.7765,,,
HLN,2026-08-19,good,bad,good,missing,missing,missing,missing,1,4,False,False,False,False,good,neutral,9,,False,mid,normal,below,low,flat,mid,missing,,missing,False,False,False,missing,,False,10.0,False,False,False,False,True,False,Healthcare,0.0,1.317,,,,True,False,0.6245,1.1824999999999999,,,
V,2026-08-19,good,bad,bad,missing,missing,missing,missing,2,4,False,False,False,False,bad,neutral,7,,False,mid,normal,above,low,flat,mid,missing,,missing,False,False,False,missing,,False,11.0,False,False,False,False,True,False,Financial,0.052,1.505,,,,False,False,0.6765000000000001,1.3704999999999998,,,
BF-B,2026-08-19,good,bad,good,missing,missing,missing,missing,1,4,False,False,False,False,good,neutral,9,,False,mid,dead,below,high,flat,mid,missing,,missing,False,False,False,missing,,False,8.0,False,False,False,False,True,False,Consumer Defensive,-0.07,0.035,,,,True,False,0.5545,-0.0995,,,
IBN,2026-08-19,good,bad,bad,missing,missing,missing,missing,2,4,False,False,False,False,bad,neutral,7,,False,mid,dead,below,low,flat,mid,missing,,missing,False,False,False,missing,,False,13.0,False,False,False,False,True,False,Financial,0.781,1.596,,,,False,False,1.4055,1.4615,,,
TCBI,2026-08-19,good,bad,bad,missing,missing,missing,missing,2,4,False,False,False,False,bad,neutral,7,,False,mid,normal,above,high,flat,mid,missing,,missing,False,False,False,missing,,False,3.0,False,False,False,False,True,False,Financial,-0.163,0.102,,,,False,False,0.4615,-0.032500000000000015,,,
EQT,2026-08-19,good,bad,good,missing,missing,missing,missing,1,4,False,False,False,False,good,neutral,9,,False,mid,normal,above,low,flat,mid,missing,,missing,False,False,False,missing,,False,5.0,False,False,False,False,True,False,Energy,0.466,0.149,,,,True,False,1.0905,0.014499999999999985,,,
GRMN,2026-08-19,good,bad,bad,missing,missing,missing,missing,2,4,False,False,False,False,bad,neutral,7,,False,mid,normal,above,low,flat,mid,missing,,missing,False,False,False,missing,,False,6.0,False,False,False,False,True,False,Technology,-0.873,-0.277,,,,False,False,-0.24849999999999994,-0.41150000000000003,,,
UDR,2026-08-19,good,bad,bad,missing,missing,missing,missing,2,4,False,False,False,False,bad,neutral,7,,False,mid,normal,below,low,flat,mid,missing,,missing,False,False,False,missing,,False,3.0,False,False,False,False,True,False,Real Estate,0.48,0.693,,,,False,False,1.1045,0.5585,,,
BCE,2026-08-19,good,bad,bad,missing,missing,missing,missing,2,4,False,False,False,False,bad,neutral,7,,False,mid,dead,above,mid,flat,mid,missing,,missing,False,False,False,missing,,False,10.0,False,False,False,False,True,False,Communication Services,0.338,0.042,,,,False,False,0.9625000000000001,-0.0925,,,
EXE,2026-08-19,good,bad,good,missing,missing,missing,missing,1,4,False,False,False,False,good,neutral,9,,False,mid,dead,above,mid,flat,mid,missing,,missing,False,False,False,missing,,False,5.0,False,False,False,False,True,False,Energy,0.042,0.062,,,,True,False,0.6665000000000001,-0.07250000000000001,,,
FFIV,2026-08-19,good,bad,bad,missing,missing,missing,missing,2,4,False,False,False,False,bad,neutral,7,,False,mid,dead,below,low,flat,mid,missing,,missing,False,False,False,missing,,False,4.0,False,False,False,False,True,False,Technology,-1.265,0.523,,,,False,False,-0.6404999999999998,0.3885,,,
T,2026-08-19,good,bad,bad,missing,missing,missing,missing,2,4,False,False,False,False,bad,neutral,7,,False,mid,dead,above,low,flat,mid,missing,,missing,False,False,False,missing,,False,7.0,False,False,False,False,True,False,Communication Services,0.119,0.677,,,,False,False,0.7435,0.5425,,,
CPRT,2026-08-19,good,bad,good,missing,missing,missing,missing,1,4,False,False,False,False,good,neutral,9,,False,mid,normal,above,mid,flat,extended,missing,,missing,False,False,False,missing,,False,10.0,False,False,False,False,True,False,Industrials,1.418,-0.148,,,,False,False,2.0425,-0.2825,,,
CPT,2026-08-19,good,bad,bad,missing,missing,missing,missing,2,4,False,False,False,False,bad,neutral,7,,False,mid,dead,below,mid,flat,mid,missing,,missing,False,False,False,missing,,False,4.0,False,False,False,False,True,False,Real Estate,-0.443,-0.747,,,,False,False,0.18150000000000005,-0.8815,,,
ODFL,2026-08-19,good,bad,good,missing,missing,missing,missing,1,4,False,False,False,False,good,neutral,9,,False,mid,dead,below,mid,flat,mid,missing,,missing,False,False,False,missing,,False,0.0,False,False,False,False,True,False,Industrials,-0.273,0.678,,,,True,False,0.35150000000000003,0.5435000000000001,,,
ELV,2026-08-19,good,bad,good,missing,missing,missing,missing,1,4,False,False,False,False,good,neutral,9,,False,mid,dead,above,low,flat,mid,missing,,missing,False,False,False,missing,,False,10.0,False,False,False,False,True,False,Healthcare,-0.545,0.525,,,,True,False,0.07950000000000002,0.3905,,,
FAST,2026-08-19,good,bad,good,missing,missing,missing,missing,1,4,False,False,False,False,good,neutral,9,,False,mid,dead,above,mid,flat,mid,missing,,missing,False,False,False,missing,,False,7.0,False,False,False,False,True,False,Industrials,-1.516,-0.35,,,,True,False,-0.8915,-0.4845,,,
NOC,2026-08-19,good,bad,good,missing,missing,missing,missing,1,4,False,False,False,False,good,neutral,9,,False,mid,dead,above,low,flat,mid,missing,,missing,False,False,False,missing,,False,12.0,False,False,False,False,True,False,Industrials,-3.256,-5.458,,,,True,False,-2.6315,-5.5925,,,
CI,2026-08-19,good,bad,good,missing,missing,missing,missing,1,4,False,False,False,False,good,neutral,9,,False,mid,dead,below,low,flat,mid,missing,,missing,False,False,False,missing,,False,7.0,False,False,False,False,True,False,Healthcare,-1.096,0.022,,,,True,False,-0.47150000000000003,-0.11250000000000002,,,
VRSN,2026-08-19,good,bad,bad,missing,missing,missing,missing,2,4,False,False,False,False,bad,neutral,7,,False,mid,dead,below,low,flat,mid,missing,,missing,False,False,False,missing,,False,1.0,False,False,False,False,True,False,Technology,1.417,3.212,,,,False,False,2.0415,3.0775,,,
PM,2026-08-19,good,bad,good,missing,missing,missing,missing,1,4,False,False,False,False,good,neutral,9,,False,mid,normal,below,low,flat,mid,missing,,missing,False,False,False,missing,,False,12.0,False,False,False,False,True,False,Consumer Defensive,0.837,-0.895,,,,True,False,1.4615,-1.0295,,,
SYK,2026-08-19,good,bad,good,missing,missing,missing,missing,1,4,False,False,False,False,good,neutral,9,,False,mid,normal,below,low,flat,mid,missing,,missing,False,False,False,missing,,False,8.0,False,False,False,False,True,False,Healthcare,-3.612,-3.097,,,,True,False,-2.9875,-3.2315,,,
ATHM,2026-08-19,good,bad,bad,missing,missing,missing,missing,2,4,False,False,False,False,bad,neutral,7,,False,mid,normal,below,mid,down,mid,missing,,missing,False,False,True,missing,,False,-5.0,False,False,False,False,True,False,Communication Services,-1.601,-1.157,,,,False,False,-0.9764999999999999,-1.2915,,,
MET,2026-08-19,good,bad,bad,missing,missing,missing,missing,2,4,False,False,False,False,bad,neutral,7,,False,mid,dead,above,low,flat,mid,missing,,missing,False,False,False,missing,,False,6.0,False,False,False,False,True,False,Financial,-1.735,-0.81,,,,False,False,-1.1105,-0.9445000000000001,,,
COP,2026-08-19,good,bad,good,missing,missing,missing,missing,1,4,False,False,True,False,good,neutral,9,,False,mid,dead,above,low,flat,mid,missing,,missing,False,False,False,missing,,False,7.0,False,False,False,False,True,False,Energy,3.301,3.285,,,,False,False,3.9255000000000004,3.1505,,,
DHR,2026-08-19,good,bad,good,missing,missing,missing,missing,1,4,False,False,False,False,good,neutral,9,,False,mid,dead,above,low,flat,mid,missing,,missing,False,False,False,missing,,False,8.0,False,False,False,False,True,False,Healthcare,2.085,3.475,,,,True,False,2.7095000000000002,3.3405,,,
NICE,2026-08-19,good,bad,bad,missing,missing,missing,missing,2,4,False,False,False,False,bad,neutral,7,,False,mid,normal,above,mid,flat,mid,missing,,missing,False,False,False,missing,,False,11.0,False,False,False,False,True,False,Technology,-0.555,-0.684,,,,False,False,0.0695,-0.8185,,,
PNW,2026-08-19,good,bad,good,missing,missing,missing,missing,1,4,False,False,False,False,good,neutral,9,,False,mid,dead,below,high,flat,mid,missing,,missing,False,False,False,missing,,False,5.0,False,False,False,False,True,False,Utilities,-0.05,-2.082,,,,True,False,0.5745,-2.2165,,,
VRTX,2026-08-19,good,bad,good,missing,missing,missing,missing,1,4,False,False,False,False,good,neutral,9,,False,mid,normal,above,low,flat,mid,missing,,missing,False,False,False,missing,,False,3.0,False,False,False,False,True,False,Healthcare,-2.137,-0.726,,,,True,False,-1.5125,-0.8605,,,
KMB,2026-08-19,good,bad,good,missing,missing,missing,missing,1,4,False,False,False,False,good,neutral,9,,False,mid,dead,below,high,flat,mid,missing,,missing,False,False,False,missing,,False,9.0,False,False,False,False,True,False,Consumer Defensive,-1.083,-0.519,,,,True,False,-0.4584999999999999,-0.6535,,,
KIM,2026-08-19,good,bad,bad,missing,missing,missing,missing,2,4,False,False,False,False,bad,neutral,7,,False,mid,dead,below,mid,flat,mid,missing,,missing,False,False,False,missing,,False,10.0,False,False,False,False,True,False,Real Estate,-0.658,-1.234,,,,False,False,-0.033499999999999974,-1.3685,,,
CHD,2026-08-19,good,bad,good,missing,missing,missing,missing,1,4,False,False,False,False,good,neutral,9,,False,mid,dead,below,mid,flat,mid,missing,,missing,False,False,False,missing,,False,5.0,False,False,False,False,True,False,Consumer Defensive,-1.616,-0.212,,,,True,False,-0.9915,-0.34650000000000003,,,
CINF,2026-08-19,good,bad,bad,missing,missing,missing,missing,2,4,False,False,False,False,bad,neutral,7,,False,mid,dead,below,low,flat,mid,missing,,missing,False,False,False,missing,,False,-3.0,False,False,False,False,True,False,Financial,-0.178,-0.119,,,,False,False,0.44650000000000006,-0.2535,,,
TFC,2026-08-19,good,bad,bad,missing,missing,missing,missing,2,4,False,False,False,False,bad,neutral,7,,False,mid,dead,below,low,flat,mid,missing,,missing,False,False,False,missing,,False,12.0,False,False,False,False,True,False,Financial,-1.452,-1.079,,,,False,False,-0.8274999999999999,-1.2135,,,
TECH,2026-08-19,good,bad,good,missing,missing,missing,missing,1,4,False,False,False,False,good,neutral,9,,False,overbought,normal,above,mid,flat,mid,missing,,missing,False,False,False,missing,,False,10.0,False,False,False,False,True,False,Healthcare,-0.276,-0.221,,,,False,False,0.34850000000000003,-0.35550000000000004,,,
DECK,2026-08-19,good,bad,bad,missing,missing,missing,missing,2,4,False,False,False,False,bad,neutral,7,,False,mid,dead,below,mid,flat,mid,missing,,missing,False,False,False,missing,,False,8.0,False,False,False,False,True,False,Consumer Cyclical,-2.959,0.12,,,,False,False,-2.3345000000000002,-0.014500000000000013,,,
FDS,2026-08-19,good,bad,bad,missing,missing,missing,missing,2,4,False,False,False,False,bad,neutral,7,,False,mid,dead,above,high,flat,mid,missing,,missing,False,False,False,missing,,False,11.0,False,False,False,False,True,False,Financial,0.657,0.607,,,,False,False,1.2815,0.4725,,,
ORLY,2026-08-19,good,bad,bad,missing,missing,missing,missing,2,4,False,False,False,False,bad,neutral,7,,False,mid,dead,above,mid,flat,mid,missing,,missing,False,False,False,missing,,False,2.0,False,False,False,False,True,False,Consumer Cyclical,-2.325,-2.292,,,,False,False,-1.7005000000000001,-2.4265,,,
AES,2026-08-19,good,bad,good,missing,missing,missing,missing,1,4,False,False,False,False,good,neutral,9,,False,mid,dead,below,low,flat,mid,missing,,missing,False,False,False,missing,,False,6.0,False,False,False,False,True,False,Utilities,0.476,0.476,,,,True,False,1.1005,0.34149999999999997,,,
AON,2026-08-19,good,bad,bad,missing,missing,missing,missing,2,4,False,False,False,False,bad,neutral,7,,False,mid,dead,below,low,flat,mid,missing,,missing,False,False,True,missing,,False,9.0,False,False,False,False,True,False,Financial,1.005,1.917,,,,False,False,1.6295,1.7825,,,
APA,2026-08-19,good,bad,good,missing,missing,missing,missing,1,4,False,False,True,False,good,neutral,9,,False,mid,normal,above,high,flat,mid,missing,,missing,False,False,True,missing,,False,4.0,False,False,False,False,True,False,Energy,2.163,-0.138,,,,False,False,2.7874999999999996,-0.2725,,,
VMRK,2026-08-19,good,bad,bad,missing,missing,missing,missing,2,4,False,False,False,False,bad,neutral,7,,False,mid,normal,below,low,flat,mid,missing,,missing,False,False,False,missing,,False,-4.0,False,False,False,False,True,False,Real Estate,1.228,3.792,,,,False,False,1.8525,3.6574999999999998,,,
PCG,2026-08-19,good,bad,good,missing,missing,missing,missing,1,4,False,False,False,False,good,neutral,9,,False,mid,normal,above,low,flat,mid,missing,,missing,False,False,False,missing,,False,7.0,False,False,False,False,True,False,Utilities,1.756,-0.283,,,,True,False,2.3805,-0.4175,,,
OXY,2026-08-19,good,bad,good,missing,missing,missing,missing,1,4,False,False,True,False,good,neutral,9,,False,mid,normal,above,low,flat,mid,missing,,missing,False,False,False,missing,,False,10.0,False,False,False,False,True,False,Energy,2.38,2.014,,,,False,False,3.0045,1.8794999999999997,,,
TSN,2026-08-19,good,bad,good,missing,missing,missing,missing,1,4,False,False,False,False,good,neutral,9,,False,mid,dead,below,mid,flat,mid,missing,,missing,False,False,False,missing,,False,7.0,False,False,False,False,True,False,Consumer Defensive,-0.256,-0.12,,,,True,False,0.36850000000000005,-0.2545,,,
ROP,2026-08-19,good,bad,bad,missing,missing,missing,missing,2,4,False,False,False,False,bad,neutral,7,,False,mid,dead,above,mid,flat,mid,missing,,missing,False,False,False,missing,,False,10.0,False,False,False,False,True,False,Technology,0.768,1.097,,,,False,False,1.3925,0.9624999999999999,,,
BZ,2026-08-19,good,bad,bad,missing,missing,missing,missing,2,4,False,False,False,False,bad,neutral,7,,False,mid,normal,below,mid,flat,mid,missing,,missing,False,False,False,missing,,False,9.0,False,False,False,False,True,False,Communication Services,-1.866,-0.808,,,,False,False,-1.2415,-0.9425000000000001,,,
TS,2026-08-19,good,bad,good,missing,missing,missing,missing,1,4,False,False,False,False,good,neutral,9,,False,mid,normal,below,low,flat,mid,missing,,missing,False,False,False,missing,,False,10.0,False,False,False,False,True,False,Energy,-0.772,-0.81,,,,True,False,-0.14749999999999996,-0.9445000000000001,,,
RF,2026-08-19,good,bad,bad,missing,missing,missing,missing,2,4,False,False,False,False,bad,neutral,7,,False,mid,dead,above,mid,flat,mid,missing,,missing,False,False,False,missing,,False,13.0,False,False,False,False,True,False,Financial,-1.21,-0.588,,,,False,False,-0.5854999999999999,-0.7224999999999999,,,
EVRG,2026-08-19,good,bad,good,missing,missing,missing,missing,1,4,False,False,False,False,good,neutral,9,,False,mid,normal,below,high,flat,mid,missing,,missing,False,False,False,missing,,False,11.0,False,False,False,False,True,False,Utilities,-0.503,-3.183,,,,True,False,0.12150000000000005,-3.3175,,,
COST,2026-08-19,good,bad,good,missing,missing,missing,missing,1,4,False,False,False,False,good,neutral,9,,False,mid,dead,above,low,flat,mid,missing,,missing,False,False,False,missing,,False,5.0,False,False,False,False,True,False,Consumer Defensive,-2.454,-0.967,,,,True,False,-1.8295000000000001,-1.1015,,,
CTVA,2026-08-19,good,bad,bad,missing,missing,missing,missing,2,4,False,False,False,False,bad,neutral,7,,False,mid,normal,below,low,flat,mid,missing,,missing,False,False,False,missing,,False,3.0,False,False,False,False,True,False,Basic Materials,1.133,4.098,,,,False,False,1.7575,3.9635,,,
FOX,2026-08-19,good,bad,bad,missing,missing,missing,missing,2,4,False,False,False,False,bad,neutral,7,,False,overbought,dead,above,high,flat,extended,missing,,missing,False,False,False,missing,,False,6.0,False,False,False,False,True,False,Communication Services,0.099,1.093,,,,False,False,0.7235,0.9584999999999999,,,
L,2026-08-19,good,bad,bad,missing,missing,missing,missing,2,4,False,False,False,False,bad,neutral,7,,False,mid,dead,below,low,flat,mid,missing,,missing,False,False,False,missing,,False,7.0,False,False,False,False,True,False,Financial,-0.441,-1.223,,,,False,False,0.18350000000000005,-1.3575000000000002,,,
ZBH,2026-08-19,good,bad,good,missing,missing,missing,missing,1,4,False,False,False,False,good,neutral,9,,False,mid,dead,above,mid,flat,mid,missing,,missing,False,False,False,missing,,False,9.0,False,False,False,False,True,False,Healthcare,-1.757,0.238,,,,True,False,-1.1324999999999998,0.10349999999999998,,,
RJF,2026-08-19,good,bad,bad,missing,missing,missing,missing,2,4,False,False,False,False,bad,neutral,7,,False,mid,dead,above,mid,flat,mid,missing,,missing,False,False,False,missing,,False,8.0,False,False,False,False,True,False,Financial,-3.136,-1.534,,,,False,False,-2.5115,-1.6685,,,
YUMC,2026-08-19,good,bad,bad,missing,missing,missing,missing,2,4,False,False,False,False,bad,neutral,7,,False,mid,dead,above,low,flat,mid,missing,,missing,False,False,False,missing,,False,6.0,False,False,False,False,True,False,Consumer Cyclical,2.732,4.077,,,,False,False,3.3565000000000005,3.9425,,,
KVUE,2026-08-19,good,bad,good,missing,missing,missing,missing,1,4,False,False,False,False,good,neutral,9,,False,mid,normal,below,mid,flat,mid,missing,,missing,False,False,False,missing,,False,3.0,False,False,False,False,True,False,Consumer Defensive,-1.045,-0.366,,,,True,False,-0.4204999999999999,-0.5005,,,
FNV,2026-08-19,good,bad,bad,missing,missing,missing,missing,2,4,False,False,False,False,bad,neutral,7,,False,mid,dead,above,low,flat,mid,missing,,missing,False,False,False,missing,,False,1.0,False,False,False,False,True,False,Basic Materials,2.816,5.843,,,,False,False,3.4405,5.7085,,,
RIO,2026-08-19,good,bad,bad,missing,missing,missing,missing,2,4,False,False,False,False,bad,neutral,7,,False,mid,normal,below,low,flat,mid,missing,,missing,False,False,False,missing,,False,2.0,False,False,False,False,True,False,Basic Materials,1.722,4.839,,,,False,False,2.3465,4.7045,,,
MRSH,2026-08-19,good,bad,bad,missing,missing,missing,missing,2,4,False,False,False,False,bad,neutral,7,,False,mid,dead,below,low,flat,mid,missing,,missing,False,False,False,missing,,False,7.0,False,False,False,False,True,False,Financial,0.534,1.485,,,,False,False,1.1585,1.3505,,,
FOXA,2026-08-19,good,bad,bad,missing,missing,missing,missing,2,4,False,False,False,False,bad,neutral,7,,False,overbought,dead,above,high,flat,extended,missing,,missing,False,False,False,missing,,False,9.0,False,False,False,False,True,False,Communication Services,0.0,0.853,,,,False,False,0.6245,0.7184999999999999,,,
BSX,2026-08-19,good,bad,good,missing,missing,missing,missing,1,4,False,False,False,False,good,neutral,9,,False,mid,dead,above,low,flat,mid,missing,,missing,False,False,False,missing,,False,5.0,False,False,False,False,True,False,Healthcare,-5.076,-3.153,,,,True,False,-4.451499999999999,-3.2875,,,
TYL,2026-08-19,good,bad,bad,missing,missing,missing,missing,2,4,True,False,False,False,bad,neutral,7,,False,mid,dead,above,high,flat,mid,missing,,missing,False,False,False,missing,,False,6.0,False,False,False,False,True,False,Technology,0.363,1.11,,,,False,False,0.9875,0.9755,,,
GOOG,2026-08-19,good,bad,bad,missing,missing,missing,missing,2,4,False,False,False,False,bad,neutral,7,,False,mid,dead,below,low,flat,mid,missing,,missing,False,False,False,missing,,False,5.0,False,False,False,False,True,False,Communication Services,-1.024,0.015,,,,False,False,-0.39949999999999997,-0.11950000000000001,,,
GOOGL,2026-08-19,good,bad,bad,missing,missing,missing,missing,2,4,False,False,False,False,bad,neutral,7,,False,mid,dead,below,low,flat,mid,missing,,missing,False,False,False,missing,,False,6.0,False,False,False,False,True,False,Communication Services,-1.175,0.029,,,,False,False,-0.5505,-0.10550000000000001,,,
NVO,2026-08-19,good,bad,good,missing,missing,missing,missing,1,4,False,False,False,False,good,neutral,9,,False,mid,normal,below,low,flat,mid,missing,,missing,False,False,False,missing,,False,7.0,False,False,False,False,True,False,Healthcare,-0.731,0.559,,,,True,False,-0.10649999999999993,0.42450000000000004,,,
CTAS,2026-08-19,good,bad,good,missing,missing,missing,missing,1,4,False,False,False,False,good,neutral,9,,False,mid,dead,below,mid,flat,mid,missing,,missing,False,False,False,missing,,False,6.0,False,False,False,False,True,False,Industrials,0.217,0.35,,,,True,False,0.8415,0.21549999999999997,,,
MCK,2026-08-19,good,bad,good,missing,missing,missing,missing,1,4,False,False,False,False,good,neutral,9,,False,mid,dead,above,mid,flat,mid,missing,,missing,False,False,False,missing,,False,7.0,False,False,False,False,True,False,Healthcare,-1.752,0.608,,,,True,False,-1.1275,0.4735,,,
ESNT,2026-08-19,good,bad,bad,missing,missing,missing,missing,2,4,False,False,False,False,bad,neutral,7,,False,mid,dead,above,mid,flat,mid,missing,,missing,False,False,False,missing,,False,9.0,False,False,False,False,True,False,Financial,-0.739,-1.405,,,,False,False,-0.11449999999999994,-1.5395,,,
AME,2026-08-19,good,bad,good,missing,missing,missing,missing,1,4,False,False,False,False,good,neutral,9,,False,mid,normal,above,low,flat,mid,missing,,missing,False,False,True,missing,,False,8.0,False,False,False,False,True,False,Industrials,-1.702,-1.509,,,,False,False,-1.0775,-1.6435,,,
SCHW,2026-08-19,good,bad,bad,missing,missing,missing,missing,2,4,False,False,False,False,bad,neutral,7,,False,overbought,dead,above,low,flat,mid,missing,,missing,False,False,False,missing,,False,6.0,False,False,False,False,True,False,Financial,-0.983,1.281,,,,False,False,-0.35849999999999993,1.1464999999999999,,,
ADM,2026-08-19,good,bad,good,missing,missing,missing,missing,1,4,False,False,False,False,good,neutral,9,,False,mid,normal,above,mid,flat,mid,missing,,missing,False,False,True,missing,,False,7.0,False,False,False,False,True,False,Consumer Defensive,1.164,-0.57,,,,False,False,1.7885,-0.7044999999999999,,,
FRT,2026-08-19,good,bad,bad,missing,missing,missing,missing,2,4,False,False,False,False,bad,neutral,7,,False,mid,dead,below,mid,flat,mid,missing,,missing,False,False,False,missing,,False,10.0,False,False,False,False,True,False,Real Estate,-0.264,-0.698,,,,False,False,0.36050000000000004,-0.8325,,,
JNJ,2026-08-19,good,bad,good,missing,missing,missing,missing,1,4,False,False,False,False,good,neutral,9,,False,mid,normal,above,low,flat,mid,missing,,missing,False,False,False,missing,,False,10.0,False,False,False,False,True,False,Healthcare,-2.209,-1.159,,,,True,False,-1.5845,-1.2935,,,
TW,2026-08-19,good,bad,bad,missing,missing,missing,missing,2,4,False,False,False,False,bad,neutral,7,,False,mid,dead,above,mid,flat,mid,missing,,missing,False,False,False,missing,,False,6.0,False,False,False,False,True,False,Financial,2.711,3.621,,,,False,False,3.3354999999999997,3.4865,,,
NEE,2026-08-19,good,bad,good,missing,missing,missing,missing,1,4,True,False,False,False,good,good,10,,False,mid,normal,below,mid,flat,mid,missing,,missing,False,False,False,missing,,False,6.0,False,False,False,False,True,False,Utilities,-1.024,-2.631,,,,True,False,-0.39949999999999997,-2.7655,,,
DUK,2026-08-19,good,bad,good,missing,missing,missing,missing,1,4,False,False,False,False,good,neutral,9,,False,mid,normal,below,low,flat,mid,missing,,missing,False,False,False,missing,,False,7.0,False,False,False,False,True,False,Utilities,-0.736,-3.034,,,,True,False,-0.11149999999999993,-3.1685,,,
FTS,2026-08-19,good,bad,good,missing,missing,missing,missing,1,4,False,False,False,False,good,neutral,9,,False,mid,normal,below,low,flat,mid,missing,,missing,False,False,False,missing,,False,13.0,False,False,False,False,True,False,Utilities,0.018,-2.365,,,,True,False,0.6425000000000001,-2.4995000000000003,,,
TTE,2026-08-19,good,bad,good,missing,missing,missing,missing,1,4,False,False,False,False,good,neutral,9,,False,mid,normal,above,low,flat,mid,missing,,missing,False,False,False,missing,,False,10.0,False,False,False,False,True,False,Energy,0.922,-0.2,,,,True,False,1.5465,-0.3345,,,
CAH,2026-08-19,good,bad,good,missing,missing,missing,missing,1,4,False,False,False,False,good,neutral,9,,False,mid,normal,above,low,flat,mid,missing,,missing,False,False,False,missing,,False,10.0,False,False,False,False,True,False,Healthcare,-2.721,-2.274,,,,True,False,-2.0965,-2.4085,,,
WPM,2026-08-19,good,bad,bad,missing,missing,missing,missing,2,4,False,False,False,False,bad,neutral,7,,False,mid,normal,above,low,flat,mid,missing,,missing,False,False,False,missing,,False,9.0,False,False,False,False,True,False,Basic Materials,2.048,7.162,,,,False,False,2.6725000000000003,7.0275,,,
DVN,2026-08-19,good,bad,good,missing,missing,missing,missing,1,4,False,False,True,False,good,neutral,9,,False,mid,normal,above,low,flat,mid,missing,,missing,False,False,False,missing,,False,13.0,False,False,False,False,True,False,Energy,2.303,1.888,,,,False,False,2.9275,1.7534999999999998,,,
LYB,2026-08-19,good,bad,bad,missing,missing,missing,missing,2,4,False,False,False,False,bad,neutral,7,,False,mid,dead,above,mid,flat,mid,missing,,missing,False,False,False,missing,,False,-1.0,False,False,False,False,True,False,Basic Materials,3.088,2.225,,,,False,False,3.7125000000000004,2.0905,,,
ADI,2026-08-19,good,bad,bad,missing,missing,missing,missing,2,4,False,False,False,False,bad,neutral,7,,False,mid,normal,below,low,flat,mid,missing,,missing,False,False,True,missing,,False,8.0,False,False,False,False,True,False,Technology,-0.809,-0.046,,,,False,False,-0.1845,-0.1805,,,
BRO,2026-08-19,good,bad,bad,missing,missing,missing,missing,2,4,False,False,False,False,bad,neutral,7,,False,mid,dead,above,mid,flat,mid,missing,,missing,False,False,False,missing,,False,2.0,False,False,False,False,True,False,Financial,0.825,2.0,,,,False,False,1.4495,1.8655,,,
G,2026-08-19,good,bad,bad,missing,missing,missing,missing,2,4,False,False,False,False,bad,neutral,7,,False,mid,dead,above,mid,flat,mid,missing,,missing,False,False,False,missing,,False,7.0,False,False,False,False,True,False,Technology,1.456,2.033,,,,False,False,2.0805,1.8984999999999999,,,
VZ,2026-08-19,good,bad,bad,missing,missing,missing,missing,2,4,False,False,False,False,bad,neutral,7,,False,mid,dead,above,low,flat,mid,missing,,missing,False,False,False,missing,,False,9.0,False,False,False,False,True,False,Communication Services,-0.344,0.182,,,,False,False,0.2805000000000001,0.04749999999999999,,,
WEC,2026-08-19,good,bad,good,missing,missing,missing,missing,1,4,False,False,False,False,good,neutral,9,,False,mid,dead,above,mid,flat,mid,missing,,missing,False,False,False,missing,,False,8.0,False,False,False,False,True,False,Utilities,-0.759,-3.046,,,,True,False,-0.13449999999999995,-3.1805,,,
ORI,2026-08-19,good,bad,bad,missing,missing,missing,missing,2,4,False,False,False,False,bad,neutral,7,,False,mid,normal,below,mid,flat,mid,missing,,missing,False,False,False,missing,,False,7.0,False,False,False,False,True,False,Financial,-0.191,-0.716,,,,False,False,0.43350000000000005,-0.8505,,,
FTV,2026-08-19,good,bad,bad,missing,missing,missing,missing,2,4,False,False,False,False,bad,neutral,7,,False,mid,dead,below,mid,flat,mid,missing,,missing,False,False,False,missing,,False,7.0,False,False,False,False,True,False,Technology,0.849,2.003,,,,False,False,1.4735,1.8685,,,
WDS,2026-08-19,good,bad,good,missing,missing,missing,missing,1,4,False,False,False,False,good,neutral,9,,False,mid,dead,above,low,flat,mid,missing,,missing,False,False,False,missing,,False,8.0,False,False,False,False,True,False,Energy,0.963,1.842,,,,True,False,1.5875,1.7075,,,
TRMD,2026-08-19,good,bad,good,missing,missing,missing,missing,1,4,False,False,False,False,good,neutral,9,,False,mid,dead,above,low,flat,mid,missing,,missing,False,False,False,missing,,False,3.0,False,False,False,False,True,False,Energy,0.291,2.68,,,,True,False,0.9155,2.5455,,,
BMY,2026-08-19,good,bad,good,missing,missing,missing,missing,1,4,False,False,False,False,good,neutral,9,,False,mid,normal,above,low,flat,mid,missing,,missing,False,False,False,missing,,False,13.0,False,False,False,False,True,False,Healthcare,-3.165,-0.887,,,,True,False,-2.5404999999999998,-1.0215,,,
PBA,2026-08-19,good,bad,good,missing,missing,missing,missing,1,4,False,False,False,False,good,neutral,9,,False,mid,dead,below,low,flat,mid,missing,,missing,False,False,False,missing,,False,7.0,False,False,False,False,True,False,Energy,1.34,0.433,,,,True,False,1.9645000000000001,0.2985,,,
CF,2026-08-19,good,bad,bad,missing,missing,missing,missing,2,4,False,False,False,False,bad,neutral,7,,False,mid,dead,below,mid,flat,mid,missing,,missing,False,False,False,missing,,False,2.0,False,False,False,False,True,False,Basic Materials,5.613,8.889,,,,False,False,6.237500000000001,8.7545,,,
RACE,2026-08-19,good,bad,bad,missing,missing,missing,missing,2,4,False,False,False,False,bad,neutral,7,,False,mid,dead,above,low,flat,mid,missing,,missing,False,False,False,missing,,False,14.0,False,False,False,False,True,False,Consumer Cyclical,0.75,2.672,,,,False,False,1.3745,2.5375,,,
MTG,2026-08-19,good,bad,bad,missing,missing,missing,missing,2,4,False,False,False,False,bad,neutral,7,,False,mid,dead,above,mid,flat,mid,missing,,missing,False,False,False,missing,,False,4.0,False,False,False,False,True,False,Financial,-0.551,0.065,,,,False,False,0.07350000000000001,-0.0695,,,
WMT,2026-08-19,good,bad,good,missing,missing,missing,missing,1,4,False,False,False,False,good,neutral,9,,False,mid,normal,above,low,flat,mid,missing,,missing,False,False,False,missing,,False,7.0,False,False,False,False,True,False,Consumer Defensive,-9.151,-9.057,,,,True,False,-8.5265,-9.1915,,,
AWK,2026-08-19,good,bad,good,missing,missing,missing,missing,1,4,False,False,False,False,good,neutral,9,,False,mid,dead,above,mid,flat,mid,missing,,missing,False,False,False,missing,,False,15.0,False,False,False,False,True,False,Utilities,-1.081,-2.393,,,,True,False,-0.4564999999999999,-2.5275,,,
KEY,2026-08-19,good,bad,bad,missing,missing,missing,missing,2,4,False,False,False,False,bad,neutral,7,,False,mid,normal,below,mid,flat,mid,missing,,missing,False,False,False,missing,,False,8.0,False,False,False,False,True,False,Financial,-1.131,-1.041,,,,False,False,-0.5065,-1.1755,,,
DD,2026-08-19,good,bad,bad,missing,missing,missing,missing,2,4,False,False,False,False,bad,neutral,7,,False,mid,dead,below,mid,flat,mid,missing,,missing,False,False,False,missing,,False,15.0,False,False,False,False,True,False,Basic Materials,-0.873,-0.966,,,,False,False,-0.24849999999999994,-1.1005,,,
SPGI,2026-08-19,good,bad,bad,missing,missing,missing,missing,2,4,False,False,False,False,bad,neutral,7,,False,mid,dead,above,mid,flat,mid,missing,,missing,False,False,False,missing,,False,11.0,False,False,False,False,True,False,Financial,1.289,1.085,,,,False,False,1.9135,0.9504999999999999,,,
HTHT,2026-08-19,good,bad,bad,missing,missing,missing,missing,2,4,False,False,False,False,bad,neutral,7,,False,mid,normal,above,mid,flat,extended,missing,,missing,False,False,False,missing,,False,6.0,False,False,False,False,True,False,Consumer Cyclical,1.955,1.173,,,,False,False,2.5795000000000003,1.0385,,,
HST,2026-08-19,good,bad,bad,missing,missing,missing,missing,2,4,False,False,False,False,bad,neutral,7,,False,mid,dead,below,mid,flat,mid,missing,,missing,False,False,False,missing,,False,3.0,False,False,False,False,True,False,Real Estate,,,,,,False,False,,,,,
HSY,2026-08-19,good,bad,good,missing,missing,missing,missing,1,4,False,False,False,False,good,neutral,9,,False,mid,dead,above,mid,flat,mid,missing,,missing,False,False,False,missing,,False,15.0,False,False,False,False,True,False,Consumer Defensive,-0.254,-1.234,,,,True,False,0.37050000000000005,-1.3685,,,
HSBC,2026-08-19,good,bad,bad,missing,missing,missing,missing,2,4,False,False,False,False,bad,neutral,7,,False,mid,normal,below,low,flat,mid,missing,,missing,False,False,False,missing,,False,10.0,False,False,False,False,True,False,Financial,0.029,1.808,,,,False,False,0.6535000000000001,1.6735,,,
PNR,2026-08-19,good,bad,good,missing,missing,missing,missing,1,4,False,False,False,False,good,neutral,9,,False,mid,normal,below,mid,flat,mid,missing,,missing,False,False,False,missing,,False,0.0,False,False,False,False,True,False,Industrials,-2.76,-1.814,,,,True,False,-2.1354999999999995,-1.9485000000000001,,,
USB,2026-08-19,good,bad,bad,missing,missing,missing,missing,2,4,False,False,False,False,bad,neutral,7,,False,mid,dead,above,low,flat,mid,missing,,missing,False,False,False,missing,,False,9.0,False,False,False,False,True,False,Financial,-1.656,-1.226,,,,False,False,-1.0314999999999999,-1.3605,,,
CHKP,2026-08-19,good,bad,bad,missing,missing,missing,missing,2,4,False,False,False,False,bad,neutral,7,,False,mid,dead,above,mid,flat,mid,missing,,missing,False,False,False,missing,,False,7.0,False,False,False,False,True,False,Technology,-1.534,-1.36,,,,False,False,-0.9095,-1.4945000000000002,,,
TLK,2026-08-19,good,bad,bad,missing,missing,missing,missing,2,4,False,False,False,False,bad,neutral,7,,False,mid,dead,below,low,flat,mid,missing,,missing,False,False,False,missing,,False,-1.0,False,False,False,False,True,False,Communication Services,-0.271,1.696,,,,False,False,0.35350000000000004,1.5614999999999999,,,
HRL,2026-08-19,good,bad,good,missing,missing,missing,missing,1,4,False,False,False,False,good,neutral,9,,False,mid,normal,below,mid,flat,mid,missing,,missing,False,False,False,missing,,False,10.0,False,False,False,False,True,False,Consumer Defensive,-1.352,-2.171,,,,True,False,-0.7275,-2.3055,,,
BKR,2026-08-19,good,bad,good,missing,missing,missing,missing,1,4,False,False,False,False,good,neutral,9,,False,mid,dead,above,low,flat,mid,missing,,missing,False,False,False,missing,,False,12.0,False,False,False,False,True,False,Energy,-2.636,-3.319,,,,True,False,-2.0115,-3.4535,,,
GEHC,2026-08-19,good,bad,good,missing,missing,missing,missing,1,4,False,False,False,False,good,neutral,9,,False,mid,dead,above,mid,flat,mid,missing,,missing,False,False,False,missing,,False,15.0,False,False,False,False,True,False,Healthcare,-0.75,0.268,,,,True,False,-0.12549999999999994,0.1335,,,
XOM,2026-08-19,good,bad,good,missing,missing,missing,missing,1,4,False,False,True,False,good,neutral,9,,False,overbought,normal,above,low,flat,mid,missing,,missing,False,False,False,missing,,False,4.0,False,False,False,False,True,False,Energy,0.838,0.206,,,,False,False,1.4625,0.07149999999999998,,,
GGG,2026-08-19,good,bad,good,missing,missing,missing,missing,1,4,False,False,False,False,good,neutral,9,,False,mid,dead,above,mid,flat,mid,missing,,missing,False,False,False,missing,,False,3.0,False,False,False,False,True,False,Industrials,-1.185,-2.479,,,,True,False,-0.5605,-2.6135,,,
RSG,2026-08-19,good,bad,good,missing,missing,missing,missing,1,4,False,False,False,False,good,neutral,9,,False,mid,normal,above,low,flat,mid,missing,,missing,False,False,False,missing,,False,11.0,False,False,False,False,True,False,Industrials,-0.697,-0.167,,,,True,False,-0.0724999999999999,-0.3015,,,
IR,2026-08-19,good,bad,good,missing,missing,missing,missing,1,4,False,False,False,False,good,neutral,9,,False,mid,dead,below,mid,flat,mid,missing,,missing,False,False,False,missing,,False,5.0,False,False,False,False,True,False,Industrials,-2.231,-0.776,,,,True,False,-1.6064999999999998,-0.9105000000000001,,,
SHEL,2026-08-19,good,bad,good,missing,missing,missing,missing,1,4,False,False,False,False,good,neutral,9,,False,mid,normal,above,low,flat,mid,missing,,missing,False,False,False,missing,,False,10.0,False,False,False,False,True,False,Energy,0.949,0.604,,,,True,False,1.5735000000000001,0.4695,,,
WST,2026-08-19,good,bad,good,missing,missing,missing,missing,1,4,False,False,False,False,good,neutral,9,,False,mid,dead,above,mid,flat,mid,missing,,missing,False,False,False,missing,,False,9.0,False,False,False,False,True,False,Healthcare,0.278,0.082,,,,True,False,0.9025000000000001,-0.052500000000000005,,,
EIX,2026-08-19,good,bad,good,missing,missing,missing,missing,1,4,False,False,False,False,good,neutral,9,,False,mid,normal,above,mid,flat,mid,missing,,missing,False,False,False,missing,,False,5.0,False,False,False,False,True,False,Utilities,1.661,-2.519,,,,True,False,2.2855,-2.6535,,,
PYPL,2026-08-19,good,bad,bad,missing,missing,missing,missing,2,4,False,False,False,False,bad,neutral,7,,False,overbought,normal,above,mid,flat,mid,missing,,missing,False,False,False,missing,,False,9.0,False,False,False,False,True,False,Financial,1.714,0.49,,,,False,False,2.3385,0.3555,,,
ICE,2026-08-19,good,bad,bad,missing,missing,missing,missing,2,4,False,False,False,False,bad,neutral,7,,False,mid,dead,above,low,flat,mid,missing,,missing,False,False,False,missing,,False,9.0,False,False,False,False,True,False,Financial,0.871,2.55,,,,False,False,1.4955,2.4154999999999998,,,
UTHR,2026-08-19,good,bad,good,missing,missing,missing,missing,1,4,False,False,False,False,good,neutral,9,,False,mid,dead,below,mid,flat,mid,missing,,missing,False,False,False,missing,,False,-1.0,False,False,False,False,True,False,Healthcare,-1.538,-3.028,,,,True,False,-0.9135,-3.1625,,,
CNA,2026-08-19,good,bad,bad,missing,missing,missing,missing,2,4,False,False,False,False,bad,neutral,7,,False,mid,dead,below,low,flat,mid,missing,,missing,False,False,False,missing,,False,7.0,False,False,False,False,True,False,Financial,-0.722,-1.726,,,,False,False,-0.09749999999999992,-1.8605,,,
AXS,2026-08-19,good,bad,bad,missing,missing,missing,missing,2,4,False,False,False,False,bad,neutral,7,,False,mid,dead,below,low,flat,mid,missing,,missing,False,False,True,missing,,False,5.0,False,False,False,False,True,False,Financial,0.051,0.183,,,,False,False,0.6755000000000001,0.04849999999999999,,,
D,2026-08-19,good,bad,good,missing,missing,missing,missing,1,4,False,False,False,False,good,neutral,9,,False,mid,dead,above,mid,flat,mid,missing,,missing,False,False,False,missing,,False,12.0,False,False,False,False,True,False,Utilities,-1.201,-2.475,,,,True,False,-0.5765,-2.6095,,,
VLTO,2026-08-19,good,bad,good,missing,missing,missing,missing,1,4,False,False,False,False,good,neutral,9,,False,mid,dead,above,low,flat,mid,missing,,missing,False,False,False,missing,,False,10.0,False,False,False,False,True,False,Industrials,-0.639,-1.329,,,,True,False,-0.014499999999999957,-1.4635,,,
INVH,2026-08-19,good,bad,bad,missing,missing,missing,missing,2,4,False,False,False,False,bad,neutral,7,,False,mid,dead,below,low,flat,mid,missing,,missing,False,False,False,missing,,False,11.0,False,False,False,False,True,False,Real Estate,0.232,-0.298,,,,False,False,0.8565,-0.4325,,,
KHC,2026-08-19,good,bad,good,missing,missing,missing,missing,1,4,False,False,False,False,good,neutral,9,,False,mid,dead,below,mid,flat,mid,missing,,missing,False,False,False,missing,,False,8.0,False,False,False,False,True,False,Consumer Defensive,-0.428,-0.389,,,,True,False,0.19650000000000006,-0.5235000000000001,,,
PEP,2026-08-19,good,bad,good,missing,missing,missing,missing,1,4,False,False,False,False,good,neutral,9,,False,mid,normal,above,low,flat,mid,missing,,missing,False,False,False,missing,,False,7.0,False,False,False,False,True,False,Consumer Defensive,-0.351,0.631,,,,True,False,0.2735000000000001,0.4965,,,
KO,2026-08-19,good,bad,good,missing,missing,missing,missing,1,4,False,False,False,False,good,neutral,9,,False,mid,normal,above,low,flat,mid,missing,,missing,False,False,False,missing,,False,11.0,False,False,False,False,True,False,Consumer Defensive,0.166,0.83,,,,True,False,0.7905000000000001,0.6955,,,
INFY,2026-08-19,good,bad,bad,missing,missing,missing,missing,2,4,False,False,False,False,bad,neutral,7,,False,mid,normal,below,mid,flat,mid,missing,,missing,False,False,False,missing,,False,-2.0,False,False,False,False,True,False,Technology,-1.663,-0.748,,,,False,False,-1.0385,-0.8825000000000001,,,
AMP,2026-08-19,good,bad,bad,missing,missing,missing,missing,2,4,False,False,False,False,bad,neutral,7,,False,mid,dead,above,mid,flat,mid,missing,,missing,False,False,True,missing,,False,10.0,False,False,False,False,True,False,Financial,-2.267,-0.749,,,,False,False,-1.6424999999999998,-0.8835,,,
NTCT,2026-08-19,good,bad,bad,missing,missing,missing,missing,2,4,False,False,False,False,bad,neutral,7,,False,mid,dead,below,mid,flat,mid,missing,,missing,False,False,False,missing,,False,7.0,False,False,False,False,True,False,Technology,-0.808,0.365,,,,False,False,-0.1835,0.23049999999999998,,,
CVX,2026-08-19,good,bad,good,missing,missing,missing,missing,1,4,False,False,True,False,good,neutral,9,,False,mid,normal,above,low,flat,mid,missing,,missing,False,False,False,missing,,False,9.0,False,False,False,False,True,False,Energy,0.005,-0.238,,,,False,False,0.6295000000000001,-0.3725,,,
BAC,2026-08-19,good,bad,bad,missing,missing,missing,missing,2,4,False,False,True,False,bad,neutral,7,,False,mid,normal,above,low,flat,mid,missing,,missing,False,True,True,missing,,False,6.0,False,False,False,False,True,False,Financial,-2.074,-2.343,,,,False,False,-1.4494999999999998,-2.4775,,,
B,2026-08-19,good,bad,bad,missing,missing,missing,missing,2,4,False,False,False,False,bad,neutral,7,,False,mid,normal,above,low,flat,mid,missing,,missing,False,False,False,missing,,False,5.0,False,False,False,False,True,False,Basic Materials,2.526,5.473,,,,False,False,3.1505,5.3385,,,
VIPS,2026-08-19,good,bad,bad,missing,missing,missing,missing,2,4,True,False,False,False,bad,neutral,7,,False,mid,dead,below,low,flat,mid,missing,,missing,False,False,False,missing,,False,7.0,False,False,False,False,True,False,Consumer Cyclical,-1.038,0.554,,,,False,False,-0.4135,0.41950000000000004,,,
EXC,2026-08-19,good,bad,good,missing,missing,missing,missing,1,4,False,False,False,False,good,neutral,9,,False,mid,dead,below,mid,flat,mid,missing,,missing,False,False,False,missing,,False,4.0,False,False,False,False,True,False,Utilities,-0.53,-3.355,,,,True,False,0.09450000000000003,-3.4895,,,
TAL,2026-08-19,good,bad,good,missing,missing,missing,missing,1,4,False,False,False,False,good,neutral,9,,False,mid,dead,above,mid,flat,mid,missing,,missing,False,False,False,missing,,False,4.0,False,False,False,False,True,False,Consumer Defensive,-5.363,-6.601,,,,True,False,-4.7385,-6.7355,,,
CMCSA,2026-08-19,good,bad,bad,missing,missing,missing,missing,2,4,False,False,False,False,bad,neutral,7,,False,mid,dead,above,low,flat,mid,missing,,missing,False,False,False,missing,,False,11.0,False,False,False,False,True,False,Communication Services,-0.639,0.978,,,,False,False,-0.014499999999999957,0.8434999999999999,,,
GSK,2026-08-19,good,bad,good,missing,missing,missing,missing,1,4,False,False,False,False,good,neutral,9,,False,mid,normal,below,low,flat,mid,missing,,missing,False,False,False,missing,,False,9.0,False,False,False,False,True,False,Healthcare,-1.74,-0.889,,,,True,False,-1.1155,-1.0235,,,
GS,2026-08-19,good,bad,bad,missing,missing,missing,missing,2,4,False,False,False,False,bad,neutral,7,,False,mid,normal,below,low,flat,mid,missing,,missing,False,False,False,missing,,False,4.0,False,False,False,False,True,False,Financial,-1.928,1.726,,,,False,False,-1.3034999999999999,1.5915,,,
INCY,2026-08-19,good,bad,good,missing,missing,missing,missing,1,4,False,False,False,False,good,neutral,9,,False,mid,dead,above,mid,flat,mid,missing,,missing,False,False,False,missing,,False,3.0,False,False,False,False,True,False,Healthcare,-0.973,-0.514,,,,True,False,-0.3484999999999999,-0.6485000000000001,,,
SYF,2026-08-19,good,bad,bad,missing,missing,missing,missing,2,4,False,False,False,False,bad,neutral,7,,False,mid,dead,above,mid,flat,mid,missing,,missing,False,False,False,missing,,False,8.0,False,False,False,False,True,False,Financial,-3.655,-0.188,,,,False,False,-3.0305,-0.3225,,,
GEV,2026-08-19,good,bad,good,missing,missing,missing,missing,1,4,False,False,False,False,good,neutral,9,,False,mid,normal,above,mid,flat,mid,missing,,missing,False,False,False,missing,,False,5.0,False,False,False,False,True,False,Industrials,-2.172,-3.1,,,,True,False,-1.5475,-3.2345,,,
FCF,2026-08-19,good,bad,bad,missing,missing,missing,missing,2,4,False,False,False,False,bad,neutral,7,,False,mid,dead,below,mid,flat,mid,missing,,missing,False,False,False,missing,,False,6.0,False,False,False,False,True,False,Financial,0.902,0.142,,,,False,False,1.5265,0.007499999999999979,,,
KMI,2026-08-19,good,bad,good,missing,missing,missing,missing,1,4,False,False,False,False,good,neutral,9,,False,mid,normal,above,low,flat,mid,missing,,missing,False,False,False,missing,,False,11.0,False,False,False,False,True,False,Energy,-1.465,-3.429,,,,True,False,-0.8405,-3.5635,,,
EOG,2026-08-19,good,bad,good,missing,missing,missing,missing,1,4,False,False,True,False,good,neutral,9,,False,mid,dead,above,mid,flat,mid,missing,,missing,False,False,False,missing,,False,9.0,False,False,False,False,True,False,Energy,1.813,2.388,,,,False,False,2.4375,2.2535,,,
WFC,2026-08-19,good,bad,bad,missing,missing,missing,missing,2,4,False,False,True,False,bad,neutral,7,,False,mid,dead,below,low,flat,mid,missing,,missing,False,False,False,missing,,False,7.0,False,False,False,False,True,False,Financial,-2.606,-2.444,,,,False,False,-1.9814999999999998,-2.5785,,,
NGG,2026-08-19,good,bad,good,missing,missing,missing,missing,1,4,False,False,False,False,good,neutral,9,,False,mid,hot,above,low,flat,mid,missing,,missing,False,False,False,missing,,False,7.0,False,False,False,False,True,False,Utilities,-0.05,-1.116,,,,True,False,0.5745,-1.2505000000000002,,,
HII,2026-08-19,good,bad,good,missing,missing,missing,missing,1,4,False,False,False,False,good,neutral,9,,False,mid,dead,above,low,flat,mid,missing,,missing,False,False,False,missing,,False,7.0,False,False,False,False,True,False,Industrials,-3.323,-4.349,,,,True,False,-2.6985,-4.4835,,,
MAA,2026-08-19,good,bad,bad,missing,missing,missing,missing,2,4,False,False,False,False,bad,neutral,7,,False,mid,dead,below,mid,flat,mid,missing,,missing,False,False,False,missing,,False,2.0,False,False,False,False,True,False,Real Estate,0.449,-0.122,,,,False,False,1.0735000000000001,-0.2565,,,
SOLV,2026-08-19,good,bad,good,missing,missing,missing,missing,1,4,False,False,False,False,good,neutral,9,,False,mid,dead,above,low,flat,mid,missing,,missing,False,False,False,missing,,False,15.0,False,False,False,False,True,False,Healthcare,0.911,2.004,,,,True,False,1.5355,1.8695,,,
PPL,2026-08-19,good,bad,good,missing,missing,missing,missing,1,4,False,False,False,False,good,neutral,9,,False,mid,dead,above,mid,flat,mid,missing,,missing,False,False,False,missing,,False,3.0,False,False,False,False,True,False,Utilities,-0.817,-3.128,,,,True,False,-0.1924999999999999,-3.2625,,,
PNC,2026-08-19,good,bad,bad,missing,missing,missing,missing,2,4,False,False,False,False,bad,neutral,7,,False,mid,dead,above,low,flat,mid,missing,,missing,False,False,False,missing,,False,13.0,False,False,False,False,True,False,Financial,-1.964,-1.351,,,,False,False,-1.3395,-1.4855,,,
PLD,2026-08-19,good,bad,bad,missing,missing,missing,missing,2,4,False,False,False,False,bad,neutral,7,,False,mid,dead,below,low,flat,mid,missing,,missing,False,False,False,missing,,False,9.0,False,False,False,False,True,False,Real Estate,-0.439,0.354,,,,False,False,0.18550000000000005,0.21949999999999997,,,
LNT,2026-08-19,good,bad,good,missing,missing,missing,missing,1,4,False,False,False,False,good,neutral,9,,False,mid,dead,below,high,flat,mid,missing,,missing,False,False,False,missing,,False,11.0,False,False,False,False,True,False,Utilities,-0.984,-3.264,,,,True,False,-0.35949999999999993,-3.3985,,,
CBSH,2026-08-19,good,bad,bad,missing,missing,missing,missing,2,4,False,False,False,False,bad,neutral,7,,False,mid,dead,above,mid,flat,mid,missing,,missing,False,False,False,missing,,False,8.0,False,False,False,False,True,False,Financial,-0.119,-0.832,,,,False,False,0.5055000000000001,-0.9664999999999999,,,
SHOP,2026-08-19,good,bad,bad,missing,missing,missing,missing,2,4,False,False,False,False,bad,neutral,7,,False,mid,dead,above,low,flat,mid,missing,,missing,False,False,False,missing,,False,11.0,False,False,False,False,True,False,Technology,0.409,1.822,,,,False,False,1.0335,1.6875,,,
WM,2026-08-19,good,bad,good,missing,missing,missing,missing,1,4,False,False,False,False,good,neutral,9,,False,mid,dead,below,low,flat,mid,missing,,missing,False,False,False,missing,,False,0.0,False,False,False,False,True,False,Industrials,-0.071,-0.453,,,,True,False,0.5535000000000001,-0.5875,,,
HCA,2026-08-19,good,bad,good,missing,missing,missing,missing,1,4,False,False,False,False,good,neutral,9,,False,mid,normal,above,mid,flat,mid,missing,,missing,False,False,False,missing,,False,8.0,False,False,False,False,True,False,Healthcare,-0.192,5.439,,,,True,False,0.43250000000000005,5.3045,,,
WMB,2026-08-19,good,bad,good,missing,missing,missing,missing,1,4,False,False,False,False,good,neutral,9,,False,mid,dead,above,low,flat,mid,missing,,missing,False,False,False,missing,,False,6.0,False,False,False,False,True,False,Energy,-2.13,-3.755,,,,True,False,-1.5054999999999998,-3.8895,,,
AVB,2026-08-19,good,bad,bad,missing,missing,missing,missing,2,4,False,False,False,False,bad,neutral,7,,False,mid,dead,below,low,flat,mid,missing,,missing,False,False,False,missing,,False,4.0,False,False,False,False,True,False,Real Estate,0.0,0.0,,,,False,False,0.6245,-0.1345,,,
RCI,2026-08-19,good,bad,bad,missing,missing,missing,missing,2,4,False,False,False,False,bad,neutral,7,,False,mid,dead,above,mid,flat,mid,missing,,missing,False,False,False,missing,,False,10.0,False,False,False,False,True,False,Communication Services,-0.493,-0.712,,,,False,False,0.13150000000000006,-0.8465,,,
FISV,2026-08-19,good,bad,bad,missing,missing,missing,missing,2,4,False,False,False,False,bad,neutral,7,,False,mid,dead,below,mid,flat,mid,missing,,missing,False,False,False,missing,,False,4.0,False,False,False,False,True,False,Technology,-1.344,0.96,,,,False,False,-0.7195,0.8254999999999999,,,
UNH,2026-08-19,good,bad,good,missing,missing,missing,missing,1,4,False,False,False,False,good,neutral,9,,False,mid,dead,below,low,flat,mid,missing,,missing,False,False,False,missing,,False,5.0,False,False,False,False,True,False,Healthcare,-0.968,0.386,,,,True,False,-0.3434999999999999,0.2515,,,
AGI,2026-08-19,good,bad,bad,missing,missing,missing,missing,2,4,False,False,False,False,bad,neutral,7,,False,mid,dead,above,low,flat,mid,missing,,missing,False,False,False,missing,,False,7.0,False,False,False,False,True,False,Basic Materials,2.658,5.932,,,,False,False,3.2824999999999998,5.7975,,,
FER,2026-08-19,good,bad,good,missing,missing,missing,missing,1,4,False,False,False,False,good,neutral,9,,False,mid,normal,below,low,flat,mid,missing,,missing,False,False,False,missing,,False,-4.0,False,False,False,False,True,False,Industrials,-2.305,-2.792,,,,True,False,-1.6805,-2.9265,,,
GD,2026-08-19,good,bad,good,missing,missing,missing,missing,1,4,False,False,False,False,good,neutral,9,,False,mid,dead,above,low,flat,mid,missing,,missing,False,False,False,missing,,False,6.0,False,False,False,False,True,False,Industrials,-1.598,-2.052,,,,True,False,-0.9735,-2.1865,,,
PAAS,2026-08-19,good,bad,bad,missing,missing,missing,missing,2,4,False,False,False,False,bad,neutral,7,,False,mid,normal,above,low,flat,washed,missing,,missing,False,False,False,missing,,False,0.0,False,False,False,False,True,False,Basic Materials,3.221,5.507,,,,False,False,3.8455000000000004,5.3725,,,
AZN,2026-08-19,good,bad,good,missing,missing,missing,missing,1,4,False,False,False,False,good,neutral,9,,False,mid,normal,below,low,flat,mid,missing,,missing,False,False,False,missing,,False,2.0,False,False,False,False,True,False,Healthcare,-0.279,0.624,,,,True,False,0.34550000000000003,0.4895,,,
PHYS,2026-08-19,good,bad,bad,missing,missing,missing,missing,2,4,False,False,False,False,bad,neutral,7,,False,mid,normal,above,low,flat,mid,missing,,missing,False,False,False,missing,,False,-3.0,False,False,False,False,True,False,Financial,0.675,2.669,,,,False,False,1.2995,2.5345,,,
ETR,2026-08-19,good,bad,good,missing,missing,missing,missing,1,4,False,False,False,False,good,neutral,9,,False,mid,dead,below,mid,flat,mid,missing,,missing,False,False,False,missing,,False,9.0,False,False,False,False,True,False,Utilities,-0.574,-3.094,,,,True,False,0.0505000000000001,-3.2285,,,
NVS,2026-08-19,good,bad,good,missing,missing,missing,missing,1,4,False,False,False,False,good,neutral,9,,False,mid,normal,below,low,flat,mid,missing,,missing,False,False,False,missing,,False,8.0,False,False,False,False,True,False,Healthcare,-2.539,-0.904,,,,True,False,-1.9145,-1.0385,,,
VEEV,2026-08-19,good,bad,good,missing,missing,missing,missing,1,4,False,False,False,False,good,neutral,9,,False,overbought,normal,above,mid,flat,mid,missing,,missing,False,False,False,missing,,False,9.0,False,False,False,False,True,False,Healthcare,-0.187,-1.235,,,,False,False,0.43750000000000006,-1.3695000000000002,,,
BDX,2026-08-19,good,bad,good,missing,missing,missing,missing,1,4,False,False,False,False,good,neutral,9,,False,overbought,dead,above,mid,flat,mid,missing,,missing,False,False,False,missing,,False,7.0,False,False,False,False,True,False,Healthcare,0.011,2.345,,,,False,False,0.6355000000000001,2.2105,,,
PFE,2026-08-19,good,bad,good,missing,missing,missing,missing,1,4,False,False,False,False,good,neutral,9,,False,mid,normal,above,low,flat,mid,missing,,missing,False,False,False,missing,,False,10.0,False,False,False,False,True,False,Healthcare,-1.593,-0.602,,,,True,False,-0.9684999999999999,-0.7364999999999999,,,
PFG,2026-08-19,good,bad,bad,missing,missing,missing,missing,2,4,False,False,False,False,bad,neutral,7,,False,mid,dead,above,mid,flat,mid,missing,,missing,False,False,False,missing,,False,1.0,False,False,False,False,True,False,Financial,-0.985,-0.797,,,,False,False,-0.36049999999999993,-0.9315,,,
ALLE,2026-08-19,good,bad,good,missing,missing,missing,missing,1,4,False,False,False,False,good,neutral,9,,False,mid,dead,above,mid,flat,mid,missing,,missing,False,False,True,missing,,False,10.0,False,False,False,False,True,False,Industrials,-0.639,-0.276,,,,False,False,-0.014499999999999957,-0.41050000000000003,,,
SRE,2026-08-19,good,bad,good,missing,missing,missing,missing,1,4,False,False,False,False,good,neutral,9,,False,mid,dead,below,low,flat,mid,missing,,missing,False,False,False,missing,,False,4.0,False,False,False,False,True,False,Utilities,2.091,-3.155,,,,True,False,2.7155000000000005,-3.2895,,,
EW,2026-08-19,good,bad,good,missing,missing,missing,missing,1,4,False,False,False,False,good,neutral,9,,False,mid,dead,above,low,flat,mid,missing,,missing,False,False,False,missing,,False,6.0,False,False,False,False,True,False,Healthcare,-2.655,-2.698,,,,True,False,-2.0305,-2.8325,,,
CSCO,2026-08-19,good,bad,bad,missing,missing,missing,missing,2,4,False,False,False,False,bad,neutral,7,,False,mid,normal,below,low,flat,mid,missing,,missing,False,False,False,missing,,False,7.0,False,False,False,False,True,False,Technology,-0.868,0.443,,,,False,False,-0.24349999999999994,0.3085,,,
PG,2026-08-19,good,bad,good,missing,missing,missing,missing,1,4,False,False,False,False,good,neutral,9,,False,mid,normal,below,low,flat,mid,missing,,missing,False,False,False,missing,,False,0.0,False,False,False,False,True,False,Consumer Defensive,-0.977,0.208,,,,True,False,-0.3524999999999999,0.07349999999999998,,,
XEL,2026-08-19,good,bad,good,missing,missing,missing,missing,1,4,False,False,False,False,good,neutral,9,,False,mid,dead,above,mid,flat,mid,missing,,missing,False,False,False,missing,,False,4.0,False,False,False,False,True,False,Utilities,-0.882,-3.916,,,,True,False,-0.25749999999999995,-4.0504999999999995,,,
EXEL,2026-08-19,good,bad,good,missing,missing,missing,missing,1,4,False,False,False,False,good,neutral,9,,False,mid,dead,below,high,flat,mid,missing,,missing,False,False,False,missing,,False,6.0,False,False,False,False,True,False,Healthcare,-1.287,-0.57,,,,True,False,-0.6624999999999999,-0.7044999999999999,,,
UL,2026-08-19,good,bad,good,missing,missing,missing,missing,1,4,False,False,False,False,good,neutral,9,,False,mid,normal,below,low,flat,mid,missing,,missing,False,False,False,missing,,False,7.0,False,False,False,False,True,False,Consumer Defensive,0.348,1.519,,,,True,False,0.9725,1.3844999999999998,,,
BPOP,2026-08-19,good,bad,bad,missing,missing,missing,missing,2,4,False,False,False,False,bad,neutral,7,,False,mid,dead,above,mid,flat,mid,missing,,missing,False,False,False,missing,,False,7.0,False,False,False,False,True,False,Financial,-1.378,-0.879,,,,False,False,-0.7534999999999998,-1.0135,,,
MSFT,2026-08-19,good,bad,bad,missing,missing,missing,missing,2,4,False,False,False,False,bad,neutral,7,,False,mid,dead,above,low,flat,mid,missing,,missing,False,False,False,missing,,False,7.0,False,False,False,False,True,False,Technology,-0.465,-0.033,,,,False,False,0.15950000000000003,-0.1675,,,
FIBK,2026-08-19,good,bad,bad,missing,missing,missing,missing,2,4,False,False,False,False,bad,neutral,7,,False,mid,dead,above,high,flat,mid,missing,,missing,False,False,False,missing,,False,8.0,False,False,False,False,True,False,Financial,-0.079,-0.925,,,,False,False,0.5455000000000001,-1.0595,,,
FHN,2026-08-19,good,bad,bad,missing,missing,missing,missing,2,4,False,False,False,False,bad,neutral,7,,False,mid,dead,above,mid,flat,mid,missing,,missing,False,False,False,missing,,False,11.0,False,False,False,False,True,False,Financial,-0.764,-0.965,,,,False,False,-0.13949999999999996,-1.0995,,,
PPG,2026-08-19,good,bad,bad,missing,missing,missing,missing,2,4,False,False,False,False,bad,neutral,7,,False,mid,dead,below,low,flat,mid,missing,,missing,False,False,False,missing,,False,0.0,False,False,False,False,True,False,Basic Materials,-1.299,-0.255,,,,False,False,-0.6744999999999999,-0.3895,,,
AU,2026-08-19,good,bad,bad,missing,missing,missing,missing,2,4,False,False,False,False,bad,neutral,7,,False,mid,dead,above,low,flat,mid,missing,,missing,False,False,True,missing,,False,1.0,False,False,False,False,True,False,Basic Materials,6.081,12.385,,,,False,False,6.705500000000001,12.2505,,,
EGO,2026-08-19,good,bad,bad,missing,missing,missing,missing,2,4,False,False,False,False,bad,neutral,7,,False,mid,normal,above,mid,flat,mid,missing,,missing,False,False,False,missing,,False,4.0,False,False,False,False,True,False,Basic Materials,2.131,9.483,,,,False,False,2.7554999999999996,9.348500000000001,,,
HAFN,2026-08-19,good,bad,good,missing,missing,missing,missing,1,4,False,False,False,False,good,neutral,9,,False,mid,normal,above,low,flat,mid,missing,,missing,False,False,False,missing,,False,3.0,False,False,False,False,True,False,Industrials,-0.253,3.161,,,,True,False,0.37150000000000005,3.0265,,,
SO,2026-08-19,good,bad,good,missing,missing,missing,missing,1,4,False,False,False,False,good,neutral,9,,False,mid,dead,below,mid,flat,mid,missing,,missing,False,False,False,missing,,False,4.0,False,False,False,False,True,False,Utilities,-0.824,-3.525,,,,True,False,-0.1994999999999999,-3.6595,,,
NTR,2026-08-19,good,bad,bad,missing,missing,missing,missing,2,4,False,False,False,False,bad,neutral,7,,False,mid,dead,above,low,flat,mid,missing,,missing,False,False,False,missing,,False,6.0,False,False,False,False,True,False,Basic Materials,3.716,6.766,,,,False,False,4.3405000000000005,6.6315,,,
CVE,2026-08-19,good,bad,good,missing,missing,missing,missing,1,4,False,False,False,False,good,neutral,9,,False,overbought,normal,above,low,flat,extended,missing,,missing,False,False,False,missing,,False,4.0,False,False,False,False,True,False,Energy,0.0,1.385,,,,False,False,0.6245,1.2505,,,
ZTS,2026-08-19,good,bad,good,missing,missing,missing,missing,1,4,False,False,False,False,good,neutral,9,,False,mid,dead,below,mid,flat,mid,missing,,missing,False,False,False,missing,,False,5.0,False,False,False,False,True,False,Healthcare,-2.165,1.369,,,,True,False,-1.5405,1.2345,,,
JPM,2026-08-19,good,bad,bad,missing,missing,missing,missing,2,4,False,False,True,False,bad,neutral,7,,False,mid,dead,above,low,flat,mid,missing,,missing,False,False,False,missing,,False,8.0,False,False,False,False,True,False,Financial,-1.598,-1.59,,,,False,False,-0.9735,-1.7245000000000001,,,
YUM,2026-08-19,good,bad,bad,missing,missing,missing,missing,2,4,False,False,False,False,bad,neutral,7,,False,mid,dead,below,low,flat,mid,missing,,missing,False,False,False,missing,,False,-2.0,False,False,False,False,True,False,Consumer Cyclical,4.386,4.838,,,,False,False,5.0105,4.7035,,,
FMS,2026-08-19,good,bad,good,missing,missing,missing,missing,1,4,False,False,False,False,good,neutral,9,,False,mid,dead,below,low,flat,mid,missing,,missing,False,False,False,missing,,False,9.0,False,False,False,False,True,False,Healthcare,-1.72,-1.72,,,,True,False,-1.0955,-1.8545,,,
MNST,2026-08-19,good,bad,good,missing,missing,missing,missing,1,4,False,False,False,False,good,neutral,9,,False,mid,normal,above,low,flat,mid,missing,,missing,False,False,False,missing,,False,8.0,False,False,False,False,True,False,Consumer Defensive,0.127,0.759,,,,True,False,0.7515000000000001,0.6245,,,
UBSI,2026-08-19,good,bad,bad,missing,missing,missing,missing,2,4,False,False,False,False,bad,neutral,7,,False,mid,dead,above,mid,flat,mid,missing,,missing,False,False,False,missing,,False,13.0,False,False,False,False,True,False,Financial,0.021,0.252,,,,False,False,0.6455000000000001,0.1175,,,
BUD,2026-08-19,good,bad,good,missing,missing,missing,missing,1,4,False,False,False,False,good,neutral,9,,False,mid,normal,below,low,flat,mid,missing,,missing,False,False,False,missing,,False,12.0,False,False,False,False,True,False,Consumer Defensive,-0.269,1.011,,,,True,False,0.35550000000000004,0.8764999999999998,,,
ABT,2026-08-19,good,bad,good,missing,missing,missing,missing,1,4,False,False,False,False,good,neutral,9,,False,overbought,dead,above,low,flat,mid,missing,,missing,False,True,True,missing,,False,9.0,False,False,False,False,True,False,Healthcare,-0.253,1.931,,,,False,False,0.37150000000000005,1.7965,,,
ZION,2026-08-19,good,bad,bad,missing,missing,missing,missing,2,4,False,False,False,False,bad,neutral,7,,False,mid,dead,above,mid,flat,mid,missing,,missing,False,False,False,missing,,False,14.0,False,False,False,False,True,False,Financial,-0.586,-0.22,,,,False,False,0.03850000000000009,-0.35450000000000004,,,
ADP,2026-08-19,good,bad,bad,missing,missing,missing,missing,2,4,False,False,False,False,bad,neutral,7,,False,mid,normal,above,mid,flat,mid,missing,,missing,False,False,True,missing,,False,13.0,False,False,False,False,True,False,Technology,0.718,1.295,,,,False,False,1.3425,1.1604999999999999,,,
BTI,2026-08-19,good,bad,good,missing,missing,missing,missing,1,4,False,False,False,False,good,neutral,9,,False,mid,normal,below,low,flat,mid,missing,,missing,False,False,False,missing,,False,7.0,False,False,False,False,True,False,Consumer Defensive,1.286,0.411,,,,True,False,1.9105,0.27649999999999997,,,
HDB,2026-08-19,good,bad,bad,missing,missing,missing,missing,2,4,False,False,False,False,bad,neutral,7,,False,mid,dead,below,low,flat,mid,missing,,missing,False,False,False,missing,,False,0.0,False,False,False,False,True,False,Financial,0.777,1.9,,,,False,False,1.4015,1.7654999999999998,,,
AEP,2026-08-19,good,bad,good,missing,missing,missing,missing,1,4,False,False,False,False,good,neutral,9,,False,mid,dead,below,mid,flat,mid,missing,,missing,False,False,True,missing,,False,7.0,False,False,False,False,True,False,Utilities,-0.451,-4.221,,,,False,False,0.17350000000000004,-4.3555,,,
DPZ,2026-08-19,good,bad,bad,missing,missing,missing,missing,2,4,False,False,False,False,bad,neutral,7,,False,mid,dead,below,high,flat,mid,missing,,missing,False,False,False,missing,,False,3.0,False,False,False,False,True,False,Consumer Cyclical,-0.639,1.584,,,,False,False,-0.014499999999999957,1.4495,,,
NEM,2026-08-19,good,bad,bad,missing,missing,missing,missing,2,4,True,False,False,False,bad,neutral,7,,False,mid,normal,above,low,flat,mid,missing,,missing,False,False,False,missing,,False,4.0,False,False,False,False,True,False,Basic Materials,2.047,5.197,,,,False,False,2.6715,5.0625,,,
HOMB,2026-08-19,good,bad,bad,missing,missing,missing,missing,2,4,False,False,False,False,bad,neutral,7,,False,mid,dead,below,mid,flat,mid,missing,,missing,False,False,False,missing,,False,14.0,False,False,False,False,True,False,Financial,-0.723,-0.46,,,,False,False,-0.09849999999999992,-0.5945,,,
DSGX,2026-08-19,good,bad,bad,missing,missing,missing,missing,2,4,False,False,False,False,bad,neutral,7,,False,mid,normal,above,mid,flat,mid,missing,,missing,False,False,False,missing,,False,11.0,False,False,False,False,True,False,Technology,0.322,0.812,,,,False,False,0.9465000000000001,0.6775,,,
AAPL,2026-08-19,good,bad,bad,missing,missing,missing,missing,2,4,False,False,False,False,bad,neutral,7,,False,mid,normal,below,low,flat,mid,missing,,missing,False,False,True,missing,,False,10.0,False,False,False,False,True,False,Technology,-1.745,-2.361,,,,False,False,-1.1205,-2.4955000000000003,,,
HLT,2026-08-19,good,bad,bad,missing,missing,missing,missing,2,4,False,False,False,False,bad,neutral,7,,False,mid,normal,above,low,flat,mid,missing,,missing,False,False,False,missing,,False,7.0,False,False,False,False,True,False,Consumer Cyclical,-1.53,-2.375,,,,False,False,-0.9055,-2.5095,,,
MPLX,2026-08-19,good,bad,good,missing,missing,missing,missing,1,4,False,False,False,False,good,neutral,9,,False,mid,normal,above,low,flat,mid,missing,,missing,False,False,False,missing,,False,4.0,False,False,False,False,True,False,Energy,-0.153,-0.477,,,,True,False,0.47150000000000003,-0.6114999999999999,,,
MA,2026-08-19,good,bad,bad,missing,missing,missing,missing,2,4,False,False,False,False,bad,neutral,7,,False,mid,normal,above,low,flat,mid,missing,,missing,False,False,False,missing,,False,9.0,False,False,False,False,True,False,Financial,0.023,1.204,,,,False,False,0.6475000000000001,1.0695,,,
NDAQ,2026-08-19,good,bad,bad,missing,missing,missing,missing,2,4,False,False,False,False,bad,neutral,7,,False,mid,dead,above,low,flat,mid,missing,,missing,False,False,False,missing,,False,7.0,False,False,False,False,True,False,Financial,1.245,1.941,,,,False,False,1.8695000000000002,1.8065,,,
WPC,2026-08-19,good,bad,bad,missing,missing,missing,missing,2,4,False,False,False,False,bad,neutral,7,,False,mid,dead,below,mid,flat,mid,missing,,missing,False,False,False,missing,,False,12.0,False,False,False,False,True,False,Real Estate,0.083,-1.042,,,,False,False,0.7075,-1.1765,,,
BXSL,2026-08-19,good,bad,bad,missing,missing,missing,missing,2,4,True,False,False,False,bad,neutral,7,,False,mid,dead,above,mid,flat,mid,missing,,missing,False,False,False,missing,,False,9.0,False,False,False,False,True,False,Financial,0.448,0.814,,,,False,False,1.0725,0.6795,,,
JAZZ,2026-08-19,good,bad,good,missing,missing,missing,missing,1,4,False,False,False,False,good,neutral,9,,False,mid,dead,above,mid,flat,mid,missing,,missing,False,False,False,missing,,False,5.0,False,False,False,False,True,False,Healthcare,-1.372,0.841,,,,True,False,-0.7475,0.7064999999999999,,,
JD,2026-08-19,good,bad,bad,missing,missing,missing,missing,2,4,True,False,False,False,bad,neutral,7,,False,mid,normal,below,low,flat,washed,missing,,missing,False,False,False,missing,,False,6.0,False,False,False,False,True,False,Consumer Cyclical,0.204,0.068,,,,False,False,0.8285,-0.0665,,,
C,2026-08-19,good,bad,bad,missing,missing,missing,missing,2,4,False,False,False,False,bad,neutral,7,,False,mid,normal,above,low,flat,mid,missing,,missing,False,False,False,missing,,False,10.0,False,False,False,False,True,False,Financial,-2.423,-0.933,,,,False,False,-1.7985,-1.0675000000000001,,,
VTR,2026-08-19,good,bad,bad,missing,missing,missing,missing,2,4,False,False,False,False,bad,neutral,7,,False,mid,dead,below,mid,flat,mid,missing,,missing,False,False,False,missing,,False,12.0,False,False,False,False,True,False,Real Estate,0.904,1.317,,,,False,False,1.5285000000000002,1.1824999999999999,,,
DLB,2026-08-19,good,bad,good,missing,missing,missing,missing,1,4,False,False,False,False,good,neutral,9,,False,mid,dead,above,high,flat,mid,missing,,missing,False,False,False,missing,,False,7.0,False,False,False,False,True,False,Industrials,2.376,4.099,,,,True,False,3.0004999999999997,3.9645,,,
SNN,2026-08-19,good,bad,good,missing,missing,missing,missing,1,4,False,False,False,False,good,neutral,9,,False,mid,dead,below,low,flat,mid,missing,,missing,False,False,False,missing,,False,2.0,False,False,False,False,True,False,Healthcare,-0.921,-0.171,,,,True,False,-0.2965,-0.3055,,,
PRU,2026-08-19,good,bad,bad,missing,missing,missing,missing,2,4,False,False,False,False,bad,neutral,7,,False,mid,normal,above,mid,flat,mid,missing,,missing,False,False,False,missing,,False,6.0,False,False,False,False,True,False,Financial,-1.334,-0.875,,,,False,False,-0.7095,-1.0095,,,
DRS,2026-08-19,good,bad,good,missing,missing,missing,missing,1,4,False,False,False,False,good,neutral,9,,False,mid,dead,below,mid,flat,mid,missing,,missing,False,False,False,missing,,False,15.0,False,False,False,False,True,False,Industrials,-3.665,-4.37,,,,True,False,-3.0404999999999998,-4.5045,,,
VTRS,2026-08-19,good,bad,good,missing,missing,missing,missing,1,4,False,False,False,False,good,neutral,9,,False,mid,normal,below,mid,flat,mid,missing,,missing,False,False,False,missing,,False,1.0,False,False,False,False,True,False,Healthcare,-0.8,1.184,,,,True,False,-0.1755,1.0494999999999999,,,
NI,2026-08-19,good,bad,good,missing,missing,missing,missing,1,4,False,False,False,False,good,neutral,9,,False,mid,dead,below,low,flat,mid,missing,,missing,False,False,False,missing,,False,10.0,False,False,False,False,True,False,Utilities,0.024,-2.426,,,,True,False,0.6485000000000001,-2.5605,,,
FITB,2026-08-19,good,bad,bad,missing,missing,missing,missing,2,4,False,False,False,False,bad,neutral,7,,False,mid,dead,below,mid,flat,mid,missing,,missing,False,False,False,missing,,False,6.0,False,False,False,False,True,False,Financial,-0.837,-0.255,,,,False,False,-0.2124999999999999,-0.3895,,,
ROL,2026-08-19,good,bad,bad,missing,missing,missing,missing,2,4,True,False,False,False,bad,neutral,7,,False,oversold,dead,below,mid,flat,mid,missing,,missing,False,False,False,missing,,False,-6.0,False,False,False,False,True,False,Consumer Cyclical,0.331,1.793,,,,False,False,0.9555,1.6584999999999999,,,
MSCI,2026-08-19,good,bad,bad,missing,missing,missing,missing,2,4,False,False,False,False,bad,neutral,7,,False,mid,dead,below,low,flat,mid,missing,,missing,False,False,False,missing,,False,-1.0,False,False,False,False,True,False,Financial,0.616,-0.315,,,,False,False,1.2405,-0.4495,,,
TRGP,2026-08-19,good,bad,good,missing,missing,missing,missing,1,4,False,False,False,False,good,neutral,9,,False,mid,hot,above,low,up,extended,missing,,missing,False,False,False,missing,,False,12.0,False,False,False,False,True,False,Energy,1.737,0.677,,,,False,False,2.3615000000000004,0.5425,,,
MAS,2026-08-19,good,bad,good,missing,missing,missing,missing,1,4,False,False,False,False,good,neutral,9,,False,mid,normal,below,mid,flat,mid,missing,,missing,False,False,False,missing,,False,-1.0,False,False,False,False,True,False,Industrials,-2.551,-2.605,,,,True,False,-1.9265,-2.7395,,,
KGC,2026-08-19,good,bad,bad,missing,missing,missing,missing,2,4,False,False,False,False,bad,neutral,7,,False,mid,dead,above,low,flat,mid,missing,,missing,False,False,False,missing,,False,4.0,False,False,False,False,True,False,Basic Materials,5.258,9.712,,,,False,False,5.8825,9.5775,,,
BNY,2026-08-19,good,bad,bad,missing,missing,missing,missing,2,4,False,False,False,False,bad,neutral,7,,False,mid,dead,above,low,flat,mid,missing,,missing,False,False,False,missing,,False,11.0,False,False,False,False,True,False,Financial,-1.577,-0.795,,,,False,False,-0.9524999999999999,-0.9295,,,
UHS,2026-08-19,good,bad,good,missing,missing,missing,missing,1,4,False,False,False,False,good,neutral,9,,False,mid,normal,above,mid,flat,mid,missing,,missing,False,False,False,missing,,False,6.0,False,False,False,False,True,False,Healthcare,0.313,2.861,,,,True,False,0.9375,2.7265,,,
TRMB,2026-08-19,good,bad,bad,missing,missing,missing,missing,2,4,True,False,False,False,bad,neutral,7,,False,mid,dead,above,mid,flat,mid,missing,,missing,False,False,False,missing,,False,6.0,False,False,False,False,True,False,Technology,0.726,1.688,,,,False,False,1.3505,1.5534999999999999,,,
OZK,2026-08-19,good,bad,bad,missing,missing,missing,missing,2,4,False,False,False,False,bad,neutral,7,,False,mid,dead,below,high,flat,mid,missing,,missing,False,False,False,missing,,False,7.0,False,False,False,False,True,False,Financial,-0.404,-0.121,,,,False,False,0.22050000000000003,-0.2555,,,
TRP,2026-08-19,good,bad,good,missing,missing,missing,missing,1,4,False,False,False,False,good,neutral,9,,False,mid,normal,below,low,flat,mid,missing,,missing,False,False,False,missing,,False,10.0,False,False,False,False,True,False,Energy,1.058,-0.561,,,,True,False,1.6825,-0.6955,,,
CCEP,2026-08-19,good,bad,good,missing,missing,missing,missing,1,4,False,False,False,False,good,neutral,9,,False,mid,normal,below,mid,flat,mid,missing,,missing,False,False,False,missing,,False,14.0,False,False,False,False,True,False,Consumer Defensive,0.159,1.237,,,,True,False,0.7835000000000001,1.1025,,,
MGY,2026-08-19,good,bad,good,missing,missing,missing,missing,1,4,False,False,False,False,good,neutral,9,,False,mid,dead,above,high,flat,mid,missing,,missing,False,False,False,missing,,False,5.0,False,False,False,False,True,False,Energy,2.656,2.364,,,,True,False,3.2805,2.2295,,,
OBE,2026-08-19,good,bad,good,missing,missing,missing,missing,1,4,False,False,False,False,good,neutral,9,,False,mid,hot,above,high,flat,mid,missing,,missing,False,False,False,missing,,False,11.0,False,False,False,False,True,False,Energy,3.504,2.137,,,,True,False,4.1285,2.0025,,,
IHS,2026-08-19,good,bad,bad,missing,missing,missing,missing,2,4,False,False,False,False,bad,neutral,7,,False,mid,dead,above,low,flat,mid,missing,,missing,False,False,False,missing,,False,3.0,False,False,False,False,True,False,Real Estate,0.36,0.84,,,,False,False,0.9845,0.7055,,,
BBVA,2026-08-19,good,bad,bad,missing,missing,missing,missing,2,4,False,False,False,False,bad,neutral,7,,False,overbought,normal,above,low,flat,mid,missing,,missing,False,False,False,missing,,False,5.0,False,False,False,False,True,False,Financial,0.351,1.788,,,,False,False,0.9755,1.6535,,,
XENE,2026-08-19,good,bad,good,missing,missing,missing,missing,1,4,False,False,False,False,good,neutral,9,,False,mid,normal,below,mid,flat,mid,missing,,missing,False,False,False,missing,,False,-2.0,False,False,False,False,True,False,Healthcare,-4.156,-2.487,,,,True,False,-3.5314999999999994,-2.6215,,,
SBAC,2026-08-19,good,bad,bad,missing,missing,missing,missing,2,4,False,False,False,False,bad,neutral,7,,False,mid,dead,above,low,flat,mid,missing,,missing,False,False,False,missing,,False,9.0,False,False,False,False,True,False,Real Estate,-0.353,0.778,,,,False,False,0.2715000000000001,0.6435,,,
ETN,2026-08-19,good,bad,good,missing,missing,missing,missing,1,4,False,False,False,False,good,neutral,9,,False,mid,normal,above,low,flat,mid,missing,,missing,False,False,False,missing,,False,8.0,False,False,False,False,True,False,Industrials,-2.209,-1.288,,,,True,False,-1.5845,-1.4225,,,
MCD,2026-08-19,good,bad,bad,missing,missing,missing,missing,2,4,True,False,False,False,bad,neutral,7,,False,mid,normal,below,low,flat,mid,missing,,missing,False,False,False,missing,,False,-3.0,False,False,False,False,True,False,Consumer Cyclical,0.628,1.309,,,,False,False,1.2525,1.1744999999999999,,,
BAX,2026-08-19,good,bad,good,missing,missing,missing,missing,1,4,False,False,False,False,good,neutral,9,,False,mid,normal,above,mid,flat,mid,missing,,missing,False,False,False,missing,,False,1.0,False,False,False,False,True,False,Healthcare,-0.863,-1.126,,,,True,False,-0.23849999999999993,-1.2605,,,
SSB,2026-08-19,good,bad,bad,missing,missing,missing,missing,2,4,False,False,False,False,bad,neutral,7,,False,mid,dead,above,mid,flat,mid,missing,,missing,False,False,False,missing,,False,9.0,False,False,False,False,True,False,Financial,-1.223,-0.215,,,,False,False,-0.5985,-0.34950000000000003,,,
IEX,2026-08-19,good,bad,good,missing,missing,missing,missing,1,4,False,False,False,False,good,neutral,9,,False,mid,dead,above,low,flat,mid,missing,,missing,False,False,False,missing,,False,5.0,False,False,False,False,True,False,Industrials,-0.299,-0.026,,,,True,False,0.32550000000000007,-0.1605,,,
CSX,2026-08-19,good,bad,good,missing,missing,missing,missing,1,4,False,False,False,False,good,neutral,9,,False,mid,normal,below,low,flat,mid,missing,,missing,False,False,False,missing,,False,4.0,False,False,False,False,True,False,Industrials,0.572,1.796,,,,True,False,1.1965,1.6615,,,
NVDA,2026-08-19,good,bad,bad,missing,missing,missing,missing,2,4,True,False,False,False,bad,neutral,7,,False,mid,normal,above,low,flat,mid,missing,,missing,False,False,False,missing,,False,8.0,False,False,False,False,True,False,Technology,-0.326,-1.305,,,,False,False,0.29850000000000004,-1.4395,,,
CSGP,2026-08-19,good,bad,bad,missing,missing,missing,missing,2,4,False,False,False,False,bad,neutral,7,,False,mid,dead,above,mid,flat,mid,missing,,missing,False,False,False,missing,,False,5.0,False,False,False,False,True,False,Real Estate,-4.358,-4.358,,,,False,False,-3.7334999999999994,-4.4925,,,
SSL,2026-08-19,good,bad,bad,missing,missing,missing,missing,2,4,False,False,False,False,bad,neutral,7,,False,mid,normal,above,low,flat,mid,missing,,missing,False,False,False,missing,,False,7.0,False,False,False,False,True,False,Basic Materials,1.405,3.223,,,,False,False,2.0295,3.0885,,,
ELS,2026-08-19,good,bad,bad,missing,missing,missing,missing,2,4,False,False,False,False,bad,neutral,7,,False,mid,dead,below,mid,flat,mid,missing,,missing,False,False,False,missing,,False,15.0,False,False,False,False,True,False,Real Estate,-0.441,-0.411,,,,False,False,0.18350000000000005,-0.5455,,,
QFIN,2026-08-19,good,bad,bad,missing,missing,missing,missing,2,4,False,False,False,False,bad,neutral,7,,False,mid,dead,below,low,flat,mid,missing,,missing,False,False,False,missing,,False,8.0,False,False,False,False,True,False,Financial,-2.884,-1.824,,,,False,False,-2.2595,-1.9585000000000001,,,
QGEN,2026-08-19,good,bad,good,missing,missing,missing,missing,1,4,False,False,False,False,good,neutral,9,,False,mid,normal,above,mid,flat,mid,missing,,missing,False,False,False,missing,,False,9.0,False,False,False,False,True,False,Healthcare,0.899,-0.966,,,,True,False,1.5235,-1.1005,,,
AMCR,2026-08-19,good,bad,bad,missing,missing,missing,missing,2,4,True,False,False,False,bad,neutral,7,,False,mid,dead,above,mid,flat,mid,missing,,missing,False,True,True,missing,,False,10.0,False,False,False,False,True,False,Consumer Cyclical,0.759,2.403,,,,False,False,1.3835000000000002,2.2685,,,
GPC,2026-08-19,good,bad,bad,missing,missing,missing,missing,2,4,True,False,False,False,bad,neutral,7,,False,mid,dead,above,mid,flat,mid,missing,,missing,False,False,False,missing,,False,11.0,False,False,False,False,True,False,Consumer Cyclical,-1.204,-0.431,,,,False,False,-0.5794999999999999,-0.5655,,,
EQNR,2026-08-19,good,bad,good,missing,missing,missing,missing,1,4,False,False,False,False,good,neutral,9,,False,mid,normal,above,low,flat,mid,missing,,missing,False,False,False,missing,,False,4.0,False,False,False,False,True,False,Energy,1.975,1.975,,,,True,False,2.5995,1.8405,,,
GIS,2026-08-19,good,bad,good,missing,missing,missing,missing,1,4,False,False,False,False,good,neutral,9,,False,mid,normal,above,high,flat,mid,missing,,missing,False,False,False,missing,,False,6.0,False,False,False,False,True,False,Consumer Defensive,-0.95,-0.05,,,,True,False,-0.3254999999999999,-0.1845,,,
EWBC,2026-08-19,good,bad,bad,missing,missing,missing,missing,2,4,False,False,False,False,bad,neutral,7,,False,mid,dead,above,mid,flat,mid,missing,,missing,False,False,False,missing,,False,12.0,False,False,False,False,True,False,Financial,-0.391,-0.33,,,,False,False,0.23350000000000004,-0.4645,,,
SAP,2026-08-19,good,bad,bad,missing,missing,missing,missing,2,4,False,False,False,False,bad,neutral,7,,False,overbought,normal,above,low,flat,mid,missing,,missing,False,False,False,missing,,False,0.0,False,False,False,False,True,False,Technology,0.691,1.429,,,,False,False,1.3155000000000001,1.2945,,,
MDLZ,2026-08-19,good,bad,good,missing,missing,missing,missing,1,4,False,False,False,False,good,neutral,9,,False,mid,dead,above,low,flat,mid,missing,,missing,False,False,False,missing,,False,13.0,False,False,False,False,True,False,Consumer Defensive,-0.031,0.452,,,,True,False,0.5935,0.3175,,,
PCTY,2026-08-19,good,bad,bad,missing,missing,missing,missing,2,4,True,False,False,False,bad,neutral,7,,False,mid,dead,above,mid,flat,mid,missing,,missing,False,False,False,missing,,False,10.0,False,False,False,False,True,False,Technology,2.043,2.699,,,,False,False,2.6675000000000004,2.5645,,,
COO,2026-08-19,good,bad,good,missing,missing,missing,missing,1,4,False,False,False,False,good,neutral,9,,False,mid,dead,above,mid,flat,mid,missing,,missing,False,False,False,missing,,False,6.0,False,False,False,False,True,False,Healthcare,-0.743,-0.665,,,,True,False,-0.11849999999999994,-0.7995000000000001,,,
COR,2026-08-19,good,bad,good,missing,missing,missing,missing,1,4,False,False,False,False,good,neutral,9,,False,mid,dead,above,low,flat,mid,missing,,missing,False,False,False,missing,,False,15.0,False,False,False,False,True,False,Healthcare,-0.76,0.296,,,,True,False,-0.13549999999999995,0.16149999999999998,,,
MUFG,2026-08-19,good,bad,bad,missing,missing,missing,missing,2,4,False,False,False,False,bad,neutral,7,,False,mid,dead,above,low,flat,mid,missing,,missing,False,False,False,missing,,False,9.0,False,False,False,False,True,False,Financial,0.0,2.226,,,,False,False,0.6245,2.0915,,,
EXR,2026-08-19,good,bad,bad,missing,missing,missing,missing,2,4,False,False,False,False,bad,neutral,7,,False,mid,dead,below,low,flat,mid,missing,,missing,False,False,False,missing,,False,7.0,False,False,False,False,True,False,Real Estate,-0.439,-0.744,,,,False,False,0.18550000000000005,-0.8785000000000001,,,
RTX,2026-08-19,good,bad,good,missing,missing,missing,missing,1,4,False,False,False,False,good,neutral,9,,False,mid,normal,above,low,flat,mid,missing,,missing,False,False,False,missing,,False,5.0,False,False,False,False,True,False,Industrials,-3.658,-4.738,,,,True,False,-3.0335,-4.8725000000000005,,,
NTRS,2026-08-19,good,bad,bad,missing,missing,missing,missing,2,4,False,False,False,False,bad,neutral,7,,False,mid,dead,above,low,flat,mid,missing,,missing,False,False,False,missing,,False,7.0,False,False,False,False,True,False,Financial,-1.559,-0.809,,,,False,False,-0.9344999999999999,-0.9435,,,
SEIC,2026-08-19,good,bad,bad,missing,missing,missing,missing,2,4,False,False,False,False,bad,neutral,7,,False,overbought,dead,above,low,flat,mid,missing,,missing,False,False,False,missing,,False,10.0,False,False,False,False,True,False,Financial,0.224,2.021,,,,False,False,0.8485,1.8864999999999998,,,
EMR,2026-08-19,good,bad,good,missing,missing,missing,missing,1,4,False,False,False,False,good,neutral,9,,False,mid,dead,above,low,flat,mid,missing,,missing,False,False,False,missing,,False,8.0,False,False,False,False,True,False,Industrials,-1.827,-0.216,,,,True,False,-1.2025,-0.35050000000000003,,,
GPN,2026-08-19,good,bad,bad,missing,missing,missing,missing,2,4,True,False,False,False,bad,neutral,7,,False,mid,dead,above,mid,flat,mid,missing,,missing,False,False,False,missing,,False,6.0,False,False,False,False,True,False,Technology,0.589,1.908,,,,False,False,1.2135,1.7734999999999999,,,
EPD,2026-08-19,good,bad,good,missing,missing,missing,missing,1,4,False,False,False,False,good,neutral,9,,False,mid,normal,above,low,flat,mid,missing,,missing,False,False,False,missing,,False,14.0,False,False,False,False,True,False,Energy,0.813,-0.289,,,,True,False,1.4375,-0.4235,,,
CMG,2026-08-19,good,bad,bad,missing,missing,missing,missing,2,4,True,False,False,False,bad,neutral,7,,False,mid,dead,above,mid,flat,mid,missing,,missing,False,False,False,missing,,False,13.0,False,False,False,False,True,False,Consumer Cyclical,1.818,6.463,,,,False,False,2.4425,6.3285,,,
CMI,2026-08-19,good,bad,good,missing,missing,missing,missing,1,4,False,False,False,False,good,neutral,9,,False,mid,dead,below,low,flat,mid,missing,,missing,False,False,False,missing,,False,-2.0,False,False,False,False,True,False,Industrials,-2.487,-3.041,,,,True,False,-1.8625,-3.1755,,,
TD,2026-08-19,good,bad,bad,missing,missing,missing,missing,2,4,False,False,False,False,bad,neutral,7,,False,mid,dead,above,low,flat,mid,missing,,missing,False,False,False,missing,,False,13.0,False,False,False,False,True,False,Financial,-1.267,-1.014,,,,False,False,-0.6424999999999998,-1.1485,,,
NWSA,2026-08-19,good,bad,bad,missing,missing,missing,missing,2,4,True,False,False,False,bad,neutral,7,,False,mid,normal,above,mid,flat,mid,missing,,missing,False,False,False,missing,,False,9.0,False,False,False,False,True,False,Communication Services,0.679,3.158,,,,False,False,1.3035,3.0235,,,
PHG,2026-08-19,good,bad,good,missing,missing,missing,missing,1,4,False,False,False,False,good,neutral,9,,False,mid,normal,above,low,flat,mid,missing,,missing,False,False,False,missing,,False,6.0,False,False,False,False,True,False,Healthcare,-0.434,-0.724,,,,True,False,0.19050000000000006,-0.8585,,,
LDOS,2026-08-19,good,bad,bad,missing,missing,missing,missing,2,4,True,False,False,False,bad,neutral,7,,False,overbought,dead,above,mid,flat,mid,missing,,missing,False,False,False,missing,,False,8.0,False,False,False,False,True,False,Technology,-3.376,-3.363,,,,False,False,-2.7515,-3.4975,,,
NTNX,2026-08-19,good,bad,bad,missing,missing,missing,missing,2,4,True,False,False,False,bad,neutral,7,,False,mid,dead,above,mid,flat,mid,missing,,missing,False,False,False,missing,,False,12.0,False,False,False,False,True,False,Technology,1.391,3.393,,,,False,False,2.0155000000000003,3.2584999999999997,,,
LEN,2026-08-19,good,bad,bad,missing,missing,missing,missing,2,4,True,False,False,False,bad,neutral,7,,False,mid,normal,above,high,flat,mid,missing,,missing,False,False,False,missing,,False,0.0,False,False,False,False,True,False,Consumer Cyclical,-2.153,-0.321,,,,False,False,-1.5285,-0.4555,,,
SPSC,2026-08-19,good,bad,bad,missing,missing,missing,missing,2,4,False,False,False,False,bad,neutral,7,,False,mid,dead,above,high,flat,mid,missing,,missing,False,False,False,missing,,False,13.0,False,False,False,False,True,False,Technology,-1.647,0.409,,,,False,False,-1.0225,0.27449999999999997,,,
SBLK,2026-08-19,good,bad,good,missing,missing,missing,missing,1,4,False,False,False,False,good,neutral,9,,False,mid,normal,above,low,flat,mid,missing,,missing,False,False,False,missing,,False,14.0,False,False,False,False,True,False,Industrials,-0.365,4.214,,,,True,False,0.25950000000000006,4.0795,,,
EXPD,2026-08-19,good,bad,good,missing,missing,missing,missing,1,4,False,False,False,False,good,neutral,9,,False,mid,dead,above,mid,flat,mid,missing,,missing,False,False,False,missing,,False,13.0,False,False,False,False,True,False,Industrials,-0.021,0.735,,,,True,False,0.6035,0.6005,,,
EXPO,2026-08-19,good,bad,good,missing,missing,missing,missing,1,4,False,False,False,False,good,neutral,9,,False,mid,dead,above,mid,flat,mid,missing,,missing,False,False,False,missing,,False,9.0,False,False,False,False,True,False,Industrials,-0.758,0.429,,,,True,False,-0.13349999999999995,0.2945,,,
ALGN,2026-08-19,good,bad,good,missing,missing,missing,missing,1,4,False,False,False,False,good,neutral,9,,False,mid,dead,below,mid,flat,mid,missing,,missing,False,False,False,missing,,False,9.0,False,False,False,False,True,False,Healthcare,-2.515,-0.301,,,,True,False,-1.8905,-0.4355,,,
ALC,2026-08-19,good,bad,good,missing,missing,missing,missing,1,4,False,False,False,False,good,neutral,9,,False,mid,normal,above,low,flat,mid,missing,,missing,False,False,False,missing,,False,8.0,False,False,False,False,True,False,Healthcare,-1.791,-0.848,,,,True,False,-1.1664999999999999,-0.9824999999999999,,,
SW,2026-08-19,good,bad,bad,missing,missing,missing,missing,2,4,True,False,False,False,bad,neutral,7,,False,mid,dead,below,mid,flat,mid,missing,,missing,False,False,False,missing,,False,7.0,False,False,False,False,True,False,Consumer Cyclical,-1.068,1.396,,,,False,False,-0.4435,1.2614999999999998,,,
CP,2026-08-19,good,bad,good,missing,missing,missing,missing,1,4,False,False,False,False,good,neutral,9,,False,mid,dead,above,low,flat,mid,missing,,missing,False,False,False,missing,,False,14.0,False,False,False,False,True,False,Industrials,,,,,,True,False,,,,,
FE,2026-08-19,good,bad,good,missing,missing,missing,missing,1,4,False,False,False,False,good,neutral,9,,False,mid,dead,below,mid,flat,mid,missing,,missing,False,False,False,missing,,False,7.0,False,False,False,False,True,False,Utilities,-0.148,-2.73,,,,True,False,0.47650000000000003,-2.8645,,,
RY,2026-08-19,good,bad,bad,missing,missing,missing,missing,2,4,False,False,False,False,bad,neutral,7,,False,mid,dead,above,low,flat,mid,missing,,missing,False,False,False,missing,,False,13.0,False,False,False,False,True,False,Financial,-1.161,-1.151,,,,False,False,-0.5365,-1.2855,,,
FBP,2026-08-19,good,bad,bad,missing,missing,missing,missing,2,4,False,False,False,False,bad,neutral,7,,False,mid,dead,above,mid,flat,mid,missing,,missing,False,False,False,missing,,False,3.0,False,False,False,False,True,False,Financial,-0.843,0.211,,,,False,False,-0.21849999999999992,0.07649999999999998,,,
CLX,2026-08-19,good,bad,good,missing,missing,missing,missing,1,4,False,False,False,False,good,neutral,9,,False,mid,normal,above,high,flat,mid,missing,,missing,False,False,False,missing,,False,12.0,False,False,False,False,True,False,Consumer Defensive,-1.724,-1.121,,,,True,False,-1.0995,-1.2555,,,
INMD,2026-08-19,good,bad,good,missing,missing,missing,missing,1,4,False,False,False,False,good,neutral,9,,False,mid,dead,below,mid,flat,mid,missing,,missing,False,False,False,missing,,False,7.0,False,False,False,False,True,False,Healthcare,-0.798,0.133,,,,True,False,-0.1735,-0.0015000000000000013,,,
CNP,2026-08-19,good,bad,good,missing,missing,missing,missing,1,4,False,False,False,False,good,neutral,9,,False,mid,dead,below,mid,flat,mid,missing,,missing,False,False,False,missing,,False,12.0,False,False,False,False,True,False,Utilities,0.1,-3.461,,,,True,False,0.7245,-3.5955,,,
DB,2026-08-19,good,bad,bad,missing,missing,missing,missing,2,4,False,False,False,False,bad,neutral,7,,False,mid,normal,above,low,flat,mid,missing,,missing,False,False,False,missing,,False,6.0,False,False,False,False,True,False,Financial,-1.236,-0.552,,,,False,False,-0.6114999999999999,-0.6865000000000001,,,
PLTR,2026-08-19,good,bad,bad,missing,missing,missing,missing,2,4,True,False,False,False,bad,neutral,7,,False,mid,normal,above,mid,flat,mid,missing,,missing,False,False,False,missing,,False,10.0,False,False,False,False,True,False,Technology,-0.702,2.711,,,,False,False,-0.0774999999999999,2.5765,,,
BKNG,2026-08-19,good,bad,bad,missing,missing,missing,missing,2,4,False,False,False,False,bad,neutral,7,,False,mid,dead,above,mid,flat,mid,missing,,missing,False,False,False,missing,,False,7.0,False,False,False,False,True,False,Consumer Cyclical,-1.469,-1.587,,,,False,False,-0.8445,-1.7215,,,
TEL,2026-08-19,good,bad,bad,missing,missing,missing,missing,2,4,False,False,False,False,bad,neutral,7,,False,mid,normal,below,mid,flat,mid,missing,,missing,False,False,False,missing,,False,12.0,False,False,False,False,True,False,Technology,-1.488,0.366,,,,False,False,-0.8634999999999999,0.23149999999999998,,,
CMS,2026-08-19,good,bad,good,missing,missing,missing,missing,1,4,False,False,False,False,good,neutral,9,,False,mid,normal,below,mid,flat,mid,missing,,missing,False,False,False,missing,,False,5.0,False,False,False,False,True,False,Utilities,-1.105,-3.314,,,,True,False,-0.4804999999999999,-3.4485,,,
VLO,2026-08-19,good,bad,good,missing,missing,missing,missing,1,4,False,False,False,False,good,neutral,9,,False,overbought,dead,above,mid,flat,mid,missing,,missing,False,False,False,missing,,False,10.0,False,False,False,False,True,False,Energy,-1.372,0.751,,,,False,False,-0.7475,0.6165,,,
ICLR,2026-08-19,good,bad,good,missing,missing,missing,missing,1,4,False,False,False,False,good,neutral,9,,False,mid,dead,above,low,flat,mid,missing,,missing,False,False,False,missing,,False,6.0,False,False,False,False,True,False,Healthcare,1.032,-0.151,,,,True,False,1.6565,-0.2855,,,
WTFC,2026-08-19,good,bad,bad,missing,missing,missing,missing,2,4,False,False,False,False,bad,neutral,7,,False,mid,dead,below,mid,flat,mid,missing,,missing,False,False,False,missing,,False,5.0,False,False,False,False,True,False,Financial,-0.521,-0.482,,,,False,False,0.10350000000000004,-0.6165,,,
MAIN,2026-08-19,good,bad,bad,missing,missing,missing,missing,2,4,False,False,False,False,bad,neutral,7,,False,mid,dead,above,high,flat,mid,missing,,missing,False,False,False,missing,,False,12.0,False,False,False,False,True,False,Financial,0.395,0.206,,,,False,False,1.0195,0.07149999999999998,,,
MAR,2026-08-19,good,bad,bad,missing,missing,missing,missing,2,4,True,False,False,False,bad,neutral,7,,False,mid,normal,below,low,flat,mid,missing,,missing,False,False,False,missing,,False,3.0,False,False,False,False,True,False,Consumer Cyclical,-0.729,-0.788,,,,False,False,-0.10449999999999993,-0.9225000000000001,,,
AXP,2026-08-19,good,bad,bad,missing,missing,missing,missing,2,4,True,False,False,False,bad,neutral,7,,False,mid,dead,below,low,flat,mid,missing,,missing,False,False,True,missing,,False,2.0,False,False,False,False,True,False,Financial,-2.574,-1.147,,,,False,False,-1.9494999999999998,-1.2815,,,
AJG,2026-08-19,good,bad,bad,missing,missing,missing,missing,2,4,False,False,False,False,bad,neutral,7,,False,mid,dead,above,low,flat,mid,missing,,missing,False,False,True,missing,,False,5.0,False,False,False,False,True,False,Financial,0.839,2.47,,,,False,False,1.4635,2.3355,,,
KT,2026-08-19,good,bad,bad,missing,missing,missing,missing,2,4,True,False,False,False,bad,neutral,7,,False,mid,dead,above,low,flat,mid,missing,,missing,False,False,False,missing,,False,10.0,False,False,False,False,True,False,Communication Services,-1.737,-0.526,,,,False,False,-1.1125,-0.6605000000000001,,,
Q,2026-08-19,good,bad,bad,missing,missing,missing,missing,2,4,True,False,False,False,bad,neutral,7,,False,mid,dead,below,low,down,mid,missing,,missing,False,False,False,missing,,False,7.0,False,False,False,False,True,False,Technology,5.935,2.253,,,,False,False,6.5595,2.1185,,,
IBM,2026-08-19,good,bad,bad,missing,missing,missing,missing,2,4,True,False,False,False,bad,neutral,7,,False,mid,dead,above,low,flat,mid,missing,,missing,False,False,False,missing,,False,-4.0,False,False,False,False,True,False,Technology,-1.463,-0.624,,,,False,False,-0.8385,-0.7585,,,
PH,2026-08-19,good,bad,good,missing,missing,missing,missing,1,4,False,False,False,False,good,neutral,9,,False,mid,normal,above,low,flat,mid,missing,,missing,False,False,False,missing,,False,6.0,False,False,False,False,True,False,Industrials,-2.259,-2.102,,,,True,False,-1.6344999999999998,-2.2365,,,
GFI,2026-08-19,good,bad,bad,missing,missing,missing,missing,2,4,False,False,False,False,bad,neutral,7,,False,mid,normal,above,low,flat,mid,missing,,missing,False,False,False,missing,,False,4.0,False,False,False,False,True,False,Basic Materials,3.649,9.031,,,,False,False,4.2735,8.896500000000001,,,
GBDC,2026-08-19,good,bad,bad,missing,missing,missing,missing,2,4,False,False,False,False,bad,neutral,7,,False,mid,dead,above,mid,flat,mid,missing,,missing,False,False,False,missing,,False,10.0,False,False,False,False,True,False,Financial,0.304,0.228,,,,False,False,0.9285000000000001,0.0935,,,
MTDR,2026-08-19,good,bad,good,missing,missing,missing,missing,1,4,False,False,False,False,good,neutral,9,,False,mid,normal,above,high,flat,extended,missing,,missing,False,False,False,missing,,False,11.0,False,False,False,False,True,False,Energy,0.724,0.655,,,,False,False,1.3485,0.5205,,,
PBR,2026-08-19,good,bad,good,missing,missing,missing,missing,1,4,False,False,False,False,good,neutral,9,,False,mid,normal,below,low,flat,mid,missing,,missing,False,False,False,missing,,False,15.0,False,False,False,False,True,False,Energy,2.535,3.29,,,,True,False,3.1595000000000004,3.1555,,,
PBR-A,2026-08-19,good,bad,good,missing,missing,missing,missing,1,4,False,False,False,False,good,neutral,9,,False,mid,normal,below,low,flat,mid,missing,,missing,False,False,False,missing,,False,11.0,False,False,False,False,True,False,Energy,2.281,3.361,,,,True,False,2.9055,3.2265,,,
IT,2026-08-19,good,bad,bad,missing,missing,missing,missing,2,4,True,False,False,False,bad,neutral,7,,False,mid,dead,above,high,flat,mid,missing,,missing,False,False,False,missing,,False,4.0,False,False,False,False,True,False,Technology,0.446,1.597,,,,False,False,1.0705,1.4625,,,
CHTR,2026-08-19,good,bad,bad,missing,missing,missing,missing,2,4,True,False,False,False,bad,neutral,7,,False,mid,normal,above,high,flat,mid,missing,,missing,False,False,False,missing,,False,8.0,False,False,False,False,True,False,Communication Services,-3.089,-1.508,,,,False,False,-2.4645,-1.6425,,,
CFR,2026-08-19,good,bad,bad,missing,missing,missing,missing,2,4,False,False,False,False,bad,neutral,7,,False,mid,dead,above,mid,flat,mid,missing,,missing,False,False,False,missing,,False,11.0,False,False,False,False,True,False,Financial,0.067,-0.31,,,,False,False,0.6915,-0.4445,,,
CL,2026-08-19,good,bad,good,missing,missing,missing,missing,1,4,False,False,False,False,good,neutral,9,,False,mid,normal,below,low,flat,mid,missing,,missing,False,False,False,missing,,False,7.0,False,False,False,False,True,False,Consumer Defensive,-1.288,0.231,,,,True,False,-0.6635,0.0965,,,
TFPM,2026-08-19,good,bad,bad,missing,missing,missing,missing,2,4,False,False,False,False,bad,neutral,7,,False,mid,normal,above,low,flat,mid,missing,,missing,False,False,False,missing,,False,6.0,False,False,False,False,True,False,Basic Materials,1.711,3.239,,,,False,False,2.3355,3.1045,,,
KEYS,2026-08-19,good,bad,bad,missing,missing,missing,missing,2,4,True,False,False,False,bad,neutral,7,,False,mid,normal,above,low,down,mid,missing,,missing,False,False,False,missing,,False,8.0,False,False,False,False,True,False,Technology,-0.92,-1.039,,,,False,False,-0.2955,-1.1735,,,
INTU,2026-08-19,good,bad,bad,missing,missing,missing,missing,2,4,True,False,False,False,bad,neutral,7,,False,mid,normal,above,mid,up,mid,missing,,missing,False,False,False,missing,,False,8.0,False,False,False,False,True,False,Technology,-0.166,1.25,,,,False,False,0.4585,1.1155,,,
DGX,2026-08-19,good,bad,good,missing,missing,missing,missing,1,4,False,False,False,False,good,neutral,9,,False,mid,dead,above,mid,flat,mid,missing,,missing,False,False,False,missing,,False,6.0,False,False,False,False,True,False,Healthcare,-0.19,1.088,,,,True,False,0.43450000000000005,0.9535,,,
NBIX,2026-08-19,good,bad,good,missing,missing,missing,missing,1,4,False,False,False,False,good,neutral,9,,False,mid,normal,below,mid,flat,mid,missing,,missing,False,False,False,missing,,False,3.0,False,False,False,False,True,False,Healthcare,-1.678,-1.909,,,,True,False,-1.0534999999999999,-2.0435,,,
HAL,2026-08-19,good,bad,good,missing,missing,missing,missing,1,4,False,False,False,False,good,neutral,9,,False,mid,normal,above,mid,flat,mid,missing,,missing,False,False,False,missing,,False,11.0,False,False,False,False,True,False,Energy,1.913,0.914,,,,True,False,2.5375,0.7795000000000001,,,
WSE,2026-08-19,good,bad,bad,missing,missing,missing,missing,2,4,True,False,False,False,bad,neutral,7,,False,mid,dead,above,low,flat,mid,missing,,missing,False,False,False,missing,,False,0.0,False,False,False,False,True,False,Technology,0.08,4.077,,,,False,False,0.7045,3.9425,,,
AOS,2026-08-19,good,bad,good,missing,missing,missing,missing,1,4,False,False,False,False,good,neutral,9,,False,mid,dead,below,high,flat,mid,missing,,missing,False,False,True,missing,,False,9.0,False,False,False,False,True,False,Industrials,-2.147,-1.129,,,,False,False,-1.5224999999999997,-1.2635,,,
DEO,2026-08-19,good,bad,good,missing,missing,missing,missing,1,4,False,False,False,False,good,neutral,9,,False,mid,normal,above,low,flat,mid,missing,,missing,False,False,False,missing,,False,13.0,False,False,False,False,True,False,Consumer Defensive,1.023,1.851,,,,True,False,1.6475,1.7165,,,
TCOM,2026-08-19,good,bad,bad,missing,missing,missing,missing,2,4,True,False,False,False,bad,neutral,7,,False,mid,normal,below,low,flat,mid,missing,,missing,False,False,False,missing,,False,1.0,False,False,False,False,True,False,Consumer Cyclical,-0.172,-0.86,,,,False,False,0.45250000000000007,-0.9944999999999999,,,
VMC,2026-08-19,good,bad,bad,missing,missing,missing,missing,2,4,True,False,False,False,bad,neutral,7,,False,mid,dead,below,mid,flat,mid,missing,,missing,False,False,False,missing,,False,3.0,False,False,False,False,True,False,Basic Materials,-2.038,-0.094,,,,False,False,-1.4134999999999998,-0.2285,,,
NMIH,2026-08-19,good,bad,bad,missing,missing,missing,missing,2,4,False,False,False,False,bad,neutral,7,,False,mid,dead,above,low,flat,mid,missing,,missing,False,False,False,missing,,False,12.0,False,False,False,False,True,False,Financial,-0.591,-1.095,,,,False,False,0.033500000000000085,-1.2295,,,
VRSK,2026-08-19,good,bad,good,missing,missing,missing,missing,1,4,False,False,False,False,good,neutral,9,,False,mid,dead,below,mid,flat,mid,missing,,missing,False,False,False,missing,,False,6.0,False,False,False,False,True,False,Industrials,0.66,0.563,,,,True,False,1.2845,0.42849999999999994,,,
LMT,2026-08-19,good,bad,good,missing,missing,missing,missing,1,4,False,False,False,False,good,neutral,9,,False,mid,normal,above,low,flat,mid,missing,,missing,False,False,False,missing,,False,10.0,False,False,False,False,True,False,Industrials,-2.999,-4.342,,,,True,False,-2.3745000000000003,-4.4765,,,
NMR,2026-08-19,good,bad,bad,missing,missing,missing,missing,2,4,True,False,False,False,bad,neutral,7,,False,mid,dead,below,low,flat,mid,missing,,missing,False,False,False,missing,,False,8.0,False,False,False,False,True,False,Financial,-0.631,2.208,,,,False,False,-0.00649999999999995,2.0735,,,
DG,2026-08-19,good,bad,good,missing,missing,missing,missing,1,4,False,False,False,False,good,neutral,9,,False,mid,normal,below,mid,flat,mid,missing,,missing,False,False,False,missing,,False,8.0,False,False,False,False,True,False,Consumer Defensive,-1.414,0.899,,,,True,False,-0.7894999999999999,0.7645,,,
ITUB,2026-08-19,good,bad,bad,missing,missing,missing,missing,2,4,False,False,False,False,bad,neutral,7,,False,mid,normal,below,low,flat,mid,missing,,missing,False,False,False,missing,,False,2.0,False,False,False,False,True,False,Financial,-2.714,1.493,,,,False,False,-2.0895,1.3585,,,
RCL,2026-08-19,good,bad,bad,missing,missing,missing,missing,2,4,True,False,False,False,bad,neutral,7,,False,mid,dead,below,mid,flat,mid,missing,,missing,False,False,False,missing,,False,11.0,False,False,False,False,True,False,Consumer Cyclical,-4.305,-2.848,,,,False,False,-3.6804999999999994,-2.9825,,,
MFG,2026-08-19,good,bad,bad,missing,missing,missing,missing,2,4,False,False,False,False,bad,neutral,7,,False,mid,dead,above,low,flat,mid,missing,,missing,False,False,False,missing,,False,4.0,False,False,False,False,True,False,Financial,-0.099,1.381,,,,False,False,0.5255000000000001,1.2465,,,
UNM,2026-08-19,good,bad,bad,missing,missing,missing,missing,2,4,True,False,False,False,bad,neutral,7,,False,mid,dead,above,low,flat,mid,missing,,missing,False,False,False,missing,,False,4.0,False,False,False,False,True,False,Financial,-0.787,0.148,,,,False,False,-0.16249999999999998,0.013499999999999984,,,
OR,2026-08-19,good,bad,bad,missing,missing,missing,missing,2,4,False,False,False,False,bad,neutral,7,,False,mid,normal,above,low,flat,mid,missing,,missing,False,False,False,missing,,False,3.0,False,False,False,False,True,False,Basic Materials,1.117,3.41,,,,False,False,1.7415,3.2755,,,
CDNS,2026-08-19,good,bad,bad,missing,missing,missing,missing,2,4,True,False,False,False,bad,neutral,7,,False,mid,dead,below,low,flat,mid,missing,,missing,False,False,False,missing,,False,7.0,False,False,False,False,True,False,Technology,-0.441,1.283,,,,False,False,0.18350000000000005,1.1484999999999999,,,
CCJ,2026-08-19,good,bad,good,missing,missing,missing,missing,1,4,False,False,False,False,good,neutral,9,,False,mid,normal,above,low,flat,mid,missing,,missing,False,False,False,missing,,False,-2.0,False,False,False,False,True,False,Energy,-2.439,4.623,,,,True,False,-1.8145,4.4885,,,
BNS,2026-08-19,good,bad,bad,missing,missing,missing,missing,2,4,False,False,False,False,bad,neutral,7,,False,mid,dead,above,low,flat,mid,missing,,missing,False,False,False,missing,,False,11.0,False,False,False,False,True,False,Financial,-1.425,-0.137,,,,False,False,-0.8005,-0.2715,,,
ULTA,2026-08-19,good,bad,bad,missing,missing,missing,missing,2,4,True,False,False,False,bad,neutral,7,,False,mid,normal,above,mid,flat,mid,missing,,missing,False,False,False,missing,,False,5.0,False,False,False,False,True,False,Consumer Cyclical,-2.408,-1.211,,,,False,False,-1.7834999999999999,-1.3455000000000001,,,
ITW,2026-08-19,good,bad,good,missing,missing,missing,missing,1,4,False,False,False,False,good,neutral,9,,False,mid,dead,below,mid,flat,mid,missing,,missing,False,False,False,missing,,False,10.0,False,False,False,False,True,False,Industrials,-0.531,-0.69,,,,True,False,0.09350000000000003,-0.8245,,,
ISRG,2026-08-19,good,bad,good,missing,missing,missing,missing,1,4,False,False,False,False,good,neutral,9,,False,mid,dead,above,low,flat,mid,missing,,missing,False,False,False,missing,,False,3.0,False,False,False,False,True,False,Healthcare,-5.843,-4.755,,,,True,False,-5.2185,-4.8895,,,
CDW,2026-08-19,good,bad,bad,missing,missing,missing,missing,2,4,True,False,False,False,bad,neutral,7,,False,mid,dead,below,mid,flat,mid,missing,,missing,False,False,False,missing,,False,12.0,False,False,False,False,True,False,Technology,-2.668,0.036,,,,False,False,-2.0435,-0.0985,,,
TMO,2026-08-19,good,bad,good,missing,missing,missing,missing,1,4,False,False,False,False,good,neutral,9,,False,mid,dead,above,low,flat,mid,missing,,missing,False,False,False,missing,,False,5.0,False,False,False,False,True,False,Healthcare,2.283,2.564,,,,True,False,2.9074999999999998,2.4295,,,
DLR,2026-08-19,good,bad,bad,missing,missing,missing,missing,2,4,True,False,False,False,bad,neutral,7,,False,mid,dead,above,low,flat,mid,missing,,missing,False,False,False,missing,,False,11.0,False,False,False,False,True,False,Real Estate,1.014,-0.899,,,,False,False,1.6385,-1.0335,,,
PR,2026-08-19,good,bad,good,missing,missing,missing,missing,1,4,False,False,False,False,good,neutral,9,,False,mid,normal,above,low,flat,mid,missing,,missing,False,False,False,missing,,False,11.0,False,False,False,False,True,False,Energy,3.692,3.171,,,,True,False,4.3165000000000004,3.0364999999999998,,,
SIGI,2026-08-19,good,bad,bad,missing,missing,missing,missing,2,4,False,False,False,False,bad,neutral,7,,False,mid,dead,below,low,flat,mid,missing,,missing,False,False,False,missing,,False,5.0,False,False,False,False,True,False,Financial,1.091,1.826,,,,False,False,1.7155,1.6915,,,
EDU,2026-08-19,good,bad,good,missing,missing,missing,missing,1,4,False,False,False,False,good,neutral,9,,False,mid,dead,above,low,flat,mid,missing,,missing,False,False,False,missing,,False,1.0,False,False,False,False,True,False,Consumer Defensive,-3.463,-1.899,,,,True,False,-2.8385,-2.0335,,,
EC,2026-08-19,good,bad,good,missing,missing,missing,missing,1,4,False,False,False,False,good,neutral,9,,False,mid,dead,above,low,flat,mid,missing,,missing,False,False,False,missing,,False,10.0,False,False,False,False,True,False,Energy,-1.342,-2.012,,,,True,False,-0.7175,-2.1465,,,
DIS,2026-08-19,good,bad,bad,missing,missing,missing,missing,2,4,True,False,False,False,bad,neutral,7,,False,mid,dead,above,low,flat,mid,missing,,missing,False,False,False,missing,,False,7.0,False,False,False,False,True,False,Communication Services,0.365,0.795,,,,False,False,0.9895,0.6605000000000001,,,
HPQ,2026-08-19,good,bad,bad,missing,missing,missing,missing,2,4,True,False,False,False,bad,neutral,7,,False,mid,dead,above,high,flat,mid,missing,,missing,False,False,False,missing,,False,6.0,False,False,False,False,True,False,Technology,-1.57,-0.768,,,,False,False,-0.9455,-0.9025000000000001,,,
SNY,2026-08-19,good,bad,good,missing,missing,missing,missing,1,4,False,False,False,False,good,neutral,9,,False,mid,normal,above,low,flat,mid,missing,,missing,False,False,False,missing,,False,11.0,False,False,False,False,True,False,Healthcare,-1.484,0.044,,,,True,False,-0.8594999999999999,-0.09050000000000001,,,
HMY,2026-08-19,good,bad,bad,missing,missing,missing,missing,2,4,False,False,False,False,bad,neutral,7,,False,mid,normal,above,low,flat,mid,missing,,missing,False,False,False,missing,,False,2.0,False,False,False,False,True,False,Basic Materials,4.41,11.617,,,,False,False,5.0345,11.482500000000002,,,
DHI,2026-08-19,good,bad,bad,missing,missing,missing,missing,2,4,True,False,False,False,bad,neutral,7,,False,mid,dead,below,mid,flat,mid,missing,,missing,False,False,False,missing,,False,9.0,False,False,False,False,True,False,Consumer Cyclical,-2.983,-2.311,,,,False,False,-2.3585000000000003,-2.4455,,,
LOGI,2026-08-19,good,bad,bad,missing,missing,missing,missing,2,4,True,False,False,False,bad,neutral,7,,False,mid,normal,below,high,flat,mid,missing,,missing,False,False,False,missing,,False,5.0,False,False,False,False,True,False,Technology,-5.106,-4.419,,,,False,False,-4.4815,-4.5535,,,
WCN,2026-08-19,good,bad,good,missing,missing,missing,missing,1,4,False,False,False,False,good,neutral,9,,False,mid,dead,below,low,flat,mid,missing,,missing,False,False,False,missing,,False,11.0,False,False,False,False,True,False,Industrials,-0.249,0.385,,,,True,False,0.37550000000000006,0.2505,,,
PTC,2026-08-19,good,bad,bad,missing,missing,missing,missing,2,4,True,False,False,False,bad,neutral,7,,False,mid,dead,above,mid,flat,mid,missing,,missing,False,False,False,missing,,False,3.0,False,False,False,False,True,False,Technology,0.708,1.469,,,,False,False,1.3325,1.3345,,,
ECL,2026-08-19,good,bad,bad,missing,missing,missing,missing,2,4,False,False,False,False,bad,neutral,7,,False,mid,normal,above,low,flat,mid,missing,,missing,False,False,False,missing,,False,5.0,False,False,False,False,True,False,Basic Materials,-1.449,-1.397,,,,False,False,-0.8245,-1.5315,,,
SHW,2026-08-19,good,bad,bad,missing,missing,missing,missing,2,4,False,False,False,False,bad,neutral,7,,False,mid,dead,above,low,flat,mid,missing,,missing,False,False,False,missing,,False,8.0,False,False,False,False,True,False,Basic Materials,-1.889,-1.753,,,,False,False,-1.2645,-1.8875,,,
HAS,2026-08-19,good,bad,bad,missing,missing,missing,missing,2,4,True,False,False,False,bad,neutral,7,,False,mid,dead,above,mid,flat,mid,missing,,missing,False,False,False,missing,,False,7.0,False,False,False,False,True,False,Consumer Cyclical,0.246,0.225,,,,False,False,0.8705,0.0905,,,
WBS,2026-08-19,good,bad,bad,missing,missing,missing,missing,2,4,False,False,False,False,bad,neutral,7,,False,mid,hot,above,mid,flat,mid,missing,,missing,False,False,False,missing,,False,2.0,False,False,False,False,True,False,Financial,0.0,,,,,False,False,0.6245,,,,
SMFG,2026-08-19,good,bad,bad,missing,missing,missing,missing,2,4,False,False,False,False,bad,neutral,7,,False,mid,dead,above,low,flat,mid,missing,,missing,False,False,False,missing,,False,9.0,False,False,False,False,True,False,Financial,-0.122,1.954,,,,False,False,0.5025000000000001,1.8195,,,
ABBV,2026-08-19,good,bad,good,missing,missing,missing,missing,1,4,False,False,False,False,good,neutral,9,,False,mid,dead,above,low,flat,mid,missing,,missing,False,False,True,missing,,False,7.0,False,False,False,False,True,False,Healthcare,-1.557,-0.38,,,,False,False,-0.9324999999999999,-0.5145,,,
ATAT,2026-08-19,good,bad,bad,missing,missing,missing,missing,2,4,True,False,False,False,bad,neutral,7,,False,mid,normal,above,low,flat,mid,missing,,missing,False,False,False,missing,,False,8.0,False,False,False,False,True,False,Consumer Cyclical,-7.432,-6.081,,,,False,False,-6.8075,-6.2155000000000005,,,
SKM,2026-08-19,good,bad,bad,missing,missing,missing,missing,2,4,True,False,False,False,bad,neutral,7,,False,mid,normal,above,low,down,extended,missing,,missing,False,False,False,missing,,False,11.0,False,False,False,False,True,False,Communication Services,-1.11,4.001,,,,False,False,-0.48550000000000004,3.8665000000000003,,,
WAB,2026-08-19,good,bad,good,missing,missing,missing,missing,1,4,False,False,False,False,good,neutral,9,,False,mid,normal,below,low,flat,mid,missing,,missing,False,False,False,missing,,False,9.0,False,False,False,False,True,False,Industrials,0.027,1.827,,,,True,False,0.6515000000000001,1.6925,,,
WB,2026-08-19,good,bad,bad,missing,missing,missing,missing,2,4,True,False,False,False,bad,neutral,7,,False,mid,normal,below,high,flat,mid,missing,,missing,False,False,False,missing,,False,-1.0,False,False,False,False,True,False,Communication Services,-4.005,-6.142,,,,False,False,-3.3804999999999996,-6.2765,,,
DVA,2026-08-19,good,bad,good,missing,missing,missing,missing,1,4,False,False,False,False,good,neutral,9,,False,oversold,dead,below,mid,flat,mid,missing,,missing,False,False,False,missing,,False,1.0,False,False,False,False,True,False,Healthcare,-1.145,-1.946,,,,True,False,-0.5205,-2.0805,,,
ARM,2026-08-19,good,bad,bad,missing,missing,missing,missing,2,4,True,False,False,False,bad,neutral,7,,False,mid,normal,below,low,down,mid,missing,,missing,False,False,True,missing,,False,8.0,False,False,False,False,True,False,Technology,0.553,-2.414,,,,False,False,1.1775000000000002,-2.5485,,,
PSLV,2026-08-19,good,bad,bad,missing,missing,missing,missing,2,4,False,False,False,False,bad,neutral,7,,False,mid,normal,above,low,flat,mid,missing,,missing,False,False,False,missing,,False,-5.0,False,False,False,False,True,False,Financial,3.469,5.643,,,,False,False,4.0935,5.5085,,,
SLF,2026-08-19,good,bad,bad,missing,missing,missing,missing,2,4,False,False,False,False,bad,neutral,7,,False,mid,dead,below,low,flat,mid,missing,,missing,False,False,False,missing,,False,9.0,False,False,False,False,True,False,Financial,-1.547,-0.642,,,,False,False,-0.9224999999999999,-0.7765,,,
WIT,2026-08-19,good,bad,bad,missing,missing,missing,missing,2,4,True,False,False,False,bad,neutral,7,,False,mid,dead,below,low,flat,mid,missing,,missing,False,False,False,missing,,False,-6.0,False,False,False,False,True,False,Technology,-2.051,-3.077,,,,False,False,-1.4265,-3.2115,,,
ARCC,2026-08-19,good,bad,bad,missing,missing,missing,missing,2,4,False,False,False,False,bad,neutral,7,,False,mid,dead,above,mid,flat,mid,missing,,missing,False,True,False,missing,,False,5.0,False,False,False,False,True,False,Financial,-0.101,0.606,,,,False,False,0.5235000000000001,0.4715,,,
DOCU,2026-08-19,good,bad,bad,missing,missing,missing,missing,2,4,True,False,False,False,bad,neutral,7,,False,mid,normal,above,mid,flat,mid,missing,,missing,False,False,False,missing,,False,12.0,False,False,False,False,True,False,Technology,0.274,-0.177,,,,False,False,0.8985000000000001,-0.3115,,,
DOV,2026-08-19,good,bad,good,missing,missing,missing,missing,1,4,False,False,False,False,good,neutral,9,,False,mid,dead,below,low,flat,mid,missing,,missing,False,False,False,missing,,False,-2.0,False,False,False,False,True,False,Industrials,-1.235,-0.227,,,,True,False,-0.6105,-0.36150000000000004,,,
FINV,2026-08-19,good,bad,bad,missing,missing,missing,missing,2,4,False,False,False,False,bad,neutral,7,,False,mid,dead,below,mid,flat,mid,missing,,missing,False,False,False,missing,,False,4.0,False,False,False,False,True,False,Financial,-0.452,-1.584,,,,False,False,0.17250000000000004,-1.7185000000000001,,,
FUTU,2026-08-19,good,bad,bad,missing,missing,missing,missing,2,4,True,False,False,False,bad,neutral,7,,False,mid,dead,above,mid,flat,mid,missing,,missing,False,False,False,missing,,False,1.0,False,False,False,False,True,False,Financial,3.025,12.996,,,,False,False,3.6494999999999997,12.861500000000001,,,
FFIN,2026-08-19,good,bad,bad,missing,missing,missing,missing,2,4,False,False,False,False,bad,neutral,7,,False,mid,dead,below,mid,flat,mid,missing,,missing,False,False,False,missing,,False,8.0,False,False,False,False,True,False,Financial,0.322,0.029,,,,False,False,0.9465000000000001,-0.10550000000000001,,,
BR,2026-08-19,good,bad,bad,missing,missing,missing,missing,2,4,False,False,False,False,bad,neutral,7,,False,mid,normal,above,mid,flat,mid,missing,,missing,False,False,False,missing,,False,9.0,False,False,False,False,True,False,Technology,1.403,3.494,,,,False,False,2.0275,3.3595,,,
TXT,2026-08-19,good,bad,good,missing,missing,missing,missing,1,4,False,False,False,False,good,neutral,9,,False,mid,dead,below,mid,flat,mid,missing,,missing,False,False,False,missing,,False,10.0,False,False,False,False,True,False,Industrials,-2.225,-3.871,,,,True,False,-1.6005,-4.0055,,,
SYY,2026-08-19,good,bad,good,missing,missing,missing,missing,1,4,False,False,False,False,good,neutral,9,,False,mid,dead,below,mid,flat,mid,missing,,missing,False,False,False,missing,,False,7.0,False,False,False,False,True,False,Consumer Defensive,0.728,1.989,,,,True,False,1.3525,1.8545,,,
SU,2026-08-19,good,bad,good,missing,missing,missing,missing,1,4,False,False,False,False,good,neutral,9,,False,mid,dead,above,low,flat,mid,missing,,missing,False,False,False,missing,,False,14.0,False,False,False,False,True,False,Energy,0.697,1.408,,,,True,False,1.3215,1.2734999999999999,,,
CRM,2026-08-19,good,bad,bad,missing,missing,missing,missing,2,4,True,False,False,False,bad,neutral,7,,False,mid,dead,above,mid,flat,mid,missing,,missing,False,False,False,missing,,False,8.0,False,False,False,False,True,False,Technology,,,,,,False,False,,,,,
SWKS,2026-08-19,good,bad,bad,missing,missing,missing,missing,2,4,True,False,False,False,bad,neutral,7,,False,mid,normal,above,high,flat,mid,missing,,missing,False,False,False,missing,,False,9.0,False,False,False,False,True,False,Technology,-0.789,-1.957,,,,False,False,-0.16449999999999998,-2.0915,,,
NWG,2026-08-19,good,bad,bad,missing,missing,missing,missing,2,4,False,False,False,False,bad,neutral,7,,False,mid,normal,below,low,flat,mid,missing,,missing,False,False,False,missing,,False,12.0,False,False,False,False,True,False,Financial,-0.543,1.141,,,,False,False,0.08150000000000002,1.0065,,,
PFS,2026-08-19,good,bad,bad,missing,missing,missing,missing,2,4,False,False,False,False,bad,neutral,7,,False,mid,dead,below,mid,flat,mid,missing,,missing,False,False,False,missing,,False,9.0,False,False,False,False,True,False,Financial,-0.042,0.042,,,,False,False,0.5825,-0.0925,,,
IMO,2026-08-19,good,bad,good,missing,missing,missing,missing,1,4,False,False,False,False,good,neutral,9,,False,mid,normal,above,high,flat,mid,missing,,missing,False,False,False,missing,,False,7.0,False,False,False,False,True,False,Energy,0.544,1.418,,,,True,False,1.1685,1.2834999999999999,,,
HBAN,2026-08-19,good,bad,bad,missing,missing,missing,missing,2,4,False,False,False,False,bad,neutral,7,,False,mid,dead,above,low,flat,mid,missing,,missing,False,False,False,missing,,False,8.0,False,False,False,False,True,False,Financial,-0.932,-0.815,,,,False,False,-0.3075,-0.9495,,,
NFG,2026-08-19,good,bad,good,missing,missing,missing,missing,1,4,False,False,False,False,good,neutral,9,,False,mid,dead,above,mid,flat,mid,missing,,missing,False,False,False,missing,,False,9.0,False,False,False,False,True,False,Energy,0.431,-1.316,,,,True,False,1.0555,-1.4505000000000001,,,
ADBE,2026-08-19,good,bad,bad,missing,missing,missing,missing,2,4,True,False,False,False,bad,neutral,7,,False,mid,normal,above,mid,flat,mid,missing,,missing,False,False,True,missing,,False,8.0,False,False,False,False,True,False,Technology,-0.092,1.039,,,,False,False,0.5325000000000001,0.9044999999999999,,,
RELX,2026-08-19,good,bad,good,missing,missing,missing,missing,1,4,False,False,False,False,good,neutral,9,,False,mid,normal,below,low,flat,mid,missing,,missing,False,False,False,missing,,False,2.0,False,False,False,False,True,False,Industrials,0.798,2.308,,,,True,False,1.4225,2.1734999999999998,,,
BTG,2026-08-19,good,bad,bad,missing,missing,missing,missing,2,4,False,False,False,False,bad,neutral,7,,False,mid,normal,above,mid,flat,mid,missing,,missing,False,False,False,missing,,False,-1.0,False,False,False,False,True,False,Basic Materials,2.087,4.744,,,,False,False,2.7115,4.6095,,,
UBS,2026-08-19,good,bad,bad,missing,missing,missing,missing,2,4,False,False,False,False,bad,neutral,7,,False,mid,normal,below,low,flat,mid,missing,,missing,False,False,False,missing,,False,4.0,False,False,False,False,True,False,Financial,0.132,0.301,,,,False,False,0.7565000000000001,0.16649999999999998,,,
TX,2026-08-19,good,bad,bad,missing,missing,missing,missing,2,4,False,False,False,False,bad,neutral,7,,False,mid,dead,above,low,flat,mid,missing,,missing,False,False,False,missing,,False,6.0,False,False,False,False,True,False,Basic Materials,0.389,2.685,,,,False,False,1.0135,2.5505,,,
TUYA,2026-08-19,good,bad,bad,missing,missing,missing,missing,2,4,True,False,False,False,bad,neutral,7,,False,mid,dead,above,low,flat,mid,missing,,missing,False,False,False,missing,,False,9.0,False,False,False,False,True,False,Technology,-2.778,0.0,,,,False,False,-2.1535,-0.1345,,,
MLI,2026-08-19,good,bad,good,missing,missing,missing,missing,1,4,False,False,False,False,good,neutral,9,,False,mid,dead,below,low,flat,mid,missing,,missing,False,False,False,missing,,False,6.0,False,False,False,False,True,False,Industrials,-1.227,0.781,,,,True,False,-0.6025,0.6465000000000001,,,
UBER,2026-08-19,good,bad,bad,missing,missing,missing,missing,2,4,True,False,False,False,bad,neutral,7,,False,mid,normal,above,low,flat,mid,missing,,missing,False,False,False,missing,,False,0.0,False,False,False,False,True,False,Technology,0.654,0.974,,,,False,False,1.2785000000000002,0.8394999999999999,,,
BVN,2026-08-19,good,bad,bad,missing,missing,missing,missing,2,4,False,False,False,False,bad,neutral,7,,False,mid,dead,above,low,flat,mid,missing,,missing,False,False,False,missing,,False,-3.0,False,False,False,False,True,False,Basic Materials,0.53,4.385,,,,False,False,1.1545,4.2505,,,
ASML,2026-08-19,good,bad,bad,missing,missing,missing,missing,2,4,True,False,False,False,bad,neutral,7,,False,mid,normal,above,low,down,mid,missing,,missing,False,False,False,missing,,False,9.0,False,False,False,False,True,False,Technology,-0.081,0.687,,,,False,False,0.5435000000000001,0.5525,,,
ASND,2026-08-19,good,bad,good,missing,missing,missing,missing,1,4,False,False,False,False,good,neutral,9,,False,mid,dead,above,mid,flat,mid,missing,,missing,False,True,True,missing,,False,11.0,False,False,False,False,True,False,Healthcare,-1.853,-2.438,,,,False,False,-1.2285,-2.5725000000000002,,,
ABVX,2026-08-19,good,bad,good,missing,missing,missing,missing,1,4,False,False,False,False,good,neutral,9,,False,mid,dead,below,mid,flat,mid,missing,,missing,False,False,False,missing,,False,1.0,False,False,False,False,True,False,Healthcare,-1.962,-4.653,,,,True,False,-1.3375,-4.7875,,,
RGLD,2026-08-19,good,bad,bad,missing,missing,missing,missing,2,4,False,False,False,False,bad,neutral,7,,False,mid,normal,above,mid,flat,mid,missing,,missing,False,False,False,missing,,False,0.0,False,False,False,False,True,False,Basic Materials,1.701,4.381,,,,False,False,2.3255,4.2465,,,
ABNB,2026-08-19,good,bad,bad,missing,missing,missing,missing,2,4,True,False,False,False,bad,neutral,7,,False,overbought,normal,above,mid,flat,mid,missing,,missing,False,False,True,missing,,False,12.0,False,False,False,False,True,False,Consumer Cyclical,-0.746,0.488,,,,False,False,-0.12149999999999994,0.3535,,,
JCI,2026-08-19,good,bad,good,missing,missing,missing,missing,1,4,False,False,False,False,good,neutral,9,,False,mid,normal,above,low,flat,mid,missing,,missing,False,False,False,missing,,False,11.0,False,False,False,False,True,False,Industrials,-1.228,-1.304,,,,True,False,-0.6034999999999999,-1.4385000000000001,,,
XYL,2026-08-19,good,bad,good,missing,missing,missing,missing,1,4,False,False,False,False,good,neutral,9,,False,mid,normal,below,mid,flat,mid,missing,,missing,False,False,False,missing,,False,3.0,False,False,False,False,True,False,Industrials,-2.384,-2.401,,,,True,False,-1.7594999999999998,-2.5355,,,
AEM,2026-08-19,good,bad,bad,missing,missing,missing,missing,2,4,True,False,False,False,bad,neutral,7,,False,overbought,normal,above,low,flat,mid,missing,,missing,False,False,False,missing,,False,6.0,False,False,False,False,True,False,Basic Materials,2.08,4.015,,,,False,False,2.7045000000000003,3.8804999999999996,,,
YPF,2026-08-19,neutral,bad,good,missing,missing,missing,missing,1,4,False,False,True,False,neutral,neutral,8,,False,mid,normal,above,low,flat,mid,missing,,missing,False,False,False,missing,,False,9.0,False,False,False,False,False,False,Energy,1.718,2.237,,,,False,False,2.3425000000000002,2.1025,,,
RERE,2026-08-19,neutral,bad,bad,missing,missing,missing,missing,2,4,True,False,False,False,neutral,bad,6,,False,mid,normal,above,low,flat,mid,missing,,missing,False,False,False,missing,,False,11.0,False,False,False,False,False,False,Consumer Cyclical,-11.111,-9.368,,,,False,False,-10.486500000000001,-9.5025,,,
FR,2026-08-19,neutral,bad,bad,missing,missing,missing,missing,2,4,False,False,False,False,neutral,bad,6,,False,mid,dead,below,low,flat,mid,missing,,missing,False,False,False,missing,,False,5.0,False,False,False,False,False,False,Real Estate,-0.223,0.271,,,,False,False,0.4015000000000001,0.1365,,,
OTIS,2026-08-19,neutral,bad,good,missing,missing,missing,missing,1,4,False,False,False,False,neutral,neutral,8,,False,mid,normal,below,mid,flat,mid,missing,,missing,False,False,False,missing,,False,7.0,False,False,False,False,False,False,Industrials,-0.25,-0.639,,,,False,False,0.37450000000000006,-0.7735000000000001,,,
OVV,2026-08-19,neutral,bad,good,missing,missing,missing,missing,1,4,False,False,True,False,neutral,neutral,8,,False,mid,normal,above,mid,flat,mid,missing,,missing,False,False,False,missing,,False,7.0,False,False,False,False,False,False,Energy,1.739,1.922,,,,False,False,2.3635,1.7874999999999999,,,
ADSK,2026-08-19,neutral,bad,bad,missing,missing,missing,missing,2,4,True,False,False,False,neutral,bad,6,,False,mid,dead,above,mid,flat,mid,missing,,missing,False,True,True,missing,,False,9.0,False,False,False,False,False,False,Technology,-0.107,1.011,,,,False,False,0.5175000000000001,0.8764999999999998,,,
MLM,2026-08-19,neutral,bad,bad,missing,missing,missing,missing,2,4,False,False,False,False,neutral,bad,6,,False,mid,normal,below,mid,flat,mid,missing,,missing,False,False,False,missing,,False,5.0,False,False,False,False,False,False,Basic Materials,-1.916,-0.114,,,,False,False,-1.2914999999999999,-0.2485,,,
FTI,2026-08-19,neutral,bad,good,missing,missing,missing,missing,1,4,False,False,True,False,neutral,neutral,8,,False,mid,dead,above,mid,flat,mid,missing,,missing,False,False,False,missing,,False,12.0,False,False,False,False,False,False,Energy,0.779,0.558,,,,False,False,1.4035000000000002,0.42350000000000004,,,
BXP,2026-08-19,neutral,bad,bad,missing,missing,missing,missing,2,4,True,False,False,False,neutral,bad,6,,False,mid,dead,below,mid,flat,mid,missing,,missing,False,False,False,missing,,False,13.0,False,False,False,False,False,False,Real Estate,0.833,0.669,,,,False,False,1.4575,0.5345,,,
UCB,2026-08-19,neutral,bad,bad,missing,missing,missing,missing,2,4,False,False,False,False,neutral,bad,6,,False,mid,dead,above,mid,flat,mid,missing,,missing,False,False,False,missing,,False,3.0,False,False,False,False,False,False,Financial,-0.615,-0.476,,,,False,False,0.009500000000000064,-0.6105,,,
AER,2026-08-19,neutral,bad,good,missing,missing,missing,missing,1,4,False,False,False,False,neutral,neutral,8,,False,mid,dead,below,low,flat,mid,missing,,missing,False,False,True,missing,,False,11.0,False,False,False,False,False,False,Industrials,-0.951,-1.289,,,,False,False,-0.3264999999999999,-1.4235,,,
TXN,2026-08-19,neutral,bad,bad,missing,missing,missing,missing,2,4,True,False,False,False,neutral,bad,6,,False,mid,dead,below,low,flat,mid,missing,,missing,False,False,False,missing,,False,7.0,False,False,False,False,False,False,Technology,-0.692,-1.155,,,,False,False,-0.0674999999999999,-1.2895,,,
BUSE,2026-08-19,neutral,bad,bad,missing,missing,missing,missing,2,4,False,False,False,False,neutral,bad,6,,False,mid,normal,below,mid,flat,mid,missing,,missing,False,False,False,missing,,False,2.0,False,False,False,False,False,False,Financial,-0.099,0.198,,,,False,False,0.5255000000000001,0.0635,,,
TSEM,2026-08-19,neutral,bad,bad,missing,missing,missing,missing,2,4,True,False,False,False,neutral,bad,6,,False,mid,normal,above,low,down,mid,missing,,missing,False,False,False,missing,,False,10.0,False,False,False,False,False,False,Technology,-1.183,-1.709,,,,False,False,-0.5585,-1.8435000000000001,,,
NFLX,2026-08-19,neutral,bad,bad,missing,missing,missing,missing,2,4,True,False,False,False,neutral,bad,6,,False,mid,normal,above,low,flat,mid,missing,,missing,False,False,False,missing,,False,6.0,False,False,False,False,False,False,Communication Services,-0.1,-0.785,,,,False,False,0.5245000000000001,-0.9195,,,
ASC,2026-08-19,neutral,bad,good,missing,missing,missing,missing,1,4,False,False,False,False,neutral,neutral,8,,False,mid,dead,above,mid,flat,extended,missing,,missing,False,False,True,missing,,False,11.0,False,False,False,False,False,False,Industrials,-1.088,0.054,,,,False,False,-0.4635,-0.08050000000000002,,,
SLB,2026-08-19,neutral,bad,good,missing,missing,missing,missing,1,4,False,False,True,False,neutral,neutral,8,,False,mid,dead,above,mid,flat,mid,missing,,missing,False,False,False,missing,,False,8.0,False,False,False,False,False,False,Energy,0.0,0.598,,,,False,False,0.6245,0.46349999999999997,,,
DTE,2026-08-19,neutral,bad,good,missing,missing,missing,missing,1,4,False,False,True,False,neutral,neutral,8,,False,mid,dead,below,low,flat,mid,missing,,missing,False,False,False,missing,,False,6.0,False,False,False,False,False,False,Utilities,-0.74,-2.845,,,,False,False,-0.11549999999999994,-2.9795000000000003,,,
WELL,2026-08-19,neutral,bad,bad,missing,missing,missing,missing,2,4,True,False,False,False,neutral,bad,6,,False,mid,dead,below,low,flat,mid,missing,,missing,False,False,False,missing,,False,5.0,False,False,False,False,False,False,Real Estate,0.708,1.481,,,,False,False,1.3325,1.3465,,,
PSO,2026-08-19,neutral,bad,bad,missing,missing,missing,missing,2,4,True,False,False,False,neutral,bad,6,,False,mid,normal,below,low,flat,mid,missing,,missing,False,False,False,missing,,False,7.0,False,False,False,False,False,False,Communication Services,0.062,1.37,,,,False,False,0.6865000000000001,1.2355,,,
WAT,2026-08-19,neutral,bad,good,missing,missing,missing,missing,1,4,False,False,True,False,neutral,neutral,8,,False,mid,normal,above,mid,flat,mid,missing,,missing,False,False,False,missing,,False,10.0,False,False,False,False,False,False,Healthcare,-2.681,-1.236,,,,False,False,-2.0564999999999998,-1.3705,,,
WDAY,2026-08-19,neutral,bad,bad,missing,missing,missing,missing,2,4,True,False,False,False,neutral,bad,6,,False,mid,dead,above,high,flat,mid,missing,,missing,False,False,False,missing,,False,10.0,False,False,False,False,False,False,Technology,-0.554,0.801,,,,False,False,0.07050000000000001,0.6665000000000001,,,
ARIS,2026-08-19,neutral,bad,bad,missing,missing,missing,missing,2,4,False,False,True,False,neutral,bad,6,,False,mid,normal,above,low,flat,mid,missing,,missing,False,False,False,missing,,False,6.0,False,False,False,False,False,False,Basic Materials,2.958,6.374,,,,False,False,3.5825000000000005,6.2395,,,
LYG,2026-08-19,neutral,bad,bad,missing,missing,missing,missing,2,4,False,False,True,False,neutral,bad,6,,False,mid,normal,below,low,flat,mid,missing,,missing,False,False,False,missing,,False,1.0,False,False,False,False,False,False,Financial,-0.673,1.347,,,,False,False,-0.04849999999999999,1.2125,,,
DOX,2026-08-19,neutral,bad,bad,missing,missing,missing,missing,2,4,True,False,False,False,neutral,bad,6,,False,mid,dead,above,high,flat,mid,missing,,missing,False,False,False,missing,,False,1.0,False,False,False,False,False,False,Technology,1.146,1.976,,,,False,False,1.7705,1.8415,,,
WDC,2026-08-19,neutral,bad,bad,missing,missing,missing,missing,2,4,True,False,False,False,neutral,bad,6,,False,mid,normal,above,mid,down,extended,missing,,missing,False,False,False,missing,,False,9.0,False,False,False,False,False,False,Technology,1.506,-0.573,,,,False,False,2.1305,-0.7075,,,
SNDK,2026-08-19,neutral,bad,bad,missing,missing,missing,missing,2,4,True,False,False,False,neutral,bad,6,,False,mid,normal,above,mid,down,extended,missing,,missing,False,False,False,missing,,False,10.0,False,False,False,False,False,False,Technology,2.024,1.734,,,,False,False,2.6485000000000003,1.5995,,,
SJM,2026-08-19,neutral,bad,good,missing,missing,missing,missing,1,4,False,False,True,False,neutral,neutral,8,,False,mid,dead,above,mid,flat,mid,missing,,missing,False,False,False,missing,,False,9.0,False,False,False,False,False,False,Consumer Defensive,0.171,1.205,,,,False,False,0.7955000000000001,1.0705,,,
SKHY,2026-08-19,neutral,bad,bad,missing,missing,missing,missing,2,4,True,False,False,False,neutral,bad,6,,False,mid,normal,above,low,down,extended,missing,,missing,False,False,False,missing,,False,1.0,False,False,False,False,False,False,Technology,4.431,4.643,,,,False,False,5.0555,4.5085,,,
DOC,2026-08-19,neutral,bad,bad,missing,missing,missing,missing,2,4,False,False,False,False,neutral,bad,6,,False,mid,dead,below,mid,flat,mid,missing,,missing,False,False,False,missing,,False,4.0,False,False,False,False,False,False,Real Estate,2.119,3.083,,,,False,False,2.7435,2.9485,,,
DOW,2026-08-19,neutral,bad,bad,missing,missing,missing,missing,2,4,False,False,False,False,neutral,bad,6,,False,mid,dead,above,mid,flat,mid,missing,,missing,False,False,False,missing,,False,4.0,False,False,False,False,False,False,Basic Materials,3.622,1.89,,,,False,False,4.2465,1.7554999999999998,,,
WLY,2026-08-19,neutral,bad,bad,missing,missing,missing,missing,2,4,True,False,False,False,neutral,bad,6,,False,mid,dead,below,high,flat,mid,missing,,missing,False,False,False,missing,,False,8.0,False,False,False,False,False,False,Communication Services,0.212,-0.75,,,,False,False,0.8365,-0.8845000000000001,,,
SONY,2026-08-19,neutral,bad,bad,missing,missing,missing,missing,2,4,True,False,False,False,neutral,bad,6,,False,mid,normal,above,low,flat,mid,missing,,missing,False,False,False,missing,,False,8.0,False,False,False,False,False,False,Technology,0.383,1.831,,,,False,False,1.0075,1.6965,,,
DRI,2026-08-19,neutral,bad,bad,missing,missing,missing,missing,2,4,True,False,False,False,neutral,bad,6,,False,mid,dead,above,mid,flat,mid,missing,,missing,False,False,False,missing,,False,2.0,False,False,False,False,False,False,Consumer Cyclical,-1.776,-0.131,,,,False,False,-1.1515,-0.2655,,,
PSA,2026-08-19,neutral,bad,bad,missing,missing,missing,missing,2,4,False,False,False,False,neutral,bad,6,,False,mid,dead,above,mid,flat,mid,missing,,missing,False,False,False,missing,,False,9.0,False,False,False,False,False,False,Real Estate,-0.735,-0.812,,,,False,False,-0.11049999999999993,-0.9465000000000001,,,
HWM,2026-08-19,neutral,bad,good,missing,missing,missing,missing,1,4,False,False,False,False,neutral,neutral,8,,False,mid,dead,above,low,flat,mid,missing,,missing,False,False,False,missing,,False,11.0,False,False,False,False,False,False,Industrials,-3.471,-4.163,,,,False,False,-2.8465,-4.2975,,,
HWC,2026-08-19,neutral,bad,bad,missing,missing,missing,missing,2,4,False,False,False,False,neutral,bad,6,,False,mid,dead,above,mid,flat,mid,missing,,missing,False,False,False,missing,,False,6.0,False,False,False,False,False,False,Financial,-0.617,-0.985,,,,False,False,0.007500000000000062,-1.1195,,,
DCI,2026-08-19,neutral,bad,good,missing,missing,missing,missing,1,4,False,False,False,False,neutral,neutral,8,,False,mid,dead,below,low,flat,mid,missing,,missing,False,False,False,missing,,False,7.0,False,False,False,False,False,False,Industrials,-0.388,0.485,,,,False,False,0.23650000000000004,0.3505,,,
HUM,2026-08-19,neutral,bad,good,missing,missing,missing,missing,1,4,False,False,True,False,neutral,neutral,8,,False,mid,dead,above,mid,flat,mid,missing,,missing,False,False,False,missing,,False,10.0,False,False,False,False,False,False,Healthcare,0.717,0.228,,,,False,False,1.3415,0.0935,,,
LNTH,2026-08-19,neutral,bad,good,missing,missing,missing,missing,1,4,False,False,True,False,neutral,neutral,8,,False,mid,dead,below,high,flat,mid,missing,,missing,False,False,False,missing,,False,10.0,False,False,False,False,False,False,Healthcare,-0.239,-0.508,,,,False,False,0.38550000000000006,-0.6425000000000001,,,
LOW,2026-08-19,neutral,bad,bad,missing,missing,missing,missing,2,4,True,False,False,False,neutral,bad,6,,False,mid,normal,above,low,flat,mid,missing,,missing,False,False,False,missing,,False,2.0,False,False,False,False,False,False,Consumer Cyclical,-1.209,-1.777,,,,False,False,-0.5845,-1.9115,,,
HUBB,2026-08-19,neutral,bad,good,missing,missing,missing,missing,1,4,False,False,True,False,neutral,neutral,8,,False,mid,normal,below,mid,flat,mid,missing,,missing,False,False,False,missing,,False,10.0,False,False,False,False,False,False,Industrials,-1.236,-1.179,,,,False,False,-0.6114999999999999,-1.3135000000000001,,,
LIVN,2026-08-19,neutral,bad,good,missing,missing,missing,missing,1,4,False,False,True,False,neutral,neutral,8,,False,mid,normal,below,mid,flat,mid,missing,,missing,False,False,False,missing,,False,12.0,False,False,False,False,False,False,Healthcare,-3.253,-2.598,,,,False,False,-2.6285,-2.7325,,,
AR,2026-08-19,neutral,bad,good,missing,missing,missing,missing,1,4,False,False,True,False,neutral,neutral,8,,False,mid,dead,above,mid,flat,mid,missing,,missing,False,False,True,missing,,False,7.0,False,False,False,False,False,False,Energy,1.592,2.347,,,,False,False,2.2165,2.2125,,,
PRDO,2026-08-19,neutral,bad,good,missing,missing,missing,missing,1,4,False,False,True,False,neutral,neutral,8,,False,mid,dead,above,mid,flat,mid,missing,,missing,False,False,False,missing,,False,7.0,False,False,False,False,False,False,Consumer Defensive,-0.551,1.102,,,,False,False,0.07350000000000001,0.9675,,,
DLTR,2026-08-19,neutral,bad,good,missing,missing,missing,missing,1,4,False,False,True,False,neutral,neutral,8,,False,mid,dead,above,mid,flat,mid,missing,,missing,False,False,False,missing,,False,8.0,False,False,False,False,False,False,Consumer Defensive,-2.571,-0.273,,,,False,False,-1.9465000000000001,-0.40750000000000003,,,
HSIC,2026-08-19,neutral,bad,good,missing,missing,missing,missing,1,4,False,False,False,False,neutral,neutral,8,,False,mid,dead,above,mid,flat,mid,missing,,missing,False,False,False,missing,,False,11.0,False,False,False,False,False,False,Healthcare,-0.93,-0.885,,,,False,False,-0.3055,-1.0195,,,
WMS,2026-08-19,neutral,bad,good,missing,missing,missing,missing,1,4,True,False,False,False,neutral,neutral,8,,False,mid,dead,above,mid,flat,mid,missing,,missing,False,False,False,missing,,False,15.0,False,False,False,False,False,False,Industrials,-2.712,-1.83,,,,False,False,-2.0875000000000004,-1.9645000000000001,,,
EFX,2026-08-19,neutral,bad,good,missing,missing,missing,missing,1,4,False,False,True,False,neutral,neutral,8,,False,mid,normal,above,mid,flat,mid,missing,,missing,False,False,False,missing,,False,10.0,False,False,False,False,False,False,Industrials,0.161,0.271,,,,False,False,0.7855000000000001,0.1365,,,
LLY,2026-08-19,neutral,bad,good,missing,missing,missing,missing,1,4,False,False,True,False,neutral,neutral,8,,False,mid,normal,above,low,flat,mid,missing,,missing,False,False,False,missing,,False,6.0,False,False,False,False,False,False,Healthcare,-2.807,-1.948,,,,False,False,-2.1825,-2.0825,,,
DE,2026-08-19,neutral,bad,good,missing,missing,missing,missing,1,4,False,False,False,False,neutral,neutral,8,,False,mid,normal,below,low,flat,mid,missing,,missing,False,False,False,missing,,False,7.0,False,False,False,False,False,False,Industrials,6.942,11.512,,,,False,False,7.5665000000000004,11.377500000000001,,,
AVY,2026-08-19,neutral,bad,bad,missing,missing,missing,missing,2,4,True,False,False,False,neutral,bad,6,,False,mid,dead,above,mid,flat,mid,missing,,missing,False,False,True,missing,,False,11.0,False,False,False,False,False,False,Consumer Cyclical,-0.262,0.3,,,,False,False,0.36250000000000004,0.16549999999999998,,,
IAG,2026-08-19,neutral,bad,bad,missing,missing,missing,missing,2,4,False,False,False,False,neutral,bad,6,,False,mid,normal,above,low,flat,mid,missing,,missing,False,False,False,missing,,False,1.0,False,False,False,False,False,False,Basic Materials,3.955,7.201,,,,False,False,4.5795,7.0665,,,
NNN,2026-08-19,neutral,bad,bad,missing,missing,missing,missing,2,4,False,False,False,False,neutral,bad,6,,False,mid,dead,below,mid,flat,mid,missing,,missing,False,False,False,missing,,False,2.0,False,False,False,False,False,False,Real Estate,-0.324,-0.887,,,,False,False,0.30050000000000004,-1.0215,,,
PUK,2026-08-19,neutral,bad,bad,missing,missing,missing,missing,2,4,False,False,True,False,neutral,bad,6,,False,mid,hot,below,low,flat,mid,missing,,missing,False,False,False,missing,,False,11.0,False,False,False,False,False,False,Financial,-1.041,1.077,,,,False,False,-0.41649999999999987,0.9424999999999999,,,
WY,2026-08-19,neutral,bad,bad,missing,missing,missing,missing,2,4,True,False,False,False,neutral,bad,6,,False,mid,dead,below,mid,flat,mid,missing,,missing,False,False,False,missing,,False,9.0,False,False,False,False,False,False,Real Estate,0.0,-0.772,,,,False,False,0.6245,-0.9065000000000001,,,
NSC,2026-08-19,neutral,bad,good,missing,missing,missing,missing,1,4,False,False,True,False,neutral,neutral,8,,False,mid,dead,above,mid,flat,mid,missing,,missing,False,False,False,missing,,False,7.0,False,False,False,False,False,False,Industrials,0.263,1.449,,,,False,False,0.8875000000000001,1.3145,,,
SPG,2026-08-19,neutral,bad,bad,missing,missing,missing,missing,2,4,False,False,False,False,neutral,bad,6,,False,mid,dead,below,mid,flat,mid,missing,,missing,False,False,False,missing,,False,4.0,False,False,False,False,False,False,Real Estate,-1.47,-2.191,,,,False,False,-0.8454999999999999,-2.3255,,,
SF,2026-08-19,neutral,bad,bad,missing,missing,missing,missing,2,4,False,False,False,False,neutral,bad,6,,False,mid,dead,above,mid,flat,mid,missing,,missing,False,False,False,missing,,False,7.0,False,False,False,False,False,False,Financial,-3.433,-2.128,,,,False,False,-2.8084999999999996,-2.2625,,,
APGE,2026-08-19,neutral,bad,good,missing,missing,missing,missing,1,4,False,False,True,False,neutral,neutral,8,,False,overbought,dead,above,mid,flat,mid,missing,,missing,False,False,True,missing,,False,-5.0,False,False,False,False,False,False,Healthcare,0.03,0.03,,,,False,False,0.6545000000000001,-0.10450000000000001,,,
APH,2026-08-19,neutral,bad,bad,missing,missing,missing,missing,2,4,True,False,False,False,neutral,bad,6,,False,mid,normal,below,low,flat,mid,missing,,missing,False,False,True,missing,,False,7.0,False,False,False,False,False,False,Technology,-1.878,0.622,,,,False,False,-1.2534999999999998,0.4875,,,
WSM,2026-08-19,neutral,bad,bad,missing,missing,missing,missing,2,4,True,False,False,False,neutral,bad,6,,False,mid,dead,above,mid,flat,mid,missing,,missing,False,False,False,missing,,False,8.0,False,False,False,False,False,False,Consumer Cyclical,-2.728,-1.952,,,,False,False,-2.1035000000000004,-2.0865,,,
ENIC,2026-08-19,neutral,bad,good,missing,missing,missing,missing,1,4,False,False,True,False,neutral,neutral,8,,False,mid,dead,above,low,flat,mid,missing,,missing,False,False,False,missing,,False,7.0,False,False,False,False,False,False,Utilities,-2.434,-1.77,,,,False,False,-1.8095,-1.9045,,,
NOW,2026-08-19,neutral,bad,bad,missing,missing,missing,missing,2,4,True,False,False,False,neutral,bad,6,,False,mid,normal,above,mid,flat,mid,missing,,missing,False,False,False,missing,,False,8.0,False,False,False,False,False,False,Technology,2.005,1.006,,,,False,False,2.6295,0.8714999999999999,,,
NOK,2026-08-19,neutral,bad,bad,missing,missing,missing,missing,2,4,True,False,False,False,neutral,bad,6,,False,mid,normal,above,low,down,extended,missing,,missing,False,False,False,missing,,False,1.0,False,False,False,False,False,False,Technology,0.197,0.79,,,,False,False,0.8215000000000001,0.6555,,,
WTRG,2026-08-19,neutral,bad,good,missing,missing,missing,missing,1,4,False,False,True,False,neutral,neutral,8,,False,mid,normal,above,low,flat,mid,missing,,missing,False,False,False,missing,,False,9.0,False,False,False,False,False,False,Utilities,-1.559,-2.119,,,,False,False,-0.9344999999999999,-2.2535000000000003,,,
ANET,2026-08-19,neutral,bad,bad,missing,missing,missing,missing,2,4,True,False,False,False,neutral,bad,6,,False,mid,normal,above,low,flat,mid,missing,,missing,False,False,True,missing,,False,8.0,False,False,False,False,False,False,Technology,-1.448,1.18,,,,False,False,-0.8234999999999999,1.0454999999999999,,,
GTES,2026-08-19,neutral,bad,good,missing,missing,missing,missing,1,4,False,False,False,False,neutral,neutral,8,,False,mid,dead,below,mid,flat,mid,missing,,missing,False,False,False,missing,,False,4.0,False,False,False,False,False,False,Industrials,,,,,,False,False,,,,,
AMH,2026-08-19,neutral,bad,bad,missing,missing,missing,missing,2,4,False,False,True,False,neutral,bad,6,,False,mid,normal,above,low,flat,mid,missing,,missing,False,True,True,missing,,False,12.0,False,False,False,False,False,False,Real Estate,0.117,0.058,,,,False,False,0.7415,-0.07650000000000001,,,
EQX,2026-08-19,neutral,bad,bad,missing,missing,missing,missing,2,4,False,False,False,False,neutral,bad,6,,False,mid,normal,above,mid,flat,mid,missing,,missing,False,False,False,missing,,False,2.0,False,False,False,False,False,False,Basic Materials,1.738,6.872,,,,False,False,2.3625,6.7375,,,
EQIX,2026-08-19,neutral,bad,bad,missing,missing,missing,missing,2,4,False,False,False,False,neutral,bad,6,,False,mid,dead,above,low,flat,mid,missing,,missing,False,False,False,missing,,False,6.0,False,False,False,False,False,False,Real Estate,0.513,-1.085,,,,False,False,1.1375000000000002,-1.2195,,,
CWT,2026-08-19,neutral,bad,good,missing,missing,missing,missing,1,4,False,False,True,False,neutral,neutral,8,,False,mid,dead,below,low,flat,mid,missing,,missing,False,False,False,missing,,False,15.0,False,False,False,False,False,False,Utilities,0.22,-0.721,,,,False,False,0.8445,-0.8554999999999999,,,
CXM,2026-08-19,neutral,bad,bad,missing,missing,missing,missing,2,4,True,False,False,False,neutral,bad,6,,False,mid,dead,above,high,flat,mid,missing,,missing,False,False,False,missing,,False,9.0,False,False,False,False,False,False,Technology,0.982,3.787,,,,False,False,1.6065,3.6525,,,
AXIA,2026-08-19,neutral,bad,good,missing,missing,missing,missing,1,4,False,False,True,False,neutral,neutral,8,,False,mid,dead,above,low,flat,mid,missing,,missing,False,True,True,missing,,False,-5.0,False,False,False,False,False,False,Utilities,,,,,,False,False,,,,,
IDXX,2026-08-19,neutral,bad,good,missing,missing,missing,missing,1,4,False,False,False,False,neutral,neutral,8,,False,mid,dead,below,low,flat,mid,missing,,missing,False,False,False,missing,,False,4.0,False,False,False,False,False,False,Healthcare,-2.906,-0.937,,,,False,False,-2.2815000000000003,-1.0715000000000001,,,
LHX,2026-08-19,neutral,bad,good,missing,missing,missing,missing,1,4,False,False,False,False,neutral,neutral,8,,False,mid,normal,below,low,flat,mid,missing,,missing,False,False,False,missing,,False,3.0,False,False,False,False,False,False,Industrials,-2.407,-3.746,,,,False,False,-1.7825,-3.8805,,,
SQM,2026-08-19,neutral,bad,bad,missing,missing,missing,missing,2,4,False,False,False,False,neutral,bad,6,,False,mid,dead,above,low,flat,mid,missing,,missing,False,False,False,missing,,False,9.0,False,False,False,False,False,False,Basic Materials,4.073,8.729,,,,False,False,4.697500000000001,8.5945,,,
SPOT,2026-08-19,neutral,bad,bad,missing,missing,missing,missing,2,4,True,False,False,False,neutral,bad,6,,False,mid,normal,above,mid,flat,mid,missing,,missing,False,False,False,missing,,False,8.0,False,False,False,False,False,False,Communication Services,-0.045,0.066,,,,False,False,0.5795,-0.0685,,,
LH,2026-08-19,neutral,bad,good,missing,missing,missing,missing,1,4,False,False,True,False,neutral,neutral,8,,False,overbought,dead,above,low,flat,mid,missing,,missing,False,False,False,missing,,False,6.0,False,False,False,False,False,False,Healthcare,0.717,1.785,,,,False,False,1.3415,1.6504999999999999,,,
NOMD,2026-08-19,neutral,bad,good,missing,missing,missing,missing,1,4,False,False,True,False,neutral,neutral,8,,False,mid,normal,below,low,flat,mid,missing,,missing,False,False,False,missing,,False,13.0,False,False,False,False,False,False,Consumer Defensive,-2.764,-1.089,,,,False,False,-2.1395,-1.2235,,,
SPNT,2026-08-19,neutral,bad,bad,missing,missing,missing,missing,2,4,False,False,False,False,neutral,bad,6,,False,mid,dead,below,mid,flat,mid,missing,,missing,False,False,False,missing,,False,14.0,False,False,False,False,False,False,Financial,0.941,1.069,,,,False,False,1.5655000000000001,0.9344999999999999,,,
ERIC,2026-08-19,neutral,bad,bad,missing,missing,missing,missing,2,4,True,False,False,False,neutral,bad,6,,False,mid,dead,above,low,flat,mid,missing,,missing,False,False,False,missing,,False,2.0,False,False,False,False,False,False,Technology,-0.394,0.69,,,,False,False,0.23050000000000004,0.5554999999999999,,,
IFF,2026-08-19,neutral,bad,bad,missing,missing,missing,missing,2,4,False,False,True,False,neutral,bad,6,,False,mid,dead,above,mid,flat,mid,missing,,missing,False,False,False,missing,,False,3.0,False,False,False,False,False,False,Basic Materials,0.072,1.14,,,,False,False,0.6965,1.0054999999999998,,,
PWR,2026-08-19,neutral,bad,good,missing,missing,missing,missing,1,4,True,False,False,False,neutral,neutral,8,,False,mid,normal,above,low,flat,mid,missing,,missing,False,False,False,missing,,False,6.0,False,False,False,False,False,False,Industrials,-2.205,-5.62,,,,False,False,-1.5805,-5.7545,,,
AMAT,2026-08-19,neutral,bad,bad,missing,missing,missing,missing,2,4,True,False,False,False,neutral,bad,6,,False,mid,normal,below,low,down,mid,missing,,missing,False,False,True,missing,,False,6.0,False,False,False,False,False,False,Technology,0.115,-0.67,,,,False,False,0.7395,-0.8045,,,
AMZN,2026-08-19,neutral,bad,bad,missing,missing,missing,missing,2,4,True,False,False,False,neutral,bad,6,,False,mid,normal,above,low,flat,mid,missing,,missing,False,False,True,missing,,False,6.0,False,False,False,False,False,False,Consumer Cyclical,-2.155,-2.712,,,,False,False,-1.5304999999999997,-2.8465000000000003,,,
AMT,2026-08-19,neutral,bad,bad,missing,missing,missing,missing,2,4,False,False,True,False,neutral,bad,6,,False,mid,dead,above,low,flat,mid,missing,,missing,False,False,True,missing,,False,10.0,False,False,False,False,False,False,Real Estate,0.705,0.751,,,,False,False,1.3295,0.6165,,,
MCO,2026-08-19,neutral,bad,bad,missing,missing,missing,missing,2,4,False,False,False,False,neutral,bad,6,,False,mid,dead,above,low,flat,mid,missing,,missing,False,False,False,missing,,False,14.0,False,False,False,False,False,False,Financial,0.35,1.266,,,,False,False,0.9745,1.1315,,,
QCOM,2026-08-19,neutral,bad,bad,missing,missing,missing,missing,2,4,True,False,False,False,neutral,bad,6,,False,mid,dead,below,mid,flat,mid,missing,,missing,False,False,False,missing,,False,-1.0,False,False,False,False,False,False,Technology,-0.723,-0.716,,,,False,False,-0.09849999999999992,-0.8505,,,
SSNC,2026-08-19,neutral,bad,bad,missing,missing,missing,missing,2,4,True,False,False,False,neutral,bad,6,,False,mid,dead,above,low,flat,mid,missing,,missing,False,False,False,missing,,False,13.0,False,False,False,False,False,False,Technology,-0.194,0.814,,,,False,False,0.43050000000000005,0.6795,,,
GMED,2026-08-19,neutral,bad,good,missing,missing,missing,missing,1,4,False,False,True,False,neutral,neutral,8,,False,mid,dead,above,mid,flat,mid,missing,,missing,False,False,False,missing,,False,12.0,False,False,False,False,False,False,Healthcare,-3.022,-1.619,,,,False,False,-2.3975,-1.7535,,,
AMGN,2026-08-19,neutral,bad,good,missing,missing,missing,missing,1,4,False,False,True,False,neutral,neutral,8,,False,overbought,normal,above,low,flat,mid,missing,,missing,False,False,True,missing,,False,7.0,False,False,False,False,False,False,Healthcare,-1.951,-0.105,,,,False,False,-1.3265,-0.2395,,,
GPCR,2026-08-19,neutral,bad,good,missing,missing,missing,missing,1,4,False,False,True,False,neutral,neutral,8,,False,mid,dead,above,high,flat,mid,missing,,missing,False,False,False,missing,,False,1.0,False,False,False,False,False,False,Healthcare,-6.669,-9.311,,,,False,False,-6.044499999999999,-9.4455,,,
GNTX,2026-08-19,neutral,bad,bad,missing,missing,missing,missing,2,4,True,False,False,False,neutral,bad,6,,False,mid,dead,above,mid,flat,mid,missing,,missing,False,False,False,missing,,False,7.0,False,False,False,False,False,False,Consumer Cyclical,-0.212,0.0,,,,False,False,0.4125000000000001,-0.1345,,,
AMD,2026-08-19,neutral,bad,bad,missing,missing,missing,missing,2,4,True,False,False,False,neutral,bad,6,,False,mid,normal,below,low,down,mid,missing,,missing,False,False,True,missing,,False,8.0,False,False,False,False,False,False,Technology,0.652,1.464,,,,False,False,1.2765,1.3295,,,
STRC,2026-08-19,neutral,bad,bad,missing,missing,missing,missing,2,4,True,False,False,False,neutral,bad,6,,False,mid,dead,above,low,flat,mid,missing,,missing,False,False,False,missing,,False,-1.0,False,False,False,False,False,False,Technology,-0.063,0.913,,,,False,False,0.5615000000000001,0.7785,,,
CTRE,2026-08-19,neutral,bad,bad,missing,missing,missing,missing,2,4,False,False,False,False,neutral,bad,6,,False,mid,dead,below,high,flat,mid,missing,,missing,False,False,False,missing,,False,0.0,False,False,False,False,False,False,Real Estate,-0.151,-0.603,,,,False,False,0.47350000000000003,-0.7375,,,
STNG,2026-08-19,neutral,bad,good,missing,missing,missing,missing,1,4,False,False,True,False,neutral,neutral,8,,False,mid,dead,above,mid,flat,mid,missing,,missing,False,False,False,missing,,False,9.0,False,False,False,False,False,False,Energy,-1.01,-0.896,,,,False,False,-0.38549999999999995,-1.0305,,,
STT,2026-08-19,neutral,bad,bad,missing,missing,missing,missing,2,4,False,False,False,False,neutral,bad,6,,False,mid,dead,above,low,flat,mid,missing,,missing,False,False,False,missing,,False,13.0,False,False,False,False,False,False,Financial,-1.475,0.71,,,,False,False,-0.8505,0.5754999999999999,,,
NXPI,2026-08-19,neutral,bad,bad,missing,missing,missing,missing,2,4,True,False,False,False,neutral,bad,6,,False,mid,normal,below,mid,flat,mid,missing,,missing,False,False,False,missing,,False,5.0,False,False,False,False,False,False,Technology,-1.349,-0.204,,,,False,False,-0.7244999999999999,-0.3385,,,
NWS,2026-08-19,neutral,bad,bad,missing,missing,missing,missing,2,4,True,False,False,False,neutral,bad,6,,False,mid,dead,above,mid,flat,mid,missing,,missing,False,False,False,missing,,False,11.0,False,False,False,False,False,False,Communication Services,0.746,3.042,,,,False,False,1.3705,2.9074999999999998,,,
NYT,2026-08-19,neutral,bad,bad,missing,missing,missing,missing,2,4,True,False,False,False,neutral,bad,6,,False,mid,dead,below,high,flat,mid,missing,,missing,False,False,False,missing,,False,5.0,False,False,False,False,False,False,Communication Services,-1.001,-0.409,,,,False,False,-0.37649999999999983,-0.5435,,,
SWX,2026-08-19,neutral,bad,good,missing,missing,missing,missing,1,4,False,False,True,False,neutral,neutral,8,,False,mid,dead,above,low,flat,mid,missing,,missing,False,False,False,missing,,False,10.0,False,False,False,False,False,False,Utilities,-0.49,-3.139,,,,False,False,0.13450000000000006,-3.2735,,,
STZ,2026-08-19,neutral,bad,good,missing,missing,missing,missing,1,4,False,False,True,False,neutral,neutral,8,,False,mid,dead,below,mid,flat,mid,missing,,missing,False,False,False,missing,,False,11.0,False,False,False,False,False,False,Consumer Defensive,0.464,1.603,,,,False,False,1.0885,1.4685,,,
NWBI,2026-08-19,neutral,bad,bad,missing,missing,missing,missing,2,4,False,False,False,False,neutral,bad,6,,False,mid,normal,below,mid,flat,mid,missing,,missing,False,False,False,missing,,False,10.0,False,False,False,False,False,False,Financial,0.262,0.982,,,,False,False,0.8865000000000001,0.8474999999999999,,,
SUZ,2026-08-19,neutral,bad,bad,missing,missing,missing,missing,2,4,True,False,False,False,neutral,bad,6,,False,mid,normal,below,low,flat,mid,missing,,missing,False,False,False,missing,,False,2.0,False,False,False,False,False,False,Basic Materials,1.918,5.276,,,,False,False,2.5425,5.1415,,,
CRH,2026-08-19,neutral,bad,bad,missing,missing,missing,missing,2,4,False,False,False,False,neutral,bad,6,,False,mid,normal,below,low,flat,mid,missing,,missing,False,False,False,missing,,False,8.0,False,False,False,False,False,False,Basic Materials,-1.742,0.348,,,,False,False,-1.1175,0.21349999999999997,,,
CRS,2026-08-19,neutral,bad,good,missing,missing,missing,missing,1,4,False,False,False,False,neutral,neutral,8,,False,mid,dead,below,mid,flat,mid,missing,,missing,False,False,False,missing,,False,3.0,False,False,False,False,False,False,Industrials,-4.094,-3.447,,,,False,False,-3.4695,-3.5815,,,
SWK,2026-08-19,neutral,bad,good,missing,missing,missing,missing,1,4,False,False,False,False,neutral,neutral,8,,False,mid,dead,above,mid,flat,mid,missing,,missing,False,False,False,missing,,False,5.0,False,False,False,False,False,False,Industrials,-0.952,0.22,,,,False,False,-0.3274999999999999,0.08549999999999999,,,
CRCL,2026-08-19,neutral,bad,bad,missing,missing,missing,missing,2,4,True,False,False,False,neutral,bad,6,,False,mid,normal,above,high,flat,mid,missing,,missing,False,False,False,missing,,False,4.0,False,False,False,False,False,False,Financial,,,,,,False,False,,,,,
AM,2026-08-19,neutral,bad,good,missing,missing,missing,missing,1,4,False,False,False,False,neutral,neutral,8,,False,mid,dead,above,mid,flat,mid,missing,,missing,False,False,True,missing,,False,7.0,False,False,False,False,False,False,Energy,-0.714,-1.249,,,,False,False,-0.08949999999999991,-1.3835000000000002,,,
EXPE,2026-08-19,neutral,bad,bad,missing,missing,missing,missing,2,4,True,False,False,False,neutral,bad,6,,False,mid,dead,above,mid,flat,mid,missing,,missing,False,False,False,missing,,False,8.0,False,False,False,False,False,False,Consumer Cyclical,-0.644,-1.422,,,,False,False,-0.019499999999999962,-1.5565,,,
GLW,2026-08-19,neutral,bad,bad,missing,missing,missing,missing,2,4,True,False,False,False,neutral,bad,6,,False,mid,normal,above,low,down,mid,missing,,missing,False,False,False,missing,,False,5.0,False,False,False,False,False,False,Technology,-0.662,-1.718,,,,False,False,-0.03749999999999998,-1.8525,,,
CRCT,2026-08-19,neutral,bad,bad,missing,missing,missing,missing,2,4,True,False,False,False,neutral,bad,6,,False,mid,normal,above,high,flat,mid,missing,,missing,False,False,False,missing,,False,1.0,False,False,False,False,False,False,Technology,-0.552,2.947,,,,False,False,0.07250000000000001,2.8125,,,
ALB,2026-08-19,neutral,bad,bad,missing,missing,missing,missing,2,4,True,False,False,False,neutral,bad,6,,False,mid,dead,above,high,flat,mid,missing,,missing,False,False,True,missing,,False,10.0,False,False,False,False,False,False,Basic Materials,-0.067,6.68,,,,False,False,0.5575000000000001,6.5455,,,
COKE,2026-08-19,neutral,bad,good,missing,missing,missing,missing,1,4,False,False,True,False,neutral,neutral,8,,False,mid,dead,above,mid,flat,mid,missing,,missing,False,False,False,missing,,False,4.0,False,False,False,False,False,False,Consumer Defensive,0.407,1.21,,,,False,False,1.0315,1.0755,,,
TBPH,2026-08-19,neutral,bad,good,missing,missing,missing,missing,1,4,False,False,True,False,neutral,neutral,8,,False,mid,dead,above,high,flat,mid,missing,,missing,False,False,False,missing,,False,1.0,False,False,False,False,False,False,Healthcare,-0.235,0.118,,,,False,False,0.38950000000000007,-0.016500000000000015,,,
COF,2026-08-19,neutral,bad,bad,missing,missing,missing,missing,2,4,False,False,False,False,neutral,bad,6,,False,mid,dead,above,low,flat,mid,missing,,missing,False,False,False,missing,,False,10.0,False,False,False,False,False,False,Financial,-3.738,-1.278,,,,False,False,-3.1135,-1.4125,,,
CNQ,2026-08-19,neutral,bad,good,missing,missing,missing,missing,1,4,False,False,True,False,neutral,neutral,8,,False,mid,dead,above,low,flat,mid,missing,,missing,False,False,False,missing,,False,10.0,False,False,False,False,False,False,Energy,3.091,3.838,,,,False,False,3.7155000000000005,3.7035,,,
COCO,2026-08-19,neutral,bad,good,missing,missing,missing,missing,1,4,False,False,True,False,neutral,neutral,8,,False,mid,dead,below,high,flat,mid,missing,,missing,False,False,False,missing,,False,1.0,False,False,False,False,False,False,Consumer Defensive,-3.552,-6.245,,,,False,False,-2.9275,-6.3795,,,
OBDC,2026-08-19,neutral,bad,bad,missing,missing,missing,missing,2,4,False,False,False,False,neutral,bad,6,,False,mid,normal,above,mid,flat,mid,missing,,missing,False,False,False,missing,,False,14.0,False,False,False,False,False,False,Financial,-0.441,-0.265,,,,False,False,0.18350000000000005,-0.3995,,,
KR,2026-08-19,neutral,bad,good,missing,missing,missing,missing,1,4,False,False,True,False,neutral,neutral,8,,False,mid,dead,below,mid,flat,mid,missing,,missing,False,False,False,missing,,False,4.0,False,False,False,False,False,False,Consumer Defensive,0.089,2.897,,,,False,False,0.7135,2.7624999999999997,,,
GDS,2026-08-19,neutral,bad,bad,missing,missing,missing,missing,2,4,False,False,False,False,neutral,bad,6,,False,mid,normal,above,mid,flat,mid,missing,,missing,False,False,False,missing,,False,9.0,False,False,False,False,False,False,Technology,-1.47,-1.47,,,,False,False,-0.8454999999999999,-1.6045,,,
MUR,2026-08-19,neutral,bad,good,missing,missing,missing,missing,1,4,False,False,True,False,neutral,neutral,8,,False,mid,dead,below,mid,flat,mid,missing,,missing,False,False,False,missing,,False,1.0,False,False,False,False,False,False,Energy,3.824,1.465,,,,False,False,4.4485,1.3305,,,
VALE,2026-08-19,neutral,bad,bad,missing,missing,missing,missing,2,4,False,False,False,False,neutral,bad,6,,False,mid,normal,below,low,flat,mid,missing,,missing,False,False,False,missing,,False,2.0,False,False,False,False,False,False,Basic Materials,2.374,4.964,,,,False,False,2.9985,4.8295,,,
ALAB,2026-08-19,neutral,bad,bad,missing,missing,missing,missing,2,4,True,False,False,False,neutral,bad,6,,False,mid,normal,below,mid,down,mid,missing,,missing,False,False,True,missing,,False,8.0,False,False,False,False,False,False,Technology,0.519,-1.401,,,,False,False,1.1435,-1.5355,,,
AKAM,2026-08-19,neutral,bad,bad,missing,missing,missing,missing,2,4,True,False,False,False,neutral,bad,6,,False,mid,dead,below,high,flat,mid,missing,,missing,False,False,True,missing,,False,7.0,False,False,False,False,False,False,Technology,-2.437,-2.145,,,,False,False,-1.8124999999999998,-2.2795,,,
BG,2026-08-19,neutral,bad,good,missing,missing,missing,missing,1,4,False,False,True,False,neutral,neutral,8,,False,mid,dead,above,mid,flat,mid,missing,,missing,False,False,False,missing,,False,9.0,False,False,False,False,False,False,Consumer Defensive,2.254,-0.781,,,,False,False,2.8785,-0.9155,,,
RRC,2026-08-19,neutral,bad,good,missing,missing,missing,missing,1,4,False,False,True,False,neutral,neutral,8,,False,mid,dead,above,high,flat,mid,missing,,missing,False,False,False,missing,,False,9.0,False,False,False,False,False,False,Energy,0.868,1.835,,,,False,False,1.4925000000000002,1.7005,,,
TER,2026-08-19,neutral,bad,bad,missing,missing,missing,missing,2,4,True,False,False,False,neutral,bad,6,,False,mid,normal,above,mid,down,mid,missing,,missing,False,False,False,missing,,False,8.0,False,False,False,False,False,False,Technology,0.922,-1.03,,,,False,False,1.5465,-1.1645,,,
CM,2026-08-19,neutral,bad,bad,missing,missing,missing,missing,2,4,True,False,False,False,neutral,bad,6,,False,mid,dead,above,low,flat,mid,missing,,missing,False,False,False,missing,,False,13.0,False,False,False,False,False,False,Financial,-1.825,-1.146,,,,False,False,-1.2005,-1.2805,,,
PEG,2026-08-19,neutral,bad,good,missing,missing,missing,missing,1,4,False,False,True,False,neutral,neutral,8,,False,mid,dead,below,low,flat,mid,missing,,missing,False,False,False,missing,,False,2.0,False,False,False,False,False,False,Utilities,-0.943,-3.611,,,,False,False,-0.3184999999999999,-3.7455000000000003,,,
PEGA,2026-08-19,neutral,bad,bad,missing,missing,missing,missing,2,4,True,False,False,False,neutral,bad,6,,False,mid,dead,above,high,flat,mid,missing,,missing,False,False,False,missing,,False,-2.0,False,False,False,False,False,False,Technology,-0.65,-0.798,,,,False,False,-0.025499999999999967,-0.9325000000000001,,,
CNI,2026-08-19,neutral,bad,good,missing,missing,missing,missing,1,4,False,False,False,False,neutral,neutral,8,,False,mid,dead,below,low,flat,mid,missing,,missing,False,False,False,missing,,False,14.0,False,False,False,False,False,False,Industrials,0.462,1.724,,,,False,False,1.0865,1.5895,,,
ING,2026-08-19,neutral,bad,bad,missing,missing,missing,missing,2,4,False,False,False,False,neutral,bad,6,,False,mid,normal,above,low,flat,mid,missing,,missing,False,False,False,missing,,False,7.0,False,False,False,False,False,False,Financial,-0.548,0.432,,,,False,False,0.07650000000000001,0.2975,,,
INGR,2026-08-19,neutral,bad,good,missing,missing,missing,missing,1,4,False,False,True,False,neutral,neutral,8,,False,mid,dead,above,mid,flat,mid,missing,,missing,False,False,False,missing,,False,12.0,False,False,False,False,False,False,Consumer Defensive,-0.121,-0.289,,,,False,False,0.5035000000000001,-0.4235,,,
PECO,2026-08-19,neutral,bad,bad,missing,missing,missing,missing,2,4,False,False,False,False,neutral,bad,6,,False,mid,normal,below,mid,flat,mid,missing,,missing,False,False,False,missing,,False,7.0,False,False,False,False,False,False,Real Estate,-1.128,-1.53,,,,False,False,-0.5034999999999998,-1.6645,,,
OGS,2026-08-19,neutral,bad,good,missing,missing,missing,missing,1,4,False,False,True,False,neutral,neutral,8,,False,mid,dead,above,mid,flat,mid,missing,,missing,False,False,False,missing,,False,10.0,False,False,False,False,False,False,Utilities,0.0,-3.145,,,,False,False,0.6245,-3.2795,,,
FANG,2026-08-19,neutral,bad,good,missing,missing,missing,missing,1,4,False,False,True,False,neutral,neutral,8,,False,mid,dead,above,mid,flat,mid,missing,,missing,False,False,False,missing,,False,6.0,False,False,False,False,False,False,Energy,1.184,1.041,,,,False,False,1.8085,0.9064999999999999,,,
RVTY,2026-08-19,neutral,bad,good,missing,missing,missing,missing,1,4,False,False,True,False,neutral,neutral,8,,False,mid,dead,above,mid,flat,mid,missing,,missing,False,False,False,missing,,False,7.0,False,False,False,False,False,False,Healthcare,3.918,4.437,,,,False,False,4.5425,4.3025,,,
BIIB,2026-08-19,neutral,bad,good,missing,missing,missing,missing,1,4,False,False,True,False,neutral,neutral,8,,False,mid,dead,above,mid,flat,mid,missing,,missing,False,False,False,missing,,False,7.0,False,False,False,False,False,False,Healthcare,-3.254,-2.157,,,,False,False,-2.6295,-2.2915,,,
FERG,2026-08-19,neutral,bad,good,missing,missing,missing,missing,1,4,False,False,False,False,neutral,neutral,8,,False,mid,dead,below,low,flat,mid,missing,,missing,False,False,False,missing,,False,7.0,False,False,False,False,False,False,Industrials,-1.542,-0.019,,,,False,False,-0.9175,-0.1535,,,
RYAAY,2026-08-19,neutral,bad,good,missing,missing,missing,missing,1,4,False,False,False,False,neutral,neutral,8,,False,mid,normal,below,low,flat,mid,missing,,missing,False,False,False,missing,,False,-4.0,False,False,False,False,False,False,Industrials,-0.511,1.843,,,,False,False,0.11350000000000005,1.7085,,,
GEN,2026-08-19,neutral,bad,bad,missing,missing,missing,missing,2,4,True,False,False,False,neutral,bad,6,,False,mid,dead,above,mid,flat,mid,missing,,missing,False,False,False,missing,,False,11.0,False,False,False,False,False,False,Technology,2.324,5.047,,,,False,False,2.9485,4.9125,,,
FCPT,2026-08-19,neutral,bad,bad,missing,missing,missing,missing,2,4,False,False,False,False,neutral,bad,6,,False,mid,dead,below,mid,flat,mid,missing,,missing,False,False,False,missing,,False,3.0,False,False,False,False,False,False,Real Estate,0.674,0.079,,,,False,False,1.2985000000000002,-0.05550000000000001,,,
FFBC,2026-08-19,neutral,bad,bad,missing,missing,missing,missing,2,4,True,False,False,False,neutral,bad,6,,False,mid,dead,below,mid,flat,mid,missing,,missing,False,False,False,missing,,False,3.0,False,False,False,False,False,False,Financial,0.122,0.365,,,,False,False,0.7465,0.23049999999999998,,,
TKO,2026-08-19,neutral,bad,bad,missing,missing,missing,missing,2,4,True,False,False,False,neutral,bad,6,,False,mid,dead,above,high,flat,mid,missing,,missing,False,False,False,missing,,False,6.0,False,False,False,False,False,False,Communication Services,-3.094,-4.239,,,,False,False,-2.4695,-4.3735,,,
IVT,2026-08-19,neutral,bad,bad,missing,missing,missing,missing,2,4,True,False,False,False,neutral,bad,6,,False,mid,dead,below,mid,flat,mid,missing,,missing,False,False,False,missing,,False,4.0,False,False,False,False,False,False,Real Estate,-0.33,-1.832,,,,False,False,0.29450000000000004,-1.9665000000000001,,,
KDP,2026-08-19,neutral,bad,good,missing,missing,missing,missing,1,4,False,False,True,False,neutral,neutral,8,,False,mid,normal,above,mid,flat,mid,missing,,missing,False,False,False,missing,,False,15.0,False,False,False,False,False,False,Consumer Defensive,1.932,3.155,,,,False,False,2.5564999999999998,3.0204999999999997,,,
BKU,2026-08-19,neutral,bad,bad,missing,missing,missing,missing,2,4,False,False,False,False,neutral,bad,6,,False,mid,dead,above,mid,flat,mid,missing,,missing,False,False,False,missing,,False,-1.0,False,False,False,False,False,False,Financial,-1.324,-1.068,,,,False,False,-0.6995,-1.2025000000000001,,,
BLK,2026-08-19,neutral,bad,bad,missing,missing,missing,missing,2,4,False,False,True,False,neutral,bad,6,,False,mid,dead,above,low,flat,mid,missing,,missing,False,False,False,missing,,False,12.0,False,False,False,False,False,False,Financial,-1.648,-0.205,,,,False,False,-1.0234999999999999,-0.3395,,,
OHI,2026-08-19,neutral,bad,bad,missing,missing,missing,missing,2,4,False,False,False,False,neutral,bad,6,,False,mid,dead,below,mid,flat,mid,missing,,missing,False,False,False,missing,,False,10.0,False,False,False,False,False,False,Real Estate,-0.362,-0.661,,,,False,False,0.26250000000000007,-0.7955000000000001,,,
OGE,2026-08-19,neutral,bad,good,missing,missing,missing,missing,1,4,False,False,True,False,neutral,neutral,8,,False,mid,dead,below,mid,flat,mid,missing,,missing,False,False,False,missing,,False,6.0,False,False,False,False,False,False,Utilities,-0.426,-2.791,,,,False,False,0.19850000000000007,-2.9255,,,
PCAR,2026-08-19,neutral,bad,good,missing,missing,missing,missing,1,4,False,False,False,False,neutral,neutral,8,,False,mid,normal,below,low,flat,mid,missing,,missing,False,False,False,missing,,False,4.0,False,False,False,False,False,False,Industrials,1.153,2.793,,,,False,False,1.7775,2.6585,,,
OKTA,2026-08-19,neutral,bad,bad,missing,missing,missing,missing,2,4,True,False,False,False,neutral,bad,6,,False,mid,normal,below,mid,flat,mid,missing,,missing,False,False,False,missing,,False,10.0,False,False,False,False,False,False,Technology,-4.993,-4.299,,,,False,False,-4.3685,-4.4335,,,
CEG,2026-08-19,neutral,bad,good,missing,missing,missing,missing,1,4,False,False,False,False,good,neutral,9,,False,mid,dead,above,mid,flat,mid,missing,,missing,False,False,False,missing,,False,6.0,False,False,False,False,False,False,Utilities,-0.456,-0.471,,,,False,False,0.16850000000000004,-0.6054999999999999,,,
PANW,2026-08-19,neutral,bad,bad,missing,missing,missing,missing,2,4,True,False,False,False,neutral,bad,6,,False,mid,dead,above,low,flat,mid,missing,,missing,False,False,False,missing,,False,9.0,False,False,False,False,False,False,Technology,-2.835,-0.525,,,,False,False,-2.2104999999999997,-0.6595,,,
BMO,2026-08-19,neutral,bad,bad,missing,missing,missing,missing,2,4,False,False,False,False,neutral,bad,6,,False,mid,dead,above,low,flat,mid,missing,,missing,False,False,False,missing,,False,7.0,False,False,False,False,False,False,Financial,-1.61,-0.74,,,,False,False,-0.9855,-0.8745,,,
UNP,2026-08-19,neutral,bad,good,missing,missing,missing,missing,1,4,False,False,True,False,neutral,neutral,8,,False,mid,dead,above,mid,flat,mid,missing,,missing,False,False,False,missing,,False,9.0,False,False,False,False,False,False,Industrials,0.719,2.071,,,,False,False,1.3435000000000001,1.9365,,,
TJX,2026-08-19,neutral,bad,bad,missing,missing,missing,missing,2,4,True,False,False,False,neutral,bad,6,,False,mid,normal,below,low,flat,mid,missing,,missing,False,False,False,missing,,False,4.0,False,False,False,False,False,False,Consumer Cyclical,-2.637,-2.747,,,,False,False,-2.0125,-2.8815,,,
PAYX,2026-08-19,neutral,bad,bad,missing,missing,missing,missing,2,4,True,False,False,False,neutral,bad,6,,False,mid,dead,above,mid,flat,mid,missing,,missing,False,False,False,missing,,False,9.0,False,False,False,False,False,False,Technology,0.335,1.616,,,,False,False,0.9595,1.4815,,,
PBH,2026-08-19,neutral,bad,good,missing,missing,missing,missing,1,4,False,False,True,False,neutral,neutral,8,,False,mid,dead,below,high,flat,mid,missing,,missing,False,False,False,missing,,False,6.0,False,False,False,False,False,False,Healthcare,-2.245,-0.716,,,,False,False,-1.6205,-0.8505,,,
CFG,2026-08-19,neutral,bad,bad,missing,missing,missing,missing,2,4,False,False,True,False,neutral,bad,6,,False,mid,dead,above,mid,flat,mid,missing,,missing,False,False,False,missing,,False,12.0,False,False,False,False,False,False,Financial,-1.484,-1.272,,,,False,False,-0.8594999999999999,-1.4065,,,
CHDN,2026-08-19,neutral,bad,bad,missing,missing,missing,missing,2,4,True,False,False,False,neutral,bad,6,,False,mid,normal,above,mid,flat,mid,missing,,missing,False,False,False,missing,,False,7.0,False,False,False,False,False,False,Consumer Cyclical,1.493,2.136,,,,False,False,2.1175,2.0015,,,
TME,2026-08-19,neutral,bad,bad,missing,missing,missing,missing,2,4,True,False,False,False,neutral,bad,6,,False,mid,normal,below,mid,flat,mid,missing,,missing,False,False,False,missing,,False,11.0,False,False,False,False,False,False,Communication Services,-1.885,-2.439,,,,False,False,-1.2605,-2.5735,,,
IRM,2026-08-19,neutral,bad,bad,missing,missing,missing,missing,2,4,True,False,False,False,neutral,bad,6,,False,mid,dead,above,low,flat,mid,missing,,missing,False,False,False,missing,,False,9.0,False,False,False,False,False,False,Real Estate,0.704,-0.049,,,,False,False,1.3285,-0.1835,,,
TOWN,2026-08-19,neutral,bad,bad,missing,missing,missing,missing,2,4,False,False,False,False,neutral,bad,6,,False,mid,dead,below,low,flat,mid,missing,,missing,False,False,False,missing,,False,6.0,False,False,False,False,False,False,Financial,0.563,1.261,,,,False,False,1.1875,1.1264999999999998,,,
MFC,2026-08-19,neutral,bad,bad,missing,missing,missing,missing,2,4,False,False,False,False,neutral,bad,6,,False,mid,dead,above,low,flat,mid,missing,,missing,False,False,False,missing,,False,10.0,False,False,False,False,False,False,Financial,-2.188,-1.278,,,,False,False,-1.5635000000000001,-1.4125,,,
MU,2026-08-19,neutral,bad,bad,missing,missing,missing,missing,2,4,True,False,False,False,neutral,bad,6,,False,mid,normal,above,low,down,extended,missing,,missing,False,False,False,missing,,False,10.0,False,False,False,False,False,False,Technology,3.972,3.166,,,,False,False,4.5965,3.0315,,,
UPS,2026-08-19,neutral,bad,good,missing,missing,missing,missing,1,4,False,False,False,False,neutral,neutral,8,,False,mid,normal,below,mid,flat,mid,missing,,missing,False,False,False,missing,,False,9.0,False,False,False,False,False,False,Industrials,-0.272,-0.826,,,,False,False,0.35250000000000004,-0.9604999999999999,,,
CEF,2026-08-19,neutral,bad,bad,missing,missing,missing,missing,2,4,False,False,False,False,neutral,bad,6,,False,mid,normal,above,low,flat,mid,missing,,missing,False,False,False,missing,,False,-2.0,False,False,False,False,False,False,Financial,1.669,3.755,,,,False,False,2.2935,3.6205,,,
TMUS,2026-08-19,neutral,bad,bad,missing,missing,missing,missing,2,4,True,False,False,False,neutral,bad,6,,False,mid,normal,above,mid,flat,mid,missing,,missing,False,False,False,missing,,False,9.0,False,False,False,False,False,False,Communication Services,-0.625,0.373,,,,False,False,-0.0004999999999999449,0.2385,,,
MGM,2026-08-19,neutral,bad,bad,missing,missing,missing,missing,2,4,True,False,False,False,neutral,bad,6,,False,mid,dead,below,high,flat,mid,missing,,missing,False,False,False,missing,,False,7.0,False,False,False,False,False,False,Consumer Cyclical,-0.116,1.203,,,,False,False,0.5085000000000001,1.0685,,,
ROK,2026-08-19,neutral,bad,good,missing,missing,missing,missing,1,4,False,False,False,False,neutral,neutral,8,,False,mid,normal,below,mid,flat,mid,missing,,missing,False,False,False,missing,,False,4.0,False,False,False,False,False,False,Industrials,-0.42,0.879,,,,False,False,0.20450000000000007,0.7444999999999999,,,
UMC,2026-08-19,neutral,bad,bad,missing,missing,missing,missing,2,4,True,False,False,False,neutral,bad,6,,False,mid,dead,below,low,down,mid,missing,,missing,False,False,False,missing,,False,1.0,False,False,False,False,False,False,Technology,-0.662,1.214,,,,False,False,-0.03749999999999998,1.0795,,,
CCL,2026-08-19,neutral,bad,bad,missing,missing,missing,missing,2,4,True,False,False,False,neutral,bad,6,,False,mid,dead,below,mid,flat,mid,missing,,missing,False,False,False,missing,,False,2.0,False,False,False,False,False,False,Consumer Cyclical,-4.946,-3.597,,,,False,False,-4.3214999999999995,-3.7315,,,
TOL,2026-08-19,neutral,bad,bad,missing,missing,missing,missing,2,4,True,False,False,False,neutral,bad,6,,False,mid,normal,below,mid,flat,mid,missing,,missing,False,False,False,missing,,False,6.0,False,False,False,False,False,False,Consumer Cyclical,-2.329,-1.003,,,,False,False,-1.7045000000000001,-1.1375,,,
ROST,2026-08-19,neutral,bad,bad,missing,missing,missing,missing,2,4,True,False,False,False,neutral,bad,6,,False,mid,normal,below,mid,flat,mid,missing,,missing,False,False,False,missing,,False,9.0,False,False,False,False,False,False,Consumer Cyclical,-2.429,1.854,,,,False,False,-1.8044999999999998,1.7195,,,
AG,2026-08-19,neutral,bad,bad,missing,missing,missing,missing,2,4,True,False,False,False,neutral,bad,6,,False,mid,normal,above,mid,flat,mid,missing,,missing,False,False,False,missing,,False,3.0,False,False,False,False,False,False,Basic Materials,1.631,1.151,,,,False,False,2.2555,1.0165,,,
RDN,2026-08-19,neutral,bad,bad,missing,missing,missing,missing,2,4,False,False,False,False,neutral,bad,6,,False,mid,dead,below,mid,flat,mid,missing,,missing,False,False,False,missing,,False,9.0,False,False,False,False,False,False,Financial,0.825,0.633,,,,False,False,1.4495,0.4985,,,
RDY,2026-08-19,neutral,bad,good,missing,missing,missing,missing,1,4,False,False,True,False,neutral,neutral,8,,False,mid,normal,above,low,flat,mid,missing,,missing,False,False,False,missing,,False,-4.0,False,False,False,False,False,False,Healthcare,0.0,0.578,,,,False,False,0.6245,0.44349999999999995,,,
J,2026-08-19,neutral,bad,good,missing,missing,missing,missing,1,4,False,False,False,False,neutral,neutral,8,,False,mid,dead,above,mid,flat,mid,missing,,missing,False,False,False,missing,,False,5.0,False,False,False,False,False,False,Industrials,0.387,2.087,,,,False,False,1.0115,1.9525000000000001,,,
ULS,2026-08-19,neutral,bad,good,missing,missing,missing,missing,1,4,False,False,False,False,neutral,neutral,8,,False,mid,dead,below,mid,flat,mid,missing,,missing,False,False,False,missing,,False,8.0,False,False,False,False,False,False,Industrials,-1.026,-1.289,,,,False,False,-0.40149999999999997,-1.4235,,,
CBRE,2026-08-19,neutral,bad,bad,missing,missing,missing,missing,2,4,False,False,False,False,neutral,bad,6,,False,mid,dead,above,low,flat,mid,missing,,missing,False,False,False,missing,,False,14.0,False,False,False,False,False,False,Real Estate,-2.115,-1.915,,,,False,False,-1.4905000000000002,-2.0495,,,
CBC,2026-08-19,neutral,bad,bad,missing,missing,missing,missing,2,4,False,False,False,False,neutral,bad,6,,False,mid,dead,below,high,flat,mid,missing,,missing,False,False,False,missing,,False,1.0,False,False,False,False,False,False,Financial,2.524,2.492,,,,False,False,3.1485000000000003,2.3575,,,
OSW,2026-08-19,neutral,bad,bad,missing,missing,missing,missing,2,4,True,False,False,False,neutral,bad,6,,False,mid,normal,above,mid,flat,mid,missing,,missing,False,False,False,missing,,False,9.0,False,False,False,False,False,False,Consumer Cyclical,-1.175,1.099,,,,False,False,-0.5505,0.9644999999999999,,,
OTEX,2026-08-19,neutral,bad,bad,missing,missing,missing,missing,2,4,True,False,False,False,neutral,bad,6,,False,mid,dead,below,mid,flat,mid,missing,,missing,False,False,False,missing,,False,11.0,False,False,False,False,False,False,Technology,0.367,0.653,,,,False,False,0.9915,0.5185,,,
CARG,2026-08-19,neutral,bad,bad,missing,missing,missing,missing,2,4,True,False,False,False,neutral,bad,6,,False,mid,dead,above,high,flat,mid,missing,,missing,False,False,False,missing,,False,13.0,False,False,False,False,False,False,Consumer Cyclical,-0.405,-0.513,,,,False,False,0.21950000000000003,-0.6475,,,
PAA,2026-08-19,neutral,bad,good,missing,missing,missing,missing,1,4,False,False,True,False,neutral,neutral,8,,False,mid,normal,above,low,flat,mid,missing,,missing,False,False,False,missing,,False,14.0,False,False,False,False,False,False,Energy,2.501,2.584,,,,False,False,3.1254999999999997,2.4495,,,
PAGP,2026-08-19,neutral,bad,good,missing,missing,missing,missing,1,4,False,False,True,False,neutral,neutral,8,,False,mid,normal,above,high,flat,mid,missing,,missing,False,False,False,missing,,False,16.0,False,False,False,False,False,False,Energy,2.682,2.835,,,,False,False,3.3064999999999998,2.7005,,,
CART,2026-08-19,neutral,bad,bad,missing,missing,missing,missing,2,4,True,False,False,False,neutral,bad,6,,False,mid,normal,above,high,flat,mid,missing,,missing,False,False,False,missing,,False,6.0,False,False,False,False,False,False,Consumer Cyclical,0.789,-1.658,,,,False,False,1.4135,-1.7925,,,
TSM,2026-08-19,neutral,bad,bad,missing,missing,missing,missing,2,4,True,False,False,False,neutral,bad,6,,False,mid,normal,above,low,down,mid,missing,,missing,False,False,False,missing,,False,3.0,False,False,False,False,False,False,Technology,0.949,1.665,,,,False,False,1.5735000000000001,1.5305,,,
BWA,2026-08-19,neutral,bad,bad,missing,missing,missing,missing,2,4,True,False,False,False,neutral,bad,6,,False,mid,dead,above,mid,flat,mid,missing,,missing,False,False,False,missing,,False,5.0,False,False,False,False,False,False,Consumer Cyclical,-2.159,2.34,,,,False,False,-1.5344999999999998,2.2055,,,
MKTX,2026-08-19,neutral,bad,bad,missing,missing,missing,missing,2,4,False,False,False,False,neutral,bad,6,,False,overbought,normal,above,mid,flat,mid,missing,,missing,False,False,False,missing,,False,3.0,False,False,False,False,False,False,Financial,0.099,0.229,,,,False,False,0.7235,0.0945,,,
MSI,2026-08-19,neutral,bad,bad,missing,missing,missing,missing,2,4,True,False,False,False,neutral,bad,6,,False,mid,normal,above,low,flat,mid,missing,,missing,False,False,False,missing,,False,11.0,False,False,False,False,False,False,Technology,-1.499,-0.077,,,,False,False,-0.8745,-0.21150000000000002,,,
TSCO,2026-08-19,neutral,bad,bad,missing,missing,missing,missing,2,4,True,False,False,False,neutral,bad,6,,False,mid,dead,above,mid,flat,mid,missing,,missing,False,False,False,missing,,False,-1.0,False,False,False,False,False,False,Consumer Cyclical,-1.1,-1.298,,,,False,False,-0.47550000000000003,-1.4325,,,
RPRX,2026-08-19,neutral,bad,good,missing,missing,missing,missing,1,4,False,False,True,False,neutral,neutral,8,,False,mid,dead,above,low,flat,mid,missing,,missing,False,False,False,missing,,False,7.0,False,False,False,False,False,False,Healthcare,-1.863,-0.68,,,,False,False,-1.2385,-0.8145,,,
RLI,2026-08-19,neutral,bad,bad,missing,missing,missing,missing,2,4,False,False,False,False,neutral,bad,6,,False,mid,dead,above,high,flat,mid,missing,,missing,False,False,False,missing,,False,13.0,False,False,False,False,False,False,Financial,1.228,1.664,,,,False,False,1.8525,1.5294999999999999,,,
FULT,2026-08-19,neutral,bad,bad,missing,missing,missing,missing,2,4,False,False,False,False,neutral,bad,6,,False,mid,dead,below,mid,flat,mid,missing,,missing,False,False,False,missing,,False,13.0,False,False,False,False,False,False,Financial,-0.127,-0.042,,,,False,False,0.49750000000000005,-0.17650000000000002,,,
FTNT,2026-08-19,neutral,bad,bad,missing,missing,missing,missing,2,4,True,False,False,False,neutral,bad,6,,False,mid,dead,below,low,flat,mid,missing,,missing,False,False,False,missing,,False,6.0,False,False,False,False,False,False,Technology,-1.348,0.432,,,,False,False,-0.7235,0.2975,,,
A,2026-08-19,neutral,bad,good,missing,missing,missing,missing,1,4,False,False,True,False,neutral,neutral,8,,False,mid,dead,above,low,flat,mid,missing,,missing,False,False,True,missing,,False,9.0,False,False,False,False,False,False,Healthcare,0.573,2.31,,,,False,False,1.1975,2.1755,,,
MPWR,2026-08-19,neutral,bad,bad,missing,missing,missing,missing,2,4,True,False,False,False,neutral,bad,6,,False,mid,normal,below,mid,down,mid,missing,,missing,False,False,False,missing,,False,3.0,False,False,False,False,False,False,Technology,0.805,1.241,,,,False,False,1.4295,1.1065,,,
FSM,2026-08-19,neutral,bad,bad,missing,missing,missing,missing,2,4,False,False,False,False,neutral,bad,6,,False,mid,normal,above,mid,flat,mid,missing,,missing,False,False,False,missing,,False,-3.0,False,False,False,False,False,False,Basic Materials,2.322,3.783,,,,False,False,2.9465000000000003,3.6485,,,
YMM,2026-08-19,neutral,bad,bad,missing,missing,missing,missing,2,4,True,False,False,False,neutral,bad,6,,False,mid,dead,below,low,flat,mid,missing,,missing,False,False,False,missing,,False,11.0,False,False,False,False,False,False,Technology,-0.92,0.805,,,,False,False,-0.2955,0.6705000000000001,,,
MOMO,2026-08-19,neutral,bad,bad,missing,missing,missing,missing,2,4,True,False,False,False,neutral,bad,6,,False,mid,normal,below,low,flat,mid,missing,,missing,False,False,False,missing,,False,7.0,False,False,False,False,False,False,Communication Services,-0.783,0.087,,,,False,False,-0.15849999999999997,-0.047500000000000014,,,
ZM,2026-08-19,neutral,bad,bad,missing,missing,missing,missing,2,4,True,False,False,False,neutral,bad,6,,False,mid,dead,above,low,flat,mid,missing,,missing,False,False,False,missing,,False,8.0,False,False,False,False,False,False,Technology,-1.089,-0.037,,,,False,False,-0.4644999999999999,-0.1715,,,
ZTO,2026-08-19,neutral,bad,good,missing,missing,missing,missing,1,4,False,False,True,False,neutral,neutral,8,,False,mid,dead,below,low,flat,mid,missing,,missing,False,False,False,missing,,False,5.0,False,False,False,False,False,False,Industrials,-0.604,-0.651,,,,False,False,0.020500000000000074,-0.7855000000000001,,,
SIRI,2026-08-19,neutral,bad,bad,missing,missing,missing,missing,2,4,True,False,False,False,neutral,bad,6,,False,mid,dead,below,high,flat,mid,missing,,missing,False,False,False,missing,,False,2.0,False,False,False,False,False,False,Communication Services,-0.977,0.07,,,,False,False,-0.3524999999999999,-0.0645,,,
HD,2026-08-19,neutral,bad,bad,missing,missing,missing,missing,2,4,True,False,False,False,neutral,bad,6,,False,mid,normal,below,low,flat,mid,missing,,missing,False,False,False,missing,,False,7.0,False,False,False,False,False,False,Consumer Cyclical,-2.849,-2.524,,,,False,False,-2.2245,-2.6585,,,
MMM,2026-08-19,neutral,bad,good,missing,missing,missing,missing,1,4,False,False,False,False,neutral,neutral,8,,False,mid,dead,above,low,flat,mid,missing,,missing,False,False,False,missing,,False,7.0,False,False,False,False,False,False,Industrials,-1.423,-0.941,,,,False,False,-0.7985,-1.0755,,,
ADMA,2026-08-19,neutral,bad,good,missing,missing,missing,missing,1,4,False,False,True,False,neutral,neutral,8,,False,mid,dead,above,high,flat,mid,missing,,missing,False,True,True,missing,,False,2.0,False,False,False,False,False,False,Healthcare,-2.886,-2.09,,,,False,False,-2.2615,-2.2245,,,
FNB,2026-08-19,neutral,bad,bad,missing,missing,missing,missing,2,4,False,False,False,False,neutral,bad,6,,False,mid,dead,above,mid,flat,mid,missing,,missing,False,False,False,missing,,False,7.0,False,False,False,False,False,False,Financial,-0.215,-0.215,,,,False,False,0.4095000000000001,-0.34950000000000003,,,
RL,2026-08-19,neutral,bad,bad,missing,missing,missing,missing,2,4,True,False,False,False,neutral,bad,6,,False,mid,dead,below,mid,flat,mid,missing,,missing,False,False,False,missing,,False,3.0,False,False,False,False,False,False,Consumer Cyclical,-1.439,-1.421,,,,False,False,-0.8145,-1.5555,,,
RELY,2026-08-19,bad,bad,bad,missing,missing,missing,missing,3,4,False,False,False,False,bad,bad,5,,False,mid,dead,above,mid,flat,extended,missing,,missing,False,False,False,missing,,False,12.0,False,False,False,False,False,False,Technology,-1.397,6.425,,,,False,False,-0.7725,6.2905,,,
FSLR,2026-08-19,bad,bad,bad,missing,missing,missing,missing,3,4,False,False,False,False,bad,bad,5,,False,mid,normal,below,high,flat,washed,missing,,missing,False,False,False,missing,,False,1.0,False,False,False,False,False,False,Technology,-3.75,-3.651,,,,False,False,-3.1254999999999997,-3.7855,,,
BSY,2026-08-19,bad,bad,bad,missing,missing,missing,missing,3,4,False,False,False,False,bad,bad,5,,False,mid,dead,above,high,flat,mid,missing,,missing,False,False,False,missing,,False,9.0,False,False,False,False,False,False,Technology,1.336,3.229,,,,False,False,1.9605000000000001,3.0945,,,
BTE,2026-08-19,bad,bad,good,missing,missing,missing,missing,2,4,False,False,True,False,bad,neutral,7,,False,mid,normal,above,mid,flat,mid,missing,,missing,False,False,False,missing,,False,8.0,False,False,False,False,False,False,Energy,1.903,1.691,,,,False,False,2.5275,1.5565,,,
TXNM,2026-08-19,bad,bad,good,missing,missing,missing,missing,2,4,False,False,True,False,bad,neutral,7,,False,mid,dead,below,mid,flat,mid,missing,,missing,False,False,False,missing,,False,4.0,False,False,False,False,False,False,Utilities,-0.243,-0.66,,,,False,False,0.38150000000000006,-0.7945,,,
TXRH,2026-08-19,bad,bad,bad,missing,missing,missing,missing,3,4,False,False,False,False,bad,bad,5,,False,mid,dead,above,mid,flat,mid,missing,,missing,False,False,False,missing,,False,6.0,False,False,False,False,False,False,Consumer Cyclical,-0.857,0.764,,,,False,False,-0.23249999999999993,0.6295,,,
BSBR,2026-08-19,bad,bad,bad,missing,missing,missing,missing,3,4,False,False,False,False,bad,bad,5,,False,mid,hot,above,low,flat,mid,missing,,missing,False,False,False,missing,,False,1.0,False,False,False,False,False,False,Financial,0.0,3.052,,,,False,False,0.6245,2.9175,,,
BRX,2026-08-19,bad,bad,bad,missing,missing,missing,missing,3,4,False,False,False,False,bad,bad,5,,False,mid,dead,below,mid,flat,mid,missing,,missing,False,False,False,missing,,False,2.0,False,False,False,False,False,False,Real Estate,-0.874,-1.446,,,,False,False,-0.24949999999999994,-1.5805,,,
UAL,2026-08-19,bad,bad,good,missing,missing,missing,missing,2,4,True,False,False,False,bad,neutral,7,,False,mid,dead,below,mid,flat,mid,missing,,missing,False,False,False,missing,,False,8.0,False,False,False,False,False,False,Industrials,-3.515,-2.254,,,,False,False,-2.8905000000000003,-2.3885,,,
TTWO,2026-08-19,bad,bad,bad,missing,missing,missing,missing,3,4,False,False,False,False,bad,bad,5,,False,mid,dead,above,mid,flat,mid,missing,,missing,False,False,False,missing,,False,7.0,False,False,False,False,False,False,Communication Services,1.312,1.088,,,,False,False,1.9365,0.9535,,,
BP,2026-08-19,bad,bad,good,missing,missing,missing,missing,2,4,False,False,True,False,bad,neutral,7,,False,mid,normal,above,low,flat,mid,missing,,missing,False,False,False,missing,,False,10.0,False,False,False,False,False,False,Energy,3.224,2.355,,,,False,False,3.8485000000000005,2.2205,,,
JPC,2026-08-19,bad,bad,bad,missing,missing,missing,missing,3,4,False,False,False,False,bad,bad,5,,False,mid,normal,below,low,flat,mid,missing,,missing,False,False,False,missing,,False,-4.0,False,False,False,False,False,False,Financial,-1.845,-1.054,,,,False,False,-1.2205,-1.1885000000000001,,,
BX,2026-08-19,bad,bad,bad,missing,missing,missing,missing,3,4,False,False,False,False,bad,bad,5,,False,mid,dead,above,mid,flat,mid,missing,,missing,False,False,False,missing,,False,7.0,False,False,False,False,False,False,Financial,-2.578,-1.179,,,,False,False,-1.9534999999999998,-1.3135000000000001,,,
TSLX,2026-08-19,bad,bad,bad,missing,missing,missing,missing,3,4,False,False,False,False,bad,bad,5,,False,mid,dead,above,mid,flat,mid,missing,,missing,False,False,False,missing,,False,10.0,False,False,False,False,False,False,Financial,0.374,0.481,,,,False,False,0.9985,0.3465,,,
TSLA,2026-08-19,bad,bad,bad,missing,missing,missing,missing,3,4,False,False,False,False,bad,bad,5,,False,mid,normal,above,low,flat,mid,missing,,missing,False,False,False,missing,,False,4.0,False,False,False,False,False,False,Consumer Cyclical,-1.706,3.344,,,,False,False,-1.0815,3.2095,,,
JBS,2026-08-19,bad,bad,good,missing,missing,missing,missing,2,4,False,False,True,False,bad,neutral,7,,False,mid,dead,above,high,flat,mid,missing,,missing,False,False,False,missing,,False,8.0,False,False,False,False,False,False,Consumer Defensive,-1.455,0.509,,,,False,False,-0.8305,0.3745,,,
CAE,2026-08-19,bad,bad,good,missing,missing,missing,missing,2,4,False,False,False,False,bad,neutral,7,,False,mid,normal,above,low,flat,mid,missing,,missing,False,False,False,missing,,False,8.0,False,False,False,False,False,False,Industrials,-3.811,-4.119,,,,False,False,-3.1864999999999997,-4.2535,,,
ORKA,2026-08-19,bad,bad,good,missing,missing,missing,missing,2,4,False,False,True,False,bad,neutral,7,,False,overbought,dead,above,high,flat,mid,missing,,missing,False,False,False,missing,,False,3.0,False,False,False,False,False,False,Healthcare,-4.403,-1.577,,,,False,False,-3.7784999999999993,-1.7115,,,
OTF,2026-08-19,bad,bad,bad,missing,missing,missing,missing,3,4,False,False,False,False,bad,bad,5,,False,mid,dead,above,low,flat,mid,missing,,missing,False,False,False,missing,,False,11.0,False,False,False,False,False,False,Financial,-0.448,-1.792,,,,False,False,0.17650000000000005,-1.9265,,,
JBHT,2026-08-19,bad,bad,good,missing,missing,missing,missing,2,4,False,False,False,False,bad,neutral,7,,False,mid,dead,above,mid,flat,mid,missing,,missing,False,False,False,missing,,False,14.0,False,False,False,False,False,False,Industrials,0.753,1.112,,,,False,False,1.3775,0.9775,,,
UE,2026-08-19,bad,bad,bad,missing,missing,missing,missing,3,4,False,False,False,False,bad,bad,5,,False,mid,normal,below,low,flat,mid,missing,,missing,False,False,False,missing,,False,8.0,False,False,False,False,False,False,Real Estate,-0.783,-1.244,,,,False,False,-0.15849999999999997,-1.3785,,,
BNTX,2026-08-19,bad,bad,good,missing,missing,missing,missing,2,4,False,False,True,False,bad,neutral,7,,False,mid,dead,above,low,flat,mid,missing,,missing,False,False,False,missing,,False,-8.0,False,False,False,False,False,False,Healthcare,-1.971,3.05,,,,False,False,-1.3465,2.9154999999999998,,,
CARR,2026-08-19,bad,bad,good,missing,missing,missing,missing,2,4,False,False,False,False,bad,neutral,7,,False,mid,dead,below,low,flat,mid,missing,,missing,False,False,False,missing,,False,5.0,False,False,False,False,False,False,Industrials,-1.716,-1.356,,,,False,False,-1.0915,-1.4905000000000002,,,
TPR,2026-08-19,bad,bad,bad,missing,missing,missing,missing,3,4,False,False,False,False,bad,bad,5,,False,mid,normal,below,high,flat,washed,missing,,missing,False,False,False,missing,,False,5.0,False,False,False,False,False,False,Consumer Cyclical,-1.442,-1.177,,,,False,False,-0.8174999999999999,-1.3115,,,
JAB,2026-08-19,bad,bad,bad,missing,missing,missing,missing,3,4,False,False,False,False,bad,bad,5,,False,mid,hot,above,low,flat,mid,missing,,missing,False,False,False,missing,,False,-1.0,False,False,False,False,False,False,Financial,0.0,0.0,,,,False,False,0.6245,-0.1345,,,
UMBF,2026-08-19,bad,bad,bad,missing,missing,missing,missing,3,4,False,False,False,False,bad,bad,5,,False,mid,dead,above,mid,flat,mid,missing,,missing,False,False,False,missing,,False,10.0,False,False,False,False,False,False,Financial,-0.164,-0.657,,,,False,False,0.4605,-0.7915000000000001,,,
CAT,2026-08-19,bad,bad,good,missing,missing,missing,missing,2,4,False,False,False,False,bad,neutral,7,,False,mid,normal,below,low,flat,mid,missing,,missing,False,False,False,missing,,False,5.0,False,False,False,False,False,False,Industrials,-0.093,1.44,,,,False,False,0.5315000000000001,1.3054999999999999,,,
TRNO,2026-08-19,bad,bad,bad,missing,missing,missing,missing,3,4,False,False,False,False,bad,bad,5,,False,mid,dead,below,mid,flat,mid,missing,,missing,False,False,False,missing,,False,6.0,False,False,False,False,False,False,Real Estate,-0.277,-0.612,,,,False,False,0.34750000000000003,-0.7464999999999999,,,
CBT,2026-08-19,bad,bad,bad,missing,missing,missing,missing,3,4,False,False,False,False,bad,bad,5,,False,mid,dead,below,mid,flat,mid,missing,,missing,False,False,False,missing,,False,15.0,False,False,False,False,False,False,Basic Materials,-0.293,0.012,,,,False,False,0.3315000000000001,-0.12250000000000001,,,
TRIN,2026-08-19,bad,bad,bad,missing,missing,missing,missing,3,4,False,False,False,False,bad,bad,5,,False,mid,normal,above,mid,flat,mid,missing,,missing,False,False,False,missing,,False,6.0,False,False,False,False,False,False,Financial,0.772,1.213,,,,False,False,1.3965,1.0785,,,
BNL,2026-08-19,bad,bad,bad,missing,missing,missing,missing,3,4,False,False,False,False,bad,bad,5,,False,mid,dead,below,mid,flat,mid,missing,,missing,False,False,False,missing,,False,17.0,False,False,False,False,False,False,Real Estate,0.284,-0.142,,,,False,False,0.9085000000000001,-0.27649999999999997,,,
OPCH,2026-08-19,bad,bad,good,missing,missing,missing,missing,2,4,False,False,True,False,bad,neutral,7,,False,mid,dead,above,high,flat,mid,missing,,missing,False,False,False,missing,,False,7.0,False,False,False,False,False,False,Healthcare,0.6,1.499,,,,False,False,1.2245,1.3645,,,
PAX,2026-08-19,bad,bad,bad,missing,missing,missing,missing,3,4,False,False,False,False,bad,bad,5,,False,mid,dead,above,high,flat,mid,missing,,missing,False,False,False,missing,,False,9.0,False,False,False,False,False,False,Financial,-1.309,0.0,,,,False,False,-0.6844999999999999,-0.1345,,,
PAYP,2026-08-19,bad,bad,bad,missing,missing,missing,missing,3,4,False,False,False,False,bad,bad,5,,False,mid,dead,below,low,flat,mid,missing,,missing,False,False,False,missing,,False,4.0,False,False,False,False,False,False,Technology,-2.657,4.973,,,,False,False,-2.0324999999999998,4.8385,,,
CCI,2026-08-19,bad,bad,bad,missing,missing,missing,missing,3,4,False,False,False,False,bad,bad,5,,False,mid,dead,below,low,flat,mid,missing,,missing,False,False,False,missing,,False,1.0,False,False,False,False,False,False,Real Estate,0.991,1.152,,,,False,False,1.6155,1.0174999999999998,,,
ITRI,2026-08-19,bad,bad,bad,missing,missing,missing,missing,3,4,False,False,False,False,bad,bad,5,,False,mid,dead,below,high,flat,mid,missing,,missing,False,False,False,missing,,False,3.0,False,False,False,False,False,False,Technology,-0.435,1.183,,,,False,False,0.18950000000000006,1.0485,,,
CDP,2026-08-19,bad,bad,bad,missing,missing,missing,missing,3,4,False,False,False,False,bad,bad,5,,False,mid,dead,below,mid,flat,mid,missing,,missing,False,False,False,missing,,False,3.0,False,False,False,False,False,False,Real Estate,0.815,1.222,,,,False,False,1.4395,1.0875,,,
ON,2026-08-19,bad,bad,bad,missing,missing,missing,missing,3,4,False,False,False,False,bad,bad,5,,False,mid,normal,below,high,down,mid,missing,,missing,False,False,False,missing,,False,1.0,False,False,False,False,False,False,Technology,-2.442,-3.095,,,,False,False,-1.8175000000000001,-3.2295000000000003,,,
KBR,2026-08-19,bad,bad,good,missing,missing,missing,missing,2,4,False,False,False,False,bad,neutral,7,,False,mid,dead,above,mid,flat,mid,missing,,missing,False,False,False,missing,,False,14.0,False,False,False,False,False,False,Industrials,-0.184,1.607,,,,False,False,0.44050000000000006,1.4725,,,
TNL,2026-08-19,bad,bad,bad,missing,missing,missing,missing,3,4,False,False,False,False,bad,bad,5,,False,mid,dead,below,high,flat,mid,missing,,missing,False,False,False,missing,,False,10.0,False,False,False,False,False,False,Consumer Cyclical,-3.083,-1.781,,,,False,False,-2.4585,-1.9155,,,
PBI,2026-08-19,bad,bad,good,missing,missing,missing,missing,2,4,False,False,False,False,bad,neutral,7,,False,mid,dead,below,high,flat,mid,missing,,missing,False,False,False,missing,,False,0.0,False,False,False,False,False,False,Industrials,0.497,2.424,,,,False,False,1.1215000000000002,2.2895,,,
PB,2026-08-19,bad,bad,bad,missing,missing,missing,missing,3,4,False,False,False,False,bad,bad,5,,False,mid,normal,above,mid,flat,mid,missing,,missing,False,False,False,missing,,False,12.0,False,False,False,False,False,False,Financial,-0.439,-0.178,,,,False,False,0.18550000000000005,-0.3125,,,
CFFN,2026-08-19,bad,bad,bad,missing,missing,missing,missing,3,4,False,False,False,False,bad,bad,5,,False,mid,dead,below,mid,flat,mid,missing,,missing,False,False,False,missing,,False,9.0,False,False,False,False,False,False,Financial,0.0,0.471,,,,False,False,0.6245,0.33649999999999997,,,
OMC,2026-08-19,bad,bad,bad,missing,missing,missing,missing,3,4,False,False,False,False,bad,bad,5,,False,mid,dead,above,high,flat,mid,missing,,missing,False,False,False,missing,,False,8.0,False,False,False,False,False,False,Communication Services,-0.412,0.126,,,,False,False,0.21250000000000008,-0.008500000000000008,,,
BKH,2026-08-19,bad,bad,good,missing,missing,missing,missing,2,4,False,False,True,False,bad,neutral,7,,False,mid,dead,above,high,flat,mid,missing,,missing,False,False,False,missing,,False,10.0,False,False,False,False,False,False,Utilities,0.137,-2.049,,,,False,False,0.7615000000000001,-2.1835,,,
KEX,2026-08-19,bad,bad,good,missing,missing,missing,missing,2,4,False,False,False,False,bad,neutral,7,,False,mid,dead,above,low,flat,mid,missing,,missing,False,False,False,missing,,False,7.0,False,False,False,False,False,False,Industrials,0.397,0.909,,,,False,False,1.0215,0.7745,,,
OKE,2026-08-19,bad,bad,good,missing,missing,missing,missing,2,4,False,False,True,False,bad,neutral,7,,False,mid,normal,above,mid,flat,mid,missing,,missing,False,False,False,missing,,False,14.0,False,False,False,False,False,False,Energy,-1.469,-2.791,,,,False,False,-0.8445,-2.9255,,,
CGAU,2026-08-19,bad,bad,bad,missing,missing,missing,missing,3,4,False,False,False,False,bad,bad,5,,False,mid,normal,above,low,flat,mid,missing,,missing,False,False,False,missing,,False,6.0,False,False,False,False,False,False,Basic Materials,3.938,5.088,,,,False,False,4.5625,4.9535,,,
TK,2026-08-19,bad,bad,good,missing,missing,missing,missing,2,4,False,False,True,False,bad,neutral,7,,False,mid,normal,above,mid,flat,extended,missing,,missing,False,False,False,missing,,False,5.0,False,False,False,False,False,False,Energy,0.076,0.532,,,,False,False,0.7005,0.3975,,,
CHH,2026-08-19,bad,bad,bad,missing,missing,missing,missing,3,4,False,False,False,False,bad,bad,5,,False,mid,dead,below,high,flat,mid,missing,,missing,False,False,False,missing,,False,5.0,False,False,False,False,False,False,Consumer Cyclical,0.037,0.375,,,,False,False,0.6615000000000001,0.2405,,,
CHRD,2026-08-19,bad,bad,good,missing,missing,missing,missing,2,4,False,False,True,False,bad,neutral,7,,False,mid,normal,above,mid,flat,mid,missing,,missing,False,False,False,missing,,False,7.0,False,False,False,False,False,False,Energy,1.556,0.901,,,,False,False,2.1805000000000003,0.7665,,,
IQV,2026-08-19,bad,bad,good,missing,missing,missing,missing,2,4,False,False,True,False,bad,neutral,7,,False,mid,dead,above,low,flat,mid,missing,,missing,False,False,False,missing,,False,6.0,False,False,False,False,False,False,Healthcare,2.716,4.228,,,,False,False,3.3405000000000005,4.0935,,,
BLKB,2026-08-19,bad,bad,bad,missing,missing,missing,missing,3,4,False,False,False,False,bad,bad,5,,False,mid,dead,above,high,flat,mid,missing,,missing,False,False,False,missing,,False,6.0,False,False,False,False,False,False,Technology,0.628,2.946,,,,False,False,1.2525,2.8115,,,
BJ,2026-08-19,bad,bad,good,missing,missing,missing,missing,2,4,False,False,True,False,bad,neutral,7,,False,mid,dead,below,mid,flat,mid,missing,,missing,False,False,False,missing,,False,7.0,False,False,False,False,False,False,Consumer Defensive,-0.534,5.044,,,,False,False,0.09050000000000002,4.9094999999999995,,,
IP,2026-08-19,bad,bad,bad,missing,missing,missing,missing,3,4,False,False,False,False,bad,bad,5,,False,mid,dead,below,high,flat,mid,missing,,missing,False,False,False,missing,,False,-1.0,False,False,False,False,False,False,Consumer Cyclical,-1.705,1.047,,,,False,False,-1.0805,0.9124999999999999,,,
TIGR,2026-08-19,bad,bad,bad,missing,missing,missing,missing,3,4,False,False,False,False,bad,bad,5,,False,mid,dead,below,mid,flat,mid,missing,,missing,False,False,False,missing,,False,7.0,False,False,False,False,False,False,Financial,4.752,10.124,,,,False,False,5.3765,9.989500000000001,,,
CIG,2026-08-19,bad,bad,good,missing,missing,missing,missing,2,4,False,False,False,False,bad,neutral,7,,False,oversold,normal,below,low,flat,mid,missing,,missing,False,False,False,missing,,False,3.0,False,False,False,False,False,False,Utilities,-2.591,-0.518,,,,False,False,-1.9665000000000001,-0.6525000000000001,,,
INSW,2026-08-19,bad,bad,good,missing,missing,missing,missing,2,4,False,False,True,False,bad,neutral,7,,False,mid,normal,above,mid,flat,extended,missing,,missing,False,False,False,missing,,False,15.0,False,False,False,False,False,False,Energy,-0.351,-0.191,,,,False,False,0.2735000000000001,-0.3255,,,
TGT,2026-08-19,bad,bad,good,missing,missing,missing,missing,2,4,False,False,True,False,bad,neutral,7,,False,mid,normal,above,mid,flat,mid,missing,,missing,False,False,False,missing,,False,7.0,False,False,False,False,False,False,Consumer Defensive,-0.472,4.05,,,,False,False,0.15250000000000008,3.9154999999999998,,,
THC,2026-08-19,bad,bad,good,missing,missing,missing,missing,2,4,False,False,True,False,bad,neutral,7,,False,overbought,dead,above,mid,flat,mid,missing,,missing,False,False,False,missing,,False,9.0,False,False,False,False,False,False,Healthcare,1.519,4.562,,,,False,False,2.1435,4.4275,,,
TFSL,2026-08-19,bad,bad,bad,missing,missing,missing,missing,3,4,False,False,False,False,bad,bad,5,,False,mid,dead,below,low,flat,mid,missing,,missing,False,False,False,missing,,False,12.0,False,False,False,False,False,False,Financial,1.098,1.906,,,,False,False,1.7225000000000001,1.7714999999999999,,,
KLAC,2026-08-19,bad,bad,bad,missing,missing,missing,missing,3,4,False,False,False,False,bad,bad,5,,False,mid,normal,below,low,down,mid,missing,,missing,False,False,False,missing,,False,5.0,False,False,False,False,False,False,Technology,-0.753,-1.751,,,,False,False,-0.12849999999999995,-1.8855,,,
KKR,2026-08-19,bad,bad,bad,missing,missing,missing,missing,3,4,False,False,False,False,bad,bad,5,,False,mid,normal,above,low,flat,mid,missing,,missing,False,False,False,missing,,False,9.0,False,False,False,False,False,False,Financial,-3.114,-1.793,,,,False,False,-2.4894999999999996,-1.9275,,,
BHP,2026-08-19,bad,bad,bad,missing,missing,missing,missing,3,4,False,False,True,False,bad,bad,5,,False,mid,normal,above,low,flat,mid,missing,,missing,False,False,False,missing,,False,6.0,False,False,False,False,False,False,Basic Materials,1.452,5.136,,,,False,False,2.0765000000000002,5.0015,,,
OCS,2026-08-19,bad,bad,good,missing,missing,missing,missing,2,4,False,False,True,False,bad,neutral,7,,False,mid,dead,above,mid,flat,mid,missing,,missing,False,False,False,missing,,False,5.0,False,False,False,False,False,False,Healthcare,-3.169,-3.574,,,,False,False,-2.5445,-3.7085,,,
TECK,2026-08-19,bad,bad,bad,missing,missing,missing,missing,3,4,False,False,False,False,bad,bad,5,,False,mid,normal,above,mid,flat,mid,missing,,missing,False,False,False,missing,,False,8.0,False,False,False,False,False,False,Basic Materials,0.318,4.928,,,,False,False,0.9425000000000001,4.7935,,,
COLB,2026-08-19,bad,bad,bad,missing,missing,missing,missing,3,4,False,False,False,False,bad,bad,5,,False,mid,normal,above,mid,flat,mid,missing,,missing,False,False,False,missing,,False,5.0,False,False,False,False,False,False,Financial,-0.74,-0.837,,,,False,False,-0.11549999999999994,-0.9715,,,
COHR,2026-08-19,bad,bad,bad,missing,missing,missing,missing,3,4,False,False,False,False,bad,bad,5,,False,mid,hot,above,mid,down,mid,missing,,missing,False,False,False,missing,,False,3.0,False,False,False,False,False,False,Technology,0.891,0.713,,,,False,False,1.5155,0.5785,,,
CNC,2026-08-19,bad,bad,good,missing,missing,missing,missing,2,4,False,False,True,False,bad,neutral,7,,False,mid,dead,above,low,flat,mid,missing,,missing,False,False,False,missing,,False,1.0,False,False,False,False,False,False,Healthcare,-0.866,0.495,,,,False,False,-0.24149999999999994,0.3605,,,
CNX,2026-08-19,bad,bad,good,missing,missing,missing,missing,2,4,False,False,True,False,bad,neutral,7,,False,mid,dead,above,high,flat,mid,missing,,missing,False,False,False,missing,,False,7.0,False,False,False,False,False,False,Energy,1.787,1.508,,,,False,False,2.4115,1.3735,,,
OCSL,2026-08-19,bad,bad,bad,missing,missing,missing,missing,3,4,False,False,False,False,bad,bad,5,,False,mid,normal,above,mid,flat,mid,missing,,missing,False,False,False,missing,,False,12.0,False,False,False,False,False,False,Financial,0.229,-0.688,,,,False,False,0.8535,-0.8225,,,
KNSA,2026-08-19,bad,bad,good,missing,missing,missing,missing,2,4,False,False,True,False,bad,neutral,7,,False,mid,dead,above,high,flat,mid,missing,,missing,False,False,False,missing,,False,11.0,False,False,False,False,False,False,Healthcare,-2.884,-2.191,,,,False,False,-2.2595,-2.3255,,,
VAL,2026-08-19,bad,bad,good,missing,missing,missing,missing,2,4,False,False,True,False,bad,neutral,7,,False,mid,dead,above,high,flat,mid,missing,,missing,False,False,False,missing,,False,12.0,False,False,False,False,False,False,Energy,2.393,0.966,,,,False,False,3.0175,0.8314999999999999,,,
TDC,2026-08-19,bad,bad,bad,missing,missing,missing,missing,3,4,False,False,False,False,bad,bad,5,,False,mid,dead,below,high,flat,mid,missing,,missing,False,False,False,missing,,False,11.0,False,False,False,False,False,False,Technology,-1.183,-0.753,,,,False,False,-0.5585,-0.8875,,,
CNR,2026-08-19,bad,bad,good,missing,missing,missing,missing,2,4,False,False,True,False,bad,neutral,7,,False,mid,normal,above,mid,flat,mid,missing,,missing,False,False,False,missing,,False,13.0,False,False,False,False,False,False,Energy,0.504,1.961,,,,False,False,1.1285,1.8265,,,
TDS,2026-08-19,bad,bad,bad,missing,missing,missing,missing,3,4,False,False,False,False,bad,bad,5,,False,mid,dead,below,mid,flat,mid,missing,,missing,False,False,False,missing,,False,5.0,False,False,False,False,False,False,Communication Services,0.115,-3.086,,,,False,False,0.7395,-3.2205,,,
COLM,2026-08-19,bad,bad,bad,missing,missing,missing,missing,3,4,False,False,False,False,bad,bad,5,,False,mid,dead,below,high,flat,mid,missing,,missing,False,False,False,missing,,False,10.0,False,False,False,False,False,False,Consumer Cyclical,-0.966,0.516,,,,False,False,-0.3414999999999999,0.3815,,,
CORT,2026-08-19,bad,bad,good,missing,missing,missing,missing,2,4,False,False,True,False,bad,neutral,7,,False,mid,dead,above,high,flat,mid,missing,,missing,False,False,False,missing,,False,10.0,False,False,False,False,False,False,Healthcare,1.706,2.714,,,,False,False,2.3305,2.5795,,,
KRG,2026-08-19,bad,bad,bad,missing,missing,missing,missing,3,4,False,False,False,False,bad,bad,5,,False,mid,dead,below,mid,flat,mid,missing,,missing,False,False,False,missing,,False,2.0,False,False,False,False,False,False,Real Estate,-0.643,-1.097,,,,False,False,-0.01849999999999996,-1.2315,,,
TAP,2026-08-19,bad,bad,good,missing,missing,missing,missing,2,4,False,False,True,False,bad,neutral,7,,False,mid,dead,below,high,flat,mid,missing,,missing,False,False,False,missing,,False,5.0,False,False,False,False,False,False,Consumer Defensive,0.282,1.059,,,,False,False,0.9065000000000001,0.9244999999999999,,,
TAK,2026-08-19,bad,bad,good,missing,missing,missing,missing,2,4,False,False,True,False,bad,neutral,7,,False,mid,normal,above,low,flat,mid,missing,,missing,False,False,False,missing,,False,5.0,False,False,False,False,False,False,Healthcare,-1.145,-0.872,,,,False,False,-0.5205,-1.0065,,,
CPAY,2026-08-19,bad,bad,bad,missing,missing,missing,missing,3,4,False,False,False,False,bad,bad,5,,False,mid,normal,above,mid,flat,mid,missing,,missing,False,False,False,missing,,False,8.0,False,False,False,False,False,False,Technology,1.209,2.469,,,,False,False,1.8335000000000001,2.3345,,,
BFH,2026-08-19,bad,bad,bad,missing,missing,missing,missing,3,4,False,False,False,False,bad,bad,5,,False,mid,dead,above,mid,flat,mid,missing,,missing,False,False,False,missing,,False,13.0,False,False,False,False,False,False,Financial,-4.912,-2.396,,,,False,False,-4.2875,-2.5305,,,
CRDO,2026-08-19,bad,bad,bad,missing,missing,missing,missing,3,4,False,False,False,False,bad,bad,5,,False,mid,normal,above,mid,down,mid,missing,,missing,False,False,False,missing,,False,8.0,False,False,False,False,False,False,Technology,-1.478,-1.81,,,,False,False,-0.8534999999999999,-1.9445000000000001,,,
BEN,2026-08-19,bad,bad,bad,missing,missing,missing,missing,3,4,False,False,False,False,bad,bad,5,,False,mid,dead,above,mid,flat,mid,missing,,missing,False,False,False,missing,,False,11.0,False,False,False,False,False,False,Financial,-0.029,0.971,,,,False,False,0.5955,0.8365,,,
BBY,2026-08-19,bad,bad,bad,missing,missing,missing,missing,3,4,False,False,False,False,bad,bad,5,,False,mid,normal,above,high,flat,mid,missing,,missing,False,False,True,missing,,False,12.0,False,False,False,False,False,False,Consumer Cyclical,-3.901,-3.722,,,,False,False,-3.2764999999999995,-3.8565,,,
KYIV,2026-08-19,bad,bad,bad,missing,missing,missing,missing,3,4,False,False,False,False,bad,bad,5,,False,mid,dead,below,mid,flat,mid,missing,,missing,False,False,False,missing,,False,-1.0,False,False,False,False,False,False,Communication Services,-0.311,3.033,,,,False,False,0.31350000000000006,2.8985,,,
NZF,2026-08-19,bad,bad,bad,missing,missing,missing,missing,3,4,False,False,False,False,bad,bad,5,,False,mid,normal,below,low,flat,mid,missing,,missing,False,False,False,missing,,False,2.0,False,False,False,False,False,False,Financial,-0.567,-0.891,,,,False,False,0.05750000000000011,-1.0255,,,
BDC,2026-08-19,bad,bad,bad,missing,missing,missing,missing,3,4,False,False,False,False,bad,bad,5,,False,mid,dead,above,high,flat,mid,missing,,missing,False,False,False,missing,,False,6.0,False,False,False,False,False,False,Technology,-3.535,-4.648,,,,False,False,-2.9105,-4.7825,,,
LBRDK,2026-08-19,bad,bad,bad,missing,missing,missing,missing,3,4,False,False,False,False,bad,bad,5,,False,mid,normal,above,mid,flat,mid,missing,,missing,False,False,False,missing,,False,0.0,False,False,False,False,False,False,Communication Services,,,,,,False,False,,,,,
STX,2026-08-19,bad,bad,bad,missing,missing,missing,missing,3,4,False,False,False,False,bad,bad,5,,False,mid,normal,above,mid,down,extended,missing,,missing,False,False,False,missing,,False,12.0,False,False,False,False,False,False,Technology,2.124,2.095,,,,False,False,2.7485,1.9605000000000001,,,
NTAP,2026-08-19,bad,bad,bad,missing,missing,missing,missing,3,4,False,False,False,False,bad,bad,5,,False,overbought,dead,above,mid,flat,mid,missing,,missing,False,False,False,missing,,False,11.0,False,False,False,False,False,False,Technology,-0.859,-1.136,,,,False,False,-0.23449999999999993,-1.2705,,,
NU,2026-08-19,bad,bad,bad,missing,missing,missing,missing,3,4,False,False,False,False,bad,bad,5,,False,mid,normal,above,mid,flat,mid,missing,,missing,False,False,False,missing,,False,8.0,False,False,False,False,False,False,Financial,-2.738,-0.205,,,,False,False,-2.1135,-0.3395,,,
LAMR,2026-08-19,bad,bad,bad,missing,missing,missing,missing,3,4,False,False,False,False,bad,bad,5,,False,mid,normal,below,mid,flat,mid,missing,,missing,False,False,False,missing,,False,3.0,False,False,False,False,False,False,Real Estate,-1.929,-2.085,,,,False,False,-1.3045,-2.2195,,,
CRWD,2026-08-19,bad,bad,bad,missing,missing,missing,missing,3,4,False,False,False,False,bad,bad,5,,False,mid,dead,above,low,flat,mid,missing,,missing,False,False,False,missing,,False,1.0,False,False,False,False,False,False,Technology,-5.599,-4.801,,,,False,False,-4.9745,-4.9355,,,
STLD,2026-08-19,bad,bad,bad,missing,missing,missing,missing,3,4,False,False,False,False,bad,bad,5,,False,mid,dead,below,mid,flat,mid,missing,,missing,False,False,False,missing,,False,6.0,False,False,False,False,False,False,Basic Materials,-5.199,-1.009,,,,False,False,-4.5745,-1.1435,,,
ST,2026-08-19,bad,bad,bad,missing,missing,missing,missing,3,4,False,False,False,False,bad,bad,5,,False,mid,dead,below,mid,flat,mid,missing,,missing,False,False,False,missing,,False,12.0,False,False,False,False,False,False,Technology,-1.964,0.14,,,,False,False,-1.3395,0.005500000000000005,,,
STAG,2026-08-19,bad,bad,bad,missing,missing,missing,missing,3,4,False,False,False,False,bad,bad,5,,False,mid,dead,below,mid,flat,mid,missing,,missing,False,False,False,missing,,False,7.0,False,False,False,False,False,False,Real Estate,-0.165,0.659,,,,False,False,0.4595,0.5245,,,
IDA,2026-08-19,bad,bad,good,missing,missing,missing,missing,2,4,False,False,True,False,bad,neutral,7,,False,mid,dead,below,mid,flat,mid,missing,,missing,False,False,False,missing,,False,4.0,False,False,False,False,False,False,Utilities,-0.462,-2.529,,,,False,False,0.16250000000000003,-2.6635,,,
SSRM,2026-08-19,bad,bad,bad,missing,missing,missing,missing,3,4,False,False,True,False,bad,bad,5,,False,mid,dead,above,mid,flat,mid,missing,,missing,False,False,False,missing,,False,-1.0,False,False,False,False,False,False,Basic Materials,4.098,6.755,,,,False,False,4.7225,6.6205,,,
SPXC,2026-08-19,bad,bad,good,missing,missing,missing,missing,2,4,False,False,False,False,bad,neutral,7,,False,mid,dead,below,low,flat,mid,missing,,missing,False,False,False,missing,,False,4.0,False,False,False,False,False,False,Industrials,-1.626,-0.318,,,,False,False,-1.0014999999999998,-0.4525,,,
CVBF,2026-08-19,bad,bad,bad,missing,missing,missing,missing,3,4,False,False,False,False,bad,bad,5,,False,mid,dead,above,mid,flat,mid,missing,,missing,False,False,False,missing,,False,5.0,False,False,False,False,False,False,Financial,-0.044,0.178,,,,False,False,0.5805,0.04349999999999998,,,
LI,2026-08-19,bad,bad,bad,missing,missing,missing,missing,3,4,False,False,False,False,bad,bad,5,,False,mid,dead,below,mid,flat,mid,missing,,missing,False,False,False,missing,,False,-8.0,False,False,False,False,False,False,Consumer Cyclical,1.652,2.675,,,,False,False,2.2765,2.5404999999999998,,,
NTWO,2026-08-19,bad,bad,bad,missing,missing,missing,missing,3,4,False,False,False,False,bad,bad,5,,False,overbought,hot,above,low,flat,mid,missing,,missing,False,False,False,missing,,False,4.0,False,False,False,False,False,False,Financial,-2.344,-0.174,,,,False,False,-1.7194999999999998,-0.3085,,,
BB,2026-08-19,bad,bad,bad,missing,missing,missing,missing,3,4,False,False,False,False,bad,bad,5,,False,mid,dead,below,mid,flat,mid,missing,,missing,False,False,True,missing,,False,7.0,False,False,False,False,False,False,Technology,-2.398,-3.597,,,,False,False,-1.7735,-3.7315,,,
BAM,2026-08-19,bad,bad,bad,missing,missing,missing,missing,3,4,False,False,False,False,bad,bad,5,,False,mid,dead,above,mid,flat,mid,missing,,missing,False,False,False,missing,,False,9.0,False,False,False,False,False,False,Financial,-2.146,-0.665,,,,False,False,-1.5214999999999999,-0.7995000000000001,,,
BA,2026-08-19,bad,bad,good,missing,missing,missing,missing,2,4,False,False,False,False,bad,neutral,7,,False,mid,dead,above,low,flat,mid,missing,,missing,False,True,True,missing,,False,3.0,False,False,False,False,False,False,Industrials,-3.195,-3.6,,,,False,False,-2.5705,-3.7345,,,
BAH,2026-08-19,bad,bad,good,missing,missing,missing,missing,2,4,False,False,False,False,bad,neutral,7,,False,mid,dead,above,mid,flat,mid,missing,,missing,False,False,True,missing,,False,0.0,False,False,False,False,False,False,Industrials,-3.146,-2.27,,,,False,False,-2.5214999999999996,-2.4045,,,
BALL,2026-08-19,bad,bad,bad,missing,missing,missing,missing,3,4,False,False,False,False,bad,bad,5,,False,mid,dead,below,low,flat,mid,missing,,missing,False,False,True,missing,,False,9.0,False,False,False,False,False,False,Consumer Cyclical,-0.016,1.549,,,,False,False,0.6085,1.4144999999999999,,,
VIST,2026-08-19,bad,bad,good,missing,missing,missing,missing,2,4,False,False,False,False,bad,neutral,7,,False,mid,hot,above,low,flat,mid,missing,,missing,False,False,False,missing,,False,5.0,False,False,False,False,False,False,Energy,3.04,1.695,,,,False,False,3.6645000000000003,1.5605,,,
VKTX,2026-08-19,bad,bad,good,missing,missing,missing,missing,2,4,False,False,False,False,bad,neutral,7,,False,mid,dead,below,high,flat,mid,missing,,missing,False,False,False,missing,,False,-2.0,False,False,False,False,False,False,Healthcare,-4.502,-5.809,,,,False,False,-3.8774999999999995,-5.9435,,,
VIV,2026-08-19,bad,bad,bad,missing,missing,missing,missing,3,4,False,False,False,False,bad,bad,5,,False,oversold,normal,below,low,flat,mid,missing,,missing,False,False,False,missing,,False,0.0,False,False,False,False,False,False,Communication Services,-2.263,-0.522,,,,False,False,-1.6384999999999998,-0.6565000000000001,,,
ICL,2026-08-19,bad,bad,bad,missing,missing,missing,missing,3,4,False,False,False,False,bad,bad,5,,False,mid,normal,above,low,flat,mid,missing,,missing,False,False,False,missing,,False,7.0,False,False,False,False,False,False,Basic Materials,0.364,5.455,,,,False,False,0.9885,5.3205,,,
DASH,2026-08-19,bad,bad,bad,missing,missing,missing,missing,3,4,False,False,False,False,bad,bad,5,,False,mid,normal,above,mid,flat,mid,missing,,missing,False,False,False,missing,,False,8.0,False,False,False,False,False,False,Consumer Cyclical,0.972,1.485,,,,False,False,1.5965,1.3505,,,
DAL,2026-08-19,bad,bad,good,missing,missing,missing,missing,2,4,True,False,False,False,bad,neutral,7,,False,mid,dead,below,mid,flat,mid,missing,,missing,False,False,False,missing,,False,6.0,False,False,False,False,False,False,Industrials,-2.677,-1.057,,,,False,False,-2.0525,-1.1915,,,
AVPT,2026-08-19,bad,bad,bad,missing,missing,missing,missing,3,4,False,False,False,False,bad,bad,5,,False,mid,dead,above,mid,flat,mid,missing,,missing,False,False,True,missing,,False,12.0,False,False,False,False,False,False,Technology,-1.13,0.678,,,,False,False,-0.5054999999999998,0.5435000000000001,,,
DBX,2026-08-19,bad,bad,bad,missing,missing,missing,missing,3,4,False,False,False,False,bad,bad,5,,False,mid,normal,above,high,flat,mid,missing,,missing,False,False,False,missing,,False,10.0,False,False,False,False,False,False,Technology,0.029,1.412,,,,False,False,0.6535000000000001,1.2774999999999999,,,
VNT,2026-08-19,bad,bad,bad,missing,missing,missing,missing,3,4,False,False,False,False,bad,bad,5,,False,mid,dead,below,high,flat,mid,missing,,missing,False,False,False,missing,,False,8.0,False,False,False,False,False,False,Technology,-0.485,0.03,,,,False,False,0.13950000000000007,-0.10450000000000001,,,
VNOM,2026-08-19,bad,bad,good,missing,missing,missing,missing,2,4,False,False,True,False,bad,neutral,7,,False,mid,normal,above,mid,flat,mid,missing,,missing,False,False,False,missing,,False,8.0,False,False,False,False,False,False,Energy,2.621,3.168,,,,False,False,3.2455,3.0335,,,
PKG,2026-08-19,bad,bad,bad,missing,missing,missing,missing,3,4,False,False,False,False,bad,bad,5,,False,mid,dead,above,mid,flat,mid,missing,,missing,False,False,False,missing,,False,6.0,False,False,False,False,False,False,Consumer Cyclical,-1.325,-0.047,,,,False,False,-0.7004999999999999,-0.1815,,,
SPCX,2026-08-19,bad,bad,good,missing,missing,missing,missing,2,4,False,False,True,False,bad,neutral,7,,False,mid,normal,above,high,down,mid,missing,,missing,False,False,False,missing,,False,1.0,False,False,False,False,False,False,Industrials,-4.046,-1.919,,,,False,False,-3.4215,-2.0535,,,
NMZ,2026-08-19,bad,bad,bad,missing,missing,missing,missing,3,4,False,False,False,False,bad,bad,5,,False,mid,normal,below,low,flat,mid,missing,,missing,False,False,False,missing,,False,4.0,False,False,False,False,False,False,Financial,-0.296,-0.888,,,,False,False,0.32850000000000007,-1.0225,,,
LNG,2026-08-19,bad,bad,good,missing,missing,missing,missing,2,4,False,False,True,False,bad,neutral,7,,False,mid,dead,above,low,flat,mid,missing,,missing,False,False,False,missing,,False,6.0,False,False,False,False,False,False,Energy,1.775,1.17,,,,False,False,2.3994999999999997,1.0354999999999999,,,
DDOG,2026-08-19,bad,bad,bad,missing,missing,missing,missing,3,4,False,False,False,False,bad,bad,5,,False,mid,normal,below,mid,flat,mid,missing,,missing,False,False,False,missing,,False,14.0,False,False,False,False,False,False,Technology,-0.415,0.899,,,,False,False,0.20950000000000008,0.7645,,,
AVA,2026-08-19,bad,bad,good,missing,missing,missing,missing,2,4,False,False,True,False,bad,neutral,7,,False,mid,normal,below,mid,flat,mid,missing,,missing,False,False,True,missing,,False,6.0,False,False,False,False,False,False,Utilities,-0.287,-2.008,,,,False,False,0.3375000000000001,-2.1425,,,
VST,2026-08-19,bad,bad,good,missing,missing,missing,missing,2,4,False,False,False,False,neutral,neutral,8,,False,mid,dead,below,low,flat,mid,missing,,missing,False,False,False,missing,,False,1.0,False,False,False,False,False,False,Utilities,-2.635,-4.548,,,,False,False,-2.0104999999999995,-4.6825,,,
VRT,2026-08-19,bad,bad,good,missing,missing,missing,missing,2,4,False,False,False,False,bad,neutral,7,,False,mid,normal,below,mid,down,mid,missing,,missing,False,False,False,missing,,False,2.0,False,False,False,False,False,False,Industrials,1.391,0.364,,,,False,False,2.0155000000000003,0.22949999999999998,,,
AVGO,2026-08-19,bad,bad,bad,missing,missing,missing,missing,3,4,False,False,False,False,bad,bad,5,,False,mid,normal,below,low,flat,washed,missing,,missing,False,False,True,missing,,False,6.0,False,False,False,False,False,False,Technology,0.428,1.647,,,,False,False,1.0525,1.5125,,,
LNC,2026-08-19,bad,bad,bad,missing,missing,missing,missing,3,4,False,False,False,False,bad,bad,5,,False,mid,normal,above,mid,flat,mid,missing,,missing,False,False,False,missing,,False,12.0,False,False,False,False,False,False,Financial,-3.45,-3.059,,,,False,False,-2.8255,-3.1935000000000002,,,
HTGC,2026-08-19,bad,bad,bad,missing,missing,missing,missing,3,4,False,False,False,False,bad,bad,5,,False,mid,normal,above,mid,flat,mid,missing,,missing,False,False,False,missing,,False,14.0,False,False,False,False,False,False,Financial,0.769,1.361,,,,False,False,1.3935,1.2265,,,
AUPH,2026-08-19,bad,bad,good,missing,missing,missing,missing,2,4,False,False,False,False,bad,neutral,7,,False,mid,dead,above,high,flat,mid,missing,,missing,False,True,True,missing,,False,9.0,False,False,False,False,False,False,Healthcare,6.803,2.968,,,,False,False,7.4275,2.8335,,,
PNFP,2026-08-19,bad,bad,bad,missing,missing,missing,missing,3,4,False,False,False,False,bad,bad,5,,False,mid,dead,above,mid,flat,mid,missing,,missing,False,False,False,missing,,False,10.0,False,False,False,False,False,False,Financial,0.315,0.58,,,,False,False,0.9395,0.44549999999999995,,,
HSAI,2026-08-19,bad,bad,bad,missing,missing,missing,missing,3,4,False,False,False,False,bad,bad,5,,False,mid,hot,below,low,down,washed,missing,,missing,False,False,False,missing,,False,3.0,False,False,False,False,False,False,Consumer Cyclical,4.783,7.485,,,,False,False,5.407500000000001,7.3505,,,
PODD,2026-08-19,bad,bad,good,missing,missing,missing,missing,2,4,False,False,True,False,bad,neutral,7,,False,mid,normal,below,mid,flat,mid,missing,,missing,False,False,False,missing,,False,5.0,False,False,False,False,False,False,Healthcare,-3.063,-2.211,,,,False,False,-2.4385000000000003,-2.3455,,,
HRB,2026-08-19,bad,bad,bad,missing,missing,missing,missing,3,4,False,False,False,False,bad,bad,5,,False,mid,dead,above,high,flat,extended,missing,,missing,False,False,False,missing,,False,6.0,False,False,False,False,False,False,Consumer Cyclical,1.512,2.737,,,,False,False,2.1365,2.6025,,,
HON,2026-08-19,bad,bad,good,missing,missing,missing,missing,2,4,False,False,False,False,bad,neutral,7,,False,mid,dead,below,low,flat,mid,missing,,missing,False,False,False,missing,,False,15.0,False,False,False,False,False,False,Industrials,-1.538,-2.629,,,,False,False,-0.9135,-2.7635,,,
HRZN,2026-08-19,bad,bad,bad,missing,missing,missing,missing,3,4,False,False,False,False,bad,bad,5,,False,mid,normal,above,mid,flat,mid,missing,,missing,False,False,False,missing,,False,3.0,False,False,False,False,False,False,Financial,-3.15,-5.118,,,,False,False,-2.5255,-5.2525,,,
HQY,2026-08-19,bad,bad,good,missing,missing,missing,missing,2,4,False,False,True,False,bad,neutral,7,,False,mid,dead,above,mid,flat,mid,missing,,missing,False,False,False,missing,,False,11.0,False,False,False,False,False,False,Healthcare,0.308,1.405,,,,False,False,0.9325000000000001,1.2705,,,
LKQ,2026-08-19,bad,bad,bad,missing,missing,missing,missing,3,4,False,False,False,False,bad,bad,5,,False,mid,dead,above,mid,flat,mid,missing,,missing,False,False,False,missing,,False,-2.0,False,False,False,False,False,False,Consumer Cyclical,1.643,0.822,,,,False,False,2.2675,0.6875,,,
LOAR,2026-08-19,bad,bad,good,missing,missing,missing,missing,2,4,False,False,False,False,bad,neutral,7,,False,mid,normal,above,high,flat,mid,missing,,missing,False,False,False,missing,,False,11.0,False,False,False,False,False,False,Industrials,-2.772,-1.948,,,,False,False,-2.1475,-2.0825,,,
NJR,2026-08-19,bad,bad,good,missing,missing,missing,missing,2,4,False,False,True,False,bad,neutral,7,,False,mid,normal,below,mid,flat,mid,missing,,missing,False,False,False,missing,,False,11.0,False,False,False,False,False,False,Utilities,-0.436,-2.832,,,,False,False,0.18850000000000006,-2.9665,,,
LTC,2026-08-19,bad,bad,bad,missing,missing,missing,missing,3,4,False,False,False,False,bad,bad,5,,False,mid,dead,above,mid,flat,mid,missing,,missing,False,False,False,missing,,False,12.0,False,False,False,False,False,False,Real Estate,1.092,0.369,,,,False,False,1.7165000000000001,0.2345,,,
AUB,2026-08-19,bad,bad,bad,missing,missing,missing,missing,3,4,False,False,False,False,bad,bad,5,,False,mid,dead,below,mid,flat,mid,missing,,missing,False,False,False,missing,,False,11.0,False,False,False,False,False,False,Financial,-0.822,-0.508,,,,False,False,-0.1974999999999999,-0.6425000000000001,,,
SOBO,2026-08-19,bad,bad,good,missing,missing,missing,missing,2,4,False,False,True,False,bad,neutral,7,,False,mid,dead,above,mid,flat,mid,missing,,missing,False,False,False,missing,,False,12.0,False,False,False,False,False,False,Energy,2.127,0.292,,,,False,False,2.7515,0.15749999999999997,,,
DHT,2026-08-19,bad,bad,good,missing,missing,missing,missing,2,4,False,False,True,False,bad,neutral,7,,False,mid,normal,above,mid,flat,mid,missing,,missing,False,False,False,missing,,False,12.0,False,False,False,False,False,False,Energy,-0.95,-0.85,,,,False,False,-0.3254999999999999,-0.9844999999999999,,,
PPC,2026-08-19,bad,bad,good,missing,missing,missing,missing,2,4,False,False,False,False,bad,neutral,7,,False,mid,dead,above,high,flat,mid,missing,,missing,False,False,False,missing,,False,2.0,False,False,False,False,False,False,Consumer Defensive,-0.128,3.101,,,,False,False,0.49650000000000005,2.9665,,,
DLO,2026-08-19,bad,bad,bad,missing,missing,missing,missing,3,4,False,False,False,False,bad,bad,5,,False,mid,normal,below,high,flat,mid,missing,,missing,False,False,False,missing,,False,6.0,False,False,False,False,False,False,Technology,0.28,6.084,,,,False,False,0.9045000000000001,5.9495,,,
PPLI,2026-08-19,bad,bad,bad,missing,missing,missing,missing,3,4,False,False,False,False,bad,bad,5,,False,mid,dead,below,high,flat,mid,missing,,missing,False,False,False,missing,,False,5.0,False,False,False,False,False,False,Communication Services,-1.891,0.3,,,,False,False,-1.2665,0.16549999999999998,,,
PPTA,2026-08-19,bad,bad,bad,missing,missing,missing,missing,3,4,False,False,False,False,bad,bad,5,,False,mid,dead,above,high,flat,mid,missing,,missing,False,False,False,missing,,False,-5.0,False,False,False,False,False,False,Basic Materials,-2.982,-0.465,,,,False,False,-2.3575,-0.5995,,,
LRCX,2026-08-19,bad,bad,bad,missing,missing,missing,missing,3,4,False,False,False,False,bad,bad,5,,False,mid,normal,above,low,down,mid,missing,,missing,False,False,False,missing,,False,6.0,False,False,False,False,False,False,Technology,1.094,2.224,,,,False,False,1.7185000000000001,2.0895,,,
DNP,2026-08-19,bad,bad,bad,missing,missing,missing,missing,3,4,False,False,False,False,bad,bad,5,,False,mid,normal,above,low,flat,mid,missing,,missing,False,False,False,missing,,False,8.0,False,False,False,False,False,False,Financial,0.273,-0.82,,,,False,False,0.8975000000000001,-0.9544999999999999,,,
LRN,2026-08-19,bad,bad,good,missing,missing,missing,missing,2,4,False,False,True,False,bad,neutral,7,,False,mid,dead,above,high,flat,mid,missing,,missing,False,False,False,missing,,False,11.0,False,False,False,False,False,False,Consumer Defensive,-0.119,0.226,,,,False,False,0.5055000000000001,0.0915,,,
VVX,2026-08-19,bad,bad,good,missing,missing,missing,missing,2,4,False,False,False,False,bad,neutral,7,,False,mid,dead,below,mid,flat,mid,missing,,missing,False,False,False,missing,,False,11.0,False,False,False,False,False,False,Industrials,-4.242,-4.86,,,,False,False,-3.6174999999999997,-4.9945,,,
HL,2026-08-19,bad,bad,bad,missing,missing,missing,missing,3,4,False,False,False,False,bad,bad,5,,False,mid,normal,above,mid,flat,mid,missing,,missing,False,False,False,missing,,False,6.0,False,False,False,False,False,False,Basic Materials,1.363,0.876,,,,False,False,1.9875,0.7415,,,
WAFD,2026-08-19,bad,bad,bad,missing,missing,missing,missing,3,4,False,False,False,False,bad,bad,5,,False,mid,dead,above,mid,flat,mid,missing,,missing,False,False,False,missing,,False,8.0,False,False,False,False,False,False,Financial,-0.191,-0.191,,,,False,False,0.43350000000000005,-0.3255,,,
HMC,2026-08-19,bad,bad,bad,missing,missing,missing,missing,3,4,False,False,False,False,bad,bad,5,,False,mid,dead,above,low,flat,mid,missing,,missing,False,False,False,missing,,False,10.0,False,False,False,False,False,False,Consumer Cyclical,2.162,4.575,,,,False,False,2.7865,4.4405,,,
HLP,2026-08-19,bad,bad,bad,missing,missing,missing,missing,3,4,False,False,False,False,bad,bad,5,,False,mid,dead,above,low,flat,mid,missing,,missing,False,False,False,missing,,False,4.0,False,False,False,False,False,False,Basic Materials,-2.459,-3.279,,,,False,False,-1.8345,-3.4135,,,
DTM,2026-08-19,bad,bad,good,missing,missing,missing,missing,2,4,False,False,True,False,bad,neutral,7,,False,mid,normal,below,mid,flat,mid,missing,,missing,False,False,False,missing,,False,7.0,False,False,False,False,False,False,Energy,-1.909,-4.339,,,,False,False,-1.2845,-4.4735000000000005,,,
DSX,2026-08-19,bad,bad,good,missing,missing,missing,missing,2,4,False,False,False,False,bad,neutral,7,,False,mid,normal,above,low,flat,extended,missing,,missing,False,False,False,missing,,False,14.0,False,False,False,False,False,False,Industrials,0.0,2.652,,,,False,False,0.6245,2.5175,,,
DT,2026-08-19,bad,bad,bad,missing,missing,missing,missing,3,4,False,False,False,False,bad,bad,5,,False,mid,hot,above,mid,flat,mid,missing,,missing,False,False,False,missing,,False,10.0,False,False,False,False,False,False,Technology,-0.847,-0.605,,,,False,False,-0.22249999999999992,-0.7395,,,
WAY,2026-08-19,bad,bad,good,missing,missing,missing,missing,2,4,False,False,True,False,bad,neutral,7,,False,mid,dead,above,high,flat,mid,missing,,missing,False,False,False,missing,,False,9.0,False,False,False,False,False,False,Healthcare,0.0,0.684,,,,False,False,0.6245,0.5495000000000001,,,
ARX,2026-08-19,bad,bad,bad,missing,missing,missing,missing,3,4,False,False,False,False,bad,bad,5,,False,overbought,hot,above,high,flat,extended,missing,,missing,False,True,True,missing,,False,-3.0,False,False,False,False,False,False,Financial,0.102,0.205,,,,False,False,0.7265,0.07049999999999998,,,
HCC,2026-08-19,bad,bad,bad,missing,missing,missing,missing,3,4,False,False,True,False,bad,bad,5,,False,mid,dead,above,high,flat,mid,missing,,missing,False,False,False,missing,,False,13.0,False,False,False,False,False,False,Basic Materials,-1.609,1.599,,,,False,False,-0.9844999999999999,1.4645,,,
HESM,2026-08-19,bad,bad,good,missing,missing,missing,missing,2,4,False,False,True,False,bad,neutral,7,,False,mid,normal,below,mid,flat,mid,missing,,missing,False,False,False,missing,,False,12.0,False,False,False,False,False,False,Energy,-1.635,-1.535,,,,False,False,-1.0105,-1.6695,,,
SLM,2026-08-19,bad,bad,bad,missing,missing,missing,missing,3,4,False,False,False,False,bad,bad,5,,False,mid,dead,above,high,flat,mid,missing,,missing,False,False,False,missing,,False,1.0,False,False,False,False,False,False,Financial,-2.783,-0.489,,,,False,False,-2.1585,-0.6234999999999999,,,
SLDE,2026-08-19,bad,bad,bad,missing,missing,missing,missing,3,4,False,False,False,False,bad,bad,5,,False,mid,dead,above,high,flat,extended,missing,,missing,False,False,False,missing,,False,14.0,False,False,False,False,False,False,Financial,0.178,1.157,,,,False,False,0.8025,1.0225,,,
SKT,2026-08-19,bad,bad,bad,missing,missing,missing,missing,3,4,False,False,False,False,bad,bad,5,,False,mid,dead,below,mid,flat,mid,missing,,missing,False,False,False,missing,,False,4.0,False,False,False,False,False,False,Real Estate,-0.907,-0.933,,,,False,False,-0.2825,-1.0675000000000001,,,
DUKU,2026-08-19,bad,bad,good,missing,missing,missing,missing,2,4,False,False,True,False,bad,neutral,7,,False,mid,dead,above,low,flat,mid,missing,,missing,False,False,False,missing,,False,-1.0,False,False,False,False,False,False,Utilities,-0.434,-0.73,,,,False,False,0.19050000000000006,-0.8645,,,
SKWD,2026-08-19,bad,bad,bad,missing,missing,missing,missing,3,4,False,False,False,False,bad,bad,5,,False,mid,normal,below,mid,flat,mid,missing,,missing,False,False,False,missing,,False,9.0,False,False,False,False,False,False,Financial,-0.957,0.869,,,,False,False,-0.3324999999999999,0.7344999999999999,,,
LUV,2026-08-19,bad,bad,good,missing,missing,missing,missing,2,4,False,False,False,False,bad,neutral,7,,False,mid,dead,below,mid,flat,mid,missing,,missing,False,False,False,missing,,False,-1.0,False,False,False,False,False,False,Industrials,-3.694,-2.511,,,,False,False,-3.0694999999999997,-2.6455,,,
WH,2026-08-19,bad,bad,bad,missing,missing,missing,missing,3,4,False,False,False,False,bad,bad,5,,False,mid,dead,below,high,flat,mid,missing,,missing,False,False,False,missing,,False,2.0,False,False,False,False,False,False,Consumer Cyclical,-0.712,-1.622,,,,False,False,-0.08749999999999991,-1.7565000000000002,,,
NEA,2026-08-19,bad,bad,bad,missing,missing,missing,missing,3,4,False,False,False,False,bad,bad,5,,False,mid,normal,below,low,flat,mid,missing,,missing,False,False,False,missing,,False,0.0,False,False,False,False,False,False,Financial,,,,,,False,False,,,,,
HBM,2026-08-19,bad,bad,bad,missing,missing,missing,missing,3,4,False,False,True,False,bad,bad,5,,False,mid,dead,above,low,down,mid,missing,,missing,False,False,False,missing,,False,4.0,False,False,False,False,False,False,Basic Materials,2.475,9.428,,,,False,False,3.0995,9.293500000000002,,,
EBAY,2026-08-19,bad,bad,bad,missing,missing,missing,missing,3,4,False,False,False,False,bad,bad,5,,False,mid,hot,below,mid,flat,mid,missing,,missing,False,False,False,missing,,False,8.0,False,False,False,False,False,False,Consumer Cyclical,1.919,1.452,,,,False,False,2.5435,1.3175,,,
EBC,2026-08-19,bad,bad,bad,missing,missing,missing,missing,3,4,False,False,True,False,bad,bad,5,,False,mid,dead,above,mid,flat,mid,missing,,missing,False,False,False,missing,,False,12.0,False,False,False,False,False,False,Financial,-1.173,-1.173,,,,False,False,-0.5485,-1.3075,,,
NCNO,2026-08-19,bad,bad,bad,missing,missing,missing,missing,3,4,False,False,False,False,bad,bad,5,,False,mid,dead,above,high,flat,mid,missing,,missing,False,False,False,missing,,False,10.0,False,False,False,False,False,False,Technology,-1.595,-0.338,,,,False,False,-0.9704999999999999,-0.47250000000000003,,,
AQN,2026-08-19,bad,bad,good,missing,missing,missing,missing,2,4,False,False,True,False,bad,neutral,7,,False,mid,normal,below,low,flat,mid,missing,,missing,False,False,False,missing,,False,9.0,False,False,False,False,False,False,Utilities,0.0,-2.062,,,,False,False,0.6245,-2.1965,,,
WLK,2026-08-19,bad,bad,bad,missing,missing,missing,missing,3,4,False,False,False,False,bad,bad,5,,False,mid,dead,above,high,flat,mid,missing,,missing,False,False,False,missing,,False,1.0,False,False,False,False,False,False,Basic Materials,-0.755,-0.654,,,,False,False,-0.13049999999999995,-0.7885,,,
SIG,2026-08-19,bad,bad,bad,missing,missing,missing,missing,3,4,False,False,False,False,bad,bad,5,,False,mid,dead,below,high,flat,washed,missing,,missing,False,False,False,missing,,False,1.0,False,False,False,False,False,False,Consumer Cyclical,-4.951,-4.54,,,,False,False,-4.326499999999999,-4.6745,,,
DXCM,2026-08-19,bad,bad,good,missing,missing,missing,missing,2,4,False,False,True,False,bad,neutral,7,,False,mid,dead,above,mid,flat,mid,missing,,missing,False,False,False,missing,,False,6.0,False,False,False,False,False,False,Healthcare,0.378,2.737,,,,False,False,1.0025,2.6025,,,
APO,2026-08-19,bad,bad,bad,missing,missing,missing,missing,3,4,False,False,False,False,bad,bad,5,,False,mid,normal,above,mid,flat,mid,missing,,missing,False,False,True,missing,,False,7.0,False,False,False,False,False,False,Financial,-2.731,-0.703,,,,False,False,-2.1064999999999996,-0.8374999999999999,,,
PSX,2026-08-19,bad,bad,good,missing,missing,missing,missing,2,4,False,False,True,False,bad,neutral,7,,False,overbought,normal,above,low,flat,mid,missing,,missing,False,False,False,missing,,False,11.0,False,False,False,False,False,False,Energy,-0.945,0.239,,,,False,False,-0.3204999999999999,0.10449999999999998,,,
APTV,2026-08-19,bad,bad,bad,missing,missing,missing,missing,3,4,False,False,False,False,bad,bad,5,,False,mid,normal,below,mid,flat,mid,missing,,missing,False,True,True,missing,,False,4.0,False,False,False,False,False,False,Consumer Cyclical,-3.863,-1.308,,,,False,False,-3.2385,-1.4425000000000001,,,
GTX,2026-08-19,bad,bad,bad,missing,missing,missing,missing,3,4,False,False,False,False,bad,bad,5,,False,mid,dead,below,low,flat,mid,missing,,missing,False,False,False,missing,,False,4.0,False,False,False,False,False,False,Consumer Cyclical,-2.762,-1.952,,,,False,False,-2.1375,-2.0865,,,
EL,2026-08-19,bad,bad,good,missing,missing,missing,missing,2,4,False,False,False,False,bad,neutral,7,,False,mid,dead,below,mid,flat,mid,missing,,missing,False,False,False,missing,,False,4.0,False,False,False,False,False,False,Consumer Defensive,-1.898,4.01,,,,False,False,-1.2734999999999999,3.8754999999999997,,,
SGHC,2026-08-19,bad,bad,bad,missing,missing,missing,missing,3,4,False,False,False,False,bad,bad,5,,False,mid,dead,below,high,flat,mid,missing,,missing,False,False,False,missing,,False,13.0,False,False,False,False,False,False,Consumer Cyclical,0.456,1.14,,,,False,False,1.0805,1.0054999999999998,,,
NAT,2026-08-19,bad,bad,good,missing,missing,missing,missing,2,4,False,False,True,False,bad,neutral,7,,False,mid,dead,above,mid,flat,extended,far,,missing,False,False,False,missing,,False,5.0,False,False,False,False,False,False,Energy,,,,,,False,False,,,,,
NATL,2026-08-19,bad,bad,bad,missing,missing,missing,missing,3,4,False,False,False,False,bad,bad,5,,False,mid,dead,below,mid,flat,mid,missing,,missing,False,False,False,missing,,False,6.0,False,False,False,False,False,False,Technology,1.628,0.76,,,,False,False,2.2525,0.6255,,,
WSBC,2026-08-19,bad,bad,bad,missing,missing,missing,missing,3,4,False,False,False,False,bad,bad,5,,False,mid,dead,above,mid,flat,mid,missing,,missing,False,False,False,missing,,False,10.0,False,False,False,False,False,False,Financial,-0.68,-0.729,,,,False,False,-0.055499999999999994,-0.8634999999999999,,,
APAM,2026-08-19,bad,bad,bad,missing,missing,missing,missing,3,4,False,False,False,False,bad,bad,5,,False,mid,dead,above,mid,flat,mid,missing,,missing,False,False,False,missing,,False,13.0,False,False,False,False,False,False,Financial,-1.059,-0.565,,,,False,False,-0.4344999999999999,-0.6995,,,
APD,2026-08-19,bad,bad,bad,missing,missing,missing,missing,3,4,False,False,False,False,bad,bad,5,,False,mid,dead,above,low,flat,mid,missing,,missing,False,False,True,missing,,False,-3.0,False,False,False,False,False,False,Basic Materials,-0.953,0.62,,,,False,False,-0.3284999999999999,0.4855,,,
GWRE,2026-08-19,bad,bad,bad,missing,missing,missing,missing,3,4,False,False,False,False,bad,bad,5,,False,mid,dead,above,mid,flat,mid,missing,,missing,False,False,False,missing,,False,8.0,False,False,False,False,False,False,Technology,0.337,4.421,,,,False,False,0.9615,4.2865,,,
ELVN,2026-08-19,bad,bad,good,missing,missing,missing,missing,2,4,False,False,True,False,bad,neutral,7,,False,mid,dead,above,high,flat,mid,missing,,missing,False,False,False,missing,,False,1.0,False,False,False,False,False,False,Healthcare,-0.791,0.724,,,,False,False,-0.16649999999999998,0.5894999999999999,,,
EMN,2026-08-19,bad,bad,bad,missing,missing,missing,missing,3,4,False,False,False,False,bad,bad,5,,False,mid,dead,above,mid,flat,mid,missing,,missing,False,False,False,missing,,False,10.0,False,False,False,False,False,False,Basic Materials,-1.823,-1.424,,,,False,False,-1.1985,-1.5585,,,
WWD,2026-08-19,bad,bad,good,missing,missing,missing,missing,2,4,False,False,False,False,bad,neutral,7,,False,mid,dead,below,low,flat,mid,missing,,missing,False,False,False,missing,,False,1.0,False,False,False,False,False,False,Industrials,-4.847,-4.552,,,,False,False,-4.2225,-4.6865,,,
MANH,2026-08-19,bad,bad,bad,missing,missing,missing,missing,3,4,False,False,False,False,bad,bad,5,,False,mid,normal,above,mid,flat,mid,missing,,missing,False,False,False,missing,,False,8.0,False,False,False,False,False,False,Technology,2.534,4.16,,,,False,False,3.1585,4.0255,,,
ALV,2026-08-19,bad,bad,bad,missing,missing,missing,missing,3,4,False,False,False,False,bad,bad,5,,False,mid,dead,below,mid,flat,mid,missing,,missing,False,False,True,missing,,False,13.0,False,False,False,False,False,False,Consumer Cyclical,-0.474,2.535,,,,False,False,0.15050000000000008,2.4005,,,
ANF,2026-08-19,bad,bad,bad,missing,missing,missing,missing,3,4,False,False,False,False,bad,bad,5,,False,mid,normal,above,high,flat,washed,missing,,missing,False,False,True,missing,,False,5.0,False,False,False,False,False,False,Consumer Cyclical,-0.408,3.376,,,,False,False,0.21650000000000008,3.2415,,,
ENSG,2026-08-19,bad,bad,good,missing,missing,missing,missing,2,4,False,False,True,False,bad,neutral,7,,False,mid,dead,above,mid,flat,mid,missing,,missing,False,False,False,missing,,False,1.0,False,False,False,False,False,False,Healthcare,-1.447,-1.649,,,,False,False,-0.8225,-1.7835,,,
NAD,2026-08-19,bad,bad,bad,missing,missing,missing,missing,3,4,False,False,False,False,bad,bad,5,,False,mid,normal,below,low,flat,mid,missing,,missing,False,False,False,missing,,False,5.0,False,False,False,False,False,False,Financial,-1.27,-1.185,,,,False,False,-0.6455,-1.3195000000000001,,,
ENS,2026-08-19,bad,bad,good,missing,missing,missing,missing,2,4,False,False,False,False,bad,neutral,7,,False,mid,normal,above,mid,flat,mid,missing,,missing,False,False,False,missing,,False,3.0,False,False,False,False,False,False,Industrials,-2.052,-2.16,,,,False,False,-1.4275,-2.2945,,,
EPRT,2026-08-19,bad,bad,bad,missing,missing,missing,missing,3,4,False,False,False,False,bad,bad,5,,False,mid,dead,below,high,flat,mid,missing,,missing,False,False,False,missing,,False,7.0,False,False,False,False,False,False,Real Estate,0.225,-0.836,,,,False,False,0.8495,-0.9704999999999999,,,
WYNN,2026-08-19,bad,bad,bad,missing,missing,missing,missing,3,4,False,False,True,False,bad,bad,5,,False,mid,dead,above,high,flat,mid,missing,,missing,False,False,False,missing,,False,11.0,False,False,False,False,False,False,Consumer Cyclical,-0.5,0.18,,,,False,False,0.12450000000000006,0.045499999999999985,,,
AMX,2026-08-19,bad,bad,bad,missing,missing,missing,missing,3,4,False,False,False,False,bad,bad,5,,False,mid,hot,below,low,flat,mid,missing,,missing,False,False,False,missing,,False,9.0,False,False,False,False,False,False,Communication Services,-0.679,1.019,,,,False,False,-0.05449999999999999,0.8844999999999998,,,
GNW,2026-08-19,bad,bad,bad,missing,missing,missing,missing,3,4,False,False,False,False,bad,bad,5,,False,mid,dead,above,low,flat,mid,missing,,missing,False,False,False,missing,,False,9.0,False,False,False,False,False,False,Financial,-0.605,-0.403,,,,False,False,0.019500000000000073,-0.5375000000000001,,,
ALRM,2026-08-19,bad,bad,bad,missing,missing,missing,missing,3,4,False,False,False,False,bad,bad,5,,False,mid,dead,above,mid,flat,mid,missing,,missing,False,True,True,missing,,False,9.0,False,False,False,False,False,False,Technology,-0.558,0.227,,,,False,False,0.0665,0.0925,,,
SCI,2026-08-19,bad,bad,bad,missing,missing,missing,missing,3,4,False,False,False,False,bad,bad,5,,False,mid,dead,below,mid,flat,mid,missing,,missing,False,False,False,missing,,False,13.0,False,False,False,False,False,False,Consumer Cyclical,0.192,0.096,,,,False,False,0.8165,-0.038500000000000006,,,
GM,2026-08-19,bad,bad,bad,missing,missing,missing,missing,3,4,False,False,False,False,bad,bad,5,,False,mid,dead,below,low,flat,mid,missing,,missing,False,False,False,missing,,False,8.0,False,False,False,False,False,False,Consumer Cyclical,1.401,3.496,,,,False,False,2.0255,3.3615,,,
AMBP,2026-08-19,bad,bad,bad,missing,missing,missing,missing,3,4,False,False,False,False,bad,bad,5,,False,mid,dead,above,mid,flat,mid,missing,,missing,False,False,False,missing,,False,9.0,False,False,False,False,False,False,Consumer Cyclical,0.382,2.486,,,,False,False,1.0065,2.3515,,,
GLNG,2026-08-19,bad,bad,good,missing,missing,missing,missing,2,4,False,False,True,False,bad,neutral,7,,False,mid,dead,above,mid,flat,mid,missing,,missing,False,False,False,missing,,False,-3.0,False,False,False,False,False,False,Energy,-0.191,-0.459,,,,False,False,0.43350000000000005,-0.5935,,,
GLPI,2026-08-19,bad,bad,bad,missing,missing,missing,missing,3,4,False,False,False,False,bad,bad,5,,False,mid,normal,below,mid,flat,mid,missing,,missing,False,False,False,missing,,False,9.0,False,False,False,False,False,False,Real Estate,1.888,1.515,,,,False,False,2.5125,1.3804999999999998,,,
SBUX,2026-08-19,bad,bad,bad,missing,missing,missing,missing,3,4,False,False,False,False,bad,bad,5,,False,mid,dead,above,mid,flat,mid,missing,,missing,False,False,False,missing,,False,6.0,False,False,False,False,False,False,Consumer Cyclical,-0.943,2.0,,,,False,False,-0.3184999999999999,1.8655,,,
QLYS,2026-08-19,bad,bad,bad,missing,missing,missing,missing,3,4,False,False,False,False,bad,bad,5,,False,mid,dead,above,high,flat,mid,missing,,missing,False,False,False,missing,,False,9.0,False,False,False,False,False,False,Technology,-2.394,-2.518,,,,False,False,-1.7695,-2.6525,,,
SAN,2026-08-19,bad,bad,bad,missing,missing,missing,missing,3,4,False,False,False,False,bad,bad,5,,False,mid,hot,above,low,flat,mid,missing,,missing,False,False,False,missing,,False,5.0,False,False,False,False,False,False,Financial,0.282,2.964,,,,False,False,0.9065000000000001,2.8295,,,
MDU,2026-08-19,bad,bad,good,missing,missing,missing,missing,2,4,False,False,True,False,bad,neutral,7,,False,mid,dead,above,mid,flat,mid,missing,,missing,False,False,False,missing,,False,-2.0,False,False,False,False,False,False,Utilities,-0.927,-2.683,,,,False,False,-0.3025,-2.8175,,,
GLBE,2026-08-19,bad,bad,bad,missing,missing,missing,missing,3,4,False,False,False,False,bad,bad,5,,False,mid,dead,above,mid,flat,mid,missing,,missing,False,False,False,missing,,False,12.0,False,False,False,False,False,False,Consumer Cyclical,-1.091,-1.673,,,,False,False,-0.4664999999999999,-1.8075,,,
GILD,2026-08-19,bad,bad,good,missing,missing,missing,missing,2,4,False,False,True,False,bad,neutral,7,,False,mid,normal,above,low,flat,mid,missing,,missing,False,False,False,missing,,False,3.0,False,False,False,False,False,False,Healthcare,-2.818,-1.003,,,,False,False,-2.1935000000000002,-1.1375,,,
RYAN,2026-08-19,bad,bad,bad,missing,missing,missing,missing,3,4,False,False,False,False,bad,bad,5,,False,mid,dead,below,high,flat,mid,missing,,missing,False,False,False,missing,,False,10.0,False,False,False,False,False,False,Financial,1.966,2.535,,,,False,False,2.5905,2.4005,,,
GGN,2026-08-19,bad,bad,bad,missing,missing,missing,missing,3,4,False,False,False,False,bad,bad,5,,False,mid,normal,above,low,flat,mid,missing,,missing,False,False,False,missing,,False,-3.0,False,False,False,False,False,False,Financial,2.007,3.65,,,,False,False,2.6315,3.5155,,,
EXLS,2026-08-19,bad,bad,bad,missing,missing,missing,missing,3,4,False,False,False,False,bad,bad,5,,False,mid,dead,above,mid,flat,mid,missing,,missing,False,False,False,missing,,False,10.0,False,False,False,False,False,False,Technology,0.081,1.378,,,,False,False,0.7055,1.2434999999999998,,,
F,2026-08-19,bad,bad,bad,missing,missing,missing,missing,3,4,False,False,False,False,bad,bad,5,,False,mid,dead,below,low,flat,mid,missing,,missing,False,False,False,missing,,False,7.0,False,False,False,False,False,False,Consumer Cyclical,-3.517,-0.621,,,,False,False,-2.8925,-0.7555000000000001,,,
MD,2026-08-19,bad,bad,good,missing,missing,missing,missing,2,4,False,False,True,False,bad,neutral,7,,False,mid,normal,above,mid,flat,mid,missing,,missing,False,False,False,missing,,False,11.0,False,False,False,False,False,False,Healthcare,0.0,1.335,,,,False,False,0.6245,1.2005,,,
META,2026-08-19,bad,bad,bad,missing,missing,missing,missing,3,4,False,False,False,False,bad,bad,5,,False,mid,normal,below,low,flat,mid,missing,,missing,False,False,False,missing,,False,3.0,False,False,False,False,False,False,Communication Services,-0.037,0.709,,,,False,False,0.5875,0.5745,,,
AKR,2026-08-19,bad,bad,bad,missing,missing,missing,missing,3,4,False,False,False,False,bad,bad,5,,False,mid,dead,below,high,flat,mid,missing,,missing,False,False,False,missing,,False,5.0,False,False,False,False,False,False,Real Estate,-0.708,-0.614,,,,False,False,-0.08349999999999991,-0.7484999999999999,,,
MDA,2026-08-19,bad,bad,good,missing,missing,missing,missing,2,4,False,False,False,False,bad,neutral,7,,False,mid,dead,above,low,flat,mid,missing,,missing,False,False,False,missing,,False,3.0,False,False,False,False,False,False,Industrials,-3.639,-4.656,,,,False,False,-3.0145,-4.7905,,,
QSR,2026-08-19,bad,bad,bad,missing,missing,missing,missing,3,4,False,False,False,False,bad,bad,5,,False,mid,dead,above,mid,flat,mid,missing,,missing,False,False,False,missing,,False,8.0,False,False,False,False,False,False,Consumer Cyclical,3.178,4.877,,,,False,False,3.8025,4.7425,,,
QRVO,2026-08-19,bad,bad,bad,missing,missing,missing,missing,3,4,False,False,False,False,bad,bad,5,,False,mid,dead,above,mid,flat,mid,missing,,missing,False,False,False,missing,,False,8.0,False,False,False,False,False,False,Technology,-0.516,-1.291,,,,False,False,0.10850000000000004,-1.4255,,,
GGB,2026-08-19,bad,bad,bad,missing,missing,missing,missing,3,4,False,False,False,False,bad,bad,5,,False,mid,dead,below,low,flat,mid,missing,,missing,False,False,False,missing,,False,1.0,False,False,False,False,False,False,Basic Materials,-2.915,-1.895,,,,False,False,-2.2904999999999998,-2.0295,,,
GE,2026-08-19,bad,bad,good,missing,missing,missing,missing,2,4,False,False,False,False,bad,neutral,7,,False,mid,normal,above,low,flat,mid,missing,,missing,False,False,False,missing,,False,10.0,False,False,False,False,False,False,Industrials,-3.254,-2.206,,,,False,False,-2.6295,-2.3405,,,
FCX,2026-08-19,bad,bad,bad,missing,missing,missing,missing,3,4,False,False,False,False,bad,bad,5,,False,mid,normal,above,low,flat,mid,missing,,missing,False,False,False,missing,,False,9.0,False,False,False,False,False,False,Basic Materials,3.083,10.957,,,,False,False,3.7075000000000005,10.822500000000002,,,
QTTB,2026-08-19,bad,bad,good,missing,missing,missing,missing,2,4,False,False,True,False,bad,neutral,7,,False,mid,dead,below,high,flat,mid,missing,,missing,False,False,False,missing,,False,7.0,False,False,False,False,False,False,Healthcare,0.126,0.821,,,,False,False,0.7505000000000001,0.6864999999999999,,,
MGA,2026-08-19,bad,bad,bad,missing,missing,missing,missing,3,4,False,False,False,False,bad,bad,5,,False,mid,dead,above,mid,flat,mid,missing,,missing,False,False,False,missing,,False,11.0,False,False,False,False,False,False,Consumer Cyclical,-0.873,2.873,,,,False,False,-0.24849999999999994,2.7385,,,
GDDY,2026-08-19,bad,bad,bad,missing,missing,missing,missing,3,4,False,False,False,False,bad,bad,5,,False,mid,dead,above,mid,flat,mid,missing,,missing,False,False,False,missing,,False,11.0,False,False,False,False,False,False,Technology,1.394,0.238,,,,False,False,2.0185,0.10349999999999998,,,
FDXF,2026-08-19,bad,bad,good,missing,missing,missing,missing,2,4,False,False,False,False,bad,neutral,7,,False,mid,dead,below,mid,flat,mid,far,,missing,False,False,False,missing,,False,0.0,False,False,False,False,False,False,Industrials,-1.281,-0.615,,,,False,False,-0.6564999999999999,-0.7495,,,
RAMP,2026-08-19,bad,bad,bad,missing,missing,missing,missing,3,4,False,False,False,False,bad,bad,5,,False,mid,normal,below,mid,flat,mid,missing,,missing,False,False,False,missing,,False,10.0,False,False,False,False,False,False,Technology,-0.159,-0.345,,,,False,False,0.4655,-0.4795,,,
GAB,2026-08-19,bad,bad,bad,missing,missing,missing,missing,3,4,False,False,False,False,bad,bad,5,,False,mid,dead,above,low,flat,mid,missing,,missing,False,False,False,missing,,False,2.0,False,False,False,False,False,False,Financial,-1.923,-1.224,,,,False,False,-1.2985,-1.3585,,,
GBCI,2026-08-19,bad,bad,bad,missing,missing,missing,missing,3,4,False,False,False,False,bad,bad,5,,False,mid,dead,below,mid,flat,mid,missing,,missing,False,False,False,missing,,False,9.0,False,False,False,False,False,False,Financial,-1.46,-1.46,,,,False,False,-0.8354999999999999,-1.5945,,,
GAU,2026-08-19,bad,bad,bad,missing,missing,missing,missing,3,4,False,False,False,False,bad,bad,5,,False,mid,normal,above,low,flat,mid,missing,,missing,False,False,False,missing,,False,8.0,False,False,False,False,False,False,Basic Materials,2.715,5.882,,,,False,False,3.3395,5.7475,,,
MS,2026-08-19,bad,bad,bad,missing,missing,missing,missing,3,4,False,False,False,False,bad,bad,5,,False,mid,dead,above,low,flat,mid,missing,,missing,False,False,False,missing,,False,7.0,False,False,False,False,False,False,Financial,-3.165,-0.014,,,,False,False,-2.5404999999999998,-0.14850000000000002,,,
MHK,2026-08-19,bad,bad,bad,missing,missing,missing,missing,3,4,False,False,False,False,bad,bad,5,,False,mid,normal,above,mid,flat,mid,missing,,missing,False,False,False,missing,,False,10.0,False,False,False,False,False,False,Consumer Cyclical,-1.309,0.725,,,,False,False,-0.6844999999999999,0.5905,,,
RPM,2026-08-19,bad,bad,bad,missing,missing,missing,missing,3,4,False,False,False,False,bad,bad,5,,False,mid,dead,below,mid,flat,mid,missing,,missing,False,False,False,missing,,False,8.0,False,False,False,False,False,False,Basic Materials,-1.209,-2.714,,,,False,False,-0.5845,-2.8485,,,
FIS,2026-08-19,bad,bad,bad,missing,missing,missing,missing,3,4,False,False,False,False,bad,bad,5,,False,mid,dead,below,mid,flat,mid,missing,,missing,False,False,False,missing,,False,10.0,False,False,False,False,False,False,Technology,-0.197,1.672,,,,False,False,0.42750000000000005,1.5374999999999999,,,
AGRO,2026-08-19,bad,bad,good,missing,missing,missing,missing,2,4,False,False,False,False,bad,neutral,7,,False,mid,normal,below,mid,flat,mid,missing,,missing,False,False,True,missing,,False,-5.0,False,False,False,False,False,False,Consumer Defensive,3.5,4.73,,,,False,False,4.1245,4.5955,,,
ROIV,2026-08-19,bad,bad,good,missing,missing,missing,missing,2,4,False,False,True,False,bad,neutral,7,,False,mid,dead,above,mid,flat,mid,missing,,missing,False,False,False,missing,,False,-6.0,False,False,False,False,False,False,Healthcare,-1.497,-2.941,,,,False,False,-0.8725,-3.0755,,,
AEG,2026-08-19,bad,bad,bad,missing,missing,missing,missing,3,4,False,False,False,False,bad,bad,5,,False,mid,normal,above,low,flat,mid,missing,,missing,False,False,False,missing,,False,3.0,False,False,False,False,False,False,Financial,-2.909,-3.125,,,,False,False,-2.2844999999999995,-3.2595,,,
ADT,2026-08-19,bad,bad,good,missing,missing,missing,missing,2,4,False,False,False,False,bad,neutral,7,,False,mid,dead,below,mid,flat,mid,missing,,missing,False,True,False,missing,,False,11.0,False,False,False,False,False,False,Industrials,-0.271,-0.135,,,,False,False,0.35350000000000004,-0.2695,,,
MSDL,2026-08-19,bad,bad,bad,missing,missing,missing,missing,3,4,False,False,False,False,bad,bad,5,,False,mid,normal,above,mid,flat,mid,missing,,missing,False,False,False,missing,,False,12.0,False,False,False,False,False,False,Financial,0.065,-0.065,,,,False,False,0.6895,-0.1995,,,
ADC,2026-08-19,bad,bad,bad,missing,missing,missing,missing,3,4,False,False,False,False,bad,bad,5,,False,mid,dead,below,high,flat,mid,missing,,missing,False,True,False,missing,,False,5.0,False,False,False,False,False,False,Real Estate,0.081,-0.686,,,,False,False,0.7055,-0.8205,,,
FMX,2026-08-19,bad,bad,good,missing,missing,missing,missing,2,4,False,False,True,False,bad,neutral,7,,False,mid,dead,below,low,flat,mid,missing,,missing,False,False,False,missing,,False,3.0,False,False,False,False,False,False,Consumer Defensive,-0.008,1.651,,,,False,False,0.6165,1.5165,,,
FN,2026-08-19,bad,bad,bad,missing,missing,missing,missing,3,4,False,False,False,False,bad,bad,5,,False,mid,hot,below,mid,down,washed,missing,,missing,False,False,False,missing,,False,5.0,False,False,False,False,False,False,Technology,-2.13,-3.934,,,,False,False,-1.5054999999999998,-4.0685,,,
MMS,2026-08-19,bad,bad,good,missing,missing,missing,missing,2,4,False,False,False,False,bad,neutral,7,,False,mid,dead,below,mid,flat,mid,missing,,missing,False,False,False,missing,,False,4.0,False,False,False,False,False,False,Industrials,-1.096,-0.308,,,,False,False,-0.47150000000000003,-0.4425,,,
ZWS,2026-08-19,bad,bad,good,missing,missing,missing,missing,2,4,False,False,False,False,bad,neutral,7,,False,mid,dead,below,mid,flat,mid,missing,,missing,False,False,False,missing,,False,6.0,False,False,False,False,False,False,Industrials,-1.334,-0.95,,,,False,False,-0.7095,-1.0845,,,
MPC,2026-08-19,bad,bad,good,missing,missing,missing,missing,2,4,False,False,False,False,bad,neutral,7,,False,overbought,normal,above,low,flat,extended,missing,,missing,False,False,False,missing,,False,11.0,False,False,False,False,False,False,Energy,,,,,,False,False,,,,,
MRVL,2026-08-19,bad,bad,bad,missing,missing,missing,missing,3,4,False,False,False,False,bad,bad,5,,False,mid,normal,above,mid,down,mid,missing,,missing,False,False,False,missing,,False,6.0,False,False,False,False,False,False,Technology,5.791,-0.097,,,,False,False,6.415500000000001,-0.2315,,,
MRP,2026-08-19,bad,bad,bad,missing,missing,missing,missing,3,4,False,False,False,False,bad,bad,5,,False,mid,dead,above,mid,flat,mid,missing,,missing,False,False,False,missing,,False,10.0,False,False,False,False,False,False,Real Estate,,,,,,False,False,,,,,
ZBRA,2026-08-19,bad,bad,bad,missing,missing,missing,missing,3,4,False,False,False,False,bad,bad,5,,False,overbought,dead,above,mid,flat,mid,missing,,missing,False,False,False,missing,,False,5.0,False,False,False,False,False,False,Technology,1.655,3.908,,,,False,False,2.2795,3.7735,,,
ACIW,2026-08-19,bad,bad,bad,missing,missing,missing,missing,3,4,False,False,False,False,bad,bad,5,,False,mid,dead,below,mid,flat,mid,missing,,missing,False,False,False,missing,,False,9.0,False,False,False,False,False,False,Technology,-0.77,-0.212,,,,False,False,-0.14549999999999996,-0.34650000000000003,,,
FSCO,2026-08-19,bad,bad,bad,missing,missing,missing,missing,3,4,False,False,False,False,bad,bad,5,,False,mid,normal,above,low,flat,mid,missing,,missing,False,False,False,missing,,False,1.0,False,False,False,False,False,False,Financial,-0.58,0.193,,,,False,False,0.044500000000000095,0.058499999999999996,,,
FRO,2026-08-19,bad,bad,good,missing,missing,missing,missing,2,4,False,False,True,False,bad,neutral,7,,False,mid,normal,above,mid,flat,extended,missing,,missing,False,False,False,missing,,False,7.0,False,False,False,False,False,False,Energy,-2.002,-1.755,,,,False,False,-1.3774999999999997,-1.8895,,,
ZVRA,2026-08-19,bad,bad,good,missing,missing,missing,missing,2,4,False,False,False,False,bad,neutral,7,,False,mid,dead,above,high,flat,mid,missing,,missing,False,False,False,missing,,False,6.0,False,False,False,False,False,False,Healthcare,-1.979,-2.143,,,,False,False,-1.3545,-2.2775,,,
AAC-U,2026-08-19,bad,bad,bad,missing,missing,missing,missing,3,4,False,False,False,False,bad,bad,5,,False,mid,dead,below,low,flat,mid,missing,,missing,False,False,False,missing,,False,-1.0,False,False,False,False,False,False,Financial,,,,,,False,False,,,,,
MLYS,2026-08-19,bad,bad,good,missing,missing,missing,missing,2,4,False,False,False,False,bad,neutral,7,,False,mid,dead,below,high,flat,mid,missing,,missing,False,False,False,missing,,False,-5.0,False,False,False,False,False,False,Healthcare,-4.453,-4.824,,,,False,False,-3.8285,-4.9585,,,
MMYT,2026-08-19,bad,bad,bad,missing,missing,missing,missing,3,4,False,False,False,False,bad,bad,5,,False,mid,dead,above,high,flat,mid,missing,,missing,False,False,False,missing,,False,1.0,False,False,False,False,False,False,Consumer Cyclical,-0.735,-1.274,,,,False,False,-0.11049999999999993,-1.4085,,,
FSS,2026-08-19,bad,bad,good,missing,missing,missing,missing,2,4,False,False,False,False,bad,neutral,7,,False,mid,dead,below,mid,flat,mid,missing,,missing,False,False,False,missing,,False,9.0,False,False,False,False,False,False,Industrials,-0.522,-0.098,,,,False,False,0.10250000000000004,-0.2325,,,
REYN,2026-08-19,bad,bad,bad,missing,missing,missing,missing,3,4,False,False,False,False,bad,bad,5,,False,mid,dead,above,high,flat,mid,missing,,missing,False,False,False,missing,,False,8.0,False,False,False,False,False,False,Consumer Cyclical,-2.224,-2.339,,,,False,False,-1.5995000000000001,-2.4735,,,
FNF,2026-08-19,bad,bad,bad,missing,missing,missing,missing,3,4,False,False,False,False,bad,bad,5,,False,mid,dead,below,mid,flat,mid,missing,,missing,False,False,False,missing,,False,11.0,False,False,False,False,False,False,Financial,-2.024,-2.313,,,,False,False,-1.3995,-2.4475000000000002,,,
RLX,2026-08-19,bad,bad,good,missing,missing,missing,missing,2,4,False,False,False,False,bad,neutral,7,,False,mid,normal,below,low,flat,washed,missing,,missing,False,False,False,missing,,False,6.0,False,False,False,False,False,False,Consumer Defensive,-1.093,-1.093,,,,False,False,-0.4684999999999999,-1.2275,,,
FORM,2026-08-19,bad,bad,bad,missing,missing,missing,missing,3,4,False,False,False,False,bad,bad,5,,False,mid,normal,above,mid,down,mid,missing,,missing,False,False,False,missing,,False,9.0,False,False,False,False,False,False,Technology,0.661,-0.687,,,,False,False,1.2855,-0.8215000000000001,,,
RES,2026-08-19,bad,bad,good,missing,missing,missing,missing,2,4,False,False,False,False,bad,neutral,7,,False,mid,dead,above,high,flat,mid,missing,,missing,False,False,False,missing,,False,1.0,False,False,False,False,False,False,Energy,0.474,0.632,,,,False,False,1.0985,0.4975,,,
FUL,2026-08-19,bad,bad,bad,missing,missing,missing,missing,3,4,False,False,False,False,bad,bad,5,,False,mid,dead,above,mid,flat,mid,missing,,missing,False,False,False,missing,,False,11.0,False,False,False,False,False,False,Basic Materials,-2.777,-3.533,,,,False,False,-2.1525,-3.6675,,,
FLOC,2026-08-19,bad,bad,good,missing,missing,missing,missing,2,4,False,False,False,False,bad,neutral,7,,False,mid,dead,above,high,flat,mid,missing,,missing,False,False,False,missing,,False,5.0,False,False,False,False,False,False,Energy,0.755,1.067,,,,False,False,1.3795000000000002,0.9324999999999999,,,
RDDT,2026-08-19,bad,bad,bad,missing,missing,missing,missing,3,4,False,False,False,False,bad,bad,5,,False,mid,normal,below,high,flat,mid,missing,,missing,False,False,False,missing,,False,9.0,False,False,False,False,False,False,Communication Services,-0.923,1.041,,,,False,False,-0.2985,0.9064999999999999,,,
FWONK,2026-08-19,bad,bad,bad,missing,missing,missing,missing,3,4,False,False,False,False,bad,bad,5,,False,mid,dead,above,mid,flat,mid,missing,,missing,False,False,False,missing,,False,2.0,False,False,False,False,False,False,Communication Services,-0.649,0.095,,,,False,False,-0.024499999999999966,-0.03950000000000001,,,
RNST,2026-08-19,bad,bad,bad,missing,missing,missing,missing,3,4,False,False,False,False,bad,bad,5,,False,mid,dead,below,mid,flat,mid,missing,,missing,False,False,False,missing,,False,4.0,False,False,False,False,False,False,Financial,-0.5,-1.284,,,,False,False,0.12450000000000006,-1.4185,,,
RBA,2026-08-19,bad,bad,good,missing,missing,missing,missing,2,4,False,False,False,False,bad,neutral,7,,False,oversold,normal,below,mid,flat,mid,missing,,missing,False,False,False,missing,,False,6.0,False,False,False,False,False,False,Industrials,1.404,0.975,,,,False,False,2.0285,0.8405,,,
RCKT,2026-08-19,bad,bad,good,missing,missing,missing,missing,2,4,False,False,False,False,bad,neutral,7,,False,mid,dead,below,high,flat,mid,missing,,missing,False,False,False,missing,,False,3.0,False,False,False,False,False,False,Healthcare,-4.658,-3.836,,,,False,False,-4.0335,-3.9705,,,
FDX,2026-08-19,bad,bad,good,missing,missing,missing,missing,2,4,False,False,False,False,bad,neutral,7,,False,mid,dead,above,low,flat,mid,far,,missing,False,False,False,missing,,False,12.0,False,False,False,False,False,False,Industrials,-0.713,-1.005,,,,False,False,-0.08849999999999991,-1.1395,,,
FHI,2026-08-19,bad,bad,bad,missing,missing,missing,missing,3,4,False,False,False,False,bad,bad,5,,False,mid,dead,above,mid,flat,mid,missing,,missing,False,False,False,missing,,False,11.0,False,False,False,False,False,False,Financial,-1.329,-0.438,,,,False,False,-0.7044999999999999,-0.5725,,,
GDYN,2026-08-19,bad,bad,bad,missing,missing,missing,missing,3,4,False,False,False,False,bad,bad,5,,False,mid,dead,above,high,flat,mid,missing,,missing,False,False,False,missing,,False,2.0,False,False,False,False,False,False,Technology,-0.877,0.251,,,,False,False,-0.25249999999999995,0.11649999999999999,,,
QTWO,2026-08-19,bad,bad,bad,missing,missing,missing,missing,3,4,False,False,False,False,bad,bad,5,,False,mid,dead,above,mid,flat,mid,missing,,missing,False,False,False,missing,,False,12.0,False,False,False,False,False,False,Technology,-0.406,-0.265,,,,False,False,0.21850000000000003,-0.3995,,,
RWAY,2026-08-19,bad,bad,bad,missing,missing,missing,missing,3,4,False,False,False,False,bad,bad,5,,False,mid,normal,above,high,flat,mid,missing,,missing,False,False,False,missing,,False,12.0,False,False,False,False,False,False,Financial,-0.752,-0.15,,,,False,False,-0.12749999999999995,-0.2845,,,
GIII,2026-08-19,bad,bad,bad,missing,missing,missing,missing,3,4,False,False,False,False,bad,bad,5,,False,mid,dead,below,high,flat,mid,missing,,missing,False,False,False,missing,,False,12.0,False,False,False,False,False,False,Consumer Cyclical,-2.698,-0.938,,,,False,False,-2.0735,-1.0725,,,
SAIC,2026-08-19,bad,bad,bad,missing,missing,missing,missing,3,4,False,False,False,False,bad,bad,5,,False,mid,dead,above,mid,flat,mid,missing,,missing,False,False,False,missing,,False,9.0,False,False,False,False,False,False,Technology,-1.88,-0.521,,,,False,False,-1.2554999999999998,-0.6555,,,
SABS,2026-08-19,bad,bad,good,missing,missing,missing,missing,2,4,False,False,False,False,bad,neutral,7,,False,mid,dead,above,mid,flat,mid,missing,,missing,False,False,False,missing,,False,-1.0,False,False,False,False,False,False,Healthcare,-2.116,0.0,,,,False,False,-1.4915,-0.1345,,,
QNT,2026-08-19,bad,bad,bad,missing,missing,missing,missing,3,4,False,False,False,False,bad,bad,5,,False,mid,normal,above,high,down,extended,missing,,missing,False,False,False,missing,,False,-1.0,False,False,False,False,False,False,Technology,-1.964,1.071,,,,False,False,-1.3395,0.9364999999999999,,,
SBCF,2026-08-19,bad,bad,bad,missing,missing,missing,missing,3,4,False,False,False,False,bad,bad,5,,False,mid,dead,above,mid,flat,mid,missing,,missing,False,False,False,missing,,False,11.0,False,False,False,False,False,False,Financial,-1.054,-1.396,,,,False,False,-0.4295,-1.5305,,,
GIL,2026-08-19,bad,bad,bad,missing,missing,missing,missing,3,4,False,False,False,False,bad,bad,5,,False,mid,dead,above,mid,flat,mid,missing,,missing,False,False,False,missing,,False,5.0,False,False,False,False,False,False,Consumer Cyclical,-2.344,-1.076,,,,False,False,-1.7194999999999998,-1.2105000000000001,,,
SA,2026-08-19,bad,bad,bad,missing,missing,missing,missing,3,4,False,False,False,False,bad,bad,5,,False,mid,normal,above,mid,flat,mid,missing,,missing,False,False,False,missing,,False,4.0,False,False,False,False,False,False,Basic Materials,-0.835,-10.104,,,,False,False,-0.2104999999999999,-10.238499999999998,,,
SCCO,2026-08-19,bad,bad,bad,missing,missing,missing,missing,3,4,False,False,False,False,bad,bad,5,,False,mid,dead,below,high,flat,mid,missing,,missing,False,False,False,missing,,False,2.0,False,False,False,False,False,False,Basic Materials,2.08,10.951,,,,False,False,2.7045000000000003,10.816500000000001,,,
SBRA,2026-08-19,bad,bad,bad,missing,missing,missing,missing,3,4,False,False,False,False,bad,bad,5,,False,mid,dead,below,high,flat,mid,missing,,missing,False,False,False,missing,,False,9.0,False,False,False,False,False,False,Real Estate,-0.049,-0.73,,,,False,False,0.5755,-0.8645,,,
ETD,2026-08-19,bad,bad,bad,missing,missing,missing,missing,3,4,False,False,False,False,bad,bad,5,,False,mid,dead,below,high,flat,mid,missing,,missing,False,False,False,missing,,False,7.0,False,False,False,False,False,False,Consumer Cyclical,1.326,3.358,,,,False,False,1.9505000000000001,3.2235,,,
SB,2026-08-19,bad,bad,good,missing,missing,missing,missing,2,4,False,False,False,False,bad,neutral,7,,False,mid,dead,above,mid,flat,extended,missing,,missing,False,False,False,missing,,False,15.0,False,False,False,False,False,False,Industrials,1.346,4.406,,,,False,False,1.9705000000000001,4.2715,,,
ETOR,2026-08-19,bad,bad,bad,missing,missing,missing,missing,3,4,False,False,False,False,bad,bad,5,,False,oversold,normal,below,mid,flat,mid,missing,,missing,False,False,False,missing,,False,1.0,False,False,False,False,False,False,Financial,4.105,6.351,,,,False,False,4.729500000000001,6.2165,,,
GLOB,2026-08-19,bad,bad,bad,missing,missing,missing,missing,3,4,False,False,False,False,bad,bad,5,,False,mid,normal,above,high,flat,mid,missing,,missing,False,False,False,missing,,False,10.0,False,False,False,False,False,False,Technology,0.278,0.253,,,,False,False,0.9025000000000001,0.1185,,,
GMAB,2026-08-19,bad,bad,good,missing,missing,missing,missing,2,4,False,False,True,False,bad,neutral,7,,False,overbought,normal,above,low,flat,mid,missing,,missing,False,False,False,missing,,False,12.0,False,False,False,False,False,False,Healthcare,-2.052,-1.935,,,,False,False,-1.4275,-2.0695,,,
ET,2026-08-19,bad,bad,good,missing,missing,missing,missing,2,4,False,False,False,False,bad,neutral,7,,False,mid,normal,above,low,flat,mid,missing,,missing,False,False,False,missing,,False,12.0,False,False,False,False,False,False,Energy,0.142,0.047,,,,False,False,0.7665000000000001,-0.08750000000000001,,,
ERAS,2026-08-19,bad,bad,good,missing,missing,missing,missing,2,4,False,False,False,False,bad,neutral,7,,False,mid,dead,below,high,flat,mid,missing,,missing,False,False,False,missing,,False,-1.0,False,False,False,False,False,False,Healthcare,-5.479,-2.435,,,,False,False,-4.8545,-2.5695,,,
EPAC,2026-08-19,bad,bad,good,missing,missing,missing,missing,2,4,False,False,False,False,bad,neutral,7,,False,mid,dead,above,mid,flat,mid,missing,,missing,False,False,False,missing,,False,4.0,False,False,False,False,False,False,Industrials,0.68,1.388,,,,False,False,1.3045,1.2534999999999998,,,
ERO,2026-08-19,bad,bad,bad,missing,missing,missing,missing,3,4,False,False,False,False,bad,bad,5,,False,mid,normal,above,mid,flat,washed,missing,,missing,False,False,False,missing,,False,9.0,False,False,False,False,False,False,Basic Materials,5.692,15.669,,,,False,False,6.3165000000000004,15.534500000000001,,,
GNRC,2026-08-19,bad,bad,good,missing,missing,missing,missing,2,4,False,False,False,False,bad,neutral,7,,False,mid,dead,above,mid,down,mid,missing,,missing,False,False,False,missing,,False,-4.0,False,False,False,False,False,False,Industrials,-1.926,-2.291,,,,False,False,-1.3014999999999999,-2.4255,,,
EPR,2026-08-19,bad,bad,bad,missing,missing,missing,missing,3,4,False,False,False,False,bad,bad,5,,False,mid,normal,below,high,flat,mid,missing,,missing,False,False,False,missing,,False,10.0,False,False,False,False,False,False,Real Estate,0.99,-0.445,,,,False,False,1.6145,-0.5795,,,
SE,2026-08-19,bad,bad,bad,missing,missing,missing,missing,3,4,False,False,False,False,bad,bad,5,,False,mid,normal,above,low,down,washed,missing,,missing,False,False,False,missing,,False,7.0,False,False,False,False,False,False,Consumer Cyclical,-1.562,-1.318,,,,False,False,-0.9375,-1.4525000000000001,,,
ENB,2026-08-19,bad,bad,good,missing,missing,missing,missing,2,4,False,False,True,False,bad,neutral,7,,False,mid,normal,below,low,flat,mid,missing,,missing,False,False,False,missing,,False,8.0,False,False,False,False,False,False,Energy,1.473,0.418,,,,False,False,2.0975,0.2835,,,
ENGN,2026-08-19,bad,bad,good,missing,missing,missing,missing,2,4,False,False,False,False,bad,neutral,7,,False,mid,dead,below,mid,flat,mid,missing,,missing,False,False,False,missing,,False,0.0,False,False,False,False,False,False,Healthcare,-4.324,-3.784,,,,False,False,-3.6994999999999996,-3.9185,,,
GRND,2026-08-19,bad,bad,bad,missing,missing,missing,missing,3,4,False,False,False,False,bad,bad,5,,False,mid,dead,below,high,flat,mid,missing,,missing,False,False,False,missing,,False,4.0,False,False,False,False,False,False,Technology,0.449,-0.385,,,,False,False,1.0735000000000001,-0.5195000000000001,,,
GRFS,2026-08-19,bad,bad,good,missing,missing,missing,missing,2,4,False,False,False,False,bad,neutral,7,,False,mid,dead,below,low,flat,mid,missing,,missing,False,False,False,missing,,False,-2.0,False,False,False,False,False,False,Healthcare,-3.152,-3.03,,,,False,False,-2.5275,-3.1645,,,
GRAB,2026-08-19,bad,bad,bad,missing,missing,missing,missing,3,4,False,False,False,False,bad,bad,5,,False,mid,normal,below,high,flat,mid,missing,,missing,False,False,False,missing,,False,8.0,False,False,False,False,False,False,Technology,-0.847,-1.695,,,,False,False,-0.22249999999999992,-1.8295000000000001,,,
ENR,2026-08-19,bad,bad,good,missing,missing,missing,missing,2,4,False,False,False,False,bad,neutral,7,,False,mid,normal,above,high,flat,mid,missing,,missing,False,False,False,missing,,False,8.0,False,False,False,False,False,False,Industrials,-3.361,-1.151,,,,False,False,-2.7365000000000004,-1.2855,,,
SDRL,2026-08-19,bad,bad,good,missing,missing,missing,missing,2,4,False,False,False,False,bad,neutral,7,,False,mid,dead,above,mid,flat,mid,missing,,missing,False,False,False,missing,,False,9.0,False,False,False,False,False,False,Energy,3.524,2.227,,,,False,False,4.1485,2.0925,,,
SFM,2026-08-19,bad,bad,good,missing,missing,missing,missing,2,4,False,False,False,False,bad,neutral,7,,False,mid,dead,below,high,flat,mid,missing,,missing,False,False,False,missing,,False,3.0,False,False,False,False,False,False,Consumer Defensive,-1.198,2.206,,,,False,False,-0.5734999999999999,2.0715,,,
GROY,2026-08-19,bad,bad,bad,missing,missing,missing,missing,3,4,False,False,False,False,bad,bad,5,,False,mid,normal,above,mid,flat,mid,missing,,missing,False,False,False,missing,,False,3.0,False,False,False,False,False,False,Basic Materials,1.194,2.687,,,,False,False,1.8185,2.5524999999999998,,,
EHC,2026-08-19,bad,bad,good,missing,missing,missing,missing,2,4,False,False,False,False,bad,neutral,7,,False,mid,dead,above,mid,flat,mid,missing,,missing,False,False,False,missing,,False,7.0,False,False,False,False,False,False,Healthcare,-0.682,-1.175,,,,False,False,-0.057499999999999996,-1.3095,,,
PVH,2026-08-19,bad,bad,bad,missing,missing,missing,missing,3,4,False,False,False,False,bad,bad,5,,False,mid,dead,below,high,flat,mid,missing,,missing,False,False,False,missing,,False,6.0,False,False,False,False,False,False,Consumer Cyclical,-3.671,-0.62,,,,False,False,-3.0465,-0.7545,,,
SFNC,2026-08-19,bad,bad,bad,missing,missing,missing,missing,3,4,False,False,False,False,bad,bad,5,,False,mid,dead,above,mid,flat,mid,missing,,missing,False,False,False,missing,,False,4.0,False,False,False,False,False,False,Financial,-0.304,-0.174,,,,False,False,0.32050000000000006,-0.3085,,,
SFD,2026-08-19,bad,bad,good,missing,missing,missing,missing,2,4,False,False,False,False,bad,neutral,7,,False,mid,normal,below,high,flat,mid,missing,,missing,False,False,False,missing,,False,7.0,False,False,False,False,False,False,Consumer Defensive,-1.197,-1.33,,,,False,False,-0.5725,-1.4645000000000001,,,
PTGX,2026-08-19,bad,bad,good,missing,missing,missing,missing,2,4,False,False,False,False,bad,neutral,7,,False,overbought,dead,above,high,flat,mid,missing,,missing,False,False,False,missing,,False,11.0,False,False,False,False,False,False,Healthcare,-2.743,-0.4,,,,False,False,-2.1185,-0.5345,,,
SHO,2026-08-19,bad,bad,bad,missing,missing,missing,missing,3,4,False,False,False,False,bad,bad,5,,False,mid,dead,below,mid,flat,mid,missing,,missing,False,False,False,missing,,False,8.0,False,False,False,False,False,False,Real Estate,0.985,1.074,,,,False,False,1.6095000000000002,0.9395,,,
HAYW,2026-08-19,bad,bad,good,missing,missing,missing,missing,2,4,False,False,False,False,bad,neutral,7,,False,mid,dead,below,mid,flat,mid,missing,,missing,False,False,False,missing,,False,5.0,False,False,False,False,False,False,Industrials,-2.517,-3.444,,,,False,False,-1.8924999999999998,-3.5785,,,
HAPN,2026-08-19,bad,bad,bad,missing,missing,missing,missing,3,4,False,False,False,False,bad,bad,5,,False,mid,dead,below,mid,flat,mid,missing,,missing,False,False,False,missing,,False,7.0,False,False,False,False,False,False,Financial,-3.179,-0.754,,,,False,False,-2.5545,-0.8885000000000001,,,
DX,2026-08-19,bad,bad,bad,missing,missing,missing,missing,3,4,False,False,False,False,bad,bad,5,,False,mid,normal,above,mid,flat,mid,missing,,missing,False,False,False,missing,,False,3.0,False,False,False,False,False,False,Real Estate,-0.6,-0.98,,,,False,False,0.024500000000000077,-1.1145,,,
DV,2026-08-19,bad,bad,bad,missing,missing,missing,missing,3,4,False,False,False,False,bad,bad,5,,False,mid,normal,above,mid,flat,mid,missing,,missing,False,False,False,missing,,False,-2.0,False,False,False,False,False,False,Communication Services,0.15,0.15,,,,False,False,0.7745000000000001,0.015499999999999986,,,
SIMO,2026-08-19,bad,bad,bad,missing,missing,missing,missing,3,4,False,False,False,False,bad,bad,5,,False,mid,normal,above,low,down,extended,missing,,missing,False,False,False,missing,,False,9.0,False,False,False,False,False,False,Technology,2.821,6.409,,,,False,False,3.4455,6.2745,,,
SM,2026-08-19,bad,bad,good,missing,missing,missing,missing,2,4,False,False,False,False,bad,neutral,7,,False,mid,normal,above,mid,flat,extended,missing,,missing,False,False,False,missing,,False,12.0,False,False,False,False,False,False,Energy,4.151,2.933,,,,False,False,4.7755,2.7984999999999998,,,
SMA,2026-08-19,bad,bad,bad,missing,missing,missing,missing,3,4,False,False,False,False,bad,bad,5,,False,mid,dead,below,mid,flat,mid,missing,,missing,False,False,False,missing,,False,11.0,False,False,False,False,False,False,Real Estate,-0.058,-0.725,,,,False,False,0.5665,-0.8594999999999999,,,
HCSG,2026-08-19,bad,bad,good,missing,missing,missing,missing,2,4,False,False,False,False,bad,neutral,7,,False,mid,dead,below,mid,flat,mid,missing,,missing,False,False,False,missing,,False,6.0,False,False,False,False,False,False,Healthcare,0.305,-0.698,,,,False,False,0.9295,-0.8325,,,
SLGN,2026-08-19,bad,bad,bad,missing,missing,missing,missing,3,4,False,False,False,False,bad,bad,5,,False,mid,normal,below,high,flat,mid,missing,,missing,False,False,False,missing,,False,12.0,False,False,False,False,False,False,Consumer Cyclical,-0.17,2.913,,,,False,False,0.4545,2.7784999999999997,,,
DRH,2026-08-19,bad,bad,bad,missing,missing,missing,missing,3,4,False,False,False,False,bad,bad,5,,False,mid,dead,below,mid,flat,mid,missing,,missing,False,False,False,missing,,False,11.0,False,False,False,False,False,False,Real Estate,0.393,0.786,,,,False,False,1.0175,0.6515,,,
HEI,2026-08-19,bad,bad,good,missing,missing,missing,missing,2,4,False,False,False,False,bad,neutral,7,,False,mid,dead,above,mid,flat,mid,missing,,missing,False,False,False,missing,,False,9.0,False,False,False,False,False,False,Industrials,-3.533,-2.306,,,,False,False,-2.9085,-2.4405,,,
SN,2026-08-19,bad,bad,bad,missing,missing,missing,missing,3,4,False,False,False,False,bad,bad,5,,False,mid,dead,above,high,flat,mid,missing,,missing,False,False,False,missing,,False,9.0,False,False,False,False,False,False,Consumer Cyclical,-0.695,-0.265,,,,False,False,-0.0704999999999999,-0.3995,,,
HIW,2026-08-19,bad,bad,bad,missing,missing,missing,missing,3,4,False,False,False,False,bad,bad,5,,False,mid,dead,below,high,flat,mid,missing,,missing,False,False,False,missing,,False,12.0,False,False,False,False,False,False,Real Estate,0.672,0.448,,,,False,False,1.2965,0.3135,,,
HLNE,2026-08-19,bad,bad,bad,missing,missing,missing,missing,3,4,False,False,False,False,bad,bad,5,,False,mid,dead,above,high,flat,mid,missing,,missing,False,False,False,missing,,False,9.0,False,False,False,False,False,False,Financial,-0.763,0.467,,,,False,False,-0.13849999999999996,0.3325,,,
SNPS,2026-08-19,bad,bad,bad,missing,missing,missing,missing,3,4,False,False,False,False,bad,bad,5,,False,mid,dead,above,low,flat,mid,missing,,missing,False,False,False,missing,,False,8.0,False,False,False,False,False,False,Technology,-0.827,-0.84,,,,False,False,-0.2024999999999999,-0.9744999999999999,,,
SNDR,2026-08-19,bad,bad,good,missing,missing,missing,missing,2,4,False,False,False,False,bad,neutral,7,,False,mid,dead,below,high,flat,mid,missing,,missing,False,False,False,missing,,False,7.0,False,False,False,False,False,False,Industrials,0.429,2.372,,,,False,False,1.0535,2.2375,,,
HOPE,2026-08-19,bad,bad,bad,missing,missing,missing,missing,3,4,False,False,False,False,bad,bad,5,,False,mid,dead,above,mid,flat,mid,missing,,missing,False,False,False,missing,,False,16.0,False,False,False,False,False,False,Financial,0.0,0.0,,,,False,False,0.6245,-0.1345,,,
POWL,2026-08-19,bad,bad,good,missing,missing,missing,missing,2,4,False,False,False,False,bad,neutral,7,,False,mid,normal,below,high,down,mid,missing,,missing,False,False,False,missing,,False,0.0,False,False,False,False,False,False,Industrials,-0.409,-0.272,,,,False,False,0.21550000000000008,-0.40650000000000003,,,
HRMY,2026-08-19,bad,bad,good,missing,missing,missing,missing,2,4,False,False,False,False,bad,neutral,7,,False,mid,dead,above,high,flat,mid,missing,,missing,False,False,False,missing,,False,9.0,False,False,False,False,False,False,Healthcare,-4.658,-4.458,,,,False,False,-4.0335,-4.5925,,,
HPE,2026-08-19,bad,bad,bad,missing,missing,missing,missing,3,4,False,False,False,False,bad,bad,5,,False,mid,normal,above,mid,flat,mid,missing,,missing,False,False,False,missing,,False,4.0,False,False,False,False,False,False,Technology,-0.452,0.602,,,,False,False,0.17250000000000004,0.46749999999999997,,,
POR,2026-08-19,bad,bad,good,missing,missing,missing,missing,2,4,False,False,True,False,bad,neutral,7,,False,mid,dead,above,mid,flat,mid,missing,,missing,False,False,False,missing,,False,3.0,False,False,False,False,False,False,Utilities,0.06,-1.097,,,,False,False,0.6845000000000001,-1.2315,,,
DINO,2026-08-19,bad,bad,good,missing,missing,missing,missing,2,4,False,False,False,False,bad,neutral,7,,False,mid,dead,above,mid,flat,extended,missing,,missing,False,False,False,missing,,False,11.0,False,False,False,False,False,False,Energy,-2.008,2.854,,,,False,False,-1.3835,2.7195,,,
HONA,2026-08-19,bad,bad,good,missing,missing,missing,missing,2,4,False,False,False,False,bad,neutral,7,,False,mid,normal,below,low,flat,mid,missing,,missing,False,False,False,missing,,False,-1.0,False,False,False,False,False,False,Industrials,-2.63,-3.31,,,,False,False,-2.0054999999999996,-3.4445,,,
HOOD,2026-08-19,bad,bad,bad,missing,missing,missing,missing,3,4,False,False,False,False,bad,bad,5,,False,mid,normal,below,mid,flat,mid,missing,,missing,False,False,False,missing,,False,5.0,False,False,False,False,False,False,Financial,-0.7,12.906,,,,False,False,-0.0754999999999999,12.771500000000001,,,
PLX,2026-08-19,bad,bad,good,missing,missing,missing,missing,2,4,False,False,False,False,bad,neutral,7,,False,mid,dead,below,mid,flat,mid,missing,,missing,False,False,False,missing,,False,8.0,False,False,False,False,False,False,Healthcare,1.277,1.277,,,,False,False,1.9015,1.1424999999999998,,,
PLNT,2026-08-19,bad,bad,bad,missing,missing,missing,missing,3,4,False,False,False,False,bad,bad,5,,False,mid,dead,below,high,flat,extended,missing,,missing,False,False,False,missing,,False,10.0,False,False,False,False,False,False,Consumer Cyclical,-1.538,0.463,,,,False,False,-0.9135,0.3285,,,
CYTK,2026-08-19,bad,bad,good,missing,missing,missing,missing,2,4,False,False,False,False,bad,neutral,7,,False,mid,normal,below,high,flat,mid,missing,,missing,False,False,False,missing,,False,1.0,False,False,False,False,False,False,Healthcare,-0.72,-1.158,,,,False,False,-0.09549999999999992,-1.2925,,,
DBRG,2026-08-19,bad,bad,bad,missing,missing,missing,missing,3,4,False,False,False,False,bad,bad,5,,False,mid,dead,above,mid,flat,mid,missing,,missing,False,False,False,missing,,False,5.0,False,False,False,False,False,False,Financial,-0.063,0.063,,,,False,False,0.5615000000000001,-0.07150000000000001,,,
PLAB,2026-08-19,bad,bad,bad,missing,missing,missing,missing,3,4,False,False,False,False,bad,bad,5,,False,mid,dead,below,mid,down,mid,missing,,missing,False,False,False,missing,,False,1.0,False,False,False,False,False,False,Technology,-0.586,-0.619,,,,False,False,0.03850000000000009,-0.7535000000000001,,,
CX,2026-08-19,bad,bad,bad,missing,missing,missing,missing,3,4,False,False,False,False,bad,bad,5,,False,oversold,normal,below,low,flat,mid,missing,,missing,False,False,False,missing,,False,1.0,False,False,False,False,False,False,Basic Materials,-0.563,4.221,,,,False,False,0.06150000000000011,4.0865,,,
PIPR,2026-08-19,bad,bad,bad,missing,missing,missing,missing,3,4,False,False,False,False,bad,bad,5,,False,mid,normal,below,mid,flat,mid,missing,,missing,False,False,False,missing,,False,11.0,False,False,False,False,False,False,Financial,-2.633,0.254,,,,False,False,-2.0084999999999997,0.1195,,,
DAR,2026-08-19,bad,bad,good,missing,missing,missing,missing,2,4,False,False,False,False,bad,neutral,7,,False,mid,dead,above,mid,flat,extended,missing,,missing,False,False,False,missing,,False,9.0,False,False,False,False,False,False,Consumer Defensive,1.344,-1.793,,,,False,False,1.9685000000000001,-1.9275,,,
PINS,2026-08-19,bad,bad,bad,missing,missing,missing,missing,3,4,False,False,False,False,bad,bad,5,,False,mid,dead,above,high,flat,mid,missing,,missing,False,False,False,missing,,False,11.0,False,False,False,False,False,False,Communication Services,-0.684,0.043,,,,False,False,-0.0595,-0.09150000000000001,,,
SR,2026-08-19,bad,bad,good,missing,missing,missing,missing,2,4,False,False,False,False,bad,neutral,7,,False,mid,dead,above,mid,flat,mid,missing,,missing,False,False,False,missing,,False,6.0,False,False,False,False,False,False,Utilities,-0.263,-3.113,,,,False,False,0.36150000000000004,-3.2475,,,
CWST,2026-08-19,bad,bad,good,missing,missing,missing,missing,2,4,False,False,False,False,bad,neutral,7,,False,mid,dead,below,mid,flat,mid,missing,,missing,False,False,False,missing,,False,5.0,False,False,False,False,False,False,Industrials,0.215,-0.905,,,,False,False,0.8395,-1.0395,,,
CURB,2026-08-19,bad,bad,bad,missing,missing,missing,missing,3,4,False,False,False,False,bad,bad,5,,False,mid,dead,below,high,flat,mid,missing,,missing,False,False,False,missing,,False,10.0,False,False,False,False,False,False,Real Estate,-1.668,-1.935,,,,False,False,-1.0434999999999999,-2.0695,,,
CUBE,2026-08-19,bad,bad,bad,missing,missing,missing,missing,3,4,False,False,False,False,bad,bad,5,,False,mid,dead,below,mid,flat,mid,missing,,missing,False,False,False,missing,,False,13.0,False,False,False,False,False,False,Real Estate,-0.675,-1.375,,,,False,False,-0.05049999999999999,-1.5095,,,
PHK,2026-08-19,bad,bad,bad,missing,missing,missing,missing,3,4,False,False,False,False,bad,bad,5,,False,mid,normal,below,low,flat,mid,missing,,missing,False,False,False,missing,,False,-2.0,False,False,False,False,False,False,Financial,-1.316,-0.219,,,,False,False,-0.6915,-0.35350000000000004,,,
PGNY,2026-08-19,bad,bad,good,missing,missing,missing,missing,2,4,False,False,False,False,bad,neutral,7,,False,mid,dead,below,mid,flat,mid,missing,,missing,False,False,False,missing,,False,9.0,False,False,False,False,False,False,Healthcare,1.684,0.47,,,,False,False,2.3085,0.33549999999999996,,,
CTGO,2026-08-19,bad,bad,bad,missing,missing,missing,missing,3,4,False,False,False,False,bad,bad,5,,False,mid,normal,above,high,down,mid,missing,,missing,False,False,False,missing,,False,2.0,False,False,False,False,False,False,Basic Materials,-3.19,-4.714,,,,False,False,-2.5655,-4.8485000000000005,,,
CRUS,2026-08-19,bad,bad,bad,missing,missing,missing,missing,3,4,False,False,False,False,bad,bad,5,,False,oversold,normal,below,mid,flat,mid,missing,,missing,False,False,False,missing,,False,-1.0,False,False,False,False,False,False,Technology,-0.991,-2.321,,,,False,False,-0.36649999999999994,-2.4555000000000002,,,
STM,2026-08-19,bad,bad,bad,missing,missing,missing,missing,3,4,False,False,False,False,bad,bad,5,,False,mid,normal,below,low,down,mid,missing,,missing,False,False,False,missing,,False,4.0,False,False,False,False,False,False,Technology,-0.972,0.298,,,,False,False,-0.3474999999999999,0.16349999999999998,,,
STRL,2026-08-19,bad,bad,good,missing,missing,missing,missing,2,4,False,False,False,False,bad,neutral,7,,False,mid,normal,below,mid,down,mid,missing,,missing,False,False,False,missing,,False,9.0,False,False,False,False,False,False,Industrials,-2.595,-3.292,,,,False,False,-1.9705000000000001,-3.4265,,,
SUPN,2026-08-19,bad,bad,good,missing,missing,missing,missing,2,4,False,False,False,False,bad,neutral,7,,False,mid,dead,above,high,flat,mid,missing,,missing,False,False,False,missing,,False,7.0,False,False,False,False,False,False,Healthcare,-2.246,-5.542,,,,False,False,-1.6215,-5.6765,,,
SUI,2026-08-19,bad,bad,bad,missing,missing,missing,missing,3,4,False,False,False,False,bad,bad,5,,False,mid,normal,above,mid,flat,mid,missing,,missing,False,False,False,missing,,False,-2.0,False,False,False,False,False,False,Real Estate,0.188,-0.328,,,,False,False,0.8125,-0.4625,,,
SUNB,2026-08-19,bad,bad,good,missing,missing,missing,missing,2,4,False,False,False,False,bad,neutral,7,,False,mid,dead,above,low,flat,mid,missing,,missing,False,False,False,missing,,False,2.0,False,False,False,False,False,False,Industrials,-3.42,-3.695,,,,False,False,-2.7954999999999997,-3.8295,,,
CRON,2026-08-19,bad,bad,good,missing,missing,missing,missing,2,4,False,False,False,False,bad,neutral,7,,False,mid,normal,above,low,flat,mid,missing,,missing,False,False,False,missing,,False,9.0,False,False,False,False,False,False,Healthcare,-2.128,0.608,,,,False,False,-1.5035,0.4735,,,
CRC,2026-08-19,bad,bad,good,missing,missing,missing,missing,2,4,False,False,False,False,bad,neutral,7,,False,mid,dead,above,mid,flat,mid,missing,,missing,False,False,False,missing,,False,-4.0,False,False,False,False,False,False,Energy,-0.706,-1.022,,,,False,False,-0.0814999999999999,-1.1565,,,
CPB,2026-08-19,bad,bad,good,missing,missing,missing,missing,2,4,False,False,False,False,bad,neutral,7,,False,mid,dead,above,high,flat,mid,missing,,missing,False,False,False,missing,,False,13.0,False,False,False,False,False,False,Consumer Defensive,,,,,,False,False,,,,,
PFGC,2026-08-19,bad,bad,good,missing,missing,missing,missing,2,4,False,False,False,False,bad,neutral,7,,False,mid,dead,below,low,flat,mid,missing,,missing,False,False,False,missing,,False,-4.0,False,False,False,False,False,False,Consumer Defensive,0.619,1.587,,,,False,False,1.2435,1.4525,,,
SWBI,2026-08-19,bad,bad,good,missing,missing,missing,missing,2,4,False,False,False,False,bad,neutral,7,,False,mid,dead,below,mid,flat,mid,missing,,missing,False,False,False,missing,,False,9.0,False,False,False,False,False,False,Industrials,-1.487,-0.142,,,,False,False,-0.8625,-0.27649999999999997,,,
SVM,2026-08-19,bad,bad,bad,missing,missing,missing,missing,3,4,False,False,False,False,bad,bad,5,,False,mid,dead,above,high,flat,washed,missing,,missing,False,False,False,missing,,False,6.0,False,False,False,False,False,False,Basic Materials,0.238,-0.634,,,,False,False,0.8625,-0.7685,,,
TBCVU,2026-08-19,bad,bad,bad,missing,missing,missing,missing,3,4,False,False,False,False,bad,bad,5,,False,mid,dead,above,low,flat,mid,missing,,missing,False,False,False,missing,,False,-1.0,False,False,False,False,False,False,Financial,0.101,0.101,,,,False,False,0.7255,-0.0335,,,
TARS,2026-08-19,bad,bad,good,missing,missing,missing,missing,2,4,False,False,False,False,bad,neutral,7,,False,mid,dead,above,high,flat,mid,missing,,missing,False,False,False,missing,,False,-6.0,False,False,False,False,False,False,Healthcare,-2.655,-1.008,,,,False,False,-2.0305,-1.1425,,,
IMAX,2026-08-19,bad,bad,bad,missing,missing,missing,missing,3,4,False,False,False,False,bad,bad,5,,False,mid,dead,above,high,flat,mid,missing,,missing,False,False,False,missing,,False,10.0,False,False,False,False,False,False,Communication Services,-1.806,-1.806,,,,False,False,-1.1815,-1.9405000000000001,,,
ILMN,2026-08-19,bad,bad,good,missing,missing,missing,missing,2,4,False,False,False,False,bad,neutral,7,,False,mid,dead,below,mid,flat,mid,missing,,missing,False,False,False,missing,,False,10.0,False,False,False,False,False,False,Healthcare,4.02,7.024,,,,False,False,4.6445,6.8895,,,
INDV,2026-08-19,bad,bad,good,missing,missing,missing,missing,2,4,False,False,False,False,bad,neutral,7,,False,mid,dead,above,high,flat,mid,missing,,missing,False,False,False,missing,,False,7.0,False,False,False,False,False,False,Healthcare,-3.227,-5.558,,,,False,False,-2.6025,-5.6925,,,
PDO,2026-08-19,bad,bad,bad,missing,missing,missing,missing,3,4,False,False,False,False,bad,bad,5,,False,mid,hot,below,low,flat,mid,missing,,missing,False,False,False,missing,,False,-3.0,False,False,False,False,False,False,Financial,-1.338,-0.551,,,,False,False,-0.7135,-0.6855,,,
TCPC,2026-08-19,bad,bad,bad,missing,missing,missing,missing,3,4,False,False,False,False,bad,bad,5,,False,mid,dead,above,mid,flat,mid,missing,,missing,False,False,False,missing,,False,9.0,False,False,False,False,False,False,Financial,-1.467,-1.467,,,,False,False,-0.8425,-1.6015000000000001,,,
CNO,2026-08-19,bad,bad,bad,missing,missing,missing,missing,3,4,False,False,False,False,bad,bad,5,,False,mid,dead,above,low,flat,mid,missing,,missing,False,False,False,missing,,False,13.0,False,False,False,False,False,False,Financial,-0.356,0.413,,,,False,False,0.26850000000000007,0.27849999999999997,,,
TDW,2026-08-19,bad,bad,good,missing,missing,missing,missing,2,4,False,False,False,False,bad,neutral,7,,False,mid,dead,above,high,flat,mid,missing,,missing,False,False,False,missing,,False,5.0,False,False,False,False,False,False,Energy,1.966,0.655,,,,False,False,2.5905,0.5205,,,
THM,2026-08-19,bad,bad,bad,missing,missing,missing,missing,3,4,False,False,False,False,bad,bad,5,,False,mid,normal,above,low,flat,washed,missing,,missing,False,False,False,missing,,False,0.0,False,False,False,False,False,False,Basic Materials,-1.767,-0.707,,,,False,False,-1.1424999999999998,-0.8414999999999999,,,
INVX,2026-08-19,bad,bad,good,missing,missing,missing,missing,2,4,False,False,False,False,bad,neutral,7,,False,mid,dead,above,mid,flat,mid,missing,,missing,False,False,False,missing,,False,10.0,False,False,False,False,False,False,Energy,-0.918,-0.34,,,,False,False,-0.2935,-0.47450000000000003,,,
INTA,2026-08-19,bad,bad,bad,missing,missing,missing,missing,3,4,False,False,False,False,bad,bad,5,,False,overbought,dead,above,mid,flat,mid,missing,,missing,False,False,False,missing,,False,3.0,False,False,False,False,False,False,Technology,0.2,3.143,,,,False,False,0.8245,3.0084999999999997,,,
PCRX,2026-08-19,bad,bad,good,missing,missing,missing,missing,2,4,False,False,False,False,bad,neutral,7,,False,mid,dead,below,high,flat,mid,missing,,missing,False,False,False,missing,,False,4.0,False,False,False,False,False,False,Healthcare,-2.176,1.273,,,,False,False,-1.5515,1.1384999999999998,,,
PCOR,2026-08-19,bad,bad,bad,missing,missing,missing,missing,3,4,False,False,False,False,bad,bad,5,,False,mid,dead,above,high,flat,mid,missing,,missing,False,False,False,missing,,False,2.0,False,False,False,False,False,False,Technology,0.572,0.906,,,,False,False,1.1965,0.7715000000000001,,,
INVA,2026-08-19,bad,bad,good,missing,missing,missing,missing,2,4,False,False,False,False,bad,neutral,7,,False,mid,dead,above,high,flat,mid,missing,,missing,False,False,False,missing,,False,2.0,False,False,False,False,False,False,Healthcare,-2.235,-1.909,,,,False,False,-1.6104999999999998,-2.0435,,,
CMBT,2026-08-19,bad,bad,good,missing,missing,missing,missing,2,4,False,False,False,False,bad,neutral,7,,False,mid,dead,above,low,flat,mid,missing,,missing,False,False,False,missing,,False,11.0,False,False,False,False,False,False,Energy,-1.344,1.064,,,,False,False,-0.7195,0.9295,,,
PD,2026-08-19,bad,bad,bad,missing,missing,missing,missing,3,4,False,False,False,False,bad,bad,5,,False,mid,dead,above,high,flat,mid,missing,,missing,False,False,False,missing,,False,10.0,False,False,False,False,False,False,Technology,-0.411,1.233,,,,False,False,0.21350000000000008,1.0985,,,
TIGO,2026-08-19,bad,bad,bad,missing,missing,missing,missing,3,4,False,False,False,False,bad,bad,5,,False,mid,normal,below,mid,flat,washed,missing,,missing,False,False,False,missing,,False,3.0,False,False,False,False,False,False,Communication Services,1.938,5.555,,,,False,False,2.5625,5.4205,,,
CIEN,2026-08-19,bad,bad,bad,missing,missing,missing,missing,3,4,False,False,False,False,bad,bad,5,,False,mid,normal,above,low,down,mid,missing,,missing,False,False,False,missing,,False,3.0,False,False,False,False,False,False,Technology,-1.75,-0.921,,,,False,False,-1.1255,-1.0555,,,
INSP,2026-08-19,bad,bad,good,missing,missing,missing,missing,2,4,False,False,False,False,bad,neutral,7,,False,mid,dead,above,high,flat,mid,missing,,missing,False,False,False,missing,,False,5.0,False,False,False,False,False,False,Healthcare,-0.681,1.086,,,,False,False,-0.056499999999999995,0.9515,,,
TKR,2026-08-19,bad,bad,good,missing,missing,missing,missing,2,4,False,False,False,False,bad,neutral,7,,False,mid,normal,below,mid,flat,mid,missing,,missing,False,False,False,missing,,False,10.0,False,False,False,False,False,False,Industrials,-0.915,-0.454,,,,False,False,-0.2905,-0.5885,,,
CGNX,2026-08-19,bad,bad,bad,missing,missing,missing,missing,3,4,False,False,False,False,bad,bad,5,,False,mid,normal,below,mid,flat,mid,missing,,missing,False,False,False,missing,,False,10.0,False,False,False,False,False,False,Technology,-1.362,-0.025,,,,False,False,-0.7375,-0.1595,,,
CHA,2026-08-19,bad,bad,bad,missing,missing,missing,missing,3,4,False,False,False,False,bad,bad,5,,False,mid,normal,below,low,flat,mid,missing,,missing,False,False,False,missing,,False,6.0,False,False,False,False,False,False,Consumer Cyclical,2.411,4.243,,,,False,False,3.0355,4.1085,,,
IOND,2026-08-19,bad,bad,bad,missing,missing,missing,missing,3,4,False,False,False,False,bad,bad,5,,False,mid,dead,above,low,flat,extended,missing,,missing,False,False,False,missing,,False,0.0,False,False,False,False,False,False,Financial,2.184,2.125,,,,False,False,2.8085000000000004,1.9905,,,
CGBD,2026-08-19,bad,bad,bad,missing,missing,missing,missing,3,4,False,False,False,False,bad,bad,5,,False,mid,normal,above,mid,flat,mid,missing,,missing,False,False,False,missing,,False,12.0,False,False,False,False,False,False,Financial,0.0,0.177,,,,False,False,0.6245,0.04249999999999998,,,
IRT,2026-08-19,bad,bad,bad,missing,missing,missing,missing,3,4,False,False,False,False,bad,bad,5,,False,mid,dead,below,mid,flat,mid,missing,,missing,False,False,False,missing,,False,6.0,False,False,False,False,False,False,Real Estate,0.06,-0.181,,,,False,False,0.6845000000000001,-0.3155,,,
ITGR,2026-08-19,bad,bad,good,missing,missing,missing,missing,2,4,False,False,False,False,bad,neutral,7,,False,overbought,normal,above,high,flat,mid,missing,,missing,False,False,False,missing,,False,4.0,False,False,False,False,False,False,Healthcare,-0.072,-0.08,,,,False,False,0.5525000000000001,-0.21450000000000002,,,
IRON,2026-08-19,bad,bad,good,missing,missing,missing,missing,2,4,False,False,False,False,bad,neutral,7,,False,mid,normal,above,high,flat,mid,missing,,missing,False,False,False,missing,,False,3.0,False,False,False,False,False,False,Healthcare,-1.843,-0.635,,,,False,False,-1.2185,-0.7695000000000001,,,
ITT,2026-08-19,bad,bad,good,missing,missing,missing,missing,2,4,False,False,False,False,bad,neutral,7,,False,mid,dead,above,high,flat,mid,missing,,missing,False,False,False,missing,,False,8.0,False,False,False,False,False,False,Industrials,-2.529,-2.552,,,,False,False,-1.9044999999999999,-2.6865,,,
IVA,2026-08-19,bad,bad,good,missing,missing,missing,missing,2,4,False,False,False,False,bad,neutral,7,,False,mid,normal,below,low,flat,mid,missing,,missing,False,False,False,missing,,False,-8.0,False,False,False,False,False,False,Healthcare,-2.311,-1.681,,,,False,False,-1.6864999999999999,-1.8155000000000001,,,
CDE,2026-08-19,bad,bad,bad,missing,missing,missing,missing,3,4,False,False,False,False,bad,bad,5,,False,mid,dead,above,mid,flat,mid,missing,,missing,False,False,False,missing,,False,1.0,False,False,False,False,False,False,Basic Materials,0.86,0.191,,,,False,False,1.4845000000000002,0.056499999999999995,,,
PAYO,2026-08-19,bad,bad,bad,missing,missing,missing,missing,3,4,False,False,False,False,bad,bad,5,,False,mid,dead,below,mid,flat,mid,missing,,missing,False,False,False,missing,,False,4.0,False,False,False,False,False,False,Technology,-0.141,0.141,,,,False,False,0.48350000000000004,0.006499999999999978,,,
CCK,2026-08-19,bad,bad,bad,missing,missing,missing,missing,3,4,False,False,False,False,bad,bad,5,,False,mid,dead,below,mid,flat,mid,missing,,missing,False,False,False,missing,,False,5.0,False,False,False,False,False,False,Consumer Cyclical,0.197,2.181,,,,False,False,0.8215000000000001,2.0465,,,
CCC,2026-08-19,bad,bad,bad,missing,missing,missing,missing,3,4,False,False,False,False,bad,bad,5,,False,mid,normal,above,high,flat,mid,missing,,missing,False,False,False,missing,,False,6.0,False,False,False,False,False,False,Technology,0.134,0.269,,,,False,False,0.7585000000000001,0.1345,,,
IVZ,2026-08-19,bad,bad,bad,missing,missing,missing,missing,3,4,False,False,False,False,bad,bad,5,,False,mid,dead,above,mid,flat,mid,missing,,missing,False,False,False,missing,,False,9.0,False,False,False,False,False,False,Financial,-2.639,-0.59,,,,False,False,-2.0145,-0.7244999999999999,,,
TOST,2026-08-19,bad,bad,bad,missing,missing,missing,missing,3,4,False,False,False,False,bad,bad,5,,False,mid,normal,above,mid,flat,mid,missing,,missing,False,False,False,missing,,False,15.0,False,False,False,False,False,False,Technology,0.455,4.209,,,,False,False,1.0795000000000001,4.0745,,,
TREX,2026-08-19,bad,bad,good,missing,missing,missing,missing,2,4,False,False,False,False,bad,neutral,7,,False,mid,dead,above,high,flat,mid,missing,,missing,False,False,False,missing,,False,5.0,False,False,False,False,False,False,Industrials,-2.05,-3.023,,,,False,False,-1.4254999999999998,-3.1575,,,
CAG,2026-08-19,bad,bad,good,missing,missing,missing,missing,2,4,False,False,False,False,bad,neutral,7,,False,mid,dead,above,high,flat,mid,missing,,missing,False,False,False,missing,,False,5.0,False,False,False,False,False,False,Consumer Defensive,0.308,1.295,,,,False,False,0.9325000000000001,1.1604999999999999,,,
CAI,2026-08-19,bad,bad,good,missing,missing,missing,missing,2,4,False,False,False,False,bad,neutral,7,,False,mid,normal,above,high,flat,washed,missing,,missing,False,False,False,missing,,False,4.0,False,False,False,False,False,False,Healthcare,7.996,15.422,,,,False,False,8.6205,15.287500000000001,,,
TRVI,2026-08-19,bad,bad,good,missing,missing,missing,missing,2,4,False,False,False,False,bad,neutral,7,,False,mid,dead,above,high,flat,mid,missing,,missing,False,False,False,missing,,False,2.0,False,False,False,False,False,False,Healthcare,-2.977,-4.519,,,,False,False,-2.3525,-4.6535,,,
CALM,2026-08-19,bad,bad,good,missing,missing,missing,missing,2,4,False,False,True,False,bad,neutral,7,,False,mid,dead,below,high,flat,mid,missing,,missing,False,False,False,missing,,False,-2.0,False,False,False,False,False,False,Consumer Defensive,2.334,2.793,,,,False,False,2.9585,2.6585,,,
TRU,2026-08-19,bad,bad,bad,missing,missing,missing,missing,3,4,False,False,False,False,bad,bad,5,,False,mid,dead,above,mid,flat,mid,missing,,missing,False,False,False,missing,,False,9.0,False,False,False,False,False,False,Financial,2.032,1.433,,,,False,False,2.6565000000000003,1.2985,,,
BTU,2026-08-19,bad,bad,good,missing,missing,missing,missing,2,4,False,False,False,False,bad,neutral,7,,False,mid,dead,above,high,flat,mid,missing,,missing,False,False,False,missing,,False,-7.0,False,False,False,False,False,False,Energy,0.037,2.831,,,,False,False,0.6615000000000001,2.6965,,,
JAN,2026-08-19,bad,bad,bad,missing,missing,missing,missing,3,4,False,False,False,False,bad,bad,5,,False,mid,normal,above,mid,flat,mid,missing,,missing,False,False,False,missing,,False,8.0,False,False,False,False,False,False,Real Estate,0.098,0.491,,,,False,False,0.7225,0.3565,,,
BYD,2026-08-19,bad,bad,bad,missing,missing,missing,missing,3,4,False,False,False,False,bad,bad,5,,False,mid,dead,below,high,flat,mid,missing,,missing,False,False,False,missing,,False,3.0,False,False,False,False,False,False,Consumer Cyclical,-2.092,-2.298,,,,False,False,-1.4675,-2.4325,,,
BXDC,2026-08-19,bad,bad,bad,missing,missing,missing,missing,3,4,False,False,False,False,bad,bad,5,,False,mid,dead,above,low,flat,mid,missing,,missing,False,False,False,missing,,False,-1.0,False,False,False,False,False,False,Real Estate,-0.4,2.649,,,,False,False,0.22450000000000003,2.5145,,,
TWLO,2026-08-19,bad,bad,bad,missing,missing,missing,missing,3,4,False,False,False,False,bad,bad,5,,False,mid,normal,above,low,flat,washed,missing,,missing,False,False,False,missing,,False,6.0,False,False,False,False,False,False,Technology,-0.892,1.546,,,,False,False,-0.26749999999999996,1.4115,,,
TTC,2026-08-19,bad,bad,good,missing,missing,missing,missing,2,4,False,False,False,False,bad,neutral,7,,False,mid,normal,above,mid,flat,mid,missing,,missing,False,False,False,missing,,False,13.0,False,False,False,False,False,False,Industrials,0.369,2.063,,,,False,False,0.9935,1.9285,,,
BULL,2026-08-19,bad,bad,bad,missing,missing,missing,missing,3,4,False,False,False,False,bad,bad,5,,False,mid,normal,above,high,flat,mid,missing,,missing,False,False,False,missing,,False,2.0,False,False,False,False,False,False,Technology,2.431,1.62,,,,False,False,3.0555000000000003,1.4855,,,
TTEK,2026-08-19,bad,bad,good,missing,missing,missing,missing,2,4,False,False,False,False,bad,neutral,7,,False,mid,dead,above,mid,flat,mid,missing,,missing,False,False,False,missing,,False,13.0,False,False,False,False,False,False,Industrials,-0.082,1.093,,,,False,False,0.5425000000000001,0.9584999999999999,,,
JFR,2026-08-19,bad,bad,bad,missing,missing,missing,missing,3,4,False,False,False,False,bad,bad,5,,False,mid,normal,below,low,flat,mid,missing,,missing,False,False,False,missing,,False,0.0,False,False,False,False,False,False,Financial,-0.394,-0.92,,,,False,False,0.23050000000000004,-1.0545,,,
BSP,2026-08-19,bad,bad,bad,missing,missing,missing,missing,3,4,False,False,False,False,bad,bad,5,,False,mid,dead,above,mid,flat,washed,missing,,missing,False,False,False,missing,,False,6.0,False,False,False,False,False,False,Technology,-3.69,-0.265,,,,False,False,-3.0655,-0.3995,,,
BRVE,2026-08-19,bad,bad,good,missing,missing,missing,missing,2,4,False,False,False,False,bad,neutral,7,,False,mid,dead,below,low,flat,mid,missing,,missing,False,False,False,missing,,False,0.0,False,False,False,False,False,False,Healthcare,-5.35,-4.798,,,,False,False,-4.725499999999999,-4.9325,,,
BMRN,2026-08-19,bad,bad,good,missing,missing,missing,missing,2,4,False,False,False,False,bad,neutral,7,,False,mid,dead,above,mid,flat,mid,missing,,missing,False,False,False,missing,,False,7.0,False,False,False,False,False,False,Healthcare,-2.38,-3.793,,,,False,False,-1.7554999999999998,-3.9275,,,
UGI,2026-08-19,bad,bad,good,missing,missing,missing,missing,2,4,False,False,False,False,bad,neutral,7,,False,overbought,hot,above,mid,flat,extended,missing,,missing,False,False,False,missing,,False,6.0,False,False,False,False,False,False,Utilities,-1.712,-2.49,,,,False,False,-1.0875,-2.6245000000000003,,,
OSK,2026-08-19,bad,bad,good,missing,missing,missing,missing,2,4,False,False,False,False,bad,neutral,7,,False,mid,dead,below,mid,flat,mid,missing,,missing,False,False,False,missing,,False,5.0,False,False,False,False,False,False,Industrials,1.922,4.831,,,,False,False,2.5465,4.6965,,,
USA,2026-08-19,bad,bad,bad,missing,missing,missing,missing,3,4,False,False,False,False,bad,bad,5,,False,mid,dead,above,low,flat,mid,missing,,missing,False,False,False,missing,,False,-2.0,False,False,False,False,False,False,Financial,-1.661,-0.498,,,,False,False,-1.0365,-0.6325000000000001,,,
URBN,2026-08-19,bad,bad,bad,missing,missing,missing,missing,3,4,False,False,False,False,bad,bad,5,,False,mid,normal,above,high,flat,mid,missing,,missing,False,False,False,missing,,False,11.0,False,False,False,False,False,False,Consumer Cyclical,-2.326,-0.188,,,,False,False,-1.7015,-0.3225,,,
BKE,2026-08-19,bad,bad,bad,missing,missing,missing,missing,3,4,False,False,False,False,bad,bad,5,,False,mid,dead,below,high,flat,mid,missing,,missing,False,False,False,missing,,False,5.0,False,False,False,False,False,False,Consumer Cyclical,-1.365,1.342,,,,False,False,-0.7404999999999999,1.2075,,,
KFY,2026-08-19,bad,bad,good,missing,missing,missing,missing,2,4,False,False,False,False,bad,neutral,7,,False,mid,dead,above,mid,flat,mid,missing,,missing,False,False,False,missing,,False,9.0,False,False,False,False,False,False,Industrials,0.225,0.782,,,,False,False,0.8495,0.6475,,,
ONB,2026-08-19,bad,bad,bad,missing,missing,missing,missing,3,4,False,False,False,False,bad,bad,5,,False,mid,dead,above,mid,flat,mid,missing,,missing,False,False,False,missing,,False,8.0,False,False,False,False,False,False,Financial,-0.309,-0.386,,,,False,False,0.31550000000000006,-0.5205,,,
OLED,2026-08-19,bad,bad,bad,missing,missing,missing,missing,3,4,False,False,False,False,bad,bad,5,,False,mid,dead,above,high,flat,washed,missing,,missing,False,False,False,missing,,False,4.0,False,False,False,False,False,False,Technology,-0.046,-0.809,,,,False,False,0.5785,-0.9435,,,
BHC,2026-08-19,bad,bad,good,missing,missing,missing,missing,2,4,False,False,False,False,bad,neutral,7,,False,mid,normal,above,low,flat,extended,missing,,missing,False,False,False,missing,,False,2.0,False,False,False,False,False,False,Healthcare,-1.161,-6.531,,,,False,False,-0.5365,-6.6655,,,
BIP,2026-08-19,bad,bad,good,missing,missing,missing,missing,2,4,False,False,False,False,bad,neutral,7,,False,mid,dead,below,low,flat,mid,missing,,missing,False,False,False,missing,,False,13.0,False,False,False,False,False,False,Utilities,-1.218,-1.192,,,,False,False,-0.5934999999999999,-1.3265,,,
BILI,2026-08-19,bad,bad,bad,missing,missing,missing,missing,3,4,False,False,False,False,bad,bad,5,,False,mid,normal,below,mid,flat,mid,missing,,missing,False,False,False,missing,,False,7.0,False,False,False,False,False,False,Communication Services,-3.755,-1.444,,,,False,False,-3.1304999999999996,-1.5785,,,
BHF,2026-08-19,bad,bad,bad,missing,missing,missing,missing,3,4,False,False,False,False,bad,bad,5,,False,oversold,hot,below,high,flat,washed,missing,,missing,False,False,False,missing,,False,-2.0,False,False,False,False,False,False,Financial,-0.113,-1.896,,,,False,False,0.5115000000000001,-2.0305,,,
OII,2026-08-19,bad,bad,good,missing,missing,missing,missing,2,4,False,False,False,False,bad,neutral,7,,False,mid,normal,above,mid,flat,mid,missing,,missing,False,False,False,missing,,False,8.0,False,False,False,False,False,False,Energy,-0.38,0.588,,,,False,False,0.24450000000000005,0.45349999999999996,,,
OGI,2026-08-19,bad,bad,good,missing,missing,missing,missing,2,4,False,False,False,False,bad,neutral,7,,False,overbought,normal,above,mid,flat,mid,missing,,missing,False,False,False,missing,,False,5.0,False,False,False,False,False,False,Healthcare,-3.226,0.806,,,,False,False,-2.6014999999999997,0.6715,,,
OGG,2026-08-19,bad,bad,bad,missing,missing,missing,missing,3,4,False,False,False,False,bad,bad,5,,False,mid,dead,above,high,flat,mid,missing,,missing,False,False,False,missing,,False,2.0,False,False,False,False,False,False,Basic Materials,1.034,5.862,,,,False,False,1.6585,5.7275,,,
BEP,2026-08-19,bad,bad,good,missing,missing,missing,missing,2,4,False,False,False,False,bad,neutral,7,,False,mid,normal,above,low,flat,mid,missing,,missing,False,False,False,missing,,False,5.0,False,False,False,False,False,False,Utilities,-1.79,-2.237,,,,False,False,-1.1655,-2.3715,,,
KNTK,2026-08-19,bad,bad,good,missing,missing,missing,missing,2,4,False,False,False,False,bad,neutral,7,,False,mid,normal,above,high,flat,mid,missing,,missing,False,False,False,missing,,False,13.0,False,False,False,False,False,False,Energy,-0.585,-0.384,,,,False,False,0.03950000000000009,-0.5185,,,
KNX,2026-08-19,bad,bad,good,missing,missing,missing,missing,2,4,False,False,False,False,bad,neutral,7,,False,mid,dead,above,mid,flat,mid,missing,,missing,False,False,False,missing,,False,10.0,False,False,False,False,False,False,Industrials,-0.473,2.667,,,,False,False,0.15150000000000008,2.5324999999999998,,,
VCEL,2026-08-19,bad,bad,good,missing,missing,missing,missing,2,4,False,False,False,False,bad,neutral,7,,False,mid,dead,below,high,flat,mid,missing,,missing,False,False,False,missing,,False,8.0,False,False,False,False,False,False,Healthcare,-3.351,-2.043,,,,False,False,-2.7264999999999997,-2.1775,,,
KRC,2026-08-19,bad,bad,bad,missing,missing,missing,missing,3,4,False,False,False,False,bad,bad,5,,False,mid,dead,below,high,flat,mid,missing,,missing,False,False,False,missing,,False,7.0,False,False,False,False,False,False,Real Estate,0.0,-0.49,,,,False,False,0.6245,-0.6245,,,
BCAT,2026-08-19,bad,bad,bad,missing,missing,missing,missing,3,4,False,False,False,False,bad,bad,5,,False,mid,normal,below,low,flat,mid,missing,,missing,False,False,False,missing,,False,0.0,False,False,False,False,False,False,Financial,-1.006,0.0,,,,False,False,-0.38149999999999995,-0.1345,,,
BBT,2026-08-19,bad,bad,bad,missing,missing,missing,missing,3,4,False,False,False,False,bad,bad,5,,False,mid,dead,above,mid,flat,mid,missing,,missing,False,True,True,missing,,False,10.0,False,False,False,False,False,False,Financial,-1.127,-0.908,,,,False,False,-0.5025,-1.0425,,,
BCS,2026-08-19,bad,bad,bad,missing,missing,missing,missing,3,4,False,False,False,False,bad,bad,5,,False,mid,normal,below,low,flat,mid,missing,,missing,False,False,False,missing,,False,10.0,False,False,False,False,False,False,Financial,-1.414,-0.149,,,,False,False,-0.7894999999999999,-0.2835,,,
BCO,2026-08-19,bad,bad,good,missing,missing,missing,missing,2,4,False,False,False,False,bad,neutral,7,,False,mid,dead,below,high,flat,mid,missing,,missing,False,False,False,missing,,False,9.0,False,False,False,False,False,False,Industrials,3.609,2.061,,,,False,False,4.2335,1.9264999999999999,,,
KRP,2026-08-19,bad,bad,good,missing,missing,missing,missing,2,4,False,False,False,False,bad,neutral,7,,False,mid,normal,below,mid,flat,mid,missing,,missing,False,False,False,missing,,False,10.0,False,False,False,False,False,False,Energy,0.864,2.394,,,,False,False,1.4885000000000002,2.2595,,,
BFAM,2026-08-19,bad,bad,bad,missing,missing,missing,missing,3,4,False,False,False,False,bad,bad,5,,False,mid,dead,below,mid,flat,mid,missing,,missing,False,False,False,missing,,False,8.0,False,False,False,False,False,False,Consumer Cyclical,0.684,-0.315,,,,False,False,1.3085,-0.4495,,,
NXE,2026-08-19,bad,bad,good,missing,missing,missing,missing,2,4,False,False,False,False,bad,neutral,7,,False,mid,normal,above,mid,flat,mid,missing,,missing,False,False,False,missing,,False,-1.0,False,False,False,False,False,False,Energy,-3.22,2.841,,,,False,False,-2.5955000000000004,2.7065,,,
VG,2026-08-19,bad,bad,good,missing,missing,missing,missing,2,4,False,False,False,False,bad,neutral,7,,False,mid,normal,above,high,flat,mid,missing,,missing,False,False,False,missing,,False,3.0,False,False,False,False,False,False,Energy,3.626,3.046,,,,False,False,4.2505,2.9114999999999998,,,
BBWI,2026-08-19,bad,bad,bad,missing,missing,missing,missing,3,4,False,False,False,False,bad,bad,5,,False,mid,normal,above,mid,up,mid,missing,,missing,False,True,False,missing,,False,10.0,False,False,False,False,False,False,Consumer Cyclical,-0.153,-0.101,,,,False,False,0.47150000000000003,-0.23550000000000001,,,
LADR,2026-08-19,bad,bad,bad,missing,missing,missing,missing,3,4,False,False,False,False,bad,bad,5,,False,mid,dead,above,mid,flat,mid,missing,,missing,False,False,False,missing,,False,12.0,False,False,False,False,False,False,Real Estate,-1.188,-1.782,,,,False,False,-0.5634999999999999,-1.9165,,,
NUV,2026-08-19,bad,bad,bad,missing,missing,missing,missing,3,4,False,False,False,False,bad,bad,5,,False,mid,normal,below,low,flat,mid,missing,,missing,False,False,False,missing,,False,4.0,False,False,False,False,False,False,Financial,-0.554,-0.664,,,,False,False,0.07050000000000001,-0.7985,,,
NVT,2026-08-19,bad,bad,good,missing,missing,missing,missing,2,4,False,False,False,False,bad,neutral,7,,False,mid,normal,above,low,down,mid,missing,,missing,False,False,False,missing,,False,7.0,False,False,False,False,False,False,Industrials,-1.645,-3.123,,,,False,False,-1.0205,-3.2575000000000003,,,
LAUR,2026-08-19,bad,bad,good,missing,missing,missing,missing,2,4,False,False,False,False,bad,neutral,7,,False,mid,dead,above,low,flat,mid,missing,,missing,False,False,False,missing,,False,11.0,False,False,False,False,False,False,Consumer Defensive,-2.137,-2.397,,,,False,False,-1.5125,-2.5315,,,
NUE,2026-08-19,bad,bad,bad,missing,missing,missing,missing,3,4,False,False,False,False,bad,bad,5,,False,mid,normal,above,low,flat,mid,missing,,missing,False,False,False,missing,,False,9.0,False,False,False,False,False,False,Basic Materials,-3.321,-2.054,,,,False,False,-2.6965000000000003,-2.1885,,,
LEA,2026-08-19,bad,bad,bad,missing,missing,missing,missing,3,4,False,False,False,False,bad,bad,5,,False,mid,dead,below,mid,flat,mid,missing,,missing,False,False,False,missing,,False,10.0,False,False,False,False,False,False,Consumer Cyclical,1.112,3.62,,,,False,False,1.7365000000000002,3.4855,,,
VIK,2026-08-19,bad,bad,bad,missing,missing,missing,missing,3,4,False,False,False,False,bad,bad,5,,False,mid,normal,below,mid,flat,mid,missing,,missing,False,False,False,missing,,False,9.0,False,False,False,False,False,False,Consumer Cyclical,-0.264,2.225,,,,False,False,0.36050000000000004,2.0905,,,
VICR,2026-08-19,bad,bad,bad,missing,missing,missing,missing,3,4,False,False,False,False,bad,bad,5,,False,mid,hot,above,mid,down,extended,missing,,missing,False,False,False,missing,,False,7.0,False,False,False,False,False,False,Technology,-4.467,-7.734,,,,False,False,-3.8424999999999994,-7.8685,,,
VISN,2026-08-19,bad,bad,bad,missing,missing,missing,missing,3,4,False,False,False,False,bad,bad,5,,False,mid,dead,below,high,flat,mid,missing,,missing,False,False,False,missing,,False,-3.0,False,False,False,False,False,False,Technology,0.982,0.089,,,,False,False,1.6065,-0.04550000000000001,,,
NOVT,2026-08-19,bad,bad,bad,missing,missing,missing,missing,3,4,False,False,False,False,bad,bad,5,,False,mid,dead,above,high,flat,mid,missing,,missing,False,False,False,missing,,False,10.0,False,False,False,False,False,False,Technology,-0.288,-0.48,,,,False,False,0.3365000000000001,-0.6145,,,
NRDS,2026-08-19,bad,bad,bad,missing,missing,missing,missing,3,4,False,False,False,False,bad,bad,5,,False,mid,normal,above,high,flat,mid,missing,,missing,False,False,False,missing,,False,8.0,False,False,False,False,False,False,Communication Services,-1.087,-2.372,,,,False,False,-0.4624999999999999,-2.5065,,,
LION,2026-08-19,bad,bad,bad,missing,missing,missing,missing,3,4,False,False,False,False,bad,bad,5,,False,mid,dead,below,mid,flat,mid,missing,,missing,False,False,False,missing,,False,5.0,False,False,False,False,False,False,Financial,-1.036,-0.604,,,,False,False,-0.4115,-0.7384999999999999,,,
AYA,2026-08-19,bad,bad,bad,missing,missing,missing,missing,3,4,False,False,False,False,bad,bad,5,,False,mid,normal,above,mid,down,washed,missing,,missing,False,False,False,missing,,False,5.0,False,False,False,False,False,False,Basic Materials,-1.211,-2.202,,,,False,False,-0.5865,-2.3365,,,
AXON,2026-08-19,bad,bad,good,missing,missing,missing,missing,2,4,False,False,False,False,bad,neutral,7,,False,mid,dead,above,mid,flat,mid,missing,,missing,False,False,True,missing,,False,15.0,False,False,False,False,False,False,Industrials,-4.872,-2.783,,,,False,False,-4.2475,-2.9175,,,
VLY,2026-08-19,bad,bad,bad,missing,missing,missing,missing,3,4,False,False,False,False,bad,bad,5,,False,mid,normal,above,high,flat,mid,missing,,missing,False,False,False,missing,,False,4.0,False,False,False,False,False,False,Financial,-2.216,-1.939,,,,False,False,-1.5915000000000001,-2.0735,,,
VSNT,2026-08-19,bad,bad,bad,missing,missing,missing,missing,3,4,False,False,False,False,bad,bad,5,,False,mid,dead,above,mid,flat,extended,missing,,missing,False,False,False,missing,,False,13.0,False,False,False,False,False,False,Communication Services,-1.605,-1.299,,,,False,False,-0.9804999999999999,-1.4335,,,
NLY,2026-08-19,bad,bad,bad,missing,missing,missing,missing,3,4,False,False,False,False,bad,bad,5,,False,mid,dead,above,low,flat,mid,missing,,missing,False,False,False,missing,,False,13.0,False,False,False,False,False,False,Real Estate,-1.896,-2.443,,,,False,False,-1.2714999999999999,-2.5775,,,
AURA,2026-08-19,bad,bad,good,missing,missing,missing,missing,2,4,False,False,False,False,bad,neutral,7,,False,mid,normal,above,high,flat,mid,missing,,missing,False,False,True,missing,,False,-3.0,False,False,False,False,False,False,Healthcare,-0.257,0.128,,,,False,False,0.36750000000000005,-0.006500000000000006,,,
LPG,2026-08-19,bad,bad,good,missing,missing,missing,missing,2,4,False,False,False,False,bad,neutral,7,,False,mid,dead,above,mid,flat,extended,missing,,missing,False,False,False,missing,,False,14.0,False,False,False,False,False,False,Energy,0.04,3.022,,,,False,False,0.6645000000000001,2.8874999999999997,,,
LPLA,2026-08-19,bad,bad,bad,missing,missing,missing,missing,3,4,False,False,False,False,bad,bad,5,,False,mid,dead,above,mid,flat,mid,missing,,missing,False,False,False,missing,,False,7.0,False,False,False,False,False,False,Financial,-1.45,0.59,,,,False,False,-0.8254999999999999,0.45549999999999996,,,
NKE,2026-08-19,bad,bad,bad,missing,missing,missing,missing,3,4,False,False,False,False,bad,bad,5,,False,mid,hot,below,mid,flat,mid,missing,,missing,False,False,False,missing,,False,4.0,False,False,False,False,False,False,Consumer Cyclical,-2.046,-0.706,,,,False,False,-1.4214999999999998,-0.8405,,,
NKTR,2026-08-19,bad,bad,good,missing,missing,missing,missing,2,4,False,False,False,False,bad,neutral,7,,False,mid,dead,below,high,flat,mid,missing,,missing,False,False,False,missing,,False,-2.0,False,False,False,False,False,False,Healthcare,-2.037,-2.708,,,,False,False,-1.4124999999999999,-2.8425000000000002,,,
ASO,2026-08-19,bad,bad,bad,missing,missing,missing,missing,3,4,False,False,False,False,bad,bad,5,,False,mid,normal,below,high,flat,mid,missing,,missing,False,False,True,missing,,False,4.0,False,False,False,False,False,False,Consumer Cyclical,-4.076,-3.698,,,,False,False,-3.4514999999999993,-3.8325,,,
ASB,2026-08-19,bad,bad,bad,missing,missing,missing,missing,3,4,False,False,False,False,bad,bad,5,,False,mid,dead,above,mid,flat,mid,missing,,missing,False,False,True,missing,,False,9.0,False,False,False,False,False,False,Financial,-0.162,0.097,,,,False,False,0.4625,-0.037500000000000006,,,
WBD,2026-08-19,bad,bad,bad,missing,missing,missing,missing,3,4,False,False,False,False,bad,bad,5,,False,mid,dead,above,mid,flat,mid,missing,,missing,False,False,False,missing,,False,-2.0,False,False,False,False,False,False,Communication Services,-1.052,0.07,,,,False,False,-0.4275,-0.0645,,,
LSTR,2026-08-19,bad,bad,good,missing,missing,missing,missing,2,4,False,False,False,False,bad,neutral,7,,False,mid,normal,above,mid,flat,mid,missing,,missing,False,False,False,missing,,False,4.0,False,False,False,False,False,False,Industrials,-1.405,0.843,,,,False,False,-0.7805,0.7084999999999999,,,
NHI,2026-08-19,bad,bad,bad,missing,missing,missing,missing,3,4,False,False,False,False,bad,bad,5,,False,mid,normal,below,mid,flat,mid,missing,,missing,False,False,False,missing,,False,7.0,False,False,False,False,False,False,Real Estate,-0.229,-0.972,,,,False,False,0.3955000000000001,-1.1065,,,
WES,2026-08-19,bad,bad,good,missing,missing,missing,missing,2,4,False,False,True,False,bad,neutral,7,,False,overbought,normal,above,mid,flat,mid,missing,,missing,False,False,False,missing,,False,10.0,False,False,False,False,False,False,Energy,-0.735,-1.326,,,,False,False,-0.11049999999999993,-1.4605000000000001,,,
WEX,2026-08-19,bad,bad,bad,missing,missing,missing,missing,3,4,False,False,False,False,bad,bad,5,,False,mid,dead,above,mid,flat,mid,missing,,missing,False,False,False,missing,,False,11.0,False,False,False,False,False,False,Technology,1.243,2.308,,,,False,False,1.8675000000000002,2.1734999999999998,,,
LVS,2026-08-19,bad,bad,bad,missing,missing,missing,missing,3,4,False,False,False,False,bad,bad,5,,False,mid,dead,below,mid,flat,mid,missing,,missing,False,False,False,missing,,False,-1.0,False,False,False,False,False,False,Consumer Cyclical,-1.31,0.966,,,,False,False,-0.6855,0.8314999999999999,,,
LW,2026-08-19,bad,bad,good,missing,missing,missing,missing,2,4,False,False,False,False,bad,neutral,7,,False,mid,dead,above,mid,flat,mid,missing,,missing,False,False,False,missing,,False,9.0,False,False,False,False,False,False,Consumer Defensive,-0.724,-0.334,,,,False,False,-0.09949999999999992,-0.4685,,,
ARW,2026-08-19,bad,bad,bad,missing,missing,missing,missing,3,4,False,False,False,False,bad,bad,5,,False,mid,normal,below,low,flat,mid,missing,,missing,False,False,True,missing,,False,10.0,False,False,False,False,False,False,Technology,0.525,2.573,,,,False,False,1.1495000000000002,2.4385,,,
AS,2026-08-19,bad,bad,bad,missing,missing,missing,missing,3,4,False,False,False,False,bad,bad,5,,False,mid,hot,below,mid,up,mid,missing,,missing,False,False,True,missing,,False,7.0,False,False,False,False,False,False,Consumer Cyclical,-4.38,-4.086,,,,False,False,-3.7554999999999996,-4.2205,,,
WK,2026-08-19,bad,bad,bad,missing,missing,missing,missing,3,4,False,False,False,False,bad,bad,5,,False,mid,dead,above,high,flat,mid,missing,,missing,False,False,False,missing,,False,12.0,False,False,False,False,False,False,Technology,-0.423,-1.162,,,,False,False,0.20150000000000007,-1.2965,,,
LXP,2026-08-19,bad,bad,bad,missing,missing,missing,missing,3,4,False,False,False,False,bad,bad,5,,False,mid,normal,below,low,flat,mid,missing,,missing,False,False,False,missing,,False,3.0,False,False,False,False,False,False,Real Estate,0.082,0.115,,,,False,False,0.7065,-0.019500000000000003,,,
ARES,2026-08-19,bad,bad,bad,missing,missing,missing,missing,3,4,False,False,False,False,bad,bad,5,,False,mid,dead,above,mid,flat,mid,missing,,missing,False,False,True,missing,,False,12.0,False,False,False,False,False,False,Financial,-2.006,-1.293,,,,False,False,-1.3814999999999997,-1.4275,,,
NBIS,2026-08-19,bad,bad,bad,missing,missing,missing,missing,3,4,False,False,False,False,bad,bad,5,,False,mid,normal,above,high,flat,extended,missing,,missing,False,False,False,missing,,False,9.0,False,False,False,False,False,False,Technology,-1.693,-2.13,,,,False,False,-1.0685,-2.2645,,,
NAMS,2026-08-19,bad,bad,good,missing,missing,missing,missing,2,4,False,False,False,False,bad,neutral,7,,False,mid,dead,below,high,flat,mid,missing,,missing,False,False,False,missing,,False,-7.0,False,False,False,False,False,False,Healthcare,-2.629,-2.313,,,,False,False,-2.0045,-2.4475000000000002,,,
WRN,2026-08-19,bad,bad,bad,missing,missing,missing,missing,3,4,False,False,False,False,bad,bad,5,,False,mid,dead,above,low,flat,mid,missing,,missing,False,False,False,missing,,False,2.0,False,False,False,False,False,False,Basic Materials,-1.606,1.606,,,,False,False,-0.9815,1.4715,,,
APLE,2026-08-19,bad,bad,bad,missing,missing,missing,missing,3,4,False,False,False,False,bad,bad,5,,False,mid,dead,below,high,flat,mid,missing,,missing,False,True,False,missing,,False,12.0,False,False,False,False,False,False,Real Estate,0.856,1.895,,,,False,False,1.4805000000000001,1.7605,,,
AMRZ,2026-08-19,bad,bad,bad,missing,missing,missing,missing,3,4,False,False,False,False,bad,bad,5,,False,mid,normal,below,low,flat,mid,missing,,missing,False,True,False,missing,,False,3.0,False,False,False,False,False,False,Basic Materials,-1.414,0.928,,,,False,False,-0.7894999999999999,0.7935000000000001,,,
AMPH,2026-08-19,bad,bad,good,missing,missing,missing,missing,2,4,False,False,False,False,bad,neutral,7,,False,mid,dead,above,high,flat,mid,missing,,missing,False,False,True,missing,,False,12.0,False,False,False,False,False,False,Healthcare,-0.276,-0.644,,,,False,False,0.34850000000000003,-0.7785,,,
AMPY,2026-08-19,bad,bad,good,missing,missing,missing,missing,2,4,False,False,False,False,bad,neutral,7,,False,mid,normal,above,high,flat,mid,missing,,missing,False,False,True,missing,,False,8.0,False,False,False,False,False,False,Energy,2.505,0.626,,,,False,False,3.1295,0.4915,,,
MBGL,2026-08-19,bad,bad,bad,missing,missing,missing,missing,3,4,False,False,False,False,bad,bad,5,,False,mid,dead,below,low,flat,mid,missing,,missing,False,False,False,missing,,False,-1.0,False,False,False,False,False,False,Technology,-2.368,-4.06,,,,False,False,-1.7434999999999998,-4.1945,,,
WTTR,2026-08-19,bad,bad,good,missing,missing,missing,missing,2,4,False,False,False,False,bad,neutral,7,,False,mid,dead,above,mid,flat,mid,missing,,missing,False,False,False,missing,,False,6.0,False,False,False,False,False,False,Energy,-2.396,-3.57,,,,False,False,-1.7714999999999999,-3.7045,,,
XIFR,2026-08-19,bad,bad,good,missing,missing,missing,missing,2,4,False,False,False,False,bad,neutral,7,,False,mid,normal,below,mid,flat,mid,missing,,missing,False,False,False,missing,,False,5.0,False,False,False,False,False,False,Utilities,-2.073,-3.713,,,,False,False,-1.4485,-3.8475,,,
MCHP,2026-08-19,bad,bad,bad,missing,missing,missing,missing,3,4,False,False,False,False,bad,bad,5,,False,mid,normal,below,mid,down,mid,missing,,missing,False,False,False,missing,,False,5.0,False,False,False,False,False,False,Technology,-1.648,-1.297,,,,False,False,-1.0234999999999999,-1.4315,,,
ALTO,2026-08-19,bad,bad,bad,missing,missing,missing,missing,3,4,False,False,False,False,bad,bad,5,,False,mid,dead,below,high,flat,mid,missing,,missing,False,True,False,missing,,False,9.0,False,False,False,False,False,False,Basic Materials,-0.239,4.535,,,,False,False,0.38550000000000006,4.4005,,,
ALXO,2026-08-19,bad,bad,good,missing,missing,missing,missing,2,4,False,False,False,False,bad,neutral,7,,False,mid,dead,above,high,flat,mid,missing,,missing,False,True,True,missing,,False,-3.0,False,False,False,False,False,False,Healthcare,-3.398,-0.971,,,,False,False,-2.7735000000000003,-1.1055,,,
XIIIU,2026-08-19,bad,bad,bad,missing,missing,missing,missing,3,4,False,False,False,False,bad,bad,5,,False,mid,dead,above,low,flat,mid,missing,,missing,False,False,False,missing,,False,-1.0,False,False,False,False,False,False,Financial,0.095,0.095,,,,False,False,0.7195,-0.03950000000000001,,,
ALNY,2026-08-19,bad,bad,good,missing,missing,missing,missing,2,4,False,False,False,False,bad,neutral,7,,False,mid,normal,below,mid,flat,mid,missing,,missing,False,False,True,missing,,False,-5.0,False,False,False,False,False,False,Healthcare,-5.486,-2.634,,,,False,False,-4.8614999999999995,-2.7685,,,
ALMS,2026-08-19,bad,bad,good,missing,missing,missing,missing,2,4,False,False,False,False,bad,neutral,7,,False,mid,dead,below,mid,flat,mid,missing,,missing,False,True,True,missing,,False,-4.0,False,False,False,False,False,False,Healthcare,-4.71,0.75,,,,False,False,-4.0855,0.6154999999999999,,,
MWA,2026-08-19,bad,bad,good,missing,missing,missing,missing,2,4,False,False,False,False,bad,neutral,7,,False,mid,dead,below,mid,flat,mid,missing,,missing,False,False,False,missing,,False,7.0,False,False,False,False,False,False,Industrials,-0.633,-1.384,,,,False,False,-0.008499999999999952,-1.5185,,,
ALKS,2026-08-19,bad,bad,good,missing,missing,missing,missing,2,4,False,False,False,False,bad,neutral,7,,False,mid,dead,below,high,flat,mid,missing,,missing,False,False,True,missing,,False,4.0,False,False,False,False,False,False,Healthcare,-4.305,-3.687,,,,False,False,-3.6804999999999994,-3.8215,,,
AHR,2026-08-19,bad,bad,bad,missing,missing,missing,missing,3,4,False,False,False,False,bad,bad,5,,False,mid,dead,below,high,flat,mid,missing,,missing,False,False,True,missing,,False,14.0,False,False,False,False,False,False,Real Estate,1.033,1.322,,,,False,False,1.6575,1.1875,,,
XPRO,2026-08-19,bad,bad,good,missing,missing,missing,missing,2,4,False,False,False,False,bad,neutral,7,,False,mid,normal,above,mid,flat,mid,missing,,missing,False,False,False,missing,,False,3.0,False,False,False,False,False,False,Energy,-2.901,-3.903,,,,False,False,-2.2764999999999995,-4.0375,,,
AGNC,2026-08-19,bad,bad,bad,missing,missing,missing,missing,3,4,False,False,False,False,bad,bad,5,,False,mid,dead,above,high,flat,mid,missing,,missing,False,False,True,missing,,False,5.0,False,False,False,False,False,False,Real Estate,-1.444,-1.715,,,,False,False,-0.8194999999999999,-1.8495000000000001,,,
AGIO,2026-08-19,bad,bad,good,missing,missing,missing,missing,2,4,False,False,False,False,bad,neutral,7,,False,mid,dead,above,high,flat,mid,missing,,missing,False,False,True,missing,,False,-5.0,False,False,False,False,False,False,Healthcare,-4.243,-5.78,,,,False,False,-3.6185,-5.9145,,,
MEOH,2026-08-19,bad,bad,bad,missing,missing,missing,missing,3,4,False,False,False,False,bad,bad,5,,False,mid,dead,above,low,flat,mid,missing,,missing,False,False,False,missing,,False,5.0,False,False,False,False,False,False,Basic Materials,3.746,6.203,,,,False,False,4.3705,6.0685,,,
XTERU,2026-08-19,bad,bad,bad,missing,missing,missing,missing,3,4,False,False,False,False,bad,bad,5,,False,mid,normal,above,low,flat,mid,missing,,missing,False,False,False,missing,,False,-1.0,False,False,False,False,False,False,Financial,0.0,-0.101,,,,False,False,0.6245,-0.23550000000000001,,,
MH,2026-08-19,bad,bad,good,missing,missing,missing,missing,2,4,False,False,False,False,bad,neutral,7,,False,mid,dead,above,high,flat,extended,missing,,missing,False,False,False,missing,,False,14.0,False,False,False,False,False,False,Consumer Defensive,-2.576,0.758,,,,False,False,-1.9515,0.6234999999999999,,,
MTSI,2026-08-19,bad,bad,bad,missing,missing,missing,missing,3,4,False,False,False,False,bad,bad,5,,False,mid,normal,above,mid,down,mid,missing,,missing,False,False,False,missing,,False,6.0,False,False,False,False,False,False,Technology,-1.408,-1.248,,,,False,False,-0.7834999999999999,-1.3825,,,
MICC,2026-08-19,bad,bad,good,missing,missing,missing,missing,2,4,False,False,False,False,bad,neutral,7,,False,mid,normal,above,low,flat,mid,missing,,missing,False,False,False,missing,,False,11.0,False,False,False,False,False,False,Consumer Defensive,1.7,2.834,,,,False,False,2.3245,2.6995,,,
MTCH,2026-08-19,bad,bad,bad,missing,missing,missing,missing,3,4,False,False,False,False,bad,bad,5,,False,mid,normal,above,mid,flat,mid,missing,,missing,False,False,False,missing,,False,7.0,False,False,False,False,False,False,Communication Services,1.637,2.947,,,,False,False,2.2615,2.8125,,,
MT,2026-08-19,bad,bad,bad,missing,missing,missing,missing,3,4,False,False,False,False,bad,bad,5,,False,mid,normal,above,low,flat,mid,missing,,missing,False,False,False,missing,,False,4.0,False,False,False,False,False,False,Basic Materials,-4.665,-3.204,,,,False,False,-4.0405,-3.3385000000000002,,,
XYZ,2026-08-19,bad,bad,bad,missing,missing,missing,missing,3,4,False,False,False,False,bad,bad,5,,False,mid,dead,above,low,flat,mid,missing,,missing,False,False,False,missing,,False,13.0,False,False,False,False,False,False,Technology,-1.05,1.52,,,,False,False,-0.4255,1.3855,,,
XXI,2026-08-19,bad,bad,good,missing,missing,missing,missing,2,4,False,False,False,False,bad,neutral,7,,False,mid,normal,above,low,flat,mid,missing,,missing,False,False,False,missing,,False,0.0,False,False,False,False,False,False,Consumer Defensive,11.532,16.937,,,,False,False,12.1565,16.802500000000002,,,
MLCO,2026-08-19,bad,bad,bad,missing,missing,missing,missing,3,4,False,False,False,False,bad,bad,5,,False,mid,dead,below,low,flat,mid,missing,,missing,False,False,False,missing,,False,5.0,False,False,False,False,False,False,Consumer Cyclical,-2.372,0.182,,,,False,False,-1.7474999999999998,0.04749999999999999,,,
MRX,2026-08-19,bad,bad,bad,missing,missing,missing,missing,3,4,False,False,False,False,bad,bad,5,,False,mid,dead,above,mid,flat,extended,missing,,missing,False,False,False,missing,,False,7.0,False,False,False,False,False,False,Financial,-0.855,3.989,,,,False,False,-0.23049999999999993,3.8545,,,
AA,2026-08-19,bad,bad,bad,missing,missing,missing,missing,3,4,False,False,False,False,bad,bad,5,,False,mid,dead,above,mid,flat,washed,missing,,missing,False,False,True,missing,,False,-6.0,False,False,False,False,False,False,Basic Materials,-1.921,0.601,,,,False,False,-1.2965,0.46649999999999997,,,
MRK,2026-08-19,bad,bad,good,missing,missing,missing,missing,2,4,False,False,True,False,bad,neutral,7,,False,mid,normal,above,low,flat,mid,missing,,missing,False,False,False,missing,,False,11.0,False,False,False,False,False,False,Healthcare,-2.109,0.23,,,,False,False,-1.4845,0.0955,,,
MOH,2026-08-19,bad,bad,good,missing,missing,missing,missing,2,4,False,False,False,False,bad,neutral,7,,False,mid,dead,above,mid,flat,mid,missing,,missing,False,False,False,missing,,False,4.0,False,False,False,False,False,False,Healthcare,-2.103,-0.437,,,,False,False,-1.4785000000000001,-0.5715,,,
ACA,2026-08-19,bad,bad,good,missing,missing,missing,missing,2,4,False,False,False,False,bad,neutral,7,,False,mid,dead,above,low,flat,mid,missing,,missing,False,False,False,missing,,False,-2.0,False,False,False,False,False,False,Industrials,0.103,-0.241,,,,False,False,0.7275,-0.3755,,,
ACAD,2026-08-19,bad,bad,good,missing,missing,missing,missing,2,4,False,False,False,False,bad,neutral,7,,False,mid,normal,above,mid,flat,mid,missing,,missing,False,False,True,missing,,False,6.0,False,False,False,False,False,False,Healthcare,-3.873,-2.35,,,,False,False,-3.2485,-2.4845,,,
ACB,2026-08-19,bad,bad,good,missing,missing,missing,missing,2,4,False,False,False,False,bad,neutral,7,,False,overbought,normal,above,high,flat,mid,missing,,missing,False,False,False,missing,,False,-1.0,False,False,False,False,False,False,Healthcare,-2.558,0.767,,,,False,False,-1.9334999999999998,0.6325000000000001,,,
FRSH,2026-08-19,bad,bad,bad,missing,missing,missing,missing,3,4,False,False,False,False,bad,bad,5,,False,mid,dead,above,high,flat,mid,missing,,missing,False,False,False,missing,,False,13.0,False,False,False,False,False,False,Technology,-0.459,-0.689,,,,False,False,0.16550000000000004,-0.8234999999999999,,,
AAUC,2026-08-19,bad,bad,bad,missing,missing,missing,missing,3,4,False,False,False,False,bad,bad,5,,False,mid,normal,above,mid,flat,mid,missing,,missing,False,False,False,missing,,False,-1.0,False,False,False,False,False,False,Basic Materials,-1.377,1.463,,,,False,False,-0.7525,1.3285,,,
ZLAB,2026-08-19,bad,bad,good,missing,missing,missing,missing,2,4,False,False,True,False,bad,neutral,7,,False,overbought,normal,above,mid,down,mid,missing,,missing,False,False,False,missing,,False,4.0,False,False,False,False,False,False,Healthcare,-2.62,-2.657,,,,False,False,-1.9955,-2.7915,,,
ZGN,2026-08-19,bad,bad,bad,missing,missing,missing,missing,3,4,False,False,False,False,bad,bad,5,,False,mid,normal,below,mid,flat,mid,missing,,missing,False,False,False,missing,,False,8.0,False,False,False,False,False,False,Consumer Cyclical,-1.017,0.944,,,,False,False,-0.39249999999999985,0.8094999999999999,,,
ABUS,2026-08-19,bad,bad,good,missing,missing,missing,missing,2,4,False,False,True,False,bad,neutral,7,,False,mid,dead,above,high,flat,mid,missing,,missing,False,False,False,missing,,False,8.0,False,False,False,False,False,False,Healthcare,-4.217,4.618,,,,False,False,-3.5924999999999994,4.4835,,,
ABM,2026-08-19,bad,bad,good,missing,missing,missing,missing,2,4,False,False,False,False,bad,neutral,7,,False,mid,dead,below,mid,flat,mid,missing,,missing,False,False,True,missing,,False,10.0,False,False,False,False,False,False,Industrials,-0.254,-0.868,,,,False,False,0.37050000000000005,-1.0025,,,
MRTN,2026-08-19,bad,bad,good,missing,missing,missing,missing,2,4,False,False,False,False,bad,neutral,7,,False,mid,dead,below,mid,flat,mid,missing,,missing,False,False,False,missing,,False,1.0,False,False,False,False,False,False,Industrials,-0.674,0.674,,,,False,False,-0.04949999999999999,0.5395000000000001,,,
MMSI,2026-08-19,bad,bad,good,missing,missing,missing,missing,2,4,False,False,False,False,bad,neutral,7,,False,overbought,normal,above,mid,flat,mid,missing,,missing,False,False,False,missing,,False,7.0,False,False,False,False,False,False,Healthcare,-1.859,-1.305,,,,False,False,-1.2345,-1.4395,,,
RZLT,2026-08-19,bad,bad,good,missing,missing,missing,missing,2,4,False,False,False,False,bad,neutral,7,,False,mid,dead,below,high,flat,mid,missing,,missing,False,False,False,missing,,False,3.0,False,False,False,False,False,False,Healthcare,-1.271,7.839,,,,False,False,-0.6464999999999999,7.7045,,,
MGNI,2026-08-19,bad,bad,bad,missing,missing,missing,missing,3,4,False,False,False,False,bad,bad,5,,False,overbought,normal,above,high,flat,mid,missing,,missing,False,False,False,missing,,False,12.0,False,False,False,False,False,False,Communication Services,-2.096,-1.468,,,,False,False,-1.4715,-1.6025,,,
MITK,2026-08-19,bad,bad,bad,missing,missing,missing,missing,3,4,False,False,False,False,bad,bad,5,,False,mid,dead,above,mid,flat,mid,missing,,missing,False,False,False,missing,,False,10.0,False,False,False,False,False,False,Technology,-1.907,-1.695,,,,False,False,-1.2825,-1.8295000000000001,,,
BURL,2026-08-19,bad,bad,bad,missing,missing,missing,missing,3,4,False,False,False,False,bad,bad,5,,False,mid,normal,below,mid,flat,mid,missing,,missing,False,False,False,missing,,False,7.0,False,False,False,False,False,False,Consumer Cyclical,-1.265,-3.259,,,,False,False,-0.6404999999999998,-3.3935,,,
SBS,2026-08-19,bad,bad,good,missing,missing,missing,missing,2,4,False,False,False,False,bad,neutral,7,,False,oversold,normal,below,low,flat,washed,missing,,missing,False,False,False,missing,,False,-3.0,False,False,False,False,False,False,Utilities,-2.407,0.875,,,,False,False,-1.7825,0.7404999999999999,,,
SBSW,2026-08-19,bad,bad,bad,missing,missing,missing,missing,3,4,False,False,False,False,bad,bad,5,,False,mid,normal,above,low,flat,mid,missing,,missing,False,False,False,missing,,False,-5.0,False,False,False,False,False,False,Basic Materials,1.984,8.542,,,,False,False,2.6085000000000003,8.4075,,,
EVER,2026-08-19,bad,bad,bad,missing,missing,missing,missing,3,4,False,False,False,False,bad,bad,5,,False,mid,dead,below,high,flat,mid,missing,,missing,False,False,False,missing,,False,8.0,False,False,False,False,False,False,Communication Services,-0.479,0.839,,,,False,False,0.14550000000000007,0.7044999999999999,,,
TALK,2026-08-19,bad,bad,good,missing,missing,missing,missing,2,4,False,False,False,False,bad,neutral,7,,False,mid,dead,above,low,flat,mid,far,,missing,False,False,False,missing,,False,7.0,False,False,False,False,False,False,Healthcare,,,,,,False,False,,,,,
TALO,2026-08-19,bad,bad,good,missing,missing,missing,missing,2,4,False,False,False,False,bad,neutral,7,,False,mid,dead,above,mid,flat,mid,missing,,missing,False,False,False,missing,,False,3.0,False,False,False,False,False,False,Energy,3.378,1.747,,,,False,False,4.0025,1.6125,,,
MRNA,2026-08-19,bad,bad,good,missing,missing,missing,missing,2,4,False,False,True,False,bad,neutral,7,,False,mid,dead,above,high,flat,mid,missing,,missing,False,False,False,missing,,False,1.0,False,False,False,False,False,False,Healthcare,-23.546,-16.774,,,,False,False,-22.921499999999998,-16.9085,,,
MSTR,2026-08-19,bad,bad,bad,missing,missing,missing,missing,3,4,False,False,False,False,bad,bad,5,,False,mid,normal,below,high,flat,mid,missing,,missing,False,False,False,missing,,False,-12.0,False,False,False,False,False,False,Technology,7.808,14.388,,,,False,False,8.4325,14.2535,,,
MIRM,2026-08-19,bad,bad,good,missing,missing,missing,missing,2,4,False,False,False,False,bad,neutral,7,,False,mid,dead,below,high,flat,mid,missing,,missing,False,False,False,missing,,False,2.0,False,False,False,False,False,False,Healthcare,-5.057,-5.8,,,,False,False,-4.4325,-5.9345,,,
FBIN,2026-08-19,bad,bad,good,missing,missing,missing,missing,2,4,False,False,False,False,bad,neutral,7,,False,mid,dead,below,mid,flat,washed,missing,,missing,False,False,False,missing,,False,6.0,False,False,False,False,False,False,Industrials,-3.248,-3.659,,,,False,False,-2.6235,-3.7935,,,
TTD,2026-08-19,bad,bad,bad,missing,missing,missing,missing,3,4,False,False,False,False,bad,bad,5,,False,mid,normal,below,high,flat,mid,missing,,missing,False,False,False,missing,,False,-1.0,False,False,False,False,False,False,Communication Services,-1.625,-2.659,,,,False,False,-1.0005,-2.7935,,,
ACMR,2026-08-19,bad,bad,bad,missing,missing,missing,missing,3,4,False,False,False,False,bad,bad,5,,False,mid,normal,above,mid,down,mid,missing,,missing,False,False,True,missing,,False,7.0,False,False,False,False,False,False,Technology,1.199,2.346,,,,False,False,1.8235000000000001,2.2115,,,
MUX,2026-08-19,bad,bad,bad,missing,missing,missing,missing,3,4,False,False,False,False,bad,bad,5,,False,mid,dead,above,high,flat,mid,missing,,missing,False,False,False,missing,,False,2.0,False,False,False,False,False,False,Basic Materials,0.247,2.77,,,,False,False,0.8715,2.6355,,,
TU,2026-08-19,bad,bad,bad,missing,missing,missing,missing,3,4,False,False,False,False,bad,bad,5,,False,mid,dead,below,mid,flat,mid,missing,,missing,False,False,False,missing,,False,-7.0,False,False,False,False,False,False,Communication Services,-0.1,-1.296,,,,False,False,0.5245000000000001,-1.4305,,,
S,2026-08-19,bad,bad,bad,missing,missing,missing,missing,3,4,False,False,False,False,bad,bad,5,,False,mid,dead,above,mid,flat,mid,missing,,missing,False,False,False,missing,,False,2.0,False,False,False,False,False,False,Technology,-1.782,-0.61,,,,False,False,-1.1575,-0.7444999999999999,,,
YETI,2026-08-19,bad,bad,bad,missing,missing,missing,missing,3,4,False,False,False,False,bad,bad,5,,False,mid,normal,below,high,flat,washed,missing,,missing,False,False,False,missing,,False,8.0,False,False,False,False,False,False,Consumer Cyclical,-0.181,-0.726,,,,False,False,0.44350000000000006,-0.8605,,,
YEXT,2026-08-19,bad,bad,bad,missing,missing,missing,missing,3,4,False,False,False,False,bad,bad,5,,False,mid,dead,above,mid,flat,mid,missing,,missing,False,False,False,missing,,False,7.0,False,False,False,False,False,False,Technology,-0.637,1.115,,,,False,False,-0.012499999999999956,0.9804999999999999,,,
MC,2026-08-19,bad,bad,bad,missing,missing,missing,missing,3,4,False,False,False,False,bad,bad,5,,False,mid,dead,below,mid,flat,mid,missing,,missing,False,False,False,missing,,False,11.0,False,False,False,False,False,False,Financial,-2.465,-0.394,,,,False,False,-1.8404999999999998,-0.5285,,,
ACLS,2026-08-19,bad,bad,bad,missing,missing,missing,missing,3,4,False,False,False,False,bad,bad,5,,False,mid,dead,above,mid,down,mid,missing,,missing,False,False,True,missing,,False,7.0,False,False,False,False,False,False,Technology,-1.155,0.506,,,,False,False,-0.5305,0.3715,,,
EWTX,2026-08-19,bad,bad,good,missing,missing,missing,missing,2,4,False,False,False,False,bad,neutral,7,,False,mid,normal,above,high,flat,mid,missing,,missing,False,False,False,missing,,False,-1.0,False,False,False,False,False,False,Healthcare,-6.783,-4.866,,,,False,False,-6.1585,-5.0005,,,
SCZM,2026-08-19,bad,bad,bad,missing,missing,missing,missing,3,4,False,False,False,False,bad,bad,5,,False,mid,normal,above,mid,flat,mid,missing,,missing,False,False,False,missing,,False,2.0,False,False,False,False,False,False,Basic Materials,2.306,1.415,,,,False,False,2.9305000000000003,1.2805,,,
EPC,2026-08-19,bad,bad,good,missing,missing,missing,missing,2,4,False,False,False,False,bad,neutral,7,,False,mid,dead,above,high,flat,mid,missing,,missing,False,False,False,missing,,False,0.0,False,False,False,False,False,False,Consumer Defensive,-4.106,-0.592,,,,False,False,-3.4814999999999996,-0.7264999999999999,,,
CROX,2026-08-19,bad,bad,bad,missing,missing,missing,missing,3,4,False,False,False,False,bad,bad,5,,False,mid,dead,below,high,flat,mid,missing,,missing,False,False,False,missing,,False,10.0,False,False,False,False,False,False,Consumer Cyclical,-2.1,-2.879,,,,False,False,-1.4755,-3.0135,,,
STNE,2026-08-19,bad,bad,bad,missing,missing,missing,missing,3,4,False,False,False,False,bad,bad,5,,False,oversold,normal,below,mid,flat,washed,missing,,missing,False,False,False,missing,,False,-2.0,False,False,False,False,False,False,Technology,-3.273,-1.162,,,,False,False,-2.6485000000000003,-1.2965,,,
STOK,2026-08-19,bad,bad,good,missing,missing,missing,missing,2,4,False,False,False,False,bad,neutral,7,,False,mid,normal,above,high,flat,mid,missing,,missing,False,False,False,missing,,False,-4.0,False,False,False,False,False,False,Healthcare,-4.935,-2.24,,,,False,False,-4.310499999999999,-2.3745000000000003,,,
CRI,2026-08-19,bad,bad,bad,missing,missing,missing,missing,3,4,False,False,False,False,bad,bad,5,,False,mid,dead,below,high,flat,mid,missing,,missing,False,False,False,missing,,False,6.0,False,False,False,False,False,False,Consumer Cyclical,-2.607,-3.87,,,,False,False,-1.9825000000000002,-4.0045,,,
ESI,2026-08-19,bad,bad,bad,missing,missing,missing,missing,3,4,False,False,False,False,bad,bad,5,,False,mid,dead,above,mid,down,mid,missing,,missing,False,False,False,missing,,False,9.0,False,False,False,False,False,False,Basic Materials,-1.769,-2.405,,,,False,False,-1.1444999999999999,-2.5395,,,
FLEX,2026-08-19,bad,bad,bad,missing,missing,missing,missing,3,4,False,False,False,False,bad,bad,5,,False,mid,dead,above,low,flat,mid,missing,,missing,False,False,False,missing,,False,8.0,False,False,False,False,False,False,Technology,-2.398,-2.283,,,,False,False,-1.7735,-2.4175,,,
FIVE,2026-08-19,bad,bad,bad,missing,missing,missing,missing,3,4,False,False,False,False,bad,bad,5,,False,mid,dead,above,mid,flat,mid,missing,,missing,False,False,False,missing,,False,3.0,False,False,False,False,False,False,Consumer Cyclical,-2.384,3.371,,,,False,False,-1.7594999999999998,3.2365,,,
ROKU,2026-08-19,bad,bad,bad,missing,missing,missing,missing,3,4,False,False,False,False,bad,bad,5,,False,overbought,dead,above,high,flat,mid,missing,,missing,False,False,False,missing,,False,10.0,False,False,False,False,False,False,Communication Services,0.204,0.44,,,,False,False,0.8285,0.3055,,,
MBLY,2026-08-19,bad,bad,bad,missing,missing,missing,missing,3,4,False,False,False,False,bad,bad,5,,False,mid,normal,above,high,flat,mid,missing,,missing,False,False,False,missing,,False,2.0,False,False,False,False,False,False,Consumer Cyclical,-2.418,-0.769,,,,False,False,-1.7935,-0.9035,,,
MAN,2026-08-19,bad,bad,good,missing,missing,missing,missing,2,4,False,False,False,False,bad,neutral,7,,False,mid,dead,above,high,flat,mid,missing,,missing,False,False,False,missing,,False,9.0,False,False,False,False,False,False,Industrials,2.221,3.416,,,,False,False,2.8455000000000004,3.2815,,,
MBX,2026-08-19,bad,bad,good,missing,missing,missing,missing,2,4,False,False,False,False,bad,neutral,7,,False,mid,normal,above,high,flat,mid,missing,,missing,False,False,False,missing,,False,1.0,False,False,False,False,False,False,Healthcare,-2.997,-3.026,,,,False,False,-2.3724999999999996,-3.1605,,,
CRL,2026-08-19,bad,bad,good,missing,missing,missing,missing,2,4,False,False,False,False,bad,neutral,7,,False,overbought,normal,above,mid,flat,mid,missing,,missing,False,False,False,missing,,False,3.0,False,False,False,False,False,False,Healthcare,0.5,1.79,,,,False,False,1.1245,1.6555,,,
COGT,2026-08-19,bad,bad,good,missing,missing,missing,missing,2,4,False,False,False,False,bad,neutral,7,,False,mid,dead,below,high,flat,mid,missing,,missing,False,False,False,missing,,False,1.0,False,False,False,False,False,False,Healthcare,-4.179,-0.326,,,,False,False,-3.5545,-0.4605,,,
CRNX,2026-08-19,bad,bad,good,missing,missing,missing,missing,2,4,False,False,False,False,bad,neutral,7,,False,overbought,normal,above,mid,flat,mid,missing,,missing,False,False,False,missing,,False,2.0,False,False,False,False,False,False,Healthcare,0.0,0.0,,,,False,False,0.6245,-0.1345,,,
MCHB,2026-08-19,bad,bad,bad,missing,missing,missing,missing,3,4,False,False,False,False,bad,bad,5,,False,mid,dead,above,high,flat,mid,missing,,missing,False,False,False,missing,,False,9.0,False,False,False,False,False,False,Financial,-1.976,-2.994,,,,False,False,-1.3515,-3.1285000000000003,,,
FAF,2026-08-19,bad,bad,bad,missing,missing,missing,missing,3,4,False,False,False,False,bad,bad,5,,False,mid,dead,below,mid,flat,mid,missing,,missing,False,False,False,missing,,False,15.0,False,False,False,False,False,False,Financial,-1.085,-1.401,,,,False,False,-0.4604999999999999,-1.5355,,,
BRTMU,2026-08-19,bad,bad,bad,missing,missing,missing,missing,3,4,False,False,False,False,bad,bad,5,,False,mid,dead,below,low,flat,mid,missing,,missing,False,False,False,missing,,False,0.0,False,False,False,False,False,False,Financial,0.0,0.604,,,,False,False,0.6245,0.4695,,,
AFRM,2026-08-19,bad,bad,bad,missing,missing,missing,missing,3,4,False,False,False,False,bad,bad,5,,False,mid,normal,above,mid,down,mid,missing,,missing,False,False,True,missing,,False,15.0,False,False,False,False,False,False,Financial,-2.948,-0.388,,,,False,False,-2.3235,-0.5225,,,
NCLH,2026-08-19,bad,bad,bad,missing,missing,missing,missing,3,4,False,False,False,False,bad,bad,5,,False,mid,normal,below,high,flat,mid,missing,,missing,False,False,False,missing,,False,3.0,False,False,False,False,False,False,Consumer Cyclical,-3.403,-0.577,,,,False,False,-2.7785,-0.7115,,,
AEIS,2026-08-19,bad,bad,good,missing,missing,missing,missing,2,4,False,False,False,False,bad,neutral,7,,False,mid,normal,above,mid,down,mid,missing,,missing,False,False,True,missing,,False,2.0,False,False,False,False,False,False,Industrials,-0.574,-2.881,,,,False,False,0.0505000000000001,-3.0155,,,
RNW,2026-08-19,bad,bad,good,missing,missing,missing,missing,2,4,False,False,False,False,bad,neutral,7,,False,mid,normal,above,low,flat,mid,missing,,missing,False,False,False,missing,,False,3.0,False,False,False,False,False,False,Utilities,0.294,0.147,,,,False,False,0.9185000000000001,0.012499999999999983,,,
FIGS,2026-08-19,bad,bad,bad,missing,missing,missing,missing,3,4,False,False,False,False,bad,bad,5,,False,overbought,dead,above,high,flat,mid,missing,,missing,False,False,False,missing,,False,8.0,False,False,False,False,False,False,Consumer Cyclical,-0.552,1.311,,,,False,False,0.07250000000000001,1.1764999999999999,,,
RNG,2026-08-19,bad,bad,bad,missing,missing,missing,missing,3,4,False,False,False,False,bad,bad,5,,False,overbought,normal,above,high,flat,mid,missing,,missing,False,False,False,missing,,False,10.0,False,False,False,False,False,False,Technology,-0.546,1.623,,,,False,False,0.07850000000000001,1.4885,,,
TRX,2026-08-19,bad,bad,bad,missing,missing,missing,missing,3,4,False,False,False,False,bad,bad,5,,False,mid,hot,above,low,flat,mid,missing,,missing,False,False,False,missing,,False,-3.0,False,False,False,False,False,False,Basic Materials,1.739,4.348,,,,False,False,2.3635,4.2135,,,
MAIA,2026-08-19,bad,bad,good,missing,missing,missing,missing,2,4,False,False,False,False,bad,neutral,7,,False,mid,dead,above,mid,flat,mid,far,,missing,False,False,False,missing,,False,11.0,False,False,False,False,False,False,Healthcare,-0.719,0.0,,,,False,False,-0.09449999999999992,-0.1345,,,
NE,2026-08-19,bad,bad,good,missing,missing,missing,missing,2,4,False,False,False,False,bad,neutral,7,,False,mid,dead,above,high,flat,mid,missing,,missing,False,False,False,missing,,False,3.0,False,False,False,False,False,False,Energy,2.42,0.872,,,,False,False,3.0445,0.7375,,,
LSCC,2026-08-19,bad,bad,bad,missing,missing,missing,missing,3,4,False,False,False,False,bad,bad,5,,False,mid,dead,below,mid,down,mid,missing,,missing,False,False,False,missing,,False,5.0,False,False,False,False,False,False,Technology,-0.102,0.008,,,,False,False,0.5225000000000001,-0.1265,,,
LRMR,2026-08-19,bad,bad,good,missing,missing,missing,missing,2,4,False,False,False,False,bad,neutral,7,,False,mid,dead,above,high,flat,mid,missing,,missing,False,False,False,missing,,False,3.0,False,False,False,False,False,False,Healthcare,-2.118,-1.647,,,,False,False,-1.4934999999999998,-1.7815,,,
NESR,2026-08-19,bad,bad,good,missing,missing,missing,missing,2,4,False,False,False,False,bad,neutral,7,,False,mid,dead,above,mid,flat,mid,missing,,missing,False,False,False,missing,,False,11.0,False,False,False,False,False,False,Energy,-2.459,-1.535,,,,False,False,-1.8345,-1.6695,,,
M,2026-08-19,bad,bad,bad,missing,missing,missing,missing,3,4,False,False,False,False,bad,bad,5,,False,mid,dead,below,high,flat,mid,missing,,missing,False,False,False,missing,,False,5.0,False,False,False,False,False,False,Consumer Cyclical,-3.504,-2.479,,,,False,False,-2.8795,-2.6135,,,
MAMA,2026-08-19,bad,bad,good,missing,missing,missing,missing,2,4,False,False,False,False,bad,neutral,7,,False,mid,normal,below,mid,flat,mid,missing,,missing,False,False,False,missing,,False,5.0,False,False,False,False,False,False,Consumer Defensive,-2.973,-0.243,,,,False,False,-2.3484999999999996,-0.3775,,,
RKLB,2026-08-19,bad,bad,good,missing,missing,missing,missing,2,4,False,False,False,False,bad,neutral,7,,False,mid,normal,above,mid,down,mid,missing,,missing,False,False,False,missing,,False,-4.0,False,False,False,False,False,False,Industrials,-3.811,-4.312,,,,False,False,-3.1864999999999997,-4.4465,,,
RITM,2026-08-19,bad,bad,bad,missing,missing,missing,missing,3,4,False,False,False,False,bad,bad,5,,False,mid,dead,above,mid,flat,mid,missing,,missing,False,False,False,missing,,False,7.0,False,False,False,False,False,False,Real Estate,-2.119,-1.83,,,,False,False,-1.4945000000000002,-1.9645000000000001,,,
CNMD,2026-08-19,bad,bad,good,missing,missing,missing,missing,2,4,False,False,False,False,bad,neutral,7,,False,mid,dead,above,mid,flat,mid,missing,,missing,False,False,False,missing,,False,8.0,False,False,False,False,False,False,Healthcare,0.254,-0.351,,,,False,False,0.8785000000000001,-0.4855,,,
STWD,2026-08-19,bad,bad,bad,missing,missing,missing,missing,3,4,False,False,False,False,bad,bad,5,,False,mid,normal,below,mid,flat,mid,missing,,missing,False,False,False,missing,,False,-4.0,False,False,False,False,False,False,Real Estate,-0.906,-1.087,,,,False,False,-0.2815,-1.2215,,,
ELMT,2026-08-19,bad,bad,good,missing,missing,missing,missing,2,4,False,False,False,False,bad,neutral,7,,False,mid,dead,above,high,down,extended,missing,,missing,False,False,False,missing,,False,6.0,False,False,False,False,False,False,Industrials,-3.025,15.707,,,,False,False,-2.4005,15.572500000000002,,,
BWXT,2026-08-19,bad,bad,good,missing,missing,missing,missing,2,4,False,False,False,False,bad,neutral,7,,False,mid,normal,below,mid,flat,mid,missing,,missing,False,False,False,missing,,False,3.0,False,False,False,False,False,False,Industrials,-3.587,-3.377,,,,False,False,-2.9625000000000004,-3.5115,,,
UGP,2026-08-19,bad,bad,good,missing,missing,missing,missing,2,4,False,False,False,False,bad,neutral,7,,False,mid,normal,above,low,flat,mid,missing,,missing,False,False,False,missing,,False,8.0,False,False,False,False,False,False,Energy,0.0,2.901,,,,False,False,0.6245,2.7664999999999997,,,
CALX,2026-08-19,bad,bad,bad,missing,missing,missing,missing,3,4,False,False,False,False,bad,bad,5,,False,mid,dead,above,high,flat,mid,missing,,missing,False,False,False,missing,,False,6.0,False,False,False,False,False,False,Technology,-0.419,-1.06,,,,False,False,0.20550000000000007,-1.1945000000000001,,,
NG,2026-08-19,bad,bad,bad,missing,missing,missing,missing,3,4,False,False,False,False,bad,bad,5,,False,mid,normal,above,mid,flat,mid,missing,,missing,False,False,False,missing,,False,-5.0,False,False,False,False,False,False,Basic Materials,2.364,3.073,,,,False,False,2.9885,2.9385,,,
NGEN,2026-08-19,bad,bad,good,missing,missing,missing,missing,2,4,False,False,False,False,bad,neutral,7,,False,mid,dead,below,high,flat,mid,missing,,missing,False,False,False,missing,,False,-4.0,False,False,False,False,False,False,Healthcare,0.571,6.286,,,,False,False,1.1955,6.1514999999999995,,,
CRVS,2026-08-19,bad,bad,good,missing,missing,missing,missing,2,4,False,False,False,False,bad,neutral,7,,False,mid,dead,above,high,flat,mid,missing,,missing,False,False,False,missing,,False,1.0,False,False,False,False,False,False,Healthcare,-6.948,-6.104,,,,False,False,-6.3235,-6.2385,,,
LQDA,2026-08-19,bad,bad,good,missing,missing,missing,missing,2,4,False,False,False,False,bad,neutral,7,,False,mid,dead,below,high,flat,washed,missing,,missing,False,False,False,missing,,False,3.0,False,False,False,False,False,False,Healthcare,-5.682,-8.907,,,,False,False,-5.0575,-9.0415,,,
XP,2026-08-19,bad,bad,bad,missing,missing,missing,missing,3,4,False,False,False,False,bad,bad,5,,False,mid,normal,below,mid,flat,mid,missing,,missing,False,False,False,missing,,False,11.0,False,False,False,False,False,False,Financial,-3.267,1.694,,,,False,False,-2.6425,1.5594999999999999,,,
XPO,2026-08-19,bad,bad,good,missing,missing,missing,missing,2,4,False,False,False,False,bad,neutral,7,,False,mid,dead,below,mid,flat,mid,missing,,missing,False,False,False,missing,,False,8.0,False,False,False,False,False,False,Industrials,-0.299,0.157,,,,False,False,0.32550000000000007,0.022499999999999992,,,
FND,2026-08-19,bad,bad,bad,missing,missing,missing,missing,3,4,False,False,False,False,bad,bad,5,,False,mid,normal,below,high,flat,mid,missing,,missing,False,False,False,missing,,False,6.0,False,False,False,False,False,False,Consumer Cyclical,-4.737,-5.503,,,,False,False,-4.1125,-5.6375,,,
RLMD,2026-08-19,bad,bad,good,missing,missing,missing,missing,2,4,False,False,False,False,bad,neutral,7,,False,mid,dead,below,high,flat,mid,missing,,missing,False,False,False,missing,,False,0.0,False,False,False,False,False,False,Healthcare,-3.934,-4.141,,,,False,False,-3.3095,-4.2755,,,
RMBS,2026-08-19,bad,bad,bad,missing,missing,missing,missing,3,4,False,False,False,False,bad,bad,5,,False,mid,normal,below,mid,down,mid,missing,,missing,False,False,False,missing,,False,7.0,False,False,False,False,False,False,Technology,1.431,0.429,,,,False,False,2.0555000000000003,0.2945,,,
FLS,2026-08-19,bad,bad,good,missing,missing,missing,missing,2,4,False,False,False,False,bad,neutral,7,,False,mid,dead,above,mid,flat,mid,missing,,missing,False,False,False,missing,,False,11.0,False,False,False,False,False,False,Industrials,0.27,1.926,,,,False,False,0.8945000000000001,1.7914999999999999,,,
NP,2026-08-19,bad,bad,bad,missing,missing,missing,missing,3,4,False,False,False,False,bad,bad,5,,False,mid,dead,above,mid,flat,mid,missing,,missing,False,False,False,missing,,False,11.0,False,False,False,False,False,False,Financial,0.432,2.899,,,,False,False,1.0565,2.7645,,,
LITE,2026-08-19,bad,bad,bad,missing,missing,missing,missing,3,4,False,False,False,False,bad,bad,5,,False,mid,normal,above,high,down,mid,missing,,missing,False,False,False,missing,,False,-6.0,False,False,False,False,False,False,Technology,6.245,4.726,,,,False,False,6.8695,4.5915,,,
LTGO,2026-08-19,bad,bad,good,missing,missing,missing,missing,2,4,False,False,False,False,bad,neutral,7,,False,mid,dead,above,low,flat,mid,missing,,missing,False,False,False,missing,,False,0.0,False,False,False,False,False,False,Healthcare,2.197,6.829,,,,False,False,2.8215000000000003,6.6945,,,
LTH,2026-08-19,bad,bad,bad,missing,missing,missing,missing,3,4,False,False,False,False,bad,bad,5,,False,mid,dead,above,mid,flat,mid,missing,,missing,False,False,False,missing,,False,13.0,False,False,False,False,False,False,Consumer Cyclical,0.157,1.03,,,,False,False,0.7815000000000001,0.8955,,,
STDN,2026-08-19,bad,bad,bad,missing,missing,missing,missing,3,4,False,False,False,False,bad,bad,5,,False,mid,dead,above,mid,flat,mid,missing,,missing,False,False,False,missing,,False,0.0,False,False,False,False,False,False,Basic Materials,8.354,5.597,,,,False,False,8.978499999999999,5.4625,,,
CNH,2026-08-19,bad,bad,good,missing,missing,missing,missing,2,4,False,False,False,False,bad,neutral,7,,False,mid,normal,below,mid,flat,mid,missing,,missing,False,False,False,missing,,False,2.0,False,False,False,False,False,False,Industrials,6.414,15.355,,,,False,False,7.0385,15.220500000000001,,,
CNK,2026-08-19,bad,bad,bad,missing,missing,missing,missing,3,4,False,False,False,False,bad,bad,5,,False,mid,dead,above,mid,flat,mid,missing,,missing,False,False,False,missing,,False,11.0,False,False,False,False,False,False,Communication Services,-1.152,-1.929,,,,False,False,-0.5274999999999999,-2.0635,,,
STGW,2026-08-19,bad,bad,bad,missing,missing,missing,missing,3,4,False,False,False,False,bad,bad,5,,False,mid,normal,above,high,flat,mid,missing,,missing,False,False,False,missing,,False,8.0,False,False,False,False,False,False,Communication Services,-2.296,0.23,,,,False,False,-1.6714999999999998,0.0955,,,
BOX,2026-08-19,bad,bad,bad,missing,missing,missing,missing,3,4,False,False,False,False,bad,bad,5,,False,mid,dead,above,high,flat,mid,missing,,missing,False,False,False,missing,,False,11.0,False,False,False,False,False,False,Technology,-0.664,-0.634,,,,False,False,-0.03949999999999998,-0.7685,,,
RGP,2026-08-19,bad,bad,good,missing,missing,missing,missing,2,4,False,False,False,False,bad,neutral,7,,False,mid,dead,above,mid,flat,mid,missing,,missing,False,False,False,missing,,False,-4.0,False,False,False,False,False,False,Industrials,-1.357,-1.81,,,,False,False,-0.7324999999999999,-1.9445000000000001,,,
ALKT,2026-08-19,bad,bad,bad,missing,missing,missing,missing,3,4,False,False,False,False,bad,bad,5,,False,mid,dead,above,high,flat,mid,missing,,missing,False,True,True,missing,,False,9.0,False,False,False,False,False,False,Technology,-0.549,1.798,,,,False,False,0.07550000000000001,1.6635,,,
NSAIU,2026-08-19,bad,bad,bad,missing,missing,missing,missing,3,4,False,False,False,False,bad,bad,5,,False,mid,normal,above,low,flat,mid,missing,,missing,False,False,False,missing,,False,-1.0,False,False,False,False,False,False,Financial,-0.1,0.0,,,,False,False,0.5245000000000001,-0.1345,,,
NOG,2026-08-19,bad,bad,good,missing,missing,missing,missing,2,4,False,False,False,False,bad,neutral,7,,False,overbought,dead,above,high,flat,mid,missing,,missing,False,False,False,missing,,False,1.0,False,False,False,False,False,False,Energy,3.262,4.912,,,,False,False,3.8865,4.7775,,,
ALLY,2026-08-19,bad,bad,bad,missing,missing,missing,missing,3,4,False,False,False,False,bad,bad,5,,False,mid,dead,below,mid,flat,mid,missing,,missing,False,False,True,missing,,False,5.0,False,False,False,False,False,False,Financial,-1.902,-0.418,,,,False,False,-1.2774999999999999,-0.5525,,,
XMAX,2026-08-19,bad,bad,bad,missing,missing,missing,missing,3,4,False,False,False,False,bad,bad,5,,False,mid,dead,above,high,flat,mid,missing,,missing,False,False,False,missing,,False,9.0,False,False,False,False,False,False,Consumer Cyclical,-3.825,-3.15,,,,False,False,-3.2005,-3.2845,,,
RHI,2026-08-19,bad,bad,good,missing,missing,missing,missing,2,4,False,False,False,False,bad,neutral,7,,False,mid,dead,above,high,flat,mid,missing,,missing,False,False,False,missing,,False,14.0,False,False,False,False,False,False,Industrials,0.781,2.779,,,,False,False,1.4055,2.6445,,,
CSWC,2026-08-19,bad,bad,bad,missing,missing,missing,missing,3,4,False,False,False,False,bad,bad,5,,False,mid,dead,above,mid,flat,mid,missing,,missing,False,False,False,missing,,False,8.0,False,False,False,False,False,False,Financial,0.489,1.629,,,,False,False,1.1135000000000002,1.4945,,,
CVNA,2026-08-19,bad,bad,bad,missing,missing,missing,missing,3,4,False,False,False,False,bad,bad,5,,False,mid,normal,below,high,down,mid,missing,,missing,False,False,False,missing,,False,11.0,False,False,False,False,False,False,Consumer Cyclical,1.533,-0.752,,,,False,False,2.1574999999999998,-0.8865000000000001,,,
SRPT,2026-08-19,bad,bad,good,missing,missing,missing,missing,2,4,False,False,False,False,bad,neutral,7,,False,mid,dead,above,high,flat,mid,missing,,missing,False,False,False,missing,,False,-2.0,False,False,False,False,False,False,Healthcare,-2.585,-4.764,,,,False,False,-1.9605,-4.8985,,,
NNDM,2026-08-19,bad,bad,bad,missing,missing,missing,missing,3,4,False,False,False,False,bad,bad,5,,False,mid,dead,above,mid,flat,mid,missing,,missing,False,False,False,missing,,False,-4.0,False,False,False,False,False,False,Technology,-0.654,0.654,,,,False,False,-0.02949999999999997,0.5195000000000001,,,
FSK,2026-08-19,bad,bad,bad,missing,missing,missing,missing,3,4,False,False,False,False,bad,bad,5,,False,mid,dead,above,mid,flat,mid,missing,,missing,False,False,False,missing,,False,6.0,False,False,False,False,False,False,Financial,-1.244,-1.244,,,,False,False,-0.6194999999999999,-1.3785,,,
BOOT,2026-08-19,bad,bad,bad,missing,missing,missing,missing,3,4,False,False,False,False,bad,bad,5,,False,mid,normal,above,mid,flat,mid,missing,,missing,False,False,False,missing,,False,9.0,False,False,False,False,False,False,Consumer Cyclical,-5.291,-2.128,,,,False,False,-4.6665,-2.2625,,,
FRPT,2026-08-19,bad,bad,good,missing,missing,missing,missing,2,4,False,False,False,False,bad,neutral,7,,False,overbought,dead,above,high,flat,mid,missing,,missing,False,False,False,missing,,False,9.0,False,False,False,False,False,False,Consumer Defensive,-1.2,-1.419,,,,False,False,-0.5754999999999999,-1.5535,,,
BMEA,2026-08-19,bad,bad,good,missing,missing,missing,missing,2,4,False,False,False,False,bad,neutral,7,,False,mid,normal,above,high,flat,mid,missing,,missing,False,False,False,missing,,False,4.0,False,False,False,False,False,False,Healthcare,-2.158,-1.439,,,,False,False,-1.5334999999999999,-1.5735000000000001,,,
GBTG,2026-08-19,bad,bad,bad,missing,missing,missing,missing,3,4,False,False,False,False,bad,bad,5,,False,mid,dead,above,low,flat,mid,missing,,missing,False,False,False,missing,,False,2.0,False,False,False,False,False,False,Consumer Cyclical,0.106,0.0,,,,False,False,0.7305,-0.1345,,,
REI,2026-08-19,bad,bad,good,missing,missing,missing,missing,2,4,False,False,False,False,bad,neutral,7,,False,mid,normal,above,mid,flat,mid,missing,,missing,False,False,False,missing,,False,8.0,False,False,False,False,False,False,Energy,4.196,3.497,,,,False,False,4.8205,3.3625,,,
BKV,2026-08-19,bad,bad,good,missing,missing,missing,missing,2,4,False,False,False,False,bad,neutral,7,,False,mid,normal,above,high,flat,mid,missing,,missing,False,False,False,missing,,False,13.0,False,False,False,False,False,False,Energy,-1.024,-8.229,,,,False,False,-0.39949999999999997,-8.363499999999998,,,
ELAN,2026-08-19,bad,bad,good,missing,missing,missing,missing,2,4,False,False,False,False,bad,neutral,7,,False,mid,dead,below,mid,flat,mid,missing,,missing,False,False,False,missing,,False,8.0,False,False,False,False,False,False,Healthcare,-3.837,-2.163,,,,False,False,-3.2125000000000004,-2.2975,,,
ELDN,2026-08-19,bad,bad,good,missing,missing,missing,missing,2,4,False,False,False,False,bad,neutral,7,,False,mid,dead,above,high,flat,mid,missing,,missing,False,False,False,missing,,False,-7.0,False,False,False,False,False,False,Healthcare,-0.845,-2.817,,,,False,False,-0.22049999999999992,-2.9515000000000002,,,
EFOR,2026-08-19,bad,bad,bad,missing,missing,missing,missing,3,4,False,False,False,False,bad,bad,5,,False,mid,dead,above,high,flat,mid,missing,,missing,False,False,False,missing,,False,4.0,False,False,False,False,False,False,Technology,0.689,2.347,,,,False,False,1.3135,2.2125,,,
EFXT,2026-08-19,bad,bad,good,missing,missing,missing,missing,2,4,False,False,False,False,bad,neutral,7,,False,mid,dead,above,low,flat,mid,missing,,missing,False,False,False,missing,,False,2.0,False,False,False,False,False,False,Energy,-2.333,-1.118,,,,False,False,-1.7085000000000001,-1.2525000000000002,,,
ALH,2026-08-19,bad,bad,bad,missing,missing,missing,missing,3,4,False,False,False,False,bad,bad,5,,False,mid,hot,below,high,flat,washed,missing,,missing,False,False,True,missing,,False,-3.0,False,False,False,False,False,False,Consumer Cyclical,-3.175,-1.963,,,,False,False,-2.5504999999999995,-2.0975,,,
LEVI,2026-08-19,bad,bad,bad,missing,missing,missing,missing,3,4,False,False,False,False,bad,bad,5,,False,mid,normal,below,mid,flat,mid,missing,,missing,False,False,False,missing,,False,8.0,False,False,False,False,False,False,Consumer Cyclical,-3.5,-2.318,,,,False,False,-2.8754999999999997,-2.4525,,,
TRN,2026-08-19,bad,bad,good,missing,missing,missing,missing,2,4,False,False,False,False,bad,neutral,7,,False,mid,dead,below,mid,flat,mid,missing,,missing,False,False,False,missing,,False,4.0,False,False,False,False,False,False,Industrials,0.405,0.574,,,,False,False,1.0295,0.43949999999999995,,,
BLSM,2026-08-19,bad,bad,good,missing,missing,missing,missing,2,4,False,False,False,False,bad,neutral,7,,False,mid,dead,below,low,flat,mid,missing,,missing,False,False,False,missing,,False,0.0,False,False,False,False,False,False,Healthcare,-2.288,1.299,,,,False,False,-1.6634999999999998,1.1644999999999999,,,
CALY,2026-08-19,bad,bad,bad,missing,missing,missing,missing,3,4,False,False,False,False,bad,bad,5,,False,mid,dead,below,mid,flat,mid,missing,,missing,False,False,False,missing,,False,-2.0,False,False,False,False,False,False,Consumer Cyclical,-2.169,-1.549,,,,False,False,-1.5445,-1.6835,,,
GANX,2026-08-19,bad,bad,good,missing,missing,missing,missing,2,4,False,False,False,False,bad,neutral,7,,False,mid,dead,above,mid,flat,mid,missing,,missing,False,False,False,missing,,False,3.0,False,False,False,False,False,False,Healthcare,-4.348,-3.14,,,,False,False,-3.7234999999999996,-3.2745,,,
KVYO,2026-08-19,bad,bad,bad,missing,missing,missing,missing,3,4,False,False,False,False,bad,bad,5,,False,mid,dead,above,high,flat,mid,missing,,missing,False,False,False,missing,,False,4.0,False,False,False,False,False,False,Technology,-0.495,0.714,,,,False,False,0.12950000000000006,0.5794999999999999,,,
ALSN,2026-08-19,bad,bad,bad,missing,missing,missing,missing,3,4,False,False,False,False,bad,bad,5,,False,mid,dead,above,mid,flat,mid,missing,,missing,False,False,True,missing,,False,10.0,False,False,False,False,False,False,Consumer Cyclical,3.445,6.978,,,,False,False,4.0695,6.8435,,,
XE,2026-08-19,bad,bad,good,missing,missing,missing,missing,2,4,False,False,False,False,bad,neutral,7,,False,mid,normal,above,high,down,mid,missing,,missing,False,False,False,missing,,False,1.0,False,False,False,False,False,False,Industrials,-7.859,-5.945,,,,False,False,-7.2345,-6.0795,,,
CLYM,2026-08-19,bad,bad,good,missing,missing,missing,missing,2,4,False,False,False,False,bad,neutral,7,,False,overbought,normal,above,high,down,extended,missing,,missing,False,False,False,missing,,False,2.0,False,False,False,False,False,False,Healthcare,-1.845,-0.346,,,,False,False,-1.2205,-0.4805,,,
XHG,2026-08-19,bad,bad,bad,missing,missing,missing,missing,3,4,False,False,False,False,bad,bad,5,,False,overbought,dead,above,low,flat,extended,missing,,missing,False,False,False,missing,,False,-6.0,False,False,False,False,False,False,Financial,6.697,1.848,,,,False,False,7.3215,1.7135,,,
NVMI,2026-08-19,bad,bad,bad,missing,missing,missing,missing,3,4,False,False,False,False,bad,bad,5,,False,mid,normal,below,mid,down,mid,missing,,missing,False,False,False,missing,,False,4.0,False,False,False,False,False,False,Technology,-0.379,-2.164,,,,False,False,0.24550000000000005,-2.2985,,,
NXT,2026-08-19,bad,bad,bad,missing,missing,missing,missing,3,4,False,False,False,False,bad,bad,5,,False,mid,normal,below,mid,down,washed,missing,,missing,False,False,False,missing,,False,-1.0,False,False,False,False,False,False,Technology,-4.624,-6.448,,,,False,False,-3.9994999999999994,-6.5825000000000005,,,
AMTM,2026-08-19,bad,bad,good,missing,missing,missing,missing,2,4,False,False,False,False,bad,neutral,7,,False,mid,normal,below,mid,flat,washed,missing,,missing,False,False,False,missing,,False,4.0,False,False,False,False,False,False,Industrials,-1.997,2.187,,,,False,False,-1.3725,2.0524999999999998,,,
LBTYK,2026-08-19,bad,bad,bad,missing,missing,missing,missing,3,4,False,False,False,False,bad,bad,5,,False,mid,normal,above,mid,flat,mid,missing,,missing,False,False,False,missing,,False,-7.0,False,False,False,False,False,False,Communication Services,-1.246,-0.192,,,,False,False,-0.6214999999999999,-0.3265,,,
GENB,2026-08-19,bad,bad,good,missing,missing,missing,missing,2,4,False,False,False,False,bad,neutral,7,,False,mid,normal,above,high,flat,extended,missing,,missing,False,False,False,missing,,False,5.0,False,False,False,False,False,False,Healthcare,-5.775,-5.009,,,,False,False,-5.1505,-5.1435,,,
BILL,2026-08-19,bad,bad,bad,missing,missing,missing,missing,3,4,False,False,False,False,bad,bad,5,,False,mid,dead,above,high,flat,mid,missing,,missing,False,False,False,missing,,False,8.0,False,False,False,False,False,False,Technology,-0.65,0.231,,,,False,False,-0.025499999999999967,0.0965,,,
GFL,2026-08-19,bad,bad,good,missing,missing,missing,missing,2,4,False,False,False,False,bad,neutral,7,,False,mid,normal,above,high,flat,mid,missing,,missing,False,False,False,missing,,False,5.0,False,False,False,False,False,False,Industrials,-0.843,-1.132,,,,False,False,-0.21849999999999992,-1.2665,,,
CLBT,2026-08-19,bad,bad,bad,missing,missing,missing,missing,3,4,False,False,False,False,bad,bad,5,,False,oversold,hot,below,mid,flat,washed,missing,,missing,False,False,False,missing,,False,3.0,False,False,False,False,False,False,Technology,0.623,-1.69,,,,False,False,1.2475,-1.8245,,,
TEVA,2026-08-19,bad,bad,good,missing,missing,missing,missing,2,4,False,False,False,False,bad,neutral,7,,False,mid,normal,above,low,flat,mid,missing,,missing,False,False,False,missing,,False,6.0,False,False,False,False,False,False,Healthcare,-1.761,-0.347,,,,False,False,-1.1364999999999998,-0.4815,,,
LBRT,2026-08-19,bad,bad,good,missing,missing,missing,missing,2,4,False,False,False,False,bad,neutral,7,,False,mid,dead,above,high,flat,mid,missing,,missing,False,False,False,missing,,False,8.0,False,False,False,False,False,False,Energy,-4.469,-3.873,,,,False,False,-3.8445,-4.0075,,,
LBTYA,2026-08-19,bad,bad,bad,missing,missing,missing,missing,3,4,False,False,False,False,bad,bad,5,,False,mid,normal,above,mid,flat,mid,missing,,missing,False,False,False,missing,,False,-7.0,False,False,False,False,False,False,Communication Services,-0.561,-0.467,,,,False,False,0.0635,-0.6015,,,
USFD,2026-08-19,bad,bad,good,missing,missing,missing,missing,2,4,False,False,False,False,bad,neutral,7,,False,mid,dead,above,mid,flat,mid,missing,,missing,False,False,False,missing,,False,10.0,False,False,False,False,False,False,Consumer Defensive,0.874,1.953,,,,False,False,1.4985,1.8185,,,
GKOS,2026-08-19,bad,bad,good,missing,missing,missing,missing,2,4,False,False,False,False,bad,neutral,7,,False,overbought,dead,above,mid,down,mid,missing,,missing,False,False,False,missing,,False,4.0,False,False,False,False,False,False,Healthcare,-2.458,-2.458,,,,False,False,-1.8335000000000001,-2.5925000000000002,,,
GLDG,2026-08-19,bad,bad,bad,missing,missing,missing,missing,3,4,False,False,False,False,bad,bad,5,,False,mid,normal,above,mid,flat,mid,missing,,missing,False,False,False,missing,,False,3.0,False,False,False,False,False,False,Basic Materials,7.547,8.491,,,,False,False,8.1715,8.3565,,,
OCC,2026-08-19,bad,bad,bad,missing,missing,missing,missing,3,4,False,False,False,False,bad,bad,5,,False,mid,dead,above,high,down,mid,missing,,missing,False,False,False,missing,,False,6.0,False,False,False,False,False,False,Technology,-1.671,-3.552,,,,False,False,-1.0465,-3.6865,,,
OCTV,2026-08-19,bad,bad,bad,missing,missing,missing,missing,3,4,False,False,False,False,bad,bad,5,,False,mid,hot,below,low,flat,mid,missing,,missing,False,False,False,missing,,False,13.0,False,False,False,False,False,False,Technology,-1.787,-1.787,,,,False,False,-1.1624999999999999,-1.9215,,,
OCUL,2026-08-19,bad,bad,good,missing,missing,missing,missing,2,4,False,False,False,False,bad,neutral,7,,False,overbought,normal,above,high,flat,extended,missing,,missing,False,False,False,missing,,False,2.0,False,False,False,False,False,False,Healthcare,-5.456,-5.541,,,,False,False,-4.8315,-5.6755,,,
NVST,2026-08-19,bad,bad,good,missing,missing,missing,missing,2,4,False,False,False,False,bad,neutral,7,,False,mid,dead,above,mid,flat,mid,missing,,missing,False,False,False,missing,,False,8.0,False,False,False,False,False,False,Healthcare,-2.357,-1.378,,,,False,False,-1.7325000000000002,-1.5125,,,
OCLTU,2026-08-19,bad,bad,bad,missing,missing,missing,missing,3,4,False,False,False,False,bad,bad,5,,False,mid,dead,above,low,flat,mid,missing,,missing,False,False,False,missing,,False,-1.0,False,False,False,False,False,False,Financial,0.1,0.1,,,,False,False,0.7245,-0.0345,,,
CXW,2026-08-19,bad,bad,good,missing,missing,missing,missing,2,4,False,False,False,False,bad,neutral,7,,False,mid,dead,above,mid,flat,mid,missing,,missing,False,False,False,missing,,False,6.0,False,False,False,False,False,False,Industrials,4.751,6.314,,,,False,False,5.375500000000001,6.1795,,,
CWK,2026-08-19,bad,bad,bad,missing,missing,missing,missing,3,4,False,False,False,False,bad,bad,5,,False,mid,dead,above,mid,flat,mid,missing,,missing,False,False,False,missing,,False,13.0,False,False,False,False,False,False,Real Estate,-4.359,-3.578,,,,False,False,-3.7344999999999997,-3.7125,,,
CUZ,2026-08-19,bad,bad,bad,missing,missing,missing,missing,3,4,False,False,False,False,bad,bad,5,,False,mid,dead,below,mid,flat,mid,missing,,missing,False,False,False,missing,,False,8.0,False,False,False,False,False,False,Real Estate,0.784,1.124,,,,False,False,1.4085,0.9895,,,
OGN,2026-08-19,bad,bad,good,missing,missing,missing,missing,2,4,False,False,False,False,bad,neutral,7,,False,overbought,normal,above,mid,flat,mid,missing,,missing,False,False,False,missing,,False,5.0,False,False,False,False,False,False,Healthcare,0.073,0.146,,,,False,False,0.6975,0.011499999999999982,,,
WU,2026-08-19,bad,bad,bad,missing,missing,missing,missing,3,4,False,False,False,False,bad,bad,5,,False,mid,dead,below,high,flat,mid,missing,,missing,False,False,False,missing,,False,1.0,False,False,False,False,False,False,Financial,1.25,1.389,,,,False,False,1.8745,1.2545,,,
KLIC,2026-08-19,bad,bad,bad,missing,missing,missing,missing,3,4,False,False,False,False,bad,bad,5,,False,mid,normal,below,mid,down,mid,missing,,missing,False,False,False,missing,,False,10.0,False,False,False,False,False,False,Technology,-1.344,-0.626,,,,False,False,-0.7195,-0.7605,,,
KTOS,2026-08-19,bad,bad,good,missing,missing,missing,missing,2,4,False,False,False,False,bad,neutral,7,,False,mid,dead,above,mid,flat,mid,missing,,missing,False,False,False,missing,,False,4.0,False,False,False,False,False,False,Industrials,-7.232,-5.598,,,,False,False,-6.6075,-5.7325,,,
ANNX,2026-08-19,bad,bad,good,missing,missing,missing,missing,2,4,False,False,False,False,bad,neutral,7,,False,mid,dead,below,high,flat,mid,missing,,missing,False,True,True,missing,,False,-4.0,False,False,False,False,False,False,Healthcare,-5.818,-7.818,,,,False,False,-5.193499999999999,-7.9525,,,
GEO,2026-08-19,bad,bad,good,missing,missing,missing,missing,2,4,False,False,False,False,bad,neutral,7,,False,mid,dead,above,mid,flat,mid,missing,,missing,False,False,False,missing,,False,7.0,False,False,False,False,False,False,Industrials,3.39,6.617,,,,False,False,4.0145,6.4825,,,
GLIBK,2026-08-19,bad,bad,bad,missing,missing,missing,missing,3,4,False,False,False,False,bad,bad,5,,False,mid,dead,above,high,flat,mid,missing,,missing,False,False,False,missing,,False,-1.0,False,False,False,False,False,False,Communication Services,-1.658,-1.581,,,,False,False,-1.0334999999999999,-1.7155,,,
OMCL,2026-08-19,bad,bad,good,missing,missing,missing,missing,2,4,False,False,False,False,bad,neutral,7,,False,mid,normal,below,mid,flat,mid,missing,,missing,False,False,False,missing,,False,10.0,False,False,False,False,False,False,Healthcare,-2.553,-2.333,,,,False,False,-1.9284999999999999,-2.4675000000000002,,,
OLLI,2026-08-19,bad,bad,good,missing,missing,missing,missing,2,4,False,False,False,False,bad,neutral,7,,False,mid,dead,above,high,flat,mid,missing,,missing,False,False,False,missing,,False,3.0,False,False,False,False,False,False,Consumer Defensive,-5.845,-4.182,,,,False,False,-5.2204999999999995,-4.3165000000000004,,,
OMF,2026-08-19,bad,bad,bad,missing,missing,missing,missing,3,4,False,False,False,False,bad,bad,5,,False,mid,dead,above,mid,flat,mid,missing,,missing,False,False,False,missing,,False,12.0,False,False,False,False,False,False,Financial,-3.909,-1.589,,,,False,False,-3.2844999999999995,-1.7235,,,
KN,2026-08-19,bad,bad,bad,missing,missing,missing,missing,3,4,False,False,False,False,bad,bad,5,,False,mid,dead,below,mid,flat,mid,missing,,missing,False,False,False,missing,,False,6.0,False,False,False,False,False,False,Technology,-2.242,-4.225,,,,False,False,-1.6175,-4.3595,,,
GGAL,2026-08-19,bad,bad,bad,missing,missing,missing,missing,3,4,False,False,False,False,bad,bad,5,,False,mid,normal,below,mid,flat,mid,far,,missing,False,False,False,missing,,False,-1.0,False,False,False,False,False,False,Financial,-1.133,-0.048,,,,False,False,-0.5085,-0.1825,,,
GFS,2026-08-19,bad,bad,bad,missing,missing,missing,missing,3,4,False,False,False,False,bad,bad,5,,False,mid,normal,below,mid,down,mid,missing,,missing,False,False,False,missing,,False,6.0,False,False,False,False,False,False,Technology,-2.573,-1.091,,,,False,False,-1.9485,-1.2255,,,
ECC,2026-08-19,bad,bad,bad,missing,missing,missing,missing,3,4,False,False,False,False,bad,bad,5,,False,mid,normal,below,mid,flat,mid,missing,,missing,False,False,False,missing,,False,3.0,False,False,False,False,False,False,Financial,-0.524,-0.262,,,,False,False,0.10050000000000003,-0.3965,,,
ECHO,2026-08-19,bad,bad,bad,missing,missing,missing,missing,3,4,False,False,False,False,bad,bad,5,,False,mid,dead,above,high,flat,mid,missing,,missing,False,False,False,missing,,False,-5.0,False,False,False,False,False,False,Communication Services,-1.719,-1.843,,,,False,False,-1.0945,-1.9775,,,
DXC,2026-08-19,bad,bad,bad,missing,missing,missing,missing,3,4,False,False,False,False,bad,bad,5,,False,mid,dead,below,high,flat,mid,missing,,missing,False,False,False,missing,,False,7.0,False,False,False,False,False,False,Technology,-1.382,-0.461,,,,False,False,-0.7574999999999998,-0.5955,,,
GOF,2026-08-19,bad,bad,bad,missing,missing,missing,missing,3,4,False,False,False,False,bad,bad,5,,False,oversold,hot,below,low,flat,mid,missing,,missing,False,False,False,missing,,False,-1.0,False,False,False,False,False,False,Financial,-6.64,-3.964,,,,False,False,-6.015499999999999,-4.0985,,,
WKC,2026-08-19,bad,bad,good,missing,missing,missing,missing,2,4,False,False,False,False,bad,neutral,7,,False,mid,dead,below,high,flat,mid,missing,,missing,False,False,False,missing,,False,-4.0,False,False,False,False,False,False,Energy,-1.562,-1.48,,,,False,False,-0.9375,-1.6145,,,
ONTO,2026-08-19,bad,bad,bad,missing,missing,missing,missing,3,4,False,False,False,False,bad,bad,5,,False,mid,normal,above,mid,down,mid,missing,,missing,False,False,False,missing,,False,8.0,False,False,False,False,False,False,Technology,-0.22,-2.06,,,,False,False,0.4045000000000001,-2.1945,,,
CLDX,2026-08-19,bad,bad,good,missing,missing,missing,missing,2,4,False,False,False,False,bad,neutral,7,,False,mid,normal,above,high,flat,mid,missing,,missing,False,False,False,missing,,False,-1.0,False,False,False,False,False,False,Healthcare,-4.221,-3.165,,,,False,False,-3.5965,-3.2995,,,
ECAT,2026-08-19,bad,bad,bad,missing,missing,missing,missing,3,4,False,False,False,False,bad,bad,5,,False,mid,normal,below,low,flat,mid,missing,,missing,False,False,False,missing,,False,1.0,False,False,False,False,False,False,Financial,-1.116,0.591,,,,False,False,-0.49150000000000005,0.45649999999999996,,,
QNST,2026-08-19,bad,bad,bad,missing,missing,missing,missing,3,4,False,False,False,False,bad,bad,5,,False,mid,normal,above,high,flat,mid,missing,,missing,False,False,False,missing,,False,7.0,False,False,False,False,False,False,Communication Services,-3.276,-2.089,,,,False,False,-2.6514999999999995,-2.2235,,,
QH,2026-08-19,bad,bad,bad,missing,missing,missing,missing,3,4,False,False,False,False,bad,bad,5,,False,mid,dead,below,low,down,washed,missing,,missing,False,False,False,missing,,False,-9.0,False,False,False,False,False,False,Technology,1.045,-1.974,,,,False,False,1.6695,-2.1085,,,
QNC,2026-08-19,bad,bad,bad,missing,missing,missing,missing,3,4,False,False,False,False,bad,bad,5,,False,mid,normal,below,mid,down,mid,missing,,missing,False,False,False,missing,,False,-2.0,False,False,False,False,False,False,Technology,-2.691,-4.484,,,,False,False,-2.0664999999999996,-4.6185,,,
DC,2026-08-19,bad,bad,bad,missing,missing,missing,missing,3,4,False,False,False,False,bad,bad,5,,False,mid,normal,above,mid,flat,mid,far,,missing,False,False,False,missing,,False,-5.0,False,False,False,False,False,False,Basic Materials,-2.063,-2.381,,,,False,False,-1.4385000000000001,-2.5155,,,
CHYM,2026-08-19,bad,bad,bad,missing,missing,missing,missing,3,4,False,False,False,False,bad,bad,5,,False,overbought,normal,above,high,flat,mid,missing,,missing,False,False,False,missing,,False,4.0,False,False,False,False,False,False,Technology,-3.387,-0.877,,,,False,False,-2.7625,-1.0115,,,
WPP,2026-08-19,bad,bad,bad,missing,missing,missing,missing,3,4,False,False,False,False,bad,bad,5,,False,mid,normal,above,low,flat,mid,missing,,missing,False,False,False,missing,,False,-1.0,False,False,False,False,False,False,Communication Services,-1.61,-1.236,,,,False,False,-0.9855,-1.3705,,,
BIDU,2026-08-19,bad,bad,bad,missing,missing,missing,missing,3,4,False,False,False,False,bad,bad,5,,False,oversold,hot,below,low,down,washed,missing,,missing,False,False,False,missing,,False,-10.0,False,False,False,False,False,False,Communication Services,-0.969,0.366,,,,False,False,-0.3444999999999999,0.23149999999999998,,,
GPRE,2026-08-19,bad,bad,bad,missing,missing,missing,missing,3,4,False,False,False,False,bad,bad,5,,False,mid,dead,below,high,flat,mid,missing,,missing,False,False,False,missing,,False,4.0,False,False,False,False,False,False,Basic Materials,-0.062,1.372,,,,False,False,0.5625,1.2375,,,
JQC,2026-08-19,bad,bad,bad,missing,missing,missing,missing,3,4,False,False,False,False,bad,bad,5,,False,mid,normal,below,low,flat,mid,missing,,missing,False,False,False,missing,,False,3.0,False,False,False,False,False,False,Financial,-0.835,-0.835,,,,False,False,-0.2104999999999999,-0.9695,,,
WFRD,2026-08-19,bad,bad,good,missing,missing,missing,missing,2,4,False,False,False,False,bad,neutral,7,,False,mid,dead,above,high,flat,mid,missing,,missing,False,False,False,missing,,False,5.0,False,False,False,False,False,False,Energy,-1.106,-1.897,,,,False,False,-0.48150000000000004,-2.0315,,,
DCTH,2026-08-19,bad,bad,good,missing,missing,missing,missing,2,4,False,False,False,False,bad,neutral,7,,False,mid,normal,above,mid,flat,mid,missing,,missing,False,False,False,missing,,False,10.0,False,False,False,False,False,False,Healthcare,-2.332,-0.058,,,,False,False,-1.7074999999999998,-0.1925,,,
CLM,2026-08-19,bad,bad,bad,missing,missing,missing,missing,3,4,False,False,False,False,bad,bad,5,,False,oversold,hot,below,high,flat,washed,missing,,missing,False,False,False,missing,,False,2.0,False,False,False,False,False,False,Financial,-1.592,-0.579,,,,False,False,-0.9675,-0.7135,,,
ARCO,2026-08-19,bad,bad,bad,missing,missing,missing,missing,3,4,False,False,False,False,bad,bad,5,,False,mid,dead,below,low,flat,mid,missing,,missing,False,False,False,missing,,False,6.0,False,False,False,False,False,False,Consumer Cyclical,0.257,2.314,,,,False,False,0.8815000000000001,2.1795,,,
OXLC,2026-08-19,bad,bad,bad,missing,missing,missing,missing,3,4,False,False,False,False,bad,bad,5,,False,mid,normal,above,mid,flat,mid,missing,,missing,False,False,False,missing,,False,2.0,False,False,False,False,False,False,Financial,-0.43,-0.215,,,,False,False,0.19450000000000006,-0.34950000000000003,,,
OXSQ,2026-08-19,bad,bad,bad,missing,missing,missing,missing,3,4,False,False,False,False,bad,bad,5,,False,mid,normal,below,mid,flat,mid,missing,,missing,False,False,False,missing,,False,2.0,False,False,False,False,False,False,Financial,-1.408,-0.704,,,,False,False,-0.7834999999999999,-0.8385,,,
OSUR,2026-08-19,bad,bad,good,missing,missing,missing,missing,2,4,False,False,False,False,bad,neutral,7,,False,mid,dead,below,mid,flat,mid,missing,,missing,False,False,False,missing,,False,1.0,False,False,False,False,False,False,Healthcare,1.081,4.865,,,,False,False,1.7055,4.7305,,,
ORCL,2026-08-19,bad,bad,bad,missing,missing,missing,missing,3,4,False,False,False,False,bad,bad,5,,False,mid,normal,above,low,flat,mid,missing,,missing,False,False,False,missing,,False,5.0,False,False,False,False,False,False,Technology,-1.21,1.85,,,,False,False,-0.5854999999999999,1.7155,,,
SITC,2026-08-19,bad,bad,bad,missing,missing,missing,missing,3,4,False,False,False,False,bad,bad,5,,False,mid,dead,below,mid,flat,mid,missing,,missing,False,False,False,missing,,False,-1.0,False,False,False,False,False,False,Real Estate,-0.33,1.32,,,,False,False,0.29450000000000004,1.1855,,,
VC,2026-08-19,bad,bad,bad,missing,missing,missing,missing,3,4,False,False,False,False,bad,bad,5,,False,mid,dead,above,high,flat,mid,missing,,missing,False,False,False,missing,,False,2.0,False,False,False,False,False,False,Consumer Cyclical,-0.491,0.076,,,,False,False,0.13350000000000006,-0.05850000000000001,,,
GTLB,2026-08-19,bad,bad,bad,missing,missing,missing,missing,3,4,False,False,False,False,bad,bad,5,,False,mid,dead,above,high,flat,mid,missing,,missing,False,False,False,missing,,False,7.0,False,False,False,False,False,False,Technology,-1.221,-2.183,,,,False,False,-0.5965,-2.3175,,,
EAT,2026-08-19,bad,bad,bad,missing,missing,missing,missing,3,4,False,False,False,False,bad,bad,5,,False,mid,dead,above,high,flat,extended,missing,,missing,False,False,False,missing,,False,3.0,False,False,False,False,False,False,Consumer Cyclical,-0.154,5.397,,,,False,False,0.47050000000000003,5.2625,,,
PAGS,2026-08-19,bad,bad,bad,missing,missing,missing,missing,3,4,False,False,False,False,bad,bad,5,,False,mid,dead,below,high,flat,mid,missing,,missing,False,False,False,missing,,False,2.0,False,False,False,False,False,False,Technology,-1.746,0.349,,,,False,False,-1.1215,0.21449999999999997,,,
ARE,2026-08-19,bad,bad,bad,missing,missing,missing,missing,3,4,False,False,False,False,bad,bad,5,,False,mid,dead,below,mid,flat,mid,missing,,missing,False,True,True,missing,,False,1.0,False,False,False,False,False,False,Real Estate,4.728,5.816,,,,False,False,5.3525,5.6815,,,
JMKE,2026-08-19,bad,bad,bad,missing,missing,missing,missing,3,4,False,False,False,False,bad,bad,5,,False,mid,dead,below,low,flat,mid,missing,,missing,False,False,False,missing,,False,0.0,False,False,False,False,False,False,Consumer Cyclical,-0.658,4.603,,,,False,False,-0.033499999999999974,4.4685,,,
JHX,2026-08-19,bad,bad,bad,missing,missing,missing,missing,3,4,False,False,False,False,bad,bad,5,,False,mid,dead,above,low,flat,mid,missing,,missing,False,False,False,missing,,False,11.0,False,False,False,False,False,False,Basic Materials,-0.563,0.762,,,,False,False,0.06150000000000011,0.6275,,,
P,2026-08-19,bad,bad,bad,missing,missing,missing,missing,3,4,False,False,False,False,bad,bad,5,,False,overbought,normal,above,mid,down,mid,missing,,missing,False,False,False,missing,,False,7.0,False,False,False,False,False,False,Technology,-1.804,-3.08,,,,False,False,-1.1795,-3.2145,,,
JBL,2026-08-19,bad,bad,bad,missing,missing,missing,missing,3,4,False,False,False,False,bad,bad,5,,False,mid,dead,above,mid,down,mid,missing,,missing,False,False,False,missing,,False,4.0,False,False,False,False,False,False,Technology,-1.896,-2.962,,,,False,False,-1.2714999999999999,-3.0965000000000003,,,
GSBD,2026-08-19,bad,bad,bad,missing,missing,missing,missing,3,4,False,False,False,False,bad,bad,5,,False,mid,normal,above,mid,flat,mid,missing,,missing,False,False,False,missing,,False,10.0,False,False,False,False,False,False,Financial,0.405,-0.405,,,,False,False,1.0295,-0.5395000000000001,,,
PTY,2026-08-19,bad,bad,bad,missing,missing,missing,missing,3,4,False,False,False,False,bad,bad,5,,False,mid,hot,below,low,flat,mid,missing,,missing,False,False,False,missing,,False,1.0,False,False,False,False,False,False,Financial,-0.681,0.085,,,,False,False,-0.056499999999999995,-0.0495,,,
GRRR,2026-08-19,bad,bad,bad,missing,missing,missing,missing,3,4,False,False,False,False,bad,bad,5,,False,mid,normal,above,high,flat,extended,missing,,missing,False,False,False,missing,,False,-1.0,False,False,False,False,False,False,Technology,4.524,10.075,,,,False,False,5.1485,9.9405,,,
BDJ,2026-08-19,bad,bad,bad,missing,missing,missing,missing,3,4,False,False,False,False,bad,bad,5,,False,mid,normal,above,low,flat,mid,missing,,missing,False,False,False,missing,,False,0.0,False,False,False,False,False,False,Financial,-0.307,0.102,,,,False,False,0.31750000000000006,-0.032500000000000015,,,
CBZ,2026-08-19,bad,bad,good,missing,missing,missing,missing,2,4,False,False,False,False,bad,neutral,7,,False,overbought,dead,above,mid,flat,mid,missing,,missing,False,False,False,missing,,False,-1.0,False,False,False,False,False,False,Industrials,0.255,-0.383,,,,False,False,0.8795000000000001,-0.5175000000000001,,,
ARVN,2026-08-19,bad,bad,good,missing,missing,missing,missing,2,4,False,False,False,False,bad,neutral,7,,False,mid,dead,above,mid,flat,mid,missing,,missing,False,False,True,missing,,False,12.0,False,False,False,False,False,False,Healthcare,-6.715,-3.202,,,,False,False,-6.0905,-3.3365,,,
ASM,2026-08-19,bad,bad,bad,missing,missing,missing,missing,3,4,False,False,False,False,bad,bad,5,,False,mid,hot,above,mid,flat,mid,missing,,missing,False,False,False,missing,,False,0.0,False,False,False,False,False,False,Basic Materials,0.396,-2.246,,,,False,False,1.0205000000000002,-2.3805,,,
IRWD,2026-08-19,bad,bad,good,missing,missing,missing,missing,2,4,False,False,False,False,bad,neutral,7,,False,mid,dead,above,high,flat,mid,missing,,missing,False,False,False,missing,,False,3.0,False,False,False,False,False,False,Healthcare,-5.046,-1.606,,,,False,False,-4.4215,-1.7405000000000002,,,
OUT,2026-08-19,bad,bad,bad,missing,missing,missing,missing,3,4,False,False,False,False,bad,bad,5,,False,mid,normal,below,mid,flat,mid,missing,,missing,False,False,False,missing,,False,7.0,False,False,False,False,False,False,Real Estate,-1.813,-1.649,,,,False,False,-1.1885,-1.7835,,,
OWL,2026-08-19,bad,bad,bad,missing,missing,missing,missing,3,4,False,False,False,False,bad,bad,5,,False,mid,dead,above,high,flat,mid,missing,,missing,False,False,False,missing,,False,14.0,False,False,False,False,False,False,Financial,-3.144,-0.85,,,,False,False,-2.5195,-0.9844999999999999,,,
DELL,2026-08-19,bad,bad,bad,missing,missing,missing,missing,3,4,False,False,False,False,bad,bad,5,,False,mid,normal,above,mid,flat,mid,missing,,missing,False,False,False,missing,,False,9.0,False,False,False,False,False,False,Technology,-0.633,1.035,,,,False,False,-0.008499999999999952,0.9004999999999999,,,
DYN,2026-08-19,bad,bad,good,missing,missing,missing,missing,2,4,False,False,False,False,bad,neutral,7,,False,mid,dead,above,high,flat,mid,missing,,missing,False,False,False,missing,,False,-1.0,False,False,False,False,False,False,Healthcare,-2.987,-2.539,,,,False,False,-2.3625,-2.6735,,,
INSM,2026-08-19,bad,bad,good,missing,missing,missing,missing,2,4,False,False,False,False,bad,neutral,7,,False,mid,dead,above,mid,flat,mid,missing,,missing,False,False,False,missing,,False,-2.0,False,False,False,False,False,False,Healthcare,-4.271,-3.743,,,,False,False,-3.6464999999999996,-3.8775,,,
INTC,2026-08-19,bad,bad,bad,missing,missing,missing,missing,3,4,False,False,False,False,bad,bad,5,,False,mid,normal,below,low,down,mid,missing,,missing,False,False,False,missing,,False,3.0,False,False,False,False,False,False,Technology,-0.722,-2.942,,,,False,False,-0.09749999999999992,-3.0765000000000002,,,
VVR,2026-08-19,bad,bad,bad,missing,missing,missing,missing,3,4,False,False,False,False,bad,bad,5,,False,mid,dead,below,low,flat,mid,missing,,missing,False,False,False,missing,,False,-2.0,False,False,False,False,False,False,Financial,0.34,0.34,,,,False,False,0.9645000000000001,0.20550000000000002,,,
PARR,2026-08-19,bad,bad,good,missing,missing,missing,missing,2,4,False,False,False,False,bad,neutral,7,,False,mid,normal,above,high,flat,mid,missing,,missing,False,False,False,missing,,False,8.0,False,False,False,False,False,False,Energy,-6.068,2.463,,,,False,False,-5.443499999999999,2.3285,,,
PATH,2026-08-19,bad,bad,bad,missing,missing,missing,missing,3,4,False,False,False,False,bad,bad,5,,False,mid,normal,above,high,down,mid,missing,,missing,False,False,False,missing,,False,6.0,False,False,False,False,False,False,Technology,0.887,3.866,,,,False,False,1.5115,3.7315,,,
ITRG,2026-08-19,bad,bad,bad,missing,missing,missing,missing,3,4,False,False,False,False,bad,bad,5,,False,mid,normal,above,low,flat,mid,missing,,missing,False,False,False,missing,,False,0.0,False,False,False,False,False,False,Basic Materials,0.353,0.707,,,,False,False,0.9775,0.5725,,,
AROC,2026-08-19,bad,bad,good,missing,missing,missing,missing,2,4,False,False,False,False,bad,neutral,7,,False,mid,dead,below,mid,flat,mid,missing,,missing,False,True,True,missing,,False,3.0,False,False,False,False,False,False,Energy,-0.031,-1.518,,,,False,False,0.5935,-1.6525,,,
WCC,2026-08-19,bad,bad,good,missing,missing,missing,missing,2,4,False,False,False,False,bad,neutral,7,,False,mid,dead,above,mid,flat,mid,missing,,missing,False,False,False,missing,,False,5.0,False,False,False,False,False,False,Industrials,-1.675,1.538,,,,False,False,-1.0505,1.4035,,,
PAYC,2026-08-19,bad,bad,bad,missing,missing,missing,missing,3,4,False,False,False,False,bad,bad,5,,False,overbought,dead,above,high,flat,mid,missing,,missing,False,False,False,missing,,False,10.0,False,False,False,False,False,False,Technology,2.053,3.11,,,,False,False,2.6775,2.9755,,,
PURR,2026-08-19,bad,bad,bad,missing,missing,missing,missing,3,4,False,False,False,False,bad,bad,5,,False,mid,normal,above,high,flat,extended,missing,,missing,False,False,False,missing,,False,1.0,False,False,False,False,False,False,Financial,7.348,12.673,,,,False,False,7.9725,12.5385,,,
SKY,2026-08-19,bad,bad,bad,missing,missing,missing,missing,3,4,False,False,False,False,bad,bad,5,,False,mid,dead,above,mid,flat,mid,missing,,missing,False,False,False,missing,,False,11.0,False,False,False,False,False,False,Consumer Cyclical,-2.841,-2.517,,,,False,False,-2.2165,-2.6515,,,
SKE,2026-08-19,bad,bad,bad,missing,missing,missing,missing,3,4,False,False,False,False,bad,bad,5,,False,mid,dead,above,mid,flat,mid,missing,,missing,False,False,False,missing,,False,1.0,False,False,False,False,False,False,Basic Materials,2.051,2.168,,,,False,False,2.6755000000000004,2.0335,,,
CIK,2026-08-19,bad,bad,bad,missing,missing,missing,missing,3,4,False,False,False,False,bad,bad,5,,False,mid,normal,below,low,flat,mid,missing,,missing,False,False,False,missing,,False,-6.0,False,False,False,False,False,False,Financial,-0.41,-0.41,,,,False,False,0.21450000000000008,-0.5445,,,
PBF,2026-08-19,bad,bad,good,missing,missing,missing,missing,2,4,False,False,False,False,bad,neutral,7,,False,mid,dead,above,high,flat,extended,missing,,missing,False,False,False,missing,,False,9.0,False,False,False,False,False,False,Energy,-5.886,-0.514,,,,False,False,-5.2615,-0.6485000000000001,,,
PBLS,2026-08-19,bad,bad,good,missing,missing,missing,missing,2,4,False,False,False,False,bad,neutral,7,,False,mid,normal,above,mid,flat,mid,missing,,missing,False,False,False,missing,,False,-1.0,False,False,False,False,False,False,Healthcare,-4.211,-4.743,,,,False,False,-3.5865,-4.8775,,,
PANL,2026-08-19,bad,bad,good,missing,missing,missing,missing,2,4,False,False,False,False,bad,neutral,7,,False,mid,dead,above,mid,flat,extended,missing,,missing,False,False,False,missing,,False,8.0,False,False,False,False,False,False,Industrials,1.023,4.092,,,,False,False,1.6475,3.9574999999999996,,,
INGM,2026-08-19,bad,bad,bad,missing,missing,missing,missing,3,4,False,False,False,False,bad,bad,5,,False,mid,dead,below,high,flat,mid,missing,,missing,False,False,False,missing,,False,11.0,False,False,False,False,False,False,Technology,0.813,1.626,,,,False,False,1.4375,1.4914999999999998,,,
IMRX,2026-08-19,bad,bad,good,missing,missing,missing,missing,2,4,False,False,False,False,bad,neutral,7,,False,mid,dead,above,high,flat,mid,missing,,missing,False,False,False,missing,,False,4.0,False,False,False,False,False,False,Healthcare,-1.501,-0.563,,,,False,False,-0.8764999999999998,-0.6975,,,
INOD,2026-08-19,bad,bad,bad,missing,missing,missing,missing,3,4,False,False,False,False,bad,bad,5,,False,mid,normal,above,high,down,mid,missing,,missing,False,False,False,missing,,False,7.0,False,False,False,False,False,False,Technology,0.016,2.278,,,,False,False,0.6405000000000001,2.1435,,,
IOT,2026-08-19,bad,bad,bad,missing,missing,missing,missing,3,4,False,False,False,False,bad,bad,5,,False,mid,dead,above,high,flat,mid,missing,,missing,False,False,False,missing,,False,10.0,False,False,False,False,False,False,Technology,-0.561,1.888,,,,False,False,0.0635,1.7534999999999998,,,
ASH,2026-08-19,bad,bad,bad,missing,missing,missing,missing,3,4,False,False,False,False,bad,bad,5,,False,mid,dead,above,high,flat,mid,missing,,missing,False,False,False,missing,,False,7.0,False,False,False,False,False,False,Basic Materials,0.483,0.262,,,,False,False,1.1075,0.1275,,,
SON,2026-08-19,bad,bad,bad,missing,missing,missing,missing,3,4,False,False,False,False,bad,bad,5,,False,mid,dead,below,high,flat,mid,missing,,missing,False,False,False,missing,,False,13.0,False,False,False,False,False,False,Consumer Cyclical,0.743,2.729,,,,False,False,1.3675000000000002,2.5945,,,
CION,2026-08-19,bad,bad,bad,missing,missing,missing,missing,3,4,False,False,False,False,bad,bad,5,,False,mid,normal,above,mid,flat,mid,missing,,missing,False,False,False,missing,,False,7.0,False,False,False,False,False,False,Financial,-0.273,0.137,,,,False,False,0.35150000000000003,0.0025000000000000022,,,
CHRW,2026-08-19,bad,bad,good,missing,missing,missing,missing,2,4,False,False,False,False,bad,neutral,7,,False,mid,dead,below,mid,flat,mid,missing,,missing,False,False,False,missing,,False,10.0,False,False,False,False,False,False,Industrials,-0.477,-2.0,,,,False,False,0.14750000000000008,-2.1345,,,
VTEX,2026-08-19,bad,bad,bad,missing,missing,missing,missing,3,4,False,False,False,False,bad,bad,5,,False,mid,dead,below,mid,flat,washed,missing,,missing,False,False,False,missing,,False,2.0,False,False,False,False,False,False,Technology,1.377,0.551,,,,False,False,2.0015,0.41650000000000004,,,
DHY,2026-08-19,bad,bad,bad,missing,missing,missing,missing,3,4,False,False,False,False,bad,bad,5,,False,mid,normal,below,low,flat,mid,missing,,missing,False,False,False,missing,,False,0.0,False,False,False,False,False,False,Financial,-0.575,-1.149,,,,False,False,0.0495000000000001,-1.2835,,,
ATAI,2026-08-19,bad,bad,good,missing,missing,missing,missing,2,4,False,False,False,False,bad,neutral,7,,False,overbought,normal,above,mid,flat,mid,missing,,missing,False,False,True,missing,,False,6.0,False,False,False,False,False,False,Healthcare,0.815,0.272,,,,False,False,1.4395,0.1375,,,
PCVX,2026-08-19,bad,bad,good,missing,missing,missing,missing,2,4,False,False,False,False,bad,neutral,7,,False,mid,dead,above,high,flat,mid,missing,,missing,False,False,False,missing,,False,1.0,False,False,False,False,False,False,Healthcare,-3.096,-1.074,,,,False,False,-2.4715,-1.2085000000000001,,,
PDI,2026-08-19,bad,bad,bad,missing,missing,missing,missing,3,4,False,False,False,False,bad,bad,5,,False,oversold,hot,below,low,flat,mid,missing,,missing,False,False,False,missing,,False,-6.0,False,False,False,False,False,False,Financial,-1.317,-0.461,,,,False,False,-0.6924999999999999,-0.5955,,,
TILE,2026-08-19,bad,bad,bad,missing,missing,missing,missing,3,4,False,False,False,False,bad,bad,5,,False,mid,dead,above,mid,flat,mid,missing,,missing,False,False,False,missing,,False,10.0,False,False,False,False,False,False,Consumer Cyclical,-0.61,-0.966,,,,False,False,0.014500000000000068,-1.1005,,,
ASX,2026-08-19,bad,bad,bad,missing,missing,missing,missing,3,4,False,False,False,False,bad,bad,5,,False,mid,normal,below,low,down,mid,missing,,missing,False,False,True,missing,,False,9.0,False,False,False,False,False,False,Technology,2.384,2.384,,,,False,False,3.0084999999999997,2.2495,,,
HBNC,2026-08-19,bad,bad,bad,missing,missing,missing,missing,3,4,False,False,False,False,bad,bad,5,,False,mid,dead,below,mid,flat,mid,missing,,missing,False,False,False,missing,,False,-2.0,False,False,False,False,False,False,Financial,-0.255,-0.458,,,,False,False,0.36950000000000005,-0.5925,,,
BBDC,2026-08-19,bad,bad,bad,missing,missing,missing,missing,3,4,False,False,False,False,bad,bad,5,,False,mid,hot,above,low,flat,mid,missing,,missing,False,False,False,missing,,False,15.0,False,False,False,False,False,False,Financial,-0.212,-0.849,,,,False,False,0.4125000000000001,-0.9835,,,
PRTA,2026-08-19,bad,bad,good,missing,missing,missing,missing,2,4,False,False,False,False,bad,neutral,7,,False,mid,dead,below,high,flat,mid,missing,,missing,False,False,False,missing,,False,-3.0,False,False,False,False,False,False,Healthcare,-2.799,1.722,,,,False,False,-2.1745,1.5875,,,
PSEC,2026-08-19,bad,bad,bad,missing,missing,missing,missing,3,4,False,False,False,False,bad,bad,5,,False,mid,dead,above,mid,flat,mid,missing,,missing,False,False,False,missing,,False,0.0,False,False,False,False,False,False,Financial,1.333,3.556,,,,False,False,1.9575,3.4215,,,
PRGO,2026-08-19,bad,bad,good,missing,missing,missing,missing,2,4,False,False,False,False,bad,neutral,7,,False,mid,dead,above,high,flat,mid,missing,,missing,False,False,False,missing,,False,6.0,False,False,False,False,False,False,Healthcare,-1.862,2.077,,,,False,False,-1.2375,1.9425,,,
PRKS,2026-08-19,bad,bad,bad,missing,missing,missing,missing,3,4,False,False,False,False,bad,bad,5,,False,mid,dead,above,high,flat,mid,missing,,missing,False,False,False,missing,,False,-1.0,False,False,False,False,False,False,Consumer Cyclical,-1.082,0.066,,,,False,False,-0.4575,-0.0685,,,
HLMN,2026-08-19,bad,bad,good,missing,missing,missing,missing,2,4,False,False,False,False,bad,neutral,7,,False,mid,dead,below,low,flat,mid,missing,,missing,False,False,False,missing,,False,8.0,False,False,False,False,False,False,Industrials,-2.579,-1.993,,,,False,False,-1.9545000000000001,-2.1275,,,
ATMU,2026-08-19,bad,bad,bad,missing,missing,missing,missing,3,4,False,False,False,False,bad,bad,5,,False,mid,dead,below,mid,flat,mid,missing,,missing,False,True,True,missing,,False,11.0,False,False,False,False,False,False,Consumer Cyclical,0.427,1.302,,,,False,False,1.0515,1.1675,,,
AVNT,2026-08-19,bad,bad,bad,missing,missing,missing,missing,3,4,False,False,False,False,bad,bad,5,,False,mid,dead,above,mid,flat,mid,missing,,missing,False,False,False,missing,,False,12.0,False,False,False,False,False,False,Basic Materials,-1.197,0.904,,,,False,False,-0.5725,0.7695000000000001,,,
IMVT,2026-08-19,bad,bad,good,missing,missing,missing,missing,2,4,False,False,False,False,bad,neutral,7,,False,mid,dead,above,high,flat,mid,missing,,missing,False,False,False,missing,,False,-6.0,False,False,False,False,False,False,Healthcare,-1.357,-1.312,,,,False,False,-0.7324999999999999,-1.4465000000000001,,,
IMXI,2026-08-19,bad,bad,bad,missing,missing,missing,missing,3,4,False,False,False,False,bad,bad,5,,False,mid,normal,above,mid,flat,extended,far,,missing,False,False,False,missing,,False,3.0,False,False,False,False,False,False,Technology,-0.847,-0.353,,,,False,False,-0.22249999999999992,-0.4875,,,
SNX,2026-08-19,bad,bad,bad,missing,missing,missing,missing,3,4,False,False,False,False,bad,bad,5,,False,mid,normal,above,low,flat,mid,missing,,missing,False,False,False,missing,,False,6.0,False,False,False,False,False,False,Technology,-0.401,-0.651,,,,False,False,0.22350000000000003,-0.7855000000000001,,,
HNGE,2026-08-19,bad,bad,good,missing,missing,missing,missing,2,4,False,False,False,False,bad,neutral,7,,False,mid,dead,above,high,flat,mid,missing,,missing,False,False,False,missing,,False,7.0,False,False,False,False,False,False,Healthcare,-3.21,-0.045,,,,False,False,-2.5854999999999997,-0.1795,,,
PRVA,2026-08-19,bad,bad,good,missing,missing,missing,missing,2,4,False,False,False,False,bad,neutral,7,,False,mid,dead,below,mid,flat,mid,missing,,missing,False,False,False,missing,,False,8.0,False,False,False,False,False,False,Healthcare,-1.349,-1.722,,,,False,False,-0.7244999999999999,-1.8565,,,
HELP,2026-08-19,bad,bad,good,missing,missing,missing,missing,2,4,False,False,False,False,bad,neutral,7,,False,mid,dead,above,mid,flat,extended,missing,,missing,False,False,False,missing,,False,-1.0,False,False,False,False,False,False,Healthcare,5.857,6.876,,,,False,False,6.4815000000000005,6.7415,,,
PRQR,2026-08-19,bad,bad,good,missing,missing,missing,missing,2,4,False,False,False,False,bad,neutral,7,,False,mid,normal,above,low,flat,mid,missing,,missing,False,False,False,missing,,False,7.0,False,False,False,False,False,False,Healthcare,2.252,5.405,,,,False,False,2.8765,5.2705,,,
HLI,2026-08-19,bad,bad,bad,missing,missing,missing,missing,3,4,False,False,False,False,bad,bad,5,,False,mid,dead,below,mid,flat,mid,missing,,missing,False,False,False,missing,,False,-1.0,False,False,False,False,False,False,Financial,-1.56,-0.799,,,,False,False,-0.9355,-0.9335,,,
BCAX,2026-08-19,bad,bad,good,missing,missing,missing,missing,2,4,False,False,False,False,bad,neutral,7,,False,mid,dead,below,high,flat,mid,missing,,missing,False,False,False,missing,,False,-5.0,False,False,False,False,False,False,Healthcare,-5.684,-7.579,,,,False,False,-5.0595,-7.7135,,,
VET,2026-08-19,bad,bad,good,missing,missing,missing,missing,2,4,False,False,False,False,bad,neutral,7,,False,mid,normal,above,high,flat,mid,missing,,missing,False,False,False,missing,,False,5.0,False,False,False,False,False,False,Energy,2.229,1.353,,,,False,False,2.8535000000000004,1.2185,,,
CE,2026-08-19,bad,bad,bad,missing,missing,missing,missing,3,4,False,False,False,False,bad,bad,5,,False,mid,dead,below,mid,flat,mid,missing,,missing,False,False,False,missing,,False,3.0,False,False,False,False,False,False,Basic Materials,1.556,1.167,,,,False,False,2.1805000000000003,1.0325,,,
VGZ,2026-08-19,bad,bad,bad,missing,missing,missing,missing,3,4,False,False,False,False,bad,bad,5,,False,mid,dead,above,mid,flat,mid,missing,,missing,False,False,False,missing,,False,-2.0,False,False,False,False,False,False,Basic Materials,-2.024,0.81,,,,False,False,-1.3995,0.6755,,,
DK,2026-08-19,bad,bad,good,missing,missing,missing,missing,2,4,False,False,False,False,bad,neutral,7,,False,mid,normal,above,high,flat,mid,missing,,missing,False,False,False,missing,,False,4.0,False,False,False,False,False,False,Energy,-3.452,7.749,,,,False,False,-2.8274999999999997,7.6145,,,
PFLT,2026-08-19,bad,bad,bad,missing,missing,missing,missing,3,4,False,False,False,False,bad,bad,5,,False,mid,normal,above,mid,flat,mid,missing,,missing,False,False,False,missing,,False,1.0,False,False,False,False,False,False,Financial,0.136,0.136,,,,False,False,0.7605000000000001,0.0015000000000000013,,,
DQ,2026-08-19,bad,bad,bad,missing,missing,missing,missing,3,4,False,False,False,False,bad,bad,5,,False,mid,dead,above,mid,down,mid,missing,,missing,False,False,False,missing,,False,-2.0,False,False,False,False,False,False,Technology,6.619,-3.345,,,,False,False,7.2435,-3.4795000000000003,,,
ATI,2026-08-19,bad,bad,good,missing,missing,missing,missing,2,4,False,False,False,False,bad,neutral,7,,False,mid,dead,above,low,flat,mid,missing,,missing,False,False,True,missing,,False,8.0,False,False,False,False,False,False,Industrials,-3.134,-4.158,,,,False,False,-2.5095,-4.2925,,,
IDYA,2026-08-19,bad,bad,good,missing,missing,missing,missing,2,4,False,False,False,False,bad,neutral,7,,False,mid,dead,above,high,flat,mid,missing,,missing,False,False,False,missing,,False,0.0,False,False,False,False,False,False,Healthcare,0.617,2.058,,,,False,False,1.2415,1.9234999999999998,,,
PLG,2026-08-19,bad,bad,bad,missing,missing,missing,missing,3,4,False,False,False,False,bad,bad,5,,False,mid,normal,above,mid,flat,mid,missing,,missing,False,False,False,missing,,False,-1.0,False,False,False,False,False,False,Basic Materials,0.662,8.609,,,,False,False,1.2865000000000002,8.4745,,,
AVO,2026-08-19,bad,bad,good,missing,missing,missing,missing,2,4,False,False,False,False,bad,neutral,7,,False,mid,dead,above,high,flat,mid,missing,,missing,False,True,True,missing,,False,9.0,False,False,False,False,False,False,Consumer Defensive,0.151,0.529,,,,False,False,0.7755000000000001,0.3945,,,
IGR,2026-08-19,bad,bad,bad,missing,missing,missing,missing,3,4,False,False,False,False,bad,bad,5,,False,mid,normal,below,low,flat,mid,missing,,missing,False,False,False,missing,,False,5.0,False,False,False,False,False,False,Financial,-1.285,-1.285,,,,False,False,-0.6604999999999999,-1.4195,,,
CG,2026-08-19,bad,bad,bad,missing,missing,missing,missing,3,4,False,False,False,False,bad,bad,5,,False,mid,dead,above,mid,flat,mid,missing,,missing,False,False,False,missing,,False,9.0,False,False,False,False,False,False,Financial,-2.854,-0.061,,,,False,False,-2.2295,-0.1955,,,
AUGO,2026-08-19,bad,bad,bad,missing,missing,missing,missing,3,4,False,False,False,False,bad,bad,5,,False,mid,dead,above,high,down,mid,missing,,missing,False,False,True,missing,,False,4.0,False,False,False,False,False,False,Basic Materials,1.988,2.659,,,,False,False,2.6125,2.5244999999999997,,,
HQ,2026-08-19,bad,bad,bad,missing,missing,missing,missing,3,4,False,False,False,False,bad,bad,5,,False,mid,dead,above,high,flat,extended,missing,,missing,False,False,False,missing,,False,-1.0,False,False,False,False,False,False,Technology,3.448,18.49,,,,False,False,4.0725,18.3555,,,
VOD,2026-08-19,bad,bad,bad,missing,missing,missing,missing,3,4,False,False,False,False,bad,bad,5,,False,mid,normal,above,low,flat,mid,missing,,missing,False,False,False,missing,,False,4.0,False,False,False,False,False,False,Communication Services,-0.989,-1.299,,,,False,False,-0.36449999999999994,-1.4335,,,
HYT,2026-08-19,bad,bad,bad,missing,missing,missing,missing,3,4,False,False,False,False,bad,bad,5,,False,mid,normal,below,low,flat,mid,missing,,missing,False,False,False,missing,,False,-4.0,False,False,False,False,False,False,Financial,-0.6,-1.2,,,,False,False,0.024500000000000077,-1.3345,,,
IBKR,2026-08-19,bad,bad,bad,missing,missing,missing,missing,3,4,False,False,False,False,bad,bad,5,,False,mid,dead,above,low,flat,mid,missing,,missing,False,False,False,missing,,False,8.0,False,False,False,False,False,False,Financial,-0.762,3.678,,,,False,False,-0.13749999999999996,3.5435,,,
IFRX,2026-08-19,bad,bad,good,missing,missing,missing,missing,2,4,False,False,False,False,bad,neutral,7,,False,mid,dead,above,mid,flat,mid,missing,,missing,False,False,False,missing,,False,-1.0,False,False,False,False,False,False,Healthcare,-4.717,-0.943,,,,False,False,-4.092499999999999,-1.0775,,,
PONY,2026-08-19,bad,bad,bad,missing,missing,missing,missing,3,4,False,False,False,False,bad,bad,5,,False,mid,hot,above,high,down,mid,missing,,missing,False,False,False,missing,,False,-2.0,False,False,False,False,False,False,Technology,-1.086,5.109,,,,False,False,-0.4615,4.9745,,,
HXL,2026-08-19,bad,bad,good,missing,missing,missing,missing,2,4,False,False,False,False,bad,neutral,7,,False,mid,dead,below,mid,flat,mid,missing,,missing,False,False,False,missing,,False,12.0,False,False,False,False,False,False,Industrials,-3.763,-4.019,,,,False,False,-3.1384999999999996,-4.1535,,,
VGNT,2026-08-19,bad,bad,bad,missing,missing,missing,missing,3,4,False,False,False,False,bad,bad,5,,False,mid,dead,above,mid,flat,mid,missing,,missing,False,False,False,missing,,False,9.0,False,False,False,False,False,False,Consumer Cyclical,-1.582,3.861,,,,False,False,-0.9575,3.7265,,,
CCXI,2026-08-19,bad,bad,bad,missing,missing,missing,missing,3,4,False,False,False,False,bad,bad,5,,False,mid,normal,above,mid,down,mid,missing,,missing,False,False,False,missing,,False,-2.0,False,False,False,False,False,False,Financial,-3.63,-0.205,,,,False,False,-3.0054999999999996,-0.3395,,,
DOCS,2026-08-19,bad,bad,good,missing,missing,missing,missing,2,4,False,False,False,False,bad,neutral,7,,False,mid,dead,above,high,flat,mid,missing,,missing,False,False,False,missing,,False,5.0,False,False,False,False,False,False,Healthcare,0.738,-1.631,,,,False,False,1.3625,-1.7655,,,
AXSM,2026-08-19,bad,bad,good,missing,missing,missing,missing,2,4,False,False,False,False,bad,neutral,7,,False,mid,dead,below,mid,flat,mid,missing,,missing,False,False,True,missing,,False,-8.0,False,False,False,False,False,False,Healthcare,-4.661,-4.78,,,,False,False,-4.036499999999999,-4.9145,,,
AXTA,2026-08-19,bad,bad,bad,missing,missing,missing,missing,3,4,False,False,False,False,bad,bad,5,,False,mid,normal,below,mid,flat,mid,missing,,missing,False,False,False,missing,,False,9.0,False,False,False,False,False,False,Basic Materials,-2.123,-0.193,,,,False,False,-1.4985000000000002,-0.3275,,,
SMG,2026-08-19,bad,bad,bad,missing,missing,missing,missing,3,4,False,False,False,False,bad,bad,5,,False,mid,normal,below,high,flat,mid,missing,,missing,False,False,False,missing,,False,3.0,False,False,False,False,False,False,Basic Materials,0.0,0.893,,,,False,False,0.6245,0.7585,,,
AZI,2026-08-19,bad,bad,bad,missing,missing,missing,missing,3,4,False,False,False,False,bad,bad,5,,False,mid,dead,below,low,down,washed,missing,,missing,False,False,True,missing,,False,-4.0,False,False,False,False,False,False,Consumer Cyclical,-13.253,-12.651,,,,False,False,-12.6285,-12.785499999999999,,,
CDNA,2026-08-19,bad,bad,good,missing,missing,missing,missing,2,4,False,False,False,False,bad,neutral,7,,False,mid,dead,above,high,flat,mid,missing,,missing,False,False,False,missing,,False,6.0,False,False,False,False,False,False,Healthcare,1.032,4.515,,,,False,False,1.6565,4.3805,,,
AVTR,2026-08-19,bad,bad,good,missing,missing,missing,missing,2,4,False,False,False,False,bad,neutral,7,,False,mid,dead,above,high,flat,mid,missing,,missing,False,True,False,missing,,False,4.0,False,False,False,False,False,False,Healthcare,2.077,3.582,,,,False,False,2.7015000000000002,3.4475,,,
VIRT,2026-08-19,bad,bad,bad,missing,missing,missing,missing,3,4,False,False,False,False,bad,bad,5,,False,mid,normal,above,mid,flat,extended,missing,,missing,False,False,False,missing,,False,13.0,False,False,False,False,False,False,Financial,2.017,13.254,,,,False,False,2.6414999999999997,13.1195,,,
HUBS,2026-08-19,bad,bad,bad,missing,missing,missing,missing,3,4,False,False,False,False,bad,bad,5,,False,mid,normal,above,high,flat,mid,missing,,missing,False,False,False,missing,,False,10.0,False,False,False,False,False,False,Technology,-0.741,-0.679,,,,False,False,-0.11649999999999994,-0.8135000000000001,,,
DPC,2026-08-19,bad,bad,good,missing,missing,missing,missing,2,4,False,False,False,False,bad,neutral,7,,False,mid,dead,below,mid,flat,mid,missing,,missing,False,False,False,missing,,False,-2.0,False,False,False,False,False,False,Industrials,-3.174,-3.83,,,,False,False,-2.5495,-3.9645,,,
SMCI,2026-08-19,bad,bad,bad,missing,missing,missing,missing,3,4,False,False,False,False,bad,bad,5,,False,mid,normal,above,high,down,extended,missing,,missing,False,False,False,missing,,False,2.0,False,False,False,False,False,False,Technology,-0.219,1.804,,,,False,False,0.4055000000000001,1.6695,,,
DOLE,2026-08-19,bad,bad,good,missing,missing,missing,missing,2,4,False,False,False,False,bad,neutral,7,,False,mid,dead,below,mid,flat,mid,missing,,missing,False,False,False,missing,,False,8.0,False,False,False,False,False,False,Consumer Defensive,0.602,0.15,,,,False,False,1.2265000000000001,0.015499999999999986,,,
SMMT,2026-08-19,bad,bad,good,missing,missing,missing,missing,2,4,False,False,False,False,bad,neutral,7,,False,mid,normal,below,high,flat,washed,missing,,missing,False,False,False,missing,,False,-3.0,False,False,False,False,False,False,Healthcare,-5.187,0.381,,,,False,False,-4.5625,0.2465,,,
CENX,2026-08-19,bad,bad,bad,missing,missing,missing,missing,3,4,False,False,False,False,bad,bad,5,,False,mid,normal,below,high,flat,washed,missing,,missing,False,False,False,missing,,False,-1.0,False,False,False,False,False,False,Basic Materials,-0.413,0.78,,,,False,False,0.21150000000000008,0.6455,,,
DNLI,2026-08-19,bad,bad,good,missing,missing,missing,missing,2,4,False,False,False,False,bad,neutral,7,,False,mid,dead,above,high,flat,mid,missing,,missing,False,False,False,missing,,False,0.0,False,False,False,False,False,False,Healthcare,-2.88,-2.997,,,,False,False,-2.2554999999999996,-3.1315,,,
MNSO,2026-08-19,bad,bad,bad,missing,missing,missing,missing,3,4,False,False,False,False,bad,bad,5,,False,oversold,normal,below,low,flat,washed,missing,,missing,False,False,False,missing,,False,10.0,False,False,False,False,False,False,Consumer Cyclical,0.09,-0.899,,,,False,False,0.7145,-1.0335,,,
MMED,2026-08-19,bad,bad,good,missing,missing,missing,missing,2,4,False,False,False,False,bad,neutral,7,,False,mid,normal,above,high,flat,mid,missing,,missing,False,False,False,missing,,False,9.0,False,False,False,False,False,False,Healthcare,-0.198,1.137,,,,False,False,0.42650000000000005,1.0025,,,
MSM,2026-08-19,bad,bad,good,missing,missing,missing,missing,2,4,False,False,False,False,bad,neutral,7,,False,mid,dead,below,mid,flat,mid,missing,,missing,False,False,False,missing,,False,13.0,False,False,False,False,False,False,Industrials,-2.186,-0.432,,,,False,False,-1.5614999999999999,-0.5665,,,
ZURA,2026-08-19,bad,bad,good,missing,missing,missing,missing,2,4,False,False,False,False,bad,neutral,7,,False,mid,normal,above,high,flat,mid,missing,,missing,False,False,False,missing,,False,1.0,False,False,False,False,False,False,Healthcare,-1.541,0.171,,,,False,False,-0.9164999999999999,0.036500000000000005,,,
MOS,2026-08-19,bad,bad,bad,missing,missing,missing,missing,3,4,False,False,False,False,bad,bad,5,,False,mid,normal,below,high,flat,washed,missing,,missing,False,False,False,missing,,False,-3.0,False,False,False,False,False,False,Basic Materials,5.038,9.807,,,,False,False,5.6625000000000005,9.672500000000001,,,
ZIM,2026-08-19,bad,bad,good,missing,missing,missing,missing,2,4,False,False,False,False,bad,neutral,7,,False,mid,hot,above,low,flat,extended,missing,,missing,False,False,False,missing,,False,2.0,False,False,False,False,False,False,Industrials,-0.912,3.065,,,,False,False,-0.2875,2.9305,,,
EVTC,2026-08-19,bad,bad,bad,missing,missing,missing,missing,3,4,False,False,False,False,bad,bad,5,,False,mid,dead,below,mid,flat,mid,missing,,missing,False,False,False,missing,,False,15.0,False,False,False,False,False,False,Technology,-0.034,0.504,,,,False,False,0.5905,0.3695,,,
ZS,2026-08-19,bad,bad,bad,missing,missing,missing,missing,3,4,False,False,False,False,bad,bad,5,,False,overbought,dead,above,mid,flat,mid,missing,,missing,False,False,False,missing,,False,3.0,False,False,False,False,False,False,Technology,-5.228,-1.547,,,,False,False,-4.6034999999999995,-1.6815,,,
CON,2026-08-19,bad,bad,good,missing,missing,missing,missing,2,4,False,False,False,False,bad,neutral,7,,False,overbought,dead,above,low,flat,mid,missing,,missing,False,False,False,missing,,False,9.0,False,False,False,False,False,False,Healthcare,,,,,,False,False,,,,,
ACI,2026-08-19,bad,bad,good,missing,missing,missing,missing,2,4,False,False,False,False,bad,neutral,7,,False,mid,dead,above,high,flat,mid,missing,,missing,False,True,True,missing,,False,3.0,False,False,False,False,False,False,Consumer Defensive,-1.155,2.145,,,,False,False,-0.5305,2.0105,,,
SY,2026-08-19,bad,bad,good,missing,missing,missing,missing,2,4,False,False,False,False,bad,neutral,7,,False,mid,dead,above,low,flat,mid,missing,,missing,False,False,False,missing,,False,0.0,False,False,False,False,False,False,Healthcare,-5.021,-4.184,,,,False,False,-4.3965,-4.3185,,,
AAOI,2026-08-19,bad,bad,bad,missing,missing,missing,missing,3,4,False,False,False,False,bad,bad,5,,False,mid,normal,above,high,down,mid,missing,,missing,False,False,True,missing,,False,6.0,False,False,False,False,False,False,Technology,5.655,2.152,,,,False,False,6.2795000000000005,2.0175,,,
SVRA,2026-08-19,bad,bad,good,missing,missing,missing,missing,2,4,False,False,False,False,bad,neutral,7,,False,mid,normal,below,high,flat,mid,missing,,missing,False,False,False,missing,,False,-3.0,False,False,False,False,False,False,Healthcare,-1.613,0.179,,,,False,False,-0.9884999999999999,0.044499999999999984,,,
CRDL,2026-08-19,bad,bad,good,missing,missing,missing,missing,2,4,False,False,False,False,bad,neutral,7,,False,overbought,hot,above,low,flat,extended,missing,,missing,False,False,False,missing,,False,6.0,False,False,False,False,False,False,Healthcare,-3.827,-5.102,,,,False,False,-3.2024999999999997,-5.2365,,,
BUR,2026-08-19,bad,bad,bad,missing,missing,missing,missing,3,4,False,False,False,False,bad,bad,5,,False,mid,dead,below,mid,flat,mid,missing,,missing,False,False,False,missing,,False,0.0,False,False,False,False,False,False,Financial,-1.843,-0.691,,,,False,False,-1.2185,-0.8254999999999999,,,
MIAX,2026-08-19,bad,bad,bad,missing,missing,missing,missing,3,4,False,False,False,False,bad,bad,5,,False,mid,dead,below,mid,flat,mid,missing,,missing,False,False,False,missing,,False,11.0,False,False,False,False,False,False,Financial,1.773,4.901,,,,False,False,2.3975,4.7665,,,
TBBB,2026-08-19,bad,bad,good,missing,missing,missing,missing,2,4,False,False,False,False,bad,neutral,7,,False,overbought,dead,above,mid,flat,extended,missing,,missing,False,False,False,missing,,False,4.0,False,False,False,False,False,False,Consumer Defensive,0.505,2.302,,,,False,False,1.1295000000000002,2.1675,,,
BVS,2026-08-19,bad,bad,good,missing,missing,missing,missing,2,4,False,False,False,False,bad,neutral,7,,False,mid,dead,above,mid,flat,mid,missing,,missing,False,False,False,missing,,False,9.0,False,False,False,False,False,False,Healthcare,-2.384,-2.044,,,,False,False,-1.7594999999999998,-2.1785,,,
HR,2026-08-19,bad,bad,bad,missing,missing,missing,missing,3,4,False,False,False,False,bad,bad,5,,False,oversold,dead,below,mid,flat,mid,missing,,missing,False,False,False,missing,,False,-3.0,False,False,False,False,False,False,Real Estate,0.466,0.362,,,,False,False,1.0905,0.22749999999999998,,,
POST,2026-08-19,bad,bad,good,missing,missing,missing,missing,2,4,False,False,False,False,bad,neutral,7,,False,mid,dead,below,high,flat,mid,missing,,missing,False,False,False,missing,,False,0.0,False,False,False,False,False,False,Consumer Defensive,-0.419,2.093,,,,False,False,0.20550000000000007,1.9585,,,
POWI,2026-08-19,bad,bad,bad,missing,missing,missing,missing,3,4,False,False,False,False,bad,bad,5,,False,mid,dead,below,high,down,mid,missing,,missing,False,False,False,missing,,False,5.0,False,False,False,False,False,False,Technology,-1.703,-1.093,,,,False,False,-1.0785,-1.2275,,,
HOVR,2026-08-19,bad,bad,good,missing,missing,missing,missing,2,4,False,False,False,False,bad,neutral,7,,False,mid,dead,above,mid,flat,mid,missing,,missing,False,False,False,missing,,False,-3.0,False,False,False,False,False,False,Industrials,-2.387,-0.796,,,,False,False,-1.7625,-0.9305000000000001,,,
PHR,2026-08-19,bad,bad,good,missing,missing,missing,missing,2,4,False,False,False,False,bad,neutral,7,,False,mid,normal,above,mid,flat,mid,missing,,missing,False,False,False,missing,,False,11.0,False,False,False,False,False,False,Healthcare,0.334,1.338,,,,False,False,0.9585000000000001,1.2035,,,
PII,2026-08-19,bad,bad,bad,missing,missing,missing,missing,3,4,False,False,False,False,bad,bad,5,,False,mid,dead,below,mid,flat,mid,missing,,missing,False,False,False,missing,,False,4.0,False,False,False,False,False,False,Consumer Cyclical,-2.379,-2.439,,,,False,False,-1.7545,-2.5735,,,
IART,2026-08-19,bad,bad,good,missing,missing,missing,missing,2,4,False,False,False,False,bad,neutral,7,,False,mid,dead,above,high,flat,mid,missing,,missing,False,False,False,missing,,False,2.0,False,False,False,False,False,False,Healthcare,-3.77,-2.9,,,,False,False,-3.1455,-3.0345,,,
HUYA,2026-08-19,bad,bad,bad,missing,missing,missing,missing,3,4,False,False,False,False,bad,bad,5,,False,mid,normal,below,mid,flat,mid,missing,,missing,False,False,False,missing,,False,-5.0,False,False,False,False,False,False,Communication Services,-1.81,-1.357,,,,False,False,-1.1855,-1.4915,,,
POWW,2026-08-19,bad,bad,good,missing,missing,missing,missing,2,4,False,False,False,False,bad,neutral,7,,False,mid,normal,above,mid,flat,mid,missing,,missing,False,False,False,missing,,False,11.0,False,False,False,False,False,False,Industrials,-0.877,-1.754,,,,False,False,-0.25249999999999995,-1.8885,,,
BANC,2026-08-19,bad,bad,bad,missing,missing,missing,missing,3,4,False,False,False,False,bad,bad,5,,False,mid,dead,below,mid,flat,mid,missing,,missing,False,False,True,missing,,False,-7.0,False,False,False,False,False,False,Financial,-1.531,-1.584,,,,False,False,-0.9064999999999999,-1.7185000000000001,,,
PNAQ-U,2026-08-19,bad,bad,bad,missing,missing,missing,missing,3,4,False,False,False,False,bad,bad,5,,False,mid,dead,below,low,flat,mid,missing,,missing,False,False,False,missing,,False,-1.0,False,False,False,False,False,False,Financial,,,,,,False,False,,,,,
IKT,2026-08-19,bad,bad,good,missing,missing,missing,missing,2,4,False,False,False,False,bad,neutral,7,,False,mid,dead,below,high,flat,mid,missing,,missing,False,False,False,missing,,False,-1.0,False,False,False,False,False,False,Healthcare,-4.082,-2.449,,,,False,False,-3.4574999999999996,-2.5835,,,
IMMR,2026-08-19,bad,bad,bad,missing,missing,missing,missing,3,4,False,False,False,False,bad,bad,5,,False,mid,dead,above,high,flat,mid,missing,,missing,False,False,False,missing,,False,8.0,False,False,False,False,False,False,Technology,1.713,-1.054,,,,False,False,2.3375000000000004,-1.1885000000000001,,,
ATTO,2026-08-19,bad,bad,good,missing,missing,missing,missing,2,4,False,False,False,False,bad,neutral,7,,False,mid,dead,above,low,flat,extended,missing,,missing,False,True,False,missing,,False,1.0,False,False,False,False,False,False,Healthcare,-8.717,-6.052,,,,False,False,-8.092500000000001,-6.1865,,,
IMMX,2026-08-19,bad,bad,good,missing,missing,missing,missing,2,4,False,False,False,False,bad,neutral,7,,False,mid,dead,above,high,flat,mid,far,,missing,False,False,False,missing,,False,3.0,False,False,False,False,False,False,Healthcare,-0.227,3.563,,,,False,False,0.3975000000000001,3.4285,,,
IMNM,2026-08-19,bad,bad,good,missing,missing,missing,missing,2,4,False,False,False,False,bad,neutral,7,,False,mid,dead,above,high,flat,mid,missing,,missing,False,False,False,missing,,False,-8.0,False,False,False,False,False,False,Healthcare,-5.851,-4.376,,,,False,False,-5.2265,-4.5105,,,
AUR,2026-08-19,bad,bad,bad,missing,missing,missing,missing,3,4,False,False,False,False,bad,bad,5,,False,mid,hot,below,high,down,washed,missing,,missing,False,False,True,missing,,False,3.0,False,False,False,False,False,False,Consumer Cyclical,-1.211,0.726,,,,False,False,-0.5865,0.5914999999999999,,,
TMQ,2026-08-19,bad,bad,bad,missing,missing,missing,missing,3,4,False,False,False,False,bad,bad,5,,False,mid,dead,above,mid,flat,washed,missing,,missing,False,False,False,missing,,False,-4.0,False,False,False,False,False,False,Basic Materials,-1.626,7.317,,,,False,False,-1.0014999999999998,7.1825,,,
SLN,2026-08-19,bad,bad,good,missing,missing,missing,missing,2,4,False,False,False,False,bad,neutral,7,,False,mid,hot,above,mid,flat,mid,missing,,missing,False,False,False,missing,,False,0.0,False,False,False,False,False,False,Healthcare,-3.233,-2.498,,,,False,False,-2.6085000000000003,-2.6325000000000003,,,
CGEM,2026-08-19,bad,bad,good,missing,missing,missing,missing,2,4,False,False,False,False,bad,neutral,7,,False,overbought,dead,above,high,flat,mid,missing,,missing,False,False,False,missing,,False,0.0,False,False,False,False,False,False,Healthcare,-5.062,-3.73,,,,False,False,-4.4375,-3.8645,,,
PRMB,2026-08-19,bad,bad,good,missing,missing,missing,missing,2,4,False,False,False,False,bad,neutral,7,,False,mid,dead,above,high,flat,mid,missing,,missing,False,False,False,missing,,False,11.0,False,False,False,False,False,False,Consumer Defensive,-2.326,-2.241,,,,False,False,-1.7015,-2.3755,,,
ATKR,2026-08-19,bad,bad,good,missing,missing,missing,missing,2,4,False,False,False,False,bad,neutral,7,,False,overbought,normal,above,mid,flat,mid,missing,,missing,False,False,True,missing,,False,2.0,False,False,False,False,False,False,Industrials,0.064,0.182,,,,False,False,0.6885000000000001,0.04749999999999999,,,
SNEX,2026-08-19,bad,bad,bad,missing,missing,missing,missing,3,4,False,False,False,False,bad,bad,5,,False,mid,dead,below,mid,flat,mid,missing,,missing,False,False,False,missing,,False,5.0,False,False,False,False,False,False,Financial,0.06,3.507,,,,False,False,0.6845000000000001,3.3725,,,
VOYA,2026-08-19,bad,bad,bad,missing,missing,missing,missing,3,4,False,False,False,False,bad,bad,5,,False,mid,dead,above,low,flat,mid,missing,,missing,False,False,False,missing,,False,7.0,False,False,False,False,False,False,Financial,-0.622,-0.347,,,,False,False,0.0025000000000000577,-0.4815,,,
VFF,2026-08-19,bad,bad,good,missing,missing,missing,missing,2,4,False,False,False,False,bad,neutral,7,,False,overbought,normal,above,mid,flat,mid,missing,,missing,False,False,False,missing,,False,5.0,False,False,False,False,False,False,Consumer Defensive,-1.533,4.215,,,,False,False,-0.9084999999999999,4.0805,,,
HNI,2026-08-19,bad,bad,bad,missing,missing,missing,missing,3,4,False,False,False,False,bad,bad,5,,False,mid,dead,above,mid,flat,mid,missing,,missing,False,False,False,missing,,False,4.0,False,False,False,False,False,False,Consumer Cyclical,-1.219,1.736,,,,False,False,-0.5945,1.6015,,,
DNOW,2026-08-19,bad,bad,good,missing,missing,missing,missing,2,4,False,False,False,False,bad,neutral,7,,False,mid,dead,above,high,flat,mid,missing,,missing,False,False,False,missing,,False,1.0,False,False,False,False,False,False,Industrials,-0.448,0.448,,,,False,False,0.17650000000000005,0.3135,,,
SMPL,2026-08-19,bad,bad,good,missing,missing,missing,missing,2,4,False,False,False,False,bad,neutral,7,,False,mid,dead,above,high,flat,mid,missing,,missing,False,False,False,missing,,False,1.0,False,False,False,False,False,False,Consumer Defensive,-4.017,-4.978,,,,False,False,-3.3925,-5.1125,,,
CGNT,2026-08-19,bad,bad,bad,missing,missing,missing,missing,3,4,False,False,False,False,bad,bad,5,,False,mid,dead,above,low,flat,mid,missing,,missing,False,False,False,missing,,False,-6.0,False,False,False,False,False,False,Technology,-2.157,-2.384,,,,False,False,-1.5325,-2.5185,,,
BBIO,2026-08-19,bad,bad,good,missing,missing,missing,missing,2,4,False,False,False,False,bad,neutral,7,,False,mid,normal,above,high,flat,mid,missing,,missing,False,False,True,missing,,False,-3.0,False,False,False,False,False,False,Healthcare,-1.203,-2.918,,,,False,False,-0.5785,-3.0525,,,
PSKY,2026-08-19,bad,bad,bad,missing,missing,missing,missing,3,4,False,False,False,False,bad,bad,5,,False,overbought,normal,above,high,flat,extended,missing,,missing,False,False,False,missing,,False,3.0,False,False,False,False,False,False,Communication Services,-2.925,-2.358,,,,False,False,-2.3004999999999995,-2.4925,,,
ATEN,2026-08-19,bad,bad,bad,missing,missing,missing,missing,3,4,False,False,False,False,bad,bad,5,,False,mid,dead,below,high,flat,mid,missing,,missing,False,False,True,missing,,False,5.0,False,False,False,False,False,False,Technology,-0.854,1.437,,,,False,False,-0.22949999999999993,1.3025,,,
CGON,2026-08-19,bad,bad,good,missing,missing,missing,missing,2,4,False,False,False,False,bad,neutral,7,,False,mid,dead,above,high,flat,mid,missing,,missing,False,False,False,missing,,False,-1.0,False,False,False,False,False,False,Healthcare,-3.805,-1.078,,,,False,False,-3.1805000000000003,-1.2125000000000001,,,
TKC,2026-08-19,bad,bad,bad,missing,missing,missing,missing,3,4,False,False,False,False,bad,bad,5,,False,mid,normal,below,low,flat,mid,missing,,missing,False,False,False,missing,,False,-1.0,False,False,False,False,False,False,Communication Services,-0.552,0.552,,,,False,False,0.07250000000000001,0.41750000000000004,,,
HIMX,2026-08-19,bad,bad,bad,missing,missing,missing,missing,3,4,False,False,False,False,bad,bad,5,,False,mid,dead,above,mid,down,mid,missing,,missing,False,False,False,missing,,False,9.0,False,False,False,False,False,False,Technology,-1.655,-0.791,,,,False,False,-1.0305,-0.9255,,,
PRG,2026-08-19,bad,bad,good,missing,missing,missing,missing,2,4,False,False,False,False,bad,neutral,7,,False,mid,dead,below,mid,flat,mid,missing,,missing,False,False,False,missing,,False,15.0,False,False,False,False,False,False,Industrials,-7.618,-6.239,,,,False,False,-6.9935,-6.3735,,,
HLF,2026-08-19,bad,bad,good,missing,missing,missing,missing,2,4,False,False,False,False,bad,neutral,7,,False,mid,dead,above,high,flat,mid,missing,,missing,False,False,False,missing,,False,7.0,False,False,False,False,False,False,Consumer Defensive,-2.41,1.606,,,,False,False,-1.7855,1.4715,,,
SOLS,2026-08-19,bad,bad,bad,missing,missing,missing,missing,3,4,False,False,False,False,bad,bad,5,,False,mid,dead,below,high,flat,mid,missing,,missing,False,False,False,missing,,False,3.0,False,False,False,False,False,False,Basic Materials,-1.256,-2.058,,,,False,False,-0.6315,-2.1925,,,
IRDM,2026-08-19,bad,bad,bad,missing,missing,missing,missing,3,4,False,False,False,False,bad,bad,5,,False,mid,dead,above,mid,flat,mid,missing,,missing,False,False,False,missing,,False,3.0,False,False,False,False,False,False,Communication Services,-0.534,0.554,,,,False,False,0.09050000000000002,0.41950000000000004,,,
INIO,2026-08-19,bad,bad,good,missing,missing,missing,missing,2,4,False,False,False,False,bad,neutral,7,,False,mid,normal,below,high,down,mid,missing,,missing,False,False,False,missing,,False,-1.0,False,False,False,False,False,False,Industrials,-8.803,-8.168,,,,False,False,-8.178500000000001,-8.302499999999998,,,
PAYS,2026-08-19,bad,bad,bad,missing,missing,missing,missing,3,4,False,False,False,False,bad,bad,5,,False,overbought,normal,above,mid,flat,extended,missing,,missing,False,False,False,missing,,False,11.0,False,False,False,False,False,False,Technology,0.145,2.101,,,,False,False,0.7695000000000001,1.9665,,,
VZLA,2026-08-19,bad,bad,bad,missing,missing,missing,missing,3,4,False,False,False,False,bad,bad,5,,False,mid,normal,above,high,flat,mid,missing,,missing,False,False,False,missing,,False,-3.0,False,False,False,False,False,False,Basic Materials,-0.514,1.799,,,,False,False,0.11050000000000004,1.6644999999999999,,,
ATRC,2026-08-19,bad,bad,good,missing,missing,missing,missing,2,4,False,False,False,False,bad,neutral,7,,False,overbought,normal,above,mid,flat,mid,missing,,missing,False,False,True,missing,,False,9.0,False,False,False,False,False,False,Healthcare,-0.252,2.878,,,,False,False,0.37250000000000005,2.7435,,,
VECO,2026-08-19,bad,bad,bad,missing,missing,missing,missing,3,4,False,False,False,False,bad,bad,5,,False,mid,dead,below,high,down,mid,missing,,missing,False,False,False,missing,,False,7.0,False,False,False,False,False,False,Technology,-0.464,0.928,,,,False,False,0.16050000000000003,0.7935000000000001,,,
CBRS,2026-08-19,bad,bad,bad,missing,missing,missing,missing,3,4,False,False,False,False,bad,bad,5,,False,mid,hot,above,high,down,mid,missing,,missing,False,False,False,missing,,False,1.0,False,False,False,False,False,False,Technology,-2.708,-9.069,,,,False,False,-2.0835,-9.2035,,,
SONO,2026-08-19,bad,bad,bad,missing,missing,missing,missing,3,4,False,False,False,False,bad,bad,5,,False,mid,dead,below,high,flat,mid,missing,,missing,False,False,False,missing,,False,14.0,False,False,False,False,False,False,Technology,-1.413,-2.764,,,,False,False,-0.7885,-2.8985,,,
H,2026-08-19,bad,bad,bad,missing,missing,missing,missing,3,4,False,False,False,False,bad,bad,5,,False,mid,normal,above,high,flat,mid,missing,,missing,False,False,False,missing,,False,7.0,False,False,False,False,False,False,Consumer Cyclical,-1.929,-1.279,,,,False,False,-1.3045,-1.4135,,,
PTCT,2026-08-19,bad,bad,good,missing,missing,missing,missing,2,4,False,False,False,False,bad,neutral,7,,False,mid,dead,below,high,flat,mid,missing,,missing,False,False,False,missing,,False,-3.0,False,False,False,False,False,False,Healthcare,-4.276,-5.226,,,,False,False,-3.6514999999999995,-5.3605,,,
PTEN,2026-08-19,bad,bad,good,missing,missing,missing,missing,2,4,False,False,False,False,bad,neutral,7,,False,mid,dead,above,high,flat,extended,missing,,missing,False,False,False,missing,,False,-2.0,False,False,False,False,False,False,Energy,0.995,2.322,,,,False,False,1.6195,2.1875,,,
HAE,2026-08-19,bad,bad,good,missing,missing,missing,missing,2,4,False,False,False,False,bad,neutral,7,,False,overbought,hot,above,mid,up,extended,missing,,missing,False,False,False,missing,,False,5.0,False,False,False,False,False,False,Healthcare,-0.175,0.36,,,,False,False,0.44950000000000007,0.22549999999999998,,,
ARQT,2026-08-19,bad,bad,good,missing,missing,missing,missing,2,4,False,False,False,False,bad,neutral,7,,False,mid,normal,below,high,flat,mid,missing,,missing,False,False,True,missing,,False,11.0,False,False,False,False,False,False,Healthcare,-4.195,-5.215,,,,False,False,-3.5705,-5.3495,,,
WAL,2026-08-19,bad,bad,bad,missing,missing,missing,missing,3,4,False,False,False,False,bad,bad,5,,False,mid,dead,below,mid,flat,mid,missing,,missing,False,False,False,missing,,False,10.0,False,False,False,False,False,False,Financial,-1.555,-0.908,,,,False,False,-0.9304999999999999,-1.0425,,,
IONS,2026-08-19,bad,bad,good,missing,missing,missing,missing,2,4,False,False,False,False,bad,neutral,7,,False,mid,normal,above,high,flat,extended,missing,,missing,False,False,False,missing,,False,-3.0,False,False,False,False,False,False,Healthcare,-3.355,-1.743,,,,False,False,-2.7305,-1.8775000000000002,,,
BCRX,2026-08-19,bad,bad,good,missing,missing,missing,missing,2,4,False,False,False,False,bad,neutral,7,,False,mid,dead,above,high,flat,mid,missing,,missing,False,False,False,missing,,False,1.0,False,False,False,False,False,False,Healthcare,-4.071,-5.164,,,,False,False,-3.4464999999999995,-5.2985,,,
HALO,2026-08-19,bad,bad,good,missing,missing,missing,missing,2,4,False,False,False,False,bad,neutral,7,,False,overbought,normal,above,high,flat,mid,missing,,missing,False,False,False,missing,,False,5.0,False,False,False,False,False,False,Healthcare,-1.394,0.511,,,,False,False,-0.7694999999999999,0.3765,,,
HGV,2026-08-19,bad,bad,bad,missing,missing,missing,missing,3,4,False,False,False,False,bad,bad,5,,False,mid,dead,below,high,flat,mid,missing,,missing,False,False,False,missing,,False,-1.0,False,False,False,False,False,False,Consumer Cyclical,-1.103,-0.463,,,,False,False,-0.4784999999999999,-0.5975,,,
DUOL,2026-08-19,bad,bad,bad,missing,missing,missing,missing,3,4,False,False,False,False,bad,bad,5,,False,mid,normal,above,high,up,mid,missing,,missing,False,False,False,missing,,False,10.0,False,False,False,False,False,False,Technology,0.685,0.068,,,,False,False,1.3095,-0.0665,,,
GSM,2026-08-19,bad,bad,bad,missing,missing,missing,missing,3,4,False,False,False,False,bad,bad,5,,False,mid,normal,above,low,flat,washed,missing,,missing,False,False,False,missing,,False,9.0,False,False,False,False,False,False,Basic Materials,-4.938,0.741,,,,False,False,-4.3134999999999994,0.6065,,,
PZG,2026-08-19,bad,bad,bad,missing,missing,missing,missing,3,4,False,False,False,False,bad,bad,5,,False,mid,normal,above,low,flat,mid,far,,missing,False,False,False,missing,,False,3.0,False,False,False,False,False,False,Basic Materials,-1.274,-2.548,,,,False,False,-0.6495,-2.6825,,,
GRNT,2026-08-19,bad,bad,good,missing,missing,missing,missing,2,4,False,False,False,False,bad,neutral,7,,False,mid,dead,above,high,flat,mid,missing,,missing,False,False,False,missing,,False,4.0,False,False,False,False,False,False,Energy,0.0,-1.351,,,,False,False,0.6245,-1.4855,,,
VAC,2026-08-19,bad,bad,bad,missing,missing,missing,missing,3,4,False,False,False,False,bad,bad,5,,False,mid,dead,above,mid,flat,mid,missing,,missing,False,False,False,missing,,False,7.0,False,False,False,False,False,False,Consumer Cyclical,-4.931,-2.974,,,,False,False,-4.3065,-3.1085000000000003,,,
ARR,2026-08-19,bad,bad,bad,missing,missing,missing,missing,3,4,False,False,False,False,bad,bad,5,,False,mid,normal,below,high,flat,mid,missing,,missing,False,False,False,missing,,False,6.0,False,False,False,False,False,False,Real Estate,-0.971,-0.85,,,,False,False,-0.3464999999999999,-0.9844999999999999,,,
ARTV,2026-08-19,bad,bad,good,missing,missing,missing,missing,2,4,False,False,False,False,bad,neutral,7,,False,mid,dead,above,mid,flat,mid,missing,,missing,False,True,True,missing,,False,-1.0,False,False,False,False,False,False,Healthcare,-4.786,-6.581,,,,False,False,-4.161499999999999,-6.7155000000000005,,,
ARMK,2026-08-19,bad,bad,good,missing,missing,missing,missing,2,4,False,False,False,False,bad,neutral,7,,False,mid,dead,above,mid,flat,mid,missing,,missing,False,False,True,missing,,False,11.0,False,False,False,False,False,False,Industrials,-0.686,-0.017,,,,False,False,-0.0615,-0.15150000000000002,,,
VCTR,2026-08-19,bad,bad,bad,missing,missing,missing,missing,3,4,False,False,False,False,bad,bad,5,,False,overbought,dead,above,mid,flat,mid,missing,,missing,False,False,False,missing,,False,9.0,False,False,False,False,False,False,Financial,-2.357,-0.155,,,,False,False,-1.7325000000000002,-0.2895,,,
OVID,2026-08-19,bad,bad,good,missing,missing,missing,missing,2,4,False,False,False,False,bad,neutral,7,,False,mid,normal,above,high,flat,extended,missing,,missing,False,False,False,missing,,False,4.0,False,False,False,False,False,False,Healthcare,-6.485,-4.437,,,,False,False,-5.8605,-4.5715,,,
JLHL,2026-08-19,bad,bad,good,missing,missing,missing,missing,2,4,False,False,False,False,bad,neutral,7,,False,mid,dead,above,high,up,washed,missing,,missing,False,False,False,missing,,False,-3.0,False,False,False,False,False,False,Industrials,-1.271,-6.78,,,,False,False,-0.6464999999999999,-6.9145,,,
DY,2026-08-19,bad,bad,good,missing,missing,missing,missing,2,4,False,False,False,False,bad,neutral,7,,False,mid,dead,above,mid,flat,mid,missing,,missing,False,False,False,missing,,False,11.0,False,False,False,False,False,False,Industrials,-0.628,-2.436,,,,False,False,-0.0034999999999999476,-2.5705,,,
ORA,2026-08-19,bad,bad,good,missing,missing,missing,missing,2,4,False,False,False,False,bad,neutral,7,,False,mid,dead,above,mid,flat,mid,missing,,missing,False,False,False,missing,,False,3.0,False,False,False,False,False,False,Utilities,-1.831,-1.759,,,,False,False,-1.2065,-1.8935,,,
SOFI,2026-08-19,bad,bad,bad,missing,missing,missing,missing,3,4,False,False,False,False,bad,bad,5,,False,mid,dead,above,high,flat,mid,missing,,missing,False,False,False,missing,,False,7.0,False,False,False,False,False,False,Financial,-2.714,2.66,,,,False,False,-2.0895,2.5255,,,
OPTX,2026-08-19,bad,bad,bad,missing,missing,missing,missing,3,4,False,False,False,False,bad,bad,5,,False,mid,dead,above,high,down,mid,missing,,missing,False,False,False,missing,,False,-2.0,False,False,False,False,False,False,Technology,4.332,1.009,,,,False,False,4.9565,0.8744999999999998,,,
WEN,2026-08-19,bad,bad,bad,missing,missing,missing,missing,3,4,False,False,False,False,bad,bad,5,,False,mid,dead,above,high,flat,extended,missing,,missing,False,False,False,missing,,False,12.0,False,False,False,False,False,False,Consumer Cyclical,-1.344,0.896,,,,False,False,-0.7195,0.7615000000000001,,,
ARXS,2026-08-19,bad,bad,good,missing,missing,missing,missing,2,4,False,False,False,False,bad,neutral,7,,False,mid,dead,above,mid,flat,mid,missing,,missing,False,True,False,missing,,False,9.0,False,False,False,False,False,False,Industrials,-3.608,-4.398,,,,False,False,-2.9835000000000003,-4.5325,,,
DIOD,2026-08-19,bad,bad,bad,missing,missing,missing,missing,3,4,False,False,False,False,bad,bad,5,,False,mid,normal,above,mid,down,mid,missing,,missing,False,False,False,missing,,False,12.0,False,False,False,False,False,False,Technology,-3.796,-0.297,,,,False,False,-3.1715,-0.4315,,,
PAY,2026-08-19,bad,bad,bad,missing,missing,missing,missing,3,4,False,False,False,False,bad,bad,5,,False,mid,normal,above,mid,flat,mid,missing,,missing,False,False,False,missing,,False,13.0,False,False,False,False,False,False,Technology,-2.906,1.087,,,,False,False,-2.2815000000000003,0.9524999999999999,,,
ARI,2026-08-19,bad,bad,bad,missing,missing,missing,missing,3,4,False,False,False,False,bad,bad,5,,False,mid,dead,above,mid,flat,mid,missing,,missing,False,False,True,missing,,False,7.0,False,False,False,False,False,False,Real Estate,0.58,0.435,,,,False,False,1.2045,0.3005,,,
JKS,2026-08-19,bad,bad,bad,missing,missing,missing,missing,3,4,False,False,False,False,bad,bad,5,,False,mid,dead,above,mid,flat,mid,missing,,missing,False,False,False,missing,,False,2.0,False,False,False,False,False,False,Technology,-6.427,-6.132,,,,False,False,-5.802499999999999,-6.2665,,,
WERN,2026-08-19,bad,bad,good,missing,missing,missing,missing,2,4,False,False,False,False,bad,neutral,7,,False,mid,dead,below,mid,flat,mid,missing,,missing,False,False,False,missing,,False,-4.0,False,False,False,False,False,False,Industrials,0.237,2.424,,,,False,False,0.8615,2.2895,,,
THO,2026-08-19,bad,bad,bad,missing,missing,missing,missing,3,4,False,False,False,False,bad,bad,5,,False,mid,dead,above,high,flat,mid,missing,,missing,False,False,False,missing,,False,6.0,False,False,False,False,False,False,Consumer Cyclical,-1.661,-0.724,,,,False,False,-1.0365,-0.8585,,,
JEF,2026-08-19,bad,bad,bad,missing,missing,missing,missing,3,4,False,False,False,False,bad,bad,5,,False,mid,normal,below,mid,flat,mid,missing,,missing,False,False,False,missing,,False,-1.0,False,False,False,False,False,False,Financial,-3.305,-2.278,,,,False,False,-2.6805000000000003,-2.4125,,,
JONEU,2026-08-19,bad,bad,bad,missing,missing,missing,missing,3,4,False,False,False,False,bad,bad,5,,False,mid,dead,below,low,flat,mid,missing,,missing,False,False,False,missing,,False,-1.0,False,False,False,False,False,False,Financial,0.0,0.0,,,,False,False,0.6245,-0.1345,,,
GME,2026-08-19,bad,bad,bad,missing,missing,missing,missing,3,4,False,False,False,False,bad,bad,5,,False,oversold,normal,below,high,flat,mid,missing,,missing,False,False,False,missing,,False,5.0,False,False,False,False,False,False,Consumer Cyclical,0.055,0.998,,,,False,False,0.6795000000000001,0.8634999999999999,,,
JXN,2026-08-19,bad,bad,bad,missing,missing,missing,missing,3,4,False,False,False,False,bad,bad,5,,False,mid,dead,above,mid,flat,mid,missing,,missing,False,False,False,missing,,False,6.0,False,False,False,False,False,False,Financial,-1.45,-0.885,,,,False,False,-0.8254999999999999,-1.0195,,,
WGO,2026-08-19,bad,bad,bad,missing,missing,missing,missing,3,4,False,False,False,False,bad,bad,5,,False,mid,dead,above,high,flat,mid,missing,,missing,False,False,False,missing,,False,0.0,False,False,False,False,False,False,Consumer Cyclical,-2.708,-3.287,,,,False,False,-2.0835,-3.4215,,,
CLMT,2026-08-19,bad,bad,bad,missing,missing,missing,missing,3,4,False,False,False,False,bad,bad,5,,False,mid,normal,above,mid,flat,mid,missing,,missing,False,False,False,missing,,False,1.0,False,False,False,False,False,False,Basic Materials,-1.83,-0.366,,,,False,False,-1.2055,-0.5005,,,
WRD,2026-08-19,bad,bad,bad,missing,missing,missing,missing,3,4,False,False,False,False,bad,bad,5,,False,mid,normal,above,mid,flat,mid,missing,,missing,False,False,False,missing,,False,-6.0,False,False,False,False,False,False,Technology,0.0,6.26,,,,False,False,0.6245,6.1255,,,
ONON,2026-08-19,bad,bad,bad,missing,missing,missing,missing,3,4,False,False,False,False,bad,bad,5,,False,mid,normal,below,high,flat,mid,missing,,missing,False,False,False,missing,,False,2.0,False,False,False,False,False,False,Consumer Cyclical,-4.351,-3.967,,,,False,False,-3.7264999999999997,-4.1015,,,
GPK,2026-08-19,bad,bad,bad,missing,missing,missing,missing,3,4,False,False,False,False,bad,bad,5,,False,mid,dead,below,mid,flat,mid,missing,,missing,False,False,False,missing,,False,6.0,False,False,False,False,False,False,Consumer Cyclical,2.018,4.912,,,,False,False,2.6425,4.7775,,,
BGC,2026-08-19,bad,bad,bad,missing,missing,missing,missing,3,4,False,False,False,False,bad,bad,5,,False,mid,dead,below,low,flat,extended,missing,,missing,False,False,False,missing,,False,14.0,False,False,False,False,False,False,Financial,0.741,9.722,,,,False,False,1.3655,9.5875,,,
WMG,2026-08-19,bad,bad,bad,missing,missing,missing,missing,3,4,False,False,False,False,bad,bad,5,,False,mid,dead,below,mid,flat,mid,missing,,missing,False,False,False,missing,,False,8.0,False,False,False,False,False,False,Communication Services,0.333,0.444,,,,False,False,0.9575,0.3095,,,
ONDS,2026-08-19,bad,bad,bad,missing,missing,missing,missing,3,4,False,False,False,False,bad,bad,5,,False,mid,normal,above,high,down,washed,missing,,missing,False,False,False,missing,,False,3.0,False,False,False,False,False,False,Technology,-5.843,-2.135,,,,False,False,-5.2185,-2.2695,,,
KEP,2026-08-19,bad,bad,good,missing,missing,missing,missing,2,4,False,False,False,False,bad,neutral,7,,False,mid,normal,below,low,flat,mid,missing,,missing,False,False,False,missing,,False,4.0,False,False,False,False,False,False,Utilities,0.447,0.716,,,,False,False,1.0715000000000001,0.5814999999999999,,,
CLB,2026-08-19,bad,bad,good,missing,missing,missing,missing,2,4,False,False,False,False,bad,neutral,7,,False,mid,dead,above,high,flat,mid,missing,,missing,False,False,False,missing,,False,3.0,False,False,False,False,False,False,Energy,-2.846,-1.028,,,,False,False,-2.2215,-1.1625,,,
CLBK,2026-08-19,bad,bad,bad,missing,missing,missing,missing,3,4,False,False,False,False,bad,bad,5,,False,overbought,dead,above,high,flat,mid,missing,,missing,False,False,False,missing,,False,6.0,False,False,False,False,False,False,Financial,0.599,0.855,,,,False,False,1.2235,0.7204999999999999,,,
OPLN,2026-08-19,bad,bad,bad,missing,missing,missing,missing,3,4,False,False,False,False,bad,bad,5,,False,oversold,normal,below,low,up,mid,missing,,missing,False,False,False,missing,,False,4.0,False,False,False,False,False,False,Consumer Cyclical,-0.668,-2.963,,,,False,False,-0.04349999999999998,-3.0975,,,
EEFT,2026-08-19,bad,bad,bad,missing,missing,missing,missing,3,4,False,False,False,False,bad,bad,5,,False,mid,normal,below,high,flat,mid,missing,,missing,False,False,False,missing,,False,6.0,False,False,False,False,False,False,Technology,1.108,2.113,,,,False,False,1.7325000000000002,1.9785,,,
KMX,2026-08-19,bad,bad,bad,missing,missing,missing,missing,3,4,False,False,False,False,bad,bad,5,,False,mid,dead,below,high,flat,mid,missing,,missing,False,False,False,missing,,False,13.0,False,False,False,False,False,False,Consumer Cyclical,3.562,5.394,,,,False,False,4.1865,5.2595,,,
BETA,2026-08-19,bad,bad,good,missing,missing,missing,missing,2,4,False,False,False,False,bad,neutral,7,,False,overbought,normal,above,mid,flat,mid,missing,,missing,False,False,False,missing,,False,4.0,False,False,False,False,False,False,Industrials,-3.485,-6.288,,,,False,False,-2.8605,-6.4225,,,
EFC,2026-08-19,bad,bad,bad,missing,missing,missing,missing,3,4,False,False,False,False,bad,bad,5,,False,mid,dead,above,mid,flat,mid,missing,,missing,False,False,False,missing,,False,14.0,False,False,False,False,False,False,Real Estate,-0.656,-0.584,,,,False,False,-0.03149999999999997,-0.7184999999999999,,,
SIBN,2026-08-19,bad,bad,good,missing,missing,missing,missing,2,4,False,False,False,False,bad,neutral,7,,False,mid,normal,above,high,flat,mid,missing,,missing,False,False,False,missing,,False,4.0,False,False,False,False,False,False,Healthcare,-2.16,0.251,,,,False,False,-1.5355,0.11649999999999999,,,
WT,2026-08-19,bad,bad,bad,missing,missing,missing,missing,3,4,False,False,False,False,bad,bad,5,,False,mid,dead,above,high,flat,mid,missing,,missing,False,False,False,missing,,False,15.0,False,False,False,False,False,False,Financial,-0.22,3.568,,,,False,False,0.4045000000000001,3.4335,,,
KBH,2026-08-19,bad,bad,bad,missing,missing,missing,missing,3,4,False,False,False,False,bad,bad,5,,False,mid,dead,below,high,flat,mid,missing,,missing,False,False,False,missing,,False,4.0,False,False,False,False,False,False,Consumer Cyclical,-3.44,-1.826,,,,False,False,-2.8155,-1.9605000000000001,,,
KC,2026-08-19,bad,bad,bad,missing,missing,missing,missing,3,4,False,False,False,False,bad,bad,5,,False,mid,normal,below,low,flat,mid,missing,,missing,False,False,False,missing,,False,1.0,False,False,False,False,False,False,Technology,-7.68,-9.943,,,,False,False,-7.055499999999999,-10.077499999999999,,,
DEC,2026-08-19,bad,bad,good,missing,missing,missing,missing,2,4,False,False,False,False,bad,neutral,7,,False,mid,normal,above,mid,flat,mid,missing,,missing,False,False,False,missing,,False,1.0,False,False,False,False,False,False,Energy,2.011,1.664,,,,False,False,2.6355000000000004,1.5294999999999999,,,
GDRX,2026-08-19,bad,bad,good,missing,missing,missing,missing,2,4,False,False,False,False,bad,neutral,7,,False,mid,normal,above,mid,flat,mid,missing,,missing,False,False,False,missing,,False,10.0,False,False,False,False,False,False,Healthcare,0.565,-2.542,,,,False,False,1.1895,-2.6765,,,
SHOO,2026-08-19,bad,bad,bad,missing,missing,missing,missing,3,4,False,False,False,False,bad,bad,5,,False,mid,dead,above,mid,flat,mid,missing,,missing,False,False,False,missing,,False,5.0,False,False,False,False,False,False,Consumer Cyclical,-3.443,-2.662,,,,False,False,-2.8185000000000002,-2.7965,,,
UTZ,2026-08-19,bad,bad,good,missing,missing,missing,missing,2,4,False,False,False,False,bad,neutral,7,,False,overbought,dead,above,high,flat,mid,missing,,missing,False,False,False,missing,,False,-2.0,False,False,False,False,False,False,Consumer Defensive,-0.141,-0.777,,,,False,False,0.48350000000000004,-0.9115,,,
KODK,2026-08-19,bad,bad,good,missing,missing,missing,missing,2,4,False,False,False,False,bad,neutral,7,,False,mid,dead,above,high,flat,mid,missing,,missing,False,False,False,missing,,False,-7.0,False,False,False,False,False,False,Industrials,-0.411,1.131,,,,False,False,0.21350000000000008,0.9964999999999999,,,
WWW,2026-08-19,bad,bad,bad,missing,missing,missing,missing,3,4,False,False,False,False,bad,bad,5,,False,mid,dead,above,mid,flat,extended,missing,,missing,False,False,False,missing,,False,12.0,False,False,False,False,False,False,Consumer Cyclical,-1.918,0.528,,,,False,False,-1.2934999999999999,0.3935,,,
APG,2026-08-19,bad,bad,good,missing,missing,missing,missing,2,4,False,False,False,False,bad,neutral,7,,False,mid,dead,above,low,flat,mid,missing,,missing,False,True,True,missing,,False,5.0,False,False,False,False,False,False,Industrials,-1.364,-3.176,,,,False,False,-0.7395,-3.3105,,,
KSS,2026-08-19,bad,bad,bad,missing,missing,missing,missing,3,4,False,False,False,False,bad,bad,5,,False,mid,normal,below,high,flat,mid,missing,,missing,False,False,False,missing,,False,11.0,False,False,False,False,False,False,Consumer Cyclical,-8.015,-6.582,,,,False,False,-7.3905,-6.7165,,,
KRNY,2026-08-19,bad,bad,bad,missing,missing,missing,missing,3,4,False,False,False,False,bad,bad,5,,False,mid,normal,above,low,flat,mid,missing,,missing,False,False,False,missing,,False,11.0,False,False,False,False,False,False,Financial,0.415,1.038,,,,False,False,1.0395,0.9035,,,
KLRA,2026-08-19,bad,bad,good,missing,missing,missing,missing,2,4,False,False,False,False,bad,neutral,7,,False,mid,normal,below,mid,flat,mid,missing,,missing,False,False,False,missing,,False,1.0,False,False,False,False,False,False,Healthcare,-4.694,-6.277,,,,False,False,-4.0695,-6.4115,,,
OIS,2026-08-19,bad,bad,good,missing,missing,missing,missing,2,4,False,False,False,False,bad,neutral,7,,False,mid,dead,above,mid,flat,mid,missing,,missing,False,False,False,missing,,False,0.0,False,False,False,False,False,False,Energy,-2.027,-2.59,,,,False,False,-1.4025,-2.7245,,,
KMT,2026-08-19,bad,bad,good,missing,missing,missing,missing,2,4,False,False,False,False,bad,neutral,7,,False,mid,dead,below,mid,flat,mid,missing,,missing,False,False,False,missing,,False,3.0,False,False,False,False,False,False,Industrials,-2.616,-2.027,,,,False,False,-1.9915,-2.1615,,,
CATLU,2026-08-19,bad,bad,bad,missing,missing,missing,missing,3,4,False,False,False,False,bad,bad,5,,False,mid,dead,above,low,flat,mid,missing,,missing,False,False,False,missing,,False,-1.0,False,False,False,False,False,False,Financial,0.0,0.201,,,,False,False,0.6245,0.0665,,,
SHC,2026-08-19,bad,bad,good,missing,missing,missing,missing,2,4,False,False,False,False,bad,neutral,7,,False,mid,dead,above,mid,flat,mid,missing,,missing,False,False,False,missing,,False,10.0,False,False,False,False,False,False,Healthcare,1.158,3.0,,,,False,False,1.7825,2.8655,,,
OCFC,2026-08-19,bad,bad,bad,missing,missing,missing,missing,3,4,False,False,False,False,bad,bad,5,,False,mid,normal,below,mid,flat,mid,missing,,missing,False,False,False,missing,,False,11.0,False,False,False,False,False,False,Financial,-0.728,-0.832,,,,False,False,-0.10349999999999993,-0.9664999999999999,,,
TEX,2026-08-19,bad,bad,good,missing,missing,missing,missing,2,4,False,False,False,False,bad,neutral,7,,False,mid,dead,below,mid,flat,mid,missing,,missing,False,False,False,missing,,False,11.0,False,False,False,False,False,False,Industrials,-0.619,2.91,,,,False,False,0.00550000000000006,2.7755,,,
QUCY,2026-08-19,bad,bad,good,missing,missing,missing,missing,2,4,False,False,False,False,bad,neutral,7,,False,mid,dead,above,high,flat,mid,far,,missing,False,False,False,missing,,False,-4.0,False,False,False,False,False,False,Healthcare,-5.556,-9.722,,,,False,False,-4.9315,-9.856499999999999,,,
KYMR,2026-08-19,bad,bad,good,missing,missing,missing,missing,2,4,False,False,False,False,bad,neutral,7,,False,mid,dead,above,high,flat,extended,missing,,missing,False,False,False,missing,,False,5.0,False,False,False,False,False,False,Healthcare,-4.564,-5.899,,,,False,False,-3.9395,-6.0335,,,
NVCR,2026-08-19,bad,bad,good,missing,missing,missing,missing,2,4,False,False,False,False,bad,neutral,7,,False,mid,dead,above,high,flat,mid,missing,,missing,False,False,False,missing,,False,1.0,False,False,False,False,False,False,Healthcare,-2.363,-6.044,,,,False,False,-1.7385,-6.1785,,,
BIRK,2026-08-19,bad,bad,bad,missing,missing,missing,missing,3,4,False,False,False,False,bad,bad,5,,False,mid,normal,below,high,flat,mid,missing,,missing,False,False,False,missing,,False,2.0,False,False,False,False,False,False,Consumer Cyclical,-4.373,-1.356,,,,False,False,-3.7485,-1.4905000000000002,,,
TPG,2026-08-19,bad,bad,bad,missing,missing,missing,missing,3,4,False,False,False,False,bad,bad,5,,False,mid,normal,above,mid,flat,mid,missing,,missing,False,False,False,missing,,False,10.0,False,False,False,False,False,False,Financial,-3.027,-1.467,,,,False,False,-2.4025,-1.6015000000000001,,,
XFOR,2026-08-19,bad,bad,good,missing,missing,missing,missing,2,4,False,False,False,False,bad,neutral,7,,False,mid,dead,above,high,flat,mid,missing,,missing,False,False,False,missing,,False,4.0,False,False,False,False,False,False,Healthcare,-3.125,-2.885,,,,False,False,-2.5004999999999997,-3.0195,,,
LCLN,2026-08-19,bad,bad,bad,missing,missing,missing,missing,3,4,False,False,False,False,bad,bad,5,,False,mid,dead,above,low,flat,mid,missing,,missing,False,False,False,missing,,False,6.0,False,False,False,False,False,False,Financial,-3.397,-1.367,,,,False,False,-2.7725,-1.5015,,,
XERS,2026-08-19,bad,bad,good,missing,missing,missing,missing,2,4,False,False,False,False,bad,neutral,7,,False,mid,normal,above,mid,flat,mid,missing,,missing,False,False,False,missing,,False,1.0,False,False,False,False,False,False,Healthcare,-2.05,-0.911,,,,False,False,-1.4254999999999998,-1.0455,,,
CLS,2026-08-19,bad,bad,bad,missing,missing,missing,missing,3,4,False,False,False,False,bad,bad,5,,False,mid,normal,below,low,down,mid,missing,,missing,False,False,False,missing,,False,3.0,False,False,False,False,False,False,Technology,0.212,-1.596,,,,False,False,0.8365,-1.7305000000000001,,,
TENB,2026-08-19,bad,bad,bad,missing,missing,missing,missing,3,4,False,False,False,False,bad,bad,5,,False,mid,dead,above,high,flat,mid,missing,,missing,False,False,False,missing,,False,15.0,False,False,False,False,False,False,Technology,-3.316,-2.551,,,,False,False,-2.6914999999999996,-2.6855,,,
AMLX,2026-08-19,bad,bad,good,missing,missing,missing,missing,2,4,False,False,False,False,bad,neutral,7,,False,overbought,hot,above,high,up,extended,missing,,missing,False,False,True,missing,,False,-1.0,False,False,False,False,False,False,Healthcare,2.746,0.155,,,,False,False,3.3705,0.02049999999999999,,,
SRRK,2026-08-19,bad,bad,good,missing,missing,missing,missing,2,4,False,False,False,False,bad,neutral,7,,False,mid,dead,above,high,flat,mid,missing,,missing,False,False,False,missing,,False,0.0,False,False,False,False,False,False,Healthcare,-2.23,-0.018,,,,False,False,-1.6055,-0.1525,,,
CTKB,2026-08-19,bad,bad,good,missing,missing,missing,missing,2,4,False,False,False,False,bad,neutral,7,,False,mid,dead,above,mid,flat,mid,missing,,missing,False,False,False,missing,,False,2.0,False,False,False,False,False,False,Healthcare,-0.851,2.34,,,,False,False,-0.22649999999999992,2.2055,,,
AMRX,2026-08-19,bad,bad,good,missing,missing,missing,missing,2,4,False,False,False,False,bad,neutral,7,,False,mid,dead,above,mid,flat,extended,missing,,missing,False,False,True,missing,,False,11.0,False,False,False,False,False,False,Healthcare,-1.16,-1.104,,,,False,False,-0.5354999999999999,-1.2385000000000002,,,
UPWK,2026-08-19,bad,bad,bad,missing,missing,missing,missing,3,4,False,False,False,False,bad,bad,5,,False,mid,normal,below,high,flat,mid,missing,,missing,False,False,False,missing,,False,4.0,False,False,False,False,False,False,Communication Services,-0.345,-0.921,,,,False,False,0.2795000000000001,-1.0555,,,
GENI,2026-08-19,bad,bad,bad,missing,missing,missing,missing,3,4,False,False,False,False,bad,bad,5,,False,mid,dead,above,high,flat,mid,missing,,missing,False,False,False,missing,,False,3.0,False,False,False,False,False,False,Communication Services,2.059,3.732,,,,False,False,2.6835000000000004,3.5975,,,
BLMN,2026-08-19,bad,bad,bad,missing,missing,missing,missing,3,4,False,False,False,False,bad,bad,5,,False,mid,dead,above,high,flat,mid,missing,,missing,False,False,False,missing,,False,9.0,False,False,False,False,False,False,Consumer Cyclical,-1.225,9.614,,,,False,False,-0.6005,9.479500000000002,,,
BL,2026-08-19,bad,bad,bad,missing,missing,missing,missing,3,4,False,False,False,False,bad,bad,5,,False,mid,dead,above,high,flat,extended,missing,,missing,False,False,False,missing,,False,9.0,False,False,False,False,False,False,Technology,1.559,1.273,,,,False,False,2.1835,1.1384999999999998,,,
UROY,2026-08-19,bad,bad,good,missing,missing,missing,missing,2,4,False,False,False,False,bad,neutral,7,,False,mid,normal,above,low,flat,mid,missing,,missing,False,False,False,missing,,False,6.0,False,False,False,False,False,False,Energy,-0.955,4.535,,,,False,False,-0.3304999999999999,4.4005,,,
BLFS,2026-08-19,bad,bad,good,missing,missing,missing,missing,2,4,False,False,False,False,bad,neutral,7,,False,mid,dead,above,high,flat,mid,missing,,missing,False,False,False,missing,,False,10.0,False,False,False,False,False,False,Healthcare,1.371,1.727,,,,False,False,1.9955,1.5925,,,
ELF,2026-08-19,bad,bad,good,missing,missing,missing,missing,2,4,False,False,False,False,bad,neutral,7,,False,mid,dead,above,high,flat,mid,missing,,missing,False,False,False,missing,,False,9.0,False,False,False,False,False,False,Consumer Defensive,-1.194,2.298,,,,False,False,-0.5694999999999999,2.1635,,,
LEG,2026-08-19,bad,bad,bad,missing,missing,missing,missing,3,4,False,False,False,False,bad,bad,5,,False,mid,dead,below,high,flat,mid,missing,,missing,False,False,False,missing,,False,12.0,False,False,False,False,False,False,Consumer Cyclical,-3.512,-2.789,,,,False,False,-2.8875,-2.9235,,,
LEGN,2026-08-19,bad,bad,good,missing,missing,missing,missing,2,4,False,False,False,False,bad,neutral,7,,False,mid,dead,above,high,flat,mid,missing,,missing,False,False,False,missing,,False,-4.0,False,False,False,False,False,False,Healthcare,-5.929,-3.451,,,,False,False,-5.3045,-3.5855,,,
NTRA,2026-08-19,bad,bad,good,missing,missing,missing,missing,2,4,False,False,False,False,bad,neutral,7,,False,mid,normal,above,mid,flat,mid,missing,,missing,False,False,False,missing,,False,3.0,False,False,False,False,False,False,Healthcare,-0.071,2.141,,,,False,False,0.5535000000000001,2.0065,,,
NTST,2026-08-19,bad,bad,bad,missing,missing,missing,missing,3,4,False,False,False,False,bad,bad,5,,False,mid,dead,below,high,flat,mid,missing,,missing,False,False,False,missing,,False,7.0,False,False,False,False,False,False,Real Estate,0.39,-0.877,,,,False,False,1.0145,-1.0115,,,
BLSH,2026-08-19,bad,bad,bad,missing,missing,missing,missing,3,4,False,False,False,False,bad,bad,5,,False,mid,normal,above,high,flat,mid,missing,,missing,False,False,False,missing,,False,-1.0,False,False,False,False,False,False,Technology,5.646,12.964,,,,False,False,6.2705,12.829500000000001,,,
EGY,2026-08-19,bad,bad,good,missing,missing,missing,missing,2,4,False,False,False,False,bad,neutral,7,,False,mid,dead,above,high,flat,mid,missing,,missing,False,False,False,missing,,False,2.0,False,False,False,False,False,False,Energy,1.686,1.226,,,,False,False,2.3105,1.0915,,,
NWL,2026-08-19,bad,bad,good,missing,missing,missing,missing,2,4,False,False,False,False,bad,neutral,7,,False,mid,dead,above,high,flat,mid,missing,,missing,False,False,False,missing,,False,8.0,False,False,False,False,False,False,Consumer Defensive,-6.006,-1.136,,,,False,False,-5.3815,-1.2705,,,
RBRK,2026-08-19,bad,bad,bad,missing,missing,missing,missing,3,4,False,False,False,False,bad,bad,5,,False,overbought,normal,above,high,flat,mid,missing,,missing,False,False,False,missing,,False,7.0,False,False,False,False,False,False,Technology,-2.265,0.311,,,,False,False,-1.6405,0.1765,,,
LFST,2026-08-19,bad,bad,good,missing,missing,missing,missing,2,4,False,False,False,False,bad,neutral,7,,False,mid,normal,above,mid,flat,mid,missing,,missing,False,False,False,missing,,False,11.0,False,False,False,False,False,False,Healthcare,-1.403,-2.806,,,,False,False,-0.7785,-2.9405,,,
NRG,2026-08-19,bad,bad,good,missing,missing,missing,missing,2,4,True,False,False,False,neutral,neutral,8,,False,mid,dead,below,mid,flat,mid,missing,,missing,False,False,False,missing,,False,5.0,False,False,False,False,False,False,Utilities,-4.329,-6.195,,,,False,False,-3.7044999999999995,-6.3295,,,
CSQR,2026-08-19,bad,bad,bad,missing,missing,missing,missing,3,4,False,False,False,False,bad,bad,5,,False,mid,dead,above,low,flat,mid,missing,,missing,False,False,False,missing,,False,-2.0,False,False,False,False,False,False,Technology,-0.44,-0.587,,,,False,False,0.18450000000000005,-0.7215,,,
FTDR,2026-08-19,bad,bad,bad,missing,missing,missing,missing,3,4,False,False,False,False,bad,bad,5,,False,mid,dead,above,mid,flat,mid,missing,,missing,False,False,False,missing,,False,10.0,False,False,False,False,False,False,Consumer Cyclical,-0.413,0.377,,,,False,False,0.21150000000000008,0.2425,,,
FVRR,2026-08-19,bad,bad,bad,missing,missing,missing,missing,3,4,False,False,False,False,bad,bad,5,,False,mid,normal,below,high,flat,mid,missing,,missing,False,False,False,missing,,False,-1.0,False,False,False,False,False,False,Communication Services,-1.078,-0.754,,,,False,False,-0.4535,-0.8885000000000001,,,
SFL,2026-08-19,bad,bad,good,missing,missing,missing,missing,2,4,False,False,False,False,bad,neutral,7,,False,mid,dead,above,mid,flat,mid,missing,,missing,False,False,False,missing,,False,14.0,False,False,False,False,False,False,Industrials,-1.028,-2.055,,,,False,False,-0.40349999999999997,-2.1895000000000002,,,
USAS,2026-08-19,bad,bad,bad,missing,missing,missing,missing,3,4,False,False,False,False,bad,bad,5,,False,mid,normal,above,mid,flat,mid,missing,,missing,False,False,False,missing,,False,-2.0,False,False,False,False,False,False,Basic Materials,-2.597,0.0,,,,False,False,-1.9725,-0.1345,,,
BN,2026-08-19,bad,bad,bad,missing,missing,missing,missing,3,4,False,False,False,False,bad,bad,5,,False,mid,normal,below,low,flat,mid,missing,,missing,False,False,False,missing,,False,-4.0,False,False,False,False,False,False,Financial,-1.851,-1.091,,,,False,False,-1.2265,-1.2255,,,
CSTM,2026-08-19,bad,bad,bad,missing,missing,missing,missing,3,4,False,False,False,False,bad,bad,5,,False,mid,dead,below,mid,flat,mid,missing,,missing,False,False,False,missing,,False,7.0,False,False,False,False,False,False,Basic Materials,-0.038,1.884,,,,False,False,0.5865,1.7494999999999998,,,
SRAD,2026-08-19,bad,bad,bad,missing,missing,missing,missing,3,4,False,False,False,False,bad,bad,5,,False,mid,dead,below,mid,flat,mid,missing,,missing,False,False,False,missing,,False,0.0,False,False,False,False,False,False,Technology,-3.372,-0.383,,,,False,False,-2.7474999999999996,-0.5175000000000001,,,
NPKI,2026-08-19,bad,bad,good,missing,missing,missing,missing,2,4,False,False,False,False,bad,neutral,7,,False,mid,dead,above,mid,flat,mid,missing,,missing,False,False,False,missing,,False,11.0,False,False,False,False,False,False,Industrials,-1.779,-2.633,,,,False,False,-1.1544999999999999,-2.7675,,,
CVLT,2026-08-19,bad,bad,bad,missing,missing,missing,missing,3,4,False,False,False,False,bad,bad,5,,False,mid,dead,above,mid,flat,mid,missing,,missing,False,False,False,missing,,False,10.0,False,False,False,False,False,False,Technology,-4.144,-2.556,,,,False,False,-3.5195,-2.6905,,,
FROG,2026-08-19,bad,bad,bad,missing,missing,missing,missing,3,4,False,False,False,False,bad,bad,5,,False,mid,dead,above,high,flat,mid,missing,,missing,False,False,False,missing,,False,4.0,False,False,False,False,False,False,Technology,-1.634,1.009,,,,False,False,-1.0094999999999998,0.8744999999999998,,,
NN,2026-08-19,bad,bad,bad,missing,missing,missing,missing,3,4,False,False,False,False,bad,bad,5,,False,mid,dead,above,high,flat,mid,missing,,missing,False,False,False,missing,,False,-3.0,False,False,False,False,False,False,Technology,-5.093,-3.888,,,,False,False,-4.4685,-4.0225,,,
NMFC,2026-08-19,bad,bad,bad,missing,missing,missing,missing,3,4,False,False,False,False,bad,bad,5,,False,mid,dead,above,mid,flat,mid,missing,,missing,False,False,False,missing,,False,-9.0,False,False,False,False,False,False,Financial,-0.527,-0.395,,,,False,False,0.09750000000000003,-0.5295000000000001,,,
RCUS,2026-08-19,bad,bad,good,missing,missing,missing,missing,2,4,False,False,False,False,bad,neutral,7,,False,mid,normal,above,high,flat,mid,missing,,missing,False,False,False,missing,,False,8.0,False,False,False,False,False,False,Healthcare,-2.735,-0.033,,,,False,False,-2.1105,-0.1675,,,
UPBD,2026-08-19,bad,bad,bad,missing,missing,missing,missing,3,4,False,False,False,False,bad,bad,5,,False,mid,dead,below,high,flat,mid,missing,,missing,False,False,False,missing,,False,7.0,False,False,False,False,False,False,Technology,-4.923,-3.59,,,,False,False,-4.2985,-3.7245,,,
REXR,2026-08-19,bad,bad,bad,missing,missing,missing,missing,3,4,False,False,False,False,bad,bad,5,,False,mid,normal,below,mid,flat,mid,missing,,missing,False,False,False,missing,,False,-5.0,False,False,False,False,False,False,Real Estate,-1.358,-0.879,,,,False,False,-0.7335,-1.0135,,,
ALLO,2026-08-19,bad,bad,good,missing,missing,missing,missing,2,4,False,False,False,False,bad,neutral,7,,False,mid,dead,above,high,flat,mid,missing,,missing,False,False,True,missing,,False,1.0,False,False,False,False,False,False,Healthcare,-5.83,-6.278,,,,False,False,-5.2055,-6.4125,,,
RGEN,2026-08-19,bad,bad,good,missing,missing,missing,missing,2,4,False,False,False,False,bad,neutral,7,,False,mid,dead,above,high,flat,mid,missing,,missing,False,False,False,missing,,False,10.0,False,False,False,False,False,False,Healthcare,2.228,2.705,,,,False,False,2.8525,2.5705,,,
UMH,2026-08-19,bad,bad,bad,missing,missing,missing,missing,3,4,False,False,False,False,bad,bad,5,,False,mid,dead,above,mid,flat,mid,missing,,missing,False,False,False,missing,,False,15.0,False,False,False,False,False,False,Real Estate,0.242,-0.302,,,,False,False,0.8665,-0.4365,,,
RHP,2026-08-19,bad,bad,bad,missing,missing,missing,missing,3,4,False,False,False,False,bad,bad,5,,False,mid,normal,below,mid,flat,mid,missing,,missing,False,False,False,missing,,False,12.0,False,False,False,False,False,False,Real Estate,0.234,0.125,,,,False,False,0.8585,-0.009500000000000008,,,
UNIT,2026-08-19,bad,bad,bad,missing,missing,missing,missing,3,4,False,False,False,False,bad,bad,5,,False,mid,dead,below,high,flat,mid,missing,,missing,False,False,False,missing,,False,5.0,False,False,False,False,False,False,Real Estate,-2.614,-3.485,,,,False,False,-1.9894999999999998,-3.6195,,,
ALEC,2026-08-19,bad,bad,good,missing,missing,missing,missing,2,4,False,False,False,False,bad,neutral,7,,False,mid,hot,above,mid,flat,extended,missing,,missing,False,False,True,missing,,False,-2.0,False,False,False,False,False,False,Healthcare,-6.996,-2.881,,,,False,False,-6.3715,-3.0155,,,
LTM,2026-08-19,bad,bad,good,missing,missing,missing,missing,2,4,False,False,False,False,bad,neutral,7,,False,mid,dead,below,low,flat,mid,missing,,missing,False,False,False,missing,,False,6.0,False,False,False,False,False,False,Industrials,-1.751,0.311,,,,False,False,-1.1264999999999998,0.1765,,,
NOV,2026-08-19,bad,bad,good,missing,missing,missing,missing,2,4,False,False,False,False,bad,neutral,7,,False,mid,dead,above,mid,flat,mid,missing,,missing,False,False,False,missing,,False,9.0,False,False,False,False,False,False,Energy,-2.03,-1.305,,,,False,False,-1.4054999999999997,-1.4395,,,
NIQ,2026-08-19,bad,bad,bad,missing,missing,missing,missing,3,4,False,False,False,False,bad,bad,5,,False,overbought,dead,above,high,flat,mid,missing,,missing,False,False,False,missing,,False,6.0,False,False,False,False,False,False,Technology,-0.874,2.567,,,,False,False,-0.24949999999999994,2.4325,,,
ENTG,2026-08-19,bad,bad,bad,missing,missing,missing,missing,3,4,False,False,False,False,bad,bad,5,,False,mid,normal,above,mid,down,mid,missing,,missing,False,False,False,missing,,False,10.0,False,False,False,False,False,False,Technology,0.243,-0.43,,,,False,False,0.8675,-0.5645,,,
ENTX,2026-08-19,bad,bad,good,missing,missing,missing,missing,2,4,False,False,False,False,bad,neutral,7,,False,mid,dead,above,low,flat,mid,missing,,missing,False,False,False,missing,,False,2.0,False,False,False,False,False,False,Healthcare,3.537,3.859,,,,False,False,4.1615,3.7245,,,
COIN,2026-08-19,bad,bad,bad,missing,missing,missing,missing,3,4,False,False,False,False,bad,bad,5,,False,mid,normal,below,high,flat,mid,missing,,missing,False,False,False,missing,,False,-8.0,False,False,False,False,False,False,Financial,7.584,16.411,,,,False,False,8.208499999999999,16.276500000000002,,,
CMC,2026-08-19,bad,bad,good,missing,missing,missing,missing,2,4,False,False,False,False,bad,neutral,7,,False,mid,dead,below,mid,flat,mid,missing,,missing,False,False,False,missing,,False,6.0,False,False,False,False,False,False,Industrials,-4.225,-2.714,,,,False,False,-3.6004999999999994,-2.8485,,,
UEC,2026-08-19,bad,bad,good,missing,missing,missing,missing,2,4,False,False,False,False,bad,neutral,7,,False,mid,dead,above,high,down,mid,missing,,missing,False,False,False,missing,,False,-5.0,False,False,False,False,False,False,Energy,-4.127,9.716,,,,False,False,-3.5024999999999995,9.5815,,,
LPX,2026-08-19,bad,bad,good,missing,missing,missing,missing,2,4,False,False,False,False,bad,neutral,7,,False,mid,dead,below,high,flat,mid,missing,,missing,False,False,False,missing,,False,-1.0,False,False,False,False,False,False,Industrials,-2.948,-3.698,,,,False,False,-2.3235,-3.8325,,,
CAMT,2026-08-19,bad,bad,bad,missing,missing,missing,missing,3,4,False,False,False,False,bad,bad,5,,False,mid,normal,above,high,down,mid,missing,,missing,False,False,False,missing,,False,2.0,False,False,False,False,False,False,Technology,-1.427,-2.555,,,,False,False,-0.8025,-2.6895000000000002,,,
EMBJ,2026-08-19,bad,bad,good,missing,missing,missing,missing,2,4,False,False,False,False,bad,neutral,7,,False,overbought,normal,above,low,flat,extended,missing,,missing,False,False,False,missing,,False,7.0,False,False,False,False,False,False,Industrials,-3.434,-2.315,,,,False,False,-2.8095,-2.4495,,,
TBLA,2026-08-19,bad,bad,bad,missing,missing,missing,missing,3,4,False,False,False,False,bad,bad,5,,False,mid,dead,below,mid,flat,mid,missing,,missing,False,False,False,missing,,False,-1.0,False,False,False,False,False,False,Communication Services,-4.663,-3.368,,,,False,False,-4.0385,-3.5025,,,
CNM,2026-08-19,bad,bad,good,missing,missing,missing,missing,2,4,False,False,False,False,bad,neutral,7,,False,mid,normal,above,mid,flat,mid,missing,,missing,False,False,False,missing,,False,4.0,False,False,False,False,False,False,Industrials,-1.833,-0.905,,,,False,False,-1.2085,-1.0395,,,
SEER,2026-08-19,bad,bad,good,missing,missing,missing,missing,2,4,False,False,False,False,bad,neutral,7,,False,mid,dead,below,low,flat,mid,missing,,missing,False,False,False,missing,,False,-9.0,False,False,False,False,False,False,Healthcare,-1.463,-0.976,,,,False,False,-0.8385,-1.1105,,,
NKTX,2026-08-19,bad,bad,good,missing,missing,missing,missing,2,4,False,False,False,False,bad,neutral,7,,False,mid,dead,above,mid,flat,mid,missing,,missing,False,False,False,missing,,False,-10.0,False,False,False,False,False,False,Healthcare,-2.756,4.724,,,,False,False,-2.1315,4.5895,,,
NIO,2026-08-19,bad,bad,bad,missing,missing,missing,missing,3,4,False,False,False,False,bad,bad,5,,False,mid,normal,below,mid,flat,mid,missing,,missing,False,False,False,missing,,False,1.0,False,False,False,False,False,False,Consumer Cyclical,-1.092,1.092,,,,False,False,-0.4675,0.9575,,,
AEHR,2026-08-19,bad,bad,bad,missing,missing,missing,missing,3,4,False,False,False,False,bad,bad,5,,False,mid,normal,above,high,down,mid,missing,,missing,False,False,True,missing,,False,2.0,False,False,False,False,False,False,Technology,-1.843,-5.771,,,,False,False,-1.2185,-5.9055,,,
MAT,2026-08-19,bad,bad,bad,missing,missing,missing,missing,3,4,False,False,False,False,bad,bad,5,,False,mid,dead,below,high,flat,mid,missing,,missing,False,False,False,missing,,False,7.0,False,False,False,False,False,False,Consumer Cyclical,1.308,-0.138,,,,False,False,1.9325,-0.2725,,,
LSPD,2026-08-19,bad,bad,bad,missing,missing,missing,missing,3,4,False,False,False,False,bad,bad,5,,False,mid,dead,above,mid,flat,mid,missing,,missing,False,False,False,missing,,False,7.0,False,False,False,False,False,False,Technology,-0.192,1.921,,,,False,False,0.43250000000000005,1.7865,,,
NEWP,2026-08-19,bad,bad,bad,missing,missing,missing,missing,3,4,False,False,False,False,bad,bad,5,,False,mid,normal,above,mid,flat,mid,missing,,missing,False,False,False,missing,,False,7.0,False,False,False,False,False,False,Basic Materials,0.293,-3.367,,,,False,False,0.9175,-3.5015,,,
NEOV,2026-08-19,bad,bad,good,missing,missing,missing,missing,2,4,False,False,False,False,bad,neutral,7,,False,mid,normal,above,high,down,mid,missing,,missing,False,False,False,missing,,False,1.0,False,False,False,False,False,False,Industrials,2.994,0.0,,,,False,False,3.6185,-0.1345,,,
ROAD,2026-08-19,bad,bad,good,missing,missing,missing,missing,2,4,False,False,False,False,bad,neutral,7,,False,mid,dead,above,high,flat,mid,missing,,missing,False,False,False,missing,,False,8.0,False,False,False,False,False,False,Industrials,-2.093,-2.976,,,,False,False,-1.4685,-3.1105,,,
MAIR,2026-08-19,bad,bad,good,missing,missing,missing,missing,2,4,False,False,False,False,bad,neutral,7,,False,mid,hot,below,mid,flat,washed,missing,,missing,False,False,False,missing,,False,2.0,False,False,False,False,False,False,Industrials,-6.45,-7.377,,,,False,False,-5.8255,-7.5115,,,
LZB,2026-08-19,bad,bad,bad,missing,missing,missing,missing,3,4,False,False,False,False,bad,bad,5,,False,mid,dead,above,mid,flat,mid,missing,,missing,False,False,False,missing,,False,1.0,False,False,False,False,False,False,Consumer Cyclical,-0.767,-0.59,,,,False,False,-0.14249999999999996,-0.7244999999999999,,,
LXU,2026-08-19,bad,bad,bad,missing,missing,missing,missing,3,4,False,False,False,False,bad,bad,5,,False,mid,normal,below,mid,flat,mid,missing,,missing,False,False,False,missing,,False,6.0,False,False,False,False,False,False,Basic Materials,2.987,7.129,,,,False,False,3.6115000000000004,6.9944999999999995,,,
BRSL,2026-08-19,bad,bad,bad,missing,missing,missing,missing,3,4,False,False,False,False,bad,bad,5,,False,mid,dead,above,high,flat,mid,missing,,missing,False,False,False,missing,,False,4.0,False,False,False,False,False,False,Consumer Cyclical,1.757,6.327,,,,False,False,2.3815,6.1925,,,
LYFT,2026-08-19,bad,bad,bad,missing,missing,missing,missing,3,4,False,False,False,False,bad,bad,5,,False,mid,dead,above,high,flat,mid,missing,,missing,False,False,False,missing,,False,8.0,False,False,False,False,False,False,Technology,-0.172,0.229,,,,False,False,0.45250000000000007,0.0945,,,
LYV,2026-08-19,bad,bad,bad,missing,missing,missing,missing,3,4,False,False,False,False,bad,bad,5,,False,mid,dead,below,high,flat,mid,missing,,missing,False,False,False,missing,,False,5.0,False,False,False,False,False,False,Communication Services,-1.178,-1.287,,,,False,False,-0.5534999999999999,-1.4215,,,
LX,2026-08-19,bad,bad,bad,missing,missing,missing,missing,3,4,False,False,False,False,bad,bad,5,,False,oversold,normal,below,low,flat,washed,missing,,missing,False,False,False,missing,,False,0.0,False,False,False,False,False,False,Financial,-1.471,-2.206,,,,False,False,-0.8465,-2.3405,,,
AEO,2026-08-19,bad,bad,bad,missing,missing,missing,missing,3,4,False,False,False,False,bad,bad,5,,False,mid,dead,below,high,flat,mid,missing,,missing,False,False,True,missing,,False,8.0,False,False,False,False,False,False,Consumer Cyclical,-4.019,-2.999,,,,False,False,-3.3945,-3.1335,,,
NAGE,2026-08-19,bad,bad,good,missing,missing,missing,missing,2,4,False,False,False,False,bad,neutral,7,,False,mid,dead,below,high,flat,mid,missing,,missing,False,False,False,missing,,False,0.0,False,False,False,False,False,False,Healthcare,-0.631,1.262,,,,False,False,-0.00649999999999995,1.1275,,,
NAK,2026-08-19,bad,bad,bad,missing,missing,missing,missing,3,4,False,False,False,False,bad,bad,5,,False,mid,normal,below,mid,down,washed,missing,,missing,False,False,False,missing,,False,-6.0,False,False,False,False,False,False,Basic Materials,-1.19,3.571,,,,False,False,-0.5654999999999999,3.4365,,,
BRZE,2026-08-19,bad,bad,bad,missing,missing,missing,missing,3,4,False,False,False,False,bad,bad,5,,False,mid,normal,above,high,flat,mid,missing,,missing,False,False,False,missing,,False,3.0,False,False,False,False,False,False,Technology,0.196,1.338,,,,False,False,0.8205,1.2035,,,
RRR,2026-08-19,bad,bad,bad,missing,missing,missing,missing,3,4,False,False,False,False,bad,bad,5,,False,mid,dead,below,mid,flat,mid,missing,,missing,False,False,False,missing,,False,13.0,False,False,False,False,False,False,Consumer Cyclical,-0.261,-0.261,,,,False,False,0.36350000000000005,-0.3955,,,
RRX,2026-08-19,bad,bad,good,missing,missing,missing,missing,2,4,False,False,False,False,bad,neutral,7,,False,mid,normal,below,mid,flat,mid,missing,,missing,False,False,False,missing,,False,3.0,False,False,False,False,False,False,Industrials,-2.148,-1.971,,,,False,False,-1.5235,-2.1055,,,
FLR,2026-08-19,bad,bad,good,missing,missing,missing,missing,2,4,False,False,False,False,bad,neutral,7,,False,mid,normal,above,mid,flat,mid,missing,,missing,False,False,False,missing,,False,3.0,False,False,False,False,False,False,Industrials,-3.515,-3.034,,,,False,False,-2.8905000000000003,-3.1685,,,
FLYW,2026-08-19,bad,bad,bad,missing,missing,missing,missing,3,4,False,False,False,False,bad,bad,5,,False,mid,dead,above,high,flat,mid,missing,,missing,False,False,False,missing,,False,10.0,False,False,False,False,False,False,Technology,-0.425,3.771,,,,False,False,0.19950000000000007,3.6365,,,
ADEA,2026-08-19,bad,bad,bad,missing,missing,missing,missing,3,4,False,False,False,False,bad,bad,5,,False,mid,dead,above,mid,down,mid,missing,,missing,False,False,False,missing,,False,7.0,False,False,False,False,False,False,Technology,-1.928,-4.547,,,,False,False,-1.3034999999999999,-4.6815,,,
RQI,2026-08-19,bad,bad,bad,missing,missing,missing,missing,3,4,False,False,False,False,bad,bad,5,,False,mid,normal,below,low,flat,mid,missing,,missing,False,False,False,missing,,False,5.0,False,False,False,False,False,False,Financial,-0.564,-0.242,,,,False,False,0.06050000000000011,-0.3765,,,
MFP,2026-08-19,bad,bad,good,missing,missing,missing,missing,2,4,False,False,False,False,bad,neutral,7,,False,mid,dead,below,low,flat,mid,missing,,missing,False,False,False,missing,,False,5.0,False,False,False,False,False,False,Industrials,7.088,10.939,,,,False,False,7.7125,10.8045,,,
MANE,2026-08-19,bad,bad,good,missing,missing,missing,missing,2,4,False,False,False,False,bad,neutral,7,,False,mid,dead,below,high,flat,mid,missing,,missing,False,False,False,missing,,False,6.0,False,False,False,False,False,False,Healthcare,-5.313,-7.561,,,,False,False,-4.6884999999999994,-7.6955,,,
NAVN,2026-08-19,bad,bad,bad,missing,missing,missing,missing,3,4,False,False,False,False,bad,bad,5,,False,mid,dead,above,mid,flat,mid,missing,,missing,False,False,False,missing,,False,7.0,False,False,False,False,False,False,Technology,-2.125,-0.069,,,,False,False,-1.5005,-0.20350000000000001,,,
RTO,2026-08-19,bad,bad,good,missing,missing,missing,missing,2,4,False,False,False,False,bad,neutral,7,,False,oversold,hot,below,low,flat,mid,missing,,missing,False,False,False,missing,,False,-2.0,False,False,False,False,False,False,Industrials,-0.85,0.467,,,,False,False,-0.22549999999999992,0.3325,,,
RUSHA,2026-08-19,bad,bad,bad,missing,missing,missing,missing,3,4,False,False,False,False,bad,bad,5,,False,mid,dead,above,mid,flat,mid,missing,,missing,False,False,False,missing,,False,14.0,False,False,False,False,False,False,Consumer Cyclical,-1.558,0.574,,,,False,False,-0.9335,0.43949999999999995,,,
RPD,2026-08-19,bad,bad,bad,missing,missing,missing,missing,3,4,False,False,False,False,bad,bad,5,,False,mid,dead,above,high,flat,mid,missing,,missing,False,False,False,missing,,False,10.0,False,False,False,False,False,False,Technology,-2.95,-2.909,,,,False,False,-2.3255,-3.0435,,,
TYRA,2026-08-19,bad,bad,good,missing,missing,missing,missing,2,4,False,False,False,False,bad,neutral,7,,False,mid,dead,below,high,flat,mid,missing,,missing,False,False,False,missing,,False,-3.0,False,False,False,False,False,False,Healthcare,-4.178,-2.835,,,,False,False,-3.5534999999999997,-2.9695,,,
RVMD,2026-08-19,bad,bad,good,missing,missing,missing,missing,2,4,False,False,False,False,bad,neutral,7,,False,mid,normal,above,mid,flat,mid,missing,,missing,False,False,False,missing,,False,-7.0,False,False,False,False,False,False,Healthcare,-1.363,-2.422,,,,False,False,-0.7384999999999999,-2.5565,,,
CRK,2026-08-19,bad,bad,good,missing,missing,missing,missing,2,4,False,False,False,False,bad,neutral,7,,False,mid,normal,above,high,flat,mid,missing,,missing,False,False,False,missing,,False,4.0,False,False,False,False,False,False,Energy,2.068,5.022,,,,False,False,2.6925,4.8875,,,
CRSR,2026-08-19,bad,bad,bad,missing,missing,missing,missing,3,4,False,False,False,False,bad,bad,5,,False,mid,dead,above,high,flat,mid,missing,,missing,False,False,False,missing,,False,11.0,False,False,False,False,False,False,Technology,-3.877,-3.7,,,,False,False,-3.2524999999999995,-3.8345000000000002,,,
MGTX,2026-08-19,bad,bad,good,missing,missing,missing,missing,2,4,False,False,False,False,bad,neutral,7,,False,mid,dead,above,mid,flat,mid,missing,,missing,False,False,False,missing,,False,10.0,False,False,False,False,False,False,Healthcare,-2.872,-4.208,,,,False,False,-2.2474999999999996,-4.3425,,,
MTN,2026-08-19,bad,bad,bad,missing,missing,missing,missing,3,4,False,False,False,False,bad,bad,5,,False,mid,dead,above,high,flat,mid,missing,,missing,False,False,False,missing,,False,12.0,False,False,False,False,False,False,Consumer Cyclical,-1.849,-0.157,,,,False,False,-1.2245,-0.2915,,,
EROC,2026-08-19,bad,bad,good,missing,missing,missing,missing,2,4,False,False,False,False,bad,neutral,7,,False,mid,normal,above,high,flat,extended,missing,,missing,False,False,False,missing,,False,1.0,False,False,False,False,False,False,Industrials,-9.401,-1.602,,,,False,False,-8.7765,-1.7365000000000002,,,
FLG,2026-08-19,bad,bad,bad,missing,missing,missing,missing,3,4,False,False,False,False,bad,bad,5,,False,mid,normal,below,high,flat,mid,missing,,missing,False,False,False,missing,,False,-1.0,False,False,False,False,False,False,Financial,-1.461,-1.607,,,,False,False,-0.8365,-1.7415,,,
FIGR,2026-08-19,bad,bad,bad,missing,missing,missing,missing,3,4,False,False,False,False,bad,bad,5,,False,mid,normal,above,high,down,extended,missing,,missing,False,False,False,missing,,False,7.0,False,False,False,False,False,False,Financial,-2.144,6.106,,,,False,False,-1.5195,5.9715,,,
MTH,2026-08-19,bad,bad,bad,missing,missing,missing,missing,3,4,False,False,False,False,bad,bad,5,,False,mid,dead,below,mid,flat,mid,missing,,missing,False,False,False,missing,,False,-1.0,False,False,False,False,False,False,Consumer Cyclical,-4.232,-3.383,,,,False,False,-3.6075,-3.5175,,,
MDLN,2026-08-19,bad,bad,good,missing,missing,missing,missing,2,4,False,False,False,False,bad,neutral,7,,False,mid,dead,below,mid,flat,mid,missing,,missing,False,False,False,missing,,False,5.0,False,False,False,False,False,False,Healthcare,-3.922,1.032,,,,False,False,-3.2975000000000003,0.8975,,,
MDXG,2026-08-19,bad,bad,good,missing,missing,missing,missing,2,4,False,False,False,False,bad,neutral,7,,False,mid,dead,above,mid,flat,mid,missing,,missing,False,False,False,missing,,False,2.0,False,False,False,False,False,False,Healthcare,-3.371,-2.697,,,,False,False,-2.7465,-2.8315,,,
MWH,2026-08-19,bad,bad,good,missing,missing,missing,missing,2,4,False,False,False,False,bad,neutral,7,,False,mid,dead,above,high,flat,mid,missing,,missing,False,False,False,missing,,False,3.0,False,False,False,False,False,False,Utilities,-3.504,-5.439,,,,False,False,-2.8795,-5.5735,,,
MDB,2026-08-19,bad,bad,bad,missing,missing,missing,missing,3,4,False,False,False,False,bad,bad,5,,False,mid,dead,above,mid,flat,mid,missing,,missing,False,False,False,missing,,False,6.0,False,False,False,False,False,False,Technology,-4.576,-2.202,,,,False,False,-3.9514999999999993,-2.3365,,,
YOU,2026-08-19,bad,bad,bad,missing,missing,missing,missing,3,4,False,False,False,False,bad,bad,5,,False,oversold,normal,below,high,flat,washed,missing,,missing,False,False,False,missing,,False,7.0,False,False,False,False,False,False,Technology,-3.16,-2.28,,,,False,False,-2.5355,-2.4145,,,
YRD,2026-08-19,bad,bad,bad,missing,missing,missing,missing,3,4,False,False,False,False,bad,bad,5,,False,mid,dead,below,low,flat,mid,missing,,missing,False,False,False,missing,,False,-6.0,False,False,False,False,False,False,Financial,-2.564,-2.564,,,,False,False,-1.9395,-2.6985,,,
MFIC,2026-08-19,bad,bad,bad,missing,missing,missing,missing,3,4,False,False,False,False,bad,bad,5,,False,mid,normal,above,mid,flat,mid,missing,,missing,False,False,False,missing,,False,2.0,False,False,False,False,False,False,Financial,0.102,-0.51,,,,False,False,0.7265,-0.6445000000000001,,,
BTQ,2026-08-19,bad,bad,bad,missing,missing,missing,missing,3,4,False,False,False,False,bad,bad,5,,False,mid,normal,below,high,down,washed,missing,,missing,False,False,False,missing,,False,-4.0,False,False,False,False,False,False,Technology,-3.064,-1.95,,,,False,False,-2.4395,-2.0845,,,
BTSG,2026-08-19,bad,bad,good,missing,missing,missing,missing,2,4,False,False,False,False,bad,neutral,7,,False,mid,dead,below,mid,flat,mid,missing,,missing,False,False,False,missing,,False,6.0,False,False,False,False,False,False,Healthcare,0.337,-0.775,,,,False,False,0.9615,-0.9095,,,
SAIL,2026-08-19,bad,bad,bad,missing,missing,missing,missing,3,4,False,False,False,False,bad,bad,5,,False,mid,dead,above,high,flat,mid,missing,,missing,False,False,False,missing,,False,9.0,False,False,False,False,False,False,Technology,-3.544,-2.866,,,,False,False,-2.9195,-3.0005,,,
TTAN,2026-08-19,bad,bad,bad,missing,missing,missing,missing,3,4,False,False,False,False,bad,bad,5,,False,mid,dead,above,high,flat,mid,missing,,missing,False,False,False,missing,,False,3.0,False,False,False,False,False,False,Technology,-2.578,-0.158,,,,False,False,-1.9534999999999998,-0.2925,,,
MKSI,2026-08-19,bad,bad,bad,missing,missing,missing,missing,3,4,False,False,False,False,bad,bad,5,,False,mid,normal,below,high,down,mid,missing,,missing,False,False,False,missing,,False,11.0,False,False,False,False,False,False,Technology,0.099,-0.884,,,,False,False,0.7235,-1.0185,,,
SANM,2026-08-19,bad,bad,bad,missing,missing,missing,missing,3,4,False,False,False,False,bad,bad,5,,False,mid,dead,above,low,down,mid,missing,,missing,False,False,False,missing,,False,6.0,False,False,False,False,False,False,Technology,-1.959,-2.899,,,,False,False,-1.3345,-3.0335,,,
SARO,2026-08-19,bad,bad,good,missing,missing,missing,missing,2,4,False,False,False,False,bad,neutral,7,,False,mid,dead,below,mid,flat,mid,missing,,missing,False,False,False,missing,,False,2.0,False,False,False,False,False,False,Industrials,-4.432,-5.076,,,,False,False,-3.8075,-5.2105,,,
CRBG,2026-08-19,bad,bad,bad,missing,missing,missing,missing,3,4,False,False,False,False,bad,bad,5,,False,mid,normal,above,mid,flat,mid,missing,,missing,False,False,False,missing,,False,8.0,False,False,False,False,False,False,Financial,-2.333,-1.904,,,,False,False,-1.7085000000000001,-2.0385,,,
EZPW,2026-08-19,bad,bad,bad,missing,missing,missing,missing,3,4,False,False,False,False,bad,bad,5,,False,mid,dead,below,high,flat,extended,missing,,missing,False,False,False,missing,,False,8.0,False,False,False,False,False,False,Financial,0.035,12.07,,,,False,False,0.6595000000000001,11.935500000000001,,,
SBGI,2026-08-19,bad,bad,bad,missing,missing,missing,missing,3,4,False,False,False,False,bad,bad,5,,False,mid,dead,above,high,flat,mid,missing,,missing,False,False,False,missing,,False,6.0,False,False,False,False,False,False,Communication Services,-1.578,-1.166,,,,False,False,-0.9535,-1.3005,,,
EXK,2026-08-19,bad,bad,bad,missing,missing,missing,missing,3,4,False,False,False,False,bad,bad,5,,False,mid,normal,above,high,flat,mid,missing,,missing,False,False,False,missing,,False,4.0,False,False,False,False,False,False,Basic Materials,-0.182,-3.367,,,,False,False,0.44250000000000006,-3.5015,,,
ZNTL,2026-08-19,bad,bad,good,missing,missing,missing,missing,2,4,False,False,False,False,bad,neutral,7,,False,mid,normal,below,high,flat,washed,missing,,missing,False,False,False,missing,,False,1.0,False,False,False,False,False,False,Healthcare,0.524,0.131,,,,False,False,1.1485,-0.003500000000000003,,,
MNDY,2026-08-19,bad,bad,bad,missing,missing,missing,missing,3,4,False,False,False,False,bad,bad,5,,False,mid,dead,above,high,flat,mid,missing,,missing,False,False,False,missing,,False,11.0,False,False,False,False,False,False,Technology,0.319,-0.308,,,,False,False,0.9435,-0.4425,,,
RYN,2026-08-19,bad,bad,bad,missing,missing,missing,missing,3,4,False,False,False,False,bad,bad,5,,False,mid,normal,below,mid,flat,mid,missing,,missing,False,False,False,missing,,False,15.0,False,False,False,False,False,False,Real Estate,-0.885,-1.258,,,,False,False,-0.26049999999999995,-1.3925,,,
ABX,2026-08-19,bad,bad,bad,missing,missing,missing,missing,3,4,False,False,False,False,bad,bad,5,,False,mid,dead,below,high,flat,mid,missing,,missing,False,False,True,missing,,False,12.0,False,False,False,False,False,False,Financial,0.109,5.574,,,,False,False,0.7335,5.4395,,,
ACCO,2026-08-19,bad,bad,good,missing,missing,missing,missing,2,4,False,False,False,False,bad,neutral,7,,False,mid,normal,above,mid,flat,mid,missing,,missing,False,False,False,missing,,False,10.0,False,False,False,False,False,False,Industrials,-1.628,0.385,,,,False,False,-1.0034999999999998,0.2505,,,
MLTX,2026-08-19,bad,bad,good,missing,missing,missing,missing,2,4,False,False,False,False,bad,neutral,7,,False,mid,normal,below,mid,flat,mid,missing,,missing,False,False,False,missing,,False,-3.0,False,False,False,False,False,False,Healthcare,-5.197,-5.854,,,,False,False,-4.5725,-5.9885,,,
EQ,2026-08-19,bad,bad,good,missing,missing,missing,missing,2,4,False,False,False,False,bad,neutral,7,,False,mid,normal,above,high,flat,extended,missing,,missing,False,False,False,missing,,False,-1.0,False,False,False,False,False,False,Healthcare,-2.575,-0.858,,,,False,False,-1.9505000000000001,-0.9924999999999999,,,
EQH,2026-08-19,bad,bad,bad,missing,missing,missing,missing,3,4,False,False,False,False,bad,bad,5,,False,mid,dead,above,low,flat,mid,missing,,missing,False,False,False,missing,,False,-2.0,False,False,False,False,False,False,Financial,-2.422,-2.122,,,,False,False,-1.7975,-2.2565,,,
ERII,2026-08-19,bad,bad,good,missing,missing,missing,missing,2,4,False,False,False,False,bad,neutral,7,,False,mid,normal,below,mid,flat,mid,missing,,missing,False,False,False,missing,,False,0.0,False,False,False,False,False,False,Industrials,-2.023,-0.126,,,,False,False,-1.3985,-0.2605,,,
HUBG,2026-08-19,bad,bad,good,missing,missing,missing,missing,2,4,False,False,False,False,bad,neutral,7,,False,mid,normal,below,mid,flat,mid,far,,missing,False,False,False,missing,,False,3.0,False,False,False,False,False,False,Industrials,0.125,1.825,,,,False,False,0.7495,1.6905,,,
AVT,2026-08-19,bad,bad,bad,missing,missing,missing,missing,3,4,False,False,False,False,bad,bad,5,,False,mid,normal,below,high,flat,mid,missing,,missing,False,False,True,missing,,False,7.0,False,False,False,False,False,False,Technology,-1.641,0.34,,,,False,False,-1.0165,0.20550000000000002,,,
AVXL,2026-08-19,bad,bad,good,missing,missing,missing,missing,2,4,False,False,False,False,bad,neutral,7,,False,mid,dead,above,high,flat,washed,far,,missing,False,False,False,missing,,False,3.0,False,False,False,False,False,False,Healthcare,-7.67,-4.425,,,,False,False,-7.0455,-4.5595,,,
AXGN,2026-08-19,bad,bad,good,missing,missing,missing,missing,2,4,False,False,False,False,bad,neutral,7,,False,mid,normal,above,mid,flat,mid,missing,,missing,False,False,True,missing,,False,-2.0,False,False,False,False,False,False,Healthcare,-5.089,3.004,,,,False,False,-4.4645,2.8695,,,
DNTH,2026-08-19,bad,bad,good,missing,missing,missing,missing,2,4,False,False,False,False,bad,neutral,7,,False,mid,dead,above,high,flat,mid,missing,,missing,False,False,False,missing,,False,3.0,False,False,False,False,False,False,Healthcare,-3.685,-2.287,,,,False,False,-3.0605,-2.4215,,,
DOCN,2026-08-19,bad,bad,bad,missing,missing,missing,missing,3,4,False,False,False,False,bad,bad,5,,False,mid,normal,above,high,down,mid,missing,,missing,False,False,False,missing,,False,5.0,False,False,False,False,False,False,Technology,-1.98,-0.874,,,,False,False,-1.3555,-1.0085,,,
ESTC,2026-08-19,bad,bad,bad,missing,missing,missing,missing,3,4,False,False,False,False,bad,bad,5,,False,overbought,normal,above,mid,flat,extended,missing,,missing,False,False,False,missing,,False,11.0,False,False,False,False,False,False,Technology,-1.649,-1.603,,,,False,False,-1.0245,-1.7375,,,
MNTN,2026-08-19,bad,bad,bad,missing,missing,missing,missing,3,4,False,False,False,False,bad,bad,5,,False,overbought,normal,above,high,flat,extended,missing,,missing,False,False,False,missing,,False,6.0,False,False,False,False,False,False,Technology,-1.17,0.624,,,,False,False,-0.5454999999999999,0.4895,,,
AAL,2026-08-19,bad,bad,good,missing,missing,missing,missing,2,4,True,False,False,False,bad,neutral,7,,False,mid,dead,below,high,flat,mid,missing,,missing,False,False,True,missing,,False,-3.0,False,False,False,False,False,False,Industrials,-2.453,-0.289,,,,False,False,-1.8284999999999998,-0.4235,,,
ACHC,2026-08-19,bad,bad,good,missing,missing,missing,missing,2,4,False,False,False,False,bad,neutral,7,,False,mid,normal,below,high,flat,washed,missing,,missing,False,False,False,missing,,False,4.0,False,False,False,False,False,False,Healthcare,-1.425,1.681,,,,False,False,-0.8005,1.5465,,,
ACHR,2026-08-19,bad,bad,good,missing,missing,missing,missing,2,4,False,False,False,False,bad,neutral,7,,False,mid,normal,above,high,down,mid,missing,,missing,False,False,True,missing,,False,1.0,False,False,False,False,False,False,Industrials,-5.581,-2.326,,,,False,False,-4.9565,-2.4605,,,
Z,2026-08-19,bad,bad,bad,missing,missing,missing,missing,3,4,False,False,False,False,bad,bad,5,,False,mid,normal,above,mid,flat,mid,missing,,missing,False,False,False,missing,,False,11.0,False,False,False,False,False,False,Communication Services,-2.351,-1.914,,,,False,False,-1.7265,-2.0484999999999998,,,
ZBIO,2026-08-19,bad,bad,good,missing,missing,missing,missing,2,4,False,False,False,False,bad,neutral,7,,False,mid,normal,above,high,flat,mid,missing,,missing,False,False,False,missing,,False,-3.0,False,False,False,False,False,False,Healthcare,1.184,3.328,,,,False,False,1.8085,3.1935,,,
SWIM,2026-08-19,bad,bad,good,missing,missing,missing,missing,2,4,False,False,False,False,bad,neutral,7,,False,mid,dead,above,high,flat,washed,missing,,missing,False,False,False,missing,,False,5.0,False,False,False,False,False,False,Industrials,-1.391,-2.225,,,,False,False,-0.7665,-2.3595,,,
CRBP,2026-08-19,bad,bad,good,missing,missing,missing,missing,2,4,False,False,False,False,bad,neutral,7,,False,mid,normal,above,high,flat,mid,missing,,missing,False,False,False,missing,,False,0.0,False,False,False,False,False,False,Healthcare,-1.501,3.904,,,,False,False,-0.8764999999999998,3.7695,,,
MLKN,2026-08-19,bad,bad,bad,missing,missing,missing,missing,3,4,False,False,False,False,bad,bad,5,,False,mid,dead,above,mid,flat,mid,missing,,missing,False,False,False,missing,,False,12.0,False,False,False,False,False,False,Consumer Cyclical,-2.023,-0.861,,,,False,False,-1.3985,-0.9955,,,
TARA,2026-08-19,bad,bad,good,missing,missing,missing,missing,2,4,False,False,False,False,bad,neutral,7,,False,mid,dead,below,high,flat,mid,missing,,missing,False,False,False,missing,,False,-4.0,False,False,False,False,False,False,Healthcare,-1.515,-2.778,,,,False,False,-0.8904999999999998,-2.9125,,,
MTZ,2026-08-19,bad,bad,good,missing,missing,missing,missing,2,4,False,False,False,False,bad,neutral,7,,False,mid,normal,below,mid,down,mid,missing,,missing,False,False,False,missing,,False,5.0,False,False,False,False,False,False,Industrials,-0.077,-2.135,,,,False,False,0.5475000000000001,-2.2695,,,
ACRS,2026-08-19,bad,bad,good,missing,missing,missing,missing,2,4,False,False,False,False,bad,neutral,7,,False,mid,normal,above,high,flat,mid,missing,,missing,False,False,False,missing,,False,3.0,False,False,False,False,False,False,Healthcare,-1.708,-0.466,,,,False,False,-1.0835,-0.6005,,,
MXCT,2026-08-19,bad,bad,good,missing,missing,missing,missing,2,4,False,False,False,False,bad,neutral,7,,False,mid,dead,above,low,flat,mid,missing,,missing,False,False,False,missing,,False,2.0,False,False,False,False,False,False,Healthcare,-0.719,-0.719,,,,False,False,-0.09449999999999992,-0.8534999999999999,,,
EPAM,2026-08-19,bad,bad,bad,missing,missing,missing,missing,3,4,False,False,False,False,bad,bad,5,,False,mid,dead,above,high,flat,mid,missing,,missing,False,False,False,missing,,False,6.0,False,False,False,False,False,False,Technology,-0.568,2.766,,,,False,False,0.056500000000000106,2.6315,,,
TSHA,2026-08-19,bad,bad,good,missing,missing,missing,missing,2,4,False,False,False,False,bad,neutral,7,,False,mid,dead,above,high,flat,mid,missing,,missing,False,False,False,missing,,False,-13.0,False,False,False,False,False,False,Healthcare,-4.977,-5.288,,,,False,False,-4.3525,-5.4225,,,
FG,2026-08-19,bad,bad,bad,missing,missing,missing,missing,3,4,False,False,False,False,bad,bad,5,,False,mid,normal,below,low,flat,mid,missing,,missing,False,False,False,missing,,False,8.0,False,False,False,False,False,False,Financial,-3.905,-4.202,,,,False,False,-3.2805,-4.3365,,,
RVLV,2026-08-19,bad,bad,bad,missing,missing,missing,missing,3,4,False,False,False,False,bad,bad,5,,False,mid,normal,below,high,flat,mid,missing,,missing,False,False,False,missing,,False,9.0,False,False,False,False,False,False,Consumer Cyclical,1.215,-0.419,,,,False,False,1.8395000000000001,-0.5535,,,
ENOV,2026-08-19,bad,bad,good,missing,missing,missing,missing,2,4,False,False,False,False,bad,neutral,7,,False,mid,dead,below,high,flat,mid,missing,,missing,False,False,False,missing,,False,7.0,False,False,False,False,False,False,Healthcare,-1.208,-1.66,,,,False,False,-0.5834999999999999,-1.7945,,,
EXTR,2026-08-19,bad,bad,bad,missing,missing,missing,missing,3,4,False,False,False,False,bad,bad,5,,False,mid,normal,below,mid,flat,mid,missing,,missing,False,False,False,missing,,False,3.0,False,False,False,False,False,False,Technology,-2.062,1.009,,,,False,False,-1.4374999999999998,0.8744999999999998,,,
RXST,2026-08-19,bad,bad,good,missing,missing,missing,missing,2,4,False,False,False,False,bad,neutral,7,,False,mid,dead,above,high,flat,washed,missing,,missing,False,False,False,missing,,False,1.0,False,False,False,False,False,False,Healthcare,-1.136,1.461,,,,False,False,-0.5114999999999998,1.3265,,,
TTMI,2026-08-19,bad,bad,bad,missing,missing,missing,missing,3,4,False,False,False,False,bad,bad,5,,False,mid,normal,below,low,down,mid,missing,,missing,False,False,False,missing,,False,3.0,False,False,False,False,False,False,Technology,-1.719,-5.018,,,,False,False,-1.0945,-5.1525,,,
TWO,2026-08-19,bad,bad,bad,missing,missing,missing,missing,3,4,False,False,False,False,bad,bad,5,,False,mid,dead,below,mid,flat,mid,missing,,missing,False,False,False,missing,,False,-6.0,False,False,False,False,False,False,Real Estate,0.25,0.333,,,,False,False,0.8745,0.1985,,,
CAKE,2026-08-19,bad,bad,bad,missing,missing,missing,missing,3,4,False,False,False,False,bad,bad,5,,False,mid,normal,above,high,flat,mid,missing,,missing,False,False,False,missing,,False,3.0,False,False,False,False,False,False,Consumer Cyclical,0.671,7.097,,,,False,False,1.2955,6.9625,,,
CAL,2026-08-19,bad,bad,bad,missing,missing,missing,missing,3,4,False,False,False,False,bad,bad,5,,False,mid,dead,below,high,flat,mid,missing,,missing,False,False,False,missing,,False,5.0,False,False,False,False,False,False,Consumer Cyclical,-6.186,-0.873,,,,False,False,-5.5615,-1.0075,,,
ENPH,2026-08-19,bad,bad,bad,missing,missing,missing,missing,3,4,False,False,False,False,bad,bad,5,,False,mid,dead,below,high,flat,washed,missing,,missing,False,False,False,missing,,False,0.0,False,False,False,False,False,False,Technology,-2.565,-1.93,,,,False,False,-1.9405,-2.0645,,,
FLY,2026-08-19,bad,bad,good,missing,missing,missing,missing,2,4,False,False,False,False,bad,neutral,7,,False,mid,dead,above,high,down,mid,missing,,missing,False,False,False,missing,,False,4.0,False,False,False,False,False,False,Industrials,-6.601,-3.36,,,,False,False,-5.9765,-3.4945,,,
FIG,2026-08-19,bad,bad,bad,missing,missing,missing,missing,3,4,False,False,False,False,bad,bad,5,,False,mid,normal,above,high,flat,mid,missing,,missing,False,False,False,missing,,False,8.0,False,False,False,False,False,False,Technology,1.941,1.157,,,,False,False,2.5655,1.0225,,,
BRKR,2026-08-19,bad,bad,good,missing,missing,missing,missing,2,4,False,False,False,False,bad,neutral,7,,False,mid,dead,below,high,flat,mid,missing,,missing,False,False,False,missing,,False,-10.0,False,False,False,False,False,False,Healthcare,2.165,1.552,,,,False,False,2.7895000000000003,1.4175,,,
FJET,2026-08-19,bad,bad,good,missing,missing,missing,missing,2,4,False,False,False,False,bad,neutral,7,,False,mid,dead,above,high,flat,mid,missing,,missing,False,False,False,missing,,False,-5.0,False,False,False,False,False,False,Industrials,0.252,-1.763,,,,False,False,0.8765000000000001,-1.8975,,,
FLO,2026-08-19,bad,bad,good,missing,missing,missing,missing,2,4,False,False,False,False,bad,neutral,7,,False,mid,dead,above,high,flat,mid,missing,,missing,False,False,False,missing,,False,7.0,False,False,False,False,False,False,Consumer Defensive,-4.826,-6.836,,,,False,False,-4.201499999999999,-6.9705,,,
TXG,2026-08-19,bad,bad,good,missing,missing,missing,missing,2,4,False,False,False,False,bad,neutral,7,,False,mid,dead,above,high,flat,mid,missing,,missing,False,False,False,missing,,False,4.0,False,False,False,False,False,False,Healthcare,2.701,4.711,,,,False,False,3.3255,4.5765,,,
FBRX,2026-08-19,bad,bad,good,missing,missing,missing,missing,2,4,False,False,False,False,bad,neutral,7,,False,overbought,normal,above,high,flat,mid,missing,,missing,False,False,False,missing,,False,-1.0,False,False,False,False,False,False,Healthcare,-0.013,0.026,,,,False,False,0.6115,-0.10850000000000001,,,
FIVN,2026-08-19,bad,bad,bad,missing,missing,missing,missing,3,4,False,False,False,False,bad,bad,5,,False,mid,dead,above,high,flat,mid,missing,,missing,False,False,False,missing,,False,13.0,False,False,False,False,False,False,Technology,-1.344,0.031,,,,False,False,-0.7195,-0.10350000000000001,,,
RSI,2026-08-19,bad,bad,bad,missing,missing,missing,missing,3,4,False,False,False,False,bad,bad,5,,False,mid,dead,below,mid,flat,mid,missing,,missing,False,False,False,missing,,False,10.0,False,False,False,False,False,False,Consumer Cyclical,-0.428,0.311,,,,False,False,0.19650000000000006,0.1765,,,
RSKD,2026-08-19,bad,bad,bad,missing,missing,missing,missing,3,4,False,False,False,False,bad,bad,5,,False,overbought,normal,above,low,flat,extended,missing,,missing,False,False,False,missing,,False,4.0,False,False,False,False,False,False,Technology,-1.163,-1.993,,,,False,False,-0.5385,-2.1275,,,
REZI,2026-08-19,bad,bad,good,missing,missing,missing,missing,2,4,False,False,False,False,bad,neutral,7,,False,mid,normal,below,mid,flat,washed,missing,,missing,False,False,False,missing,,False,11.0,False,False,False,False,False,False,Industrials,-7.01,-5.896,,,,False,False,-6.3854999999999995,-6.0305,,,
FTAI,2026-08-19,bad,bad,good,missing,missing,missing,missing,2,4,False,False,False,False,bad,neutral,7,,False,mid,normal,below,mid,down,mid,missing,,missing,False,False,False,missing,,False,-4.0,False,False,False,False,False,False,Industrials,-6.211,-0.574,,,,False,False,-5.5865,-0.7084999999999999,,,
FPS,2026-08-19,bad,bad,good,missing,missing,missing,missing,2,4,False,False,False,False,bad,neutral,7,,False,mid,normal,below,mid,down,mid,missing,,missing,False,False,False,missing,,False,-1.0,False,False,False,False,False,False,Industrials,-3.192,-3.714,,,,False,False,-2.5675,-3.8485,,,
RIG,2026-08-19,bad,bad,good,missing,missing,missing,missing,2,4,False,False,False,False,bad,neutral,7,,False,mid,normal,above,high,flat,mid,missing,,missing,False,False,False,missing,,False,2.0,False,False,False,False,False,False,Energy,2.911,1.37,,,,False,False,3.5355,1.2355,,,
EMBC,2026-08-19,bad,bad,good,missing,missing,missing,missing,2,4,False,False,False,False,bad,neutral,7,,False,overbought,normal,above,high,flat,mid,missing,,missing,False,False,False,missing,,False,10.0,False,False,False,False,False,False,Healthcare,0.923,-3.506,,,,False,False,1.5475,-3.6405,,,
CABA,2026-08-19,bad,bad,good,missing,missing,missing,missing,2,4,False,False,False,False,bad,neutral,7,,False,mid,normal,above,high,flat,mid,missing,,missing,False,False,False,missing,,False,-1.0,False,False,False,False,False,False,Healthcare,2.903,0.968,,,,False,False,3.5275,0.8334999999999999,,,
RLJ,2026-08-19,bad,bad,bad,missing,missing,missing,missing,3,4,False,False,False,False,bad,bad,5,,False,mid,dead,below,high,flat,mid,missing,,missing,False,False,False,missing,,False,10.0,False,False,False,False,False,False,Real Estate,1.235,1.411,,,,False,False,1.8595000000000002,1.2765,,,
BOBS,2026-08-19,bad,bad,bad,missing,missing,missing,missing,3,4,False,False,False,False,bad,bad,5,,False,mid,dead,above,high,flat,mid,missing,,missing,False,False,False,missing,,False,3.0,False,False,False,False,False,False,Consumer Cyclical,-2.168,-5.095,,,,False,False,-1.5435,-5.2295,,,
EGHT,2026-08-19,bad,bad,bad,missing,missing,missing,missing,3,4,False,False,False,False,bad,bad,5,,False,mid,dead,above,low,flat,mid,missing,,missing,False,False,False,missing,,False,12.0,False,False,False,False,False,False,Technology,-3.81,-4.286,,,,False,False,-3.1855,-4.4205,,,
SGI,2026-08-19,bad,bad,bad,missing,missing,missing,missing,3,4,False,False,False,False,bad,bad,5,,False,mid,dead,below,mid,flat,mid,missing,,missing,False,False,False,missing,,False,1.0,False,False,False,False,False,False,Consumer Cyclical,-2.415,-1.731,,,,False,False,-1.7905,-1.8655000000000002,,,
CAVA,2026-08-19,bad,bad,bad,missing,missing,missing,missing,3,4,False,False,False,False,bad,bad,5,,False,mid,dead,above,high,flat,extended,missing,,missing,False,False,False,missing,,False,6.0,False,False,False,False,False,False,Consumer Cyclical,0.643,2.878,,,,False,False,1.2675,2.7435,,,
BMNR,2026-08-19,bad,bad,bad,missing,missing,missing,missing,3,4,False,False,False,False,bad,bad,5,,False,mid,normal,above,mid,flat,mid,far,,missing,False,False,False,missing,,False,0.0,False,False,False,False,False,False,Financial,6.571,12.796,,,,False,False,7.1955,12.6615,,,
TRTX,2026-08-19,bad,bad,bad,missing,missing,missing,missing,3,4,False,False,False,False,bad,bad,5,,False,mid,dead,below,mid,flat,mid,missing,,missing,False,False,False,missing,,False,-2.0,False,False,False,False,False,False,Real Estate,-0.758,-0.379,,,,False,False,-0.13349999999999995,-0.5135000000000001,,,
FSLY,2026-08-19,bad,bad,bad,missing,missing,missing,missing,3,4,False,False,False,False,bad,bad,5,,False,mid,normal,above,high,flat,mid,missing,,missing,False,False,False,missing,,False,8.0,False,False,False,False,False,False,Technology,-4.015,5.452,,,,False,False,-3.3904999999999994,5.3175,,,
FULC,2026-08-19,bad,bad,good,missing,missing,missing,missing,2,4,False,False,False,False,bad,neutral,7,,False,mid,normal,above,high,flat,mid,missing,,missing,False,False,False,missing,,False,4.0,False,False,False,False,False,False,Healthcare,-1.535,-2.046,,,,False,False,-0.9104999999999999,-2.1805,,,
FRVO,2026-08-19,bad,bad,good,missing,missing,missing,missing,2,4,False,False,False,False,bad,neutral,7,,False,mid,normal,below,mid,flat,washed,missing,,missing,False,False,False,missing,,False,-6.0,False,False,False,False,False,False,Utilities,-4.655,-5.104,,,,False,False,-4.0305,-5.2385,,,
UNFI,2026-08-19,bad,bad,good,missing,missing,missing,missing,2,4,False,False,False,False,bad,neutral,7,,False,mid,dead,below,mid,flat,mid,missing,,missing,False,False,False,missing,,False,-9.0,False,False,False,False,False,False,Consumer Defensive,-0.064,2.672,,,,False,False,0.5605,2.5375,,,
SHAK,2026-08-19,bad,bad,bad,missing,missing,missing,missing,3,4,False,False,False,False,bad,bad,5,,False,mid,dead,above,high,flat,mid,missing,,missing,False,False,False,missing,,False,10.0,False,False,False,False,False,False,Consumer Cyclical,0.792,3.48,,,,False,False,1.4165,3.3455,,,
SHAZ,2026-08-19,bad,bad,bad,missing,missing,missing,missing,3,4,False,False,False,False,bad,bad,5,,False,mid,normal,above,high,down,extended,missing,,missing,False,False,False,missing,,False,-9.0,False,False,False,False,False,False,Technology,-7.028,-9.748,,,,False,False,-6.403499999999999,-9.882499999999999,,,
USDE,2026-08-19,bad,bad,bad,missing,missing,missing,missing,3,4,False,False,False,False,bad,bad,5,,False,mid,dead,above,low,flat,extended,missing,,missing,False,False,False,missing,,False,2.0,False,False,False,False,False,False,Financial,29.45,139.806,,,,False,False,30.0745,139.6715,,,
BLLN,2026-08-19,bad,bad,good,missing,missing,missing,missing,2,4,False,False,False,False,bad,neutral,7,,False,mid,dead,below,high,flat,washed,missing,,missing,False,False,False,missing,,False,2.0,False,False,False,False,False,False,Healthcare,3.927,3.665,,,,False,False,4.5515,3.5305,,,
GCMG,2026-08-19,bad,bad,bad,missing,missing,missing,missing,3,4,False,False,False,False,bad,bad,5,,False,mid,dead,above,low,flat,mid,missing,,missing,False,False,False,missing,,False,7.0,False,False,False,False,False,False,Financial,-2.25,-0.363,,,,False,False,-1.6255,-0.4975,,,
QURE,2026-08-19,bad,bad,good,missing,missing,missing,missing,2,4,False,False,False,False,bad,neutral,7,,False,mid,dead,above,high,flat,mid,missing,,missing,False,False,False,missing,,False,1.0,False,False,False,False,False,False,Healthcare,0.267,-0.8,,,,False,False,0.8915000000000001,-0.9345000000000001,,,
RAL,2026-08-19,bad,bad,bad,missing,missing,missing,missing,3,4,False,False,False,False,bad,bad,5,,False,mid,dead,above,mid,flat,mid,missing,,missing,False,False,False,missing,,False,0.0,False,False,False,False,False,False,Technology,-3.879,-4.36,,,,False,False,-3.2545,-4.4945,,,
BKD,2026-08-19,bad,bad,good,missing,missing,missing,missing,2,4,False,False,False,False,bad,neutral,7,,False,mid,dead,below,high,flat,mid,missing,,missing,False,False,False,missing,,False,-3.0,False,False,False,False,False,False,Healthcare,-2.558,-2.64,,,,False,False,-1.9334999999999998,-2.7745,,,
GALT,2026-08-19,bad,bad,good,missing,missing,missing,missing,2,4,False,False,False,False,bad,neutral,7,,False,mid,dead,above,high,flat,mid,missing,,missing,False,False,False,missing,,False,1.0,False,False,False,False,False,False,Healthcare,-2.725,0.272,,,,False,False,-2.1005000000000003,0.1375,,,
GAP,2026-08-19,bad,bad,bad,missing,missing,missing,missing,3,4,False,False,False,False,bad,bad,5,,False,mid,dead,above,high,flat,mid,missing,,missing,False,False,False,missing,,False,6.0,False,False,False,False,False,False,Consumer Cyclical,-2.239,-1.493,,,,False,False,-1.6144999999999998,-1.6275000000000002,,,
RANI,2026-08-19,bad,bad,good,missing,missing,missing,missing,2,4,False,False,False,False,bad,neutral,7,,False,mid,hot,above,high,flat,extended,missing,,missing,False,False,False,missing,,False,4.0,False,False,False,False,False,False,Healthcare,-7.197,-4.035,,,,False,False,-6.5725,-4.1695,,,
ECG,2026-08-19,bad,bad,good,missing,missing,missing,missing,2,4,False,False,False,False,bad,neutral,7,,False,mid,normal,above,mid,down,mid,missing,,missing,False,False,False,missing,,False,5.0,False,False,False,False,False,False,Industrials,-3.273,-2.779,,,,False,False,-2.6485000000000003,-2.9135,,,
BHVN,2026-08-19,bad,bad,good,missing,missing,missing,missing,2,4,False,False,False,False,bad,neutral,7,,False,mid,dead,below,high,flat,mid,missing,,missing,False,False,False,missing,,False,3.0,False,False,False,False,False,False,Healthcare,-4.526,-2.051,,,,False,False,-3.9014999999999995,-2.1855,,,
GH,2026-08-19,bad,bad,good,missing,missing,missing,missing,2,4,False,False,False,False,bad,neutral,7,,False,mid,dead,above,high,flat,mid,missing,,missing,False,False,False,missing,,False,-5.0,False,False,False,False,False,False,Healthcare,2.779,4.5,,,,False,False,3.4035,4.3655,,,
SIDU,2026-08-19,bad,bad,good,missing,missing,missing,missing,2,4,False,False,False,False,bad,neutral,7,,False,mid,dead,above,high,down,mid,missing,,missing,False,False,False,missing,,False,-3.0,False,False,False,False,False,False,Industrials,-4.49,-3.265,,,,False,False,-3.8655,-3.3995,,,
GMRS,2026-08-19,bad,bad,good,missing,missing,missing,missing,2,4,False,False,False,False,bad,neutral,7,,False,mid,dead,above,mid,flat,extended,missing,,missing,False,False,False,missing,,False,3.0,False,False,False,False,False,False,Healthcare,-1.942,-6.519,,,,False,False,-1.3175,-6.6535,,,
GFUZ,2026-08-19,bad,bad,good,missing,missing,missing,missing,2,4,False,False,False,False,bad,neutral,7,,False,mid,dead,below,mid,flat,washed,missing,,missing,False,False,False,missing,,False,-7.0,False,False,False,False,False,False,Industrials,-2.735,-1.823,,,,False,False,-2.1105,-1.9575,,,
SITM,2026-08-19,bad,bad,bad,missing,missing,missing,missing,3,4,False,False,False,False,bad,bad,5,,False,mid,normal,above,mid,down,mid,missing,,missing,False,False,False,missing,,False,8.0,False,False,False,False,False,False,Technology,-3.216,-0.627,,,,False,False,-2.5915,-0.7615000000000001,,,
TPC,2026-08-19,bad,bad,good,missing,missing,missing,missing,2,4,False,False,False,False,bad,neutral,7,,False,mid,dead,above,mid,flat,mid,missing,,missing,False,False,False,missing,,False,7.0,False,False,False,False,False,False,Industrials,0.033,1.041,,,,False,False,0.6575000000000001,0.9064999999999999,,,
GSAT,2026-08-19,bad,bad,bad,missing,missing,missing,missing,3,4,False,False,False,False,bad,bad,5,,False,mid,dead,above,mid,flat,mid,missing,,missing,False,False,False,missing,,False,-7.0,False,False,False,False,False,False,Communication Services,-0.558,-0.121,,,,False,False,0.0665,-0.2555,,,
GSHD,2026-08-19,bad,bad,bad,missing,missing,missing,missing,3,4,False,False,False,False,bad,bad,5,,False,mid,dead,above,mid,flat,mid,missing,,missing,False,False,False,missing,,False,10.0,False,False,False,False,False,False,Financial,,,,,,False,False,,,,,
BDTX,2026-08-19,bad,bad,good,missing,missing,missing,missing,2,4,False,False,False,False,bad,neutral,7,,False,mid,dead,above,high,flat,mid,missing,,missing,False,False,False,missing,,False,-2.0,False,False,False,False,False,False,Healthcare,-1.826,0.913,,,,False,False,-1.2015,0.7785,,,
BE,2026-08-19,bad,bad,good,missing,missing,missing,missing,2,4,False,False,False,False,bad,neutral,7,,False,mid,normal,below,mid,down,mid,missing,,missing,False,False,False,missing,,False,0.0,False,False,False,False,False,False,Industrials,-2.008,-2.507,,,,False,False,-1.3835,-2.6415,,,
GILT,2026-08-19,bad,bad,bad,missing,missing,missing,missing,3,4,False,False,False,False,bad,bad,5,,False,mid,normal,below,low,flat,mid,missing,,missing,False,False,False,missing,,False,5.0,False,False,False,False,False,False,Technology,-2.683,-2.868,,,,False,False,-2.0584999999999996,-3.0025,,,
GOOD,2026-08-19,bad,bad,bad,missing,missing,missing,missing,3,4,False,False,False,False,bad,bad,5,,False,mid,normal,above,mid,flat,mid,missing,,missing,False,False,False,missing,,False,11.0,False,False,False,False,False,False,Real Estate,,,,,,False,False,,,,,
HASI,2026-08-19,bad,bad,bad,missing,missing,missing,missing,3,4,False,False,False,False,bad,bad,5,,False,mid,dead,above,high,flat,mid,missing,,missing,False,False,False,missing,,False,14.0,False,False,False,False,False,False,Financial,-3.009,-5.731,,,,False,False,-2.3845,-5.8655,,,
HAWK,2026-08-19,bad,bad,good,missing,missing,missing,missing,2,4,False,False,False,False,bad,neutral,7,,False,mid,dead,above,mid,flat,washed,missing,,missing,False,False,False,missing,,False,3.0,False,False,False,False,False,False,Industrials,-1.369,-2.099,,,,False,False,-0.7444999999999999,-2.2335000000000003,,,
HDSN,2026-08-19,bad,bad,bad,missing,missing,missing,missing,3,4,False,False,False,False,bad,bad,5,,False,mid,hot,below,mid,flat,mid,missing,,missing,False,False,False,missing,,False,6.0,False,False,False,False,False,False,Basic Materials,-4.949,-3.925,,,,False,False,-4.3245,-4.0595,,,
DSGN,2026-08-19,bad,bad,good,missing,missing,missing,missing,2,4,False,False,False,False,bad,neutral,7,,False,mid,dead,above,high,flat,mid,missing,,missing,False,False,False,missing,,False,2.0,False,False,False,False,False,False,Healthcare,-2.384,-5.96,,,,False,False,-1.7594999999999998,-6.0945,,,
GXO,2026-08-19,bad,bad,good,missing,missing,missing,missing,2,4,False,False,False,False,bad,neutral,7,,False,mid,dead,below,mid,flat,mid,missing,,missing,False,False,False,missing,,False,5.0,False,False,False,False,False,False,Industrials,-2.157,-1.402,,,,False,False,-1.5325,-1.5365,,,
PSN,2026-08-19,bad,bad,bad,missing,missing,missing,missing,3,4,False,False,False,False,bad,bad,5,,False,mid,dead,below,mid,flat,mid,missing,,missing,False,False,False,missing,,False,-5.0,False,False,False,False,False,False,Technology,-2.25,4.096,,,,False,False,-1.6255,3.9615,,,
VCYT,2026-08-19,bad,bad,good,missing,missing,missing,missing,2,4,False,False,False,False,bad,neutral,7,,False,mid,dead,below,high,flat,washed,missing,,missing,False,False,False,missing,,False,4.0,False,False,False,False,False,False,Healthcare,-0.948,0.284,,,,False,False,-0.3234999999999999,0.14949999999999997,,,
PTON,2026-08-19,bad,bad,bad,missing,missing,missing,missing,3,4,False,False,False,False,bad,bad,5,,False,mid,dead,below,high,flat,mid,missing,,missing,False,False,False,missing,,False,12.0,False,False,False,False,False,False,Consumer Cyclical,2.011,-1.097,,,,False,False,2.6355000000000004,-1.2315,,,
PTRN,2026-08-19,bad,bad,bad,missing,missing,missing,missing,3,4,False,False,False,False,bad,bad,5,,False,mid,normal,below,high,flat,mid,missing,,missing,False,False,False,missing,,False,-1.0,False,False,False,False,False,False,Technology,-3.282,0.724,,,,False,False,-2.6574999999999998,0.5894999999999999,,,
TNGX,2026-08-19,bad,bad,good,missing,missing,missing,missing,2,4,False,False,False,False,bad,neutral,7,,False,mid,dead,below,high,flat,mid,missing,,missing,False,False,False,missing,,False,-6.0,False,False,False,False,False,False,Healthcare,-6.706,-5.238,,,,False,False,-6.0815,-5.3725000000000005,,,
SLI,2026-08-19,bad,bad,bad,missing,missing,missing,missing,3,4,False,False,False,False,bad,bad,5,,False,mid,dead,below,low,flat,washed,missing,,missing,False,False,False,missing,,False,-3.0,False,False,False,False,False,False,Basic Materials,-1.732,7.359,,,,False,False,-1.1075,7.2245,,,
SLDB,2026-08-19,bad,bad,good,missing,missing,missing,missing,2,4,False,False,False,False,bad,neutral,7,,False,mid,dead,above,high,flat,mid,missing,,missing,False,False,False,missing,,False,5.0,False,False,False,False,False,False,Healthcare,-6.571,-4.517,,,,False,False,-5.9464999999999995,-4.6515,,,
HITI,2026-08-19,bad,bad,good,missing,missing,missing,missing,2,4,False,False,False,False,bad,neutral,7,,False,mid,normal,above,low,flat,mid,missing,,missing,False,False,False,missing,,False,2.0,False,False,False,False,False,False,Healthcare,-0.407,-0.407,,,,False,False,0.21750000000000008,-0.5415,,,
DUOT,2026-08-19,bad,bad,bad,missing,missing,missing,missing,3,4,False,False,False,False,bad,bad,5,,False,overbought,hot,above,high,up,extended,missing,,missing,False,False,False,missing,,False,3.0,False,False,False,False,False,False,Technology,-3.163,-4.0,,,,False,False,-2.5385,-4.1345,,,
HELE,2026-08-19,bad,bad,good,missing,missing,missing,missing,2,4,False,False,False,False,bad,neutral,7,,False,mid,dead,above,high,flat,mid,missing,,missing,False,False,False,missing,,False,4.0,False,False,False,False,False,False,Consumer Defensive,-3.097,2.288,,,,False,False,-2.4725,2.1534999999999997,,,
HOG,2026-08-19,bad,bad,bad,missing,missing,missing,missing,3,4,False,False,False,False,bad,bad,5,,False,mid,dead,above,high,flat,mid,missing,,missing,False,False,False,missing,,False,7.0,False,False,False,False,False,False,Consumer Cyclical,-0.108,1.952,,,,False,False,0.5165000000000001,1.8175,,,
HNST,2026-08-19,bad,bad,good,missing,missing,missing,missing,2,4,False,False,False,False,bad,neutral,7,,False,mid,dead,above,high,flat,washed,missing,,missing,False,False,False,missing,,False,3.0,False,False,False,False,False,False,Consumer Defensive,-1.195,0.598,,,,False,False,-0.5705,0.46349999999999997,,,
HLLY,2026-08-19,bad,bad,bad,missing,missing,missing,missing,3,4,False,False,False,False,bad,bad,5,,False,mid,dead,above,mid,flat,mid,missing,,missing,False,False,False,missing,,False,5.0,False,False,False,False,False,False,Consumer Cyclical,-3.185,-1.592,,,,False,False,-2.5605,-1.7265000000000001,,,
HLX,2026-08-19,bad,bad,good,missing,missing,missing,missing,2,4,False,False,False,False,bad,neutral,7,,False,mid,dead,above,mid,flat,mid,missing,,missing,False,False,False,missing,,False,9.0,False,False,False,False,False,False,Energy,0.288,-0.767,,,,False,False,0.9125000000000001,-0.9015,,,
HE,2026-08-19,bad,bad,good,missing,missing,missing,missing,2,4,False,False,False,False,bad,neutral,7,,False,oversold,dead,below,high,flat,mid,missing,,missing,False,False,False,missing,,False,-3.0,False,False,False,False,False,False,Utilities,-0.854,-1.793,,,,False,False,-0.22949999999999993,-1.9275,,,
BBD,2026-08-19,bad,bad,bad,missing,missing,missing,missing,3,4,False,False,False,False,bad,bad,5,,False,oversold,normal,below,low,flat,mid,missing,,missing,False,False,True,missing,,False,0.0,False,False,False,False,False,False,Financial,-2.295,1.967,,,,False,False,-1.6704999999999999,1.8325,,,
VERA,2026-08-19,bad,bad,good,missing,missing,missing,missing,2,4,False,False,False,False,bad,neutral,7,,False,mid,dead,below,high,flat,mid,missing,,missing,False,False,False,missing,,False,-2.0,False,False,False,False,False,False,Healthcare,-3.145,0.0,,,,False,False,-2.5205,-0.1345,,,
BC,2026-08-19,bad,bad,bad,missing,missing,missing,missing,3,4,False,False,False,False,bad,bad,5,,False,mid,normal,above,high,flat,mid,missing,,missing,False,False,True,missing,,False,6.0,False,False,False,False,False,False,Consumer Cyclical,-0.136,-0.419,,,,False,False,0.48850000000000005,-0.5535,,,
DRVN,2026-08-19,bad,bad,bad,missing,missing,missing,missing,3,4,False,False,False,False,bad,bad,5,,False,mid,normal,below,high,flat,mid,missing,,missing,False,False,False,missing,,False,9.0,False,False,False,False,False,False,Consumer Cyclical,-1.436,-0.454,,,,False,False,-0.8114999999999999,-0.5885,,,
AXTI,2026-08-19,bad,bad,bad,missing,missing,missing,missing,3,4,False,False,False,False,bad,bad,5,,False,mid,hot,above,high,down,extended,missing,,missing,False,False,True,missing,,False,8.0,False,False,False,False,False,False,Technology,-0.422,-3.663,,,,False,False,0.20250000000000007,-3.7975,,,
POOL,2026-08-19,bad,bad,good,missing,missing,missing,missing,2,4,False,False,False,False,bad,neutral,7,,False,mid,dead,below,high,flat,mid,missing,,missing,False,False,False,missing,,False,6.0,False,False,False,False,False,False,Industrials,-2.888,-4.087,,,,False,False,-2.2634999999999996,-4.2215,,,
PNNT,2026-08-19,bad,bad,bad,missing,missing,missing,missing,3,4,False,False,False,False,bad,bad,5,,False,mid,dead,above,mid,flat,mid,missing,,missing,False,False,False,missing,,False,1.0,False,False,False,False,False,False,Financial,-2.128,-0.798,,,,False,False,-1.5035,-0.9325000000000001,,,
POET,2026-08-19,bad,bad,bad,missing,missing,missing,missing,3,4,False,False,False,False,bad,bad,5,,False,mid,normal,above,high,down,mid,missing,,missing,False,False,False,missing,,False,5.0,False,False,False,False,False,False,Technology,-2.014,-2.251,,,,False,False,-1.3894999999999997,-2.3855,,,
DRTS,2026-08-19,bad,bad,good,missing,missing,missing,missing,2,4,False,False,False,False,bad,neutral,7,,False,mid,normal,above,mid,flat,mid,missing,,missing,False,False,False,missing,,False,-1.0,False,False,False,False,False,False,Healthcare,-0.76,3.11,,,,False,False,-0.13549999999999995,2.9755,,,
HP,2026-08-19,bad,bad,good,missing,missing,missing,missing,2,4,False,False,False,False,bad,neutral,7,,False,overbought,dead,above,high,flat,mid,missing,,missing,False,False,False,missing,,False,-4.0,False,False,False,False,False,False,Energy,0.777,-0.48,,,,False,False,1.4015,-0.6145,,,
VIA,2026-08-19,bad,bad,bad,missing,missing,missing,missing,3,4,False,False,False,False,bad,bad,5,,False,overbought,dead,above,high,flat,mid,missing,,missing,False,False,False,missing,,False,7.0,False,False,False,False,False,False,Technology,0.72,2.312,,,,False,False,1.3445,2.1774999999999998,,,
VIAV,2026-08-19,bad,bad,bad,missing,missing,missing,missing,3,4,False,False,False,False,bad,bad,5,,False,mid,dead,above,mid,down,mid,missing,,missing,False,False,False,missing,,False,2.0,False,False,False,False,False,False,Technology,-0.465,0.413,,,,False,False,0.15950000000000003,0.27849999999999997,,,
BATRK,2026-08-19,bad,bad,bad,missing,missing,missing,missing,3,4,False,False,False,False,bad,bad,5,,False,mid,dead,above,mid,flat,mid,missing,,missing,False,True,True,missing,,False,-4.0,False,False,False,False,False,False,Communication Services,-1.083,-3.043,,,,False,False,-0.4584999999999999,-3.1775,,,
BBAR,2026-08-19,bad,bad,bad,missing,missing,missing,missing,3,4,False,False,False,False,bad,bad,5,,False,oversold,normal,below,low,flat,washed,missing,,missing,False,False,False,missing,,False,-1.0,False,False,False,False,False,False,Financial,-2.762,-2.97,,,,False,False,-2.1375,-3.1045000000000003,,,
PRAA,2026-08-19,bad,bad,bad,missing,missing,missing,missing,3,4,False,False,False,False,bad,bad,5,,False,mid,dead,above,low,flat,mid,missing,,missing,False,False,False,missing,,False,3.0,False,False,False,False,False,False,Financial,-4.167,0.72,,,,False,False,-3.5424999999999995,0.5854999999999999,,,
DNN,2026-08-19,bad,bad,good,missing,missing,missing,missing,2,4,False,False,False,False,bad,neutral,7,,False,mid,normal,above,high,flat,mid,missing,,missing,False,False,False,missing,,False,-2.0,False,False,False,False,False,False,Energy,-2.484,8.696,,,,False,False,-1.8595,8.5615,,,
SMJF,2026-08-19,bad,bad,bad,missing,missing,missing,missing,3,4,False,False,False,False,bad,bad,5,,False,overbought,hot,above,mid,flat,extended,missing,,missing,False,False,False,missing,,False,1.0,False,False,False,False,False,False,Consumer Cyclical,4.757,6.437,,,,False,False,5.3815,6.3025,,,
HUN,2026-08-19,bad,bad,bad,missing,missing,missing,missing,3,4,False,False,False,False,bad,bad,5,,False,mid,dead,below,high,flat,mid,missing,,missing,False,False,False,missing,,False,0.0,False,False,False,False,False,False,Basic Materials,-0.196,-2.063,,,,False,False,0.42850000000000005,-2.1975000000000002,,,
TMDX,2026-08-19,bad,bad,good,missing,missing,missing,missing,2,4,False,False,False,False,bad,neutral,7,,False,mid,normal,above,high,flat,mid,missing,,missing,False,False,False,missing,,False,6.0,False,False,False,False,False,False,Healthcare,-3.32,0.851,,,,False,False,-2.6955,0.7164999999999999,,,
DMRA,2026-08-19,bad,bad,good,missing,missing,missing,missing,2,4,False,False,False,False,bad,neutral,7,,False,mid,dead,above,high,flat,mid,missing,,missing,False,False,False,missing,,False,3.0,False,False,False,False,False,False,Healthcare,-6.566,-4.994,,,,False,False,-5.9415,-5.1285,,,
VIR,2026-08-19,bad,bad,good,missing,missing,missing,missing,2,4,False,False,False,False,bad,neutral,7,,False,mid,dead,above,high,flat,mid,missing,,missing,False,False,False,missing,,False,5.0,False,False,False,False,False,False,Healthcare,-5.732,0.102,,,,False,False,-5.1075,-0.032500000000000015,,,
HTLD,2026-08-19,bad,bad,good,missing,missing,missing,missing,2,4,False,False,False,False,bad,neutral,7,,False,mid,normal,below,mid,flat,mid,missing,,missing,False,False,False,missing,,False,-6.0,False,False,False,False,False,False,Industrials,-2.447,1.342,,,,False,False,-1.8225,1.2075,,,
SNAP,2026-08-19,bad,bad,bad,missing,missing,missing,missing,3,4,False,False,False,False,bad,bad,5,,False,mid,normal,above,high,flat,mid,missing,,missing,False,False,False,missing,,False,1.0,False,False,False,False,False,False,Communication Services,-0.573,0.0,,,,False,False,0.0515000000000001,-0.1345,,,
SMTC,2026-08-19,bad,bad,bad,missing,missing,missing,missing,3,4,False,False,False,False,bad,bad,5,,False,mid,normal,above,mid,down,mid,missing,,missing,False,False,False,missing,,False,-1.0,False,False,False,False,False,False,Technology,-0.383,-1.013,,,,False,False,0.24150000000000005,-1.1475,,,
CGC,2026-08-19,bad,bad,good,missing,missing,missing,missing,2,4,False,False,False,False,bad,neutral,7,,False,mid,normal,above,mid,flat,mid,missing,,missing,False,False,False,missing,,False,-6.0,False,False,False,False,False,False,Healthcare,0.962,0.962,,,,False,False,1.5865,0.8274999999999999,,,
CELC,2026-08-19,bad,bad,good,missing,missing,missing,missing,2,4,False,False,False,False,bad,neutral,7,,False,mid,dead,above,high,flat,mid,missing,,missing,False,False,False,missing,,False,-3.0,False,False,False,False,False,False,Healthcare,-3.289,-0.128,,,,False,False,-2.6645000000000003,-0.2625,,,
HYMC,2026-08-19,bad,bad,bad,missing,missing,missing,missing,3,4,False,False,False,False,bad,bad,5,,False,mid,normal,above,high,down,washed,missing,,missing,False,False,False,missing,,False,2.0,False,False,False,False,False,False,Basic Materials,-6.308,-2.975,,,,False,False,-5.6834999999999996,-3.1095,,,
IE,2026-08-19,bad,bad,bad,missing,missing,missing,missing,3,4,False,False,False,False,bad,bad,5,,False,mid,dead,above,high,flat,washed,missing,,missing,False,False,False,missing,,False,-8.0,False,False,False,False,False,False,Basic Materials,-2.741,6.522,,,,False,False,-2.1165000000000003,6.3875,,,
AVEX,2026-08-19,bad,bad,good,missing,missing,missing,missing,2,4,False,False,False,False,bad,neutral,7,,False,mid,dead,above,high,down,washed,missing,,missing,False,True,False,missing,,False,1.0,False,False,False,False,False,False,Industrials,-4.339,-3.122,,,,False,False,-3.7145,-3.2565,,,
VNDA,2026-08-19,bad,bad,good,missing,missing,missing,missing,2,4,False,False,False,False,bad,neutral,7,,False,mid,normal,above,high,flat,mid,missing,,missing,False,False,False,missing,,False,-7.0,False,False,False,False,False,False,Healthcare,-3.411,-5.206,,,,False,False,-2.7865,-5.3405000000000005,,,
VNO,2026-08-19,bad,bad,bad,missing,missing,missing,missing,3,4,True,False,False,False,bad,bad,5,,False,mid,dead,below,mid,flat,mid,missing,,missing,False,False,False,missing,,False,9.0,False,False,False,False,False,False,Real Estate,0.73,-1.303,,,,False,False,1.3545,-1.4375,,,
AVTX,2026-08-19,bad,bad,good,missing,missing,missing,missing,2,4,False,False,False,False,bad,neutral,7,,False,mid,normal,above,high,flat,mid,missing,,missing,False,False,True,missing,,False,-1.0,False,False,False,False,False,False,Healthcare,-4.482,-4.434,,,,False,False,-3.8575,-4.5685,,,
CHWY,2026-08-19,bad,bad,bad,missing,missing,missing,missing,3,4,False,False,False,False,bad,bad,5,,False,mid,dead,above,high,flat,mid,missing,,missing,False,False,False,missing,,False,4.0,False,False,False,False,False,False,Consumer Cyclical,-0.459,0.125,,,,False,False,0.16550000000000004,-0.009500000000000008,,,
DKS,2026-08-19,bad,bad,bad,missing,missing,missing,missing,3,4,False,False,False,False,bad,bad,5,,False,mid,normal,below,high,flat,mid,missing,,missing,False,False,False,missing,,False,7.0,False,False,False,False,False,False,Consumer Cyclical,-6.247,-4.213,,,,False,False,-5.6225,-4.3475,,,
VSAT,2026-08-19,bad,bad,bad,missing,missing,missing,missing,3,4,False,False,False,False,bad,bad,5,,False,mid,normal,below,high,down,washed,missing,,missing,False,False,False,missing,,False,-6.0,False,False,False,False,False,False,Technology,-3.443,-2.543,,,,False,False,-2.8185000000000002,-2.6775,,,
VSH,2026-08-19,bad,bad,bad,missing,missing,missing,missing,3,4,False,False,False,False,bad,bad,5,,False,mid,dead,below,high,down,mid,missing,,missing,False,False,False,missing,,False,3.0,False,False,False,False,False,False,Technology,-0.407,-1.033,,,,False,False,0.21750000000000008,-1.1675,,,
IBRX,2026-08-19,bad,bad,good,missing,missing,missing,missing,2,4,False,False,False,False,bad,neutral,7,,False,mid,dead,above,high,flat,mid,missing,,missing,False,False,False,missing,,False,-3.0,False,False,False,False,False,False,Healthcare,-3.567,-4.182,,,,False,False,-2.9425,-4.3165000000000004,,,
ATRO,2026-08-19,bad,bad,good,missing,missing,missing,missing,2,4,False,False,False,False,bad,neutral,7,,False,mid,normal,above,high,flat,extended,missing,,missing,False,False,False,missing,,False,7.0,False,False,False,False,False,False,Industrials,-6.869,-4.494,,,,False,False,-6.2444999999999995,-4.6285,,,
IMCR,2026-08-19,bad,bad,good,missing,missing,missing,missing,2,4,False,False,False,False,bad,neutral,7,,False,mid,normal,above,high,flat,mid,missing,,missing,False,False,False,missing,,False,-5.0,False,False,False,False,False,False,Healthcare,-1.574,0.054,,,,False,False,-0.9495,-0.08050000000000002,,,
AVBP,2026-08-19,bad,bad,good,missing,missing,missing,missing,2,4,False,False,False,False,bad,neutral,7,,False,mid,dead,below,high,flat,mid,missing,,missing,False,False,False,missing,,False,-3.0,False,False,False,False,False,False,Healthcare,-2.798,-2.998,,,,False,False,-2.1734999999999998,-3.1325000000000003,,,
VRNS,2026-08-19,bad,bad,bad,missing,missing,missing,missing,3,4,False,False,False,False,bad,bad,5,,False,mid,dead,above,mid,flat,mid,missing,,missing,False,False,False,missing,,False,6.0,False,False,False,False,False,False,Technology,-3.382,-2.483,,,,False,False,-2.7575000000000003,-2.6175,,,
VRRM,2026-08-19,bad,bad,bad,missing,missing,missing,missing,3,4,False,False,False,False,bad,bad,5,,False,mid,dead,below,high,flat,mid,missing,,missing,False,False,False,missing,,False,3.0,False,False,False,False,False,False,Technology,0.215,-1.935,,,,False,False,0.8395,-2.0695,,,
VRDN,2026-08-19,bad,bad,good,missing,missing,missing,missing,2,4,False,False,False,False,bad,neutral,7,,False,mid,normal,above,high,flat,mid,missing,,missing,False,False,False,missing,,False,-1.0,False,False,False,False,False,False,Healthcare,-1.21,-2.056,,,,False,False,-0.5854999999999999,-2.1905,,,
TII,2026-08-19,bad,bad,bad,missing,missing,missing,missing,3,4,False,False,False,False,bad,bad,5,,False,mid,dead,above,mid,down,mid,missing,,missing,False,False,False,missing,,False,3.0,False,False,False,False,False,False,Basic Materials,-5.385,8.462,,,,False,False,-4.7604999999999995,8.3275,,,
VVV,2026-08-19,bad,bad,bad,missing,missing,missing,missing,3,4,False,False,False,False,bad,bad,5,,False,mid,dead,below,high,flat,mid,missing,,missing,False,False,False,missing,,False,10.0,False,False,False,False,False,False,Consumer Cyclical,-0.85,-0.411,,,,False,False,-0.22549999999999992,-0.5455,,,
INTR,2026-08-19,bad,bad,bad,missing,missing,missing,missing,3,4,False,False,False,False,bad,bad,5,,False,mid,dead,below,mid,flat,mid,missing,,missing,False,False,False,missing,,False,6.0,False,False,False,False,False,False,Financial,-2.256,1.316,,,,False,False,-1.6314999999999997,1.1815,,,
SNDL,2026-08-19,bad,bad,good,missing,missing,missing,missing,2,4,False,False,False,False,bad,neutral,7,,False,mid,dead,above,low,flat,mid,missing,,missing,False,False,False,missing,,False,-7.0,False,False,False,False,False,False,Consumer Defensive,1.527,4.58,,,,False,False,2.1515,4.4455,,,
INN,2026-08-19,bad,bad,bad,missing,missing,missing,missing,3,4,False,False,False,False,bad,bad,5,,False,mid,dead,below,low,flat,mid,missing,,missing,False,False,False,missing,,False,2.0,False,False,False,False,False,False,Real Estate,0.163,0.163,,,,False,False,0.7875000000000001,0.028499999999999998,,,
IQMX,2026-08-19,bad,bad,bad,missing,missing,missing,missing,3,4,False,False,False,False,bad,bad,5,,False,mid,dead,below,mid,flat,mid,missing,,missing,False,False,False,missing,,False,1.0,False,False,False,False,False,False,Technology,-3.873,10.328,,,,False,False,-3.2485,10.1935,,,
IONQ,2026-08-19,bad,bad,bad,missing,missing,missing,missing,3,4,False,False,False,False,bad,bad,5,,False,mid,normal,above,high,down,mid,missing,,missing,False,False,False,missing,,False,-2.0,False,False,False,False,False,False,Technology,-4.22,3.459,,,,False,False,-3.5954999999999995,3.3245,,,
INFQ,2026-08-19,bad,bad,bad,missing,missing,missing,missing,3,4,False,False,False,False,bad,bad,5,,False,mid,normal,above,high,down,mid,missing,,missing,False,False,False,missing,,False,-4.0,False,False,False,False,False,False,Technology,0.4,12.96,,,,False,False,1.0245000000000002,12.825500000000002,,,
PDFS,2026-08-19,bad,bad,bad,missing,missing,missing,missing,3,4,False,False,False,False,bad,bad,5,,False,mid,dead,below,mid,down,mid,missing,,missing,False,False,False,missing,,False,9.0,False,False,False,False,False,False,Technology,-0.907,0.951,,,,False,False,-0.2825,0.8165,,,
VTS,2026-08-19,bad,bad,good,missing,missing,missing,missing,2,4,False,False,False,False,bad,neutral,7,,False,mid,dead,above,high,flat,mid,missing,,missing,False,False,False,missing,,False,1.0,False,False,False,False,False,False,Energy,2.021,1.724,,,,False,False,2.6455,1.5895,,,
PEPG,2026-08-19,bad,bad,good,missing,missing,missing,missing,2,4,False,False,False,False,bad,neutral,7,,False,mid,normal,above,mid,flat,mid,missing,,missing,False,False,False,missing,,False,2.0,False,False,False,False,False,False,Healthcare,-0.492,2.951,,,,False,False,0.13250000000000006,2.8165,,,
DEFT,2026-08-19,bad,bad,bad,missing,missing,missing,missing,3,4,False,False,False,False,bad,bad,5,,False,mid,normal,below,mid,down,washed,missing,,missing,False,False,False,missing,,False,1.0,False,False,False,False,False,False,Financial,6.846,19.295,,,,False,False,7.4705,19.160500000000003,,,
OUST,2026-08-19,bad,bad,bad,missing,missing,missing,missing,3,4,False,False,False,False,bad,bad,5,,False,mid,normal,above,high,down,mid,missing,,missing,False,False,False,missing,,False,7.0,False,False,False,False,False,False,Technology,-5.267,-4.094,,,,False,False,-4.6425,-4.2285,,,
PATK,2026-08-19,bad,bad,bad,missing,missing,missing,missing,3,4,False,False,False,False,bad,bad,5,,False,mid,dead,below,high,flat,mid,missing,,missing,False,False,False,missing,,False,9.0,False,False,False,False,False,False,Consumer Cyclical,-2.242,-4.609,,,,False,False,-1.6175,-4.7435,,,
IVVD,2026-08-19,bad,bad,good,missing,missing,missing,missing,2,4,False,False,False,False,bad,neutral,7,,False,mid,hot,above,high,flat,extended,missing,,missing,False,False,False,missing,,False,-7.0,False,False,False,False,False,False,Healthcare,-0.938,3.854,,,,False,False,-0.3134999999999999,3.7195,,,
IREN,2026-08-19,bad,bad,bad,missing,missing,missing,missing,3,4,False,False,False,False,bad,bad,5,,False,mid,normal,above,high,down,mid,missing,,missing,False,False,False,missing,,False,-4.0,False,False,False,False,False,False,Financial,-0.56,-2.241,,,,False,False,0.0645,-2.3755,,,
WBI,2026-08-19,bad,bad,good,missing,missing,missing,missing,2,4,False,False,False,False,bad,neutral,7,,False,mid,dead,below,high,flat,mid,missing,,missing,False,False,False,missing,,False,11.0,False,False,False,False,False,False,Energy,2.363,-0.126,,,,False,False,2.9875,-0.2605,,,
IPSC,2026-08-19,bad,bad,good,missing,missing,missing,missing,2,4,False,False,False,False,bad,neutral,7,,False,mid,dead,below,high,flat,mid,missing,,missing,False,False,False,missing,,False,-4.0,False,False,False,False,False,False,Healthcare,-4.265,-1.896,,,,False,False,-3.6404999999999994,-2.0305,,,
DFTX,2026-08-19,bad,bad,good,missing,missing,missing,missing,2,4,False,False,False,False,bad,neutral,7,,False,mid,dead,above,high,flat,extended,missing,,missing,False,False,False,missing,,False,-1.0,False,False,False,False,False,False,Healthcare,-0.917,-1.986,,,,False,False,-0.2925,-2.1205,,,
TGTX,2026-08-19,bad,bad,good,missing,missing,missing,missing,2,4,False,False,False,False,bad,neutral,7,,False,mid,dead,below,high,flat,mid,missing,,missing,False,False,False,missing,,False,-1.0,False,False,False,False,False,False,Healthcare,-2.186,4.991,,,,False,False,-1.5614999999999999,4.8565,,,
APMD,2026-08-19,bad,bad,good,missing,missing,missing,missing,2,4,False,False,False,False,bad,neutral,7,,False,mid,dead,above,low,flat,extended,missing,,missing,False,False,False,missing,,False,2.0,False,False,False,False,False,False,Healthcare,-10.865,-12.488,,,,False,False,-10.2405,-12.622499999999999,,,
APP,2026-08-19,bad,bad,bad,missing,missing,missing,missing,3,4,False,False,False,False,bad,bad,5,,False,oversold,normal,below,mid,flat,mid,missing,,missing,False,False,True,missing,,False,0.0,False,False,False,False,False,False,Communication Services,-0.65,-1.615,,,,False,False,-0.025499999999999967,-1.7495,,,
WHD,2026-08-19,bad,bad,good,missing,missing,missing,missing,2,4,False,False,False,False,bad,neutral,7,,False,overbought,dead,above,mid,flat,mid,missing,,missing,False,False,False,missing,,False,9.0,False,False,False,False,False,False,Energy,-6.619,-5.832,,,,False,False,-5.9944999999999995,-5.9665,,,
ORC,2026-08-19,bad,bad,bad,missing,missing,missing,missing,3,4,False,False,False,False,bad,bad,5,,False,mid,dead,above,high,flat,mid,missing,,missing,False,False,False,missing,,False,-1.0,False,False,False,False,False,False,Real Estate,-1.032,-1.18,,,,False,False,-0.4075,-1.3145,,,
OSCR,2026-08-19,bad,bad,good,missing,missing,missing,missing,2,4,False,False,False,False,bad,neutral,7,,False,mid,dead,above,mid,flat,extended,missing,,missing,False,False,False,missing,,False,9.0,False,False,False,False,False,False,Healthcare,-2.26,-0.805,,,,False,False,-1.6354999999999997,-0.9395,,,
ORIC,2026-08-19,bad,bad,good,missing,missing,missing,missing,2,4,False,False,False,False,bad,neutral,7,,False,mid,dead,above,high,flat,mid,missing,,missing,False,False,False,missing,,False,0.0,False,False,False,False,False,False,Healthcare,-5.256,-3.072,,,,False,False,-4.6315,-3.2065,,,
JACK,2026-08-19,bad,bad,bad,missing,missing,missing,missing,3,4,False,False,False,False,bad,bad,5,,False,mid,normal,below,high,flat,mid,missing,,missing,False,False,False,missing,,False,3.0,False,False,False,False,False,False,Consumer Cyclical,-3.207,0.525,,,,False,False,-2.5824999999999996,0.3905,,,
PACS,2026-08-19,bad,bad,good,missing,missing,missing,missing,2,4,False,False,False,False,bad,neutral,7,,False,mid,dead,below,high,flat,mid,missing,,missing,False,False,False,missing,,False,7.0,False,False,False,False,False,False,Healthcare,-1.536,-0.023,,,,False,False,-0.9115,-0.1575,,,
JBIO,2026-08-19,bad,bad,good,missing,missing,missing,missing,2,4,False,False,False,False,bad,neutral,7,,False,mid,dead,above,high,flat,mid,missing,,missing,False,False,False,missing,,False,2.0,False,False,False,False,False,False,Healthcare,-5.854,-5.366,,,,False,False,-5.2295,-5.5005,,,
JBTM,2026-08-19,bad,bad,good,missing,missing,missing,missing,2,4,False,False,False,False,bad,neutral,7,,False,mid,dead,below,mid,flat,mid,missing,,missing,False,False,False,missing,,False,2.0,False,False,False,False,False,False,Industrials,0.982,1.591,,,,False,False,1.6065,1.4565,,,
ARDT,2026-08-19,bad,bad,good,missing,missing,missing,missing,2,4,False,False,False,False,bad,neutral,7,,False,mid,dead,above,high,flat,mid,missing,,missing,False,False,False,missing,,False,7.0,False,False,False,False,False,False,Healthcare,-1.318,3.484,,,,False,False,-0.6935,3.3495,,,
ARWR,2026-08-19,bad,bad,good,missing,missing,missing,missing,2,4,False,False,False,False,bad,neutral,7,,False,mid,dead,above,mid,flat,mid,missing,,missing,False,False,True,missing,,False,-2.0,False,False,False,False,False,False,Healthcare,-2.17,-2.572,,,,False,False,-1.5454999999999999,-2.7065,,,
DAN,2026-08-19,bad,bad,bad,missing,missing,missing,missing,3,4,False,False,False,False,bad,bad,5,,False,mid,dead,above,mid,flat,mid,missing,,missing,False,False,False,missing,,False,-1.0,False,False,False,False,False,False,Consumer Cyclical,-0.227,2.92,,,,False,False,0.3975000000000001,2.7855,,,
CYPH,2026-08-19,bad,bad,good,missing,missing,missing,missing,2,4,False,False,False,False,bad,neutral,7,,False,mid,normal,above,mid,flat,extended,missing,,missing,False,False,False,missing,,False,2.0,False,False,False,False,False,False,Healthcare,11.215,32.71,,,,False,False,11.8395,32.5755,,,
KGS,2026-08-19,bad,bad,good,missing,missing,missing,missing,2,4,False,False,False,False,bad,neutral,7,,False,mid,dead,above,mid,flat,mid,missing,,missing,False,False,False,missing,,False,6.0,False,False,False,False,False,False,Energy,0.95,2.382,,,,False,False,1.5745,2.2475,,,
SPT,2026-08-19,bad,bad,bad,missing,missing,missing,missing,3,4,False,False,False,False,bad,bad,5,,False,mid,normal,above,mid,flat,mid,missing,,missing,False,False,False,missing,,False,3.0,False,False,False,False,False,False,Technology,0.399,-0.1,,,,False,False,1.0235,-0.23450000000000001,,,
WLTH,2026-08-19,bad,bad,bad,missing,missing,missing,missing,3,4,False,False,False,False,bad,bad,5,,False,mid,dead,below,mid,flat,mid,missing,,missing,False,False,False,missing,,False,-9.0,False,False,False,False,False,False,Technology,0.881,1.542,,,,False,False,1.5055,1.4075,,,
WSC,2026-08-19,bad,bad,good,missing,missing,missing,missing,2,4,False,False,False,False,bad,neutral,7,,False,mid,normal,below,high,flat,mid,missing,,missing,False,False,False,missing,,False,5.0,False,False,False,False,False,False,Industrials,-2.698,-2.079,,,,False,False,-2.0735,-2.2135000000000002,,,
AORT,2026-08-19,bad,bad,good,missing,missing,missing,missing,2,4,False,False,False,False,bad,neutral,7,,False,mid,dead,above,mid,flat,mid,missing,,missing,False,False,True,missing,,False,-2.0,False,False,False,False,False,False,Healthcare,-2.915,-2.568,,,,False,False,-2.2904999999999998,-2.7025,,,
TFX,2026-08-19,bad,bad,good,missing,missing,missing,missing,2,4,False,False,False,False,bad,neutral,7,,False,mid,normal,below,mid,flat,mid,missing,,missing,False,False,False,missing,,False,11.0,False,False,False,False,False,False,Healthcare,-0.662,2.186,,,,False,False,-0.03749999999999998,2.0515,,,
CWEN,2026-08-19,bad,bad,good,missing,missing,missing,missing,2,4,False,False,False,False,bad,neutral,7,,False,mid,dead,above,mid,flat,mid,missing,,missing,False,False,False,missing,,False,5.0,False,False,False,False,False,False,Utilities,-3.03,-3.268,,,,False,False,-2.4055,-3.4025,,,
NXDR,2026-08-19,bad,bad,bad,missing,missing,missing,missing,3,4,False,False,False,False,bad,bad,5,,False,mid,dead,above,low,flat,mid,missing,,missing,False,False,False,missing,,False,3.0,False,False,False,False,False,False,Communication Services,-2.449,-2.449,,,,False,False,-1.8244999999999998,-2.5835,,,
KOS,2026-08-19,bad,bad,good,missing,missing,missing,missing,2,4,False,False,False,False,bad,neutral,7,,False,mid,normal,above,mid,up,mid,missing,,missing,False,False,False,missing,,False,7.0,False,False,False,False,False,False,Energy,7.092,4.965,,,,False,False,7.7165,4.8305,,,
KOPN,2026-08-19,bad,bad,bad,missing,missing,missing,missing,3,4,False,False,False,False,bad,bad,5,,False,mid,dead,above,high,down,mid,missing,,missing,False,False,False,missing,,False,10.0,False,False,False,False,False,False,Technology,-0.811,2.231,,,,False,False,-0.1865,2.0965,,,
ANRO,2026-08-19,bad,bad,good,missing,missing,missing,missing,2,4,False,False,False,False,bad,neutral,7,,False,overbought,normal,above,high,flat,extended,missing,,missing,False,False,False,missing,,False,5.0,False,False,False,False,False,False,Healthcare,-1.834,-1.748,,,,False,False,-1.2095,-1.8825,,,
WTI,2026-08-19,bad,bad,good,missing,missing,missing,missing,2,4,False,False,False,False,bad,neutral,7,,False,mid,dead,above,high,up,mid,missing,,missing,False,False,False,missing,,False,0.0,False,False,False,False,False,False,Energy,3.886,1.554,,,,False,False,4.5105,1.4195,,,
KNF,2026-08-19,bad,bad,bad,missing,missing,missing,missing,3,4,False,False,False,False,bad,bad,5,,False,mid,normal,below,mid,flat,mid,missing,,missing,False,False,False,missing,,False,1.0,False,False,False,False,False,False,Basic Materials,0.274,0.593,,,,False,False,0.8985000000000001,0.45849999999999996,,,
WVE,2026-08-19,bad,bad,good,missing,missing,missing,missing,2,4,False,False,False,False,bad,neutral,7,,False,mid,dead,below,high,flat,mid,missing,,missing,False,False,False,missing,,False,-5.0,False,False,False,False,False,False,Healthcare,-3.137,-2.399,,,,False,False,-2.5125,-2.5335,,,
AMKR,2026-08-19,bad,bad,bad,missing,missing,missing,missing,3,4,False,False,False,False,bad,bad,5,,False,mid,normal,below,high,down,mid,missing,,missing,False,False,True,missing,,False,9.0,False,False,False,False,False,False,Technology,-0.059,-1.238,,,,False,False,0.5655000000000001,-1.3725,,,
CXT,2026-08-19,bad,bad,good,missing,missing,missing,missing,2,4,False,False,False,False,bad,neutral,7,,False,mid,dead,below,high,flat,mid,missing,,missing,False,False,False,missing,,False,11.0,False,False,False,False,False,False,Industrials,1.853,3.377,,,,False,False,2.4775,3.2424999999999997,,,
CLOV,2026-08-19,bad,bad,good,missing,missing,missing,missing,2,4,False,False,False,False,bad,neutral,7,,False,mid,dead,below,mid,flat,mid,missing,,missing,False,False,False,missing,,False,6.0,False,False,False,False,False,False,Healthcare,-2.844,-1.659,,,,False,False,-2.2195,-1.7935,,,
CTMX,2026-08-19,bad,bad,good,missing,missing,missing,missing,2,4,False,False,False,False,bad,neutral,7,,False,mid,dead,above,high,flat,mid,missing,,missing,False,False,False,missing,,False,-11.0,False,False,False,False,False,False,Healthcare,-7.843,-8.123,,,,False,False,-7.2185,-8.257499999999999,,,
SRTA,2026-08-19,bad,bad,good,missing,missing,missing,missing,2,4,False,False,False,False,bad,neutral,7,,False,mid,dead,above,mid,flat,mid,missing,,missing,False,False,False,missing,,False,-3.0,False,False,False,False,False,False,Healthcare,1.188,5.942,,,,False,False,1.8125,5.8075,,,
LAZ,2026-08-19,bad,bad,bad,missing,missing,missing,missing,3,4,False,False,False,False,bad,bad,5,,False,mid,dead,above,high,flat,mid,missing,,missing,False,False,False,missing,,False,7.0,False,False,False,False,False,False,Financial,-5.397,-2.345,,,,False,False,-4.7725,-2.4795000000000003,,,
KYTX,2026-08-19,bad,bad,good,missing,missing,missing,missing,2,4,False,False,False,False,bad,neutral,7,,False,mid,normal,above,high,flat,mid,missing,,missing,False,False,False,missing,,False,5.0,False,False,False,False,False,False,Healthcare,-8.343,-5.073,,,,False,False,-7.7185,-5.2075000000000005,,,
NVRI,2026-08-19,bad,bad,good,missing,missing,missing,missing,2,4,False,False,False,False,bad,neutral,7,,False,mid,dead,below,high,flat,mid,missing,,missing,False,False,False,missing,,False,6.0,False,False,False,False,False,False,Industrials,-1.023,0.634,,,,False,False,-0.39849999999999985,0.4995,,,
NVTS,2026-08-19,bad,bad,bad,missing,missing,missing,missing,3,4,False,False,False,False,bad,bad,5,,False,mid,normal,above,high,down,mid,missing,,missing,False,False,False,missing,,False,-2.0,False,False,False,False,False,False,Technology,1.091,1.091,,,,False,False,1.7155,0.9564999999999999,,,
KTB,2026-08-19,bad,bad,bad,missing,missing,missing,missing,3,4,False,False,False,False,bad,bad,5,,False,mid,normal,above,high,flat,extended,missing,,missing,False,False,False,missing,,False,8.0,False,False,False,False,False,False,Consumer Cyclical,-3.87,-0.195,,,,False,False,-3.2455,-0.3295,,,
ALOY,2026-08-19,bad,bad,bad,missing,missing,missing,missing,3,4,False,False,False,False,bad,bad,5,,False,mid,normal,above,high,down,extended,missing,,missing,False,False,True,missing,,False,-1.0,False,False,False,False,False,False,Basic Materials,-11.511,-0.08,,,,False,False,-10.8865,-0.21450000000000002,,,
ALGM,2026-08-19,bad,bad,bad,missing,missing,missing,missing,3,4,False,False,False,False,bad,bad,5,,False,mid,normal,below,high,down,mid,missing,,missing,False,False,True,missing,,False,7.0,False,False,False,False,False,False,Technology,-3.025,-3.103,,,,False,False,-2.4005,-3.2375000000000003,,,
SSYS,2026-08-19,bad,bad,bad,missing,missing,missing,missing,3,4,False,False,False,False,bad,bad,5,,False,mid,normal,above,mid,flat,mid,missing,,missing,False,False,False,missing,,False,0.0,False,False,False,False,False,False,Technology,-8.605,-8.14,,,,False,False,-7.9805,-8.2745,,,
STAA,2026-08-19,bad,bad,good,missing,missing,missing,missing,2,4,False,False,False,False,bad,neutral,7,,False,mid,normal,above,high,flat,mid,missing,,missing,False,False,False,missing,,False,4.0,False,False,False,False,False,False,Healthcare,-6.448,-6.164,,,,False,False,-5.8235,-6.2985,,,
LAR,2026-08-19,bad,bad,bad,missing,missing,missing,missing,3,4,False,False,False,False,bad,bad,5,,False,mid,normal,below,mid,flat,mid,missing,,missing,False,False,False,missing,,False,-6.0,False,False,False,False,False,False,Basic Materials,-3.393,10.339,,,,False,False,-2.7684999999999995,10.204500000000001,,,
NPWR,2026-08-19,bad,bad,good,missing,missing,missing,missing,2,4,False,False,False,False,bad,neutral,7,,False,mid,normal,above,mid,flat,mid,missing,,missing,False,False,False,missing,,False,-1.0,False,False,False,False,False,False,Industrials,-0.599,1.796,,,,False,False,0.025500000000000078,1.6615,,,
AMBA,2026-08-19,bad,bad,bad,missing,missing,missing,missing,3,4,False,False,False,False,bad,bad,5,,False,mid,normal,below,high,down,washed,missing,,missing,False,False,True,missing,,False,0.0,False,False,False,False,False,False,Technology,-2.869,-1.153,,,,False,False,-2.2445000000000004,-1.2875,,,
ALT,2026-08-19,bad,bad,good,missing,missing,missing,missing,2,4,False,False,False,False,bad,neutral,7,,False,mid,dead,above,high,flat,mid,missing,,missing,False,True,False,missing,,False,4.0,False,False,False,False,False,False,Healthcare,-5.449,-0.321,,,,False,False,-4.8245,-0.4555,,,
ALVO,2026-08-19,bad,bad,good,missing,missing,missing,missing,2,4,False,False,False,False,bad,neutral,7,,False,mid,normal,above,low,flat,mid,missing,,missing,False,False,False,missing,,False,-5.0,False,False,False,False,False,False,Healthcare,7.018,11.028,,,,False,False,7.6425,10.893500000000001,,,
LAES,2026-08-19,bad,bad,bad,missing,missing,missing,missing,3,4,False,False,False,False,bad,bad,5,,False,mid,normal,above,mid,down,extended,missing,,missing,False,False,False,missing,,False,0.0,False,False,False,False,False,False,Technology,-3.846,-2.308,,,,False,False,-3.2215,-2.4425,,,
STEP,2026-08-19,bad,bad,bad,missing,missing,missing,missing,3,4,False,False,False,False,bad,bad,5,,False,mid,dead,above,high,flat,mid,missing,,missing,False,False,False,missing,,False,-1.0,False,False,False,False,False,False,Financial,-2.085,0.221,,,,False,False,-1.4605,0.0865,,,
NHP,2026-08-19,bad,bad,bad,missing,missing,missing,missing,3,4,False,False,False,False,bad,bad,5,,False,mid,dead,above,mid,flat,mid,missing,,missing,False,False,False,missing,,False,-1.0,False,False,False,False,False,False,Real Estate,1.185,0.474,,,,False,False,1.8095,0.33949999999999997,,,
ALDX,2026-08-19,bad,bad,good,missing,missing,missing,missing,2,4,False,False,False,False,bad,neutral,7,,False,mid,normal,below,mid,flat,mid,far,,missing,False,True,False,missing,,False,-2.0,False,False,False,False,False,False,Healthcare,-5.063,-3.797,,,,False,False,-4.4384999999999994,-3.9315,,,
NMRK,2026-08-19,bad,bad,bad,missing,missing,missing,missing,3,4,False,False,False,False,bad,bad,5,,False,mid,dead,above,mid,flat,mid,missing,,missing,False,False,False,missing,,False,12.0,False,False,False,False,False,False,Real Estate,-2.68,-1.279,,,,False,False,-2.0555000000000003,-1.4135,,,
CMPX,2026-08-19,bad,bad,good,missing,missing,missing,missing,2,4,False,False,False,False,bad,neutral,7,,False,mid,dead,above,high,flat,mid,missing,,missing,False,False,False,missing,,False,-2.0,False,False,False,False,False,False,Healthcare,-4.839,-3.226,,,,False,False,-4.2145,-3.3605,,,
LINE,2026-08-19,bad,bad,bad,missing,missing,missing,missing,3,4,False,False,False,False,bad,bad,5,,False,mid,normal,below,high,flat,mid,missing,,missing,False,False,False,missing,,False,2.0,False,False,False,False,False,False,Real Estate,-0.742,-0.383,,,,False,False,-0.11749999999999994,-0.5175000000000001,,,
NPT,2026-08-19,bad,bad,bad,missing,missing,missing,missing,3,4,False,False,False,False,bad,bad,5,,False,mid,dead,above,low,flat,mid,missing,,missing,False,False,False,missing,,False,-2.0,False,False,False,False,False,False,Consumer Cyclical,-0.833,-0.556,,,,False,False,-0.2084999999999999,-0.6905000000000001,,,
AIRJ,2026-08-19,bad,bad,good,missing,missing,missing,missing,2,4,False,False,False,False,bad,neutral,7,,False,mid,normal,above,high,down,washed,missing,,missing,False,True,True,missing,,False,2.0,False,False,False,False,False,False,Industrials,-4.183,-4.563,,,,False,False,-3.5584999999999996,-4.6975,,,
ALM,2026-08-19,bad,bad,bad,missing,missing,missing,missing,3,4,False,False,False,False,bad,bad,5,,False,mid,normal,above,high,down,extended,missing,,missing,False,False,False,missing,,False,7.0,False,False,False,False,False,False,Basic Materials,9.333,14.4,,,,False,False,9.9575,14.265500000000001,,,
NMG,2026-08-19,bad,bad,bad,missing,missing,missing,missing,3,4,False,False,False,False,bad,bad,5,,False,mid,dead,above,low,flat,mid,missing,,missing,False,False,False,missing,,False,3.0,False,False,False,False,False,False,Basic Materials,-2.817,5.634,,,,False,False,-2.1925,5.4995,,,
LMRI,2026-08-19,bad,bad,good,missing,missing,missing,missing,2,4,False,False,False,False,bad,neutral,7,,False,mid,dead,above,high,flat,mid,missing,,missing,False,False,False,missing,,False,3.0,False,False,False,False,False,False,Healthcare,-1.435,4.81,,,,False,False,-0.8105,4.6754999999999995,,,
STTK,2026-08-19,bad,bad,good,missing,missing,missing,missing,2,4,False,False,False,False,bad,neutral,7,,False,mid,dead,below,high,flat,mid,missing,,missing,False,False,False,missing,,False,-3.0,False,False,False,False,False,False,Healthcare,-5.352,-1.697,,,,False,False,-4.7275,-1.8315000000000001,,,
COLD,2026-08-19,bad,bad,bad,missing,missing,missing,missing,3,4,False,False,False,False,bad,bad,5,,False,mid,normal,above,high,flat,mid,missing,,missing,False,False,False,missing,,False,-2.0,False,False,False,False,False,False,Real Estate,-0.398,1.127,,,,False,False,0.22650000000000003,0.9924999999999999,,,
XPEV,2026-08-19,bad,bad,bad,missing,missing,missing,missing,3,4,False,False,False,False,bad,bad,5,,False,mid,normal,below,mid,flat,mid,missing,,missing,False,False,False,missing,,False,-5.0,False,False,False,False,False,False,Consumer Cyclical,0.083,1.668,,,,False,False,0.7075,1.5334999999999999,,,
XRAY,2026-08-19,bad,bad,good,missing,missing,missing,missing,2,4,False,False,False,False,bad,neutral,7,,False,mid,dead,below,high,flat,mid,missing,,missing,False,False,False,missing,,False,3.0,False,False,False,False,False,False,Healthcare,-2.267,-0.997,,,,False,False,-1.6424999999999998,-1.1315,,,
AIV,2026-08-19,bad,bad,bad,missing,missing,missing,missing,3,4,False,False,False,False,bad,bad,5,,False,mid,normal,below,low,flat,mid,missing,,missing,False,False,False,missing,,False,3.0,False,False,False,False,False,False,Real Estate,-0.76,-0.38,,,,False,False,-0.13549999999999995,-0.5145,,,
AHRT,2026-08-19,bad,bad,bad,missing,missing,missing,missing,3,4,False,False,False,False,bad,bad,5,,False,mid,dead,below,mid,flat,mid,missing,,missing,False,True,False,missing,,False,2.0,False,False,False,False,False,False,Real Estate,-1.339,-0.744,,,,False,False,-0.7144999999999999,-0.8785000000000001,,,
CRF,2026-08-19,bad,bad,bad,missing,missing,missing,missing,3,4,False,False,False,False,bad,bad,5,,False,oversold,hot,below,high,flat,washed,missing,,missing,False,False,False,missing,,False,2.0,False,False,False,False,False,False,Financial,-1.513,-0.756,,,,False,False,-0.8884999999999998,-0.8905000000000001,,,
CRGY,2026-08-19,bad,bad,good,missing,missing,missing,missing,2,4,False,False,False,False,bad,neutral,7,,False,mid,dead,above,high,flat,mid,missing,,missing,False,False,False,missing,,False,9.0,False,False,False,False,False,False,Energy,,,,,,False,False,,,,,
YELP,2026-08-19,bad,bad,bad,missing,missing,missing,missing,3,4,False,False,False,False,bad,bad,5,,False,mid,dead,below,high,flat,mid,missing,,missing,False,False,False,missing,,False,9.0,False,False,False,False,False,False,Communication Services,-1.461,-2.046,,,,False,False,-0.8365,-2.1805,,,
MATV,2026-08-19,bad,bad,bad,missing,missing,missing,missing,3,4,False,False,False,False,bad,bad,5,,False,overbought,dead,above,low,flat,mid,missing,,missing,False,False,False,missing,,False,4.0,False,False,False,False,False,False,Basic Materials,-1.235,2.634,,,,False,False,-0.6105,2.4995,,,
CRWV,2026-08-19,bad,bad,bad,missing,missing,missing,missing,3,4,False,False,False,False,bad,bad,5,,False,mid,normal,above,high,down,mid,missing,,missing,False,False,False,missing,,False,-1.0,False,False,False,False,False,False,Technology,-1.222,-3.323,,,,False,False,-0.5974999999999999,-3.4575,,,
CRSP,2026-08-19,bad,bad,good,missing,missing,missing,missing,2,4,False,False,False,False,bad,neutral,7,,False,mid,normal,above,high,flat,mid,missing,,missing,False,False,False,missing,,False,4.0,False,False,False,False,False,False,Healthcare,-2.826,-0.518,,,,False,False,-2.2015000000000002,-0.6525000000000001,,,
ADUR,2026-08-19,bad,bad,good,missing,missing,missing,missing,2,4,False,False,False,False,bad,neutral,7,,False,mid,normal,above,high,flat,mid,missing,,missing,False,False,False,missing,,False,3.0,False,False,False,False,False,False,Industrials,2.989,4.224,,,,False,False,3.6135,4.0895,,,
AGCO,2026-08-19,bad,bad,good,missing,missing,missing,missing,2,4,False,False,False,False,bad,neutral,7,,False,mid,normal,below,mid,flat,mid,missing,,missing,False,False,True,missing,,False,-2.0,False,False,False,False,False,False,Industrials,4.522,7.325,,,,False,False,5.1465000000000005,7.1905,,,
NB,2026-08-19,bad,bad,bad,missing,missing,missing,missing,3,4,False,False,False,False,bad,bad,5,,False,mid,normal,below,mid,down,washed,far,,missing,False,False,False,missing,,False,0.0,False,False,False,False,False,False,Basic Materials,-3.812,4.036,,,,False,False,-3.1875,3.9014999999999995,,,
NBP,2026-08-19,bad,bad,good,missing,missing,missing,missing,2,4,False,False,False,False,bad,neutral,7,,False,mid,dead,above,mid,flat,mid,missing,,missing,False,False,False,missing,,False,-1.0,False,False,False,False,False,False,Healthcare,-3.535,1.01,,,,False,False,-2.9105,0.8755,,,
ADAM,2026-08-19,bad,bad,bad,missing,missing,missing,missing,3,4,False,False,False,False,bad,bad,5,,False,overbought,normal,above,mid,flat,mid,missing,,missing,False,False,False,missing,,False,5.0,False,False,False,False,False,False,Real Estate,-2.456,-2.358,,,,False,False,-1.8315,-2.4925,,,
LZ,2026-08-19,bad,bad,good,missing,missing,missing,missing,2,4,False,False,False,False,bad,neutral,7,,False,mid,dead,below,high,flat,mid,missing,,missing,False,False,False,missing,,False,5.0,False,False,False,False,False,False,Industrials,0.0,-0.427,,,,False,False,0.6245,-0.5615,,,
SYRE,2026-08-19,bad,bad,good,missing,missing,missing,missing,2,4,False,False,False,False,bad,neutral,7,,False,mid,normal,above,high,flat,mid,missing,,missing,False,False,False,missing,,False,5.0,False,False,False,False,False,False,Healthcare,-1.037,-2.231,,,,False,False,-0.41249999999999987,-2.3655,,,
TAC,2026-08-19,bad,bad,good,missing,missing,missing,missing,2,4,False,False,False,False,bad,neutral,7,,False,mid,dead,below,low,flat,mid,missing,,missing,False,False,False,missing,,False,3.0,False,False,False,False,False,False,Utilities,1.696,-1.373,,,,False,False,2.3205,-1.5075,,,
CPRI,2026-08-19,bad,bad,bad,missing,missing,missing,missing,3,4,False,False,False,False,bad,bad,5,,False,mid,normal,below,mid,flat,mid,missing,,missing,False,False,False,missing,,False,2.0,False,False,False,False,False,False,Consumer Cyclical,-4.375,-5.208,,,,False,False,-3.7504999999999997,-5.3425,,,
COTY,2026-08-19,bad,bad,good,missing,missing,missing,missing,2,4,False,False,False,False,bad,neutral,7,,False,mid,dead,below,high,flat,mid,missing,,missing,False,False,False,missing,,False,7.0,False,False,False,False,False,False,Consumer Defensive,-9.241,-9.571,,,,False,False,-8.6165,-9.705499999999999,,,
MRVI,2026-08-19,bad,bad,good,missing,missing,missing,missing,2,4,False,False,False,False,bad,neutral,7,,False,mid,dead,below,mid,flat,mid,missing,,missing,False,False,False,missing,,False,3.0,False,False,False,False,False,False,Healthcare,,,,,,False,False,,,,,
MRCY,2026-08-19,bad,bad,good,missing,missing,missing,missing,2,4,False,False,False,False,bad,neutral,7,,False,mid,hot,above,high,flat,mid,missing,,missing,False,False,False,missing,,False,-3.0,False,False,False,False,False,False,Industrials,-6.933,-9.768,,,,False,False,-6.3084999999999996,-9.9025,,,
MIDD,2026-08-19,bad,bad,good,missing,missing,missing,missing,2,4,False,False,False,False,bad,neutral,7,,False,mid,normal,below,mid,flat,mid,missing,,missing,False,False,False,missing,,False,-2.0,False,False,False,False,False,False,Industrials,0.08,2.713,,,,False,False,0.7045,2.5785,,,
MIR,2026-08-19,bad,bad,good,missing,missing,missing,missing,2,4,False,False,False,False,bad,neutral,7,,False,mid,dead,below,high,flat,mid,missing,,missing,False,False,False,missing,,False,4.0,False,False,False,False,False,False,Industrials,-2.372,-5.0,,,,False,False,-1.7474999999999998,-5.1345,,,
ETSY,2026-08-19,bad,bad,bad,missing,missing,missing,missing,3,4,False,False,False,False,bad,bad,5,,False,mid,normal,below,high,flat,mid,missing,,missing,False,False,False,missing,,False,12.0,False,False,False,False,False,False,Consumer Cyclical,0.932,0.708,,,,False,False,1.5565000000000002,0.5734999999999999,,,
ESAB,2026-08-19,bad,bad,good,missing,missing,missing,missing,2,4,False,False,False,False,bad,neutral,7,,False,mid,normal,below,high,flat,washed,missing,,missing,False,False,False,missing,,False,2.0,False,False,False,False,False,False,Industrials,-0.393,3.182,,,,False,False,0.23150000000000004,3.0475,,,
SABR,2026-08-19,bad,bad,bad,missing,missing,missing,missing,3,4,False,False,False,False,bad,bad,5,,False,mid,dead,above,high,flat,mid,missing,,missing,False,False,False,missing,,False,8.0,False,False,False,False,False,False,Technology,-1.422,-0.474,,,,False,False,-0.7974999999999999,-0.6085,,,
SBH,2026-08-19,bad,bad,bad,missing,missing,missing,missing,3,4,False,False,False,False,bad,bad,5,,False,mid,dead,above,high,flat,mid,missing,,missing,False,False,False,missing,,False,6.0,False,False,False,False,False,False,Consumer Cyclical,-2.989,-0.956,,,,False,False,-2.3644999999999996,-1.0905,,,
AAP,2026-08-19,bad,bad,bad,missing,missing,missing,missing,3,4,False,False,False,False,bad,bad,5,,False,mid,normal,above,high,flat,extended,missing,,missing,False,False,True,missing,,False,6.0,False,False,False,False,False,False,Consumer Cyclical,-24.546,-24.208,,,,False,False,-23.921499999999998,-24.342499999999998,,,
MOD,2026-08-19,bad,bad,bad,missing,missing,missing,missing,3,4,False,False,False,False,bad,bad,5,,False,mid,normal,below,mid,down,mid,missing,,missing,False,False,False,missing,,False,3.0,False,False,False,False,False,False,Consumer Cyclical,-2.255,1.302,,,,False,False,-1.6304999999999998,1.1675,,,
MQ,2026-08-19,bad,bad,bad,missing,missing,missing,missing,3,4,False,False,False,False,bad,bad,5,,False,mid,dead,below,mid,flat,mid,missing,,missing,False,False,False,missing,,False,11.0,False,False,False,False,False,False,Technology,1.023,4.604,,,,False,False,1.6475,4.4695,,,
ZG,2026-08-19,bad,bad,bad,missing,missing,missing,missing,3,4,False,False,False,False,bad,bad,5,,False,mid,normal,above,high,flat,mid,missing,,missing,False,False,False,missing,,False,9.0,False,False,False,False,False,False,Communication Services,-2.324,-1.763,,,,False,False,-1.6994999999999998,-1.8975,,,
ZD,2026-08-19,bad,bad,bad,missing,missing,missing,missing,3,4,False,False,False,False,bad,bad,5,,False,mid,dead,above,high,flat,mid,missing,,missing,False,False,False,missing,,False,4.0,False,False,False,False,False,False,Communication Services,-0.18,1.045,,,,False,False,0.44450000000000006,0.9104999999999999,,,
MP,2026-08-19,bad,bad,bad,missing,missing,missing,missing,3,4,False,False,False,False,bad,bad,5,,False,mid,normal,above,high,down,mid,missing,,missing,False,False,False,missing,,False,5.0,False,False,False,False,False,False,Basic Materials,-2.893,5.946,,,,False,False,-2.2684999999999995,5.8115,,,
ZYME,2026-08-19,bad,bad,good,missing,missing,missing,missing,2,4,False,False,False,False,bad,neutral,7,,False,mid,normal,above,mid,flat,mid,missing,,missing,False,False,False,missing,,False,-4.0,False,False,False,False,False,False,Healthcare,-2.352,5.366,,,,False,False,-1.7274999999999998,5.2315,,,
ZSQR,2026-08-19,bad,bad,bad,missing,missing,missing,missing,3,4,False,False,False,False,bad,bad,5,,False,mid,normal,below,high,flat,mid,missing,,missing,False,False,False,missing,,False,0.0,False,False,False,False,False,False,Technology,-3.65,-11.192,,,,False,False,-3.0255,-11.3265,,,
ZENA,2026-08-19,bad,bad,bad,missing,missing,missing,missing,3,4,False,False,False,False,bad,bad,5,,False,overbought,hot,above,high,down,extended,missing,,missing,False,False,False,missing,,False,3.0,False,False,False,False,False,False,Technology,-4.5,1.5,,,,False,False,-3.8754999999999997,1.3655,,,
MFA,2026-08-19,bad,bad,bad,missing,missing,missing,missing,3,4,False,False,False,False,bad,bad,5,,False,mid,dead,below,mid,flat,mid,missing,,missing,False,False,False,missing,,False,-2.0,False,False,False,False,False,False,Real Estate,-1.758,-2.088,,,,False,False,-1.1335,-2.2225,,,
VUZI,2026-08-19,bad,bad,bad,missing,missing,missing,missing,3,4,False,False,False,False,bad,bad,5,,False,mid,normal,above,high,up,extended,missing,,missing,False,False,False,missing,,False,1.0,False,False,False,False,False,False,Technology,-0.664,-2.326,,,,False,False,-0.03949999999999998,-2.4605,,,
ASTH,2026-08-19,bad,bad,good,missing,missing,missing,missing,2,4,False,False,False,False,bad,neutral,7,,False,mid,dead,above,mid,flat,extended,missing,,missing,False,False,False,missing,,False,8.0,False,False,False,False,False,False,Healthcare,-1.675,-0.127,,,,False,False,-1.0505,-0.2615,,,
ASTL,2026-08-19,bad,bad,bad,missing,missing,missing,missing,3,4,False,False,False,False,bad,bad,5,,False,mid,normal,below,low,flat,washed,missing,,missing,False,False,False,missing,,False,-11.0,False,False,False,False,False,False,Basic Materials,-4.802,-2.923,,,,False,False,-4.177499999999999,-3.0575,,,
PENG,2026-08-19,bad,bad,bad,missing,missing,missing,missing,3,4,False,False,False,False,bad,bad,5,,False,mid,dead,above,high,down,mid,missing,,missing,False,False,False,missing,,False,11.0,False,False,False,False,False,False,Technology,-3.418,-0.623,,,,False,False,-2.7935,-0.7575000000000001,,,
PENN,2026-08-19,bad,bad,bad,missing,missing,missing,missing,3,4,False,False,False,False,bad,bad,5,,False,mid,dead,below,high,flat,mid,missing,,missing,False,False,False,missing,,False,-5.0,False,False,False,False,False,False,Consumer Cyclical,-0.647,0.485,,,,False,False,-0.022499999999999964,0.3505,,,
IMSR,2026-08-19,bad,bad,good,missing,missing,missing,missing,2,4,False,False,False,False,bad,neutral,7,,False,mid,dead,above,high,down,mid,missing,,missing,False,False,False,missing,,False,-3.0,False,False,False,False,False,False,Utilities,-7.381,-2.109,,,,False,False,-6.7565,-2.2435,,,
VYGR,2026-08-19,bad,bad,good,missing,missing,missing,missing,2,4,False,False,False,False,bad,neutral,7,,False,mid,dead,above,mid,flat,mid,missing,,missing,False,False,False,missing,,False,-5.0,False,False,False,False,False,False,Healthcare,-2.639,-0.587,,,,False,False,-2.0145,-0.7215,,,
IRD,2026-08-19,bad,bad,good,missing,missing,missing,missing,2,4,False,False,False,False,bad,neutral,7,,False,mid,normal,above,high,flat,mid,missing,,missing,False,False,False,missing,,False,-10.0,False,False,False,False,False,False,Healthcare,1.228,-0.491,,,,False,False,1.8525,-0.6255,,,
CSAN,2026-08-19,bad,bad,good,missing,missing,missing,missing,2,4,False,False,False,False,bad,neutral,7,,False,oversold,hot,below,low,flat,mid,missing,,missing,False,False,False,missing,,False,1.0,False,False,False,False,False,False,Energy,0.0,8.268,,,,False,False,0.6245,8.133500000000002,,,
CURI,2026-08-19,bad,bad,bad,missing,missing,missing,missing,3,4,False,False,False,False,bad,bad,5,,False,mid,hot,above,mid,down,mid,missing,,missing,False,False,False,missing,,False,9.0,False,False,False,False,False,False,Communication Services,0.685,-5.479,,,,False,False,1.3095,-5.6135,,,
CMP,2026-08-19,bad,bad,bad,missing,missing,missing,missing,3,4,False,False,False,False,bad,bad,5,,False,mid,dead,below,mid,flat,washed,missing,,missing,False,False,False,missing,,False,2.0,False,False,False,False,False,False,Basic Materials,-4.202,1.167,,,,False,False,-3.5774999999999997,1.0325,,,
CRML,2026-08-19,bad,bad,bad,missing,missing,missing,missing,3,4,False,False,False,False,bad,bad,5,,False,mid,normal,below,high,down,mid,far,,missing,False,False,False,missing,,False,-5.0,False,False,False,False,False,False,Basic Materials,-5.997,15.235,,,,False,False,-5.3725,15.1005,,,
SVCO,2026-08-19,bad,bad,bad,missing,missing,missing,missing,3,4,False,False,False,False,bad,bad,5,,False,mid,normal,below,high,down,washed,missing,,missing,False,False,False,missing,,False,-5.0,False,False,False,False,False,False,Technology,1.199,0.9,,,,False,False,1.8235000000000001,0.7655000000000001,,,
MBC,2026-08-19,bad,bad,bad,missing,missing,missing,missing,3,4,False,False,False,False,bad,bad,5,,False,mid,dead,above,high,flat,mid,missing,,missing,False,False,False,missing,,False,-4.0,False,False,False,False,False,False,Consumer Cyclical,-2.559,-2.878,,,,False,False,-1.9345,-3.0125,,,
MWC,2026-08-19,bad,bad,bad,missing,missing,missing,missing,3,4,False,False,False,False,bad,bad,5,,False,mid,normal,below,low,flat,mid,missing,,missing,False,False,False,missing,,False,2.0,False,False,False,False,False,False,Consumer Cyclical,6.081,4.054,,,,False,False,6.705500000000001,3.9195,,,
MX,2026-08-19,bad,bad,bad,missing,missing,missing,missing,3,4,False,False,False,False,bad,bad,5,,False,mid,dead,below,mid,down,washed,missing,,missing,False,False,False,missing,,False,-5.0,False,False,False,False,False,False,Technology,-1.502,-0.601,,,,False,False,-0.8775,-0.7355,,,
MXL,2026-08-19,bad,bad,bad,missing,missing,missing,missing,3,4,False,False,False,False,bad,bad,5,,False,mid,normal,above,mid,down,mid,missing,,missing,False,False,False,missing,,False,4.0,False,False,False,False,False,False,Technology,-1.731,0.271,,,,False,False,-1.1065,0.1365,,,
ADIG,2026-08-19,bad,bad,bad,missing,missing,missing,missing,3,4,False,False,False,False,bad,bad,5,,False,mid,normal,below,low,flat,washed,missing,,missing,False,False,False,missing,,False,5.0,False,False,False,False,False,False,Technology,5.758,-1.124,,,,False,False,6.3825,-1.2585000000000002,,,
CMPS,2026-08-19,bad,bad,good,missing,missing,missing,missing,2,4,False,False,False,False,bad,neutral,7,,False,mid,dead,above,high,flat,mid,missing,,missing,False,False,False,missing,,False,-6.0,False,False,False,False,False,False,Healthcare,-1.356,-4.854,,,,False,False,-0.7315,-4.9885,,,
CNXC,2026-08-19,bad,bad,bad,missing,missing,missing,missing,3,4,False,False,False,False,bad,bad,5,,False,mid,normal,below,high,flat,washed,missing,,missing,False,False,False,missing,,False,-9.0,False,False,False,False,False,False,Technology,-2.022,-1.244,,,,False,False,-1.3974999999999997,-1.3785,,,
STLA,2026-08-19,bad,bad,bad,missing,missing,missing,missing,3,4,False,False,False,False,bad,bad,5,,False,mid,normal,below,mid,flat,mid,missing,,missing,False,False,False,missing,,False,-9.0,False,False,False,False,False,False,Consumer Cyclical,-3.131,-0.368,,,,False,False,-2.5065,-0.5025,,,
STLN,2026-08-19,bad,bad,good,missing,missing,missing,missing,2,4,False,False,False,False,bad,neutral,7,,False,mid,dead,above,high,flat,mid,missing,,missing,False,False,False,missing,,False,4.0,False,False,False,False,False,False,Healthcare,-1.802,-2.928,,,,False,False,-1.1775,-3.0625,,,
CYH,2026-08-19,bad,bad,good,missing,missing,missing,missing,2,4,False,False,False,False,bad,neutral,7,,False,mid,dead,above,high,flat,mid,missing,,missing,False,False,False,missing,,False,-1.0,False,False,False,False,False,False,Healthcare,2.055,3.082,,,,False,False,2.6795,2.9475,,,
CTOS,2026-08-19,bad,bad,good,missing,missing,missing,missing,2,4,False,False,False,False,bad,neutral,7,,False,mid,dead,below,mid,flat,mid,missing,,missing,False,False,False,missing,,False,7.0,False,False,False,False,False,False,Industrials,0.409,-0.102,,,,False,False,1.0335,-0.2365,,,
SSP,2026-08-19,bad,bad,bad,missing,missing,missing,missing,3,4,False,False,False,False,bad,bad,5,,False,mid,dead,above,mid,flat,mid,missing,,missing,False,False,False,missing,,False,2.0,False,False,False,False,False,False,Communication Services,-4.913,-5.491,,,,False,False,-4.2885,-5.6255,,,
MAX,2026-08-19,bad,bad,bad,missing,missing,missing,missing,3,4,False,False,False,False,bad,bad,5,,False,mid,dead,above,high,flat,mid,missing,,missing,False,False,False,missing,,False,8.0,False,False,False,False,False,False,Communication Services,-2.372,-4.077,,,,False,False,-1.7474999999999998,-4.2115,,,
ITG,2026-08-19,bad,bad,good,missing,missing,missing,missing,2,4,False,False,False,False,bad,neutral,7,,False,mid,dead,below,low,flat,mid,missing,,missing,False,False,False,missing,,False,6.0,False,False,False,False,False,False,Industrials,-2.414,0.467,,,,False,False,-1.7895,0.3325,,,
INDP,2026-08-19,bad,bad,good,missing,missing,missing,missing,2,4,False,False,False,False,bad,neutral,7,,False,oversold,dead,below,low,flat,washed,missing,,missing,False,False,False,missing,,False,1.0,False,False,False,False,False,False,Healthcare,46.809,37.234,,,,False,False,47.433499999999995,37.0995,,,
IPWR,2026-08-19,bad,bad,bad,missing,missing,missing,missing,3,4,False,False,False,False,bad,bad,5,,False,mid,normal,above,mid,down,extended,missing,,missing,False,False,False,missing,,False,7.0,False,False,False,False,False,False,Technology,-8.413,-9.178,,,,False,False,-7.7885,-9.3125,,,
W,2026-08-19,bad,bad,bad,missing,missing,missing,missing,3,4,False,False,False,False,bad,bad,5,,False,mid,dead,above,high,flat,mid,missing,,missing,False,False,False,missing,,False,-3.0,False,False,False,False,False,False,Consumer Cyclical,-4.165,-5.826,,,,False,False,-3.5404999999999998,-5.9605,,,
WALD,2026-08-19,bad,bad,good,missing,missing,missing,missing,2,4,False,False,False,False,bad,neutral,7,,False,mid,dead,below,low,flat,mid,missing,,missing,False,False,False,missing,,False,-8.0,False,False,False,False,False,False,Consumer Defensive,1.504,-2.256,,,,False,False,2.1285,-2.3905,,,
VSTS,2026-08-19,bad,bad,good,missing,missing,missing,missing,2,4,False,False,False,False,bad,neutral,7,,False,mid,dead,below,mid,flat,mid,missing,,missing,False,False,False,missing,,False,-6.0,False,False,False,False,False,False,Industrials,-1.762,-2.759,,,,False,False,-1.1375,-2.8935,,,
VSXY,2026-08-19,bad,bad,bad,missing,missing,missing,missing,3,4,False,False,False,False,bad,bad,5,,False,mid,dead,below,high,flat,washed,missing,,missing,False,False,False,missing,,False,9.0,False,False,False,False,False,False,Consumer Cyclical,-2.043,-3.634,,,,False,False,-1.4185,-3.7685,,,
NAVI,2026-08-19,bad,bad,bad,missing,missing,missing,missing,3,4,False,False,False,False,bad,bad,5,,False,mid,dead,above,high,flat,mid,missing,,missing,False,False,False,missing,,False,8.0,False,False,False,False,False,False,Financial,-1.622,2.162,,,,False,False,-0.9975,2.0275,,,
CXDO,2026-08-19,bad,bad,bad,missing,missing,missing,missing,3,4,False,False,False,False,bad,bad,5,,False,mid,dead,below,mid,flat,mid,missing,,missing,False,False,False,missing,,False,2.0,False,False,False,False,False,False,Communication Services,-4.262,-2.74,,,,False,False,-3.6374999999999993,-2.8745000000000003,,,
CYRX,2026-08-19,bad,bad,good,missing,missing,missing,missing,2,4,False,False,False,False,bad,neutral,7,,False,mid,dead,below,mid,flat,mid,missing,,missing,False,False,False,missing,,False,1.0,False,False,False,False,False,False,Industrials,2.452,5.028,,,,False,False,3.0765000000000002,4.8934999999999995,,,
CZR,2026-08-19,bad,bad,bad,missing,missing,missing,missing,3,4,False,False,False,False,bad,bad,5,,False,mid,dead,below,high,flat,mid,missing,,missing,False,False,False,missing,,False,-3.0,False,False,False,False,False,False,Consumer Cyclical,0.169,0.575,,,,False,False,0.7935000000000001,0.44049999999999995,,,
CVI,2026-08-19,bad,bad,good,missing,missing,missing,missing,2,4,False,False,False,False,bad,neutral,7,,False,mid,dead,above,high,flat,mid,missing,,missing,False,False,False,missing,,False,7.0,False,False,False,False,False,False,Energy,-2.371,7.657,,,,False,False,-1.7465,7.5225,,,
TGB,2026-08-19,bad,bad,bad,missing,missing,missing,missing,3,4,False,False,False,False,bad,bad,5,,False,mid,dead,above,low,flat,mid,missing,,missing,False,False,False,missing,,False,5.0,False,False,False,False,False,False,Basic Materials,2.597,8.501,,,,False,False,3.2215,8.3665,,,
AVAV,2026-08-19,bad,bad,good,missing,missing,missing,missing,2,4,False,False,False,False,bad,neutral,7,,False,mid,dead,above,high,flat,washed,missing,,missing,False,False,True,missing,,False,0.0,False,False,False,False,False,False,Industrials,-7.497,-7.248,,,,False,False,-6.8725,-7.3825,,,
VREX,2026-08-19,bad,bad,good,missing,missing,missing,missing,2,4,False,False,False,False,bad,neutral,7,,False,overbought,dead,above,low,flat,mid,missing,,missing,False,False,False,missing,,False,2.0,False,False,False,False,False,False,Healthcare,0.163,0.271,,,,False,False,0.7875000000000001,0.1365,,,
IQ,2026-08-19,bad,bad,bad,missing,missing,missing,missing,3,4,False,False,False,False,bad,bad,5,,False,mid,hot,below,high,down,washed,missing,,missing,False,False,False,missing,,False,-5.0,False,False,False,False,False,False,Communication Services,-8.85,-6.637,,,,False,False,-8.2255,-6.7715,,,
AVAH,2026-08-19,bad,bad,good,missing,missing,missing,missing,2,4,False,False,False,False,bad,neutral,7,,False,overbought,normal,above,mid,flat,extended,missing,,missing,False,False,True,missing,,False,11.0,False,False,False,False,False,False,Healthcare,-1.444,0.0,,,,False,False,-0.8194999999999999,-0.1345,,,
CHEF,2026-08-19,bad,bad,good,missing,missing,missing,missing,2,4,False,False,False,False,bad,neutral,7,,False,mid,dead,above,high,flat,mid,missing,,missing,False,False,False,missing,,False,7.0,False,False,False,False,False,False,Consumer Defensive,1.379,3.027,,,,False,False,2.0035,2.8925,,,
SPIR,2026-08-19,bad,bad,good,missing,missing,missing,missing,2,4,False,False,False,False,bad,neutral,7,,False,mid,dead,above,high,down,mid,missing,,missing,False,False,False,missing,,False,-3.0,False,False,False,False,False,False,Industrials,1.387,1.752,,,,False,False,2.0115,1.6175,,,
DAVE,2026-08-19,bad,bad,bad,missing,missing,missing,missing,3,4,False,False,False,False,bad,bad,5,,False,mid,dead,below,high,down,extended,missing,,missing,False,False,False,missing,,False,3.0,False,False,False,False,False,False,Technology,-2.91,2.802,,,,False,False,-2.2855,2.6675,,,
DBI,2026-08-19,bad,bad,bad,missing,missing,missing,missing,3,4,False,False,False,False,bad,bad,5,,False,mid,dead,below,high,flat,mid,missing,,missing,False,False,False,missing,,False,0.0,False,False,False,False,False,False,Consumer Cyclical,-7.27,-7.108,,,,False,False,-6.645499999999999,-7.2425,,,
TH,2026-08-19,bad,bad,good,missing,missing,missing,missing,2,4,False,False,False,False,bad,neutral,7,,False,mid,dead,above,mid,flat,mid,missing,,missing,False,False,False,missing,,False,5.0,False,False,False,False,False,False,Industrials,3.462,4.754,,,,False,False,4.0865,4.6194999999999995,,,
LXEO,2026-08-19,bad,bad,good,missing,missing,missing,missing,2,4,False,False,False,False,bad,neutral,7,,False,mid,dead,above,high,flat,mid,missing,,missing,False,False,False,missing,,False,-3.0,False,False,False,False,False,False,Healthcare,-5.773,-9.125,,,,False,False,-5.148499999999999,-9.2595,,,
LZM,2026-08-19,bad,bad,bad,missing,missing,missing,missing,3,4,False,False,False,False,bad,bad,5,,False,mid,normal,above,high,down,mid,missing,,missing,False,False,False,missing,,False,7.0,False,False,False,False,False,False,Basic Materials,0.247,7.654,,,,False,False,0.8715,7.5195,,,
LTRX,2026-08-19,bad,bad,bad,missing,missing,missing,missing,3,4,False,False,False,False,bad,bad,5,,False,mid,dead,above,mid,down,mid,missing,,missing,False,False,False,missing,,False,-5.0,False,False,False,False,False,False,Technology,0.998,-0.499,,,,False,False,1.6225,-0.6335,,,
LU,2026-08-19,bad,bad,bad,missing,missing,missing,missing,3,4,False,False,False,False,bad,bad,5,,False,mid,normal,below,low,flat,mid,missing,,missing,False,False,False,missing,,False,-5.0,False,False,False,False,False,False,Financial,-3.448,-4.138,,,,False,False,-2.8235,-4.2725,,,
AGNT,2026-08-19,bad,bad,bad,missing,missing,missing,missing,3,4,False,False,False,False,bad,bad,5,,False,mid,dead,above,high,flat,mid,missing,,missing,False,False,True,missing,,False,3.0,False,False,False,False,False,False,Real Estate,-4.43,-3.586,,,,False,False,-3.8054999999999994,-3.7205,,,
DEI,2026-08-19,bad,bad,bad,missing,missing,missing,missing,3,4,False,False,False,False,bad,bad,5,,False,mid,dead,below,high,flat,mid,missing,,missing,False,False,False,missing,,False,3.0,False,False,False,False,False,False,Real Estate,0.338,-0.254,,,,False,False,0.9625000000000001,-0.3885,,,
LUNG,2026-08-19,bad,bad,good,missing,missing,missing,missing,2,4,False,False,False,False,bad,neutral,7,,False,mid,dead,above,low,flat,mid,missing,,missing,False,False,False,missing,,False,4.0,False,False,False,False,False,False,Healthcare,-0.433,-2.165,,,,False,False,0.19150000000000006,-2.2995,,,
IVR,2026-08-19,bad,bad,bad,missing,missing,missing,missing,3,4,False,False,False,False,bad,bad,5,,False,mid,normal,above,high,flat,mid,missing,,missing,False,False,False,missing,,False,-2.0,False,False,False,False,False,False,Real Estate,-0.396,-0.792,,,,False,False,0.22850000000000004,-0.9265000000000001,,,
JANX,2026-08-19,bad,bad,good,missing,missing,missing,missing,2,4,False,False,False,False,bad,neutral,7,,False,mid,dead,above,high,flat,mid,missing,,missing,False,False,False,missing,,False,-9.0,False,False,False,False,False,False,Healthcare,-1.37,-0.742,,,,False,False,-0.7455,-0.8765000000000001,,,
AZTA,2026-08-19,bad,bad,good,missing,missing,missing,missing,2,4,False,False,False,False,bad,neutral,7,,False,mid,dead,above,high,flat,mid,missing,,missing,False,False,False,missing,,False,2.0,False,False,False,False,False,False,Healthcare,2.499,4.997,,,,False,False,3.1235,4.8625,,,
AVR,2026-08-19,bad,bad,good,missing,missing,missing,missing,2,4,False,False,False,False,bad,neutral,7,,False,mid,dead,above,high,flat,mid,missing,,missing,False,False,True,missing,,False,-3.0,False,False,False,False,False,False,Healthcare,-5.9,-8.647,,,,False,False,-5.2755,-8.7815,,,
VNET,2026-08-19,bad,bad,bad,missing,missing,missing,missing,3,4,False,False,False,False,bad,bad,5,,False,mid,hot,below,high,down,washed,missing,,missing,False,False,False,missing,,False,-5.0,False,False,False,False,False,False,Technology,-2.206,-1.176,,,,False,False,-1.5815,-1.3105,,,
HUT,2026-08-19,bad,bad,bad,missing,missing,missing,missing,3,4,False,False,False,False,bad,bad,5,,False,mid,normal,below,high,down,mid,missing,,missing,False,False,False,missing,,False,-11.0,False,False,False,False,False,False,Financial,8.004,-1.486,,,,False,False,8.628499999999999,-1.6205,,,
ICHR,2026-08-19,bad,bad,bad,missing,missing,missing,missing,3,4,False,False,False,False,bad,bad,5,,False,mid,dead,below,mid,down,mid,missing,,missing,False,False,False,missing,,False,-5.0,False,False,False,False,False,False,Technology,-3.823,-1.65,,,,False,False,-3.1985,-1.7845,,,
HYLN,2026-08-19,bad,bad,good,missing,missing,missing,missing,2,4,False,False,False,False,bad,neutral,7,,False,mid,dead,above,high,flat,mid,missing,,missing,False,False,False,missing,,False,-3.0,False,False,False,False,False,False,Industrials,-8.174,-9.264,,,,False,False,-7.549499999999999,-9.398499999999999,,,
SLS,2026-08-19,bad,bad,good,missing,missing,missing,missing,2,4,False,False,False,False,bad,neutral,7,,False,mid,normal,above,high,down,extended,missing,,missing,False,False,False,missing,,False,5.0,False,False,False,False,False,False,Healthcare,-3.249,11.625,,,,False,False,-2.6245000000000003,11.4905,,,
SMRT,2026-08-19,bad,bad,bad,missing,missing,missing,missing,3,4,False,False,False,False,bad,bad,5,,False,mid,dead,above,mid,flat,mid,missing,,missing,False,False,False,missing,,False,-5.0,False,False,False,False,False,False,Technology,-2.174,3.623,,,,False,False,-1.5494999999999999,3.4885,,,
SNOW,2026-08-19,bad,bad,bad,missing,missing,missing,missing,3,4,True,False,False,False,bad,bad,5,,False,mid,dead,above,mid,flat,mid,missing,,missing,False,False,False,missing,,False,3.0,False,False,False,False,False,False,Technology,-1.145,2.391,,,,False,False,-0.5205,2.2565,,,
SMWB,2026-08-19,bad,bad,bad,missing,missing,missing,missing,3,4,False,False,False,False,bad,bad,5,,False,mid,dead,above,low,flat,extended,missing,,missing,False,False,False,missing,,False,3.0,False,False,False,False,False,False,Technology,-2.275,-1.317,,,,False,False,-1.6504999999999999,-1.4515,,,
SNDA,2026-08-19,bad,bad,good,missing,missing,missing,missing,2,4,False,False,False,False,bad,neutral,7,,False,mid,dead,above,mid,flat,mid,missing,,missing,False,False,False,missing,,False,2.0,False,False,False,False,False,False,Healthcare,-3.276,-2.562,,,,False,False,-2.6514999999999995,-2.6965,,,
LTBR,2026-08-19,bad,bad,good,missing,missing,missing,missing,2,4,False,False,False,False,bad,neutral,7,,False,mid,normal,below,high,down,washed,missing,,missing,False,False,False,missing,,False,-8.0,False,False,False,False,False,False,Industrials,-4.348,2.112,,,,False,False,-3.7234999999999996,1.9775,,,
JBI,2026-08-19,bad,bad,good,missing,missing,missing,missing,2,4,False,False,False,False,bad,neutral,7,,False,mid,dead,below,mid,flat,mid,missing,,missing,False,False,False,missing,,False,6.0,False,False,False,False,False,False,Industrials,0.196,0.0,,,,False,False,0.8205,-0.1345,,,
PALI,2026-08-19,bad,bad,good,missing,missing,missing,missing,2,4,False,False,False,False,bad,neutral,7,,False,mid,dead,above,high,flat,mid,missing,,missing,False,False,False,missing,,False,7.0,False,False,False,False,False,False,Healthcare,-4.63,-2.778,,,,False,False,-4.0055,-2.9125,,,
OSS,2026-08-19,bad,bad,bad,missing,missing,missing,missing,3,4,False,False,False,False,bad,bad,5,,False,mid,normal,below,high,down,mid,missing,,missing,False,False,False,missing,,False,8.0,False,False,False,False,False,False,Technology,-5.863,-5.863,,,,False,False,-5.2385,-5.9975000000000005,,,
ARHS,2026-08-19,bad,bad,bad,missing,missing,missing,missing,3,4,False,False,False,False,bad,bad,5,,False,mid,dead,above,high,flat,mid,missing,,missing,False,False,False,missing,,False,12.0,False,False,False,False,False,False,Consumer Cyclical,-1.831,-4.527,,,,False,False,-1.2065,-4.6615,,,
HPK,2026-08-19,bad,bad,good,missing,missing,missing,missing,2,4,False,False,False,False,bad,neutral,7,,False,mid,dead,above,high,flat,mid,missing,,missing,False,False,False,missing,,False,4.0,False,False,False,False,False,False,Energy,1.838,1.961,,,,False,False,2.4625000000000004,1.8265,,,
HRI,2026-08-19,bad,bad,good,missing,missing,missing,missing,2,4,False,False,False,False,bad,neutral,7,,False,mid,dead,above,mid,down,mid,missing,,missing,False,False,False,missing,,False,15.0,False,False,False,False,False,False,Industrials,-3.831,-3.688,,,,False,False,-3.2065,-3.8225000000000002,,,
NFGC,2026-08-19,bad,bad,bad,missing,missing,missing,missing,3,4,False,False,False,False,bad,bad,5,,False,mid,normal,above,mid,flat,mid,missing,,missing,False,False,False,missing,,False,1.0,False,False,False,False,False,False,Basic Materials,-1.685,3.371,,,,False,False,-1.0605,3.2365,,,
NEO,2026-08-19,bad,bad,good,missing,missing,missing,missing,2,4,False,False,False,False,bad,neutral,7,,False,mid,dead,above,high,flat,mid,missing,,missing,False,False,False,missing,,False,1.0,False,False,False,False,False,False,Healthcare,-0.78,1.921,,,,False,False,-0.15549999999999997,1.7865,,,
NEOG,2026-08-19,bad,bad,good,missing,missing,missing,missing,2,4,False,False,False,False,bad,neutral,7,,False,mid,dead,above,mid,flat,mid,missing,,missing,False,False,False,missing,,False,12.0,False,False,False,False,False,False,Healthcare,-2.634,-1.646,,,,False,False,-2.0095,-1.7805,,,
NET,2026-08-19,bad,bad,bad,missing,missing,missing,missing,3,4,False,False,False,False,bad,bad,5,,False,mid,normal,above,low,flat,mid,missing,,missing,False,False,False,missing,,False,6.0,False,False,False,False,False,False,Technology,-4.444,0.432,,,,False,False,-3.8194999999999997,0.2975,,,
NEXA,2026-08-19,bad,bad,bad,missing,missing,missing,missing,3,4,False,False,False,False,bad,bad,5,,False,mid,dead,above,low,flat,mid,missing,,missing,False,False,False,missing,,False,6.0,False,False,False,False,False,False,Basic Materials,-0.706,8.68,,,,False,False,-0.0814999999999999,8.5455,,,
CERT,2026-08-19,bad,bad,good,missing,missing,missing,missing,2,4,False,False,False,False,bad,neutral,7,,False,mid,dead,above,high,flat,mid,missing,,missing,False,False,False,missing,,False,-4.0,False,False,False,False,False,False,Healthcare,4.426,0.837,,,,False,False,5.0505,0.7024999999999999,,,
CDNL,2026-08-19,bad,bad,good,missing,missing,missing,missing,2,4,False,False,False,False,bad,neutral,7,,False,mid,normal,below,high,up,mid,missing,,missing,False,False,False,missing,,False,10.0,False,False,False,False,False,False,Industrials,-2.493,0.392,,,,False,False,-1.8684999999999998,0.2575,,,
SLBT,2026-08-19,bad,bad,good,missing,missing,missing,missing,2,4,False,False,False,False,bad,neutral,7,,False,mid,dead,below,low,flat,mid,missing,,missing,False,False,False,missing,,False,-5.0,False,False,False,False,False,False,Healthcare,1.498,-0.749,,,,False,False,2.1225,-0.8835,,,
CECO,2026-08-19,bad,bad,good,missing,missing,missing,missing,2,4,False,False,False,False,bad,neutral,7,,False,mid,dead,above,mid,flat,mid,missing,,missing,False,False,False,missing,,False,2.0,False,False,False,False,False,False,Industrials,-2.951,-4.919,,,,False,False,-2.3265000000000002,-5.0535,,,
CCCC,2026-08-19,bad,bad,good,missing,missing,missing,missing,2,4,False,False,False,False,bad,neutral,7,,False,mid,normal,above,high,flat,mid,missing,,missing,False,False,False,missing,,False,5.0,False,False,False,False,False,False,Healthcare,-4.276,-4.988,,,,False,False,-3.6514999999999995,-5.1225000000000005,,,
LODE,2026-08-19,bad,bad,bad,missing,missing,missing,missing,3,4,False,False,False,False,bad,bad,5,,False,mid,dead,above,high,flat,mid,missing,,missing,False,False,False,missing,,False,-7.0,False,False,False,False,False,False,Basic Materials,-2.332,2.624,,,,False,False,-1.7074999999999998,2.4895,,,
VLN,2026-08-19,bad,bad,bad,missing,missing,missing,missing,3,4,False,False,False,False,bad,bad,5,,False,mid,dead,above,low,down,mid,missing,,missing,False,False,False,missing,,False,-1.0,False,False,False,False,False,False,Technology,-2.747,-0.549,,,,False,False,-2.1224999999999996,-0.6835,,,
HLIT,2026-08-19,bad,bad,bad,missing,missing,missing,missing,3,4,False,False,False,False,bad,bad,5,,False,mid,dead,above,mid,down,extended,missing,,missing,False,False,False,missing,,False,-2.0,False,False,False,False,False,False,Technology,-1.513,-0.717,,,,False,False,-0.8884999999999998,-0.8514999999999999,,,
PRCT,2026-08-19,bad,bad,good,missing,missing,missing,missing,2,4,False,False,False,False,bad,neutral,7,,False,mid,dead,above,high,flat,mid,missing,,missing,False,False,False,missing,,False,-6.0,False,False,False,False,False,False,Healthcare,-5.386,-1.05,,,,False,False,-4.7615,-1.1845,,,
HNRG,2026-08-19,bad,bad,good,missing,missing,missing,missing,2,4,False,False,False,False,bad,neutral,7,,False,mid,normal,above,high,flat,mid,missing,,missing,False,False,False,missing,,False,4.0,False,False,False,False,False,False,Utilities,-5.189,-6.105,,,,False,False,-4.5645,-6.2395000000000005,,,
PNBK,2026-08-19,bad,bad,bad,missing,missing,missing,missing,3,4,False,False,False,False,bad,bad,5,,False,mid,dead,below,low,flat,mid,missing,,missing,False,False,False,missing,,False,-5.0,False,False,False,False,False,False,Financial,-2.83,-2.83,,,,False,False,-2.2055,-2.9645,,,
XMTR,2026-08-19,bad,bad,good,missing,missing,missing,missing,2,4,False,False,False,False,bad,neutral,7,,False,mid,dead,below,mid,flat,mid,missing,,missing,False,False,False,missing,,False,4.0,False,False,False,False,False,False,Industrials,-1.738,-1.182,,,,False,False,-1.1135,-1.3165,,,
CCO,2026-08-19,bad,bad,bad,missing,missing,missing,missing,3,4,False,False,False,False,bad,bad,5,,False,mid,hot,below,mid,flat,mid,missing,,missing,False,False,False,missing,,False,-3.0,False,False,False,False,False,False,Communication Services,0.844,0.422,,,,False,False,1.4685000000000001,0.2875,,,
CCOI,2026-08-19,bad,bad,bad,missing,missing,missing,missing,3,4,False,False,False,False,bad,bad,5,,False,mid,normal,below,high,flat,washed,missing,,missing,False,False,False,missing,,False,-6.0,False,False,False,False,False,False,Communication Services,-3.472,-11.395,,,,False,False,-2.8475,-11.529499999999999,,,
DXYZ,2026-08-19,bad,bad,bad,missing,missing,missing,missing,3,4,False,False,False,False,bad,bad,5,,False,mid,normal,above,low,down,extended,missing,,missing,False,False,False,missing,,False,3.0,False,False,False,False,False,False,Financial,3.649,2.991,,,,False,False,4.2735,2.8565,,,
SITE,2026-08-19,bad,bad,good,missing,missing,missing,missing,2,4,False,False,False,False,bad,neutral,7,,False,mid,dead,below,mid,flat,mid,missing,,missing,False,False,False,missing,,False,-2.0,False,False,False,False,False,False,Industrials,-2.559,-2.202,,,,False,False,-1.9345,-2.3365,,,
ARLO,2026-08-19,bad,bad,good,missing,missing,missing,missing,2,4,False,False,False,False,bad,neutral,7,,False,mid,dead,below,high,flat,washed,missing,,missing,False,False,True,missing,,False,14.0,False,False,False,False,False,False,Industrials,-3.906,-3.464,,,,False,False,-3.2815000000000003,-3.5985,,,
WFF,2026-08-19,bad,bad,good,missing,missing,missing,missing,2,4,False,False,False,False,bad,neutral,7,,False,mid,hot,above,low,up,extended,missing,,missing,False,False,False,missing,,False,0.0,False,False,False,False,False,False,Industrials,0.0,-5.909,,,,False,False,0.6245,-6.0435,,,
ARBE,2026-08-19,bad,bad,bad,missing,missing,missing,missing,3,4,False,False,False,False,bad,bad,5,,False,mid,dead,above,high,flat,extended,missing,,missing,False,False,True,missing,,False,5.0,False,False,False,False,False,False,Technology,-3.23,-7.623,,,,False,False,-2.6055,-7.7575,,,
BCAR,2026-08-19,bad,bad,bad,missing,missing,missing,missing,3,4,False,False,False,False,bad,bad,5,,False,mid,dead,below,low,flat,extended,missing,,missing,False,False,False,missing,,False,2.0,False,False,False,False,False,False,Financial,-6.011,3.279,,,,False,False,-5.3865,3.1445,,,
SEZL,2026-08-19,bad,bad,bad,missing,missing,missing,missing,3,4,False,False,False,False,bad,bad,5,,False,mid,normal,below,high,down,mid,missing,,missing,False,False,False,missing,,False,9.0,False,False,False,False,False,False,Financial,-1.303,0.118,,,,False,False,-0.6784999999999999,-0.016500000000000015,,,
SHMD,2026-08-19,bad,bad,good,missing,missing,missing,missing,2,4,False,False,False,False,bad,neutral,7,,False,mid,normal,above,high,down,mid,missing,,missing,False,False,False,missing,,False,1.0,False,False,False,False,False,False,Industrials,0.418,2.505,,,,False,False,1.0425,2.3705,,,
ECVT,2026-08-19,bad,bad,bad,missing,missing,missing,missing,3,4,False,False,False,False,bad,bad,5,,False,mid,normal,below,mid,flat,mid,missing,,missing,False,False,False,missing,,False,3.0,False,False,False,False,False,False,Basic Materials,-1.244,-0.096,,,,False,False,-0.6194999999999999,-0.2305,,,
SIGA,2026-08-19,bad,bad,good,missing,missing,missing,missing,2,4,False,False,False,False,bad,neutral,7,,False,mid,dead,below,high,flat,mid,missing,,missing,False,False,False,missing,,False,-2.0,False,False,False,False,False,False,Healthcare,-4.502,-2.251,,,,False,False,-3.8774999999999995,-2.3855,,,
LILAK,2026-08-19,bad,bad,bad,missing,missing,missing,missing,3,4,False,False,False,False,bad,bad,5,,False,mid,normal,above,mid,flat,mid,missing,,missing,False,False,False,missing,,False,-1.0,False,False,False,False,False,False,Communication Services,-0.845,1.329,,,,False,False,-0.22049999999999992,1.1945,,,
LIND,2026-08-19,bad,bad,bad,missing,missing,missing,missing,3,4,False,False,False,False,bad,bad,5,,False,mid,dead,above,high,flat,mid,missing,,missing,False,False,False,missing,,False,3.0,False,False,False,False,False,False,Consumer Cyclical,-1.571,-2.294,,,,False,False,-0.9464999999999999,-2.4285,,,
CATX,2026-08-19,bad,bad,good,missing,missing,missing,missing,2,4,False,False,False,False,bad,neutral,7,,False,mid,dead,above,high,flat,mid,missing,,missing,False,False,False,missing,,False,-2.0,False,False,False,False,False,False,Healthcare,-7.759,-5.172,,,,False,False,-7.1345,-5.3065,,,
NMAX,2026-08-19,bad,bad,bad,missing,missing,missing,missing,3,4,False,False,False,False,bad,bad,5,,False,overbought,hot,above,high,flat,extended,missing,,missing,False,False,False,missing,,False,7.0,False,False,False,False,False,False,Communication Services,-0.367,-1.467,,,,False,False,0.25750000000000006,-1.6015000000000001,,,
LIF,2026-08-19,bad,bad,bad,missing,missing,missing,missing,3,4,False,False,False,False,bad,bad,5,,False,mid,normal,below,high,down,mid,missing,,missing,False,False,False,missing,,False,10.0,False,False,False,False,False,False,Technology,6.089,3.404,,,,False,False,6.713500000000001,3.2695,,,
LIFE,2026-08-19,bad,bad,bad,missing,missing,missing,missing,3,4,False,False,False,False,bad,bad,5,,False,overbought,hot,above,high,down,mid,missing,,missing,False,False,False,missing,,False,1.0,False,False,False,False,False,False,Financial,2.04,3.988,,,,False,False,2.6645000000000003,3.8535,,,
LILA,2026-08-19,bad,bad,bad,missing,missing,missing,missing,3,4,False,False,False,False,bad,bad,5,,False,mid,dead,above,low,flat,mid,missing,,missing,False,False,False,missing,,False,-8.0,False,False,False,False,False,False,Communication Services,-2.038,1.559,,,,False,False,-1.4134999999999998,1.4244999999999999,,,
LFTO,2026-08-19,bad,bad,bad,missing,missing,missing,missing,3,4,False,False,False,False,bad,bad,5,,False,mid,dead,below,mid,flat,washed,missing,,missing,False,False,False,missing,,False,10.0,False,False,False,False,False,False,Communication Services,-5.894,-2.768,,,,False,False,-5.2695,-2.9025,,,
LGN,2026-08-19,bad,bad,good,missing,missing,missing,missing,2,4,False,False,False,False,bad,neutral,7,,False,mid,dead,above,mid,flat,mid,missing,,missing,False,False,False,missing,,False,-5.0,False,False,False,False,False,False,Industrials,-3.857,-4.993,,,,False,False,-3.2325,-5.1275,,,
ALK,2026-08-19,bad,bad,good,missing,missing,missing,missing,2,4,True,False,False,False,bad,neutral,7,,False,mid,dead,below,high,flat,washed,missing,,missing,False,False,True,missing,,False,-9.0,False,False,False,False,False,False,Industrials,-2.547,-1.989,,,,False,False,-1.9225,-2.1235,,,
ALMU,2026-08-19,bad,bad,bad,missing,missing,missing,missing,3,4,False,False,False,False,bad,bad,5,,False,mid,normal,below,high,down,washed,missing,,missing,False,False,True,missing,,False,-6.0,False,False,False,False,False,False,Technology,-3.368,-4.339,,,,False,False,-2.7435,-4.4735000000000005,,,
SGML,2026-08-19,bad,bad,bad,missing,missing,missing,missing,3,4,False,False,False,False,bad,bad,5,,False,mid,normal,above,low,flat,mid,missing,,missing,False,False,False,missing,,False,-7.0,False,False,False,False,False,False,Basic Materials,-1.92,9.415,,,,False,False,-1.2954999999999999,9.2805,,,
ELVA,2026-08-19,bad,bad,good,missing,missing,missing,missing,2,4,False,False,False,False,bad,neutral,7,,False,mid,dead,below,high,flat,mid,missing,,missing,False,False,False,missing,,False,1.0,False,False,False,False,False,False,Industrials,-8.743,-9.29,,,,False,False,-8.118500000000001,-9.424499999999998,,,
TRON,2026-08-19,bad,bad,bad,missing,missing,missing,missing,3,4,False,False,False,False,bad,bad,5,,False,mid,normal,below,high,flat,mid,missing,,missing,False,False,False,missing,,False,-1.0,False,False,False,False,False,False,Consumer Cyclical,15.432,24.074,,,,False,False,16.0565,23.939500000000002,,,
TRT,2026-08-19,bad,bad,bad,missing,missing,missing,missing,3,4,False,False,False,False,bad,bad,5,,False,mid,dead,above,high,down,mid,missing,,missing,False,False,False,missing,,False,3.0,False,False,False,False,False,False,Technology,-1.59,-2.827,,,,False,False,-0.9655,-2.9615,,,
CARS,2026-08-19,bad,bad,bad,missing,missing,missing,missing,3,4,False,False,False,False,bad,bad,5,,False,mid,dead,above,high,flat,mid,missing,,missing,False,False,False,missing,,False,2.0,False,False,False,False,False,False,Communication Services,-1.367,-1.768,,,,False,False,-0.7424999999999999,-1.9025,,,
PUBM,2026-08-19,bad,bad,bad,missing,missing,missing,missing,3,4,False,False,False,False,bad,bad,5,,False,overbought,normal,above,mid,flat,mid,missing,,missing,False,False,False,missing,,False,3.0,False,False,False,False,False,False,Technology,-2.324,-2.205,,,,False,False,-1.6994999999999998,-2.3395,,,
VERX,2026-08-19,bad,bad,bad,missing,missing,missing,missing,3,4,False,False,False,False,bad,bad,5,,False,mid,dead,above,high,flat,mid,missing,,missing,False,False,False,missing,,False,10.0,False,False,False,False,False,False,Technology,0.444,-0.37,,,,False,False,1.0685,-0.5045,,,
PRGS,2026-08-19,bad,bad,bad,missing,missing,missing,missing,3,4,False,False,False,False,bad,bad,5,,False,mid,dead,above,high,flat,mid,missing,,missing,False,False,False,missing,,False,1.0,False,False,False,False,False,False,Technology,-1.415,1.209,,,,False,False,-0.7905,1.0745,,,
PUSA,2026-08-19,bad,bad,bad,missing,missing,missing,missing,3,4,False,False,False,False,bad,bad,5,,False,mid,dead,above,high,flat,mid,missing,,missing,False,False,False,missing,,False,-6.0,False,False,False,False,False,False,Consumer Cyclical,-1.187,1.78,,,,False,False,-0.5625,1.6455,,,
GVA,2026-08-19,bad,bad,good,missing,missing,missing,missing,2,4,False,False,False,False,bad,neutral,7,,False,mid,dead,above,high,flat,mid,missing,,missing,False,False,False,missing,,False,-3.0,False,False,False,False,False,False,Industrials,-2.467,-1.856,,,,False,False,-1.8425,-1.9905000000000002,,,
PUMP,2026-08-19,bad,bad,good,missing,missing,missing,missing,2,4,False,False,False,False,bad,neutral,7,,False,mid,dead,above,high,flat,mid,missing,,missing,False,False,False,missing,,False,-4.0,False,False,False,False,False,False,Energy,-4.79,-4.79,,,,False,False,-4.1655,-4.9245,,,
PSNL,2026-08-19,bad,bad,good,missing,missing,missing,missing,2,4,False,False,False,False,bad,neutral,7,,False,mid,dead,above,high,flat,mid,missing,,missing,False,False,False,missing,,False,2.0,False,False,False,False,False,False,Healthcare,6.768,16.256,,,,False,False,7.3925,16.1215,,,
BWEN,2026-08-19,bad,bad,good,missing,missing,missing,missing,2,4,False,False,False,False,bad,neutral,7,,False,mid,normal,above,mid,down,washed,missing,,missing,False,False,False,missing,,False,0.0,False,False,False,False,False,False,Industrials,-3.219,-4.292,,,,False,False,-2.5945,-4.4265,,,
BXMT,2026-08-19,bad,bad,bad,missing,missing,missing,missing,3,4,False,False,False,False,bad,bad,5,,False,mid,dead,below,mid,flat,mid,missing,,missing,False,False,False,missing,,False,8.0,False,False,False,False,False,False,Real Estate,-0.761,-1.314,,,,False,False,-0.13649999999999995,-1.4485000000000001,,,
ELME,2026-08-19,bad,bad,bad,missing,missing,missing,missing,3,4,False,False,False,False,bad,bad,5,,False,mid,dead,above,low,flat,mid,missing,,missing,False,False,False,missing,,False,-15.0,False,False,False,False,False,False,Real Estate,0.0,2.469,,,,False,False,0.6245,2.3345,,,
LEU,2026-08-19,bad,bad,good,missing,missing,missing,missing,2,4,False,False,False,False,bad,neutral,7,,False,mid,normal,below,high,down,mid,missing,,missing,False,False,False,missing,,False,14.0,False,False,False,False,False,False,Energy,-4.11,1.405,,,,False,False,-3.4855,1.2705,,,
NRIX,2026-08-19,bad,bad,good,missing,missing,missing,missing,2,4,False,False,False,False,bad,neutral,7,,False,overbought,dead,above,high,flat,mid,missing,,missing,False,False,False,missing,,False,-6.0,False,False,False,False,False,False,Healthcare,-2.663,-3.85,,,,False,False,-2.0385,-3.9845,,,
NSP,2026-08-19,bad,bad,good,missing,missing,missing,missing,2,4,False,False,False,False,bad,neutral,7,,False,mid,dead,above,high,flat,mid,missing,,missing,False,False,False,missing,,False,7.0,False,False,False,False,False,False,Industrials,0.54,1.793,,,,False,False,1.1645,1.6584999999999999,,,
NTSK,2026-08-19,bad,bad,bad,missing,missing,missing,missing,3,4,False,False,False,False,bad,bad,5,,False,mid,dead,above,mid,flat,mid,missing,,missing,False,False,False,missing,,False,8.0,False,False,False,False,False,False,Technology,-2.177,-1.293,,,,False,False,-1.5525,-1.4275,,,
OPK,2026-08-19,bad,bad,good,missing,missing,missing,missing,2,4,False,False,False,False,bad,neutral,7,,False,mid,dead,above,high,flat,mid,missing,,missing,False,False,False,missing,,False,0.0,False,False,False,False,False,False,Healthcare,0.0,1.37,,,,False,False,0.6245,1.2355,,,
OPRT,2026-08-19,bad,bad,bad,missing,missing,missing,missing,3,4,False,False,False,False,bad,bad,5,,False,mid,dead,above,mid,flat,mid,missing,,missing,False,False,False,missing,,False,10.0,False,False,False,False,False,False,Financial,-2.914,-0.662,,,,False,False,-2.2895000000000003,-0.7965,,,
WIX,2026-08-19,bad,bad,bad,missing,missing,missing,missing,3,4,False,False,False,False,bad,bad,5,,False,mid,normal,above,high,flat,extended,missing,,missing,False,False,False,missing,,False,4.0,False,False,False,False,False,False,Technology,5.777,5.367,,,,False,False,6.4015,5.2325,,,
APPN,2026-08-19,bad,bad,bad,missing,missing,missing,missing,3,4,False,False,False,False,bad,bad,5,,False,overbought,dead,above,high,flat,mid,missing,,missing,False,False,True,missing,,False,5.0,False,False,False,False,False,False,Technology,-0.666,2.052,,,,False,False,-0.04149999999999998,1.9175,,,
GPGI,2026-08-19,bad,bad,good,missing,missing,missing,missing,2,4,False,False,False,False,bad,neutral,7,,False,mid,normal,below,high,flat,washed,missing,,missing,False,False,False,missing,,False,4.0,False,False,False,False,False,False,Industrials,-2.067,-2.067,,,,False,False,-1.4425000000000001,-2.2015000000000002,,,
GTN,2026-08-19,bad,bad,bad,missing,missing,missing,missing,3,4,False,False,False,False,bad,bad,5,,False,mid,dead,above,mid,flat,mid,missing,,missing,False,False,False,missing,,False,4.0,False,False,False,False,False,False,Communication Services,-1.8,-1.2,,,,False,False,-1.1755,-1.3345,,,
GRPN,2026-08-19,bad,bad,bad,missing,missing,missing,missing,3,4,False,False,False,False,bad,bad,5,,False,mid,normal,below,high,flat,mid,missing,,missing,False,False,False,missing,,False,-3.0,False,False,False,False,False,False,Communication Services,-3.686,-3.735,,,,False,False,-3.0614999999999997,-3.8695,,,
BDN,2026-08-19,bad,bad,bad,missing,missing,missing,missing,3,4,False,False,False,False,bad,bad,5,,False,mid,dead,below,mid,flat,mid,missing,,missing,False,False,False,missing,,False,-3.0,False,False,False,False,False,False,Real Estate,-1.303,-1.303,,,,False,False,-0.6784999999999999,-1.4375,,,
AMBQ,2026-08-19,bad,bad,bad,missing,missing,missing,missing,3,4,False,False,False,False,bad,bad,5,,False,mid,normal,below,high,flat,mid,missing,,missing,False,False,True,missing,,False,-4.0,False,False,False,False,False,False,Technology,-2.315,-0.287,,,,False,False,-1.6905,-0.4215,,,
AMC,2026-08-19,bad,bad,bad,missing,missing,missing,missing,3,4,False,False,False,False,bad,bad,5,,False,mid,dead,below,mid,flat,mid,missing,,missing,False,False,False,missing,,False,2.0,False,False,False,False,False,False,Communication Services,-1.984,1.19,,,,False,False,-1.3595,1.0554999999999999,,,
XHR,2026-08-19,bad,bad,bad,missing,missing,missing,missing,3,4,False,False,False,False,bad,bad,5,,False,mid,dead,below,mid,flat,mid,missing,,missing,False,False,False,missing,,False,-5.0,False,False,False,False,False,False,Real Estate,-0.154,0.0,,,,False,False,0.47050000000000003,-0.1345,,,
BZFD,2026-08-19,bad,bad,bad,missing,missing,missing,missing,3,4,False,False,False,False,bad,bad,5,,False,mid,dead,below,high,flat,mid,missing,,missing,False,False,False,missing,,False,-5.0,False,False,False,False,False,False,Communication Services,-0.901,0.0,,,,False,False,-0.27649999999999997,-0.1345,,,
SDGR,2026-08-19,bad,bad,good,missing,missing,missing,missing,2,4,False,False,False,False,bad,neutral,7,,False,mid,dead,above,high,flat,mid,missing,,missing,False,False,False,missing,,False,0.0,False,False,False,False,False,False,Healthcare,-1.36,-0.705,,,,False,False,-0.7355,-0.8394999999999999,,,
ETON,2026-08-19,bad,bad,good,missing,missing,missing,missing,2,4,False,False,False,False,bad,neutral,7,,False,overbought,normal,above,mid,flat,extended,missing,,missing,False,False,False,missing,,False,13.0,False,False,False,False,False,False,Healthcare,-2.554,3.237,,,,False,False,-1.9294999999999998,3.1025,,,
BV,2026-08-19,bad,bad,good,missing,missing,missing,missing,2,4,False,False,False,False,bad,neutral,7,,False,mid,dead,below,mid,flat,mid,missing,,missing,False,False,False,missing,,False,-5.0,False,False,False,False,False,False,Industrials,-3.128,-1.825,,,,False,False,-2.5035,-1.9595,,,
EVEX,2026-08-19,bad,bad,good,missing,missing,missing,missing,2,4,False,False,False,False,bad,neutral,7,,False,mid,dead,above,high,flat,washed,missing,,missing,False,False,False,missing,,False,6.0,False,False,False,False,False,False,Industrials,-4.869,-1.498,,,,False,False,-4.2444999999999995,-1.6325,,,
FA,2026-08-19,bad,bad,good,missing,missing,missing,missing,2,4,False,False,False,False,bad,neutral,7,,False,mid,dead,below,high,flat,mid,missing,,missing,False,False,False,missing,,False,13.0,False,False,False,False,False,False,Industrials,0.426,-1.135,,,,False,False,1.0505,-1.2695,,,
RYTM,2026-08-19,bad,bad,good,missing,missing,missing,missing,2,4,False,False,False,False,bad,neutral,7,,False,mid,dead,above,high,flat,mid,missing,,missing,False,False,False,missing,,False,3.0,False,False,False,False,False,False,Healthcare,-5.884,-4.951,,,,False,False,-5.2595,-5.0855,,,
EXFY,2026-08-19,bad,bad,bad,missing,missing,missing,missing,3,4,False,False,False,False,bad,bad,5,,False,mid,normal,above,low,flat,mid,missing,,missing,False,False,False,missing,,False,6.0,False,False,False,False,False,False,Technology,2.459,8.197,,,,False,False,3.0835,8.0625,,,
FATE,2026-08-19,bad,bad,good,missing,missing,missing,missing,2,4,False,False,False,False,bad,neutral,7,,False,mid,dead,below,mid,flat,mid,missing,,missing,False,False,False,missing,,False,4.0,False,False,False,False,False,False,Healthcare,-7.547,-12.075,,,,False,False,-6.922499999999999,-12.209499999999998,,,
FBIO,2026-08-19,bad,bad,good,missing,missing,missing,missing,2,4,False,False,False,False,bad,neutral,7,,False,mid,normal,below,high,flat,extended,missing,,missing,False,False,False,missing,,False,9.0,False,False,False,False,False,False,Healthcare,-2.807,0.702,,,,False,False,-2.1825,0.5674999999999999,,,
BWIN,2026-08-19,bad,bad,bad,missing,missing,missing,missing,3,4,False,False,False,False,bad,bad,5,,False,mid,dead,above,high,flat,mid,missing,,missing,False,False,False,missing,,False,4.0,False,False,False,False,False,False,Financial,0.963,2.408,,,,False,False,1.5875,2.2735,,,
NUAI,2026-08-19,bad,bad,bad,missing,missing,missing,missing,3,4,False,False,False,False,bad,bad,5,,False,mid,normal,above,high,down,mid,missing,,missing,False,False,False,missing,,False,-5.0,False,False,False,False,False,False,Technology,3.148,-10.093,,,,False,False,3.7725,-10.2275,,,
TTI,2026-08-19,bad,bad,good,missing,missing,missing,missing,2,4,False,False,False,False,bad,neutral,7,,False,mid,normal,below,mid,flat,washed,missing,,missing,False,False,False,missing,,False,-2.0,False,False,False,False,False,False,Industrials,-3.342,-3.877,,,,False,False,-2.7175000000000002,-4.0115,,,
GRAL,2026-08-19,bad,bad,good,missing,missing,missing,missing,2,4,False,False,False,False,bad,neutral,7,,False,mid,normal,below,high,flat,washed,missing,,missing,False,False,False,missing,,False,4.0,False,False,False,False,False,False,Healthcare,5.422,7.545,,,,False,False,6.0465,7.4105,,,
GTE,2026-08-19,bad,bad,good,missing,missing,missing,missing,2,4,False,False,False,False,bad,neutral,7,,False,mid,dead,above,mid,flat,mid,missing,,missing,False,False,False,missing,,False,1.0,False,False,False,False,False,False,Energy,-0.51,1.019,,,,False,False,0.11450000000000005,0.8844999999999998,,,
GO,2026-08-19,bad,bad,good,missing,missing,missing,missing,2,4,False,False,False,False,bad,neutral,7,,False,overbought,dead,above,high,flat,extended,missing,,missing,False,False,False,missing,,False,5.0,False,False,False,False,False,False,Consumer Defensive,-1.681,2.655,,,,False,False,-1.0565,2.5204999999999997,,,
GOOS,2026-08-19,bad,bad,bad,missing,missing,missing,missing,3,4,False,False,False,False,bad,bad,5,,False,mid,normal,below,high,flat,mid,missing,,missing,False,False,False,missing,,False,3.0,False,False,False,False,False,False,Consumer Cyclical,-2.509,-0.342,,,,False,False,-1.8844999999999998,-0.47650000000000003,,,
BGS,2026-08-19,bad,bad,good,missing,missing,missing,missing,2,4,False,False,False,False,bad,neutral,7,,False,mid,dead,below,high,flat,mid,missing,,missing,False,False,False,missing,,False,-4.0,False,False,False,False,False,False,Consumer Defensive,-6.197,-2.535,,,,False,False,-5.5725,-2.6695,,,
BEPC,2026-08-19,bad,bad,good,missing,missing,missing,missing,2,4,False,False,False,False,bad,neutral,7,,False,mid,normal,above,mid,flat,mid,missing,,missing,False,False,False,missing,,False,-5.0,False,False,False,False,False,False,Utilities,-1.82,-2.378,,,,False,False,-1.1955,-2.5125,,,
AMN,2026-08-19,bad,bad,good,missing,missing,missing,missing,2,4,False,False,False,False,bad,neutral,7,,False,mid,dead,above,high,flat,mid,missing,,missing,False,False,False,missing,,False,14.0,False,False,False,False,False,False,Healthcare,-1.501,-2.435,,,,False,False,-0.8764999999999998,-2.5695,,,
RXO,2026-08-19,bad,bad,good,missing,missing,missing,missing,2,4,False,False,False,False,bad,neutral,7,,False,mid,dead,below,high,flat,mid,missing,,missing,False,False,False,missing,,False,1.0,False,False,False,False,False,False,Industrials,-2.343,1.577,,,,False,False,-1.7185,1.4425,,,
RXRX,2026-08-19,bad,bad,good,missing,missing,missing,missing,2,4,False,False,False,False,bad,neutral,7,,False,mid,normal,below,high,flat,washed,missing,,missing,False,False,False,missing,,False,-10.0,False,False,False,False,False,False,Healthcare,-4.571,0.0,,,,False,False,-3.9464999999999995,-0.1345,,,
RUM,2026-08-19,bad,bad,bad,missing,missing,missing,missing,3,4,False,False,False,False,bad,bad,5,,False,mid,normal,above,high,down,extended,missing,,missing,False,False,False,missing,,False,-1.0,False,False,False,False,False,False,Communication Services,1.322,8.774,,,,False,False,1.9465000000000001,8.6395,,,
FBRT,2026-08-19,bad,bad,bad,missing,missing,missing,missing,3,4,False,False,False,False,bad,bad,5,,False,mid,dead,above,mid,flat,mid,missing,,missing,False,False,False,missing,,False,8.0,False,False,False,False,False,False,Real Estate,-0.247,3.708,,,,False,False,0.37750000000000006,3.5735,,,
TV,2026-08-19,bad,bad,bad,missing,missing,missing,missing,3,4,False,False,False,False,bad,bad,5,,False,mid,normal,below,low,flat,mid,missing,,missing,False,False,False,missing,,False,-3.0,False,False,False,False,False,False,Communication Services,-0.735,2.206,,,,False,False,-0.11049999999999993,2.0715,,,
TVTX,2026-08-19,bad,bad,good,missing,missing,missing,missing,2,4,False,False,False,False,bad,neutral,7,,False,mid,dead,above,high,flat,mid,missing,,missing,False,False,False,missing,,False,-2.0,False,False,False,False,False,False,Healthcare,-2.274,-0.379,,,,False,False,-1.6495,-0.5135000000000001,,,
SANA,2026-08-19,bad,bad,good,missing,missing,missing,missing,2,4,False,False,False,False,bad,neutral,7,,False,mid,dead,above,high,flat,mid,missing,,missing,False,False,False,missing,,False,0.0,False,False,False,False,False,False,Healthcare,-8.78,-4.634,,,,False,False,-8.1555,-4.7685,,,
BRR,2026-08-19,bad,bad,bad,missing,missing,missing,missing,3,4,False,False,False,False,bad,bad,5,,False,mid,dead,above,mid,flat,mid,missing,,missing,False,False,False,missing,,False,-5.0,False,False,False,False,False,False,Financial,6.667,2.381,,,,False,False,7.2915,2.2464999999999997,,,
RLAY,2026-08-19,bad,bad,good,missing,missing,missing,missing,2,4,False,False,False,False,bad,neutral,7,,False,mid,dead,above,high,flat,mid,missing,,missing,False,False,False,missing,,False,-6.0,False,False,False,False,False,False,Healthcare,-5.014,-6.268,,,,False,False,-4.3895,-6.4025,,,
RPAY,2026-08-19,bad,bad,bad,missing,missing,missing,missing,3,4,False,False,False,False,bad,bad,5,,False,mid,dead,below,mid,flat,mid,missing,,missing,False,False,False,missing,,False,-7.0,False,False,False,False,False,False,Technology,4.607,8.672,,,,False,False,5.2315000000000005,8.537500000000001,,,
U,2026-08-19,bad,bad,bad,missing,missing,missing,missing,3,4,False,False,False,False,bad,bad,5,,False,overbought,normal,above,high,flat,mid,missing,,missing,False,False,False,missing,,False,7.0,False,False,False,False,False,False,Technology,-1.21,-0.382,,,,False,False,-0.5854999999999999,-0.5165,,,
GERN,2026-08-19,bad,bad,good,missing,missing,missing,missing,2,4,False,False,False,False,bad,neutral,7,,False,mid,dead,above,high,flat,mid,missing,,missing,False,False,False,missing,,False,-3.0,False,False,False,False,False,False,Healthcare,-2.516,-4.403,,,,False,False,-1.8915,-4.5375,,,
GNL,2026-08-19,bad,bad,bad,missing,missing,missing,missing,3,4,False,False,False,False,bad,bad,5,,False,mid,dead,above,mid,flat,mid,missing,,missing,False,False,False,missing,,False,-5.0,False,False,False,False,False,False,Real Estate,0.888,0.333,,,,False,False,1.5125000000000002,0.1985,,,
QS,2026-08-19,bad,bad,bad,missing,missing,missing,missing,3,4,False,False,False,False,bad,bad,5,,False,mid,normal,above,high,down,washed,missing,,missing,False,False,False,missing,,False,-4.0,False,False,False,False,False,False,Consumer Cyclical,-3.061,1.701,,,,False,False,-2.4364999999999997,1.5665,,,
OMDA,2026-08-19,bad,bad,good,missing,missing,missing,missing,2,4,False,False,False,False,bad,neutral,7,,False,mid,dead,above,high,flat,mid,missing,,missing,False,False,False,missing,,False,10.0,False,False,False,False,False,False,Healthcare,-3.106,-2.37,,,,False,False,-2.4814999999999996,-2.5045,,,
ONCY,2026-08-19,bad,bad,good,missing,missing,missing,missing,2,4,False,False,False,False,bad,neutral,7,,False,mid,dead,above,high,flat,mid,missing,,missing,False,False,False,missing,,False,-4.0,False,False,False,False,False,False,Healthcare,-3.614,1.205,,,,False,False,-2.9894999999999996,1.0705,,,
WOOF,2026-08-19,bad,bad,bad,missing,missing,missing,missing,3,4,False,False,False,False,bad,bad,5,,False,mid,dead,above,high,flat,mid,missing,,missing,False,False,False,missing,,False,13.0,False,False,False,False,False,False,Consumer Cyclical,-3.39,-3.729,,,,False,False,-2.7655000000000003,-3.8635,,,
AMSC,2026-08-19,bad,bad,good,missing,missing,missing,missing,2,4,False,False,False,False,bad,neutral,7,,False,mid,dead,below,mid,down,mid,missing,,missing,False,False,True,missing,,False,-2.0,False,False,False,False,False,False,Industrials,-3.562,-3.691,,,,False,False,-2.9375,-3.8255,,,
OKLO,2026-08-19,bad,bad,good,missing,missing,missing,missing,2,4,False,False,False,False,bad,neutral,7,,False,mid,normal,below,high,down,washed,missing,,missing,False,False,False,missing,,False,-8.0,False,False,False,False,False,False,Utilities,-2.981,-1.98,,,,False,False,-2.3564999999999996,-2.1145,,,
BLND,2026-08-19,bad,bad,bad,missing,missing,missing,missing,3,4,False,False,False,False,bad,bad,5,,False,mid,hot,below,mid,flat,mid,missing,,missing,False,False,False,missing,,False,7.0,False,False,False,False,False,False,Technology,-2.667,1.333,,,,False,False,-2.0424999999999995,1.1985,,,
OFRM,2026-08-19,bad,bad,good,missing,missing,missing,missing,2,4,False,False,False,False,bad,neutral,7,,False,mid,dead,above,high,flat,extended,missing,,missing,False,False,False,missing,,False,4.0,False,False,False,False,False,False,Consumer Defensive,-6.309,-3.183,,,,False,False,-5.6845,-3.3175,,,
GCL,2026-08-19,bad,bad,bad,missing,missing,missing,missing,3,4,False,False,False,False,bad,bad,5,,False,mid,dead,above,low,flat,extended,missing,,missing,False,False,False,missing,,False,0.0,False,False,False,False,False,False,Communication Services,11.94,7.015,,,,False,False,12.564499999999999,6.8805,,,
GCT,2026-08-19,bad,bad,bad,missing,missing,missing,missing,3,4,False,False,False,False,bad,bad,5,,False,mid,dead,above,high,flat,mid,missing,,missing,False,False,False,missing,,False,10.0,False,False,False,False,False,False,Technology,-4.244,-4.648,,,,False,False,-3.6194999999999995,-4.7825,,,
BJRI,2026-08-19,bad,bad,bad,missing,missing,missing,missing,3,4,False,False,False,False,bad,bad,5,,False,mid,dead,below,mid,flat,mid,missing,,missing,False,False,False,missing,,False,4.0,False,False,False,False,False,False,Consumer Cyclical,-0.788,3.12,,,,False,False,-0.16349999999999998,2.9855,,,
RKT,2026-08-19,bad,bad,bad,missing,missing,missing,missing,3,4,False,False,False,False,bad,bad,5,,False,mid,normal,above,mid,flat,mid,missing,,missing,False,False,False,missing,,False,3.0,False,False,False,False,False,False,Financial,-3.896,-4.785,,,,False,False,-3.2714999999999996,-4.9195,,,
BRBR,2026-08-19,bad,bad,good,missing,missing,missing,missing,2,4,False,False,False,False,bad,neutral,7,,False,mid,dead,below,high,flat,washed,missing,,missing,False,False,False,missing,,False,3.0,False,False,False,False,False,False,Consumer Defensive,-2.61,-5.033,,,,False,False,-1.9854999999999998,-5.1675,,,
FNKO,2026-08-19,bad,bad,bad,missing,missing,missing,missing,3,4,False,False,False,False,bad,bad,5,,False,mid,dead,above,high,flat,mid,missing,,missing,False,False,False,missing,,False,6.0,False,False,False,False,False,False,Consumer Cyclical,4.188,8.878,,,,False,False,4.8125,8.743500000000001,,,
KREF,2026-08-19,bad,bad,bad,missing,missing,missing,missing,3,4,False,False,False,False,bad,bad,5,,False,mid,dead,above,high,flat,mid,missing,,missing,False,False,False,missing,,False,-4.0,False,False,False,False,False,False,Real Estate,-0.399,0.932,,,,False,False,0.22550000000000003,0.7975000000000001,,,
KRMN,2026-08-19,bad,bad,good,missing,missing,missing,missing,2,4,False,False,False,False,bad,neutral,7,,False,mid,dead,above,high,flat,mid,missing,,missing,False,False,False,missing,,False,13.0,False,False,False,False,False,False,Industrials,-6.598,-8.247,,,,False,False,-5.9735,-8.381499999999999,,,
OABI,2026-08-19,bad,bad,good,missing,missing,missing,missing,2,4,False,False,False,False,bad,neutral,7,,False,overbought,hot,above,mid,flat,extended,missing,,missing,False,False,False,missing,,False,1.0,False,False,False,False,False,False,Healthcare,2.625,3.341,,,,False,False,3.2495000000000003,3.2065,,,
RILY,2026-08-19,bad,bad,bad,missing,missing,missing,missing,3,4,False,False,False,False,bad,bad,5,,False,mid,dead,below,high,flat,mid,missing,,missing,False,False,False,missing,,False,-1.0,False,False,False,False,False,False,Financial,-4.149,-1.521,,,,False,False,-3.5244999999999997,-1.6555,,,
RIOT,2026-08-19,bad,bad,bad,missing,missing,missing,missing,3,4,False,False,False,False,bad,bad,5,,False,mid,normal,below,high,flat,mid,missing,,missing,False,False,False,missing,,False,-5.0,False,False,False,False,False,False,Financial,8.256,2.322,,,,False,False,8.8805,2.1875,,,
BORR,2026-08-19,bad,bad,good,missing,missing,missing,missing,2,4,False,False,False,False,bad,neutral,7,,False,mid,normal,above,high,flat,mid,missing,,missing,False,False,False,missing,,False,-6.0,False,False,False,False,False,False,Energy,0.682,2.273,,,,False,False,1.3065000000000002,2.1385,,,
BOT,2026-08-19,bad,bad,bad,missing,missing,missing,missing,3,4,False,False,False,False,bad,bad,5,,False,mid,normal,above,high,down,mid,missing,,missing,False,False,False,missing,,False,-3.0,False,False,False,False,False,False,Financial,-2.203,-5.577,,,,False,False,-1.5784999999999998,-5.7115,,,
BIPC,2026-08-19,bad,bad,good,missing,missing,missing,missing,2,4,False,False,False,False,bad,neutral,7,,False,mid,dead,below,mid,flat,mid,missing,,missing,False,False,False,missing,,False,1.0,False,False,False,False,False,False,Utilities,-1.173,-1.298,,,,False,False,-0.5485,-1.4325,,,
URGN,2026-08-19,bad,bad,good,missing,missing,missing,missing,2,4,False,False,False,False,bad,neutral,7,,False,mid,normal,above,high,flat,mid,missing,,missing,False,False,False,missing,,False,-5.0,False,False,False,False,False,False,Healthcare,-6.94,-6.82,,,,False,False,-6.3155,-6.9545,,,
RCAT,2026-08-19,bad,bad,good,missing,missing,missing,missing,2,4,False,False,False,False,bad,neutral,7,,False,mid,normal,above,high,down,mid,missing,,missing,False,False,False,missing,,False,-7.0,False,False,False,False,False,False,Industrials,-3.64,-2.73,,,,False,False,-3.0155000000000003,-2.8645,,,
BLDR,2026-08-19,bad,bad,good,missing,missing,missing,missing,2,4,False,False,False,False,bad,neutral,7,,False,mid,dead,below,mid,flat,mid,missing,,missing,False,False,False,missing,,False,0.0,False,False,False,False,False,False,Industrials,-3.074,-3.225,,,,False,False,-2.4494999999999996,-3.3595,,,
RARE,2026-08-19,bad,bad,good,missing,missing,missing,missing,2,4,False,False,False,False,bad,neutral,7,,False,mid,dead,below,high,flat,mid,missing,,missing,False,False,False,missing,,False,0.0,False,False,False,False,False,False,Healthcare,-3.506,-1.562,,,,False,False,-2.8815,-1.6965000000000001,,,
REF,2026-08-19,bad,bad,bad,missing,missing,missing,missing,3,4,False,False,False,False,bad,bad,5,,False,mid,dead,below,low,flat,mid,missing,,missing,False,False,False,missing,,False,-1.0,False,False,False,False,False,False,Consumer Cyclical,-5.287,-5.483,,,,False,False,-4.6625,-5.6175,,,
FWDI,2026-08-19,bad,bad,bad,missing,missing,missing,missing,3,4,False,False,False,False,bad,bad,5,,False,mid,normal,above,high,flat,mid,missing,,missing,False,False,False,missing,,False,0.0,False,False,False,False,False,False,Consumer Cyclical,1.619,4.049,,,,False,False,2.2435,3.9145000000000003,,,
FWRG,2026-08-19,bad,bad,bad,missing,missing,missing,missing,3,4,False,False,False,False,bad,bad,5,,False,mid,dead,below,high,flat,mid,missing,,missing,False,False,False,missing,,False,3.0,False,False,False,False,False,False,Consumer Cyclical,1.121,4.323,,,,False,False,1.7455,4.1885,,,
RDNT,2026-08-19,bad,bad,good,missing,missing,missing,missing,2,4,False,False,False,False,bad,neutral,7,,False,mid,dead,above,high,flat,mid,missing,,missing,False,False,False,missing,,False,3.0,False,False,False,False,False,False,Healthcare,1.999,1.694,,,,False,False,2.6235,1.5594999999999999,,,
RDW,2026-08-19,bad,bad,good,missing,missing,missing,missing,2,4,False,False,False,False,bad,neutral,7,,False,mid,dead,above,high,down,mid,missing,,missing,False,False,False,missing,,False,-2.0,False,False,False,False,False,False,Industrials,-5.081,-3.065,,,,False,False,-4.4565,-3.1995,,,
RDZN,2026-08-19,bad,bad,bad,missing,missing,missing,missing,3,4,False,False,False,False,bad,bad,5,,False,mid,dead,above,mid,flat,extended,missing,,missing,False,False,False,missing,,False,3.0,False,False,False,False,False,False,Technology,2.649,2.649,,,,False,False,3.2735000000000003,2.5145,,,
BLZE,2026-08-19,bad,bad,bad,missing,missing,missing,missing,3,4,False,False,False,False,bad,bad,5,,False,mid,normal,above,mid,flat,mid,missing,,missing,False,False,False,missing,,False,8.0,False,False,False,False,False,False,Technology,-3.791,-6.398,,,,False,False,-3.1665,-6.5325,,,
OEC,2026-08-19,bad,bad,bad,missing,missing,missing,missing,3,4,False,False,False,False,bad,bad,5,,False,mid,dead,below,low,flat,mid,missing,,missing,False,False,False,missing,,False,-5.0,False,False,False,False,False,False,Basic Materials,0.329,0.824,,,,False,False,0.9535,0.6895,,,
OC,2026-08-19,bad,bad,good,missing,missing,missing,missing,2,4,False,False,False,False,bad,neutral,7,,False,mid,dead,above,mid,flat,mid,missing,,missing,False,False,False,missing,,False,5.0,False,False,False,False,False,False,Industrials,-2.691,-2.096,,,,False,False,-2.0664999999999996,-2.2305,,,
ANGX,2026-08-19,bad,bad,bad,missing,missing,missing,missing,3,4,False,False,False,False,bad,bad,5,,False,mid,hot,above,mid,flat,extended,missing,,missing,False,True,False,missing,,False,9.0,False,False,False,False,False,False,Communication Services,-5.0,-6.304,,,,False,False,-4.3755,-6.4385,,,
ABSI,2026-08-19,bad,bad,good,missing,missing,missing,missing,2,4,False,False,False,False,bad,neutral,7,,False,mid,dead,above,high,down,mid,missing,,missing,False,True,False,missing,,False,-5.0,False,False,False,False,False,False,Healthcare,-7.107,-4.404,,,,False,False,-6.4825,-4.5385,,,
COUR,2026-08-19,bad,bad,good,missing,missing,missing,missing,2,4,False,False,False,False,bad,neutral,7,,False,mid,dead,above,high,flat,mid,missing,,missing,False,False,False,missing,,False,6.0,False,False,False,False,False,False,Consumer Defensive,0.0,2.564,,,,False,False,0.6245,2.4295,,,
SYM,2026-08-19,bad,bad,good,missing,missing,missing,missing,2,4,False,False,False,False,bad,neutral,7,,False,mid,normal,below,high,down,mid,missing,,missing,False,False,False,missing,,False,13.0,False,False,False,False,False,False,Industrials,-1.333,-0.452,,,,False,False,-0.7084999999999999,-0.5865,,,
SYNA,2026-08-19,bad,bad,bad,missing,missing,missing,missing,3,4,False,False,False,False,bad,bad,5,,False,mid,dead,below,mid,down,mid,missing,,missing,False,False,False,missing,,False,-1.0,False,False,False,False,False,False,Technology,-2.951,-3.288,,,,False,False,-2.3265000000000002,-3.4225,,,
ZETA,2026-08-19,bad,bad,bad,missing,missing,missing,missing,3,4,False,False,False,False,bad,bad,5,,False,mid,dead,above,high,flat,mid,missing,,missing,False,False,False,missing,,False,4.0,False,False,False,False,False,False,Technology,-3.265,0.973,,,,False,False,-2.6405000000000003,0.8385,,,
ZIP,2026-08-19,bad,bad,bad,missing,missing,missing,missing,3,4,False,False,False,False,bad,bad,5,,False,mid,dead,above,mid,flat,mid,missing,,missing,False,False,False,missing,,False,5.0,False,False,False,False,False,False,Communication Services,3.607,-15.631,,,,False,False,4.2315000000000005,-15.7655,,,
MGNX,2026-08-19,bad,bad,good,missing,missing,missing,missing,2,4,False,False,False,False,bad,neutral,7,,False,mid,dead,above,high,flat,mid,missing,,missing,False,False,False,missing,,False,2.0,False,False,False,False,False,False,Healthcare,-2.398,-1.679,,,,False,False,-1.7735,-1.8135000000000001,,,
MNKD,2026-08-19,bad,bad,good,missing,missing,missing,missing,2,4,False,False,False,False,bad,neutral,7,,False,mid,normal,above,high,flat,mid,missing,,missing,False,False,False,missing,,False,-7.0,False,False,False,False,False,False,Healthcare,-3.182,-5.682,,,,False,False,-2.5575,-5.8165000000000004,,,
SXC,2026-08-19,bad,bad,bad,missing,missing,missing,missing,3,4,False,False,False,False,bad,bad,5,,False,mid,dead,below,mid,flat,mid,missing,,missing,False,False,False,missing,,False,7.0,False,False,False,False,False,False,Basic Materials,-0.634,2.431,,,,False,False,-0.009499999999999953,2.2965,,,
CPNG,2026-08-19,bad,bad,bad,missing,missing,missing,missing,3,4,False,False,False,False,bad,bad,5,,False,mid,dead,below,mid,flat,mid,missing,,missing,False,False,False,missing,,False,-9.0,False,False,False,False,False,False,Consumer Cyclical,,,,,,False,False,,,,,
MBOT,2026-08-19,bad,bad,good,missing,missing,missing,missing,2,4,False,False,False,False,bad,neutral,7,,False,mid,hot,below,high,flat,washed,far,,missing,False,False,False,missing,,False,-4.0,False,False,False,False,False,False,Healthcare,-3.871,-3.226,,,,False,False,-3.2465,-3.3605,,,
ACM,2026-08-19,bad,bad,good,missing,missing,missing,missing,2,4,False,False,False,False,bad,neutral,7,,False,mid,dead,below,mid,flat,mid,missing,,missing,False,True,True,missing,,False,5.0,False,False,False,False,False,False,Industrials,0.215,-0.384,,,,False,False,0.8395,-0.5185,,,
AAON,2026-08-19,bad,bad,good,missing,missing,missing,missing,2,4,False,False,False,False,bad,neutral,7,,False,mid,normal,below,mid,flat,mid,missing,,missing,False,True,True,missing,,False,4.0,False,False,False,False,False,False,Industrials,-0.185,-1.914,,,,False,False,0.43950000000000006,-2.0484999999999998,,,
CNTN,2026-08-19,bad,bad,good,missing,missing,missing,missing,2,4,False,False,False,False,bad,neutral,7,,False,mid,dead,above,high,flat,mid,missing,,missing,False,False,False,missing,,False,-2.0,False,False,False,False,False,False,Healthcare,5.742,4.785,,,,False,False,6.3665,4.6505,,,
MVST,2026-08-19,bad,bad,bad,missing,missing,missing,missing,3,4,False,False,False,False,bad,bad,5,,False,mid,normal,below,high,flat,washed,missing,,missing,False,False,False,missing,,False,-6.0,False,False,False,False,False,False,Consumer Cyclical,-2.122,0.499,,,,False,False,-1.4974999999999998,0.3645,,,
ADCT,2026-08-19,bad,bad,good,missing,missing,missing,missing,2,4,False,False,False,False,bad,neutral,7,,False,mid,normal,below,mid,down,washed,missing,,missing,False,False,True,missing,,False,-2.0,False,False,False,False,False,False,Healthcare,-7.692,-4.135,,,,False,False,-7.0675,-4.2695,,,
CTRI,2026-08-19,bad,bad,good,missing,missing,missing,missing,2,4,False,False,False,False,bad,neutral,7,,False,mid,dead,below,mid,flat,mid,missing,,missing,False,False,False,missing,,False,7.0,False,False,False,False,False,False,Utilities,-3.714,-5.57,,,,False,False,-3.0895,-5.7045,,,
TEAM,2026-08-19,bad,bad,bad,missing,missing,missing,missing,3,4,True,False,False,False,bad,bad,5,,False,overbought,normal,above,high,flat,mid,missing,,missing,False,False,False,missing,,False,4.0,False,False,False,False,False,False,Technology,0.39,-1.389,,,,False,False,1.0145,-1.5235,,,
SSTK,2026-08-19,bad,bad,bad,missing,missing,missing,missing,3,4,False,False,False,False,bad,bad,5,,False,mid,dead,below,mid,flat,mid,missing,,missing,False,False,False,missing,,False,-3.0,False,False,False,False,False,False,Communication Services,-3.08,-3.623,,,,False,False,-2.4555,-3.7575000000000003,,,
NABL,2026-08-19,bad,bad,bad,missing,missing,missing,missing,3,4,False,False,False,False,bad,bad,5,,False,mid,normal,below,mid,flat,extended,missing,,missing,False,False,False,missing,,False,6.0,False,False,False,False,False,False,Technology,-0.867,4.913,,,,False,False,-0.24249999999999994,4.7785,,,
MAZE,2026-08-19,bad,bad,good,missing,missing,missing,missing,2,4,False,False,False,False,bad,neutral,7,,False,mid,normal,above,high,flat,mid,missing,,missing,False,False,False,missing,,False,-6.0,False,False,False,False,False,False,Healthcare,-2.756,-1.076,,,,False,False,-2.1315,-1.2105000000000001,,,
TEM,2026-08-19,bad,bad,good,missing,missing,missing,missing,2,4,False,False,False,False,bad,neutral,7,,False,mid,normal,above,high,flat,washed,missing,,missing,False,False,False,missing,,False,-2.0,False,False,False,False,False,False,Healthcare,8.816,18.678,,,,False,False,9.4405,18.5435,,,
CLPT,2026-08-19,bad,bad,good,missing,missing,missing,missing,2,4,False,False,False,False,bad,neutral,7,,False,mid,dead,above,high,flat,mid,missing,,missing,False,False,False,missing,,False,-8.0,False,False,False,False,False,False,Healthcare,-4.825,-3.571,,,,False,False,-4.2005,-3.7055000000000002,,,
CLVT,2026-08-19,bad,bad,bad,missing,missing,missing,missing,3,4,False,False,False,False,bad,bad,5,,False,mid,dead,below,high,flat,mid,missing,,missing,False,False,False,missing,,False,-2.0,False,False,False,False,False,False,Technology,1.471,1.961,,,,False,False,2.0955000000000004,1.8265,,,
ILPT,2026-08-19,bad,bad,bad,missing,missing,missing,missing,3,4,False,False,False,False,bad,bad,5,,False,mid,dead,below,low,flat,mid,missing,,missing,False,False,False,missing,,False,-3.0,False,False,False,False,False,False,Real Estate,-0.596,-1.073,,,,False,False,0.02850000000000008,-1.2075,,,
ASAN,2026-08-19,bad,bad,bad,missing,missing,missing,missing,3,4,False,False,False,False,bad,bad,5,,False,mid,dead,above,high,flat,mid,missing,,missing,False,False,True,missing,,False,8.0,False,False,False,False,False,False,Technology,-0.731,0.104,,,,False,False,-0.10649999999999993,-0.030500000000000013,,,
IOVA,2026-08-19,bad,bad,good,missing,missing,missing,missing,2,4,False,False,False,False,bad,neutral,7,,False,overbought,normal,above,high,flat,extended,missing,,missing,False,False,False,missing,,False,6.0,False,False,False,False,False,False,Healthcare,12.516,3.755,,,,False,False,13.1405,3.6205,,,
FRMI,2026-08-19,bad,bad,bad,missing,missing,missing,missing,3,4,False,False,False,False,bad,bad,5,,False,mid,normal,below,high,down,washed,missing,,missing,False,False,False,missing,,False,-1.0,False,False,False,False,False,False,Real Estate,3.646,2.778,,,,False,False,4.2705,2.6435,,,
FOXF,2026-08-19,bad,bad,bad,missing,missing,missing,missing,3,4,False,False,False,False,bad,bad,5,,False,mid,normal,above,high,flat,mid,missing,,missing,False,False,False,missing,,False,3.0,False,False,False,False,False,False,Consumer Cyclical,-1.614,0.784,,,,False,False,-0.9895,0.6495,,,
OCGN,2026-08-19,bad,bad,good,missing,missing,missing,missing,2,4,False,False,False,False,bad,neutral,7,,False,mid,dead,above,high,flat,mid,missing,,missing,False,False,False,missing,,False,1.0,False,False,False,False,False,False,Healthcare,-6.081,-6.081,,,,False,False,-5.4565,-6.2155000000000005,,,
KURA,2026-08-19,bad,bad,good,missing,missing,missing,missing,2,4,False,False,False,False,bad,neutral,7,,False,overbought,hot,above,high,up,extended,missing,,missing,False,False,False,missing,,False,9.0,False,False,False,False,False,False,Healthcare,-6.544,-5.108,,,,False,False,-5.919499999999999,-5.2425,,,
BIOA,2026-08-19,bad,bad,good,missing,missing,missing,missing,2,4,False,False,False,False,bad,neutral,7,,False,mid,dead,below,high,flat,mid,missing,,missing,False,False,False,missing,,False,0.0,False,False,False,False,False,False,Healthcare,-9.86,-11.814,,,,False,False,-9.2355,-11.9485,,,
REAX,2026-08-19,bad,bad,bad,missing,missing,missing,missing,3,4,False,False,False,False,bad,bad,5,,False,overbought,normal,above,high,flat,extended,missing,,missing,False,False,False,missing,,False,2.0,False,False,False,False,False,False,Real Estate,-1.434,-5.376,,,,False,False,-0.8094999999999999,-5.5105,,,
UMAC,2026-08-19,bad,bad,bad,missing,missing,missing,missing,3,4,False,False,False,False,bad,bad,5,,False,mid,normal,above,high,down,extended,missing,,missing,False,False,False,missing,,False,1.0,False,False,False,False,False,False,Technology,-8.198,-3.074,,,,False,False,-7.5735,-3.2085,,,
USAR,2026-08-19,bad,bad,bad,missing,missing,missing,missing,3,4,False,False,False,False,bad,bad,5,,False,mid,normal,above,high,down,mid,missing,,missing,False,False,False,missing,,False,-5.0,False,False,False,False,False,False,Basic Materials,-5.417,6.468,,,,False,False,-4.7924999999999995,6.3335,,,
FUBO,2026-08-19,bad,bad,bad,missing,missing,missing,missing,3,4,False,False,False,False,bad,bad,5,,False,mid,normal,above,high,flat,mid,missing,,missing,False,False,False,missing,,False,7.0,False,False,False,False,False,False,Communication Services,2.517,-0.968,,,,False,False,3.1414999999999997,-1.1025,,,
FWRD,2026-08-19,bad,bad,good,missing,missing,missing,missing,2,4,False,False,False,False,bad,neutral,7,,False,mid,dead,above,high,flat,mid,missing,,missing,False,False,False,missing,,False,-4.0,False,False,False,False,False,False,Industrials,-3.942,-2.214,,,,False,False,-3.3175,-2.3485,,,
UNCY,2026-08-19,bad,bad,good,missing,missing,missing,missing,2,4,False,False,False,False,bad,neutral,7,,False,mid,normal,above,high,flat,extended,missing,,missing,False,False,False,missing,,False,1.0,False,False,False,False,False,False,Healthcare,-2.33,0.896,,,,False,False,-1.7055,0.7615000000000001,,,
UPB,2026-08-19,bad,bad,good,missing,missing,missing,missing,2,4,False,False,False,False,bad,neutral,7,,False,mid,dead,above,high,flat,mid,missing,,missing,False,False,False,missing,,False,-2.0,False,False,False,False,False,False,Healthcare,-8.849,-7.252,,,,False,False,-8.2245,-7.3865,,,
BLDP,2026-08-19,bad,bad,good,missing,missing,missing,missing,2,4,False,False,False,False,bad,neutral,7,,False,mid,dead,below,mid,flat,mid,missing,,missing,False,False,False,missing,,False,-8.0,False,False,False,False,False,False,Industrials,-5.2,-4.0,,,,False,False,-4.5755,-4.1345,,,
LAC,2026-08-19,bad,bad,bad,missing,missing,missing,missing,3,4,False,False,False,False,bad,bad,5,,False,mid,normal,below,high,flat,mid,missing,,missing,False,False,False,missing,,False,-1.0,False,False,False,False,False,False,Basic Materials,-1.0,4.667,,,,False,False,-0.37549999999999994,4.5325,,,
AOSL,2026-08-19,bad,bad,bad,missing,missing,missing,missing,3,4,False,False,False,False,bad,bad,5,,False,mid,normal,below,high,down,washed,missing,,missing,False,False,True,missing,,False,1.0,False,False,False,False,False,False,Technology,-3.39,-2.763,,,,False,False,-2.7655000000000003,-2.8975,,,
UAMY,2026-08-19,bad,bad,bad,missing,missing,missing,missing,3,4,False,False,False,False,bad,bad,5,,False,mid,normal,below,high,down,washed,missing,,missing,False,False,False,missing,,False,-3.0,False,False,False,False,False,False,Basic Materials,-8.028,-4.188,,,,False,False,-7.4035,-4.3225,,,
GEVO,2026-08-19,bad,bad,bad,missing,missing,missing,missing,3,4,False,False,False,False,bad,bad,5,,False,mid,dead,below,high,flat,mid,missing,,missing,False,False,False,missing,,False,8.0,False,False,False,False,False,False,Basic Materials,-1.948,0.0,,,,False,False,-1.3235,-0.1345,,,
QXO,2026-08-19,bad,bad,good,missing,missing,missing,missing,2,4,False,False,False,False,bad,neutral,7,,False,mid,normal,below,high,flat,washed,missing,,missing,False,False,False,missing,,False,1.0,False,False,False,False,False,False,Industrials,-5.457,-2.481,,,,False,False,-4.8325,-2.6155,,,
GCTS,2026-08-19,bad,bad,bad,missing,missing,missing,missing,3,4,False,False,False,False,bad,bad,5,,False,mid,dead,below,high,down,mid,missing,,missing,False,False,False,missing,,False,-7.0,False,False,False,False,False,False,Technology,0.505,3.03,,,,False,False,1.1295000000000002,2.8954999999999997,,,
WRBY,2026-08-19,bad,bad,good,missing,missing,missing,missing,2,4,False,False,False,False,bad,neutral,7,,False,mid,dead,below,high,flat,mid,missing,,missing,False,False,False,missing,,False,5.0,False,False,False,False,False,False,Healthcare,-3.649,-3.719,,,,False,False,-3.0244999999999997,-3.8535,,,
RGNX,2026-08-19,bad,bad,good,missing,missing,missing,missing,2,4,False,False,False,False,bad,neutral,7,,False,mid,dead,above,high,flat,mid,missing,,missing,False,False,False,missing,,False,-1.0,False,False,False,False,False,False,Healthcare,-7.987,-10.815,,,,False,False,-7.3625,-10.949499999999999,,,
RH,2026-08-19,bad,bad,bad,missing,missing,missing,missing,3,4,False,False,False,False,bad,bad,5,,False,mid,dead,below,high,flat,mid,missing,,missing,False,False,False,missing,,False,8.0,False,False,False,False,False,False,Consumer Cyclical,-7.978,-9.861,,,,False,False,-7.3534999999999995,-9.9955,,,
BRCB,2026-08-19,bad,bad,bad,missing,missing,missing,missing,3,4,False,False,False,False,bad,bad,5,,False,mid,dead,below,mid,flat,extended,missing,,missing,False,False,False,missing,,False,1.0,False,False,False,False,False,False,Consumer Cyclical,-1.93,4.994,,,,False,False,-1.3054999999999999,4.8595,,,
RIVN,2026-08-19,bad,bad,bad,missing,missing,missing,missing,3,4,False,False,False,False,bad,bad,5,,False,mid,normal,below,high,flat,washed,missing,,missing,False,False,False,missing,,False,1.0,False,False,False,False,False,False,Consumer Cyclical,1.78,7.883,,,,False,False,2.4045,7.7485,,,
FLUT,2026-08-19,bad,bad,bad,missing,missing,missing,missing,3,4,False,False,False,False,bad,bad,5,,False,mid,dead,below,mid,flat,mid,missing,,missing,False,False,False,missing,,False,-2.0,False,False,False,False,False,False,Consumer Cyclical,0.413,3.479,,,,False,False,1.0375,3.3445,,,
BRSP,2026-08-19,bad,bad,bad,missing,missing,missing,missing,3,4,False,False,False,False,bad,bad,5,,False,mid,dead,below,low,flat,mid,missing,,missing,False,False,False,missing,,False,-6.0,False,False,False,False,False,False,Real Estate,-1.018,0.0,,,,False,False,-0.39349999999999996,-0.1345,,,
EVTL,2026-08-19,bad,bad,good,missing,missing,missing,missing,2,4,False,False,False,False,bad,neutral,7,,False,oversold,normal,below,high,flat,washed,missing,,missing,False,False,False,missing,,False,-3.0,False,False,False,False,False,False,Industrials,-2.089,0.131,,,,False,False,-1.4645,-0.003500000000000003,,,
FCEL,2026-08-19,bad,bad,good,missing,missing,missing,missing,2,4,False,False,False,False,bad,neutral,7,,False,mid,normal,below,high,down,extended,missing,,missing,False,False,False,missing,,False,2.0,False,False,False,False,False,False,Industrials,-9.557,-3.744,,,,False,False,-8.932500000000001,-3.8785000000000003,,,
TYGO,2026-08-19,bad,bad,bad,missing,missing,missing,missing,3,4,False,False,False,False,bad,bad,5,,False,mid,dead,below,mid,flat,mid,missing,,missing,False,False,False,missing,,False,5.0,False,False,False,False,False,False,Technology,-4.386,-4.386,,,,False,False,-3.7615,-4.5205,,,
RR,2026-08-19,bad,bad,good,missing,missing,missing,missing,2,4,False,False,False,False,bad,neutral,7,,False,mid,dead,above,high,down,mid,far,,missing,False,False,False,missing,,False,1.0,False,False,False,False,False,False,Industrials,-1.84,4.294,,,,False,False,-1.2155,4.1594999999999995,,,
OMER,2026-08-19,bad,bad,good,missing,missing,missing,missing,2,4,False,False,False,False,bad,neutral,7,,False,overbought,dead,above,high,flat,extended,missing,,missing,False,False,False,missing,,False,11.0,False,False,False,False,False,False,Healthcare,1.305,4.785,,,,False,False,1.9295,4.6505,,,
BHR,2026-08-19,bad,bad,bad,missing,missing,missing,missing,3,4,False,False,False,False,bad,bad,5,,False,mid,dead,below,low,flat,mid,missing,,missing,False,False,False,missing,,False,1.0,False,False,False,False,False,False,Real Estate,-0.976,0.976,,,,False,False,-0.3514999999999999,0.8414999999999999,,,
LAB,2026-08-19,bad,bad,good,missing,missing,missing,missing,2,4,False,False,False,False,bad,neutral,7,,False,mid,dead,below,low,flat,washed,missing,,missing,False,False,False,missing,,False,-12.0,False,False,False,False,False,False,Healthcare,-2.985,0.0,,,,False,False,-2.3605,-0.1345,,,
AMPL,2026-08-19,bad,bad,bad,missing,missing,missing,missing,3,4,False,False,False,False,bad,bad,5,,False,overbought,normal,above,high,flat,mid,missing,,missing,False,False,True,missing,,False,5.0,False,False,False,False,False,False,Technology,0.779,3.585,,,,False,False,1.4035000000000002,3.4505,,,
AMRC,2026-08-19,bad,bad,good,missing,missing,missing,missing,2,4,False,False,False,False,bad,neutral,7,,False,mid,normal,above,high,down,mid,missing,,missing,False,True,True,missing,,False,10.0,False,False,False,False,False,False,Industrials,-12.465,-15.661,,,,False,False,-11.8405,-15.795499999999999,,,
KLTR,2026-08-19,bad,bad,bad,missing,missing,missing,missing,3,4,False,False,False,False,bad,bad,5,,False,mid,dead,above,low,flat,mid,missing,,missing,False,False,False,missing,,False,3.0,False,False,False,False,False,False,Technology,-0.599,-3.593,,,,False,False,0.025500000000000078,-3.7275,,,
KD,2026-08-19,bad,bad,bad,missing,missing,missing,missing,3,4,False,False,False,False,bad,bad,5,,False,mid,dead,below,high,flat,mid,missing,,missing,False,False,False,missing,,False,4.0,False,False,False,False,False,False,Technology,-0.565,1.373,,,,False,False,0.05950000000000011,1.2385,,,
NUS,2026-08-19,bad,bad,good,missing,missing,missing,missing,2,4,False,False,False,False,bad,neutral,7,,False,mid,dead,below,high,flat,mid,missing,,missing,False,False,False,missing,,False,-7.0,False,False,False,False,False,False,Consumer Defensive,-2.923,-1.044,,,,False,False,-2.2984999999999998,-1.1785,,,
LAND,2026-08-19,bad,bad,bad,missing,missing,missing,missing,3,4,False,False,False,False,bad,bad,5,,False,mid,normal,below,mid,flat,mid,missing,,missing,False,False,False,missing,,False,-4.0,False,False,False,False,False,False,Real Estate,0.929,0.465,,,,False,False,1.5535,0.3305,,,
RZLV,2026-08-19,bad,bad,bad,missing,missing,missing,missing,3,4,False,False,False,False,bad,bad,5,,False,mid,normal,below,high,down,washed,missing,,missing,False,False,False,missing,,False,-1.0,False,False,False,False,False,False,Technology,-1.2,-1.6,,,,False,False,-0.5754999999999999,-1.7345000000000002,,,
PWP,2026-08-19,bad,bad,bad,missing,missing,missing,missing,3,4,False,False,False,False,bad,bad,5,,False,mid,dead,below,high,flat,mid,missing,,missing,False,False,False,missing,,False,10.0,False,False,False,False,False,False,Financial,-3.969,-0.12,,,,False,False,-3.3445,-0.2545,,,
GTM,2026-08-19,bad,bad,bad,missing,missing,missing,missing,3,4,False,False,False,False,bad,bad,5,,False,mid,dead,above,high,flat,mid,missing,,missing,False,False,False,missing,,False,3.0,False,False,False,False,False,False,Technology,1.571,3.927,,,,False,False,2.1955,3.7925,,,
ALGT,2026-08-19,bad,bad,good,missing,missing,missing,missing,2,4,False,False,False,False,bad,neutral,7,,False,mid,dead,below,mid,flat,mid,missing,,missing,False,False,True,missing,,False,7.0,False,False,False,False,False,False,Industrials,-2.126,4.842,,,,False,False,-1.5014999999999998,4.7075,,,
LASR,2026-08-19,bad,bad,bad,missing,missing,missing,missing,3,4,False,False,False,False,bad,bad,5,,False,mid,normal,below,mid,flat,mid,missing,,missing,False,False,False,missing,,False,2.0,False,False,False,False,False,False,Technology,-1.441,-1.023,,,,False,False,-0.8165,-1.1575,,,
AMPG,2026-08-19,bad,bad,bad,missing,missing,missing,missing,3,4,False,False,False,False,bad,bad,5,,False,mid,normal,below,high,flat,washed,missing,,missing,False,False,True,missing,,False,-6.0,False,False,False,False,False,False,Technology,-3.641,-3.081,,,,False,False,-3.0164999999999997,-3.2155,,,
AMCX,2026-08-19,bad,bad,bad,missing,missing,missing,missing,3,4,False,False,False,False,bad,bad,5,,False,mid,dead,above,high,flat,mid,missing,,missing,False,False,True,missing,,False,-1.0,False,False,False,False,False,False,Communication Services,0.578,2.228,,,,False,False,1.2025000000000001,2.0935,,,
QSI,2026-08-19,bad,bad,good,missing,missing,missing,missing,2,4,False,False,False,False,bad,neutral,7,,False,mid,dead,below,high,flat,washed,missing,,missing,False,False,False,missing,,False,0.0,False,False,False,False,False,False,Healthcare,1.299,8.442,,,,False,False,1.9235,8.307500000000001,,,
QBTS,2026-08-19,bad,bad,bad,missing,missing,missing,missing,3,4,False,False,False,False,bad,bad,5,,False,mid,dead,above,high,down,mid,missing,,missing,False,False,False,missing,,False,-4.0,False,False,False,False,False,False,Technology,-2.692,5.538,,,,False,False,-2.0675,5.4035,,,
GORO,2026-08-19,bad,bad,bad,missing,missing,missing,missing,3,4,False,False,False,False,bad,bad,5,,False,mid,normal,above,low,flat,extended,missing,,missing,False,False,False,missing,,False,-6.0,False,False,False,False,False,False,Basic Materials,6.007,12.721,,,,False,False,6.6315,12.586500000000001,,,
UUUU,2026-08-19,bad,bad,good,missing,missing,missing,missing,2,4,False,False,False,False,bad,neutral,7,,False,mid,normal,above,high,down,mid,missing,,missing,False,True,False,missing,,False,-4.0,False,False,False,False,False,False,Energy,-6.397,1.953,,,,False,False,-5.7725,1.8185,,,
EYE,2026-08-19,bad,bad,bad,missing,missing,missing,missing,3,4,False,False,False,False,bad,bad,5,,False,mid,dead,below,high,flat,washed,missing,,missing,False,False,False,missing,,False,6.0,False,False,False,False,False,False,Consumer Cyclical,-2.801,-5.497,,,,False,False,-2.1765,-5.6315,,,
LENZ,2026-08-19,bad,bad,good,missing,missing,missing,missing,2,4,False,False,False,False,bad,neutral,7,,False,mid,dead,below,high,flat,washed,missing,,missing,False,False,False,missing,,False,-5.0,False,False,False,False,False,False,Healthcare,-5.285,-4.878,,,,False,False,-4.6605,-5.0125,,,
EOLS,2026-08-19,bad,bad,good,missing,missing,missing,missing,2,4,False,False,False,False,bad,neutral,7,,False,mid,dead,above,high,flat,mid,missing,,missing,False,False,False,missing,,False,0.0,False,False,False,False,False,False,Healthcare,-2.907,-2.442,,,,False,False,-2.2824999999999998,-2.5765000000000002,,,
CADL,2026-08-19,bad,bad,good,missing,missing,missing,missing,2,4,False,False,False,False,bad,neutral,7,,False,mid,dead,above,high,flat,extended,missing,,missing,False,False,False,missing,,False,7.0,False,False,False,False,False,False,Healthcare,-8.519,-2.741,,,,False,False,-7.8945,-2.8755,,,
BEAM,2026-08-19,bad,bad,good,missing,missing,missing,missing,2,4,False,False,False,False,bad,neutral,7,,False,mid,dead,below,high,down,mid,missing,,missing,False,False,False,missing,,False,-10.0,False,False,False,False,False,False,Healthcare,-2.339,2.374,,,,False,False,-1.7145,2.2395,,,
BFLY,2026-08-19,bad,bad,good,missing,missing,missing,missing,2,4,False,False,False,False,bad,neutral,7,,False,mid,normal,above,high,flat,mid,missing,,missing,False,False,False,missing,,False,1.0,False,False,False,False,False,False,Healthcare,0.0,4.144,,,,False,False,0.6245,4.0095,,,
OLMA,2026-08-19,bad,bad,good,missing,missing,missing,missing,2,4,False,False,False,False,bad,neutral,7,,False,mid,dead,below,high,flat,mid,missing,,missing,False,False,False,missing,,False,-1.0,False,False,False,False,False,False,Healthcare,-3.625,-5.482,,,,False,False,-3.0004999999999997,-5.6165,,,
OLN,2026-08-19,bad,bad,bad,missing,missing,missing,missing,3,4,False,False,False,False,bad,bad,5,,False,mid,dead,below,high,flat,mid,missing,,missing,False,False,False,missing,,False,-7.0,False,False,False,False,False,False,Basic Materials,-0.428,-1.657,,,,False,False,0.19650000000000006,-1.7915,,,
OPFI,2026-08-19,bad,bad,bad,missing,missing,missing,missing,3,4,False,False,False,False,bad,bad,5,,False,mid,dead,below,mid,flat,mid,missing,,missing,False,False,False,missing,,False,0.0,False,False,False,False,False,False,Financial,-0.279,-2.786,,,,False,False,0.34550000000000003,-2.9205,,,
ESRT,2026-08-19,bad,bad,bad,missing,missing,missing,missing,3,4,False,False,False,False,bad,bad,5,,False,mid,dead,below,mid,flat,mid,missing,,missing,False,False,False,missing,,False,0.0,False,False,False,False,False,False,Real Estate,-1.237,-0.619,,,,False,False,-0.6125,-0.7535000000000001,,,
ENHA,2026-08-19,bad,bad,good,missing,missing,missing,missing,2,4,False,False,False,False,bad,neutral,7,,False,mid,normal,below,mid,flat,washed,missing,,missing,False,False,False,missing,,False,-7.0,False,False,False,False,False,False,Consumer Defensive,5.59,6.832,,,,False,False,6.2145,6.6975,,,
GSIT,2026-08-19,bad,bad,bad,missing,missing,missing,missing,3,4,False,False,False,False,bad,bad,5,,False,mid,dead,above,high,down,mid,missing,,missing,False,False,False,missing,,False,0.0,False,False,False,False,False,False,Technology,-0.335,0.335,,,,False,False,0.28950000000000004,0.2005,,,
EVMN,2026-08-19,bad,bad,good,missing,missing,missing,missing,2,4,False,False,False,False,bad,neutral,7,,False,mid,dead,above,high,flat,mid,missing,,missing,False,False,False,missing,,False,-4.0,False,False,False,False,False,False,Healthcare,-9.594,-6.596,,,,False,False,-8.9695,-6.7305,,,
EVC,2026-08-19,bad,bad,bad,missing,missing,missing,missing,3,4,False,False,False,False,bad,bad,5,,False,mid,dead,below,high,flat,mid,missing,,missing,False,False,False,missing,,False,0.0,False,False,False,False,False,False,Communication Services,-4.745,-4.27,,,,False,False,-4.1205,-4.4045,,,
ESTA,2026-08-19,bad,bad,good,missing,missing,missing,missing,2,4,False,False,False,False,bad,neutral,7,,False,mid,dead,below,high,flat,mid,missing,,missing,False,False,False,missing,,False,0.0,False,False,False,False,False,False,Healthcare,-5.096,-3.57,,,,False,False,-4.4715,-3.7045,,,
BZH,2026-08-19,bad,bad,bad,missing,missing,missing,missing,3,4,False,False,False,False,bad,bad,5,,False,mid,normal,above,high,flat,mid,missing,,missing,False,False,False,missing,,False,2.0,False,False,False,False,False,False,Consumer Cyclical,-0.181,-0.181,,,,False,False,0.44350000000000006,-0.3155,,,
EH,2026-08-19,bad,bad,good,missing,missing,missing,missing,2,4,False,False,False,False,bad,neutral,7,,False,mid,dead,above,high,flat,mid,missing,,missing,False,False,False,missing,,False,-2.0,False,False,False,False,False,False,Industrials,-4.514,-4.34,,,,False,False,-3.8895,-4.4745,,,
NMRA,2026-08-19,bad,bad,good,missing,missing,missing,missing,2,4,False,False,False,False,bad,neutral,7,,False,mid,dead,below,high,flat,mid,missing,,missing,False,False,False,missing,,False,-4.0,False,False,False,False,False,False,Healthcare,-7.622,-0.61,,,,False,False,-6.9975,-0.7444999999999999,,,
LINC,2026-08-19,bad,bad,good,missing,missing,missing,missing,2,4,False,False,False,False,bad,neutral,7,,False,oversold,dead,below,high,flat,mid,missing,,missing,False,False,False,missing,,False,10.0,False,False,False,False,False,False,Consumer Defensive,-0.532,-2.205,,,,False,False,0.09250000000000003,-2.3395,,,
PRIM,2026-08-19,bad,bad,good,missing,missing,missing,missing,2,4,False,False,False,False,bad,neutral,7,,False,mid,dead,below,high,down,mid,missing,,missing,False,False,False,missing,,False,1.0,False,False,False,False,False,False,Industrials,-0.863,-3.441,,,,False,False,-0.23849999999999993,-3.5755,,,
SEI,2026-08-19,bad,bad,good,missing,missing,missing,missing,2,4,False,False,False,False,bad,neutral,7,,False,mid,normal,above,high,down,mid,missing,,missing,False,False,False,missing,,False,4.0,False,False,False,False,False,False,Energy,-7.755,-9.388,,,,False,False,-7.1305,-9.522499999999999,,,
SENS,2026-08-19,bad,bad,good,missing,missing,missing,missing,2,4,False,False,False,False,bad,neutral,7,,False,overbought,normal,above,high,flat,extended,missing,,missing,False,False,False,missing,,False,1.0,False,False,False,False,False,False,Healthcare,-3.183,6.586,,,,False,False,-2.5584999999999996,6.4515,,,
TRLV,2026-08-19,bad,bad,good,missing,missing,missing,missing,2,4,False,False,False,False,bad,neutral,7,,False,mid,dead,above,low,flat,mid,missing,,missing,False,False,False,missing,,False,0.0,False,False,False,False,False,False,Healthcare,1.586,10.01,,,,False,False,2.2105,9.8755,,,
CAN,2026-08-19,bad,bad,bad,missing,missing,missing,missing,3,4,False,False,False,False,bad,bad,5,,False,mid,dead,above,high,down,extended,missing,,missing,False,False,False,missing,,False,-9.0,False,False,False,False,False,False,Technology,16.25,47.917,,,,False,False,16.8745,47.7825,,,
CAPR,2026-08-19,bad,bad,good,missing,missing,missing,missing,2,4,False,False,False,False,bad,neutral,7,,False,mid,hot,below,high,flat,extended,missing,,missing,False,False,False,missing,,False,-5.0,False,False,False,False,False,False,Healthcare,-14.286,-21.178,,,,False,False,-13.6615,-21.3125,,,
GUTS,2026-08-19,bad,bad,good,missing,missing,missing,missing,2,4,False,False,False,False,bad,neutral,7,,False,mid,normal,above,low,flat,mid,missing,,missing,False,False,False,missing,,False,-9.0,False,False,False,False,False,False,Healthcare,-0.146,13.703,,,,False,False,0.47850000000000004,13.5685,,,
VFC,2026-08-19,bad,bad,bad,missing,missing,missing,missing,3,4,False,False,False,False,bad,bad,5,,False,mid,dead,below,high,flat,mid,missing,,missing,False,False,False,missing,,False,4.0,False,False,False,False,False,False,Consumer Cyclical,-2.923,0.0,,,,False,False,-2.2984999999999998,-0.1345,,,
SION,2026-08-19,bad,bad,good,missing,missing,missing,missing,2,4,False,False,False,False,bad,neutral,7,,False,oversold,normal,below,high,flat,extended,missing,,missing,False,False,False,missing,,False,-2.0,False,False,False,False,False,False,Healthcare,-11.68,-15.36,,,,False,False,-11.0555,-15.494499999999999,,,
CC,2026-08-19,bad,bad,bad,missing,missing,missing,missing,3,4,False,False,False,False,bad,bad,5,,False,mid,dead,below,high,flat,mid,missing,,missing,False,False,False,missing,,False,-7.0,False,False,False,False,False,False,Basic Materials,-1.383,0.377,,,,False,False,-0.7585,0.2425,,,
CBRL,2026-08-19,bad,bad,bad,missing,missing,missing,missing,3,4,False,False,False,False,bad,bad,5,,False,mid,dead,above,high,flat,mid,missing,,missing,False,False,False,missing,,False,10.0,False,False,False,False,False,False,Consumer Cyclical,-1.676,2.818,,,,False,False,-1.0514999999999999,2.6835,,,
WHR,2026-08-19,bad,bad,bad,missing,missing,missing,missing,3,4,False,False,False,False,bad,bad,5,,False,mid,dead,below,high,flat,mid,missing,,missing,False,False,False,missing,,False,1.0,False,False,False,False,False,False,Consumer Cyclical,0.948,0.649,,,,False,False,1.5725,0.5145,,,
WING,2026-08-19,bad,bad,bad,missing,missing,missing,missing,3,4,False,False,False,False,bad,bad,5,,False,mid,dead,below,high,flat,mid,missing,,missing,False,False,False,missing,,False,5.0,False,False,False,False,False,False,Consumer Cyclical,-5.725,-4.231,,,,False,False,-5.100499999999999,-4.3655,,,
WEST,2026-08-19,bad,bad,good,missing,missing,missing,missing,2,4,False,False,False,False,bad,neutral,7,,False,mid,dead,above,high,flat,mid,missing,,missing,False,False,False,missing,,False,-3.0,False,False,False,False,False,False,Consumer Defensive,-3.041,-2.69,,,,False,False,-2.4165,-2.8245,,,
WGS,2026-08-19,bad,bad,good,missing,missing,missing,missing,2,4,False,False,False,False,bad,neutral,7,,False,mid,dead,above,high,flat,mid,missing,,missing,False,False,False,missing,,False,4.0,False,False,False,False,False,False,Healthcare,3.641,9.309,,,,False,False,4.2655,9.1745,,,
VELO,2026-08-19,bad,bad,bad,missing,missing,missing,missing,3,4,False,False,False,False,bad,bad,5,,False,mid,dead,above,high,down,mid,missing,,missing,False,False,False,missing,,False,-2.0,False,False,False,False,False,False,Technology,-5.184,-4.284,,,,False,False,-4.5595,-4.4185,,,
PSIX,2026-08-19,bad,bad,good,missing,missing,missing,missing,2,4,False,False,False,False,bad,neutral,7,,False,mid,dead,above,high,flat,washed,missing,,missing,False,False,False,missing,,False,6.0,False,False,False,False,False,False,Industrials,-2.655,-2.306,,,,False,False,-2.0305,-2.4405,,,
KDK,2026-08-19,bad,bad,bad,missing,missing,missing,missing,3,4,False,False,False,False,bad,bad,5,,False,mid,normal,below,mid,flat,washed,missing,,missing,False,False,False,missing,,False,-7.0,False,False,False,False,False,False,Technology,-2.177,0.896,,,,False,False,-1.5525,0.7615000000000001,,,
SG,2026-08-19,bad,bad,bad,missing,missing,missing,missing,3,4,False,False,False,False,bad,bad,5,,False,mid,dead,below,high,flat,extended,missing,,missing,False,False,False,missing,,False,0.0,False,False,False,False,False,False,Consumer Cyclical,2.492,8.878,,,,False,False,3.1165000000000003,8.743500000000001,,,
ECX,2026-08-19,bad,bad,bad,missing,missing,missing,missing,3,4,False,False,False,False,bad,bad,5,,False,mid,dead,above,mid,flat,mid,missing,,missing,False,False,False,missing,,False,-1.0,False,False,False,False,False,False,Consumer Cyclical,-0.893,-2.679,,,,False,False,-0.26849999999999996,-2.8135,,,
SGMT,2026-08-19,bad,bad,good,missing,missing,missing,missing,2,4,False,False,False,False,bad,neutral,7,,False,overbought,normal,above,high,flat,extended,missing,,missing,False,False,False,missing,,False,4.0,False,False,False,False,False,False,Healthcare,-3.781,-3.119,,,,False,False,-3.1565000000000003,-3.2535000000000003,,,
SHOE,2026-08-19,bad,bad,bad,missing,missing,missing,missing,3,4,False,False,False,False,bad,bad,5,,False,mid,normal,above,high,flat,mid,missing,,missing,False,False,False,missing,,False,7.0,False,False,False,False,False,False,Consumer Cyclical,-3.655,-2.52,,,,False,False,-3.0305,-2.6545,,,
SLQT,2026-08-19,bad,bad,bad,missing,missing,missing,missing,3,4,False,False,False,False,bad,bad,5,,False,mid,dead,above,low,flat,extended,missing,,missing,False,False,False,missing,,False,2.0,False,False,False,False,False,False,Financial,7.465,6.564,,,,False,False,8.0895,6.4295,,,
SLDP,2026-08-19,bad,bad,bad,missing,missing,missing,missing,3,4,False,False,False,False,bad,bad,5,,False,mid,normal,above,high,down,mid,missing,,missing,False,False,False,missing,,False,-4.0,False,False,False,False,False,False,Consumer Cyclical,,,,,,False,False,,,,,
DVLT,2026-08-19,bad,bad,bad,missing,missing,missing,missing,3,4,False,False,False,False,bad,bad,5,,False,mid,hot,above,high,up,extended,missing,,missing,False,False,False,missing,,False,-6.0,False,False,False,False,False,False,Technology,6.667,6.667,,,,False,False,7.2915,6.5325,,,
DNUT,2026-08-19,bad,bad,good,missing,missing,missing,missing,2,4,False,False,False,False,bad,neutral,7,,False,mid,normal,below,high,flat,mid,missing,,missing,False,False,False,missing,,False,3.0,False,False,False,False,False,False,Consumer Defensive,1.143,2.571,,,,False,False,1.7675,2.4365,,,
TNYA,2026-08-19,bad,bad,good,missing,missing,missing,missing,2,4,False,False,False,False,bad,neutral,7,,False,mid,normal,below,high,flat,washed,missing,,missing,False,False,False,missing,,False,-11.0,False,False,False,False,False,False,Healthcare,-3.086,-2.244,,,,False,False,-2.4615,-2.3785000000000003,,,
SLG,2026-08-19,bad,bad,bad,missing,missing,missing,missing,3,4,True,False,False,False,bad,bad,5,,False,mid,dead,above,high,flat,mid,missing,,missing,False,False,False,missing,,False,1.0,False,False,False,False,False,False,Real Estate,0.781,-0.347,,,,False,False,1.4055,-0.4815,,,
BBNX,2026-08-19,bad,bad,good,missing,missing,missing,missing,2,4,False,False,False,False,bad,neutral,7,,False,mid,normal,above,high,flat,mid,missing,,missing,False,False,True,missing,,False,3.0,False,False,False,False,False,False,Healthcare,-2.649,-4.798,,,,False,False,-2.0244999999999997,-4.9325,,,
PRM,2026-08-19,bad,bad,bad,missing,missing,missing,missing,3,4,False,False,False,False,bad,bad,5,,False,mid,dead,below,mid,flat,washed,missing,,missing,False,False,False,missing,,False,-11.0,False,False,False,False,False,False,Basic Materials,2.036,3.251,,,,False,False,2.6605,3.1165,,,
VLRS,2026-08-19,bad,bad,good,missing,missing,missing,missing,2,4,False,False,False,False,bad,neutral,7,,False,mid,dead,below,low,flat,mid,missing,,missing,False,False,False,missing,,False,1.0,False,False,False,False,False,False,Industrials,-4.202,-3.221,,,,False,False,-3.5774999999999997,-3.3555,,,
LPTH,2026-08-19,bad,bad,bad,missing,missing,missing,missing,3,4,False,False,False,False,bad,bad,5,,False,mid,normal,above,high,down,extended,missing,,missing,False,False,False,missing,,False,-3.0,False,False,False,False,False,False,Technology,-1.662,8.912,,,,False,False,-1.0374999999999999,8.777500000000002,,,
AIP,2026-08-19,bad,bad,bad,missing,missing,missing,missing,3,4,False,False,False,False,bad,bad,5,,False,mid,dead,below,mid,down,mid,missing,,missing,False,False,True,missing,,False,-1.0,False,False,False,False,False,False,Technology,-3.504,-3.786,,,,False,False,-2.8795,-3.9205,,,
XNCR,2026-08-19,bad,bad,good,missing,missing,missing,missing,2,4,False,False,False,False,bad,neutral,7,,False,overbought,dead,above,high,flat,extended,missing,,missing,False,False,False,missing,,False,0.0,False,False,False,False,False,False,Healthcare,-1.89,1.017,,,,False,False,-1.2654999999999998,0.8824999999999998,,,
XNDU,2026-08-19,bad,bad,bad,missing,missing,missing,missing,3,4,False,False,False,False,bad,bad,5,,False,mid,dead,below,high,down,mid,missing,,missing,False,False,False,missing,,False,-5.0,False,False,False,False,False,False,Technology,-2.507,5.593,,,,False,False,-1.8825,5.4585,,,
ORBS,2026-08-19,bad,bad,bad,missing,missing,missing,missing,3,4,False,False,False,False,bad,bad,5,,False,mid,dead,below,mid,flat,washed,missing,,missing,False,False,False,missing,,False,-7.0,False,False,False,False,False,False,Consumer Cyclical,11.156,18.28,,,,False,False,11.7805,18.145500000000002,,,
TLRY,2026-08-19,bad,bad,good,missing,missing,missing,missing,2,4,False,False,False,False,bad,neutral,7,,False,mid,normal,above,high,flat,mid,missing,,missing,False,False,False,missing,,False,-3.0,False,False,False,False,False,False,Healthcare,-3.313,0.207,,,,False,False,-2.6885000000000003,0.07249999999999998,,,
TLS,2026-08-19,bad,bad,bad,missing,missing,missing,missing,3,4,False,False,False,False,bad,bad,5,,False,mid,dead,below,mid,flat,mid,missing,,missing,False,False,False,missing,,False,5.0,False,False,False,False,False,False,Technology,0.0,1.58,,,,False,False,0.6245,1.4455,,,
SMR,2026-08-19,bad,bad,good,missing,missing,missing,missing,2,4,False,False,False,False,bad,neutral,7,,False,mid,normal,below,high,down,washed,missing,,missing,False,False,False,missing,,False,-9.0,False,False,False,False,False,False,Industrials,-2.368,1.184,,,,False,False,-1.7434999999999998,1.0494999999999999,,,
CGTX,2026-08-19,bad,bad,good,missing,missing,missing,missing,2,4,False,False,False,False,bad,neutral,7,,False,mid,dead,above,high,flat,mid,missing,,missing,False,False,False,missing,,False,-4.0,False,False,False,False,False,False,Healthcare,-2.247,1.736,,,,False,False,-1.6224999999999998,1.6015,,,
HPP,2026-08-19,bad,bad,bad,missing,missing,missing,missing,3,4,False,False,False,False,bad,bad,5,,False,mid,dead,below,high,flat,mid,missing,,missing,False,False,False,missing,,False,-7.0,False,False,False,False,False,False,Real Estate,2.065,-0.206,,,,False,False,2.6895,-0.3405,,,
HROW,2026-08-19,bad,bad,good,missing,missing,missing,missing,2,4,False,False,False,False,bad,neutral,7,,False,mid,normal,below,high,flat,mid,missing,,missing,False,False,False,missing,,False,-3.0,False,False,False,False,False,False,Healthcare,1.009,-1.657,,,,False,False,1.6335,-1.7915,,,
AREC,2026-08-19,bad,bad,good,missing,missing,missing,missing,2,4,False,False,False,False,bad,neutral,7,,False,mid,normal,above,high,down,mid,far,,missing,False,False,True,missing,,False,-1.0,False,False,False,False,False,False,Industrials,-2.652,1.515,,,,False,False,-2.0275,1.3804999999999998,,,
AI,2026-08-19,bad,bad,bad,missing,missing,missing,missing,3,4,False,False,False,False,bad,bad,5,,False,mid,dead,above,high,flat,washed,missing,,missing,False,False,True,missing,,False,-1.0,False,False,False,False,False,False,Technology,-0.674,-0.771,,,,False,False,-0.04949999999999999,-0.9055,,,
BAK,2026-08-19,bad,bad,bad,missing,missing,missing,missing,3,4,False,False,False,False,bad,bad,5,,False,mid,normal,below,low,flat,washed,missing,,missing,False,False,False,missing,,False,-8.0,False,False,False,False,False,False,Basic Materials,-1.493,-0.995,,,,False,False,-0.8685,-1.1295,,,
PMT,2026-08-19,bad,bad,bad,missing,missing,missing,missing,3,4,False,False,False,False,bad,bad,5,,False,mid,dead,above,mid,flat,mid,missing,,missing,False,False,False,missing,,False,-3.0,False,False,False,False,False,False,Real Estate,-1.572,-1.992,,,,False,False,-0.9475,-2.1265,,,
HTFL,2026-08-19,bad,bad,good,missing,missing,missing,missing,2,4,False,False,False,False,bad,neutral,7,,False,overbought,normal,above,high,flat,extended,missing,,missing,False,False,False,missing,,False,1.0,False,False,False,False,False,False,Healthcare,2.789,9.269,,,,False,False,3.4135,9.134500000000001,,,
TMC,2026-08-19,bad,bad,bad,missing,missing,missing,missing,3,4,False,False,False,False,bad,bad,5,,False,mid,normal,below,high,flat,washed,missing,,missing,False,False,False,missing,,False,-7.0,False,False,False,False,False,False,Basic Materials,0.0,20.655,,,,False,False,0.6245,20.520500000000002,,,
TMCI,2026-08-19,bad,bad,good,missing,missing,missing,missing,2,4,False,False,False,False,bad,neutral,7,,False,mid,dead,above,mid,flat,mid,missing,,missing,False,False,False,missing,,False,4.0,False,False,False,False,False,False,Healthcare,-2.193,-4.825,,,,False,False,-1.5685,-4.9595,,,
CEVA,2026-08-19,bad,bad,bad,missing,missing,missing,missing,3,4,False,False,False,False,bad,bad,5,,False,mid,normal,below,high,down,mid,missing,,missing,False,False,False,missing,,False,6.0,False,False,False,False,False,False,Technology,-5.92,-6.388,,,,False,False,-5.2955,-6.5225,,,
DPRO,2026-08-19,bad,bad,bad,missing,missing,missing,missing,3,4,False,False,False,False,bad,bad,5,,False,mid,dead,above,high,down,mid,missing,,missing,False,False,False,missing,,False,-7.0,False,False,False,False,False,False,Technology,-4.036,0.673,,,,False,False,-3.4114999999999993,0.5385,,,
CELH,2026-08-19,bad,bad,good,missing,missing,missing,missing,2,4,False,False,False,False,bad,neutral,7,,False,mid,normal,above,high,flat,mid,missing,,missing,False,False,False,missing,,False,2.0,False,False,False,False,False,False,Consumer Defensive,0.868,3.41,,,,False,False,1.4925000000000002,3.2755,,,
NEXT,2026-08-19,bad,bad,good,missing,missing,missing,missing,2,4,False,False,False,False,bad,neutral,7,,False,mid,normal,above,high,flat,mid,missing,,missing,False,False,False,missing,,False,2.0,False,False,False,False,False,False,Energy,4.167,5.952,,,,False,False,4.7915,5.8175,,,
LUCD,2026-08-19,bad,bad,good,missing,missing,missing,missing,2,4,False,False,False,False,bad,neutral,7,,False,mid,dead,above,mid,flat,mid,missing,,missing,False,False,False,missing,,False,-3.0,False,False,False,False,False,False,Healthcare,-4.95,-4.554,,,,False,False,-4.3255,-4.6885,,,
LXRX,2026-08-19,bad,bad,good,missing,missing,missing,missing,2,4,False,False,False,False,bad,neutral,7,,False,mid,dead,above,high,flat,mid,missing,,missing,False,False,False,missing,,False,-4.0,False,False,False,False,False,False,Healthcare,-9.544,-4.564,,,,False,False,-8.919500000000001,-4.6985,,,
MAC,2026-08-19,bad,bad,bad,missing,missing,missing,missing,3,4,False,False,False,False,bad,bad,5,,False,mid,dead,below,high,flat,mid,missing,,missing,False,False,False,missing,,False,-2.0,False,False,False,False,False,False,Real Estate,-0.843,-2.088,,,,False,False,-0.21849999999999992,-2.2225,,,
DFH,2026-08-19,bad,bad,bad,missing,missing,missing,missing,3,4,False,False,False,False,bad,bad,5,,False,mid,dead,above,high,flat,mid,missing,,missing,False,False,False,missing,,False,-2.0,False,False,False,False,False,False,Consumer Cyclical,-1.476,0.067,,,,False,False,-0.8514999999999999,-0.0675,,,
DCH,2026-08-19,bad,bad,bad,missing,missing,missing,missing,3,4,False,False,False,False,bad,bad,5,,False,mid,dead,above,high,flat,mid,missing,,missing,False,False,False,missing,,False,4.0,False,False,False,False,False,False,Consumer Cyclical,-3.782,4.085,,,,False,False,-3.1574999999999998,3.9505,,,
DGXX,2026-08-19,bad,bad,good,missing,missing,missing,missing,2,4,False,False,False,False,bad,neutral,7,,False,mid,normal,below,mid,flat,mid,missing,,missing,False,False,False,missing,,False,-6.0,False,False,False,False,False,False,Utilities,9.497,13.687,,,,False,False,10.1215,13.5525,,,
DHC,2026-08-19,bad,bad,bad,missing,missing,missing,missing,3,4,False,False,False,False,bad,bad,5,,False,mid,dead,below,mid,flat,mid,missing,,missing,False,False,False,missing,,False,-6.0,False,False,False,False,False,False,Real Estate,-0.37,-0.988,,,,False,False,0.25450000000000006,-1.1225,,,
SOUN,2026-08-19,bad,bad,bad,missing,missing,missing,missing,3,4,False,False,False,False,bad,bad,5,,False,mid,normal,above,high,flat,mid,missing,,missing,False,False,False,missing,,False,4.0,False,False,False,False,False,False,Technology,-2.654,2.235,,,,False,False,-2.0294999999999996,2.1005,,,
LUMN,2026-08-19,bad,bad,bad,missing,missing,missing,missing,3,4,False,False,False,False,bad,bad,5,,False,mid,normal,below,mid,flat,mid,missing,,missing,False,False,False,missing,,False,4.0,False,False,False,False,False,False,Communication Services,-1.958,-3.1,,,,False,False,-1.3335,-3.2345,,,
LUNR,2026-08-19,bad,bad,good,missing,missing,missing,missing,2,4,False,False,False,False,bad,neutral,7,,False,mid,normal,above,high,down,extended,missing,,missing,False,False,False,missing,,False,0.0,False,False,False,False,False,False,Industrials,-3.186,-1.08,,,,False,False,-2.5614999999999997,-1.2145000000000001,,,
IAUX,2026-08-19,bad,bad,bad,missing,missing,missing,missing,3,4,False,False,False,False,bad,bad,5,,False,mid,normal,above,high,flat,mid,missing,,missing,False,False,False,missing,,False,-4.0,False,False,False,False,False,False,Basic Materials,1.734,4.624,,,,False,False,2.3585000000000003,4.4895,,,
ARQQ,2026-08-19,bad,bad,bad,missing,missing,missing,missing,3,4,False,False,False,False,bad,bad,5,,False,mid,normal,above,high,down,washed,missing,,missing,False,False,True,missing,,False,4.0,False,False,False,False,False,False,Technology,-2.74,-1.811,,,,False,False,-2.1155,-1.9455,,,
DKNG,2026-08-19,bad,bad,bad,missing,missing,missing,missing,3,4,False,False,False,False,bad,bad,5,,False,mid,dead,above,mid,flat,mid,missing,,missing,False,False,False,missing,,False,-3.0,False,False,False,False,False,False,Consumer Cyclical,-1.106,3.398,,,,False,False,-0.48150000000000004,3.2635,,,
TIC,2026-08-19,bad,bad,good,missing,missing,missing,missing,2,4,False,False,False,False,bad,neutral,7,,False,mid,dead,above,high,flat,washed,missing,,missing,False,False,False,missing,,False,-4.0,False,False,False,False,False,False,Industrials,-1.957,3.37,,,,False,False,-1.3325,3.2355,,,
SNDX,2026-08-19,bad,bad,good,missing,missing,missing,missing,2,4,False,False,False,False,bad,neutral,7,,False,mid,dead,below,high,flat,mid,missing,,missing,False,False,False,missing,,False,-4.0,False,False,False,False,False,False,Healthcare,-4.911,-5.392,,,,False,False,-4.286499999999999,-5.5265,,,
NAUT,2026-08-19,bad,bad,good,missing,missing,missing,missing,2,4,False,False,False,False,bad,neutral,7,,False,oversold,dead,below,mid,flat,mid,missing,,missing,False,False,False,missing,,False,-4.0,False,False,False,False,False,False,Healthcare,0.0,5.876,,,,False,False,0.6245,5.7415,,,
PDYN,2026-08-19,bad,bad,bad,missing,missing,missing,missing,3,4,False,False,False,False,bad,bad,5,,False,mid,normal,above,high,down,mid,missing,,missing,False,False,False,missing,,False,-3.0,False,False,False,False,False,False,Technology,-2.087,-1.605,,,,False,False,-1.4625000000000001,-1.7395,,,
PEB,2026-08-19,bad,bad,bad,missing,missing,missing,missing,3,4,False,False,False,False,bad,bad,5,,False,mid,dead,below,high,flat,mid,missing,,missing,False,False,False,missing,,False,1.0,False,False,False,False,False,False,Real Estate,0.924,0.489,,,,False,False,1.5485000000000002,0.3545,,,
VSTM,2026-08-19,bad,bad,good,missing,missing,missing,missing,2,4,False,False,False,False,bad,neutral,7,,False,overbought,normal,above,high,flat,mid,missing,,missing,False,False,False,missing,,False,1.0,False,False,False,False,False,False,Healthcare,-6.575,-5.616,,,,False,False,-5.9505,-5.7505,,,
IEP,2026-08-19,bad,bad,good,missing,missing,missing,missing,2,4,False,False,False,False,bad,neutral,7,,False,oversold,hot,below,high,flat,washed,missing,,missing,False,False,False,missing,,False,-2.0,False,False,False,False,False,False,Energy,0.0,2.105,,,,False,False,0.6245,1.9705,,,
CLF,2026-08-19,bad,bad,bad,missing,missing,missing,missing,3,4,False,False,False,False,bad,bad,5,,False,mid,dead,above,high,flat,mid,missing,,missing,False,False,False,missing,,False,0.0,False,False,False,False,False,False,Basic Materials,-3.85,0.895,,,,False,False,-3.2255000000000003,0.7605,,,
VOR,2026-08-19,bad,bad,good,missing,missing,missing,missing,2,4,False,False,False,False,bad,neutral,7,,False,mid,dead,above,high,flat,mid,missing,,missing,False,False,False,missing,,False,9.0,False,False,False,False,False,False,Healthcare,-2.184,-0.933,,,,False,False,-1.5595,-1.0675000000000001,,,
VPG,2026-08-19,bad,bad,bad,missing,missing,missing,missing,3,4,False,False,False,False,bad,bad,5,,False,mid,normal,below,high,down,mid,missing,,missing,False,False,False,missing,,False,-1.0,False,False,False,False,False,False,Technology,-1.378,5.512,,,,False,False,-0.7534999999999998,5.3774999999999995,,,
PFSI,2026-08-19,bad,bad,bad,missing,missing,missing,missing,3,4,False,False,False,False,bad,bad,5,,False,mid,dead,below,mid,flat,mid,missing,,missing,False,False,False,missing,,False,1.0,False,False,False,False,False,False,Financial,-1.432,-2.277,,,,False,False,-0.8074999999999999,-2.4115,,,
DFDV,2026-08-19,bad,bad,bad,missing,missing,missing,missing,3,4,False,False,False,False,bad,bad,5,,False,mid,normal,above,high,flat,extended,missing,,missing,False,False,False,missing,,False,2.0,False,False,False,False,False,False,Financial,10.234,15.205,,,,False,False,10.8585,15.070500000000001,,,
DDD,2026-08-19,bad,bad,bad,missing,missing,missing,missing,3,4,False,False,False,False,bad,bad,5,,False,mid,dead,above,high,down,washed,missing,,missing,False,False,False,missing,,False,8.0,False,False,False,False,False,False,Technology,-7.331,-6.452,,,,False,False,-6.7065,-6.5865,,,
MIST,2026-08-19,bad,bad,good,missing,missing,missing,missing,2,4,False,False,False,False,bad,neutral,7,,False,mid,normal,below,high,flat,washed,missing,,missing,False,False,False,missing,,False,-10.0,False,False,False,False,False,False,Healthcare,-4.63,-2.315,,,,False,False,-4.0055,-2.4495,,,
ACVA,2026-08-19,bad,bad,bad,missing,missing,missing,missing,3,4,False,False,False,False,bad,bad,5,,False,mid,dead,below,high,flat,mid,missing,,missing,False,True,True,missing,,False,5.0,False,False,False,False,False,False,Consumer Cyclical,2.677,-0.535,,,,False,False,3.3015,-0.6695,,,
AADX,2026-08-19,bad,bad,good,missing,missing,missing,missing,2,4,False,False,False,False,bad,neutral,7,,False,mid,normal,below,mid,flat,washed,missing,,missing,False,True,False,missing,,False,-1.0,False,False,False,False,False,False,Industrials,-10.249,-13.376,,,,False,False,-9.624500000000001,-13.510499999999999,,,
ZVIA,2026-08-19,bad,bad,good,missing,missing,missing,missing,2,4,False,False,False,False,bad,neutral,7,,False,mid,dead,below,low,flat,mid,missing,,missing,False,False,False,missing,,False,-5.0,False,False,False,False,False,False,Consumer Defensive,-0.752,-3.008,,,,False,False,-0.12749999999999995,-3.1425,,,
MEI,2026-08-19,bad,bad,bad,missing,missing,missing,missing,3,4,False,False,False,False,bad,bad,5,,False,mid,normal,above,mid,down,mid,missing,,missing,False,False,False,missing,,False,5.0,False,False,False,False,False,False,Technology,1.83,0.493,,,,False,False,2.4545000000000003,0.3585,,,
CRNT,2026-08-19,bad,bad,bad,missing,missing,missing,missing,3,4,False,False,False,False,bad,bad,5,,False,mid,normal,below,low,flat,mid,missing,,missing,False,False,False,missing,,False,-1.0,False,False,False,False,False,False,Technology,0.952,-0.476,,,,False,False,1.5765,-0.6105,,,
TDTH,2026-08-19,bad,bad,bad,missing,missing,missing,missing,3,4,False,False,False,False,bad,bad,5,,False,mid,normal,below,low,flat,mid,missing,,missing,False,False,False,missing,,False,-4.0,False,False,False,False,False,False,Technology,-6.122,-4.592,,,,False,False,-5.4975,-4.7265,,,
ATEC,2026-08-19,bad,bad,good,missing,missing,missing,missing,2,4,False,False,False,False,bad,neutral,7,,False,mid,dead,above,high,flat,mid,missing,,missing,False,True,True,missing,,False,7.0,False,False,False,False,False,False,Healthcare,-4.718,-2.769,,,,False,False,-4.0935,-2.9035,,,
ASPN,2026-08-19,bad,bad,bad,missing,missing,missing,missing,3,4,False,False,False,False,bad,bad,5,,False,mid,dead,above,high,flat,washed,missing,,missing,False,False,True,missing,,False,-3.0,False,False,False,False,False,False,Basic Materials,-6.239,-4.954,,,,False,False,-5.6145,-5.0885,,,
COHU,2026-08-19,bad,bad,bad,missing,missing,missing,missing,3,4,False,False,False,False,bad,bad,5,,False,mid,normal,above,high,down,extended,missing,,missing,False,False,False,missing,,False,3.0,False,False,False,False,False,False,Technology,-1.957,-1.486,,,,False,False,-1.3325,-1.6205,,,
COLL,2026-08-19,bad,bad,good,missing,missing,missing,missing,2,4,False,False,False,False,bad,neutral,7,,False,mid,normal,below,high,flat,extended,missing,,missing,False,False,False,missing,,False,6.0,False,False,False,False,False,False,Healthcare,-4.175,-5.672,,,,False,False,-3.5504999999999995,-5.8065,,,
STUB,2026-08-19,bad,bad,bad,missing,missing,missing,missing,3,4,False,False,False,False,bad,bad,5,,False,mid,normal,below,high,flat,washed,missing,,missing,False,False,False,missing,,False,0.0,False,False,False,False,False,False,Communication Services,-1.585,-3.746,,,,False,False,-0.9604999999999999,-3.8805,,,
CRMD,2026-08-19,bad,bad,good,missing,missing,missing,missing,2,4,False,False,False,False,bad,neutral,7,,False,mid,normal,above,high,flat,extended,missing,,missing,False,False,False,missing,,False,7.0,False,False,False,False,False,False,Healthcare,-3.404,-3.756,,,,False,False,-2.7794999999999996,-3.8905,,,
ADPT,2026-08-19,bad,bad,good,missing,missing,missing,missing,2,4,False,False,False,False,bad,neutral,7,,False,mid,dead,above,high,flat,mid,missing,,missing,False,False,True,missing,,False,-1.0,False,False,False,False,False,False,Healthcare,-0.196,1.962,,,,False,False,0.42850000000000005,1.8275,,,
SVV,2026-08-19,bad,bad,bad,missing,missing,missing,missing,3,4,False,False,False,False,bad,bad,5,,False,mid,normal,above,high,flat,washed,missing,,missing,False,False,False,missing,,False,2.0,False,False,False,False,False,False,Consumer Cyclical,-7.345,-4.867,,,,False,False,-6.7204999999999995,-5.0015,,,
KMPR,2026-08-19,bad,bad,bad,missing,missing,missing,missing,3,4,False,False,False,False,bad,bad,5,,False,mid,dead,below,high,flat,mid,missing,,missing,False,False,False,missing,,False,3.0,False,False,False,False,False,False,Financial,2.021,2.362,,,,False,False,2.6455,2.2275,,,
KOD,2026-08-19,bad,bad,good,missing,missing,missing,missing,2,4,False,False,False,False,bad,neutral,7,,False,mid,normal,below,high,flat,mid,missing,,missing,False,False,False,missing,,False,0.0,False,False,False,False,False,False,Healthcare,-0.574,-4.342,,,,False,False,0.0505000000000001,-4.4765,,,
ABEO,2026-08-19,bad,bad,good,missing,missing,missing,missing,2,4,False,False,False,False,bad,neutral,7,,False,mid,dead,below,high,flat,washed,missing,,missing,False,False,True,missing,,False,-4.0,False,False,False,False,False,False,Healthcare,-2.773,-0.653,,,,False,False,-2.1485000000000003,-0.7875000000000001,,,
ABR,2026-08-19,bad,bad,bad,missing,missing,missing,missing,3,4,False,False,False,False,bad,bad,5,,False,mid,dead,below,high,flat,mid,missing,,missing,False,True,True,missing,,False,9.0,False,False,False,False,False,False,Real Estate,0.193,0.387,,,,False,False,0.8175000000000001,0.2525,,,
KLAR,2026-08-19,bad,bad,bad,missing,missing,missing,missing,3,4,False,False,False,False,bad,bad,5,,False,mid,hot,below,high,down,washed,missing,,missing,False,False,False,missing,,False,6.0,False,False,False,False,False,False,Financial,-4.956,-2.716,,,,False,False,-4.3315,-2.8505000000000003,,,
ANAB,2026-08-19,bad,bad,good,missing,missing,missing,missing,2,4,False,False,False,False,bad,neutral,7,,False,mid,dead,above,high,flat,mid,missing,,missing,False,False,True,missing,,False,2.0,False,False,False,False,False,False,Healthcare,-4.337,-2.565,,,,False,False,-3.7124999999999995,-2.6995,,,
MRAM,2026-08-19,bad,bad,bad,missing,missing,missing,missing,3,4,False,False,False,False,bad,bad,5,,False,mid,normal,above,high,down,extended,missing,,missing,False,False,False,missing,,False,0.0,False,False,False,False,False,False,Technology,-2.695,-1.892,,,,False,False,-2.0705,-2.0265,,,
COMP,2026-08-19,bad,bad,bad,missing,missing,missing,missing,3,4,False,False,False,False,bad,bad,5,,False,mid,dead,above,mid,flat,mid,missing,,missing,False,False,False,missing,,False,14.0,False,False,False,False,False,False,Real Estate,-6.875,-8.203,,,,False,False,-6.2505,-8.337499999999999,,,
CRBU,2026-08-19,bad,bad,good,missing,missing,missing,missing,2,4,False,False,False,False,bad,neutral,7,,False,mid,dead,below,high,flat,washed,missing,,missing,False,False,False,missing,,False,-7.0,False,False,False,False,False,False,Healthcare,-1.829,1.22,,,,False,False,-1.2045,1.0855,,,
ABCL,2026-08-19,bad,bad,good,missing,missing,missing,missing,2,4,False,False,False,False,bad,neutral,7,,False,overbought,normal,above,high,down,extended,missing,,missing,False,False,False,missing,,False,-3.0,False,False,False,False,False,False,Healthcare,-3.664,-5.745,,,,False,False,-3.0395000000000003,-5.8795,,,
SUPV,2026-08-19,bad,bad,bad,missing,missing,missing,missing,3,4,False,False,False,False,bad,bad,5,,False,mid,normal,below,mid,flat,mid,missing,,missing,False,False,False,missing,,False,-8.0,False,False,False,False,False,False,Financial,0.0,3.268,,,,False,False,0.6245,3.1334999999999997,,,
TASK,2026-08-19,bad,bad,bad,missing,missing,missing,missing,3,4,False,False,False,False,bad,bad,5,,False,mid,dead,above,high,flat,mid,missing,,missing,False,False,False,missing,,False,10.0,False,False,False,False,False,False,Technology,-3.96,-0.99,,,,False,False,-3.3354999999999997,-1.1245,,,
YSS,2026-08-19,bad,bad,good,missing,missing,missing,missing,2,4,False,False,False,False,bad,neutral,7,,False,oversold,hot,below,high,flat,mid,missing,,missing,False,False,False,missing,,False,1.0,False,False,False,False,False,False,Industrials,-9.627,-8.448,,,,False,False,-9.002500000000001,-8.5825,,,
ABAT,2026-08-19,bad,bad,good,missing,missing,missing,missing,2,4,False,False,False,False,bad,neutral,7,,False,mid,normal,below,high,flat,washed,missing,,missing,False,False,True,missing,,False,-5.0,False,False,False,False,False,False,Industrials,-2.917,7.083,,,,False,False,-2.2924999999999995,6.9485,,,
ABTC,2026-08-19,bad,bad,bad,missing,missing,missing,missing,3,4,False,False,False,False,bad,bad,5,,False,mid,normal,above,high,flat,mid,missing,,missing,False,True,False,missing,,False,-3.0,False,False,False,False,False,False,Financial,7.215,0.38,,,,False,False,7.8395,0.2455,,,
CORZ,2026-08-19,bad,bad,bad,missing,missing,missing,missing,3,4,False,False,False,False,bad,bad,5,,False,mid,normal,below,high,flat,mid,missing,,missing,False,False,False,missing,,False,-2.0,False,False,False,False,False,False,Technology,-1.763,-4.861,,,,False,False,-1.1384999999999998,-4.9955,,,
MEC,2026-08-19,bad,bad,good,missing,missing,missing,missing,2,4,False,False,False,False,bad,neutral,7,,False,mid,normal,below,high,flat,mid,missing,,missing,False,False,False,missing,,False,-1.0,False,False,False,False,False,False,Industrials,0.266,-3.807,,,,False,False,0.8905000000000001,-3.9415,,,
MPLT,2026-08-19,bad,bad,good,missing,missing,missing,missing,2,4,False,False,False,False,bad,neutral,7,,False,oversold,dead,below,high,flat,mid,missing,,missing,False,False,False,missing,,False,2.0,False,False,False,False,False,False,Healthcare,-7.572,-7.737,,,,False,False,-6.9475,-7.8715,,,
TDAY,2026-08-19,bad,bad,bad,missing,missing,missing,missing,3,4,False,False,False,False,bad,bad,5,,False,mid,normal,below,high,flat,mid,missing,,missing,False,False,False,missing,,False,1.0,False,False,False,False,False,False,Communication Services,-3.12,-3.863,,,,False,False,-2.4955,-3.9975,,,
MB,2026-08-19,bad,bad,bad,missing,missing,missing,missing,3,4,False,False,False,False,bad,bad,5,,False,mid,dead,above,low,flat,washed,missing,,missing,False,False,False,missing,,False,-7.0,False,False,False,False,False,False,Consumer Cyclical,-8.696,-0.198,,,,False,False,-8.0715,-0.3325,,,
ADNT,2026-08-19,bad,bad,bad,missing,missing,missing,missing,3,4,False,False,False,False,bad,bad,5,,False,mid,dead,below,mid,flat,mid,missing,,missing,False,False,True,missing,,False,8.0,False,False,False,False,False,False,Consumer Cyclical,-0.713,1.936,,,,False,False,-0.08849999999999991,1.8014999999999999,,,
JBGS,2026-08-19,bad,bad,bad,missing,missing,missing,missing,3,4,False,False,False,False,bad,bad,5,,False,oversold,normal,below,high,flat,mid,missing,,missing,False,False,False,missing,,False,-9.0,False,False,False,False,False,False,Real Estate,1.56,2.627,,,,False,False,2.1845,2.4924999999999997,,,
PGEN,2026-08-19,bad,bad,good,missing,missing,missing,missing,2,4,False,False,False,False,bad,neutral,7,,False,mid,dead,above,high,flat,mid,missing,,missing,False,False,False,missing,,False,3.0,False,False,False,False,False,False,Healthcare,3.911,0.559,,,,False,False,4.5355,0.42450000000000004,,,
PGY,2026-08-19,bad,bad,bad,missing,missing,missing,missing,3,4,False,False,False,False,bad,bad,5,,False,mid,normal,above,high,flat,mid,missing,,missing,False,False,False,missing,,False,11.0,False,False,False,False,False,False,Technology,-1.124,5.911,,,,False,False,-0.49950000000000006,5.7764999999999995,,,
PHAT,2026-08-19,bad,bad,good,missing,missing,missing,missing,2,4,False,False,False,False,bad,neutral,7,,False,mid,normal,below,high,flat,extended,missing,,missing,False,False,False,missing,,False,1.0,False,False,False,False,False,False,Healthcare,-7.725,-4.828,,,,False,False,-7.100499999999999,-4.9625,,,
VOYG,2026-08-19,bad,bad,good,missing,missing,missing,missing,2,4,False,False,False,False,bad,neutral,7,,False,mid,dead,above,high,down,mid,missing,,missing,False,False,False,missing,,False,-3.0,False,False,False,False,False,False,Industrials,-2.394,-1.158,,,,False,False,-1.7695,-1.2925,,,
ATOM,2026-08-19,bad,bad,bad,missing,missing,missing,missing,3,4,False,False,False,False,bad,bad,5,,False,mid,normal,below,high,down,washed,missing,,missing,False,False,True,missing,,False,-1.0,False,False,False,False,False,False,Technology,1.268,1.057,,,,False,False,1.8925,0.9224999999999999,,,
AGEN,2026-08-19,bad,bad,good,missing,missing,missing,missing,2,4,False,False,False,False,bad,neutral,7,,False,mid,dead,above,high,flat,extended,missing,,missing,False,False,False,missing,,False,10.0,False,False,False,False,False,False,Healthcare,-9.322,-2.058,,,,False,False,-8.6975,-2.1925,,,
AEVA,2026-08-19,bad,bad,bad,missing,missing,missing,missing,3,4,False,False,False,False,bad,bad,5,,False,mid,normal,above,high,down,washed,missing,,missing,False,False,True,missing,,False,-8.0,False,False,False,False,False,False,Technology,-4.601,-7.533,,,,False,False,-3.9764999999999997,-7.6675,,,
SPHR,2026-08-19,bad,bad,bad,missing,missing,missing,missing,3,4,False,False,False,False,bad,bad,5,,False,mid,normal,above,high,flat,mid,missing,,missing,False,False,False,missing,,False,3.0,False,False,False,False,False,False,Communication Services,-2.228,-0.895,,,,False,False,-1.6035000000000001,-1.0295,,,
CIM,2026-08-19,bad,bad,bad,missing,missing,missing,missing,3,4,False,False,False,False,bad,bad,5,,False,mid,normal,below,low,flat,mid,missing,,missing,False,False,False,missing,,False,-10.0,False,False,False,False,False,False,Real Estate,-1.531,-2.041,,,,False,False,-0.9064999999999999,-2.1755,,,
ORN,2026-08-19,bad,bad,good,missing,missing,missing,missing,2,4,False,False,False,False,bad,neutral,7,,False,mid,dead,below,mid,flat,mid,missing,,missing,False,False,False,missing,,False,-7.0,False,False,False,False,False,False,Industrials,-4.474,-3.538,,,,False,False,-3.8495,-3.6725,,,
JMIA,2026-08-19,bad,bad,bad,missing,missing,missing,missing,3,4,False,False,False,False,bad,bad,5,,False,mid,normal,above,mid,flat,extended,missing,,missing,False,False,False,missing,,False,-7.0,False,False,False,False,False,False,Consumer Cyclical,-1.337,0.149,,,,False,False,-0.7124999999999999,0.014499999999999985,,,
OTLK,2026-08-19,bad,bad,good,missing,missing,missing,missing,2,4,False,False,False,False,bad,neutral,7,,False,mid,hot,below,high,flat,washed,missing,,missing,False,False,False,missing,,False,-6.0,False,False,False,False,False,False,Healthcare,-2.029,-6.232,,,,False,False,-1.4044999999999999,-6.3665,,,
JELD,2026-08-19,bad,bad,good,missing,missing,missing,missing,2,4,False,False,False,False,bad,neutral,7,,False,mid,dead,above,high,flat,mid,missing,,missing,False,False,False,missing,,False,-2.0,False,False,False,False,False,False,Industrials,1.961,12.745,,,,False,False,2.5855,12.6105,,,
ARKO,2026-08-19,bad,bad,bad,missing,missing,missing,missing,3,4,False,False,False,False,bad,bad,5,,False,oversold,normal,below,high,flat,extended,missing,,missing,False,False,True,missing,,False,7.0,False,False,False,False,False,False,Consumer Cyclical,-1.713,1.713,,,,False,False,-1.0885,1.5785,,,
PLBY,2026-08-19,bad,bad,bad,missing,missing,missing,missing,3,4,False,False,False,False,bad,bad,5,,False,mid,dead,above,mid,flat,washed,missing,,missing,False,False,False,missing,,False,8.0,False,False,False,False,False,False,Consumer Cyclical,0.82,0.0,,,,False,False,1.4445000000000001,-0.1345,,,
PACK,2026-08-19,bad,bad,bad,missing,missing,missing,missing,3,4,False,False,False,False,bad,bad,5,,False,mid,dead,below,mid,flat,mid,missing,,missing,False,False,False,missing,,False,-4.0,False,False,False,False,False,False,Consumer Cyclical,-0.591,0.0,,,,False,False,0.033500000000000085,-0.1345,,,
PK,2026-08-19,bad,bad,bad,missing,missing,missing,missing,3,4,False,False,False,False,bad,bad,5,,False,mid,dead,above,high,flat,mid,missing,,missing,False,False,False,missing,,False,3.0,False,False,False,False,False,False,Real Estate,-0.063,-0.316,,,,False,False,0.5615000000000001,-0.4505,,,
PL,2026-08-19,bad,bad,good,missing,missing,missing,missing,2,4,False,False,False,False,bad,neutral,7,,False,mid,dead,above,high,down,mid,missing,,missing,False,False,False,missing,,False,3.0,False,False,False,False,False,False,Industrials,-1.989,-1.459,,,,False,False,-1.3645,-1.5935000000000001,,,
AESI,2026-08-19,bad,bad,good,missing,missing,missing,missing,2,4,False,False,False,False,bad,neutral,7,,False,mid,dead,above,high,flat,mid,missing,,missing,False,False,True,missing,,False,-6.0,False,False,False,False,False,False,Energy,-0.307,-3.454,,,,False,False,0.31750000000000006,-3.5885000000000002,,,
TLN,2026-08-19,bad,bad,good,missing,missing,missing,missing,2,4,True,False,False,False,neutral,neutral,8,,False,mid,dead,above,mid,flat,mid,missing,,missing,False,False,False,missing,,False,-9.0,False,False,False,False,False,False,Utilities,-1.663,-2.448,,,,False,False,-1.0385,-2.5825,,,
AIIO,2026-08-19,bad,bad,bad,missing,missing,missing,missing,3,4,False,False,False,False,bad,bad,5,,False,mid,dead,below,high,flat,mid,missing,,missing,False,False,False,missing,,False,-2.0,False,False,False,False,False,False,Consumer Cyclical,4.947,-2.12,,,,False,False,5.5715,-2.2545,,,
CHRS,2026-08-19,bad,bad,good,missing,missing,missing,missing,2,4,False,False,False,False,bad,neutral,7,,False,mid,hot,below,high,up,extended,missing,,missing,False,False,False,missing,,False,0.0,False,False,False,False,False,False,Healthcare,-0.752,6.767,,,,False,False,-0.12749999999999995,6.6325,,,
DJT,2026-08-19,bad,bad,bad,missing,missing,missing,missing,3,4,False,False,False,False,bad,bad,5,,False,mid,normal,below,high,flat,washed,missing,,missing,False,False,False,missing,,False,-3.0,False,False,False,False,False,False,Communication Services,1.916,8.982,,,,False,False,2.5404999999999998,8.8475,,,
CERS,2026-08-19,bad,bad,good,missing,missing,missing,missing,2,4,False,False,False,False,bad,neutral,7,,False,mid,normal,above,mid,flat,extended,missing,,missing,False,False,False,missing,,False,4.0,False,False,False,False,False,False,Healthcare,-2.105,-1.404,,,,False,False,-1.4805,-1.5385,,,
OPTU,2026-08-19,bad,bad,bad,missing,missing,missing,missing,3,4,False,False,False,False,bad,bad,5,,False,mid,dead,above,high,flat,mid,missing,,missing,False,False,False,missing,,False,-12.0,False,False,False,False,False,False,Communication Services,1.394,-1.51,,,,False,False,2.0185,-1.6445,,,
AQST,2026-08-19,bad,bad,good,missing,missing,missing,missing,2,4,False,False,False,False,bad,neutral,7,,False,mid,normal,above,high,flat,mid,missing,,missing,False,False,True,missing,,False,-2.0,False,False,False,False,False,False,Healthcare,-2.07,1.525,,,,False,False,-1.4454999999999998,1.3904999999999998,,,
BAND,2026-08-19,bad,bad,bad,missing,missing,missing,missing,3,4,False,False,False,False,bad,bad,5,,False,mid,dead,above,high,flat,mid,missing,,missing,False,False,True,missing,,False,6.0,False,False,False,False,False,False,Technology,-7.935,-9.14,,,,False,False,-7.310499999999999,-9.2745,,,
VITL,2026-08-19,bad,bad,good,missing,missing,missing,missing,2,4,False,False,False,False,bad,neutral,7,,False,mid,dead,below,high,flat,mid,missing,,missing,False,False,False,missing,,False,7.0,False,False,False,False,False,False,Consumer Defensive,-2.3,-2.76,,,,False,False,-1.6754999999999998,-2.8945,,,
PLTK,2026-08-19,bad,bad,bad,missing,missing,missing,missing,3,4,False,False,False,False,bad,bad,5,,False,oversold,normal,below,high,flat,washed,missing,,missing,False,False,False,missing,,False,-6.0,False,False,False,False,False,False,Communication Services,0.0,0.851,,,,False,False,0.6245,0.7164999999999999,,,
WNC,2026-08-19,bad,bad,good,missing,missing,missing,missing,2,4,False,False,False,False,bad,neutral,7,,False,mid,dead,below,high,flat,mid,missing,,missing,False,False,False,missing,,False,2.0,False,False,False,False,False,False,Industrials,-4.03,-1.151,,,,False,False,-3.4055,-1.2855,,,
APPS,2026-08-19,bad,bad,bad,missing,missing,missing,missing,3,4,False,False,False,False,bad,bad,5,,False,mid,dead,above,high,flat,mid,missing,,missing,False,False,True,missing,,False,0.0,False,False,False,False,False,False,Technology,-4.63,-3.206,,,,False,False,-4.0055,-3.3405,,,
GT,2026-08-19,bad,bad,bad,missing,missing,missing,missing,3,4,False,False,False,False,bad,bad,5,,False,mid,normal,below,high,flat,mid,missing,,missing,False,False,False,missing,,False,3.0,False,False,False,False,False,False,Consumer Cyclical,-2.504,-0.334,,,,False,False,-1.8795,-0.4685,,,
HIMS,2026-08-19,bad,bad,good,missing,missing,missing,missing,2,4,False,False,False,False,bad,neutral,7,,False,mid,dead,below,high,flat,washed,missing,,missing,False,False,False,missing,,False,-10.0,False,False,False,False,False,False,Healthcare,2.477,8.652,,,,False,False,3.1014999999999997,8.5175,,,
PTLO,2026-08-19,bad,bad,bad,missing,missing,missing,missing,3,4,False,False,False,False,bad,bad,5,,False,mid,dead,above,high,flat,extended,missing,,missing,False,False,False,missing,,False,5.0,False,False,False,False,False,False,Consumer Cyclical,-2.851,1.222,,,,False,False,-2.2264999999999997,1.0875,,,
LPL,2026-08-19,bad,bad,bad,missing,missing,missing,missing,3,4,False,False,False,False,bad,bad,5,,False,mid,hot,above,low,down,mid,missing,,missing,False,False,False,missing,,False,-4.0,False,False,False,False,False,False,Technology,-1.187,-2.671,,,,False,False,-0.5625,-2.8055,,,
AIB,2026-08-19,bad,bad,bad,missing,missing,missing,missing,3,4,False,False,False,False,bad,bad,5,,False,mid,hot,below,low,flat,washed,missing,,missing,False,False,False,missing,,False,-9.0,False,False,False,False,False,False,Technology,-7.639,-2.778,,,,False,False,-7.0145,-2.9125,,,
LWLG,2026-08-19,bad,bad,bad,missing,missing,missing,missing,3,4,False,False,False,False,bad,bad,5,,False,mid,normal,below,high,down,washed,missing,,missing,False,False,False,missing,,False,-9.0,False,False,False,False,False,False,Basic Materials,-2.244,-0.801,,,,False,False,-1.6195000000000002,-0.9355,,,
TNXP,2026-08-19,bad,bad,good,missing,missing,missing,missing,2,4,False,False,False,False,bad,neutral,7,,False,mid,dead,above,high,flat,mid,missing,,missing,False,False,False,missing,,False,7.0,False,False,False,False,False,False,Healthcare,-2.671,-1.414,,,,False,False,-2.0465,-1.5485,,,
AIRO,2026-08-19,bad,bad,good,missing,missing,missing,missing,2,4,False,False,False,False,bad,neutral,7,,False,mid,normal,above,high,down,mid,missing,,missing,False,False,True,missing,,False,0.0,False,False,False,False,False,False,Industrials,-4.075,0.116,,,,False,False,-3.4505,-0.018500000000000003,,,
TOYO,2026-08-19,bad,bad,bad,missing,missing,missing,missing,3,4,False,False,False,False,bad,bad,5,,False,mid,normal,above,high,flat,mid,missing,,missing,False,False,False,missing,,False,0.0,False,False,False,False,False,False,Technology,4.152,11.188,,,,False,False,4.7765,11.053500000000001,,,
WRAP,2026-08-19,bad,bad,bad,missing,missing,missing,missing,3,4,False,False,False,False,bad,bad,5,,False,mid,dead,below,high,flat,washed,missing,,missing,False,False,False,missing,,False,-1.0,False,False,False,False,False,False,Technology,-3.727,-5.59,,,,False,False,-3.1025,-5.7245,,,
GLUE,2026-08-19,bad,bad,good,missing,missing,missing,missing,2,4,False,False,False,False,bad,neutral,7,,False,oversold,dead,below,high,flat,mid,missing,,missing,False,False,False,missing,,False,-9.0,False,False,False,False,False,False,Healthcare,-6.278,-9.321,,,,False,False,-5.653499999999999,-9.455499999999999,,,
QMCO,2026-08-19,bad,bad,bad,missing,missing,missing,missing,3,4,False,False,False,False,bad,bad,5,,False,overbought,normal,above,high,down,extended,missing,,missing,False,False,False,missing,,False,5.0,False,False,False,False,False,False,Technology,-5.966,2.111,,,,False,False,-5.3415,1.9765000000000001,,,
QMLS,2026-08-19,bad,bad,bad,missing,missing,missing,missing,3,4,False,False,False,False,bad,bad,5,,False,oversold,normal,below,low,down,extended,missing,,missing,False,False,False,missing,,False,1.0,False,False,False,False,False,False,Technology,-9.306,-0.846,,,,False,False,-8.6815,-0.9804999999999999,,,
PZZA,2026-08-19,bad,bad,bad,missing,missing,missing,missing,3,4,False,False,False,False,bad,bad,5,,False,oversold,normal,below,high,flat,mid,missing,,missing,False,False,False,missing,,False,9.0,False,False,False,False,False,False,Consumer Cyclical,0.215,2.879,,,,False,False,0.8395,2.7445,,,
PYXS,2026-08-19,bad,bad,good,missing,missing,missing,missing,2,4,False,False,False,False,bad,neutral,7,,False,mid,dead,above,high,flat,extended,missing,,missing,False,False,False,missing,,False,-5.0,False,False,False,False,False,False,Healthcare,-7.418,-8.605,,,,False,False,-6.7935,-8.7395,,,
NNE,2026-08-19,bad,bad,good,missing,missing,missing,missing,2,4,False,False,False,False,bad,neutral,7,,False,mid,normal,above,high,down,mid,missing,,missing,False,False,False,missing,,False,-1.0,False,False,False,False,False,False,Industrials,-4.804,-1.567,,,,False,False,-4.1795,-1.7015,,,
SHLS,2026-08-19,bad,bad,bad,missing,missing,missing,missing,3,4,False,False,False,False,bad,bad,5,,False,mid,normal,below,high,flat,washed,missing,,missing,False,False,False,missing,,False,9.0,False,False,False,False,False,False,Technology,-7.233,-10.755,,,,False,False,-6.608499999999999,-10.8895,,,
CAST,2026-08-19,bad,bad,bad,missing,missing,missing,missing,3,4,False,False,False,False,bad,bad,5,,False,mid,hot,above,mid,up,mid,far,,missing,False,False,False,missing,,False,-1.0,False,False,False,False,False,False,Communication Services,10.0,-7.059,,,,False,False,10.6245,-7.1935,,,
ELTX,2026-08-19,bad,bad,good,missing,missing,missing,missing,2,4,False,False,False,False,bad,neutral,7,,False,mid,dead,above,high,flat,mid,missing,,missing,False,False,False,missing,,False,-4.0,False,False,False,False,False,False,Healthcare,-1.757,-2.875,,,,False,False,-1.1324999999999998,-3.0095,,,
SES,2026-08-19,bad,bad,bad,missing,missing,missing,missing,3,4,False,False,False,False,bad,bad,5,,False,mid,normal,below,high,flat,mid,missing,,missing,False,False,False,missing,,False,-3.0,False,False,False,False,False,False,Consumer Cyclical,-7.117,-1.46,,,,False,False,-6.4925,-1.5945,,,
EDIT,2026-08-19,bad,bad,good,missing,missing,missing,missing,2,4,False,False,False,False,bad,neutral,7,,False,mid,normal,above,high,flat,mid,missing,,missing,False,False,False,missing,,False,1.0,False,False,False,False,False,False,Healthcare,-9.538,-4.308,,,,False,False,-8.9135,-4.4425,,,
TROX,2026-08-19,bad,bad,bad,missing,missing,missing,missing,3,4,False,False,False,False,bad,bad,5,,False,mid,dead,below,high,flat,washed,missing,,missing,False,False,False,missing,,False,-4.0,False,False,False,False,False,False,Basic Materials,-2.094,-2.967,,,,False,False,-1.4694999999999998,-3.1015,,,
UPST,2026-08-19,bad,bad,bad,missing,missing,missing,missing,3,4,False,False,False,False,bad,bad,5,,False,mid,normal,above,high,flat,mid,missing,,missing,False,False,False,missing,,False,7.0,False,False,False,False,False,False,Financial,-5.686,-0.98,,,,False,False,-5.0615,-1.1145,,,
REPL,2026-08-19,bad,bad,good,missing,missing,missing,missing,2,4,False,False,False,False,bad,neutral,7,,False,mid,dead,above,high,flat,extended,missing,,missing,False,False,False,missing,,False,-3.0,False,False,False,False,False,False,Healthcare,-5.132,-0.27,,,,False,False,-4.507499999999999,-0.4045,,,
REAL,2026-08-19,bad,bad,bad,missing,missing,missing,missing,3,4,False,False,False,False,bad,bad,5,,False,mid,dead,below,high,flat,mid,missing,,missing,False,False,False,missing,,False,5.0,False,False,False,False,False,False,Consumer Cyclical,-1.104,-5.603,,,,False,False,-0.47950000000000004,-5.7375,,,
FTRE,2026-08-19,bad,bad,good,missing,missing,missing,missing,2,4,False,False,False,False,bad,neutral,7,,False,mid,dead,below,high,flat,washed,missing,,missing,False,False,False,missing,,False,3.0,False,False,False,False,False,False,Healthcare,0.276,1.378,,,,False,False,0.9005000000000001,1.2434999999999998,,,
RBLX,2026-08-19,bad,bad,bad,missing,missing,missing,missing,3,4,False,False,False,False,bad,bad,5,,False,mid,dead,below,mid,flat,mid,missing,,missing,False,False,False,missing,,False,-1.0,False,False,False,False,False,False,Communication Services,-0.155,-0.827,,,,False,False,0.46950000000000003,-0.9615,,,
FUN,2026-08-19,bad,bad,bad,missing,missing,missing,missing,3,4,False,False,False,False,bad,bad,5,,False,mid,dead,below,high,flat,mid,missing,,missing,False,False,False,missing,,False,-9.0,False,False,False,False,False,False,Consumer Cyclical,-0.651,-1.006,,,,False,False,-0.026499999999999968,-1.1405,,,
QTRX,2026-08-19,bad,bad,good,missing,missing,missing,missing,2,4,False,False,False,False,bad,neutral,7,,False,mid,dead,below,high,flat,mid,missing,,missing,False,False,False,missing,,False,-11.0,False,False,False,False,False,False,Healthcare,5.405,1.014,,,,False,False,6.0295000000000005,0.8795,,,
BLNK,2026-08-19,bad,bad,good,missing,missing,missing,missing,2,4,False,False,False,False,bad,neutral,7,,False,mid,normal,above,high,flat,mid,missing,,missing,False,False,False,missing,,False,-1.0,False,False,False,False,False,False,Industrials,-0.697,3.659,,,,False,False,-0.0724999999999999,3.5244999999999997,,,
BKKT,2026-08-19,bad,bad,bad,missing,missing,missing,missing,3,4,False,False,False,False,bad,bad,5,,False,mid,normal,below,high,flat,mid,missing,,missing,False,False,False,missing,,False,3.0,False,False,False,False,False,False,Technology,-3.101,10.982,,,,False,False,-2.4764999999999997,10.8475,,,
NRGV,2026-08-19,bad,bad,good,missing,missing,missing,missing,2,4,False,False,False,False,bad,neutral,7,,False,mid,normal,above,high,down,mid,missing,,missing,False,False,False,missing,,False,-5.0,False,False,False,False,False,False,Utilities,-3.109,-1.554,,,,False,False,-2.4844999999999997,-1.6885000000000001,,,
NRXP,2026-08-19,bad,bad,good,missing,missing,missing,missing,2,4,False,False,False,False,bad,neutral,7,,False,mid,dead,below,high,flat,mid,missing,,missing,False,False,False,missing,,False,-8.0,False,False,False,False,False,False,Healthcare,5.405,6.907,,,,False,False,6.0295000000000005,6.7725,,,
ALIT,2026-08-19,bad,bad,bad,missing,missing,missing,missing,3,4,False,False,False,False,bad,bad,5,,False,mid,dead,below,mid,flat,mid,missing,,missing,False,True,False,missing,,False,0.0,False,False,False,False,False,False,Technology,-2.614,3.268,,,,False,False,-1.9894999999999998,3.1334999999999997,,,
AKBA,2026-08-19,bad,bad,good,missing,missing,missing,missing,2,4,False,False,False,False,bad,neutral,7,,False,oversold,dead,below,mid,flat,mid,missing,,missing,False,False,True,missing,,False,1.0,False,False,False,False,False,False,Healthcare,3.842,2.486,,,,False,False,4.4665,2.3515,,,
BYRN,2026-08-19,bad,bad,good,missing,missing,missing,missing,2,4,False,False,False,False,bad,neutral,7,,False,mid,dead,below,high,flat,washed,missing,,missing,False,False,False,missing,,False,-9.0,False,False,False,False,False,False,Industrials,-3.979,-2.122,,,,False,False,-3.3545,-2.2565,,,
EQPT,2026-08-19,bad,bad,good,missing,missing,missing,missing,2,4,False,False,False,False,bad,neutral,7,,False,mid,normal,above,high,down,mid,missing,,missing,False,False,False,missing,,False,5.0,False,False,False,False,False,False,Industrials,-7.165,-5.945,,,,False,False,-6.5405,-6.0795,,,
BW,2026-08-19,bad,bad,good,missing,missing,missing,missing,2,4,False,False,False,False,bad,neutral,7,,False,mid,normal,below,high,down,mid,missing,,missing,False,False,False,missing,,False,3.0,False,False,False,False,False,False,Industrials,-7.464,-9.111,,,,False,False,-6.8395,-9.2455,,,
EVH,2026-08-19,bad,bad,good,missing,missing,missing,missing,2,4,False,False,False,False,bad,neutral,7,,False,mid,normal,above,high,flat,mid,missing,,missing,False,False,False,missing,,False,3.0,False,False,False,False,False,False,Healthcare,2.62,3.493,,,,False,False,3.2445000000000004,3.3585,,,
ALHC,2026-08-19,bad,bad,good,missing,missing,missing,missing,2,4,False,False,False,False,bad,neutral,7,,False,mid,dead,below,high,flat,mid,missing,,missing,False,False,True,missing,,False,7.0,False,False,False,False,False,False,Healthcare,1.174,2.973,,,,False,False,1.7985,2.8385,,,
NTLA,2026-08-19,bad,bad,good,missing,missing,missing,missing,2,4,False,False,False,False,bad,neutral,7,,False,mid,normal,above,high,flat,mid,missing,,missing,False,False,False,missing,,False,-11.0,False,False,False,False,False,False,Healthcare,-6.325,-3.313,,,,False,False,-5.7005,-3.4475000000000002,,,
AMTX,2026-08-19,bad,bad,bad,missing,missing,missing,missing,3,4,False,False,False,False,bad,bad,5,,False,mid,normal,above,high,flat,extended,missing,,missing,False,False,False,missing,,False,-3.0,False,False,False,False,False,False,Basic Materials,3.226,11.29,,,,False,False,3.8505000000000003,11.1555,,,
UIS,2026-08-19,bad,bad,bad,missing,missing,missing,missing,3,4,False,False,False,False,bad,bad,5,,False,mid,dead,below,high,flat,mid,missing,,missing,False,False,False,missing,,False,-5.0,False,False,False,False,False,False,Technology,-3.623,-0.725,,,,False,False,-2.9985,-0.8594999999999999,,,
RGTI,2026-08-19,bad,bad,bad,missing,missing,missing,missing,3,4,False,False,False,False,bad,bad,5,,False,mid,dead,above,high,down,mid,missing,,missing,False,False,False,missing,,False,-1.0,False,False,False,False,False,False,Technology,-5.5,5.353,,,,False,False,-4.8755,5.2185,,,
FOUR,2026-08-19,bad,bad,bad,missing,missing,missing,missing,3,4,False,False,False,False,bad,bad,5,,False,mid,normal,below,high,flat,extended,missing,,missing,False,False,False,missing,,False,10.0,False,False,False,False,False,False,Technology,1.549,1.697,,,,False,False,2.1734999999999998,1.5625,,,
NUVB,2026-08-19,bad,bad,good,missing,missing,missing,missing,2,4,False,False,False,False,bad,neutral,7,,False,mid,normal,above,high,flat,mid,missing,,missing,False,False,False,missing,,False,2.0,False,False,False,False,False,False,Healthcare,-5.923,-4.545,,,,False,False,-5.2985,-4.6795,,,
SBET,2026-08-19,bad,bad,bad,missing,missing,missing,missing,3,4,False,False,False,False,bad,bad,5,,False,mid,normal,above,high,flat,mid,missing,,missing,False,False,False,missing,,False,-3.0,False,False,False,False,False,False,Financial,7.203,11.723,,,,False,False,7.827500000000001,11.588500000000002,,,
SAFX,2026-08-19,bad,bad,good,missing,missing,missing,missing,2,4,False,False,False,False,bad,neutral,7,,False,mid,normal,above,high,flat,mid,far,,missing,False,False,False,missing,,False,-10.0,False,False,False,False,False,False,Utilities,0.0,-5.248,,,,False,False,0.6245,-5.3825,,,
BTGO,2026-08-19,bad,bad,bad,missing,missing,missing,missing,3,4,False,False,False,False,bad,bad,5,,False,mid,normal,above,mid,flat,extended,missing,,missing,False,False,False,missing,,False,-1.0,False,False,False,False,False,False,Financial,5.6,9.44,,,,False,False,6.2245,9.3055,,,
RUN,2026-08-19,bad,bad,bad,missing,missing,missing,missing,3,4,False,False,False,False,bad,bad,5,,False,mid,normal,below,high,flat,mid,missing,,missing,False,False,False,missing,,False,5.0,False,False,False,False,False,False,Technology,-4.49,-6.531,,,,False,False,-3.8655,-6.6655,,,
EVLV,2026-08-19,bad,bad,good,missing,missing,missing,missing,2,4,False,False,False,False,bad,neutral,7,,False,mid,dead,below,mid,flat,washed,missing,,missing,False,False,False,missing,,False,1.0,False,False,False,False,False,False,Industrials,-4.255,-5.319,,,,False,False,-3.6304999999999996,-5.4535,,,
RWT,2026-08-19,bad,bad,bad,missing,missing,missing,missing,3,4,False,False,False,False,bad,bad,5,,False,mid,dead,above,mid,flat,mid,missing,,missing,False,False,False,missing,,False,-2.0,False,False,False,False,False,False,Real Estate,-1.656,-0.621,,,,False,False,-1.0314999999999999,-0.7555000000000001,,,
RXT,2026-08-19,bad,bad,bad,missing,missing,missing,missing,3,4,False,False,False,False,bad,bad,5,,False,mid,dead,below,high,down,washed,missing,,missing,False,False,False,missing,,False,-1.0,False,False,False,False,False,False,Technology,-4.971,-2.924,,,,False,False,-4.3465,-3.0585,,,
RYAM,2026-08-19,bad,bad,bad,missing,missing,missing,missing,3,4,False,False,False,False,bad,bad,5,,False,mid,dead,below,mid,flat,mid,missing,,missing,False,False,False,missing,,False,0.0,False,False,False,False,False,False,Basic Materials,-1.718,-0.802,,,,False,False,-1.0935,-0.9365000000000001,,,
TWST,2026-08-19,bad,bad,good,missing,missing,missing,missing,2,4,False,False,False,False,bad,neutral,7,,False,mid,normal,above,high,flat,mid,missing,,missing,False,False,False,missing,,False,-3.0,False,False,False,False,False,False,Healthcare,-4.256,2.247,,,,False,False,-3.6315,2.1125,,,
NVAX,2026-08-19,bad,bad,good,missing,missing,missing,missing,2,4,False,False,False,False,bad,neutral,7,,False,mid,dead,above,high,flat,mid,missing,,missing,False,False,False,missing,,False,2.0,False,False,False,False,False,False,Healthcare,-4.209,1.706,,,,False,False,-3.5844999999999994,1.5715,,,
UCTT,2026-08-19,bad,bad,bad,missing,missing,missing,missing,3,4,False,False,False,False,bad,bad,5,,False,mid,normal,below,mid,down,mid,missing,,missing,False,False,False,missing,,False,1.0,False,False,False,False,False,False,Technology,-2.666,1.893,,,,False,False,-2.0415,1.7585,,,
CODI,2026-08-19,bad,bad,good,missing,missing,missing,missing,2,4,False,False,False,False,bad,neutral,7,,False,mid,dead,above,mid,flat,mid,missing,,missing,False,False,False,missing,,False,-8.0,False,False,False,False,False,False,Industrials,-0.259,0.777,,,,False,False,0.36550000000000005,0.6425000000000001,,,
MPT,2026-08-19,bad,bad,bad,missing,missing,missing,missing,3,4,False,False,False,False,bad,bad,5,,False,mid,normal,below,high,flat,mid,missing,,missing,False,False,False,missing,,False,-1.0,False,False,False,False,False,False,Real Estate,-1.923,-0.962,,,,False,False,-1.2985,-1.0965,,,
STEX,2026-08-19,bad,bad,bad,missing,missing,missing,missing,3,4,False,False,False,False,bad,bad,5,,False,mid,normal,above,high,down,mid,missing,,missing,False,False,False,missing,,False,-7.0,False,False,False,False,False,False,Financial,6.026,6.795,,,,False,False,6.6505,6.6605,,,
SVC,2026-08-19,bad,bad,bad,missing,missing,missing,missing,3,4,False,False,False,False,bad,bad,5,,False,mid,normal,below,mid,flat,mid,missing,,missing,False,False,False,missing,,False,1.0,False,False,False,False,False,False,Real Estate,1.125,0.875,,,,False,False,1.7495,0.7404999999999999,,,
CMCO,2026-08-19,bad,bad,good,missing,missing,missing,missing,2,4,False,False,False,False,bad,neutral,7,,False,mid,dead,below,mid,flat,mid,missing,,missing,False,False,False,missing,,False,3.0,False,False,False,False,False,False,Industrials,-2.035,-0.396,,,,False,False,-1.4105,-0.5305,,,
CMRC,2026-08-19,bad,bad,bad,missing,missing,missing,missing,3,4,False,False,False,False,bad,bad,5,,False,mid,dead,below,high,flat,mid,missing,,missing,False,False,False,missing,,False,1.0,False,False,False,False,False,False,Technology,4.651,3.256,,,,False,False,5.2755,3.1214999999999997,,,
VYX,2026-08-19,bad,bad,bad,missing,missing,missing,missing,3,4,False,False,False,False,bad,bad,5,,False,mid,dead,below,high,flat,mid,missing,,missing,False,False,False,missing,,False,11.0,False,False,False,False,False,False,Technology,0.131,3.534,,,,False,False,0.7555000000000001,3.3994999999999997,,,
IRTC,2026-08-19,bad,bad,good,missing,missing,missing,missing,2,4,False,False,False,False,bad,neutral,7,,False,mid,normal,below,high,flat,mid,missing,,missing,False,False,False,missing,,False,1.0,False,False,False,False,False,False,Healthcare,2.589,3.022,,,,False,False,3.2135,2.8874999999999997,,,
INV,2026-08-19,bad,bad,bad,missing,missing,missing,missing,3,4,False,False,False,False,bad,bad,5,,False,oversold,hot,below,high,down,washed,missing,,missing,False,False,False,missing,,False,-7.0,False,False,False,False,False,False,Financial,-2.597,-1.948,,,,False,False,-1.9725,-2.0825,,,
PDM,2026-08-19,bad,bad,bad,missing,missing,missing,missing,3,4,False,False,False,False,bad,bad,5,,False,mid,dead,below,low,flat,mid,missing,,missing,False,False,False,missing,,False,-5.0,False,False,False,False,False,False,Real Estate,1.566,0.731,,,,False,False,2.1905,0.5965,,,
ASST,2026-08-19,bad,bad,bad,missing,missing,missing,missing,3,4,False,False,False,False,bad,bad,5,,False,mid,normal,above,high,flat,mid,missing,,missing,False,True,False,missing,,False,-7.0,False,False,False,False,False,False,Financial,9.504,23.693,,,,False,False,10.128499999999999,23.558500000000002,,,
ASTS,2026-08-19,bad,bad,bad,missing,missing,missing,missing,3,4,False,False,False,False,bad,bad,5,,False,mid,normal,above,high,down,mid,missing,,missing,False,True,True,missing,,False,-12.0,False,False,False,False,False,False,Technology,-2.062,3.342,,,,False,False,-1.4374999999999998,3.2075,,,
MNTS,2026-08-19,bad,bad,good,missing,missing,missing,missing,2,4,False,False,False,False,bad,neutral,7,,False,mid,dead,below,mid,down,washed,far,,missing,False,False,False,missing,,False,-1.0,False,False,False,False,False,False,Industrials,-2.594,1.651,,,,False,False,-1.9694999999999998,1.5165,,,
ACHV,2026-08-19,bad,bad,good,missing,missing,missing,missing,2,4,False,False,False,False,bad,neutral,7,,False,mid,dead,above,high,flat,extended,missing,,missing,False,False,True,missing,,False,3.0,False,False,False,False,False,False,Healthcare,-5.979,-6.331,,,,False,False,-5.3545,-6.4655000000000005,,,
MNRO,2026-08-19,bad,bad,bad,missing,missing,missing,missing,3,4,False,False,False,False,bad,bad,5,,False,mid,normal,below,high,flat,mid,missing,,missing,False,False,False,missing,,False,4.0,False,False,False,False,False,False,Consumer Cyclical,-4.853,-0.159,,,,False,False,-4.2284999999999995,-0.2935,,,
MRLN,2026-08-19,bad,bad,good,missing,missing,missing,missing,2,4,False,False,False,False,bad,neutral,7,,False,mid,normal,below,high,flat,washed,missing,,missing,False,False,False,missing,,False,-9.0,False,False,False,False,False,False,Industrials,1.659,-1.056,,,,False,False,2.2835,-1.1905000000000001,,,
INDI,2026-08-19,bad,bad,bad,missing,missing,missing,missing,3,4,False,False,False,False,bad,bad,5,,False,mid,hot,above,high,down,extended,missing,,missing,False,False,False,missing,,False,5.0,False,False,False,False,False,False,Technology,-0.125,3.62,,,,False,False,0.49950000000000006,3.4855,,,
IHRT,2026-08-19,bad,bad,bad,missing,missing,missing,missing,3,4,False,False,False,False,bad,bad,5,,False,mid,dead,below,mid,flat,mid,missing,,missing,False,False,False,missing,,False,-4.0,False,False,False,False,False,False,Communication Services,-6.913,-10.289,,,,False,False,-6.2885,-10.423499999999999,,,
CHGG,2026-08-19,bad,bad,good,missing,missing,missing,missing,2,4,False,False,False,False,bad,neutral,7,,False,mid,dead,below,mid,flat,washed,missing,,missing,False,False,False,missing,,False,-3.0,False,False,False,False,False,False,Consumer Defensive,-1.316,7.895,,,,False,False,-0.6915,7.7604999999999995,,,
CLNE,2026-08-19,bad,bad,good,missing,missing,missing,missing,2,4,False,False,False,False,bad,neutral,7,,False,mid,dead,below,mid,flat,mid,missing,,missing,False,False,False,missing,,False,-1.0,False,False,False,False,False,False,Energy,2.548,3.185,,,,False,False,3.1725000000000003,3.0505,,,
CIGL,2026-08-19,bad,bad,good,missing,missing,missing,missing,2,4,False,False,False,False,bad,neutral,7,,False,mid,dead,below,low,flat,washed,missing,,missing,False,False,False,missing,,False,-2.0,False,False,False,False,False,False,Industrials,-2.273,-2.273,,,,False,False,-1.6485,-2.4075,,,
NCMI,2026-08-19,bad,bad,bad,missing,missing,missing,missing,3,4,False,False,False,False,bad,bad,5,,False,mid,normal,below,high,flat,washed,missing,,missing,False,False,False,missing,,False,-2.0,False,False,False,False,False,False,Communication Services,-3.409,-3.788,,,,False,False,-2.7844999999999995,-3.9225,,,
WEAV,2026-08-19,bad,bad,good,missing,missing,missing,missing,2,4,False,False,False,False,bad,neutral,7,,False,mid,hot,above,mid,up,extended,missing,,missing,False,False,False,missing,,False,-4.0,False,False,False,False,False,False,Healthcare,-0.274,-0.274,,,,False,False,0.35050000000000003,-0.40850000000000003,,,
ARDX,2026-08-19,bad,bad,good,missing,missing,missing,missing,2,4,False,False,False,False,bad,neutral,7,,False,oversold,normal,below,high,flat,mid,missing,,missing,False,False,True,missing,,False,-8.0,False,False,False,False,False,False,Healthcare,-3.226,-3.474,,,,False,False,-2.6014999999999997,-3.6085000000000003,,,
JOBY,2026-08-19,bad,bad,good,missing,missing,missing,missing,2,4,False,False,False,False,bad,neutral,7,,False,mid,dead,below,high,down,washed,missing,,missing,False,False,False,missing,,False,-6.0,False,False,False,False,False,False,Industrials,-1.813,-2.461,,,,False,False,-1.1885,-2.5955,,,
SPCE,2026-08-19,bad,bad,good,missing,missing,missing,missing,2,4,False,False,False,False,bad,neutral,7,,False,mid,dead,above,high,down,mid,missing,,missing,False,False,False,missing,,False,9.0,False,False,False,False,False,False,Industrials,-4.05,-4.05,,,,False,False,-3.4254999999999995,-4.1845,,,
SOC,2026-08-19,bad,bad,good,missing,missing,missing,missing,2,4,False,False,False,False,bad,neutral,7,,False,mid,normal,below,high,flat,washed,missing,,missing,False,False,False,missing,,False,-11.0,False,False,False,False,False,False,Energy,6.067,6.695,,,,False,False,6.6915000000000004,6.5605,,,
HYPR,2026-08-19,bad,bad,good,missing,missing,missing,missing,2,4,False,False,False,False,bad,neutral,7,,False,mid,normal,below,mid,flat,mid,missing,,missing,False,False,False,missing,,False,-8.0,False,False,False,False,False,False,Healthcare,0.222,0.0,,,,False,False,0.8465,-0.1345,,,
PACB,2026-08-19,bad,bad,good,missing,missing,missing,missing,2,4,False,False,False,False,bad,neutral,7,,False,mid,normal,below,high,flat,mid,missing,,missing,False,False,False,missing,,False,-8.0,False,False,False,False,False,False,Healthcare,-3.15,6.299,,,,False,False,-2.5255,6.1645,,,
FOSL,2026-08-19,bad,bad,bad,missing,missing,missing,missing,3,4,False,False,False,False,bad,bad,5,,False,mid,normal,above,high,flat,mid,missing,,missing,False,False,False,missing,,False,5.0,False,False,False,False,False,False,Consumer Cyclical,-1.933,-1.406,,,,False,False,-1.3085,-1.5405,,,
ULCC,2026-08-19,bad,bad,good,missing,missing,missing,missing,2,4,False,False,False,False,bad,neutral,7,,False,mid,dead,below,high,flat,washed,missing,,missing,False,False,False,missing,,False,-3.0,False,False,False,False,False,False,Industrials,-3.84,-0.501,,,,False,False,-3.2154999999999996,-0.6355,,,
TSSI,2026-08-19,bad,bad,bad,missing,missing,missing,missing,3,4,False,False,False,False,bad,bad,5,,False,mid,normal,below,high,flat,washed,missing,,missing,False,False,False,missing,,False,3.0,False,False,False,False,False,False,Technology,-3.829,-4.267,,,,False,False,-3.2045000000000003,-4.4015,,,
LCTX,2026-08-19,bad,bad,good,missing,missing,missing,missing,2,4,False,False,False,False,bad,neutral,7,,False,mid,normal,below,high,flat,mid,missing,,missing,False,False,False,missing,,False,-8.0,False,False,False,False,False,False,Healthcare,-1.818,-1.818,,,,False,False,-1.1935,-1.9525000000000001,,,
TWI,2026-08-19,bad,bad,good,missing,missing,missing,missing,2,4,False,False,False,False,bad,neutral,7,,False,mid,normal,below,mid,flat,washed,missing,,missing,False,False,False,missing,,False,-5.0,False,False,False,False,False,False,Industrials,2.144,9.495,,,,False,False,2.7685000000000004,9.3605,,,
BTDR,2026-08-19,bad,bad,bad,missing,missing,missing,missing,3,4,False,False,False,False,bad,bad,5,,False,mid,normal,below,high,down,mid,missing,,missing,False,False,False,missing,,False,2.0,False,False,False,False,False,False,Technology,8.307,18.069,,,,False,False,8.9315,17.9345,,,
SATL,2026-08-19,bad,bad,good,missing,missing,missing,missing,2,4,False,False,False,False,bad,neutral,7,,False,mid,normal,above,high,down,mid,missing,,missing,False,False,False,missing,,False,-6.0,False,False,False,False,False,False,Industrials,-4.159,3.436,,,,False,False,-3.5344999999999995,3.3015,,,
EU,2026-08-19,bad,bad,good,missing,missing,missing,missing,2,4,False,False,False,False,bad,neutral,7,,False,mid,normal,below,low,flat,washed,missing,,missing,False,False,False,missing,,False,-5.0,False,False,False,False,False,False,Energy,-2.778,11.111,,,,False,False,-2.1535,10.976500000000001,,,
UA,2026-08-19,bad,bad,bad,missing,missing,missing,missing,3,4,False,False,False,False,bad,bad,5,,False,oversold,dead,below,high,flat,mid,missing,,missing,False,False,False,missing,,False,-2.0,False,False,False,False,False,False,Consumer Cyclical,0.39,2.144,,,,False,False,1.0145,2.0095,,,
UAA,2026-08-19,bad,bad,bad,missing,missing,missing,missing,3,4,False,False,False,False,bad,bad,5,,False,oversold,dead,below,high,flat,mid,missing,,missing,False,False,False,missing,,False,1.0,False,False,False,False,False,False,Consumer Cyclical,0.952,2.667,,,,False,False,1.5765,2.5324999999999998,,,
BRUN,2026-08-19,bad,bad,bad,missing,missing,missing,missing,3,4,False,False,False,False,bad,bad,5,,False,mid,normal,above,high,down,extended,missing,,missing,False,False,False,missing,,False,-9.0,False,False,False,False,False,False,Technology,2.025,2.63,,,,False,False,2.6494999999999997,2.4955,,,
LCID,2026-08-19,bad,bad,bad,missing,missing,missing,missing,3,4,False,False,False,False,bad,bad,5,,False,mid,dead,below,high,flat,washed,missing,,missing,False,False,False,missing,,False,-6.0,False,False,False,False,False,False,Consumer Cyclical,-4.983,-6.926,,,,False,False,-4.358499999999999,-7.0605,,,
RBBN,2026-08-19,bad,bad,bad,missing,missing,missing,missing,3,4,False,False,False,False,bad,bad,5,,False,mid,normal,below,low,flat,mid,missing,,missing,False,False,False,missing,,False,3.0,False,False,False,False,False,False,Technology,-1.478,0.0,,,,False,False,-0.8534999999999999,-0.1345,,,
URG,2026-08-19,bad,bad,good,missing,missing,missing,missing,2,4,False,False,False,False,bad,neutral,7,,False,mid,dead,above,high,flat,mid,missing,,missing,False,False,False,missing,,False,-4.0,False,False,False,False,False,False,Energy,-5.0,1.429,,,,False,False,-4.3755,1.2945,,,
BKSY,2026-08-19,bad,bad,good,missing,missing,missing,missing,2,4,False,False,False,False,bad,neutral,7,,False,mid,normal,above,high,down,mid,missing,,missing,False,False,False,missing,,False,0.0,False,False,False,False,False,False,Industrials,-4.194,-0.538,,,,False,False,-3.5694999999999997,-0.6725000000000001,,,
REKR,2026-08-19,bad,bad,bad,missing,missing,missing,missing,3,4,False,False,False,False,bad,bad,5,,False,mid,normal,below,high,flat,washed,missing,,missing,False,False,False,missing,,False,-2.0,False,False,False,False,False,False,Technology,-1.675,1.843,,,,False,False,-1.0505,1.7085,,,
OI,2026-08-19,bad,bad,bad,missing,missing,missing,missing,3,4,False,False,False,False,bad,bad,5,,False,oversold,normal,below,mid,flat,washed,missing,,missing,False,False,False,missing,,False,-6.0,False,False,False,False,False,False,Consumer Cyclical,-3.04,9.119,,,,False,False,-2.4154999999999998,8.9845,,,
QUBT,2026-08-19,bad,bad,bad,missing,missing,missing,missing,3,4,False,False,False,False,bad,bad,5,,False,mid,normal,above,high,down,mid,missing,,missing,False,False,False,missing,,False,-4.0,False,False,False,False,False,False,Technology,-3.325,5.938,,,,False,False,-2.7005,5.8035,,,
SECZ,2026-08-19,bad,bad,bad,missing,missing,missing,missing,3,4,False,False,False,False,bad,bad,5,,False,mid,hot,below,low,flat,washed,missing,,missing,False,False,False,missing,,False,-1.0,False,False,False,False,False,False,Technology,6.136,1.658,,,,False,False,6.7605,1.5234999999999999,,,
BYND,2026-08-19,bad,bad,good,missing,missing,missing,missing,2,4,False,False,False,False,bad,neutral,7,,False,mid,hot,below,high,down,mid,missing,,missing,False,False,False,missing,,False,4.0,False,False,False,False,False,False,Consumer Defensive,2.841,4.901,,,,False,False,3.4655000000000005,4.7665,,,
WULF,2026-08-19,bad,bad,bad,missing,missing,missing,missing,3,4,False,False,False,False,bad,bad,5,,False,mid,normal,below,high,flat,mid,missing,,missing,False,False,False,missing,,False,-3.0,False,False,False,False,False,False,Financial,6.129,0.903,,,,False,False,6.7535,0.7685,,,
WYFI,2026-08-19,bad,bad,bad,missing,missing,missing,missing,3,4,False,False,False,False,bad,bad,5,,False,mid,normal,above,high,down,extended,missing,,missing,False,False,False,missing,,False,-2.0,False,False,False,False,False,False,Technology,-1.029,-3.087,,,,False,False,-0.40449999999999986,-3.2215000000000003,,,
AMPX,2026-08-19,bad,bad,good,missing,missing,missing,missing,2,4,False,False,False,False,bad,neutral,7,,False,mid,normal,above,high,down,washed,missing,,missing,False,False,True,missing,,False,-6.0,False,False,False,False,False,False,Industrials,-4.045,-2.728,,,,False,False,-3.4204999999999997,-2.8625000000000003,,,
XRX,2026-08-19,bad,bad,good,missing,missing,missing,missing,2,4,False,False,False,False,bad,neutral,7,,False,mid,dead,above,high,flat,mid,missing,,missing,False,False,False,missing,,False,-1.0,False,False,False,False,False,False,Industrials,-0.351,1.754,,,,False,False,0.2735000000000001,1.6195,,,
PLUG,2026-08-19,bad,bad,good,missing,missing,missing,missing,2,4,False,False,False,False,bad,neutral,7,,False,mid,normal,above,high,down,mid,missing,,missing,False,False,False,missing,,False,-5.0,False,False,False,False,False,False,Industrials,-2.222,0.889,,,,False,False,-1.5975,0.7545,,,
NFE,2026-08-19,bad,bad,good,missing,missing,missing,missing,2,4,False,False,False,False,bad,neutral,7,,False,mid,normal,below,high,down,washed,far,,missing,False,False,False,missing,,False,-13.0,False,False,False,False,False,False,Energy,1.01,-7.407,,,,False,False,1.6345,-7.5415,,,
DNA,2026-08-19,bad,bad,good,missing,missing,missing,missing,2,4,False,False,False,False,bad,neutral,7,,False,mid,normal,below,high,flat,washed,missing,,missing,False,False,False,missing,,False,-7.0,False,False,False,False,False,False,Healthcare,-9.728,-4.021,,,,False,False,-9.1035,-4.1555,,,
PRCH,2026-08-19,bad,bad,bad,missing,missing,missing,missing,3,4,False,False,False,False,bad,bad,5,,False,mid,dead,above,high,flat,mid,missing,,missing,False,False,False,missing,,False,7.0,False,False,False,False,False,False,Financial,0.235,0.293,,,,False,False,0.8595,0.15849999999999997,,,
BBAI,2026-08-19,bad,bad,bad,missing,missing,missing,missing,3,4,False,False,False,False,bad,bad,5,,False,mid,normal,above,high,down,mid,missing,,missing,False,False,True,missing,,False,-7.0,False,False,False,False,False,False,Technology,-3.155,1.577,,,,False,False,-2.5305,1.4425,,,
ORGO,2026-08-19,bad,bad,good,missing,missing,missing,missing,2,4,False,False,False,False,bad,neutral,7,,False,oversold,dead,below,high,flat,mid,missing,,missing,False,False,False,missing,,False,-9.0,False,False,False,False,False,False,Healthcare,-3.665,-5.759,,,,False,False,-3.0404999999999998,-5.8935,,,
PRME,2026-08-19,bad,bad,good,missing,missing,missing,missing,2,4,False,False,False,False,bad,neutral,7,,False,mid,dead,above,high,flat,mid,missing,,missing,False,False,False,missing,,False,-1.0,False,False,False,False,False,False,Healthcare,-8.475,-4.237,,,,False,False,-7.850499999999999,-4.3715,,,
QDEL,2026-08-19,bad,bad,good,missing,missing,missing,missing,2,4,False,False,False,False,bad,neutral,7,,False,mid,dead,below,high,flat,mid,missing,,missing,False,False,False,missing,,False,1.0,False,False,False,False,False,False,Healthcare,7.609,6.812,,,,False,False,8.2335,6.6775,,,
UTI,2026-08-19,bad,bad,good,missing,missing,missing,missing,2,4,False,False,False,False,bad,neutral,7,,False,mid,dead,below,high,flat,mid,missing,,missing,False,False,False,missing,,False,1.0,False,False,False,False,False,False,Consumer Defensive,-5.679,-8.025,,,,False,False,-5.0545,-8.1595,,,
SFIX,2026-08-19,bad,bad,bad,missing,missing,missing,missing,3,4,False,False,False,False,bad,bad,5,,False,mid,dead,below,high,flat,washed,missing,,missing,False,False,False,missing,,False,3.0,False,False,False,False,False,False,Consumer Cyclical,-0.595,-0.595,,,,False,False,0.02950000000000008,-0.7295,,,
LMND,2026-08-19,bad,bad,bad,missing,missing,missing,missing,3,4,False,False,False,False,bad,bad,5,,False,mid,normal,below,high,flat,mid,missing,,missing,False,False,False,missing,,False,0.0,False,False,False,False,False,False,Financial,-1.054,4.137,,,,False,False,-0.4295,4.0024999999999995,,,
NNBR,2026-08-19,bad,bad,good,missing,missing,missing,missing,2,4,False,False,False,False,bad,neutral,7,,False,mid,normal,above,mid,flat,mid,missing,,missing,False,False,False,missing,,False,9.0,False,False,False,False,False,False,Industrials,2.695,1.887,,,,False,False,3.3194999999999997,1.7525,,,
CAR,2026-08-19,bad,bad,good,missing,missing,missing,missing,2,4,False,False,False,False,bad,neutral,7,,False,mid,dead,below,high,flat,mid,missing,,missing,False,False,False,missing,,False,-11.0,False,False,False,False,False,False,Industrials,1.781,3.641,,,,False,False,2.4055,3.5065,,,
SERV,2026-08-19,bad,bad,good,missing,missing,missing,missing,2,4,False,False,False,False,bad,neutral,7,,False,mid,normal,below,high,down,mid,missing,,missing,False,False,False,missing,,False,-7.0,False,False,False,False,False,False,Industrials,,,,,,False,False,,,,,
SID,2026-08-19,bad,bad,bad,missing,missing,missing,missing,3,4,False,False,False,False,bad,bad,5,,False,mid,dead,below,low,flat,mid,missing,,missing,False,False,False,missing,,False,-6.0,False,False,False,False,False,False,Basic Materials,1.136,11.364,,,,False,False,1.7605,11.229500000000002,,,
BMBL,2026-08-19,bad,bad,bad,missing,missing,missing,missing,3,4,False,False,False,False,bad,bad,5,,False,mid,normal,below,high,flat,mid,missing,,missing,False,False,False,missing,,False,-2.0,False,False,False,False,False,False,Communication Services,0.358,0.358,,,,False,False,0.9825,0.22349999999999998,,,
ODD,2026-08-19,bad,bad,good,missing,missing,missing,missing,2,4,False,False,False,False,bad,neutral,7,,False,mid,dead,below,high,flat,mid,missing,,missing,False,False,False,missing,,False,6.0,False,False,False,False,False,False,Consumer Defensive,-4.504,0.916,,,,False,False,-3.8794999999999993,0.7815000000000001,,,
KULR,2026-08-19,bad,bad,bad,missing,missing,missing,missing,3,4,False,False,False,False,bad,bad,5,,False,mid,dead,below,high,down,washed,missing,,missing,False,False,False,missing,,False,-4.0,False,False,False,False,False,False,Technology,-1.132,-3.396,,,,False,False,-0.5074999999999998,-3.5305,,,
TRIP,2026-08-19,bad,bad,bad,missing,missing,missing,missing,3,4,False,False,False,False,bad,bad,5,,False,mid,normal,below,high,flat,mid,missing,,missing,False,False,False,missing,,False,-1.0,False,False,False,False,False,False,Consumer Cyclical,-3.558,-3.846,,,,False,False,-2.9334999999999996,-3.9805,,,
HCAT,2026-08-19,bad,bad,good,missing,missing,missing,missing,2,4,False,False,False,False,bad,neutral,7,,False,mid,dead,below,mid,up,mid,missing,,missing,False,False,False,missing,,False,5.0,False,False,False,False,False,False,Healthcare,-3.55,-9.467,,,,False,False,-2.9254999999999995,-9.6015,,,
ONT,2026-08-19,bad,bad,good,missing,missing,missing,missing,2,4,False,False,False,False,bad,neutral,7,,False,mid,normal,below,high,flat,mid,missing,,missing,False,False,False,missing,,False,-5.0,False,False,False,False,False,False,Industrials,-11.793,-4.513,,,,False,False,-11.1685,-4.6475,,,
APLD,2026-08-19,bad,bad,bad,missing,missing,missing,missing,3,4,False,False,False,False,bad,bad,5,,False,mid,normal,below,high,down,mid,missing,,missing,False,False,True,missing,,False,-2.0,False,False,False,False,False,False,Technology,1.488,-3.613,,,,False,False,2.1125,-3.7475,,,
XPOF,2026-08-19,bad,bad,bad,missing,missing,missing,missing,3,4,False,False,False,False,bad,bad,5,,False,mid,dead,below,high,flat,mid,missing,,missing,False,False,False,missing,,False,-6.0,False,False,False,False,False,False,Consumer Cyclical,2.016,4.637,,,,False,False,2.6405000000000003,4.5024999999999995,,,
DOMO,2026-08-19,bad,bad,bad,missing,missing,missing,missing,3,4,False,False,False,False,bad,bad,5,,False,mid,dead,below,high,flat,mid,missing,,missing,False,False,False,missing,,False,-6.0,False,False,False,False,False,False,Technology,0.802,1.604,,,,False,False,1.4265,1.4695,,,
SKYX,2026-08-19,bad,bad,good,missing,missing,missing,missing,2,4,False,False,False,False,bad,neutral,7,,False,mid,dead,above,low,flat,mid,missing,,missing,False,False,False,missing,,False,-5.0,False,False,False,False,False,False,Industrials,-4.762,-0.433,,,,False,False,-4.137499999999999,-0.5675,,,
SLNH,2026-08-19,bad,bad,bad,missing,missing,missing,missing,3,4,False,False,False,False,bad,bad,5,,False,mid,normal,below,high,down,mid,missing,,missing,False,False,False,missing,,False,-6.0,False,False,False,False,False,False,Financial,-0.833,-1.667,,,,False,False,-0.2084999999999999,-1.8015,,,
TNDM,2026-08-19,bad,bad,good,missing,missing,missing,missing,2,4,False,False,False,False,bad,neutral,7,,False,mid,normal,above,high,flat,mid,missing,,missing,False,False,False,missing,,False,-1.0,False,False,False,False,False,False,Healthcare,-3.794,-4.859,,,,False,False,-3.1695,-4.9935,,,
SKIN,2026-08-19,bad,bad,good,missing,missing,missing,missing,2,4,False,False,False,False,bad,neutral,7,,False,mid,dead,below,high,flat,washed,missing,,missing,False,False,False,missing,,False,-4.0,False,False,False,False,False,False,Consumer Defensive,5.882,9.748,,,,False,False,6.5065,9.6135,,,
TDOC,2026-08-19,bad,bad,good,missing,missing,missing,missing,2,4,False,False,False,False,bad,neutral,7,,False,mid,dead,below,high,flat,mid,missing,,missing,False,False,False,missing,,False,-1.0,False,False,False,False,False,False,Healthcare,-2.553,-4.054,,,,False,False,-1.9284999999999999,-4.1885,,,
INVZ,2026-08-19,bad,bad,bad,missing,missing,missing,missing,3,4,False,False,False,False,bad,bad,5,,False,oversold,normal,below,mid,flat,washed,missing,,missing,False,False,False,missing,,False,-5.0,False,False,False,False,False,False,Consumer Cyclical,-3.757,-1.734,,,,False,False,-3.1325000000000003,-1.8685,,,
SRFM,2026-08-19,bad,bad,good,missing,missing,missing,missing,2,4,False,False,False,False,bad,neutral,7,,False,mid,normal,below,high,flat,washed,missing,,missing,False,False,False,missing,,False,-6.0,False,False,False,False,False,False,Industrials,2.312,4.046,,,,False,False,2.9364999999999997,3.9115,,,
CLSK,2026-08-19,bad,bad,bad,missing,missing,missing,missing,3,4,False,False,False,False,bad,bad,5,,False,mid,normal,below,high,flat,mid,missing,,missing,False,False,False,missing,,False,-4.0,False,False,False,False,False,False,Financial,7.969,2.656,,,,False,False,8.5935,2.5215,,,
ARRY,2026-08-19,bad,bad,bad,missing,missing,missing,missing,3,4,False,False,False,False,bad,bad,5,,False,mid,normal,below,high,flat,washed,missing,,missing,False,False,False,missing,,False,-2.0,False,False,False,False,False,False,Technology,-4.268,-4.675,,,,False,False,-3.6434999999999995,-4.8095,,,
INO,2026-08-19,bad,bad,good,missing,missing,missing,missing,2,4,False,False,False,False,bad,neutral,7,,False,mid,normal,above,high,flat,extended,missing,,missing,False,False,False,missing,,False,3.0,False,False,False,False,False,False,Healthcare,-6.923,-9.231,,,,False,False,-6.2985,-9.365499999999999,,,
AUTL,2026-08-19,bad,bad,good,missing,missing,missing,missing,2,4,False,False,False,False,bad,neutral,7,,False,mid,normal,above,mid,flat,mid,missing,,missing,False,False,False,missing,,False,4.0,False,False,False,False,False,False,Healthcare,-3.15,-5.118,,,,False,False,-2.5255,-5.2525,,,
PAR,2026-08-19,bad,bad,bad,missing,missing,missing,missing,3,4,False,False,False,False,bad,bad,5,,False,mid,dead,above,high,flat,extended,missing,,missing,False,False,False,missing,,False,4.0,False,False,False,False,False,False,Technology,-1.712,1.297,,,,False,False,-1.0875,1.1624999999999999,,,
BROS,2026-08-19,bad,bad,bad,missing,missing,missing,missing,3,4,False,False,False,False,bad,bad,5,,False,oversold,normal,below,high,flat,mid,missing,,missing,False,False,False,missing,,False,12.0,False,False,False,False,False,False,Consumer Cyclical,-1.79,-0.796,,,,False,False,-1.1655,-0.9305000000000001,,,
FMC,2026-08-19,bad,bad,bad,missing,missing,missing,missing,3,4,False,False,False,False,bad,bad,5,,False,mid,dead,below,high,flat,mid,missing,,missing,False,False,False,missing,,False,-2.0,False,False,False,False,False,False,Basic Materials,0.648,1.943,,,,False,False,1.2725,1.8085,,,
FDMT,2026-08-19,bad,bad,good,missing,missing,missing,missing,2,4,False,False,False,False,bad,neutral,7,,False,overbought,normal,above,high,flat,extended,missing,,missing,False,False,False,missing,,False,2.0,False,False,False,False,False,False,Healthcare,-3.938,-5.549,,,,False,False,-3.3135000000000003,-5.6835,,,
FIRY,2026-08-19,bad,bad,bad,missing,missing,missing,missing,3,4,False,False,False,False,bad,bad,5,,False,mid,dead,above,high,flat,mid,missing,,missing,False,False,False,missing,,False,-5.0,False,False,False,False,False,False,Communication Services,5.676,0.826,,,,False,False,6.3005,0.6915,,,
STIM,2026-08-19,bad,bad,good,missing,missing,missing,missing,2,4,False,False,False,False,bad,neutral,7,,False,overbought,normal,above,high,flat,mid,missing,,missing,False,False,False,missing,,False,6.0,False,False,False,False,False,False,Healthcare,-1.592,-4.459,,,,False,False,-0.9675,-4.5935,,,
STXS,2026-08-19,bad,bad,good,missing,missing,missing,missing,2,4,False,False,False,False,bad,neutral,7,,False,mid,normal,above,mid,flat,mid,missing,,missing,False,False,False,missing,,False,-9.0,False,False,False,False,False,False,Healthcare,4.348,2.899,,,,False,False,4.9725,2.7645,,,
CMTG,2026-08-19,bad,bad,bad,missing,missing,missing,missing,3,4,False,False,False,False,bad,bad,5,,False,mid,dead,below,mid,flat,mid,missing,,missing,False,False,False,missing,,False,-10.0,False,False,False,False,False,False,Real Estate,2.326,4.07,,,,False,False,2.9505,3.9355,,,
CRNC,2026-08-19,bad,bad,bad,missing,missing,missing,missing,3,4,False,False,False,False,bad,bad,5,,False,mid,normal,below,high,flat,mid,missing,,missing,False,False,False,missing,,False,-4.0,False,False,False,False,False,False,Technology,-2.094,-0.739,,,,False,False,-1.4694999999999998,-0.8734999999999999,,,
CSIQ,2026-08-19,bad,bad,bad,missing,missing,missing,missing,3,4,False,False,False,False,bad,bad,5,,False,mid,dead,below,high,down,mid,missing,,missing,False,False,False,missing,,False,-1.0,False,False,False,False,False,False,Technology,-6.654,-7.795,,,,False,False,-6.0295,-7.9295,,,
CNDT,2026-08-19,bad,bad,bad,missing,missing,missing,missing,3,4,False,False,False,False,bad,bad,5,,False,mid,dead,below,low,flat,mid,missing,,missing,False,False,False,missing,,False,-6.0,False,False,False,False,False,False,Technology,6.164,10.274,,,,False,False,6.7885,10.1395,,,
FIP,2026-08-19,bad,bad,good,missing,missing,missing,missing,2,4,False,False,False,False,bad,neutral,7,,False,mid,dead,below,high,flat,mid,missing,,missing,False,False,False,missing,,False,0.0,False,False,False,False,False,False,Industrials,-8.128,-5.911,,,,False,False,-7.5035,-6.0455,,,
ANGI,2026-08-19,bad,bad,bad,missing,missing,missing,missing,3,4,False,False,False,False,bad,bad,5,,False,mid,dead,below,high,flat,mid,missing,,missing,False,False,False,missing,,False,-5.0,False,False,False,False,False,False,Communication Services,-5.0,2.5,,,,False,False,-4.3755,2.3655,,,
SPRY,2026-08-19,bad,bad,good,missing,missing,missing,missing,2,4,False,False,False,False,bad,neutral,7,,False,mid,normal,above,high,flat,extended,missing,,missing,False,False,False,missing,,False,-4.0,False,False,False,False,False,False,Healthcare,-13.715,-13.715,,,,False,False,-13.0905,-13.849499999999999,,,
MYGN,2026-08-19,bad,bad,good,missing,missing,missing,missing,2,4,False,False,False,False,bad,neutral,7,,False,oversold,normal,below,high,flat,washed,missing,,missing,False,False,False,missing,,False,-9.0,False,False,False,False,False,False,Healthcare,0.94,0.313,,,,False,False,1.5645,0.1785,,,
OPEN,2026-08-19,bad,bad,bad,missing,missing,missing,missing,3,4,False,False,False,False,bad,bad,5,,False,mid,normal,below,high,flat,mid,missing,,missing,False,False,False,missing,,False,-5.0,False,False,False,False,False,False,Real Estate,-3.073,-1.397,,,,False,False,-2.4485,-1.5315,,,
VENU,2026-08-19,bad,bad,bad,missing,missing,missing,missing,3,4,False,False,False,False,bad,bad,5,,False,mid,normal,below,high,flat,mid,missing,,missing,False,False,False,missing,,False,2.0,False,False,False,False,False,False,Consumer Cyclical,3.226,1.613,,,,False,False,3.8505000000000003,1.4785,,,
PROK,2026-08-19,bad,bad,good,missing,missing,missing,missing,2,4,False,False,False,False,bad,neutral,7,,False,mid,dead,below,high,flat,washed,missing,,missing,False,False,False,missing,,False,-8.0,False,False,False,False,False,False,Healthcare,-4.054,8.784,,,,False,False,-3.4295,8.649500000000002,,,
CDZI,2026-08-19,bad,bad,good,missing,missing,missing,missing,2,4,False,False,False,False,bad,neutral,7,,False,mid,dead,below,high,flat,washed,far,,missing,False,False,False,missing,,False,-8.0,False,False,False,False,False,False,Utilities,3.801,7.018,,,,False,False,4.4255,6.8835,,,
CDXS,2026-08-19,bad,bad,good,missing,missing,missing,missing,2,4,False,False,False,False,bad,neutral,7,,False,mid,normal,below,mid,flat,mid,missing,,missing,False,False,False,missing,,False,-4.0,False,False,False,False,False,False,Healthcare,-1.25,4.375,,,,False,False,-0.6255,4.2405,,,
HUMA,2026-08-19,bad,bad,good,missing,missing,missing,missing,2,4,False,False,False,False,bad,neutral,7,,False,mid,normal,below,high,flat,washed,missing,,missing,False,False,False,missing,,False,-10.0,False,False,False,False,False,False,Healthcare,-7.347,-12.653,,,,False,False,-6.7225,-12.7875,,,
GPRO,2026-08-19,bad,bad,bad,missing,missing,missing,missing,3,4,False,False,False,False,bad,bad,5,,False,mid,normal,below,high,flat,mid,missing,,missing,False,False,False,missing,,False,-6.0,False,False,False,False,False,False,Technology,-3.15,-0.787,,,,False,False,-2.5255,-0.9215,,,
HTZ,2026-08-19,bad,bad,good,missing,missing,missing,missing,2,4,False,False,False,False,bad,neutral,7,,False,mid,dead,above,high,flat,washed,missing,,missing,False,False,False,missing,,False,-6.0,False,False,False,False,False,False,Industrials,-3.241,4.167,,,,False,False,-2.6165000000000003,4.0325,,,
UWMC,2026-08-19,bad,bad,bad,missing,missing,missing,missing,3,4,False,False,False,False,bad,bad,5,,False,mid,dead,below,high,flat,mid,missing,,missing,False,False,False,missing,,False,2.0,False,False,False,False,False,False,Financial,-4.698,-6.04,,,,False,False,-4.0735,-6.1745,,,
GETY,2026-08-19,bad,bad,bad,missing,missing,missing,missing,3,4,False,False,False,False,bad,bad,5,,False,oversold,dead,below,high,flat,mid,missing,,missing,False,False,False,missing,,False,-15.0,False,False,False,False,False,False,Communication Services,2.632,-0.752,,,,False,False,3.2565,-0.8865000000000001,,,
GLXY,2026-08-19,bad,bad,bad,missing,missing,missing,missing,3,4,False,False,False,False,bad,bad,5,,False,mid,normal,below,high,down,mid,missing,,missing,False,False,False,missing,,False,-4.0,False,False,False,False,False,False,Financial,7.169,7.945,,,,False,False,7.7935,7.8105,,,
AIOT,2026-08-19,bad,bad,bad,missing,missing,missing,missing,3,4,False,False,False,False,bad,bad,5,,False,mid,normal,below,high,flat,mid,missing,,missing,False,False,False,missing,,False,-10.0,False,False,False,False,False,False,Technology,-0.984,-0.328,,,,False,False,-0.35949999999999993,-0.4625,,,
ACH,2026-08-19,bad,bad,good,missing,missing,missing,missing,2,4,False,False,False,False,bad,neutral,7,,False,oversold,hot,below,mid,flat,washed,missing,,missing,False,False,False,missing,,False,-11.0,False,False,False,False,False,False,Healthcare,-0.758,-9.091,,,,False,False,-0.13349999999999995,-9.225499999999998,,,
CVGI,2026-08-19,bad,bad,bad,missing,missing,missing,missing,3,4,False,False,False,False,bad,bad,5,,False,oversold,dead,below,mid,flat,mid,missing,,missing,False,False,False,missing,,False,-2.0,False,False,False,False,False,False,Consumer Cyclical,0.0,2.885,,,,False,False,0.6245,2.7504999999999997,,,
THRY,2026-08-19,bad,bad,bad,missing,missing,missing,missing,3,4,False,False,False,False,bad,bad,5,,False,oversold,normal,below,mid,flat,washed,missing,,missing,False,False,False,missing,,False,0.0,False,False,False,False,False,False,Technology,-1.914,-0.478,,,,False,False,-1.2894999999999999,-0.6125,,,
CIFR,2026-08-19,bad,bad,bad,missing,missing,missing,missing,3,4,False,False,False,False,bad,bad,5,,False,mid,normal,below,high,down,mid,missing,,missing,False,False,False,missing,,False,-2.0,False,False,False,False,False,False,Technology,8.307,-0.787,,,,False,False,8.9315,-0.9215,,,
CHPT,2026-08-19,bad,bad,bad,missing,missing,missing,missing,3,4,False,False,False,False,bad,bad,5,,False,mid,normal,below,high,flat,washed,missing,,missing,False,False,False,missing,,False,1.0,False,False,False,False,False,False,Consumer Cyclical,-0.856,7.021,,,,False,False,-0.23149999999999993,6.8865,,,
MARA,2026-08-19,bad,bad,bad,missing,missing,missing,missing,3,4,False,False,False,False,bad,bad,5,,False,mid,normal,below,high,down,mid,missing,,missing,False,False,False,missing,,False,-8.0,False,False,False,False,False,False,Financial,15.544,16.684,,,,False,False,16.1685,16.549500000000002,,,
ACDC,2026-08-19,bad,bad,good,missing,missing,missing,missing,2,4,False,False,False,False,bad,neutral,7,,False,mid,dead,above,high,flat,mid,missing,,missing,False,True,False,missing,,False,-10.0,False,False,False,False,False,False,Energy,-5.532,2.766,,,,False,False,-4.9075,2.6315,,,
JBLU,2026-08-19,bad,bad,good,missing,missing,missing,missing,2,4,False,False,False,False,bad,neutral,7,,False,mid,dead,below,high,flat,washed,missing,,missing,False,False,False,missing,,False,-2.0,False,False,False,False,False,False,Industrials,-3.265,-0.204,,,,False,False,-2.6405000000000003,-0.3385,,,
HIVE,2026-08-19,bad,bad,bad,missing,missing,missing,missing,3,4,False,False,False,False,bad,bad,5,,False,mid,normal,above,high,down,extended,missing,,missing,False,False,False,missing,,False,-3.0,False,False,False,False,False,False,Financial,10.993,7.447,,,,False,False,11.6175,7.3125,,,
EOSE,2026-08-19,bad,bad,good,missing,missing,missing,missing,2,4,False,False,False,False,bad,neutral,7,,False,mid,normal,below,high,down,washed,missing,,missing,False,False,False,missing,,False,-5.0,False,False,False,False,False,False,Industrials,-7.487,1.872,,,,False,False,-6.8625,1.7375,,,
EVGO,2026-08-19,bad,bad,bad,missing,missing,missing,missing,3,4,False,False,False,False,bad,bad,5,,False,mid,normal,below,high,flat,mid,missing,,missing,False,False,False,missing,,False,1.0,False,False,False,False,False,False,Consumer Cyclical,-4.575,-1.307,,,,False,False,-3.9505,-1.4415,,,
SEDG,2026-08-19,bad,bad,bad,missing,missing,missing,missing,3,4,False,False,False,False,bad,bad,5,,False,mid,normal,below,high,down,washed,missing,,missing,False,False,False,missing,,False,-4.0,False,False,False,False,False,False,Technology,-5.215,-5.429,,,,False,False,-4.5905,-5.5635,,,
FLNC,2026-08-19,bad,bad,good,missing,missing,missing,missing,2,4,False,False,False,False,bad,neutral,7,,False,mid,normal,below,high,down,washed,missing,,missing,False,False,False,missing,,False,-11.0,False,False,False,False,False,False,Utilities,-5.634,-6.048,,,,False,False,-5.0095,-6.1825,,,
NXH,2026-08-19,bad,bad,bad,missing,missing,missing,missing,3,4,False,False,False,False,bad,bad,5,,False,mid,normal,below,high,flat,mid,missing,,missing,False,False,False,missing,,False,-5.0,False,False,False,False,False,False,Consumer Cyclical,-2.342,-2.81,,,,False,False,-1.7175,-2.9445,,,
BTBT,2026-08-19,bad,bad,bad,missing,missing,missing,missing,3,4,False,False,False,False,bad,bad,5,,False,mid,normal,above,high,down,extended,missing,,missing,False,False,False,missing,,False,-3.0,False,False,False,False,False,False,Financial,13.929,9.286,,,,False,False,14.5535,9.1515,,,
EYPT,2026-08-19,bad,bad,good,missing,missing,missing,missing,2,4,False,False,False,False,bad,neutral,7,,False,oversold,hot,below,high,down,washed,missing,,missing,False,False,False,missing,,False,6.0,False,False,False,False,False,False,Healthcare,-14.286,-15.556,,,,False,False,-13.6615,-15.690499999999998,,,
LFMD,2026-08-19,bad,bad,good,missing,missing,missing,missing,2,4,False,False,False,False,bad,neutral,7,,False,mid,dead,below,high,flat,mid,missing,,missing,False,False,False,missing,,False,-5.0,False,False,False,False,False,False,Healthcare,-3.529,-2.647,,,,False,False,-2.9044999999999996,-2.7815,,,
RC,2026-08-19,bad,bad,bad,missing,missing,missing,missing,3,4,False,False,False,False,bad,bad,5,,False,mid,dead,above,high,flat,mid,missing,,missing,False,False,False,missing,,False,2.0,False,False,False,False,False,False,Real Estate,7.955,6.818,,,,False,False,8.5795,6.6834999999999996,,,
GEMI,2026-08-19,bad,bad,bad,missing,missing,missing,missing,3,4,False,False,False,False,bad,bad,5,,False,mid,normal,below,high,flat,washed,missing,,missing,False,False,False,missing,,False,-2.0,False,False,False,False,False,False,Financial,5.344,8.906,,,,False,False,5.968500000000001,8.771500000000001,,,
KEEL,2026-08-19,bad,bad,bad,missing,missing,missing,missing,3,4,False,False,False,False,bad,bad,5,,False,mid,normal,below,high,flat,extended,missing,,missing,False,False,False,missing,,False,-1.0,False,False,False,False,False,False,Technology,3.692,2.154,,,,False,False,4.3165000000000004,2.0195,,,
BRCC,2026-08-19,bad,bad,good,missing,missing,missing,missing,2,4,False,False,False,False,bad,neutral,7,,False,mid,normal,below,mid,flat,mid,missing,,missing,False,False,False,missing,,False,-4.0,False,False,False,False,False,False,Consumer Defensive,,8.642,,,,False,False,,8.5075,,,
EBS,2026-08-19,bad,bad,good,missing,missing,missing,missing,2,4,False,False,False,False,bad,neutral,7,,False,oversold,dead,below,high,flat,mid,missing,,missing,False,False,False,missing,,False,2.0,False,False,False,False,False,False,Healthcare,-1.431,3.885,,,,False,False,-0.8065,3.7504999999999997,,,
KLC,2026-08-19,bad,bad,good,missing,missing,missing,missing,2,4,False,False,False,False,bad,neutral,7,,False,oversold,normal,below,mid,flat,washed,missing,,missing,False,False,False,missing,,False,-10.0,False,False,False,False,False,False,Consumer Defensive,-4.467,-5.498,,,,False,False,-3.8424999999999994,-5.6325,,,
AHCO,2026-08-19,bad,bad,good,missing,missing,missing,missing,2,4,False,False,False,False,bad,neutral,7,,False,oversold,normal,below,high,flat,mid,missing,,missing,False,True,True,missing,,False,-6.0,False,False,False,False,False,False,Healthcare,-4.77,-0.53,,,,False,False,-4.145499999999999,-0.6645000000000001,,,
METC,2026-08-19,bad,bad,bad,missing,missing,missing,missing,3,4,False,False,False,False,bad,bad,5,,False,mid,normal,above,high,down,extended,missing,,missing,False,False,False,missing,,False,-1.0,False,False,False,False,False,False,Basic Materials,-7.546,-1.327,,,,False,False,-6.9215,-1.4615,,,
VERI,2026-08-19,bad,bad,bad,missing,missing,missing,missing,3,4,False,False,False,False,bad,bad,5,,False,mid,normal,below,high,down,washed,missing,,missing,False,False,False,missing,,False,-4.0,False,False,False,False,False,False,Technology,-12.526,-11.077,,,,False,False,-11.9015,-11.2115,,,
TDUP,2026-08-19,bad,bad,bad,missing,missing,missing,missing,3,4,False,False,False,False,bad,bad,5,,False,oversold,normal,below,high,flat,washed,missing,,missing,False,False,False,missing,,False,-1.0,False,False,False,False,False,False,Consumer Cyclical,-6.78,-5.424,,,,False,False,-6.1555,-5.5585,,,
ASPI,2026-08-19,bad,bad,bad,missing,missing,missing,missing,3,4,False,False,False,False,bad,bad,5,,False,mid,normal,below,high,flat,washed,far,,missing,False,False,True,missing,,False,-4.0,False,False,False,False,False,False,Basic Materials,-3.423,-2.2,,,,False,False,-2.7984999999999998,-2.3345000000000002,,,
TE,2026-08-19,bad,bad,good,missing,missing,missing,missing,2,4,False,False,False,False,bad,neutral,7,,False,mid,dead,below,high,down,washed,missing,,missing,False,False,False,missing,,False,-2.0,False,False,False,False,False,False,Industrials,-4.176,-2.857,,,,False,False,-3.5515,-2.9915000000000003,,,
CWH,2026-08-19,bad,bad,bad,missing,missing,missing,missing,3,4,False,False,False,False,bad,bad,5,,False,mid,dead,above,high,flat,mid,missing,,missing,False,False,False,missing,,False,-12.0,False,False,False,False,False,False,Consumer Cyclical,-4.559,-3.824,,,,False,False,-3.9345,-3.9585,,,
PCT,2026-08-19,bad,bad,good,missing,missing,missing,missing,2,4,False,False,False,False,bad,neutral,7,,False,mid,dead,above,high,flat,washed,missing,,missing,False,False,False,missing,,False,-8.0,False,False,False,False,False,False,Industrials,-5.858,-5.16,,,,False,False,-5.233499999999999,-5.2945,,,
WOLF,2026-08-19,bad,bad,bad,missing,missing,missing,missing,3,4,False,False,False,False,bad,bad,5,,False,mid,normal,above,high,down,mid,missing,,missing,False,False,False,missing,,False,-2.0,False,False,False,False,False,False,Technology,-9.419,-11.447,,,,False,False,-8.794500000000001,-11.581499999999998,,,
AIRS,2026-08-19,bad,bad,good,missing,missing,missing,missing,2,4,False,False,False,False,bad,neutral,7,,False,mid,normal,below,high,flat,washed,missing,,missing,False,True,False,missing,,False,-5.0,False,False,False,False,False,False,Healthcare,-4.982,-2.491,,,,False,False,-4.3575,-2.6255,,,
SGRY,2026-08-19,bad,bad,good,missing,missing,missing,missing,2,4,False,False,False,False,bad,neutral,7,,False,mid,normal,below,high,flat,mid,missing,,missing,False,False,False,missing,,False,2.0,False,False,False,False,False,False,Healthcare,2.5,6.765,,,,False,False,3.1245000000000003,6.6305,,,
GOGO,2026-08-19,bad,bad,bad,missing,missing,missing,missing,3,4,False,False,False,False,bad,bad,5,,False,mid,dead,below,high,flat,mid,missing,,missing,False,False,False,missing,,False,-6.0,False,False,False,False,False,False,Communication Services,-1.128,0.752,,,,False,False,-0.5034999999999998,0.6174999999999999,,,
LVWR,2026-08-19,bad,bad,bad,missing,missing,missing,missing,3,4,False,False,False,False,bad,bad,5,,False,mid,dead,below,high,down,mid,missing,,missing,False,False,False,missing,,False,-2.0,False,False,False,False,False,False,Consumer Cyclical,-0.877,5.263,,,,False,False,-0.25249999999999995,5.1285,,,
PLAY,2026-08-19,bad,bad,bad,missing,missing,missing,missing,3,4,False,False,False,False,bad,bad,5,,False,mid,dead,below,high,flat,mid,missing,,missing,False,False,False,missing,,False,-11.0,False,False,False,False,False,False,Communication Services,-1.204,2.808,,,,False,False,-0.5794999999999999,2.6734999999999998,,,
LDI,2026-08-19,bad,bad,bad,missing,missing,missing,missing,3,4,False,False,False,False,bad,bad,5,,False,mid,dead,below,high,flat,mid,missing,,missing,False,False,False,missing,,False,-9.0,False,False,False,False,False,False,Financial,-0.685,1.941,,,,False,False,-0.0605,1.8065,,,
ADTN,2026-08-19,bad,bad,bad,missing,missing,missing,missing,3,4,False,False,False,False,bad,bad,5,,False,mid,normal,below,high,down,mid,missing,,missing,False,True,True,missing,,False,-5.0,False,False,False,False,False,False,Technology,-1.873,-2.996,,,,False,False,-1.2485,-3.1305,,,
ENVX,2026-08-19,bad,bad,good,missing,missing,missing,missing,2,4,False,False,False,False,bad,neutral,7,,False,mid,hot,below,high,flat,washed,missing,,missing,False,False,False,missing,,False,-2.0,False,False,False,False,False,False,Industrials,-3.824,-0.588,,,,False,False,-3.1994999999999996,-0.7224999999999999,,,
