ticker,trade_date,filing_date,accession,code,transaction_type,side,shares,price,value,value_signed,insider,position
DG,2025-12-19,2025-12-19,0000029534-25-000029,S,Sale,sell,9776.0,135.3202,1322890.2752,-1322890.2752,Bryan D Wheeler,EVP & Chief Merchandising Ofc
DG,2025-12-16,2025-12-17,0000029534-25-000027,S,Sale,sell,2282.0,133.3548,304315.6536,-304315.6536,Roderick J West,"EVP, Global Supply Chain"
DG,2025-12-16,2025-12-17,0000029534-25-000025,S,Sale,sell,7500.0,134.8902,1011676.5,-1011676.5,Rhonda Taylor,EVP & General Counsel
DG,2025-12-12,2025-12-15,0000029534-25-000023,S,Sale,sell,2516.0,132.5214,333423.8424,-333423.8424,Anita C Elliott,SVP & Chief Accounting Officer
DG,2025-12-10,2025-12-12,0000029534-25-000021,S,Sale,sell,12583.0,125.0656,1573700.4448,-1573700.4448,Tracey N Herrmann,"EVP, Store Operations"
DG,2025-12-10,2025-12-12,0000029534-25-000021,S,Sale,sell,4850.0,131.3858,637221.13,-637221.13,Tracey N Herrmann,"EVP, Store Operations"
DG,2025-12-11,2025-12-12,0000029534-25-000019,S,Sale,sell,19166.0,132.0053,2530013.5798,-2530013.5798,Carman R Wenkoff,EVP & Chief Information Ofc
DG,2025-12-08,2025-12-10,0000029534-25-000015,S,Sale,sell,4395.0,126.9688,558027.876,-558027.876,Kathleen A Reardon,EVP & Chief People Officer
DG,2025-06-17,2025-06-18,0001062993-25-011870,S,Sale,sell,1969.0,113.0022,222501.3318,-222501.3318,Emily C Taylor,EVP & Chief Merchandising Ofc
DG,2025-06-12,2025-06-16,0001062993-25-011723,S,Sale,sell,2850.0,111.567,317965.94999999995,-317965.94999999995,Kathleen A Reardon,EVP & Chief People Officer
DG,2025-06-12,2025-06-16,0001062993-25-011723,S,Sale,sell,3588.0,111.556,400262.928,-400262.928,Kathleen A Reardon,EVP & Chief People Officer
DG,2025-04-04,2025-04-08,0001062993-25-007189,S,Sale,sell,809.0,94.7185,76627.2665,-76627.2665,Emily C Taylor,EVP & Chief Merchandising Ofc
PAA,2026-06-29,2026-06-30,0001070423-26-000024,S,Sale,sell,2346.0,21.95,51494.7,-51494.7,Lawrence Michael Ziemba,Director
DLO,2026-08-04,2026-08-11,0000950103-26-012199,S,Sale,sell,4700.0,15.5,72850.0,-72850.0,Sebastian Kanovich,Director
DLO,2026-08-04,2026-08-11,0000950103-26-012199,S,Sale,sell,72753.0,15.5369,1130356.0857,-1130356.0857,Sebastian Kanovich,Director
DLO,2026-07-07,2026-07-09,0001911079-26-000001,S,Sale,sell,25700.0,15.5,398350.0,-398350.0,Sebastian Kanovich,Director
DLO,2026-07-01,2026-07-02,0000950103-26-010204,S,Sale,sell,1000000.0,14.63,14630000.0,-14630000.0,Sebastian Kanovich,Director
DLO,2026-05-29,2026-06-02,0000950103-26-008349,P,Purchase,buy,20000.0,11.85,237000.0,237000.0,William Rodney Pruett,Director
LEU,2026-05-11,2026-05-11,0001628280-26-033509,S,Sale,sell,306.0,203.55,62286.3,-62286.3,Todd M Tinelli,"SVP, CFO & Treasurer"
LEU,2025-05-30,2025-06-02,0001065059-25-000030,S,Sale,sell,1728.0,126.0,217728.0,-217728.0,Kevin J Harrill,CFO & Treasurer
LEU,2025-05-13,2025-05-15,0001065059-25-000028,S,Sale,sell,3732.0,96.31,359428.92,-359428.92,John M A Donelson,"SVP, Sales & Chief Mktg Off"
SON,2026-08-07,2026-08-10,0001225208-26-007040,P,Purchase,buy,4345.0,57.4099,249446.0155,249446.0155,Howard R. Coker,President & CEO
SON,2026-07-29,2026-07-31,0001225208-26-006862,S,Sale,sell,261.0,58.56,15284.16,-15284.16,John M Florence,"Gnl Council, Secy, VP"
SON,2026-04-27,2026-04-29,0001225208-26-004697,P,Purchase,buy,6753.3117,50.3728,340183.21960176,340183.21960176,James A. Harrell III,Pres. Global Ind. Paper Pkg.
SON,2026-04-24,2026-04-24,0001225208-26-004596,P,Purchase,buy,8058.0,49.6399,399998.31419999996,399998.31419999996,Paul Joachimczyk,CFO
SON,2026-02-27,2026-02-27,0001225208-26-002775,S,Sale,sell,1581.0,56.39,89152.59,-89152.59,Ernest D Haynes III,Pres. Consumer Pkg Americas
SON,2026-02-19,2026-02-20,0001225208-26-002273,S,Sale,sell,20.0,57.835,1156.7,-1156.7,James A. Harrell III,Pres. Global Ind. Paper Pkg.
SON,2025-10-28,2025-10-30,0001225208-25-008806,P,Purchase,buy,2506.0,39.87,99914.21999999999,99914.21999999999,John R Haley,Director
SON,2025-10-29,2025-10-30,0001225208-25-008805,P,Purchase,buy,20317.0,39.5,802521.5,802521.5,Paul Joachimczyk,CFO
SON,2025-10-29,2025-10-30,0001225208-25-008805,P,Purchase,buy,75.0,39.49,2961.75,2961.75,Paul Joachimczyk,CFO
SON,2025-10-29,2025-10-30,0001225208-25-008805,P,Purchase,buy,75.0,39.48,2960.9999999999995,2960.9999999999995,Paul Joachimczyk,CFO
SON,2025-10-29,2025-10-30,0001225208-25-008805,P,Purchase,buy,23.0,39.46,907.58,907.58,Paul Joachimczyk,CFO
SON,2025-10-29,2025-10-30,0001225208-25-008805,P,Purchase,buy,10.0,39.44,394.4,394.4,Paul Joachimczyk,CFO
SON,2025-05-02,2025-05-02,0001225208-25-004589,P,Purchase,buy,2246.0,44.5682,100100.17719999999,100100.17719999999,John R Haley,Director
SON,2025-05-01,2025-05-02,0001225208-25-004588,P,Purchase,buy,20000.0,41.1736,823472.0,823472.0,Howard R. Coker,President & CEO
SON,2025-04-30,2025-05-02,0001225208-25-004585,P,Purchase,buy,3000.0,40.5075,121522.5,121522.5,Robert R Hill JR,Director
SON,2025-04-30,2025-05-02,0001225208-25-004585,P,Purchase,buy,2475.0,40.1362,99337.095,99337.095,Robert R Hill JR,Director
SON,2025-03-13,2025-03-17,0001225208-25-003423,P,Purchase,buy,20000.0,46.1,922000.0,922000.0,Howard R. Coker,President & CEO
ANET,2026-08-25,2026-08-27,0001596532-26-000216,S,Sale,sell,3281.0,191.1012,627003.0372,-627003.0372,Jayshree Ullal,CEO and Chairperson
ANET,2026-08-25,2026-08-27,0001596532-26-000216,S,Sale,sell,10128.0,191.9859,1944433.1952,-1944433.1952,Jayshree Ullal,CEO and Chairperson
ANET,2026-08-25,2026-08-27,0001596532-26-000216,S,Sale,sell,400.0,192.6375,77055.0,-77055.0,Jayshree Ullal,CEO and Chairperson
ANET,2026-08-21,2026-08-25,0001596532-26-000214,S,Sale,sell,70.0,184.7679,12933.753,-12933.753,Kelly Bodnar Battles,Director
ANET,2026-08-21,2026-08-25,0001596532-26-000214,S,Sale,sell,64.0,185.6091,11878.9824,-11878.9824,Kelly Bodnar Battles,Director
ANET,2026-08-21,2026-08-25,0001596532-26-000214,S,Sale,sell,35.0,186.926,6542.41,-6542.41,Kelly Bodnar Battles,Director
ANET,2026-08-21,2026-08-25,0001596532-26-000214,S,Sale,sell,40.0,187.7738,7510.951999999999,-7510.951999999999,Kelly Bodnar Battles,Director
ANET,2026-08-21,2026-08-25,0001596532-26-000214,S,Sale,sell,213.0,188.692,40191.396,-40191.396,Kelly Bodnar Battles,Director
ANET,2026-08-20,2026-08-24,0001596532-26-000210,S,Sale,sell,4197.0,184.3297,773631.7509,-773631.7509,Kenneth Duda,President and CTO
ANET,2026-08-20,2026-08-24,0001596532-26-000210,S,Sale,sell,5750.0,185.1821,1064797.075,-1064797.075,Kenneth Duda,President and CTO
ANET,2026-08-20,2026-08-24,0001596532-26-000210,S,Sale,sell,6568.0,186.1257,1222473.5976,-1222473.5976,Kenneth Duda,President and CTO
ANET,2026-08-20,2026-08-24,0001596532-26-000210,S,Sale,sell,818.0,186.9698,152941.2964,-152941.2964,Kenneth Duda,President and CTO
ANET,2026-08-20,2026-08-24,0001596532-26-000210,S,Sale,sell,3875.0,184.3297,714277.5875,-714277.5875,Kenneth Duda,President and CTO
ANET,2026-08-20,2026-08-24,0001596532-26-000210,S,Sale,sell,5308.0,185.1821,982946.5867999999,-982946.5867999999,Kenneth Duda,President and CTO
ANET,2026-08-20,2026-08-24,0001596532-26-000210,S,Sale,sell,6063.0,186.1257,1128480.1191,-1128480.1191,Kenneth Duda,President and CTO
ANET,2026-08-20,2026-08-24,0001596532-26-000210,S,Sale,sell,754.0,186.9698,140975.2292,-140975.2292,Kenneth Duda,President and CTO
ANET,2026-08-20,2026-08-24,0001596532-26-000210,S,Sale,sell,2422.0,184.3297,446446.5334,-446446.5334,Kenneth Duda,President and CTO
ANET,2026-08-20,2026-08-24,0001596532-26-000210,S,Sale,sell,3317.0,185.1821,614249.0257,-614249.0257,Kenneth Duda,President and CTO
ANET,2026-08-20,2026-08-24,0001596532-26-000210,S,Sale,sell,3789.0,186.1257,705230.2773,-705230.2773,Kenneth Duda,President and CTO
ANET,2026-08-20,2026-08-24,0001596532-26-000210,S,Sale,sell,472.0,186.9698,88249.7456,-88249.7456,Kenneth Duda,President and CTO
ANET,2026-08-12,2026-08-14,0001596532-26-000190,S,Sale,sell,417.0,211.3693,88140.9981,-88140.9981,Jayshree Ullal,CEO and Chairperson
ANET,2026-08-12,2026-08-14,0001596532-26-000190,S,Sale,sell,9127.0,210.9749,1925567.9123,-1925567.9123,Jayshree Ullal,CEO and Chairperson
ANET,2026-08-12,2026-08-14,0001596532-26-000190,S,Sale,sell,1672.0,209.1476,349694.7872,-349694.7872,Jayshree Ullal,CEO and Chairperson
ANET,2026-08-12,2026-08-14,0001596532-26-000190,S,Sale,sell,24325.0,208.2931,5066729.657500001,-5066729.657500001,Jayshree Ullal,CEO and Chairperson
ANET,2026-08-12,2026-08-14,0001596532-26-000190,S,Sale,sell,47029.0,207.4275,9755107.8975,-9755107.8975,Jayshree Ullal,CEO and Chairperson
ANET,2026-08-12,2026-08-14,0001596532-26-000190,S,Sale,sell,22.0,211.3693,4650.1246,-4650.1246,Jayshree Ullal,CEO and Chairperson
ANET,2026-08-12,2026-08-14,0001596532-26-000190,S,Sale,sell,496.0,210.9749,104643.5504,-104643.5504,Jayshree Ullal,CEO and Chairperson
ANET,2026-08-12,2026-08-14,0001596532-26-000190,S,Sale,sell,91.0,209.1476,19032.4316,-19032.4316,Jayshree Ullal,CEO and Chairperson
ANET,2026-08-12,2026-08-14,0001596532-26-000190,S,Sale,sell,1321.0,208.2931,275155.1851,-275155.1851,Jayshree Ullal,CEO and Chairperson
ANET,2026-08-12,2026-08-14,0001596532-26-000190,S,Sale,sell,2554.0,207.4275,529769.8350000001,-529769.8350000001,Jayshree Ullal,CEO and Chairperson
ANET,2026-08-12,2026-08-14,0001596532-26-000190,S,Sale,sell,227485.0,207.4275,47186644.8375,-47186644.8375,Jayshree Ullal,CEO and Chairperson
ANET,2026-08-12,2026-08-14,0001596532-26-000190,S,Sale,sell,117662.0,208.2931,24508182.7322,-24508182.7322,Jayshree Ullal,CEO and Chairperson
ANET,2026-08-12,2026-08-14,0001596532-26-000190,S,Sale,sell,8085.0,209.1476,1690958.3460000001,-1690958.3460000001,Jayshree Ullal,CEO and Chairperson
ANET,2026-08-12,2026-08-14,0001596532-26-000190,S,Sale,sell,44147.0,210.9749,9313908.9103,-9313908.9103,Jayshree Ullal,CEO and Chairperson
ANET,2026-08-12,2026-08-14,0001596532-26-000190,S,Sale,sell,2022.0,211.3693,427388.7246,-427388.7246,Jayshree Ullal,CEO and Chairperson
ANET,2026-08-06,2026-08-10,0001596532-26-000188,S,Sale,sell,2015.0,190.0053,382860.6795,-382860.6795,Andreas Bechtolsheim,10% Owner
ANET,2026-08-06,2026-08-10,0001596532-26-000188,S,Sale,sell,5534.0,190.8738,1056295.6091999998,-1056295.6091999998,Andreas Bechtolsheim,10% Owner
ANET,2026-08-06,2026-08-10,0001596532-26-000188,S,Sale,sell,37099.0,192.1176,7127370.8424,-7127370.8424,Andreas Bechtolsheim,10% Owner
ANET,2026-08-06,2026-08-10,0001596532-26-000188,S,Sale,sell,50337.0,192.8649,9708240.4713,-9708240.4713,Andreas Bechtolsheim,10% Owner
ANET,2026-08-06,2026-08-10,0001596532-26-000188,S,Sale,sell,8162.0,193.8308,1582046.9896,-1582046.9896,Andreas Bechtolsheim,10% Owner
ANET,2026-08-06,2026-08-10,0001596532-26-000188,S,Sale,sell,3185.0,194.8603,620630.0555,-620630.0555,Andreas Bechtolsheim,10% Owner
ANET,2026-08-06,2026-08-10,0001596532-26-000188,S,Sale,sell,4443.0,195.8569,870192.2067,-870192.2067,Andreas Bechtolsheim,10% Owner
ANET,2026-08-06,2026-08-10,0001596532-26-000188,S,Sale,sell,1073.0,196.6015,210953.40949999998,-210953.40949999998,Andreas Bechtolsheim,10% Owner
ANET,2026-08-06,2026-08-10,0001596532-26-000188,S,Sale,sell,4983.0,190.0661,947099.3763,-947099.3763,Andreas Bechtolsheim,10% Owner
ANET,2026-08-06,2026-08-10,0001596532-26-000188,S,Sale,sell,15029.0,190.8752,2868663.3808,-2868663.3808,Andreas Bechtolsheim,10% Owner
ANET,2026-08-06,2026-08-10,0001596532-26-000188,S,Sale,sell,99925.0,192.1171,19197301.2175,-19197301.2175,Andreas Bechtolsheim,10% Owner
ANET,2026-08-06,2026-08-10,0001596532-26-000188,S,Sale,sell,135778.0,192.8737,26188005.2386,-26188005.2386,Andreas Bechtolsheim,10% Owner
ANET,2026-08-06,2026-08-10,0001596532-26-000188,S,Sale,sell,21540.0,193.8292,4175080.968,-4175080.968,Andreas Bechtolsheim,10% Owner
ANET,2026-08-06,2026-08-10,0001596532-26-000188,S,Sale,sell,8321.0,194.8601,1621430.8920999998,-1621430.8920999998,Andreas Bechtolsheim,10% Owner
ANET,2026-08-06,2026-08-10,0001596532-26-000188,S,Sale,sell,11632.0,195.8562,2278199.3184,-2278199.3184,Andreas Bechtolsheim,10% Owner
ANET,2026-08-06,2026-08-10,0001596532-26-000188,S,Sale,sell,2792.0,196.6011,548910.2712,-548910.2712,Andreas Bechtolsheim,10% Owner
ANET,2026-08-05,2026-08-07,0001596532-26-000186,S,Sale,sell,4516.0,193.7561,875002.5476,-875002.5476,Andreas Bechtolsheim,10% Owner
ANET,2026-08-05,2026-08-07,0001596532-26-000186,S,Sale,sell,3876.0,194.9151,755490.9275999999,-755490.9275999999,Andreas Bechtolsheim,10% Owner
ANET,2026-08-05,2026-08-07,0001596532-26-000186,S,Sale,sell,3524.0,195.6154,689348.6696,-689348.6696,Andreas Bechtolsheim,10% Owner
ANET,2026-08-05,2026-08-07,0001596532-26-000186,S,Sale,sell,1151.0,191.6242,220559.4542,-220559.4542,Andreas Bechtolsheim,10% Owner
ANET,2026-08-05,2026-08-07,0001596532-26-000186,S,Sale,sell,3469.0,192.7477,668641.7713,-668641.7713,Andreas Bechtolsheim,10% Owner
ANET,2026-08-05,2026-08-07,0001596532-26-000186,S,Sale,sell,18320.0,197.8517,3624643.144,-3624643.144,Andreas Bechtolsheim,10% Owner
ANET,2026-08-05,2026-08-07,0001596532-26-000186,S,Sale,sell,13297.0,198.8446,2644036.6462000003,-2644036.6462000003,Andreas Bechtolsheim,10% Owner
ANET,2026-08-05,2026-08-07,0001596532-26-000186,S,Sale,sell,11487.0,199.7651,2294701.7037,-2294701.7037,Andreas Bechtolsheim,10% Owner
ANET,2026-08-05,2026-08-07,0001596532-26-000186,S,Sale,sell,10909.0,200.8413,2190977.7416999997,-2190977.7416999997,Andreas Bechtolsheim,10% Owner
ANET,2026-08-05,2026-08-07,0001596532-26-000186,S,Sale,sell,10521.0,201.5508,2120515.9668,-2120515.9668,Andreas Bechtolsheim,10% Owner
ANET,2026-08-05,2026-08-07,0001596532-26-000186,S,Sale,sell,27565.0,202.9437,5594143.0905,-5594143.0905,Andreas Bechtolsheim,10% Owner
ANET,2026-08-05,2026-08-07,0001596532-26-000186,S,Sale,sell,47587.0,203.7481,9695760.8347,-9695760.8347,Andreas Bechtolsheim,10% Owner
ANET,2026-08-05,2026-08-07,0001596532-26-000186,S,Sale,sell,37355.0,204.6274,7643856.527,-7643856.527,Andreas Bechtolsheim,10% Owner
ANET,2026-08-05,2026-08-07,0001596532-26-000186,S,Sale,sell,24461.0,205.9397,5037491.0017,-5037491.0017,Andreas Bechtolsheim,10% Owner
ANET,2026-08-05,2026-08-07,0001596532-26-000186,S,Sale,sell,112.0,213.17,23875.039999999997,-23875.039999999997,Andreas Bechtolsheim,10% Owner
ANET,2026-08-05,2026-08-07,0001596532-26-000186,S,Sale,sell,1585.0,209.9468,332765.678,-332765.678,Andreas Bechtolsheim,10% Owner
ANET,2026-08-05,2026-08-07,0001596532-26-000186,S,Sale,sell,4636.0,208.5873,967010.7228,-967010.7228,Andreas Bechtolsheim,10% Owner
ANET,2026-08-05,2026-08-07,0001596532-26-000186,S,Sale,sell,58978.0,207.6912,12249211.593600001,-12249211.593600001,Andreas Bechtolsheim,10% Owner
ANET,2026-08-05,2026-08-07,0001596532-26-000186,S,Sale,sell,8500.0,206.6865,1756835.25,-1756835.25,Andreas Bechtolsheim,10% Owner
ANET,2026-08-05,2026-08-07,0001596532-26-000186,S,Sale,sell,8151.0,196.8862,1604819.4162,-1604819.4162,Andreas Bechtolsheim,10% Owner
ANET,2026-08-05,2026-08-07,0001596532-26-000185,S,Sale,sell,152860.0,197.116,30131151.76,-30131151.76,Jayshree Ullal,CEO and Chairperson
ANET,2026-08-05,2026-08-07,0001596532-26-000185,S,Sale,sell,27292.0,198.5433,5418643.7436,-5418643.7436,Jayshree Ullal,CEO and Chairperson
ANET,2026-08-05,2026-08-07,0001596532-26-000185,S,Sale,sell,54399.0,199.5091,10853095.5309,-10853095.5309,Jayshree Ullal,CEO and Chairperson
ANET,2026-08-05,2026-08-07,0001596532-26-000185,S,Sale,sell,17132.0,200.4263,3433703.3716,-3433703.3716,Jayshree Ullal,CEO and Chairperson
ANET,2026-08-05,2026-08-07,0001596532-26-000185,S,Sale,sell,369569.0,201.2927,74391541.8463,-74391541.8463,Jayshree Ullal,CEO and Chairperson
ANET,2026-08-05,2026-08-07,0001596532-26-000185,S,Sale,sell,2428.0,202.3871,491395.8788,-491395.8788,Jayshree Ullal,CEO and Chairperson
ANET,2026-08-05,2026-08-07,0001596532-26-000185,S,Sale,sell,33931.0,203.5675,6907248.8425,-6907248.8425,Jayshree Ullal,CEO and Chairperson
ANET,2026-08-05,2026-08-07,0001596532-26-000185,S,Sale,sell,28776.0,204.7292,5891287.459199999,-5891287.459199999,Jayshree Ullal,CEO and Chairperson
ANET,2026-08-05,2026-08-07,0001596532-26-000185,S,Sale,sell,26722.0,205.6127,5494382.569399999,-5494382.569399999,Jayshree Ullal,CEO and Chairperson
ANET,2026-08-05,2026-08-07,0001596532-26-000185,S,Sale,sell,1601.0,207.0532,331492.1732,-331492.1732,Jayshree Ullal,CEO and Chairperson
ANET,2026-08-05,2026-08-07,0001596532-26-000185,S,Sale,sell,10640.0,207.871,2211747.44,-2211747.44,Jayshree Ullal,CEO and Chairperson
ANET,2026-08-05,2026-08-07,0001596532-26-000185,S,Sale,sell,1023.0,209.0,213807.0,-213807.0,Jayshree Ullal,CEO and Chairperson
ANET,2026-08-05,2026-08-07,0001596532-26-000185,S,Sale,sell,35337.0,210.5985,7441919.1945,-7441919.1945,Jayshree Ullal,CEO and Chairperson
ANET,2026-08-05,2026-08-07,0001596532-26-000185,S,Sale,sell,1495.0,211.734,316542.33,-316542.33,Jayshree Ullal,CEO and Chairperson
ANET,2026-08-05,2026-08-07,0001596532-26-000185,S,Sale,sell,3824.0,212.6377,813126.5647999999,-813126.5647999999,Jayshree Ullal,CEO and Chairperson
ANET,2026-08-05,2026-08-07,0001596532-26-000184,S,Sale,sell,102.0,197.116,20105.832000000002,-20105.832000000002,Jayshree Ullal,CEO and Chairperson
ANET,2026-08-05,2026-08-07,0001596532-26-000184,S,Sale,sell,18.0,198.5433,3573.7794,-3573.7794,Jayshree Ullal,CEO and Chairperson
ANET,2026-08-05,2026-08-07,0001596532-26-000184,S,Sale,sell,37.0,199.5091,7381.8367,-7381.8367,Jayshree Ullal,CEO and Chairperson
ANET,2026-08-05,2026-08-07,0001596532-26-000184,S,Sale,sell,12.0,200.4263,2405.1156,-2405.1156,Jayshree Ullal,CEO and Chairperson
ANET,2026-08-05,2026-08-07,0001596532-26-000184,S,Sale,sell,248.0,201.2927,49920.5896,-49920.5896,Jayshree Ullal,CEO and Chairperson
ANET,2026-08-05,2026-08-07,0001596532-26-000184,S,Sale,sell,2.0,202.3871,404.7742,-404.7742,Jayshree Ullal,CEO and Chairperson
ANET,2026-08-05,2026-08-07,0001596532-26-000184,S,Sale,sell,23.0,203.5675,4682.0525,-4682.0525,Jayshree Ullal,CEO and Chairperson
ANET,2026-08-05,2026-08-07,0001596532-26-000184,S,Sale,sell,19.0,204.7292,3889.8548,-3889.8548,Jayshree Ullal,CEO and Chairperson
ANET,2026-08-05,2026-08-07,0001596532-26-000184,S,Sale,sell,18.0,205.6127,3701.0285999999996,-3701.0285999999996,Jayshree Ullal,CEO and Chairperson
ANET,2026-08-05,2026-08-07,0001596532-26-000184,S,Sale,sell,1.0,207.0532,207.0532,-207.0532,Jayshree Ullal,CEO and Chairperson
ANET,2026-08-05,2026-08-07,0001596532-26-000184,S,Sale,sell,7.0,207.871,1455.097,-1455.097,Jayshree Ullal,CEO and Chairperson
ANET,2026-08-05,2026-08-07,0001596532-26-000184,S,Sale,sell,1.0,209.0,209.0,-209.0,Jayshree Ullal,CEO and Chairperson
ANET,2026-08-05,2026-08-07,0001596532-26-000184,S,Sale,sell,24.0,210.5985,5054.364,-5054.364,Jayshree Ullal,CEO and Chairperson
ANET,2026-08-05,2026-08-07,0001596532-26-000184,S,Sale,sell,1.0,211.734,211.734,-211.734,Jayshree Ullal,CEO and Chairperson
ANET,2026-08-05,2026-08-07,0001596532-26-000184,S,Sale,sell,3.0,212.6377,637.9131,-637.9131,Jayshree Ullal,CEO and Chairperson
ANET,2026-08-05,2026-08-07,0001596532-26-000183,S,Sale,sell,33027.0,197.116,6510150.132,-6510150.132,Jayshree Ullal,CEO and Chairperson
ANET,2026-08-05,2026-08-07,0001596532-26-000183,S,Sale,sell,5897.0,198.5433,1170809.8401,-1170809.8401,Jayshree Ullal,CEO and Chairperson
ANET,2026-08-05,2026-08-07,0001596532-26-000183,S,Sale,sell,11753.0,199.5091,2344830.4523,-2344830.4523,Jayshree Ullal,CEO and Chairperson
ANET,2026-08-05,2026-08-07,0001596532-26-000183,S,Sale,sell,3701.0,200.4263,741777.7363,-741777.7363,Jayshree Ullal,CEO and Chairperson
ANET,2026-08-05,2026-08-07,0001596532-26-000183,S,Sale,sell,79845.0,201.2927,16072215.6315,-16072215.6315,Jayshree Ullal,CEO and Chairperson
ANET,2026-08-05,2026-08-07,0001596532-26-000183,S,Sale,sell,524.0,202.3871,106050.8404,-106050.8404,Jayshree Ullal,CEO and Chairperson
ANET,2026-08-05,2026-08-07,0001596532-26-000183,S,Sale,sell,7331.0,203.5675,1492353.3425,-1492353.3425,Jayshree Ullal,CEO and Chairperson
ANET,2026-08-05,2026-08-07,0001596532-26-000183,S,Sale,sell,6217.0,204.7292,1272801.4364,-1272801.4364,Jayshree Ullal,CEO and Chairperson
ANET,2026-08-05,2026-08-07,0001596532-26-000183,S,Sale,sell,5773.0,205.6127,1187002.1171,-1187002.1171,Jayshree Ullal,CEO and Chairperson
ANET,2026-08-05,2026-08-07,0001596532-26-000183,S,Sale,sell,346.0,207.0532,71640.4072,-71640.4072,Jayshree Ullal,CEO and Chairperson
ANET,2026-08-05,2026-08-07,0001596532-26-000183,S,Sale,sell,2298.0,207.871,477687.558,-477687.558,Jayshree Ullal,CEO and Chairperson
ANET,2026-08-05,2026-08-07,0001596532-26-000183,S,Sale,sell,221.0,209.0,46189.0,-46189.0,Jayshree Ullal,CEO and Chairperson
ANET,2026-08-05,2026-08-07,0001596532-26-000183,S,Sale,sell,7635.0,210.5985,1607919.5475,-1607919.5475,Jayshree Ullal,CEO and Chairperson
ANET,2026-08-05,2026-08-07,0001596532-26-000183,S,Sale,sell,323.0,211.734,68390.08200000001,-68390.08200000001,Jayshree Ullal,CEO and Chairperson
ANET,2026-08-05,2026-08-07,0001596532-26-000183,S,Sale,sell,826.0,212.6377,175638.7402,-175638.7402,Jayshree Ullal,CEO and Chairperson
ANET,2026-08-03,2026-08-05,0001596532-26-000178,S,Sale,sell,322.0,174.4949,56187.3578,-56187.3578,Charles H Giancarlo,Director
ANET,2026-08-03,2026-08-05,0001596532-26-000178,S,Sale,sell,817.0,175.4648,143354.7416,-143354.7416,Charles H Giancarlo,Director
ANET,2026-08-03,2026-08-05,0001596532-26-000178,S,Sale,sell,403.0,176.5135,71134.9405,-71134.9405,Charles H Giancarlo,Director
ANET,2026-08-03,2026-08-05,0001596532-26-000178,S,Sale,sell,382.0,177.3921,67763.7822,-67763.7822,Charles H Giancarlo,Director
ANET,2026-08-03,2026-08-05,0001596532-26-000178,S,Sale,sell,417.0,178.8179,74567.0643,-74567.0643,Charles H Giancarlo,Director
ANET,2026-08-03,2026-08-05,0001596532-26-000178,S,Sale,sell,536.0,179.8464,96397.67039999999,-96397.67039999999,Charles H Giancarlo,Director
ANET,2026-08-03,2026-08-05,0001596532-26-000178,S,Sale,sell,1119.0,180.7403,202248.3957,-202248.3957,Charles H Giancarlo,Director
ANET,2026-08-03,2026-08-05,0001596532-26-000178,S,Sale,sell,825.0,181.8137,149996.30250000002,-149996.30250000002,Charles H Giancarlo,Director
ANET,2026-08-03,2026-08-05,0001596532-26-000178,S,Sale,sell,558.0,182.8007,102002.79060000001,-102002.79060000001,Charles H Giancarlo,Director
ANET,2026-08-03,2026-08-05,0001596532-26-000178,S,Sale,sell,478.0,183.8722,87890.91159999999,-87890.91159999999,Charles H Giancarlo,Director
ANET,2026-08-03,2026-08-05,0001596532-26-000178,S,Sale,sell,1303.0,184.6839,240643.1217,-240643.1217,Charles H Giancarlo,Director
ANET,2026-08-03,2026-08-05,0001596532-26-000178,S,Sale,sell,738.0,185.6168,136985.19840000002,-136985.19840000002,Charles H Giancarlo,Director
ANET,2026-08-03,2026-08-05,0001596532-26-000178,S,Sale,sell,102.0,186.347,19007.394,-19007.394,Charles H Giancarlo,Director
ANET,2026-07-20,2026-07-22,0001596532-26-000166,S,Sale,sell,6567.0,169.8977,1115718.1959,-1115718.1959,Kenneth Duda,President and CTO
ANET,2026-07-20,2026-07-22,0001596532-26-000166,S,Sale,sell,9028.0,170.7267,1541320.6476,-1541320.6476,Kenneth Duda,President and CTO
ANET,2026-07-20,2026-07-22,0001596532-26-000166,S,Sale,sell,1698.0,171.7198,291580.2204,-291580.2204,Kenneth Duda,President and CTO
ANET,2026-07-20,2026-07-22,0001596532-26-000166,S,Sale,sell,40.0,172.4,6896.0,-6896.0,Kenneth Duda,President and CTO
ANET,2026-07-20,2026-07-22,0001596532-26-000166,S,Sale,sell,6062.0,169.8977,1029919.8573999999,-1029919.8573999999,Kenneth Duda,President and CTO
ANET,2026-07-20,2026-07-22,0001596532-26-000166,S,Sale,sell,8334.0,170.7267,1422836.3177999998,-1422836.3177999998,Kenneth Duda,President and CTO
ANET,2026-07-20,2026-07-22,0001596532-26-000166,S,Sale,sell,1567.0,171.7198,269084.9266,-269084.9266,Kenneth Duda,President and CTO
ANET,2026-07-20,2026-07-22,0001596532-26-000166,S,Sale,sell,37.0,172.4,6378.8,-6378.8,Kenneth Duda,President and CTO
ANET,2026-07-20,2026-07-22,0001596532-26-000166,S,Sale,sell,3789.0,169.8977,643742.3853,-643742.3853,Kenneth Duda,President and CTO
ANET,2026-07-20,2026-07-22,0001596532-26-000166,S,Sale,sell,5209.0,170.7267,889315.3803,-889315.3803,Kenneth Duda,President and CTO
ANET,2026-07-20,2026-07-22,0001596532-26-000166,S,Sale,sell,979.0,171.7198,168113.6842,-168113.6842,Kenneth Duda,President and CTO
ANET,2026-07-20,2026-07-22,0001596532-26-000166,S,Sale,sell,23.0,172.4,3965.2000000000003,-3965.2000000000003,Kenneth Duda,President and CTO
ANET,2026-07-14,2026-07-16,0001596532-26-000164,S,Sale,sell,26765.0,176.1777,4715396.1405,-4715396.1405,Andreas Bechtolsheim,10% Owner
ANET,2026-07-14,2026-07-16,0001596532-26-000164,S,Sale,sell,14808.0,177.2518,2624744.6544,-2624744.6544,Andreas Bechtolsheim,10% Owner
ANET,2026-07-14,2026-07-16,0001596532-26-000164,S,Sale,sell,29704.0,178.2024,5293324.0896000005,-5293324.0896000005,Andreas Bechtolsheim,10% Owner
ANET,2026-07-14,2026-07-16,0001596532-26-000164,S,Sale,sell,24764.0,179.2528,4439016.3392,-4439016.3392,Andreas Bechtolsheim,10% Owner
ANET,2026-07-14,2026-07-16,0001596532-26-000164,S,Sale,sell,31412.0,180.1715,5659547.158,-5659547.158,Andreas Bechtolsheim,10% Owner
ANET,2026-07-14,2026-07-16,0001596532-26-000164,S,Sale,sell,46566.0,181.2996,8442397.1736,-8442397.1736,Andreas Bechtolsheim,10% Owner
ANET,2026-07-14,2026-07-16,0001596532-26-000164,S,Sale,sell,57677.0,182.282,10513478.914,-10513478.914,Andreas Bechtolsheim,10% Owner
ANET,2026-07-14,2026-07-16,0001596532-26-000164,S,Sale,sell,40873.0,183.1529,7486008.481699999,-7486008.481699999,Andreas Bechtolsheim,10% Owner
ANET,2026-07-14,2026-07-16,0001596532-26-000164,S,Sale,sell,20869.0,184.1734,3843514.6846,-3843514.6846,Andreas Bechtolsheim,10% Owner
ANET,2026-07-14,2026-07-16,0001596532-26-000164,S,Sale,sell,6562.0,185.0002,1213971.3124,-1213971.3124,Andreas Bechtolsheim,10% Owner
ANET,2026-07-10,2026-07-14,0001596532-26-000162,S,Sale,sell,36888.0,187.1756,6904533.5328,-6904533.5328,Jayshree Ullal,CEO and Chairperson
ANET,2026-07-10,2026-07-14,0001596532-26-000162,S,Sale,sell,160802.0,187.1756,30098210.8312,-30098210.8312,Jayshree Ullal,CEO and Chairperson
ANET,2026-07-09,2026-07-13,0001596532-26-000160,S,Sale,sell,12005.0,187.3122,2248682.9609999997,-2248682.9609999997,Jayshree Ullal,CEO and Chairperson
ANET,2026-07-09,2026-07-13,0001596532-26-000160,S,Sale,sell,25943.0,188.5586,4891775.7598,-4891775.7598,Jayshree Ullal,CEO and Chairperson
ANET,2026-07-09,2026-07-13,0001596532-26-000160,S,Sale,sell,164.0,189.1767,31024.9788,-31024.9788,Jayshree Ullal,CEO and Chairperson
ANET,2026-07-09,2026-07-13,0001596532-26-000160,S,Sale,sell,52351.0,187.3122,9805980.982199999,-9805980.982199999,Jayshree Ullal,CEO and Chairperson
ANET,2026-07-09,2026-07-13,0001596532-26-000160,S,Sale,sell,113134.0,188.5586,21332388.652400002,-21332388.652400002,Jayshree Ullal,CEO and Chairperson
ANET,2026-07-09,2026-07-13,0001596532-26-000160,S,Sale,sell,713.0,189.1767,134882.9871,-134882.9871,Jayshree Ullal,CEO and Chairperson
ANET,2026-07-02,2026-07-07,0001596532-26-000158,S,Sale,sell,4113.0,157.242,646736.3459999999,-646736.3459999999,Andreas Bechtolsheim,10% Owner
ANET,2026-07-02,2026-07-07,0001596532-26-000158,S,Sale,sell,8302.0,158.3957,1315001.1014,-1315001.1014,Andreas Bechtolsheim,10% Owner
ANET,2026-07-02,2026-07-07,0001596532-26-000158,S,Sale,sell,25845.0,159.2266,4115211.477,-4115211.477,Andreas Bechtolsheim,10% Owner
ANET,2026-07-02,2026-07-07,0001596532-26-000158,S,Sale,sell,19442.0,160.164,3113908.488,-3113908.488,Andreas Bechtolsheim,10% Owner
ANET,2026-07-02,2026-07-07,0001596532-26-000158,S,Sale,sell,7385.0,161.1709,1190247.0965,-1190247.0965,Andreas Bechtolsheim,10% Owner
ANET,2026-07-02,2026-07-07,0001596532-26-000158,S,Sale,sell,18098.0,162.478,2940526.844,-2940526.844,Andreas Bechtolsheim,10% Owner
ANET,2026-07-02,2026-07-07,0001596532-26-000158,S,Sale,sell,77753.0,163.1799,12687726.764700001,-12687726.764700001,Andreas Bechtolsheim,10% Owner
ANET,2026-07-02,2026-07-07,0001596532-26-000158,S,Sale,sell,47004.0,164.2329,7719603.2316,-7719603.2316,Andreas Bechtolsheim,10% Owner
ANET,2026-07-02,2026-07-07,0001596532-26-000158,S,Sale,sell,20218.0,165.0925,3337840.165,-3337840.165,Andreas Bechtolsheim,10% Owner
ANET,2026-07-02,2026-07-07,0001596532-26-000158,S,Sale,sell,5477.0,166.3381,911033.7737,-911033.7737,Andreas Bechtolsheim,10% Owner
ANET,2026-07-02,2026-07-07,0001596532-26-000158,S,Sale,sell,6363.0,167.0659,1063040.3217,-1063040.3217,Andreas Bechtolsheim,10% Owner
ANET,2026-07-01,2026-07-06,0001596532-26-000156,S,Sale,sell,90.0,170.2653,15323.877,-15323.877,Andreas Bechtolsheim,10% Owner
ANET,2026-07-01,2026-07-06,0001596532-26-000156,S,Sale,sell,32334.0,160.6701,5195107.0134,-5195107.0134,Andreas Bechtolsheim,10% Owner
ANET,2026-07-01,2026-07-06,0001596532-26-000156,S,Sale,sell,32878.0,159.8465,5255433.227,-5255433.227,Andreas Bechtolsheim,10% Owner
ANET,2026-07-01,2026-07-06,0001596532-26-000156,S,Sale,sell,26405.0,161.5828,4266593.834,-4266593.834,Andreas Bechtolsheim,10% Owner
ANET,2026-07-01,2026-07-06,0001596532-26-000156,S,Sale,sell,28706.0,162.8312,4674232.4272,-4674232.4272,Andreas Bechtolsheim,10% Owner
ANET,2026-07-01,2026-07-06,0001596532-26-000156,S,Sale,sell,19493.0,163.5413,3187910.5609,-3187910.5609,Andreas Bechtolsheim,10% Owner
ANET,2026-07-01,2026-07-06,0001596532-26-000156,S,Sale,sell,9605.0,164.7107,1582046.2735000001,-1582046.2735000001,Andreas Bechtolsheim,10% Owner
ANET,2026-07-01,2026-07-06,0001596532-26-000156,S,Sale,sell,12595.0,165.7804,2088004.1379999998,-2088004.1379999998,Andreas Bechtolsheim,10% Owner
ANET,2026-07-01,2026-07-06,0001596532-26-000156,S,Sale,sell,23870.0,166.6948,3979004.8759999997,-3979004.8759999997,Andreas Bechtolsheim,10% Owner
ANET,2026-07-01,2026-07-06,0001596532-26-000156,S,Sale,sell,47597.0,167.8421,7988780.433699999,-7988780.433699999,Andreas Bechtolsheim,10% Owner
ANET,2026-07-01,2026-07-06,0001596532-26-000156,S,Sale,sell,18721.0,168.6709,3157687.9189,-3157687.9189,Andreas Bechtolsheim,10% Owner
ANET,2026-07-01,2026-07-06,0001596532-26-000156,S,Sale,sell,7706.0,169.5755,1306748.803,-1306748.803,Andreas Bechtolsheim,10% Owner
ANET,2026-07-01,2026-07-06,0001596532-26-000155,S,Sale,sell,28.0,162.3357,4545.3996,-4545.3996,Charles H Giancarlo,Director
ANET,2026-07-01,2026-07-06,0001596532-26-000155,S,Sale,sell,279.0,162.617,45370.143,-45370.143,Charles H Giancarlo,Director
ANET,2026-07-01,2026-07-06,0001596532-26-000155,S,Sale,sell,490.0,163.9981,80359.069,-80359.069,Charles H Giancarlo,Director
ANET,2026-07-01,2026-07-06,0001596532-26-000155,S,Sale,sell,799.0,165.371,132131.429,-132131.429,Charles H Giancarlo,Director
ANET,2026-07-01,2026-07-06,0001596532-26-000155,S,Sale,sell,1321.0,166.3336,219726.6856,-219726.6856,Charles H Giancarlo,Director
ANET,2026-07-01,2026-07-06,0001596532-26-000155,S,Sale,sell,2133.0,167.3551,356968.42829999997,-356968.42829999997,Charles H Giancarlo,Director
ANET,2026-07-01,2026-07-06,0001596532-26-000155,S,Sale,sell,1785.0,168.1151,300085.4535,-300085.4535,Charles H Giancarlo,Director
ANET,2026-07-01,2026-07-06,0001596532-26-000155,S,Sale,sell,1002.0,169.2338,169572.2676,-169572.2676,Charles H Giancarlo,Director
ANET,2026-07-01,2026-07-06,0001596532-26-000155,S,Sale,sell,163.0,170.0306,27714.9878,-27714.9878,Charles H Giancarlo,Director
ANET,2026-06-22,2026-06-24,0001596532-26-000151,S,Sale,sell,440.0,167.3472,73632.768,-73632.768,Kenneth Duda,President and CTO
ANET,2026-06-22,2026-06-24,0001596532-26-000151,S,Sale,sell,1824.0,168.6321,307584.95040000003,-307584.95040000003,Kenneth Duda,President and CTO
ANET,2026-06-22,2026-06-24,0001596532-26-000151,S,Sale,sell,4537.0,169.3881,768513.8097,-768513.8097,Kenneth Duda,President and CTO
ANET,2026-06-22,2026-06-24,0001596532-26-000151,S,Sale,sell,1754.0,170.3667,298823.19180000003,-298823.19180000003,Kenneth Duda,President and CTO
ANET,2026-06-22,2026-06-24,0001596532-26-000151,S,Sale,sell,1566.0,171.4862,268547.3892,-268547.3892,Kenneth Duda,President and CTO
ANET,2026-06-22,2026-06-24,0001596532-26-000151,S,Sale,sell,920.0,172.3236,158537.712,-158537.712,Kenneth Duda,President and CTO
ANET,2026-06-22,2026-06-24,0001596532-26-000151,S,Sale,sell,2323.0,173.6938,403490.6974,-403490.6974,Kenneth Duda,President and CTO
ANET,2026-06-22,2026-06-24,0001596532-26-000151,S,Sale,sell,3890.0,174.3686,678293.8539999999,-678293.8539999999,Kenneth Duda,President and CTO
ANET,2026-06-22,2026-06-24,0001596532-26-000151,S,Sale,sell,79.0,175.04,13828.16,-13828.16,Kenneth Duda,President and CTO
ANET,2026-06-22,2026-06-24,0001596532-26-000151,S,Sale,sell,406.0,167.3472,67942.9632,-67942.9632,Kenneth Duda,President and CTO
ANET,2026-06-22,2026-06-24,0001596532-26-000151,S,Sale,sell,1683.0,168.6321,283807.82430000004,-283807.82430000004,Kenneth Duda,President and CTO
ANET,2026-06-22,2026-06-24,0001596532-26-000151,S,Sale,sell,4187.0,169.3881,709227.9747,-709227.9747,Kenneth Duda,President and CTO
ANET,2026-06-22,2026-06-24,0001596532-26-000151,S,Sale,sell,1619.0,170.3667,275823.6873,-275823.6873,Kenneth Duda,President and CTO
ANET,2026-06-22,2026-06-24,0001596532-26-000151,S,Sale,sell,1445.0,171.4862,247797.559,-247797.559,Kenneth Duda,President and CTO
ANET,2026-06-22,2026-06-24,0001596532-26-000151,S,Sale,sell,850.0,172.3236,146475.06,-146475.06,Kenneth Duda,President and CTO
ANET,2026-06-22,2026-06-24,0001596532-26-000151,S,Sale,sell,2145.0,173.6938,372573.201,-372573.201,Kenneth Duda,President and CTO
ANET,2026-06-22,2026-06-24,0001596532-26-000151,S,Sale,sell,3590.0,174.3686,625983.274,-625983.274,Kenneth Duda,President and CTO
ANET,2026-06-22,2026-06-24,0001596532-26-000151,S,Sale,sell,75.0,175.04,13128.0,-13128.0,Kenneth Duda,President and CTO
ANET,2026-06-22,2026-06-24,0001596532-26-000151,S,Sale,sell,254.0,167.3472,42506.188799999996,-42506.188799999996,Kenneth Duda,President and CTO
ANET,2026-06-22,2026-06-24,0001596532-26-000151,S,Sale,sell,1052.0,168.6321,177400.96920000002,-177400.96920000002,Kenneth Duda,President and CTO
ANET,2026-06-22,2026-06-24,0001596532-26-000151,S,Sale,sell,2617.0,169.3881,443288.65770000004,-443288.65770000004,Kenneth Duda,President and CTO
ANET,2026-06-22,2026-06-24,0001596532-26-000151,S,Sale,sell,1012.0,170.3667,172411.1004,-172411.1004,Kenneth Duda,President and CTO
ANET,2026-06-22,2026-06-24,0001596532-26-000151,S,Sale,sell,903.0,171.4862,154852.0386,-154852.0386,Kenneth Duda,President and CTO
ANET,2026-06-22,2026-06-24,0001596532-26-000151,S,Sale,sell,531.0,172.3236,91503.8316,-91503.8316,Kenneth Duda,President and CTO
ANET,2026-06-22,2026-06-24,0001596532-26-000151,S,Sale,sell,1341.0,173.6938,232923.38580000002,-232923.38580000002,Kenneth Duda,President and CTO
ANET,2026-06-22,2026-06-24,0001596532-26-000151,S,Sale,sell,2244.0,174.3686,391283.1384,-391283.1384,Kenneth Duda,President and CTO
ANET,2026-06-22,2026-06-24,0001596532-26-000151,S,Sale,sell,46.0,175.04,8051.839999999999,-8051.839999999999,Kenneth Duda,President and CTO
ANET,2026-06-15,2026-06-17,0001596532-26-000148,S,Sale,sell,78802.0,164.0572,12928035.474399999,-12928035.474399999,Andreas Bechtolsheim,10% Owner
ANET,2026-06-15,2026-06-17,0001596532-26-000148,S,Sale,sell,78186.0,164.9862,12899611.0332,-12899611.0332,Andreas Bechtolsheim,10% Owner
ANET,2026-06-15,2026-06-17,0001596532-26-000148,S,Sale,sell,33367.0,165.9642,5537727.4614,-5537727.4614,Andreas Bechtolsheim,10% Owner
ANET,2026-06-15,2026-06-17,0001596532-26-000148,S,Sale,sell,31909.0,167.094,5331802.4459999995,-5331802.4459999995,Andreas Bechtolsheim,10% Owner
ANET,2026-06-15,2026-06-17,0001596532-26-000148,S,Sale,sell,22244.0,168.0454,3738001.8776000002,-3738001.8776000002,Andreas Bechtolsheim,10% Owner
ANET,2026-06-15,2026-06-17,0001596532-26-000148,S,Sale,sell,15492.0,168.7219,2613839.6748,-2613839.6748,Andreas Bechtolsheim,10% Owner
ANET,2026-06-05,2026-06-09,0001596532-26-000138,S,Sale,sell,7999.0,152.9385,1223355.0615,-1223355.0615,Andreas Bechtolsheim,10% Owner
ANET,2026-06-05,2026-06-09,0001596532-26-000138,S,Sale,sell,29438.0,153.7862,4527158.1556,-4527158.1556,Andreas Bechtolsheim,10% Owner
ANET,2026-06-05,2026-06-09,0001596532-26-000138,S,Sale,sell,15140.0,154.5581,2340009.634,-2340009.634,Andreas Bechtolsheim,10% Owner
ANET,2026-06-05,2026-06-09,0001596532-26-000138,S,Sale,sell,2076.0,155.7724,323383.5024,-323383.5024,Andreas Bechtolsheim,10% Owner
ANET,2026-06-05,2026-06-09,0001596532-26-000138,S,Sale,sell,16082.0,156.9293,2523737.0026000002,-2523737.0026000002,Andreas Bechtolsheim,10% Owner
ANET,2026-06-05,2026-06-09,0001596532-26-000138,S,Sale,sell,18376.0,157.7424,2898674.3424,-2898674.3424,Andreas Bechtolsheim,10% Owner
ANET,2026-06-05,2026-06-09,0001596532-26-000138,S,Sale,sell,27027.0,158.8808,4294071.3816,-4294071.3816,Andreas Bechtolsheim,10% Owner
ANET,2026-06-05,2026-06-09,0001596532-26-000138,S,Sale,sell,98663.0,159.9283,15779005.8629,-15779005.8629,Andreas Bechtolsheim,10% Owner
ANET,2026-06-05,2026-06-09,0001596532-26-000138,S,Sale,sell,5199.0,160.4956,834416.6244,-834416.6244,Andreas Bechtolsheim,10% Owner
ANET,2026-06-04,2026-06-08,0001596532-26-000136,S,Sale,sell,5366.0,158.072,848214.3520000001,-848214.3520000001,Andreas Bechtolsheim,10% Owner
ANET,2026-06-04,2026-06-08,0001596532-26-000136,S,Sale,sell,7540.0,159.0121,1198951.234,-1198951.234,Andreas Bechtolsheim,10% Owner
ANET,2026-06-04,2026-06-08,0001596532-26-000136,S,Sale,sell,4511.0,160.0436,721956.6796,-721956.6796,Andreas Bechtolsheim,10% Owner
ANET,2026-06-04,2026-06-08,0001596532-26-000136,S,Sale,sell,8646.0,161.0974,1392848.1204,-1392848.1204,Andreas Bechtolsheim,10% Owner
ANET,2026-06-04,2026-06-08,0001596532-26-000136,S,Sale,sell,123450.0,162.0824,20009072.28,-20009072.28,Andreas Bechtolsheim,10% Owner
ANET,2026-06-04,2026-06-08,0001596532-26-000136,S,Sale,sell,9107.0,163.0402,1484807.1014,-1484807.1014,Andreas Bechtolsheim,10% Owner
ANET,2026-06-04,2026-06-08,0001596532-26-000136,S,Sale,sell,23984.0,164.2047,3938285.5248000002,-3938285.5248000002,Andreas Bechtolsheim,10% Owner
ANET,2026-06-04,2026-06-08,0001596532-26-000136,S,Sale,sell,18660.0,164.9727,3078390.582,-3078390.582,Andreas Bechtolsheim,10% Owner
ANET,2026-06-04,2026-06-08,0001596532-26-000136,S,Sale,sell,11950.0,166.1448,1985430.36,-1985430.36,Andreas Bechtolsheim,10% Owner
ANET,2026-06-04,2026-06-08,0001596532-26-000136,S,Sale,sell,26383.0,167.1498,4409913.1734,-4409913.1734,Andreas Bechtolsheim,10% Owner
ANET,2026-06-04,2026-06-08,0001596532-26-000136,S,Sale,sell,403.0,167.6589,67566.5367,-67566.5367,Andreas Bechtolsheim,10% Owner
ANET,2026-06-01,2026-06-03,0001596532-26-000134,S,Sale,sell,302.0,162.2778,49007.8956,-49007.8956,Charles H Giancarlo,Director
ANET,2026-06-01,2026-06-03,0001596532-26-000134,S,Sale,sell,52.0,164.484,8553.168,-8553.168,Charles H Giancarlo,Director
ANET,2026-06-01,2026-06-03,0001596532-26-000134,S,Sale,sell,81.0,165.8915,13437.211500000001,-13437.211500000001,Charles H Giancarlo,Director
ANET,2026-06-01,2026-06-03,0001596532-26-000134,S,Sale,sell,916.0,166.7576,152749.9616,-152749.9616,Charles H Giancarlo,Director
ANET,2026-06-01,2026-06-03,0001596532-26-000134,S,Sale,sell,1467.0,167.6968,246011.2056,-246011.2056,Charles H Giancarlo,Director
ANET,2026-06-01,2026-06-03,0001596532-26-000134,S,Sale,sell,1271.0,168.9189,214695.92190000002,-214695.92190000002,Charles H Giancarlo,Director
ANET,2026-06-01,2026-06-03,0001596532-26-000134,S,Sale,sell,1092.0,169.7858,185406.0936,-185406.0936,Charles H Giancarlo,Director
ANET,2026-06-01,2026-06-03,0001596532-26-000134,S,Sale,sell,1413.0,170.8665,241434.3645,-241434.3645,Charles H Giancarlo,Director
ANET,2026-06-01,2026-06-03,0001596532-26-000134,S,Sale,sell,1406.0,171.7154,241431.85239999997,-241431.85239999997,Charles H Giancarlo,Director
ANET,2026-05-26,2026-05-28,0001596532-26-000115,S,Sale,sell,7740.0,154.4723,1195615.602,-1195615.602,Jayshree Ullal,CEO and Chairperson
ANET,2026-05-26,2026-05-28,0001596532-26-000115,S,Sale,sell,3794.0,155.4773,589880.8762,-589880.8762,Jayshree Ullal,CEO and Chairperson
ANET,2026-05-26,2026-05-28,0001596532-26-000115,S,Sale,sell,2175.0,156.2194,339777.195,-339777.195,Jayshree Ullal,CEO and Chairperson
ANET,2026-05-26,2026-05-28,0001596532-26-000115,S,Sale,sell,100.0,157.3,15730.000000000002,-15730.000000000002,Jayshree Ullal,CEO and Chairperson
ANET,2026-05-26,2026-05-28,0001596532-26-000114,S,Sale,sell,2448.0,157.0,384336.0,-384336.0,Chantelle Yvette Breithaupt,"Senior Vice President, CFO"
ANET,2026-05-26,2026-05-28,0001596532-26-000113,S,Sale,sell,32973.0,154.4979,5094259.2567,-5094259.2567,Andreas Bechtolsheim,10% Owner
ANET,2026-05-26,2026-05-28,0001596532-26-000113,S,Sale,sell,55818.0,155.349,8671270.481999999,-8671270.481999999,Andreas Bechtolsheim,10% Owner
ANET,2026-05-26,2026-05-28,0001596532-26-000113,S,Sale,sell,34960.0,156.4915,5470942.84,-5470942.84,Andreas Bechtolsheim,10% Owner
ANET,2026-05-26,2026-05-28,0001596532-26-000113,S,Sale,sell,11535.0,157.3363,1814874.2204999998,-1814874.2204999998,Andreas Bechtolsheim,10% Owner
ANET,2026-05-26,2026-05-28,0001596532-26-000113,S,Sale,sell,47035.0,158.488,7454483.08,-7454483.08,Andreas Bechtolsheim,10% Owner
ANET,2026-05-26,2026-05-28,0001596532-26-000113,S,Sale,sell,36494.0,159.2978,5813413.913199999,-5813413.913199999,Andreas Bechtolsheim,10% Owner
ANET,2026-05-26,2026-05-28,0001596532-26-000113,S,Sale,sell,1185.0,160.0051,189606.0435,-189606.0435,Andreas Bechtolsheim,10% Owner
ANET,2026-05-22,2026-05-27,0001596532-26-000109,S,Sale,sell,24381.0,149.6825,3649409.0325,-3649409.0325,Andreas Bechtolsheim,10% Owner
ANET,2026-05-22,2026-05-27,0001596532-26-000109,S,Sale,sell,60234.0,150.5071,9065644.6614,-9065644.6614,Andreas Bechtolsheim,10% Owner
ANET,2026-05-22,2026-05-27,0001596532-26-000109,S,Sale,sell,24105.0,151.5532,3653189.886,-3653189.886,Andreas Bechtolsheim,10% Owner
ANET,2026-05-22,2026-05-27,0001596532-26-000109,S,Sale,sell,38002.0,152.4842,5794704.568399999,-5794704.568399999,Andreas Bechtolsheim,10% Owner
ANET,2026-05-22,2026-05-27,0001596532-26-000109,S,Sale,sell,51221.0,153.3841,7856486.986099999,-7856486.986099999,Andreas Bechtolsheim,10% Owner
ANET,2026-05-22,2026-05-27,0001596532-26-000109,S,Sale,sell,7057.0,154.1602,1087908.5314,-1087908.5314,Andreas Bechtolsheim,10% Owner
ANET,2026-05-21,2026-05-26,0001596532-26-000103,S,Sale,sell,2.0,140.49,280.98,-280.98,Kelly Bodnar Battles,Director
ANET,2026-05-21,2026-05-26,0001596532-26-000103,S,Sale,sell,28.0,144.23,4038.4399999999996,-4038.4399999999996,Kelly Bodnar Battles,Director
ANET,2026-05-21,2026-05-26,0001596532-26-000103,S,Sale,sell,170.0,145.4971,24734.506999999998,-24734.506999999998,Kelly Bodnar Battles,Director
ANET,2026-05-21,2026-05-26,0001596532-26-000103,S,Sale,sell,54.0,146.1356,7891.322400000001,-7891.322400000001,Kelly Bodnar Battles,Director
ANET,2026-05-21,2026-05-26,0001596532-26-000103,S,Sale,sell,168.0,147.9275,24851.82,-24851.82,Kelly Bodnar Battles,Director
ANET,2026-05-20,2026-05-22,0001596532-26-000097,S,Sale,sell,324.0,139.892,45325.008,-45325.008,Yvonne Wassenaar,Director
ANET,2026-05-20,2026-05-22,0001596532-26-000097,S,Sale,sell,329.0,140.8642,46344.321800000005,-46344.321800000005,Yvonne Wassenaar,Director
ANET,2026-05-20,2026-05-22,0001596532-26-000097,S,Sale,sell,242.0,141.8928,34338.0576,-34338.0576,Yvonne Wassenaar,Director
ANET,2026-05-20,2026-05-22,0001596532-26-000097,S,Sale,sell,76.0,142.6189,10839.036399999999,-10839.036399999999,Yvonne Wassenaar,Director
ANET,2026-05-18,2026-05-20,0001596532-26-000080,S,Sale,sell,14501.0,139.4094,2021575.7094,-2021575.7094,Kenneth Duda,President and CTO
ANET,2026-05-18,2026-05-20,0001596532-26-000080,S,Sale,sell,12405.0,140.1325,1738343.6624999999,-1738343.6624999999,Kenneth Duda,President and CTO
ANET,2026-05-18,2026-05-20,0001596532-26-000080,S,Sale,sell,3081.0,141.3356,435454.9836,-435454.9836,Kenneth Duda,President and CTO
ANET,2026-05-18,2026-05-20,0001596532-26-000080,S,Sale,sell,1103.0,142.335,156995.505,-156995.505,Kenneth Duda,President and CTO
ANET,2026-05-18,2026-05-20,0001596532-26-000080,S,Sale,sell,910.0,143.2324,130341.48400000001,-130341.48400000001,Kenneth Duda,President and CTO
ANET,2026-05-18,2026-05-20,0001596532-26-000080,S,Sale,sell,7251.0,139.4094,1010857.5594,-1010857.5594,Kenneth Duda,President and CTO
ANET,2026-05-18,2026-05-20,0001596532-26-000080,S,Sale,sell,6202.0,140.1325,869101.765,-869101.765,Kenneth Duda,President and CTO
ANET,2026-05-18,2026-05-20,0001596532-26-000080,S,Sale,sell,1540.0,141.3356,217656.824,-217656.824,Kenneth Duda,President and CTO
ANET,2026-05-18,2026-05-20,0001596532-26-000080,S,Sale,sell,552.0,142.335,78568.92,-78568.92,Kenneth Duda,President and CTO
ANET,2026-05-18,2026-05-20,0001596532-26-000080,S,Sale,sell,455.0,143.2324,65170.742000000006,-65170.742000000006,Kenneth Duda,President and CTO
ANET,2026-05-18,2026-05-20,0001596532-26-000080,S,Sale,sell,4532.0,139.4094,631803.4008000001,-631803.4008000001,Kenneth Duda,President and CTO
ANET,2026-05-18,2026-05-20,0001596532-26-000080,S,Sale,sell,3876.0,140.1325,543153.57,-543153.57,Kenneth Duda,President and CTO
ANET,2026-05-18,2026-05-20,0001596532-26-000080,S,Sale,sell,963.0,141.3356,136106.1828,-136106.1828,Kenneth Duda,President and CTO
ANET,2026-05-18,2026-05-20,0001596532-26-000080,S,Sale,sell,345.0,142.335,49105.575000000004,-49105.575000000004,Kenneth Duda,President and CTO
ANET,2026-05-18,2026-05-20,0001596532-26-000080,S,Sale,sell,284.0,143.2324,40678.0016,-40678.0016,Kenneth Duda,President and CTO
ANET,2026-05-01,2026-05-05,0001596532-26-000077,S,Sale,sell,467.0,173.3876,80972.0092,-80972.0092,Charles H Giancarlo,Director
ANET,2026-05-01,2026-05-05,0001596532-26-000077,S,Sale,sell,1000.0,174.2526,174252.6,-174252.6,Charles H Giancarlo,Director
ANET,2026-05-01,2026-05-05,0001596532-26-000077,S,Sale,sell,3203.0,175.3003,561486.8609,-561486.8609,Charles H Giancarlo,Director
ANET,2026-05-01,2026-05-05,0001596532-26-000077,S,Sale,sell,3151.0,176.0794,554826.1894,-554826.1894,Charles H Giancarlo,Director
ANET,2026-05-01,2026-05-05,0001596532-26-000077,S,Sale,sell,179.0,176.8936,31663.9544,-31663.9544,Charles H Giancarlo,Director
ANET,2026-04-22,2026-04-24,0001596532-26-000068,S,Sale,sell,52838.0,177.2759,9366904.0042,-9366904.0042,Jayshree Ullal,CEO and Chairperson
ANET,2026-04-22,2026-04-24,0001596532-26-000068,S,Sale,sell,11162.0,178.2167,1989254.8054,-1989254.8054,Jayshree Ullal,CEO and Chairperson
ANET,2026-04-22,2026-04-24,0001596532-26-000068,S,Sale,sell,247676.0,177.2759,43906985.808400005,-43906985.808400005,Jayshree Ullal,CEO and Chairperson
ANET,2026-04-22,2026-04-24,0001596532-26-000068,S,Sale,sell,52324.0,178.2167,9325010.6108,-9325010.6108,Jayshree Ullal,CEO and Chairperson
ANET,2026-04-21,2026-04-23,0001596532-26-000066,S,Sale,sell,4519.0,167.6403,757566.5157,-757566.5157,Jayshree Ullal,CEO and Chairperson
ANET,2026-04-21,2026-04-23,0001596532-26-000066,S,Sale,sell,7862.0,168.8887,1327802.9594,-1327802.9594,Jayshree Ullal,CEO and Chairperson
ANET,2026-04-21,2026-04-23,0001596532-26-000066,S,Sale,sell,1480.0,169.4654,250808.792,-250808.792,Jayshree Ullal,CEO and Chairperson
ANET,2026-04-21,2026-04-23,0001596532-26-000066,S,Sale,sell,219.0,170.5066,37340.9454,-37340.9454,Jayshree Ullal,CEO and Chairperson
ANET,2026-04-21,2026-04-23,0001596532-26-000066,S,Sale,sell,21090.0,167.6403,3535533.927,-3535533.927,Jayshree Ullal,CEO and Chairperson
ANET,2026-04-21,2026-04-23,0001596532-26-000066,S,Sale,sell,36685.0,168.8887,6195681.9595,-6195681.9595,Jayshree Ullal,CEO and Chairperson
ANET,2026-04-21,2026-04-23,0001596532-26-000066,S,Sale,sell,6906.0,169.4654,1170328.0524,-1170328.0524,Jayshree Ullal,CEO and Chairperson
ANET,2026-04-21,2026-04-23,0001596532-26-000066,S,Sale,sell,1020.0,170.5066,173916.732,-173916.732,Jayshree Ullal,CEO and Chairperson
ANET,2026-04-20,2026-04-22,0001596532-26-000064,S,Sale,sell,45920.0,167.312,7682967.040000001,-7682967.040000001,Jayshree Ullal,CEO and Chairperson
ANET,2026-04-20,2026-04-22,0001596532-26-000064,S,Sale,sell,214299.0,167.312,35854794.288,-35854794.288,Jayshree Ullal,CEO and Chairperson
ANET,2026-04-17,2026-04-21,0001596532-26-000062,S,Sale,sell,1324.0,161.1808,213403.3792,-213403.3792,Kenneth Duda,President and CTO
ANET,2026-04-17,2026-04-21,0001596532-26-000062,S,Sale,sell,9892.0,162.1464,1603952.1888,-1603952.1888,Kenneth Duda,President and CTO
ANET,2026-04-17,2026-04-21,0001596532-26-000062,S,Sale,sell,6410.0,163.0981,1045458.8209999999,-1045458.8209999999,Kenneth Duda,President and CTO
ANET,2026-04-17,2026-04-21,0001596532-26-000062,S,Sale,sell,9592.0,164.1796,1574810.7232,-1574810.7232,Kenneth Duda,President and CTO
ANET,2026-04-17,2026-04-21,0001596532-26-000062,S,Sale,sell,4782.0,164.8584,788352.8687999999,-788352.8687999999,Kenneth Duda,President and CTO
ANET,2026-04-17,2026-04-21,0001596532-26-000062,S,Sale,sell,662.0,161.1808,106701.6896,-106701.6896,Kenneth Duda,President and CTO
ANET,2026-04-17,2026-04-21,0001596532-26-000062,S,Sale,sell,4946.0,162.1464,801976.0944,-801976.0944,Kenneth Duda,President and CTO
ANET,2026-04-17,2026-04-21,0001596532-26-000062,S,Sale,sell,3205.0,163.0981,522729.41049999994,-522729.41049999994,Kenneth Duda,President and CTO
ANET,2026-04-17,2026-04-21,0001596532-26-000062,S,Sale,sell,4796.0,164.1796,787405.3616,-787405.3616,Kenneth Duda,President and CTO
ANET,2026-04-17,2026-04-21,0001596532-26-000062,S,Sale,sell,2391.0,164.8584,394176.43439999997,-394176.43439999997,Kenneth Duda,President and CTO
ANET,2026-04-17,2026-04-21,0001596532-26-000062,S,Sale,sell,414.0,161.1808,66728.8512,-66728.8512,Kenneth Duda,President and CTO
ANET,2026-04-17,2026-04-21,0001596532-26-000062,S,Sale,sell,3091.0,162.1464,501194.5224,-501194.5224,Kenneth Duda,President and CTO
ANET,2026-04-17,2026-04-21,0001596532-26-000062,S,Sale,sell,2003.0,163.0981,326685.49429999996,-326685.49429999996,Kenneth Duda,President and CTO
ANET,2026-04-17,2026-04-21,0001596532-26-000062,S,Sale,sell,2998.0,164.1796,492210.4408,-492210.4408,Kenneth Duda,President and CTO
ANET,2026-04-17,2026-04-21,0001596532-26-000062,S,Sale,sell,1494.0,164.8584,246298.4496,-246298.4496,Kenneth Duda,President and CTO
ANET,2026-04-16,2026-04-20,0001596532-26-000060,S,Sale,sell,45834.0,159.2037,7296942.3858,-7296942.3858,Jayshree Ullal,CEO and Chairperson
ANET,2026-04-16,2026-04-20,0001596532-26-000060,S,Sale,sell,4166.0,160.5527,668862.5482,-668862.5482,Jayshree Ullal,CEO and Chairperson
ANET,2026-04-16,2026-04-20,0001596532-26-000060,S,Sale,sell,229173.0,159.2037,36485189.5401,-36485189.5401,Jayshree Ullal,CEO and Chairperson
ANET,2026-04-16,2026-04-20,0001596532-26-000060,S,Sale,sell,20827.0,160.5527,3343831.0829,-3343831.0829,Jayshree Ullal,CEO and Chairperson
ANET,2026-04-15,2026-04-17,0001596532-26-000058,S,Sale,sell,78.0,151.0697,11783.4366,-11783.4366,Yvonne Wassenaar,Director
ANET,2026-04-15,2026-04-17,0001596532-26-000058,S,Sale,sell,414.0,152.3063,63054.8082,-63054.8082,Yvonne Wassenaar,Director
ANET,2026-04-15,2026-04-17,0001596532-26-000058,S,Sale,sell,607.0,153.3513,93084.2391,-93084.2391,Yvonne Wassenaar,Director
ANET,2026-04-15,2026-04-17,0001596532-26-000058,S,Sale,sell,290.0,154.075,44681.75,-44681.75,Yvonne Wassenaar,Director
ANET,2026-04-15,2026-04-17,0001596532-26-000058,S,Sale,sell,6.0,154.72,928.3199999999999,-928.3199999999999,Yvonne Wassenaar,Director
ANET,2026-04-14,2026-04-16,0001596532-26-000056,S,Sale,sell,8890.0,155.0241,1378164.249,-1378164.249,Chantelle Yvette Breithaupt,"Senior Vice President, CFO"
ANET,2026-04-13,2026-04-15,0001596532-26-000054,S,Sale,sell,112812.0,150.1141,16934671.8492,-16934671.8492,Jayshree Ullal,CEO and Chairperson
ANET,2026-04-01,2026-04-03,0001596532-26-000052,S,Sale,sell,3898.0,125.3808,488734.35839999997,-488734.35839999997,Charles H Giancarlo,Director
ANET,2026-04-01,2026-04-03,0001596532-26-000052,S,Sale,sell,3702.0,126.4372,468070.51440000004,-468070.51440000004,Charles H Giancarlo,Director
ANET,2026-04-01,2026-04-03,0001596532-26-000052,S,Sale,sell,400.0,126.9964,50798.56,-50798.56,Charles H Giancarlo,Director
ANET,2026-03-17,2026-03-19,0001596532-26-000050,S,Sale,sell,7401.0,133.0345,984588.3345000001,-984588.3345000001,Kenneth Duda,President and CTO
ANET,2026-03-17,2026-03-19,0001596532-26-000050,S,Sale,sell,14005.0,134.016,1876894.0799999998,-1876894.0799999998,Kenneth Duda,President and CTO
ANET,2026-03-17,2026-03-19,0001596532-26-000050,S,Sale,sell,8581.0,134.879,1157396.699,-1157396.699,Kenneth Duda,President and CTO
ANET,2026-03-17,2026-03-19,0001596532-26-000050,S,Sale,sell,2013.0,135.9723,273712.2399,-273712.2399,Kenneth Duda,President and CTO
ANET,2026-03-17,2026-03-19,0001596532-26-000050,S,Sale,sell,3701.0,133.0345,492360.68450000003,-492360.68450000003,Kenneth Duda,President and CTO
ANET,2026-03-17,2026-03-19,0001596532-26-000050,S,Sale,sell,7003.0,134.016,938514.048,-938514.048,Kenneth Duda,President and CTO
ANET,2026-03-17,2026-03-19,0001596532-26-000050,S,Sale,sell,4290.0,134.879,578630.9099999999,-578630.9099999999,Kenneth Duda,President and CTO
ANET,2026-03-17,2026-03-19,0001596532-26-000050,S,Sale,sell,1006.0,135.9723,136788.13379999998,-136788.13379999998,Kenneth Duda,President and CTO
ANET,2026-03-17,2026-03-19,0001596532-26-000050,S,Sale,sell,2313.0,133.0345,307708.79850000003,-307708.79850000003,Kenneth Duda,President and CTO
ANET,2026-03-17,2026-03-19,0001596532-26-000050,S,Sale,sell,4377.0,134.016,586588.032,-586588.032,Kenneth Duda,President and CTO
ANET,2026-03-17,2026-03-19,0001596532-26-000050,S,Sale,sell,2681.0,134.879,361610.599,-361610.599,Kenneth Duda,President and CTO
ANET,2026-03-17,2026-03-19,0001596532-26-000050,S,Sale,sell,629.0,135.9723,85526.57669999999,-85526.57669999999,Kenneth Duda,President and CTO
ANET,2026-03-16,2026-03-18,0001596532-26-000048,S,Sale,sell,264.0,132.6904,35030.265600000006,-35030.265600000006,Yvonne Wassenaar,Director
ANET,2026-03-16,2026-03-18,0001596532-26-000048,S,Sale,sell,360.0,133.552,48078.719999999994,-48078.719999999994,Yvonne Wassenaar,Director
ANET,2026-03-16,2026-03-18,0001596532-26-000048,S,Sale,sell,232.0,134.6537,31239.658399999997,-31239.658399999997,Yvonne Wassenaar,Director
ANET,2026-03-16,2026-03-18,0001596532-26-000048,S,Sale,sell,539.0,135.5394,73055.7366,-73055.7366,Yvonne Wassenaar,Director
ANET,2026-03-02,2026-03-04,0001596532-26-000043,S,Sale,sell,3100.0,127.9014,396494.33999999997,-396494.33999999997,Charles H Giancarlo,Director
ANET,2026-03-02,2026-03-04,0001596532-26-000043,S,Sale,sell,3600.0,128.8734,463944.24,-463944.24,Charles H Giancarlo,Director
ANET,2026-03-02,2026-03-04,0001596532-26-000043,S,Sale,sell,1300.0,129.9489,168933.57,-168933.57,Charles H Giancarlo,Director
ANET,2026-02-25,2026-02-27,0001596532-26-000041,S,Sale,sell,70.0,129.407,9058.490000000002,-9058.490000000002,Yvonne Wassenaar,Director
ANET,2026-02-25,2026-02-27,0001596532-26-000041,S,Sale,sell,49.0,130.1183,6375.7967,-6375.7967,Yvonne Wassenaar,Director
ANET,2026-02-25,2026-02-27,0001596532-26-000041,S,Sale,sell,357.0,131.5609,46967.2413,-46967.2413,Yvonne Wassenaar,Director
ANET,2026-02-25,2026-02-27,0001596532-26-000041,S,Sale,sell,835.0,132.6568,110768.428,-110768.428,Yvonne Wassenaar,Director
ANET,2026-02-25,2026-02-27,0001596532-26-000041,S,Sale,sell,504.0,133.3542,67210.5168,-67210.5168,Yvonne Wassenaar,Director
ANET,2026-02-23,2026-02-25,0001596532-26-000039,S,Sale,sell,121.0,126.8497,15348.8137,-15348.8137,Kelly Bodnar Battles,Director
ANET,2026-02-23,2026-02-25,0001596532-26-000039,S,Sale,sell,119.0,127.7585,15203.2615,-15203.2615,Kelly Bodnar Battles,Director
ANET,2026-02-23,2026-02-25,0001596532-26-000039,S,Sale,sell,134.0,128.5976,17232.0784,-17232.0784,Kelly Bodnar Battles,Director
ANET,2026-02-23,2026-02-25,0001596532-26-000039,S,Sale,sell,19.0,129.5947,2462.2992999999997,-2462.2992999999997,Kelly Bodnar Battles,Director
ANET,2026-02-23,2026-02-25,0001596532-26-000039,S,Sale,sell,19.0,130.5926,2481.2594,-2481.2594,Kelly Bodnar Battles,Director
ANET,2026-02-23,2026-02-25,0001596532-26-000039,S,Sale,sell,10.0,131.464,1314.6399999999999,-1314.6399999999999,Kelly Bodnar Battles,Director
ANET,2026-02-17,2026-02-19,0001605808-26-000002,S,Sale,sell,6069.0,141.1477,856625.3912999999,-856625.3912999999,Kenneth Duda,President and CTO
ANET,2026-02-17,2026-02-19,0001605808-26-000002,S,Sale,sell,10363.0,142.1004,1472586.4452000002,-1472586.4452000002,Kenneth Duda,President and CTO
ANET,2026-02-17,2026-02-19,0001605808-26-000002,S,Sale,sell,10989.0,142.9243,1570595.1327,-1570595.1327,Kenneth Duda,President and CTO
ANET,2026-02-17,2026-02-19,0001605808-26-000002,S,Sale,sell,4524.0,143.7159,650170.7316,-650170.7316,Kenneth Duda,President and CTO
ANET,2026-02-17,2026-02-19,0001605808-26-000002,S,Sale,sell,55.0,144.74,7960.700000000001,-7960.700000000001,Kenneth Duda,President and CTO
ANET,2026-02-17,2026-02-19,0001605808-26-000002,S,Sale,sell,1897.0,141.1477,267757.1869,-267757.1869,Kenneth Duda,President and CTO
ANET,2026-02-17,2026-02-19,0001605808-26-000002,S,Sale,sell,3238.0,142.1004,460121.09520000004,-460121.09520000004,Kenneth Duda,President and CTO
ANET,2026-02-17,2026-02-19,0001605808-26-000002,S,Sale,sell,3434.0,142.9243,490802.0462,-490802.0462,Kenneth Duda,President and CTO
ANET,2026-02-17,2026-02-19,0001605808-26-000002,S,Sale,sell,1414.0,143.7159,203214.2826,-203214.2826,Kenneth Duda,President and CTO
ANET,2026-02-17,2026-02-19,0001605808-26-000002,S,Sale,sell,17.0,144.74,2460.58,-2460.58,Kenneth Duda,President and CTO
ANET,2026-02-17,2026-02-19,0001605808-26-000002,S,Sale,sell,3034.0,141.1477,428242.12179999996,-428242.12179999996,Kenneth Duda,President and CTO
ANET,2026-02-17,2026-02-19,0001605808-26-000002,S,Sale,sell,5182.0,142.1004,736364.2728,-736364.2728,Kenneth Duda,President and CTO
ANET,2026-02-17,2026-02-19,0001605808-26-000002,S,Sale,sell,5494.0,142.9243,785226.1042,-785226.1042,Kenneth Duda,President and CTO
ANET,2026-02-17,2026-02-19,0001605808-26-000002,S,Sale,sell,2262.0,142.7159,322823.3658,-322823.3658,Kenneth Duda,President and CTO
ANET,2026-02-17,2026-02-19,0001605808-26-000002,S,Sale,sell,28.0,144.74,4052.7200000000003,-4052.7200000000003,Kenneth Duda,President and CTO
ANET,2026-02-02,2026-02-04,0001596532-26-000007,S,Sale,sell,1900.0,138.9082,263925.58,-263925.58,Charles H Giancarlo,Director
ANET,2026-02-02,2026-02-04,0001596532-26-000007,S,Sale,sell,1590.0,140.2747,223036.773,-223036.773,Charles H Giancarlo,Director
ANET,2026-02-02,2026-02-04,0001596532-26-000007,S,Sale,sell,3910.0,141.0087,551344.017,-551344.017,Charles H Giancarlo,Director
ANET,2026-02-02,2026-02-04,0001596532-26-000007,S,Sale,sell,600.0,141.9373,85162.37999999999,-85162.37999999999,Charles H Giancarlo,Director
ANET,2026-01-20,2026-01-22,0001596532-26-000005,S,Sale,sell,7237.0,127.2796,921122.4652,-921122.4652,Kenneth Duda,President and CTO
ANET,2026-01-20,2026-01-22,0001596532-26-000005,S,Sale,sell,9600.0,128.0123,1228918.08,-1228918.08,Kenneth Duda,President and CTO
ANET,2026-01-20,2026-01-22,0001596532-26-000005,S,Sale,sell,10756.0,129.2549,1390265.7044,-1390265.7044,Kenneth Duda,President and CTO
ANET,2026-01-20,2026-01-22,0001596532-26-000005,S,Sale,sell,2407.0,129.8985,312665.68950000004,-312665.68950000004,Kenneth Duda,President and CTO
ANET,2026-01-20,2026-01-22,0001596532-26-000005,S,Sale,sell,3860.0,127.2796,491299.256,-491299.256,Kenneth Duda,President and CTO
ANET,2026-01-20,2026-01-22,0001596532-26-000005,S,Sale,sell,5120.0,128.0123,655422.976,-655422.976,Kenneth Duda,President and CTO
ANET,2026-01-20,2026-01-22,0001596532-26-000005,S,Sale,sell,5736.0,129.2549,741406.1063999999,-741406.1063999999,Kenneth Duda,President and CTO
ANET,2026-01-20,2026-01-22,0001596532-26-000005,S,Sale,sell,1284.0,129.8985,166789.67400000003,-166789.67400000003,Kenneth Duda,President and CTO
ANET,2026-01-20,2026-01-22,0001596532-26-000005,S,Sale,sell,2413.0,127.2796,307125.6748,-307125.6748,Kenneth Duda,President and CTO
ANET,2026-01-20,2026-01-22,0001596532-26-000005,S,Sale,sell,3200.0,128.0123,409639.36000000004,-409639.36000000004,Kenneth Duda,President and CTO
ANET,2026-01-20,2026-01-22,0001596532-26-000005,S,Sale,sell,3585.0,129.2549,463378.81649999996,-463378.81649999996,Kenneth Duda,President and CTO
ANET,2026-01-20,2026-01-22,0001596532-26-000005,S,Sale,sell,802.0,129.8985,104178.59700000001,-104178.59700000001,Kenneth Duda,President and CTO
ANET,2026-01-02,2026-01-06,0001596532-26-000002,S,Sale,sell,2476.0,132.9695,329232.482,-329232.482,Charles H Giancarlo,Director
ANET,2026-01-02,2026-01-06,0001596532-26-000002,S,Sale,sell,3524.0,133.6371,470937.14040000003,-470937.14040000003,Charles H Giancarlo,Director
ANET,2026-01-02,2026-01-06,0001596532-26-000002,S,Sale,sell,1800.0,134.9893,242980.73999999996,-242980.73999999996,Charles H Giancarlo,Director
ANET,2026-01-02,2026-01-06,0001596532-26-000002,S,Sale,sell,200.0,135.705,27141.000000000004,-27141.000000000004,Charles H Giancarlo,Director
ANET,2025-12-17,2025-12-19,0001596532-25-000324,S,Sale,sell,15766.0,122.4343,1930299.1738,-1930299.1738,Kenneth Duda,President and CTO
ANET,2025-12-17,2025-12-19,0001596532-25-000324,S,Sale,sell,6788.0,123.0884,835524.0591999999,-835524.0591999999,Kenneth Duda,President and CTO
ANET,2025-12-17,2025-12-19,0001596532-25-000324,S,Sale,sell,4553.0,124.3203,566030.3259,-566030.3259,Kenneth Duda,President and CTO
ANET,2025-12-17,2025-12-19,0001596532-25-000324,S,Sale,sell,2625.0,125.3078,328932.975,-328932.975,Kenneth Duda,President and CTO
ANET,2025-12-17,2025-12-19,0001596532-25-000324,S,Sale,sell,268.0,126.44,33885.92,-33885.92,Kenneth Duda,President and CTO
ANET,2025-12-17,2025-12-19,0001596532-25-000324,S,Sale,sell,8409.0,122.4343,1029550.0286999999,-1029550.0286999999,Kenneth Duda,President and CTO
ANET,2025-12-17,2025-12-19,0001596532-25-000324,S,Sale,sell,3619.0,123.0884,445456.91959999996,-445456.91959999996,Kenneth Duda,President and CTO
ANET,2025-12-17,2025-12-19,0001596532-25-000324,S,Sale,sell,2429.0,124.3203,301974.0087,-301974.0087,Kenneth Duda,President and CTO
ANET,2025-12-17,2025-12-19,0001596532-25-000324,S,Sale,sell,1400.0,125.3078,175430.92,-175430.92,Kenneth Duda,President and CTO
ANET,2025-12-17,2025-12-19,0001596532-25-000324,S,Sale,sell,143.0,126.44,18080.92,-18080.92,Kenneth Duda,President and CTO
ANET,2025-12-17,2025-12-19,0001596532-25-000324,S,Sale,sell,5255.0,122.4343,643392.2465,-643392.2465,Kenneth Duda,President and CTO
ANET,2025-12-17,2025-12-19,0001596532-25-000324,S,Sale,sell,2263.0,123.0884,278549.0492,-278549.0492,Kenneth Duda,President and CTO
ANET,2025-12-17,2025-12-19,0001596532-25-000324,S,Sale,sell,1518.0,124.3203,188718.21540000002,-188718.21540000002,Kenneth Duda,President and CTO
ANET,2025-12-17,2025-12-19,0001596532-25-000324,S,Sale,sell,875.0,125.3078,109644.325,-109644.325,Kenneth Duda,President and CTO
ANET,2025-12-17,2025-12-19,0001596532-25-000324,S,Sale,sell,89.0,126.44,11253.16,-11253.16,Kenneth Duda,President and CTO
ANET,2025-12-01,2025-12-03,0001596532-25-000320,S,Sale,sell,564.0,126.928,71587.39199999999,-71587.39199999999,Charles H Giancarlo,Director
ANET,2025-12-01,2025-12-03,0001596532-25-000320,S,Sale,sell,4552.0,127.9277,582326.8904,-582326.8904,Charles H Giancarlo,Director
ANET,2025-12-01,2025-12-03,0001596532-25-000320,S,Sale,sell,2884.0,128.5834,370834.52560000005,-370834.52560000005,Charles H Giancarlo,Director
ANET,2025-11-25,2025-11-28,0001596532-25-000318,S,Sale,sell,2400.0,123.198,295675.2,-295675.2,Jayshree Ullal,CEO and Chairperson
ANET,2025-11-25,2025-11-28,0001596532-25-000318,S,Sale,sell,8100.0,124.0545,1004841.4500000001,-1004841.4500000001,Jayshree Ullal,CEO and Chairperson
ANET,2025-11-25,2025-11-28,0001596532-25-000318,S,Sale,sell,12742.0,125.0603,1593518.3426,-1593518.3426,Jayshree Ullal,CEO and Chairperson
ANET,2025-11-25,2025-11-28,0001596532-25-000318,S,Sale,sell,800.0,125.6238,100499.04000000001,-100499.04000000001,Jayshree Ullal,CEO and Chairperson
ANET,2025-11-21,2025-11-25,0001596532-25-000314,S,Sale,sell,22.0,115.3,2536.6,-2536.6,Kelly Bodnar Battles,Director
ANET,2025-11-21,2025-11-25,0001596532-25-000314,S,Sale,sell,52.0,116.2177,6043.3204,-6043.3204,Kelly Bodnar Battles,Director
ANET,2025-11-21,2025-11-25,0001596532-25-000314,S,Sale,sell,264.0,116.9681,30879.578400000002,-30879.578400000002,Kelly Bodnar Battles,Director
ANET,2025-11-21,2025-11-25,0001596532-25-000314,S,Sale,sell,42.0,118.3786,4971.9012,-4971.9012,Kelly Bodnar Battles,Director
ANET,2025-11-21,2025-11-25,0001596532-25-000314,S,Sale,sell,42.0,119.1605,5004.741,-5004.741,Kelly Bodnar Battles,Director
ANET,2025-11-17,2025-11-19,0001596532-25-000292,S,Sale,sell,5307.0,125.8977,668139.0939,-668139.0939,Kenneth Duda,President and CTO
ANET,2025-11-17,2025-11-19,0001596532-25-000292,S,Sale,sell,4740.0,126.9987,601973.838,-601973.838,Kenneth Duda,President and CTO
ANET,2025-11-17,2025-11-19,0001596532-25-000292,S,Sale,sell,3362.0,128.1106,430707.8372,-430707.8372,Kenneth Duda,President and CTO
ANET,2025-11-17,2025-11-19,0001596532-25-000292,S,Sale,sell,9262.0,129.1556,1196239.1672,-1196239.1672,Kenneth Duda,President and CTO
ANET,2025-11-17,2025-11-19,0001596532-25-000292,S,Sale,sell,2177.0,129.7379,282439.4083,-282439.4083,Kenneth Duda,President and CTO
ANET,2025-11-17,2025-11-19,0001596532-25-000292,S,Sale,sell,2877.0,131.3683,377946.5991,-377946.5991,Kenneth Duda,President and CTO
ANET,2025-11-17,2025-11-19,0001596532-25-000292,S,Sale,sell,2275.0,132.2978,300977.495,-300977.495,Kenneth Duda,President and CTO
ANET,2025-11-17,2025-11-19,0001596532-25-000292,S,Sale,sell,2831.0,125.8977,356416.3887,-356416.3887,Kenneth Duda,President and CTO
ANET,2025-11-17,2025-11-19,0001596532-25-000292,S,Sale,sell,2528.0,126.9987,321052.7136,-321052.7136,Kenneth Duda,President and CTO
ANET,2025-11-17,2025-11-19,0001596532-25-000292,S,Sale,sell,1792.0,128.1106,229574.19520000002,-229574.19520000002,Kenneth Duda,President and CTO
ANET,2025-11-17,2025-11-19,0001596532-25-000292,S,Sale,sell,4940.0,129.1556,638028.664,-638028.664,Kenneth Duda,President and CTO
ANET,2025-11-17,2025-11-19,0001596532-25-000292,S,Sale,sell,1160.0,129.7379,150495.964,-150495.964,Kenneth Duda,President and CTO
ANET,2025-11-17,2025-11-19,0001596532-25-000292,S,Sale,sell,1535.0,131.3683,201650.34050000002,-201650.34050000002,Kenneth Duda,President and CTO
ANET,2025-11-17,2025-11-19,0001596532-25-000292,S,Sale,sell,1214.0,132.2978,160609.5292,-160609.5292,Kenneth Duda,President and CTO
ANET,2025-11-17,2025-11-19,0001596532-25-000292,S,Sale,sell,1769.0,125.8977,222713.0313,-222713.0313,Kenneth Duda,President and CTO
ANET,2025-11-17,2025-11-19,0001596532-25-000292,S,Sale,sell,1580.0,126.9987,200657.946,-200657.946,Kenneth Duda,President and CTO
ANET,2025-11-17,2025-11-19,0001596532-25-000292,S,Sale,sell,1121.0,128.1106,143611.98260000002,-143611.98260000002,Kenneth Duda,President and CTO
ANET,2025-11-17,2025-11-19,0001596532-25-000292,S,Sale,sell,3087.0,129.1556,398703.33719999995,-398703.33719999995,Kenneth Duda,President and CTO
ANET,2025-11-17,2025-11-19,0001596532-25-000292,S,Sale,sell,726.0,129.7379,94189.7154,-94189.7154,Kenneth Duda,President and CTO
ANET,2025-11-17,2025-11-19,0001596532-25-000292,S,Sale,sell,959.0,131.3683,125982.19970000001,-125982.19970000001,Kenneth Duda,President and CTO
ANET,2025-11-17,2025-11-19,0001596532-25-000292,S,Sale,sell,758.0,132.2978,100281.7324,-100281.7324,Kenneth Duda,President and CTO
ANET,2025-11-03,2025-11-05,0001596532-25-000288,S,Sale,sell,2168.0,156.3252,338913.03359999997,-338913.03359999997,Charles H Giancarlo,Director
ANET,2025-11-03,2025-11-05,0001596532-25-000288,S,Sale,sell,5232.0,157.3273,823136.4336,-823136.4336,Charles H Giancarlo,Director
ANET,2025-11-03,2025-11-05,0001596532-25-000288,S,Sale,sell,500.0,158.011,79005.5,-79005.5,Charles H Giancarlo,Director
ANET,2025-11-03,2025-11-05,0001596532-25-000288,S,Sale,sell,100.0,159.02,15902.000000000002,-15902.000000000002,Charles H Giancarlo,Director
ANET,2025-10-17,2025-10-21,0001596532-25-000279,S,Sale,sell,1307.0,140.0367,183027.9669,-183027.9669,Kenneth Duda,President and CTO
ANET,2025-10-17,2025-10-21,0001596532-25-000279,S,Sale,sell,1612.0,140.9664,227237.8368,-227237.8368,Kenneth Duda,President and CTO
ANET,2025-10-17,2025-10-21,0001596532-25-000279,S,Sale,sell,5662.0,142.2039,805158.4818000001,-805158.4818000001,Kenneth Duda,President and CTO
ANET,2025-10-17,2025-10-21,0001596532-25-000279,S,Sale,sell,17352.0,143.0645,2482455.2040000004,-2482455.2040000004,Kenneth Duda,President and CTO
ANET,2025-10-17,2025-10-21,0001596532-25-000279,S,Sale,sell,4067.0,143.7229,584521.0343,-584521.0343,Kenneth Duda,President and CTO
ANET,2025-10-17,2025-10-21,0001596532-25-000279,S,Sale,sell,697.0,140.0367,97605.5799,-97605.5799,Kenneth Duda,President and CTO
ANET,2025-10-17,2025-10-21,0001596532-25-000279,S,Sale,sell,860.0,140.9664,121231.10399999999,-121231.10399999999,Kenneth Duda,President and CTO
ANET,2025-10-17,2025-10-21,0001596532-25-000279,S,Sale,sell,3020.0,142.2039,429455.778,-429455.778,Kenneth Duda,President and CTO
ANET,2025-10-17,2025-10-21,0001596532-25-000279,S,Sale,sell,9255.0,143.0645,1324061.9475,-1324061.9475,Kenneth Duda,President and CTO
ANET,2025-10-17,2025-10-21,0001596532-25-000279,S,Sale,sell,2168.0,143.7229,311591.24720000004,-311591.24720000004,Kenneth Duda,President and CTO
ANET,2025-10-17,2025-10-21,0001596532-25-000279,S,Sale,sell,436.0,140.0367,61056.0012,-61056.0012,Kenneth Duda,President and CTO
ANET,2025-10-17,2025-10-21,0001596532-25-000279,S,Sale,sell,537.0,140.9664,75698.9568,-75698.9568,Kenneth Duda,President and CTO
ANET,2025-10-17,2025-10-21,0001596532-25-000279,S,Sale,sell,1887.0,142.2039,268338.75930000003,-268338.75930000003,Kenneth Duda,President and CTO
ANET,2025-10-17,2025-10-21,0001596532-25-000279,S,Sale,sell,5784.0,143.0645,827485.0680000001,-827485.0680000001,Kenneth Duda,President and CTO
ANET,2025-10-17,2025-10-21,0001596532-25-000279,S,Sale,sell,1356.0,143.7229,194888.25240000003,-194888.25240000003,Kenneth Duda,President and CTO
ANET,2025-10-01,2025-10-03,0001596532-25-000277,S,Sale,sell,1200.0,144.3372,173204.63999999998,-173204.63999999998,Charles H Giancarlo,Director
ANET,2025-10-01,2025-10-03,0001596532-25-000277,S,Sale,sell,800.0,145.3216,116257.28,-116257.28,Charles H Giancarlo,Director
ANET,2025-10-01,2025-10-03,0001596532-25-000277,S,Sale,sell,800.0,146.1913,116953.04000000001,-116953.04000000001,Charles H Giancarlo,Director
ANET,2025-10-01,2025-10-03,0001596532-25-000277,S,Sale,sell,700.0,147.2257,103057.98999999999,-103057.98999999999,Charles H Giancarlo,Director
ANET,2025-10-01,2025-10-03,0001596532-25-000277,S,Sale,sell,2350.0,148.6826,349404.11000000004,-349404.11000000004,Charles H Giancarlo,Director
ANET,2025-10-01,2025-10-03,0001596532-25-000277,S,Sale,sell,2150.0,149.3084,321013.06,-321013.06,Charles H Giancarlo,Director
ANET,2025-09-19,2025-09-23,0001596532-25-000275,S,Sale,sell,10737.0,147.3363,1581949.8531,-1581949.8531,Charles H Giancarlo,Director
ANET,2025-09-19,2025-09-23,0001596532-25-000275,S,Sale,sell,20633.0,148.1802,3057402.0666000005,-3057402.0666000005,Charles H Giancarlo,Director
ANET,2025-09-19,2025-09-23,0001596532-25-000275,S,Sale,sell,18458.0,149.3054,2755879.0732,-2755879.0732,Charles H Giancarlo,Director
ANET,2025-09-19,2025-09-23,0001596532-25-000275,S,Sale,sell,172.0,149.845,25773.34,-25773.34,Charles H Giancarlo,Director
ANET,2025-09-19,2025-09-23,0001596532-25-000275,S,Sale,sell,1718.0,147.3363,253123.7634,-253123.7634,Charles H Giancarlo,Director
ANET,2025-09-19,2025-09-23,0001596532-25-000275,S,Sale,sell,3301.0,148.1802,489142.84020000004,-489142.84020000004,Charles H Giancarlo,Director
ANET,2025-09-19,2025-09-23,0001596532-25-000275,S,Sale,sell,2953.0,149.3054,440898.84619999997,-440898.84619999997,Charles H Giancarlo,Director
ANET,2025-09-19,2025-09-23,0001596532-25-000275,S,Sale,sell,28.0,149.845,4195.66,-4195.66,Charles H Giancarlo,Director
ANET,2025-09-17,2025-09-19,0001596532-25-000273,S,Sale,sell,965.0,139.1365,134266.7225,-134266.7225,Kenneth Duda,President and CTO
ANET,2025-09-17,2025-09-19,0001596532-25-000273,S,Sale,sell,2143.0,140.3482,300766.1926,-300766.1926,Kenneth Duda,President and CTO
ANET,2025-09-17,2025-09-19,0001596532-25-000273,S,Sale,sell,16247.0,141.3302,2296191.7594,-2296191.7594,Kenneth Duda,President and CTO
ANET,2025-09-17,2025-09-19,0001596532-25-000273,S,Sale,sell,4699.0,142.64,670265.36,-670265.36,Kenneth Duda,President and CTO
ANET,2025-09-17,2025-09-19,0001596532-25-000273,S,Sale,sell,5946.0,143.35,852359.1,-852359.1,Kenneth Duda,President and CTO
ANET,2025-09-17,2025-09-19,0001596532-25-000273,S,Sale,sell,514.0,139.1365,71516.16100000001,-71516.16100000001,Kenneth Duda,President and CTO
ANET,2025-09-17,2025-09-19,0001596532-25-000273,S,Sale,sell,1142.0,140.3482,160277.6444,-160277.6444,Kenneth Duda,President and CTO
ANET,2025-09-17,2025-09-19,0001596532-25-000273,S,Sale,sell,8666.0,141.3302,1224767.5132,-1224767.5132,Kenneth Duda,President and CTO
ANET,2025-09-17,2025-09-19,0001596532-25-000273,S,Sale,sell,2506.0,142.64,357455.83999999997,-357455.83999999997,Kenneth Duda,President and CTO
ANET,2025-09-17,2025-09-19,0001596532-25-000273,S,Sale,sell,3172.0,143.35,454706.19999999995,-454706.19999999995,Kenneth Duda,President and CTO
ANET,2025-09-17,2025-09-19,0001596532-25-000273,S,Sale,sell,321.0,139.1365,44662.8165,-44662.8165,Kenneth Duda,President and CTO
ANET,2025-09-17,2025-09-19,0001596532-25-000273,S,Sale,sell,715.0,140.3482,100348.96299999999,-100348.96299999999,Kenneth Duda,President and CTO
ANET,2025-09-17,2025-09-19,0001596532-25-000273,S,Sale,sell,5415.0,141.3302,765303.0329999999,-765303.0329999999,Kenneth Duda,President and CTO
ANET,2025-09-17,2025-09-19,0001596532-25-000273,S,Sale,sell,1567.0,142.64,223516.87999999998,-223516.87999999998,Kenneth Duda,President and CTO
ANET,2025-09-17,2025-09-19,0001596532-25-000273,S,Sale,sell,1982.0,143.35,284119.7,-284119.7,Kenneth Duda,President and CTO
ANET,2025-09-10,2025-09-12,0001596532-25-000270,S,Sale,sell,3440.0,145.2161,499543.384,-499543.384,Jayshree Ullal,CEO and Chairperson
ANET,2025-09-10,2025-09-12,0001596532-25-000270,S,Sale,sell,32304.0,146.6615,4737753.096,-4737753.096,Jayshree Ullal,CEO and Chairperson
ANET,2025-09-10,2025-09-12,0001596532-25-000270,S,Sale,sell,55197.0,147.418,8137031.346,-8137031.346,Jayshree Ullal,CEO and Chairperson
ANET,2025-09-10,2025-09-12,0001596532-25-000270,S,Sale,sell,1054.0,148.074,156069.996,-156069.996,Jayshree Ullal,CEO and Chairperson
ANET,2025-09-10,2025-09-12,0001596532-25-000270,S,Sale,sell,80171.0,150.2035,12041964.7985,-12041964.7985,Jayshree Ullal,CEO and Chairperson
ANET,2025-09-10,2025-09-12,0001596532-25-000270,S,Sale,sell,18051.0,145.2161,2621295.8211000003,-2621295.8211000003,Jayshree Ullal,CEO and Chairperson
ANET,2025-09-10,2025-09-12,0001596532-25-000270,S,Sale,sell,169497.0,146.6615,24858684.265499998,-24858684.265499998,Jayshree Ullal,CEO and Chairperson
ANET,2025-09-10,2025-09-12,0001596532-25-000270,S,Sale,sell,289618.0,147.418,42694906.324,-42694906.324,Jayshree Ullal,CEO and Chairperson
ANET,2025-09-10,2025-09-12,0001596532-25-000270,S,Sale,sell,5532.0,148.074,819145.368,-819145.368,Jayshree Ullal,CEO and Chairperson
ANET,2025-09-10,2025-09-12,0001596532-25-000270,S,Sale,sell,420658.0,150.2035,63184303.903,-63184303.903,Jayshree Ullal,CEO and Chairperson
ANET,2025-09-08,2025-09-10,0001596532-25-000268,S,Sale,sell,7023.0,143.5038,1007827.1874,-1007827.1874,Jayshree Ullal,CEO and Chairperson
ANET,2025-09-08,2025-09-10,0001596532-25-000268,S,Sale,sell,780.0,144.0421,112352.838,-112352.838,Jayshree Ullal,CEO and Chairperson
ANET,2025-09-08,2025-09-10,0001596532-25-000268,S,Sale,sell,36851.0,143.5038,5288258.5338,-5288258.5338,Jayshree Ullal,CEO and Chairperson
ANET,2025-09-08,2025-09-10,0001596532-25-000268,S,Sale,sell,4091.0,144.0421,589276.2311,-589276.2311,Jayshree Ullal,CEO and Chairperson
ANET,2025-09-05,2025-09-09,0001596532-25-000261,S,Sale,sell,33010.0,143.2081,4727299.381,-4727299.381,Jayshree Ullal,CEO and Chairperson
ANET,2025-09-05,2025-09-09,0001596532-25-000261,S,Sale,sell,24122.0,144.5372,3486526.3384000002,-3486526.3384000002,Jayshree Ullal,CEO and Chairperson
ANET,2025-09-05,2025-09-09,0001596532-25-000261,S,Sale,sell,3413.0,145.0951,495209.5763,-495209.5763,Jayshree Ullal,CEO and Chairperson
ANET,2025-09-05,2025-09-09,0001596532-25-000261,S,Sale,sell,173204.0,143.2081,24804215.7524,-24804215.7524,Jayshree Ullal,CEO and Chairperson
ANET,2025-09-05,2025-09-09,0001596532-25-000261,S,Sale,sell,126563.0,144.5372,18293061.643600002,-18293061.643600002,Jayshree Ullal,CEO and Chairperson
ANET,2025-09-05,2025-09-09,0001596532-25-000261,S,Sale,sell,17907.0,145.0951,2598217.9557,-2598217.9557,Jayshree Ullal,CEO and Chairperson
ANET,2025-08-25,2025-08-27,0001596532-25-000250,S,Sale,sell,2568.0,131.0369,336502.75920000003,-336502.75920000003,Jayshree Ullal,CEO and Chairperson
ANET,2025-08-25,2025-08-27,0001596532-25-000250,S,Sale,sell,3432.0,132.0938,453345.92159999994,-453345.92159999994,Jayshree Ullal,CEO and Chairperson
ANET,2025-08-25,2025-08-27,0001596532-25-000250,S,Sale,sell,16440.0,133.0977,2188126.188,-2188126.188,Jayshree Ullal,CEO and Chairperson
ANET,2025-08-25,2025-08-27,0001596532-25-000250,S,Sale,sell,1600.0,133.6029,213764.64,-213764.64,Jayshree Ullal,CEO and Chairperson
ANET,2025-08-18,2025-08-20,0001596532-25-000226,S,Sale,sell,7092.0,135.5703,961464.5676000001,-961464.5676000001,Kenneth Duda,CTO and SVP Software Eng.
ANET,2025-08-18,2025-08-20,0001596532-25-000226,S,Sale,sell,14704.0,136.4658,2006593.1232,-2006593.1232,Kenneth Duda,CTO and SVP Software Eng.
ANET,2025-08-18,2025-08-20,0001596532-25-000226,S,Sale,sell,8204.0,137.3889,1127138.5356,-1127138.5356,Kenneth Duda,CTO and SVP Software Eng.
ANET,2025-08-18,2025-08-20,0001596532-25-000226,S,Sale,sell,3782.0,135.5703,512726.87460000004,-512726.87460000004,Kenneth Duda,CTO and SVP Software Eng.
ANET,2025-08-18,2025-08-20,0001596532-25-000226,S,Sale,sell,7843.0,136.4658,1070301.2694,-1070301.2694,Kenneth Duda,CTO and SVP Software Eng.
ANET,2025-08-18,2025-08-20,0001596532-25-000226,S,Sale,sell,4375.0,137.3889,601076.4375,-601076.4375,Kenneth Duda,CTO and SVP Software Eng.
ANET,2025-08-18,2025-08-20,0001596532-25-000226,S,Sale,sell,2364.0,135.5703,320488.1892,-320488.1892,Kenneth Duda,CTO and SVP Software Eng.
ANET,2025-08-18,2025-08-20,0001596532-25-000226,S,Sale,sell,4901.0,136.4658,668818.8858,-668818.8858,Kenneth Duda,CTO and SVP Software Eng.
ANET,2025-08-18,2025-08-20,0001596532-25-000226,S,Sale,sell,2735.0,137.3889,375758.6415,-375758.6415,Kenneth Duda,CTO and SVP Software Eng.
ANET,2025-08-08,2025-08-12,0001596532-25-000224,S,Sale,sell,26625.0,139.6707,3718732.3875,-3718732.3875,Jayshree Ullal,CEO and Chairperson
ANET,2025-08-08,2025-08-12,0001596532-25-000224,S,Sale,sell,139729.0,139.6707,19516047.2403,-19516047.2403,Jayshree Ullal,CEO and Chairperson
ANET,2025-08-07,2025-08-11,0001596532-25-000222,S,Sale,sell,37308.0,139.7422,5213501.997599999,-5213501.997599999,Jayshree Ullal,CEO and Chairperson
ANET,2025-08-07,2025-08-11,0001596532-25-000222,S,Sale,sell,10420.0,140.606,1465114.52,-1465114.52,Jayshree Ullal,CEO and Chairperson
ANET,2025-08-07,2025-08-11,0001596532-25-000222,S,Sale,sell,195732.0,139.7422,27352020.2904,-27352020.2904,Jayshree Ullal,CEO and Chairperson
ANET,2025-08-07,2025-08-11,0001596532-25-000222,S,Sale,sell,54668.0,140.606,7686648.807999999,-7686648.807999999,Jayshree Ullal,CEO and Chairperson
ANET,2025-08-06,2025-08-08,0001596532-25-000220,S,Sale,sell,18942.0,134.6988,2551464.6696,-2551464.6696,Jayshree Ullal,CEO and Chairperson
ANET,2025-08-06,2025-08-08,0001596532-25-000220,S,Sale,sell,100524.0,135.7693,13648073.1132,-13648073.1132,Jayshree Ullal,CEO and Chairperson
ANET,2025-08-06,2025-08-08,0001596532-25-000220,S,Sale,sell,100518.0,136.5432,13725049.377600001,-13725049.377600001,Jayshree Ullal,CEO and Chairperson
ANET,2025-08-06,2025-08-08,0001596532-25-000220,S,Sale,sell,20529.0,137.3239,2819122.3431,-2819122.3431,Jayshree Ullal,CEO and Chairperson
ANET,2025-08-06,2025-08-08,0001596532-25-000220,S,Sale,sell,5818.0,139.5068,811650.5623999999,-811650.5623999999,Jayshree Ullal,CEO and Chairperson
ANET,2025-08-06,2025-08-08,0001596532-25-000220,S,Sale,sell,99386.0,134.6988,13387174.936800001,-13387174.936800001,Jayshree Ullal,CEO and Chairperson
ANET,2025-08-06,2025-08-08,0001596532-25-000220,S,Sale,sell,527454.0,135.7693,71612060.36219999,-71612060.36219999,Jayshree Ullal,CEO and Chairperson
ANET,2025-08-06,2025-08-08,0001596532-25-000220,S,Sale,sell,527418.0,136.5432,72015341.45760001,-72015341.45760001,Jayshree Ullal,CEO and Chairperson
ANET,2025-08-06,2025-08-08,0001596532-25-000220,S,Sale,sell,107716.0,137.3239,14791981.2124,-14791981.2124,Jayshree Ullal,CEO and Chairperson
ANET,2025-08-06,2025-08-08,0001596532-25-000220,S,Sale,sell,30529.0,139.5068,4259003.0972,-4259003.0972,Jayshree Ullal,CEO and Chairperson
ANET,2025-08-01,2025-08-05,0001596532-25-000218,S,Sale,sell,1802.0,116.0858,209186.6116,-209186.6116,Charles H Giancarlo,Director
ANET,2025-08-01,2025-08-05,0001596532-25-000218,S,Sale,sell,4357.0,116.9809,509685.78130000003,-509685.78130000003,Charles H Giancarlo,Director
ANET,2025-08-01,2025-08-05,0001596532-25-000218,S,Sale,sell,1841.0,117.9637,217171.1717,-217171.1717,Charles H Giancarlo,Director
ANET,2025-07-31,2025-08-04,0001596532-25-000210,S,Sale,sell,4979.0,122.6014,610432.3706,-610432.3706,Jayshree Ullal,CEO and Chairperson
ANET,2025-07-31,2025-08-04,0001596532-25-000210,S,Sale,sell,35285.0,123.2896,4350273.535999999,-4350273.535999999,Jayshree Ullal,CEO and Chairperson
ANET,2025-07-31,2025-08-04,0001596532-25-000210,S,Sale,sell,1019.0,124.2247,126584.9693,-126584.9693,Jayshree Ullal,CEO and Chairperson
ANET,2025-07-31,2025-08-04,0001596532-25-000210,S,Sale,sell,80171.0,125.6002,10069493.6342,-10069493.6342,Jayshree Ullal,CEO and Chairperson
ANET,2025-07-31,2025-08-04,0001596532-25-000210,S,Sale,sell,26127.0,122.6014,3203206.7778,-3203206.7778,Jayshree Ullal,CEO and Chairperson
ANET,2025-07-31,2025-08-04,0001596532-25-000210,S,Sale,sell,185140.0,123.2896,22825836.544,-22825836.544,Jayshree Ullal,CEO and Chairperson
ANET,2025-07-31,2025-08-04,0001596532-25-000210,S,Sale,sell,5347.0,124.2247,664229.4709,-664229.4709,Jayshree Ullal,CEO and Chairperson
ANET,2025-07-31,2025-08-04,0001596532-25-000210,S,Sale,sell,420658.0,125.6002,52834728.9316,-52834728.9316,Jayshree Ullal,CEO and Chairperson
ANET,2025-07-30,2025-08-01,0001596532-25-000203,S,Sale,sell,39827.0,122.1878,4866373.5106,-4866373.5106,Jayshree Ullal,CEO and Chairperson
ANET,2025-07-30,2025-08-01,0001596532-25-000203,S,Sale,sell,27.0,123.0,3321.0,-3321.0,Jayshree Ullal,CEO and Chairperson
ANET,2025-07-30,2025-08-01,0001596532-25-000203,S,Sale,sell,208972.0,122.1878,25533828.9416,-25533828.9416,Jayshree Ullal,CEO and Chairperson
ANET,2025-07-30,2025-08-01,0001596532-25-000203,S,Sale,sell,140.0,123.0,17220.0,-17220.0,Jayshree Ullal,CEO and Chairperson
ANET,2025-07-29,2025-07-31,0001596532-25-000201,S,Sale,sell,65854.0,119.0589,7840504.8006,-7840504.8006,Jayshree Ullal,CEO and Chairperson
ANET,2025-07-29,2025-07-31,0001596532-25-000201,S,Sale,sell,15283.0,119.5575,1827197.2725,-1827197.2725,Jayshree Ullal,CEO and Chairperson
ANET,2025-07-29,2025-07-31,0001596532-25-000201,S,Sale,sell,345533.0,119.0589,41138778.893699996,-41138778.893699996,Jayshree Ullal,CEO and Chairperson
ANET,2025-07-29,2025-07-31,0001596532-25-000201,S,Sale,sell,80193.0,119.5575,9587674.5975,-9587674.5975,Jayshree Ullal,CEO and Chairperson
ANET,2025-07-28,2025-07-30,0001596532-25-000199,S,Sale,sell,72168.0,115.5839,8341458.8952,-8341458.8952,Jayshree Ullal,CEO and Chairperson
ANET,2025-07-28,2025-07-30,0001596532-25-000199,S,Sale,sell,593.0,116.0017,68789.0081,-68789.0081,Jayshree Ullal,CEO and Chairperson
ANET,2025-07-28,2025-07-30,0001596532-25-000199,S,Sale,sell,378665.0,115.5839,43767577.4935,-43767577.4935,Jayshree Ullal,CEO and Chairperson
ANET,2025-07-28,2025-07-30,0001596532-25-000199,S,Sale,sell,3115.0,116.0017,361345.2955,-361345.2955,Jayshree Ullal,CEO and Chairperson
ANET,2025-07-25,2025-07-29,0001596532-25-000197,S,Sale,sell,8376.0,115.0209,963415.0584,-963415.0584,Jayshree Ullal,CEO and Chairperson
ANET,2025-07-25,2025-07-29,0001596532-25-000197,S,Sale,sell,43946.0,115.0209,5054708.4714,-5054708.4714,Jayshree Ullal,CEO and Chairperson
ANET,2025-07-25,2025-07-29,0001596532-25-000196,S,Sale,sell,367.0,114.4016,41985.3872,-41985.3872,Kelly Bodnar Battles,Director
ANET,2025-07-25,2025-07-29,0001596532-25-000196,S,Sale,sell,497.0,114.8813,57096.0061,-57096.0061,Kelly Bodnar Battles,Director
ANET,2025-07-17,2025-07-21,0001596532-25-000193,S,Sale,sell,1908.0,109.2522,208453.1976,-208453.1976,Kenneth Duda,CTO and SVP Software Eng.
ANET,2025-07-17,2025-07-21,0001596532-25-000193,S,Sale,sell,2962.0,110.3251,326782.9462,-326782.9462,Kenneth Duda,CTO and SVP Software Eng.
ANET,2025-07-17,2025-07-21,0001596532-25-000193,S,Sale,sell,22004.0,111.3571,2450301.6284000003,-2450301.6284000003,Kenneth Duda,CTO and SVP Software Eng.
ANET,2025-07-17,2025-07-21,0001596532-25-000193,S,Sale,sell,3126.0,112.0348,350220.7848,-350220.7848,Kenneth Duda,CTO and SVP Software Eng.
ANET,2025-07-17,2025-07-21,0001596532-25-000193,S,Sale,sell,1018.0,109.2522,111218.7396,-111218.7396,Kenneth Duda,CTO and SVP Software Eng.
ANET,2025-07-17,2025-07-21,0001596532-25-000193,S,Sale,sell,1580.0,110.3251,174313.658,-174313.658,Kenneth Duda,CTO and SVP Software Eng.
ANET,2025-07-17,2025-07-21,0001596532-25-000193,S,Sale,sell,11735.0,111.3571,1306775.5685,-1306775.5685,Kenneth Duda,CTO and SVP Software Eng.
ANET,2025-07-17,2025-07-21,0001596532-25-000193,S,Sale,sell,1667.0,112.0348,186762.0116,-186762.0116,Kenneth Duda,CTO and SVP Software Eng.
ANET,2025-07-17,2025-07-21,0001596532-25-000193,S,Sale,sell,636.0,109.2522,69484.3992,-69484.3992,Kenneth Duda,CTO and SVP Software Eng.
ANET,2025-07-17,2025-07-21,0001596532-25-000193,S,Sale,sell,987.0,110.3251,108890.87370000001,-108890.87370000001,Kenneth Duda,CTO and SVP Software Eng.
ANET,2025-07-17,2025-07-21,0001596532-25-000193,S,Sale,sell,7335.0,111.3571,816804.3285000001,-816804.3285000001,Kenneth Duda,CTO and SVP Software Eng.
ANET,2025-07-17,2025-07-21,0001596532-25-000193,S,Sale,sell,1042.0,112.0348,116740.2616,-116740.2616,Kenneth Duda,CTO and SVP Software Eng.
ANET,2025-07-01,2025-07-03,0001596532-25-000180,S,Sale,sell,2253.0,98.1965,221236.7145,-221236.7145,Charles H Giancarlo,Director
ANET,2025-07-01,2025-07-03,0001596532-25-000180,S,Sale,sell,3548.0,98.947,351063.956,-351063.956,Charles H Giancarlo,Director
ANET,2025-07-01,2025-07-03,0001596532-25-000180,S,Sale,sell,296.0,100.0343,29610.1528,-29610.1528,Charles H Giancarlo,Director
ANET,2025-07-01,2025-07-03,0001596532-25-000180,S,Sale,sell,1660.0,101.296,168151.36000000002,-168151.36000000002,Charles H Giancarlo,Director
ANET,2025-07-01,2025-07-03,0001596532-25-000180,S,Sale,sell,243.0,102.2363,24843.4209,-24843.4209,Charles H Giancarlo,Director
ANET,2025-06-30,2025-07-02,0001596532-25-000178,S,Sale,sell,89985.0,102.4047,9214886.9295,-9214886.9295,Jayshree Ullal,President and CEO
ANET,2025-06-30,2025-07-02,0001596532-25-000178,S,Sale,sell,3483.0,103.064,358971.91199999995,-358971.91199999995,Jayshree Ullal,President and CEO
ANET,2025-06-30,2025-07-02,0001596532-25-000178,S,Sale,sell,97103.0,102.4047,9943803.5841,-9943803.5841,Jayshree Ullal,President and CEO
ANET,2025-06-30,2025-07-02,0001596532-25-000178,S,Sale,sell,3759.0,103.064,387417.576,-387417.576,Jayshree Ullal,President and CEO
ANET,2025-06-30,2025-07-02,0001596532-25-000178,S,Sale,sell,8430.0,102.4047,863271.621,-863271.621,Jayshree Ullal,President and CEO
ANET,2025-06-30,2025-07-02,0001596532-25-000178,S,Sale,sell,326.0,103.064,33598.863999999994,-33598.863999999994,Jayshree Ullal,President and CEO
ANET,2025-06-30,2025-07-02,0001596532-25-000178,S,Sale,sell,509486.0,102.4047,52173760.9842,-52173760.9842,Jayshree Ullal,President and CEO
ANET,2025-06-30,2025-07-02,0001596532-25-000178,S,Sale,sell,19722.0,103.064,2032628.2079999999,-2032628.2079999999,Jayshree Ullal,President and CEO
ANET,2025-06-27,2025-07-01,0001596532-25-000176,S,Sale,sell,223.0,101.9921,22744.238299999997,-22744.238299999997,Jayshree Ullal,President and CEO
ANET,2025-06-27,2025-07-01,0001596532-25-000176,S,Sale,sell,241.0,101.9921,24580.0961,-24580.0961,Jayshree Ullal,President and CEO
ANET,2025-06-27,2025-07-01,0001596532-25-000176,S,Sale,sell,20.0,101.9921,2039.8419999999999,-2039.8419999999999,Jayshree Ullal,President and CEO
ANET,2025-06-27,2025-07-01,0001596532-25-000176,S,Sale,sell,1271.0,101.9921,129631.9591,-129631.9591,Jayshree Ullal,President and CEO
ANET,2025-06-26,2025-06-30,0001596532-25-000174,S,Sale,sell,13075.0,102.0324,1334073.63,-1334073.63,Jayshree Ullal,President and CEO
ANET,2025-06-26,2025-06-30,0001596532-25-000174,S,Sale,sell,14110.0,102.0324,1439677.1639999999,-1439677.1639999999,Jayshree Ullal,President and CEO
ANET,2025-06-26,2025-06-30,0001596532-25-000174,S,Sale,sell,1224.0,102.0324,124887.65759999999,-124887.65759999999,Jayshree Ullal,President and CEO
ANET,2025-06-26,2025-06-30,0001596532-25-000174,S,Sale,sell,74039.0,102.0324,7554376.8636,-7554376.8636,Jayshree Ullal,President and CEO
ANET,2025-06-17,2025-06-20,0001596532-25-000172,S,Sale,sell,8050.0,90.6563,729783.215,-729783.215,Kenneth Duda,CTO and SVP Software Eng.
ANET,2025-06-17,2025-06-20,0001596532-25-000172,S,Sale,sell,8716.0,91.6564,798877.1824,-798877.1824,Kenneth Duda,CTO and SVP Software Eng.
ANET,2025-06-17,2025-06-20,0001596532-25-000172,S,Sale,sell,3743.0,92.9439,347889.0177,-347889.0177,Kenneth Duda,CTO and SVP Software Eng.
ANET,2025-06-17,2025-06-20,0001596532-25-000172,S,Sale,sell,7309.0,93.6547,684522.2023,-684522.2023,Kenneth Duda,CTO and SVP Software Eng.
ANET,2025-06-17,2025-06-20,0001596532-25-000172,S,Sale,sell,2182.0,94.327,205821.514,-205821.514,Kenneth Duda,CTO and SVP Software Eng.
ANET,2025-06-17,2025-06-20,0001596532-25-000172,S,Sale,sell,4293.0,90.6563,389187.4959,-389187.4959,Kenneth Duda,CTO and SVP Software Eng.
ANET,2025-06-17,2025-06-20,0001596532-25-000172,S,Sale,sell,4649.0,91.6564,426110.60360000003,-426110.60360000003,Kenneth Duda,CTO and SVP Software Eng.
ANET,2025-06-17,2025-06-20,0001596532-25-000172,S,Sale,sell,1997.0,92.9439,185608.9683,-185608.9683,Kenneth Duda,CTO and SVP Software Eng.
ANET,2025-06-17,2025-06-20,0001596532-25-000172,S,Sale,sell,3898.0,93.6547,365066.02060000005,-365066.02060000005,Kenneth Duda,CTO and SVP Software Eng.
ANET,2025-06-17,2025-06-20,0001596532-25-000172,S,Sale,sell,1163.0,94.327,109702.30099999999,-109702.30099999999,Kenneth Duda,CTO and SVP Software Eng.
ANET,2025-06-17,2025-06-20,0001596532-25-000172,S,Sale,sell,2683.0,90.6563,243230.8529,-243230.8529,Kenneth Duda,CTO and SVP Software Eng.
ANET,2025-06-17,2025-06-20,0001596532-25-000172,S,Sale,sell,2905.0,91.6564,266261.842,-266261.842,Kenneth Duda,CTO and SVP Software Eng.
ANET,2025-06-17,2025-06-20,0001596532-25-000172,S,Sale,sell,1248.0,92.9439,115993.9872,-115993.9872,Kenneth Duda,CTO and SVP Software Eng.
ANET,2025-06-17,2025-06-20,0001596532-25-000172,S,Sale,sell,2436.0,93.6547,228142.84920000003,-228142.84920000003,Kenneth Duda,CTO and SVP Software Eng.
ANET,2025-06-17,2025-06-20,0001596532-25-000172,S,Sale,sell,728.0,94.327,68670.056,-68670.056,Kenneth Duda,CTO and SVP Software Eng.
ANET,2025-06-02,2025-06-04,0001596532-25-000162,S,Sale,sell,1300.0,86.9208,112997.04,-112997.04,Charles H Giancarlo,Director
ANET,2025-06-02,2025-06-04,0001596532-25-000162,S,Sale,sell,2888.0,87.7738,253490.7344,-253490.7344,Charles H Giancarlo,Director
ANET,2025-06-02,2025-06-04,0001596532-25-000162,S,Sale,sell,2634.0,88.7002,233636.32679999998,-233636.32679999998,Charles H Giancarlo,Director
ANET,2025-06-02,2025-06-04,0001596532-25-000162,S,Sale,sell,1178.0,89.4024,105316.0272,-105316.0272,Charles H Giancarlo,Director
ANET,2025-05-21,2025-05-23,0001596532-25-000140,S,Sale,sell,24.0,92.6771,2224.2504,-2224.2504,Yvonne Wassenaar,Director
ANET,2025-05-21,2025-05-23,0001596532-25-000140,S,Sale,sell,55.0,93.7987,5158.9285,-5158.9285,Yvonne Wassenaar,Director
ANET,2025-05-21,2025-05-23,0001596532-25-000140,S,Sale,sell,87.0,94.8476,8251.7412,-8251.7412,Yvonne Wassenaar,Director
ANET,2025-05-21,2025-05-23,0001596532-25-000140,S,Sale,sell,2.0,95.34,190.68,-190.68,Yvonne Wassenaar,Director
ANET,2025-05-06,2025-05-08,0001596532-25-000108,S,Sale,sell,3511.0,87.6941,307893.98510000005,-307893.98510000005,Kenneth Duda,CTO and SVP Software Eng.
ANET,2025-05-06,2025-05-08,0001596532-25-000108,S,Sale,sell,15603.0,88.9107,1387273.6521,-1387273.6521,Kenneth Duda,CTO and SVP Software Eng.
ANET,2025-05-06,2025-05-08,0001596532-25-000108,S,Sale,sell,38815.0,90.159,3499521.5850000004,-3499521.5850000004,Kenneth Duda,CTO and SVP Software Eng.
ANET,2025-05-06,2025-05-08,0001596532-25-000108,S,Sale,sell,17583.0,90.9675,1599481.5525,-1599481.5525,Kenneth Duda,CTO and SVP Software Eng.
ANET,2025-05-06,2025-05-08,0001596532-25-000108,S,Sale,sell,4488.0,91.7156,411619.6128,-411619.6128,Kenneth Duda,CTO and SVP Software Eng.
ANET,2025-05-06,2025-05-08,0001596532-25-000108,S,Sale,sell,2808.0,87.6941,246245.03280000002,-246245.03280000002,Kenneth Duda,CTO and SVP Software Eng.
ANET,2025-05-06,2025-05-08,0001596532-25-000108,S,Sale,sell,12482.0,88.9107,1109783.3574,-1109783.3574,Kenneth Duda,CTO and SVP Software Eng.
ANET,2025-05-06,2025-05-08,0001596532-25-000108,S,Sale,sell,31052.0,90.159,2799617.268,-2799617.268,Kenneth Duda,CTO and SVP Software Eng.
ANET,2025-05-06,2025-05-08,0001596532-25-000108,S,Sale,sell,14068.0,90.9675,1279730.79,-1279730.79,Kenneth Duda,CTO and SVP Software Eng.
ANET,2025-05-06,2025-05-08,0001596532-25-000108,S,Sale,sell,3590.0,91.7156,329259.00399999996,-329259.00399999996,Kenneth Duda,CTO and SVP Software Eng.
ANET,2025-05-06,2025-05-08,0001596532-25-000108,S,Sale,sell,702.0,87.6941,61561.258200000004,-61561.258200000004,Kenneth Duda,CTO and SVP Software Eng.
ANET,2025-05-06,2025-05-08,0001596532-25-000108,S,Sale,sell,3121.0,88.9107,277490.2947,-277490.2947,Kenneth Duda,CTO and SVP Software Eng.
ANET,2025-05-06,2025-05-08,0001596532-25-000108,S,Sale,sell,7763.0,90.159,699904.317,-699904.317,Kenneth Duda,CTO and SVP Software Eng.
ANET,2025-05-06,2025-05-08,0001596532-25-000108,S,Sale,sell,3516.0,90.9675,319841.73,-319841.73,Kenneth Duda,CTO and SVP Software Eng.
ANET,2025-05-06,2025-05-08,0001596532-25-000108,S,Sale,sell,898.0,91.7156,82360.6088,-82360.6088,Kenneth Duda,CTO and SVP Software Eng.
ANET,2025-05-01,2025-05-05,0001596532-25-000097,S,Sale,sell,1600.0,87.9731,140756.96,-140756.96,Charles H Giancarlo,Director
ANET,2025-05-01,2025-05-05,0001596532-25-000097,S,Sale,sell,6400.0,88.7372,567918.08,-567918.08,Charles H Giancarlo,Director
ANET,2025-04-22,2025-04-24,0001596532-25-000095,S,Sale,sell,258.0,67.9081,17520.289800000002,-17520.289800000002,Kelly Bodnar Battles,Director
ANET,2025-04-22,2025-04-24,0001596532-25-000095,S,Sale,sell,1234.0,68.6059,84659.6806,-84659.6806,Kelly Bodnar Battles,Director
ANET,2025-04-07,2025-04-09,0001596532-25-000093,S,Sale,sell,30.0,70.3967,2111.901,-2111.901,Kenneth Duda,CTO and SVP Software Eng.
ANET,2025-04-07,2025-04-09,0001596532-25-000092,S,Sale,sell,5800.0,61.4302,356295.16,-356295.16,Kenneth Duda,CTO and SVP Software Eng.
ANET,2025-04-07,2025-04-09,0001596532-25-000092,S,Sale,sell,1550.0,62.3703,96673.965,-96673.965,Kenneth Duda,CTO and SVP Software Eng.
ANET,2025-04-07,2025-04-09,0001596532-25-000092,S,Sale,sell,950.0,63.58,60401.0,-60401.0,Kenneth Duda,CTO and SVP Software Eng.
ANET,2025-04-07,2025-04-09,0001596532-25-000092,S,Sale,sell,2050.0,64.7456,132728.47999999998,-132728.47999999998,Kenneth Duda,CTO and SVP Software Eng.
ANET,2025-04-07,2025-04-09,0001596532-25-000092,S,Sale,sell,10500.0,65.7829,690720.45,-690720.45,Kenneth Duda,CTO and SVP Software Eng.
ANET,2025-04-07,2025-04-09,0001596532-25-000092,S,Sale,sell,15150.0,66.7129,1010700.435,-1010700.435,Kenneth Duda,CTO and SVP Software Eng.
ANET,2025-04-07,2025-04-09,0001596532-25-000092,S,Sale,sell,28465.0,67.779,1929329.2349999999,-1929329.2349999999,Kenneth Duda,CTO and SVP Software Eng.
ANET,2025-04-07,2025-04-09,0001596532-25-000092,S,Sale,sell,14235.0,68.5317,975548.7495,-975548.7495,Kenneth Duda,CTO and SVP Software Eng.
ANET,2025-04-07,2025-04-09,0001596532-25-000092,S,Sale,sell,1150.0,69.5854,80023.21,-80023.21,Kenneth Duda,CTO and SVP Software Eng.
ANET,2025-04-07,2025-04-09,0001596532-25-000092,S,Sale,sell,150.0,70.3967,10559.505,-10559.505,Kenneth Duda,CTO and SVP Software Eng.
ANET,2025-04-07,2025-04-09,0001596532-25-000092,S,Sale,sell,4640.0,61.4302,285036.12799999997,-285036.12799999997,Kenneth Duda,CTO and SVP Software Eng.
ANET,2025-04-07,2025-04-09,0001596532-25-000092,S,Sale,sell,1240.0,62.3703,77339.172,-77339.172,Kenneth Duda,CTO and SVP Software Eng.
ANET,2025-04-07,2025-04-09,0001596532-25-000092,S,Sale,sell,760.0,63.58,48320.799999999996,-48320.799999999996,Kenneth Duda,CTO and SVP Software Eng.
ANET,2025-04-07,2025-04-09,0001596532-25-000092,S,Sale,sell,1640.0,64.7456,106182.784,-106182.784,Kenneth Duda,CTO and SVP Software Eng.
ANET,2025-04-07,2025-04-09,0001596532-25-000092,S,Sale,sell,8400.0,65.7829,552576.36,-552576.36,Kenneth Duda,CTO and SVP Software Eng.
ANET,2025-04-07,2025-04-09,0001596532-25-000092,S,Sale,sell,12120.0,66.7129,808560.3480000001,-808560.3480000001,Kenneth Duda,CTO and SVP Software Eng.
ANET,2025-04-07,2025-04-09,0001596532-25-000092,S,Sale,sell,22772.0,67.779,1543463.3879999998,-1543463.3879999998,Kenneth Duda,CTO and SVP Software Eng.
ANET,2025-04-07,2025-04-09,0001596532-25-000092,S,Sale,sell,11388.0,68.5317,780438.9996,-780438.9996,Kenneth Duda,CTO and SVP Software Eng.
ANET,2025-04-07,2025-04-09,0001596532-25-000092,S,Sale,sell,920.0,69.5854,64018.56800000001,-64018.56800000001,Kenneth Duda,CTO and SVP Software Eng.
ANET,2025-04-07,2025-04-09,0001596532-25-000092,S,Sale,sell,120.0,70.3967,8447.604,-8447.604,Kenneth Duda,CTO and SVP Software Eng.
ANET,2025-04-07,2025-04-09,0001596532-25-000092,S,Sale,sell,1160.0,61.4302,71259.03199999999,-71259.03199999999,Kenneth Duda,CTO and SVP Software Eng.
ANET,2025-04-07,2025-04-09,0001596532-25-000092,S,Sale,sell,310.0,62.3703,19334.793,-19334.793,Kenneth Duda,CTO and SVP Software Eng.
ANET,2025-04-07,2025-04-09,0001596532-25-000092,S,Sale,sell,190.0,63.58,12080.199999999999,-12080.199999999999,Kenneth Duda,CTO and SVP Software Eng.
ANET,2025-04-07,2025-04-09,0001596532-25-000092,S,Sale,sell,410.0,64.7456,26545.696,-26545.696,Kenneth Duda,CTO and SVP Software Eng.
ANET,2025-04-07,2025-04-09,0001596532-25-000092,S,Sale,sell,2100.0,65.7829,138144.09,-138144.09,Kenneth Duda,CTO and SVP Software Eng.
ANET,2025-04-07,2025-04-09,0001596532-25-000092,S,Sale,sell,3030.0,66.7129,202140.08700000003,-202140.08700000003,Kenneth Duda,CTO and SVP Software Eng.
ANET,2025-04-07,2025-04-09,0001596532-25-000092,S,Sale,sell,5693.0,67.779,385865.84699999995,-385865.84699999995,Kenneth Duda,CTO and SVP Software Eng.
ANET,2025-04-07,2025-04-09,0001596532-25-000092,S,Sale,sell,2847.0,68.5317,195109.7499,-195109.7499,Kenneth Duda,CTO and SVP Software Eng.
ANET,2025-04-07,2025-04-09,0001596532-25-000092,S,Sale,sell,230.0,69.5854,16004.642000000002,-16004.642000000002,Kenneth Duda,CTO and SVP Software Eng.
ANET,2025-04-01,2025-04-03,0001596532-25-000089,S,Sale,sell,1700.0,76.7124,130411.08,-130411.08,Charles H Giancarlo,Director
ANET,2025-04-01,2025-04-03,0001596532-25-000089,S,Sale,sell,5776.0,77.7305,448971.368,-448971.368,Charles H Giancarlo,Director
ANET,2025-04-01,2025-04-03,0001596532-25-000089,S,Sale,sell,524.0,78.2507,41003.366799999996,-41003.366799999996,Charles H Giancarlo,Director
ANET,2025-03-06,2025-03-10,0001596532-25-000069,S,Sale,sell,32113.0,83.9427,2695651.9251,-2695651.9251,Kenneth Duda,CTO and SVP Software Eng.
ANET,2025-03-06,2025-03-10,0001596532-25-000069,S,Sale,sell,18996.0,84.7067,1609088.4732,-1609088.4732,Kenneth Duda,CTO and SVP Software Eng.
ANET,2025-03-06,2025-03-10,0001596532-25-000069,S,Sale,sell,26606.0,85.9178,2285928.9868,-2285928.9868,Kenneth Duda,CTO and SVP Software Eng.
ANET,2025-03-06,2025-03-10,0001596532-25-000069,S,Sale,sell,2285.0,86.375,197366.875,-197366.875,Kenneth Duda,CTO and SVP Software Eng.
ANET,2025-03-06,2025-03-10,0001596532-25-000069,S,Sale,sell,25691.0,83.9427,2156571.9057,-2156571.9057,Kenneth Duda,CTO and SVP Software Eng.
ANET,2025-03-06,2025-03-10,0001596532-25-000069,S,Sale,sell,15197.0,84.7067,1287287.7199,-1287287.7199,Kenneth Duda,CTO and SVP Software Eng.
ANET,2025-03-06,2025-03-10,0001596532-25-000069,S,Sale,sell,21284.0,85.9178,1828674.4552,-1828674.4552,Kenneth Duda,CTO and SVP Software Eng.
ANET,2025-03-06,2025-03-10,0001596532-25-000069,S,Sale,sell,1828.0,86.375,157893.5,-157893.5,Kenneth Duda,CTO and SVP Software Eng.
ANET,2025-03-06,2025-03-10,0001596532-25-000069,S,Sale,sell,6423.0,83.9427,539163.9621,-539163.9621,Kenneth Duda,CTO and SVP Software Eng.
ANET,2025-03-06,2025-03-10,0001596532-25-000069,S,Sale,sell,3799.0,84.7067,321800.7533,-321800.7533,Kenneth Duda,CTO and SVP Software Eng.
ANET,2025-03-06,2025-03-10,0001596532-25-000069,S,Sale,sell,5321.0,85.9178,457168.6138,-457168.6138,Kenneth Duda,CTO and SVP Software Eng.
ANET,2025-03-06,2025-03-10,0001596532-25-000069,S,Sale,sell,457.0,86.375,39473.375,-39473.375,Kenneth Duda,CTO and SVP Software Eng.
ANET,2025-03-03,2025-03-05,0001596532-25-000066,S,Sale,sell,10118.0,85.4611,864695.4098,-864695.4098,Marc Taxay,SVP and General Counsel
ANET,2025-03-03,2025-03-05,0001596532-25-000066,S,Sale,sell,1952.0,86.1175,168101.36000000002,-168101.36000000002,Marc Taxay,SVP and General Counsel
ANET,2025-03-03,2025-03-05,0001596532-25-000066,S,Sale,sell,5034.0,87.6445,441202.41299999994,-441202.41299999994,Marc Taxay,SVP and General Counsel
ANET,2025-03-03,2025-03-05,0001596532-25-000066,S,Sale,sell,5156.0,88.2247,454886.55319999997,-454886.55319999997,Marc Taxay,SVP and General Counsel
ANET,2025-03-03,2025-03-05,0001596532-25-000066,S,Sale,sell,14113.0,89.6267,1264901.6171,-1264901.6171,Marc Taxay,SVP and General Counsel
ANET,2025-03-03,2025-03-05,0001596532-25-000066,S,Sale,sell,13375.0,90.1939,1206343.4125,-1206343.4125,Marc Taxay,SVP and General Counsel
ANET,2025-03-03,2025-03-05,0001596532-25-000066,S,Sale,sell,600.0,91.2862,54771.719999999994,-54771.719999999994,Marc Taxay,SVP and General Counsel
ANET,2025-03-03,2025-03-05,0001596532-25-000066,S,Sale,sell,1500.0,92.2364,138354.6,-138354.6,Marc Taxay,SVP and General Counsel
ANET,2025-03-03,2025-03-05,0001596532-25-000065,S,Sale,sell,800.0,85.2288,68183.04000000001,-68183.04000000001,Charles H Giancarlo,Director
ANET,2025-03-03,2025-03-05,0001596532-25-000065,S,Sale,sell,400.0,86.075,34430.0,-34430.0,Charles H Giancarlo,Director
ANET,2025-03-03,2025-03-05,0001596532-25-000065,S,Sale,sell,1400.0,87.9241,123093.73999999999,-123093.73999999999,Charles H Giancarlo,Director
ANET,2025-03-03,2025-03-05,0001596532-25-000065,S,Sale,sell,2096.0,89.5922,187785.2512,-187785.2512,Charles H Giancarlo,Director
ANET,2025-03-03,2025-03-05,0001596532-25-000065,S,Sale,sell,2904.0,90.1449,261780.78960000002,-261780.78960000002,Charles H Giancarlo,Director
ANET,2025-03-03,2025-03-05,0001596532-25-000065,S,Sale,sell,400.0,92.405,36962.0,-36962.0,Charles H Giancarlo,Director
KBR,2026-05-20,2026-05-21,0001357615-26-000155,P,Purchase,buy,4000.0,31.4414,125765.6,125765.6,Jack B Moore,Director
KBR,2026-05-19,2026-05-21,0001357615-26-000154,P,Purchase,buy,14500.0,32.47,470815.0,470815.0,Carlos A. Sabater,Director
KBR,2026-05-14,2026-05-15,0001357615-26-000149,P,Purchase,buy,3000.0,30.77,92310.0,92310.0,Lewis Von Thaer,Director
KBR,2026-05-13,2026-05-15,0001357615-26-000147,P,Purchase,buy,8375.0,30.6,256275.0,256275.0,Shad E. Evans,EVP & Chief Financial Officer
KBR,2025-06-18,2025-06-20,0001062993-25-012007,S,Sale,sell,20000.0,52.8123,1056246.0,-1056246.0,Stuart Bradie,President and CEO
KBR,2025-03-14,2025-03-18,0001062993-25-005836,S,Sale,sell,19000.0,50.5868,961149.2,-961149.2,Gregory Sean Conlon,Chief Digital & Development
DRH,2025-10-14,2026-07-15,0001663606-26-000014,P,Purchase,buy,154.35,7.51,1159.1685,1159.1685,Stephanie Lepori,Director
DRH,2025-10-14,2026-07-15,0001663606-26-000014,P,Purchase,buy,63.93,9.45,604.1384999999999,604.1384999999999,Stephanie Lepori,Director
DRH,2025-10-14,2026-07-15,0001663606-26-000014,P,Purchase,buy,124.04,9.16,1136.2064,1136.2064,Stephanie Lepori,Director
DRH,2025-10-14,2026-07-15,0001663606-26-000014,P,Purchase,buy,131.23,10.17,1334.6091,1334.6091,Stephanie Lepori,Director
DRH,2025-10-14,2026-07-15,0001663606-26-000014,P,Purchase,buy,111.44,12.08,1346.1951999999999,1346.1951999999999,Stephanie Lepori,Director
DRH,2026-06-12,2026-06-16,0001768675-26-000006,S,Sale,sell,20000.0,11.88,237600.00000000003,-237600.00000000003,Kathleen Merrill,Director
DRH,2026-05-13,2026-05-13,0001826526-26-000005,S,Sale,sell,20000.0,10.46,209200.00000000003,-209200.00000000003,Michael A. Hartmeier,Director
DRH,2026-03-03,2026-03-04,0002023462-26-000005,S,Sale,sell,4000.0,9.93,39720.0,-39720.0,Steve Spierto,"SVP, Chief Accounting Officer"
DRH,2025-03-11,2025-03-12,0001298946-25-000035,P,Purchase,buy,10000.0,7.98,79800.0,79800.0,Jeffrey Donnelly,Chief Executive Officer
MSI,2026-08-21,2026-08-24,0002047518-26-000010,S,Sale,sell,818.0,476.8,390022.4,-390022.4,Kathryn A Moore,"SVP, HUMAN RESOURCES"
MSI,2026-08-21,2026-08-24,0002047518-26-000010,S,Sale,sell,19.33,477.285,9225.91905,-9225.91905,Kathryn A Moore,"SVP, HUMAN RESOURCES"
MSI,2026-08-21,2026-08-24,0002047518-26-000010,S,Sale,sell,166.45,477.685,79510.66824999999,-79510.66824999999,Kathryn A Moore,"SVP, HUMAN RESOURCES"
MSI,2026-08-12,2026-08-14,0001788899-26-000006,S,Sale,sell,685.0,469.515,321617.77499999997,-321617.77499999997,Ayanna Howard,Director
MSI,2026-08-07,2026-08-11,0001914004-26-000008,S,Sale,sell,1062.0,469.6901,498810.88619999995,-498810.88619999995,Katherine A Maher,CVP and CAO
MSI,2026-08-07,2026-08-11,0001914004-26-000008,S,Sale,sell,637.31,470.025,299551.63274999993,-299551.63274999993,Katherine A Maher,CVP and CAO
MSI,2026-08-07,2026-08-11,0001914004-26-000008,S,Sale,sell,54.0,468.2231,25284.0474,-25284.0474,Katherine A Maher,CVP and CAO
MSI,2026-08-07,2026-08-11,0001914004-26-000008,S,Sale,sell,0.71,470.035,333.72485,-333.72485,Katherine A Maher,CVP and CAO
MSI,2026-03-04,2026-03-06,0001201232-26-000009,S,Sale,sell,7832.0,478.8322,3750213.7904,-3750213.7904,Gregory Q Brown,Chairman and CEO
MSI,2026-03-04,2026-03-06,0001201232-26-000009,S,Sale,sell,13451.0,478.1386,6431442.3086,-6431442.3086,Gregory Q Brown,Chairman and CEO
MSI,2026-03-04,2026-03-06,0001201232-26-000009,S,Sale,sell,3218.0,477.0283,1535077.0694,-1535077.0694,Gregory Q Brown,Chairman and CEO
MSI,2026-03-04,2026-03-06,0001201232-26-000009,S,Sale,sell,3934.0,476.2771,1873674.1114,-1873674.1114,Gregory Q Brown,Chairman and CEO
MSI,2026-02-27,2026-03-03,0001750793-26-000004,S,Sale,sell,7260.0,479.296,3479688.96,-3479688.96,Cynthia Yazdi,"SVP, COS to the Chairman & CEO"
MSI,2026-02-27,2026-03-03,0001816511-26-000004,S,Sale,sell,4727.0,478.48,2261774.96,-2261774.96,Jason J Winkler,EVP and CFO
MSI,2026-02-27,2026-03-03,0001816511-26-000004,S,Sale,sell,4091.72,477.945,1955617.1153999998,-1955617.1153999998,Jason J Winkler,EVP and CFO
MSI,2026-02-27,2026-03-03,0002047518-26-000004,S,Sale,sell,405.63,478.89,194252.1507,-194252.1507,Kathryn A Moore,"SVP, HUMAN RESOURCES"
MSI,2026-02-25,2026-02-27,0001201232-26-000007,S,Sale,sell,28.0,474.01,13272.279999999999,-13272.279999999999,Gregory Q Brown,Chairman and CEO
MSI,2026-02-25,2026-02-27,0001201232-26-000007,S,Sale,sell,85.0,471.9649,40117.0165,-40117.0165,Gregory Q Brown,Chairman and CEO
MSI,2026-02-25,2026-02-27,0001201232-26-000007,S,Sale,sell,2538.0,470.6873,1194604.3673999999,-1194604.3673999999,Gregory Q Brown,Chairman and CEO
MSI,2026-02-25,2026-02-27,0001201232-26-000007,S,Sale,sell,3760.0,470.0011,1767204.136,-1767204.136,Gregory Q Brown,Chairman and CEO
MSI,2026-02-25,2026-02-27,0001201232-26-000007,S,Sale,sell,2949.0,469.1464,1383512.7336000002,-1383512.7336000002,Gregory Q Brown,Chairman and CEO
MSI,2026-02-25,2026-02-27,0001201232-26-000007,S,Sale,sell,597.0,467.9709,279378.6273,-279378.6273,Gregory Q Brown,Chairman and CEO
MSI,2026-02-25,2026-02-27,0001201232-26-000007,S,Sale,sell,307.0,466.8431,143320.8317,-143320.8317,Gregory Q Brown,Chairman and CEO
MSI,2026-02-25,2026-02-27,0001201232-26-000007,S,Sale,sell,294.0,466.0361,137014.6134,-137014.6134,Gregory Q Brown,Chairman and CEO
MSI,2026-02-25,2026-02-27,0001201232-26-000007,S,Sale,sell,190.0,464.9989,88349.791,-88349.791,Gregory Q Brown,Chairman and CEO
MSI,2026-02-25,2026-02-27,0001201232-26-000007,S,Sale,sell,52.0,464.28,24142.559999999998,-24142.559999999998,Gregory Q Brown,Chairman and CEO
MSI,2026-02-25,2026-02-27,0001201232-26-000007,S,Sale,sell,85.0,471.9732,40117.722,-40117.722,Gregory Q Brown,Chairman and CEO
MSI,2026-02-25,2026-02-27,0001201232-26-000007,S,Sale,sell,2500.0,470.7002,1176750.5,-1176750.5,Gregory Q Brown,Chairman and CEO
MSI,2026-02-25,2026-02-27,0001201232-26-000007,S,Sale,sell,3770.0,470.0121,1771945.6169999999,-1771945.6169999999,Gregory Q Brown,Chairman and CEO
MSI,2026-02-25,2026-02-27,0001201232-26-000007,S,Sale,sell,2943.0,469.1664,1380756.7152,-1380756.7152,Gregory Q Brown,Chairman and CEO
MSI,2026-02-25,2026-02-27,0001201232-26-000007,S,Sale,sell,617.0,468.0328,288776.2376,-288776.2376,Gregory Q Brown,Chairman and CEO
MSI,2026-02-25,2026-02-27,0001201232-26-000007,S,Sale,sell,328.0,466.8367,153122.4376,-153122.4376,Gregory Q Brown,Chairman and CEO
MSI,2026-02-25,2026-02-27,0001201232-26-000007,S,Sale,sell,359.0,466.0896,167326.16640000002,-167326.16640000002,Gregory Q Brown,Chairman and CEO
MSI,2026-02-25,2026-02-27,0001201232-26-000007,S,Sale,sell,115.0,464.8661,53459.601500000004,-53459.601500000004,Gregory Q Brown,Chairman and CEO
MSI,2026-02-25,2026-02-27,0001201232-26-000007,S,Sale,sell,55.0,464.28,25535.399999999998,-25535.399999999998,Gregory Q Brown,Chairman and CEO
MSI,2026-02-25,2026-02-27,0001201232-26-000005,S,Sale,sell,30.0,474.015,14220.449999999999,-14220.449999999999,Gregory Q Brown,Chairman and CEO
MSI,2026-02-25,2026-02-27,0001201232-26-000005,S,Sale,sell,82.0,471.9788,38702.2616,-38702.2616,Gregory Q Brown,Chairman and CEO
MSI,2026-02-25,2026-02-27,0001201232-26-000005,S,Sale,sell,2465.0,470.6929,1160257.9985,-1160257.9985,Gregory Q Brown,Chairman and CEO
MSI,2026-02-25,2026-02-27,0001201232-26-000005,S,Sale,sell,3880.0,470.0075,1823629.0999999999,-1823629.0999999999,Gregory Q Brown,Chairman and CEO
MSI,2026-02-25,2026-02-27,0001201232-26-000005,S,Sale,sell,2832.0,469.154,1328644.128,-1328644.128,Gregory Q Brown,Chairman and CEO
MSI,2026-02-25,2026-02-27,0001201232-26-000005,S,Sale,sell,663.0,468.0127,310292.4201,-310292.4201,Gregory Q Brown,Chairman and CEO
MSI,2026-02-25,2026-02-27,0001201232-26-000005,S,Sale,sell,351.0,466.8159,163852.3809,-163852.3809,Gregory Q Brown,Chairman and CEO
MSI,2026-02-25,2026-02-27,0001201232-26-000005,S,Sale,sell,255.0,466.0179,118834.5645,-118834.5645,Gregory Q Brown,Chairman and CEO
MSI,2026-02-25,2026-02-27,0001201232-26-000005,S,Sale,sell,190.0,465.0838,88365.922,-88365.922,Gregory Q Brown,Chairman and CEO
MSI,2026-02-25,2026-02-27,0001201232-26-000005,S,Sale,sell,52.0,464.28,24142.559999999998,-24142.559999999998,Gregory Q Brown,Chairman and CEO
MSI,2026-02-25,2026-02-27,0001201232-26-000005,S,Sale,sell,30.0,473.106,14193.18,-14193.18,Gregory Q Brown,Chairman and CEO
MSI,2026-02-25,2026-02-27,0001201232-26-000005,S,Sale,sell,663.0,471.2047,312408.7161,-312408.7161,Gregory Q Brown,Chairman and CEO
MSI,2026-02-25,2026-02-27,0001201232-26-000005,S,Sale,sell,3895.0,470.4012,1832212.674,-1832212.674,Gregory Q Brown,Chairman and CEO
MSI,2026-02-25,2026-02-27,0001201232-26-000005,S,Sale,sell,3730.0,469.5322,1751355.106,-1751355.106,Gregory Q Brown,Chairman and CEO
MSI,2026-02-25,2026-02-27,0001201232-26-000005,S,Sale,sell,1128.0,468.8277,528837.6456,-528837.6456,Gregory Q Brown,Chairman and CEO
MSI,2026-02-25,2026-02-27,0001201232-26-000005,S,Sale,sell,554.0,467.889,259210.506,-259210.506,Gregory Q Brown,Chairman and CEO
MSI,2026-02-25,2026-02-27,0001201232-26-000005,S,Sale,sell,429.0,466.5841,200164.5789,-200164.5789,Gregory Q Brown,Chairman and CEO
MSI,2026-02-25,2026-02-27,0001201232-26-000005,S,Sale,sell,278.0,465.6396,129447.8088,-129447.8088,Gregory Q Brown,Chairman and CEO
MSI,2026-02-25,2026-02-27,0001201232-26-000005,S,Sale,sell,93.0,464.1727,43168.0611,-43168.0611,Gregory Q Brown,Chairman and CEO
MSI,2026-02-26,2026-02-27,0001254779-26-000002,S,Sale,sell,434.0,470.115,204029.91,-204029.91,Kenneth D Denman,Director
MSI,2026-02-25,2026-02-27,0001750793-26-000002,S,Sale,sell,7000.0,471.0075,3297052.5,-3297052.5,Cynthia Yazdi,"SVP, COS to the Chairman & CEO"
MSI,2026-02-25,2026-02-27,0001864612-26-000002,S,Sale,sell,2200.0,471.54,1037388.0,-1037388.0,Mahesh Saptharishi,EVP and CTO
MSI,2026-02-23,2026-02-25,0001201232-26-000003,S,Sale,sell,8206.0,466.7129,3829846.0574,-3829846.0574,Gregory Q Brown,Chairman and CEO
MSI,2026-02-23,2026-02-25,0001201232-26-000003,S,Sale,sell,12207.0,465.7814,5685793.5498,-5685793.5498,Gregory Q Brown,Chairman and CEO
MSI,2026-02-23,2026-02-25,0001201232-26-000003,S,Sale,sell,18748.0,464.7805,8713704.814000001,-8713704.814000001,Gregory Q Brown,Chairman and CEO
MSI,2026-02-23,2026-02-25,0001201232-26-000003,S,Sale,sell,5095.0,464.0406,2364286.857,-2364286.857,Gregory Q Brown,Chairman and CEO
MSI,2026-02-23,2026-02-25,0001201232-26-000003,S,Sale,sell,3291.0,463.2298,1524489.2718,-1524489.2718,Gregory Q Brown,Chairman and CEO
MSI,2026-02-23,2026-02-25,0001201232-26-000003,S,Sale,sell,2068.0,461.9232,955257.1776,-955257.1776,Gregory Q Brown,Chairman and CEO
MSI,2026-02-23,2026-02-25,0001201232-26-000003,S,Sale,sell,385.0,461.32,177608.2,-177608.2,Gregory Q Brown,Chairman and CEO
MSI,2026-02-23,2026-02-25,0001201232-26-000003,S,Sale,sell,7499.0,471.1068,3532829.8932000003,-3532829.8932000003,Gregory Q Brown,Chairman and CEO
MSI,2026-02-23,2026-02-25,0001201232-26-000003,S,Sale,sell,8853.0,470.2159,4162821.3627,-4162821.3627,Gregory Q Brown,Chairman and CEO
MSI,2026-02-23,2026-02-25,0001201232-26-000003,S,Sale,sell,7459.0,469.4704,3501779.7136,-3501779.7136,Gregory Q Brown,Chairman and CEO
MSI,2026-02-23,2026-02-25,0001201232-26-000003,S,Sale,sell,4373.0,468.4507,2048534.9111,-2048534.9111,Gregory Q Brown,Chairman and CEO
MSI,2026-02-23,2026-02-25,0001201232-26-000003,S,Sale,sell,4200.0,467.453,1963302.5999999999,-1963302.5999999999,Gregory Q Brown,Chairman and CEO
MSI,2026-02-23,2026-02-25,0001201232-26-000003,S,Sale,sell,8485.0,466.4621,3957930.9185,-3957930.9185,Gregory Q Brown,Chairman and CEO
MSI,2026-02-23,2026-02-25,0001201232-26-000003,S,Sale,sell,3025.0,465.7231,1408812.3775,-1408812.3775,Gregory Q Brown,Chairman and CEO
MSI,2026-02-23,2026-02-25,0001201232-26-000003,S,Sale,sell,1646.0,464.5596,764665.1015999999,-764665.1015999999,Gregory Q Brown,Chairman and CEO
MSI,2026-02-23,2026-02-25,0001201232-26-000003,S,Sale,sell,1920.0,463.6123,890135.616,-890135.616,Gregory Q Brown,Chairman and CEO
MSI,2026-02-23,2026-02-25,0001201232-26-000003,S,Sale,sell,1285.0,462.6261,594474.5385,-594474.5385,Gregory Q Brown,Chairman and CEO
MSI,2026-02-23,2026-02-25,0001201232-26-000003,S,Sale,sell,1255.0,461.5705,579270.9774999999,-579270.9774999999,Gregory Q Brown,Chairman and CEO
MSI,2025-09-12,2025-09-16,0001201232-25-000011,S,Sale,sell,696.0,487.7128,339448.1088,-339448.1088,Gregory Q Brown,Chairman and CEO
MSI,2025-09-12,2025-09-16,0001201232-25-000011,S,Sale,sell,1245.0,486.6848,605922.576,-605922.576,Gregory Q Brown,Chairman and CEO
MSI,2025-09-12,2025-09-16,0001201232-25-000011,S,Sale,sell,2750.0,485.7613,1335843.575,-1335843.575,Gregory Q Brown,Chairman and CEO
MSI,2025-09-12,2025-09-16,0001201232-25-000011,S,Sale,sell,4648.0,484.7991,2253346.2168,-2253346.2168,Gregory Q Brown,Chairman and CEO
MSI,2025-09-12,2025-09-16,0001201232-25-000011,S,Sale,sell,13258.0,484.1156,6418404.624799999,-6418404.624799999,Gregory Q Brown,Chairman and CEO
MSI,2025-09-12,2025-09-16,0001201232-25-000011,S,Sale,sell,11812.0,483.0407,5705676.7484,-5705676.7484,Gregory Q Brown,Chairman and CEO
MSI,2025-09-12,2025-09-16,0001201232-25-000011,S,Sale,sell,14103.0,482.173,6800085.819,-6800085.819,Gregory Q Brown,Chairman and CEO
MSI,2025-09-12,2025-09-16,0001201232-25-000011,S,Sale,sell,1488.0,481.3965,716317.992,-716317.992,Gregory Q Brown,Chairman and CEO
MSI,2025-09-10,2025-09-12,0001201232-25-000009,S,Sale,sell,11366.0,482.3726,5482646.9716,-5482646.9716,Gregory Q Brown,Chairman and CEO
MSI,2025-09-10,2025-09-12,0001201232-25-000009,S,Sale,sell,10955.0,481.5519,5275401.0645,-5275401.0645,Gregory Q Brown,Chairman and CEO
MSI,2025-09-10,2025-09-12,0001201232-25-000009,S,Sale,sell,2679.0,480.9747,1288531.2212999999,-1288531.2212999999,Gregory Q Brown,Chairman and CEO
MSI,2025-09-10,2025-09-12,0001201232-25-000009,S,Sale,sell,3924.0,491.6438,1929210.2712,-1929210.2712,Gregory Q Brown,Chairman and CEO
MSI,2025-09-10,2025-09-12,0001201232-25-000009,S,Sale,sell,6440.0,490.857,3161119.08,-3161119.08,Gregory Q Brown,Chairman and CEO
MSI,2025-09-10,2025-09-12,0001201232-25-000009,S,Sale,sell,3784.0,489.9688,1854041.9392,-1854041.9392,Gregory Q Brown,Chairman and CEO
MSI,2025-09-10,2025-09-12,0001201232-25-000009,S,Sale,sell,3101.0,488.8486,1515919.5085999998,-1515919.5085999998,Gregory Q Brown,Chairman and CEO
MSI,2025-09-10,2025-09-12,0001201232-25-000009,S,Sale,sell,2309.0,488.16,1127161.44,-1127161.44,Gregory Q Brown,Chairman and CEO
MSI,2025-09-10,2025-09-12,0001201232-25-000009,S,Sale,sell,3340.0,486.6574,1625435.716,-1625435.716,Gregory Q Brown,Chairman and CEO
MSI,2025-09-10,2025-09-12,0001201232-25-000009,S,Sale,sell,2102.0,485.6951,1020931.1002000001,-1020931.1002000001,Gregory Q Brown,Chairman and CEO
MSI,2025-09-11,2025-09-12,0001963630-25-000005,S,Sale,sell,1700.0,485.4282,825227.9400000001,-825227.9400000001,James A Niewiara,"SVP, GENERAL COUNSEL"
MSI,2025-09-08,2025-09-10,0001963630-25-000003,S,Sale,sell,900.0,477.16,429444.0,-429444.0,James A Niewiara,"SVP, GENERAL COUNSEL"
MSI,2025-09-03,2025-09-05,0001750714-25-000004,S,Sale,sell,1430.0,476.378,681220.54,-681220.54,Rajan Naik,"SVP, Strategy & Ventures"
MSI,2025-09-03,2025-09-05,0001750714-25-000004,S,Sale,sell,735.0,475.22,349286.7,-349286.7,Rajan Naik,"SVP, Strategy & Ventures"
MSI,2025-09-03,2025-09-05,0001750714-25-000004,S,Sale,sell,393.0,474.0589,186305.1477,-186305.1477,Rajan Naik,"SVP, Strategy & Ventures"
MSI,2025-09-03,2025-09-05,0001750714-25-000004,S,Sale,sell,1260.0,473.2366,596278.116,-596278.116,Rajan Naik,"SVP, Strategy & Ventures"
MSI,2025-09-03,2025-09-05,0001750714-25-000004,S,Sale,sell,407.0,472.0046,192105.87219999998,-192105.87219999998,Rajan Naik,"SVP, Strategy & Ventures"
MSI,2025-09-03,2025-09-05,0001750714-25-000004,S,Sale,sell,220.54,470.8127,103833.03285799999,-103833.03285799999,Rajan Naik,"SVP, Strategy & Ventures"
MSI,2025-09-03,2025-09-05,0001750714-25-000004,S,Sale,sell,1196.0,476.3737,569742.9452,-569742.9452,Rajan Naik,"SVP, Strategy & Ventures"
MSI,2025-09-03,2025-09-05,0001750714-25-000004,S,Sale,sell,580.0,475.0654,275537.93200000003,-275537.93200000003,Rajan Naik,"SVP, Strategy & Ventures"
MSI,2025-09-03,2025-09-05,0001750714-25-000004,S,Sale,sell,713.0,473.8747,337872.6611,-337872.6611,Rajan Naik,"SVP, Strategy & Ventures"
MSI,2025-09-03,2025-09-05,0001750714-25-000004,S,Sale,sell,500.0,473.132,236566.0,-236566.0,Rajan Naik,"SVP, Strategy & Ventures"
MSI,2025-09-03,2025-09-05,0001750714-25-000004,S,Sale,sell,200.0,472.95,94590.0,-94590.0,Rajan Naik,"SVP, Strategy & Ventures"
MSI,2025-09-03,2025-09-05,0001750714-25-000004,S,Sale,sell,287.0,471.5884,135345.8708,-135345.8708,Rajan Naik,"SVP, Strategy & Ventures"
MSI,2025-09-03,2025-09-05,0001750714-25-000004,S,Sale,sell,92.0,470.6437,43299.220400000006,-43299.220400000006,Rajan Naik,"SVP, Strategy & Ventures"
MSI,2025-08-29,2025-09-02,0001201232-25-000007,S,Sale,sell,18234.0,472.4812,8615222.2008,-8615222.2008,Gregory Q Brown,Chairman and CEO
MSI,2025-08-29,2025-09-02,0001201232-25-000007,S,Sale,sell,6766.0,471.8193,3192329.3838,-3192329.3838,Gregory Q Brown,Chairman and CEO
MSI,2025-08-21,2025-08-25,0001656592-25-000004,S,Sale,sell,26361.0,462.5322,12192811.3242,-12192811.3242,John P Molloy,EVP and COO
MSI,2025-08-21,2025-08-25,0001656592-25-000004,S,Sale,sell,11153.0,462.022,5152931.365999999,-5152931.365999999,John P Molloy,EVP and COO
MSI,2025-08-14,2025-08-18,0001201232-25-000005,S,Sale,sell,2002.0,467.4163,935767.4326,-935767.4326,Gregory Q Brown,Chairman and CEO
MSI,2025-08-14,2025-08-18,0001201232-25-000005,S,Sale,sell,864.0,466.4302,402995.6928,-402995.6928,Gregory Q Brown,Chairman and CEO
MSI,2025-08-14,2025-08-18,0001201232-25-000005,S,Sale,sell,7419.0,465.1894,3451240.1585999997,-3451240.1585999997,Gregory Q Brown,Chairman and CEO
MSI,2025-08-14,2025-08-18,0001201232-25-000005,S,Sale,sell,12079.0,464.4132,5609647.0428,-5609647.0428,Gregory Q Brown,Chairman and CEO
MSI,2025-08-14,2025-08-18,0001201232-25-000005,S,Sale,sell,13896.0,463.6325,6442637.22,-6442637.22,Gregory Q Brown,Chairman and CEO
MSI,2025-08-14,2025-08-18,0001201232-25-000005,S,Sale,sell,12656.0,462.3512,5851516.7872,-5851516.7872,Gregory Q Brown,Chairman and CEO
MSI,2025-08-14,2025-08-18,0001201232-25-000005,S,Sale,sell,32649.0,461.8004,15077321.2596,-15077321.2596,Gregory Q Brown,Chairman and CEO
MSI,2025-08-14,2025-08-18,0001201232-25-000005,S,Sale,sell,1200.0,461.3063,553567.56,-553567.56,Gregory Q Brown,Chairman and CEO
MSI,2025-08-14,2025-08-18,0001201232-25-000005,S,Sale,sell,484.0,461.2575,223248.63,-223248.63,Gregory Q Brown,Chairman and CEO
MSI,2025-08-14,2025-08-18,0001201232-25-000005,S,Sale,sell,3672.0,460.3827,1690525.2744,-1690525.2744,Gregory Q Brown,Chairman and CEO
MSI,2025-08-14,2025-08-18,0001201232-25-000005,S,Sale,sell,2678.0,459.5938,1230792.1964,-1230792.1964,Gregory Q Brown,Chairman and CEO
MSI,2025-08-14,2025-08-18,0001201232-25-000005,S,Sale,sell,1778.0,458.6945,815558.821,-815558.821,Gregory Q Brown,Chairman and CEO
MSI,2025-08-14,2025-08-18,0001201232-25-000005,S,Sale,sell,188.0,457.7629,86059.4252,-86059.4252,Gregory Q Brown,Chairman and CEO
MSI,2025-08-14,2025-08-18,0001201232-25-000005,S,Sale,sell,255.0,461.4384,117666.792,-117666.792,Gregory Q Brown,Chairman and CEO
MSI,2025-08-14,2025-08-18,0001201232-25-000005,S,Sale,sell,3631.0,460.4406,1671859.8186,-1671859.8186,Gregory Q Brown,Chairman and CEO
MSI,2025-08-14,2025-08-18,0001201232-25-000005,S,Sale,sell,2655.0,459.6868,1220468.454,-1220468.454,Gregory Q Brown,Chairman and CEO
MSI,2025-08-14,2025-08-18,0001201232-25-000005,S,Sale,sell,1952.0,458.7819,895542.2688,-895542.2688,Gregory Q Brown,Chairman and CEO
MSI,2025-08-14,2025-08-18,0001201232-25-000005,S,Sale,sell,307.0,457.9473,140589.8211,-140589.8211,Gregory Q Brown,Chairman and CEO
MSI,2025-08-11,2025-08-13,0001750793-25-000004,S,Sale,sell,6463.41,459.9806,2973043.2098459997,-2973043.2098459997,Cynthia Yazdi,"SVP, Communications & Brand"
MSI,2025-08-11,2025-08-13,0001750793-25-000004,S,Sale,sell,5028.0,469.27,2359489.56,-2359489.56,Cynthia Yazdi,"SVP, Communications & Brand"
MSI,2025-08-11,2025-08-13,0001750793-25-000004,S,Sale,sell,200.79,468.795,94129.34805,-94129.34805,Cynthia Yazdi,"SVP, Communications & Brand"
MSI,2025-08-11,2025-08-13,0001750793-25-000004,S,Sale,sell,1340.28,468.8,628323.264,-628323.264,Cynthia Yazdi,"SVP, Communications & Brand"
MSI,2025-08-12,2025-08-13,0001816511-25-000003,S,Sale,sell,8446.3,471.3518,3981178.70834,-3981178.70834,Jason J Winkler,EVP and CFO
MSI,2025-08-12,2025-08-13,0001816511-25-000003,S,Sale,sell,3016.0,470.7501,1419782.3016,-1419782.3016,Jason J Winkler,EVP and CFO
MSI,2025-08-11,2025-08-13,0002047518-25-000003,S,Sale,sell,874.37,460.5281,402671.954797,-402671.954797,Kathryn A Moore,"SVP, HUMAN RESOURCES"
MSI,2025-08-12,2025-08-13,0001914004-25-000003,S,Sale,sell,2682.0,473.28,1269336.96,-1269336.96,Katherine A Maher,CVP and CAO
MSI,2025-05-29,2025-06-02,0001062993-25-010691,S,Sale,sell,1073.42,418.6834,449423.13522800006,-449423.13522800006,Katherine A Maher,CVP and CAO
BLMN,2026-03-11,2026-03-12,0001901836-26-000002,P,Purchase,buy,10000.0,5.69,56900.00000000001,56900.00000000001,Rohit Lal,Director
BLMN,2026-03-05,2026-03-09,0001944452-26-000002,P,Purchase,buy,1000.0,6.46,6460.0,6460.0,Julie T. Kunkel,Director
BLMN,2025-11-10,2025-11-12,0002082137-25-000003,P,Purchase,buy,150000.0,6.38,957000.0,957000.0,Eric C Christel,"EVP, Chief Financial Officer"
BLMN,2025-11-11,2025-11-12,0001944452-25-000003,P,Purchase,buy,1500.0,6.37,9555.0,9555.0,Julie T. Kunkel,Director
BLMN,2025-11-11,2025-11-12,0002052077-25-000003,S,Sale,sell,4256.0,6.41,27280.96,-27280.96,Patrick M Hafner,"EVP, Pres Outback Steakhouse"
BLMN,2025-03-04,2025-03-06,0001546417-25-000065,S,Sale,sell,9555.0,8.32,79497.6,-79497.6,Patrick M Hafner,"EVP, Pres Outback Steakhouse"
BLMN,2025-03-05,2025-03-06,0001546417-25-000064,P,Purchase,buy,118000.0,8.63,1018340.0000000001,1018340.0000000001,Mike Spanos,CEO
BLMN,2025-02-28,2025-03-04,0001546417-25-000059,P,Purchase,buy,1500.0,9.94,14910.0,14910.0,Julie T. Kunkel,Director
BLMN,2025-02-28,2025-03-04,0001546417-25-000056,P,Purchase,buy,10000.0,9.62,96199.99999999999,96199.99999999999,Rohit Lal,Director
SBLK,2026-08-25,2026-08-26,0002005037-26-000013,S,Sale,sell,50000.0,31.2,1560000.0,-1560000.0,Raffaele Zagari,Director
SBLK,2026-08-24,2026-08-25,0002005037-26-000012,S,Purchase,buy,50000.0,30.7,1535000.0,1535000.0,Raffaele Zagari,Director
SBLK,2026-08-17,2026-08-19,0001978604-26-000007,S,Sale,sell,10825.0,29.8201,322802.5825,-322802.5825,Charis Plakantonaki,Chief Strategy Officer
SBLK,2026-08-14,2026-08-18,0001978604-26-000006,S,Sale,sell,10825.0,28.9538,313424.885,-313424.885,Charis Plakantonaki,Chief Strategy Officer
SBLK,2026-08-06,2026-08-07,0001969292-26-000009,S,Sale,sell,5000.0,29.5,147500.0,-147500.0,Nikolaos Reskos,Chief Operating Officer
SBLK,2026-06-12,2026-08-03,0002117825-26-000003,P,Purchase,buy,7580.0,0.0,0.0,0.0,Arne Blystad,Director
SBLK,2026-07-30,2026-08-03,0001969292-26-000007,S,Sale,sell,5000.0,28.99,144950.0,-144950.0,Nikolaos Reskos,Chief Operating Officer
SBLK,2026-06-11,2026-06-12,0002011929-26-000008,S,Sale,sell,20000.0,26.96,539200.0,-539200.0,Nikolaos Karellis,Director
SBLK,2026-06-01,2026-06-03,0001969292-26-000005,S,Sale,sell,5000.0,28.49,142450.0,-142450.0,Nikolaos Reskos,Chief Operating Officer
SBLK,2026-05-22,2026-05-22,0001969292-26-000004,S,Sale,sell,9914.0,26.55,263216.7,-263216.7,Nikolaos Reskos,Chief Operating Officer
SBLK,2026-05-22,2026-05-22,0001969292-26-000004,S,Sale,sell,30000.0,27.29,818700.0,-818700.0,Nikolaos Reskos,Chief Operating Officer
SBLK,2026-05-18,2026-05-20,0001969292-26-000003,S,Sale,sell,33103.0,26.278,869880.634,-869880.634,Nikolaos Reskos,Chief Operating Officer
SBLK,2026-05-18,2026-05-20,0001969292-26-000003,S,Sale,sell,86.0,26.49,2278.14,-2278.14,Nikolaos Reskos,Chief Operating Officer
SBLK,2026-04-08,2026-04-16,0001978604-26-000003,S,Sale,sell,16500.0,24.5564,405180.6,-405180.6,Charis Plakantonaki,Chief Strategy Officer
SBLK,2026-04-14,2026-04-16,0001969292-26-000002,S,Sale,sell,1594.0,25.0,39850.0,-39850.0,Nikolaos Reskos,COO
SBLK,2026-04-14,2026-04-16,0001969292-26-000002,S,Sale,sell,8406.0,25.05,210570.30000000002,-210570.30000000002,Nikolaos Reskos,COO
SBLK,2026-04-08,2026-04-16,0001978604-26-000002,S,Purchase,buy,16500.0,24.5564,405180.6,405180.6,Charis Plakantonaki,Chief Strategy Officer
SBLK,2026-04-01,2026-04-01,0002005037-26-000009,S,Purchase,buy,11500.0,22.7538,261668.69999999998,261668.69999999998,Raffaele Zagari,Director
SBLK,2026-03-31,2026-04-01,0002005037-26-000007,S,Purchase,buy,11500.0,227538.0,2616687000.0,2616687000.0,Raffaele Zagari,Director
CBRL,2026-01-05,2026-01-06,0001193125-26-004273,S,Sale,sell,42400.0,27.1,1149040.0,-1149040.0,"GMT CAPITAL CORP / BAY RESOURCE PARTNERS LP / BAY II RESOURCE PARTNERS LP / BAY RESOURCE PARTNERS OFFSHORE MASTER FUND, L.P. / Thomas E Claugus",10% Owner
CBRL,2025-12-29,2025-12-31,0001193125-25-338156,S,Sale,sell,42400.0,25.56,1083744.0,-1083744.0,"GMT CAPITAL CORP / BAY RESOURCE PARTNERS LP / BAY II RESOURCE PARTNERS LP / BAY RESOURCE PARTNERS OFFSHORE MASTER FUND, L.P. / Thomas E Claugus",10% Owner
CBRL,2025-12-23,2025-12-29,0001193125-25-333009,S,Sale,sell,42400.0,26.03,1103672.0,-1103672.0,"GMT CAPITAL CORP / BAY RESOURCE PARTNERS LP / BAY II RESOURCE PARTNERS LP / BAY RESOURCE PARTNERS OFFSHORE MASTER FUND, L.P. / Thomas E Claugus",10% Owner
CBRL,2025-12-19,2025-12-23,0001193125-25-330234,S,Sale,sell,42400.0,26.37,1118088.0,-1118088.0,"GMT CAPITAL CORP / BAY RESOURCE PARTNERS LP / BAY II RESOURCE PARTNERS LP / BAY RESOURCE PARTNERS OFFSHORE MASTER FUND, L.P. / Thomas E Claugus",10% Owner
CBRL,2025-12-16,2025-12-18,0001193125-25-324285,S,Sale,sell,42400.0,26.13,1107912.0,-1107912.0,"GMT CAPITAL CORP / BAY RESOURCE PARTNERS LP / BAY II RESOURCE PARTNERS LP / BAY RESOURCE PARTNERS OFFSHORE MASTER FUND, L.P. / Thomas E Claugus",10% Owner
CBRL,2025-12-16,2025-12-18,0001193125-25-324285,S,Sale,sell,42400.0,26.85,1138440.0,-1138440.0,"GMT CAPITAL CORP / BAY RESOURCE PARTNERS LP / BAY II RESOURCE PARTNERS LP / BAY RESOURCE PARTNERS OFFSHORE MASTER FUND, L.P. / Thomas E Claugus",10% Owner
CBRL,2025-12-10,2025-12-12,0001193125-25-317386,S,Sale,sell,42400.0,26.13,1107912.0,-1107912.0,"GMT CAPITAL CORP / BAY RESOURCE PARTNERS LP / BAY II RESOURCE PARTNERS LP / BAY RESOURCE PARTNERS OFFSHORE MASTER FUND, L.P. / Thomas E Claugus",10% Owner
CBRL,2025-12-10,2025-12-12,0001193125-25-317386,S,Sale,sell,42400.0,28.79,1220696.0,-1220696.0,"GMT CAPITAL CORP / BAY RESOURCE PARTNERS LP / BAY II RESOURCE PARTNERS LP / BAY RESOURCE PARTNERS OFFSHORE MASTER FUND, L.P. / Thomas E Claugus",10% Owner
CBRL,2025-12-08,2025-12-10,0001193125-25-313927,S,Sale,sell,42400.0,26.89,1140136.0,-1140136.0,"GMT CAPITAL CORP / BAY RESOURCE PARTNERS LP / BAY II RESOURCE PARTNERS LP / BAY RESOURCE PARTNERS OFFSHORE MASTER FUND, L.P. / Thomas E Claugus",10% Owner
CBRL,2025-12-08,2025-12-10,0001193125-25-313927,S,Sale,sell,42400.0,27.61,1170664.0,-1170664.0,"GMT CAPITAL CORP / BAY RESOURCE PARTNERS LP / BAY II RESOURCE PARTNERS LP / BAY RESOURCE PARTNERS OFFSHORE MASTER FUND, L.P. / Thomas E Claugus",10% Owner
CBRL,2025-12-04,2025-12-08,0001193125-25-311131,S,Sale,sell,42400.0,28.33,1201192.0,-1201192.0,"GMT CAPITAL CORP / BAY RESOURCE PARTNERS LP / BAY II RESOURCE PARTNERS LP / BAY RESOURCE PARTNERS OFFSHORE MASTER FUND, L.P. / Thomas E Claugus",10% Owner
CBRL,2025-12-04,2025-12-08,0001193125-25-311131,S,Sale,sell,42400.0,27.73,1175752.0,-1175752.0,"GMT CAPITAL CORP / BAY RESOURCE PARTNERS LP / BAY II RESOURCE PARTNERS LP / BAY RESOURCE PARTNERS OFFSHORE MASTER FUND, L.P. / Thomas E Claugus",10% Owner
CBRL,2025-12-02,2025-12-04,0001193125-25-308263,S,Sale,sell,84700.0,28.15,2384305.0,-2384305.0,"GMT CAPITAL CORP / BAY RESOURCE PARTNERS LP / BAY II RESOURCE PARTNERS LP / BAY RESOURCE PARTNERS OFFSHORE MASTER FUND, L.P. / Thomas E Claugus",10% Owner
CBRL,2025-12-02,2025-12-04,0001193125-25-308263,S,Sale,sell,42400.0,28.6,1212640.0,-1212640.0,"GMT CAPITAL CORP / BAY RESOURCE PARTNERS LP / BAY II RESOURCE PARTNERS LP / BAY RESOURCE PARTNERS OFFSHORE MASTER FUND, L.P. / Thomas E Claugus",10% Owner
CBRL,2025-05-07,2025-05-08,0000950170-25-066704,P,Purchase,buy,53000.0,44.6,2363800.0,2363800.0,"GMT CAPITAL CORP / BAY RESOURCE PARTNERS LP / BAY II RESOURCE PARTNERS LP / BAY RESOURCE PARTNERS OFFSHORE MASTER FUND, L.P. / Thomas E Claugus",10% Owner
CBRL,2025-05-01,2025-05-05,0000950170-25-063313,P,Purchase,buy,35607.0,42.77,1522911.3900000001,1522911.3900000001,"GMT CAPITAL CORP / BAY RESOURCE PARTNERS LP / BAY II RESOURCE PARTNERS LP / BAY RESOURCE PARTNERS OFFSHORE MASTER FUND, L.P. / Thomas E Claugus",10% Owner
CBRL,2025-04-29,2025-05-01,0000950170-25-061769,P,Purchase,buy,53000.0,41.84,2217520.0,2217520.0,"GMT CAPITAL CORP / BAY RESOURCE PARTNERS LP / BAY II RESOURCE PARTNERS LP / BAY RESOURCE PARTNERS OFFSHORE MASTER FUND, L.P. / Thomas E Claugus",10% Owner
CBRL,2025-04-29,2025-05-01,0000950170-25-061769,P,Purchase,buy,70293.0,42.27,2971285.1100000003,2971285.1100000003,"GMT CAPITAL CORP / BAY RESOURCE PARTNERS LP / BAY II RESOURCE PARTNERS LP / BAY RESOURCE PARTNERS OFFSHORE MASTER FUND, L.P. / Thomas E Claugus",10% Owner
CBRL,2025-04-25,2025-04-29,0000950170-25-059889,P,Purchase,buy,53000.0,43.03,2280590.0,2280590.0,"GMT CAPITAL CORP / BAY RESOURCE PARTNERS LP / BAY II RESOURCE PARTNERS LP / BAY RESOURCE PARTNERS OFFSHORE MASTER FUND, L.P. / Thomas E Claugus",10% Owner
CBRL,2025-04-22,2025-04-24,0000950170-25-057840,P,Purchase,buy,26500.0,43.84,1161760.0,1161760.0,"GMT CAPITAL CORP / BAY RESOURCE PARTNERS LP / BAY II RESOURCE PARTNERS LP / BAY RESOURCE PARTNERS OFFSHORE MASTER FUND, L.P. / Thomas E Claugus",10% Owner
CBRL,2025-04-16,2025-04-17,0000950170-25-055211,P,Purchase,buy,26500.0,43.05,1140825.0,1140825.0,"GMT CAPITAL CORP / BAY RESOURCE PARTNERS LP / BAY II RESOURCE PARTNERS LP / BAY RESOURCE PARTNERS OFFSHORE MASTER FUND, L.P. / Thomas E Claugus",10% Owner
CBRL,2025-04-09,2025-04-11,0000950170-25-053091,P,Purchase,buy,31800.0,37.31,1186458.0,1186458.0,"GMT CAPITAL CORP / BAY RESOURCE PARTNERS LP / BAY II RESOURCE PARTNERS LP / BAY RESOURCE PARTNERS OFFSHORE MASTER FUND, L.P. / Thomas E Claugus",10% Owner
CBRL,2025-04-09,2025-04-11,0000950170-25-053091,P,Purchase,buy,31800.0,39.01,1240518.0,1240518.0,"GMT CAPITAL CORP / BAY RESOURCE PARTNERS LP / BAY II RESOURCE PARTNERS LP / BAY RESOURCE PARTNERS OFFSHORE MASTER FUND, L.P. / Thomas E Claugus",10% Owner
CBRL,2025-04-04,2025-04-08,0000950170-25-052084,P,Purchase,buy,105900.0,35.94,3806045.9999999995,3806045.9999999995,"GMT CAPITAL CORP / BAY RESOURCE PARTNERS LP / BAY II RESOURCE PARTNERS LP / BAY RESOURCE PARTNERS OFFSHORE MASTER FUND, L.P. / Thomas E Claugus",10% Owner
SOLV,2026-03-10,2026-03-11,0001400568-26-000002,P,Purchase,buy,1475.0,68.03,100344.25,100344.25,Amy Mcbride Wendell,Director
SOLV,2025-08-15,2025-08-18,0001104659-25-079865,S,Sale,sell,8800000.0,73.45,646360000.0,-646360000.0,3M CO,10% Owner
AMCR,2025-12-11,2025-12-15,0001546877-25-000014,P,Purchase,buy,121065.0,8.3177,1006982.3505000001,1006982.3505000001,Stephen R. Scherger,"Executive VP, Finance & CFO"
AMCR,2025-12-03,2025-12-04,0001828255-25-000008,S,Sale,sell,4148.0,8.439,35004.972,-35004.972,Jill A Rahman,Director
AMCR,2025-12-03,2025-12-04,0001238886-25-000011,S,Sale,sell,6058.0,8.439,51123.462,-51123.462,Susan K Carter,Director
AMCR,2025-11-22,2025-11-25,0001828255-25-000005,S,Sale,sell,6596.0,8.479,55927.484,-55927.484,Jill A Rahman,Director
AMCR,2025-11-12,2025-11-14,0001525504-25-000005,P,Purchase,buy,10000.0,8.5374,85374.0,85374.0,Nicholas T. Long,Director
AMCR,2025-11-10,2025-11-12,0002036886-25-000007,P,Purchase,buy,137.0,8.378,1147.786,1147.786,James T Glerum Jr.,Director
AMCR,2025-11-10,2025-11-12,0002036886-25-000007,P,Purchase,buy,59808.0,8.34,498798.72,498798.72,James T Glerum Jr.,Director
AMCR,2025-11-10,2025-11-12,0001775837-25-000006,P,Purchase,buy,79000.0,8.35,659650.0,659650.0,Ian Wilson,EXECUTIVE VICE PRESIDENT
AMCR,2025-11-10,2025-11-12,0001413007-25-000006,P,Purchase,buy,60000.0,8.41,504600.0,504600.0,Peter Konieczny,Chief Executive Officer
AMCR,2025-08-19,2025-08-21,0001415889-25-022618,P,Purchase,buy,10000.0,8.55,85500.0,85500.0,Stephen E Sterrett,Director
AMCR,2025-03-03,2025-03-05,0001415889-25-006914,P,Purchase,buy,14000.0,10.3062,144286.80000000002,144286.80000000002,De - Ridder Lucrece Foufopoulos,Director
ARDT,2026-06-05,2026-06-08,0001628280-26-041445,P,Purchase,buy,11260.0,8.73,98299.8,98299.8,Robert Demichiei,Director
ARDT,2026-06-05,2026-06-08,0001628280-26-041444,P,Purchase,buy,10000.0,8.81,88100.0,88100.0,Alfred Lumsdaine,Chief Financial Officer
FCX,2026-08-27,2026-08-28,0001214659-26-011090,S,Sale,sell,3798.0,79.1129,300470.7942,-300470.7942,Lydia H Kennard,Director
FCX,2026-08-25,2026-08-26,0001214659-26-010926,S,Sale,sell,80000.0,78.5558,6284464.0,-6284464.0,Douglas N. Currault II,EVP & General Counsel
FCX,2026-08-05,2026-08-05,0001214659-26-009675,S,Sale,sell,4773.0,70.0,334110.0,-334110.0,Ellie L. Mikes,Chief Accounting Officer
FCX,2026-08-05,2026-08-05,0001214659-26-009674,S,Sale,sell,14277.0,69.5,992251.5,-992251.5,Stephen T. Higgins,EVP & CAO
FCX,2026-07-30,2026-08-03,0001214659-26-009498,S,Sale,sell,7550.0,63.0,475650.0,-475650.0,Stephen T. Higgins,EVP & CAO
FCX,2026-02-20,2026-02-24,0001214659-26-002406,S,Sale,sell,29654.0,63.0,1868202.0,-1868202.0,Stephen T. Higgins,EVP & CAO
FCX,2026-02-15,2026-02-18,0001214659-26-002161,S,Sale,sell,11000.0,62.0314,682345.4,-682345.4,Ellie L. Mikes,Chief Accounting Officer
FCX,2026-02-13,2026-02-18,0001214659-26-002159,S,Sale,sell,48500.0,61.55,2985175.0,-2985175.0,Maree E. Robertson,EVP & CFO
FCX,2026-02-09,2026-02-11,0001214659-26-001515,S,Sale,sell,248031.0,62.795,15575106.645,-15575106.645,Richard C Adkerson,Chairman of the Board
FCX,2026-02-09,2026-02-11,0001214659-26-001515,S,Sale,sell,132824.0,64.568,8576180.032,-8576180.032,Richard C Adkerson,Chairman of the Board
FCX,2026-02-09,2026-02-11,0001214659-26-001515,S,Sale,sell,20136.0,65.2087,1313042.3831999998,-1313042.3831999998,Richard C Adkerson,Chairman of the Board
FCX,2026-02-09,2026-02-11,0001214659-26-001508,S,Sale,sell,75000.0,64.5175,4838812.5,-4838812.5,Douglas N. Currault II,EVP & General Counsel
FCX,2025-12-11,2025-12-12,0001214659-25-017991,S,Sale,sell,9572.0,47.6601,456202.4772,-456202.4772,Ellie L. Mikes,Chief Accounting Officer
FCX,2025-12-11,2025-12-12,0001214659-25-017990,S,Sale,sell,28423.0,47.9858,1363900.3934,-1363900.3934,Stephen T. Higgins,EVP & CAO
FCX,2025-06-02,2025-06-03,0001214659-25-008787,S,Sale,sell,8584.0,40.0186,343519.6624,-343519.6624,Ellie L. Mikes,Chief Accounting Officer
PLTR,2026-08-20,2026-08-24,0001705189-26-000015,S,Sale,sell,58.0,172.6542,10013.9436,-10013.9436,Jeffrey Buckley,Officer title: Chief Accounting Officer. This Form 4 has been compiled based on applicable requirements to reflect the specific transactions described herein and is not intended to disclose or describe all shares and/or other equity securities owned or beneficially held by the Reporting Person.
PLTR,2026-08-20,2026-08-24,0001705189-26-000015,S,Sale,sell,100.0,173.7864,17378.64,-17378.64,Jeffrey Buckley,Officer title: Chief Accounting Officer. This Form 4 has been compiled based on applicable requirements to reflect the specific transactions described herein and is not intended to disclose or describe all shares and/or other equity securities owned or beneficially held by the Reporting Person.
PLTR,2026-08-20,2026-08-24,0001705189-26-000015,S,Sale,sell,1565.0,174.8455,273633.20749999996,-273633.20749999996,Jeffrey Buckley,Officer title: Chief Accounting Officer. This Form 4 has been compiled based on applicable requirements to reflect the specific transactions described herein and is not intended to disclose or describe all shares and/or other equity securities owned or beneficially held by the Reporting Person.
PLTR,2026-08-20,2026-08-24,0001705189-26-000015,S,Sale,sell,325.0,175.4185,57011.0125,-57011.0125,Jeffrey Buckley,Officer title: Chief Accounting Officer. This Form 4 has been compiled based on applicable requirements to reflect the specific transactions described herein and is not intended to disclose or describe all shares and/or other equity securities owned or beneficially held by the Reporting Person.
PLTR,2026-08-20,2026-08-24,0001705189-26-000015,S,Sale,sell,7.0,176.3133,1234.1931,-1234.1931,Jeffrey Buckley,Officer title: Chief Accounting Officer. This Form 4 has been compiled based on applicable requirements to reflect the specific transactions described herein and is not intended to disclose or describe all shares and/or other equity securities owned or beneficially held by the Reporting Person.
PLTR,2026-08-20,2026-08-24,0001705189-26-000015,S,Sale,sell,1250.0,174.29,217862.5,-217862.5,Jeffrey Buckley,Officer title: Chief Accounting Officer. This Form 4 has been compiled based on applicable requirements to reflect the specific transactions described herein and is not intended to disclose or describe all shares and/or other equity securities owned or beneficially held by the Reporting Person.
PLTR,2026-08-20,2026-08-24,0001823951-26-000009,S,Sale,sell,11378.0,172.6542,1964459.4876,-1964459.4876,Alexander C. Karp,"Officer title: Chief Executive Officer. This Form 4 has been compiled based on applicable requirements to reflect the specific transactions described herein and is not intended to disclose or describe all shares and/or other equity securities owned or beneficially held by the Reporting Person. For additional details regarding the Reporting Person's overall stock and equity holdings, please see the Issuer's Proxy Statement filed with the Securities and Exchange Commission on April 24, 2026, including under the heading ""Security Ownership Of Certain Beneficial Owners And Management"" (subject to the definitions, explanations, and time periods described therein)."
PLTR,2026-08-20,2026-08-24,0001823951-26-000009,S,Sale,sell,19493.0,173.7864,3387618.2951999996,-3387618.2951999996,Alexander C. Karp,"Officer title: Chief Executive Officer. This Form 4 has been compiled based on applicable requirements to reflect the specific transactions described herein and is not intended to disclose or describe all shares and/or other equity securities owned or beneficially held by the Reporting Person. For additional details regarding the Reporting Person's overall stock and equity holdings, please see the Issuer's Proxy Statement filed with the Securities and Exchange Commission on April 24, 2026, including under the heading ""Security Ownership Of Certain Beneficial Owners And Management"" (subject to the definitions, explanations, and time periods described therein)."
PLTR,2026-08-20,2026-08-24,0001823951-26-000009,S,Sale,sell,306544.0,174.8455,53597838.952,-53597838.952,Alexander C. Karp,"Officer title: Chief Executive Officer. This Form 4 has been compiled based on applicable requirements to reflect the specific transactions described herein and is not intended to disclose or describe all shares and/or other equity securities owned or beneficially held by the Reporting Person. For additional details regarding the Reporting Person's overall stock and equity holdings, please see the Issuer's Proxy Statement filed with the Securities and Exchange Commission on April 24, 2026, including under the heading ""Security Ownership Of Certain Beneficial Owners And Management"" (subject to the definitions, explanations, and time periods described therein)."
PLTR,2026-08-20,2026-08-24,0001823951-26-000009,S,Sale,sell,63629.0,175.4185,11161703.7365,-11161703.7365,Alexander C. Karp,"Officer title: Chief Executive Officer. This Form 4 has been compiled based on applicable requirements to reflect the specific transactions described herein and is not intended to disclose or describe all shares and/or other equity securities owned or beneficially held by the Reporting Person. For additional details regarding the Reporting Person's overall stock and equity holdings, please see the Issuer's Proxy Statement filed with the Securities and Exchange Commission on April 24, 2026, including under the heading ""Security Ownership Of Certain Beneficial Owners And Management"" (subject to the definitions, explanations, and time periods described therein)."
PLTR,2026-08-20,2026-08-24,0001823951-26-000009,S,Sale,sell,1304.0,176.3133,229912.5432,-229912.5432,Alexander C. Karp,"Officer title: Chief Executive Officer. This Form 4 has been compiled based on applicable requirements to reflect the specific transactions described herein and is not intended to disclose or describe all shares and/or other equity securities owned or beneficially held by the Reporting Person. For additional details regarding the Reporting Person's overall stock and equity holdings, please see the Issuer's Proxy Statement filed with the Securities and Exchange Commission on April 24, 2026, including under the heading ""Security Ownership Of Certain Beneficial Owners And Management"" (subject to the definitions, explanations, and time periods described therein)."
PLTR,2026-08-20,2026-08-24,0001823951-26-000009,S,Sale,sell,4200.0,172.6597,725170.74,-725170.74,Alexander C. Karp,"Officer title: Chief Executive Officer. This Form 4 has been compiled based on applicable requirements to reflect the specific transactions described herein and is not intended to disclose or describe all shares and/or other equity securities owned or beneficially held by the Reporting Person. For additional details regarding the Reporting Person's overall stock and equity holdings, please see the Issuer's Proxy Statement filed with the Securities and Exchange Commission on April 24, 2026, including under the heading ""Security Ownership Of Certain Beneficial Owners And Management"" (subject to the definitions, explanations, and time periods described therein)."
PLTR,2026-08-20,2026-08-24,0001823951-26-000009,S,Sale,sell,11602.0,173.845,2016949.69,-2016949.69,Alexander C. Karp,"Officer title: Chief Executive Officer. This Form 4 has been compiled based on applicable requirements to reflect the specific transactions described herein and is not intended to disclose or describe all shares and/or other equity securities owned or beneficially held by the Reporting Person. For additional details regarding the Reporting Person's overall stock and equity holdings, please see the Issuer's Proxy Statement filed with the Securities and Exchange Commission on April 24, 2026, including under the heading ""Security Ownership Of Certain Beneficial Owners And Management"" (subject to the definitions, explanations, and time periods described therein)."
PLTR,2026-08-20,2026-08-24,0001823951-26-000009,S,Sale,sell,62498.0,174.7299,10920269.290199999,-10920269.290199999,Alexander C. Karp,"Officer title: Chief Executive Officer. This Form 4 has been compiled based on applicable requirements to reflect the specific transactions described herein and is not intended to disclose or describe all shares and/or other equity securities owned or beneficially held by the Reporting Person. For additional details regarding the Reporting Person's overall stock and equity holdings, please see the Issuer's Proxy Statement filed with the Securities and Exchange Commission on April 24, 2026, including under the heading ""Security Ownership Of Certain Beneficial Owners And Management"" (subject to the definitions, explanations, and time periods described therein)."
PLTR,2026-08-20,2026-08-24,0001823951-26-000009,S,Sale,sell,11200.0,175.4821,1965399.52,-1965399.52,Alexander C. Karp,"Officer title: Chief Executive Officer. This Form 4 has been compiled based on applicable requirements to reflect the specific transactions described herein and is not intended to disclose or describe all shares and/or other equity securities owned or beneficially held by the Reporting Person. For additional details regarding the Reporting Person's overall stock and equity holdings, please see the Issuer's Proxy Statement filed with the Securities and Exchange Commission on April 24, 2026, including under the heading ""Security Ownership Of Certain Beneficial Owners And Management"" (subject to the definitions, explanations, and time periods described therein)."
PLTR,2026-08-20,2026-08-24,0001823951-26-000009,S,Sale,sell,500.0,176.302,88151.0,-88151.0,Alexander C. Karp,"Officer title: Chief Executive Officer. This Form 4 has been compiled based on applicable requirements to reflect the specific transactions described herein and is not intended to disclose or describe all shares and/or other equity securities owned or beneficially held by the Reporting Person. For additional details regarding the Reporting Person's overall stock and equity holdings, please see the Issuer's Proxy Statement filed with the Securities and Exchange Commission on April 24, 2026, including under the heading ""Security Ownership Of Certain Beneficial Owners And Management"" (subject to the definitions, explanations, and time periods described therein)."
PLTR,2026-08-17,2026-08-19,0001823952-26-000020,S,Sale,sell,3516.0,173.2121,609013.7435999999,-609013.7435999999,Alexander D. Moore,Director
PLTR,2026-08-17,2026-08-19,0001823952-26-000020,S,Sale,sell,7520.0,174.0721,1309022.192,-1309022.192,Alexander D. Moore,Director
PLTR,2026-08-17,2026-08-19,0001823952-26-000020,S,Sale,sell,3455.0,175.1319,605080.7145,-605080.7145,Alexander D. Moore,Director
PLTR,2026-08-17,2026-08-19,0001823952-26-000020,S,Sale,sell,1509.0,175.8424,265346.1816,-265346.1816,Alexander D. Moore,Director
PLTR,2026-08-06,2026-08-10,0001824159-26-000011,S,Sale,sell,2735.0,153.4046,419561.58099999995,-419561.58099999995,Shyam Sankar,"Officer title: Chief Technology Officer and Executive Vice President. This Form 4 has been compiled based on applicable requirements to reflect the specific transactions described herein and is not intended to disclose or describe all shares and/or other equity securities owned or beneficially held by the Reporting Person. For additional details regarding the Reporting Person's overall stock and equity holdings, please see the Issuer's Proxy Statement filed with the Securities and Exchange Commission on April 24, 2026, including under the heading ""Security Ownership Of Certain Beneficial Owners And Management"" (subject to the definitions, explanations, and time periods described therein)."
PLTR,2026-08-06,2026-08-10,0001824159-26-000011,S,Sale,sell,6191.0,154.653,957456.723,-957456.723,Shyam Sankar,"Officer title: Chief Technology Officer and Executive Vice President. This Form 4 has been compiled based on applicable requirements to reflect the specific transactions described herein and is not intended to disclose or describe all shares and/or other equity securities owned or beneficially held by the Reporting Person. For additional details regarding the Reporting Person's overall stock and equity holdings, please see the Issuer's Proxy Statement filed with the Securities and Exchange Commission on April 24, 2026, including under the heading ""Security Ownership Of Certain Beneficial Owners And Management"" (subject to the definitions, explanations, and time periods described therein)."
PLTR,2026-08-06,2026-08-10,0001824159-26-000011,S,Sale,sell,16063.0,155.7404,2501658.0452,-2501658.0452,Shyam Sankar,"Officer title: Chief Technology Officer and Executive Vice President. This Form 4 has been compiled based on applicable requirements to reflect the specific transactions described herein and is not intended to disclose or describe all shares and/or other equity securities owned or beneficially held by the Reporting Person. For additional details regarding the Reporting Person's overall stock and equity holdings, please see the Issuer's Proxy Statement filed with the Securities and Exchange Commission on April 24, 2026, including under the heading ""Security Ownership Of Certain Beneficial Owners And Management"" (subject to the definitions, explanations, and time periods described therein)."
PLTR,2026-08-06,2026-08-10,0001824159-26-000011,S,Sale,sell,7976.0,156.7791,1250470.1016,-1250470.1016,Shyam Sankar,"Officer title: Chief Technology Officer and Executive Vice President. This Form 4 has been compiled based on applicable requirements to reflect the specific transactions described herein and is not intended to disclose or describe all shares and/or other equity securities owned or beneficially held by the Reporting Person. For additional details regarding the Reporting Person's overall stock and equity holdings, please see the Issuer's Proxy Statement filed with the Securities and Exchange Commission on April 24, 2026, including under the heading ""Security Ownership Of Certain Beneficial Owners And Management"" (subject to the definitions, explanations, and time periods described therein)."
PLTR,2026-08-06,2026-08-10,0001824159-26-000011,S,Sale,sell,2035.0,157.4435,320397.5225,-320397.5225,Shyam Sankar,"Officer title: Chief Technology Officer and Executive Vice President. This Form 4 has been compiled based on applicable requirements to reflect the specific transactions described herein and is not intended to disclose or describe all shares and/or other equity securities owned or beneficially held by the Reporting Person. For additional details regarding the Reporting Person's overall stock and equity holdings, please see the Issuer's Proxy Statement filed with the Securities and Exchange Commission on April 24, 2026, including under the heading ""Security Ownership Of Certain Beneficial Owners And Management"" (subject to the definitions, explanations, and time periods described therein)."
PLTR,2026-08-05,2026-08-07,0001840244-26-000015,S,Sale,sell,3032.0,165.0,500280.0,-500280.0,Lauren Elaina Friedman Stat,Director
PLTR,2026-07-15,2026-07-17,0001823952-26-000018,S,Sale,sell,11800.0,133.7505,1578255.9,-1578255.9,Alexander D. Moore,Director
PLTR,2026-07-15,2026-07-17,0001823952-26-000018,S,Sale,sell,3100.0,134.5549,417120.19,-417120.19,Alexander D. Moore,Director
PLTR,2026-07-15,2026-07-17,0001823952-26-000018,S,Sale,sell,1000.0,135.715,135715.0,-135715.0,Alexander D. Moore,Director
PLTR,2026-07-15,2026-07-17,0001823952-26-000018,S,Sale,sell,100.0,136.79,13679.0,-13679.0,Alexander D. Moore,Director
PLTR,2026-07-02,2026-07-07,0001824159-26-000009,S,Sale,sell,35000.0,130.0,4550000.0,-4550000.0,Shyam Sankar,"Officer title: Chief Technology Officer and Executive Vice President. This Form 4 has been compiled based on applicable requirements to reflect the specific transactions described herein and is not intended to disclose or describe all shares and/or other equity securities owned or beneficially held by the Reporting Person. For additional details regarding the Reporting Person's overall stock and equity holdings, please see the Issuer's Proxy Statement filed with the Securities and Exchange Commission on April 24, 2026, including under the heading ""Security Ownership Of Certain Beneficial Owners And Management"" (subject to the definitions, explanations, and time periods described therein)."
PLTR,2026-07-02,2026-07-07,0001824159-26-000009,S,Sale,sell,150000.0,130.0,19500000.0,-19500000.0,Shyam Sankar,"Officer title: Chief Technology Officer and Executive Vice President. This Form 4 has been compiled based on applicable requirements to reflect the specific transactions described herein and is not intended to disclose or describe all shares and/or other equity securities owned or beneficially held by the Reporting Person. For additional details regarding the Reporting Person's overall stock and equity holdings, please see the Issuer's Proxy Statement filed with the Securities and Exchange Commission on April 24, 2026, including under the heading ""Security Ownership Of Certain Beneficial Owners And Management"" (subject to the definitions, explanations, and time periods described therein)."
PLTR,2026-06-15,2026-06-17,0001823952-26-000016,S,Sale,sell,900.0,130.4783,117430.46999999999,-117430.46999999999,Alexander D. Moore,Director
PLTR,2026-06-15,2026-06-17,0001823952-26-000016,S,Sale,sell,3600.0,131.5443,473559.48,-473559.48,Alexander D. Moore,Director
PLTR,2026-06-15,2026-06-17,0001823952-26-000016,S,Sale,sell,500.0,132.548,66274.0,-66274.0,Alexander D. Moore,Director
PLTR,2026-06-15,2026-06-17,0001823952-26-000016,S,Sale,sell,4000.0,133.8146,535258.4,-535258.4,Alexander D. Moore,Director
PLTR,2026-06-15,2026-06-17,0001823952-26-000016,S,Sale,sell,7000.0,134.4404,941082.8,-941082.8,Alexander D. Moore,Director
PLTR,2026-06-11,2026-06-15,0001705189-26-000011,S,Sale,sell,1481.0,128.8,190752.80000000002,-190752.80000000002,Jeffrey Buckley,Officer title: Chief Accounting Officer. This Form 4 has been compiled based on applicable requirements to reflect the specific transactions described herein and is not intended to disclose or describe all shares and/or other equity securities owned or beneficially held by the Reporting Person.
PLTR,2026-05-29,2026-06-02,0001840244-26-000010,S,Sale,sell,1667.0,150.0,250050.0,-250050.0,Lauren Elaina Friedman Stat,Director
PLTR,2026-05-29,2026-06-02,0001840244-26-000010,S,Sale,sell,1598.0,160.0,255680.0,-255680.0,Lauren Elaina Friedman Stat,Director
PLTR,2026-05-20,2026-05-22,0001705189-26-000009,S,Sale,sell,29.0,132.9528,3855.6312,-3855.6312,Jeffrey Buckley,Officer title: Chief Accounting Officer. This Form 4 has been compiled based on applicable requirements to reflect the specific transactions described herein and is not intended to disclose or describe all shares and/or other equity securities owned or beneficially held by the Reporting Person.
PLTR,2026-05-20,2026-05-22,0001705189-26-000009,S,Sale,sell,74.0,134.2027,9930.9998,-9930.9998,Jeffrey Buckley,Officer title: Chief Accounting Officer. This Form 4 has been compiled based on applicable requirements to reflect the specific transactions described herein and is not intended to disclose or describe all shares and/or other equity securities owned or beneficially held by the Reporting Person.
PLTR,2026-05-20,2026-05-22,0001705189-26-000009,S,Sale,sell,119.0,135.0886,16075.543400000002,-16075.543400000002,Jeffrey Buckley,Officer title: Chief Accounting Officer. This Form 4 has been compiled based on applicable requirements to reflect the specific transactions described herein and is not intended to disclose or describe all shares and/or other equity securities owned or beneficially held by the Reporting Person.
PLTR,2026-05-20,2026-05-22,0001705189-26-000009,S,Sale,sell,964.0,136.0811,131182.18039999998,-131182.18039999998,Jeffrey Buckley,Officer title: Chief Accounting Officer. This Form 4 has been compiled based on applicable requirements to reflect the specific transactions described herein and is not intended to disclose or describe all shares and/or other equity securities owned or beneficially held by the Reporting Person.
PLTR,2026-05-20,2026-05-22,0001705189-26-000009,S,Sale,sell,526.0,136.6143,71859.1218,-71859.1218,Jeffrey Buckley,Officer title: Chief Accounting Officer. This Form 4 has been compiled based on applicable requirements to reflect the specific transactions described herein and is not intended to disclose or describe all shares and/or other equity securities owned or beneficially held by the Reporting Person.
PLTR,2026-05-20,2026-05-22,0001705189-26-000009,S,Sale,sell,830.0,137.41,114050.3,-114050.3,Jeffrey Buckley,Officer title: Chief Accounting Officer. This Form 4 has been compiled based on applicable requirements to reflect the specific transactions described herein and is not intended to disclose or describe all shares and/or other equity securities owned or beneficially held by the Reporting Person.
PLTR,2026-05-20,2026-05-22,0001823940-26-000008,S,Sale,sell,286.0,132.9528,38024.5008,-38024.5008,David A. Glazer,"Officer title: Chief Financial Officer and Treasurer. This Form 4 has been compiled based on applicable requirements to reflect the specific transactions described herein and is not intended to disclose or describe all shares and/or other equity securities owned or beneficially held by the Reporting Person. For additional details regarding the Reporting Person's overall stock and equity holdings, please see the Issuer's Proxy Statement filed with the Securities and Exchange Commission on April 24, 2026, including under the heading ""Security Ownership Of Certain Beneficial Owners And Management"" (subject to the definitions, explanations, and time periods described therein)."
PLTR,2026-05-20,2026-05-22,0001823940-26-000008,S,Sale,sell,745.0,134.2027,99981.0115,-99981.0115,David A. Glazer,"Officer title: Chief Financial Officer and Treasurer. This Form 4 has been compiled based on applicable requirements to reflect the specific transactions described herein and is not intended to disclose or describe all shares and/or other equity securities owned or beneficially held by the Reporting Person. For additional details regarding the Reporting Person's overall stock and equity holdings, please see the Issuer's Proxy Statement filed with the Securities and Exchange Commission on April 24, 2026, including under the heading ""Security Ownership Of Certain Beneficial Owners And Management"" (subject to the definitions, explanations, and time periods described therein)."
PLTR,2026-05-20,2026-05-22,0001823940-26-000008,S,Sale,sell,1188.0,135.0886,160485.2568,-160485.2568,David A. Glazer,"Officer title: Chief Financial Officer and Treasurer. This Form 4 has been compiled based on applicable requirements to reflect the specific transactions described herein and is not intended to disclose or describe all shares and/or other equity securities owned or beneficially held by the Reporting Person. For additional details regarding the Reporting Person's overall stock and equity holdings, please see the Issuer's Proxy Statement filed with the Securities and Exchange Commission on April 24, 2026, including under the heading ""Security Ownership Of Certain Beneficial Owners And Management"" (subject to the definitions, explanations, and time periods described therein)."
PLTR,2026-05-20,2026-05-22,0001823940-26-000008,S,Sale,sell,9647.0,136.0811,1312774.3717,-1312774.3717,David A. Glazer,"Officer title: Chief Financial Officer and Treasurer. This Form 4 has been compiled based on applicable requirements to reflect the specific transactions described herein and is not intended to disclose or describe all shares and/or other equity securities owned or beneficially held by the Reporting Person. For additional details regarding the Reporting Person's overall stock and equity holdings, please see the Issuer's Proxy Statement filed with the Securities and Exchange Commission on April 24, 2026, including under the heading ""Security Ownership Of Certain Beneficial Owners And Management"" (subject to the definitions, explanations, and time periods described therein)."
PLTR,2026-05-20,2026-05-22,0001823940-26-000008,S,Sale,sell,5262.0,136.6143,718864.4465999999,-718864.4465999999,David A. Glazer,"Officer title: Chief Financial Officer and Treasurer. This Form 4 has been compiled based on applicable requirements to reflect the specific transactions described herein and is not intended to disclose or describe all shares and/or other equity securities owned or beneficially held by the Reporting Person. For additional details regarding the Reporting Person's overall stock and equity holdings, please see the Issuer's Proxy Statement filed with the Securities and Exchange Commission on April 24, 2026, including under the heading ""Security Ownership Of Certain Beneficial Owners And Management"" (subject to the definitions, explanations, and time periods described therein)."
PLTR,2026-05-20,2026-05-22,0001823923-26-000009,S,Sale,sell,328.0,132.9528,43608.5184,-43608.5184,Ryan D. Taylor,"Officer title: Chief Revenue Officer and Chief Legal Officer. This Form 4 has been compiled based on applicable requirements to reflect the specific transactions described herein and is not intended to disclose or describe all shares and/or other equity securities owned or beneficially held by the Reporting Person. For additional details regarding the Reporting Person's overall stock and equity holdings, please see the Issuer's Proxy Statement filed with the Securities and Exchange Commission on April 24, 2026, including under the heading ""Security Ownership Of Certain Beneficial Owners And Management"" (subject to the definitions, explanations, and time periods described therein)."
PLTR,2026-05-20,2026-05-22,0001823923-26-000009,S,Sale,sell,856.0,134.2027,114877.5112,-114877.5112,Ryan D. Taylor,"Officer title: Chief Revenue Officer and Chief Legal Officer. This Form 4 has been compiled based on applicable requirements to reflect the specific transactions described herein and is not intended to disclose or describe all shares and/or other equity securities owned or beneficially held by the Reporting Person. For additional details regarding the Reporting Person's overall stock and equity holdings, please see the Issuer's Proxy Statement filed with the Securities and Exchange Commission on April 24, 2026, including under the heading ""Security Ownership Of Certain Beneficial Owners And Management"" (subject to the definitions, explanations, and time periods described therein)."
PLTR,2026-05-20,2026-05-22,0001823923-26-000009,S,Sale,sell,1364.0,135.0886,184260.85040000002,-184260.85040000002,Ryan D. Taylor,"Officer title: Chief Revenue Officer and Chief Legal Officer. This Form 4 has been compiled based on applicable requirements to reflect the specific transactions described herein and is not intended to disclose or describe all shares and/or other equity securities owned or beneficially held by the Reporting Person. For additional details regarding the Reporting Person's overall stock and equity holdings, please see the Issuer's Proxy Statement filed with the Securities and Exchange Commission on April 24, 2026, including under the heading ""Security Ownership Of Certain Beneficial Owners And Management"" (subject to the definitions, explanations, and time periods described therein)."
PLTR,2026-05-20,2026-05-22,0001823923-26-000009,S,Sale,sell,11074.0,136.0811,1506962.1013999998,-1506962.1013999998,Ryan D. Taylor,"Officer title: Chief Revenue Officer and Chief Legal Officer. This Form 4 has been compiled based on applicable requirements to reflect the specific transactions described herein and is not intended to disclose or describe all shares and/or other equity securities owned or beneficially held by the Reporting Person. For additional details regarding the Reporting Person's overall stock and equity holdings, please see the Issuer's Proxy Statement filed with the Securities and Exchange Commission on April 24, 2026, including under the heading ""Security Ownership Of Certain Beneficial Owners And Management"" (subject to the definitions, explanations, and time periods described therein)."
PLTR,2026-05-20,2026-05-22,0001823923-26-000009,S,Sale,sell,6040.0,136.6143,825150.3719999999,-825150.3719999999,Ryan D. Taylor,"Officer title: Chief Revenue Officer and Chief Legal Officer. This Form 4 has been compiled based on applicable requirements to reflect the specific transactions described herein and is not intended to disclose or describe all shares and/or other equity securities owned or beneficially held by the Reporting Person. For additional details regarding the Reporting Person's overall stock and equity holdings, please see the Issuer's Proxy Statement filed with the Securities and Exchange Commission on April 24, 2026, including under the heading ""Security Ownership Of Certain Beneficial Owners And Management"" (subject to the definitions, explanations, and time periods described therein)."
PLTR,2026-05-20,2026-05-22,0001823951-26-000007,S,Sale,sell,6635.0,132.9528,882141.828,-882141.828,Alexander C. Karp,"Officer title: Chief Executive Officer. This Form 4 has been compiled based on applicable requirements to reflect the specific transactions described herein and is not intended to disclose or describe all shares and/or other equity securities owned or beneficially held by the Reporting Person. For additional details regarding the Reporting Person's overall stock and equity holdings, please see the Issuer's Proxy Statement filed with the Securities and Exchange Commission on April 24, 2026, including under the heading ""Security Ownership Of Certain Beneficial Owners And Management"" (subject to the definitions, explanations, and time periods described therein)."
PLTR,2026-05-20,2026-05-22,0001823951-26-000007,S,Sale,sell,17310.0,134.2027,2323048.7369999997,-2323048.7369999997,Alexander C. Karp,"Officer title: Chief Executive Officer. This Form 4 has been compiled based on applicable requirements to reflect the specific transactions described herein and is not intended to disclose or describe all shares and/or other equity securities owned or beneficially held by the Reporting Person. For additional details regarding the Reporting Person's overall stock and equity holdings, please see the Issuer's Proxy Statement filed with the Securities and Exchange Commission on April 24, 2026, including under the heading ""Security Ownership Of Certain Beneficial Owners And Management"" (subject to the definitions, explanations, and time periods described therein)."
PLTR,2026-05-20,2026-05-22,0001823951-26-000007,S,Sale,sell,27595.0,135.0886,3727769.9170000004,-3727769.9170000004,Alexander C. Karp,"Officer title: Chief Executive Officer. This Form 4 has been compiled based on applicable requirements to reflect the specific transactions described herein and is not intended to disclose or describe all shares and/or other equity securities owned or beneficially held by the Reporting Person. For additional details regarding the Reporting Person's overall stock and equity holdings, please see the Issuer's Proxy Statement filed with the Securities and Exchange Commission on April 24, 2026, including under the heading ""Security Ownership Of Certain Beneficial Owners And Management"" (subject to the definitions, explanations, and time periods described therein)."
PLTR,2026-05-20,2026-05-22,0001823951-26-000007,S,Sale,sell,224009.0,136.0811,30483391.129899997,-30483391.129899997,Alexander C. Karp,"Officer title: Chief Executive Officer. This Form 4 has been compiled based on applicable requirements to reflect the specific transactions described herein and is not intended to disclose or describe all shares and/or other equity securities owned or beneficially held by the Reporting Person. For additional details regarding the Reporting Person's overall stock and equity holdings, please see the Issuer's Proxy Statement filed with the Securities and Exchange Commission on April 24, 2026, including under the heading ""Security Ownership Of Certain Beneficial Owners And Management"" (subject to the definitions, explanations, and time periods described therein)."
PLTR,2026-05-20,2026-05-22,0001823951-26-000007,S,Sale,sell,122195.0,136.6143,16693584.388499998,-16693584.388499998,Alexander C. Karp,"Officer title: Chief Executive Officer. This Form 4 has been compiled based on applicable requirements to reflect the specific transactions described herein and is not intended to disclose or describe all shares and/or other equity securities owned or beneficially held by the Reporting Person. For additional details regarding the Reporting Person's overall stock and equity holdings, please see the Issuer's Proxy Statement filed with the Securities and Exchange Commission on April 24, 2026, including under the heading ""Security Ownership Of Certain Beneficial Owners And Management"" (subject to the definitions, explanations, and time periods described therein)."
PLTR,2026-05-20,2026-05-22,0001824159-26-000007,S,Sale,sell,2761.0,132.9528,367082.6808,-367082.6808,Shyam Sankar,"Officer title: Chief Technology Officer and Executive Vice President. This Form 4 has been compiled based on applicable requirements to reflect the specific transactions described herein and is not intended to disclose or describe all shares and/or other equity securities owned or beneficially held by the Reporting Person. For additional details regarding the Reporting Person's overall stock and equity holdings, please see the Issuer's Proxy Statement filed with the Securities and Exchange Commission on April 24, 2026, including under the heading ""Security Ownership Of Certain Beneficial Owners And Management"" (subject to the definitions, explanations, and time periods described therein)."
PLTR,2026-05-20,2026-05-22,0001824159-26-000007,S,Sale,sell,7203.0,134.2027,966662.0480999999,-966662.0480999999,Shyam Sankar,"Officer title: Chief Technology Officer and Executive Vice President. This Form 4 has been compiled based on applicable requirements to reflect the specific transactions described herein and is not intended to disclose or describe all shares and/or other equity securities owned or beneficially held by the Reporting Person. For additional details regarding the Reporting Person's overall stock and equity holdings, please see the Issuer's Proxy Statement filed with the Securities and Exchange Commission on April 24, 2026, including under the heading ""Security Ownership Of Certain Beneficial Owners And Management"" (subject to the definitions, explanations, and time periods described therein)."
PLTR,2026-05-20,2026-05-22,0001824159-26-000007,S,Sale,sell,11483.0,135.0886,1551222.3938000002,-1551222.3938000002,Shyam Sankar,"Officer title: Chief Technology Officer and Executive Vice President. This Form 4 has been compiled based on applicable requirements to reflect the specific transactions described herein and is not intended to disclose or describe all shares and/or other equity securities owned or beneficially held by the Reporting Person. For additional details regarding the Reporting Person's overall stock and equity holdings, please see the Issuer's Proxy Statement filed with the Securities and Exchange Commission on April 24, 2026, including under the heading ""Security Ownership Of Certain Beneficial Owners And Management"" (subject to the definitions, explanations, and time periods described therein)."
PLTR,2026-05-20,2026-05-22,0001824159-26-000007,S,Sale,sell,93218.0,136.0811,12685207.979799999,-12685207.979799999,Shyam Sankar,"Officer title: Chief Technology Officer and Executive Vice President. This Form 4 has been compiled based on applicable requirements to reflect the specific transactions described herein and is not intended to disclose or describe all shares and/or other equity securities owned or beneficially held by the Reporting Person. For additional details regarding the Reporting Person's overall stock and equity holdings, please see the Issuer's Proxy Statement filed with the Securities and Exchange Commission on April 24, 2026, including under the heading ""Security Ownership Of Certain Beneficial Owners And Management"" (subject to the definitions, explanations, and time periods described therein)."
PLTR,2026-05-20,2026-05-22,0001824159-26-000007,S,Sale,sell,50849.0,136.6143,6946700.540699999,-6946700.540699999,Shyam Sankar,"Officer title: Chief Technology Officer and Executive Vice President. This Form 4 has been compiled based on applicable requirements to reflect the specific transactions described herein and is not intended to disclose or describe all shares and/or other equity securities owned or beneficially held by the Reporting Person. For additional details regarding the Reporting Person's overall stock and equity holdings, please see the Issuer's Proxy Statement filed with the Securities and Exchange Commission on April 24, 2026, including under the heading ""Security Ownership Of Certain Beneficial Owners And Management"" (subject to the definitions, explanations, and time periods described therein)."
PLTR,2026-05-20,2026-05-22,0001823920-26-000007,S,Sale,sell,5337.0,132.9528,709569.0936,-709569.0936,Stephen Andrew Cohen,"Officer title: President and Secretary. This Form 4 has been compiled based on applicable requirements to reflect the specific transactions described herein and is not intended to disclose or describe all shares and/or other equity securities owned or beneficially held by the Reporting Person. For additional details regarding the Reporting Person's overall stock and equity holdings, please see the Issuer's Proxy Statement filed with the Securities and Exchange Commission on April 24, 2026, including under the heading ""Security Ownership Of Certain Beneficial Owners And Management"" (subject to the definitions, explanations, and time periods described therein)."
PLTR,2026-05-20,2026-05-22,0001823920-26-000007,S,Sale,sell,13923.0,134.2027,1868504.1920999999,-1868504.1920999999,Stephen Andrew Cohen,"Officer title: President and Secretary. This Form 4 has been compiled based on applicable requirements to reflect the specific transactions described herein and is not intended to disclose or describe all shares and/or other equity securities owned or beneficially held by the Reporting Person. For additional details regarding the Reporting Person's overall stock and equity holdings, please see the Issuer's Proxy Statement filed with the Securities and Exchange Commission on April 24, 2026, including under the heading ""Security Ownership Of Certain Beneficial Owners And Management"" (subject to the definitions, explanations, and time periods described therein)."
PLTR,2026-05-20,2026-05-22,0001823920-26-000007,S,Sale,sell,22196.0,135.0886,2998426.5656000003,-2998426.5656000003,Stephen Andrew Cohen,"Officer title: President and Secretary. This Form 4 has been compiled based on applicable requirements to reflect the specific transactions described herein and is not intended to disclose or describe all shares and/or other equity securities owned or beneficially held by the Reporting Person. For additional details regarding the Reporting Person's overall stock and equity holdings, please see the Issuer's Proxy Statement filed with the Securities and Exchange Commission on April 24, 2026, including under the heading ""Security Ownership Of Certain Beneficial Owners And Management"" (subject to the definitions, explanations, and time periods described therein)."
PLTR,2026-05-20,2026-05-22,0001823920-26-000007,S,Sale,sell,180187.0,136.0811,24520045.1657,-24520045.1657,Stephen Andrew Cohen,"Officer title: President and Secretary. This Form 4 has been compiled based on applicable requirements to reflect the specific transactions described herein and is not intended to disclose or describe all shares and/or other equity securities owned or beneficially held by the Reporting Person. For additional details regarding the Reporting Person's overall stock and equity holdings, please see the Issuer's Proxy Statement filed with the Securities and Exchange Commission on April 24, 2026, including under the heading ""Security Ownership Of Certain Beneficial Owners And Management"" (subject to the definitions, explanations, and time periods described therein)."
PLTR,2026-05-20,2026-05-22,0001823920-26-000007,S,Sale,sell,98291.0,136.6143,13427956.161299998,-13427956.161299998,Stephen Andrew Cohen,"Officer title: President and Secretary. This Form 4 has been compiled based on applicable requirements to reflect the specific transactions described herein and is not intended to disclose or describe all shares and/or other equity securities owned or beneficially held by the Reporting Person. For additional details regarding the Reporting Person's overall stock and equity holdings, please see the Issuer's Proxy Statement filed with the Securities and Exchange Commission on April 24, 2026, including under the heading ""Security Ownership Of Certain Beneficial Owners And Management"" (subject to the definitions, explanations, and time periods described therein)."
PLTR,2026-05-15,2026-05-19,0001823952-26-000012,S,Sale,sell,2100.0,133.0538,279412.98,-279412.98,Alexander D. Moore,Director
PLTR,2026-05-15,2026-05-19,0001823952-26-000012,S,Sale,sell,10800.0,133.9692,1446867.36,-1446867.36,Alexander D. Moore,Director
PLTR,2026-05-15,2026-05-19,0001823952-26-000012,S,Sale,sell,3000.0,134.9457,404837.1,-404837.1,Alexander D. Moore,Director
PLTR,2026-05-15,2026-05-19,0001823952-26-000012,S,Sale,sell,100.0,135.455,13545.500000000002,-13545.500000000002,Alexander D. Moore,Director
PLTR,2026-04-15,2026-04-17,0001823952-26-000010,S,Sale,sell,500.0,135.704,67852.0,-67852.0,Alexander D. Moore,Director
PLTR,2026-04-15,2026-04-17,0001823952-26-000010,S,Sale,sell,1037.0,136.6768,141733.84159999999,-141733.84159999999,Alexander D. Moore,Director
PLTR,2026-04-15,2026-04-17,0001823952-26-000010,S,Sale,sell,3603.0,137.8116,496535.1948,-496535.1948,Alexander D. Moore,Director
PLTR,2026-04-15,2026-04-17,0001823952-26-000010,S,Sale,sell,2353.0,138.734,326441.102,-326441.102,Alexander D. Moore,Director
PLTR,2026-04-15,2026-04-17,0001823952-26-000010,S,Sale,sell,3353.0,139.732,468521.396,-468521.396,Alexander D. Moore,Director
PLTR,2026-04-15,2026-04-17,0001823952-26-000010,S,Sale,sell,1596.0,140.4554,224166.8184,-224166.8184,Alexander D. Moore,Director
PLTR,2026-04-15,2026-04-17,0001823952-26-000010,S,Sale,sell,3342.0,142.0014,474568.6788,-474568.6788,Alexander D. Moore,Director
PLTR,2026-04-15,2026-04-17,0001823952-26-000010,S,Sale,sell,216.0,142.414,30761.424,-30761.424,Alexander D. Moore,Director
PLTR,2026-03-16,2026-03-18,0001823952-26-000009,S,Sale,sell,7045.0,151.9934,1070793.503,-1070793.503,Alexander D. Moore,Director
PLTR,2026-03-16,2026-03-18,0001823952-26-000009,S,Sale,sell,8655.0,152.7181,1321775.1554999999,-1321775.1554999999,Alexander D. Moore,Director
PLTR,2026-03-16,2026-03-18,0001823952-26-000009,S,Sale,sell,300.0,153.5133,46053.99,-46053.99,Alexander D. Moore,Director
PLTR,2026-03-02,2026-03-04,0001211060-26-000007,S,Sale,sell,50026.0,140.9739,7052360.321399999,-7052360.321399999,Peter Thiel,Director
PLTR,2026-03-02,2026-03-04,0001211060-26-000007,S,Sale,sell,46722.0,142.2131,6644480.4582,-6644480.4582,Peter Thiel,Director
PLTR,2026-03-02,2026-03-04,0001211060-26-000007,S,Sale,sell,222837.0,143.2751,31926993.4587,-31926993.4587,Peter Thiel,Director
PLTR,2026-03-02,2026-03-04,0001211060-26-000007,S,Sale,sell,419113.0,144.1774,60426622.6462,-60426622.6462,Peter Thiel,Director
PLTR,2026-03-02,2026-03-04,0001211060-26-000007,S,Sale,sell,721136.0,145.1654,104683995.8944,-104683995.8944,Peter Thiel,Director
PLTR,2026-03-02,2026-03-04,0001211060-26-000007,S,Sale,sell,488783.0,146.1385,71430014.4455,-71430014.4455,Peter Thiel,Director
PLTR,2026-03-02,2026-03-04,0001211060-26-000007,S,Sale,sell,51383.0,146.8003,7543039.8149,-7543039.8149,Peter Thiel,Director
PLTR,2026-02-20,2026-02-24,0001705189-26-000006,S,Sale,sell,268.0,132.0346,35385.272800000006,-35385.272800000006,Jeffrey Buckley,Officer title: Chief Accounting Officer. This Form 4 has been compiled based on applicable requirements to reflect the specific transactions described herein and is not intended to disclose or describe all shares and/or other equity securities owned or beneficially held by the Reporting Person.
PLTR,2026-02-20,2026-02-24,0001705189-26-000006,S,Sale,sell,834.0,132.862,110806.908,-110806.908,Jeffrey Buckley,Officer title: Chief Accounting Officer. This Form 4 has been compiled based on applicable requirements to reflect the specific transactions described herein and is not intended to disclose or describe all shares and/or other equity securities owned or beneficially held by the Reporting Person.
PLTR,2026-02-20,2026-02-24,0001705189-26-000006,S,Sale,sell,703.0,133.7565,94030.8195,-94030.8195,Jeffrey Buckley,Officer title: Chief Accounting Officer. This Form 4 has been compiled based on applicable requirements to reflect the specific transactions described herein and is not intended to disclose or describe all shares and/or other equity securities owned or beneficially held by the Reporting Person.
PLTR,2026-02-20,2026-02-24,0001705189-26-000006,S,Sale,sell,743.0,134.8296,100178.3928,-100178.3928,Jeffrey Buckley,Officer title: Chief Accounting Officer. This Form 4 has been compiled based on applicable requirements to reflect the specific transactions described herein and is not intended to disclose or describe all shares and/or other equity securities owned or beneficially held by the Reporting Person.
PLTR,2026-02-20,2026-02-24,0001705189-26-000006,S,Sale,sell,156.0,135.7252,21173.1312,-21173.1312,Jeffrey Buckley,Officer title: Chief Accounting Officer. This Form 4 has been compiled based on applicable requirements to reflect the specific transactions described herein and is not intended to disclose or describe all shares and/or other equity securities owned or beneficially held by the Reporting Person.
PLTR,2026-02-20,2026-02-24,0001705189-26-000006,S,Sale,sell,1232.0,129.08,159026.56000000003,-159026.56000000003,Jeffrey Buckley,Officer title: Chief Accounting Officer. This Form 4 has been compiled based on applicable requirements to reflect the specific transactions described herein and is not intended to disclose or describe all shares and/or other equity securities owned or beneficially held by the Reporting Person.
PLTR,2026-02-20,2026-02-24,0001823923-26-000008,S,Sale,sell,1978.0,132.0346,261164.43880000003,-261164.43880000003,Ryan D. Taylor,"Officer title: Chief Revenue Officer and Chief Legal Officer. This Form 4 has been compiled based on applicable requirements to reflect the specific transactions described herein and is not intended to disclose or describe all shares and/or other equity securities owned or beneficially held by the Reporting Person. For additional details regarding the Reporting Person's overall stock and equity holdings, please see the Issuer's Proxy Statement filed with the Securities and Exchange Commission on April 25, 2025, including under the heading ""Security Ownership Of Certain Beneficial Owners And Management"" (subject to the definitions, explanations, and time periods described therein)."
PLTR,2026-02-20,2026-02-24,0001823923-26-000008,S,Sale,sell,6167.0,132.862,819359.9539999999,-819359.9539999999,Ryan D. Taylor,"Officer title: Chief Revenue Officer and Chief Legal Officer. This Form 4 has been compiled based on applicable requirements to reflect the specific transactions described herein and is not intended to disclose or describe all shares and/or other equity securities owned or beneficially held by the Reporting Person. For additional details regarding the Reporting Person's overall stock and equity holdings, please see the Issuer's Proxy Statement filed with the Securities and Exchange Commission on April 25, 2025, including under the heading ""Security Ownership Of Certain Beneficial Owners And Management"" (subject to the definitions, explanations, and time periods described therein)."
PLTR,2026-02-20,2026-02-24,0001823923-26-000008,S,Sale,sell,5197.0,133.7565,695132.5305,-695132.5305,Ryan D. Taylor,"Officer title: Chief Revenue Officer and Chief Legal Officer. This Form 4 has been compiled based on applicable requirements to reflect the specific transactions described herein and is not intended to disclose or describe all shares and/or other equity securities owned or beneficially held by the Reporting Person. For additional details regarding the Reporting Person's overall stock and equity holdings, please see the Issuer's Proxy Statement filed with the Securities and Exchange Commission on April 25, 2025, including under the heading ""Security Ownership Of Certain Beneficial Owners And Management"" (subject to the definitions, explanations, and time periods described therein)."
PLTR,2026-02-20,2026-02-24,0001823923-26-000008,S,Sale,sell,5495.0,134.8296,740888.652,-740888.652,Ryan D. Taylor,"Officer title: Chief Revenue Officer and Chief Legal Officer. This Form 4 has been compiled based on applicable requirements to reflect the specific transactions described herein and is not intended to disclose or describe all shares and/or other equity securities owned or beneficially held by the Reporting Person. For additional details regarding the Reporting Person's overall stock and equity holdings, please see the Issuer's Proxy Statement filed with the Securities and Exchange Commission on April 25, 2025, including under the heading ""Security Ownership Of Certain Beneficial Owners And Management"" (subject to the definitions, explanations, and time periods described therein)."
PLTR,2026-02-20,2026-02-24,0001823923-26-000008,S,Sale,sell,1151.0,135.7252,156219.7052,-156219.7052,Ryan D. Taylor,"Officer title: Chief Revenue Officer and Chief Legal Officer. This Form 4 has been compiled based on applicable requirements to reflect the specific transactions described herein and is not intended to disclose or describe all shares and/or other equity securities owned or beneficially held by the Reporting Person. For additional details regarding the Reporting Person's overall stock and equity holdings, please see the Issuer's Proxy Statement filed with the Securities and Exchange Commission on April 25, 2025, including under the heading ""Security Ownership Of Certain Beneficial Owners And Management"" (subject to the definitions, explanations, and time periods described therein)."
PLTR,2026-02-20,2026-02-24,0001823940-26-000007,S,Sale,sell,1726.0,132.0346,227891.7196,-227891.7196,David A. Glazer,"Officer title: Chief Financial Officer and Treasurer. This Form 4 has been compiled based on applicable requirements to reflect the specific transactions described herein and is not intended to disclose or describe all shares and/or other equity securities owned or beneficially held by the Reporting Person. For additional details regarding the Reporting Person's overall stock and equity holdings, please see the Issuer's Proxy Statement filed with the Securities and Exchange Commission on April 25, 2025, including under the heading ""Security Ownership Of Certain Beneficial Owners And Management"" (subject to the definitions, explanations, and time periods described therein)."
PLTR,2026-02-20,2026-02-24,0001823940-26-000007,S,Sale,sell,5380.0,132.862,714797.5599999999,-714797.5599999999,David A. Glazer,"Officer title: Chief Financial Officer and Treasurer. This Form 4 has been compiled based on applicable requirements to reflect the specific transactions described herein and is not intended to disclose or describe all shares and/or other equity securities owned or beneficially held by the Reporting Person. For additional details regarding the Reporting Person's overall stock and equity holdings, please see the Issuer's Proxy Statement filed with the Securities and Exchange Commission on April 25, 2025, including under the heading ""Security Ownership Of Certain Beneficial Owners And Management"" (subject to the definitions, explanations, and time periods described therein)."
PLTR,2026-02-20,2026-02-24,0001823940-26-000007,S,Sale,sell,4534.0,133.7565,606451.9709999999,-606451.9709999999,David A. Glazer,"Officer title: Chief Financial Officer and Treasurer. This Form 4 has been compiled based on applicable requirements to reflect the specific transactions described herein and is not intended to disclose or describe all shares and/or other equity securities owned or beneficially held by the Reporting Person. For additional details regarding the Reporting Person's overall stock and equity holdings, please see the Issuer's Proxy Statement filed with the Securities and Exchange Commission on April 25, 2025, including under the heading ""Security Ownership Of Certain Beneficial Owners And Management"" (subject to the definitions, explanations, and time periods described therein)."
PLTR,2026-02-20,2026-02-24,0001823940-26-000007,S,Sale,sell,4794.0,134.8296,646373.1024,-646373.1024,David A. Glazer,"Officer title: Chief Financial Officer and Treasurer. This Form 4 has been compiled based on applicable requirements to reflect the specific transactions described herein and is not intended to disclose or describe all shares and/or other equity securities owned or beneficially held by the Reporting Person. For additional details regarding the Reporting Person's overall stock and equity holdings, please see the Issuer's Proxy Statement filed with the Securities and Exchange Commission on April 25, 2025, including under the heading ""Security Ownership Of Certain Beneficial Owners And Management"" (subject to the definitions, explanations, and time periods described therein)."
PLTR,2026-02-20,2026-02-24,0001823940-26-000007,S,Sale,sell,1004.0,135.7252,136268.10080000001,-136268.10080000001,David A. Glazer,"Officer title: Chief Financial Officer and Treasurer. This Form 4 has been compiled based on applicable requirements to reflect the specific transactions described herein and is not intended to disclose or describe all shares and/or other equity securities owned or beneficially held by the Reporting Person. For additional details regarding the Reporting Person's overall stock and equity holdings, please see the Issuer's Proxy Statement filed with the Securities and Exchange Commission on April 25, 2025, including under the heading ""Security Ownership Of Certain Beneficial Owners And Management"" (subject to the definitions, explanations, and time periods described therein)."
PLTR,2026-02-20,2026-02-24,0001824159-26-000006,S,Sale,sell,16630.0,132.0346,2195735.398,-2195735.398,Shyam Sankar,"Officer title: Chief Technology Officer and Executive Vice President. This Form 4 has been compiled based on applicable requirements to reflect the specific transactions described herein and is not intended to disclose or describe all shares and/or other equity securities owned or beneficially held by the Reporting Person. For additional details regarding the Reporting Person's overall stock and equity holdings, please see the Issuer's Proxy Statement filed with the Securities and Exchange Commission on April 25, 2025, including under the heading ""Security Ownership Of Certain Beneficial Owners And Management"" (subject to the definitions, explanations, and time periods described therein)."
PLTR,2026-02-20,2026-02-24,0001824159-26-000006,S,Sale,sell,51831.0,132.862,6886370.322,-6886370.322,Shyam Sankar,"Officer title: Chief Technology Officer and Executive Vice President. This Form 4 has been compiled based on applicable requirements to reflect the specific transactions described herein and is not intended to disclose or describe all shares and/or other equity securities owned or beneficially held by the Reporting Person. For additional details regarding the Reporting Person's overall stock and equity holdings, please see the Issuer's Proxy Statement filed with the Securities and Exchange Commission on April 25, 2025, including under the heading ""Security Ownership Of Certain Beneficial Owners And Management"" (subject to the definitions, explanations, and time periods described therein)."
PLTR,2026-02-20,2026-02-24,0001824159-26-000006,S,Sale,sell,43685.0,133.7565,5843152.7025,-5843152.7025,Shyam Sankar,"Officer title: Chief Technology Officer and Executive Vice President. This Form 4 has been compiled based on applicable requirements to reflect the specific transactions described herein and is not intended to disclose or describe all shares and/or other equity securities owned or beneficially held by the Reporting Person. For additional details regarding the Reporting Person's overall stock and equity holdings, please see the Issuer's Proxy Statement filed with the Securities and Exchange Commission on April 25, 2025, including under the heading ""Security Ownership Of Certain Beneficial Owners And Management"" (subject to the definitions, explanations, and time periods described therein)."
PLTR,2026-02-20,2026-02-24,0001824159-26-000006,S,Sale,sell,46188.0,134.8296,6227509.5648,-6227509.5648,Shyam Sankar,"Officer title: Chief Technology Officer and Executive Vice President. This Form 4 has been compiled based on applicable requirements to reflect the specific transactions described herein and is not intended to disclose or describe all shares and/or other equity securities owned or beneficially held by the Reporting Person. For additional details regarding the Reporting Person's overall stock and equity holdings, please see the Issuer's Proxy Statement filed with the Securities and Exchange Commission on April 25, 2025, including under the heading ""Security Ownership Of Certain Beneficial Owners And Management"" (subject to the definitions, explanations, and time periods described therein)."
PLTR,2026-02-20,2026-02-24,0001824159-26-000006,S,Sale,sell,9670.0,135.7252,1312462.6840000001,-1312462.6840000001,Shyam Sankar,"Officer title: Chief Technology Officer and Executive Vice President. This Form 4 has been compiled based on applicable requirements to reflect the specific transactions described herein and is not intended to disclose or describe all shares and/or other equity securities owned or beneficially held by the Reporting Person. For additional details regarding the Reporting Person's overall stock and equity holdings, please see the Issuer's Proxy Statement filed with the Securities and Exchange Commission on April 25, 2025, including under the heading ""Security Ownership Of Certain Beneficial Owners And Management"" (subject to the definitions, explanations, and time periods described therein)."
PLTR,2026-02-20,2026-02-24,0001823920-26-000006,S,Sale,sell,32376.0,132.0346,4274752.209600001,-4274752.209600001,Stephen Andrew Cohen,"Officer title: President and Secretary. This Form 4 has been compiled based on applicable requirements to reflect the specific transactions described herein and is not intended to disclose or describe all shares and/or other equity securities owned or beneficially held by the Reporting Person. For additional details regarding the Reporting Person's overall stock and equity holdings, please see the Issuer's Proxy Statement filed with the Securities and Exchange Commission on April 25, 2025, including under the heading ""Security Ownership Of Certain Beneficial Owners And Management"" (subject to the definitions, explanations, and time periods described therein)."
PLTR,2026-02-20,2026-02-24,0001823920-26-000006,S,Sale,sell,100910.0,132.862,13407104.42,-13407104.42,Stephen Andrew Cohen,"Officer title: President and Secretary. This Form 4 has been compiled based on applicable requirements to reflect the specific transactions described herein and is not intended to disclose or describe all shares and/or other equity securities owned or beneficially held by the Reporting Person. For additional details regarding the Reporting Person's overall stock and equity holdings, please see the Issuer's Proxy Statement filed with the Securities and Exchange Commission on April 25, 2025, including under the heading ""Security Ownership Of Certain Beneficial Owners And Management"" (subject to the definitions, explanations, and time periods described therein)."
PLTR,2026-02-20,2026-02-24,0001823920-26-000006,S,Sale,sell,85051.0,133.7565,11376124.0815,-11376124.0815,Stephen Andrew Cohen,"Officer title: President and Secretary. This Form 4 has been compiled based on applicable requirements to reflect the specific transactions described herein and is not intended to disclose or describe all shares and/or other equity securities owned or beneficially held by the Reporting Person. For additional details regarding the Reporting Person's overall stock and equity holdings, please see the Issuer's Proxy Statement filed with the Securities and Exchange Commission on April 25, 2025, including under the heading ""Security Ownership Of Certain Beneficial Owners And Management"" (subject to the definitions, explanations, and time periods described therein)."
PLTR,2026-02-20,2026-02-24,0001823920-26-000006,S,Sale,sell,89924.0,134.8296,12124416.9504,-12124416.9504,Stephen Andrew Cohen,"Officer title: President and Secretary. This Form 4 has been compiled based on applicable requirements to reflect the specific transactions described herein and is not intended to disclose or describe all shares and/or other equity securities owned or beneficially held by the Reporting Person. For additional details regarding the Reporting Person's overall stock and equity holdings, please see the Issuer's Proxy Statement filed with the Securities and Exchange Commission on April 25, 2025, including under the heading ""Security Ownership Of Certain Beneficial Owners And Management"" (subject to the definitions, explanations, and time periods described therein)."
PLTR,2026-02-20,2026-02-24,0001823920-26-000006,S,Sale,sell,18827.0,135.7252,2555298.3404,-2555298.3404,Stephen Andrew Cohen,"Officer title: President and Secretary. This Form 4 has been compiled based on applicable requirements to reflect the specific transactions described herein and is not intended to disclose or describe all shares and/or other equity securities owned or beneficially held by the Reporting Person. For additional details regarding the Reporting Person's overall stock and equity holdings, please see the Issuer's Proxy Statement filed with the Securities and Exchange Commission on April 25, 2025, including under the heading ""Security Ownership Of Certain Beneficial Owners And Management"" (subject to the definitions, explanations, and time periods described therein)."
PLTR,2026-02-20,2026-02-24,0001823951-26-000006,S,Sale,sell,39893.0,132.0346,5267256.297800001,-5267256.297800001,Alexander C. Karp,"Officer title: Chief Executive Officer. This Form 4 has been compiled based on applicable requirements to reflect the specific transactions described herein and is not intended to disclose or describe all shares and/or other equity securities owned or beneficially held by the Reporting Person. For additional details regarding the Reporting Person's overall stock and equity holdings, please see the Issuer's Proxy Statement filed with the Securities and Exchange Commission on April 25, 2025, including under the heading ""Security Ownership Of Certain Beneficial Owners And Management"" (subject to the definitions, explanations, and time periods described therein)."
PLTR,2026-02-20,2026-02-24,0001823951-26-000006,S,Sale,sell,124338.0,132.862,16519795.355999999,-16519795.355999999,Alexander C. Karp,"Officer title: Chief Executive Officer. This Form 4 has been compiled based on applicable requirements to reflect the specific transactions described herein and is not intended to disclose or describe all shares and/or other equity securities owned or beneficially held by the Reporting Person. For additional details regarding the Reporting Person's overall stock and equity holdings, please see the Issuer's Proxy Statement filed with the Securities and Exchange Commission on April 25, 2025, including under the heading ""Security Ownership Of Certain Beneficial Owners And Management"" (subject to the definitions, explanations, and time periods described therein)."
PLTR,2026-02-20,2026-02-24,0001823951-26-000006,S,Sale,sell,104796.0,133.7565,14017146.173999999,-14017146.173999999,Alexander C. Karp,"Officer title: Chief Executive Officer. This Form 4 has been compiled based on applicable requirements to reflect the specific transactions described herein and is not intended to disclose or describe all shares and/or other equity securities owned or beneficially held by the Reporting Person. For additional details regarding the Reporting Person's overall stock and equity holdings, please see the Issuer's Proxy Statement filed with the Securities and Exchange Commission on April 25, 2025, including under the heading ""Security Ownership Of Certain Beneficial Owners And Management"" (subject to the definitions, explanations, and time periods described therein)."
PLTR,2026-02-20,2026-02-24,0001823951-26-000006,S,Sale,sell,110800.0,134.8296,14939119.68,-14939119.68,Alexander C. Karp,"Officer title: Chief Executive Officer. This Form 4 has been compiled based on applicable requirements to reflect the specific transactions described herein and is not intended to disclose or describe all shares and/or other equity securities owned or beneficially held by the Reporting Person. For additional details regarding the Reporting Person's overall stock and equity holdings, please see the Issuer's Proxy Statement filed with the Securities and Exchange Commission on April 25, 2025, including under the heading ""Security Ownership Of Certain Beneficial Owners And Management"" (subject to the definitions, explanations, and time periods described therein)."
PLTR,2026-02-20,2026-02-24,0001823951-26-000006,S,Sale,sell,23198.0,135.7252,3148553.1896,-3148553.1896,Alexander C. Karp,"Officer title: Chief Executive Officer. This Form 4 has been compiled based on applicable requirements to reflect the specific transactions described herein and is not intended to disclose or describe all shares and/or other equity securities owned or beneficially held by the Reporting Person. For additional details regarding the Reporting Person's overall stock and equity holdings, please see the Issuer's Proxy Statement filed with the Securities and Exchange Commission on April 25, 2025, including under the heading ""Security Ownership Of Certain Beneficial Owners And Management"" (subject to the definitions, explanations, and time periods described therein)."
PLTR,2026-02-20,2026-02-24,0001823951-26-000006,S,Sale,sell,6180.0,132.0131,815840.9580000001,-815840.9580000001,Alexander C. Karp,"Officer title: Chief Executive Officer. This Form 4 has been compiled based on applicable requirements to reflect the specific transactions described herein and is not intended to disclose or describe all shares and/or other equity securities owned or beneficially held by the Reporting Person. For additional details regarding the Reporting Person's overall stock and equity holdings, please see the Issuer's Proxy Statement filed with the Securities and Exchange Commission on April 25, 2025, including under the heading ""Security Ownership Of Certain Beneficial Owners And Management"" (subject to the definitions, explanations, and time periods described therein)."
PLTR,2026-02-20,2026-02-24,0001823951-26-000006,S,Sale,sell,20259.0,132.8166,2690731.4994,-2690731.4994,Alexander C. Karp,"Officer title: Chief Executive Officer. This Form 4 has been compiled based on applicable requirements to reflect the specific transactions described herein and is not intended to disclose or describe all shares and/or other equity securities owned or beneficially held by the Reporting Person. For additional details regarding the Reporting Person's overall stock and equity holdings, please see the Issuer's Proxy Statement filed with the Securities and Exchange Commission on April 25, 2025, including under the heading ""Security Ownership Of Certain Beneficial Owners And Management"" (subject to the definitions, explanations, and time periods described therein)."
PLTR,2026-02-20,2026-02-24,0001823951-26-000006,S,Sale,sell,19309.0,133.7332,2582254.3588,-2582254.3588,Alexander C. Karp,"Officer title: Chief Executive Officer. This Form 4 has been compiled based on applicable requirements to reflect the specific transactions described herein and is not intended to disclose or describe all shares and/or other equity securities owned or beneficially held by the Reporting Person. For additional details regarding the Reporting Person's overall stock and equity holdings, please see the Issuer's Proxy Statement filed with the Securities and Exchange Commission on April 25, 2025, including under the heading ""Security Ownership Of Certain Beneficial Owners And Management"" (subject to the definitions, explanations, and time periods described therein)."
PLTR,2026-02-20,2026-02-24,0001823951-26-000006,S,Sale,sell,35656.0,134.8733,4809042.3848,-4809042.3848,Alexander C. Karp,"Officer title: Chief Executive Officer. This Form 4 has been compiled based on applicable requirements to reflect the specific transactions described herein and is not intended to disclose or describe all shares and/or other equity securities owned or beneficially held by the Reporting Person. For additional details regarding the Reporting Person's overall stock and equity holdings, please see the Issuer's Proxy Statement filed with the Securities and Exchange Commission on April 25, 2025, including under the heading ""Security Ownership Of Certain Beneficial Owners And Management"" (subject to the definitions, explanations, and time periods described therein)."
PLTR,2026-02-20,2026-02-24,0001823951-26-000006,S,Sale,sell,8596.0,135.6733,1166247.6868,-1166247.6868,Alexander C. Karp,"Officer title: Chief Executive Officer. This Form 4 has been compiled based on applicable requirements to reflect the specific transactions described herein and is not intended to disclose or describe all shares and/or other equity securities owned or beneficially held by the Reporting Person. For additional details regarding the Reporting Person's overall stock and equity holdings, please see the Issuer's Proxy Statement filed with the Securities and Exchange Commission on April 25, 2025, including under the heading ""Security Ownership Of Certain Beneficial Owners And Management"" (subject to the definitions, explanations, and time periods described therein)."
PLTR,2026-02-02,2026-02-04,0001840244-26-000005,S,Sale,sell,400.0,151.14,60455.99999999999,-60455.99999999999,Lauren Elaina Friedman Stat,Director
PLTR,2026-02-02,2026-02-04,0001823952-26-000005,S,Sale,sell,720.0,147.4522,106165.584,-106165.584,Alexander D. Moore,Director
PLTR,2026-02-02,2026-02-04,0001823952-26-000005,S,Sale,sell,2525.0,148.304,374467.6,-374467.6,Alexander D. Moore,Director
PLTR,2026-02-02,2026-02-04,0001823952-26-000005,S,Sale,sell,6310.0,149.3397,942333.507,-942333.507,Alexander D. Moore,Director
PLTR,2026-02-02,2026-02-04,0001823952-26-000005,S,Sale,sell,9212.0,150.2316,1383933.4992,-1383933.4992,Alexander D. Moore,Director
PLTR,2026-02-02,2026-02-04,0001823952-26-000005,S,Sale,sell,1233.0,150.9194,186083.6202,-186083.6202,Alexander D. Moore,Director
PLTR,2026-01-02,2026-01-06,0001840244-26-000001,S,Sale,sell,3400.0,181.35,616590.0,-616590.0,Lauren Elaina Friedman Stat,Director
PLTR,2026-01-02,2026-01-06,0001823952-26-000001,S,Sale,sell,1308.0,167.2982,218826.0456,-218826.0456,Alexander D. Moore,Director
PLTR,2026-01-02,2026-01-06,0001823952-26-000001,S,Sale,sell,3908.0,168.3534,657925.0872,-657925.0872,Alexander D. Moore,Director
PLTR,2026-01-02,2026-01-06,0001823952-26-000001,S,Sale,sell,387.0,169.1184,65448.8208,-65448.8208,Alexander D. Moore,Director
PLTR,2026-01-02,2026-01-06,0001823952-26-000001,S,Sale,sell,2319.0,170.1562,394592.22780000005,-394592.22780000005,Alexander D. Moore,Director
PLTR,2026-01-02,2026-01-06,0001823952-26-000001,S,Sale,sell,1489.0,171.5653,255460.7317,-255460.7317,Alexander D. Moore,Director
PLTR,2026-01-02,2026-01-06,0001823952-26-000001,S,Sale,sell,1323.0,172.3551,228025.79729999998,-228025.79729999998,Alexander D. Moore,Director
PLTR,2026-01-02,2026-01-06,0001823952-26-000001,S,Sale,sell,1013.0,174.0735,176336.45549999998,-176336.45549999998,Alexander D. Moore,Director
PLTR,2026-01-02,2026-01-06,0001823952-26-000001,S,Sale,sell,1143.0,174.8975,199907.8425,-199907.8425,Alexander D. Moore,Director
PLTR,2026-01-02,2026-01-06,0001823952-26-000001,S,Sale,sell,1666.0,176.0353,293274.8098,-293274.8098,Alexander D. Moore,Director
PLTR,2026-01-02,2026-01-06,0001823952-26-000001,S,Sale,sell,2821.0,177.2646,500063.4366,-500063.4366,Alexander D. Moore,Director
PLTR,2026-01-02,2026-01-06,0001823952-26-000001,S,Sale,sell,1533.0,178.4366,273543.3078,-273543.3078,Alexander D. Moore,Director
PLTR,2026-01-02,2026-01-06,0001823952-26-000001,S,Sale,sell,788.0,179.6136,141535.51679999998,-141535.51679999998,Alexander D. Moore,Director
PLTR,2026-01-02,2026-01-06,0001823952-26-000001,S,Sale,sell,302.0,181.0421,54674.7142,-54674.7142,Alexander D. Moore,Director
PLTR,2026-01-02,2026-01-06,0001823923-26-000001,S,Sale,sell,12000.0,181.35,2176200.0,-2176200.0,Ryan D. Taylor,"Officer title: Chief Revenue Officer and Chief Legal Officer. This Form 4 has been compiled based on applicable requirements to reflect the specific transactions described herein and is not intended to disclose or describe all shares and/or other equity securities owned or beneficially held by the Reporting Person. For additional details regarding the Reporting Person's overall stock and equity holdings, please see the Issuer's Proxy Statement filed with the Securities and Exchange Commission on April 25, 2025, including under the heading ""Security Ownership Of Certain Beneficial Owners And Management"" (subject to the definitions, explanations, and time periods described therein)."
PLTR,2025-12-12,2025-12-16,0001823940-25-000004,S,Sale,sell,9000.0,185.91,1673190.0,-1673190.0,David A. Glazer,"Officer title: Chief Financial Officer and Treasurer. This Form 4 has been compiled based on applicable requirements to reflect the specific transactions described herein and is not intended to disclose or describe all shares and/or other equity securities owned or beneficially held by the Reporting Person. For additional details regarding the Reporting Person's overall stock and equity holdings, please see the Issuer's Proxy Statement filed with the Securities and Exchange Commission on April 25, 2025, including under the heading ""Security Ownership Of Certain Beneficial Owners And Management"" (subject to the definitions, explanations, and time periods described therein)."
PLTR,2025-12-01,2025-12-03,0001823952-25-000007,S,Sale,sell,1121.0,164.0851,183939.3971,-183939.3971,Alexander D. Moore,Director
PLTR,2025-12-01,2025-12-03,0001823952-25-000007,S,Sale,sell,1466.0,164.923,241777.11800000002,-241777.11800000002,Alexander D. Moore,Director
PLTR,2025-12-01,2025-12-03,0001823952-25-000007,S,Sale,sell,2791.0,166.5501,464841.3291,-464841.3291,Alexander D. Moore,Director
PLTR,2025-12-01,2025-12-03,0001823952-25-000007,S,Sale,sell,9048.0,167.4025,1514657.82,-1514657.82,Alexander D. Moore,Director
PLTR,2025-12-01,2025-12-03,0001823952-25-000007,S,Sale,sell,5574.0,168.3921,938617.5654,-938617.5654,Alexander D. Moore,Director
PLTR,2025-11-20,2025-11-24,0001705189-25-000004,S,Sale,sell,146.0,155.3089,22675.0994,-22675.0994,Jeffrey Buckley,Officer title: Chief Accounting Officer. This Form 4 has been compiled based on applicable requirements to reflect the specific transactions described herein and is not intended to disclose or describe all shares and/or other equity securities owned or beneficially held by the Reporting Person.
PLTR,2025-11-20,2025-11-24,0001705189-25-000004,S,Sale,sell,140.0,156.1858,21866.012,-21866.012,Jeffrey Buckley,Officer title: Chief Accounting Officer. This Form 4 has been compiled based on applicable requirements to reflect the specific transactions described herein and is not intended to disclose or describe all shares and/or other equity securities owned or beneficially held by the Reporting Person.
PLTR,2025-11-20,2025-11-24,0001705189-25-000004,S,Sale,sell,294.0,157.251,46231.794,-46231.794,Jeffrey Buckley,Officer title: Chief Accounting Officer. This Form 4 has been compiled based on applicable requirements to reflect the specific transactions described herein and is not intended to disclose or describe all shares and/or other equity securities owned or beneficially held by the Reporting Person.
PLTR,2025-11-20,2025-11-24,0001705189-25-000004,S,Sale,sell,287.0,158.1365,45385.175500000005,-45385.175500000005,Jeffrey Buckley,Officer title: Chief Accounting Officer. This Form 4 has been compiled based on applicable requirements to reflect the specific transactions described herein and is not intended to disclose or describe all shares and/or other equity securities owned or beneficially held by the Reporting Person.
PLTR,2025-11-20,2025-11-24,0001705189-25-000004,S,Sale,sell,133.0,159.0786,21157.4538,-21157.4538,Jeffrey Buckley,Officer title: Chief Accounting Officer. This Form 4 has been compiled based on applicable requirements to reflect the specific transactions described herein and is not intended to disclose or describe all shares and/or other equity securities owned or beneficially held by the Reporting Person.
PLTR,2025-11-20,2025-11-24,0001705189-25-000004,S,Sale,sell,114.0,160.1615,18258.411,-18258.411,Jeffrey Buckley,Officer title: Chief Accounting Officer. This Form 4 has been compiled based on applicable requirements to reflect the specific transactions described herein and is not intended to disclose or describe all shares and/or other equity securities owned or beneficially held by the Reporting Person.
PLTR,2025-11-20,2025-11-24,0001705189-25-000004,S,Sale,sell,85.0,161.1557,13698.2345,-13698.2345,Jeffrey Buckley,Officer title: Chief Accounting Officer. This Form 4 has been compiled based on applicable requirements to reflect the specific transactions described herein and is not intended to disclose or describe all shares and/or other equity securities owned or beneficially held by the Reporting Person.
PLTR,2025-11-20,2025-11-24,0001705189-25-000004,S,Sale,sell,20.0,161.8464,3236.928,-3236.928,Jeffrey Buckley,Officer title: Chief Accounting Officer. This Form 4 has been compiled based on applicable requirements to reflect the specific transactions described herein and is not intended to disclose or describe all shares and/or other equity securities owned or beneficially held by the Reporting Person.
PLTR,2025-11-20,2025-11-24,0001705189-25-000004,S,Sale,sell,68.0,163.3663,11108.9084,-11108.9084,Jeffrey Buckley,Officer title: Chief Accounting Officer. This Form 4 has been compiled based on applicable requirements to reflect the specific transactions described herein and is not intended to disclose or describe all shares and/or other equity securities owned or beneficially held by the Reporting Person.
PLTR,2025-11-20,2025-11-24,0001705189-25-000004,S,Sale,sell,41.0,164.0484,6725.984399999999,-6725.984399999999,Jeffrey Buckley,Officer title: Chief Accounting Officer. This Form 4 has been compiled based on applicable requirements to reflect the specific transactions described herein and is not intended to disclose or describe all shares and/or other equity securities owned or beneficially held by the Reporting Person.
PLTR,2025-11-20,2025-11-24,0001705189-25-000004,S,Sale,sell,32.0,165.945,5310.24,-5310.24,Jeffrey Buckley,Officer title: Chief Accounting Officer. This Form 4 has been compiled based on applicable requirements to reflect the specific transactions described herein and is not intended to disclose or describe all shares and/or other equity securities owned or beneficially held by the Reporting Person.
PLTR,2025-11-20,2025-11-24,0001705189-25-000004,S,Sale,sell,52.0,166.7259,8669.746799999999,-8669.746799999999,Jeffrey Buckley,Officer title: Chief Accounting Officer. This Form 4 has been compiled based on applicable requirements to reflect the specific transactions described herein and is not intended to disclose or describe all shares and/or other equity securities owned or beneficially held by the Reporting Person.
PLTR,2025-11-20,2025-11-24,0001705189-25-000004,S,Sale,sell,44.0,167.933,7389.052,-7389.052,Jeffrey Buckley,Officer title: Chief Accounting Officer. This Form 4 has been compiled based on applicable requirements to reflect the specific transactions described herein and is not intended to disclose or describe all shares and/or other equity securities owned or beneficially held by the Reporting Person.
PLTR,2025-11-20,2025-11-24,0001705189-25-000004,S,Sale,sell,36.0,168.9044,6080.5584,-6080.5584,Jeffrey Buckley,Officer title: Chief Accounting Officer. This Form 4 has been compiled based on applicable requirements to reflect the specific transactions described herein and is not intended to disclose or describe all shares and/or other equity securities owned or beneficially held by the Reporting Person.
PLTR,2025-11-20,2025-11-24,0001705189-25-000004,S,Sale,sell,68.0,169.9372,11555.729599999999,-11555.729599999999,Jeffrey Buckley,Officer title: Chief Accounting Officer. This Form 4 has been compiled based on applicable requirements to reflect the specific transactions described herein and is not intended to disclose or describe all shares and/or other equity securities owned or beneficially held by the Reporting Person.
PLTR,2025-11-20,2025-11-24,0001705189-25-000004,S,Sale,sell,222.0,170.9118,37942.4196,-37942.4196,Jeffrey Buckley,Officer title: Chief Accounting Officer. This Form 4 has been compiled based on applicable requirements to reflect the specific transactions described herein and is not intended to disclose or describe all shares and/or other equity securities owned or beneficially held by the Reporting Person.
PLTR,2025-11-20,2025-11-24,0001705189-25-000004,S,Sale,sell,261.0,171.9968,44891.1648,-44891.1648,Jeffrey Buckley,Officer title: Chief Accounting Officer. This Form 4 has been compiled based on applicable requirements to reflect the specific transactions described herein and is not intended to disclose or describe all shares and/or other equity securities owned or beneficially held by the Reporting Person.
PLTR,2025-11-20,2025-11-24,0001705189-25-000004,S,Sale,sell,295.0,172.7717,50967.6515,-50967.6515,Jeffrey Buckley,Officer title: Chief Accounting Officer. This Form 4 has been compiled based on applicable requirements to reflect the specific transactions described herein and is not intended to disclose or describe all shares and/or other equity securities owned or beneficially held by the Reporting Person.
PLTR,2025-11-20,2025-11-24,0001705189-25-000004,S,Sale,sell,27.0,173.4115,4682.1105,-4682.1105,Jeffrey Buckley,Officer title: Chief Accounting Officer. This Form 4 has been compiled based on applicable requirements to reflect the specific transactions described herein and is not intended to disclose or describe all shares and/or other equity securities owned or beneficially held by the Reporting Person.
PLTR,2025-11-20,2025-11-24,0001705189-25-000004,S,Sale,sell,3.0,153.4295,460.2885,-460.2885,Jeffrey Buckley,Officer title: Chief Accounting Officer. This Form 4 has been compiled based on applicable requirements to reflect the specific transactions described herein and is not intended to disclose or describe all shares and/or other equity securities owned or beneficially held by the Reporting Person.
PLTR,2025-11-20,2025-11-24,0001705189-25-000004,S,Sale,sell,293.0,156.2601,45784.209299999995,-45784.209299999995,Jeffrey Buckley,Officer title: Chief Accounting Officer. This Form 4 has been compiled based on applicable requirements to reflect the specific transactions described herein and is not intended to disclose or describe all shares and/or other equity securities owned or beneficially held by the Reporting Person.
PLTR,2025-11-20,2025-11-24,0001705189-25-000004,S,Sale,sell,4.0,157.7397,630.9588,-630.9588,Jeffrey Buckley,Officer title: Chief Accounting Officer. This Form 4 has been compiled based on applicable requirements to reflect the specific transactions described herein and is not intended to disclose or describe all shares and/or other equity securities owned or beneficially held by the Reporting Person.
PLTR,2025-11-20,2025-11-24,0001705189-25-000004,S,Sale,sell,1252.0,157.5,197190.0,-197190.0,Jeffrey Buckley,Officer title: Chief Accounting Officer. This Form 4 has been compiled based on applicable requirements to reflect the specific transactions described herein and is not intended to disclose or describe all shares and/or other equity securities owned or beneficially held by the Reporting Person.
PLTR,2025-11-20,2025-11-24,0001823923-25-000007,S,Sale,sell,1097.0,155.3089,170373.8633,-170373.8633,Ryan D. Taylor,"Officer title: Chief Revenue Officer and Chief Legal Officer. This Form 4 has been compiled based on applicable requirements to reflect the specific transactions described herein and is not intended to disclose or describe all shares and/or other equity securities owned or beneficially held by the Reporting Person. For additional details regarding the Reporting Person's overall stock and equity holdings, please see the Issuer's Proxy Statement filed with the Securities and Exchange Commission on April 25, 2025, including under the heading ""Security Ownership Of Certain Beneficial Owners And Management"" (subject to the definitions, explanations, and time periods described therein)."
PLTR,2025-11-20,2025-11-24,0001823923-25-000007,S,Sale,sell,1055.0,156.1858,164776.019,-164776.019,Ryan D. Taylor,"Officer title: Chief Revenue Officer and Chief Legal Officer. This Form 4 has been compiled based on applicable requirements to reflect the specific transactions described herein and is not intended to disclose or describe all shares and/or other equity securities owned or beneficially held by the Reporting Person. For additional details regarding the Reporting Person's overall stock and equity holdings, please see the Issuer's Proxy Statement filed with the Securities and Exchange Commission on April 25, 2025, including under the heading ""Security Ownership Of Certain Beneficial Owners And Management"" (subject to the definitions, explanations, and time periods described therein)."
PLTR,2025-11-20,2025-11-24,0001823923-25-000007,S,Sale,sell,2208.0,157.251,347210.208,-347210.208,Ryan D. Taylor,"Officer title: Chief Revenue Officer and Chief Legal Officer. This Form 4 has been compiled based on applicable requirements to reflect the specific transactions described herein and is not intended to disclose or describe all shares and/or other equity securities owned or beneficially held by the Reporting Person. For additional details regarding the Reporting Person's overall stock and equity holdings, please see the Issuer's Proxy Statement filed with the Securities and Exchange Commission on April 25, 2025, including under the heading ""Security Ownership Of Certain Beneficial Owners And Management"" (subject to the definitions, explanations, and time periods described therein)."
PLTR,2025-11-20,2025-11-24,0001823923-25-000007,S,Sale,sell,2154.0,158.1365,340626.021,-340626.021,Ryan D. Taylor,"Officer title: Chief Revenue Officer and Chief Legal Officer. This Form 4 has been compiled based on applicable requirements to reflect the specific transactions described herein and is not intended to disclose or describe all shares and/or other equity securities owned or beneficially held by the Reporting Person. For additional details regarding the Reporting Person's overall stock and equity holdings, please see the Issuer's Proxy Statement filed with the Securities and Exchange Commission on April 25, 2025, including under the heading ""Security Ownership Of Certain Beneficial Owners And Management"" (subject to the definitions, explanations, and time periods described therein)."
PLTR,2025-11-20,2025-11-24,0001823923-25-000007,S,Sale,sell,1002.0,159.0786,159396.7572,-159396.7572,Ryan D. Taylor,"Officer title: Chief Revenue Officer and Chief Legal Officer. This Form 4 has been compiled based on applicable requirements to reflect the specific transactions described herein and is not intended to disclose or describe all shares and/or other equity securities owned or beneficially held by the Reporting Person. For additional details regarding the Reporting Person's overall stock and equity holdings, please see the Issuer's Proxy Statement filed with the Securities and Exchange Commission on April 25, 2025, including under the heading ""Security Ownership Of Certain Beneficial Owners And Management"" (subject to the definitions, explanations, and time periods described therein)."
PLTR,2025-11-20,2025-11-24,0001823923-25-000007,S,Sale,sell,858.0,160.1615,137418.56699999998,-137418.56699999998,Ryan D. Taylor,"Officer title: Chief Revenue Officer and Chief Legal Officer. This Form 4 has been compiled based on applicable requirements to reflect the specific transactions described herein and is not intended to disclose or describe all shares and/or other equity securities owned or beneficially held by the Reporting Person. For additional details regarding the Reporting Person's overall stock and equity holdings, please see the Issuer's Proxy Statement filed with the Securities and Exchange Commission on April 25, 2025, including under the heading ""Security Ownership Of Certain Beneficial Owners And Management"" (subject to the definitions, explanations, and time periods described therein)."
PLTR,2025-11-20,2025-11-24,0001823923-25-000007,S,Sale,sell,636.0,161.1557,102495.0252,-102495.0252,Ryan D. Taylor,"Officer title: Chief Revenue Officer and Chief Legal Officer. This Form 4 has been compiled based on applicable requirements to reflect the specific transactions described herein and is not intended to disclose or describe all shares and/or other equity securities owned or beneficially held by the Reporting Person. For additional details regarding the Reporting Person's overall stock and equity holdings, please see the Issuer's Proxy Statement filed with the Securities and Exchange Commission on April 25, 2025, including under the heading ""Security Ownership Of Certain Beneficial Owners And Management"" (subject to the definitions, explanations, and time periods described therein)."
PLTR,2025-11-20,2025-11-24,0001823923-25-000007,S,Sale,sell,147.0,161.8464,23791.4208,-23791.4208,Ryan D. Taylor,"Officer title: Chief Revenue Officer and Chief Legal Officer. This Form 4 has been compiled based on applicable requirements to reflect the specific transactions described herein and is not intended to disclose or describe all shares and/or other equity securities owned or beneficially held by the Reporting Person. For additional details regarding the Reporting Person's overall stock and equity holdings, please see the Issuer's Proxy Statement filed with the Securities and Exchange Commission on April 25, 2025, including under the heading ""Security Ownership Of Certain Beneficial Owners And Management"" (subject to the definitions, explanations, and time periods described therein)."
PLTR,2025-11-20,2025-11-24,0001823923-25-000007,S,Sale,sell,513.0,163.3663,83806.91189999999,-83806.91189999999,Ryan D. Taylor,"Officer title: Chief Revenue Officer and Chief Legal Officer. This Form 4 has been compiled based on applicable requirements to reflect the specific transactions described herein and is not intended to disclose or describe all shares and/or other equity securities owned or beneficially held by the Reporting Person. For additional details regarding the Reporting Person's overall stock and equity holdings, please see the Issuer's Proxy Statement filed with the Securities and Exchange Commission on April 25, 2025, including under the heading ""Security Ownership Of Certain Beneficial Owners And Management"" (subject to the definitions, explanations, and time periods described therein)."
PLTR,2025-11-20,2025-11-24,0001823923-25-000007,S,Sale,sell,308.0,164.0484,50526.907199999994,-50526.907199999994,Ryan D. Taylor,"Officer title: Chief Revenue Officer and Chief Legal Officer. This Form 4 has been compiled based on applicable requirements to reflect the specific transactions described herein and is not intended to disclose or describe all shares and/or other equity securities owned or beneficially held by the Reporting Person. For additional details regarding the Reporting Person's overall stock and equity holdings, please see the Issuer's Proxy Statement filed with the Securities and Exchange Commission on April 25, 2025, including under the heading ""Security Ownership Of Certain Beneficial Owners And Management"" (subject to the definitions, explanations, and time periods described therein)."
PLTR,2025-11-20,2025-11-24,0001823923-25-000007,S,Sale,sell,238.0,165.945,39494.909999999996,-39494.909999999996,Ryan D. Taylor,"Officer title: Chief Revenue Officer and Chief Legal Officer. This Form 4 has been compiled based on applicable requirements to reflect the specific transactions described herein and is not intended to disclose or describe all shares and/or other equity securities owned or beneficially held by the Reporting Person. For additional details regarding the Reporting Person's overall stock and equity holdings, please see the Issuer's Proxy Statement filed with the Securities and Exchange Commission on April 25, 2025, including under the heading ""Security Ownership Of Certain Beneficial Owners And Management"" (subject to the definitions, explanations, and time periods described therein)."
PLTR,2025-11-20,2025-11-24,0001823923-25-000007,S,Sale,sell,388.0,166.7259,64689.6492,-64689.6492,Ryan D. Taylor,"Officer title: Chief Revenue Officer and Chief Legal Officer. This Form 4 has been compiled based on applicable requirements to reflect the specific transactions described herein and is not intended to disclose or describe all shares and/or other equity securities owned or beneficially held by the Reporting Person. For additional details regarding the Reporting Person's overall stock and equity holdings, please see the Issuer's Proxy Statement filed with the Securities and Exchange Commission on April 25, 2025, including under the heading ""Security Ownership Of Certain Beneficial Owners And Management"" (subject to the definitions, explanations, and time periods described therein)."
PLTR,2025-11-20,2025-11-24,0001823923-25-000007,S,Sale,sell,329.0,167.933,55249.956999999995,-55249.956999999995,Ryan D. Taylor,"Officer title: Chief Revenue Officer and Chief Legal Officer. This Form 4 has been compiled based on applicable requirements to reflect the specific transactions described herein and is not intended to disclose or describe all shares and/or other equity securities owned or beneficially held by the Reporting Person. For additional details regarding the Reporting Person's overall stock and equity holdings, please see the Issuer's Proxy Statement filed with the Securities and Exchange Commission on April 25, 2025, including under the heading ""Security Ownership Of Certain Beneficial Owners And Management"" (subject to the definitions, explanations, and time periods described therein)."
PLTR,2025-11-20,2025-11-24,0001823923-25-000007,S,Sale,sell,270.0,168.9044,45604.188,-45604.188,Ryan D. Taylor,"Officer title: Chief Revenue Officer and Chief Legal Officer. This Form 4 has been compiled based on applicable requirements to reflect the specific transactions described herein and is not intended to disclose or describe all shares and/or other equity securities owned or beneficially held by the Reporting Person. For additional details regarding the Reporting Person's overall stock and equity holdings, please see the Issuer's Proxy Statement filed with the Securities and Exchange Commission on April 25, 2025, including under the heading ""Security Ownership Of Certain Beneficial Owners And Management"" (subject to the definitions, explanations, and time periods described therein)."
PLTR,2025-11-20,2025-11-24,0001823923-25-000007,S,Sale,sell,510.0,169.9372,86667.972,-86667.972,Ryan D. Taylor,"Officer title: Chief Revenue Officer and Chief Legal Officer. This Form 4 has been compiled based on applicable requirements to reflect the specific transactions described herein and is not intended to disclose or describe all shares and/or other equity securities owned or beneficially held by the Reporting Person. For additional details regarding the Reporting Person's overall stock and equity holdings, please see the Issuer's Proxy Statement filed with the Securities and Exchange Commission on April 25, 2025, including under the heading ""Security Ownership Of Certain Beneficial Owners And Management"" (subject to the definitions, explanations, and time periods described therein)."
PLTR,2025-11-20,2025-11-24,0001823923-25-000007,S,Sale,sell,1667.0,170.9118,284909.9706,-284909.9706,Ryan D. Taylor,"Officer title: Chief Revenue Officer and Chief Legal Officer. This Form 4 has been compiled based on applicable requirements to reflect the specific transactions described herein and is not intended to disclose or describe all shares and/or other equity securities owned or beneficially held by the Reporting Person. For additional details regarding the Reporting Person's overall stock and equity holdings, please see the Issuer's Proxy Statement filed with the Securities and Exchange Commission on April 25, 2025, including under the heading ""Security Ownership Of Certain Beneficial Owners And Management"" (subject to the definitions, explanations, and time periods described therein)."
PLTR,2025-11-20,2025-11-24,0001823923-25-000007,S,Sale,sell,1957.0,171.9968,336597.7376,-336597.7376,Ryan D. Taylor,"Officer title: Chief Revenue Officer and Chief Legal Officer. This Form 4 has been compiled based on applicable requirements to reflect the specific transactions described herein and is not intended to disclose or describe all shares and/or other equity securities owned or beneficially held by the Reporting Person. For additional details regarding the Reporting Person's overall stock and equity holdings, please see the Issuer's Proxy Statement filed with the Securities and Exchange Commission on April 25, 2025, including under the heading ""Security Ownership Of Certain Beneficial Owners And Management"" (subject to the definitions, explanations, and time periods described therein)."
PLTR,2025-11-20,2025-11-24,0001823923-25-000007,S,Sale,sell,2219.0,172.7717,383380.4023,-383380.4023,Ryan D. Taylor,"Officer title: Chief Revenue Officer and Chief Legal Officer. This Form 4 has been compiled based on applicable requirements to reflect the specific transactions described herein and is not intended to disclose or describe all shares and/or other equity securities owned or beneficially held by the Reporting Person. For additional details regarding the Reporting Person's overall stock and equity holdings, please see the Issuer's Proxy Statement filed with the Securities and Exchange Commission on April 25, 2025, including under the heading ""Security Ownership Of Certain Beneficial Owners And Management"" (subject to the definitions, explanations, and time periods described therein)."
PLTR,2025-11-20,2025-11-24,0001823923-25-000007,S,Sale,sell,205.0,173.4115,35549.3575,-35549.3575,Ryan D. Taylor,"Officer title: Chief Revenue Officer and Chief Legal Officer. This Form 4 has been compiled based on applicable requirements to reflect the specific transactions described herein and is not intended to disclose or describe all shares and/or other equity securities owned or beneficially held by the Reporting Person. For additional details regarding the Reporting Person's overall stock and equity holdings, please see the Issuer's Proxy Statement filed with the Securities and Exchange Commission on April 25, 2025, including under the heading ""Security Ownership Of Certain Beneficial Owners And Management"" (subject to the definitions, explanations, and time periods described therein)."
PLTR,2025-11-20,2025-11-24,0001823923-25-000007,S,Sale,sell,21.0,153.4295,3222.0195,-3222.0195,Ryan D. Taylor,"Officer title: Chief Revenue Officer and Chief Legal Officer. This Form 4 has been compiled based on applicable requirements to reflect the specific transactions described herein and is not intended to disclose or describe all shares and/or other equity securities owned or beneficially held by the Reporting Person. For additional details regarding the Reporting Person's overall stock and equity holdings, please see the Issuer's Proxy Statement filed with the Securities and Exchange Commission on April 25, 2025, including under the heading ""Security Ownership Of Certain Beneficial Owners And Management"" (subject to the definitions, explanations, and time periods described therein)."
PLTR,2025-11-20,2025-11-24,0001823923-25-000007,S,Sale,sell,2204.0,156.2601,344397.26039999997,-344397.26039999997,Ryan D. Taylor,"Officer title: Chief Revenue Officer and Chief Legal Officer. This Form 4 has been compiled based on applicable requirements to reflect the specific transactions described herein and is not intended to disclose or describe all shares and/or other equity securities owned or beneficially held by the Reporting Person. For additional details regarding the Reporting Person's overall stock and equity holdings, please see the Issuer's Proxy Statement filed with the Securities and Exchange Commission on April 25, 2025, including under the heading ""Security Ownership Of Certain Beneficial Owners And Management"" (subject to the definitions, explanations, and time periods described therein)."
PLTR,2025-11-20,2025-11-24,0001823923-25-000007,S,Sale,sell,27.0,157.7397,4258.9719,-4258.9719,Ryan D. Taylor,"Officer title: Chief Revenue Officer and Chief Legal Officer. This Form 4 has been compiled based on applicable requirements to reflect the specific transactions described herein and is not intended to disclose or describe all shares and/or other equity securities owned or beneficially held by the Reporting Person. For additional details regarding the Reporting Person's overall stock and equity holdings, please see the Issuer's Proxy Statement filed with the Securities and Exchange Commission on April 25, 2025, including under the heading ""Security Ownership Of Certain Beneficial Owners And Management"" (subject to the definitions, explanations, and time periods described therein)."
PLTR,2025-11-20,2025-11-24,0001823923-25-000007,S,Sale,sell,1800.0,157.76,283968.0,-283968.0,Ryan D. Taylor,"Officer title: Chief Revenue Officer and Chief Legal Officer. This Form 4 has been compiled based on applicable requirements to reflect the specific transactions described herein and is not intended to disclose or describe all shares and/or other equity securities owned or beneficially held by the Reporting Person. For additional details regarding the Reporting Person's overall stock and equity holdings, please see the Issuer's Proxy Statement filed with the Securities and Exchange Commission on April 25, 2025, including under the heading ""Security Ownership Of Certain Beneficial Owners And Management"" (subject to the definitions, explanations, and time periods described therein)."
PLTR,2025-11-20,2025-11-24,0001823923-25-000007,S,Sale,sell,2300.0,158.59,364757.0,-364757.0,Ryan D. Taylor,"Officer title: Chief Revenue Officer and Chief Legal Officer. This Form 4 has been compiled based on applicable requirements to reflect the specific transactions described herein and is not intended to disclose or describe all shares and/or other equity securities owned or beneficially held by the Reporting Person. For additional details regarding the Reporting Person's overall stock and equity holdings, please see the Issuer's Proxy Statement filed with the Securities and Exchange Commission on April 25, 2025, including under the heading ""Security Ownership Of Certain Beneficial Owners And Management"" (subject to the definitions, explanations, and time periods described therein)."
PLTR,2025-11-20,2025-11-24,0001823923-25-000007,S,Sale,sell,1974.0,159.7017,315251.15579999995,-315251.15579999995,Ryan D. Taylor,"Officer title: Chief Revenue Officer and Chief Legal Officer. This Form 4 has been compiled based on applicable requirements to reflect the specific transactions described herein and is not intended to disclose or describe all shares and/or other equity securities owned or beneficially held by the Reporting Person. For additional details regarding the Reporting Person's overall stock and equity holdings, please see the Issuer's Proxy Statement filed with the Securities and Exchange Commission on April 25, 2025, including under the heading ""Security Ownership Of Certain Beneficial Owners And Management"" (subject to the definitions, explanations, and time periods described therein)."
PLTR,2025-11-20,2025-11-24,0001823923-25-000007,S,Sale,sell,4309.0,160.7836,692816.5324,-692816.5324,Ryan D. Taylor,"Officer title: Chief Revenue Officer and Chief Legal Officer. This Form 4 has been compiled based on applicable requirements to reflect the specific transactions described herein and is not intended to disclose or describe all shares and/or other equity securities owned or beneficially held by the Reporting Person. For additional details regarding the Reporting Person's overall stock and equity holdings, please see the Issuer's Proxy Statement filed with the Securities and Exchange Commission on April 25, 2025, including under the heading ""Security Ownership Of Certain Beneficial Owners And Management"" (subject to the definitions, explanations, and time periods described therein)."
PLTR,2025-11-20,2025-11-24,0001823923-25-000007,S,Sale,sell,4393.0,161.7513,710573.4609,-710573.4609,Ryan D. Taylor,"Officer title: Chief Revenue Officer and Chief Legal Officer. This Form 4 has been compiled based on applicable requirements to reflect the specific transactions described herein and is not intended to disclose or describe all shares and/or other equity securities owned or beneficially held by the Reporting Person. For additional details regarding the Reporting Person's overall stock and equity holdings, please see the Issuer's Proxy Statement filed with the Securities and Exchange Commission on April 25, 2025, including under the heading ""Security Ownership Of Certain Beneficial Owners And Management"" (subject to the definitions, explanations, and time periods described therein)."
PLTR,2025-11-20,2025-11-24,0001823923-25-000007,S,Sale,sell,6900.0,162.6896,1122558.24,-1122558.24,Ryan D. Taylor,"Officer title: Chief Revenue Officer and Chief Legal Officer. This Form 4 has been compiled based on applicable requirements to reflect the specific transactions described herein and is not intended to disclose or describe all shares and/or other equity securities owned or beneficially held by the Reporting Person. For additional details regarding the Reporting Person's overall stock and equity holdings, please see the Issuer's Proxy Statement filed with the Securities and Exchange Commission on April 25, 2025, including under the heading ""Security Ownership Of Certain Beneficial Owners And Management"" (subject to the definitions, explanations, and time periods described therein)."
PLTR,2025-11-20,2025-11-24,0001823923-25-000007,S,Sale,sell,6016.0,164.0388,986857.4208000001,-986857.4208000001,Ryan D. Taylor,"Officer title: Chief Revenue Officer and Chief Legal Officer. This Form 4 has been compiled based on applicable requirements to reflect the specific transactions described herein and is not intended to disclose or describe all shares and/or other equity securities owned or beneficially held by the Reporting Person. For additional details regarding the Reporting Person's overall stock and equity holdings, please see the Issuer's Proxy Statement filed with the Securities and Exchange Commission on April 25, 2025, including under the heading ""Security Ownership Of Certain Beneficial Owners And Management"" (subject to the definitions, explanations, and time periods described therein)."
PLTR,2025-11-20,2025-11-24,0001823923-25-000007,S,Sale,sell,8356.0,164.6724,1376002.5744,-1376002.5744,Ryan D. Taylor,"Officer title: Chief Revenue Officer and Chief Legal Officer. This Form 4 has been compiled based on applicable requirements to reflect the specific transactions described herein and is not intended to disclose or describe all shares and/or other equity securities owned or beneficially held by the Reporting Person. For additional details regarding the Reporting Person's overall stock and equity holdings, please see the Issuer's Proxy Statement filed with the Securities and Exchange Commission on April 25, 2025, including under the heading ""Security Ownership Of Certain Beneficial Owners And Management"" (subject to the definitions, explanations, and time periods described therein)."
PLTR,2025-11-20,2025-11-24,0001823940-25-000003,S,Sale,sell,961.0,155.3089,149251.8529,-149251.8529,David A. Glazer,"Officer title: Chief Financial Officer and Treasurer. This Form 4 has been compiled based on applicable requirements to reflect the specific transactions described herein and is not intended to disclose or describe all shares and/or other equity securities owned or beneficially held by the Reporting Person. For additional details regarding the Reporting Person's overall stock and equity holdings, please see the Issuer's Proxy Statement filed with the Securities and Exchange Commission on April 25, 2025, including under the heading ""Security Ownership Of Certain Beneficial Owners And Management"" (subject to the definitions, explanations, and time periods described therein)."
PLTR,2025-11-20,2025-11-24,0001823940-25-000003,S,Sale,sell,924.0,156.1858,144315.6792,-144315.6792,David A. Glazer,"Officer title: Chief Financial Officer and Treasurer. This Form 4 has been compiled based on applicable requirements to reflect the specific transactions described herein and is not intended to disclose or describe all shares and/or other equity securities owned or beneficially held by the Reporting Person. For additional details regarding the Reporting Person's overall stock and equity holdings, please see the Issuer's Proxy Statement filed with the Securities and Exchange Commission on April 25, 2025, including under the heading ""Security Ownership Of Certain Beneficial Owners And Management"" (subject to the definitions, explanations, and time periods described therein)."
PLTR,2025-11-20,2025-11-24,0001823940-25-000003,S,Sale,sell,1934.0,157.251,304123.434,-304123.434,David A. Glazer,"Officer title: Chief Financial Officer and Treasurer. This Form 4 has been compiled based on applicable requirements to reflect the specific transactions described herein and is not intended to disclose or describe all shares and/or other equity securities owned or beneficially held by the Reporting Person. For additional details regarding the Reporting Person's overall stock and equity holdings, please see the Issuer's Proxy Statement filed with the Securities and Exchange Commission on April 25, 2025, including under the heading ""Security Ownership Of Certain Beneficial Owners And Management"" (subject to the definitions, explanations, and time periods described therein)."
PLTR,2025-11-20,2025-11-24,0001823940-25-000003,S,Sale,sell,1887.0,158.1365,298403.57550000004,-298403.57550000004,David A. Glazer,"Officer title: Chief Financial Officer and Treasurer. This Form 4 has been compiled based on applicable requirements to reflect the specific transactions described herein and is not intended to disclose or describe all shares and/or other equity securities owned or beneficially held by the Reporting Person. For additional details regarding the Reporting Person's overall stock and equity holdings, please see the Issuer's Proxy Statement filed with the Securities and Exchange Commission on April 25, 2025, including under the heading ""Security Ownership Of Certain Beneficial Owners And Management"" (subject to the definitions, explanations, and time periods described therein)."
PLTR,2025-11-20,2025-11-24,0001823940-25-000003,S,Sale,sell,878.0,159.0786,139671.0108,-139671.0108,David A. Glazer,"Officer title: Chief Financial Officer and Treasurer. This Form 4 has been compiled based on applicable requirements to reflect the specific transactions described herein and is not intended to disclose or describe all shares and/or other equity securities owned or beneficially held by the Reporting Person. For additional details regarding the Reporting Person's overall stock and equity holdings, please see the Issuer's Proxy Statement filed with the Securities and Exchange Commission on April 25, 2025, including under the heading ""Security Ownership Of Certain Beneficial Owners And Management"" (subject to the definitions, explanations, and time periods described therein)."
PLTR,2025-11-20,2025-11-24,0001823940-25-000003,S,Sale,sell,752.0,160.1615,120441.44799999999,-120441.44799999999,David A. Glazer,"Officer title: Chief Financial Officer and Treasurer. This Form 4 has been compiled based on applicable requirements to reflect the specific transactions described herein and is not intended to disclose or describe all shares and/or other equity securities owned or beneficially held by the Reporting Person. For additional details regarding the Reporting Person's overall stock and equity holdings, please see the Issuer's Proxy Statement filed with the Securities and Exchange Commission on April 25, 2025, including under the heading ""Security Ownership Of Certain Beneficial Owners And Management"" (subject to the definitions, explanations, and time periods described therein)."
PLTR,2025-11-20,2025-11-24,0001823940-25-000003,S,Sale,sell,557.0,161.1557,89763.7249,-89763.7249,David A. Glazer,"Officer title: Chief Financial Officer and Treasurer. This Form 4 has been compiled based on applicable requirements to reflect the specific transactions described herein and is not intended to disclose or describe all shares and/or other equity securities owned or beneficially held by the Reporting Person. For additional details regarding the Reporting Person's overall stock and equity holdings, please see the Issuer's Proxy Statement filed with the Securities and Exchange Commission on April 25, 2025, including under the heading ""Security Ownership Of Certain Beneficial Owners And Management"" (subject to the definitions, explanations, and time periods described therein)."
PLTR,2025-11-20,2025-11-24,0001823940-25-000003,S,Sale,sell,128.0,161.8464,20716.3392,-20716.3392,David A. Glazer,"Officer title: Chief Financial Officer and Treasurer. This Form 4 has been compiled based on applicable requirements to reflect the specific transactions described herein and is not intended to disclose or describe all shares and/or other equity securities owned or beneficially held by the Reporting Person. For additional details regarding the Reporting Person's overall stock and equity holdings, please see the Issuer's Proxy Statement filed with the Securities and Exchange Commission on April 25, 2025, including under the heading ""Security Ownership Of Certain Beneficial Owners And Management"" (subject to the definitions, explanations, and time periods described therein)."
PLTR,2025-11-20,2025-11-24,0001823940-25-000003,S,Sale,sell,450.0,163.3663,73514.83499999999,-73514.83499999999,David A. Glazer,"Officer title: Chief Financial Officer and Treasurer. This Form 4 has been compiled based on applicable requirements to reflect the specific transactions described herein and is not intended to disclose or describe all shares and/or other equity securities owned or beneficially held by the Reporting Person. For additional details regarding the Reporting Person's overall stock and equity holdings, please see the Issuer's Proxy Statement filed with the Securities and Exchange Commission on April 25, 2025, including under the heading ""Security Ownership Of Certain Beneficial Owners And Management"" (subject to the definitions, explanations, and time periods described therein)."
PLTR,2025-11-20,2025-11-24,0001823940-25-000003,S,Sale,sell,270.0,164.0484,44293.068,-44293.068,David A. Glazer,"Officer title: Chief Financial Officer and Treasurer. This Form 4 has been compiled based on applicable requirements to reflect the specific transactions described herein and is not intended to disclose or describe all shares and/or other equity securities owned or beneficially held by the Reporting Person. For additional details regarding the Reporting Person's overall stock and equity holdings, please see the Issuer's Proxy Statement filed with the Securities and Exchange Commission on April 25, 2025, including under the heading ""Security Ownership Of Certain Beneficial Owners And Management"" (subject to the definitions, explanations, and time periods described therein)."
PLTR,2025-11-20,2025-11-24,0001823940-25-000003,S,Sale,sell,209.0,165.945,34682.505,-34682.505,David A. Glazer,"Officer title: Chief Financial Officer and Treasurer. This Form 4 has been compiled based on applicable requirements to reflect the specific transactions described herein and is not intended to disclose or describe all shares and/or other equity securities owned or beneficially held by the Reporting Person. For additional details regarding the Reporting Person's overall stock and equity holdings, please see the Issuer's Proxy Statement filed with the Securities and Exchange Commission on April 25, 2025, including under the heading ""Security Ownership Of Certain Beneficial Owners And Management"" (subject to the definitions, explanations, and time periods described therein)."
PLTR,2025-11-20,2025-11-24,0001823940-25-000003,S,Sale,sell,340.0,166.7259,56686.806,-56686.806,David A. Glazer,"Officer title: Chief Financial Officer and Treasurer. This Form 4 has been compiled based on applicable requirements to reflect the specific transactions described herein and is not intended to disclose or describe all shares and/or other equity securities owned or beneficially held by the Reporting Person. For additional details regarding the Reporting Person's overall stock and equity holdings, please see the Issuer's Proxy Statement filed with the Securities and Exchange Commission on April 25, 2025, including under the heading ""Security Ownership Of Certain Beneficial Owners And Management"" (subject to the definitions, explanations, and time periods described therein)."
PLTR,2025-11-20,2025-11-24,0001823940-25-000003,S,Sale,sell,288.0,167.933,48364.704,-48364.704,David A. Glazer,"Officer title: Chief Financial Officer and Treasurer. This Form 4 has been compiled based on applicable requirements to reflect the specific transactions described herein and is not intended to disclose or describe all shares and/or other equity securities owned or beneficially held by the Reporting Person. For additional details regarding the Reporting Person's overall stock and equity holdings, please see the Issuer's Proxy Statement filed with the Securities and Exchange Commission on April 25, 2025, including under the heading ""Security Ownership Of Certain Beneficial Owners And Management"" (subject to the definitions, explanations, and time periods described therein)."
PLTR,2025-11-20,2025-11-24,0001823940-25-000003,S,Sale,sell,236.0,168.9044,39861.4384,-39861.4384,David A. Glazer,"Officer title: Chief Financial Officer and Treasurer. This Form 4 has been compiled based on applicable requirements to reflect the specific transactions described herein and is not intended to disclose or describe all shares and/or other equity securities owned or beneficially held by the Reporting Person. For additional details regarding the Reporting Person's overall stock and equity holdings, please see the Issuer's Proxy Statement filed with the Securities and Exchange Commission on April 25, 2025, including under the heading ""Security Ownership Of Certain Beneficial Owners And Management"" (subject to the definitions, explanations, and time periods described therein)."
PLTR,2025-11-20,2025-11-24,0001823940-25-000003,S,Sale,sell,447.0,169.9372,75961.92839999999,-75961.92839999999,David A. Glazer,"Officer title: Chief Financial Officer and Treasurer. This Form 4 has been compiled based on applicable requirements to reflect the specific transactions described herein and is not intended to disclose or describe all shares and/or other equity securities owned or beneficially held by the Reporting Person. For additional details regarding the Reporting Person's overall stock and equity holdings, please see the Issuer's Proxy Statement filed with the Securities and Exchange Commission on April 25, 2025, including under the heading ""Security Ownership Of Certain Beneficial Owners And Management"" (subject to the definitions, explanations, and time periods described therein)."
PLTR,2025-11-20,2025-11-24,0001823940-25-000003,S,Sale,sell,1460.0,170.9118,249531.228,-249531.228,David A. Glazer,"Officer title: Chief Financial Officer and Treasurer. This Form 4 has been compiled based on applicable requirements to reflect the specific transactions described herein and is not intended to disclose or describe all shares and/or other equity securities owned or beneficially held by the Reporting Person. For additional details regarding the Reporting Person's overall stock and equity holdings, please see the Issuer's Proxy Statement filed with the Securities and Exchange Commission on April 25, 2025, including under the heading ""Security Ownership Of Certain Beneficial Owners And Management"" (subject to the definitions, explanations, and time periods described therein)."
PLTR,2025-11-20,2025-11-24,0001823940-25-000003,S,Sale,sell,1714.0,171.9968,294802.5152,-294802.5152,David A. Glazer,"Officer title: Chief Financial Officer and Treasurer. This Form 4 has been compiled based on applicable requirements to reflect the specific transactions described herein and is not intended to disclose or describe all shares and/or other equity securities owned or beneficially held by the Reporting Person. For additional details regarding the Reporting Person's overall stock and equity holdings, please see the Issuer's Proxy Statement filed with the Securities and Exchange Commission on April 25, 2025, including under the heading ""Security Ownership Of Certain Beneficial Owners And Management"" (subject to the definitions, explanations, and time periods described therein)."
PLTR,2025-11-20,2025-11-24,0001823940-25-000003,S,Sale,sell,1943.0,172.7717,335695.4131,-335695.4131,David A. Glazer,"Officer title: Chief Financial Officer and Treasurer. This Form 4 has been compiled based on applicable requirements to reflect the specific transactions described herein and is not intended to disclose or describe all shares and/or other equity securities owned or beneficially held by the Reporting Person. For additional details regarding the Reporting Person's overall stock and equity holdings, please see the Issuer's Proxy Statement filed with the Securities and Exchange Commission on April 25, 2025, including under the heading ""Security Ownership Of Certain Beneficial Owners And Management"" (subject to the definitions, explanations, and time periods described therein)."
PLTR,2025-11-20,2025-11-24,0001823940-25-000003,S,Sale,sell,179.0,173.4115,31040.658499999998,-31040.658499999998,David A. Glazer,"Officer title: Chief Financial Officer and Treasurer. This Form 4 has been compiled based on applicable requirements to reflect the specific transactions described herein and is not intended to disclose or describe all shares and/or other equity securities owned or beneficially held by the Reporting Person. For additional details regarding the Reporting Person's overall stock and equity holdings, please see the Issuer's Proxy Statement filed with the Securities and Exchange Commission on April 25, 2025, including under the heading ""Security Ownership Of Certain Beneficial Owners And Management"" (subject to the definitions, explanations, and time periods described therein)."
PLTR,2025-11-20,2025-11-24,0001823940-25-000003,S,Sale,sell,18.0,153.4295,2761.7309999999998,-2761.7309999999998,David A. Glazer,"Officer title: Chief Financial Officer and Treasurer. This Form 4 has been compiled based on applicable requirements to reflect the specific transactions described herein and is not intended to disclose or describe all shares and/or other equity securities owned or beneficially held by the Reporting Person. For additional details regarding the Reporting Person's overall stock and equity holdings, please see the Issuer's Proxy Statement filed with the Securities and Exchange Commission on April 25, 2025, including under the heading ""Security Ownership Of Certain Beneficial Owners And Management"" (subject to the definitions, explanations, and time periods described therein)."
PLTR,2025-11-20,2025-11-24,0001823940-25-000003,S,Sale,sell,1931.0,156.2601,301738.2531,-301738.2531,David A. Glazer,"Officer title: Chief Financial Officer and Treasurer. This Form 4 has been compiled based on applicable requirements to reflect the specific transactions described herein and is not intended to disclose or describe all shares and/or other equity securities owned or beneficially held by the Reporting Person. For additional details regarding the Reporting Person's overall stock and equity holdings, please see the Issuer's Proxy Statement filed with the Securities and Exchange Commission on April 25, 2025, including under the heading ""Security Ownership Of Certain Beneficial Owners And Management"" (subject to the definitions, explanations, and time periods described therein)."
PLTR,2025-11-20,2025-11-24,0001823940-25-000003,S,Sale,sell,24.0,157.7397,3785.7528,-3785.7528,David A. Glazer,"Officer title: Chief Financial Officer and Treasurer. This Form 4 has been compiled based on applicable requirements to reflect the specific transactions described herein and is not intended to disclose or describe all shares and/or other equity securities owned or beneficially held by the Reporting Person. For additional details regarding the Reporting Person's overall stock and equity holdings, please see the Issuer's Proxy Statement filed with the Securities and Exchange Commission on April 25, 2025, including under the heading ""Security Ownership Of Certain Beneficial Owners And Management"" (subject to the definitions, explanations, and time periods described therein)."
PLTR,2025-11-20,2025-11-24,0001824159-25-000003,S,Sale,sell,9259.0,155.3089,1438005.1051,-1438005.1051,Shyam Sankar,"Officer title: Chief Technology Officer and Executive Vice President. This Form 4 has been compiled based on applicable requirements to reflect the specific transactions described herein and is not intended to disclose or describe all shares and/or other equity securities owned or beneficially held by the Reporting Person. For additional details regarding the Reporting Person's overall stock and equity holdings, please see the Issuer's Proxy Statement filed with the Securities and Exchange Commission on April 25, 2025, including under the heading ""Security Ownership Of Certain Beneficial Owners And Management"" (subject to the definitions, explanations, and time periods described therein)."
PLTR,2025-11-20,2025-11-24,0001824159-25-000003,S,Sale,sell,8900.0,156.1858,1390053.62,-1390053.62,Shyam Sankar,"Officer title: Chief Technology Officer and Executive Vice President. This Form 4 has been compiled based on applicable requirements to reflect the specific transactions described herein and is not intended to disclose or describe all shares and/or other equity securities owned or beneficially held by the Reporting Person. For additional details regarding the Reporting Person's overall stock and equity holdings, please see the Issuer's Proxy Statement filed with the Securities and Exchange Commission on April 25, 2025, including under the heading ""Security Ownership Of Certain Beneficial Owners And Management"" (subject to the definitions, explanations, and time periods described therein)."
PLTR,2025-11-20,2025-11-24,0001824159-25-000003,S,Sale,sell,18631.0,157.251,2929743.381,-2929743.381,Shyam Sankar,"Officer title: Chief Technology Officer and Executive Vice President. This Form 4 has been compiled based on applicable requirements to reflect the specific transactions described herein and is not intended to disclose or describe all shares and/or other equity securities owned or beneficially held by the Reporting Person. For additional details regarding the Reporting Person's overall stock and equity holdings, please see the Issuer's Proxy Statement filed with the Securities and Exchange Commission on April 25, 2025, including under the heading ""Security Ownership Of Certain Beneficial Owners And Management"" (subject to the definitions, explanations, and time periods described therein)."
PLTR,2025-11-20,2025-11-24,0001824159-25-000003,S,Sale,sell,18178.0,158.1365,2874605.2970000003,-2874605.2970000003,Shyam Sankar,"Officer title: Chief Technology Officer and Executive Vice President. This Form 4 has been compiled based on applicable requirements to reflect the specific transactions described herein and is not intended to disclose or describe all shares and/or other equity securities owned or beneficially held by the Reporting Person. For additional details regarding the Reporting Person's overall stock and equity holdings, please see the Issuer's Proxy Statement filed with the Securities and Exchange Commission on April 25, 2025, including under the heading ""Security Ownership Of Certain Beneficial Owners And Management"" (subject to the definitions, explanations, and time periods described therein)."
PLTR,2025-11-20,2025-11-24,0001824159-25-000003,S,Sale,sell,8457.0,159.0786,1345327.7201999999,-1345327.7201999999,Shyam Sankar,"Officer title: Chief Technology Officer and Executive Vice President. This Form 4 has been compiled based on applicable requirements to reflect the specific transactions described herein and is not intended to disclose or describe all shares and/or other equity securities owned or beneficially held by the Reporting Person. For additional details regarding the Reporting Person's overall stock and equity holdings, please see the Issuer's Proxy Statement filed with the Securities and Exchange Commission on April 25, 2025, including under the heading ""Security Ownership Of Certain Beneficial Owners And Management"" (subject to the definitions, explanations, and time periods described therein)."
PLTR,2025-11-20,2025-11-24,0001824159-25-000003,S,Sale,sell,7243.0,160.1615,1160049.7445,-1160049.7445,Shyam Sankar,"Officer title: Chief Technology Officer and Executive Vice President. This Form 4 has been compiled based on applicable requirements to reflect the specific transactions described herein and is not intended to disclose or describe all shares and/or other equity securities owned or beneficially held by the Reporting Person. For additional details regarding the Reporting Person's overall stock and equity holdings, please see the Issuer's Proxy Statement filed with the Securities and Exchange Commission on April 25, 2025, including under the heading ""Security Ownership Of Certain Beneficial Owners And Management"" (subject to the definitions, explanations, and time periods described therein)."
PLTR,2025-11-20,2025-11-24,0001824159-25-000003,S,Sale,sell,5367.0,161.1557,864922.6418999999,-864922.6418999999,Shyam Sankar,"Officer title: Chief Technology Officer and Executive Vice President. This Form 4 has been compiled based on applicable requirements to reflect the specific transactions described herein and is not intended to disclose or describe all shares and/or other equity securities owned or beneficially held by the Reporting Person. For additional details regarding the Reporting Person's overall stock and equity holdings, please see the Issuer's Proxy Statement filed with the Securities and Exchange Commission on April 25, 2025, including under the heading ""Security Ownership Of Certain Beneficial Owners And Management"" (subject to the definitions, explanations, and time periods described therein)."
PLTR,2025-11-20,2025-11-24,0001824159-25-000003,S,Sale,sell,1238.0,161.8464,200365.84319999997,-200365.84319999997,Shyam Sankar,"Officer title: Chief Technology Officer and Executive Vice President. This Form 4 has been compiled based on applicable requirements to reflect the specific transactions described herein and is not intended to disclose or describe all shares and/or other equity securities owned or beneficially held by the Reporting Person. For additional details regarding the Reporting Person's overall stock and equity holdings, please see the Issuer's Proxy Statement filed with the Securities and Exchange Commission on April 25, 2025, including under the heading ""Security Ownership Of Certain Beneficial Owners And Management"" (subject to the definitions, explanations, and time periods described therein)."
PLTR,2025-11-20,2025-11-24,0001824159-25-000003,S,Sale,sell,4332.0,163.3663,707702.8116,-707702.8116,Shyam Sankar,"Officer title: Chief Technology Officer and Executive Vice President. This Form 4 has been compiled based on applicable requirements to reflect the specific transactions described herein and is not intended to disclose or describe all shares and/or other equity securities owned or beneficially held by the Reporting Person. For additional details regarding the Reporting Person's overall stock and equity holdings, please see the Issuer's Proxy Statement filed with the Securities and Exchange Commission on April 25, 2025, including under the heading ""Security Ownership Of Certain Beneficial Owners And Management"" (subject to the definitions, explanations, and time periods described therein)."
PLTR,2025-11-20,2025-11-24,0001824159-25-000003,S,Sale,sell,2598.0,164.0484,426197.74319999997,-426197.74319999997,Shyam Sankar,"Officer title: Chief Technology Officer and Executive Vice President. This Form 4 has been compiled based on applicable requirements to reflect the specific transactions described herein and is not intended to disclose or describe all shares and/or other equity securities owned or beneficially held by the Reporting Person. For additional details regarding the Reporting Person's overall stock and equity holdings, please see the Issuer's Proxy Statement filed with the Securities and Exchange Commission on April 25, 2025, including under the heading ""Security Ownership Of Certain Beneficial Owners And Management"" (subject to the definitions, explanations, and time periods described therein)."
PLTR,2025-11-20,2025-11-24,0001824159-25-000003,S,Sale,sell,2010.0,165.945,333549.45,-333549.45,Shyam Sankar,"Officer title: Chief Technology Officer and Executive Vice President. This Form 4 has been compiled based on applicable requirements to reflect the specific transactions described herein and is not intended to disclose or describe all shares and/or other equity securities owned or beneficially held by the Reporting Person. For additional details regarding the Reporting Person's overall stock and equity holdings, please see the Issuer's Proxy Statement filed with the Securities and Exchange Commission on April 25, 2025, including under the heading ""Security Ownership Of Certain Beneficial Owners And Management"" (subject to the definitions, explanations, and time periods described therein)."
PLTR,2025-11-20,2025-11-24,0001824159-25-000003,S,Sale,sell,3277.0,166.7259,546360.7742999999,-546360.7742999999,Shyam Sankar,"Officer title: Chief Technology Officer and Executive Vice President. This Form 4 has been compiled based on applicable requirements to reflect the specific transactions described herein and is not intended to disclose or describe all shares and/or other equity securities owned or beneficially held by the Reporting Person. For additional details regarding the Reporting Person's overall stock and equity holdings, please see the Issuer's Proxy Statement filed with the Securities and Exchange Commission on April 25, 2025, including under the heading ""Security Ownership Of Certain Beneficial Owners And Management"" (subject to the definitions, explanations, and time periods described therein)."
PLTR,2025-11-20,2025-11-24,0001824159-25-000003,S,Sale,sell,2777.0,167.933,466349.941,-466349.941,Shyam Sankar,"Officer title: Chief Technology Officer and Executive Vice President. This Form 4 has been compiled based on applicable requirements to reflect the specific transactions described herein and is not intended to disclose or describe all shares and/or other equity securities owned or beneficially held by the Reporting Person. For additional details regarding the Reporting Person's overall stock and equity holdings, please see the Issuer's Proxy Statement filed with the Securities and Exchange Commission on April 25, 2025, including under the heading ""Security Ownership Of Certain Beneficial Owners And Management"" (subject to the definitions, explanations, and time periods described therein)."
PLTR,2025-11-20,2025-11-24,0001824159-25-000003,S,Sale,sell,2275.0,168.9044,384257.51,-384257.51,Shyam Sankar,"Officer title: Chief Technology Officer and Executive Vice President. This Form 4 has been compiled based on applicable requirements to reflect the specific transactions described herein and is not intended to disclose or describe all shares and/or other equity securities owned or beneficially held by the Reporting Person. For additional details regarding the Reporting Person's overall stock and equity holdings, please see the Issuer's Proxy Statement filed with the Securities and Exchange Commission on April 25, 2025, including under the heading ""Security Ownership Of Certain Beneficial Owners And Management"" (subject to the definitions, explanations, and time periods described therein)."
PLTR,2025-11-20,2025-11-24,0001824159-25-000003,S,Sale,sell,4304.0,169.9372,731409.7087999999,-731409.7087999999,Shyam Sankar,"Officer title: Chief Technology Officer and Executive Vice President. This Form 4 has been compiled based on applicable requirements to reflect the specific transactions described herein and is not intended to disclose or describe all shares and/or other equity securities owned or beneficially held by the Reporting Person. For additional details regarding the Reporting Person's overall stock and equity holdings, please see the Issuer's Proxy Statement filed with the Securities and Exchange Commission on April 25, 2025, including under the heading ""Security Ownership Of Certain Beneficial Owners And Management"" (subject to the definitions, explanations, and time periods described therein)."
PLTR,2025-11-20,2025-11-24,0001824159-25-000003,S,Sale,sell,14065.0,170.9118,2403874.467,-2403874.467,Shyam Sankar,"Officer title: Chief Technology Officer and Executive Vice President. This Form 4 has been compiled based on applicable requirements to reflect the specific transactions described herein and is not intended to disclose or describe all shares and/or other equity securities owned or beneficially held by the Reporting Person. For additional details regarding the Reporting Person's overall stock and equity holdings, please see the Issuer's Proxy Statement filed with the Securities and Exchange Commission on April 25, 2025, including under the heading ""Security Ownership Of Certain Beneficial Owners And Management"" (subject to the definitions, explanations, and time periods described therein)."
PLTR,2025-11-20,2025-11-24,0001824159-25-000003,S,Sale,sell,16512.0,171.9968,2840011.1616,-2840011.1616,Shyam Sankar,"Officer title: Chief Technology Officer and Executive Vice President. This Form 4 has been compiled based on applicable requirements to reflect the specific transactions described herein and is not intended to disclose or describe all shares and/or other equity securities owned or beneficially held by the Reporting Person. For additional details regarding the Reporting Person's overall stock and equity holdings, please see the Issuer's Proxy Statement filed with the Securities and Exchange Commission on April 25, 2025, including under the heading ""Security Ownership Of Certain Beneficial Owners And Management"" (subject to the definitions, explanations, and time periods described therein)."
PLTR,2025-11-20,2025-11-24,0001824159-25-000003,S,Sale,sell,18720.0,172.7717,3234286.2240000004,-3234286.2240000004,Shyam Sankar,"Officer title: Chief Technology Officer and Executive Vice President. This Form 4 has been compiled based on applicable requirements to reflect the specific transactions described herein and is not intended to disclose or describe all shares and/or other equity securities owned or beneficially held by the Reporting Person. For additional details regarding the Reporting Person's overall stock and equity holdings, please see the Issuer's Proxy Statement filed with the Securities and Exchange Commission on April 25, 2025, including under the heading ""Security Ownership Of Certain Beneficial Owners And Management"" (subject to the definitions, explanations, and time periods described therein)."
PLTR,2025-11-20,2025-11-24,0001824159-25-000003,S,Sale,sell,1729.0,173.4115,299828.4835,-299828.4835,Shyam Sankar,"Officer title: Chief Technology Officer and Executive Vice President. This Form 4 has been compiled based on applicable requirements to reflect the specific transactions described herein and is not intended to disclose or describe all shares and/or other equity securities owned or beneficially held by the Reporting Person. For additional details regarding the Reporting Person's overall stock and equity holdings, please see the Issuer's Proxy Statement filed with the Securities and Exchange Commission on April 25, 2025, including under the heading ""Security Ownership Of Certain Beneficial Owners And Management"" (subject to the definitions, explanations, and time periods described therein)."
PLTR,2025-11-20,2025-11-24,0001824159-25-000003,S,Sale,sell,177.0,153.4295,27157.0215,-27157.0215,Shyam Sankar,"Officer title: Chief Technology Officer and Executive Vice President. This Form 4 has been compiled based on applicable requirements to reflect the specific transactions described herein and is not intended to disclose or describe all shares and/or other equity securities owned or beneficially held by the Reporting Person. For additional details regarding the Reporting Person's overall stock and equity holdings, please see the Issuer's Proxy Statement filed with the Securities and Exchange Commission on April 25, 2025, including under the heading ""Security Ownership Of Certain Beneficial Owners And Management"" (subject to the definitions, explanations, and time periods described therein)."
PLTR,2025-11-20,2025-11-24,0001824159-25-000003,S,Sale,sell,18600.0,156.2601,2906437.86,-2906437.86,Shyam Sankar,"Officer title: Chief Technology Officer and Executive Vice President. This Form 4 has been compiled based on applicable requirements to reflect the specific transactions described herein and is not intended to disclose or describe all shares and/or other equity securities owned or beneficially held by the Reporting Person. For additional details regarding the Reporting Person's overall stock and equity holdings, please see the Issuer's Proxy Statement filed with the Securities and Exchange Commission on April 25, 2025, including under the heading ""Security Ownership Of Certain Beneficial Owners And Management"" (subject to the definitions, explanations, and time periods described therein)."
PLTR,2025-11-20,2025-11-24,0001824159-25-000003,S,Sale,sell,227.0,157.7397,35806.9119,-35806.9119,Shyam Sankar,"Officer title: Chief Technology Officer and Executive Vice President. This Form 4 has been compiled based on applicable requirements to reflect the specific transactions described herein and is not intended to disclose or describe all shares and/or other equity securities owned or beneficially held by the Reporting Person. For additional details regarding the Reporting Person's overall stock and equity holdings, please see the Issuer's Proxy Statement filed with the Securities and Exchange Commission on April 25, 2025, including under the heading ""Security Ownership Of Certain Beneficial Owners And Management"" (subject to the definitions, explanations, and time periods described therein)."
PLTR,2025-11-20,2025-11-24,0001823920-25-000002,S,Sale,sell,19068.0,155.3089,2961430.1052,-2961430.1052,Stephen Andrew Cohen,"Officer title: President and Secretary. This Form 4 has been compiled based on applicable requirements to reflect the specific transactions described herein and is not intended to disclose or describe all shares and/or other equity securities owned or beneficially held by the Reporting Person. For additional details regarding the Reporting Person's overall stock and equity holdings, please see the Issuer's Proxy Statement filed with the Securities and Exchange Commission on April 25, 2025, including under the heading ""Security Ownership Of Certain Beneficial Owners And Management"" (subject to the definitions, explanations, and time periods described therein)."
PLTR,2025-11-20,2025-11-24,0001823920-25-000002,S,Sale,sell,18328.0,156.1858,2862573.3424,-2862573.3424,Stephen Andrew Cohen,"Officer title: President and Secretary. This Form 4 has been compiled based on applicable requirements to reflect the specific transactions described herein and is not intended to disclose or describe all shares and/or other equity securities owned or beneficially held by the Reporting Person. For additional details regarding the Reporting Person's overall stock and equity holdings, please see the Issuer's Proxy Statement filed with the Securities and Exchange Commission on April 25, 2025, including under the heading ""Security Ownership Of Certain Beneficial Owners And Management"" (subject to the definitions, explanations, and time periods described therein)."
PLTR,2025-11-20,2025-11-24,0001823920-25-000002,S,Sale,sell,38368.0,157.251,6033406.368,-6033406.368,Stephen Andrew Cohen,"Officer title: President and Secretary. This Form 4 has been compiled based on applicable requirements to reflect the specific transactions described herein and is not intended to disclose or describe all shares and/or other equity securities owned or beneficially held by the Reporting Person. For additional details regarding the Reporting Person's overall stock and equity holdings, please see the Issuer's Proxy Statement filed with the Securities and Exchange Commission on April 25, 2025, including under the heading ""Security Ownership Of Certain Beneficial Owners And Management"" (subject to the definitions, explanations, and time periods described therein)."
PLTR,2025-11-20,2025-11-24,0001823920-25-000002,S,Sale,sell,37434.0,158.1365,5919681.741,-5919681.741,Stephen Andrew Cohen,"Officer title: President and Secretary. This Form 4 has been compiled based on applicable requirements to reflect the specific transactions described herein and is not intended to disclose or describe all shares and/or other equity securities owned or beneficially held by the Reporting Person. For additional details regarding the Reporting Person's overall stock and equity holdings, please see the Issuer's Proxy Statement filed with the Securities and Exchange Commission on April 25, 2025, including under the heading ""Security Ownership Of Certain Beneficial Owners And Management"" (subject to the definitions, explanations, and time periods described therein)."
PLTR,2025-11-20,2025-11-24,0001823920-25-000002,S,Sale,sell,17415.0,159.0786,2770353.819,-2770353.819,Stephen Andrew Cohen,"Officer title: President and Secretary. This Form 4 has been compiled based on applicable requirements to reflect the specific transactions described herein and is not intended to disclose or describe all shares and/or other equity securities owned or beneficially held by the Reporting Person. For additional details regarding the Reporting Person's overall stock and equity holdings, please see the Issuer's Proxy Statement filed with the Securities and Exchange Commission on April 25, 2025, including under the heading ""Security Ownership Of Certain Beneficial Owners And Management"" (subject to the definitions, explanations, and time periods described therein)."
PLTR,2025-11-20,2025-11-24,0001823920-25-000002,S,Sale,sell,14916.0,160.1615,2388968.934,-2388968.934,Stephen Andrew Cohen,"Officer title: President and Secretary. This Form 4 has been compiled based on applicable requirements to reflect the specific transactions described herein and is not intended to disclose or describe all shares and/or other equity securities owned or beneficially held by the Reporting Person. For additional details regarding the Reporting Person's overall stock and equity holdings, please see the Issuer's Proxy Statement filed with the Securities and Exchange Commission on April 25, 2025, including under the heading ""Security Ownership Of Certain Beneficial Owners And Management"" (subject to the definitions, explanations, and time periods described therein)."
PLTR,2025-11-20,2025-11-24,0001823920-25-000002,S,Sale,sell,11052.0,161.1557,1781092.7963999999,-1781092.7963999999,Stephen Andrew Cohen,"Officer title: President and Secretary. This Form 4 has been compiled based on applicable requirements to reflect the specific transactions described herein and is not intended to disclose or describe all shares and/or other equity securities owned or beneficially held by the Reporting Person. For additional details regarding the Reporting Person's overall stock and equity holdings, please see the Issuer's Proxy Statement filed with the Securities and Exchange Commission on April 25, 2025, including under the heading ""Security Ownership Of Certain Beneficial Owners And Management"" (subject to the definitions, explanations, and time periods described therein)."
PLTR,2025-11-20,2025-11-24,0001823920-25-000002,S,Sale,sell,2549.0,161.8464,412546.47359999997,-412546.47359999997,Stephen Andrew Cohen,"Officer title: President and Secretary. This Form 4 has been compiled based on applicable requirements to reflect the specific transactions described herein and is not intended to disclose or describe all shares and/or other equity securities owned or beneficially held by the Reporting Person. For additional details regarding the Reporting Person's overall stock and equity holdings, please see the Issuer's Proxy Statement filed with the Securities and Exchange Commission on April 25, 2025, including under the heading ""Security Ownership Of Certain Beneficial Owners And Management"" (subject to the definitions, explanations, and time periods described therein)."
PLTR,2025-11-20,2025-11-24,0001823920-25-000002,S,Sale,sell,8921.0,163.3663,1457390.7623,-1457390.7623,Stephen Andrew Cohen,"Officer title: President and Secretary. This Form 4 has been compiled based on applicable requirements to reflect the specific transactions described herein and is not intended to disclose or describe all shares and/or other equity securities owned or beneficially held by the Reporting Person. For additional details regarding the Reporting Person's overall stock and equity holdings, please see the Issuer's Proxy Statement filed with the Securities and Exchange Commission on April 25, 2025, including under the heading ""Security Ownership Of Certain Beneficial Owners And Management"" (subject to the definitions, explanations, and time periods described therein)."
PLTR,2025-11-20,2025-11-24,0001823920-25-000002,S,Sale,sell,5349.0,164.0484,877494.8916,-877494.8916,Stephen Andrew Cohen,"Officer title: President and Secretary. This Form 4 has been compiled based on applicable requirements to reflect the specific transactions described herein and is not intended to disclose or describe all shares and/or other equity securities owned or beneficially held by the Reporting Person. For additional details regarding the Reporting Person's overall stock and equity holdings, please see the Issuer's Proxy Statement filed with the Securities and Exchange Commission on April 25, 2025, including under the heading ""Security Ownership Of Certain Beneficial Owners And Management"" (subject to the definitions, explanations, and time periods described therein)."
PLTR,2025-11-20,2025-11-24,0001823920-25-000002,S,Sale,sell,4139.0,165.945,686846.355,-686846.355,Stephen Andrew Cohen,"Officer title: President and Secretary. This Form 4 has been compiled based on applicable requirements to reflect the specific transactions described herein and is not intended to disclose or describe all shares and/or other equity securities owned or beneficially held by the Reporting Person. For additional details regarding the Reporting Person's overall stock and equity holdings, please see the Issuer's Proxy Statement filed with the Securities and Exchange Commission on April 25, 2025, including under the heading ""Security Ownership Of Certain Beneficial Owners And Management"" (subject to the definitions, explanations, and time periods described therein)."
PLTR,2025-11-20,2025-11-24,0001823920-25-000002,S,Sale,sell,6749.0,166.7259,1125233.0991,-1125233.0991,Stephen Andrew Cohen,"Officer title: President and Secretary. This Form 4 has been compiled based on applicable requirements to reflect the specific transactions described herein and is not intended to disclose or describe all shares and/or other equity securities owned or beneficially held by the Reporting Person. For additional details regarding the Reporting Person's overall stock and equity holdings, please see the Issuer's Proxy Statement filed with the Securities and Exchange Commission on April 25, 2025, including under the heading ""Security Ownership Of Certain Beneficial Owners And Management"" (subject to the definitions, explanations, and time periods described therein)."
PLTR,2025-11-20,2025-11-24,0001823920-25-000002,S,Sale,sell,5718.0,167.933,960240.894,-960240.894,Stephen Andrew Cohen,"Officer title: President and Secretary. This Form 4 has been compiled based on applicable requirements to reflect the specific transactions described herein and is not intended to disclose or describe all shares and/or other equity securities owned or beneficially held by the Reporting Person. For additional details regarding the Reporting Person's overall stock and equity holdings, please see the Issuer's Proxy Statement filed with the Securities and Exchange Commission on April 25, 2025, including under the heading ""Security Ownership Of Certain Beneficial Owners And Management"" (subject to the definitions, explanations, and time periods described therein)."
PLTR,2025-11-20,2025-11-24,0001823920-25-000002,S,Sale,sell,4684.0,168.9044,791148.2096000001,-791148.2096000001,Stephen Andrew Cohen,"Officer title: President and Secretary. This Form 4 has been compiled based on applicable requirements to reflect the specific transactions described herein and is not intended to disclose or describe all shares and/or other equity securities owned or beneficially held by the Reporting Person. For additional details regarding the Reporting Person's overall stock and equity holdings, please see the Issuer's Proxy Statement filed with the Securities and Exchange Commission on April 25, 2025, including under the heading ""Security Ownership Of Certain Beneficial Owners And Management"" (subject to the definitions, explanations, and time periods described therein)."
PLTR,2025-11-20,2025-11-24,0001823920-25-000002,S,Sale,sell,8864.0,169.9372,1506323.3408,-1506323.3408,Stephen Andrew Cohen,"Officer title: President and Secretary. This Form 4 has been compiled based on applicable requirements to reflect the specific transactions described herein and is not intended to disclose or describe all shares and/or other equity securities owned or beneficially held by the Reporting Person. For additional details regarding the Reporting Person's overall stock and equity holdings, please see the Issuer's Proxy Statement filed with the Securities and Exchange Commission on April 25, 2025, including under the heading ""Security Ownership Of Certain Beneficial Owners And Management"" (subject to the definitions, explanations, and time periods described therein)."
PLTR,2025-11-20,2025-11-24,0001823920-25-000002,S,Sale,sell,28965.0,170.9118,4950460.287,-4950460.287,Stephen Andrew Cohen,"Officer title: President and Secretary. This Form 4 has been compiled based on applicable requirements to reflect the specific transactions described herein and is not intended to disclose or describe all shares and/or other equity securities owned or beneficially held by the Reporting Person. For additional details regarding the Reporting Person's overall stock and equity holdings, please see the Issuer's Proxy Statement filed with the Securities and Exchange Commission on April 25, 2025, including under the heading ""Security Ownership Of Certain Beneficial Owners And Management"" (subject to the definitions, explanations, and time periods described therein)."
PLTR,2025-11-20,2025-11-24,0001823920-25-000002,S,Sale,sell,34005.0,171.9968,5848751.184,-5848751.184,Stephen Andrew Cohen,"Officer title: President and Secretary. This Form 4 has been compiled based on applicable requirements to reflect the specific transactions described herein and is not intended to disclose or describe all shares and/or other equity securities owned or beneficially held by the Reporting Person. For additional details regarding the Reporting Person's overall stock and equity holdings, please see the Issuer's Proxy Statement filed with the Securities and Exchange Commission on April 25, 2025, including under the heading ""Security Ownership Of Certain Beneficial Owners And Management"" (subject to the definitions, explanations, and time periods described therein)."
PLTR,2025-11-20,2025-11-24,0001823920-25-000002,S,Sale,sell,38551.0,172.7717,6660521.806700001,-6660521.806700001,Stephen Andrew Cohen,"Officer title: President and Secretary. This Form 4 has been compiled based on applicable requirements to reflect the specific transactions described herein and is not intended to disclose or describe all shares and/or other equity securities owned or beneficially held by the Reporting Person. For additional details regarding the Reporting Person's overall stock and equity holdings, please see the Issuer's Proxy Statement filed with the Securities and Exchange Commission on April 25, 2025, including under the heading ""Security Ownership Of Certain Beneficial Owners And Management"" (subject to the definitions, explanations, and time periods described therein)."
PLTR,2025-11-20,2025-11-24,0001823920-25-000002,S,Sale,sell,3560.0,173.4115,617344.94,-617344.94,Stephen Andrew Cohen,"Officer title: President and Secretary. This Form 4 has been compiled based on applicable requirements to reflect the specific transactions described herein and is not intended to disclose or describe all shares and/or other equity securities owned or beneficially held by the Reporting Person. For additional details regarding the Reporting Person's overall stock and equity holdings, please see the Issuer's Proxy Statement filed with the Securities and Exchange Commission on April 25, 2025, including under the heading ""Security Ownership Of Certain Beneficial Owners And Management"" (subject to the definitions, explanations, and time periods described therein)."
PLTR,2025-11-20,2025-11-24,0001823920-25-000002,S,Sale,sell,365.0,153.4295,56001.767499999994,-56001.767499999994,Stephen Andrew Cohen,"Officer title: President and Secretary. This Form 4 has been compiled based on applicable requirements to reflect the specific transactions described herein and is not intended to disclose or describe all shares and/or other equity securities owned or beneficially held by the Reporting Person. For additional details regarding the Reporting Person's overall stock and equity holdings, please see the Issuer's Proxy Statement filed with the Securities and Exchange Commission on April 25, 2025, including under the heading ""Security Ownership Of Certain Beneficial Owners And Management"" (subject to the definitions, explanations, and time periods described therein)."
PLTR,2025-11-20,2025-11-24,0001823920-25-000002,S,Sale,sell,38303.0,156.2601,5985230.6103,-5985230.6103,Stephen Andrew Cohen,"Officer title: President and Secretary. This Form 4 has been compiled based on applicable requirements to reflect the specific transactions described herein and is not intended to disclose or describe all shares and/or other equity securities owned or beneficially held by the Reporting Person. For additional details regarding the Reporting Person's overall stock and equity holdings, please see the Issuer's Proxy Statement filed with the Securities and Exchange Commission on April 25, 2025, including under the heading ""Security Ownership Of Certain Beneficial Owners And Management"" (subject to the definitions, explanations, and time periods described therein)."
PLTR,2025-11-20,2025-11-24,0001823920-25-000002,S,Sale,sell,468.0,157.7397,73822.1796,-73822.1796,Stephen Andrew Cohen,"Officer title: President and Secretary. This Form 4 has been compiled based on applicable requirements to reflect the specific transactions described herein and is not intended to disclose or describe all shares and/or other equity securities owned or beneficially held by the Reporting Person. For additional details regarding the Reporting Person's overall stock and equity holdings, please see the Issuer's Proxy Statement filed with the Securities and Exchange Commission on April 25, 2025, including under the heading ""Security Ownership Of Certain Beneficial Owners And Management"" (subject to the definitions, explanations, and time periods described therein)."
PLTR,2025-11-20,2025-11-24,0001823951-25-000002,S,Sale,sell,22200.0,155.3089,3447857.58,-3447857.58,Alexander C. Karp,"Officer title: Chief Executive Officer. This Form 4 has been compiled based on applicable requirements to reflect the specific transactions described herein and is not intended to disclose or describe all shares and/or other equity securities owned or beneficially held by the Reporting Person. For additional details regarding the Reporting Person's overall stock and equity holdings, please see the Issuer's Proxy Statement filed with the Securities and Exchange Commission on April 25, 2025, including under the heading ""Security Ownership Of Certain Beneficial Owners And Management"" (subject to the definitions, explanations, and time periods described therein)."
PLTR,2025-11-20,2025-11-24,0001823951-25-000002,S,Sale,sell,21338.0,156.1858,3332692.6004,-3332692.6004,Alexander C. Karp,"Officer title: Chief Executive Officer. This Form 4 has been compiled based on applicable requirements to reflect the specific transactions described herein and is not intended to disclose or describe all shares and/or other equity securities owned or beneficially held by the Reporting Person. For additional details regarding the Reporting Person's overall stock and equity holdings, please see the Issuer's Proxy Statement filed with the Securities and Exchange Commission on April 25, 2025, including under the heading ""Security Ownership Of Certain Beneficial Owners And Management"" (subject to the definitions, explanations, and time periods described therein)."
PLTR,2025-11-20,2025-11-24,0001823951-25-000002,S,Sale,sell,44669.0,157.251,7024244.919,-7024244.919,Alexander C. Karp,"Officer title: Chief Executive Officer. This Form 4 has been compiled based on applicable requirements to reflect the specific transactions described herein and is not intended to disclose or describe all shares and/or other equity securities owned or beneficially held by the Reporting Person. For additional details regarding the Reporting Person's overall stock and equity holdings, please see the Issuer's Proxy Statement filed with the Securities and Exchange Commission on April 25, 2025, including under the heading ""Security Ownership Of Certain Beneficial Owners And Management"" (subject to the definitions, explanations, and time periods described therein)."
PLTR,2025-11-20,2025-11-24,0001823951-25-000002,S,Sale,sell,43582.0,158.1365,6891904.943000001,-6891904.943000001,Alexander C. Karp,"Officer title: Chief Executive Officer. This Form 4 has been compiled based on applicable requirements to reflect the specific transactions described herein and is not intended to disclose or describe all shares and/or other equity securities owned or beneficially held by the Reporting Person. For additional details regarding the Reporting Person's overall stock and equity holdings, please see the Issuer's Proxy Statement filed with the Securities and Exchange Commission on April 25, 2025, including under the heading ""Security Ownership Of Certain Beneficial Owners And Management"" (subject to the definitions, explanations, and time periods described therein)."
PLTR,2025-11-20,2025-11-24,0001823951-25-000002,S,Sale,sell,20275.0,159.0786,3225318.6149999998,-3225318.6149999998,Alexander C. Karp,"Officer title: Chief Executive Officer. This Form 4 has been compiled based on applicable requirements to reflect the specific transactions described herein and is not intended to disclose or describe all shares and/or other equity securities owned or beneficially held by the Reporting Person. For additional details regarding the Reporting Person's overall stock and equity holdings, please see the Issuer's Proxy Statement filed with the Securities and Exchange Commission on April 25, 2025, including under the heading ""Security Ownership Of Certain Beneficial Owners And Management"" (subject to the definitions, explanations, and time periods described therein)."
PLTR,2025-11-20,2025-11-24,0001823951-25-000002,S,Sale,sell,17365.0,160.1615,2781204.4475,-2781204.4475,Alexander C. Karp,"Officer title: Chief Executive Officer. This Form 4 has been compiled based on applicable requirements to reflect the specific transactions described herein and is not intended to disclose or describe all shares and/or other equity securities owned or beneficially held by the Reporting Person. For additional details regarding the Reporting Person's overall stock and equity holdings, please see the Issuer's Proxy Statement filed with the Securities and Exchange Commission on April 25, 2025, including under the heading ""Security Ownership Of Certain Beneficial Owners And Management"" (subject to the definitions, explanations, and time periods described therein)."
PLTR,2025-11-20,2025-11-24,0001823951-25-000002,S,Sale,sell,12867.0,161.1557,2073590.3919,-2073590.3919,Alexander C. Karp,"Officer title: Chief Executive Officer. This Form 4 has been compiled based on applicable requirements to reflect the specific transactions described herein and is not intended to disclose or describe all shares and/or other equity securities owned or beneficially held by the Reporting Person. For additional details regarding the Reporting Person's overall stock and equity holdings, please see the Issuer's Proxy Statement filed with the Securities and Exchange Commission on April 25, 2025, including under the heading ""Security Ownership Of Certain Beneficial Owners And Management"" (subject to the definitions, explanations, and time periods described therein)."
PLTR,2025-11-20,2025-11-24,0001823951-25-000002,S,Sale,sell,2968.0,161.8464,480360.11519999994,-480360.11519999994,Alexander C. Karp,"Officer title: Chief Executive Officer. This Form 4 has been compiled based on applicable requirements to reflect the specific transactions described herein and is not intended to disclose or describe all shares and/or other equity securities owned or beneficially held by the Reporting Person. For additional details regarding the Reporting Person's overall stock and equity holdings, please see the Issuer's Proxy Statement filed with the Securities and Exchange Commission on April 25, 2025, including under the heading ""Security Ownership Of Certain Beneficial Owners And Management"" (subject to the definitions, explanations, and time periods described therein)."
PLTR,2025-11-20,2025-11-24,0001823951-25-000002,S,Sale,sell,10387.0,163.3663,1696885.7581,-1696885.7581,Alexander C. Karp,"Officer title: Chief Executive Officer. This Form 4 has been compiled based on applicable requirements to reflect the specific transactions described herein and is not intended to disclose or describe all shares and/or other equity securities owned or beneficially held by the Reporting Person. For additional details regarding the Reporting Person's overall stock and equity holdings, please see the Issuer's Proxy Statement filed with the Securities and Exchange Commission on April 25, 2025, including under the heading ""Security Ownership Of Certain Beneficial Owners And Management"" (subject to the definitions, explanations, and time periods described therein)."
PLTR,2025-11-20,2025-11-24,0001823951-25-000002,S,Sale,sell,6228.0,164.0484,1021693.4352,-1021693.4352,Alexander C. Karp,"Officer title: Chief Executive Officer. This Form 4 has been compiled based on applicable requirements to reflect the specific transactions described herein and is not intended to disclose or describe all shares and/or other equity securities owned or beneficially held by the Reporting Person. For additional details regarding the Reporting Person's overall stock and equity holdings, please see the Issuer's Proxy Statement filed with the Securities and Exchange Commission on April 25, 2025, including under the heading ""Security Ownership Of Certain Beneficial Owners And Management"" (subject to the definitions, explanations, and time periods described therein)."
PLTR,2025-11-20,2025-11-24,0001823951-25-000002,S,Sale,sell,4819.0,165.945,799688.955,-799688.955,Alexander C. Karp,"Officer title: Chief Executive Officer. This Form 4 has been compiled based on applicable requirements to reflect the specific transactions described herein and is not intended to disclose or describe all shares and/or other equity securities owned or beneficially held by the Reporting Person. For additional details regarding the Reporting Person's overall stock and equity holdings, please see the Issuer's Proxy Statement filed with the Securities and Exchange Commission on April 25, 2025, including under the heading ""Security Ownership Of Certain Beneficial Owners And Management"" (subject to the definitions, explanations, and time periods described therein)."
PLTR,2025-11-20,2025-11-24,0001823951-25-000002,S,Sale,sell,7857.0,166.7259,1309965.3963,-1309965.3963,Alexander C. Karp,"Officer title: Chief Executive Officer. This Form 4 has been compiled based on applicable requirements to reflect the specific transactions described herein and is not intended to disclose or describe all shares and/or other equity securities owned or beneficially held by the Reporting Person. For additional details regarding the Reporting Person's overall stock and equity holdings, please see the Issuer's Proxy Statement filed with the Securities and Exchange Commission on April 25, 2025, including under the heading ""Security Ownership Of Certain Beneficial Owners And Management"" (subject to the definitions, explanations, and time periods described therein)."
PLTR,2025-11-20,2025-11-24,0001823951-25-000002,S,Sale,sell,6657.0,167.933,1117929.981,-1117929.981,Alexander C. Karp,"Officer title: Chief Executive Officer. This Form 4 has been compiled based on applicable requirements to reflect the specific transactions described herein and is not intended to disclose or describe all shares and/or other equity securities owned or beneficially held by the Reporting Person. For additional details regarding the Reporting Person's overall stock and equity holdings, please see the Issuer's Proxy Statement filed with the Securities and Exchange Commission on April 25, 2025, including under the heading ""Security Ownership Of Certain Beneficial Owners And Management"" (subject to the definitions, explanations, and time periods described therein)."
PLTR,2025-11-20,2025-11-24,0001823951-25-000002,S,Sale,sell,5454.0,168.9044,921204.5976000001,-921204.5976000001,Alexander C. Karp,"Officer title: Chief Executive Officer. This Form 4 has been compiled based on applicable requirements to reflect the specific transactions described herein and is not intended to disclose or describe all shares and/or other equity securities owned or beneficially held by the Reporting Person. For additional details regarding the Reporting Person's overall stock and equity holdings, please see the Issuer's Proxy Statement filed with the Securities and Exchange Commission on April 25, 2025, including under the heading ""Security Ownership Of Certain Beneficial Owners And Management"" (subject to the definitions, explanations, and time periods described therein)."
PLTR,2025-11-20,2025-11-24,0001823951-25-000002,S,Sale,sell,10320.0,169.9372,1753751.9039999999,-1753751.9039999999,Alexander C. Karp,"Officer title: Chief Executive Officer. This Form 4 has been compiled based on applicable requirements to reflect the specific transactions described herein and is not intended to disclose or describe all shares and/or other equity securities owned or beneficially held by the Reporting Person. For additional details regarding the Reporting Person's overall stock and equity holdings, please see the Issuer's Proxy Statement filed with the Securities and Exchange Commission on April 25, 2025, including under the heading ""Security Ownership Of Certain Beneficial Owners And Management"" (subject to the definitions, explanations, and time periods described therein)."
PLTR,2025-11-20,2025-11-24,0001823951-25-000002,S,Sale,sell,33722.0,170.9118,5763487.7196,-5763487.7196,Alexander C. Karp,"Officer title: Chief Executive Officer. This Form 4 has been compiled based on applicable requirements to reflect the specific transactions described herein and is not intended to disclose or describe all shares and/or other equity securities owned or beneficially held by the Reporting Person. For additional details regarding the Reporting Person's overall stock and equity holdings, please see the Issuer's Proxy Statement filed with the Securities and Exchange Commission on April 25, 2025, including under the heading ""Security Ownership Of Certain Beneficial Owners And Management"" (subject to the definitions, explanations, and time periods described therein)."
PLTR,2025-11-20,2025-11-24,0001823951-25-000002,S,Sale,sell,39589.0,171.9968,6809181.3152,-6809181.3152,Alexander C. Karp,"Officer title: Chief Executive Officer. This Form 4 has been compiled based on applicable requirements to reflect the specific transactions described herein and is not intended to disclose or describe all shares and/or other equity securities owned or beneficially held by the Reporting Person. For additional details regarding the Reporting Person's overall stock and equity holdings, please see the Issuer's Proxy Statement filed with the Securities and Exchange Commission on April 25, 2025, including under the heading ""Security Ownership Of Certain Beneficial Owners And Management"" (subject to the definitions, explanations, and time periods described therein)."
PLTR,2025-11-20,2025-11-24,0001823951-25-000002,S,Sale,sell,44883.0,172.7717,7754512.211100001,-7754512.211100001,Alexander C. Karp,"Officer title: Chief Executive Officer. This Form 4 has been compiled based on applicable requirements to reflect the specific transactions described herein and is not intended to disclose or describe all shares and/or other equity securities owned or beneficially held by the Reporting Person. For additional details regarding the Reporting Person's overall stock and equity holdings, please see the Issuer's Proxy Statement filed with the Securities and Exchange Commission on April 25, 2025, including under the heading ""Security Ownership Of Certain Beneficial Owners And Management"" (subject to the definitions, explanations, and time periods described therein)."
PLTR,2025-11-20,2025-11-24,0001823951-25-000002,S,Sale,sell,4145.0,173.4115,718790.6675,-718790.6675,Alexander C. Karp,"Officer title: Chief Executive Officer. This Form 4 has been compiled based on applicable requirements to reflect the specific transactions described herein and is not intended to disclose or describe all shares and/or other equity securities owned or beneficially held by the Reporting Person. For additional details regarding the Reporting Person's overall stock and equity holdings, please see the Issuer's Proxy Statement filed with the Securities and Exchange Commission on April 25, 2025, including under the heading ""Security Ownership Of Certain Beneficial Owners And Management"" (subject to the definitions, explanations, and time periods described therein)."
PLTR,2025-11-20,2025-11-24,0001823951-25-000002,S,Sale,sell,426.0,153.4295,65360.967,-65360.967,Alexander C. Karp,"Officer title: Chief Executive Officer. This Form 4 has been compiled based on applicable requirements to reflect the specific transactions described herein and is not intended to disclose or describe all shares and/or other equity securities owned or beneficially held by the Reporting Person. For additional details regarding the Reporting Person's overall stock and equity holdings, please see the Issuer's Proxy Statement filed with the Securities and Exchange Commission on April 25, 2025, including under the heading ""Security Ownership Of Certain Beneficial Owners And Management"" (subject to the definitions, explanations, and time periods described therein)."
PLTR,2025-11-20,2025-11-24,0001823951-25-000002,S,Sale,sell,44593.0,156.2601,6968106.6393,-6968106.6393,Alexander C. Karp,"Officer title: Chief Executive Officer. This Form 4 has been compiled based on applicable requirements to reflect the specific transactions described herein and is not intended to disclose or describe all shares and/or other equity securities owned or beneficially held by the Reporting Person. For additional details regarding the Reporting Person's overall stock and equity holdings, please see the Issuer's Proxy Statement filed with the Securities and Exchange Commission on April 25, 2025, including under the heading ""Security Ownership Of Certain Beneficial Owners And Management"" (subject to the definitions, explanations, and time periods described therein)."
PLTR,2025-11-20,2025-11-24,0001823951-25-000002,S,Sale,sell,545.0,157.7397,85968.1365,-85968.1365,Alexander C. Karp,"Officer title: Chief Executive Officer. This Form 4 has been compiled based on applicable requirements to reflect the specific transactions described herein and is not intended to disclose or describe all shares and/or other equity securities owned or beneficially held by the Reporting Person. For additional details regarding the Reporting Person's overall stock and equity holdings, please see the Issuer's Proxy Statement filed with the Securities and Exchange Commission on April 25, 2025, including under the heading ""Security Ownership Of Certain Beneficial Owners And Management"" (subject to the definitions, explanations, and time periods described therein)."
PLTR,2025-11-03,2025-11-05,0001823952-25-000006,S,Sale,sell,2305.0,202.6273,467055.9265,-467055.9265,Alexander D. Moore,Director
PLTR,2025-11-03,2025-11-05,0001823952-25-000006,S,Sale,sell,6202.0,203.4624,1261873.8048,-1261873.8048,Alexander D. Moore,Director
PLTR,2025-11-03,2025-11-05,0001823952-25-000006,S,Sale,sell,3667.0,204.559,750117.853,-750117.853,Alexander D. Moore,Director
PLTR,2025-11-03,2025-11-05,0001823952-25-000006,S,Sale,sell,3992.0,205.3429,819728.8568,-819728.8568,Alexander D. Moore,Director
PLTR,2025-11-03,2025-11-05,0001823952-25-000006,S,Sale,sell,3834.0,206.6015,792110.151,-792110.151,Alexander D. Moore,Director
PLTR,2025-10-03,2025-10-07,0001840244-25-000005,S,Sale,sell,800.0,186.39,149112.0,-149112.0,Lauren Elaina Friedman Stat,Director
PLTR,2025-10-01,2025-10-03,0001823952-25-000004,S,Sale,sell,1300.0,180.4306,234559.78,-234559.78,Alexander D. Moore,Director
PLTR,2025-10-01,2025-10-03,0001823952-25-000004,S,Sale,sell,1095.0,181.695,198956.025,-198956.025,Alexander D. Moore,Director
PLTR,2025-10-01,2025-10-03,0001823952-25-000004,S,Sale,sell,1805.0,182.5459,329495.34949999995,-329495.34949999995,Alexander D. Moore,Director
PLTR,2025-10-01,2025-10-03,0001823952-25-000004,S,Sale,sell,4500.0,183.8931,827518.9500000001,-827518.9500000001,Alexander D. Moore,Director
PLTR,2025-10-01,2025-10-03,0001823952-25-000004,S,Sale,sell,9800.0,184.8064,1811102.72,-1811102.72,Alexander D. Moore,Director
PLTR,2025-10-01,2025-10-03,0001823952-25-000004,S,Sale,sell,1400.0,185.6893,259965.02000000002,-259965.02000000002,Alexander D. Moore,Director
PLTR,2025-10-01,2025-10-03,0001823952-25-000004,S,Sale,sell,100.0,186.27,18627.0,-18627.0,Alexander D. Moore,Director
PLTR,2025-09-18,2025-09-22,0001840244-25-000004,S,Sale,sell,9000.0,177.6,1598400.0,-1598400.0,Lauren Elaina Friedman Stat,Director
PLTR,2025-09-11,2025-09-15,0001840244-25-000003,S,Sale,sell,1673.0,164.2626,274811.3298,-274811.3298,Lauren Elaina Friedman Stat,Director
PLTR,2025-09-11,2025-09-15,0001840244-25-000003,S,Sale,sell,7936.0,164.9899,1309359.8464000002,-1309359.8464000002,Lauren Elaina Friedman Stat,Director
PLTR,2025-09-11,2025-09-15,0001840244-25-000003,S,Sale,sell,3391.0,165.9378,562695.0798000001,-562695.0798000001,Lauren Elaina Friedman Stat,Director
PLTR,2025-09-11,2025-09-15,0001840244-25-000003,S,Sale,sell,8000.0,167.25,1338000.0,-1338000.0,Lauren Elaina Friedman Stat,Director
PLTR,2025-09-05,2025-09-09,0001823923-25-000006,S,Sale,sell,36048.0,158.346,5708056.608,-5708056.608,Ryan D. Taylor,"Officer title: Chief Revenue Officer and Chief Legal Officer. This Form 4 has been compiled based on applicable requirements to reflect the specific transactions described herein and is not intended to disclose or describe all shares and/or other equity securities owned or beneficially held by the Reporting Person. For additional details regarding the Reporting Person's overall stock and equity holdings, please see the Issuer's Proxy Statement filed with the Securities and Exchange Commission on April 25, 2025, including under the heading ""Security Ownership Of Certain Beneficial Owners And Management"" (subject to the definitions, explanations, and time periods described therein)."
PLTR,2025-09-02,2025-09-04,0001321655-25-000121,S,Sale,sell,600.0,151.5567,90934.02,-90934.02,Alexander D. Moore,Director
PLTR,2025-09-02,2025-09-04,0001321655-25-000121,S,Sale,sell,900.0,152.8592,137573.28,-137573.28,Alexander D. Moore,Director
PLTR,2025-09-02,2025-09-04,0001321655-25-000121,S,Sale,sell,500.0,153.884,76942.0,-76942.0,Alexander D. Moore,Director
PLTR,2025-09-02,2025-09-04,0001321655-25-000121,S,Sale,sell,1199.0,155.0515,185906.74850000002,-185906.74850000002,Alexander D. Moore,Director
PLTR,2025-09-02,2025-09-04,0001321655-25-000121,S,Sale,sell,4001.0,155.9526,623966.3526,-623966.3526,Alexander D. Moore,Director
PLTR,2025-09-02,2025-09-04,0001321655-25-000121,S,Sale,sell,9500.0,157.1196,1492636.2,-1492636.2,Alexander D. Moore,Director
PLTR,2025-09-02,2025-09-04,0001321655-25-000121,S,Sale,sell,3300.0,157.6846,520359.17999999993,-520359.17999999993,Alexander D. Moore,Director
PLTR,2025-09-02,2025-09-04,0001321655-25-000120,S,Sale,sell,200.0,150.85,30170.0,-30170.0,David A. Glazer,"Officer title: Chief Financial Officer and Treasurer. This Form 4 has been compiled based on applicable requirements to reflect the specific transactions described herein and is not intended to disclose or describe all shares and/or other equity securities owned or beneficially held by the Reporting Person. For additional details regarding the Reporting Person's overall stock and equity holdings, please see the Issuer's Proxy Statement filed with the Securities and Exchange Commission on April 25, 2025, including under the heading ""Security Ownership Of Certain Beneficial Owners And Management"" (subject to the definitions, explanations, and time periods described therein)."
PLTR,2025-09-02,2025-09-04,0001321655-25-000120,S,Sale,sell,27500.0,152.1807,4184969.25,-4184969.25,David A. Glazer,"Officer title: Chief Financial Officer and Treasurer. This Form 4 has been compiled based on applicable requirements to reflect the specific transactions described herein and is not intended to disclose or describe all shares and/or other equity securities owned or beneficially held by the Reporting Person. For additional details regarding the Reporting Person's overall stock and equity holdings, please see the Issuer's Proxy Statement filed with the Securities and Exchange Commission on April 25, 2025, including under the heading ""Security Ownership Of Certain Beneficial Owners And Management"" (subject to the definitions, explanations, and time periods described therein)."
PLTR,2025-09-02,2025-09-04,0001321655-25-000120,S,Sale,sell,700.0,153.2229,107256.03000000001,-107256.03000000001,David A. Glazer,"Officer title: Chief Financial Officer and Treasurer. This Form 4 has been compiled based on applicable requirements to reflect the specific transactions described herein and is not intended to disclose or describe all shares and/or other equity securities owned or beneficially held by the Reporting Person. For additional details regarding the Reporting Person's overall stock and equity holdings, please see the Issuer's Proxy Statement filed with the Securities and Exchange Commission on April 25, 2025, including under the heading ""Security Ownership Of Certain Beneficial Owners And Management"" (subject to the definitions, explanations, and time periods described therein)."
PLTR,2025-09-02,2025-09-04,0001321655-25-000120,S,Sale,sell,500.0,154.322,77161.0,-77161.0,David A. Glazer,"Officer title: Chief Financial Officer and Treasurer. This Form 4 has been compiled based on applicable requirements to reflect the specific transactions described herein and is not intended to disclose or describe all shares and/or other equity securities owned or beneficially held by the Reporting Person. For additional details regarding the Reporting Person's overall stock and equity holdings, please see the Issuer's Proxy Statement filed with the Securities and Exchange Commission on April 25, 2025, including under the heading ""Security Ownership Of Certain Beneficial Owners And Management"" (subject to the definitions, explanations, and time periods described therein)."
PLTR,2025-09-02,2025-09-04,0001321655-25-000120,S,Sale,sell,38500.0,155.2068,5975461.8,-5975461.8,David A. Glazer,"Officer title: Chief Financial Officer and Treasurer. This Form 4 has been compiled based on applicable requirements to reflect the specific transactions described herein and is not intended to disclose or describe all shares and/or other equity securities owned or beneficially held by the Reporting Person. For additional details regarding the Reporting Person's overall stock and equity holdings, please see the Issuer's Proxy Statement filed with the Securities and Exchange Commission on April 25, 2025, including under the heading ""Security Ownership Of Certain Beneficial Owners And Management"" (subject to the definitions, explanations, and time periods described therein)."
PLTR,2025-09-02,2025-09-04,0001321655-25-000120,S,Sale,sell,4631.0,156.5673,725063.1662999999,-725063.1662999999,David A. Glazer,"Officer title: Chief Financial Officer and Treasurer. This Form 4 has been compiled based on applicable requirements to reflect the specific transactions described herein and is not intended to disclose or describe all shares and/or other equity securities owned or beneficially held by the Reporting Person. For additional details regarding the Reporting Person's overall stock and equity holdings, please see the Issuer's Proxy Statement filed with the Securities and Exchange Commission on April 25, 2025, including under the heading ""Security Ownership Of Certain Beneficial Owners And Management"" (subject to the definitions, explanations, and time periods described therein)."
PLTR,2025-09-02,2025-09-04,0001321655-25-000120,S,Sale,sell,8569.0,157.3661,1348470.1109,-1348470.1109,David A. Glazer,"Officer title: Chief Financial Officer and Treasurer. This Form 4 has been compiled based on applicable requirements to reflect the specific transactions described herein and is not intended to disclose or describe all shares and/or other equity securities owned or beneficially held by the Reporting Person. For additional details regarding the Reporting Person's overall stock and equity holdings, please see the Issuer's Proxy Statement filed with the Securities and Exchange Commission on April 25, 2025, including under the heading ""Security Ownership Of Certain Beneficial Owners And Management"" (subject to the definitions, explanations, and time periods described therein)."
PLTR,2025-09-02,2025-09-04,0001321655-25-000120,S,Sale,sell,400.0,158.0775,63230.99999999999,-63230.99999999999,David A. Glazer,"Officer title: Chief Financial Officer and Treasurer. This Form 4 has been compiled based on applicable requirements to reflect the specific transactions described herein and is not intended to disclose or describe all shares and/or other equity securities owned or beneficially held by the Reporting Person. For additional details regarding the Reporting Person's overall stock and equity holdings, please see the Issuer's Proxy Statement filed with the Securities and Exchange Commission on April 25, 2025, including under the heading ""Security Ownership Of Certain Beneficial Owners And Management"" (subject to the definitions, explanations, and time periods described therein)."
PLTR,2025-08-29,2025-09-03,0001321655-25-000119,S,Sale,sell,2803.0,157.0,440071.0,-440071.0,Jeffrey Buckley,Officer title: Chief Accounting Officer. This Form 4 has been compiled based on applicable requirements to reflect the specific transactions described herein and is not intended to disclose or describe all shares and/or other equity securities owned or beneficially held by the Reporting Person.
PLTR,2025-08-20,2025-08-22,0001321655-25-000118,S,Sale,sell,43.0,143.123,6154.289,-6154.289,Jeffrey Buckley,Officer title: Chief Accounting Officer. This Form 4 has been compiled based on applicable requirements to reflect the specific transactions described herein and is not intended to disclose or describe all shares and/or other equity securities owned or beneficially held by the Reporting Person.
PLTR,2025-08-20,2025-08-22,0001321655-25-000118,S,Sale,sell,37.0,143.8084,5320.910800000001,-5320.910800000001,Jeffrey Buckley,Officer title: Chief Accounting Officer. This Form 4 has been compiled based on applicable requirements to reflect the specific transactions described herein and is not intended to disclose or describe all shares and/or other equity securities owned or beneficially held by the Reporting Person.
PLTR,2025-08-20,2025-08-22,0001321655-25-000118,S,Sale,sell,37.0,144.8738,5360.330599999999,-5360.330599999999,Jeffrey Buckley,Officer title: Chief Accounting Officer. This Form 4 has been compiled based on applicable requirements to reflect the specific transactions described herein and is not intended to disclose or describe all shares and/or other equity securities owned or beneficially held by the Reporting Person.
PLTR,2025-08-20,2025-08-22,0001321655-25-000118,S,Sale,sell,102.0,146.0497,14897.0694,-14897.0694,Jeffrey Buckley,Officer title: Chief Accounting Officer. This Form 4 has been compiled based on applicable requirements to reflect the specific transactions described herein and is not intended to disclose or describe all shares and/or other equity securities owned or beneficially held by the Reporting Person.
PLTR,2025-08-20,2025-08-22,0001321655-25-000118,S,Sale,sell,55.0,146.926,8080.929999999999,-8080.929999999999,Jeffrey Buckley,Officer title: Chief Accounting Officer. This Form 4 has been compiled based on applicable requirements to reflect the specific transactions described herein and is not intended to disclose or describe all shares and/or other equity securities owned or beneficially held by the Reporting Person.
PLTR,2025-08-20,2025-08-22,0001321655-25-000118,S,Sale,sell,33.0,148.0661,4886.1813,-4886.1813,Jeffrey Buckley,Officer title: Chief Accounting Officer. This Form 4 has been compiled based on applicable requirements to reflect the specific transactions described herein and is not intended to disclose or describe all shares and/or other equity securities owned or beneficially held by the Reporting Person.
PLTR,2025-08-20,2025-08-22,0001321655-25-000118,S,Sale,sell,83.0,149.0415,12370.444500000001,-12370.444500000001,Jeffrey Buckley,Officer title: Chief Accounting Officer. This Form 4 has been compiled based on applicable requirements to reflect the specific transactions described herein and is not intended to disclose or describe all shares and/or other equity securities owned or beneficially held by the Reporting Person.
PLTR,2025-08-20,2025-08-22,0001321655-25-000118,S,Sale,sell,93.0,149.9274,13943.2482,-13943.2482,Jeffrey Buckley,Officer title: Chief Accounting Officer. This Form 4 has been compiled based on applicable requirements to reflect the specific transactions described herein and is not intended to disclose or describe all shares and/or other equity securities owned or beneficially held by the Reporting Person.
PLTR,2025-08-20,2025-08-22,0001321655-25-000118,S,Sale,sell,27.0,151.0535,4078.4445000000005,-4078.4445000000005,Jeffrey Buckley,Officer title: Chief Accounting Officer. This Form 4 has been compiled based on applicable requirements to reflect the specific transactions described herein and is not intended to disclose or describe all shares and/or other equity securities owned or beneficially held by the Reporting Person.
PLTR,2025-08-20,2025-08-22,0001321655-25-000118,S,Sale,sell,74.0,152.0545,11252.033,-11252.033,Jeffrey Buckley,Officer title: Chief Accounting Officer. This Form 4 has been compiled based on applicable requirements to reflect the specific transactions described herein and is not intended to disclose or describe all shares and/or other equity securities owned or beneficially held by the Reporting Person.
PLTR,2025-08-20,2025-08-22,0001321655-25-000118,S,Sale,sell,175.0,153.1201,26796.0175,-26796.0175,Jeffrey Buckley,Officer title: Chief Accounting Officer. This Form 4 has been compiled based on applicable requirements to reflect the specific transactions described herein and is not intended to disclose or describe all shares and/or other equity securities owned or beneficially held by the Reporting Person.
PLTR,2025-08-20,2025-08-22,0001321655-25-000118,S,Sale,sell,292.0,154.1581,45014.165199999996,-45014.165199999996,Jeffrey Buckley,Officer title: Chief Accounting Officer. This Form 4 has been compiled based on applicable requirements to reflect the specific transactions described herein and is not intended to disclose or describe all shares and/or other equity securities owned or beneficially held by the Reporting Person.
PLTR,2025-08-20,2025-08-22,0001321655-25-000118,S,Sale,sell,164.0,154.8895,25401.878,-25401.878,Jeffrey Buckley,Officer title: Chief Accounting Officer. This Form 4 has been compiled based on applicable requirements to reflect the specific transactions described herein and is not intended to disclose or describe all shares and/or other equity securities owned or beneficially held by the Reporting Person.
PLTR,2025-08-20,2025-08-22,0001321655-25-000118,S,Sale,sell,74.0,156.1132,11552.3768,-11552.3768,Jeffrey Buckley,Officer title: Chief Accounting Officer. This Form 4 has been compiled based on applicable requirements to reflect the specific transactions described herein and is not intended to disclose or describe all shares and/or other equity securities owned or beneficially held by the Reporting Person.
PLTR,2025-08-20,2025-08-22,0001321655-25-000118,S,Sale,sell,55.0,154.5119,8498.1545,-8498.1545,Jeffrey Buckley,Officer title: Chief Accounting Officer. This Form 4 has been compiled based on applicable requirements to reflect the specific transactions described herein and is not intended to disclose or describe all shares and/or other equity securities owned or beneficially held by the Reporting Person.
PLTR,2025-08-20,2025-08-22,0001321655-25-000118,S,Sale,sell,557.0,155.5261,86628.0377,-86628.0377,Jeffrey Buckley,Officer title: Chief Accounting Officer. This Form 4 has been compiled based on applicable requirements to reflect the specific transactions described herein and is not intended to disclose or describe all shares and/or other equity securities owned or beneficially held by the Reporting Person.
PLTR,2025-08-20,2025-08-22,0001321655-25-000118,S,Sale,sell,453.0,156.1518,70736.7654,-70736.7654,Jeffrey Buckley,Officer title: Chief Accounting Officer. This Form 4 has been compiled based on applicable requirements to reflect the specific transactions described herein and is not intended to disclose or describe all shares and/or other equity securities owned or beneficially held by the Reporting Person.
PLTR,2025-08-20,2025-08-22,0001321655-25-000118,S,Sale,sell,11.0,157.175,1728.9250000000002,-1728.9250000000002,Jeffrey Buckley,Officer title: Chief Accounting Officer. This Form 4 has been compiled based on applicable requirements to reflect the specific transactions described herein and is not intended to disclose or describe all shares and/or other equity securities owned or beneficially held by the Reporting Person.
PLTR,2025-08-20,2025-08-22,0001321655-25-000117,S,Sale,sell,372.0,143.123,53241.755999999994,-53241.755999999994,Ryan D. Taylor,"Officer title: Chief Revenue Officer and Chief Legal Officer. This Form 4 has been compiled based on applicable requirements to reflect the specific transactions described herein and is not intended to disclose or describe all shares and/or other equity securities owned or beneficially held by the Reporting Person. For additional details regarding the Reporting Person's overall stock and equity holdings, please see the Issuer's Proxy Statement filed with the Securities and Exchange Commission on April 25, 2025, including under the heading ""Security Ownership Of Certain Beneficial Owners And Management"" (subject to the definitions, explanations, and time periods described therein)."
PLTR,2025-08-20,2025-08-22,0001321655-25-000117,S,Sale,sell,312.0,143.8084,44868.2208,-44868.2208,Ryan D. Taylor,"Officer title: Chief Revenue Officer and Chief Legal Officer. This Form 4 has been compiled based on applicable requirements to reflect the specific transactions described herein and is not intended to disclose or describe all shares and/or other equity securities owned or beneficially held by the Reporting Person. For additional details regarding the Reporting Person's overall stock and equity holdings, please see the Issuer's Proxy Statement filed with the Securities and Exchange Commission on April 25, 2025, including under the heading ""Security Ownership Of Certain Beneficial Owners And Management"" (subject to the definitions, explanations, and time periods described therein)."
PLTR,2025-08-20,2025-08-22,0001321655-25-000117,S,Sale,sell,313.0,144.8738,45345.49939999999,-45345.49939999999,Ryan D. Taylor,"Officer title: Chief Revenue Officer and Chief Legal Officer. This Form 4 has been compiled based on applicable requirements to reflect the specific transactions described herein and is not intended to disclose or describe all shares and/or other equity securities owned or beneficially held by the Reporting Person. For additional details regarding the Reporting Person's overall stock and equity holdings, please see the Issuer's Proxy Statement filed with the Securities and Exchange Commission on April 25, 2025, including under the heading ""Security Ownership Of Certain Beneficial Owners And Management"" (subject to the definitions, explanations, and time periods described therein)."
PLTR,2025-08-20,2025-08-22,0001321655-25-000117,S,Sale,sell,869.0,146.0497,126917.1893,-126917.1893,Ryan D. Taylor,"Officer title: Chief Revenue Officer and Chief Legal Officer. This Form 4 has been compiled based on applicable requirements to reflect the specific transactions described herein and is not intended to disclose or describe all shares and/or other equity securities owned or beneficially held by the Reporting Person. For additional details regarding the Reporting Person's overall stock and equity holdings, please see the Issuer's Proxy Statement filed with the Securities and Exchange Commission on April 25, 2025, including under the heading ""Security Ownership Of Certain Beneficial Owners And Management"" (subject to the definitions, explanations, and time periods described therein)."
PLTR,2025-08-20,2025-08-22,0001321655-25-000117,S,Sale,sell,471.0,146.926,69202.146,-69202.146,Ryan D. Taylor,"Officer title: Chief Revenue Officer and Chief Legal Officer. This Form 4 has been compiled based on applicable requirements to reflect the specific transactions described herein and is not intended to disclose or describe all shares and/or other equity securities owned or beneficially held by the Reporting Person. For additional details regarding the Reporting Person's overall stock and equity holdings, please see the Issuer's Proxy Statement filed with the Securities and Exchange Commission on April 25, 2025, including under the heading ""Security Ownership Of Certain Beneficial Owners And Management"" (subject to the definitions, explanations, and time periods described therein)."
PLTR,2025-08-20,2025-08-22,0001321655-25-000117,S,Sale,sell,285.0,148.0661,42198.8385,-42198.8385,Ryan D. Taylor,"Officer title: Chief Revenue Officer and Chief Legal Officer. This Form 4 has been compiled based on applicable requirements to reflect the specific transactions described herein and is not intended to disclose or describe all shares and/or other equity securities owned or beneficially held by the Reporting Person. For additional details regarding the Reporting Person's overall stock and equity holdings, please see the Issuer's Proxy Statement filed with the Securities and Exchange Commission on April 25, 2025, including under the heading ""Security Ownership Of Certain Beneficial Owners And Management"" (subject to the definitions, explanations, and time periods described therein)."
PLTR,2025-08-20,2025-08-22,0001321655-25-000117,S,Sale,sell,714.0,149.0415,106415.63100000001,-106415.63100000001,Ryan D. Taylor,"Officer title: Chief Revenue Officer and Chief Legal Officer. This Form 4 has been compiled based on applicable requirements to reflect the specific transactions described herein and is not intended to disclose or describe all shares and/or other equity securities owned or beneficially held by the Reporting Person. For additional details regarding the Reporting Person's overall stock and equity holdings, please see the Issuer's Proxy Statement filed with the Securities and Exchange Commission on April 25, 2025, including under the heading ""Security Ownership Of Certain Beneficial Owners And Management"" (subject to the definitions, explanations, and time periods described therein)."
PLTR,2025-08-20,2025-08-22,0001321655-25-000117,S,Sale,sell,795.0,149.9274,119192.28300000001,-119192.28300000001,Ryan D. Taylor,"Officer title: Chief Revenue Officer and Chief Legal Officer. This Form 4 has been compiled based on applicable requirements to reflect the specific transactions described herein and is not intended to disclose or describe all shares and/or other equity securities owned or beneficially held by the Reporting Person. For additional details regarding the Reporting Person's overall stock and equity holdings, please see the Issuer's Proxy Statement filed with the Securities and Exchange Commission on April 25, 2025, including under the heading ""Security Ownership Of Certain Beneficial Owners And Management"" (subject to the definitions, explanations, and time periods described therein)."
PLTR,2025-08-20,2025-08-22,0001321655-25-000117,S,Sale,sell,228.0,151.0535,34440.198000000004,-34440.198000000004,Ryan D. Taylor,"Officer title: Chief Revenue Officer and Chief Legal Officer. This Form 4 has been compiled based on applicable requirements to reflect the specific transactions described herein and is not intended to disclose or describe all shares and/or other equity securities owned or beneficially held by the Reporting Person. For additional details regarding the Reporting Person's overall stock and equity holdings, please see the Issuer's Proxy Statement filed with the Securities and Exchange Commission on April 25, 2025, including under the heading ""Security Ownership Of Certain Beneficial Owners And Management"" (subject to the definitions, explanations, and time periods described therein)."
PLTR,2025-08-20,2025-08-22,0001321655-25-000117,S,Sale,sell,635.0,152.0545,96554.6075,-96554.6075,Ryan D. Taylor,"Officer title: Chief Revenue Officer and Chief Legal Officer. This Form 4 has been compiled based on applicable requirements to reflect the specific transactions described herein and is not intended to disclose or describe all shares and/or other equity securities owned or beneficially held by the Reporting Person. For additional details regarding the Reporting Person's overall stock and equity holdings, please see the Issuer's Proxy Statement filed with the Securities and Exchange Commission on April 25, 2025, including under the heading ""Security Ownership Of Certain Beneficial Owners And Management"" (subject to the definitions, explanations, and time periods described therein)."
PLTR,2025-08-20,2025-08-22,0001321655-25-000117,S,Sale,sell,1494.0,153.1201,228761.42940000002,-228761.42940000002,Ryan D. Taylor,"Officer title: Chief Revenue Officer and Chief Legal Officer. This Form 4 has been compiled based on applicable requirements to reflect the specific transactions described herein and is not intended to disclose or describe all shares and/or other equity securities owned or beneficially held by the Reporting Person. For additional details regarding the Reporting Person's overall stock and equity holdings, please see the Issuer's Proxy Statement filed with the Securities and Exchange Commission on April 25, 2025, including under the heading ""Security Ownership Of Certain Beneficial Owners And Management"" (subject to the definitions, explanations, and time periods described therein)."
PLTR,2025-08-20,2025-08-22,0001321655-25-000117,S,Sale,sell,2502.0,154.1581,385703.5662,-385703.5662,Ryan D. Taylor,"Officer title: Chief Revenue Officer and Chief Legal Officer. This Form 4 has been compiled based on applicable requirements to reflect the specific transactions described herein and is not intended to disclose or describe all shares and/or other equity securities owned or beneficially held by the Reporting Person. For additional details regarding the Reporting Person's overall stock and equity holdings, please see the Issuer's Proxy Statement filed with the Securities and Exchange Commission on April 25, 2025, including under the heading ""Security Ownership Of Certain Beneficial Owners And Management"" (subject to the definitions, explanations, and time periods described therein)."
PLTR,2025-08-20,2025-08-22,0001321655-25-000117,S,Sale,sell,1404.0,154.8895,217464.858,-217464.858,Ryan D. Taylor,"Officer title: Chief Revenue Officer and Chief Legal Officer. This Form 4 has been compiled based on applicable requirements to reflect the specific transactions described herein and is not intended to disclose or describe all shares and/or other equity securities owned or beneficially held by the Reporting Person. For additional details regarding the Reporting Person's overall stock and equity holdings, please see the Issuer's Proxy Statement filed with the Securities and Exchange Commission on April 25, 2025, including under the heading ""Security Ownership Of Certain Beneficial Owners And Management"" (subject to the definitions, explanations, and time periods described therein)."
PLTR,2025-08-20,2025-08-22,0001321655-25-000117,S,Sale,sell,632.0,156.1132,98663.5424,-98663.5424,Ryan D. Taylor,"Officer title: Chief Revenue Officer and Chief Legal Officer. This Form 4 has been compiled based on applicable requirements to reflect the specific transactions described herein and is not intended to disclose or describe all shares and/or other equity securities owned or beneficially held by the Reporting Person. For additional details regarding the Reporting Person's overall stock and equity holdings, please see the Issuer's Proxy Statement filed with the Securities and Exchange Commission on April 25, 2025, including under the heading ""Security Ownership Of Certain Beneficial Owners And Management"" (subject to the definitions, explanations, and time periods described therein)."
PLTR,2025-08-20,2025-08-22,0001321655-25-000117,S,Sale,sell,476.0,154.5119,73547.6644,-73547.6644,Ryan D. Taylor,"Officer title: Chief Revenue Officer and Chief Legal Officer. This Form 4 has been compiled based on applicable requirements to reflect the specific transactions described herein and is not intended to disclose or describe all shares and/or other equity securities owned or beneficially held by the Reporting Person. For additional details regarding the Reporting Person's overall stock and equity holdings, please see the Issuer's Proxy Statement filed with the Securities and Exchange Commission on April 25, 2025, including under the heading ""Security Ownership Of Certain Beneficial Owners And Management"" (subject to the definitions, explanations, and time periods described therein)."
PLTR,2025-08-20,2025-08-22,0001321655-25-000117,S,Sale,sell,4763.0,155.5261,740770.8143000001,-740770.8143000001,Ryan D. Taylor,"Officer title: Chief Revenue Officer and Chief Legal Officer. This Form 4 has been compiled based on applicable requirements to reflect the specific transactions described herein and is not intended to disclose or describe all shares and/or other equity securities owned or beneficially held by the Reporting Person. For additional details regarding the Reporting Person's overall stock and equity holdings, please see the Issuer's Proxy Statement filed with the Securities and Exchange Commission on April 25, 2025, including under the heading ""Security Ownership Of Certain Beneficial Owners And Management"" (subject to the definitions, explanations, and time periods described therein)."
PLTR,2025-08-20,2025-08-22,0001321655-25-000117,S,Sale,sell,3880.0,156.1518,605868.984,-605868.984,Ryan D. Taylor,"Officer title: Chief Revenue Officer and Chief Legal Officer. This Form 4 has been compiled based on applicable requirements to reflect the specific transactions described herein and is not intended to disclose or describe all shares and/or other equity securities owned or beneficially held by the Reporting Person. For additional details regarding the Reporting Person's overall stock and equity holdings, please see the Issuer's Proxy Statement filed with the Securities and Exchange Commission on April 25, 2025, including under the heading ""Security Ownership Of Certain Beneficial Owners And Management"" (subject to the definitions, explanations, and time periods described therein)."
PLTR,2025-08-20,2025-08-22,0001321655-25-000117,S,Sale,sell,92.0,157.175,14460.1,-14460.1,Ryan D. Taylor,"Officer title: Chief Revenue Officer and Chief Legal Officer. This Form 4 has been compiled based on applicable requirements to reflect the specific transactions described herein and is not intended to disclose or describe all shares and/or other equity securities owned or beneficially held by the Reporting Person. For additional details regarding the Reporting Person's overall stock and equity holdings, please see the Issuer's Proxy Statement filed with the Securities and Exchange Commission on April 25, 2025, including under the heading ""Security Ownership Of Certain Beneficial Owners And Management"" (subject to the definitions, explanations, and time periods described therein)."
PLTR,2025-08-20,2025-08-22,0001321655-25-000116,S,Sale,sell,325.0,143.123,46514.975,-46514.975,David A. Glazer,"Officer title: Chief Financial Officer and Treasurer. This Form 4 has been compiled based on applicable requirements to reflect the specific transactions described herein and is not intended to disclose or describe all shares and/or other equity securities owned or beneficially held by the Reporting Person. For additional details regarding the Reporting Person's overall stock and equity holdings, please see the Issuer's Proxy Statement filed with the Securities and Exchange Commission on April 25, 2025, including under the heading ""Security Ownership Of Certain Beneficial Owners And Management"" (subject to the definitions, explanations, and time periods described therein)."
PLTR,2025-08-20,2025-08-22,0001321655-25-000116,S,Sale,sell,272.0,143.8084,39115.8848,-39115.8848,David A. Glazer,"Officer title: Chief Financial Officer and Treasurer. This Form 4 has been compiled based on applicable requirements to reflect the specific transactions described herein and is not intended to disclose or describe all shares and/or other equity securities owned or beneficially held by the Reporting Person. For additional details regarding the Reporting Person's overall stock and equity holdings, please see the Issuer's Proxy Statement filed with the Securities and Exchange Commission on April 25, 2025, including under the heading ""Security Ownership Of Certain Beneficial Owners And Management"" (subject to the definitions, explanations, and time periods described therein)."
PLTR,2025-08-20,2025-08-22,0001321655-25-000116,S,Sale,sell,273.0,144.8738,39550.547399999996,-39550.547399999996,David A. Glazer,"Officer title: Chief Financial Officer and Treasurer. This Form 4 has been compiled based on applicable requirements to reflect the specific transactions described herein and is not intended to disclose or describe all shares and/or other equity securities owned or beneficially held by the Reporting Person. For additional details regarding the Reporting Person's overall stock and equity holdings, please see the Issuer's Proxy Statement filed with the Securities and Exchange Commission on April 25, 2025, including under the heading ""Security Ownership Of Certain Beneficial Owners And Management"" (subject to the definitions, explanations, and time periods described therein)."
PLTR,2025-08-20,2025-08-22,0001321655-25-000116,S,Sale,sell,760.0,146.0497,110997.772,-110997.772,David A. Glazer,"Officer title: Chief Financial Officer and Treasurer. This Form 4 has been compiled based on applicable requirements to reflect the specific transactions described herein and is not intended to disclose or describe all shares and/or other equity securities owned or beneficially held by the Reporting Person. For additional details regarding the Reporting Person's overall stock and equity holdings, please see the Issuer's Proxy Statement filed with the Securities and Exchange Commission on April 25, 2025, including under the heading ""Security Ownership Of Certain Beneficial Owners And Management"" (subject to the definitions, explanations, and time periods described therein)."
PLTR,2025-08-20,2025-08-22,0001321655-25-000116,S,Sale,sell,412.0,146.926,60533.511999999995,-60533.511999999995,David A. Glazer,"Officer title: Chief Financial Officer and Treasurer. This Form 4 has been compiled based on applicable requirements to reflect the specific transactions described herein and is not intended to disclose or describe all shares and/or other equity securities owned or beneficially held by the Reporting Person. For additional details regarding the Reporting Person's overall stock and equity holdings, please see the Issuer's Proxy Statement filed with the Securities and Exchange Commission on April 25, 2025, including under the heading ""Security Ownership Of Certain Beneficial Owners And Management"" (subject to the definitions, explanations, and time periods described therein)."
PLTR,2025-08-20,2025-08-22,0001321655-25-000116,S,Sale,sell,249.0,148.0661,36868.4589,-36868.4589,David A. Glazer,"Officer title: Chief Financial Officer and Treasurer. This Form 4 has been compiled based on applicable requirements to reflect the specific transactions described herein and is not intended to disclose or describe all shares and/or other equity securities owned or beneficially held by the Reporting Person. For additional details regarding the Reporting Person's overall stock and equity holdings, please see the Issuer's Proxy Statement filed with the Securities and Exchange Commission on April 25, 2025, including under the heading ""Security Ownership Of Certain Beneficial Owners And Management"" (subject to the definitions, explanations, and time periods described therein)."
PLTR,2025-08-20,2025-08-22,0001321655-25-000116,S,Sale,sell,624.0,149.0415,93001.89600000001,-93001.89600000001,David A. Glazer,"Officer title: Chief Financial Officer and Treasurer. This Form 4 has been compiled based on applicable requirements to reflect the specific transactions described herein and is not intended to disclose or describe all shares and/or other equity securities owned or beneficially held by the Reporting Person. For additional details regarding the Reporting Person's overall stock and equity holdings, please see the Issuer's Proxy Statement filed with the Securities and Exchange Commission on April 25, 2025, including under the heading ""Security Ownership Of Certain Beneficial Owners And Management"" (subject to the definitions, explanations, and time periods described therein)."
PLTR,2025-08-20,2025-08-22,0001321655-25-000116,S,Sale,sell,694.0,149.9274,104049.6156,-104049.6156,David A. Glazer,"Officer title: Chief Financial Officer and Treasurer. This Form 4 has been compiled based on applicable requirements to reflect the specific transactions described herein and is not intended to disclose or describe all shares and/or other equity securities owned or beneficially held by the Reporting Person. For additional details regarding the Reporting Person's overall stock and equity holdings, please see the Issuer's Proxy Statement filed with the Securities and Exchange Commission on April 25, 2025, including under the heading ""Security Ownership Of Certain Beneficial Owners And Management"" (subject to the definitions, explanations, and time periods described therein)."
PLTR,2025-08-20,2025-08-22,0001321655-25-000116,S,Sale,sell,200.0,151.0535,30210.700000000004,-30210.700000000004,David A. Glazer,"Officer title: Chief Financial Officer and Treasurer. This Form 4 has been compiled based on applicable requirements to reflect the specific transactions described herein and is not intended to disclose or describe all shares and/or other equity securities owned or beneficially held by the Reporting Person. For additional details regarding the Reporting Person's overall stock and equity holdings, please see the Issuer's Proxy Statement filed with the Securities and Exchange Commission on April 25, 2025, including under the heading ""Security Ownership Of Certain Beneficial Owners And Management"" (subject to the definitions, explanations, and time periods described therein)."
PLTR,2025-08-20,2025-08-22,0001321655-25-000116,S,Sale,sell,555.0,152.0545,84390.2475,-84390.2475,David A. Glazer,"Officer title: Chief Financial Officer and Treasurer. This Form 4 has been compiled based on applicable requirements to reflect the specific transactions described herein and is not intended to disclose or describe all shares and/or other equity securities owned or beneficially held by the Reporting Person. For additional details regarding the Reporting Person's overall stock and equity holdings, please see the Issuer's Proxy Statement filed with the Securities and Exchange Commission on April 25, 2025, including under the heading ""Security Ownership Of Certain Beneficial Owners And Management"" (subject to the definitions, explanations, and time periods described therein)."
PLTR,2025-08-20,2025-08-22,0001321655-25-000116,S,Sale,sell,1305.0,153.1201,199821.7305,-199821.7305,David A. Glazer,"Officer title: Chief Financial Officer and Treasurer. This Form 4 has been compiled based on applicable requirements to reflect the specific transactions described herein and is not intended to disclose or describe all shares and/or other equity securities owned or beneficially held by the Reporting Person. For additional details regarding the Reporting Person's overall stock and equity holdings, please see the Issuer's Proxy Statement filed with the Securities and Exchange Commission on April 25, 2025, including under the heading ""Security Ownership Of Certain Beneficial Owners And Management"" (subject to the definitions, explanations, and time periods described therein)."
PLTR,2025-08-20,2025-08-22,0001321655-25-000116,S,Sale,sell,2185.0,154.1581,336835.4485,-336835.4485,David A. Glazer,"Officer title: Chief Financial Officer and Treasurer. This Form 4 has been compiled based on applicable requirements to reflect the specific transactions described herein and is not intended to disclose or describe all shares and/or other equity securities owned or beneficially held by the Reporting Person. For additional details regarding the Reporting Person's overall stock and equity holdings, please see the Issuer's Proxy Statement filed with the Securities and Exchange Commission on April 25, 2025, including under the heading ""Security Ownership Of Certain Beneficial Owners And Management"" (subject to the definitions, explanations, and time periods described therein)."
PLTR,2025-08-20,2025-08-22,0001321655-25-000116,S,Sale,sell,1227.0,154.8895,190049.4165,-190049.4165,David A. Glazer,"Officer title: Chief Financial Officer and Treasurer. This Form 4 has been compiled based on applicable requirements to reflect the specific transactions described herein and is not intended to disclose or describe all shares and/or other equity securities owned or beneficially held by the Reporting Person. For additional details regarding the Reporting Person's overall stock and equity holdings, please see the Issuer's Proxy Statement filed with the Securities and Exchange Commission on April 25, 2025, including under the heading ""Security Ownership Of Certain Beneficial Owners And Management"" (subject to the definitions, explanations, and time periods described therein)."
PLTR,2025-08-20,2025-08-22,0001321655-25-000116,S,Sale,sell,552.0,156.1132,86174.48640000001,-86174.48640000001,David A. Glazer,"Officer title: Chief Financial Officer and Treasurer. This Form 4 has been compiled based on applicable requirements to reflect the specific transactions described herein and is not intended to disclose or describe all shares and/or other equity securities owned or beneficially held by the Reporting Person. For additional details regarding the Reporting Person's overall stock and equity holdings, please see the Issuer's Proxy Statement filed with the Securities and Exchange Commission on April 25, 2025, including under the heading ""Security Ownership Of Certain Beneficial Owners And Management"" (subject to the definitions, explanations, and time periods described therein)."
PLTR,2025-08-20,2025-08-22,0001321655-25-000116,S,Sale,sell,416.0,154.5119,64276.9504,-64276.9504,David A. Glazer,"Officer title: Chief Financial Officer and Treasurer. This Form 4 has been compiled based on applicable requirements to reflect the specific transactions described herein and is not intended to disclose or describe all shares and/or other equity securities owned or beneficially held by the Reporting Person. For additional details regarding the Reporting Person's overall stock and equity holdings, please see the Issuer's Proxy Statement filed with the Securities and Exchange Commission on April 25, 2025, including under the heading ""Security Ownership Of Certain Beneficial Owners And Management"" (subject to the definitions, explanations, and time periods described therein)."
PLTR,2025-08-20,2025-08-22,0001321655-25-000116,S,Sale,sell,4161.0,155.5261,647144.1021,-647144.1021,David A. Glazer,"Officer title: Chief Financial Officer and Treasurer. This Form 4 has been compiled based on applicable requirements to reflect the specific transactions described herein and is not intended to disclose or describe all shares and/or other equity securities owned or beneficially held by the Reporting Person. For additional details regarding the Reporting Person's overall stock and equity holdings, please see the Issuer's Proxy Statement filed with the Securities and Exchange Commission on April 25, 2025, including under the heading ""Security Ownership Of Certain Beneficial Owners And Management"" (subject to the definitions, explanations, and time periods described therein)."
PLTR,2025-08-20,2025-08-22,0001321655-25-000116,S,Sale,sell,3390.0,156.1518,529354.6020000001,-529354.6020000001,David A. Glazer,"Officer title: Chief Financial Officer and Treasurer. This Form 4 has been compiled based on applicable requirements to reflect the specific transactions described herein and is not intended to disclose or describe all shares and/or other equity securities owned or beneficially held by the Reporting Person. For additional details regarding the Reporting Person's overall stock and equity holdings, please see the Issuer's Proxy Statement filed with the Securities and Exchange Commission on April 25, 2025, including under the heading ""Security Ownership Of Certain Beneficial Owners And Management"" (subject to the definitions, explanations, and time periods described therein)."
PLTR,2025-08-20,2025-08-22,0001321655-25-000116,S,Sale,sell,80.0,157.175,12574.0,-12574.0,David A. Glazer,"Officer title: Chief Financial Officer and Treasurer. This Form 4 has been compiled based on applicable requirements to reflect the specific transactions described herein and is not intended to disclose or describe all shares and/or other equity securities owned or beneficially held by the Reporting Person. For additional details regarding the Reporting Person's overall stock and equity holdings, please see the Issuer's Proxy Statement filed with the Securities and Exchange Commission on April 25, 2025, including under the heading ""Security Ownership Of Certain Beneficial Owners And Management"" (subject to the definitions, explanations, and time periods described therein)."
PLTR,2025-08-20,2025-08-22,0001321655-25-000115,S,Sale,sell,3142.0,143.123,449692.46599999996,-449692.46599999996,Shyam Sankar,"Officer title: Chief Technology Officer and Executive Vice President. This Form 4 has been compiled based on applicable requirements to reflect the specific transactions described herein and is not intended to disclose or describe all shares and/or other equity securities owned or beneficially held by the Reporting Person. For additional details regarding the Reporting Person's overall stock and equity holdings, please see the Issuer's Proxy Statement filed with the Securities and Exchange Commission on April 25, 2025, including under the heading ""Security Ownership Of Certain Beneficial Owners And Management"" (subject to the definitions, explanations, and time periods described therein)."
PLTR,2025-08-20,2025-08-22,0001321655-25-000115,S,Sale,sell,2631.0,143.8084,378359.90040000004,-378359.90040000004,Shyam Sankar,"Officer title: Chief Technology Officer and Executive Vice President. This Form 4 has been compiled based on applicable requirements to reflect the specific transactions described herein and is not intended to disclose or describe all shares and/or other equity securities owned or beneficially held by the Reporting Person. For additional details regarding the Reporting Person's overall stock and equity holdings, please see the Issuer's Proxy Statement filed with the Securities and Exchange Commission on April 25, 2025, including under the heading ""Security Ownership Of Certain Beneficial Owners And Management"" (subject to the definitions, explanations, and time periods described therein)."
PLTR,2025-08-20,2025-08-22,0001321655-25-000115,S,Sale,sell,2643.0,144.8738,382901.4534,-382901.4534,Shyam Sankar,"Officer title: Chief Technology Officer and Executive Vice President. This Form 4 has been compiled based on applicable requirements to reflect the specific transactions described herein and is not intended to disclose or describe all shares and/or other equity securities owned or beneficially held by the Reporting Person. For additional details regarding the Reporting Person's overall stock and equity holdings, please see the Issuer's Proxy Statement filed with the Securities and Exchange Commission on April 25, 2025, including under the heading ""Security Ownership Of Certain Beneficial Owners And Management"" (subject to the definitions, explanations, and time periods described therein)."
PLTR,2025-08-20,2025-08-22,0001321655-25-000115,S,Sale,sell,7340.0,146.0497,1072004.798,-1072004.798,Shyam Sankar,"Officer title: Chief Technology Officer and Executive Vice President. This Form 4 has been compiled based on applicable requirements to reflect the specific transactions described herein and is not intended to disclose or describe all shares and/or other equity securities owned or beneficially held by the Reporting Person. For additional details regarding the Reporting Person's overall stock and equity holdings, please see the Issuer's Proxy Statement filed with the Securities and Exchange Commission on April 25, 2025, including under the heading ""Security Ownership Of Certain Beneficial Owners And Management"" (subject to the definitions, explanations, and time periods described therein)."
PLTR,2025-08-20,2025-08-22,0001321655-25-000115,S,Sale,sell,3979.0,146.926,584618.554,-584618.554,Shyam Sankar,"Officer title: Chief Technology Officer and Executive Vice President. This Form 4 has been compiled based on applicable requirements to reflect the specific transactions described herein and is not intended to disclose or describe all shares and/or other equity securities owned or beneficially held by the Reporting Person. For additional details regarding the Reporting Person's overall stock and equity holdings, please see the Issuer's Proxy Statement filed with the Securities and Exchange Commission on April 25, 2025, including under the heading ""Security Ownership Of Certain Beneficial Owners And Management"" (subject to the definitions, explanations, and time periods described therein)."
PLTR,2025-08-20,2025-08-22,0001321655-25-000115,S,Sale,sell,2406.0,148.0661,356247.0366,-356247.0366,Shyam Sankar,"Officer title: Chief Technology Officer and Executive Vice President. This Form 4 has been compiled based on applicable requirements to reflect the specific transactions described herein and is not intended to disclose or describe all shares and/or other equity securities owned or beneficially held by the Reporting Person. For additional details regarding the Reporting Person's overall stock and equity holdings, please see the Issuer's Proxy Statement filed with the Securities and Exchange Commission on April 25, 2025, including under the heading ""Security Ownership Of Certain Beneficial Owners And Management"" (subject to the definitions, explanations, and time periods described therein)."
PLTR,2025-08-20,2025-08-22,0001321655-25-000115,S,Sale,sell,6031.0,149.0415,898869.2865,-898869.2865,Shyam Sankar,"Officer title: Chief Technology Officer and Executive Vice President. This Form 4 has been compiled based on applicable requirements to reflect the specific transactions described herein and is not intended to disclose or describe all shares and/or other equity securities owned or beneficially held by the Reporting Person. For additional details regarding the Reporting Person's overall stock and equity holdings, please see the Issuer's Proxy Statement filed with the Securities and Exchange Commission on April 25, 2025, including under the heading ""Security Ownership Of Certain Beneficial Owners And Management"" (subject to the definitions, explanations, and time periods described therein)."
PLTR,2025-08-20,2025-08-22,0001321655-25-000115,S,Sale,sell,6712.0,149.9274,1006312.7088,-1006312.7088,Shyam Sankar,"Officer title: Chief Technology Officer and Executive Vice President. This Form 4 has been compiled based on applicable requirements to reflect the specific transactions described herein and is not intended to disclose or describe all shares and/or other equity securities owned or beneficially held by the Reporting Person. For additional details regarding the Reporting Person's overall stock and equity holdings, please see the Issuer's Proxy Statement filed with the Securities and Exchange Commission on April 25, 2025, including under the heading ""Security Ownership Of Certain Beneficial Owners And Management"" (subject to the definitions, explanations, and time periods described therein)."
PLTR,2025-08-20,2025-08-22,0001321655-25-000115,S,Sale,sell,1929.0,151.0535,291382.2015,-291382.2015,Shyam Sankar,"Officer title: Chief Technology Officer and Executive Vice President. This Form 4 has been compiled based on applicable requirements to reflect the specific transactions described herein and is not intended to disclose or describe all shares and/or other equity securities owned or beneficially held by the Reporting Person. For additional details regarding the Reporting Person's overall stock and equity holdings, please see the Issuer's Proxy Statement filed with the Securities and Exchange Commission on April 25, 2025, including under the heading ""Security Ownership Of Certain Beneficial Owners And Management"" (subject to the definitions, explanations, and time periods described therein)."
PLTR,2025-08-20,2025-08-22,0001321655-25-000115,S,Sale,sell,5362.0,152.0545,815316.2289999999,-815316.2289999999,Shyam Sankar,"Officer title: Chief Technology Officer and Executive Vice President. This Form 4 has been compiled based on applicable requirements to reflect the specific transactions described herein and is not intended to disclose or describe all shares and/or other equity securities owned or beneficially held by the Reporting Person. For additional details regarding the Reporting Person's overall stock and equity holdings, please see the Issuer's Proxy Statement filed with the Securities and Exchange Commission on April 25, 2025, including under the heading ""Security Ownership Of Certain Beneficial Owners And Management"" (subject to the definitions, explanations, and time periods described therein)."
PLTR,2025-08-20,2025-08-22,0001321655-25-000115,S,Sale,sell,12611.0,153.1201,1930997.5811,-1930997.5811,Shyam Sankar,"Officer title: Chief Technology Officer and Executive Vice President. This Form 4 has been compiled based on applicable requirements to reflect the specific transactions described herein and is not intended to disclose or describe all shares and/or other equity securities owned or beneficially held by the Reporting Person. For additional details regarding the Reporting Person's overall stock and equity holdings, please see the Issuer's Proxy Statement filed with the Securities and Exchange Commission on April 25, 2025, including under the heading ""Security Ownership Of Certain Beneficial Owners And Management"" (subject to the definitions, explanations, and time periods described therein)."
PLTR,2025-08-20,2025-08-22,0001321655-25-000115,S,Sale,sell,21121.0,154.1581,3255973.2301,-3255973.2301,Shyam Sankar,"Officer title: Chief Technology Officer and Executive Vice President. This Form 4 has been compiled based on applicable requirements to reflect the specific transactions described herein and is not intended to disclose or describe all shares and/or other equity securities owned or beneficially held by the Reporting Person. For additional details regarding the Reporting Person's overall stock and equity holdings, please see the Issuer's Proxy Statement filed with the Securities and Exchange Commission on April 25, 2025, including under the heading ""Security Ownership Of Certain Beneficial Owners And Management"" (subject to the definitions, explanations, and time periods described therein)."
PLTR,2025-08-20,2025-08-22,0001321655-25-000115,S,Sale,sell,11853.0,154.8895,1835905.2434999999,-1835905.2434999999,Shyam Sankar,"Officer title: Chief Technology Officer and Executive Vice President. This Form 4 has been compiled based on applicable requirements to reflect the specific transactions described herein and is not intended to disclose or describe all shares and/or other equity securities owned or beneficially held by the Reporting Person. For additional details regarding the Reporting Person's overall stock and equity holdings, please see the Issuer's Proxy Statement filed with the Securities and Exchange Commission on April 25, 2025, including under the heading ""Security Ownership Of Certain Beneficial Owners And Management"" (subject to the definitions, explanations, and time periods described therein)."
PLTR,2025-08-20,2025-08-22,0001321655-25-000115,S,Sale,sell,5332.0,156.1132,832395.5824000001,-832395.5824000001,Shyam Sankar,"Officer title: Chief Technology Officer and Executive Vice President. This Form 4 has been compiled based on applicable requirements to reflect the specific transactions described herein and is not intended to disclose or describe all shares and/or other equity securities owned or beneficially held by the Reporting Person. For additional details regarding the Reporting Person's overall stock and equity holdings, please see the Issuer's Proxy Statement filed with the Securities and Exchange Commission on April 25, 2025, including under the heading ""Security Ownership Of Certain Beneficial Owners And Management"" (subject to the definitions, explanations, and time periods described therein)."
PLTR,2025-08-20,2025-08-22,0001321655-25-000115,S,Sale,sell,4015.0,154.5119,620365.2785,-620365.2785,Shyam Sankar,"Officer title: Chief Technology Officer and Executive Vice President. This Form 4 has been compiled based on applicable requirements to reflect the specific transactions described herein and is not intended to disclose or describe all shares and/or other equity securities owned or beneficially held by the Reporting Person. For additional details regarding the Reporting Person's overall stock and equity holdings, please see the Issuer's Proxy Statement filed with the Securities and Exchange Commission on April 25, 2025, including under the heading ""Security Ownership Of Certain Beneficial Owners And Management"" (subject to the definitions, explanations, and time periods described therein)."
PLTR,2025-08-20,2025-08-22,0001321655-25-000115,S,Sale,sell,40216.0,155.5261,6254637.637600001,-6254637.637600001,Shyam Sankar,"Officer title: Chief Technology Officer and Executive Vice President. This Form 4 has been compiled based on applicable requirements to reflect the specific transactions described herein and is not intended to disclose or describe all shares and/or other equity securities owned or beneficially held by the Reporting Person. For additional details regarding the Reporting Person's overall stock and equity holdings, please see the Issuer's Proxy Statement filed with the Securities and Exchange Commission on April 25, 2025, including under the heading ""Security Ownership Of Certain Beneficial Owners And Management"" (subject to the definitions, explanations, and time periods described therein)."
PLTR,2025-08-20,2025-08-22,0001321655-25-000115,S,Sale,sell,32763.0,156.1518,5116001.423400001,-5116001.423400001,Shyam Sankar,"Officer title: Chief Technology Officer and Executive Vice President. This Form 4 has been compiled based on applicable requirements to reflect the specific transactions described herein and is not intended to disclose or describe all shares and/or other equity securities owned or beneficially held by the Reporting Person. For additional details regarding the Reporting Person's overall stock and equity holdings, please see the Issuer's Proxy Statement filed with the Securities and Exchange Commission on April 25, 2025, including under the heading ""Security Ownership Of Certain Beneficial Owners And Management"" (subject to the definitions, explanations, and time periods described therein)."
PLTR,2025-08-20,2025-08-22,0001321655-25-000115,S,Sale,sell,775.0,157.175,121810.62500000001,-121810.62500000001,Shyam Sankar,"Officer title: Chief Technology Officer and Executive Vice President. This Form 4 has been compiled based on applicable requirements to reflect the specific transactions described herein and is not intended to disclose or describe all shares and/or other equity securities owned or beneficially held by the Reporting Person. For additional details regarding the Reporting Person's overall stock and equity holdings, please see the Issuer's Proxy Statement filed with the Securities and Exchange Commission on April 25, 2025, including under the heading ""Security Ownership Of Certain Beneficial Owners And Management"" (subject to the definitions, explanations, and time periods described therein)."
PLTR,2025-08-20,2025-08-22,0001321655-25-000115,S,Sale,sell,2137.0,154.756,330713.572,-330713.572,Shyam Sankar,"Officer title: Chief Technology Officer and Executive Vice President. This Form 4 has been compiled based on applicable requirements to reflect the specific transactions described herein and is not intended to disclose or describe all shares and/or other equity securities owned or beneficially held by the Reporting Person. For additional details regarding the Reporting Person's overall stock and equity holdings, please see the Issuer's Proxy Statement filed with the Securities and Exchange Commission on April 25, 2025, including under the heading ""Security Ownership Of Certain Beneficial Owners And Management"" (subject to the definitions, explanations, and time periods described therein)."
PLTR,2025-08-20,2025-08-22,0001321655-25-000115,S,Sale,sell,3275.0,157.717,516523.17500000005,-516523.17500000005,Shyam Sankar,"Officer title: Chief Technology Officer and Executive Vice President. This Form 4 has been compiled based on applicable requirements to reflect the specific transactions described herein and is not intended to disclose or describe all shares and/or other equity securities owned or beneficially held by the Reporting Person. For additional details regarding the Reporting Person's overall stock and equity holdings, please see the Issuer's Proxy Statement filed with the Securities and Exchange Commission on April 25, 2025, including under the heading ""Security Ownership Of Certain Beneficial Owners And Management"" (subject to the definitions, explanations, and time periods described therein)."
PLTR,2025-08-20,2025-08-22,0001321655-25-000115,S,Sale,sell,6773.0,158.8415,1075833.4795,-1075833.4795,Shyam Sankar,"Officer title: Chief Technology Officer and Executive Vice President. This Form 4 has been compiled based on applicable requirements to reflect the specific transactions described herein and is not intended to disclose or describe all shares and/or other equity securities owned or beneficially held by the Reporting Person. For additional details regarding the Reporting Person's overall stock and equity holdings, please see the Issuer's Proxy Statement filed with the Securities and Exchange Commission on April 25, 2025, including under the heading ""Security Ownership Of Certain Beneficial Owners And Management"" (subject to the definitions, explanations, and time periods described therein)."
PLTR,2025-08-20,2025-08-22,0001321655-25-000115,S,Sale,sell,4526.0,159.7436,722999.5336,-722999.5336,Shyam Sankar,"Officer title: Chief Technology Officer and Executive Vice President. This Form 4 has been compiled based on applicable requirements to reflect the specific transactions described herein and is not intended to disclose or describe all shares and/or other equity securities owned or beneficially held by the Reporting Person. For additional details regarding the Reporting Person's overall stock and equity holdings, please see the Issuer's Proxy Statement filed with the Securities and Exchange Commission on April 25, 2025, including under the heading ""Security Ownership Of Certain Beneficial Owners And Management"" (subject to the definitions, explanations, and time periods described therein)."
PLTR,2025-08-20,2025-08-22,0001321655-25-000115,S,Sale,sell,8764.0,160.6094,1407580.7815999999,-1407580.7815999999,Shyam Sankar,"Officer title: Chief Technology Officer and Executive Vice President. This Form 4 has been compiled based on applicable requirements to reflect the specific transactions described herein and is not intended to disclose or describe all shares and/or other equity securities owned or beneficially held by the Reporting Person. For additional details regarding the Reporting Person's overall stock and equity holdings, please see the Issuer's Proxy Statement filed with the Securities and Exchange Commission on April 25, 2025, including under the heading ""Security Ownership Of Certain Beneficial Owners And Management"" (subject to the definitions, explanations, and time periods described therein)."
PLTR,2025-08-20,2025-08-22,0001321655-25-000115,S,Sale,sell,2779.0,161.5627,448982.74330000003,-448982.74330000003,Shyam Sankar,"Officer title: Chief Technology Officer and Executive Vice President. This Form 4 has been compiled based on applicable requirements to reflect the specific transactions described herein and is not intended to disclose or describe all shares and/or other equity securities owned or beneficially held by the Reporting Person. For additional details regarding the Reporting Person's overall stock and equity holdings, please see the Issuer's Proxy Statement filed with the Securities and Exchange Commission on April 25, 2025, including under the heading ""Security Ownership Of Certain Beneficial Owners And Management"" (subject to the definitions, explanations, and time periods described therein)."
PLTR,2025-08-20,2025-08-22,0001321655-25-000115,S,Sale,sell,1746.0,162.5565,283823.649,-283823.649,Shyam Sankar,"Officer title: Chief Technology Officer and Executive Vice President. This Form 4 has been compiled based on applicable requirements to reflect the specific transactions described herein and is not intended to disclose or describe all shares and/or other equity securities owned or beneficially held by the Reporting Person. For additional details regarding the Reporting Person's overall stock and equity holdings, please see the Issuer's Proxy Statement filed with the Securities and Exchange Commission on April 25, 2025, including under the heading ""Security Ownership Of Certain Beneficial Owners And Management"" (subject to the definitions, explanations, and time periods described therein)."
PLTR,2025-08-20,2025-08-22,0001321655-25-000114,S,Sale,sell,13109.0,143.0363,1875062.8567000001,-1875062.8567000001,Shyam Sankar,"Officer title: Chief Technology Officer and Executive Vice President. This Form 4 has been compiled based on applicable requirements to reflect the specific transactions described herein and is not intended to disclose or describe all shares and/or other equity securities owned or beneficially held by the Reporting Person. For additional details regarding the Reporting Person's overall stock and equity holdings, please see the Issuer's Proxy Statement filed with the Securities and Exchange Commission on April 25, 2025, including under the heading ""Security Ownership Of Certain Beneficial Owners And Management"" (subject to the definitions, explanations, and time periods described therein)."
PLTR,2025-08-20,2025-08-22,0001321655-25-000114,S,Sale,sell,10596.0,143.7488,1523162.2847999998,-1523162.2847999998,Shyam Sankar,"Officer title: Chief Technology Officer and Executive Vice President. This Form 4 has been compiled based on applicable requirements to reflect the specific transactions described herein and is not intended to disclose or describe all shares and/or other equity securities owned or beneficially held by the Reporting Person. For additional details regarding the Reporting Person's overall stock and equity holdings, please see the Issuer's Proxy Statement filed with the Securities and Exchange Commission on April 25, 2025, including under the heading ""Security Ownership Of Certain Beneficial Owners And Management"" (subject to the definitions, explanations, and time periods described therein)."
PLTR,2025-08-20,2025-08-22,0001321655-25-000114,S,Sale,sell,14530.0,144.937,2105934.6100000003,-2105934.6100000003,Shyam Sankar,"Officer title: Chief Technology Officer and Executive Vice President. This Form 4 has been compiled based on applicable requirements to reflect the specific transactions described herein and is not intended to disclose or describe all shares and/or other equity securities owned or beneficially held by the Reporting Person. For additional details regarding the Reporting Person's overall stock and equity holdings, please see the Issuer's Proxy Statement filed with the Securities and Exchange Commission on April 25, 2025, including under the heading ""Security Ownership Of Certain Beneficial Owners And Management"" (subject to the definitions, explanations, and time periods described therein)."
PLTR,2025-08-20,2025-08-22,0001321655-25-000114,S,Sale,sell,31141.0,146.0975,4549622.2475,-4549622.2475,Shyam Sankar,"Officer title: Chief Technology Officer and Executive Vice President. This Form 4 has been compiled based on applicable requirements to reflect the specific transactions described herein and is not intended to disclose or describe all shares and/or other equity securities owned or beneficially held by the Reporting Person. For additional details regarding the Reporting Person's overall stock and equity holdings, please see the Issuer's Proxy Statement filed with the Securities and Exchange Commission on April 25, 2025, including under the heading ""Security Ownership Of Certain Beneficial Owners And Management"" (subject to the definitions, explanations, and time periods described therein)."
PLTR,2025-08-20,2025-08-22,0001321655-25-000114,S,Sale,sell,16974.0,147.0062,2495283.2388,-2495283.2388,Shyam Sankar,"Officer title: Chief Technology Officer and Executive Vice President. This Form 4 has been compiled based on applicable requirements to reflect the specific transactions described herein and is not intended to disclose or describe all shares and/or other equity securities owned or beneficially held by the Reporting Person. For additional details regarding the Reporting Person's overall stock and equity holdings, please see the Issuer's Proxy Statement filed with the Securities and Exchange Commission on April 25, 2025, including under the heading ""Security Ownership Of Certain Beneficial Owners And Management"" (subject to the definitions, explanations, and time periods described therein)."
PLTR,2025-08-20,2025-08-22,0001321655-25-000114,S,Sale,sell,12721.0,148.18,1884997.78,-1884997.78,Shyam Sankar,"Officer title: Chief Technology Officer and Executive Vice President. This Form 4 has been compiled based on applicable requirements to reflect the specific transactions described herein and is not intended to disclose or describe all shares and/or other equity securities owned or beneficially held by the Reporting Person. For additional details regarding the Reporting Person's overall stock and equity holdings, please see the Issuer's Proxy Statement filed with the Securities and Exchange Commission on April 25, 2025, including under the heading ""Security Ownership Of Certain Beneficial Owners And Management"" (subject to the definitions, explanations, and time periods described therein)."
PLTR,2025-08-20,2025-08-22,0001321655-25-000114,S,Sale,sell,21753.0,149.0863,3243074.2838999997,-3243074.2838999997,Shyam Sankar,"Officer title: Chief Technology Officer and Executive Vice President. This Form 4 has been compiled based on applicable requirements to reflect the specific transactions described herein and is not intended to disclose or describe all shares and/or other equity securities owned or beneficially held by the Reporting Person. For additional details regarding the Reporting Person's overall stock and equity holdings, please see the Issuer's Proxy Statement filed with the Securities and Exchange Commission on April 25, 2025, including under the heading ""Security Ownership Of Certain Beneficial Owners And Management"" (subject to the definitions, explanations, and time periods described therein)."
PLTR,2025-08-20,2025-08-22,0001321655-25-000114,S,Sale,sell,31587.0,149.9403,4736164.2561,-4736164.2561,Shyam Sankar,"Officer title: Chief Technology Officer and Executive Vice President. This Form 4 has been compiled based on applicable requirements to reflect the specific transactions described herein and is not intended to disclose or describe all shares and/or other equity securities owned or beneficially held by the Reporting Person. For additional details regarding the Reporting Person's overall stock and equity holdings, please see the Issuer's Proxy Statement filed with the Securities and Exchange Commission on April 25, 2025, including under the heading ""Security Ownership Of Certain Beneficial Owners And Management"" (subject to the definitions, explanations, and time periods described therein)."
PLTR,2025-08-20,2025-08-22,0001321655-25-000114,S,Sale,sell,9370.0,151.1049,1415852.913,-1415852.913,Shyam Sankar,"Officer title: Chief Technology Officer and Executive Vice President. This Form 4 has been compiled based on applicable requirements to reflect the specific transactions described herein and is not intended to disclose or describe all shares and/or other equity securities owned or beneficially held by the Reporting Person. For additional details regarding the Reporting Person's overall stock and equity holdings, please see the Issuer's Proxy Statement filed with the Securities and Exchange Commission on April 25, 2025, including under the heading ""Security Ownership Of Certain Beneficial Owners And Management"" (subject to the definitions, explanations, and time periods described therein)."
PLTR,2025-08-20,2025-08-22,0001321655-25-000114,S,Sale,sell,27628.0,152.1536,4203699.660800001,-4203699.660800001,Shyam Sankar,"Officer title: Chief Technology Officer and Executive Vice President. This Form 4 has been compiled based on applicable requirements to reflect the specific transactions described herein and is not intended to disclose or describe all shares and/or other equity securities owned or beneficially held by the Reporting Person. For additional details regarding the Reporting Person's overall stock and equity holdings, please see the Issuer's Proxy Statement filed with the Securities and Exchange Commission on April 25, 2025, including under the heading ""Security Ownership Of Certain Beneficial Owners And Management"" (subject to the definitions, explanations, and time periods described therein)."
PLTR,2025-08-20,2025-08-22,0001321655-25-000114,S,Sale,sell,53219.0,153.1427,8150101.351299999,-8150101.351299999,Shyam Sankar,"Officer title: Chief Technology Officer and Executive Vice President. This Form 4 has been compiled based on applicable requirements to reflect the specific transactions described herein and is not intended to disclose or describe all shares and/or other equity securities owned or beneficially held by the Reporting Person. For additional details regarding the Reporting Person's overall stock and equity holdings, please see the Issuer's Proxy Statement filed with the Securities and Exchange Commission on April 25, 2025, including under the heading ""Security Ownership Of Certain Beneficial Owners And Management"" (subject to the definitions, explanations, and time periods described therein)."
PLTR,2025-08-20,2025-08-22,0001321655-25-000114,S,Sale,sell,58739.0,154.1659,9055550.800099999,-9055550.800099999,Shyam Sankar,"Officer title: Chief Technology Officer and Executive Vice President. This Form 4 has been compiled based on applicable requirements to reflect the specific transactions described herein and is not intended to disclose or describe all shares and/or other equity securities owned or beneficially held by the Reporting Person. For additional details regarding the Reporting Person's overall stock and equity holdings, please see the Issuer's Proxy Statement filed with the Securities and Exchange Commission on April 25, 2025, including under the heading ""Security Ownership Of Certain Beneficial Owners And Management"" (subject to the definitions, explanations, and time periods described therein)."
PLTR,2025-08-20,2025-08-22,0001321655-25-000114,S,Sale,sell,28360.0,155.0686,4397745.496,-4397745.496,Shyam Sankar,"Officer title: Chief Technology Officer and Executive Vice President. This Form 4 has been compiled based on applicable requirements to reflect the specific transactions described herein and is not intended to disclose or describe all shares and/or other equity securities owned or beneficially held by the Reporting Person. For additional details regarding the Reporting Person's overall stock and equity holdings, please see the Issuer's Proxy Statement filed with the Securities and Exchange Commission on April 25, 2025, including under the heading ""Security Ownership Of Certain Beneficial Owners And Management"" (subject to the definitions, explanations, and time periods described therein)."
PLTR,2025-08-20,2025-08-22,0001321655-25-000114,S,Sale,sell,45273.0,156.0178,7063393.8593999995,-7063393.8593999995,Shyam Sankar,"Officer title: Chief Technology Officer and Executive Vice President. This Form 4 has been compiled based on applicable requirements to reflect the specific transactions described herein and is not intended to disclose or describe all shares and/or other equity securities owned or beneficially held by the Reporting Person. For additional details regarding the Reporting Person's overall stock and equity holdings, please see the Issuer's Proxy Statement filed with the Securities and Exchange Commission on April 25, 2025, including under the heading ""Security Ownership Of Certain Beneficial Owners And Management"" (subject to the definitions, explanations, and time periods described therein)."
PLTR,2025-08-20,2025-08-22,0001321655-25-000113,S,Sale,sell,6470.0,143.123,926005.8099999999,-926005.8099999999,Stephen Andrew Cohen,"Officer title: President and Secretary. This Form 4 has been compiled based on applicable requirements to reflect the specific transactions described herein and is not intended to disclose or describe all shares and/or other equity securities owned or beneficially held by the Reporting Person. For additional details regarding the Reporting Person's overall stock and equity holdings, please see the Issuer's Proxy Statement filed with the Securities and Exchange Commission on April 25, 2025, including under the heading ""Security Ownership Of Certain Beneficial Owners And Management"" (subject to the definitions, explanations, and time periods described therein)."
PLTR,2025-08-20,2025-08-22,0001321655-25-000113,S,Sale,sell,5418.0,143.8084,779153.9112000001,-779153.9112000001,Stephen Andrew Cohen,"Officer title: President and Secretary. This Form 4 has been compiled based on applicable requirements to reflect the specific transactions described herein and is not intended to disclose or describe all shares and/or other equity securities owned or beneficially held by the Reporting Person. For additional details regarding the Reporting Person's overall stock and equity holdings, please see the Issuer's Proxy Statement filed with the Securities and Exchange Commission on April 25, 2025, including under the heading ""Security Ownership Of Certain Beneficial Owners And Management"" (subject to the definitions, explanations, and time periods described therein)."
PLTR,2025-08-20,2025-08-22,0001321655-25-000113,S,Sale,sell,5443.0,144.8738,788548.0933999999,-788548.0933999999,Stephen Andrew Cohen,"Officer title: President and Secretary. This Form 4 has been compiled based on applicable requirements to reflect the specific transactions described herein and is not intended to disclose or describe all shares and/or other equity securities owned or beneficially held by the Reporting Person. For additional details regarding the Reporting Person's overall stock and equity holdings, please see the Issuer's Proxy Statement filed with the Securities and Exchange Commission on April 25, 2025, including under the heading ""Security Ownership Of Certain Beneficial Owners And Management"" (subject to the definitions, explanations, and time periods described therein)."
PLTR,2025-08-20,2025-08-22,0001321655-25-000113,S,Sale,sell,15117.0,146.0497,2207833.3149,-2207833.3149,Stephen Andrew Cohen,"Officer title: President and Secretary. This Form 4 has been compiled based on applicable requirements to reflect the specific transactions described herein and is not intended to disclose or describe all shares and/or other equity securities owned or beneficially held by the Reporting Person. For additional details regarding the Reporting Person's overall stock and equity holdings, please see the Issuer's Proxy Statement filed with the Securities and Exchange Commission on April 25, 2025, including under the heading ""Security Ownership Of Certain Beneficial Owners And Management"" (subject to the definitions, explanations, and time periods described therein)."
PLTR,2025-08-20,2025-08-22,0001321655-25-000113,S,Sale,sell,8195.0,146.926,1204058.5699999998,-1204058.5699999998,Stephen Andrew Cohen,"Officer title: President and Secretary. This Form 4 has been compiled based on applicable requirements to reflect the specific transactions described herein and is not intended to disclose or describe all shares and/or other equity securities owned or beneficially held by the Reporting Person. For additional details regarding the Reporting Person's overall stock and equity holdings, please see the Issuer's Proxy Statement filed with the Securities and Exchange Commission on April 25, 2025, including under the heading ""Security Ownership Of Certain Beneficial Owners And Management"" (subject to the definitions, explanations, and time periods described therein)."
PLTR,2025-08-20,2025-08-22,0001321655-25-000113,S,Sale,sell,4956.0,148.0661,733815.5916,-733815.5916,Stephen Andrew Cohen,"Officer title: President and Secretary. This Form 4 has been compiled based on applicable requirements to reflect the specific transactions described herein and is not intended to disclose or describe all shares and/or other equity securities owned or beneficially held by the Reporting Person. For additional details regarding the Reporting Person's overall stock and equity holdings, please see the Issuer's Proxy Statement filed with the Securities and Exchange Commission on April 25, 2025, including under the heading ""Security Ownership Of Certain Beneficial Owners And Management"" (subject to the definitions, explanations, and time periods described therein)."
PLTR,2025-08-20,2025-08-22,0001321655-25-000113,S,Sale,sell,12420.0,149.0415,1851095.4300000002,-1851095.4300000002,Stephen Andrew Cohen,"Officer title: President and Secretary. This Form 4 has been compiled based on applicable requirements to reflect the specific transactions described herein and is not intended to disclose or describe all shares and/or other equity securities owned or beneficially held by the Reporting Person. For additional details regarding the Reporting Person's overall stock and equity holdings, please see the Issuer's Proxy Statement filed with the Securities and Exchange Commission on April 25, 2025, including under the heading ""Security Ownership Of Certain Beneficial Owners And Management"" (subject to the definitions, explanations, and time periods described therein)."
PLTR,2025-08-20,2025-08-22,0001321655-25-000113,S,Sale,sell,13823.0,149.9274,2072446.4502,-2072446.4502,Stephen Andrew Cohen,"Officer title: President and Secretary. This Form 4 has been compiled based on applicable requirements to reflect the specific transactions described herein and is not intended to disclose or describe all shares and/or other equity securities owned or beneficially held by the Reporting Person. For additional details regarding the Reporting Person's overall stock and equity holdings, please see the Issuer's Proxy Statement filed with the Securities and Exchange Commission on April 25, 2025, including under the heading ""Security Ownership Of Certain Beneficial Owners And Management"" (subject to the definitions, explanations, and time periods described therein)."
PLTR,2025-08-20,2025-08-22,0001321655-25-000113,S,Sale,sell,3973.0,151.0535,600135.5555,-600135.5555,Stephen Andrew Cohen,"Officer title: President and Secretary. This Form 4 has been compiled based on applicable requirements to reflect the specific transactions described herein and is not intended to disclose or describe all shares and/or other equity securities owned or beneficially held by the Reporting Person. For additional details regarding the Reporting Person's overall stock and equity holdings, please see the Issuer's Proxy Statement filed with the Securities and Exchange Commission on April 25, 2025, including under the heading ""Security Ownership Of Certain Beneficial Owners And Management"" (subject to the definitions, explanations, and time periods described therein)."
PLTR,2025-08-20,2025-08-22,0001321655-25-000113,S,Sale,sell,11043.0,152.0545,1679137.8435,-1679137.8435,Stephen Andrew Cohen,"Officer title: President and Secretary. This Form 4 has been compiled based on applicable requirements to reflect the specific transactions described herein and is not intended to disclose or describe all shares and/or other equity securities owned or beneficially held by the Reporting Person. For additional details regarding the Reporting Person's overall stock and equity holdings, please see the Issuer's Proxy Statement filed with the Securities and Exchange Commission on April 25, 2025, including under the heading ""Security Ownership Of Certain Beneficial Owners And Management"" (subject to the definitions, explanations, and time periods described therein)."
PLTR,2025-08-20,2025-08-22,0001321655-25-000113,S,Sale,sell,25972.0,153.1201,3976835.2372000003,-3976835.2372000003,Stephen Andrew Cohen,"Officer title: President and Secretary. This Form 4 has been compiled based on applicable requirements to reflect the specific transactions described herein and is not intended to disclose or describe all shares and/or other equity securities owned or beneficially held by the Reporting Person. For additional details regarding the Reporting Person's overall stock and equity holdings, please see the Issuer's Proxy Statement filed with the Securities and Exchange Commission on April 25, 2025, including under the heading ""Security Ownership Of Certain Beneficial Owners And Management"" (subject to the definitions, explanations, and time periods described therein)."
PLTR,2025-08-20,2025-08-22,0001321655-25-000113,S,Sale,sell,43497.0,154.1581,6705414.8757,-6705414.8757,Stephen Andrew Cohen,"Officer title: President and Secretary. This Form 4 has been compiled based on applicable requirements to reflect the specific transactions described herein and is not intended to disclose or describe all shares and/or other equity securities owned or beneficially held by the Reporting Person. For additional details regarding the Reporting Person's overall stock and equity holdings, please see the Issuer's Proxy Statement filed with the Securities and Exchange Commission on April 25, 2025, including under the heading ""Security Ownership Of Certain Beneficial Owners And Management"" (subject to the definitions, explanations, and time periods described therein)."
PLTR,2025-08-20,2025-08-22,0001321655-25-000113,S,Sale,sell,24411.0,154.8895,3781007.5845,-3781007.5845,Stephen Andrew Cohen,"Officer title: President and Secretary. This Form 4 has been compiled based on applicable requirements to reflect the specific transactions described herein and is not intended to disclose or describe all shares and/or other equity securities owned or beneficially held by the Reporting Person. For additional details regarding the Reporting Person's overall stock and equity holdings, please see the Issuer's Proxy Statement filed with the Securities and Exchange Commission on April 25, 2025, including under the heading ""Security Ownership Of Certain Beneficial Owners And Management"" (subject to the definitions, explanations, and time periods described therein)."
PLTR,2025-08-20,2025-08-22,0001321655-25-000113,S,Sale,sell,10982.0,156.1132,1714435.1624,-1714435.1624,Stephen Andrew Cohen,"Officer title: President and Secretary. This Form 4 has been compiled based on applicable requirements to reflect the specific transactions described herein and is not intended to disclose or describe all shares and/or other equity securities owned or beneficially held by the Reporting Person. For additional details regarding the Reporting Person's overall stock and equity holdings, please see the Issuer's Proxy Statement filed with the Securities and Exchange Commission on April 25, 2025, including under the heading ""Security Ownership Of Certain Beneficial Owners And Management"" (subject to the definitions, explanations, and time periods described therein)."
PLTR,2025-08-20,2025-08-22,0001321655-25-000113,S,Sale,sell,8270.0,154.5119,1277813.413,-1277813.413,Stephen Andrew Cohen,"Officer title: President and Secretary. This Form 4 has been compiled based on applicable requirements to reflect the specific transactions described herein and is not intended to disclose or describe all shares and/or other equity securities owned or beneficially held by the Reporting Person. For additional details regarding the Reporting Person's overall stock and equity holdings, please see the Issuer's Proxy Statement filed with the Securities and Exchange Commission on April 25, 2025, including under the heading ""Security Ownership Of Certain Beneficial Owners And Management"" (subject to the definitions, explanations, and time periods described therein)."
PLTR,2025-08-20,2025-08-22,0001321655-25-000113,S,Sale,sell,82824.0,155.5261,12881293.706400001,-12881293.706400001,Stephen Andrew Cohen,"Officer title: President and Secretary. This Form 4 has been compiled based on applicable requirements to reflect the specific transactions described herein and is not intended to disclose or describe all shares and/or other equity securities owned or beneficially held by the Reporting Person. For additional details regarding the Reporting Person's overall stock and equity holdings, please see the Issuer's Proxy Statement filed with the Securities and Exchange Commission on April 25, 2025, including under the heading ""Security Ownership Of Certain Beneficial Owners And Management"" (subject to the definitions, explanations, and time periods described therein)."
PLTR,2025-08-20,2025-08-22,0001321655-25-000113,S,Sale,sell,67474.0,156.1518,10536186.5532,-10536186.5532,Stephen Andrew Cohen,"Officer title: President and Secretary. This Form 4 has been compiled based on applicable requirements to reflect the specific transactions described herein and is not intended to disclose or describe all shares and/or other equity securities owned or beneficially held by the Reporting Person. For additional details regarding the Reporting Person's overall stock and equity holdings, please see the Issuer's Proxy Statement filed with the Securities and Exchange Commission on April 25, 2025, including under the heading ""Security Ownership Of Certain Beneficial Owners And Management"" (subject to the definitions, explanations, and time periods described therein)."
PLTR,2025-08-20,2025-08-22,0001321655-25-000113,S,Sale,sell,1596.0,157.175,250851.30000000002,-250851.30000000002,Stephen Andrew Cohen,"Officer title: President and Secretary. This Form 4 has been compiled based on applicable requirements to reflect the specific transactions described herein and is not intended to disclose or describe all shares and/or other equity securities owned or beneficially held by the Reporting Person. For additional details regarding the Reporting Person's overall stock and equity holdings, please see the Issuer's Proxy Statement filed with the Securities and Exchange Commission on April 25, 2025, including under the heading ""Security Ownership Of Certain Beneficial Owners And Management"" (subject to the definitions, explanations, and time periods described therein)."
PLTR,2025-08-20,2025-08-22,0001321655-25-000112,S,Sale,sell,7521.0,143.123,1076428.0829999999,-1076428.0829999999,Alexander C. Karp,"Officer title: Chief Executive Officer. This Form 4 has been compiled based on applicable requirements to reflect the specific transactions described herein and is not intended to disclose or describe all shares and/or other equity securities owned or beneficially held by the Reporting Person. For additional details regarding the Reporting Person's overall stock and equity holdings, please see the Issuer's Proxy Statement filed with the Securities and Exchange Commission on April 25, 2025, including under the heading ""Security Ownership Of Certain Beneficial Owners And Management"" (subject to the definitions, explanations, and time periods described therein)."
PLTR,2025-08-20,2025-08-22,0001321655-25-000112,S,Sale,sell,6298.0,143.8084,905705.3032000001,-905705.3032000001,Alexander C. Karp,"Officer title: Chief Executive Officer. This Form 4 has been compiled based on applicable requirements to reflect the specific transactions described herein and is not intended to disclose or describe all shares and/or other equity securities owned or beneficially held by the Reporting Person. For additional details regarding the Reporting Person's overall stock and equity holdings, please see the Issuer's Proxy Statement filed with the Securities and Exchange Commission on April 25, 2025, including under the heading ""Security Ownership Of Certain Beneficial Owners And Management"" (subject to the definitions, explanations, and time periods described therein)."
PLTR,2025-08-20,2025-08-22,0001321655-25-000112,S,Sale,sell,6327.0,144.8738,916616.5325999999,-916616.5325999999,Alexander C. Karp,"Officer title: Chief Executive Officer. This Form 4 has been compiled based on applicable requirements to reflect the specific transactions described herein and is not intended to disclose or describe all shares and/or other equity securities owned or beneficially held by the Reporting Person. For additional details regarding the Reporting Person's overall stock and equity holdings, please see the Issuer's Proxy Statement filed with the Securities and Exchange Commission on April 25, 2025, including under the heading ""Security Ownership Of Certain Beneficial Owners And Management"" (subject to the definitions, explanations, and time periods described therein)."
PLTR,2025-08-20,2025-08-22,0001321655-25-000112,S,Sale,sell,17574.0,146.0497,2566677.4278,-2566677.4278,Alexander C. Karp,"Officer title: Chief Executive Officer. This Form 4 has been compiled based on applicable requirements to reflect the specific transactions described herein and is not intended to disclose or describe all shares and/or other equity securities owned or beneficially held by the Reporting Person. For additional details regarding the Reporting Person's overall stock and equity holdings, please see the Issuer's Proxy Statement filed with the Securities and Exchange Commission on April 25, 2025, including under the heading ""Security Ownership Of Certain Beneficial Owners And Management"" (subject to the definitions, explanations, and time periods described therein)."
PLTR,2025-08-20,2025-08-22,0001321655-25-000112,S,Sale,sell,9527.0,146.926,1399764.0019999999,-1399764.0019999999,Alexander C. Karp,"Officer title: Chief Executive Officer. This Form 4 has been compiled based on applicable requirements to reflect the specific transactions described herein and is not intended to disclose or describe all shares and/or other equity securities owned or beneficially held by the Reporting Person. For additional details regarding the Reporting Person's overall stock and equity holdings, please see the Issuer's Proxy Statement filed with the Securities and Exchange Commission on April 25, 2025, including under the heading ""Security Ownership Of Certain Beneficial Owners And Management"" (subject to the definitions, explanations, and time periods described therein)."
PLTR,2025-08-20,2025-08-22,0001321655-25-000112,S,Sale,sell,5761.0,148.0661,853008.8021000001,-853008.8021000001,Alexander C. Karp,"Officer title: Chief Executive Officer. This Form 4 has been compiled based on applicable requirements to reflect the specific transactions described herein and is not intended to disclose or describe all shares and/or other equity securities owned or beneficially held by the Reporting Person. For additional details regarding the Reporting Person's overall stock and equity holdings, please see the Issuer's Proxy Statement filed with the Securities and Exchange Commission on April 25, 2025, including under the heading ""Security Ownership Of Certain Beneficial Owners And Management"" (subject to the definitions, explanations, and time periods described therein)."
PLTR,2025-08-20,2025-08-22,0001321655-25-000112,S,Sale,sell,14439.0,149.0415,2152010.2185000004,-2152010.2185000004,Alexander C. Karp,"Officer title: Chief Executive Officer. This Form 4 has been compiled based on applicable requirements to reflect the specific transactions described herein and is not intended to disclose or describe all shares and/or other equity securities owned or beneficially held by the Reporting Person. For additional details regarding the Reporting Person's overall stock and equity holdings, please see the Issuer's Proxy Statement filed with the Securities and Exchange Commission on April 25, 2025, including under the heading ""Security Ownership Of Certain Beneficial Owners And Management"" (subject to the definitions, explanations, and time periods described therein)."
PLTR,2025-08-20,2025-08-22,0001321655-25-000112,S,Sale,sell,16069.0,149.9274,2409183.3906,-2409183.3906,Alexander C. Karp,"Officer title: Chief Executive Officer. This Form 4 has been compiled based on applicable requirements to reflect the specific transactions described herein and is not intended to disclose or describe all shares and/or other equity securities owned or beneficially held by the Reporting Person. For additional details regarding the Reporting Person's overall stock and equity holdings, please see the Issuer's Proxy Statement filed with the Securities and Exchange Commission on April 25, 2025, including under the heading ""Security Ownership Of Certain Beneficial Owners And Management"" (subject to the definitions, explanations, and time periods described therein)."
PLTR,2025-08-20,2025-08-22,0001321655-25-000112,S,Sale,sell,4619.0,151.0535,697716.1165000001,-697716.1165000001,Alexander C. Karp,"Officer title: Chief Executive Officer. This Form 4 has been compiled based on applicable requirements to reflect the specific transactions described herein and is not intended to disclose or describe all shares and/or other equity securities owned or beneficially held by the Reporting Person. For additional details regarding the Reporting Person's overall stock and equity holdings, please see the Issuer's Proxy Statement filed with the Securities and Exchange Commission on April 25, 2025, including under the heading ""Security Ownership Of Certain Beneficial Owners And Management"" (subject to the definitions, explanations, and time periods described therein)."
PLTR,2025-08-20,2025-08-22,0001321655-25-000112,S,Sale,sell,12837.0,152.0545,1951923.6164999998,-1951923.6164999998,Alexander C. Karp,"Officer title: Chief Executive Officer. This Form 4 has been compiled based on applicable requirements to reflect the specific transactions described herein and is not intended to disclose or describe all shares and/or other equity securities owned or beneficially held by the Reporting Person. For additional details regarding the Reporting Person's overall stock and equity holdings, please see the Issuer's Proxy Statement filed with the Securities and Exchange Commission on April 25, 2025, including under the heading ""Security Ownership Of Certain Beneficial Owners And Management"" (subject to the definitions, explanations, and time periods described therein)."
PLTR,2025-08-20,2025-08-22,0001321655-25-000112,S,Sale,sell,30194.0,153.1201,4623308.2994,-4623308.2994,Alexander C. Karp,"Officer title: Chief Executive Officer. This Form 4 has been compiled based on applicable requirements to reflect the specific transactions described herein and is not intended to disclose or describe all shares and/or other equity securities owned or beneficially held by the Reporting Person. For additional details regarding the Reporting Person's overall stock and equity holdings, please see the Issuer's Proxy Statement filed with the Securities and Exchange Commission on April 25, 2025, including under the heading ""Security Ownership Of Certain Beneficial Owners And Management"" (subject to the definitions, explanations, and time periods described therein)."
PLTR,2025-08-20,2025-08-22,0001321655-25-000112,S,Sale,sell,50567.0,154.1581,7795312.6427,-7795312.6427,Alexander C. Karp,"Officer title: Chief Executive Officer. This Form 4 has been compiled based on applicable requirements to reflect the specific transactions described herein and is not intended to disclose or describe all shares and/or other equity securities owned or beneficially held by the Reporting Person. For additional details regarding the Reporting Person's overall stock and equity holdings, please see the Issuer's Proxy Statement filed with the Securities and Exchange Commission on April 25, 2025, including under the heading ""Security Ownership Of Certain Beneficial Owners And Management"" (subject to the definitions, explanations, and time periods described therein)."
PLTR,2025-08-20,2025-08-22,0001321655-25-000112,S,Sale,sell,28379.0,154.8895,4395609.1205,-4395609.1205,Alexander C. Karp,"Officer title: Chief Executive Officer. This Form 4 has been compiled based on applicable requirements to reflect the specific transactions described herein and is not intended to disclose or describe all shares and/or other equity securities owned or beneficially held by the Reporting Person. For additional details regarding the Reporting Person's overall stock and equity holdings, please see the Issuer's Proxy Statement filed with the Securities and Exchange Commission on April 25, 2025, including under the heading ""Security Ownership Of Certain Beneficial Owners And Management"" (subject to the definitions, explanations, and time periods described therein)."
PLTR,2025-08-20,2025-08-22,0001321655-25-000112,S,Sale,sell,12766.0,156.1132,1992941.1112000002,-1992941.1112000002,Alexander C. Karp,"Officer title: Chief Executive Officer. This Form 4 has been compiled based on applicable requirements to reflect the specific transactions described herein and is not intended to disclose or describe all shares and/or other equity securities owned or beneficially held by the Reporting Person. For additional details regarding the Reporting Person's overall stock and equity holdings, please see the Issuer's Proxy Statement filed with the Securities and Exchange Commission on April 25, 2025, including under the heading ""Security Ownership Of Certain Beneficial Owners And Management"" (subject to the definitions, explanations, and time periods described therein)."
PLTR,2025-08-20,2025-08-22,0001321655-25-000112,S,Sale,sell,9614.0,154.5119,1485477.4065999999,-1485477.4065999999,Alexander C. Karp,"Officer title: Chief Executive Officer. This Form 4 has been compiled based on applicable requirements to reflect the specific transactions described herein and is not intended to disclose or describe all shares and/or other equity securities owned or beneficially held by the Reporting Person. For additional details regarding the Reporting Person's overall stock and equity holdings, please see the Issuer's Proxy Statement filed with the Securities and Exchange Commission on April 25, 2025, including under the heading ""Security Ownership Of Certain Beneficial Owners And Management"" (subject to the definitions, explanations, and time periods described therein)."
PLTR,2025-08-20,2025-08-22,0001321655-25-000112,S,Sale,sell,96285.0,155.5261,14974830.538500002,-14974830.538500002,Alexander C. Karp,"Officer title: Chief Executive Officer. This Form 4 has been compiled based on applicable requirements to reflect the specific transactions described herein and is not intended to disclose or describe all shares and/or other equity securities owned or beneficially held by the Reporting Person. For additional details regarding the Reporting Person's overall stock and equity holdings, please see the Issuer's Proxy Statement filed with the Securities and Exchange Commission on April 25, 2025, including under the heading ""Security Ownership Of Certain Beneficial Owners And Management"" (subject to the definitions, explanations, and time periods described therein)."
PLTR,2025-08-20,2025-08-22,0001321655-25-000112,S,Sale,sell,78440.0,156.1518,12248547.192,-12248547.192,Alexander C. Karp,"Officer title: Chief Executive Officer. This Form 4 has been compiled based on applicable requirements to reflect the specific transactions described herein and is not intended to disclose or describe all shares and/or other equity securities owned or beneficially held by the Reporting Person. For additional details regarding the Reporting Person's overall stock and equity holdings, please see the Issuer's Proxy Statement filed with the Securities and Exchange Commission on April 25, 2025, including under the heading ""Security Ownership Of Certain Beneficial Owners And Management"" (subject to the definitions, explanations, and time periods described therein)."
PLTR,2025-08-20,2025-08-22,0001321655-25-000112,S,Sale,sell,1855.0,157.175,291559.625,-291559.625,Alexander C. Karp,"Officer title: Chief Executive Officer. This Form 4 has been compiled based on applicable requirements to reflect the specific transactions described herein and is not intended to disclose or describe all shares and/or other equity securities owned or beneficially held by the Reporting Person. For additional details regarding the Reporting Person's overall stock and equity holdings, please see the Issuer's Proxy Statement filed with the Securities and Exchange Commission on April 25, 2025, including under the heading ""Security Ownership Of Certain Beneficial Owners And Management"" (subject to the definitions, explanations, and time periods described therein)."
PLTR,2025-08-05,2025-08-07,0001321655-25-000110,S,Sale,sell,30000.0,175.0,5250000.0,-5250000.0,Ryan D. Taylor,"Officer title: Chief Revenue Officer and Chief Legal Officer. This Form 4 has been compiled based on applicable requirements to reflect the specific transactions described herein and is not intended to disclose or describe all shares and/or other equity securities owned or beneficially held by the Reporting Person. For additional details regarding the Reporting Person's overall stock and equity holdings, please see the Issuer's Proxy Statement filed with the Securities and Exchange Commission on April 25, 2025, including under the heading ""Security Ownership Of Certain Beneficial Owners And Management"" (subject to the definitions, explanations, and time periods described therein)."
PLTR,2025-08-01,2025-08-05,0001321655-25-000109,S,Sale,sell,1804.0,151.7799,273810.9396,-273810.9396,Alexander D. Moore,Director
PLTR,2025-08-01,2025-08-05,0001321655-25-000109,S,Sale,sell,2803.0,152.8192,428352.2176,-428352.2176,Alexander D. Moore,Director
PLTR,2025-08-01,2025-08-05,0001321655-25-000109,S,Sale,sell,2213.0,153.9338,340655.4994,-340655.4994,Alexander D. Moore,Director
PLTR,2025-08-01,2025-08-05,0001321655-25-000109,S,Sale,sell,6634.0,154.8592,1027335.9328,-1027335.9328,Alexander D. Moore,Director
PLTR,2025-08-01,2025-08-05,0001321655-25-000109,S,Sale,sell,3431.0,155.8735,534801.9785,-534801.9785,Alexander D. Moore,Director
PLTR,2025-08-01,2025-08-05,0001321655-25-000109,S,Sale,sell,2109.0,156.8982,330898.3038,-330898.3038,Alexander D. Moore,Director
PLTR,2025-08-01,2025-08-05,0001321655-25-000109,S,Sale,sell,1006.0,157.7219,158668.23140000002,-158668.23140000002,Alexander D. Moore,Director
PLTR,2025-07-15,2025-07-17,0001321655-25-000098,S,Sale,sell,33335.0,150.0,5000250.0,-5000250.0,Ryan D. Taylor,"Officer title: Chief Revenue Officer and Chief Legal Officer. This Form 4 has been compiled based on applicable requirements to reflect the specific transactions described herein and is not intended to disclose or describe all shares and/or other equity securities owned or beneficially held by the Reporting Person. For additional details regarding the Reporting Person's overall stock and equity holdings, please see the Issuer's Proxy Statement filed with the Securities and Exchange Commission on April 25, 2025, including under the heading ""Security Ownership Of Certain Beneficial Owners And Management"" (subject to the definitions, explanations, and time periods described therein)."
PLTR,2025-07-09,2025-07-11,0001321655-25-000097,S,Sale,sell,800.0,139.61,111688.00000000001,-111688.00000000001,Lauren Elaina Friedman Stat,Director
PLTR,2025-07-01,2025-07-03,0001321655-25-000096,S,Sale,sell,1315.0,129.3151,170049.3565,-170049.3565,Eric H. Woersching,Director
PLTR,2025-07-01,2025-07-03,0001321655-25-000096,S,Sale,sell,5399.0,130.1389,702619.9211,-702619.9211,Eric H. Woersching,Director
PLTR,2025-07-01,2025-07-03,0001321655-25-000096,S,Sale,sell,1100.0,130.9945,144093.94999999998,-144093.94999999998,Eric H. Woersching,Director
PLTR,2025-07-01,2025-07-03,0001321655-25-000096,S,Sale,sell,600.0,132.26,79356.0,-79356.0,Eric H. Woersching,Director
PLTR,2025-07-01,2025-07-03,0001321655-25-000096,S,Sale,sell,1000.0,133.514,133514.0,-133514.0,Eric H. Woersching,Director
PLTR,2025-07-01,2025-07-03,0001321655-25-000096,S,Sale,sell,400.0,134.4375,53775.0,-53775.0,Eric H. Woersching,Director
PLTR,2025-07-01,2025-07-03,0001321655-25-000096,S,Sale,sell,400.0,135.3425,54137.0,-54137.0,Eric H. Woersching,Director
PLTR,2025-07-01,2025-07-03,0001321655-25-000095,S,Sale,sell,2400.0,129.4035,310568.4,-310568.4,Alexander D. Moore,Director
PLTR,2025-07-01,2025-07-03,0001321655-25-000095,S,Sale,sell,10700.0,130.126,1392348.2,-1392348.2,Alexander D. Moore,Director
PLTR,2025-07-01,2025-07-03,0001321655-25-000095,S,Sale,sell,1800.0,131.159,236086.19999999998,-236086.19999999998,Alexander D. Moore,Director
PLTR,2025-07-01,2025-07-03,0001321655-25-000095,S,Sale,sell,1000.0,132.3948,132394.80000000002,-132394.80000000002,Alexander D. Moore,Director
PLTR,2025-07-01,2025-07-03,0001321655-25-000095,S,Sale,sell,2100.0,133.3964,280132.44,-280132.44,Alexander D. Moore,Director
PLTR,2025-07-01,2025-07-03,0001321655-25-000095,S,Sale,sell,1300.0,134.4485,174783.05,-174783.05,Alexander D. Moore,Director
PLTR,2025-07-01,2025-07-03,0001321655-25-000095,S,Sale,sell,600.0,135.3017,81181.02,-81181.02,Alexander D. Moore,Director
PLTR,2025-07-01,2025-07-03,0001321655-25-000095,S,Sale,sell,100.0,136.19,13619.0,-13619.0,Alexander D. Moore,Director
PLTR,2025-07-01,2025-07-03,0001321655-25-000094,S,Sale,sell,33335.0,135.3068,4510452.178,-4510452.178,Ryan D. Taylor,"Officer title: Chief Revenue Officer and Chief Legal Officer. This Form 4 has been compiled based on applicable requirements to reflect the specific transactions described herein and is not intended to disclose or describe all shares and/or other equity securities owned or beneficially held by the Reporting Person. For additional details regarding the Reporting Person's overall stock and equity holdings, please see the Issuer's Proxy Statement filed with the Securities and Exchange Commission on April 25, 2025, including under the heading ""Security Ownership Of Certain Beneficial Owners And Management"" (subject to the definitions, explanations, and time periods described therein)."
PLTR,2025-06-18,2025-06-23,0001321655-25-000091,P,Purchase,buy,1040557.0,2.07,2153952.9899999998,2153952.9899999998,Palantir Technologies Inc.,10% Owner
PLTR,2025-06-10,2025-06-12,0001321655-25-000089,S,Sale,sell,8230.0,130.12,1070887.6,-1070887.6,Shyam Sankar,"Officer title: Chief Technology Officer and Executive Vice President. This Form 4 has been compiled based on applicable requirements to reflect the specific transactions described herein and is not intended to disclose or describe all shares and/or other equity securities owned or beneficially held by the Reporting Person. For additional details regarding the Reporting Person's overall stock and equity holdings, please see the Issuer's Proxy Statement filed with the Securities and Exchange Commission on April 25, 2025, including under the heading ""Security Ownership Of Certain Beneficial Owners And Management"" (subject to the definitions, explanations, and time periods described therein)."
PLTR,2025-06-10,2025-06-12,0001321655-25-000089,S,Sale,sell,84336.0,131.1035,11056744.776,-11056744.776,Shyam Sankar,"Officer title: Chief Technology Officer and Executive Vice President. This Form 4 has been compiled based on applicable requirements to reflect the specific transactions described herein and is not intended to disclose or describe all shares and/or other equity securities owned or beneficially held by the Reporting Person. For additional details regarding the Reporting Person's overall stock and equity holdings, please see the Issuer's Proxy Statement filed with the Securities and Exchange Commission on April 25, 2025, including under the heading ""Security Ownership Of Certain Beneficial Owners And Management"" (subject to the definitions, explanations, and time periods described therein)."
PLTR,2025-06-10,2025-06-12,0001321655-25-000089,S,Sale,sell,169629.0,131.9241,22378153.1589,-22378153.1589,Shyam Sankar,"Officer title: Chief Technology Officer and Executive Vice President. This Form 4 has been compiled based on applicable requirements to reflect the specific transactions described herein and is not intended to disclose or describe all shares and/or other equity securities owned or beneficially held by the Reporting Person. For additional details regarding the Reporting Person's overall stock and equity holdings, please see the Issuer's Proxy Statement filed with the Securities and Exchange Commission on April 25, 2025, including under the heading ""Security Ownership Of Certain Beneficial Owners And Management"" (subject to the definitions, explanations, and time periods described therein)."
PLTR,2025-06-10,2025-06-12,0001321655-25-000089,S,Sale,sell,137886.0,132.9163,18327296.941800002,-18327296.941800002,Shyam Sankar,"Officer title: Chief Technology Officer and Executive Vice President. This Form 4 has been compiled based on applicable requirements to reflect the specific transactions described herein and is not intended to disclose or describe all shares and/or other equity securities owned or beneficially held by the Reporting Person. For additional details regarding the Reporting Person's overall stock and equity holdings, please see the Issuer's Proxy Statement filed with the Securities and Exchange Commission on April 25, 2025, including under the heading ""Security Ownership Of Certain Beneficial Owners And Management"" (subject to the definitions, explanations, and time periods described therein)."
PLTR,2025-06-10,2025-06-12,0001321655-25-000089,S,Sale,sell,4919.0,133.7346,657840.4974,-657840.4974,Shyam Sankar,"Officer title: Chief Technology Officer and Executive Vice President. This Form 4 has been compiled based on applicable requirements to reflect the specific transactions described herein and is not intended to disclose or describe all shares and/or other equity securities owned or beneficially held by the Reporting Person. For additional details regarding the Reporting Person's overall stock and equity holdings, please see the Issuer's Proxy Statement filed with the Securities and Exchange Commission on April 25, 2025, including under the heading ""Security Ownership Of Certain Beneficial Owners And Management"" (subject to the definitions, explanations, and time periods described therein)."
PLTR,2025-06-06,2025-06-10,0001321655-25-000088,S,Sale,sell,900.0,125.2422,112717.98,-112717.98,Eric H. Woersching,Director
PLTR,2025-06-06,2025-06-10,0001321655-25-000088,S,Sale,sell,1900.0,126.6263,240589.97,-240589.97,Eric H. Woersching,Director
PLTR,2025-06-06,2025-06-10,0001321655-25-000088,S,Sale,sell,3200.0,127.4397,407807.04,-407807.04,Eric H. Woersching,Director
PLTR,2025-06-06,2025-06-10,0001321655-25-000088,S,Sale,sell,1700.0,128.4512,218367.04,-218367.04,Eric H. Woersching,Director
PLTR,2025-06-06,2025-06-10,0001321655-25-000088,S,Sale,sell,1875.0,129.5459,242898.56249999997,-242898.56249999997,Eric H. Woersching,Director
PLTR,2025-06-06,2025-06-10,0001321655-25-000088,S,Sale,sell,2300.0,130.7161,300647.03,-300647.03,Eric H. Woersching,Director
PLTR,2025-06-06,2025-06-10,0001321655-25-000088,S,Sale,sell,5125.0,131.6991,674957.8875,-674957.8875,Eric H. Woersching,Director
PLTR,2025-06-06,2025-06-10,0001321655-25-000085,S,Sale,sell,800.0,122.6542,98123.36,-98123.36,Alexander D. Moore,Director
PLTR,2025-06-06,2025-06-10,0001321655-25-000085,S,Sale,sell,1700.0,123.8926,210617.42,-210617.42,Alexander D. Moore,Director
PLTR,2025-06-06,2025-06-10,0001321655-25-000085,S,Sale,sell,11000.0,124.7523,1372275.3,-1372275.3,Alexander D. Moore,Director
PLTR,2025-06-06,2025-06-10,0001321655-25-000085,S,Sale,sell,700.0,125.88,88116.0,-88116.0,Alexander D. Moore,Director
PLTR,2025-06-06,2025-06-10,0001321655-25-000085,S,Sale,sell,2900.0,126.9541,368166.89,-368166.89,Alexander D. Moore,Director
PLTR,2025-06-06,2025-06-10,0001321655-25-000085,S,Sale,sell,2900.0,127.6874,370293.45999999996,-370293.45999999996,Alexander D. Moore,Director
PLTR,2025-05-20,2025-05-22,0001321655-25-000082,S,Sale,sell,230.0,125.4634,28856.582,-28856.582,Jeffrey Buckley,Officer title: Chief Accounting Officer. This Form 4 has been compiled based on applicable requirements to reflect the specific transactions described herein and is not intended to disclose or describe all shares and/or other equity securities owned or beneficially held by the Reporting Person.
PLTR,2025-05-20,2025-05-22,0001321655-25-000082,S,Sale,sell,856.0,126.2403,108061.6968,-108061.6968,Jeffrey Buckley,Officer title: Chief Accounting Officer. This Form 4 has been compiled based on applicable requirements to reflect the specific transactions described herein and is not intended to disclose or describe all shares and/or other equity securities owned or beneficially held by the Reporting Person.
PLTR,2025-05-20,2025-05-22,0001321655-25-000082,S,Sale,sell,617.0,126.9438,78324.32459999999,-78324.32459999999,Jeffrey Buckley,Officer title: Chief Accounting Officer. This Form 4 has been compiled based on applicable requirements to reflect the specific transactions described herein and is not intended to disclose or describe all shares and/or other equity securities owned or beneficially held by the Reporting Person.
PLTR,2025-05-20,2025-05-22,0001321655-25-000082,S,Sale,sell,5.0,127.7063,638.5315,-638.5315,Jeffrey Buckley,Officer title: Chief Accounting Officer. This Form 4 has been compiled based on applicable requirements to reflect the specific transactions described herein and is not intended to disclose or describe all shares and/or other equity securities owned or beneficially held by the Reporting Person.
PLTR,2025-05-20,2025-05-22,0001321655-25-000082,S,Sale,sell,68.0,125.2605,8517.714,-8517.714,Jeffrey Buckley,Officer title: Chief Accounting Officer. This Form 4 has been compiled based on applicable requirements to reflect the specific transactions described herein and is not intended to disclose or describe all shares and/or other equity securities owned or beneficially held by the Reporting Person.
PLTR,2025-05-20,2025-05-22,0001321655-25-000082,S,Sale,sell,88.0,126.1762,11103.5056,-11103.5056,Jeffrey Buckley,Officer title: Chief Accounting Officer. This Form 4 has been compiled based on applicable requirements to reflect the specific transactions described herein and is not intended to disclose or describe all shares and/or other equity securities owned or beneficially held by the Reporting Person.
PLTR,2025-05-20,2025-05-22,0001321655-25-000082,S,Sale,sell,33.0,126.8537,4186.1721,-4186.1721,Jeffrey Buckley,Officer title: Chief Accounting Officer. This Form 4 has been compiled based on applicable requirements to reflect the specific transactions described herein and is not intended to disclose or describe all shares and/or other equity securities owned or beneficially held by the Reporting Person.
PLTR,2025-05-20,2025-05-22,0001321655-25-000080,S,Sale,sell,4783.0,125.4634,600091.4421999999,-600091.4421999999,Ryan D. Taylor,"Officer title: Chief Revenue Officer and Chief Legal Officer. This Form 4 has been compiled based on applicable requirements to reflect the specific transactions described herein and is not intended to disclose or describe all shares and/or other equity securities owned or beneficially held by the Reporting Person. For additional details regarding the Reporting Person's overall stock and equity holdings, please see the Issuer's Proxy Statement filed with the Securities and Exchange Commission on April 25, 2025, including under the heading ""Security Ownership Of Certain Beneficial Owners And Management"" (subject to the definitions, explanations, and time periods described therein)."
PLTR,2025-05-20,2025-05-22,0001321655-25-000080,S,Sale,sell,17790.0,126.2403,2245814.937,-2245814.937,Ryan D. Taylor,"Officer title: Chief Revenue Officer and Chief Legal Officer. This Form 4 has been compiled based on applicable requirements to reflect the specific transactions described herein and is not intended to disclose or describe all shares and/or other equity securities owned or beneficially held by the Reporting Person. For additional details regarding the Reporting Person's overall stock and equity holdings, please see the Issuer's Proxy Statement filed with the Securities and Exchange Commission on April 25, 2025, including under the heading ""Security Ownership Of Certain Beneficial Owners And Management"" (subject to the definitions, explanations, and time periods described therein)."
PLTR,2025-05-20,2025-05-22,0001321655-25-000080,S,Sale,sell,12812.0,126.9438,1626403.9656,-1626403.9656,Ryan D. Taylor,"Officer title: Chief Revenue Officer and Chief Legal Officer. This Form 4 has been compiled based on applicable requirements to reflect the specific transactions described herein and is not intended to disclose or describe all shares and/or other equity securities owned or beneficially held by the Reporting Person. For additional details regarding the Reporting Person's overall stock and equity holdings, please see the Issuer's Proxy Statement filed with the Securities and Exchange Commission on April 25, 2025, including under the heading ""Security Ownership Of Certain Beneficial Owners And Management"" (subject to the definitions, explanations, and time periods described therein)."
PLTR,2025-05-20,2025-05-22,0001321655-25-000080,S,Sale,sell,95.0,127.7063,12132.0985,-12132.0985,Ryan D. Taylor,"Officer title: Chief Revenue Officer and Chief Legal Officer. This Form 4 has been compiled based on applicable requirements to reflect the specific transactions described herein and is not intended to disclose or describe all shares and/or other equity securities owned or beneficially held by the Reporting Person. For additional details regarding the Reporting Person's overall stock and equity holdings, please see the Issuer's Proxy Statement filed with the Securities and Exchange Commission on April 25, 2025, including under the heading ""Security Ownership Of Certain Beneficial Owners And Management"" (subject to the definitions, explanations, and time periods described therein)."
PLTR,2025-05-20,2025-05-22,0001321655-25-000080,S,Sale,sell,1422.0,125.2605,178120.43099999998,-178120.43099999998,Ryan D. Taylor,"Officer title: Chief Revenue Officer and Chief Legal Officer. This Form 4 has been compiled based on applicable requirements to reflect the specific transactions described herein and is not intended to disclose or describe all shares and/or other equity securities owned or beneficially held by the Reporting Person. For additional details regarding the Reporting Person's overall stock and equity holdings, please see the Issuer's Proxy Statement filed with the Securities and Exchange Commission on April 25, 2025, including under the heading ""Security Ownership Of Certain Beneficial Owners And Management"" (subject to the definitions, explanations, and time periods described therein)."
PLTR,2025-05-20,2025-05-22,0001321655-25-000080,S,Sale,sell,1818.0,126.1762,229388.33159999998,-229388.33159999998,Ryan D. Taylor,"Officer title: Chief Revenue Officer and Chief Legal Officer. This Form 4 has been compiled based on applicable requirements to reflect the specific transactions described herein and is not intended to disclose or describe all shares and/or other equity securities owned or beneficially held by the Reporting Person. For additional details regarding the Reporting Person's overall stock and equity holdings, please see the Issuer's Proxy Statement filed with the Securities and Exchange Commission on April 25, 2025, including under the heading ""Security Ownership Of Certain Beneficial Owners And Management"" (subject to the definitions, explanations, and time periods described therein)."
PLTR,2025-05-20,2025-05-22,0001321655-25-000080,S,Sale,sell,696.0,126.8537,88290.1752,-88290.1752,Ryan D. Taylor,"Officer title: Chief Revenue Officer and Chief Legal Officer. This Form 4 has been compiled based on applicable requirements to reflect the specific transactions described herein and is not intended to disclose or describe all shares and/or other equity securities owned or beneficially held by the Reporting Person. For additional details regarding the Reporting Person's overall stock and equity holdings, please see the Issuer's Proxy Statement filed with the Securities and Exchange Commission on April 25, 2025, including under the heading ""Security Ownership Of Certain Beneficial Owners And Management"" (subject to the definitions, explanations, and time periods described therein)."
PLTR,2025-05-20,2025-05-22,0001321655-25-000078,S,Sale,sell,4153.0,125.4634,521049.50019999995,-521049.50019999995,David A. Glazer,"Officer title: Chief Financial Officer and Treasurer. This Form 4 has been compiled based on applicable requirements to reflect the specific transactions described herein and is not intended to disclose or describe all shares and/or other equity securities owned or beneficially held by the Reporting Person. For additional details regarding the Reporting Person's overall stock and equity holdings, please see the Issuer's Proxy Statement filed with the Securities and Exchange Commission on April 25, 2025, including under the heading ""Security Ownership Of Certain Beneficial Owners And Management"" (subject to the definitions, explanations, and time periods described therein)."
PLTR,2025-05-20,2025-05-22,0001321655-25-000078,S,Sale,sell,15450.0,126.2403,1950412.635,-1950412.635,David A. Glazer,"Officer title: Chief Financial Officer and Treasurer. This Form 4 has been compiled based on applicable requirements to reflect the specific transactions described herein and is not intended to disclose or describe all shares and/or other equity securities owned or beneficially held by the Reporting Person. For additional details regarding the Reporting Person's overall stock and equity holdings, please see the Issuer's Proxy Statement filed with the Securities and Exchange Commission on April 25, 2025, including under the heading ""Security Ownership Of Certain Beneficial Owners And Management"" (subject to the definitions, explanations, and time periods described therein)."
PLTR,2025-05-20,2025-05-22,0001321655-25-000078,S,Sale,sell,11126.0,126.9438,1412376.7188,-1412376.7188,David A. Glazer,"Officer title: Chief Financial Officer and Treasurer. This Form 4 has been compiled based on applicable requirements to reflect the specific transactions described herein and is not intended to disclose or describe all shares and/or other equity securities owned or beneficially held by the Reporting Person. For additional details regarding the Reporting Person's overall stock and equity holdings, please see the Issuer's Proxy Statement filed with the Securities and Exchange Commission on April 25, 2025, including under the heading ""Security Ownership Of Certain Beneficial Owners And Management"" (subject to the definitions, explanations, and time periods described therein)."
PLTR,2025-05-20,2025-05-22,0001321655-25-000078,S,Sale,sell,83.0,127.7063,10599.6229,-10599.6229,David A. Glazer,"Officer title: Chief Financial Officer and Treasurer. This Form 4 has been compiled based on applicable requirements to reflect the specific transactions described herein and is not intended to disclose or describe all shares and/or other equity securities owned or beneficially held by the Reporting Person. For additional details regarding the Reporting Person's overall stock and equity holdings, please see the Issuer's Proxy Statement filed with the Securities and Exchange Commission on April 25, 2025, including under the heading ""Security Ownership Of Certain Beneficial Owners And Management"" (subject to the definitions, explanations, and time periods described therein)."
PLTR,2025-05-20,2025-05-22,0001321655-25-000078,S,Sale,sell,1235.0,125.2605,154696.7175,-154696.7175,David A. Glazer,"Officer title: Chief Financial Officer and Treasurer. This Form 4 has been compiled based on applicable requirements to reflect the specific transactions described herein and is not intended to disclose or describe all shares and/or other equity securities owned or beneficially held by the Reporting Person. For additional details regarding the Reporting Person's overall stock and equity holdings, please see the Issuer's Proxy Statement filed with the Securities and Exchange Commission on April 25, 2025, including under the heading ""Security Ownership Of Certain Beneficial Owners And Management"" (subject to the definitions, explanations, and time periods described therein)."
PLTR,2025-05-20,2025-05-22,0001321655-25-000078,S,Sale,sell,1579.0,126.1762,199232.2198,-199232.2198,David A. Glazer,"Officer title: Chief Financial Officer and Treasurer. This Form 4 has been compiled based on applicable requirements to reflect the specific transactions described herein and is not intended to disclose or describe all shares and/or other equity securities owned or beneficially held by the Reporting Person. For additional details regarding the Reporting Person's overall stock and equity holdings, please see the Issuer's Proxy Statement filed with the Securities and Exchange Commission on April 25, 2025, including under the heading ""Security Ownership Of Certain Beneficial Owners And Management"" (subject to the definitions, explanations, and time periods described therein)."
PLTR,2025-05-20,2025-05-22,0001321655-25-000078,S,Sale,sell,604.0,126.8537,76619.6348,-76619.6348,David A. Glazer,"Officer title: Chief Financial Officer and Treasurer. This Form 4 has been compiled based on applicable requirements to reflect the specific transactions described herein and is not intended to disclose or describe all shares and/or other equity securities owned or beneficially held by the Reporting Person. For additional details regarding the Reporting Person's overall stock and equity holdings, please see the Issuer's Proxy Statement filed with the Securities and Exchange Commission on April 25, 2025, including under the heading ""Security Ownership Of Certain Beneficial Owners And Management"" (subject to the definitions, explanations, and time periods described therein)."
PLTR,2025-05-20,2025-05-22,0001321655-25-000077,S,Sale,sell,20328.0,125.4634,2550419.9952,-2550419.9952,Shyam Sankar,"Officer title: Chief Technology Officer and Executive Vice President. This Form 4 has been compiled based on applicable requirements to reflect the specific transactions described herein and is not intended to disclose or describe all shares and/or other equity securities owned or beneficially held by the Reporting Person. For additional details regarding the Reporting Person's overall stock and equity holdings, please see the Issuer's Proxy Statement filed with the Securities and Exchange Commission on April 25, 2025, including under the heading ""Security Ownership Of Certain Beneficial Owners And Management"" (subject to the definitions, explanations, and time periods described therein)."
PLTR,2025-05-20,2025-05-22,0001321655-25-000077,S,Sale,sell,75621.0,126.2403,9546417.726300001,-9546417.726300001,Shyam Sankar,"Officer title: Chief Technology Officer and Executive Vice President. This Form 4 has been compiled based on applicable requirements to reflect the specific transactions described herein and is not intended to disclose or describe all shares and/or other equity securities owned or beneficially held by the Reporting Person. For additional details regarding the Reporting Person's overall stock and equity holdings, please see the Issuer's Proxy Statement filed with the Securities and Exchange Commission on April 25, 2025, including under the heading ""Security Ownership Of Certain Beneficial Owners And Management"" (subject to the definitions, explanations, and time periods described therein)."
PLTR,2025-05-20,2025-05-22,0001321655-25-000077,S,Sale,sell,54460.0,126.9438,6913359.348,-6913359.348,Shyam Sankar,"Officer title: Chief Technology Officer and Executive Vice President. This Form 4 has been compiled based on applicable requirements to reflect the specific transactions described herein and is not intended to disclose or describe all shares and/or other equity securities owned or beneficially held by the Reporting Person. For additional details regarding the Reporting Person's overall stock and equity holdings, please see the Issuer's Proxy Statement filed with the Securities and Exchange Commission on April 25, 2025, including under the heading ""Security Ownership Of Certain Beneficial Owners And Management"" (subject to the definitions, explanations, and time periods described therein)."
PLTR,2025-05-20,2025-05-22,0001321655-25-000077,S,Sale,sell,405.0,127.7063,51721.0515,-51721.0515,Shyam Sankar,"Officer title: Chief Technology Officer and Executive Vice President. This Form 4 has been compiled based on applicable requirements to reflect the specific transactions described herein and is not intended to disclose or describe all shares and/or other equity securities owned or beneficially held by the Reporting Person. For additional details regarding the Reporting Person's overall stock and equity holdings, please see the Issuer's Proxy Statement filed with the Securities and Exchange Commission on April 25, 2025, including under the heading ""Security Ownership Of Certain Beneficial Owners And Management"" (subject to the definitions, explanations, and time periods described therein)."
PLTR,2025-05-20,2025-05-22,0001321655-25-000077,S,Sale,sell,6047.0,125.2605,757450.2435,-757450.2435,Shyam Sankar,"Officer title: Chief Technology Officer and Executive Vice President. This Form 4 has been compiled based on applicable requirements to reflect the specific transactions described herein and is not intended to disclose or describe all shares and/or other equity securities owned or beneficially held by the Reporting Person. For additional details regarding the Reporting Person's overall stock and equity holdings, please see the Issuer's Proxy Statement filed with the Securities and Exchange Commission on April 25, 2025, including under the heading ""Security Ownership Of Certain Beneficial Owners And Management"" (subject to the definitions, explanations, and time periods described therein)."
PLTR,2025-05-20,2025-05-22,0001321655-25-000077,S,Sale,sell,7726.0,126.1762,974837.3212,-974837.3212,Shyam Sankar,"Officer title: Chief Technology Officer and Executive Vice President. This Form 4 has been compiled based on applicable requirements to reflect the specific transactions described herein and is not intended to disclose or describe all shares and/or other equity securities owned or beneficially held by the Reporting Person. For additional details regarding the Reporting Person's overall stock and equity holdings, please see the Issuer's Proxy Statement filed with the Securities and Exchange Commission on April 25, 2025, including under the heading ""Security Ownership Of Certain Beneficial Owners And Management"" (subject to the definitions, explanations, and time periods described therein)."
PLTR,2025-05-20,2025-05-22,0001321655-25-000077,S,Sale,sell,2958.0,126.8537,375233.24460000003,-375233.24460000003,Shyam Sankar,"Officer title: Chief Technology Officer and Executive Vice President. This Form 4 has been compiled based on applicable requirements to reflect the specific transactions described herein and is not intended to disclose or describe all shares and/or other equity securities owned or beneficially held by the Reporting Person. For additional details regarding the Reporting Person's overall stock and equity holdings, please see the Issuer's Proxy Statement filed with the Securities and Exchange Commission on April 25, 2025, including under the heading ""Security Ownership Of Certain Beneficial Owners And Management"" (subject to the definitions, explanations, and time periods described therein)."
PLTR,2025-05-20,2025-05-22,0001321655-25-000076,S,Sale,sell,41744.0,125.4634,5237344.1696,-5237344.1696,Stephen Andrew Cohen,"Officer title: President and Secretary. This Form 4 has been compiled based on applicable requirements to reflect the specific transactions described herein and is not intended to disclose or describe all shares and/or other equity securities owned or beneficially held by the Reporting Person. For additional details regarding the Reporting Person's overall stock and equity holdings, please see the Issuer's Proxy Statement filed with the Securities and Exchange Commission on April 25, 2025, including under the heading ""Security Ownership Of Certain Beneficial Owners And Management"" (subject to the definitions, explanations, and time periods described therein)."
PLTR,2025-05-20,2025-05-22,0001321655-25-000076,S,Sale,sell,155287.0,126.2403,19603477.4661,-19603477.4661,Stephen Andrew Cohen,"Officer title: President and Secretary. This Form 4 has been compiled based on applicable requirements to reflect the specific transactions described herein and is not intended to disclose or describe all shares and/or other equity securities owned or beneficially held by the Reporting Person. For additional details regarding the Reporting Person's overall stock and equity holdings, please see the Issuer's Proxy Statement filed with the Securities and Exchange Commission on April 25, 2025, including under the heading ""Security Ownership Of Certain Beneficial Owners And Management"" (subject to the definitions, explanations, and time periods described therein)."
PLTR,2025-05-20,2025-05-22,0001321655-25-000076,S,Sale,sell,111834.0,126.9438,14196632.9292,-14196632.9292,Stephen Andrew Cohen,"Officer title: President and Secretary. This Form 4 has been compiled based on applicable requirements to reflect the specific transactions described herein and is not intended to disclose or describe all shares and/or other equity securities owned or beneficially held by the Reporting Person. For additional details regarding the Reporting Person's overall stock and equity holdings, please see the Issuer's Proxy Statement filed with the Securities and Exchange Commission on April 25, 2025, including under the heading ""Security Ownership Of Certain Beneficial Owners And Management"" (subject to the definitions, explanations, and time periods described therein)."
PLTR,2025-05-20,2025-05-22,0001321655-25-000076,S,Sale,sell,831.0,127.7063,106123.9353,-106123.9353,Stephen Andrew Cohen,"Officer title: President and Secretary. This Form 4 has been compiled based on applicable requirements to reflect the specific transactions described herein and is not intended to disclose or describe all shares and/or other equity securities owned or beneficially held by the Reporting Person. For additional details regarding the Reporting Person's overall stock and equity holdings, please see the Issuer's Proxy Statement filed with the Securities and Exchange Commission on April 25, 2025, including under the heading ""Security Ownership Of Certain Beneficial Owners And Management"" (subject to the definitions, explanations, and time periods described therein)."
PLTR,2025-05-20,2025-05-22,0001321655-25-000076,S,Sale,sell,12418.0,125.2605,1555484.889,-1555484.889,Stephen Andrew Cohen,"Officer title: President and Secretary. This Form 4 has been compiled based on applicable requirements to reflect the specific transactions described herein and is not intended to disclose or describe all shares and/or other equity securities owned or beneficially held by the Reporting Person. For additional details regarding the Reporting Person's overall stock and equity holdings, please see the Issuer's Proxy Statement filed with the Securities and Exchange Commission on April 25, 2025, including under the heading ""Security Ownership Of Certain Beneficial Owners And Management"" (subject to the definitions, explanations, and time periods described therein)."
PLTR,2025-05-20,2025-05-22,0001321655-25-000076,S,Sale,sell,15866.0,126.1762,2001911.5891999998,-2001911.5891999998,Stephen Andrew Cohen,"Officer title: President and Secretary. This Form 4 has been compiled based on applicable requirements to reflect the specific transactions described herein and is not intended to disclose or describe all shares and/or other equity securities owned or beneficially held by the Reporting Person. For additional details regarding the Reporting Person's overall stock and equity holdings, please see the Issuer's Proxy Statement filed with the Securities and Exchange Commission on April 25, 2025, including under the heading ""Security Ownership Of Certain Beneficial Owners And Management"" (subject to the definitions, explanations, and time periods described therein)."
PLTR,2025-05-20,2025-05-22,0001321655-25-000076,S,Sale,sell,6073.0,126.8537,770382.5201,-770382.5201,Stephen Andrew Cohen,"Officer title: President and Secretary. This Form 4 has been compiled based on applicable requirements to reflect the specific transactions described herein and is not intended to disclose or describe all shares and/or other equity securities owned or beneficially held by the Reporting Person. For additional details regarding the Reporting Person's overall stock and equity holdings, please see the Issuer's Proxy Statement filed with the Securities and Exchange Commission on April 25, 2025, including under the heading ""Security Ownership Of Certain Beneficial Owners And Management"" (subject to the definitions, explanations, and time periods described therein)."
PLTR,2025-05-20,2025-05-22,0001321655-25-000074,S,Sale,sell,48387.0,125.4634,6070797.5358,-6070797.5358,Alexander C. Karp,"Officer title: Chief Executive Officer. This Form 4 has been compiled based on applicable requirements to reflect the specific transactions described herein and is not intended to disclose or describe all shares and/or other equity securities owned or beneficially held by the Reporting Person. For additional details regarding the Reporting Person's overall stock and equity holdings, please see the Issuer's Proxy Statement filed with the Securities and Exchange Commission on April 25, 2025, including under the heading ""Security Ownership Of Certain Beneficial Owners And Management"" (subject to the definitions, explanations, and time periods described therein)."
PLTR,2025-05-20,2025-05-22,0001321655-25-000074,S,Sale,sell,180000.0,126.2403,22723254.0,-22723254.0,Alexander C. Karp,"Officer title: Chief Executive Officer. This Form 4 has been compiled based on applicable requirements to reflect the specific transactions described herein and is not intended to disclose or describe all shares and/or other equity securities owned or beneficially held by the Reporting Person. For additional details regarding the Reporting Person's overall stock and equity holdings, please see the Issuer's Proxy Statement filed with the Securities and Exchange Commission on April 25, 2025, including under the heading ""Security Ownership Of Certain Beneficial Owners And Management"" (subject to the definitions, explanations, and time periods described therein)."
PLTR,2025-05-20,2025-05-22,0001321655-25-000074,S,Sale,sell,129631.0,126.9438,16455851.7378,-16455851.7378,Alexander C. Karp,"Officer title: Chief Executive Officer. This Form 4 has been compiled based on applicable requirements to reflect the specific transactions described herein and is not intended to disclose or describe all shares and/or other equity securities owned or beneficially held by the Reporting Person. For additional details regarding the Reporting Person's overall stock and equity holdings, please see the Issuer's Proxy Statement filed with the Securities and Exchange Commission on April 25, 2025, including under the heading ""Security Ownership Of Certain Beneficial Owners And Management"" (subject to the definitions, explanations, and time periods described therein)."
PLTR,2025-05-20,2025-05-22,0001321655-25-000074,S,Sale,sell,964.0,127.7063,123108.8732,-123108.8732,Alexander C. Karp,"Officer title: Chief Executive Officer. This Form 4 has been compiled based on applicable requirements to reflect the specific transactions described herein and is not intended to disclose or describe all shares and/or other equity securities owned or beneficially held by the Reporting Person. For additional details regarding the Reporting Person's overall stock and equity holdings, please see the Issuer's Proxy Statement filed with the Securities and Exchange Commission on April 25, 2025, including under the heading ""Security Ownership Of Certain Beneficial Owners And Management"" (subject to the definitions, explanations, and time periods described therein)."
PLTR,2025-05-20,2025-05-22,0001321655-25-000074,S,Sale,sell,14394.0,125.2605,1802999.6369999999,-1802999.6369999999,Alexander C. Karp,"Officer title: Chief Executive Officer. This Form 4 has been compiled based on applicable requirements to reflect the specific transactions described herein and is not intended to disclose or describe all shares and/or other equity securities owned or beneficially held by the Reporting Person. For additional details regarding the Reporting Person's overall stock and equity holdings, please see the Issuer's Proxy Statement filed with the Securities and Exchange Commission on April 25, 2025, including under the heading ""Security Ownership Of Certain Beneficial Owners And Management"" (subject to the definitions, explanations, and time periods described therein)."
PLTR,2025-05-20,2025-05-22,0001321655-25-000074,S,Sale,sell,18391.0,126.1762,2320506.4942,-2320506.4942,Alexander C. Karp,"Officer title: Chief Executive Officer. This Form 4 has been compiled based on applicable requirements to reflect the specific transactions described herein and is not intended to disclose or describe all shares and/or other equity securities owned or beneficially held by the Reporting Person. For additional details regarding the Reporting Person's overall stock and equity holdings, please see the Issuer's Proxy Statement filed with the Securities and Exchange Commission on April 25, 2025, including under the heading ""Security Ownership Of Certain Beneficial Owners And Management"" (subject to the definitions, explanations, and time periods described therein)."
PLTR,2025-05-20,2025-05-22,0001321655-25-000074,S,Sale,sell,7040.0,126.8537,893050.0480000001,-893050.0480000001,Alexander C. Karp,"Officer title: Chief Executive Officer. This Form 4 has been compiled based on applicable requirements to reflect the specific transactions described herein and is not intended to disclose or describe all shares and/or other equity securities owned or beneficially held by the Reporting Person. For additional details regarding the Reporting Person's overall stock and equity holdings, please see the Issuer's Proxy Statement filed with the Securities and Exchange Commission on April 25, 2025, including under the heading ""Security Ownership Of Certain Beneficial Owners And Management"" (subject to the definitions, explanations, and time periods described therein)."
PLTR,2025-05-08,2025-05-12,0001321655-25-000069,P,Purchase,buy,10000.0,116.14,1161400.0,1161400.0,Heather A. Planishek,Other
PLTR,2025-05-01,2025-05-05,0001321655-25-000067,S,Sale,sell,6600.0,117.9302,778339.32,-778339.32,Alexander D. Moore,Director
PLTR,2025-05-01,2025-05-05,0001321655-25-000067,S,Sale,sell,9700.0,118.6859,1151253.23,-1151253.23,Alexander D. Moore,Director
PLTR,2025-05-01,2025-05-05,0001321655-25-000067,S,Sale,sell,3700.0,119.4857,442097.08999999997,-442097.08999999997,Alexander D. Moore,Director
PLTR,2025-04-03,2025-04-07,0001321655-25-000048,S,Sale,sell,800.0,81.25,65000.0,-65000.0,Lauren Elaina Friedman Stat,Director
PLTR,2025-04-01,2025-04-03,0001321655-25-000047,S,Sale,sell,3600.0,82.726,297813.6,-297813.6,Alexander D. Moore,Director
PLTR,2025-04-01,2025-04-03,0001321655-25-000047,S,Sale,sell,9588.0,83.7219,802725.5772,-802725.5772,Alexander D. Moore,Director
PLTR,2025-04-01,2025-04-03,0001321655-25-000047,S,Sale,sell,6612.0,84.5439,559004.2668,-559004.2668,Alexander D. Moore,Director
PLTR,2025-04-01,2025-04-03,0001321655-25-000047,S,Sale,sell,200.0,85.185,17037.0,-17037.0,Alexander D. Moore,Director
PLTR,2025-03-31,2025-04-02,0001321655-25-000046,S,Sale,sell,5800.0,79.426,460670.8,-460670.8,Ryan D. Taylor,"Officer title: Chief Revenue Officer and Chief Legal Officer. This Form 4 has been compiled based on applicable requirements to reflect the specific transactions described herein and is not intended to disclose or describe all shares and/or other equity securities owned or beneficially held by the Reporting Person. For additional details regarding the Reporting Person's overall stock and equity holdings, please see the Issuer's Proxy Statement filed with the Securities and Exchange Commission on April 26, 2024, including under the heading ""Security Ownership Of Certain Beneficial Owners And Management"" (subject to the definitions, explanations, and time periods described therein)."
PLTR,2025-03-31,2025-04-02,0001321655-25-000046,S,Sale,sell,8257.0,80.4233,664055.1881,-664055.1881,Ryan D. Taylor,"Officer title: Chief Revenue Officer and Chief Legal Officer. This Form 4 has been compiled based on applicable requirements to reflect the specific transactions described herein and is not intended to disclose or describe all shares and/or other equity securities owned or beneficially held by the Reporting Person. For additional details regarding the Reporting Person's overall stock and equity holdings, please see the Issuer's Proxy Statement filed with the Securities and Exchange Commission on April 26, 2024, including under the heading ""Security Ownership Of Certain Beneficial Owners And Management"" (subject to the definitions, explanations, and time periods described therein)."
PLTR,2025-03-31,2025-04-02,0001321655-25-000046,S,Sale,sell,4100.0,81.3485,333528.85,-333528.85,Ryan D. Taylor,"Officer title: Chief Revenue Officer and Chief Legal Officer. This Form 4 has been compiled based on applicable requirements to reflect the specific transactions described herein and is not intended to disclose or describe all shares and/or other equity securities owned or beneficially held by the Reporting Person. For additional details regarding the Reporting Person's overall stock and equity holdings, please see the Issuer's Proxy Statement filed with the Securities and Exchange Commission on April 26, 2024, including under the heading ""Security Ownership Of Certain Beneficial Owners And Management"" (subject to the definitions, explanations, and time periods described therein)."
PLTR,2025-03-31,2025-04-02,0001321655-25-000046,S,Sale,sell,23913.0,82.4027,1970495.7651,-1970495.7651,Ryan D. Taylor,"Officer title: Chief Revenue Officer and Chief Legal Officer. This Form 4 has been compiled based on applicable requirements to reflect the specific transactions described herein and is not intended to disclose or describe all shares and/or other equity securities owned or beneficially held by the Reporting Person. For additional details regarding the Reporting Person's overall stock and equity holdings, please see the Issuer's Proxy Statement filed with the Securities and Exchange Commission on April 26, 2024, including under the heading ""Security Ownership Of Certain Beneficial Owners And Management"" (subject to the definitions, explanations, and time periods described therein)."
PLTR,2025-03-31,2025-04-02,0001321655-25-000046,S,Sale,sell,33159.0,83.4411,2766823.4349,-2766823.4349,Ryan D. Taylor,"Officer title: Chief Revenue Officer and Chief Legal Officer. This Form 4 has been compiled based on applicable requirements to reflect the specific transactions described herein and is not intended to disclose or describe all shares and/or other equity securities owned or beneficially held by the Reporting Person. For additional details regarding the Reporting Person's overall stock and equity holdings, please see the Issuer's Proxy Statement filed with the Securities and Exchange Commission on April 26, 2024, including under the heading ""Security Ownership Of Certain Beneficial Owners And Management"" (subject to the definitions, explanations, and time periods described therein)."
PLTR,2025-03-31,2025-04-02,0001321655-25-000046,S,Sale,sell,22948.0,84.256,1933506.688,-1933506.688,Ryan D. Taylor,"Officer title: Chief Revenue Officer and Chief Legal Officer. This Form 4 has been compiled based on applicable requirements to reflect the specific transactions described herein and is not intended to disclose or describe all shares and/or other equity securities owned or beneficially held by the Reporting Person. For additional details regarding the Reporting Person's overall stock and equity holdings, please see the Issuer's Proxy Statement filed with the Securities and Exchange Commission on April 26, 2024, including under the heading ""Security Ownership Of Certain Beneficial Owners And Management"" (subject to the definitions, explanations, and time periods described therein)."
PLTR,2025-03-25,2025-03-27,0001321655-25-000044,P,Purchase,buy,244011.0,3.88,946762.6799999999,946762.6799999999,Palantir Technologies Inc.,10% Owner
PLTR,2025-03-17,2025-03-19,0001321655-25-000039,S,Sale,sell,30604.0,85.1774,2606769.1496,-2606769.1496,Stephen Andrew Cohen,"Officer title: President and Secretary. This Form 4 has been compiled based on applicable requirements to reflect the specific transactions described herein and is not intended to disclose or describe all shares and/or other equity securities owned or beneficially held by the Reporting Person. For additional details regarding the Reporting Person's overall stock and equity holdings, please see the Issuer's Proxy Statement filed with the Securities and Exchange Commission on April 26, 2024, including under the heading ""Security Ownership Of Certain Beneficial Owners And Management"" (subject to the definitions, explanations, and time periods described therein)."
PLTR,2025-03-17,2025-03-19,0001321655-25-000039,S,Sale,sell,73225.0,85.9646,6294757.835,-6294757.835,Stephen Andrew Cohen,"Officer title: President and Secretary. This Form 4 has been compiled based on applicable requirements to reflect the specific transactions described herein and is not intended to disclose or describe all shares and/or other equity securities owned or beneficially held by the Reporting Person. For additional details regarding the Reporting Person's overall stock and equity holdings, please see the Issuer's Proxy Statement filed with the Securities and Exchange Commission on April 26, 2024, including under the heading ""Security Ownership Of Certain Beneficial Owners And Management"" (subject to the definitions, explanations, and time periods described therein)."
PLTR,2025-03-17,2025-03-19,0001321655-25-000039,S,Sale,sell,58051.0,87.196,5061814.996,-5061814.996,Stephen Andrew Cohen,"Officer title: President and Secretary. This Form 4 has been compiled based on applicable requirements to reflect the specific transactions described herein and is not intended to disclose or describe all shares and/or other equity securities owned or beneficially held by the Reporting Person. For additional details regarding the Reporting Person's overall stock and equity holdings, please see the Issuer's Proxy Statement filed with the Securities and Exchange Commission on April 26, 2024, including under the heading ""Security Ownership Of Certain Beneficial Owners And Management"" (subject to the definitions, explanations, and time periods described therein)."
PLTR,2025-03-17,2025-03-19,0001321655-25-000039,S,Sale,sell,142066.0,87.9285,12491650.281,-12491650.281,Stephen Andrew Cohen,"Officer title: President and Secretary. This Form 4 has been compiled based on applicable requirements to reflect the specific transactions described herein and is not intended to disclose or describe all shares and/or other equity securities owned or beneficially held by the Reporting Person. For additional details regarding the Reporting Person's overall stock and equity holdings, please see the Issuer's Proxy Statement filed with the Securities and Exchange Commission on April 26, 2024, including under the heading ""Security Ownership Of Certain Beneficial Owners And Management"" (subject to the definitions, explanations, and time periods described therein)."
PLTR,2025-03-17,2025-03-19,0001321655-25-000039,S,Sale,sell,6054.0,88.6333,536585.9982,-536585.9982,Stephen Andrew Cohen,"Officer title: President and Secretary. This Form 4 has been compiled based on applicable requirements to reflect the specific transactions described herein and is not intended to disclose or describe all shares and/or other equity securities owned or beneficially held by the Reporting Person. For additional details regarding the Reporting Person's overall stock and equity holdings, please see the Issuer's Proxy Statement filed with the Securities and Exchange Commission on April 26, 2024, including under the heading ""Security Ownership Of Certain Beneficial Owners And Management"" (subject to the definitions, explanations, and time periods described therein)."
PLTR,2025-03-12,2025-03-14,0001321655-25-000038,S,Sale,sell,107584.0,80.6297,8674465.6448,-8674465.6448,Stephen Andrew Cohen,"Officer title: President and Secretary. This Form 4 has been compiled based on applicable requirements to reflect the specific transactions described herein and is not intended to disclose or describe all shares and/or other equity securities owned or beneficially held by the Reporting Person. For additional details regarding the Reporting Person's overall stock and equity holdings, please see the Issuer's Proxy Statement filed with the Securities and Exchange Commission on April 26, 2024, including under the heading ""Security Ownership Of Certain Beneficial Owners And Management"" (subject to the definitions, explanations, and time periods described therein)."
PLTR,2025-03-12,2025-03-14,0001321655-25-000038,S,Sale,sell,190809.0,81.4383,15539160.5847,-15539160.5847,Stephen Andrew Cohen,"Officer title: President and Secretary. This Form 4 has been compiled based on applicable requirements to reflect the specific transactions described herein and is not intended to disclose or describe all shares and/or other equity securities owned or beneficially held by the Reporting Person. For additional details regarding the Reporting Person's overall stock and equity holdings, please see the Issuer's Proxy Statement filed with the Securities and Exchange Commission on April 26, 2024, including under the heading ""Security Ownership Of Certain Beneficial Owners And Management"" (subject to the definitions, explanations, and time periods described therein)."
PLTR,2025-03-12,2025-03-14,0001321655-25-000038,S,Sale,sell,293040.0,82.4142,24150657.167999998,-24150657.167999998,Stephen Andrew Cohen,"Officer title: President and Secretary. This Form 4 has been compiled based on applicable requirements to reflect the specific transactions described herein and is not intended to disclose or describe all shares and/or other equity securities owned or beneficially held by the Reporting Person. For additional details regarding the Reporting Person's overall stock and equity holdings, please see the Issuer's Proxy Statement filed with the Securities and Exchange Commission on April 26, 2024, including under the heading ""Security Ownership Of Certain Beneficial Owners And Management"" (subject to the definitions, explanations, and time periods described therein)."
PLTR,2025-03-12,2025-03-14,0001321655-25-000038,S,Sale,sell,511945.0,83.4855,42739984.2975,-42739984.2975,Stephen Andrew Cohen,"Officer title: President and Secretary. This Form 4 has been compiled based on applicable requirements to reflect the specific transactions described herein and is not intended to disclose or describe all shares and/or other equity securities owned or beneficially held by the Reporting Person. For additional details regarding the Reporting Person's overall stock and equity holdings, please see the Issuer's Proxy Statement filed with the Securities and Exchange Commission on April 26, 2024, including under the heading ""Security Ownership Of Certain Beneficial Owners And Management"" (subject to the definitions, explanations, and time periods described therein)."
PLTR,2025-03-12,2025-03-14,0001321655-25-000038,S,Sale,sell,146622.0,84.098,12330616.956,-12330616.956,Stephen Andrew Cohen,"Officer title: President and Secretary. This Form 4 has been compiled based on applicable requirements to reflect the specific transactions described herein and is not intended to disclose or describe all shares and/or other equity securities owned or beneficially held by the Reporting Person. For additional details regarding the Reporting Person's overall stock and equity holdings, please see the Issuer's Proxy Statement filed with the Securities and Exchange Commission on April 26, 2024, including under the heading ""Security Ownership Of Certain Beneficial Owners And Management"" (subject to the definitions, explanations, and time periods described therein)."
PLTR,2025-03-12,2025-03-14,0001321655-25-000038,S,Sale,sell,309208.0,79.0591,24445706.1928,-24445706.1928,Stephen Andrew Cohen,"Officer title: President and Secretary. This Form 4 has been compiled based on applicable requirements to reflect the specific transactions described herein and is not intended to disclose or describe all shares and/or other equity securities owned or beneficially held by the Reporting Person. For additional details regarding the Reporting Person's overall stock and equity holdings, please see the Issuer's Proxy Statement filed with the Securities and Exchange Commission on April 26, 2024, including under the heading ""Security Ownership Of Certain Beneficial Owners And Management"" (subject to the definitions, explanations, and time periods described therein)."
PLTR,2025-03-12,2025-03-14,0001321655-25-000038,S,Sale,sell,579512.0,79.786,46236944.432000004,-46236944.432000004,Stephen Andrew Cohen,"Officer title: President and Secretary. This Form 4 has been compiled based on applicable requirements to reflect the specific transactions described herein and is not intended to disclose or describe all shares and/or other equity securities owned or beneficially held by the Reporting Person. For additional details regarding the Reporting Person's overall stock and equity holdings, please see the Issuer's Proxy Statement filed with the Securities and Exchange Commission on April 26, 2024, including under the heading ""Security Ownership Of Certain Beneficial Owners And Management"" (subject to the definitions, explanations, and time periods described therein)."
PLTR,2025-03-12,2025-03-14,0001321655-25-000038,S,Sale,sell,148358.0,80.6481,11964790.8198,-11964790.8198,Stephen Andrew Cohen,"Officer title: President and Secretary. This Form 4 has been compiled based on applicable requirements to reflect the specific transactions described herein and is not intended to disclose or describe all shares and/or other equity securities owned or beneficially held by the Reporting Person. For additional details regarding the Reporting Person's overall stock and equity holdings, please see the Issuer's Proxy Statement filed with the Securities and Exchange Commission on April 26, 2024, including under the heading ""Security Ownership Of Certain Beneficial Owners And Management"" (subject to the definitions, explanations, and time periods described therein)."
PLTR,2025-03-12,2025-03-14,0001321655-25-000038,S,Sale,sell,113212.0,81.8764,9269390.9968,-9269390.9968,Stephen Andrew Cohen,"Officer title: President and Secretary. This Form 4 has been compiled based on applicable requirements to reflect the specific transactions described herein and is not intended to disclose or describe all shares and/or other equity securities owned or beneficially held by the Reporting Person. For additional details regarding the Reporting Person's overall stock and equity holdings, please see the Issuer's Proxy Statement filed with the Securities and Exchange Commission on April 26, 2024, including under the heading ""Security Ownership Of Certain Beneficial Owners And Management"" (subject to the definitions, explanations, and time periods described therein)."
PLTR,2025-03-12,2025-03-14,0001321655-25-000038,S,Sale,sell,94161.0,82.8745,7803545.7945,-7803545.7945,Stephen Andrew Cohen,"Officer title: President and Secretary. This Form 4 has been compiled based on applicable requirements to reflect the specific transactions described herein and is not intended to disclose or describe all shares and/or other equity securities owned or beneficially held by the Reporting Person. For additional details regarding the Reporting Person's overall stock and equity holdings, please see the Issuer's Proxy Statement filed with the Securities and Exchange Commission on April 26, 2024, including under the heading ""Security Ownership Of Certain Beneficial Owners And Management"" (subject to the definitions, explanations, and time periods described therein)."
PLTR,2025-03-12,2025-03-14,0001321655-25-000038,S,Sale,sell,5549.0,83.4866,463267.1434,-463267.1434,Stephen Andrew Cohen,"Officer title: President and Secretary. This Form 4 has been compiled based on applicable requirements to reflect the specific transactions described herein and is not intended to disclose or describe all shares and/or other equity securities owned or beneficially held by the Reporting Person. For additional details regarding the Reporting Person's overall stock and equity holdings, please see the Issuer's Proxy Statement filed with the Securities and Exchange Commission on April 26, 2024, including under the heading ""Security Ownership Of Certain Beneficial Owners And Management"" (subject to the definitions, explanations, and time periods described therein)."
PLTR,2025-03-12,2025-03-14,0001321655-25-000038,S,Sale,sell,186092.0,82.882,15423677.144000001,-15423677.144000001,Stephen Andrew Cohen,"Officer title: President and Secretary. This Form 4 has been compiled based on applicable requirements to reflect the specific transactions described herein and is not intended to disclose or describe all shares and/or other equity securities owned or beneficially held by the Reporting Person. For additional details regarding the Reporting Person's overall stock and equity holdings, please see the Issuer's Proxy Statement filed with the Securities and Exchange Commission on April 26, 2024, including under the heading ""Security Ownership Of Certain Beneficial Owners And Management"" (subject to the definitions, explanations, and time periods described therein)."
PLTR,2025-03-12,2025-03-14,0001321655-25-000038,S,Sale,sell,65986.0,83.6143,5517373.1998,-5517373.1998,Stephen Andrew Cohen,"Officer title: President and Secretary. This Form 4 has been compiled based on applicable requirements to reflect the specific transactions described herein and is not intended to disclose or describe all shares and/or other equity securities owned or beneficially held by the Reporting Person. For additional details regarding the Reporting Person's overall stock and equity holdings, please see the Issuer's Proxy Statement filed with the Securities and Exchange Commission on April 26, 2024, including under the heading ""Security Ownership Of Certain Beneficial Owners And Management"" (subject to the definitions, explanations, and time periods described therein)."
PLTR,2025-03-12,2025-03-14,0001321655-25-000038,S,Sale,sell,225819.0,84.9238,19177407.5922,-19177407.5922,Stephen Andrew Cohen,"Officer title: President and Secretary. This Form 4 has been compiled based on applicable requirements to reflect the specific transactions described herein and is not intended to disclose or describe all shares and/or other equity securities owned or beneficially held by the Reporting Person. For additional details regarding the Reporting Person's overall stock and equity holdings, please see the Issuer's Proxy Statement filed with the Securities and Exchange Commission on April 26, 2024, including under the heading ""Security Ownership Of Certain Beneficial Owners And Management"" (subject to the definitions, explanations, and time periods described therein)."
PLTR,2025-03-12,2025-03-14,0001321655-25-000038,S,Sale,sell,454784.0,85.7941,39017783.9744,-39017783.9744,Stephen Andrew Cohen,"Officer title: President and Secretary. This Form 4 has been compiled based on applicable requirements to reflect the specific transactions described herein and is not intended to disclose or describe all shares and/or other equity securities owned or beneficially held by the Reporting Person. For additional details regarding the Reporting Person's overall stock and equity holdings, please see the Issuer's Proxy Statement filed with the Securities and Exchange Commission on April 26, 2024, including under the heading ""Security Ownership Of Certain Beneficial Owners And Management"" (subject to the definitions, explanations, and time periods described therein)."
PLTR,2025-03-12,2025-03-14,0001321655-25-000038,S,Sale,sell,317319.0,86.6433,27493565.3127,-27493565.3127,Stephen Andrew Cohen,"Officer title: President and Secretary. This Form 4 has been compiled based on applicable requirements to reflect the specific transactions described herein and is not intended to disclose or describe all shares and/or other equity securities owned or beneficially held by the Reporting Person. For additional details regarding the Reporting Person's overall stock and equity holdings, please see the Issuer's Proxy Statement filed with the Securities and Exchange Commission on April 26, 2024, including under the heading ""Security Ownership Of Certain Beneficial Owners And Management"" (subject to the definitions, explanations, and time periods described therein)."
PLTR,2025-03-05,2025-03-07,0001321655-25-000035,S,Sale,sell,200.0,83.425,16685.0,-16685.0,Alexandra W. Schiff,Director
PLTR,2025-03-05,2025-03-07,0001321655-25-000035,S,Sale,sell,1700.0,84.6647,143929.99,-143929.99,Alexandra W. Schiff,Director
PLTR,2025-03-05,2025-03-07,0001321655-25-000035,S,Sale,sell,1700.0,85.7312,145743.04,-145743.04,Alexandra W. Schiff,Director
PLTR,2025-03-05,2025-03-07,0001321655-25-000035,S,Sale,sell,700.0,86.7543,60728.01,-60728.01,Alexandra W. Schiff,Director
PLTR,2025-03-05,2025-03-07,0001321655-25-000035,S,Sale,sell,900.0,88.0233,79220.97,-79220.97,Alexandra W. Schiff,Director
PLTR,2025-03-05,2025-03-07,0001321655-25-000035,S,Sale,sell,1300.0,89.0985,115828.05,-115828.05,Alexandra W. Schiff,Director
PLTR,2025-03-05,2025-03-07,0001321655-25-000035,S,Sale,sell,276.0,90.1283,24875.410799999998,-24875.410799999998,Alexandra W. Schiff,Director
PLTR,2025-03-03,2025-03-05,0001321655-25-000034,S,Sale,sell,2900.0,83.1029,240998.41,-240998.41,Alexander D. Moore,Director
PLTR,2025-03-03,2025-03-05,0001321655-25-000034,S,Sale,sell,900.0,84.13,75717.0,-75717.0,Alexander D. Moore,Director
PLTR,2025-03-03,2025-03-05,0001321655-25-000034,S,Sale,sell,300.0,85.04,25512.000000000004,-25512.000000000004,Alexander D. Moore,Director
PLTR,2025-03-03,2025-03-05,0001321655-25-000034,S,Sale,sell,2800.0,86.6201,242536.27999999997,-242536.27999999997,Alexander D. Moore,Director
PLTR,2025-03-03,2025-03-05,0001321655-25-000034,S,Sale,sell,4500.0,87.4653,393593.85,-393593.85,Alexander D. Moore,Director
PLTR,2025-03-03,2025-03-05,0001321655-25-000034,S,Sale,sell,4000.0,88.383,353532.0,-353532.0,Alexander D. Moore,Director
PLTR,2025-03-03,2025-03-05,0001321655-25-000034,S,Sale,sell,4300.0,89.484,384781.19999999995,-384781.19999999995,Alexander D. Moore,Director
PLTR,2025-03-03,2025-03-05,0001321655-25-000034,S,Sale,sell,300.0,90.2133,27063.99,-27063.99,Alexander D. Moore,Director
ABR,2026-08-05,2026-08-05,0001104659-26-091119,S,Sale,sell,375000.0,,,,John Natalone,EVP
ABR,2026-08-05,2026-08-05,0001104659-26-091114,P,Purchase,buy,375000.0,,,,Ivan Kaufman,"COB, CEO and President"
ABR,2026-06-04,2026-06-05,0001104659-26-070977,P,Purchase,buy,26700.0,5.58,148986.0,148986.0,George Tsunis,Director
ABR,2026-06-04,2026-06-05,0001104659-26-070977,S,Sale,sell,26700.0,5.57,148719.0,-148719.0,George Tsunis,Director
ABR,2026-06-01,2026-06-03,0001104659-26-070112,P,Purchase,buy,500.0,5.48,2740.0,2740.0,George Tsunis,Director
ABR,2026-05-26,2026-05-27,0001104659-26-066958,P,Purchase,buy,500.0,5.51,2755.0,2755.0,George Tsunis,Director
ABR,2026-05-26,2026-05-27,0001104659-26-066958,P,Purchase,buy,500.0,5.5,2750.0,2750.0,George Tsunis,Director
ABR,2026-05-19,2026-05-20,0001104659-26-064565,P,Purchase,buy,100.0,5.85,585.0,585.0,George Tsunis,Director
ABR,2026-05-19,2026-05-20,0001104659-26-064565,P,Purchase,buy,3400.0,5.86,19924.0,19924.0,George Tsunis,Director
ABR,2026-05-14,2026-05-18,0001104659-26-063200,P,Purchase,buy,1510.0,5.83,8803.3,8803.3,George Tsunis,Director
ABR,2026-05-14,2026-05-18,0001104659-26-063200,P,Purchase,buy,1000.0,5.83,5830.0,5830.0,George Tsunis,Director
ABR,2026-05-11,2026-05-13,0001104659-26-060246,S,Sale,sell,7685.0,6.87,52795.950000000004,-52795.950000000004,David Erwin Friedman,CCO & Head of Non-Agcy Prod
ABR,2026-05-11,2026-05-13,0001104659-26-060246,P,Purchase,buy,8840.0,6.84,60465.6,60465.6,David Erwin Friedman,CCO & Head of Non-Agcy Prod
ABR,2026-03-17,2026-03-18,0001104659-26-030931,P,Purchase,buy,1927.0,7.85,15126.949999999999,15126.949999999999,George Tsunis,Director
ABR,2025-11-26,2025-12-01,0001104659-25-117324,P,Purchase,buy,12800.0,9.02,115456.0,115456.0,William C Green,Director
ABR,2025-11-17,2025-11-18,0001104659-25-113659,P,Purchase,buy,2508.0,8.3,20816.4,20816.4,David Erwin Friedman,CCO & Head of Non-Agcy Prod
ABR,2025-11-17,2025-11-18,0001104659-25-113654,P,Purchase,buy,5000.0,8.28,41400.0,41400.0,Melvin F Lazar,Director
ABR,2025-11-13,2025-11-17,0001104659-25-113287,P,Purchase,buy,25000.0,9.1,227500.0,227500.0,Ivan Kaufman,"COB, CEO and President"
ABR,2025-11-13,2025-11-17,0001104659-25-113287,P,Purchase,buy,29000.0,8.34,241860.0,241860.0,Ivan Kaufman,"COB, CEO and President"
ABR,2025-05-30,2025-06-03,0001104659-25-055978,P,Purchase,buy,13821.0,9.45,130608.45,130608.45,William C Green,Director
ABR,2025-05-22,2025-05-27,0001104659-25-052992,P,Purchase,buy,1250.0,8.6,10750.0,10750.0,David Erwin Friedman,CCO & Head of Non-Agcy Prod
ABR,2025-05-22,2025-05-27,0001104659-25-052992,P,Purchase,buy,125.0,8.75,1093.75,1093.75,David Erwin Friedman,CCO & Head of Non-Agcy Prod
ABR,2025-05-22,2025-05-27,0001104659-25-052992,P,Purchase,buy,2500.0,8.79,21974.999999999996,21974.999999999996,David Erwin Friedman,CCO & Head of Non-Agcy Prod
ABR,2025-05-22,2025-05-27,0001104659-25-052992,P,Purchase,buy,625.0,8.8,5500.0,5500.0,David Erwin Friedman,CCO & Head of Non-Agcy Prod
ABR,2025-05-22,2025-05-27,0001104659-25-052989,P,Purchase,buy,5000.0,8.5,42500.0,42500.0,Paul Elenio,Chief Financial Officer
ABR,2025-05-22,2025-05-27,0001104659-25-052989,P,Purchase,buy,5000.0,8.45,42250.0,42250.0,Paul Elenio,Chief Financial Officer
ABR,2025-05-21,2025-05-23,0001104659-25-052437,P,Purchase,buy,1673.0,9.25,15475.25,15475.25,Gianni Ottaviano,"EVP, Struc Fin Prod"
ABR,2025-05-21,2025-05-23,0001104659-25-052437,P,Purchase,buy,2854.0,8.76,25001.04,25001.04,Gianni Ottaviano,"EVP, Struc Fin Prod"
ABR,2025-05-20,2025-05-22,0001104659-25-052044,P,Purchase,buy,10000.0,9.98,99800.0,99800.0,Ivan Kaufman,"COB, CEO and President"
ABR,2025-05-20,2025-05-22,0001104659-25-052044,P,Purchase,buy,140000.0,9.43,1320200.0,1320200.0,Ivan Kaufman,"COB, CEO and President"
ABR,2025-05-20,2025-05-22,0001104659-25-052044,P,Purchase,buy,60000.0,8.7,521999.99999999994,521999.99999999994,Ivan Kaufman,"COB, CEO and President"
AHR,2026-06-26,2026-06-29,0001193125-26-288614,S,Sale,sell,25000.0,50.6961,1267402.5,-1267402.5,Brian Peay,Chief Financial Officer
AHR,2026-06-24,2026-06-26,0001193125-26-285899,S,Sale,sell,2500.0,48.58,121450.0,-121450.0,Mark E. Foster,"EVP, GC & Secretary"
AHR,2026-06-01,2026-06-03,0001193125-26-255516,S,Sale,sell,2000.0,48.32,96640.0,-96640.0,Mark E. Foster,"EVP, GC & Secretary"
AHR,2026-03-25,2026-03-27,0001193125-26-129188,S,Sale,sell,2000.0,48.55,97100.0,-97100.0,Mark E. Foster,"EVP, GC & Secretary"
AHR,2025-12-22,2025-12-29,0001193125-25-335389,S,Sale,sell,35570.0,48.3753,1720709.421,-1720709.421,Jeffrey T Hanson,Director
AHR,2025-12-22,2025-12-29,0001193125-25-335389,S,Sale,sell,19208.0,48.4012,929690.2496000001,-929690.2496000001,Jeffrey T Hanson,Director
AHR,2025-11-11,2025-11-12,0001193125-25-277866,S,Sale,sell,1500.0,49.3531,74029.65,-74029.65,Mark E. Foster,"EVP, GC & Secretary"
AHR,2025-11-10,2025-11-10,0001193125-25-274913,S,Sale,sell,20010.0,49.6804,994104.804,-994104.804,Jeffrey T Hanson,Director
AHR,2025-09-03,2025-09-05,0001941750-25-000014,S,Sale,sell,3850.0,41.8887,161271.495,-161271.495,Mark E. Foster,"EVP, GC & Secretary"
AHR,2025-06-30,2025-07-02,0001518484-25-000012,S,Sale,sell,3860.0,36.1,139346.0,-139346.0,Stefan K.L. Oh,Chief Investment Officer
WAT,2026-08-06,2026-08-07,0001000697-26-000127,S,Sale,sell,3626.0,397.94,1442930.44,-1442930.44,Christopher A Kuebler,Director
WAT,2026-03-16,2026-03-18,0001000697-26-000105,P,Purchase,buy,500.0,289.46,144730.0,144730.0,Wei Jiang,Director
WAT,2026-03-06,2026-03-10,0001000697-26-000103,P,Purchase,buy,1000.0,306.34,306340.0,306340.0,Richard H Fearon,Director
RUSHA,2026-08-03,2026-08-05,0001437749-26-025935,S,Sale,sell,6500.0,81.435,529327.5,-529327.5,Michael Mcroberts,Director
RUSHA,2026-07-31,2026-08-03,0001437749-26-025492,S,Sale,sell,7176.0,80.7598,579532.3248,-579532.3248,William M Rusty Rush,"CEO, President and COB"
RUSHA,2026-07-31,2026-08-03,0001437749-26-025492,S,Sale,sell,71574.0,81.0515,5801180.061000001,-5801180.061000001,William M Rusty Rush,"CEO, President and COB"
RUSHA,2026-07-30,2026-08-03,0001437749-26-025491,S,Sale,sell,1822.0,81.1187,147798.2714,-147798.2714,Steven L Keller,CFO & Treasurer
RUSHA,2026-07-30,2026-08-03,0001437749-26-025491,S,Sale,sell,20678.0,80.7262,1669256.3636,-1669256.3636,Steven L Keller,CFO & Treasurer
RUSHA,2026-07-30,2026-08-03,0001437749-26-025490,S,Sale,sell,2400.0,81.0467,194512.08000000002,-194512.08000000002,Michael L Goldstone,"SVP, GC and Corp. Sec."
RUSHA,2026-07-30,2026-08-03,0001437749-26-025490,S,Sale,sell,2100.0,81.3003,170730.62999999998,-170730.62999999998,Michael L Goldstone,"SVP, GC and Corp. Sec."
RUSHA,2026-04-30,2026-05-01,0001437749-26-014522,S,Sale,sell,8000.0,72.2317,577853.6,-577853.6,Michael Mcroberts,Director
RUSHA,2026-03-10,2026-03-12,0001437749-26-008038,S,Sale,sell,10000.0,65.0508,650508.0,-650508.0,Raymond Joseph Chess,Director
RUSHA,2026-02-19,2026-02-23,0001437749-26-005134,S,Sale,sell,4500.0,71.8629,323383.05,-323383.05,Michael L Goldstone,"SVP, GC and Corp. Sec."
RUSHA,2026-02-19,2026-02-23,0001437749-26-005133,S,Sale,sell,8000.0,70.8087,566469.6,-566469.6,Michael Mcroberts,Director
RUSHA,2026-02-19,2026-02-23,0001437749-26-005132,S,Sale,sell,11250.0,71.9188,809086.5,-809086.5,Jody Pollard,Senior Vice President
RUSHA,2025-08-22,2025-08-25,0001437749-25-027707,S,Sale,sell,4500.0,57.25,257625.0,-257625.0,Michael L Goldstone,"SVP, GC and Corp. Sec."
RUSHA,2025-08-12,2025-08-13,0001437749-25-026613,S,Sale,sell,4980.0,55.5527,276652.446,-276652.446,Jason Wilder,Chief Operating Officer
RUSHA,2025-08-04,2025-08-06,0001437749-25-024951,S,Sale,sell,6000.0,54.6399,327839.39999999997,-327839.39999999997,Michael Mcroberts,Director
RUSHA,2025-05-16,2025-05-20,0001437749-25-017881,S,Sale,sell,4500.0,52.1,234450.0,-234450.0,Michael L Goldstone,"SVP, GC and Corp. Sec."
RUSHA,2025-05-16,2025-05-20,0001437749-25-017879,S,Sale,sell,483.0,56.3878,27235.307399999998,-27235.307399999998,Jason Wilder,Chief Operating Officer
RUSHA,2025-05-16,2025-05-20,0001437749-25-017879,S,Sale,sell,748.0,56.0796,41947.5408,-41947.5408,Jason Wilder,Chief Operating Officer
GPK,2026-05-20,2026-05-21,0001193125-26-234664,P,Purchase,buy,16261.0,0.0,0.0,0.0,Jeffrey Stafeil,Director
GPK,2026-05-07,2026-05-11,0001193125-26-216815,P,Purchase,buy,17878.282,11.1868,200000.7650776,200000.7650776,Jeffrey Stafeil,Director
GPK,2026-05-08,2026-05-11,0001193125-26-216732,P,Purchase,buy,14000.0,10.9994,153991.6,153991.6,Robert Hagemann,Director
GPK,2026-03-04,2026-03-05,0001193125-26-093915,P,Purchase,buy,10935.0,11.365,124276.27500000001,124276.27500000001,Larry M Venturelli,Director
GPK,2026-03-04,2026-03-05,0001193125-26-093915,P,Purchase,buy,3896.0,11.3599,44258.170399999995,44258.170399999995,Larry M Venturelli,Director
GPK,2026-03-04,2026-03-05,0001193125-26-093915,P,Purchase,buy,2100.0,11.3557,23846.97,23846.97,Larry M Venturelli,Director
GPK,2026-03-04,2026-03-05,0001193125-26-093915,P,Purchase,buy,600.0,11.355,6813.0,6813.0,Larry M Venturelli,Director
GPK,2026-03-04,2026-03-04,0001193125-26-091829,P,Purchase,buy,44278.0,11.3171,501098.5538,501098.5538,Robbert Rietbroek,President and CEO
GPK,2025-08-25,2025-08-27,0000950170-25-111590,S,Sale,sell,30000.0,22.72,681600.0,-681600.0,Joseph P Yost,"EVP & President, Americas"
GPK,2025-08-01,2025-08-05,0000950170-25-102990,S,Sale,sell,56737.0,21.84,1239136.08,-1239136.08,Philip R Martens,Director
GPK,2025-08-01,2025-08-05,0000950170-25-102990,S,Sale,sell,7015.0,21.8,152927.0,-152927.0,Philip R Martens,Director
NWBI,2026-08-20,2026-08-20,0001785665-26-000008,P,Purchase,buy,1250.0,15.275,19093.75,19093.75,Charles E. Kranich,Director
NWBI,2026-08-20,2026-08-20,0001785665-26-000008,P,Purchase,buy,385.0,15.275,5880.875,5880.875,Charles E. Kranich,Director
NWBI,2026-07-30,2026-07-31,0001943943-26-000014,S,Sale,sell,13274.0,15.77,209330.97999999998,-209330.97999999998,James M Colestro,Chief Retail Lending Officer
NWBI,2026-05-27,2026-05-28,0001639802-26-000002,P,Purchase,buy,10000.0,13.9675,139675.0,139675.0,Timothy M Hunter,Director
NWBI,2026-04-30,2026-05-04,0001968908-26-000010,P,Purchase,buy,5000.0,13.93,69650.0,69650.0,Gregory J. Betchkal,Chief Risk Officer
NWBI,2026-05-01,2026-05-04,0001390812-26-000008,P,Purchase,buy,1500.0,13.922,20883.0,20883.0,Douglas M Schosser,Chief Financial Officer
NWBI,2026-05-01,2026-05-04,0002027638-26-000006,P,Purchase,buy,7000.0,13.975,97825.0,97825.0,Urich T Bowers,Chief Cons. Banking /Strat Off
NWBI,2026-04-30,2026-05-04,0001986468-26-000010,S,Sale,sell,1351.0,13.97,18873.47,-18873.47,Carey A. Barnum,Chief Auditor
NWBI,2026-03-06,2026-03-09,0001730259-26-000003,P,Purchase,buy,3500.0,12.16,42560.0,42560.0,Louis J Torchio,President & CEO
NWBI,2026-01-29,2026-01-29,0001228812-26-000002,P,Purchase,buy,2000.0,12.6241,25248.2,25248.2,Robert M Campana,Director
NWBI,2025-12-08,2025-12-09,0001810699-25-000003,P,Purchase,buy,1500.0,12.265,18397.5,18397.5,David M Tullio,Director
NWBI,2025-12-05,2025-12-08,0001639802-25-000003,P,Purchase,buy,4000.0,12.1846,48738.4,48738.4,Timothy M Hunter,Director
NWBI,2025-12-01,2025-12-02,0001478674-25-000003,P,Purchase,buy,1500.0,12.1,18150.0,18150.0,John P Meegan,Director
NWBI,2025-11-21,2025-11-25,0001538418-25-000004,P,Purchase,buy,1700.0,11.785,20034.5,20034.5,Deborah J Chadsey Esq.,Director
NWBI,2025-11-21,2025-11-21,0001978398-25-000003,P,Purchase,buy,1302.0,11.365,14797.23,14797.23,Amber Lee Williams,Director
NWBI,2025-11-20,2025-11-21,0001228812-25-000004,P,Purchase,buy,1000.0,11.3695,11369.5,11369.5,Robert M Campana,Director
NWBI,2025-08-06,2025-08-07,0001471265-25-000139,P,Purchase,buy,10000.0,11.656,116560.0,116560.0,Timothy M Hunter,Director
NWBI,2025-08-01,2025-08-01,0001471265-25-000134,P,Purchase,buy,3500.0,11.5885,40559.75,40559.75,Mark A Paup,Director
NWBI,2025-06-06,2025-06-10,0001471265-25-000113,S,Sale,sell,9010.0,12.38,111543.8,-111543.8,Richard K Laws,Chief Legal Counsel/Corp. Sec.
NWBI,2025-05-30,2025-06-02,0001471265-25-000105,S,Sale,sell,230.0,12.345,2839.3500000000004,-2839.3500000000004,Carey A. Barnum,Chief Auditor
NWBI,2025-05-30,2025-06-02,0001471265-25-000105,S,Sale,sell,92.0,12.25,1127.0,-1127.0,Carey A. Barnum,Chief Auditor
NWBI,2025-05-19,2025-05-19,0001471265-25-000086,S,Sale,sell,1720.0,12.605,21680.600000000002,-21680.600000000002,Thomas K Creal IV,Chief Credit Officer
NWBI,2025-05-12,2025-05-14,0001471265-25-000084,S,Sale,sell,6374.0,12.67,80758.58,-80758.58,Richard K Laws,Chief Legal Counsel/Corp. Sec.
NWBI,2025-05-13,2025-05-14,0001471265-25-000082,S,Sale,sell,7200.0,12.7002,91441.44,-91441.44,Deborah J Chadsey Esq.,Director
NWBI,2025-05-01,2025-05-01,0001471265-25-000075,S,Sale,sell,1185.0,12.455,14759.175,-14759.175,Carey A. Barnum,Chief Auditor
RYAN,2026-08-13,2026-08-14,0001823013-26-000009,S,Sale,sell,2043.0,42.2633,86343.9219,-86343.9219,Michael Conklin,EVP & CHRO
RYAN,2026-06-11,2026-06-15,0001976607-26-000010,P,Purchase,buy,2500.0,34.83,87075.0,87075.0,Anthony J Kuczinski,Director
RYAN,2026-06-11,2026-06-15,0001976607-26-000010,P,Purchase,buy,500.0,35.77,17885.0,17885.0,Anthony J Kuczinski,Director
RYAN,2026-06-10,2026-06-11,0000938885-26-000011,P,Purchase,buy,7500.0,35.1643,263732.25,263732.25,John W Rogers JR,Director
RYAN,2026-06-05,2026-06-08,0001145037-26-000004,P,Purchase,buy,120000.0,32.4978,3899735.9999999995,3899735.9999999995,Patrick G Ryan,Executive Chairman
RYAN,2026-06-03,2026-06-04,0002039801-26-000006,P,Purchase,buy,6300.0,31.7925,200292.75,200292.75,Janice M Hamilton,Chief Financial Officer
RYAN,2026-06-03,2026-06-04,0001869960-26-000006,P,Purchase,buy,3215.0,31.0694,99888.121,99888.121,Mark Stephen Katz,EVP & General Counsel
RYAN,2026-02-20,2026-02-24,0001145038-26-000002,P,Purchase,buy,365.0,41.41,15114.65,15114.65,Patrick G Ryan JR,Director
RYAN,2026-02-20,2026-02-24,0001145038-26-000002,P,Purchase,buy,24000.0,39.94,958560.0,958560.0,Patrick G Ryan JR,Director
RYAN,2026-02-20,2026-02-24,0001145038-26-000002,P,Purchase,buy,1500.0,40.2,60300.00000000001,60300.00000000001,Patrick G Ryan JR,Director
RYAN,2025-12-11,2025-12-15,0001870059-25-000003,S,Sale,sell,129570.0,53.61,6946247.7,-6946247.7,Timothy William Turner,Chief Executive Officer
RYAN,2025-12-05,2025-12-05,0000895345-25-000390,S,Sale,sell,4145621.0,54.5,225936344.5,-225936344.5,ONEX CORP / Onex RSG GP Inc. / Onex RSG Holdings LP / Onex RSG LP / Gerald W Schwartz,Director
RYAN,2025-09-12,2025-09-15,0001145037-25-000003,P,Purchase,buy,276634.0,51.8384,14340263.9456,14340263.9456,Patrick G Ryan,Executive Chairman
RYAN,2025-09-02,2025-09-02,0001145038-25-000005,P,Purchase,buy,100.0,55.54,5554.0,5554.0,Patrick G Ryan JR,Director
RYAN,2025-06-13,2025-06-17,0001628280-25-031912,S,Sale,sell,14377.0,65.8415,946603.2455,-946603.2455,Mark Stephen Katz,EVP & General Counsel
RYAN,2025-06-03,2025-06-05,0001628280-25-029672,S,Sale,sell,5000.0,70.795,353975.0,-353975.0,David P Bolger,Director
RYAN,2025-05-16,2025-05-19,0001628280-25-026525,S,Sale,sell,50000.0,70.0941,3504705.0,-3504705.0,Jeremiah Rawlins Bickham,President
RYAN,2025-05-12,2025-05-13,0001628280-25-025117,P,Purchase,buy,300.0,70.37,21111.0,21111.0,Anthony J Kuczinski,Director
RYAN,2025-04-01,2025-04-02,0001628280-25-016323,P,Purchase,buy,7637.0,,,,Michael Conklin,EVP & CHRO
RYAN,2025-03-14,2025-03-17,0001628280-25-013207,S,Sale,sell,16180.0,69.0488,1117209.584,-1117209.584,Brendan Martin Mulshine,EVP & Chief Revenue Officer
RYAN,2025-03-14,2025-03-17,0001628280-25-013207,S,Sale,sell,13820.0,69.5941,961790.4619999999,-961790.4619999999,Brendan Martin Mulshine,EVP & Chief Revenue Officer
RYAN,2025-03-10,2025-03-12,0001628280-25-012374,P,Purchase,buy,75.0,69.5,5212.5,5212.5,Patrick G Ryan JR,Director
CAKE,2026-08-17,2026-08-18,0001804712-26-000004,S,Sale,sell,1958.0,109.3573,214121.59339999998,-214121.59339999998,Janice L. Meyer,Director
CAKE,2026-08-10,2026-08-12,0001569880-26-000012,S,Sale,sell,16866.0,109.98,1854922.6800000002,-1854922.6800000002,David M Gordon,PRESIDENT
CAKE,2026-08-10,2026-08-12,0001569880-26-000012,S,Sale,sell,15084.0,110.08,1660446.72,-1660446.72,David M Gordon,PRESIDENT
CAKE,2026-08-10,2026-08-12,0001351997-26-000004,P,Purchase,buy,500.0,49.51,24755.0,24755.0,Edie A Ames,Director
CAKE,2026-08-10,2026-08-12,0001351997-26-000004,S,Sale,sell,3000.0,106.95,320850.0,-320850.0,Edie A Ames,Director
CAKE,2026-08-05,2026-08-06,0000902162-26-000012,S,Sale,sell,94145.0,106.27,10004789.15,-10004789.15,David Overton,CHAIRMAN AND C.E.O.
CAKE,2026-08-04,2026-08-06,0001193532-26-000010,S,Sale,sell,64.0,106.08,6789.12,-6789.12,Alexander L Cappello,Director
CAKE,2026-07-30,2026-08-03,0001193532-26-000008,S,Sale,sell,2095.0,101.5,212642.5,-212642.5,Alexander L Cappello,Director
CAKE,2026-07-30,2026-08-03,0001193532-26-000008,S,Sale,sell,100.0,103.04,10304.0,-10304.0,Alexander L Cappello,Director
CAKE,2026-07-30,2026-08-03,0001193532-26-000008,S,Sale,sell,59.0,104.2,6147.8,-6147.8,Alexander L Cappello,Director
CAKE,2026-07-31,2026-08-03,0001305512-26-000012,S,Sale,sell,7978.0,102.66,819021.48,-819021.48,Scarlett May,"EVP, GENERAL COUNSEL"
CAKE,2026-07-30,2026-07-31,0001971797-26-000010,S,Sale,sell,3500.0,100.0,350000.0,-350000.0,Ashley W Hanscom,PRINCIPAL ACCOUNTING OFFICER
CAKE,2026-07-30,2026-07-31,0001451763-26-000012,S,Sale,sell,68900.0,99.3,6841770.0,-6841770.0,Matthew Eliot Clark,"EXEC VP, CFO"
CAKE,2026-06-02,2026-06-04,0001193532-26-000006,S,Sale,sell,2490.0,64.9,161601.0,-161601.0,Alexander L Cappello,Director
CAKE,2026-05-01,2026-05-04,0000902162-26-000010,S,Sale,sell,104000.0,61.02,6346080.0,-6346080.0,David Overton,CHAIRMAN AND C.E.O.
CAKE,2026-03-10,2026-03-11,0001305512-26-000008,S,Sale,sell,5206.0,62.9482,327708.3292,-327708.3292,Scarlett May,"EVP, GENERAL COUNSEL"
CAKE,2026-02-25,2026-02-26,0002113587-26-000008,S,Sale,sell,4790.0,65.9963,316122.277,-316122.277,Spero G Alex,EVP Operations - CFRI
CAKE,2026-02-25,2026-02-26,0001451763-26-000008,S,Sale,sell,7000.0,65.7,459900.0,-459900.0,Matthew Eliot Clark,"EXEC VP, CFO"
CAKE,2026-02-25,2026-02-26,0001971797-26-000008,S,Sale,sell,2951.0,65.635,193688.885,-193688.885,Ashley W Hanscom,PRINCIPAL ACCOUNTING OFFICER
CAKE,2026-02-23,2026-02-25,0001193532-26-000002,S,Sale,sell,635.0,63.74,40474.9,-40474.9,Alexander L Cappello,Director
CAKE,2025-08-14,2025-08-15,0001415889-25-022058,S,Sale,sell,20000.0,63.04,1260800.0,-1260800.0,David M Gordon,PRESIDENT
CAKE,2025-08-14,2025-08-15,0001415889-25-022058,S,Sale,sell,13400.0,62.87,842458.0,-842458.0,David M Gordon,PRESIDENT
CAKE,2025-08-14,2025-08-15,0001415889-25-022058,S,Sale,sell,9935.0,63.37,629580.95,-629580.95,David M Gordon,PRESIDENT
CAKE,2025-07-31,2025-08-01,0001415889-25-020872,S,Sale,sell,12388.0,65.88,816121.44,-816121.44,Alexander L Cappello,Director
CAKE,2025-06-09,2025-06-10,0001415889-25-016554,S,Sale,sell,18800.0,58.8216,1105846.0799999998,-1105846.0799999998,Scarlett May,"EVP, GENERAL COUNSEL"
CAKE,2025-05-29,2025-05-30,0001415889-25-015049,S,Sale,sell,9200.0,56.0607,515758.43999999994,-515758.43999999994,Scarlett May,"EVP, GENERAL COUNSEL"
CAKE,2025-05-29,2025-05-30,0001415889-25-015049,S,Sale,sell,11600.0,55.9795,649362.2000000001,-649362.2000000001,Scarlett May,"EVP, GENERAL COUNSEL"
CAKE,2025-05-28,2025-05-29,0001415889-25-014813,S,Sale,sell,8300.0,55.1164,457466.12,-457466.12,Keith Carango,PRESIDENT (SUBSIDIARY)
CAKE,2025-05-28,2025-05-29,0001415889-25-014813,S,Sale,sell,3000.0,55.1164,165349.19999999998,-165349.19999999998,Keith Carango,PRESIDENT (SUBSIDIARY)
CAKE,2025-05-28,2025-05-29,0001415889-25-014813,S,Sale,sell,9200.0,55.1164,507070.88,-507070.88,Keith Carango,PRESIDENT (SUBSIDIARY)
CAKE,2025-05-28,2025-05-29,0001415889-25-014813,S,Sale,sell,30000.0,55.1164,1653492.0,-1653492.0,Keith Carango,PRESIDENT (SUBSIDIARY)
CAKE,2025-05-27,2025-05-29,0001415889-25-014812,S,Sale,sell,42900.0,56.0,2402400.0,-2402400.0,Matthew Eliot Clark,"EXEC VP, CFO"
CAKE,2025-05-08,2025-05-12,0001415889-25-012644,S,Sale,sell,16600.0,50.438,837270.8,-837270.8,David M Gordon,PRESIDENT
CAKE,2025-05-08,2025-05-12,0001415889-25-012644,S,Sale,sell,10000.0,50.438,504380.0,-504380.0,David M Gordon,PRESIDENT
CAKE,2025-05-08,2025-05-12,0001415889-25-012644,S,Sale,sell,30000.0,50.438,1513140.0,-1513140.0,David M Gordon,PRESIDENT
CAKE,2025-05-08,2025-05-12,0001415889-25-012644,S,Sale,sell,5826.0,50.438,293851.788,-293851.788,David M Gordon,PRESIDENT
CAKE,2025-05-08,2025-05-12,0001415889-25-012644,S,Sale,sell,14452.0,50.6815,732449.038,-732449.038,David M Gordon,PRESIDENT
DCTH,2026-03-06,2026-03-06,0001824817-26-000006,P,Purchase,buy,5533.0,9.04,50018.31999999999,50018.31999999999,Sandra Pennell,Chief Financial Officer
DCTH,2026-03-02,2026-03-03,0001235644-26-000007,P,Purchase,buy,11200.0,8.9562,100309.44,100309.44,Gerard J Michel,CHIEF EXECUTIVE OFFICER
DCTH,2025-11-21,2025-11-25,0001784561-25-000005,P,Purchase,buy,4386.0,8.89,38991.54,38991.54,John Richard Sylvester,Director
DCTH,2025-11-11,2025-11-13,0001235644-25-000004,P,Purchase,buy,11500.0,8.526,98049.0,98049.0,Gerard J Michel,CHIEF EXECUTIVE OFFICER
EPAM,2026-04-30,2026-05-04,0001538408-26-000004,P,Purchase,buy,77.551,96.71,7499.95721,7499.95721,Balazs Fejes,"CEO, President, Director"
EPAM,2026-04-30,2026-05-04,0001761897-26-000004,P,Purchase,buy,77.551,96.71,7499.95721,7499.95721,Edward Rockwell,SVP/Chief Legal Officer
EPAM,2026-04-30,2026-05-04,0001703877-26-000004,P,Purchase,buy,77.551,96.71,7499.95721,7499.95721,Gary C Abrahams,"VP, Corporate Controller, PAO"
EPAM,2026-04-30,2026-05-04,0001702274-26-000004,P,Purchase,buy,77.551,96.71,7499.95721,7499.95721,Jason D. Peterson,Chief Financial Officer
EPAM,2026-04-30,2026-05-04,0001693502-26-000004,P,Purchase,buy,77.551,96.71,7499.95721,7499.95721,Lawrence F Solomon,SVP/Chief People Officer
EPAM,2026-04-30,2026-05-04,0001732239-26-000006,P,Purchase,buy,77.551,96.71,7499.95721,7499.95721,Viktar Dvorkin,"Chief Deliv Off, EVP, Americas"
EPAM,2025-12-10,2025-12-11,0001684907-25-000012,S,Sale,sell,5000.0,207.0,1035000.0,-1035000.0,Boris Shnayder,SVP/Co-Head of Global Business
EPAM,2025-11-17,2025-11-17,0001703877-25-000009,S,Sale,sell,600.0,179.29,107574.0,-107574.0,Gary C Abrahams,"VP, Corporate Controller, PAO"
EPAM,2025-11-13,2025-11-13,0001732239-25-000012,S,Sale,sell,35.0,181.72,6360.2,-6360.2,Viktar Dvorkin,SVP/Head of Global Delivery
EPAM,2025-11-13,2025-11-13,0001732239-25-000012,S,Sale,sell,2465.0,181.8,448137.0,-448137.0,Viktar Dvorkin,SVP/Head of Global Delivery
EPAM,2025-04-30,2025-11-10,0001703877-25-000007,P,Purchase,buy,56.234,133.37,7499.928580000001,7499.928580000001,Gary C Abrahams,"VP, Corporate Controller, PAO"
EPAM,2025-04-30,2025-11-10,0001703877-25-000007,P,Purchase,buy,55.683,134.69,7499.94327,7499.94327,Gary C Abrahams,"VP, Corporate Controller, PAO"
EPAM,2025-04-30,2025-11-10,0001761897-25-000007,P,Purchase,buy,56.234,133.37,7499.928580000001,7499.928580000001,Edward Rockwell,SVP/General Counsel
EPAM,2025-04-30,2025-11-10,0001761897-25-000007,P,Purchase,buy,55.683,134.69,7499.94327,7499.94327,Edward Rockwell,SVP/General Counsel
EPAM,2025-04-30,2025-11-10,0001538408-25-000011,P,Purchase,buy,56.234,133.37,7499.928580000001,7499.928580000001,Balazs Fejes,"CEO, President, Director"
EPAM,2025-04-30,2025-11-10,0001538408-25-000011,P,Purchase,buy,55.683,134.69,7499.94327,7499.94327,Balazs Fejes,"CEO, President, Director"
EPAM,2025-04-30,2025-11-10,0001702274-25-000009,P,Purchase,buy,56.234,133.37,7499.928580000001,7499.928580000001,Jason D. Peterson,Chief Financial Officer
EPAM,2025-04-30,2025-11-10,0001702274-25-000009,P,Purchase,buy,55.683,134.69,7499.94327,7499.94327,Jason D. Peterson,Chief Financial Officer
EPAM,2025-04-30,2025-11-10,0001684907-25-000008,P,Purchase,buy,56.234,133.37,7499.928580000001,7499.928580000001,Boris Shnayder,SVP/Co-Head of Global Business
EPAM,2025-04-30,2025-11-10,0001684907-25-000008,P,Purchase,buy,55.683,134.69,7499.94327,7499.94327,Boris Shnayder,SVP/Co-Head of Global Business
EPAM,2025-04-30,2025-11-10,0001693502-25-000007,P,Purchase,buy,56.234,133.37,7499.928580000001,7499.928580000001,Lawrence F Solomon,SVP & Chief People Officer
EPAM,2025-04-30,2025-11-10,0001693502-25-000007,P,Purchase,buy,55.683,134.69,7499.94327,7499.94327,Lawrence F Solomon,SVP & Chief People Officer
EPAM,2025-04-30,2025-11-10,0001732239-25-000010,P,Purchase,buy,56.234,133.37,7499.928580000001,7499.928580000001,Viktar Dvorkin,SVP/Head of Global Delivery
EPAM,2025-04-30,2025-11-10,0001732239-25-000010,P,Purchase,buy,55.683,134.69,7499.94327,7499.94327,Viktar Dvorkin,SVP/Head of Global Delivery
EPAM,2025-10-21,2025-10-22,0001732194-25-000017,S,Sale,sell,1511.0,150.27,227057.97,-227057.97,Sergey Yezhkov,SVP/Co-Head of Global Business
EPAM,2025-10-02,2025-10-22,0001732194-25-000015,S,Sale,sell,10079.0,150.86,1520517.9400000002,-1520517.9400000002,Sergey Yezhkov,SVP/Co-Head of Global Business
EPAM,2025-04-30,2025-10-22,0001732194-25-000013,P,Purchase,buy,56.23,133.37,7499.3951,7499.3951,Sergey Yezhkov,SVP/Co-Head of Global Business
EPAM,2025-10-02,2025-10-03,0001732194-25-000011,S,Sale,sell,10079.0,150.86,1520517.9400000002,-1520517.9400000002,Sergey Yezhkov,SVP/Co-Head of Global Business
EPAM,2025-04-30,2025-09-02,0001732194-25-000010,P,Purchase,buy,56.23,133.37,7499.3951,7499.3951,Sergey Yezhkov,SVP/Co-Head of Global Business
EPAM,2025-05-22,2025-05-22,0001684907-25-000005,S,Sale,sell,10500.0,183.97,1931685.0,-1931685.0,Boris Shnayder,SVP/Co-Head of Global Business
EPAM,2025-03-05,2025-03-06,0001732194-25-000004,S,Sale,sell,18000.0,199.07,3583260.0,-3583260.0,Sergey Yezhkov,SVP/Co-Head of Global Business
EPAM,2025-03-04,2025-03-06,0001538408-25-000004,S,Sale,sell,5400.0,200.0,1080000.0,-1080000.0,Balazs Fejes,EVP/Co-Head of Global Business
AVY,2026-08-04,2026-08-05,0000008818-26-000134,S,Sale,sell,1742.0,171.61,298944.62,-298944.62,Ignacio J Walker,SVP and Chief Legal Officer
AVY,2026-03-11,2026-03-13,0000008818-26-000066,S,Sale,sell,4123.0,173.1749,714000.1127,-714000.1127,Mitchell R Butier,Director
AVY,2026-03-11,2026-03-13,0000008818-26-000066,S,Sale,sell,13404.0,173.983,2332068.132,-2332068.132,Mitchell R Butier,Director
AVY,2026-03-11,2026-03-13,0000008818-26-000066,S,Sale,sell,2473.0,174.5326,431619.1198,-431619.1198,Mitchell R Butier,Director
AVY,2026-03-11,2026-03-13,0000008818-26-000066,S,Sale,sell,1160.0,169.7064,196859.424,-196859.424,Mitchell R Butier,Director
AVY,2026-03-11,2026-03-13,0000008818-26-000066,S,Sale,sell,4979.0,170.6895,849863.0205000001,-849863.0205000001,Mitchell R Butier,Director
AVY,2026-03-11,2026-03-13,0000008818-26-000066,S,Sale,sell,2977.0,171.8031,511457.8287,-511457.8287,Mitchell R Butier,Director
AVY,2026-03-11,2026-03-13,0000008818-26-000066,S,Sale,sell,3027.0,172.6638,522653.3226,-522653.3226,Mitchell R Butier,Director
AVY,2026-03-11,2026-03-13,0000008818-26-000066,S,Sale,sell,857.0,173.498,148687.786,-148687.786,Mitchell R Butier,Director
AVY,2026-03-09,2026-03-11,0000008818-26-000060,S,Sale,sell,4365.0,174.9719,763752.3435000001,-763752.3435000001,Mitchell R Butier,Director
AVY,2026-03-09,2026-03-11,0000008818-26-000060,S,Sale,sell,9035.0,175.7592,1587984.372,-1587984.372,Mitchell R Butier,Director
AVY,2026-03-09,2026-03-11,0000008818-26-000060,S,Sale,sell,6225.0,176.9235,1101348.7874999999,-1101348.7874999999,Mitchell R Butier,Director
AVY,2026-03-09,2026-03-11,0000008818-26-000060,S,Sale,sell,375.0,177.5809,66592.83750000001,-66592.83750000001,Mitchell R Butier,Director
AVY,2026-03-09,2026-03-11,0000008818-26-000060,S,Sale,sell,4699.0,174.5182,820061.0218,-820061.0218,Mitchell R Butier,Director
AVY,2026-03-09,2026-03-11,0000008818-26-000060,S,Sale,sell,6424.0,175.2557,1125842.6168,-1125842.6168,Mitchell R Butier,Director
AVY,2026-03-09,2026-03-11,0000008818-26-000060,S,Sale,sell,7283.0,176.3825,1284593.7475,-1284593.7475,Mitchell R Butier,Director
AVY,2026-03-09,2026-03-11,0000008818-26-000060,S,Sale,sell,1594.0,176.9776,282102.2944,-282102.2944,Mitchell R Butier,Director
AVY,2026-03-05,2026-03-09,0000008818-26-000054,S,Sale,sell,10633.0,183.8565,1954946.1645000002,-1954946.1645000002,Mitchell R Butier,Director
AVY,2026-03-05,2026-03-09,0000008818-26-000054,S,Sale,sell,5863.0,185.0117,1084723.5971,-1084723.5971,Mitchell R Butier,Director
AVY,2026-03-05,2026-03-09,0000008818-26-000054,S,Sale,sell,2543.0,185.9528,472877.9704,-472877.9704,Mitchell R Butier,Director
AVY,2026-03-05,2026-03-09,0000008818-26-000054,S,Sale,sell,961.0,186.511,179237.071,-179237.071,Mitchell R Butier,Director
AVY,2026-03-05,2026-03-09,0000008818-26-000054,S,Sale,sell,12944.0,179.0349,2317427.7456,-2317427.7456,Mitchell R Butier,Director
AVY,2026-03-05,2026-03-09,0000008818-26-000054,S,Sale,sell,7006.0,179.6347,1258520.7082,-1258520.7082,Mitchell R Butier,Director
AVY,2026-03-05,2026-03-09,0000008818-26-000054,S,Sale,sell,50.0,182.15,9107.5,-9107.5,Mitchell R Butier,Director
AVY,2026-02-06,2026-02-09,0000008818-26-000011,S,Sale,sell,1156.0,192.95,223050.19999999998,-223050.19999999998,Ignacio J Walker,SVP and Chief Legal Officer
AVY,2025-03-06,2025-03-07,0001127602-25-008773,S,Sale,sell,5651.0,181.2182,1024064.0482,-1024064.0482,Mitchell R Butier,Executive Chairman
AVY,2025-03-06,2025-03-07,0001127602-25-008773,S,Sale,sell,6868.0,182.3054,1252073.4871999999,-1252073.4871999999,Mitchell R Butier,Executive Chairman
AVY,2025-03-06,2025-03-07,0001127602-25-008773,S,Sale,sell,450.0,182.7773,82249.785,-82249.785,Mitchell R Butier,Executive Chairman
AVY,2025-03-03,2025-03-06,0001127602-25-008508,S,Sale,sell,8068.0,186.1923,1502199.4763999998,-1502199.4763999998,Mitchell R Butier,Executive Chairman
TILE,2026-08-19,2026-08-28,0002124498-26-000004,S,Sale,sell,2826.0,37.86,106992.36,-106992.36,William Thomas Blackorby,"VP, Chief Supply Chain Officer"
TILE,2026-08-26,2026-08-28,0001701898-26-000011,S,Sale,sell,170.0,39.13,6652.1,-6652.1,Bruce Andrew Hausmann,VP & CFO
TILE,2026-08-24,2026-08-24,0001768695-26-000005,S,Sale,sell,7000.0,39.09,273630.0,-273630.0,Laurel Hurd,President & CEO
TILE,2026-08-19,2026-08-19,0002124498-26-000003,S,Sale,sell,2826.0,39.21,110807.46,-110807.46,William Thomas Blackorby,"VP, Chief Supply Chain Officer"
TILE,2026-08-11,2026-08-11,0001812627-26-000005,S,Sale,sell,8000.0,38.3,306400.0,-306400.0,Robert Pridgen,Chief Accounting Officer
TILE,2026-08-11,2026-08-11,0001833429-26-000007,S,Sale,sell,10000.0,38.43,384300.0,-384300.0,James Poppens,Vice President
TILE,2026-05-27,2026-05-29,0001701898-26-000005,S,Sale,sell,50000.0,29.66,1483000.0,-1483000.0,Bruce Andrew Hausmann,VP & CFO
TILE,2026-05-18,2026-05-20,0001694421-26-000006,S,Sale,sell,44393.0,29.0,1287397.0,-1287397.0,David B Foshee,Vice President/Secretary
TILE,2026-03-06,2026-03-06,0001833429-26-000006,S,Sale,sell,8000.0,28.05,224400.0,-224400.0,James Poppens,Vice President
TILE,2026-03-03,2026-03-05,0001833429-26-000005,S,Sale,sell,10000.0,29.42,294200.0,-294200.0,James Poppens,Vice President
TILE,2026-03-03,2026-03-05,0001833429-26-000005,S,Sale,sell,2650.0,29.11,77141.5,-77141.5,James Poppens,Vice President
TILE,2026-03-03,2026-03-05,0001833429-26-000005,S,Sale,sell,5000.0,28.11,140550.0,-140550.0,James Poppens,Vice President
TILE,2026-02-26,2026-03-02,0001833429-26-000004,S,Sale,sell,9144.0,31.56,288584.64,-288584.64,James Poppens,Vice President
TILE,2026-02-26,2026-03-02,0001833429-26-000004,S,Sale,sell,5206.0,31.28,162843.68,-162843.68,James Poppens,Vice President
TILE,2025-08-27,2025-08-28,0001562180-25-006031,S,Sale,sell,25000.0,26.95,673750.0,-673750.0,Bruce Andrew Hausmann,VP & CFO
TILE,2025-08-21,2025-08-22,0001562180-25-005936,S,Sale,sell,5000.0,26.14,130700.0,-130700.0,James Poppens,Vice President
TILE,2025-08-11,2025-08-11,0001562180-25-005703,S,Sale,sell,4000.0,25.1,100400.0,-100400.0,Robert Pridgen,Chief Accounting Officer
TILE,2025-08-06,2025-08-08,0001562180-25-005686,S,Sale,sell,79497.0,25.6,2035123.2000000002,-2035123.2000000002,Stansfield Nigel,Vice President
TILE,2025-05-29,2025-05-30,0001562180-25-004282,S,Sale,sell,19474.0,20.1371,392149.8854,-392149.8854,James Poppens,Vice President
TILE,2025-05-29,2025-05-30,0001562180-25-004282,S,Sale,sell,526.0,20.118,10582.068,-10582.068,James Poppens,Vice President
TILE,2025-03-03,2025-03-05,0001562180-25-002084,S,Sale,sell,7500.0,19.95,149625.0,-149625.0,Daniel T Hendrix,Director
WWW,2026-07-13,2026-07-15,0001628280-26-048333,S,Sale,sell,25000.0,18.14,453500.0,-453500.0,Jeffrey M Boromisa,Director
WWW,2026-05-21,2026-05-22,0001628280-26-037741,S,Sale,sell,5500.0,15.88,87340.0,-87340.0,Brenda J Lauderback,Director
WWW,2025-11-07,2025-11-10,0001628280-25-051098,P,Purchase,buy,6250.0,15.77,98562.5,98562.5,Jack Boyle,Director
WWW,2025-11-07,2025-11-10,0001628280-25-051093,P,Purchase,buy,2000.0,15.88,31760.0,31760.0,Nicholas T. Long,Director
WWW,2025-11-07,2025-11-10,0001628280-25-051089,P,Purchase,buy,25000.0,15.77,394250.0,394250.0,Demonty Price,Director
WWW,2025-10-30,2025-11-03,0001628280-25-048462,S,Sale,sell,11528.0,22.32,257304.96,-257304.96,Amy M. Klimek,Chief Human Resources Officer
WWW,2025-08-28,2025-09-02,0000110471-25-000143,S,Sale,sell,32294.0,31.91,1030501.54,-1030501.54,Christopher Hufnagel,President and CEO
WWW,2025-08-29,2025-09-02,0000110471-25-000142,S,Sale,sell,5000.0,32.16,160799.99999999997,-160799.99999999997,David A Latchana,Chief Legal Officer
WWW,2025-08-28,2025-08-28,0000110471-25-000139,S,Sale,sell,12854.0,31.84,409271.36,-409271.36,Nicholas T. Long,Director
WWW,2025-08-27,2025-08-28,0000110471-25-000138,S,Sale,sell,12854.0,32.14,413127.56,-413127.56,Brenda J Lauderback,Director
WWW,2025-08-18,2025-08-20,0000110471-25-000135,S,Sale,sell,18676.0,28.41,530585.16,-530585.16,Amy M. Klimek,Chief Human Resources Officer
WWW,2025-08-18,2025-08-20,0000110471-25-000135,S,Sale,sell,20000.0,28.41,568200.0,-568200.0,Amy M. Klimek,Chief Human Resources Officer
WWW,2025-08-08,2025-08-12,0000110471-25-000131,S,Sale,sell,12854.0,27.33,351299.82,-351299.82,William K Gerber,Director
WWW,2025-08-08,2025-08-12,0000110471-25-000130,P,Purchase,buy,15000.0,27.19,407850.0,407850.0,Demonty Price,Director
WWW,2025-05-12,2025-05-13,0000110471-25-000088,S,Sale,sell,6500.0,16.67,108355.00000000001,-108355.00000000001,Brenda J Lauderback,Director
ANF,2026-08-10,2026-08-11,0001225208-26-007063,S,Sale,sell,10000.0,115.0,1150000.0,-1150000.0,Scott D. Lipesky,EVP and COO
ANF,2026-08-04,2026-08-06,0001225208-26-007021,S,Sale,sell,10000.0,110.0,1100000.0,-1100000.0,Scott D. Lipesky,EVP and COO
ANF,2026-07-28,2026-07-29,0001225208-26-006816,S,Sale,sell,10000.0,105.0,1050000.0,-1050000.0,Scott D. Lipesky,EVP and COO
ANF,2026-07-16,2026-07-20,0001225208-26-006693,S,Sale,sell,10000.0,100.0,1000000.0,-1000000.0,Scott D. Lipesky,EVP and COO
ANF,2026-02-06,2026-02-09,0001225208-26-001529,S,Sale,sell,29769.0,100.0,2976900.0,-2976900.0,Fran Horowitz,Chief Executive Officer
ANF,2026-02-04,2026-02-06,0001225208-26-001450,S,Sale,sell,2459.0,104.46,256867.13999999998,-256867.13999999998,Fran Horowitz,Chief Executive Officer
ANF,2026-02-04,2026-02-06,0001225208-26-001450,S,Sale,sell,6200.0,101.66,630292.0,-630292.0,Fran Horowitz,Chief Executive Officer
ANF,2026-02-04,2026-02-06,0001225208-26-001450,S,Sale,sell,9171.0,103.28,947180.88,-947180.88,Fran Horowitz,Chief Executive Officer
ANF,2026-02-04,2026-02-06,0001225208-26-001450,S,Sale,sell,14919.0,102.44,1528302.3599999999,-1528302.3599999999,Fran Horowitz,Chief Executive Officer
ANF,2026-02-04,2026-02-06,0001225208-26-001450,S,Sale,sell,17251.0,105.52,1820325.52,-1820325.52,Fran Horowitz,Chief Executive Officer
ANF,2026-02-04,2026-02-06,0001225208-26-001450,S,Sale,sell,1813.0,104.52,189494.75999999998,-189494.75999999998,Fran Horowitz,Chief Executive Officer
ANF,2026-02-04,2026-02-06,0001225208-26-001450,S,Sale,sell,2612.0,103.27,269741.24,-269741.24,Fran Horowitz,Chief Executive Officer
ANF,2026-02-04,2026-02-06,0001225208-26-001450,S,Sale,sell,3132.0,102.62,321405.84,-321405.84,Fran Horowitz,Chief Executive Officer
ANF,2026-02-04,2026-02-06,0001225208-26-001450,S,Sale,sell,4610.0,100.52,463397.19999999995,-463397.19999999995,Fran Horowitz,Chief Executive Officer
ANF,2026-02-04,2026-02-06,0001225208-26-001450,S,Sale,sell,4864.0,101.39,493160.96,-493160.96,Fran Horowitz,Chief Executive Officer
ANF,2026-02-02,2026-02-04,0001225208-26-001314,S,Sale,sell,800.0,102.11,81688.0,-81688.0,Fran Horowitz,Chief Executive Officer
ANF,2026-02-02,2026-02-04,0001225208-26-001314,S,Sale,sell,49200.0,101.1,4974120.0,-4974120.0,Fran Horowitz,Chief Executive Officer
ANF,2026-02-02,2026-02-04,0001225208-26-001314,S,Sale,sell,14407.0,102.77,1480607.39,-1480607.39,Fran Horowitz,Chief Executive Officer
ANF,2026-02-02,2026-02-04,0001225208-26-001314,S,Sale,sell,35593.0,100.76,3586350.68,-3586350.68,Fran Horowitz,Chief Executive Officer
ANF,2026-01-22,2026-01-26,0001225208-26-000845,S,Sale,sell,9833.0,100.52,988413.1599999999,-988413.1599999999,Fran Horowitz,Chief Executive Officer
ANF,2026-01-22,2026-01-26,0001225208-26-000845,S,Sale,sell,37490.0,97.32,3648526.8,-3648526.8,Fran Horowitz,Chief Executive Officer
ANF,2026-01-22,2026-01-26,0001225208-26-000845,S,Sale,sell,55877.0,99.0,5531823.0,-5531823.0,Fran Horowitz,Chief Executive Officer
ANF,2026-01-22,2026-01-26,0001225208-26-000845,S,Sale,sell,23109.0,96.48,2229556.3200000003,-2229556.3200000003,Fran Horowitz,Chief Executive Officer
ANF,2026-01-22,2026-01-26,0001225208-26-000845,S,Sale,sell,76891.0,95.07,7310027.369999999,-7310027.369999999,Fran Horowitz,Chief Executive Officer
ANF,2025-09-05,2025-09-08,0001225208-25-007835,S,Sale,sell,1392.0,94.6,131683.19999999998,-131683.19999999998,Kenneth B. Robinson,Director
ANF,2025-08-29,2025-09-03,0001225208-25-007734,S,Sale,sell,1500.0,93.15,139725.0,-139725.0,Jay Rust,EVP Human Resources
ANF,2025-08-29,2025-09-03,0001225208-25-007733,S,Sale,sell,5072.0,96.18,487824.96,-487824.96,James A Goldman,Director
ANF,2025-08-29,2025-09-03,0001225208-25-007732,S,Sale,sell,4292.0,95.1152,408234.4384,-408234.4384,Kerrii B Anderson,Director
BJRI,2026-08-10,2026-08-12,0001193125-26-347224,S,Sale,sell,7535.0,70.14,528504.9,-528504.9,Noah A. Elbogen,Director
BJRI,2026-08-06,2026-08-07,0001193125-26-340569,S,Sale,sell,10217.0,69.31,708140.27,-708140.27,Kendra D Miller,EVP & General Counsel
BJRI,2026-08-06,2026-08-07,0001193125-26-340569,S,Sale,sell,2978.0,69.8,207864.4,-207864.4,Kendra D Miller,EVP & General Counsel
BJRI,2026-08-06,2026-08-07,0001193125-26-340349,S,Sale,sell,21704.0,68.81,1493452.24,-1493452.24,Gregory S Lynds,EVP & Chief Dev. Officer
BJRI,2026-08-03,2026-08-05,0001193125-26-336027,S,Sale,sell,25350.0,67.47,1710364.5,-1710364.5,Gregory S Lynds,EVP & Chief Dev. Officer
BJRI,2026-06-18,2026-06-22,0001193125-26-278134,S,Sale,sell,7341.0,55.17,405002.97000000003,-405002.97000000003,Brian S Krakower,EVP & Chief Info. Officer
BJRI,2026-06-18,2026-06-22,0001193125-26-278133,S,Sale,sell,14716.0,55.6,818209.6,-818209.6,Kendra D Miller,EVP & General Counsel
BJRI,2026-06-18,2026-06-22,0001193125-26-278133,S,Sale,sell,4545.0,55.6,252702.0,-252702.0,Kendra D Miller,EVP & General Counsel
BJRI,2026-06-18,2026-06-22,0001193125-26-278123,S,Sale,sell,6201.0,55.86,346387.86,-346387.86,Gregory S Lynds,EVP & Chief Dev. Officer
BJRI,2026-06-18,2026-06-22,0001193125-26-278117,S,Sale,sell,4652.0,54.0,251208.0,-251208.0,Noah A. Elbogen,Director
BJRI,2026-06-18,2026-06-22,0001193125-26-278112,S,Sale,sell,2792.0,53.5,149372.0,-149372.0,Lea Anne Ottinger,Director
BJRI,2026-06-12,2026-06-15,0001193125-26-271150,S,Sale,sell,3090.0,53.21,164418.9,-164418.9,Heidi Rogers,SVP & Chief Marketing Officer
BJRI,2026-06-11,2026-06-12,0001193125-26-269546,S,Sale,sell,5537.0,50.76,281058.12,-281058.12,Gregory S Lynds,EVP & Chief Dev. Officer
BJRI,2026-06-10,2026-06-11,0001193125-26-267651,S,Sale,sell,7419.0,48.56,360266.64,-360266.64,Kendra D Miller,EVP & General Counsel
BJRI,2026-05-29,2026-06-01,0001193125-26-251535,S,Sale,sell,4049.0,47.85,193744.65,-193744.65,Noah A. Elbogen,Director
BJRI,2026-05-28,2026-06-01,0001193125-26-251533,S,Sale,sell,341.0,46.83,15969.029999999999,-15969.029999999999,Brian S Krakower,EVP & Chief Info. Officer
BJRI,2026-05-28,2026-06-01,0001193125-26-251533,S,Sale,sell,3134.0,46.7,146357.80000000002,-146357.80000000002,Brian S Krakower,EVP & Chief Info. Officer
BJRI,2026-03-17,2026-03-18,0001193125-26-113922,S,Sale,sell,2600.0,35.03,91078.0,-91078.0,Brian S Krakower,EVP & Chief Info. Officer
BJRI,2026-03-06,2026-03-12,0001193125-26-104366,P,Purchase,buy,1000.0,34.05,34050.0,34050.0,Bradford C Richmond,Director
BJRI,2026-03-06,2026-03-06,0001193125-26-096890,P,Purchase,buy,1000.0,34.5,34500.0,34500.0,Bradford C Richmond,Director
BJRI,2026-03-03,2026-03-05,0001193125-26-094057,P,Purchase,buy,1000.0,35.05,35050.0,35050.0,Bradford C Richmond,Director
BJRI,2026-03-03,2026-03-05,0001193125-26-094057,P,Purchase,buy,200.0,35.36,7072.0,7072.0,Bradford C Richmond,Director
BJRI,2025-12-11,2025-12-15,0001193125-25-319377,S,Sale,sell,7847.0,39.61,310819.67,-310819.67,Brian S Krakower,EVP & Chief Info. Officer
BJRI,2025-12-11,2025-12-15,0001193125-25-319377,S,Sale,sell,170.0,39.71,6750.7,-6750.7,Brian S Krakower,EVP & Chief Info. Officer
BJRI,2025-09-08,2025-09-09,0001238874-25-000006,S,Sale,sell,1821.0,34.06,62023.26,-62023.26,Alex Puchner,Sr. Vice President Brewing Ops
BJRI,2025-08-19,2025-08-19,0000950170-25-110224,S,Sale,sell,4116.0,35.36,145541.76,-145541.76,Heidi Rogers,Sr VP-Marketing
BJRI,2025-08-19,2025-08-19,0000950170-25-110203,S,Sale,sell,9521.0,35.51,338090.70999999996,-338090.70999999996,Jacob Guild,Sr VP & CAO
BJRI,2025-05-16,2025-05-16,0000950170-25-073740,S,Sale,sell,134486.0,44.64,6003455.04,-6003455.04,Greg Trojan,Director
BJRI,2025-05-16,2025-05-16,0000950170-25-073740,S,Sale,sell,11616.0,44.5,516912.0,-516912.0,Greg Trojan,Director
BJRI,2025-05-15,2025-05-15,0000950170-25-072912,S,Sale,sell,3100.0,44.32,137392.0,-137392.0,Brian S Krakower,Chief Information Officer
BJRI,2025-05-15,2025-05-15,0000950170-25-072912,S,Sale,sell,638.0,44.33,28282.539999999997,-28282.539999999997,Brian S Krakower,Chief Information Officer
BJRI,2025-04-25,2025-04-28,0000921895-25-001195,S,Sale,sell,35500.0,33.2529,1180477.95,-1180477.95,"Fund 1 Investments, LLC / PLP Funds Master Fund LP / Pleasant Lake Partners LLC",10% Owner
BJRI,2025-04-25,2025-04-28,0000921895-25-001195,P,Derivative_Purchase,buy,50000.0,,1661740.0,1661740.0,"Fund 1 Investments, LLC / PLP Funds Master Fund LP / Pleasant Lake Partners LLC",10% Owner
MATV,2025-06-06,2025-06-09,0001562180-25-004630,P,Purchase,buy,5000.0,6.4,32000.0,32000.0,John K Stipancich,Director
MATV,2025-05-30,2025-06-03,0001562180-25-004358,P,Purchase,buy,10000.0,5.78,57800.0,57800.0,Marco Levi,Director
MATV,2025-05-29,2025-06-02,0001562180-25-004291,P,Purchase,buy,5000.0,5.84,29200.0,29200.0,William M Cook,Director
MATV,2025-05-29,2025-05-30,0001562180-25-004287,P,Purchase,buy,10000.0,5.88,58800.0,58800.0,Kimberly E Ritrievi,Director
MATV,2025-05-29,2025-05-30,0001562180-25-004286,P,Purchase,buy,40000.0,5.76,230400.0,230400.0,Shruti Singhal,"President, CEO"
TTC,2026-06-26,2026-06-29,0001628280-26-046012,S,Sale,sell,280.0,97.975,27433.0,-27433.0,Edric C Funk,President & COO
TTC,2026-06-26,2026-06-29,0001628280-26-046012,S,Sale,sell,856.051,97.975,83871.596725,-83871.596725,Edric C Funk,President & COO
TTC,2026-06-26,2026-06-29,0001628280-26-046012,S,Sale,sell,247.408,97.97,24238.561759999997,-24238.561759999997,Edric C Funk,President & COO
TTC,2026-06-23,2026-06-24,0001628280-26-045257,S,Sale,sell,6600.0,93.09,614394.0,-614394.0,Kurt D Svendsen,"VP, Technology"
TTC,2026-06-16,2026-06-17,0001628280-26-043797,P,Purchase,buy,160.0,90.005,14400.8,14400.8,Angela C Drake,VP & CFO
TTC,2026-06-11,2026-06-15,0001628280-26-043129,S,Sale,sell,1320.0,93.4,123288.00000000001,-123288.00000000001,Peter D Moeller,"Group VP, Undg, Spec Con & Inl"
TTC,2026-06-11,2026-06-15,0001628280-26-043129,S,Sale,sell,100.0,93.408,9340.8,-9340.8,Peter D Moeller,"Group VP, Undg, Spec Con & Inl"
TTC,2026-06-11,2026-06-15,0001628280-26-043129,S,Sale,sell,100.0,93.41,9341.0,-9341.0,Peter D Moeller,"Group VP, Undg, Spec Con & Inl"
TTC,2026-06-11,2026-06-15,0001628280-26-043129,S,Sale,sell,480.0,93.45,44856.0,-44856.0,Peter D Moeller,"Group VP, Undg, Spec Con & Inl"
TTC,2026-06-09,2026-06-10,0001628280-26-042114,S,Sale,sell,4951.0,91.91,455046.41,-455046.41,Gary Lee Ellis,Director
TTC,2026-03-24,2026-03-26,0001628280-26-021265,S,Sale,sell,1750.0,95.49,167107.5,-167107.5,Gregory S Janey,"Group VP, Landscapes & Contrac"
TTC,2026-03-24,2026-03-26,0001628280-26-021265,S,Sale,sell,1750.0,95.44,167020.0,-167020.0,Gregory S Janey,"Group VP, Landscapes & Contrac"
TTC,2026-03-10,2026-03-12,0001628280-26-017053,S,Sale,sell,119400.0,100.148,11957671.2,-11957671.2,Richard M Olson,Chairman & CEO
TTC,2026-03-10,2026-03-12,0001628280-26-017052,S,Sale,sell,4951.0,99.4,492129.4,-492129.4,James Calvin O'Rourke,Director
TTC,2025-06-26,2025-06-27,0000737758-25-000074,S,Sale,sell,2500.0,70.98,177450.0,-177450.0,Kurt D Svendsen,"VP, Technology"
TTC,2025-06-26,2025-06-27,0000737758-25-000074,S,Sale,sell,1193.0,71.0,84703.0,-84703.0,Kurt D Svendsen,"VP, Technology"
TTC,2025-06-26,2025-06-27,0000737758-25-000074,S,Sale,sell,2211.0,71.008,156998.688,-156998.688,Kurt D Svendsen,"VP, Technology"
TTC,2025-06-26,2025-06-27,0000737758-25-000074,S,Sale,sell,96.0,71.01,6816.960000000001,-6816.960000000001,Kurt D Svendsen,"VP, Technology"
TTC,2025-06-11,2025-06-12,0000737758-25-000060,S,Sale,sell,5038.0,70.81,356740.78,-356740.78,Gary Lee Ellis,Director
TTC,2025-06-09,2025-06-11,0000737758-25-000058,P,Purchase,buy,100.0,69.64,6964.0,6964.0,Edric C Funk,"Group VP, Golf, Grounds & Irr"
TTC,2025-06-09,2025-06-11,0000737758-25-000058,P,Purchase,buy,15.0,69.655,1044.825,1044.825,Edric C Funk,"Group VP, Golf, Grounds & Irr"
TTC,2025-03-12,2025-03-13,0000737758-25-000039,P,Purchase,buy,67.0,73.53,4926.51,4926.51,Edric C Funk,"Group VP, Golf, Grounds & Irr"
TTC,2025-03-12,2025-03-13,0000737758-25-000039,P,Purchase,buy,0.167,73.585,12.288694999999999,12.288694999999999,Edric C Funk,"Group VP, Golf, Grounds & Irr"
TTC,2025-03-10,2025-03-11,0000737758-25-000035,P,Purchase,buy,40.0,77.1,3084.0,3084.0,Edric C Funk,"Group VP, Golf, Grounds & Irr"
WEN,2025-11-20,2025-11-21,0000030697-25-000043,P,Purchase,buy,500.0,7.88,3940.0,3940.0,Peter J. Suerken JR,"President, U.S."
WEN,2025-11-19,2025-11-21,0000030697-25-000042,P,Purchase,buy,1700.0,8.18,13906.0,13906.0,John Min,Chief Legal Ofcr & Secretary
WEN,2025-06-03,2025-06-03,0001127602-25-016620,P,Purchase,buy,5050.0,11.68,58984.0,58984.0,Lindsay J. Radkoski,"CMO, U.S."
WEN,2025-05-23,2025-05-27,0001127602-25-015700,P,Purchase,buy,1500.0,11.35,17025.0,17025.0,Kenneth M. Cook,Chief Financial Officer
WEN,2025-05-21,2025-05-23,0001127602-25-015505,P,Purchase,buy,1750.0,11.6,20300.0,20300.0,Matthew Coley O'Brien,Chief People Officer
WEN,2025-05-09,2025-05-13,0001127602-25-014114,P,Purchase,buy,1000.0,11.98,11980.0,11980.0,John Min,Chief Legal Ofcr & Secretary
WEN,2025-05-05,2025-05-06,0001127602-25-013489,S,Sale,sell,136819.0,12.8065,1752172.5235,-1752172.5235,Abigail E. Pringle,"President, U.S."
WEN,2025-03-04,2025-03-06,0001127602-25-008535,S,Sale,sell,3500.0,15.1403,52991.05,-52991.05,Kenneth W Gilbert,Director
ADSK,2026-06-23,2026-06-23,0001197000-26-000008,P,Purchase,buy,2000.0,189.2,378400.0,378400.0,John T Cahill,Director
ADSK,2026-06-16,2026-06-17,0001661768-26-000004,P,Purchase,buy,2460.0,202.66,498543.6,498543.6,Andrew Anagnost,President and CEO
ADSK,2026-06-15,2026-06-15,0001662734-26-000006,P,Purchase,buy,2500.0,197.67,494174.99999999994,494174.99999999994,Janesh Moorjani,"EVP, Chief Financial Officer"
ADSK,2026-05-29,2026-05-29,0000769397-26-000046,P,Purchase,buy,696.0,230.48,160414.08,160414.08,Stacy J Smith,Director
ADSK,2026-05-29,2026-05-29,0000769397-26-000046,P,Purchase,buy,2739.0,231.34,633640.26,633640.26,Stacy J Smith,Director
ADSK,2025-09-29,2025-10-01,0001788899-25-000006,S,Sale,sell,917.0,325.0,298025.0,-298025.0,Ayanna Howard,Director
ADSK,2025-09-05,2025-09-09,0001515843-25-000004,S,Sale,sell,5270.0,322.51,1699627.7,-1699627.7,Steven M Blum,"EVP, Chief Operating Officer"
ADSK,2025-09-05,2025-09-09,0001515843-25-000004,S,Sale,sell,5264.0,323.44,1702588.16,-1702588.16,Steven M Blum,"EVP, Chief Operating Officer"
ADSK,2025-09-05,2025-09-09,0001515843-25-000004,S,Sale,sell,11366.0,324.41,3687244.06,-3687244.06,Steven M Blum,"EVP, Chief Operating Officer"
ADSK,2025-09-05,2025-09-09,0001515843-25-000004,S,Sale,sell,520.0,325.03,169015.59999999998,-169015.59999999998,Steven M Blum,"EVP, Chief Operating Officer"
ADSK,2025-09-03,2025-09-04,0001823981-25-000004,S,Sale,sell,2761.0,315.1,869991.1000000001,-869991.1000000001,Ruth Ann Keene,"EVP, Corp Affairs, CLO"
ADSK,2025-08-29,2025-08-29,0001788899-25-000005,S,Sale,sell,3159.0,325.0,1026675.0,-1026675.0,Ayanna Howard,Director
ADSK,2025-08-29,2025-08-29,0001927435-25-000004,S,Sale,sell,2377.0,320.0,760640.0,-760640.0,Rebecca Pearce,"EVP, Chief People Officer"
ADSK,2025-08-29,2025-08-29,0001927435-25-000004,S,Sale,sell,3752.0,325.0,1219400.0,-1219400.0,Rebecca Pearce,"EVP, Chief People Officer"
ADSK,2025-07-03,2025-07-03,0000769397-25-000109,S,Sale,sell,3251.0,315.0,1024065.0,-1024065.0,Rebecca Pearce,"EVP, Chief People Officer"
ADSK,2025-06-30,2025-06-30,0000769397-25-000107,S,Sale,sell,3110.0,310.0,964100.0,-964100.0,Rebecca Pearce,"EVP, Chief People Officer"
ADSK,2025-06-24,2025-06-24,0000769397-25-000105,S,Sale,sell,2544.0,305.0,775920.0,-775920.0,Rebecca Pearce,"EVP, Chief People Officer"
ADSK,2025-06-17,2025-06-17,0000769397-25-000073,S,Sale,sell,486.0,300.0,145800.0,-145800.0,Rebecca Pearce,"EVP, Chief People Officer"
ADSK,2025-04-01,2025-04-01,0000769397-25-000035,S,Sale,sell,57.0,261.18,14887.26,-14887.26,Stephen W. Hope,SVP & Chief Accounting Officer
ADSK,2025-03-27,2025-03-28,0000769397-25-000033,S,Sale,sell,2452.0,267.29,655395.0800000001,-655395.0800000001,Stephen W. Hope,SVP & Chief Accounting Officer
ADSK,2025-03-21,2025-03-24,0000769397-25-000021,P,Purchase,buy,2000.0,267.097,534194.0,534194.0,John T Cahill,Director
